# Blender 4.4.3
# www.blender.org
mtllib Glas.mtl
o Glass
v 0.001871 0.000760 -0.026912
v 0.007121 0.000760 -0.026395
v 0.012170 0.000760 -0.024864
v 0.024248 0.000760 -0.014952
v 0.020901 0.000760 0.019030
v -0.003379 0.000760 0.026395
v -0.008428 0.000760 0.024864
v -0.013080 0.000760 0.022377
v -0.020505 0.000760 0.014952
v -0.022992 0.000760 0.010299
v -0.025041 0.000760 0.000000
v -0.024524 0.000760 -0.005250
v -0.022992 0.000760 -0.010299
v -0.017159 0.000760 -0.019030
v -0.013080 0.000760 -0.022377
v -0.008428 0.000760 -0.024864
v 0.001871 0.090531 -0.002675
v 0.003763 0.090531 -0.001892
v 0.004343 0.090531 -0.001024
v 0.004495 0.090531 0.000522
v 0.004095 0.090531 0.001486
v 0.003763 0.090531 0.001892
v 0.003357 0.090531 0.002224
v 0.001871 0.090531 0.002675
v 0.001349 0.090531 0.002624
v -0.000353 0.090531 0.001486
v -0.000600 0.090531 0.001024
v -0.000753 0.090531 0.000522
v -0.000804 0.090531 0.000000
v -0.000753 0.090531 -0.000522
v -0.000600 0.090531 -0.001024
v 0.000385 0.090531 -0.002224
v 0.002393 0.021950 -0.002624
v 0.005926 0.003926 -0.020386
v 0.002566 0.016380 -0.003493
v 0.003068 0.011356 -0.006016
v 0.003849 0.007368 -0.009946
v 0.009826 0.003926 -0.019204
v 0.005752 0.007368 -0.009369
v 0.007684 0.004808 -0.014033
v 0.003850 0.016380 -0.002961
v 0.007505 0.007368 -0.008432
v 0.004390 0.016380 -0.002518
v 0.006209 0.011356 -0.004337
v 0.012612 0.004808 -0.010740
v 0.004095 0.021950 -0.001486
v 0.019154 0.003926 -0.011548
v 0.004832 0.016380 -0.001979
v 0.014501 0.004808 -0.008439
v 0.021075 0.003926 -0.007954
v 0.005162 0.016380 -0.001363
v 0.015904 0.004808 -0.005813
v 0.022258 0.003926 -0.004055
v 0.016769 0.004808 -0.002963
v 0.022657 0.003926 0.000000
v 0.005433 0.016380 0.000000
v 0.008005 0.011356 0.000000
v 0.012012 0.007368 0.000000
v 0.017060 0.004808 0.000000
v 0.022258 0.003926 0.004055
v 0.011817 0.007368 0.001978
v 0.004343 0.021950 0.001024
v 0.021075 0.003926 0.007954
v 0.005162 0.016380 0.001363
v 0.007538 0.011356 0.002347
v 0.011240 0.007368 0.003881
v 0.019154 0.003926 0.011548
v 0.010303 0.007368 0.005634
v 0.009042 0.007368 0.007171
v 0.003357 0.021950 0.002224
v 0.005279 0.011356 0.005100
v 0.007505 0.007368 0.008432
v 0.002895 0.021950 0.002471
v 0.009826 0.003926 0.019204
v 0.003234 0.016380 0.003290
v 0.004219 0.011356 0.005667
v 0.005752 0.007368 0.009369
v 0.002566 0.016380 0.003493
v 0.001871 0.007368 0.010141
v 0.001871 0.004808 0.015189
v -0.002184 0.003926 0.020386
v -0.000107 0.007368 0.009946
v -0.001092 0.004808 0.014897
v 0.000847 0.021950 0.002471
v -0.000476 0.011356 0.005667
v -0.002009 0.007368 0.009369
v -0.009677 0.003926 0.017283
v -0.000108 0.016380 0.002961
v -0.001537 0.011356 0.005100
v -0.003763 0.007368 0.008432
v -0.000647 0.016380 0.002518
v -0.000353 0.021950 0.001486
v -0.001090 0.016380 0.001979
v -0.010758 0.004808 0.008439
v -0.000600 0.021950 0.001024
v -0.017332 0.003926 0.007954
v -0.001419 0.016380 0.001363
v -0.003796 0.011356 0.002347
v -0.007498 0.007368 0.003881
v -0.000753 0.021950 0.000522
v -0.008075 0.007368 0.001978
v -0.000804 0.021950 0.000000
v -0.018915 0.003926 0.000000
v -0.008269 0.007368 0.000000
v -0.001622 0.016380 -0.000695
v -0.004145 0.011356 -0.001197
v -0.000600 0.021950 -0.001024
v -0.001419 0.016380 -0.001363
v -0.007498 0.007368 -0.003881
v -0.001090 0.016380 -0.001979
v -0.003229 0.011356 -0.003408
v -0.006560 0.007368 -0.005634
v -0.010758 0.004808 -0.008439
v -0.012827 0.003926 -0.014698
v -0.008869 0.004808 -0.010740
v 0.000385 0.021950 -0.002224
v -0.009677 0.003926 -0.017283
v -0.003763 0.007368 -0.008432
v -0.000476 0.011356 -0.005667
v 0.001349 0.021950 -0.002624
v 0.001176 0.016380 -0.003493
v 0.000674 0.011356 -0.006016
v 0.005380 0.097784 -0.017638
v 0.001871 0.097784 -0.017984
v 0.008753 0.097784 -0.016615
v 0.011863 0.097784 -0.014953
v 0.014588 0.097784 -0.012717
v 0.016824 0.097784 -0.009991
v 0.018486 0.097784 -0.006882
v 0.019510 0.097784 -0.003508
v 0.019855 0.097784 0.000000
v 0.019510 0.097784 0.003508
v 0.018486 0.097784 0.006882
v 0.016824 0.097784 0.009991
v 0.014588 0.097784 0.012717
v 0.011863 0.097784 0.014953
v 0.008753 0.097784 0.016615
v 0.005380 0.097784 0.017638
v 0.001871 0.097784 0.017984
v -0.001637 0.097784 0.017638
v -0.005011 0.097784 0.016615
v -0.008120 0.097784 0.014953
v -0.010845 0.097784 0.012717
v -0.013082 0.097784 0.009991
v -0.014744 0.097784 0.006882
v -0.015767 0.097784 0.003509
v -0.016113 0.097784 -0.000000
v -0.015767 0.097784 -0.003508
v -0.014744 0.097784 -0.006882
v -0.013082 0.097784 -0.009991
v -0.010845 0.097784 -0.012717
v -0.008120 0.097784 -0.014953
v -0.005011 0.097784 -0.016615
v -0.001637 0.097784 -0.017638
v 0.007304 0.104611 -0.027310
v 0.001871 0.104611 -0.027845
v 0.012527 0.104611 -0.025726
v 0.017341 0.104611 -0.023153
v 0.021561 0.104611 -0.019690
v 0.025024 0.104611 -0.015470
v 0.027597 0.104611 -0.010656
v 0.029182 0.104611 -0.005432
v 0.029717 0.104611 0.000000
v 0.029182 0.104611 0.005432
v 0.027597 0.104611 0.010656
v 0.025024 0.104611 0.015470
v 0.021561 0.104611 0.019690
v 0.017341 0.104611 0.023153
v 0.012527 0.104611 0.025726
v 0.007304 0.104611 0.027310
v 0.001871 0.104611 0.027845
v -0.003561 0.104611 0.027310
v -0.008785 0.104611 0.025726
v -0.013599 0.104611 0.023153
v -0.017818 0.104611 0.019690
v -0.021281 0.104611 0.015470
v -0.023855 0.104611 0.010656
v -0.025439 0.104611 0.005432
v -0.025974 0.104611 -0.000000
v -0.025439 0.104611 -0.005432
v -0.023855 0.104611 -0.010656
v -0.021281 0.104611 -0.015470
v -0.017818 0.104611 -0.019690
v -0.013599 0.104611 -0.023153
v -0.008785 0.104611 -0.025726
v -0.003561 0.104611 -0.027310
v 0.008436 0.111663 -0.033004
v 0.001871 0.111663 -0.033650
v 0.014749 0.111663 -0.031089
v 0.020566 0.111663 -0.027979
v 0.025665 0.111663 -0.023794
v 0.029850 0.111663 -0.018695
v 0.032960 0.111663 -0.012877
v 0.034875 0.111663 -0.006565
v 0.035521 0.111663 0.000000
v 0.034875 0.111663 0.006565
v 0.032960 0.111663 0.012877
v 0.029850 0.111663 0.018695
v 0.025666 0.111663 0.023794
v 0.020566 0.111663 0.027979
v 0.014749 0.111663 0.031089
v 0.008436 0.111663 0.033004
v 0.001871 0.111663 0.033650
v -0.004694 0.111663 0.033004
v -0.011006 0.111663 0.031089
v -0.016824 0.111663 0.027979
v -0.021923 0.111663 0.023794
v -0.026108 0.111663 0.018695
v -0.029218 0.111663 0.012877
v -0.031132 0.111663 0.006565
v -0.031779 0.111663 -0.000000
v -0.031132 0.111663 -0.006565
v -0.029218 0.111663 -0.012877
v -0.026108 0.111663 -0.018695
v -0.021923 0.111663 -0.023794
v -0.016824 0.111663 -0.027979
v -0.011006 0.111663 -0.031089
v -0.004694 0.111663 -0.033004
v 0.009284 0.119049 -0.037266
v 0.001871 0.119049 -0.037996
v 0.016412 0.119049 -0.035104
v 0.022981 0.119049 -0.031592
v 0.028738 0.119049 -0.026867
v 0.033464 0.119049 -0.021109
v 0.036975 0.119049 -0.014540
v 0.039137 0.119049 -0.007413
v 0.039867 0.119049 0.000000
v 0.039137 0.119049 0.007413
v 0.036975 0.119049 0.014540
v 0.033464 0.119049 0.021109
v 0.028738 0.119049 0.026867
v 0.022981 0.119049 0.031593
v 0.016412 0.119049 0.035104
v 0.009284 0.119049 0.037266
v 0.001871 0.119049 0.037996
v -0.005541 0.119049 0.037266
v -0.012669 0.119049 0.035104
v -0.019238 0.119049 0.031592
v -0.024996 0.119049 0.026867
v -0.029721 0.119049 0.021109
v -0.033233 0.119049 0.014540
v -0.035395 0.119049 0.007413
v -0.036125 0.119049 -0.000000
v -0.035395 0.119049 -0.007413
v -0.033232 0.119049 -0.014540
v -0.029721 0.119049 -0.021109
v -0.024996 0.119049 -0.026867
v -0.019238 0.119049 -0.031593
v -0.012669 0.119049 -0.035104
v -0.005541 0.119049 -0.037266
v 0.009594 0.124310 -0.038826
v 0.001871 0.124310 -0.039587
v 0.017020 0.124310 -0.036573
v 0.023864 0.124310 -0.032915
v 0.029863 0.124310 -0.027992
v 0.034786 0.124310 -0.021993
v 0.038444 0.124310 -0.015149
v 0.040697 0.124310 -0.007723
v 0.041458 0.124310 0.000000
v 0.040697 0.124310 0.007723
v 0.038444 0.124310 0.015149
v 0.034786 0.124310 0.021993
v 0.029863 0.124310 0.027992
v 0.023864 0.124310 0.032915
v 0.017020 0.124310 0.036573
v 0.009594 0.124310 0.038826
v 0.001871 0.124310 0.039587
v -0.005852 0.124310 0.038826
v -0.013278 0.124310 0.036573
v -0.020122 0.124310 0.032915
v -0.026121 0.124310 0.027992
v -0.031044 0.124310 0.021993
v -0.034702 0.124310 0.015149
v -0.036955 0.124310 0.007723
v -0.037715 0.124310 -0.000000
v -0.036955 0.124310 -0.007723
v -0.034702 0.124310 -0.015149
v -0.031044 0.124310 -0.021993
v -0.026121 0.124310 -0.027992
v -0.020122 0.124310 -0.032915
v -0.013278 0.124310 -0.036573
v -0.005852 0.124310 -0.038826
v 0.009701 0.130689 -0.039363
v 0.001871 0.130689 -0.040134
v 0.017230 0.130689 -0.037079
v 0.024168 0.130689 -0.033370
v 0.030250 0.130689 -0.028379
v 0.035241 0.130689 -0.022297
v 0.038950 0.130689 -0.015359
v 0.041234 0.130689 -0.007830
v 0.042005 0.130689 0.000000
v 0.041234 0.130689 0.007830
v 0.038950 0.130689 0.015359
v 0.035241 0.130689 0.022297
v 0.030250 0.130689 0.028379
v 0.024168 0.130689 0.033370
v 0.017230 0.130689 0.037079
v 0.009701 0.130689 0.039363
v 0.001871 0.130689 0.040134
v -0.005959 0.130689 0.039363
v -0.013487 0.130689 0.037079
v -0.020426 0.130689 0.033370
v -0.026508 0.130689 0.028379
v -0.031499 0.130689 0.022297
v -0.035208 0.130689 0.015359
v -0.037492 0.130689 0.007830
v -0.038263 0.130689 -0.000000
v -0.037492 0.130689 -0.007830
v -0.035208 0.130689 -0.015359
v -0.031499 0.130689 -0.022297
v -0.026508 0.130689 -0.028379
v -0.020426 0.130689 -0.033370
v -0.013487 0.130689 -0.037079
v -0.005959 0.130689 -0.039363
v 0.009770 0.135278 -0.039709
v 0.001871 0.135278 -0.040487
v 0.017365 0.135278 -0.037405
v 0.024364 0.135278 -0.033663
v 0.030500 0.135278 -0.028628
v 0.035535 0.135278 -0.022493
v 0.039276 0.135278 -0.015494
v 0.041580 0.135278 -0.007899
v 0.042358 0.135278 0.000000
v 0.041580 0.135278 0.007899
v 0.039276 0.135278 0.015494
v 0.035535 0.135278 0.022493
v 0.030500 0.135278 0.028628
v 0.024364 0.135278 0.033663
v 0.017365 0.135278 0.037405
v 0.009770 0.135278 0.039709
v 0.001871 0.135278 0.040487
v -0.006027 0.135278 0.039709
v -0.013622 0.135278 0.037405
v -0.020622 0.135278 0.033663
v -0.026757 0.135278 0.028628
v -0.031792 0.135278 0.022493
v -0.035534 0.135278 0.015494
v -0.037838 0.135278 0.007899
v -0.038615 0.135278 -0.000000
v -0.037838 0.135278 -0.007899
v -0.035534 0.135278 -0.015494
v -0.031792 0.135278 -0.022493
v -0.026757 0.135278 -0.028628
v -0.020622 0.135278 -0.033663
v -0.013622 0.135278 -0.037405
v -0.006027 0.135278 -0.039709
v 0.009631 0.140427 -0.039011
v 0.001871 0.140427 -0.039775
v 0.017092 0.140427 -0.036747
v 0.023969 0.140427 -0.033072
v 0.029996 0.140427 -0.028125
v 0.034943 0.140427 -0.022098
v 0.038618 0.140427 -0.015221
v 0.040882 0.140427 -0.007760
v 0.041646 0.140427 0.000000
v 0.040882 0.140427 0.007760
v 0.038618 0.140427 0.015221
v 0.034943 0.140427 0.022098
v 0.029996 0.140427 0.028125
v 0.023969 0.140427 0.033072
v 0.017092 0.140427 0.036747
v 0.009631 0.140427 0.039011
v 0.001871 0.140427 0.039775
v -0.005888 0.140427 0.039011
v -0.013350 0.140427 0.036747
v -0.020227 0.140427 0.033072
v -0.026254 0.140427 0.028125
v -0.031200 0.140427 0.022098
v -0.034876 0.140427 0.015221
v -0.037139 0.140427 0.007760
v -0.037904 0.140427 -0.000000
v -0.037139 0.140427 -0.007760
v -0.034876 0.140427 -0.015221
v -0.031200 0.140427 -0.022098
v -0.026254 0.140427 -0.028125
v -0.020227 0.140427 -0.033072
v -0.013350 0.140427 -0.036747
v -0.005889 0.140427 -0.039011
v 0.009461 0.144792 -0.038155
v 0.001871 0.144792 -0.038902
v 0.016759 0.144792 -0.035941
v 0.023484 0.144792 -0.032346
v 0.029379 0.144792 -0.027508
v 0.034217 0.144792 -0.021613
v 0.037812 0.144792 -0.014887
v 0.040026 0.144792 -0.007589
v 0.040774 0.144792 0.000000
v 0.040026 0.144792 0.007589
v 0.037812 0.144792 0.014887
v 0.034217 0.144792 0.021613
v 0.029379 0.144792 0.027508
v 0.023484 0.144792 0.032346
v 0.016758 0.144792 0.035941
v 0.009461 0.144792 0.038155
v 0.001871 0.144792 0.038902
v -0.005718 0.144792 0.038155
v -0.013016 0.144792 0.035941
v -0.019742 0.144792 0.032346
v -0.025637 0.144792 0.027508
v -0.030475 0.144792 0.021613
v -0.034070 0.144792 0.014887
v -0.036284 0.144792 0.007590
v -0.037031 0.144792 -0.000000
v -0.036284 0.144792 -0.007589
v -0.034070 0.144792 -0.014887
v -0.030475 0.144792 -0.021613
v -0.025637 0.144792 -0.027508
v -0.019742 0.144792 -0.032346
v -0.013016 0.144792 -0.035941
v -0.005718 0.144792 -0.038155
v 0.009265 0.149492 -0.037173
v 0.001871 0.149492 -0.037901
v 0.016375 0.149492 -0.035016
v 0.022928 0.149492 -0.031513
v 0.028671 0.149492 -0.026800
v 0.033385 0.149492 -0.021057
v 0.036887 0.149492 -0.014504
v 0.039044 0.149492 -0.007394
v 0.039772 0.149492 0.000000
v 0.039044 0.149492 0.007394
v 0.036887 0.149492 0.014504
v 0.033385 0.149492 0.021057
v 0.028671 0.149492 0.026800
v 0.022928 0.149492 0.031513
v 0.016375 0.149492 0.035016
v 0.009265 0.149492 0.037173
v 0.001871 0.149492 0.037901
v -0.005523 0.149492 0.037173
v -0.012633 0.149492 0.035016
v -0.019185 0.149492 0.031513
v -0.024929 0.149492 0.026800
v -0.029642 0.149492 0.021057
v -0.033145 0.149492 0.014504
v -0.035301 0.149492 0.007394
v -0.036030 0.149492 -0.000000
v -0.035301 0.149492 -0.007394
v -0.033145 0.149492 -0.014504
v -0.029642 0.149492 -0.021057
v -0.024929 0.149492 -0.026800
v -0.019185 0.149492 -0.031513
v -0.012633 0.149492 -0.035016
v -0.005523 0.149492 -0.037173
v 0.008974 0.154641 -0.035706
v 0.001871 0.154641 -0.036405
v 0.015803 0.154641 -0.033634
v 0.022097 0.154641 -0.030270
v 0.027614 0.154641 -0.025743
v 0.032141 0.154641 -0.020226
v 0.035505 0.154641 -0.013932
v 0.037577 0.154641 -0.007102
v 0.038277 0.154641 0.000000
v 0.037577 0.154641 0.007102
v 0.035505 0.154641 0.013932
v 0.032141 0.154641 0.020226
v 0.027614 0.154641 0.025743
v 0.022097 0.154641 0.030270
v 0.015803 0.154641 0.033634
v 0.008974 0.154641 0.035706
v 0.001871 0.154641 0.036405
v -0.005231 0.154641 0.035706
v -0.012061 0.154641 0.033634
v -0.018355 0.154641 0.030270
v -0.023871 0.154641 0.025743
v -0.028399 0.154641 0.020226
v -0.031763 0.154641 0.013932
v -0.033835 0.154641 0.007102
v -0.034534 0.154641 -0.000000
v -0.033835 0.154641 -0.007102
v -0.031763 0.154641 -0.013932
v -0.028399 0.154641 -0.020226
v -0.023871 0.154641 -0.025743
v -0.018355 0.154641 -0.030270
v -0.012061 0.154641 -0.033634
v -0.005231 0.154641 -0.035706
v 0.008737 0.157775 -0.034519
v 0.001871 0.157775 -0.035195
v 0.015340 0.157775 -0.032516
v 0.021425 0.157775 -0.029264
v 0.026758 0.157775 -0.024887
v 0.031135 0.157775 -0.019554
v 0.034388 0.157775 -0.013469
v 0.036390 0.157775 -0.006866
v 0.037067 0.157775 0.000000
v 0.036390 0.157775 0.006866
v 0.034388 0.157775 0.013469
v 0.031135 0.157775 0.019554
v 0.026758 0.157775 0.024887
v 0.021425 0.157775 0.029264
v 0.015340 0.157775 0.032516
v 0.008737 0.157775 0.034519
v 0.001871 0.157775 0.035195
v -0.004995 0.157775 0.034519
v -0.011597 0.157775 0.032516
v -0.017682 0.157775 0.029264
v -0.023016 0.157775 0.024887
v -0.027393 0.157775 0.019554
v -0.030645 0.157775 0.013469
v -0.032648 0.157775 0.006866
v -0.033324 0.157775 -0.000000
v -0.032648 0.157775 -0.006866
v -0.030645 0.157775 -0.013469
v -0.027393 0.157775 -0.019554
v -0.023016 0.157775 -0.024887
v -0.017682 0.157775 -0.029264
v -0.011598 0.157775 -0.032516
v -0.004995 0.157775 -0.034519
v 0.008491 0.161580 -0.033278
v 0.001871 0.161580 -0.033930
v 0.014856 0.161580 -0.031347
v 0.020722 0.161580 -0.028212
v 0.025863 0.161580 -0.023992
v 0.030083 0.161580 -0.018851
v 0.033219 0.161580 -0.012985
v 0.035149 0.161580 -0.006619
v 0.035801 0.161580 0.000000
v 0.035149 0.161580 0.006619
v 0.033219 0.161580 0.012985
v 0.030083 0.161580 0.018851
v 0.025863 0.161580 0.023992
v 0.020722 0.161580 0.028212
v 0.014856 0.161580 0.031347
v 0.008491 0.161580 0.033278
v 0.001871 0.161580 0.033930
v -0.004748 0.161580 0.033278
v -0.011113 0.161580 0.031347
v -0.016979 0.161580 0.028212
v -0.022121 0.161580 0.023992
v -0.026341 0.161580 0.018851
v -0.029476 0.161580 0.012985
v -0.031407 0.161580 0.006619
v -0.032059 0.161580 -0.000000
v -0.031407 0.161580 -0.006619
v -0.029476 0.161580 -0.012985
v -0.026341 0.161580 -0.018851
v -0.022121 0.161580 -0.023992
v -0.016979 0.161580 -0.028212
v -0.011113 0.161580 -0.031347
v -0.004748 0.161580 -0.033278
v 0.008180 0.165497 -0.031718
v 0.001871 0.165497 -0.032339
v 0.014247 0.165497 -0.029877
v 0.019838 0.165497 -0.026889
v 0.024738 0.165497 -0.022867
v 0.028760 0.165497 -0.017967
v 0.031748 0.165497 -0.012376
v 0.033589 0.165497 -0.006309
v 0.034210 0.165497 0.000000
v 0.033589 0.165497 0.006309
v 0.031748 0.165497 0.012376
v 0.028760 0.165497 0.017966
v 0.024738 0.165497 0.022867
v 0.019838 0.165497 0.026889
v 0.014247 0.165497 0.029877
v 0.008180 0.165497 0.031717
v 0.001871 0.165497 0.032339
v -0.004438 0.165497 0.031718
v -0.010504 0.165497 0.029877
v -0.016095 0.165497 0.026889
v -0.020996 0.165497 0.022867
v -0.025018 0.165497 0.017967
v -0.028006 0.165497 0.012376
v -0.029846 0.165497 0.006309
v -0.030468 0.165497 -0.000000
v -0.029846 0.165497 -0.006309
v -0.028006 0.165497 -0.012376
v -0.025018 0.165497 -0.017967
v -0.020996 0.165497 -0.022867
v -0.016095 0.165497 -0.026889
v -0.010504 0.165497 -0.029877
v -0.004438 0.165497 -0.031718
v 0.007861 0.169862 -0.030112
v 0.001871 0.169862 -0.030702
v 0.013620 0.169862 -0.028365
v 0.018928 0.169862 -0.025528
v 0.023581 0.169862 -0.021709
v 0.027399 0.169862 -0.017057
v 0.030236 0.169862 -0.011749
v 0.031983 0.169862 -0.005990
v 0.032573 0.169862 0.000000
v 0.031983 0.169862 0.005990
v 0.030236 0.169862 0.011749
v 0.027399 0.169862 0.017057
v 0.023581 0.169862 0.021710
v 0.018928 0.169862 0.025528
v 0.013620 0.169862 0.028365
v 0.007861 0.169862 0.030112
v 0.001871 0.169862 0.030702
v -0.004118 0.169862 0.030112
v -0.009878 0.169862 0.028365
v -0.015186 0.169862 0.025528
v -0.019838 0.169862 0.021710
v -0.023657 0.169862 0.017057
v -0.026494 0.169862 0.011749
v -0.028241 0.169862 0.005990
v -0.028831 0.169862 -0.000000
v -0.028241 0.169862 -0.005990
v -0.026494 0.169862 -0.011749
v -0.023656 0.169862 -0.017057
v -0.019838 0.169862 -0.021710
v -0.015186 0.169862 -0.025528
v -0.009878 0.169862 -0.028365
v -0.004118 0.169862 -0.030112
v 0.007631 0.173332 -0.028956
v 0.001871 0.173332 -0.029523
v 0.013169 0.173332 -0.027276
v 0.018273 0.173332 -0.024547
v 0.022747 0.173332 -0.020876
v 0.026419 0.173332 -0.016402
v 0.029147 0.173332 -0.011298
v 0.030827 0.173332 -0.005760
v 0.031394 0.173332 0.000000
v 0.030827 0.173332 0.005760
v 0.029147 0.173332 0.011298
v 0.026419 0.173332 0.016402
v 0.022747 0.173332 0.020876
v 0.018273 0.173332 0.024547
v 0.013169 0.173332 0.027276
v 0.007631 0.173332 0.028956
v 0.001871 0.173332 0.029523
v -0.003888 0.173332 0.028956
v -0.009427 0.173332 0.027276
v -0.014531 0.173332 0.024547
v -0.019005 0.173332 0.020876
v -0.022676 0.173332 0.016402
v -0.025404 0.173332 0.011298
v -0.027084 0.173332 0.005760
v -0.027652 0.173332 -0.000000
v -0.027084 0.173332 -0.005760
v -0.025404 0.173332 -0.011298
v -0.022676 0.173332 -0.016402
v -0.019005 0.173332 -0.020876
v -0.014531 0.173332 -0.024547
v -0.009427 0.173332 -0.027276
v -0.003888 0.173332 -0.028956
v 0.007334 0.176690 -0.027465
v 0.001871 0.176690 -0.028003
v 0.012587 0.176690 -0.025871
v 0.017429 0.176690 -0.023284
v 0.021672 0.176690 -0.019801
v 0.025155 0.176690 -0.015558
v 0.027743 0.176690 -0.010716
v 0.029336 0.176690 -0.005463
v 0.029874 0.176690 0.000000
v 0.029336 0.176690 0.005463
v 0.027743 0.176690 0.010716
v 0.025155 0.176690 0.015558
v 0.021672 0.176690 0.019801
v 0.017429 0.176690 0.023284
v 0.012587 0.176690 0.025871
v 0.007334 0.176690 0.027465
v 0.001871 0.176690 0.028003
v -0.003592 0.176690 0.027465
v -0.008845 0.176690 0.025871
v -0.013686 0.176690 0.023284
v -0.017930 0.176690 0.019801
v -0.021412 0.176690 0.015558
v -0.024000 0.176690 0.010716
v -0.025594 0.176690 0.005463
v -0.026132 0.176690 -0.000000
v -0.025594 0.176690 -0.005463
v -0.024000 0.176690 -0.010716
v -0.021412 0.176690 -0.015558
v -0.017930 0.176690 -0.019801
v -0.013686 0.176690 -0.023284
v -0.008845 0.176690 -0.025871
v -0.003592 0.176690 -0.027465
v 0.008045 0.000760 -0.021447
v 0.001871 0.000760 -0.021903
v -0.004303 0.000760 -0.021447
v 0.001871 0.000760 -0.015448
v -0.004989 0.000760 -0.015110
v -0.011585 0.000760 -0.014110
v -0.017664 0.000760 -0.012485
v 0.022610 0.000760 -0.006411
v 0.009154 0.000760 -0.007804
v 0.001871 0.000760 -0.007984
v -0.012414 0.000760 -0.007273
v -0.018867 0.000760 -0.006411
v 0.001871 0.000760 -0.000000
v 0.022610 0.000760 0.006411
v -0.005411 0.000760 0.007804
v 0.015327 0.000760 0.014110
v 0.001871 0.000760 0.015448
v 0.019452 0.000760 0.017903
v 0.013981 0.000760 0.020096
v 0.008045 0.000760 0.021447
v 0.016823 0.000760 -0.022377
v 0.020901 0.000760 -0.019030
v 0.026735 0.000760 -0.010299
v 0.028266 0.000760 -0.005250
v 0.028783 0.000760 0.000000
v 0.028266 0.000760 0.005250
v 0.026735 0.000760 0.010299
v 0.024248 0.000760 0.014952
v 0.016823 0.000760 0.022377
v 0.012170 0.000760 0.024864
v 0.007121 0.000760 0.026395
v 0.001871 0.000760 0.026912
v -0.017159 0.000760 0.019030
v -0.024524 0.000760 0.005250
v -0.020505 0.000760 -0.014952
v -0.003379 0.000760 -0.026395
v 0.001871 0.003926 -0.020786
v 0.001871 0.021950 -0.002675
v 0.001871 0.004808 -0.015189
v 0.001871 0.007368 -0.010141
v 0.001871 0.011356 -0.006134
v 0.001871 0.016380 -0.003562
v 0.004834 0.004808 -0.014897
v 0.002895 0.021950 -0.002471
v 0.003234 0.016380 -0.003290
v 0.004219 0.011356 -0.005667
v 0.003357 0.021950 -0.002224
v 0.013419 0.003926 -0.017283
v 0.005279 0.011356 -0.005100
v 0.010310 0.004808 -0.012629
v 0.003763 0.021950 -0.001892
v 0.016569 0.003926 -0.014698
v 0.009042 0.007368 -0.007170
v 0.006971 0.011356 -0.003408
v 0.010303 0.007368 -0.005634
v 0.004343 0.021950 -0.001024
v 0.007538 0.011356 -0.002347
v 0.011240 0.007368 -0.003881
v 0.004495 0.021950 -0.000522
v 0.005364 0.016380 -0.000695
v 0.007887 0.011356 -0.001197
v 0.011817 0.007368 -0.001978
v 0.004546 0.021950 0.000000
v 0.004495 0.021950 0.000522
v 0.005364 0.016380 0.000695
v 0.007887 0.011356 0.001197
v 0.016769 0.004808 0.002963
v 0.015904 0.004808 0.005813
v 0.004095 0.021950 0.001486
v 0.004832 0.016380 0.001979
v 0.006971 0.011356 0.003408
v 0.014501 0.004808 0.008439
v 0.003763 0.021950 0.001892
v 0.016569 0.003926 0.014698
v 0.004390 0.016380 0.002518
v 0.006209 0.011356 0.004337
v 0.012612 0.004808 0.010740
v 0.013419 0.003926 0.017283
v 0.003850 0.016380 0.002961
v 0.010310 0.004808 0.012629
v 0.007684 0.004808 0.014033
v 0.002393 0.021950 0.002624
v 0.005926 0.003926 0.020386
v 0.003068 0.011356 0.006016
v 0.003849 0.007368 0.009946
v 0.004834 0.004808 0.014897
v 0.001871 0.021950 0.002675
v 0.001871 0.003926 0.020786
v 0.001871 0.016380 0.003562
v 0.001871 0.011356 0.006134
v 0.001349 0.021950 0.002624
v 0.001176 0.016380 0.003493
v 0.000674 0.011356 0.006016
v -0.006083 0.003926 0.019204
v 0.000508 0.016380 0.003290
v -0.003942 0.004808 0.014033
v 0.000385 0.021950 0.002224
v -0.006568 0.004808 0.012629
v -0.000020 0.021950 0.001892
v -0.012827 0.003926 0.014698
v -0.002466 0.011356 0.004337
v -0.005299 0.007368 0.007170
v -0.008869 0.004808 0.010740
v -0.015412 0.003926 0.011548
v -0.003229 0.011356 0.003408
v -0.006560 0.007368 0.005634
v -0.012162 0.004808 0.005813
v -0.018515 0.003926 0.004055
v -0.001622 0.016380 0.000695
v -0.004145 0.011356 0.001197
v -0.013026 0.004808 0.002963
v -0.001690 0.016380 0.000000
v -0.004263 0.011356 0.000000
v -0.013318 0.004808 0.000000
v -0.000753 0.021950 -0.000522
v -0.018515 0.003926 -0.004055
v -0.008075 0.007368 -0.001978
v -0.013026 0.004808 -0.002963
v -0.017332 0.003926 -0.007954
v -0.003796 0.011356 -0.002347
v -0.012162 0.004808 -0.005813
v -0.000353 0.021950 -0.001486
v -0.015412 0.003926 -0.011548
v -0.000020 0.021950 -0.001892
v -0.000647 0.016380 -0.002518
v -0.002466 0.011356 -0.004337
v -0.005299 0.007368 -0.007170
v -0.000108 0.016380 -0.002961
v -0.001537 0.011356 -0.005100
v -0.006568 0.004808 -0.012629
v 0.000847 0.021950 -0.002471
v -0.006083 0.003926 -0.019204
v 0.000508 0.016380 -0.003290
v -0.002009 0.007368 -0.009369
v -0.003942 0.004808 -0.014033
v -0.002184 0.003926 -0.020386
v -0.000107 0.007368 -0.009946
v -0.001092 0.004808 -0.014897
v 0.005316 0.098260 -0.017318
v 0.001871 0.098260 -0.017657
v 0.008628 0.098260 -0.016313
v 0.011681 0.098260 -0.014682
v 0.014357 0.098260 -0.012486
v 0.016553 0.098260 -0.009810
v 0.018184 0.098260 -0.006757
v 0.019189 0.098260 -0.003445
v 0.019529 0.098260 0.000000
v 0.019189 0.098260 0.003445
v 0.018184 0.098260 0.006757
v 0.016553 0.098260 0.009810
v 0.014357 0.098260 0.012486
v 0.011681 0.098260 0.014682
v 0.008628 0.098260 0.016313
v 0.005316 0.098260 0.017318
v 0.001871 0.098260 0.017657
v -0.001574 0.098260 0.017318
v -0.004886 0.098260 0.016313
v -0.007939 0.098260 0.014682
v -0.010614 0.098260 0.012486
v -0.012810 0.098260 0.009810
v -0.014442 0.098260 0.006757
v -0.015447 0.098260 0.003445
v -0.015786 0.098260 -0.000000
v -0.015447 0.098260 -0.003445
v -0.014442 0.098260 -0.006757
v -0.012810 0.098260 -0.009810
v -0.010614 0.098260 -0.012486
v -0.007939 0.098260 -0.014682
v -0.004886 0.098260 -0.016313
v -0.001574 0.098260 -0.017318
v 0.007215 0.105097 -0.026866
v 0.001871 0.105097 -0.027393
v 0.012354 0.105097 -0.025307
v 0.017090 0.105097 -0.022776
v 0.021241 0.105097 -0.019369
v 0.024647 0.105097 -0.015219
v 0.027179 0.105097 -0.010483
v 0.028737 0.105097 -0.005344
v 0.029264 0.105097 0.000000
v 0.028737 0.105097 0.005344
v 0.027179 0.105097 0.010483
v 0.024647 0.105097 0.015219
v 0.021241 0.105097 0.019370
v 0.017090 0.105097 0.022776
v 0.012354 0.105097 0.025307
v 0.007215 0.105097 0.026866
v 0.001871 0.105097 0.027393
v -0.003473 0.105097 0.026866
v -0.008611 0.105097 0.025307
v -0.013347 0.105097 0.022776
v -0.017498 0.105097 0.019370
v -0.020905 0.105097 0.015219
v -0.023436 0.105097 0.010483
v -0.024995 0.105097 0.005344
v -0.025521 0.105097 -0.000000
v -0.024995 0.105097 -0.005344
v -0.023436 0.105097 -0.010483
v -0.020905 0.105097 -0.015219
v -0.017498 0.105097 -0.019370
v -0.013347 0.105097 -0.022776
v -0.008612 0.105097 -0.025307
v -0.003473 0.105097 -0.026866
v 0.008330 0.112040 -0.032472
v 0.001871 0.112040 -0.033108
v 0.014541 0.112040 -0.030588
v 0.020265 0.112040 -0.027528
v 0.025282 0.112040 -0.023411
v 0.029399 0.112040 -0.018394
v 0.032459 0.112040 -0.012670
v 0.034343 0.112040 -0.006459
v 0.034979 0.112040 0.000000
v 0.034343 0.112040 0.006459
v 0.032459 0.112040 0.012670
v 0.029399 0.112040 0.018394
v 0.025282 0.112040 0.023411
v 0.020265 0.112040 0.027528
v 0.014541 0.112040 0.030588
v 0.008330 0.112040 0.032472
v 0.001871 0.112040 0.033108
v -0.004588 0.112040 0.032472
v -0.010799 0.112040 0.030588
v -0.016523 0.112040 0.027528
v -0.021540 0.112040 0.023411
v -0.025657 0.112040 0.018394
v -0.028716 0.112040 0.012670
v -0.030601 0.112040 0.006459
v -0.031237 0.112040 -0.000000
v -0.030601 0.112040 -0.006459
v -0.028716 0.112040 -0.012670
v -0.025657 0.112040 -0.018394
v -0.021540 0.112040 -0.023411
v -0.016523 0.112040 -0.027528
v -0.010799 0.112040 -0.030588
v -0.004588 0.112040 -0.032472
v 0.009165 0.119314 -0.036669
v 0.001871 0.119314 -0.037387
v 0.016179 0.119314 -0.034541
v 0.022642 0.119314 -0.031086
v 0.028308 0.119314 -0.026437
v 0.032957 0.119314 -0.020771
v 0.036412 0.119314 -0.014307
v 0.038540 0.119314 -0.007294
v 0.039258 0.119314 0.000000
v 0.038540 0.119314 0.007294
v 0.036412 0.119314 0.014307
v 0.032958 0.119314 0.020771
v 0.028308 0.119314 0.026437
v 0.022642 0.119314 0.031086
v 0.016179 0.119314 0.034541
v 0.009165 0.119314 0.036669
v 0.001871 0.119314 0.037387
v -0.005423 0.119314 0.036669
v -0.012436 0.119314 0.034541
v -0.018900 0.119314 0.031086
v -0.024566 0.119314 0.026437
v -0.029215 0.119314 0.020771
v -0.032670 0.119314 0.014307
v -0.034798 0.119314 0.007294
v -0.035516 0.119314 -0.000000
v -0.034798 0.119314 -0.007294
v -0.032670 0.119314 -0.014308
v -0.029215 0.119314 -0.020771
v -0.024566 0.119314 -0.026437
v -0.018900 0.119314 -0.031086
v -0.012436 0.119314 -0.034541
v -0.005423 0.119314 -0.036669
v 0.009467 0.124434 -0.038187
v 0.001871 0.124434 -0.038935
v 0.016771 0.124434 -0.035972
v 0.023502 0.124434 -0.032374
v 0.029403 0.124434 -0.027531
v 0.034245 0.124434 -0.021631
v 0.037843 0.124434 -0.014900
v 0.040058 0.124434 -0.007596
v 0.040806 0.124434 0.000000
v 0.040058 0.124434 0.007596
v 0.037843 0.124434 0.014900
v 0.034245 0.124434 0.021631
v 0.029403 0.124434 0.027531
v 0.023502 0.124434 0.032374
v 0.016771 0.124434 0.035972
v 0.009467 0.124434 0.038187
v 0.001871 0.124434 0.038935
v -0.005725 0.124434 0.038187
v -0.013029 0.124434 0.035972
v -0.019760 0.124434 0.032374
v -0.025660 0.124434 0.027531
v -0.030502 0.124434 0.021631
v -0.034100 0.124434 0.014900
v -0.036316 0.124434 0.007596
v -0.037064 0.124434 -0.000000
v -0.036316 0.124434 -0.007596
v -0.034100 0.124434 -0.014900
v -0.030502 0.124434 -0.021631
v -0.025660 0.124434 -0.027531
v -0.019760 0.124434 -0.032374
v -0.013029 0.124434 -0.035972
v -0.005725 0.124434 -0.038187
v 0.009573 0.130743 -0.038718
v 0.001871 0.130743 -0.039477
v 0.016978 0.130743 -0.036472
v 0.023803 0.130743 -0.032824
v 0.029785 0.130743 -0.027914
v 0.034695 0.130743 -0.021932
v 0.038343 0.130743 -0.015107
v 0.040589 0.130743 -0.007701
v 0.041348 0.130743 0.000000
v 0.040589 0.130743 0.007702
v 0.038343 0.130743 0.015107
v 0.034695 0.130743 0.021932
v 0.029785 0.130743 0.027914
v 0.023803 0.130743 0.032824
v 0.016978 0.130743 0.036472
v 0.009573 0.130743 0.038718
v 0.001871 0.130743 0.039477
v -0.005830 0.130743 0.038718
v -0.013236 0.130743 0.036472
v -0.020061 0.130743 0.032824
v -0.026043 0.130743 0.027914
v -0.030952 0.130743 0.021932
v -0.034600 0.130743 0.015107
v -0.036847 0.130743 0.007702
v -0.037605 0.130743 -0.000000
v -0.036847 0.130743 -0.007702
v -0.034600 0.130743 -0.015107
v -0.030952 0.130743 -0.021932
v -0.026043 0.130743 -0.027914
v -0.020061 0.130743 -0.032824
v -0.013236 0.130743 -0.036472
v -0.005830 0.130743 -0.038718
v 0.009640 0.135258 -0.039058
v 0.001871 0.135258 -0.039824
v 0.017111 0.135258 -0.036792
v 0.023996 0.135258 -0.033112
v 0.030031 0.135258 -0.028160
v 0.034983 0.135258 -0.022125
v 0.038663 0.135258 -0.015240
v 0.040930 0.135258 -0.007769
v 0.041695 0.135258 0.000000
v 0.040930 0.135258 0.007769
v 0.038663 0.135258 0.015240
v 0.034983 0.135258 0.022125
v 0.030031 0.135258 0.028160
v 0.023996 0.135258 0.033112
v 0.017111 0.135258 0.036792
v 0.009640 0.135258 0.039058
v 0.001871 0.135258 0.039824
v -0.005898 0.135258 0.039058
v -0.013369 0.135258 0.036792
v -0.020254 0.135258 0.033112
v -0.026288 0.135258 0.028160
v -0.031241 0.135258 0.022125
v -0.034921 0.135258 0.015240
v -0.037187 0.135258 0.007769
v -0.037952 0.135258 -0.000000
v -0.037187 0.135258 -0.007769
v -0.034921 0.135258 -0.015240
v -0.031241 0.135258 -0.022125
v -0.026288 0.135258 -0.028160
v -0.020254 0.135258 -0.033112
v -0.013369 0.135258 -0.036792
v -0.005898 0.135258 -0.039058
v 0.009504 0.140317 -0.038373
v 0.001871 0.140317 -0.039124
v 0.016843 0.140317 -0.036146
v 0.023607 0.140317 -0.032531
v 0.029536 0.140317 -0.027665
v 0.034402 0.140317 -0.021736
v 0.038017 0.140317 -0.014972
v 0.040244 0.140317 -0.007633
v 0.040995 0.140317 0.000000
v 0.040244 0.140317 0.007633
v 0.038017 0.140317 0.014972
v 0.034402 0.140317 0.021736
v 0.029536 0.140317 0.027665
v 0.023607 0.140317 0.032531
v 0.016843 0.140317 0.036146
v 0.009504 0.140317 0.038372
v 0.001871 0.140317 0.039124
v -0.005762 0.140317 0.038373
v -0.013101 0.140317 0.036146
v -0.019865 0.140317 0.032531
v -0.025794 0.140317 0.027665
v -0.030660 0.140317 0.021736
v -0.034275 0.140317 0.014972
v -0.036501 0.140317 0.007633
v -0.037253 0.140317 -0.000000
v -0.036501 0.140317 -0.007633
v -0.034275 0.140317 -0.014972
v -0.030659 0.140317 -0.021736
v -0.025794 0.140317 -0.027665
v -0.019865 0.140317 -0.032531
v -0.013101 0.140317 -0.036146
v -0.005762 0.140317 -0.038373
v 0.009335 0.144658 -0.037521
v 0.001871 0.144658 -0.038257
v 0.016511 0.144658 -0.035344
v 0.023125 0.144658 -0.031809
v 0.028923 0.144658 -0.027051
v 0.033680 0.144658 -0.021254
v 0.037216 0.144658 -0.014640
v 0.039393 0.144658 -0.007463
v 0.040128 0.144658 0.000000
v 0.039393 0.144658 0.007464
v 0.037216 0.144658 0.014640
v 0.033680 0.144658 0.021254
v 0.028923 0.144658 0.027051
v 0.023125 0.144658 0.031809
v 0.016511 0.144658 0.035344
v 0.009335 0.144658 0.037521
v 0.001871 0.144658 0.038257
v -0.005592 0.144658 0.037521
v -0.012769 0.144658 0.035344
v -0.019383 0.144658 0.031809
v -0.025180 0.144658 0.027051
v -0.029938 0.144658 0.021254
v -0.033473 0.144658 0.014640
v -0.035650 0.144658 0.007464
v -0.036385 0.144658 -0.000000
v -0.035650 0.144658 -0.007463
v -0.033473 0.144658 -0.014640
v -0.029938 0.144658 -0.021254
v -0.025180 0.144658 -0.027051
v -0.019383 0.144658 -0.031809
v -0.012769 0.144658 -0.035344
v -0.005592 0.144658 -0.037521
v 0.009140 0.149332 -0.036545
v 0.001871 0.149332 -0.037261
v 0.016130 0.149332 -0.034425
v 0.022572 0.149332 -0.030981
v 0.028219 0.149332 -0.026347
v 0.032852 0.149332 -0.020701
v 0.036296 0.149332 -0.014259
v 0.038416 0.149332 -0.007269
v 0.039132 0.149332 0.000000
v 0.038416 0.149332 0.007269
v 0.036296 0.149332 0.014259
v 0.032853 0.149332 0.020701
v 0.028219 0.149332 0.026347
v 0.022572 0.149332 0.030981
v 0.016130 0.149332 0.034425
v 0.009140 0.149332 0.036545
v 0.001871 0.149332 0.037261
v -0.005398 0.149332 0.036545
v -0.012388 0.149332 0.034425
v -0.018830 0.149332 0.030981
v -0.024476 0.149332 0.026347
v -0.029110 0.149332 0.020701
v -0.032553 0.149332 0.014259
v -0.034674 0.149332 0.007269
v -0.035390 0.149332 -0.000000
v -0.034674 0.149332 -0.007269
v -0.032553 0.149332 -0.014259
v -0.029110 0.149332 -0.020701
v -0.024476 0.149332 -0.026347
v -0.018830 0.149332 -0.030981
v -0.012388 0.149332 -0.034425
v -0.005398 0.149332 -0.036545
v 0.008852 0.154430 -0.035093
v 0.001871 0.154430 -0.035780
v 0.015564 0.154430 -0.033056
v 0.021750 0.154430 -0.029750
v 0.027172 0.154430 -0.025300
v 0.031621 0.154430 -0.019878
v 0.034928 0.154430 -0.013692
v 0.036964 0.154430 -0.006980
v 0.037651 0.154430 0.000000
v 0.036964 0.154430 0.006980
v 0.034928 0.154430 0.013692
v 0.031621 0.154430 0.019878
v 0.027172 0.154430 0.025300
v 0.021750 0.154430 0.029750
v 0.015564 0.154430 0.033056
v 0.008852 0.154430 0.035093
v 0.001871 0.154430 0.035780
v -0.005109 0.154430 0.035093
v -0.011821 0.154430 0.033056
v -0.018007 0.154430 0.029750
v -0.023429 0.154430 0.025300
v -0.027879 0.154430 0.019878
v -0.031185 0.154430 0.013692
v -0.033221 0.154430 0.006980
v -0.033909 0.154430 -0.000000
v -0.033221 0.154430 -0.006980
v -0.031185 0.154430 -0.013692
v -0.027879 0.154430 -0.019878
v -0.023429 0.154430 -0.025300
v -0.018007 0.154430 -0.029750
v -0.011821 0.154430 -0.033057
v -0.005109 0.154430 -0.035093
v 0.008616 0.157552 -0.033911
v 0.001871 0.157552 -0.034575
v 0.015103 0.157552 -0.031943
v 0.021080 0.157552 -0.028748
v 0.026319 0.157552 -0.024448
v 0.030619 0.157552 -0.019209
v 0.033814 0.157552 -0.013231
v 0.035782 0.157552 -0.006745
v 0.036446 0.157552 0.000000
v 0.035782 0.157552 0.006745
v 0.033814 0.157552 0.013231
v 0.030619 0.157552 0.019209
v 0.026319 0.157552 0.024448
v 0.021080 0.157552 0.028748
v 0.015102 0.157552 0.031943
v 0.008616 0.157552 0.033911
v 0.001871 0.157552 0.034575
v -0.004874 0.157552 0.033911
v -0.011360 0.157552 0.031943
v -0.017338 0.157552 0.028748
v -0.022577 0.157552 0.024448
v -0.026877 0.157552 0.019209
v -0.030072 0.157552 0.013231
v -0.032039 0.157552 0.006745
v -0.032704 0.157552 -0.000000
v -0.032039 0.157552 -0.006745
v -0.030072 0.157552 -0.013231
v -0.026877 0.157552 -0.019209
v -0.022577 0.157552 -0.024448
v -0.017338 0.157552 -0.028748
v -0.011360 0.157552 -0.031943
v -0.004874 0.157552 -0.033911
v 0.008370 0.161352 -0.032671
v 0.001871 0.161352 -0.033311
v 0.014619 0.161352 -0.030776
v 0.020378 0.161352 -0.027697
v 0.025426 0.161352 -0.023555
v 0.029568 0.161352 -0.018507
v 0.032647 0.161352 -0.012748
v 0.034542 0.161352 -0.006499
v 0.035182 0.161352 0.000000
v 0.034542 0.161352 0.006499
v 0.032647 0.161352 0.012748
v 0.029569 0.161352 0.018507
v 0.025426 0.161352 0.023555
v 0.020378 0.161352 0.027697
v 0.014619 0.161352 0.030776
v 0.008370 0.161352 0.032671
v 0.001871 0.161352 0.033311
v -0.004627 0.161352 0.032671
v -0.010876 0.161352 0.030776
v -0.016636 0.161352 0.027697
v -0.021683 0.161352 0.023555
v -0.025826 0.161352 0.018507
v -0.028904 0.161352 0.012748
v -0.030800 0.161352 0.006499
v -0.031440 0.161352 -0.000000
v -0.030800 0.161352 -0.006499
v -0.028904 0.161352 -0.012748
v -0.025826 0.161352 -0.018507
v -0.021683 0.161352 -0.023555
v -0.016636 0.161352 -0.027697
v -0.010877 0.161352 -0.030776
v -0.004628 0.161352 -0.032671
v 0.008060 0.165257 -0.031115
v 0.001871 0.165257 -0.031725
v 0.014012 0.165257 -0.029310
v 0.019497 0.165257 -0.026378
v 0.024304 0.165257 -0.022433
v 0.028249 0.165257 -0.017625
v 0.031181 0.165257 -0.012141
v 0.032987 0.165257 -0.006189
v 0.033596 0.165257 0.000000
v 0.032987 0.165257 0.006189
v 0.031181 0.165257 0.012141
v 0.028250 0.165257 0.017625
v 0.024304 0.165257 0.022433
v 0.019497 0.165257 0.026378
v 0.014012 0.165257 0.029310
v 0.008060 0.165257 0.031115
v 0.001871 0.165257 0.031725
v -0.004318 0.165257 0.031115
v -0.010269 0.165257 0.029310
v -0.015754 0.165257 0.026378
v -0.020562 0.165257 0.022433
v -0.024507 0.165257 0.017625
v -0.027439 0.165257 0.012141
v -0.029244 0.165257 0.006189
v -0.029854 0.165257 -0.000000
v -0.029244 0.165257 -0.006189
v -0.027439 0.165257 -0.012141
v -0.024507 0.165257 -0.017625
v -0.020562 0.165257 -0.022433
v -0.015754 0.165257 -0.026378
v -0.010269 0.165257 -0.029310
v -0.004318 0.165257 -0.031115
v 0.007740 0.169640 -0.029503
v 0.001871 0.169640 -0.030081
v 0.013383 0.169640 -0.027791
v 0.018583 0.169640 -0.025012
v 0.023142 0.169640 -0.021271
v 0.026883 0.169640 -0.016712
v 0.029663 0.169640 -0.011512
v 0.031374 0.169640 -0.005869
v 0.031952 0.169640 0.000000
v 0.031374 0.169640 0.005869
v 0.029663 0.169640 0.011512
v 0.026883 0.169640 0.016712
v 0.023142 0.169640 0.021271
v 0.018583 0.169640 0.025012
v 0.013383 0.169640 0.027791
v 0.007740 0.169640 0.029503
v 0.001871 0.169640 0.030081
v -0.003997 0.169640 0.029503
v -0.009640 0.169640 0.027791
v -0.014841 0.169640 0.025012
v -0.019399 0.169640 0.021271
v -0.023140 0.169640 0.016712
v -0.025920 0.169640 0.011512
v -0.027632 0.169640 0.005869
v -0.028210 0.169640 -0.000000
v -0.027632 0.169640 -0.005869
v -0.025920 0.169640 -0.011512
v -0.023140 0.169640 -0.016712
v -0.019399 0.169640 -0.021271
v -0.014841 0.169640 -0.025012
v -0.009640 0.169640 -0.027791
v -0.003997 0.169640 -0.029503
v 0.007511 0.173090 -0.028353
v 0.001871 0.173090 -0.028909
v 0.012934 0.173090 -0.026708
v 0.017932 0.173090 -0.024037
v 0.022313 0.173090 -0.020442
v 0.025908 0.173090 -0.016061
v 0.028580 0.173090 -0.011063
v 0.030225 0.173090 -0.005640
v 0.030780 0.173090 0.000000
v 0.030225 0.173090 0.005640
v 0.028580 0.173090 0.011063
v 0.025908 0.173090 0.016061
v 0.022313 0.173090 0.020442
v 0.017932 0.173090 0.024037
v 0.012934 0.173090 0.026708
v 0.007511 0.173090 0.028353
v 0.001871 0.173090 0.028909
v -0.003769 0.173090 0.028353
v -0.009192 0.173090 0.026708
v -0.014190 0.173090 0.024037
v -0.018571 0.173090 0.020442
v -0.022166 0.173090 0.016061
v -0.024837 0.173090 0.011063
v -0.026482 0.173090 0.005640
v -0.027038 0.173090 -0.000000
v -0.026482 0.173090 -0.005640
v -0.024837 0.173090 -0.011063
v -0.022166 0.173090 -0.016061
v -0.018571 0.173090 -0.020442
v -0.014190 0.173090 -0.024037
v -0.009192 0.173090 -0.026708
v -0.003769 0.173090 -0.028353
v 0.007217 0.176415 -0.026877
v 0.001871 0.176415 -0.027404
v 0.012358 0.176415 -0.025318
v 0.017096 0.176415 -0.022785
v 0.021249 0.176415 -0.019377
v 0.024657 0.176415 -0.015225
v 0.027189 0.176415 -0.010487
v 0.028748 0.176415 -0.005346
v 0.029275 0.176415 0.000000
v 0.028748 0.176415 0.005346
v 0.027189 0.176415 0.010487
v 0.024657 0.176415 0.015225
v 0.021249 0.176415 0.019377
v 0.017096 0.176415 0.022785
v 0.012358 0.176415 0.025318
v 0.007217 0.176415 0.026877
v 0.001871 0.176415 0.027404
v -0.003475 0.176415 0.026877
v -0.008616 0.176415 0.025318
v -0.013354 0.176415 0.022785
v -0.017506 0.176415 0.019377
v -0.020914 0.176415 0.015225
v -0.023447 0.176415 0.010487
v -0.025006 0.176415 0.005346
v -0.025533 0.176415 -0.000000
v -0.025006 0.176415 -0.005346
v -0.023447 0.176415 -0.010487
v -0.020914 0.176415 -0.015225
v -0.017506 0.176415 -0.019377
v -0.013354 0.176415 -0.022785
v -0.008616 0.176415 -0.025318
v -0.003475 0.176415 -0.026877
v 0.019452 0.000760 -0.017903
v 0.013981 0.000760 -0.020096
v -0.010239 0.000760 -0.020096
v -0.015710 0.000760 -0.017903
v 0.021406 0.000760 -0.012485
v 0.015327 0.000760 -0.014110
v 0.008731 0.000760 -0.015110
v 0.016156 0.000760 -0.007273
v -0.005411 0.000760 -0.007804
v 0.023016 0.000760 0.000000
v 0.016436 0.000760 0.000000
v 0.009296 0.000760 0.000000
v -0.005554 0.000760 -0.000000
v -0.012694 0.000760 -0.000000
v -0.019274 0.000760 -0.000000
v 0.016156 0.000760 0.007273
v 0.009154 0.000760 0.007804
v 0.001871 0.000760 0.007984
v -0.012414 0.000760 0.007273
v -0.018867 0.000760 0.006411
v 0.021406 0.000760 0.012485
v 0.008731 0.000760 0.015110
v -0.004989 0.000760 0.015110
v -0.011585 0.000760 0.014110
v -0.017664 0.000760 0.012485
v 0.001871 0.000760 0.021903
v -0.004303 0.000760 0.021447
v -0.010239 0.000760 0.020096
v -0.015710 0.000760 0.017903
v 0.002393 0.090531 -0.002624
v 0.002895 0.090531 -0.002471
v 0.003357 0.090531 -0.002224
v 0.004095 0.090531 -0.001486
v 0.004495 0.090531 -0.000522
v 0.004546 0.090531 0.000000
v 0.004343 0.090531 0.001024
v 0.002895 0.090531 0.002471
v 0.002393 0.090531 0.002624
v 0.000847 0.090531 0.002471
v 0.000385 0.090531 0.002224
v -0.000020 0.090531 0.001892
v -0.000353 0.090531 -0.001486
v -0.000020 0.090531 -0.001892
v 0.000847 0.090531 -0.002471
v 0.001349 0.090531 -0.002624
v 0.000737 0.094060 -0.005700
v -0.000353 0.094060 0.005370
v -0.001358 0.094060 0.004833
v 0.006704 0.094060 -0.003229
v -0.002239 0.094060 0.004110
v 0.007572 0.094060 -0.001134
v 0.007683 0.094060 0.000000
v 0.007241 0.094060 0.002224
v -0.002961 0.094060 -0.003229
v 0.004095 0.094060 0.005370
v 0.003005 0.094060 -0.005700
v -0.002239 0.094060 -0.004110
v 0.003005 0.094060 0.005700
v 0.004095 0.094060 -0.005370
v 0.005100 0.094060 -0.004833
v -0.000353 0.094060 -0.005370
v 0.001871 0.094060 -0.005812
v 0.007241 0.094060 -0.002224
v -0.002961 0.094060 0.003229
v -0.003499 0.094060 0.002224
v 0.007572 0.094060 0.001134
v -0.003829 0.094060 0.001134
v -0.003941 0.094060 -0.000000
v 0.006704 0.094060 0.003229
v -0.003829 0.094060 -0.001134
v 0.005981 0.094060 0.004110
v -0.003499 0.094060 -0.002224
v 0.005100 0.094060 0.004833
v -0.001358 0.094060 -0.004833
v 0.001871 0.094060 0.005812
v 0.000737 0.094060 0.005700
v 0.005981 0.094060 -0.004110
v 0.007709 0.094350 -0.003901
v 0.006836 0.094350 -0.004965
v -0.000816 0.094350 0.006487
v 0.000501 0.094350 0.006887
v 0.000501 0.094350 -0.006887
v -0.000816 0.094350 -0.006487
v 0.005772 0.094350 -0.005838
v 0.001871 0.094350 0.007022
v -0.002030 0.094350 -0.005838
v 0.004558 0.094350 -0.006487
v 0.003241 0.094350 0.006887
v -0.003094 0.094350 -0.004965
v 0.003241 0.094350 -0.006887
v 0.004558 0.094350 0.006487
v -0.003967 0.094350 -0.003901
v 0.001871 0.094350 -0.007022
v 0.005772 0.094350 0.005838
v -0.004616 0.094350 -0.002687
v 0.006836 0.094350 0.004965
v -0.005015 0.094350 -0.001370
v 0.007709 0.094350 0.003901
v -0.005150 0.094350 -0.000000
v 0.008358 0.094350 0.002687
v -0.005015 0.094350 0.001370
v 0.008758 0.094350 0.001370
v -0.004616 0.094350 0.002687
v 0.008893 0.094350 0.000000
v -0.003967 0.094350 0.003901
v 0.008758 0.094350 -0.001370
v -0.003094 0.094350 0.004965
v 0.008358 0.094350 -0.002687
v -0.002030 0.094350 0.005838
v 0.005668 0.093952 0.003866
v 0.004487 0.093852 0.004340
v 0.003204 0.093781 0.004632
v 0.001871 0.093755 0.004730
v 0.000538 0.093781 0.004632
v -0.000744 0.093852 0.004340
v -0.001926 0.093952 0.003866
v 0.006090 0.093835 0.002696
v 0.004777 0.093604 0.003047
v 0.003353 0.093427 0.003263
v 0.001871 0.093359 0.003336
v 0.000390 0.093426 0.003263
v -0.001035 0.093604 0.003047
v -0.002348 0.093835 0.002696
v 0.006350 0.093743 0.001385
v 0.004956 0.093393 0.001571
v 0.003444 0.093104 0.001685
v 0.001871 0.092988 0.001724
v 0.000298 0.093104 0.001685
v -0.001214 0.093393 0.001571
v -0.002608 0.093743 0.001385
v 0.006438 0.093708 0.000000
v 0.005017 0.093308 -0.000000
v 0.003475 0.092967 -0.000000
v 0.001871 0.092822 -0.000000
v 0.000268 0.092967 -0.000000
v -0.001274 0.093308 -0.000000
v -0.002695 0.093708 -0.000000
v 0.006350 0.093743 -0.001385
v 0.004956 0.093393 -0.001571
v 0.003444 0.093104 -0.001685
v 0.001871 0.092988 -0.001724
v 0.000298 0.093104 -0.001685
v -0.001214 0.093393 -0.001571
v -0.002608 0.093743 -0.001385
v 0.006090 0.093835 -0.002696
v 0.004777 0.093604 -0.003047
v 0.003353 0.093427 -0.003263
v 0.001871 0.093359 -0.003336
v 0.000390 0.093427 -0.003263
v -0.001035 0.093604 -0.003047
v -0.002348 0.093835 -0.002696
v 0.005668 0.093952 -0.003866
v 0.004487 0.093852 -0.004340
v 0.003205 0.093781 -0.004632
v 0.001871 0.093755 -0.004730
v 0.000538 0.093781 -0.004632
v -0.000744 0.093852 -0.004340
v -0.001926 0.093952 -0.003866
v -0.000536 0.096323 -0.012102
v -0.002851 0.096323 0.011400
v 0.012131 0.096323 -0.006855
v -0.004984 0.096323 0.010260
v -0.006854 0.096323 0.008725
v 0.013974 0.096323 -0.002407
v 0.014211 0.096324 0.000000
v 0.013271 0.096323 0.004722
v -0.008389 0.096323 -0.006855
v 0.006593 0.096323 0.011400
v 0.004278 0.096323 -0.012102
v -0.006854 0.096323 -0.008725
v 0.004278 0.096323 0.012102
v 0.006593 0.096323 -0.011400
v 0.008727 0.096323 -0.010260
v -0.002851 0.096323 -0.011400
v 0.001871 0.096324 -0.012339
v 0.013271 0.096323 -0.004722
v -0.008389 0.096323 0.006855
v -0.009529 0.096323 0.004722
v 0.013974 0.096323 0.002407
v -0.010231 0.096323 0.002407
v -0.010468 0.096324 -0.000000
v 0.012131 0.096323 0.006855
v -0.010231 0.096323 -0.002407
v 0.010597 0.096323 0.008725
v -0.009529 0.096323 -0.004722
v 0.008727 0.096323 0.010260
v -0.004984 0.096323 -0.010260
v 0.001871 0.096324 0.012339
v -0.000536 0.096323 0.012102
v 0.010596 0.096323 -0.008725
v -0.003507 0.095316 0.008049
v -0.004974 0.095316 0.006845
v 0.011366 0.095316 -0.001889
v 0.011552 0.095316 0.000000
v 0.010815 0.095316 0.003705
v -0.006178 0.095316 -0.005378
v 0.005576 0.095316 0.008944
v 0.003760 0.095316 -0.009494
v -0.004974 0.095316 -0.006845
v 0.003760 0.095316 0.009494
v 0.005576 0.095316 -0.008944
v 0.007249 0.095316 -0.008049
v -0.001833 0.095316 -0.008944
v 0.001871 0.095316 -0.009680
v 0.010815 0.095316 -0.003705
v -0.006178 0.095316 0.005378
v -0.007072 0.095316 0.003705
v 0.011366 0.095316 0.001889
v -0.007623 0.095316 0.001889
v -0.007809 0.095316 -0.000000
v 0.009920 0.095316 0.005378
v -0.007623 0.095316 -0.001889
v 0.008716 0.095316 0.006845
v -0.007072 0.095316 -0.003705
v 0.007249 0.095316 0.008049
v -0.003507 0.095316 -0.008049
v 0.001871 0.095316 0.009680
v -0.000017 0.095316 0.009494
v 0.008716 0.095316 -0.006845
v -0.000017 0.095316 -0.009494
v -0.001833 0.095316 0.008944
v 0.009920 0.095316 -0.005378
v -0.001055 0.097314 -0.014710
v -0.003868 0.097314 0.013857
v 0.014342 0.097314 -0.008333
v -0.006461 0.097314 0.012471
v -0.008734 0.097314 0.010605
v 0.016581 0.097314 -0.002926
v 0.016870 0.097314 0.000000
v 0.015728 0.097314 0.005740
v -0.010600 0.097314 -0.008333
v 0.007611 0.097314 0.013857
v 0.004797 0.097314 -0.014710
v -0.008734 0.097314 -0.010605
v 0.004797 0.097314 0.014710
v 0.007611 0.097314 -0.013857
v 0.010204 0.097314 -0.012471
v -0.003868 0.097314 -0.013857
v 0.001871 0.097314 -0.014998
v 0.015728 0.097314 -0.005740
v -0.010600 0.097314 0.008333
v -0.011986 0.097314 0.005740
v 0.016581 0.097314 0.002926
v -0.012839 0.097314 0.002926
v -0.013127 0.097314 -0.000000
v 0.014342 0.097314 0.008333
v -0.012839 0.097314 -0.002926
v 0.012477 0.097314 0.010605
v -0.011986 0.097314 -0.005740
v 0.010204 0.097314 0.012471
v -0.006461 0.097314 -0.012471
v 0.001871 0.097314 0.014998
v -0.001055 0.097314 0.014710
v 0.012477 0.097314 -0.010605
v 0.007628 0.002644 -0.028943
v 0.007692 0.002268 -0.029263
v 0.007653 0.002600 -0.029065
v 0.007673 0.002514 -0.029169
v 0.007687 0.002397 -0.029238
v 0.001871 0.002268 -0.029836
v 0.001871 0.002644 -0.029510
v 0.001871 0.002397 -0.029811
v 0.001871 0.002514 -0.029740
v 0.001871 0.002600 -0.029634
v 0.013164 0.002644 -0.027263
v 0.013289 0.002268 -0.027565
v 0.013212 0.002600 -0.027379
v 0.013252 0.002514 -0.027476
v 0.013279 0.002397 -0.027542
v 0.018266 0.002644 -0.024536
v 0.018447 0.002268 -0.024808
v 0.018335 0.002600 -0.024640
v 0.018394 0.002514 -0.024728
v 0.018433 0.002397 -0.024787
v 0.026407 0.002644 -0.016395
v 0.026679 0.002268 -0.016576
v 0.026511 0.002600 -0.016464
v 0.026599 0.002514 -0.016523
v 0.026658 0.002397 -0.016562
v 0.030814 0.002644 -0.005757
v 0.031134 0.002268 -0.005821
v 0.030936 0.002600 -0.005781
v 0.031040 0.002514 -0.005802
v 0.031109 0.002397 -0.005816
v 0.029134 0.002644 0.011293
v 0.029436 0.002268 0.011418
v 0.029250 0.002600 0.011341
v 0.029348 0.002514 0.011381
v 0.029413 0.002397 0.011408
v 0.022968 0.002268 0.021097
v 0.022738 0.002644 0.020866
v 0.022951 0.002397 0.021080
v 0.022901 0.002514 0.021030
v 0.022826 0.002600 0.020955
v 0.018266 0.002644 0.024536
v 0.018447 0.002268 0.024808
v 0.018335 0.002600 0.024640
v 0.018394 0.002514 0.024728
v 0.018433 0.002397 0.024787
v 0.013164 0.002644 0.027263
v 0.013289 0.002268 0.027565
v 0.013212 0.002600 0.027379
v 0.013252 0.002514 0.027476
v 0.013279 0.002397 0.027542
v -0.014705 0.002268 0.024808
v -0.014523 0.002644 0.024536
v -0.014691 0.002397 0.024787
v -0.014652 0.002514 0.024728
v -0.014593 0.002600 0.024640
v -0.018995 0.002644 0.020866
v -0.019226 0.002268 0.021097
v -0.019084 0.002600 0.020955
v -0.019158 0.002514 0.021030
v -0.019208 0.002397 0.021080
v -0.022665 0.002644 0.016395
v -0.022936 0.002268 0.016576
v -0.022769 0.002600 0.016464
v -0.022857 0.002514 0.016523
v -0.022916 0.002397 0.016562
v -0.025392 0.002644 0.011293
v -0.025694 0.002268 0.011418
v -0.025507 0.002600 0.011341
v -0.025605 0.002514 0.011381
v -0.025671 0.002397 0.011408
v -0.027071 0.002644 0.005757
v -0.027391 0.002268 0.005821
v -0.027194 0.002600 0.005781
v -0.027298 0.002514 0.005802
v -0.027367 0.002397 0.005816
v -0.025392 0.002644 -0.011293
v -0.025694 0.002268 -0.011418
v -0.025507 0.002600 -0.011341
v -0.025605 0.002514 -0.011381
v -0.025671 0.002397 -0.011408
v -0.009422 0.002644 -0.027263
v -0.009547 0.002268 -0.027565
v -0.009469 0.002600 -0.027379
v -0.009510 0.002514 -0.027476
v -0.009537 0.002397 -0.027542
v 0.007179 0.178406 -0.026684
v 0.007118 0.178596 -0.026377
v 0.007143 0.178576 -0.026502
v 0.007164 0.178510 -0.026609
v 0.001871 0.178406 -0.027206
v 0.001871 0.178510 -0.027131
v 0.001871 0.178576 -0.027021
v 0.001871 0.178596 -0.026894
v 0.012283 0.178406 -0.025135
v 0.012163 0.178596 -0.024847
v 0.012212 0.178576 -0.024964
v 0.012254 0.178510 -0.025065
v 0.016986 0.178406 -0.022621
v 0.016813 0.178596 -0.022362
v 0.016883 0.178576 -0.022467
v 0.016944 0.178510 -0.022558
v 0.021109 0.178406 -0.019238
v 0.020888 0.178596 -0.019017
v 0.020978 0.178576 -0.019107
v 0.021055 0.178510 -0.019184
v 0.024492 0.178406 -0.015115
v 0.024233 0.178596 -0.014942
v 0.024338 0.178576 -0.015012
v 0.024429 0.178510 -0.015073
v 0.027007 0.178406 -0.010411
v 0.026718 0.178596 -0.010292
v 0.026835 0.178576 -0.010341
v 0.026937 0.178510 -0.010382
v 0.028555 0.178406 -0.005308
v 0.028248 0.178596 -0.005247
v 0.028373 0.178576 -0.005272
v 0.028481 0.178510 -0.005293
v 0.029078 0.178406 0.000000
v 0.028765 0.178596 0.000000
v 0.028892 0.178576 0.000000
v 0.029002 0.178510 0.000000
v 0.028555 0.178406 0.005308
v 0.028249 0.178596 0.005247
v 0.028373 0.178576 0.005272
v 0.028481 0.178510 0.005293
v 0.027007 0.178406 0.010411
v 0.026718 0.178596 0.010292
v 0.026835 0.178576 0.010341
v 0.026937 0.178510 0.010382
v 0.024492 0.178406 0.015115
v 0.024233 0.178596 0.014942
v 0.024338 0.178576 0.015012
v 0.024430 0.178510 0.015073
v 0.021109 0.178406 0.019238
v 0.020888 0.178596 0.019017
v 0.020978 0.178576 0.019107
v 0.021055 0.178510 0.019184
v 0.016986 0.178406 0.022621
v 0.016813 0.178596 0.022362
v 0.016883 0.178576 0.022467
v 0.016944 0.178510 0.022558
v 0.012283 0.178406 0.025135
v 0.012163 0.178596 0.024847
v 0.012212 0.178576 0.024964
v 0.012254 0.178510 0.025065
v 0.007179 0.178406 0.026684
v 0.007118 0.178596 0.026377
v 0.007143 0.178576 0.026502
v 0.007164 0.178510 0.026609
v 0.001871 0.178566 0.026769
v 0.001871 0.178406 0.027206
v 0.001871 0.178596 0.026894
v 0.001871 0.178576 0.027021
v 0.001871 0.178510 0.027131
v -0.003351 0.178566 0.026255
v -0.003436 0.178406 0.026684
v -0.003376 0.178596 0.026377
v -0.003400 0.178576 0.026502
v -0.003422 0.178510 0.026609
v -0.008540 0.178406 0.025135
v -0.008421 0.178596 0.024847
v -0.008469 0.178576 0.024964
v -0.008511 0.178510 0.025065
v -0.013244 0.178406 0.022621
v -0.013070 0.178596 0.022362
v -0.013141 0.178576 0.022467
v -0.013202 0.178510 0.022558
v -0.017057 0.178566 0.018929
v -0.017367 0.178406 0.019238
v -0.017146 0.178596 0.019017
v -0.017236 0.178576 0.019107
v -0.017313 0.178510 0.019184
v -0.020750 0.178406 0.015115
v -0.020490 0.178596 0.014942
v -0.020596 0.178576 0.015012
v -0.020687 0.178510 0.015073
v -0.023264 0.178406 0.010411
v -0.022976 0.178596 0.010292
v -0.023093 0.178576 0.010340
v -0.023194 0.178510 0.010382
v -0.024384 0.178566 0.005222
v -0.024812 0.178406 0.005308
v -0.024506 0.178596 0.005247
v -0.024631 0.178576 0.005272
v -0.024738 0.178510 0.005293
v -0.024898 0.178566 -0.000000
v -0.025335 0.178406 -0.000000
v -0.025023 0.178596 -0.000000
v -0.025150 0.178576 -0.000000
v -0.025259 0.178510 -0.000000
v -0.024384 0.178566 -0.005222
v -0.024812 0.178406 -0.005308
v -0.024506 0.178596 -0.005247
v -0.024631 0.178576 -0.005272
v -0.024738 0.178510 -0.005293
v -0.022860 0.178566 -0.010244
v -0.023264 0.178406 -0.010411
v -0.022976 0.178596 -0.010292
v -0.023093 0.178576 -0.010341
v -0.023194 0.178510 -0.010382
v -0.020750 0.178406 -0.015115
v -0.020490 0.178596 -0.014942
v -0.020596 0.178576 -0.015012
v -0.020687 0.178510 -0.015073
v -0.017367 0.178406 -0.019238
v -0.017146 0.178596 -0.019017
v -0.017236 0.178576 -0.019107
v -0.017313 0.178510 -0.019184
v -0.013001 0.178566 -0.022258
v -0.013244 0.178406 -0.022621
v -0.013070 0.178596 -0.022362
v -0.013141 0.178576 -0.022467
v -0.013202 0.178510 -0.022558
v -0.008540 0.178406 -0.025135
v -0.008421 0.178596 -0.024847
v -0.008469 0.178576 -0.024964
v -0.008511 0.178510 -0.025065
v -0.003351 0.178566 -0.026255
v -0.003437 0.178406 -0.026684
v -0.003376 0.178596 -0.026377
v -0.003400 0.178576 -0.026502
v -0.003422 0.178510 -0.026609
v 0.001871 0.000760 -0.029506
v 0.001871 0.001089 -0.029836
v 0.001871 0.000785 -0.029632
v 0.001871 0.000856 -0.029739
v 0.001871 0.000963 -0.029811
v 0.022735 0.000760 -0.020864
v 0.022968 0.001089 -0.021097
v 0.022824 0.000785 -0.020953
v 0.022900 0.000856 -0.021029
v 0.022951 0.000963 -0.021079
v 0.026679 0.001089 -0.016576
v 0.026405 0.000760 -0.016393
v 0.026658 0.000963 -0.016562
v 0.026598 0.000856 -0.016522
v 0.026509 0.000785 -0.016463
v 0.030810 0.000760 -0.005756
v 0.031134 0.001089 -0.005821
v 0.030934 0.000785 -0.005781
v 0.031039 0.000856 -0.005802
v 0.031109 0.000963 -0.005816
v 0.031707 0.001089 0.000000
v 0.031377 0.000760 0.000000
v 0.031682 0.000963 0.000000
v 0.031610 0.000856 0.000000
v 0.031503 0.000785 0.000000
v 0.029436 0.001089 0.011418
v 0.029131 0.000760 0.011291
v 0.029413 0.000963 0.011408
v 0.029347 0.000856 0.011381
v 0.029248 0.000785 0.011340
v 0.013163 0.000760 0.027260
v 0.013289 0.001089 0.027565
v 0.013211 0.000785 0.027377
v 0.013252 0.000856 0.027475
v 0.013279 0.000963 0.027542
v 0.007692 0.001089 0.029263
v 0.007627 0.000760 0.028939
v 0.007687 0.000963 0.029238
v 0.007673 0.000856 0.029168
v 0.007652 0.000785 0.029063
v -0.003950 0.001089 0.029263
v -0.003885 0.000760 0.028939
v -0.003945 0.000963 0.029238
v -0.003931 0.000856 0.029168
v -0.003910 0.000785 0.029063
v -0.014705 0.001089 0.024808
v -0.014522 0.000760 0.024533
v -0.014691 0.000963 0.024787
v -0.014651 0.000856 0.024727
v -0.014592 0.000785 0.024638
v -0.022936 0.001089 0.016576
v -0.022662 0.000760 0.016393
v -0.022916 0.000963 0.016562
v -0.022856 0.000856 0.016522
v -0.022767 0.000785 0.016463
v -0.025389 0.000760 -0.011291
v -0.025694 0.001089 -0.011418
v -0.025505 0.000785 -0.011340
v -0.025604 0.000856 -0.011381
v -0.025670 0.000963 -0.011408
v -0.022936 0.001089 -0.016576
v -0.022662 0.000760 -0.016393
v -0.022916 0.000963 -0.016562
v -0.022856 0.000856 -0.016522
v -0.022767 0.000785 -0.016463
v -0.019226 0.001089 -0.021097
v -0.018993 0.000760 -0.020864
v -0.019208 0.000963 -0.021079
v -0.019158 0.000856 -0.021029
v -0.019082 0.000785 -0.020953
v -0.014705 0.001089 -0.024808
v -0.014522 0.000760 -0.024533
v -0.014691 0.000963 -0.024787
v -0.014651 0.000856 -0.024727
v -0.014592 0.000785 -0.024638
v 0.022738 0.002644 -0.020866
v 0.022968 0.002268 -0.021097
v 0.022826 0.002600 -0.020955
v 0.022901 0.002514 -0.021030
v 0.022951 0.002397 -0.021080
v 0.029134 0.002644 -0.011293
v 0.029436 0.002268 -0.011418
v 0.029250 0.002600 -0.011341
v 0.029348 0.002514 -0.011381
v 0.029413 0.002397 -0.011408
v 0.031707 0.002268 0.000000
v 0.031381 0.002644 0.000000
v 0.031682 0.002397 0.000000
v 0.031611 0.002514 0.000000
v 0.031506 0.002600 0.000000
v 0.030814 0.002644 0.005757
v 0.031134 0.002268 0.005821
v 0.030936 0.002600 0.005781
v 0.031040 0.002514 0.005802
v 0.031109 0.002397 0.005816
v 0.026407 0.002644 0.016395
v 0.026679 0.002268 0.016576
v 0.026511 0.002600 0.016464
v 0.026599 0.002514 0.016523
v 0.026658 0.002397 0.016562
v 0.007692 0.002268 0.029263
v 0.007628 0.002644 0.028943
v 0.007687 0.002397 0.029238
v 0.007673 0.002514 0.029169
v 0.007653 0.002600 0.029065
v 0.001871 0.002644 0.029510
v 0.001871 0.002268 0.029836
v 0.001871 0.002600 0.029634
v 0.001871 0.002514 0.029740
v 0.001871 0.002397 0.029811
v -0.003886 0.002644 0.028943
v -0.003950 0.002268 0.029263
v -0.003910 0.002600 0.029065
v -0.003931 0.002514 0.029169
v -0.003945 0.002397 0.029238
v -0.009422 0.002644 0.027263
v -0.009547 0.002268 0.027565
v -0.009469 0.002600 0.027379
v -0.009510 0.002514 0.027476
v -0.009537 0.002397 0.027542
v -0.027965 0.002268 0.000000
v -0.027638 0.002644 0.000000
v -0.027940 0.002397 0.000000
v -0.027869 0.002514 0.000000
v -0.027763 0.002600 0.000000
v -0.027071 0.002644 -0.005757
v -0.027391 0.002268 -0.005821
v -0.027194 0.002600 -0.005781
v -0.027298 0.002514 -0.005802
v -0.027367 0.002397 -0.005816
v -0.022936 0.002268 -0.016576
v -0.022665 0.002644 -0.016395
v -0.022916 0.002397 -0.016562
v -0.022857 0.002514 -0.016523
v -0.022769 0.002600 -0.016464
v -0.018995 0.002644 -0.020866
v -0.019226 0.002268 -0.021097
v -0.019084 0.002600 -0.020955
v -0.019158 0.002514 -0.021030
v -0.019208 0.002397 -0.021080
v -0.014523 0.002644 -0.024536
v -0.014705 0.002268 -0.024808
v -0.014593 0.002600 -0.024640
v -0.014652 0.002514 -0.024728
v -0.014691 0.002397 -0.024787
v -0.003886 0.002644 -0.028943
v -0.003950 0.002268 -0.029263
v -0.003910 0.002600 -0.029065
v -0.003931 0.002514 -0.029169
v -0.003945 0.002397 -0.029238
v 0.007062 0.178129 -0.026097
v 0.007094 0.178566 -0.026255
v 0.007056 0.178253 -0.026068
v 0.007060 0.178380 -0.026087
v 0.007073 0.178490 -0.026153
v 0.001871 0.178566 -0.026769
v 0.001871 0.178129 -0.026609
v 0.001871 0.178490 -0.026665
v 0.001871 0.178380 -0.026598
v 0.001871 0.178253 -0.026578
v 0.012054 0.178129 -0.024583
v 0.012115 0.178566 -0.024731
v 0.012042 0.178253 -0.024555
v 0.012050 0.178380 -0.024574
v 0.012076 0.178490 -0.024636
v 0.016654 0.178129 -0.022124
v 0.016743 0.178566 -0.022258
v 0.016637 0.178253 -0.022099
v 0.016648 0.178380 -0.022116
v 0.016686 0.178490 -0.022171
v 0.020686 0.178129 -0.018815
v 0.020800 0.178566 -0.018929
v 0.020665 0.178253 -0.018794
v 0.020679 0.178380 -0.018808
v 0.020726 0.178490 -0.018855
v 0.023995 0.178129 -0.014783
v 0.024129 0.178566 -0.014872
v 0.023970 0.178253 -0.014766
v 0.023987 0.178380 -0.014777
v 0.024043 0.178490 -0.014814
v 0.026454 0.178129 -0.010183
v 0.026603 0.178566 -0.010244
v 0.026426 0.178253 -0.010171
v 0.026445 0.178380 -0.010179
v 0.026507 0.178490 -0.010204
v 0.027968 0.178129 -0.005191
v 0.028126 0.178566 -0.005222
v 0.027939 0.178253 -0.005185
v 0.027958 0.178380 -0.005189
v 0.028024 0.178490 -0.005202
v 0.028480 0.178129 0.000000
v 0.028640 0.178566 0.000000
v 0.028450 0.178253 0.000000
v 0.028469 0.178380 0.000000
v 0.028536 0.178490 0.000000
v 0.027968 0.178129 0.005191
v 0.028126 0.178566 0.005222
v 0.027939 0.178253 0.005185
v 0.027958 0.178380 0.005189
v 0.028024 0.178490 0.005202
v 0.026454 0.178129 0.010183
v 0.026603 0.178566 0.010244
v 0.026426 0.178253 0.010171
v 0.026445 0.178380 0.010179
v 0.026507 0.178490 0.010204
v 0.023995 0.178129 0.014783
v 0.024129 0.178566 0.014872
v 0.023970 0.178253 0.014766
v 0.023987 0.178380 0.014777
v 0.024043 0.178490 0.014814
v 0.020686 0.178129 0.018815
v 0.020800 0.178566 0.018929
v 0.020665 0.178253 0.018794
v 0.020679 0.178380 0.018808
v 0.020726 0.178490 0.018855
v 0.016654 0.178129 0.022124
v 0.016743 0.178566 0.022258
v 0.016637 0.178253 0.022099
v 0.016648 0.178380 0.022116
v 0.016686 0.178490 0.022171
v 0.012054 0.178129 0.024583
v 0.012115 0.178566 0.024731
v 0.012042 0.178253 0.024555
v 0.012050 0.178380 0.024574
v 0.012076 0.178490 0.024636
v 0.007062 0.178129 0.026097
v 0.007094 0.178566 0.026255
v 0.007056 0.178253 0.026068
v 0.007060 0.178380 0.026087
v 0.007073 0.178490 0.026153
v 0.001871 0.178129 0.026609
v 0.001871 0.178253 0.026578
v 0.001871 0.178380 0.026598
v 0.001871 0.178490 0.026665
v -0.003320 0.178129 0.026097
v -0.003314 0.178253 0.026068
v -0.003318 0.178380 0.026087
v -0.003331 0.178490 0.026153
v -0.008311 0.178129 0.024583
v -0.008373 0.178566 0.024731
v -0.008300 0.178253 0.024555
v -0.008308 0.178380 0.024574
v -0.008333 0.178490 0.024636
v -0.012912 0.178129 0.022124
v -0.013001 0.178566 0.022258
v -0.012895 0.178253 0.022099
v -0.012906 0.178380 0.022116
v -0.012943 0.178490 0.022171
v -0.016944 0.178129 0.018815
v -0.016923 0.178253 0.018794
v -0.016937 0.178380 0.018808
v -0.016984 0.178490 0.018855
v -0.020253 0.178129 0.014783
v -0.020387 0.178566 0.014872
v -0.020228 0.178253 0.014766
v -0.020245 0.178380 0.014777
v -0.020300 0.178490 0.014814
v -0.022712 0.178129 0.010183
v -0.022860 0.178566 0.010244
v -0.022684 0.178253 0.010171
v -0.022702 0.178380 0.010179
v -0.022764 0.178490 0.010204
v -0.024226 0.178129 0.005191
v -0.024197 0.178253 0.005185
v -0.024216 0.178380 0.005189
v -0.024282 0.178490 0.005202
v -0.024737 0.178129 -0.000000
v -0.024707 0.178253 -0.000000
v -0.024727 0.178380 -0.000000
v -0.024794 0.178490 -0.000000
v -0.024226 0.178129 -0.005191
v -0.024197 0.178253 -0.005185
v -0.024216 0.178380 -0.005189
v -0.024282 0.178490 -0.005202
v -0.022712 0.178129 -0.010183
v -0.022684 0.178253 -0.010171
v -0.022702 0.178380 -0.010179
v -0.022764 0.178490 -0.010204
v -0.020253 0.178129 -0.014783
v -0.020387 0.178566 -0.014872
v -0.020228 0.178253 -0.014766
v -0.020245 0.178380 -0.014777
v -0.020300 0.178490 -0.014814
v -0.016944 0.178129 -0.018815
v -0.017057 0.178566 -0.018929
v -0.016923 0.178253 -0.018794
v -0.016937 0.178380 -0.018808
v -0.016984 0.178490 -0.018855
v -0.012912 0.178129 -0.022124
v -0.012895 0.178253 -0.022099
v -0.012906 0.178380 -0.022116
v -0.012943 0.178490 -0.022171
v -0.008311 0.178129 -0.024583
v -0.008373 0.178566 -0.024732
v -0.008300 0.178253 -0.024555
v -0.008308 0.178380 -0.024574
v -0.008333 0.178490 -0.024636
v -0.003320 0.178129 -0.026097
v -0.003314 0.178253 -0.026068
v -0.003318 0.178380 -0.026087
v -0.003331 0.178490 -0.026153
v 0.007627 0.000760 -0.028939
v 0.007692 0.001089 -0.029263
v 0.007652 0.000785 -0.029063
v 0.007673 0.000856 -0.029168
v 0.007687 0.000963 -0.029238
v 0.013289 0.001089 -0.027565
v 0.013163 0.000760 -0.027260
v 0.013279 0.000963 -0.027542
v 0.013252 0.000856 -0.027475
v 0.013211 0.000785 -0.027377
v 0.018447 0.001089 -0.024808
v 0.018264 0.000760 -0.024533
v 0.018433 0.000963 -0.024787
v 0.018393 0.000856 -0.024727
v 0.018334 0.000785 -0.024638
v 0.029436 0.001089 -0.011418
v 0.029131 0.000760 -0.011291
v 0.029413 0.000963 -0.011408
v 0.029347 0.000856 -0.011381
v 0.029248 0.000785 -0.011340
v 0.031134 0.001089 0.005821
v 0.030810 0.000760 0.005756
v 0.031109 0.000963 0.005816
v 0.031039 0.000856 0.005802
v 0.030934 0.000785 0.005781
v 0.026405 0.000760 0.016393
v 0.026679 0.001089 0.016576
v 0.026509 0.000785 0.016463
v 0.026598 0.000856 0.016522
v 0.026658 0.000963 0.016562
v 0.022968 0.001089 0.021097
v 0.022735 0.000760 0.020864
v 0.022951 0.000963 0.021079
v 0.022900 0.000856 0.021029
v 0.022824 0.000785 0.020953
v 0.018447 0.001089 0.024808
v 0.018264 0.000760 0.024533
v 0.018433 0.000963 0.024787
v 0.018393 0.000856 0.024727
v 0.018334 0.000785 0.024638
v 0.001871 0.001089 0.029836
v 0.001871 0.000760 0.029506
v 0.001871 0.000963 0.029811
v 0.001871 0.000856 0.029739
v 0.001871 0.000785 0.029632
v -0.009547 0.001089 0.027565
v -0.009420 0.000760 0.027260
v -0.009537 0.000963 0.027542
v -0.009510 0.000856 0.027475
v -0.009469 0.000785 0.027377
v -0.019226 0.001089 0.021097
v -0.018993 0.000760 0.020864
v -0.019208 0.000963 0.021079
v -0.019158 0.000856 0.021029
v -0.019082 0.000785 0.020953
v -0.025389 0.000760 0.011291
v -0.025694 0.001089 0.011418
v -0.025505 0.000785 0.011340
v -0.025604 0.000856 0.011381
v -0.025670 0.000963 0.011408
v -0.027391 0.001089 0.005821
v -0.027068 0.000760 0.005756
v -0.027367 0.000963 0.005816
v -0.027297 0.000856 0.005802
v -0.027192 0.000785 0.005781
v -0.027965 0.001089 0.000000
v -0.027635 0.000760 0.000000
v -0.027940 0.000963 0.000000
v -0.027868 0.000856 0.000000
v -0.027761 0.000785 0.000000
v -0.027391 0.001089 -0.005821
v -0.027068 0.000760 -0.005756
v -0.027367 0.000963 -0.005816
v -0.027297 0.000856 -0.005802
v -0.027192 0.000785 -0.005781
v -0.009420 0.000760 -0.027260
v -0.009547 0.001089 -0.027565
v -0.009469 0.000785 -0.027377
v -0.009510 0.000856 -0.027475
v -0.009537 0.000963 -0.027542
v -0.003950 0.001089 -0.029263
v -0.003885 0.000760 -0.028939
v -0.003945 0.000963 -0.029238
v -0.003931 0.000856 -0.029168
v -0.003910 0.000785 -0.029063
vn -0.1942 -0.0979 -0.9761
vn -0.1942 0.0942 -0.9764
vn -0.0000 0.0942 -0.9956
vn -0.0000 -0.0979 -0.9952
vn 0.0293 0.9886 -0.1474
vn 0.0575 0.9886 -0.1388
vn 0.0931 0.9700 -0.2248
vn 0.0475 0.9700 -0.2386
vn 0.5529 -0.0979 -0.8275
vn 0.5531 0.0942 -0.8278
vn 0.7040 0.0942 -0.7040
vn 0.7037 -0.0979 -0.7037
vn 0.0835 0.9886 -0.1249
vn 0.1063 0.9886 -0.1063
vn 0.1720 0.9700 -0.1720
vn 0.1352 0.9700 -0.2023
vn 0.1249 0.9886 -0.0835
vn 0.1388 0.9886 -0.0575
vn 0.2248 0.9700 -0.0931
vn 0.2023 0.9700 -0.1352
vn 0.8278 0.0942 -0.5531
vn 0.8275 -0.0979 -0.5529
vn 0.1474 0.9886 -0.0293
vn 0.1503 0.9886 -0.0000
vn 0.2433 0.9700 -0.0000
vn 0.2386 0.9699 -0.0475
vn 0.9194 -0.0979 -0.3808
vn 0.9198 0.0942 -0.3810
vn 0.9764 0.0942 -0.1942
vn 0.9761 -0.0979 -0.1942
vn -0.0000 -1.0000 -0.0000
vn 0.1036 -0.9946 -0.0000
vn 0.1016 -0.9946 0.0202
vn 0.1388 0.9886 0.0575
vn 0.1249 0.9886 0.0835
vn 0.2023 0.9700 0.1352
vn 0.2248 0.9700 0.0931
vn 0.9761 -0.0979 0.1942
vn 0.9764 0.0942 0.1942
vn 0.9198 0.0942 0.3810
vn 0.9194 -0.0979 0.3808
vn 0.0835 0.9886 0.1249
vn 0.0575 0.9886 0.1388
vn 0.0931 0.9700 0.2248
vn 0.1352 0.9700 0.2023
vn 0.1063 0.9886 0.1063
vn 0.1720 0.9700 0.1720
vn 0.3808 -0.0979 0.9194
vn 0.3810 0.0942 0.9198
vn 0.1942 0.0942 0.9764
vn 0.1942 -0.0979 0.9761
vn 0.0293 0.9886 0.1474
vn 0.0475 0.9700 0.2386
vn 0.0202 -0.9946 0.1016
vn -0.0000 -0.9946 0.1036
vn -0.1942 -0.0979 0.9761
vn -0.1942 0.0942 0.9764
vn -0.3810 0.0942 0.9198
vn -0.3809 -0.0979 0.9194
vn -0.0575 -0.9946 0.0861
vn -0.0732 -0.9946 0.0732
vn -0.1063 0.9886 0.1063
vn -0.1249 0.9886 0.0835
vn -0.2023 0.9700 0.1352
vn -0.1720 0.9700 0.1720
vn -0.0835 0.9886 0.1249
vn -0.1352 0.9700 0.2023
vn -0.8275 -0.0979 0.5529
vn -0.8278 0.0942 0.5531
vn -0.9198 0.0942 0.3810
vn -0.9194 -0.0979 0.3808
vn -0.1388 0.9886 0.0575
vn -0.2248 0.9700 0.0931
vn -0.9761 -0.0979 0.1942
vn -0.9764 0.0942 0.1942
vn -0.9956 0.0942 -0.0000
vn -0.9952 -0.0979 -0.0000
vn -0.1474 0.9886 0.0293
vn -0.1503 0.9886 -0.0000
vn -0.2433 0.9700 -0.0000
vn -0.2386 0.9700 0.0475
vn -0.1474 0.9886 -0.0293
vn -0.1388 0.9886 -0.0575
vn -0.2248 0.9700 -0.0931
vn -0.2386 0.9700 -0.0475
vn -0.1249 0.9886 -0.0835
vn -0.2023 0.9700 -0.1352
vn -0.0733 -0.9946 -0.0732
vn -0.0575 -0.9946 -0.0861
vn -0.0396 -0.9946 -0.0957
vn -0.3808 -0.0979 -0.9194
vn -0.3810 0.0942 -0.9198
vn -0.0575 0.9886 -0.1388
vn -0.0293 0.9886 -0.1474
vn -0.0475 0.9700 -0.2386
vn -0.0931 0.9700 -0.2248
vn -0.0000 0.9886 -0.1503
vn -0.0000 0.9700 -0.2433
vn -0.0000 0.0792 -0.9969
vn -0.1945 0.0792 -0.9777
vn -0.1951 -0.0000 -0.9808
vn -0.0000 -0.0000 -1.0000
vn 0.3815 0.0792 -0.9210
vn 0.1945 0.0792 -0.9777
vn 0.1951 -0.0000 -0.9808
vn 0.3827 -0.0000 -0.9239
vn 0.7049 0.0792 -0.7049
vn 0.5538 0.0792 -0.8289
vn 0.5556 -0.0000 -0.8315
vn 0.7071 -0.0000 -0.7071
vn 0.8289 0.0792 -0.5538
vn 0.8315 -0.0000 -0.5556
vn 0.9210 0.0792 -0.3815
vn 0.9239 -0.0000 -0.3827
vn 0.9777 0.0792 -0.1945
vn 0.9808 -0.0000 -0.1951
vn 0.9777 0.0792 0.1945
vn 0.9969 0.0792 -0.0000
vn 1.0000 -0.0000 -0.0000
vn 0.9808 -0.0000 0.1951
vn 0.9210 0.0792 0.3815
vn 0.9239 -0.0000 0.3827
vn 0.8289 0.0792 0.5538
vn 0.8315 -0.0000 0.5556
vn 0.7049 0.0792 0.7049
vn 0.7071 -0.0000 0.7071
vn 0.5538 0.0792 0.8289
vn 0.5556 -0.0000 0.8315
vn 0.3815 0.0792 0.9210
vn 0.3827 -0.0000 0.9239
vn 0.1945 0.0792 0.9777
vn 0.1951 -0.0000 0.9808
vn -0.0000 0.0792 0.9969
vn -0.0000 -0.0000 1.0000
vn -0.1945 0.0792 0.9777
vn -0.1951 -0.0000 0.9808
vn -0.3815 0.0792 0.9210
vn -0.3827 -0.0000 0.9239
vn -0.5538 0.0792 0.8289
vn -0.5556 -0.0000 0.8315
vn -0.8289 0.0792 0.5538
vn -0.7049 0.0792 0.7049
vn -0.7071 -0.0000 0.7071
vn -0.8315 -0.0000 0.5556
vn -0.9210 0.0792 0.3815
vn -0.9239 -0.0000 0.3827
vn -0.9777 0.0792 0.1945
vn -0.9808 -0.0000 0.1951
vn -0.9969 0.0792 -0.0000
vn -1.0000 -0.0000 -0.0000
vn -0.9777 0.0792 -0.1945
vn -0.9808 -0.0000 -0.1951
vn -0.9210 0.0792 -0.3815
vn -0.9239 -0.0000 -0.3827
vn -0.8289 0.0792 -0.5538
vn -0.8315 -0.0000 -0.5556
vn -0.5538 0.0792 -0.8289
vn -0.7049 0.0792 -0.7049
vn -0.7071 -0.0000 -0.7071
vn -0.5556 -0.0000 -0.8315
vn -0.3815 0.0792 -0.9210
vn -0.3827 -0.0000 -0.9239
vn 0.1942 0.0942 -0.9764
vn 0.1942 -0.0979 -0.9761
vn -0.0000 -0.9037 -0.4282
vn -0.0835 -0.9037 -0.4199
vn -0.0983 -0.8636 -0.4945
vn -0.0000 -0.8636 -0.5041
vn -0.1774 -0.4165 0.8916
vn -0.1840 -0.3316 0.9253
vn -0.0000 -0.3316 0.9434
vn -0.0000 -0.4165 0.9091
vn 0.3808 -0.0979 -0.9194
vn 0.3810 0.0942 -0.9198
vn -0.5529 -0.0979 -0.8275
vn -0.5531 0.0942 -0.8278
vn -0.0293 0.9886 0.1474
vn -0.0575 0.9886 0.1388
vn -0.0931 0.9700 0.2248
vn -0.0475 0.9700 0.2386
vn -0.9764 0.0942 -0.1942
vn -0.9761 -0.0979 -0.1942
vn 0.9956 0.0942 -0.0000
vn 0.9952 -0.0979 -0.0000
vn -0.5531 0.0942 0.8278
vn -0.5529 -0.0979 0.8275
vn 0.8278 0.0942 0.5531
vn 0.8275 -0.0979 0.5529
vn -0.7037 -0.0979 0.7037
vn -0.7040 0.0942 0.7040
vn -0.0000 0.9886 0.1503
vn -0.0000 0.9700 0.2433
vn -0.9194 -0.0979 -0.3808
vn -0.9198 0.0942 -0.3810
vn -0.8278 0.0942 -0.5531
vn -0.8275 -0.0979 -0.5529
vn 0.1474 0.9886 0.0293
vn 0.2386 0.9700 0.0475
vn -0.1063 0.9886 -0.1063
vn -0.1720 0.9700 -0.1720
vn 0.7040 0.0942 0.7040
vn 0.7037 -0.0979 0.7037
vn -0.0835 0.9886 -0.1249
vn -0.1352 0.9700 -0.2023
vn 0.5531 0.0942 0.8278
vn 0.5529 -0.0979 0.8275
vn -0.0000 0.9543 -0.2989
vn 0.0583 0.9543 -0.2931
vn -0.0000 0.8149 -0.5795
vn 0.1131 0.8149 -0.5684
vn -0.0000 0.5942 -0.8043
vn 0.1569 0.5943 -0.7888
vn -0.0000 0.3132 -0.9497
vn 0.1853 0.3132 -0.9314
vn 0.1144 0.9543 -0.2761
vn 0.2218 0.8149 -0.5354
vn 0.3078 0.5942 -0.7431
vn 0.3634 0.3132 -0.8774
vn 0.1660 0.9543 -0.2485
vn 0.3220 0.8149 -0.4819
vn 0.4468 0.5942 -0.6687
vn 0.5276 0.3132 -0.7896
vn 0.2113 0.9543 -0.2113
vn 0.4098 0.8149 -0.4098
vn 0.5687 0.5942 -0.5687
vn 0.6715 0.3132 -0.6715
vn 0.2485 0.9543 -0.1660
vn 0.4819 0.8149 -0.3220
vn 0.6687 0.5942 -0.4468
vn 0.7896 0.3132 -0.5276
vn 0.2761 0.9543 -0.1144
vn 0.5354 0.8149 -0.2218
vn 0.7431 0.5943 -0.3078
vn 0.8774 0.3132 -0.3634
vn 0.2931 0.9543 -0.0583
vn 0.5684 0.8149 -0.1131
vn 0.7888 0.5943 -0.1569
vn 0.9314 0.3132 -0.1853
vn 0.2989 0.9543 -0.0000
vn 0.5795 0.8149 -0.0000
vn 0.8043 0.5942 -0.0000
vn 0.9497 0.3132 -0.0000
vn 0.2931 0.9543 0.0583
vn 0.5684 0.8149 0.1131
vn 0.7888 0.5942 0.1569
vn 0.9314 0.3132 0.1853
vn 0.2761 0.9543 0.1144
vn 0.5354 0.8149 0.2218
vn 0.7431 0.5943 0.3078
vn 0.8774 0.3132 0.3634
vn 0.2485 0.9543 0.1660
vn 0.4819 0.8149 0.3220
vn 0.6687 0.5943 0.4468
vn 0.7896 0.3132 0.5276
vn 0.2113 0.9543 0.2113
vn 0.4098 0.8149 0.4098
vn 0.5687 0.5943 0.5687
vn 0.1660 0.9543 0.2485
vn 0.3220 0.8149 0.4819
vn 0.4468 0.5943 0.6687
vn 0.6715 0.3132 0.6715
vn 0.5276 0.3132 0.7896
vn 0.1144 0.9543 0.2761
vn 0.2218 0.8149 0.5354
vn 0.3078 0.5942 0.7431
vn 0.3634 0.3132 0.8774
vn 0.0583 0.9543 0.2931
vn 0.1131 0.8149 0.5684
vn 0.1569 0.5942 0.7888
vn 0.1853 0.3132 0.9314
vn -0.0000 0.9543 0.2989
vn -0.0000 0.8149 0.5795
vn -0.0000 0.5942 0.8043
vn -0.0000 0.3132 0.9497
vn -0.0583 0.9543 0.2931
vn -0.1131 0.8149 0.5684
vn -0.1569 0.5943 0.7888
vn -0.1144 0.9543 0.2761
vn -0.2218 0.8149 0.5354
vn -0.3078 0.5942 0.7431
vn -0.1853 0.3132 0.9314
vn -0.3634 0.3132 0.8774
vn -0.1660 0.9543 0.2485
vn -0.3220 0.8149 0.4819
vn -0.4468 0.5943 0.6687
vn -0.5276 0.3132 0.7896
vn -0.2113 0.9543 0.2113
vn -0.4098 0.8149 0.4098
vn -0.5687 0.5943 0.5687
vn -0.6715 0.3132 0.6715
vn -0.2485 0.9543 0.1660
vn -0.4819 0.8149 0.3220
vn -0.6687 0.5943 0.4468
vn -0.7896 0.3132 0.5276
vn -0.2761 0.9543 0.1144
vn -0.5354 0.8149 0.2218
vn -0.7431 0.5942 0.3078
vn -0.8774 0.3132 0.3634
vn -0.2931 0.9543 0.0583
vn -0.5684 0.8149 0.1131
vn -0.7888 0.5943 0.1569
vn -0.9314 0.3132 0.1853
vn -0.2989 0.9543 -0.0000
vn -0.5795 0.8149 -0.0000
vn -0.8043 0.5943 -0.0000
vn -0.9497 0.3132 -0.0000
vn -0.2931 0.9543 -0.0583
vn -0.5684 0.8149 -0.1131
vn -0.7888 0.5943 -0.1569
vn -0.9314 0.3132 -0.1853
vn -0.2761 0.9543 -0.1144
vn -0.5354 0.8149 -0.2218
vn -0.7431 0.5942 -0.3078
vn -0.8774 0.3132 -0.3634
vn -0.2485 0.9543 -0.1660
vn -0.4819 0.8149 -0.3220
vn -0.6687 0.5942 -0.4468
vn -0.7896 0.3132 -0.5276
vn -0.2113 0.9543 -0.2113
vn -0.4098 0.8149 -0.4098
vn -0.5687 0.5943 -0.5687
vn -0.6715 0.3132 -0.6715
vn -0.1660 0.9543 -0.2485
vn -0.3220 0.8149 -0.4819
vn -0.4468 0.5943 -0.6687
vn -0.5276 0.3132 -0.7896
vn -0.1144 0.9543 -0.2761
vn -0.2218 0.8149 -0.5354
vn -0.3078 0.5943 -0.7431
vn -0.3634 0.3132 -0.8774
vn -0.1131 0.8149 -0.5684
vn -0.1569 0.5943 -0.7888
vn -0.1853 0.3132 -0.9314
vn 0.2801 -0.8636 0.4192
vn 0.3565 -0.8636 0.3565
vn 0.4820 -0.7316 0.4820
vn 0.3787 -0.7316 0.5668
vn -0.2379 -0.9037 0.3560
vn -0.1638 -0.9037 0.3956
vn -0.1929 -0.8636 0.4658
vn -0.2801 -0.8636 0.4192
vn 0.3956 -0.9037 -0.1638
vn 0.3560 -0.9037 -0.2379
vn 0.4192 -0.8636 -0.2801
vn 0.4658 -0.8636 -0.1929
vn -0.3027 -0.9037 0.3028
vn -0.3565 -0.8636 0.3565
vn 0.4199 -0.9037 -0.0835
vn 0.4945 -0.8636 -0.0983
vn -0.3560 -0.9037 0.2379
vn -0.4192 -0.8636 0.2801
vn 0.4282 -0.9037 -0.0000
vn 0.5041 -0.8636 -0.0000
vn -0.3956 -0.9037 0.1638
vn -0.4658 -0.8636 0.1929
vn 0.4199 -0.9037 0.0835
vn 0.4945 -0.8636 0.0983
vn -0.4199 -0.9037 0.0835
vn -0.4945 -0.8636 0.0983
vn 0.3956 -0.9037 0.1638
vn 0.4658 -0.8636 0.1929
vn -0.4282 -0.9037 -0.0000
vn -0.5041 -0.8636 -0.0000
vn 0.3560 -0.9037 0.2379
vn 0.4192 -0.8636 0.2801
vn -0.4199 -0.9037 -0.0835
vn -0.4945 -0.8636 -0.0983
vn 0.3028 -0.9037 0.3027
vn -0.3956 -0.9037 -0.1638
vn -0.4658 -0.8636 -0.1929
vn 0.2379 -0.9037 0.3560
vn -0.3560 -0.9037 -0.2379
vn -0.4192 -0.8636 -0.2801
vn 0.1638 -0.9037 0.3956
vn 0.1929 -0.8636 0.4658
vn 0.0835 -0.9037 -0.4199
vn 0.0983 -0.8636 -0.4945
vn -0.3028 -0.9037 -0.3028
vn -0.3565 -0.8636 -0.3565
vn 0.0835 -0.9037 0.4199
vn 0.0983 -0.8636 0.4945
vn 0.1638 -0.9037 -0.3956
vn 0.1929 -0.8636 -0.4658
vn -0.2379 -0.9037 -0.3560
vn -0.2801 -0.8636 -0.4192
vn -0.0000 -0.9037 0.4282
vn -0.0000 -0.8636 0.5041
vn 0.2379 -0.9037 -0.3560
vn 0.2801 -0.8636 -0.4192
vn -0.1638 -0.9037 -0.3956
vn -0.1929 -0.8636 -0.4658
vn -0.0835 -0.9037 0.4199
vn -0.0983 -0.8636 0.4945
vn 0.3028 -0.9037 -0.3028
vn 0.3565 -0.8636 -0.3565
vn -0.0000 -0.7316 0.6817
vn 0.1330 -0.7316 0.6686
vn 0.1602 -0.5708 0.8053
vn -0.0000 -0.5708 0.8211
vn -0.6298 -0.7316 -0.2609
vn -0.5668 -0.7316 -0.3787
vn 0.2609 -0.7316 0.6298
vn -0.0000 -0.7316 -0.6817
vn 0.1330 -0.7316 -0.6686
vn -0.4820 -0.7316 -0.4820
vn 0.2609 -0.7316 -0.6298
vn -0.3787 -0.7316 -0.5668
vn 0.3787 -0.7316 -0.5668
vn -0.2609 -0.7316 -0.6298
vn -0.1330 -0.7316 0.6686
vn 0.4820 -0.7316 -0.4820
vn -0.1330 -0.7316 -0.6686
vn -0.2609 -0.7316 0.6298
vn 0.5668 -0.7316 -0.3787
vn -0.3787 -0.7316 0.5668
vn 0.6298 -0.7316 -0.2609
vn -0.4820 -0.7316 0.4820
vn 0.6686 -0.7316 -0.1330
vn -0.5668 -0.7316 0.3787
vn 0.6817 -0.7316 -0.0000
vn -0.6298 -0.7316 0.2609
vn 0.6686 -0.7316 0.1330
vn -0.6686 -0.7316 0.1330
vn 0.6298 -0.7316 0.2609
vn -0.6817 -0.7316 -0.0000
vn 0.5668 -0.7316 0.3787
vn -0.6686 -0.7316 -0.1330
vn -0.4562 -0.5708 0.6827
vn -0.3142 -0.5708 0.7586
vn -0.3510 -0.3984 0.8474
vn -0.5096 -0.3984 0.7626
vn 0.3142 -0.5708 -0.7586
vn 0.4562 -0.5708 -0.6827
vn -0.4562 -0.5708 -0.6827
vn -0.3142 -0.5708 -0.7586
vn -0.1602 -0.5708 0.8053
vn 0.5806 -0.5708 -0.5806
vn -0.1602 -0.5708 -0.8053
vn 0.6827 -0.5708 -0.4562
vn -0.0000 -0.5708 -0.8211
vn 0.7586 -0.5708 -0.3142
vn -0.5806 -0.5708 0.5806
vn 0.8053 -0.5708 -0.1602
vn -0.6827 -0.5708 0.4562
vn 0.8211 -0.5708 -0.0000
vn -0.7586 -0.5708 0.3142
vn 0.8053 -0.5708 0.1602
vn -0.8053 -0.5708 0.1602
vn 0.7586 -0.5708 0.3142
vn -0.8211 -0.5708 -0.0000
vn 0.6827 -0.5708 0.4562
vn -0.8053 -0.5708 -0.1602
vn 0.5806 -0.5708 0.5806
vn -0.7586 -0.5708 -0.3142
vn 0.4562 -0.5708 0.6827
vn -0.6827 -0.5708 -0.4562
vn 0.3142 -0.5708 0.7586
vn 0.1602 -0.5708 -0.8053
vn -0.5806 -0.5708 -0.5806
vn -0.8474 -0.3984 0.3510
vn -0.7626 -0.3984 0.5096
vn -0.8168 -0.1873 0.5457
vn -0.9075 -0.1873 0.3759
vn 0.7626 -0.3984 -0.5096
vn 0.8474 -0.3984 -0.3510
vn -0.6486 -0.3984 0.6486
vn 0.8996 -0.3984 -0.1789
vn 0.9172 -0.3984 -0.0000
vn 0.8996 -0.3984 0.1789
vn -0.8996 -0.3984 0.1789
vn 0.8474 -0.3984 0.3510
vn -0.9172 -0.3984 -0.0000
vn 0.7626 -0.3984 0.5096
vn -0.8996 -0.3984 -0.1789
vn 0.6486 -0.3984 0.6486
vn -0.8474 -0.3984 -0.3510
vn 0.5096 -0.3984 0.7626
vn -0.7626 -0.3984 -0.5096
vn 0.3510 -0.3984 0.8474
vn -0.0000 -0.3984 -0.9172
vn 0.1789 -0.3984 -0.8996
vn -0.6486 -0.3984 -0.6486
vn 0.1789 -0.3984 0.8996
vn 0.3510 -0.3984 -0.8474
vn -0.5096 -0.3984 -0.7626
vn -0.0000 -0.3984 0.9172
vn 0.5096 -0.3984 -0.7626
vn -0.3510 -0.3984 -0.8474
vn -0.1789 -0.3984 0.8996
vn 0.6486 -0.3984 -0.6486
vn -0.1789 -0.3984 -0.8996
vn -0.9634 -0.1873 -0.1916
vn -0.9823 -0.1873 -0.0000
vn -0.9967 -0.0810 -0.0000
vn -0.9776 -0.0810 -0.1944
vn 0.9823 -0.1873 -0.0000
vn 0.9634 -0.1873 0.1916
vn -0.9634 -0.1873 0.1916
vn 0.9075 -0.1873 0.3759
vn 0.8168 -0.1873 0.5457
vn 0.6946 -0.1873 0.6946
vn -0.9075 -0.1873 -0.3759
vn 0.5457 -0.1873 0.8168
vn -0.8168 -0.1873 -0.5457
vn 0.3759 -0.1873 0.9075
vn -0.0000 -0.1873 -0.9823
vn 0.1916 -0.1873 -0.9634
vn -0.6946 -0.1873 -0.6946
vn 0.1916 -0.1873 0.9634
vn 0.3759 -0.1873 -0.9075
vn -0.5457 -0.1873 -0.8168
vn -0.0000 -0.1873 0.9823
vn 0.5457 -0.1873 -0.8168
vn -0.3759 -0.1873 -0.9075
vn -0.1916 -0.1873 0.9634
vn 0.6946 -0.1873 -0.6946
vn -0.1916 -0.1873 -0.9634
vn -0.3759 -0.1873 0.9075
vn 0.8168 -0.1873 -0.5457
vn -0.5457 -0.1873 0.8168
vn 0.9075 -0.1873 -0.3759
vn -0.6946 -0.1873 0.6946
vn 0.9634 -0.1873 -0.1916
vn 0.1944 -0.0810 -0.9776
vn -0.0000 -0.0810 -0.9967
vn -0.0000 0.0301 -0.9995
vn 0.1950 0.0301 -0.9803
vn 0.8287 -0.0810 0.5537
vn 0.7048 -0.0810 0.7048
vn -0.9208 -0.0810 -0.3814
vn 0.5537 -0.0810 0.8287
vn -0.8287 -0.0810 -0.5537
vn 0.3814 -0.0810 0.9208
vn -0.7048 -0.0810 -0.7048
vn 0.1944 -0.0810 0.9776
vn 0.3814 -0.0810 -0.9208
vn -0.5537 -0.0810 -0.8287
vn -0.0000 -0.0810 0.9967
vn 0.5537 -0.0810 -0.8287
vn -0.3814 -0.0810 -0.9208
vn -0.1944 -0.0810 0.9776
vn 0.7048 -0.0810 -0.7048
vn -0.1944 -0.0810 -0.9776
vn -0.3814 -0.0810 0.9208
vn 0.8287 -0.0810 -0.5537
vn -0.5537 -0.0810 0.8287
vn 0.9208 -0.0810 -0.3814
vn -0.7048 -0.0810 0.7048
vn 0.9776 -0.0810 -0.1944
vn -0.8287 -0.0810 0.5537
vn 0.9967 -0.0810 -0.0000
vn -0.9208 -0.0810 0.3814
vn 0.9776 -0.0810 0.1944
vn -0.9776 -0.0810 0.1944
vn 0.9208 -0.0810 0.3814
vn 0.7068 0.0301 -0.7068
vn 0.5553 0.0301 -0.8311
vn 0.5478 0.1662 -0.8199
vn 0.6973 0.1662 -0.6973
vn -0.8311 0.0301 -0.5553
vn -0.7068 0.0301 -0.7068
vn 0.3825 0.0301 0.9235
vn 0.1950 0.0301 0.9803
vn 0.3825 0.0301 -0.9235
vn -0.5553 0.0301 -0.8311
vn -0.0000 0.0301 0.9995
vn -0.3825 0.0301 -0.9235
vn -0.1950 0.0301 0.9803
vn -0.1950 0.0301 -0.9803
vn -0.3825 0.0301 0.9235
vn 0.8311 0.0301 -0.5553
vn -0.5553 0.0301 0.8311
vn 0.9235 0.0301 -0.3825
vn -0.7068 0.0301 0.7068
vn 0.9803 0.0301 -0.1950
vn -0.8311 0.0301 0.5553
vn 0.9995 0.0301 -0.0000
vn -0.9235 0.0301 0.3825
vn 0.9803 0.0301 0.1950
vn -0.9803 0.0301 0.1950
vn 0.9235 0.0301 0.3825
vn -0.9995 0.0301 -0.0000
vn 0.8311 0.0301 0.5553
vn -0.9803 0.0301 -0.1950
vn 0.7068 0.0301 0.7068
vn -0.9235 0.0301 -0.3825
vn 0.5553 0.0301 0.8311
vn 0.9671 0.1662 -0.1924
vn 0.9110 0.1662 -0.3774
vn 0.9048 0.2021 -0.3748
vn 0.9605 0.2021 -0.1911
vn -0.3774 0.1662 -0.9110
vn -0.1924 0.1662 -0.9671
vn -0.1924 0.1662 0.9671
vn -0.3774 0.1662 0.9110
vn 0.8199 0.1662 -0.5478
vn -0.0000 0.1662 -0.9861
vn -0.5478 0.1662 0.8199
vn -0.6973 0.1662 0.6973
vn -0.8199 0.1662 0.5478
vn 0.9861 0.1662 -0.0000
vn -0.9110 0.1662 0.3774
vn 0.9671 0.1662 0.1924
vn -0.9671 0.1662 0.1924
vn 0.9110 0.1662 0.3774
vn -0.9861 0.1662 -0.0000
vn 0.8199 0.1662 0.5478
vn -0.9671 0.1662 -0.1924
vn 0.6973 0.1662 0.6973
vn -0.9110 0.1662 -0.3774
vn 0.5478 0.1662 0.8199
vn -0.8199 0.1662 -0.5478
vn 0.3774 0.1662 0.9110
vn 0.1924 0.1662 -0.9671
vn -0.6973 0.1662 -0.6973
vn 0.1924 0.1662 0.9671
vn 0.3774 0.1662 -0.9110
vn -0.5478 0.1662 -0.8199
vn -0.0000 0.1662 0.9861
vn 0.9048 0.2021 0.3748
vn 0.9605 0.2021 0.1911
vn 0.9513 0.2433 0.1892
vn 0.8961 0.2433 0.3712
vn -0.6925 0.2021 0.6925
vn -0.8143 0.2021 0.5441
vn 0.9794 0.2021 -0.0000
vn -0.9048 0.2021 0.3748
vn -0.9605 0.2021 0.1911
vn -0.9794 0.2021 -0.0000
vn 0.8143 0.2021 0.5441
vn -0.9605 0.2021 -0.1911
vn 0.6925 0.2021 0.6925
vn -0.9048 0.2021 -0.3748
vn 0.5441 0.2021 0.8143
vn -0.8143 0.2021 -0.5441
vn 0.3748 0.2021 0.9048
vn -0.0000 0.2021 -0.9794
vn 0.1911 0.2021 -0.9605
vn -0.6925 0.2021 -0.6925
vn 0.1911 0.2021 0.9605
vn 0.3748 0.2021 -0.9048
vn -0.5441 0.2021 -0.8143
vn -0.0000 0.2021 0.9794
vn 0.5441 0.2021 -0.8143
vn -0.3748 0.2021 -0.9048
vn -0.1911 0.2021 0.9605
vn 0.6925 0.2021 -0.6925
vn -0.1911 0.2021 -0.9605
vn -0.3748 0.2021 0.9048
vn 0.8143 0.2021 -0.5441
vn -0.5441 0.2021 0.8143
vn 0.5389 0.2433 0.8065
vn 0.6859 0.2433 0.6859
vn 0.6702 0.3190 0.6702
vn 0.5265 0.3190 0.7880
vn -0.9513 0.2433 0.1892
vn -0.9700 0.2433 -0.0000
vn 0.8065 0.2433 0.5389
vn -0.9513 0.2433 -0.1892
vn -0.8961 0.2433 -0.3712
vn -0.8065 0.2433 -0.5389
vn 0.3712 0.2433 0.8961
vn -0.0000 0.2433 -0.9700
vn 0.1892 0.2433 -0.9513
vn -0.6859 0.2433 -0.6859
vn 0.1892 0.2433 0.9513
vn 0.3712 0.2433 -0.8961
vn -0.5389 0.2433 -0.8065
vn -0.0000 0.2433 0.9700
vn 0.5389 0.2433 -0.8065
vn -0.3712 0.2433 -0.8961
vn -0.1892 0.2433 0.9513
vn 0.6859 0.2433 -0.6859
vn -0.1892 0.2433 -0.9513
vn -0.3712 0.2433 0.8961
vn 0.8065 0.2433 -0.5389
vn -0.5389 0.2433 0.8065
vn 0.8961 0.2433 -0.3712
vn -0.6859 0.2433 0.6859
vn 0.9513 0.2433 -0.1892
vn -0.8065 0.2433 0.5389
vn 0.9700 0.2433 -0.0000
vn -0.8961 0.2433 0.3712
vn -0.0000 0.3190 0.9477
vn 0.1849 0.3190 0.9295
vn 0.1836 0.3384 0.9229
vn -0.0000 0.3384 0.9410
vn -0.8756 0.3190 -0.3627
vn -0.7880 0.3190 -0.5265
vn 0.3627 0.3190 0.8756
vn -0.0000 0.3190 -0.9477
vn 0.1849 0.3190 -0.9295
vn -0.6702 0.3190 -0.6702
vn 0.3627 0.3190 -0.8756
vn -0.5265 0.3190 -0.7880
vn 0.5265 0.3190 -0.7880
vn -0.3627 0.3190 -0.8756
vn -0.1849 0.3190 0.9295
vn 0.6702 0.3190 -0.6702
vn -0.1849 0.3190 -0.9295
vn -0.3627 0.3190 0.8756
vn 0.7880 0.3190 -0.5265
vn -0.5265 0.3190 0.7880
vn 0.8756 0.3190 -0.3627
vn -0.6702 0.3190 0.6702
vn 0.9295 0.3190 -0.1849
vn -0.7880 0.3190 0.5265
vn 0.9477 0.3190 -0.0000
vn -0.8756 0.3190 0.3627
vn 0.9295 0.3190 0.1849
vn -0.9295 0.3190 0.1849
vn 0.8756 0.3190 0.3627
vn -0.9477 0.3190 -0.0000
vn 0.7880 0.3190 0.5265
vn -0.9295 0.3190 -0.1849
vn -0.5228 0.3384 0.7824
vn -0.3601 0.3384 0.8694
vn -0.3591 0.3455 0.8670
vn -0.5214 0.3455 0.7803
vn 0.3601 0.3384 -0.8694
vn 0.5228 0.3384 -0.7824
vn -0.5228 0.3384 -0.7824
vn -0.3601 0.3384 -0.8694
vn -0.1836 0.3384 0.9229
vn 0.6654 0.3384 -0.6654
vn -0.1836 0.3384 -0.9229
vn 0.7824 0.3384 -0.5228
vn -0.0000 0.3384 -0.9410
vn 0.8694 0.3384 -0.3601
vn -0.6654 0.3384 0.6654
vn 0.9229 0.3384 -0.1836
vn -0.7824 0.3384 0.5228
vn 0.9410 0.3384 -0.0000
vn -0.8694 0.3384 0.3601
vn 0.9229 0.3384 0.1836
vn -0.9229 0.3384 0.1836
vn 0.8694 0.3384 0.3601
vn -0.9410 0.3384 -0.0000
vn 0.7824 0.3384 0.5228
vn -0.9229 0.3384 -0.1836
vn 0.6654 0.3384 0.6654
vn -0.8694 0.3384 -0.3601
vn 0.5228 0.3384 0.7824
vn -0.7824 0.3384 -0.5228
vn 0.3601 0.3384 0.8694
vn 0.1836 0.3384 -0.9229
vn -0.6654 0.3384 -0.6654
vn -0.8670 0.3455 0.3591
vn -0.7803 0.3455 0.5214
vn -0.7744 0.3641 0.5174
vn -0.8605 0.3641 0.3564
vn 0.7803 0.3455 -0.5214
vn 0.8670 0.3455 -0.3591
vn -0.6636 0.3455 0.6636
vn 0.9204 0.3455 -0.1831
vn 0.9384 0.3455 -0.0000
vn 0.9204 0.3455 0.1831
vn -0.9204 0.3455 0.1831
vn 0.8670 0.3455 0.3591
vn -0.9384 0.3455 -0.0000
vn 0.7803 0.3455 0.5214
vn -0.9204 0.3455 -0.1831
vn 0.6636 0.3455 0.6636
vn -0.8670 0.3455 -0.3591
vn 0.5214 0.3455 0.7803
vn -0.7803 0.3455 -0.5214
vn 0.3591 0.3455 0.8670
vn -0.0000 0.3455 -0.9384
vn 0.1831 0.3455 -0.9204
vn -0.6636 0.3455 -0.6636
vn 0.1831 0.3455 0.9204
vn 0.3591 0.3455 -0.8670
vn -0.5214 0.3455 -0.7803
vn -0.0000 0.3455 0.9384
vn 0.5214 0.3455 -0.7803
vn -0.3591 0.3455 -0.8670
vn -0.1831 0.3455 0.9204
vn 0.6636 0.3455 -0.6636
vn -0.1831 0.3455 -0.9204
vn -0.9135 0.3641 -0.1817
vn -0.9314 0.3641 -0.0000
vn -0.9416 0.3368 -0.0000
vn -0.9235 0.3368 -0.1837
vn 0.9314 0.3641 -0.0000
vn 0.9135 0.3641 0.1817
vn -0.9135 0.3641 0.1817
vn 0.8605 0.3641 0.3564
vn 0.7744 0.3641 0.5174
vn 0.6586 0.3641 0.6586
vn -0.8605 0.3641 -0.3564
vn 0.5174 0.3641 0.7744
vn -0.7744 0.3641 -0.5174
vn 0.3564 0.3641 0.8605
vn -0.0000 0.3641 -0.9314
vn 0.1817 0.3641 -0.9135
vn -0.6586 0.3641 -0.6586
vn 0.1817 0.3641 0.9135
vn 0.3564 0.3641 -0.8605
vn -0.5174 0.3641 -0.7744
vn -0.0000 0.3641 0.9314
vn 0.5174 0.3641 -0.7744
vn -0.3564 0.3641 -0.8605
vn -0.1817 0.3641 0.9135
vn 0.6586 0.3641 -0.6586
vn -0.1817 0.3641 -0.9135
vn -0.3564 0.3641 0.8605
vn 0.7744 0.3641 -0.5174
vn -0.5174 0.3641 0.7744
vn 0.8605 0.3641 -0.3564
vn -0.6586 0.3641 0.6586
vn 0.9135 0.3641 -0.1817
vn -0.6658 0.3368 -0.6658
vn -0.7829 0.3368 -0.5231
vn -0.7736 0.3665 -0.5169
vn -0.6579 0.3665 -0.6579
vn 0.7829 0.3368 0.5231
vn 0.6658 0.3368 0.6658
vn -0.8699 0.3368 -0.3603
vn 0.5231 0.3368 0.7829
vn 0.3603 0.3368 0.8699
vn -0.0000 0.3368 -0.9416
vn 0.1837 0.3368 -0.9235
vn 0.1837 0.3368 0.9235
vn 0.3603 0.3368 -0.8699
vn -0.5231 0.3368 -0.7829
vn -0.0000 0.3368 0.9416
vn 0.5231 0.3368 -0.7829
vn -0.3603 0.3368 -0.8699
vn -0.1837 0.3368 0.9235
vn 0.6658 0.3368 -0.6658
vn -0.1837 0.3368 -0.9235
vn -0.3603 0.3368 0.8699
vn 0.7829 0.3368 -0.5231
vn -0.5231 0.3368 0.7829
vn 0.8699 0.3368 -0.3603
vn -0.6658 0.3368 0.6658
vn 0.9235 0.3368 -0.1837
vn -0.7829 0.3368 0.5231
vn 0.9416 0.3368 -0.0000
vn -0.8699 0.3368 0.3603
vn 0.9235 0.3368 0.1837
vn -0.9235 0.3368 0.1837
vn 0.8699 0.3368 0.3603
vn -0.1815 0.3665 -0.9126
vn -0.3561 0.3665 -0.8596
vn -0.3479 0.4166 -0.8399
vn -0.1774 0.4166 -0.8916
vn 0.3561 0.3665 0.8596
vn 0.1815 0.3665 0.9126
vn 0.1815 0.3665 -0.9126
vn 0.3561 0.3665 -0.8596
vn -0.5169 0.3665 -0.7736
vn -0.0000 0.3665 0.9304
vn 0.5169 0.3665 -0.7736
vn -0.1815 0.3665 0.9126
vn 0.6579 0.3665 -0.6579
vn -0.3561 0.3665 0.8596
vn 0.7736 0.3665 -0.5169
vn -0.0000 0.3665 -0.9304
vn -0.5169 0.3665 0.7736
vn 0.8596 0.3665 -0.3561
vn -0.6579 0.3665 0.6579
vn 0.9126 0.3665 -0.1815
vn -0.7736 0.3665 0.5169
vn 0.9304 0.3665 -0.0000
vn -0.8596 0.3665 0.3561
vn 0.9126 0.3665 0.1815
vn -0.9126 0.3665 0.1815
vn 0.8596 0.3665 0.3561
vn -0.9304 0.3665 -0.0000
vn 0.7736 0.3665 0.5169
vn -0.9126 0.3665 -0.1815
vn 0.6579 0.3665 0.6579
vn -0.8596 0.3665 -0.3561
vn 0.5169 0.3665 0.7736
vn -0.1774 0.4166 0.8916
vn -0.3479 0.4166 0.8399
vn 0.6428 0.4166 -0.6428
vn 0.7559 0.4166 -0.5051
vn -0.0000 0.4166 -0.9091
vn -0.5051 0.4166 0.7559
vn 0.8399 0.4166 -0.3479
vn -0.6428 0.4166 0.6428
vn 0.8916 0.4166 -0.1774
vn -0.7559 0.4166 0.5051
vn 0.9091 0.4166 -0.0000
vn -0.8399 0.4166 0.3479
vn 0.8916 0.4166 0.1774
vn -0.8916 0.4166 0.1774
vn 0.8399 0.4166 0.3479
vn -0.9091 0.4166 -0.0000
vn 0.7559 0.4166 0.5051
vn -0.8916 0.4166 -0.1774
vn 0.6428 0.4166 0.6428
vn -0.8399 0.4166 -0.3479
vn 0.5051 0.4166 0.7559
vn -0.7559 0.4166 -0.5051
vn 0.3479 0.4166 0.8399
vn 0.1774 0.4166 -0.8916
vn -0.6428 0.4166 -0.6428
vn 0.1774 0.4166 0.8916
vn 0.3479 0.4166 -0.8399
vn -0.5051 0.4166 -0.7559
vn -0.0000 0.4166 0.9091
vn 0.5051 0.4166 -0.7559
vn -0.0000 0.5054 -0.8629
vn 0.1683 0.5054 -0.8463
vn -0.0202 -0.9946 -0.1016
vn -0.0000 -0.9946 -0.1036
vn 0.0732 -0.9946 -0.0732
vn 0.0861 -0.9946 -0.0575
vn 0.0396 -0.9946 -0.0957
vn 0.0575 -0.9946 -0.0861
vn 0.0862 -0.9946 0.0575
vn 0.0733 -0.9946 0.0732
vn 0.0957 -0.9946 -0.0396
vn 0.1016 -0.9946 -0.0202
vn 0.0957 -0.9946 0.0396
vn 0.0396 -0.9946 0.0957
vn 0.0576 -0.9946 0.0861
vn -0.0957 -0.9946 0.0396
vn -0.1016 -0.9946 0.0202
vn -0.0000 0.0942 0.9956
vn -0.0000 -0.0979 0.9952
vn -0.0202 -0.9946 0.1016
vn -0.0396 -0.9946 0.0957
vn -0.0862 -0.9946 0.0575
vn -0.0957 -0.9946 -0.0396
vn -0.0861 -0.9946 -0.0575
vn -0.1036 -0.9946 -0.0000
vn -0.1016 -0.9946 -0.0202
vn -0.7040 0.0942 -0.7040
vn -0.7037 -0.0979 -0.7037
vn 0.0202 -0.9946 -0.1016
vn -0.0000 0.9398 0.3417
vn -0.0000 0.8849 0.4657
vn 0.0908 0.8849 0.4568
vn 0.0666 0.9398 0.3352
vn -0.0583 0.9543 -0.2931
vn -0.2587 0.8849 -0.3872
vn -0.3800 0.7295 -0.5687
vn -0.4837 0.7295 -0.4837
vn -0.3293 0.8849 -0.3293
vn 0.1899 0.9398 -0.2841
vn 0.2587 0.8849 -0.3872
vn 0.1782 0.8849 -0.4303
vn 0.1308 0.9398 -0.3157
vn -0.3157 0.9398 0.1308
vn -0.4303 0.8849 0.1782
vn -0.3872 0.8849 0.2588
vn -0.2841 0.9398 0.1899
vn 0.2417 0.9398 -0.2417
vn 0.3293 0.8849 -0.3293
vn -0.3352 0.9398 0.0666
vn -0.4568 0.8849 0.0908
vn 0.2841 0.9398 -0.1899
vn 0.3872 0.8849 -0.2587
vn -0.3417 0.9398 -0.0000
vn -0.4657 0.8849 -0.0000
vn 0.3157 0.9398 -0.1308
vn 0.4303 0.8849 -0.1782
vn -0.3352 0.9398 -0.0666
vn -0.4568 0.8849 -0.0908
vn 0.3352 0.9398 -0.0666
vn 0.4568 0.8849 -0.0908
vn -0.3157 0.9398 -0.1308
vn -0.4303 0.8849 -0.1782
vn 0.3417 0.9398 -0.0000
vn 0.4657 0.8849 -0.0000
vn -0.2841 0.9398 -0.1899
vn -0.3872 0.8849 -0.2587
vn 0.3352 0.9398 0.0666
vn 0.4568 0.8849 0.0908
vn -0.2416 0.9398 -0.2417
vn 0.3157 0.9398 0.1308
vn 0.4303 0.8849 0.1782
vn -0.1899 0.9398 -0.2841
vn 0.2841 0.9398 0.1899
vn 0.3872 0.8849 0.2587
vn -0.1308 0.9398 -0.3157
vn -0.1782 0.8849 -0.4303
vn -0.0666 0.9398 0.3352
vn -0.0908 0.8849 0.4568
vn 0.2417 0.9398 0.2417
vn 0.3293 0.8849 0.3293
vn -0.0666 0.9398 -0.3352
vn -0.0908 0.8849 -0.4568
vn -0.1308 0.9398 0.3157
vn -0.1782 0.8849 0.4303
vn 0.1899 0.9398 0.2841
vn 0.2587 0.8849 0.3872
vn -0.0000 0.9398 -0.3417
vn -0.0000 0.8849 -0.4657
vn -0.1899 0.9398 0.2841
vn -0.2587 0.8849 0.3872
vn 0.1308 0.9398 0.3157
vn 0.1782 0.8849 0.4303
vn 0.0666 0.9398 -0.3352
vn 0.0908 0.8849 -0.4568
vn -0.2417 0.9398 0.2417
vn -0.3293 0.8849 0.3293
vn -0.0000 0.7295 -0.6840
vn -0.0000 0.5708 -0.8211
vn -0.1602 0.5708 -0.8053
vn -0.1334 0.7295 -0.6709
vn 0.5687 0.7295 0.3800
vn 0.6320 0.7295 0.2618
vn -0.2618 0.7295 -0.6320
vn -0.1334 0.7295 0.6709
vn -0.0000 0.7295 0.6840
vn 0.4837 0.7295 0.4837
vn -0.2618 0.7295 0.6320
vn 0.3800 0.7295 0.5687
vn -0.3800 0.7295 0.5687
vn 0.2618 0.7295 0.6320
vn 0.1334 0.7295 -0.6709
vn -0.4837 0.7295 0.4837
vn 0.1334 0.7295 0.6709
vn 0.2618 0.7295 -0.6320
vn -0.5687 0.7295 0.3800
vn 0.3800 0.7295 -0.5687
vn -0.6320 0.7295 0.2618
vn 0.4837 0.7295 -0.4837
vn -0.6709 0.7295 0.1334
vn 0.5687 0.7295 -0.3800
vn -0.6840 0.7295 -0.0000
vn 0.6320 0.7295 -0.2618
vn -0.6709 0.7295 -0.1334
vn 0.6709 0.7295 -0.1334
vn -0.6320 0.7295 -0.2618
vn 0.6840 0.7295 -0.0000
vn -0.5687 0.7295 -0.3800
vn 0.6709 0.7295 0.1334
vn 0.4562 0.5708 -0.6827
vn 0.5096 0.3984 -0.7626
vn 0.3510 0.3984 -0.8474
vn 0.3142 0.5708 -0.7586
vn -0.4562 0.5708 0.6827
vn -0.3142 0.5708 0.7586
vn 0.3142 0.5708 0.7586
vn 0.4562 0.5708 0.6827
vn 0.1602 0.5708 -0.8053
vn -0.5806 0.5708 0.5806
vn 0.1602 0.5708 0.8053
vn -0.6827 0.5708 0.4562
vn -0.0000 0.5708 0.8211
vn -0.7586 0.5708 0.3142
vn 0.5806 0.5708 -0.5806
vn -0.8053 0.5708 0.1602
vn 0.6827 0.5708 -0.4562
vn -0.8211 0.5708 -0.0000
vn 0.7586 0.5708 -0.3142
vn -0.8053 0.5708 -0.1602
vn 0.8053 0.5708 -0.1602
vn -0.7586 0.5708 -0.3142
vn 0.8211 0.5708 -0.0000
vn -0.6827 0.5708 -0.4562
vn 0.8053 0.5708 0.1602
vn -0.5806 0.5708 -0.5806
vn 0.7586 0.5708 0.3142
vn -0.4562 0.5708 -0.6827
vn 0.6827 0.5708 0.4562
vn -0.3142 0.5708 -0.7586
vn -0.1602 0.5708 0.8053
vn 0.5806 0.5708 0.5806
vn 0.8474 0.3984 -0.3510
vn 0.9075 0.1873 -0.3759
vn 0.8168 0.1873 -0.5457
vn 0.7626 0.3984 -0.5096
vn -0.8474 0.3984 0.3510
vn -0.7626 0.3984 0.5096
vn 0.6486 0.3984 -0.6486
vn -0.8996 0.3984 0.1789
vn -0.9172 0.3984 -0.0000
vn -0.8996 0.3984 -0.1789
vn 0.8996 0.3984 -0.1789
vn -0.8474 0.3984 -0.3510
vn 0.9172 0.3984 -0.0000
vn -0.7626 0.3984 -0.5096
vn 0.8996 0.3984 0.1789
vn -0.6486 0.3984 -0.6486
vn 0.8474 0.3984 0.3510
vn -0.5096 0.3984 -0.7626
vn 0.7626 0.3984 0.5096
vn -0.3510 0.3984 -0.8474
vn -0.1789 0.3984 0.8996
vn -0.0000 0.3984 0.9172
vn 0.6486 0.3984 0.6486
vn -0.1789 0.3984 -0.8996
vn -0.3510 0.3984 0.8474
vn 0.5096 0.3984 0.7626
vn -0.0000 0.3984 -0.9172
vn -0.5096 0.3984 0.7626
vn 0.3510 0.3984 0.8474
vn 0.1789 0.3984 -0.8996
vn -0.6486 0.3984 0.6486
vn 0.1789 0.3984 0.8996
vn 0.9634 0.1873 0.1916
vn 0.9776 0.0810 0.1944
vn 0.9967 0.0810 -0.0000
vn 0.9823 0.1873 -0.0000
vn -0.9634 0.1873 -0.1916
vn -0.9823 0.1873 -0.0000
vn 0.9634 0.1873 -0.1916
vn -0.9075 0.1873 -0.3759
vn -0.8168 0.1873 -0.5457
vn -0.6946 0.1873 -0.6946
vn 0.9075 0.1873 0.3759
vn -0.5457 0.1873 -0.8168
vn 0.8168 0.1873 0.5457
vn -0.3759 0.1873 -0.9075
vn -0.1916 0.1873 0.9634
vn -0.0000 0.1873 0.9823
vn 0.6946 0.1873 0.6946
vn -0.1916 0.1873 -0.9634
vn -0.3759 0.1873 0.9075
vn 0.5457 0.1873 0.8168
vn -0.0000 0.1873 -0.9823
vn -0.5457 0.1873 0.8168
vn 0.3759 0.1873 0.9075
vn 0.1916 0.1873 -0.9634
vn -0.6946 0.1873 0.6946
vn 0.1916 0.1873 0.9634
vn 0.3759 0.1873 -0.9075
vn -0.8168 0.1873 0.5457
vn 0.5457 0.1873 -0.8168
vn -0.9075 0.1873 0.3759
vn 0.6946 0.1873 -0.6946
vn -0.9634 0.1873 0.1916
vn -0.1944 0.0810 0.9776
vn -0.1950 -0.0301 0.9803
vn -0.0000 -0.0301 0.9995
vn -0.0000 0.0810 0.9967
vn -0.7048 0.0810 -0.7048
vn -0.8287 0.0810 -0.5537
vn 0.9208 0.0810 0.3814
vn -0.5537 0.0810 -0.8287
vn 0.8287 0.0810 0.5537
vn -0.3814 0.0810 -0.9208
vn 0.7048 0.0810 0.7048
vn -0.1944 0.0810 -0.9776
vn -0.3814 0.0810 0.9208
vn 0.5537 0.0810 0.8287
vn -0.0000 0.0810 -0.9967
vn -0.5537 0.0810 0.8287
vn 0.3814 0.0810 0.9208
vn 0.1944 0.0810 -0.9776
vn -0.7048 0.0810 0.7048
vn 0.1944 0.0810 0.9776
vn 0.3814 0.0810 -0.9208
vn -0.8287 0.0810 0.5537
vn 0.5537 0.0810 -0.8287
vn -0.9208 0.0810 0.3814
vn 0.7048 0.0810 -0.7048
vn -0.9776 0.0810 0.1944
vn 0.8287 0.0810 -0.5537
vn -0.9967 0.0810 -0.0000
vn 0.9208 0.0810 -0.3814
vn -0.9776 0.0810 -0.1944
vn 0.9776 0.0810 -0.1944
vn -0.9208 0.0810 -0.3814
vn -0.7068 -0.0301 0.7068
vn -0.6973 -0.1662 0.6973
vn -0.5478 -0.1662 0.8199
vn -0.5553 -0.0301 0.8311
vn 0.7068 -0.0301 0.7068
vn 0.8311 -0.0301 0.5553
vn -0.1950 -0.0301 -0.9803
vn -0.3825 -0.0301 -0.9235
vn -0.3825 -0.0301 0.9235
vn 0.5553 -0.0301 0.8311
vn -0.0000 -0.0301 -0.9995
vn 0.3825 -0.0301 0.9235
vn 0.1950 -0.0301 -0.9803
vn 0.1950 -0.0301 0.9803
vn 0.3825 -0.0301 -0.9235
vn -0.8311 -0.0301 0.5553
vn 0.5553 -0.0301 -0.8311
vn -0.9235 -0.0301 0.3825
vn 0.7068 -0.0301 -0.7068
vn -0.9803 -0.0301 0.1950
vn 0.8311 -0.0301 -0.5553
vn -0.9995 -0.0301 -0.0000
vn 0.9235 -0.0301 -0.3825
vn -0.9803 -0.0301 -0.1950
vn 0.9803 -0.0301 -0.1950
vn -0.9235 -0.0301 -0.3825
vn 0.9995 -0.0301 -0.0000
vn -0.8311 -0.0301 -0.5553
vn 0.9803 -0.0301 0.1950
vn -0.7068 -0.0301 -0.7068
vn 0.9235 -0.0301 0.3825
vn -0.5553 -0.0301 -0.8311
vn -0.9671 -0.1662 0.1924
vn -0.9605 -0.2021 0.1911
vn -0.9048 -0.2021 0.3748
vn -0.9110 -0.1662 0.3774
vn 0.1924 -0.1662 0.9671
vn 0.3774 -0.1662 0.9110
vn 0.3774 -0.1662 -0.9110
vn 0.1924 -0.1662 -0.9671
vn -0.8199 -0.1662 0.5478
vn -0.0000 -0.1662 0.9861
vn 0.5478 -0.1662 -0.8199
vn 0.6973 -0.1662 -0.6973
vn 0.8199 -0.1662 -0.5478
vn -0.9861 -0.1662 -0.0000
vn 0.9110 -0.1662 -0.3774
vn -0.9671 -0.1662 -0.1924
vn 0.9671 -0.1662 -0.1924
vn -0.9110 -0.1662 -0.3774
vn 0.9861 -0.1662 -0.0000
vn -0.8199 -0.1662 -0.5478
vn 0.9671 -0.1662 0.1924
vn -0.6973 -0.1662 -0.6973
vn 0.9110 -0.1662 0.3774
vn -0.5478 -0.1662 -0.8199
vn 0.8199 -0.1662 0.5478
vn -0.3774 -0.1662 -0.9110
vn -0.1924 -0.1662 0.9671
vn 0.6973 -0.1662 0.6973
vn -0.1924 -0.1662 -0.9671
vn -0.3774 -0.1662 0.9110
vn 0.5478 -0.1662 0.8199
vn -0.0000 -0.1662 -0.9861
vn -0.9048 -0.2021 -0.3748
vn -0.8961 -0.2433 -0.3712
vn -0.9513 -0.2433 -0.1892
vn -0.9605 -0.2021 -0.1911
vn 0.8143 -0.2021 -0.5441
vn 0.6925 -0.2021 -0.6925
vn -0.9794 -0.2021 -0.0000
vn 0.9048 -0.2021 -0.3748
vn 0.9605 -0.2021 -0.1911
vn 0.9794 -0.2021 -0.0000
vn -0.8143 -0.2021 -0.5441
vn 0.9605 -0.2021 0.1911
vn -0.6925 -0.2021 -0.6925
vn 0.9048 -0.2021 0.3748
vn -0.5441 -0.2021 -0.8143
vn 0.8143 -0.2021 0.5441
vn -0.3748 -0.2021 -0.9048
vn -0.1911 -0.2021 0.9605
vn -0.0000 -0.2021 0.9794
vn 0.6925 -0.2021 0.6925
vn -0.1911 -0.2021 -0.9605
vn -0.3748 -0.2021 0.9048
vn 0.5441 -0.2021 0.8143
vn -0.0000 -0.2021 -0.9794
vn -0.5441 -0.2021 0.8143
vn 0.3748 -0.2021 0.9048
vn 0.1911 -0.2021 -0.9605
vn -0.6925 -0.2021 0.6925
vn 0.1911 -0.2021 0.9605
vn 0.3748 -0.2021 -0.9048
vn -0.8143 -0.2021 0.5441
vn 0.5441 -0.2021 -0.8143
vn -0.5389 -0.2433 -0.8065
vn -0.5265 -0.3190 -0.7880
vn -0.6702 -0.3190 -0.6702
vn -0.6859 -0.2433 -0.6859
vn 0.9700 -0.2433 -0.0000
vn 0.9513 -0.2433 -0.1892
vn -0.8065 -0.2433 -0.5389
vn 0.9513 -0.2433 0.1892
vn 0.8961 -0.2433 0.3712
vn 0.8065 -0.2433 0.5389
vn -0.3712 -0.2433 -0.8961
vn -0.1892 -0.2433 0.9513
vn -0.0000 -0.2433 0.9700
vn 0.6859 -0.2433 0.6859
vn -0.1892 -0.2433 -0.9513
vn -0.3712 -0.2433 0.8961
vn 0.5389 -0.2433 0.8065
vn -0.0000 -0.2433 -0.9700
vn -0.5389 -0.2433 0.8065
vn 0.3712 -0.2433 0.8961
vn 0.1892 -0.2433 -0.9513
vn -0.6859 -0.2433 0.6859
vn 0.1892 -0.2433 0.9513
vn 0.3712 -0.2433 -0.8961
vn -0.8065 -0.2433 0.5389
vn 0.5389 -0.2433 -0.8065
vn -0.8961 -0.2433 0.3712
vn 0.6859 -0.2433 -0.6859
vn -0.9513 -0.2433 0.1892
vn 0.8065 -0.2433 -0.5389
vn -0.9700 -0.2433 -0.0000
vn 0.8961 -0.2433 -0.3712
vn -0.0000 -0.3190 -0.9477
vn -0.0000 -0.3384 -0.9410
vn -0.1836 -0.3384 -0.9229
vn -0.1849 -0.3190 -0.9295
vn 0.7880 -0.3190 0.5265
vn 0.8756 -0.3190 0.3627
vn -0.3627 -0.3190 -0.8756
vn -0.1849 -0.3190 0.9295
vn -0.0000 -0.3190 0.9477
vn 0.6702 -0.3190 0.6702
vn -0.3627 -0.3190 0.8756
vn 0.5265 -0.3190 0.7880
vn -0.5265 -0.3190 0.7880
vn 0.3627 -0.3190 0.8756
vn 0.1849 -0.3190 -0.9295
vn -0.6702 -0.3190 0.6702
vn 0.1849 -0.3190 0.9295
vn 0.3627 -0.3190 -0.8756
vn -0.7880 -0.3190 0.5265
vn 0.5265 -0.3190 -0.7880
vn -0.8756 -0.3190 0.3627
vn 0.6702 -0.3190 -0.6702
vn -0.9295 -0.3190 0.1849
vn 0.7880 -0.3190 -0.5265
vn -0.9477 -0.3190 -0.0000
vn 0.8756 -0.3190 -0.3627
vn -0.9295 -0.3190 -0.1849
vn 0.9295 -0.3190 -0.1849
vn -0.8756 -0.3190 -0.3627
vn 0.9477 -0.3190 -0.0000
vn -0.7880 -0.3190 -0.5265
vn 0.9295 -0.3190 0.1849
vn 0.5228 -0.3384 -0.7824
vn 0.5214 -0.3455 -0.7803
vn 0.3591 -0.3455 -0.8670
vn 0.3601 -0.3384 -0.8694
vn -0.5228 -0.3384 0.7824
vn -0.3601 -0.3384 0.8694
vn 0.3601 -0.3384 0.8694
vn 0.5228 -0.3384 0.7824
vn 0.1836 -0.3384 -0.9229
vn -0.6654 -0.3384 0.6654
vn 0.1836 -0.3384 0.9229
vn -0.7824 -0.3384 0.5228
vn -0.0000 -0.3384 0.9410
vn -0.8694 -0.3384 0.3601
vn 0.6654 -0.3384 -0.6654
vn -0.9229 -0.3384 0.1836
vn 0.7824 -0.3384 -0.5228
vn -0.9410 -0.3384 -0.0000
vn 0.8694 -0.3384 -0.3601
vn -0.9229 -0.3384 -0.1836
vn 0.9229 -0.3384 -0.1836
vn -0.8694 -0.3384 -0.3601
vn 0.9410 -0.3384 -0.0000
vn -0.7824 -0.3384 -0.5228
vn 0.9229 -0.3384 0.1836
vn -0.6654 -0.3384 -0.6654
vn 0.8694 -0.3384 0.3601
vn -0.5228 -0.3384 -0.7824
vn 0.7824 -0.3384 0.5228
vn -0.3601 -0.3384 -0.8694
vn -0.1836 -0.3384 0.9229
vn 0.6654 -0.3384 0.6654
vn 0.8670 -0.3455 -0.3591
vn 0.8605 -0.3641 -0.3564
vn 0.7744 -0.3641 -0.5174
vn 0.7803 -0.3455 -0.5214
vn -0.8670 -0.3455 0.3591
vn -0.7803 -0.3455 0.5214
vn 0.6636 -0.3455 -0.6636
vn -0.9204 -0.3455 0.1831
vn -0.9384 -0.3455 -0.0000
vn -0.9204 -0.3455 -0.1831
vn 0.9204 -0.3455 -0.1831
vn -0.8670 -0.3455 -0.3591
vn 0.9384 -0.3455 -0.0000
vn -0.7803 -0.3455 -0.5214
vn 0.9204 -0.3455 0.1831
vn -0.6636 -0.3455 -0.6636
vn 0.8670 -0.3455 0.3591
vn -0.5214 -0.3455 -0.7803
vn 0.7803 -0.3455 0.5214
vn -0.3591 -0.3455 -0.8670
vn -0.1831 -0.3455 0.9204
vn -0.0000 -0.3455 0.9384
vn 0.6636 -0.3455 0.6636
vn -0.1831 -0.3455 -0.9204
vn -0.3591 -0.3455 0.8670
vn 0.5214 -0.3455 0.7803
vn -0.0000 -0.3455 -0.9384
vn -0.5214 -0.3455 0.7803
vn 0.3591 -0.3455 0.8670
vn 0.1831 -0.3455 -0.9204
vn -0.6636 -0.3455 0.6636
vn 0.1831 -0.3455 0.9204
vn 0.9135 -0.3641 0.1817
vn 0.9235 -0.3368 0.1837
vn 0.9416 -0.3368 -0.0000
vn 0.9314 -0.3641 -0.0000
vn -0.9135 -0.3641 -0.1817
vn -0.9314 -0.3641 -0.0000
vn 0.9135 -0.3641 -0.1817
vn -0.8605 -0.3641 -0.3564
vn -0.7744 -0.3641 -0.5174
vn -0.6586 -0.3641 -0.6586
vn 0.8605 -0.3641 0.3564
vn -0.5174 -0.3641 -0.7744
vn 0.7744 -0.3641 0.5174
vn -0.3564 -0.3641 -0.8605
vn -0.1817 -0.3641 0.9135
vn -0.0000 -0.3641 0.9314
vn 0.6586 -0.3641 0.6586
vn -0.1817 -0.3641 -0.9135
vn -0.3564 -0.3641 0.8605
vn 0.5174 -0.3641 0.7744
vn -0.0000 -0.3641 -0.9314
vn -0.5174 -0.3641 0.7744
vn 0.3564 -0.3641 0.8605
vn 0.1817 -0.3641 -0.9135
vn -0.6586 -0.3641 0.6586
vn 0.1817 -0.3641 0.9135
vn 0.3564 -0.3641 -0.8605
vn -0.7744 -0.3641 0.5174
vn 0.5174 -0.3641 -0.7744
vn -0.8605 -0.3641 0.3564
vn 0.6586 -0.3641 -0.6586
vn -0.9135 -0.3641 0.1817
vn 0.6658 -0.3368 0.6658
vn 0.6579 -0.3665 0.6579
vn 0.7736 -0.3665 0.5169
vn 0.7829 -0.3368 0.5231
vn -0.6658 -0.3368 -0.6658
vn -0.7829 -0.3368 -0.5231
vn 0.8699 -0.3368 0.3603
vn -0.5231 -0.3368 -0.7829
vn -0.3603 -0.3368 -0.8699
vn -0.1837 -0.3368 0.9235
vn -0.0000 -0.3368 0.9416
vn -0.1837 -0.3368 -0.9235
vn -0.3603 -0.3368 0.8699
vn 0.5231 -0.3368 0.7829
vn -0.0000 -0.3368 -0.9416
vn -0.5231 -0.3368 0.7829
vn 0.3603 -0.3368 0.8699
vn 0.1837 -0.3368 -0.9235
vn -0.6658 -0.3368 0.6658
vn 0.1837 -0.3368 0.9235
vn 0.3603 -0.3368 -0.8699
vn -0.7829 -0.3368 0.5231
vn 0.5231 -0.3368 -0.7829
vn -0.8699 -0.3368 0.3603
vn 0.6658 -0.3368 -0.6658
vn -0.9235 -0.3368 0.1837
vn 0.7829 -0.3368 -0.5231
vn -0.9416 -0.3368 -0.0000
vn 0.8699 -0.3368 -0.3603
vn -0.9235 -0.3368 -0.1837
vn 0.9235 -0.3368 -0.1837
vn -0.8699 -0.3368 -0.3603
vn 0.1815 -0.3665 0.9126
vn 0.1774 -0.4166 0.8916
vn 0.3479 -0.4165 0.8399
vn 0.3561 -0.3665 0.8596
vn -0.1815 -0.3665 -0.9126
vn -0.3561 -0.3665 -0.8596
vn -0.3561 -0.3665 0.8596
vn -0.1815 -0.3665 0.9126
vn 0.5169 -0.3665 0.7736
vn -0.0000 -0.3665 -0.9304
vn -0.5169 -0.3665 0.7736
vn 0.1815 -0.3665 -0.9126
vn -0.6579 -0.3665 0.6579
vn 0.3561 -0.3665 -0.8596
vn -0.7736 -0.3665 0.5169
vn -0.0000 -0.3665 0.9304
vn 0.5169 -0.3665 -0.7736
vn -0.8596 -0.3665 0.3561
vn 0.6579 -0.3665 -0.6579
vn -0.9126 -0.3665 0.1815
vn 0.7736 -0.3665 -0.5169
vn -0.9304 -0.3665 -0.0000
vn 0.8596 -0.3665 -0.3561
vn -0.9126 -0.3665 -0.1815
vn 0.9126 -0.3665 -0.1815
vn -0.8596 -0.3665 -0.3561
vn 0.9304 -0.3665 -0.0000
vn -0.7736 -0.3665 -0.5169
vn 0.9126 -0.3665 0.1815
vn -0.6579 -0.3665 -0.6579
vn 0.8596 -0.3665 0.3561
vn -0.5169 -0.3665 -0.7736
vn -0.9091 -0.4165 -0.0000
vn -0.9434 -0.3316 -0.0000
vn -0.9253 -0.3316 0.1840
vn -0.8916 -0.4165 0.1774
vn 0.3479 -0.4165 -0.8399
vn 0.1774 -0.4165 -0.8916
vn -0.7559 -0.4165 0.5051
vn -0.6428 -0.4165 0.6428
vn 0.5051 -0.4165 -0.7559
vn -0.8399 -0.4165 0.3479
vn 0.6428 -0.4165 -0.6428
vn 0.7559 -0.4165 -0.5051
vn 0.8399 -0.4165 -0.3479
vn -0.8916 -0.4165 -0.1774
vn 0.8916 -0.4165 -0.1774
vn -0.8399 -0.4165 -0.3479
vn 0.9091 -0.4165 -0.0000
vn -0.7559 -0.4165 -0.5051
vn 0.8916 -0.4165 0.1774
vn -0.6428 -0.4165 -0.6428
vn 0.8399 -0.4165 0.3479
vn -0.5051 -0.4165 -0.7559
vn 0.7559 -0.4165 0.5051
vn -0.3479 -0.4165 -0.8399
vn 0.6428 -0.4165 0.6428
vn -0.1774 -0.4165 -0.8916
vn -0.3479 -0.4165 0.8399
vn 0.5051 -0.4165 0.7559
vn -0.0000 -0.4165 -0.9091
vn -0.5051 -0.4165 0.7559
vn 0.8716 -0.3316 -0.3610
vn 0.7844 -0.3316 -0.5241
vn -0.9253 -0.3316 -0.1840
vn 0.9253 -0.3316 -0.1840
vn -0.8716 -0.3316 -0.3610
vn 0.9434 -0.3316 -0.0000
vn -0.7844 -0.3316 -0.5241
vn 0.9253 -0.3316 0.1840
vn -0.6671 -0.3316 -0.6671
vn 0.8716 -0.3316 0.3610
vn -0.5241 -0.3316 -0.7844
vn 0.7844 -0.3316 0.5241
vn -0.3610 -0.3316 -0.8716
vn 0.6671 -0.3316 0.6671
vn -0.1841 -0.3316 -0.9253
vn -0.3610 -0.3316 0.8716
vn 0.5241 -0.3316 0.7844
vn -0.0000 -0.3316 -0.9434
vn 0.1840 -0.3316 0.9253
vn 0.3610 -0.3316 0.8716
vn 0.1840 -0.3316 -0.9253
vn -0.6671 -0.3316 0.6671
vn -0.5241 -0.3316 0.7844
vn 0.3610 -0.3316 -0.8716
vn -0.7844 -0.3316 0.5241
vn 0.5241 -0.3316 -0.7844
vn -0.8716 -0.3316 0.3610
vn 0.6671 -0.3316 -0.6671
vn 0.3302 0.5054 -0.7972
vn 0.4794 0.5054 -0.7175
vn 0.6102 0.5054 -0.6102
vn 0.7175 0.5054 -0.4794
vn 0.7972 0.5054 -0.3302
vn 0.8463 0.5054 -0.1683
vn 0.8629 0.5054 -0.0000
vn 0.8463 0.5054 0.1683
vn 0.7972 0.5054 0.3302
vn 0.7175 0.5054 0.4794
vn 0.6102 0.5054 0.6102
vn 0.4794 0.5054 0.7175
vn 0.3302 0.5054 0.7972
vn 0.1683 0.5054 0.8463
vn -0.0000 0.5054 0.8629
vn -0.1683 0.5054 0.8463
vn -0.3302 0.5054 0.7972
vn -0.4794 0.5054 0.7175
vn -0.6102 0.5054 0.6102
vn -0.7175 0.5054 0.4794
vn -0.7972 0.5054 0.3302
vn -0.8463 0.5054 0.1683
vn -0.8629 0.5054 -0.0000
vn -0.8463 0.5054 -0.1683
vn -0.7972 0.5054 -0.3302
vn -0.7175 0.5054 -0.4794
vn -0.6102 0.5054 -0.6102
vn -0.4794 0.5054 -0.7175
vn -0.3302 0.5054 -0.7972
vn -0.1683 0.5054 -0.8463
vn -0.1753 0.9688 0.1753
vn -0.2056 0.9684 0.1413
vn -0.2419 0.9567 0.1617
vn -0.2058 0.9567 0.2058
vn 0.0504 0.9687 -0.2432
vn 0.0979 0.9686 -0.2286
vn 0.1114 0.9567 -0.2689
vn 0.0567 0.9567 -0.2854
vn 0.0979 0.9686 0.2286
vn 0.0504 0.9687 0.2431
vn 0.0567 0.9567 0.2854
vn 0.1114 0.9567 0.2689
vn -0.1402 0.9686 0.2055
vn -0.1617 0.9567 0.2419
vn -0.0000 0.9687 -0.2481
vn -0.0000 0.9567 -0.2910
vn 0.1402 0.9686 0.2055
vn 0.1617 0.9567 0.2419
vn -0.0979 0.9686 0.2286
vn -0.1114 0.9567 0.2689
vn -0.0504 0.9687 -0.2432
vn -0.0567 0.9567 -0.2854
vn 0.1753 0.9688 0.1753
vn 0.2058 0.9567 0.2058
vn -0.0504 0.9687 0.2431
vn -0.0567 0.9567 0.2854
vn -0.0979 0.9686 -0.2286
vn -0.1114 0.9567 -0.2689
vn 0.2056 0.9684 0.1413
vn 0.2419 0.9567 0.1617
vn -0.0000 0.9687 0.2481
vn -0.0000 0.9567 0.2910
vn -0.1402 0.9686 -0.2055
vn -0.1617 0.9567 -0.2419
vn 0.2287 0.9684 0.0994
vn 0.2689 0.9567 0.1113
vn -0.1753 0.9688 -0.1753
vn -0.2058 0.9567 -0.2058
vn 0.2433 0.9686 0.0514
vn 0.2854 0.9567 0.0567
vn -0.2056 0.9684 -0.1413
vn -0.2419 0.9567 -0.1617
vn 0.2483 0.9687 -0.0000
vn 0.2910 0.9567 -0.0000
vn -0.2287 0.9684 -0.0994
vn -0.2689 0.9567 -0.1113
vn 0.2433 0.9686 -0.0514
vn 0.2854 0.9567 -0.0567
vn -0.2433 0.9686 -0.0514
vn -0.2854 0.9567 -0.0567
vn 0.2287 0.9684 -0.0994
vn 0.2689 0.9567 -0.1113
vn -0.2483 0.9687 -0.0000
vn -0.2910 0.9567 -0.0000
vn 0.2056 0.9684 -0.1413
vn 0.2419 0.9567 -0.1617
vn -0.2433 0.9686 0.0514
vn -0.2854 0.9567 0.0567
vn 0.1753 0.9688 -0.1753
vn 0.2058 0.9567 -0.2058
vn -0.2287 0.9684 0.0994
vn -0.2689 0.9567 0.1113
vn 0.1402 0.9686 -0.2055
vn 0.1617 0.9567 -0.2420
vn -0.1888 0.9633 -0.1910
vn -0.2263 0.9629 -0.1468
vn -0.2531 0.9640 -0.0809
vn -0.2630 0.9648 -0.0000
vn -0.2531 0.9640 0.0809
vn -0.2263 0.9629 0.1468
vn -0.1888 0.9633 0.1910
vn -0.1417 0.9631 -0.2289
vn -0.1842 0.9640 -0.1916
vn -0.2191 0.9692 -0.1128
vn -0.2331 0.9724 -0.0000
vn -0.2191 0.9692 0.1128
vn -0.1842 0.9640 0.1916
vn -0.1417 0.9631 0.2289
vn -0.0765 0.9638 -0.2553
vn -0.1056 0.9683 -0.2266
vn -0.1325 0.9811 -0.1408
vn -0.1443 0.9895 -0.0000
vn -0.1325 0.9811 0.1408
vn -0.1056 0.9683 0.2266
vn -0.0765 0.9638 0.2553
vn -0.0000 0.9643 -0.2648
vn -0.0000 0.9707 -0.2402
vn -0.0000 0.9883 -0.1526
vn -0.0000 1.0000 -0.0000
vn -0.0000 0.9883 0.1526
vn -0.0000 0.9707 0.2402
vn -0.0000 0.9643 0.2648
vn 0.0765 0.9638 -0.2553
vn 0.1055 0.9683 -0.2266
vn 0.1325 0.9811 -0.1408
vn 0.1443 0.9895 -0.0000
vn 0.1325 0.9811 0.1408
vn 0.1056 0.9683 0.2266
vn 0.0765 0.9638 0.2553
vn 0.1417 0.9631 -0.2289
vn 0.1842 0.9640 -0.1916
vn 0.2191 0.9692 -0.1128
vn 0.2331 0.9724 -0.0000
vn 0.2191 0.9692 0.1128
vn 0.1842 0.9640 0.1916
vn 0.1417 0.9631 0.2289
vn 0.1888 0.9633 -0.1910
vn 0.2263 0.9629 -0.1468
vn 0.2531 0.9640 -0.0809
vn 0.2630 0.9648 -0.0000
vn 0.2531 0.9640 0.0809
vn 0.2263 0.9629 0.1468
vn 0.1888 0.9633 0.1910
vn -0.2895 0.9374 0.1935
vn -0.2923 0.9362 0.1954
vn -0.2486 0.9362 0.2486
vn -0.2463 0.9374 0.2463
vn 0.1333 0.9374 -0.3217
vn 0.1345 0.9362 -0.3248
vn 0.0685 0.9362 -0.3448
vn 0.0679 0.9374 -0.3416
vn 0.0679 0.9374 0.3416
vn 0.0685 0.9362 0.3448
vn 0.1345 0.9362 0.3248
vn 0.1333 0.9374 0.3217
vn -0.1954 0.9362 0.2923
vn -0.1935 0.9374 0.2895
vn -0.0000 0.9362 -0.3516
vn -0.0000 0.9374 -0.3483
vn 0.1954 0.9362 0.2923
vn 0.1935 0.9374 0.2895
vn -0.1345 0.9362 0.3248
vn -0.1333 0.9374 0.3217
vn -0.0685 0.9362 -0.3448
vn -0.0679 0.9374 -0.3416
vn 0.2486 0.9362 0.2486
vn 0.2463 0.9374 0.2463
vn -0.0685 0.9362 0.3448
vn -0.0679 0.9374 0.3416
vn -0.1345 0.9362 -0.3248
vn -0.1333 0.9374 -0.3217
vn 0.2923 0.9362 0.1954
vn 0.2895 0.9374 0.1935
vn -0.0000 0.9362 0.3516
vn -0.0000 0.9374 0.3483
vn -0.1954 0.9362 -0.2923
vn -0.1935 0.9374 -0.2895
vn 0.3248 0.9362 0.1345
vn 0.3217 0.9374 0.1333
vn -0.2486 0.9362 -0.2486
vn -0.2463 0.9374 -0.2463
vn 0.3448 0.9362 0.0685
vn 0.3416 0.9374 0.0679
vn -0.2923 0.9362 -0.1953
vn -0.2895 0.9374 -0.1935
vn 0.3516 0.9362 -0.0000
vn 0.3483 0.9374 -0.0000
vn -0.3248 0.9362 -0.1345
vn -0.3217 0.9374 -0.1333
vn 0.3448 0.9362 -0.0685
vn 0.3416 0.9374 -0.0679
vn -0.3448 0.9362 -0.0685
vn -0.3416 0.9374 -0.0679
vn 0.3248 0.9362 -0.1345
vn 0.3217 0.9374 -0.1333
vn -0.3516 0.9362 -0.0000
vn -0.3483 0.9374 -0.0000
vn 0.2923 0.9362 -0.1954
vn 0.2895 0.9374 -0.1935
vn -0.3448 0.9362 0.0685
vn -0.3416 0.9374 0.0679
vn 0.2486 0.9362 -0.2486
vn 0.2463 0.9374 -0.2463
vn -0.3248 0.9362 0.1345
vn -0.3217 0.9374 0.1333
vn 0.1953 0.9362 -0.2923
vn 0.1935 0.9374 -0.2895
vn -0.0000 0.3552 -0.9348
vn 0.1824 0.3552 -0.9168
vn -0.0000 0.6499 -0.7600
vn 0.1483 0.6499 -0.7454
vn -0.0000 0.8680 -0.4966
vn 0.0969 0.8680 -0.4871
vn 0.3577 0.3552 -0.8636
vn 0.2908 0.6499 -0.7022
vn 0.1901 0.8680 -0.4588
vn 0.5193 0.3552 -0.7773
vn 0.4222 0.6499 -0.6319
vn 0.2759 0.8680 -0.4129
vn 0.7691 -0.3799 -0.5139
vn 0.6541 -0.3799 -0.6541
vn 0.5916 -0.7026 -0.3953
vn 0.5031 -0.7027 -0.5031
vn 0.3255 -0.9202 -0.2175
vn 0.2768 -0.9202 -0.2768
vn 0.9250 -0.3799 -0.0000
vn 0.9073 -0.3799 -0.1805
vn 0.7115 -0.7026 -0.0000
vn 0.6979 -0.7027 -0.1388
vn 0.3915 -0.9202 -0.0000
vn 0.3840 -0.9202 -0.0764
vn 0.6610 0.3552 0.6610
vn 0.5193 0.3552 0.7773
vn 0.5374 0.6499 0.5374
vn 0.4222 0.6499 0.6319
vn 0.3512 0.8680 0.3512
vn 0.2759 0.8680 0.4129
vn 0.3577 0.3552 0.8636
vn 0.2908 0.6499 0.7022
vn 0.1900 0.8680 0.4588
vn 0.1805 -0.3799 0.9073
vn 0.3540 -0.3799 0.8546
vn 0.1388 -0.7027 0.6979
vn 0.2723 -0.7027 0.6574
vn 0.0764 -0.9202 0.3840
vn 0.1498 -0.9202 0.3617
vn -0.5193 0.3552 0.7773
vn -0.6610 0.3552 0.6610
vn -0.4222 0.6499 0.6319
vn -0.5374 0.6499 0.5374
vn -0.2759 0.8680 0.4129
vn -0.3512 0.8680 0.3512
vn -0.7773 0.3552 0.5193
vn -0.6319 0.6499 0.4222
vn -0.4129 0.8680 0.2759
vn -0.8636 0.3552 0.3577
vn -0.7022 0.6499 0.2908
vn -0.4588 0.8680 0.1900
vn -0.9168 0.3552 0.1824
vn -0.7454 0.6499 0.1483
vn -0.4871 0.8680 0.0969
vn -0.7691 -0.3799 -0.5139
vn -0.8546 -0.3799 -0.3540
vn -0.5916 -0.7027 -0.3953
vn -0.6574 -0.7027 -0.2723
vn -0.3255 -0.9202 -0.2175
vn -0.3617 -0.9202 -0.1498
vn -0.6541 -0.3799 -0.6541
vn -0.5031 -0.7027 -0.5031
vn -0.2768 -0.9202 -0.2768
vn -0.5139 -0.3799 -0.7691
vn -0.3953 -0.7027 -0.5916
vn -0.2175 -0.9202 -0.3255
vn -0.0000 0.7307 -0.6827
vn 0.1332 0.7307 -0.6696
vn -0.0000 0.9356 -0.3531
vn 0.0689 0.9356 -0.3463
vn -0.0000 0.9995 0.0306
vn -0.0060 0.9995 0.0301
vn -0.0000 0.9117 0.4109
vn -0.0802 0.9117 0.4030
vn 0.2613 0.7306 -0.6308
vn 0.1351 0.9356 -0.3262
vn -0.0117 0.9995 0.0283
vn -0.1573 0.9117 0.3797
vn 0.3793 0.7306 -0.5677
vn 0.1962 0.9356 -0.2936
vn -0.0171 0.9995 0.0255
vn -0.2283 0.9117 0.3417
vn 0.4828 0.7306 -0.4828
vn 0.2497 0.9356 -0.2497
vn -0.0217 0.9995 0.0217
vn -0.2906 0.9117 0.2906
vn 0.5677 0.7306 -0.3793
vn 0.2936 0.9356 -0.1962
vn -0.0255 0.9995 0.0171
vn -0.3417 0.9117 0.2283
vn 0.6308 0.7307 -0.2613
vn 0.3262 0.9356 -0.1351
vn -0.0283 0.9995 0.0117
vn -0.3796 0.9117 0.1573
vn 0.6696 0.7307 -0.1332
vn 0.3463 0.9356 -0.0689
vn -0.0301 0.9995 0.0060
vn -0.4030 0.9117 0.0802
vn 0.6827 0.7307 -0.0000
vn 0.3531 0.9356 -0.0000
vn -0.0306 0.9995 -0.0000
vn -0.4109 0.9117 -0.0000
vn 0.6696 0.7307 0.1332
vn 0.3463 0.9356 0.0689
vn -0.0301 0.9995 -0.0060
vn -0.4030 0.9117 -0.0802
vn 0.6308 0.7307 0.2613
vn 0.3262 0.9356 0.1351
vn -0.0284 0.9995 -0.0117
vn -0.3797 0.9117 -0.1573
vn 0.5677 0.7306 0.3793
vn 0.2936 0.9356 0.1962
vn -0.0255 0.9995 -0.0171
vn -0.3417 0.9117 -0.2283
vn 0.4828 0.7306 0.4828
vn 0.2497 0.9356 0.2497
vn -0.0217 0.9995 -0.0217
vn -0.2906 0.9117 -0.2906
vn 0.3793 0.7306 0.5677
vn 0.1962 0.9356 0.2936
vn -0.0170 0.9995 -0.0255
vn -0.2283 0.9117 -0.3417
vn 0.2613 0.7306 0.6308
vn 0.1351 0.9356 0.3262
vn -0.0117 0.9995 -0.0284
vn -0.1573 0.9117 -0.3797
vn 0.1332 0.7307 0.6696
vn 0.0689 0.9356 0.3463
vn -0.0060 0.9995 -0.0301
vn -0.0802 0.9117 -0.4030
vn -0.0000 0.7307 0.6827
vn -0.0000 0.9356 0.3531
vn -0.0000 0.9995 -0.0306
vn -0.0000 0.9117 -0.4109
vn -0.1332 0.7307 0.6696
vn -0.0689 0.9356 0.3463
vn 0.0060 0.9995 -0.0301
vn 0.0802 0.9117 -0.4030
vn -0.2613 0.7307 0.6308
vn -0.1351 0.9356 0.3262
vn 0.0117 0.9995 -0.0283
vn 0.1573 0.9117 -0.3797
vn -0.3793 0.7306 0.5677
vn -0.1962 0.9356 0.2936
vn 0.0171 0.9995 -0.0255
vn 0.2283 0.9117 -0.3417
vn -0.4828 0.7306 0.4828
vn -0.2496 0.9356 0.2497
vn 0.0217 0.9995 -0.0217
vn 0.2906 0.9117 -0.2906
vn -0.5677 0.7306 0.3793
vn -0.2936 0.9356 0.1962
vn 0.0255 0.9995 -0.0170
vn 0.3417 0.9117 -0.2283
vn -0.6308 0.7307 0.2613
vn -0.3262 0.9356 0.1351
vn 0.0284 0.9995 -0.0117
vn 0.3797 0.9117 -0.1573
vn -0.6696 0.7307 0.1332
vn -0.3463 0.9356 0.0689
vn 0.0301 0.9995 -0.0060
vn 0.4030 0.9117 -0.0802
vn -0.6827 0.7307 -0.0000
vn -0.3531 0.9356 -0.0000
vn 0.0307 0.9995 -0.0000
vn 0.4109 0.9117 -0.0000
vn -0.6696 0.7307 -0.1332
vn -0.3463 0.9356 -0.0689
vn 0.0301 0.9995 0.0060
vn 0.4030 0.9117 0.0802
vn -0.6308 0.7306 -0.2613
vn -0.3262 0.9356 -0.1351
vn 0.0283 0.9995 0.0117
vn 0.3796 0.9117 0.1573
vn -0.5677 0.7306 -0.3793
vn -0.2936 0.9356 -0.1962
vn 0.0255 0.9995 0.0171
vn 0.3417 0.9117 0.2283
vn -0.4828 0.7306 -0.4828
vn -0.2497 0.9356 -0.2497
vn 0.0217 0.9995 0.0217
vn 0.2906 0.9117 0.2906
vn -0.3793 0.7306 -0.5677
vn -0.1962 0.9356 -0.2936
vn 0.0170 0.9995 0.0255
vn 0.2283 0.9117 0.3417
vn -0.2613 0.7306 -0.6308
vn -0.1351 0.9356 -0.3262
vn 0.0117 0.9995 0.0283
vn 0.1573 0.9117 0.3796
vn -0.1332 0.7307 -0.6696
vn -0.0689 0.9356 -0.3463
vn 0.0060 0.9995 0.0301
vn 0.0802 0.9117 0.4030
vn 0.3540 -0.3799 -0.8546
vn 0.1805 -0.3799 -0.9073
vn 0.2723 -0.7027 -0.6574
vn 0.1388 -0.7027 -0.6979
vn 0.1498 -0.9202 -0.3617
vn 0.0764 -0.9202 -0.3840
vn 0.5139 -0.3799 -0.7691
vn 0.3953 -0.7027 -0.5916
vn 0.2175 -0.9202 -0.3255
vn 0.9348 0.3552 -0.0000
vn 0.9168 0.3552 0.1824
vn 0.7600 0.6499 -0.0000
vn 0.7454 0.6499 0.1483
vn 0.4966 0.8680 -0.0000
vn 0.4871 0.8680 0.0969
vn 0.6541 -0.3799 0.6541
vn 0.7691 -0.3799 0.5139
vn 0.5031 -0.7027 0.5031
vn 0.5916 -0.7027 0.3953
vn 0.2768 -0.9202 0.2768
vn 0.3255 -0.9202 0.2175
vn 0.5139 -0.3799 0.7691
vn 0.3953 -0.7027 0.5916
vn 0.2175 -0.9202 0.3255
vn 0.1824 0.3552 0.9168
vn -0.0000 0.3552 0.9348
vn 0.1483 0.6499 0.7454
vn -0.0000 0.6499 0.7600
vn 0.0969 0.8680 0.4871
vn -0.0000 0.8680 0.4966
vn -0.1824 0.3552 0.9168
vn -0.1483 0.6499 0.7454
vn -0.0969 0.8680 0.4871
vn -0.3577 0.3552 0.8636
vn -0.2908 0.6499 0.7022
vn -0.1900 0.8680 0.4588
vn -0.9073 -0.3799 0.1805
vn -0.8546 -0.3799 0.3540
vn -0.6979 -0.7027 0.1388
vn -0.6574 -0.7027 0.2723
vn -0.3840 -0.9202 0.0764
vn -0.3617 -0.9202 0.1498
vn -0.9250 -0.3799 -0.0000
vn -0.7115 -0.7026 -0.0000
vn -0.3915 -0.9202 -0.0000
vn -0.9073 -0.3799 -0.1805
vn -0.6979 -0.7026 -0.1388
vn -0.3840 -0.9202 -0.0764
vn -0.9348 0.3552 -0.0000
vn -0.9168 0.3552 -0.1824
vn -0.7600 0.6499 -0.0000
vn -0.7454 0.6499 -0.1483
vn -0.4966 0.8680 -0.0000
vn -0.4871 0.8680 -0.0969
vn -0.7773 0.3552 -0.5193
vn -0.6610 0.3552 -0.6610
vn -0.6319 0.6499 -0.4222
vn -0.5374 0.6499 -0.5374
vn -0.4129 0.8680 -0.2759
vn -0.3512 0.8680 -0.3512
vn -0.5193 0.3552 -0.7773
vn -0.4222 0.6499 -0.6319
vn -0.2759 0.8680 -0.4129
vn -0.1805 -0.3799 -0.9073
vn -0.3540 -0.3799 -0.8546
vn -0.1388 -0.7027 -0.6979
vn -0.2723 -0.7027 -0.6574
vn -0.0764 -0.9202 -0.3840
vn -0.1498 -0.9202 -0.3617
vn -0.0000 0.6838 0.7297
vn -0.1424 0.6838 0.7156
vn -0.0000 0.3491 0.9371
vn -0.1828 0.3491 0.9191
vn -0.0000 -0.0412 0.9992
vn -0.1949 -0.0412 0.9800
vn -0.2792 0.6838 0.6741
vn -0.3586 0.3492 0.8657
vn -0.3824 -0.0412 0.9231
vn -0.4054 0.6838 0.6067
vn -0.5206 0.3492 0.7791
vn -0.5551 -0.0412 0.8308
vn -0.5160 0.6838 0.5160
vn -0.6626 0.3492 0.6626
vn -0.7065 -0.0413 0.7065
vn -0.6067 0.6838 0.4054
vn -0.7791 0.3492 0.5206
vn -0.8308 -0.0412 0.5551
vn -0.6741 0.6838 0.2792
vn -0.8657 0.3492 0.3586
vn -0.9231 -0.0412 0.3824
vn -0.7156 0.6838 0.1423
vn -0.9191 0.3491 0.1828
vn -0.9800 -0.0412 0.1949
vn -0.7297 0.6838 -0.0000
vn -0.9371 0.3491 -0.0000
vn -0.9991 -0.0412 -0.0000
vn -0.7156 0.6838 -0.1423
vn -0.9191 0.3491 -0.1828
vn -0.9800 -0.0412 -0.1949
vn -0.6741 0.6838 -0.2792
vn -0.8657 0.3492 -0.3586
vn -0.9231 -0.0412 -0.3824
vn -0.6067 0.6838 -0.4054
vn -0.7791 0.3492 -0.5206
vn -0.8308 -0.0412 -0.5551
vn -0.5160 0.6838 -0.5159
vn -0.6626 0.3492 -0.6626
vn -0.7065 -0.0412 -0.7065
vn -0.4054 0.6838 -0.6067
vn -0.5206 0.3492 -0.7791
vn -0.5551 -0.0412 -0.8308
vn -0.2792 0.6838 -0.6741
vn -0.3586 0.3492 -0.8657
vn -0.3824 -0.0412 -0.9231
vn -0.1423 0.6838 -0.7156
vn -0.1828 0.3491 -0.9191
vn -0.1949 -0.0412 -0.9800
vn -0.0000 0.6838 -0.7297
vn -0.0000 0.3491 -0.9371
vn -0.0000 -0.0412 -0.9991
vn 0.1423 0.6838 -0.7156
vn 0.1828 0.3491 -0.9191
vn 0.1949 -0.0412 -0.9800
vn 0.2792 0.6838 -0.6741
vn 0.3586 0.3492 -0.8657
vn 0.3824 -0.0412 -0.9231
vn 0.4054 0.6838 -0.6067
vn 0.5206 0.3492 -0.7791
vn 0.5551 -0.0412 -0.8308
vn 0.5159 0.6838 -0.5160
vn 0.6626 0.3492 -0.6626
vn 0.7065 -0.0412 -0.7065
vn 0.6067 0.6838 -0.4054
vn 0.7791 0.3492 -0.5206
vn 0.8308 -0.0412 -0.5551
vn 0.6741 0.6838 -0.2792
vn 0.8657 0.3492 -0.3586
vn 0.9231 -0.0412 -0.3824
vn 0.7156 0.6838 -0.1423
vn 0.9191 0.3491 -0.1828
vn 0.9800 -0.0412 -0.1949
vn 0.7296 0.6838 -0.0000
vn 0.9371 0.3491 -0.0000
vn 0.9991 -0.0412 -0.0000
vn 0.7156 0.6838 0.1424
vn 0.9191 0.3491 0.1828
vn 0.9800 -0.0412 0.1949
vn 0.6741 0.6838 0.2792
vn 0.8657 0.3491 0.3586
vn 0.9231 -0.0412 0.3824
vn 0.6067 0.6838 0.4054
vn 0.7791 0.3492 0.5206
vn 0.8308 -0.0412 0.5551
vn 0.5160 0.6838 0.5160
vn 0.6626 0.3492 0.6626
vn 0.7065 -0.0412 0.7065
vn 0.4054 0.6838 0.6067
vn 0.5206 0.3492 0.7791
vn 0.5551 -0.0412 0.8308
vn 0.2792 0.6838 0.6741
vn 0.3586 0.3492 0.8657
vn 0.3824 -0.0412 0.9231
vn 0.1424 0.6838 0.7156
vn 0.1828 0.3491 0.9191
vn 0.1949 -0.0412 0.9800
vn -0.0000 -0.3799 -0.9250
vn -0.0000 -0.7027 -0.7115
vn -0.0000 -0.9202 -0.3915
vn 0.6610 0.3552 -0.6610
vn 0.5374 0.6499 -0.5374
vn 0.3512 0.8680 -0.3512
vn 0.7773 0.3552 -0.5193
vn 0.6319 0.6499 -0.4222
vn 0.4129 0.8680 -0.2759
vn 0.8546 -0.3799 -0.3540
vn 0.6574 -0.7027 -0.2723
vn 0.3617 -0.9202 -0.1498
vn 0.8636 0.3552 -0.3577
vn 0.7022 0.6499 -0.2908
vn 0.4589 0.8680 -0.1900
vn 0.9168 0.3552 -0.1824
vn 0.7454 0.6499 -0.1483
vn 0.4871 0.8680 -0.0969
vn 0.9073 -0.3799 0.1805
vn 0.6979 -0.7027 0.1388
vn 0.3840 -0.9202 0.0764
vn 0.8546 -0.3799 0.3540
vn 0.6573 -0.7027 0.2723
vn 0.3617 -0.9202 0.1498
vn 0.8636 0.3552 0.3577
vn 0.7022 0.6499 0.2908
vn 0.4588 0.8680 0.1900
vn 0.7773 0.3552 0.5193
vn 0.6319 0.6499 0.4222
vn 0.4129 0.8680 0.2759
vn -0.0000 -0.3799 0.9250
vn -0.0000 -0.7027 0.7115
vn -0.0000 -0.9202 0.3915
vn -0.1805 -0.3799 0.9073
vn -0.1388 -0.7027 0.6979
vn -0.0764 -0.9202 0.3840
vn -0.3540 -0.3799 0.8546
vn -0.2723 -0.7027 0.6574
vn -0.1498 -0.9202 0.3617
vn -0.5139 -0.3799 0.7691
vn -0.3953 -0.7027 0.5916
vn -0.2175 -0.9202 0.3255
vn -0.6541 -0.3799 0.6541
vn -0.5031 -0.7027 0.5031
vn -0.2768 -0.9202 0.2768
vn -0.7691 -0.3799 0.5139
vn -0.5916 -0.7027 0.3953
vn -0.3255 -0.9202 0.2175
vn -0.8636 0.3552 -0.3577
vn -0.7022 0.6499 -0.2908
vn -0.4588 0.8680 -0.1900
vn -0.3577 0.3552 -0.8636
vn -0.2908 0.6499 -0.7022
vn -0.1900 0.8680 -0.4588
vn -0.1824 0.3552 -0.9168
vn -0.1483 0.6499 -0.7454
vn -0.0969 0.8680 -0.4871
vt 0.812941 0.937524
vt 0.812941 0.934662
vt 0.826970 0.934662
vt 0.826970 0.937524
vt 0.841000 0.911954
vt 0.855000 0.911954
vt 0.855000 0.933358
vt 0.841000 0.933358
vt 0.868941 0.937524
vt 0.868941 0.934662
vt 0.882797 0.934662
vt 0.882797 0.937524
vt 0.868941 0.911954
vt 0.882797 0.911954
vt 0.882797 0.933358
vt 0.868941 0.933358
vt 0.896555 0.911954
vt 0.910475 0.911954
vt 0.910475 0.933358
vt 0.896555 0.933358
vt 0.896555 0.934662
vt 0.896555 0.937524
vt 0.924510 0.911954
vt 0.938603 0.911954
vt 0.938603 0.933358
vt 0.924510 0.933358
vt 0.910475 0.937524
vt 0.910475 0.934662
vt 0.924510 0.934662
vt 0.924510 0.937524
vt 0.987239 0.122050
vt 0.990590 0.105202
vt 0.998996 0.106029
vt 0.995323 0.124501
vt 0.520199 0.911954
vt 0.534119 0.911954
vt 0.534119 0.933358
vt 0.520199 0.933358
vt 0.506164 0.937524
vt 0.506164 0.934662
vt 0.520199 0.934662
vt 0.520199 0.937524
vt 0.561733 0.911954
vt 0.575674 0.911954
vt 0.575674 0.933358
vt 0.561733 0.933358
vt 0.547877 0.911954
vt 0.547877 0.933358
vt 0.575674 0.937524
vt 0.575674 0.934662
vt 0.589675 0.934662
vt 0.589675 0.937524
vt 0.589675 0.911954
vt 0.589675 0.933358
vt 0.894797 0.183815
vt 0.911974 0.183815
vt 0.912803 0.192221
vt 0.893970 0.192221
vt 0.617734 0.937524
vt 0.617734 0.934662
vt 0.631734 0.934662
vt 0.631734 0.937524
vt 0.835653 0.152201
vt 0.847799 0.164346
vt 0.842441 0.170876
vt 0.829124 0.157560
vt 0.659531 0.911954
vt 0.673289 0.911954
vt 0.673289 0.933358
vt 0.659531 0.933358
vt 0.645675 0.911954
vt 0.645675 0.933358
vt 0.673289 0.937524
vt 0.673289 0.934662
vt 0.687209 0.934662
vt 0.687209 0.937524
vt 0.687209 0.911954
vt 0.687209 0.933358
vt 0.701244 0.937524
vt 0.701244 0.934662
vt 0.715337 0.934662
vt 0.715337 0.937524
vt 0.701244 0.911954
vt 0.715337 0.911954
vt 0.715337 0.933358
vt 0.701244 0.933358
vt 0.729430 0.911954
vt 0.743465 0.911954
vt 0.743465 0.933358
vt 0.729430 0.933358
vt 0.757385 0.911954
vt 0.757385 0.933358
vt 0.862082 0.019334
vt 0.847799 0.028878
vt 0.842440 0.022348
vt 0.858099 0.011885
vt 0.877952 0.012761
vt 0.875499 0.004678
vt 0.798940 0.937524
vt 0.798940 0.934662
vt 0.798940 0.911954
vt 0.812941 0.911954
vt 0.812941 0.933358
vt 0.798940 0.933358
vt 0.826970 0.911954
vt 0.826970 0.933358
vt 0.826970 0.843347
vt 0.812941 0.843347
vt 0.812941 0.676870
vt 0.826970 0.676870
vt 0.855000 0.843347
vt 0.841000 0.843347
vt 0.841000 0.676870
vt 0.855000 0.676870
vt 0.882797 0.843347
vt 0.868941 0.843347
vt 0.868941 0.676870
vt 0.882797 0.676870
vt 0.896555 0.843347
vt 0.896555 0.676870
vt 0.910475 0.843347
vt 0.910475 0.676870
vt 0.924510 0.843347
vt 0.924510 0.676870
vt 0.506164 0.843347
vt 0.492071 0.843347
vt 0.492071 0.676870
vt 0.506164 0.676870
vt 0.520199 0.843347
vt 0.520199 0.676870
vt 0.534119 0.843347
vt 0.534119 0.676870
vt 0.547877 0.843347
vt 0.547877 0.676870
vt 0.561733 0.843347
vt 0.561733 0.676870
vt 0.575674 0.843347
vt 0.575674 0.676870
vt 0.589675 0.843347
vt 0.589675 0.676870
vt 0.603704 0.843347
vt 0.603704 0.676870
vt 0.617734 0.843347
vt 0.617734 0.676870
vt 0.631734 0.843347
vt 0.631734 0.676870
vt 0.645675 0.843347
vt 0.645675 0.676870
vt 0.673289 0.843347
vt 0.659531 0.843347
vt 0.659531 0.676870
vt 0.673289 0.676870
vt 0.687209 0.843347
vt 0.687209 0.676870
vt 0.701244 0.843347
vt 0.701244 0.676870
vt 0.715337 0.843347
vt 0.715337 0.676870
vt 0.729430 0.843347
vt 0.729430 0.676870
vt 0.743465 0.843347
vt 0.743465 0.676870
vt 0.757385 0.843347
vt 0.757385 0.676870
vt 0.784999 0.843347
vt 0.771143 0.843347
vt 0.771143 0.676870
vt 0.784999 0.676870
vt 0.798940 0.843347
vt 0.798940 0.676870
vt 0.841000 0.934662
vt 0.841000 0.937524
vt 0.806608 0.169259
vt 0.806608 0.190510
vt 0.757654 0.190510
vt 0.757654 0.169259
vt 0.012300 0.636940
vt 0.003244 0.636940
vt 0.003244 0.611337
vt 0.012300 0.611337
vt 0.855000 0.937524
vt 0.855000 0.934662
vt 0.784999 0.937524
vt 0.784999 0.934662
vt 0.617734 0.911954
vt 0.631734 0.911954
vt 0.631734 0.933358
vt 0.617734 0.933358
vt 0.729430 0.934662
vt 0.729430 0.937524
vt 0.938603 0.934662
vt 0.938603 0.937524
vt 0.645675 0.934662
vt 0.645675 0.937524
vt 0.534119 0.934662
vt 0.534119 0.937524
vt 0.659531 0.937524
vt 0.659531 0.934662
vt 0.603704 0.911954
vt 0.603704 0.933358
vt 0.743465 0.937524
vt 0.743465 0.934662
vt 0.757385 0.934662
vt 0.757385 0.937524
vt 0.506164 0.911954
vt 0.506164 0.933358
vt 0.771143 0.911954
vt 0.771143 0.933358
vt 0.547877 0.934662
vt 0.547877 0.937524
vt 0.784999 0.911954
vt 0.784999 0.933358
vt 0.561733 0.934662
vt 0.561733 0.937524
vt 0.826970 0.898201
vt 0.841000 0.898201
vt 0.826970 0.884461
vt 0.841000 0.884461
vt 0.826970 0.870739
vt 0.841000 0.870739
vt 0.826970 0.857037
vt 0.841000 0.857037
vt 0.855000 0.898201
vt 0.855000 0.884461
vt 0.855000 0.870739
vt 0.855000 0.857037
vt 0.868941 0.898201
vt 0.868941 0.884461
vt 0.868941 0.870739
vt 0.868941 0.857037
vt 0.882797 0.898201
vt 0.882797 0.884461
vt 0.882797 0.870739
vt 0.882797 0.857037
vt 0.896555 0.898201
vt 0.896555 0.884461
vt 0.896555 0.870739
vt 0.896555 0.857037
vt 0.910475 0.898201
vt 0.910475 0.884461
vt 0.910475 0.870739
vt 0.910475 0.857037
vt 0.924510 0.898201
vt 0.924510 0.884461
vt 0.924510 0.870739
vt 0.924510 0.857037
vt 0.938603 0.898201
vt 0.938603 0.884461
vt 0.938603 0.870739
vt 0.938603 0.857037
vt 0.938603 0.843347
vt 0.492071 0.911954
vt 0.492071 0.898201
vt 0.506164 0.898201
vt 0.492071 0.884461
vt 0.506164 0.884461
vt 0.492071 0.870739
vt 0.506164 0.870739
vt 0.492071 0.857037
vt 0.506164 0.857037
vt 0.520199 0.898201
vt 0.520199 0.884461
vt 0.520199 0.870739
vt 0.520199 0.857037
vt 0.534119 0.898201
vt 0.534119 0.884461
vt 0.534119 0.870739
vt 0.534119 0.857037
vt 0.547877 0.898201
vt 0.547877 0.884461
vt 0.547877 0.870739
vt 0.561733 0.898201
vt 0.561733 0.884461
vt 0.561733 0.870739
vt 0.547877 0.857037
vt 0.561733 0.857037
vt 0.575674 0.898201
vt 0.575674 0.884461
vt 0.575674 0.870739
vt 0.575674 0.857037
vt 0.589675 0.898201
vt 0.589675 0.884461
vt 0.589675 0.870739
vt 0.589675 0.857037
vt 0.603704 0.898201
vt 0.603704 0.884461
vt 0.603704 0.870739
vt 0.603704 0.857037
vt 0.617734 0.898201
vt 0.617734 0.884461
vt 0.617734 0.870739
vt 0.631734 0.898201
vt 0.631734 0.884461
vt 0.631734 0.870739
vt 0.617734 0.857037
vt 0.631734 0.857037
vt 0.645675 0.898201
vt 0.645675 0.884461
vt 0.645675 0.870739
vt 0.645675 0.857037
vt 0.659531 0.898201
vt 0.659531 0.884461
vt 0.659531 0.870739
vt 0.659531 0.857037
vt 0.673289 0.898201
vt 0.673289 0.884461
vt 0.673289 0.870739
vt 0.673289 0.857037
vt 0.687209 0.898201
vt 0.687209 0.884461
vt 0.687209 0.870739
vt 0.687209 0.857037
vt 0.701244 0.898201
vt 0.701244 0.884461
vt 0.701244 0.870739
vt 0.701244 0.857037
vt 0.715337 0.898201
vt 0.715337 0.884461
vt 0.715337 0.870739
vt 0.715337 0.857037
vt 0.729430 0.898201
vt 0.729430 0.884461
vt 0.729430 0.870739
vt 0.729430 0.857037
vt 0.743465 0.898201
vt 0.743465 0.884461
vt 0.743465 0.870739
vt 0.743465 0.857037
vt 0.757385 0.898201
vt 0.757385 0.884461
vt 0.757385 0.870739
vt 0.757385 0.857037
vt 0.771143 0.898201
vt 0.771143 0.884461
vt 0.771143 0.870739
vt 0.771143 0.857037
vt 0.784999 0.898201
vt 0.784999 0.884461
vt 0.784999 0.870739
vt 0.784999 0.857037
vt 0.798940 0.898201
vt 0.798940 0.884461
vt 0.798940 0.870739
vt 0.798940 0.857037
vt 0.812941 0.884461
vt 0.812941 0.870739
vt 0.812941 0.857037
vt 0.757654 0.571017
vt 0.757654 0.592005
vt 0.722992 0.592005
vt 0.722992 0.571017
vt 0.806608 0.443869
vt 0.806608 0.464986
vt 0.757654 0.464986
vt 0.757654 0.443869
vt 0.806608 0.042774
vt 0.806608 0.063858
vt 0.757654 0.063858
vt 0.757654 0.042774
vt 0.806608 0.422881
vt 0.757654 0.422881
vt 0.806608 0.021515
vt 0.757654 0.021515
vt 0.806608 0.402042
vt 0.757654 0.402042
vt 0.806608 0.000167
vt 0.757654 0.000167
vt 0.806608 0.380957
vt 0.757654 0.380957
vt 0.806608 0.655188
vt 0.806608 0.676535
vt 0.757654 0.676535
vt 0.757654 0.655188
vt 0.806608 0.359698
vt 0.757654 0.359698
vt 0.806608 0.633929
vt 0.757654 0.633929
vt 0.806608 0.338351
vt 0.757654 0.338351
vt 0.806608 0.612844
vt 0.757654 0.612844
vt 0.806608 0.317004
vt 0.757654 0.317004
vt 0.806608 0.592005
vt 0.806608 0.295745
vt 0.757654 0.295745
vt 0.806608 0.571017
vt 0.806608 0.274660
vt 0.757654 0.274660
vt 0.806608 0.549900
vt 0.757654 0.549900
vt 0.806608 0.148009
vt 0.757654 0.148009
vt 0.806608 0.253821
vt 0.757654 0.253821
vt 0.806608 0.528694
vt 0.757654 0.528694
vt 0.806608 0.126802
vt 0.757654 0.126802
vt 0.806608 0.232834
vt 0.757654 0.232834
vt 0.806608 0.507443
vt 0.757654 0.507443
vt 0.806608 0.105685
vt 0.757654 0.105685
vt 0.806608 0.211716
vt 0.757654 0.211716
vt 0.806608 0.486193
vt 0.757654 0.486193
vt 0.806608 0.084697
vt 0.757654 0.084697
vt 0.722992 0.507443
vt 0.722992 0.528694
vt 0.696599 0.528694
vt 0.696599 0.507443
vt 0.722992 0.295745
vt 0.722992 0.274660
vt 0.722992 0.549900
vt 0.722992 0.169259
vt 0.722992 0.148009
vt 0.722992 0.253821
vt 0.722992 0.126802
vt 0.722992 0.232834
vt 0.722992 0.105685
vt 0.722992 0.211716
vt 0.722992 0.486193
vt 0.722992 0.084697
vt 0.722992 0.190510
vt 0.722992 0.464986
vt 0.722992 0.063858
vt 0.722992 0.443869
vt 0.722992 0.042774
vt 0.722992 0.422881
vt 0.722992 0.021515
vt 0.722992 0.402042
vt 0.722992 0.000167
vt 0.722992 0.380957
vt 0.722992 0.676535
vt 0.722992 0.655188
vt 0.722992 0.359698
vt 0.722992 0.633929
vt 0.722992 0.338351
vt 0.722992 0.612844
vt 0.722992 0.317004
vt 0.696599 0.443869
vt 0.696599 0.464986
vt 0.671832 0.464986
vt 0.671832 0.443869
vt 0.696599 0.126802
vt 0.696599 0.105685
vt 0.696599 0.232834
vt 0.696599 0.211716
vt 0.696599 0.486193
vt 0.696599 0.084697
vt 0.696599 0.190510
vt 0.696599 0.063858
vt 0.696599 0.169259
vt 0.696599 0.042774
vt 0.696599 0.422881
vt 0.696599 0.021515
vt 0.696599 0.402042
vt 0.696599 0.000167
vt 0.696599 0.380957
vt 0.696599 0.676535
vt 0.696599 0.655188
vt 0.696599 0.359698
vt 0.696599 0.633929
vt 0.696599 0.338351
vt 0.696599 0.612844
vt 0.696599 0.317004
vt 0.696599 0.592005
vt 0.696599 0.295745
vt 0.696599 0.571017
vt 0.696599 0.274660
vt 0.696599 0.549900
vt 0.696599 0.148009
vt 0.696599 0.253821
vt 0.671832 0.380957
vt 0.671832 0.402042
vt 0.655950 0.402042
vt 0.655950 0.380957
vt 0.671832 0.063858
vt 0.671832 0.042774
vt 0.671832 0.422881
vt 0.671832 0.021515
vt 0.671832 0.000167
vt 0.671832 0.676535
vt 0.671832 0.655188
vt 0.671832 0.359698
vt 0.671832 0.633929
vt 0.671832 0.338351
vt 0.671832 0.612844
vt 0.671832 0.317004
vt 0.671832 0.592005
vt 0.671832 0.295745
vt 0.671832 0.571017
vt 0.671832 0.274660
vt 0.671832 0.549900
vt 0.671832 0.169259
vt 0.671832 0.148009
vt 0.671832 0.253821
vt 0.671832 0.528694
vt 0.671832 0.126802
vt 0.671832 0.232834
vt 0.671832 0.507443
vt 0.671832 0.105685
vt 0.671832 0.211716
vt 0.671832 0.486193
vt 0.671832 0.084697
vt 0.671832 0.190510
vt 0.655950 0.317004
vt 0.655950 0.338351
vt 0.637446 0.338351
vt 0.637446 0.317004
vt 0.655950 0.676535
vt 0.655950 0.655188
vt 0.655950 0.359698
vt 0.655950 0.633929
vt 0.655950 0.612844
vt 0.655950 0.592005
vt 0.655950 0.295745
vt 0.655950 0.571017
vt 0.655950 0.274660
vt 0.655950 0.549900
vt 0.655950 0.169259
vt 0.655950 0.148009
vt 0.655950 0.253821
vt 0.655950 0.528694
vt 0.655950 0.126802
vt 0.655950 0.232834
vt 0.655950 0.507443
vt 0.655950 0.105685
vt 0.655950 0.211716
vt 0.655950 0.486193
vt 0.655950 0.084697
vt 0.655950 0.190510
vt 0.655950 0.464986
vt 0.655950 0.063858
vt 0.655950 0.443869
vt 0.655950 0.042774
vt 0.655950 0.422881
vt 0.655950 0.021515
vt 0.655950 0.000167
vt 0.637446 0.148009
vt 0.637446 0.169259
vt 0.624146 0.169259
vt 0.624146 0.148009
vt 0.637446 0.612844
vt 0.637446 0.592005
vt 0.637446 0.295745
vt 0.637446 0.571017
vt 0.637446 0.274660
vt 0.637446 0.549900
vt 0.637446 0.253821
vt 0.637446 0.528694
vt 0.637446 0.126802
vt 0.637446 0.232834
vt 0.637446 0.507443
vt 0.637446 0.105685
vt 0.637446 0.211716
vt 0.637446 0.486193
vt 0.637446 0.084697
vt 0.637446 0.190510
vt 0.637446 0.464986
vt 0.637446 0.063858
vt 0.637446 0.443869
vt 0.637446 0.042774
vt 0.637446 0.422881
vt 0.637446 0.021515
vt 0.637446 0.402042
vt 0.637446 0.000167
vt 0.637446 0.380957
vt 0.637446 0.676535
vt 0.637446 0.655188
vt 0.637446 0.359698
vt 0.637446 0.633929
vt 0.624146 0.084697
vt 0.624146 0.105685
vt 0.609127 0.105685
vt 0.609127 0.084697
vt 0.624146 0.274660
vt 0.624146 0.253821
vt 0.624146 0.549900
vt 0.624146 0.528694
vt 0.624146 0.126802
vt 0.624146 0.232834
vt 0.624146 0.507443
vt 0.624146 0.211716
vt 0.624146 0.486193
vt 0.624146 0.190510
vt 0.624146 0.464986
vt 0.624146 0.063858
vt 0.624146 0.443869
vt 0.624146 0.042774
vt 0.624146 0.422881
vt 0.624146 0.021515
vt 0.624146 0.402042
vt 0.624146 0.000167
vt 0.624146 0.380957
vt 0.624146 0.676535
vt 0.624146 0.655188
vt 0.624146 0.359698
vt 0.624146 0.633929
vt 0.624146 0.338351
vt 0.624146 0.612844
vt 0.624146 0.317004
vt 0.624146 0.592005
vt 0.624146 0.295745
vt 0.624146 0.571017
vt 0.609127 0.021515
vt 0.609127 0.042774
vt 0.596263 0.042774
vt 0.596263 0.021515
vt 0.609127 0.211716
vt 0.609127 0.190510
vt 0.609127 0.486193
vt 0.609127 0.464986
vt 0.609127 0.063858
vt 0.609127 0.169259
vt 0.609127 0.443869
vt 0.609127 0.422881
vt 0.609127 0.402042
vt 0.609127 0.000167
vt 0.609127 0.380957
vt 0.609127 0.676535
vt 0.609127 0.655188
vt 0.609127 0.359698
vt 0.609127 0.633929
vt 0.609127 0.338351
vt 0.609127 0.612844
vt 0.609127 0.317004
vt 0.609127 0.592005
vt 0.609127 0.295745
vt 0.609127 0.571017
vt 0.609127 0.274660
vt 0.609127 0.549900
vt 0.609127 0.148009
vt 0.609127 0.253821
vt 0.609127 0.528694
vt 0.609127 0.126802
vt 0.609127 0.232834
vt 0.609127 0.507443
vt 0.596263 0.633929
vt 0.596263 0.655188
vt 0.582373 0.655188
vt 0.582373 0.633929
vt 0.596263 0.422881
vt 0.596263 0.402042
vt 0.596263 0.000167
vt 0.596263 0.380957
vt 0.596263 0.676535
vt 0.596263 0.359698
vt 0.596263 0.338351
vt 0.596263 0.612844
vt 0.596263 0.317004
vt 0.596263 0.592005
vt 0.596263 0.295745
vt 0.596263 0.571017
vt 0.596263 0.274660
vt 0.596263 0.549900
vt 0.596263 0.169259
vt 0.596263 0.148009
vt 0.596263 0.253821
vt 0.596263 0.528694
vt 0.596263 0.126802
vt 0.596263 0.232834
vt 0.596263 0.507443
vt 0.596263 0.105685
vt 0.596263 0.211716
vt 0.596263 0.486193
vt 0.596263 0.084697
vt 0.596263 0.190510
vt 0.596263 0.464986
vt 0.596263 0.063858
vt 0.596263 0.443869
vt 0.582373 0.571017
vt 0.582373 0.592005
vt 0.566880 0.592005
vt 0.566880 0.571017
vt 0.582373 0.359698
vt 0.582373 0.338351
vt 0.582373 0.612844
vt 0.582373 0.317004
vt 0.582373 0.295745
vt 0.582373 0.274660
vt 0.582373 0.549900
vt 0.582373 0.169259
vt 0.582373 0.148009
vt 0.582373 0.253821
vt 0.582373 0.528694
vt 0.582373 0.126802
vt 0.582373 0.232834
vt 0.582373 0.507443
vt 0.582373 0.105685
vt 0.582373 0.211716
vt 0.582373 0.486193
vt 0.582373 0.084697
vt 0.582373 0.190510
vt 0.582373 0.464986
vt 0.582373 0.063858
vt 0.582373 0.443869
vt 0.582373 0.042774
vt 0.582373 0.422881
vt 0.582373 0.021515
vt 0.582373 0.402042
vt 0.582373 0.000167
vt 0.582373 0.380957
vt 0.582373 0.676535
vt 0.566880 0.507443
vt 0.566880 0.528694
vt 0.557173 0.528694
vt 0.557173 0.507443
vt 0.566880 0.295745
vt 0.566880 0.274660
vt 0.566880 0.549900
vt 0.566880 0.169259
vt 0.566880 0.148009
vt 0.566880 0.253821
vt 0.566880 0.126802
vt 0.566880 0.232834
vt 0.566880 0.105685
vt 0.566880 0.211716
vt 0.566880 0.486193
vt 0.566880 0.084697
vt 0.566880 0.190510
vt 0.566880 0.464986
vt 0.566880 0.063858
vt 0.566880 0.443869
vt 0.566880 0.042774
vt 0.566880 0.422881
vt 0.566880 0.021515
vt 0.566880 0.402042
vt 0.566880 0.000167
vt 0.566880 0.380957
vt 0.566880 0.676535
vt 0.566880 0.655188
vt 0.566880 0.359698
vt 0.566880 0.633929
vt 0.566880 0.338351
vt 0.566880 0.612844
vt 0.566880 0.317004
vt 0.557173 0.443869
vt 0.557173 0.464986
vt 0.545584 0.464986
vt 0.545584 0.443869
vt 0.557173 0.126802
vt 0.557173 0.105685
vt 0.557173 0.232834
vt 0.557173 0.211716
vt 0.557173 0.486193
vt 0.557173 0.084697
vt 0.557173 0.190510
vt 0.557173 0.063858
vt 0.557173 0.169259
vt 0.557173 0.042774
vt 0.557173 0.422881
vt 0.557173 0.021515
vt 0.557173 0.402042
vt 0.557173 0.000167
vt 0.557173 0.380957
vt 0.557173 0.676535
vt 0.557173 0.655188
vt 0.557173 0.359698
vt 0.557173 0.633929
vt 0.557173 0.338351
vt 0.557173 0.612844
vt 0.557173 0.317004
vt 0.557173 0.592005
vt 0.557173 0.295745
vt 0.557173 0.571017
vt 0.557173 0.274660
vt 0.557173 0.549900
vt 0.557173 0.148009
vt 0.557173 0.253821
vt 0.545584 0.380957
vt 0.545584 0.402042
vt 0.533365 0.402042
vt 0.533365 0.380957
vt 0.545584 0.063858
vt 0.545584 0.042774
vt 0.545584 0.422881
vt 0.545584 0.021515
vt 0.545584 0.000167
vt 0.545584 0.676535
vt 0.545584 0.655188
vt 0.545584 0.359698
vt 0.545584 0.633929
vt 0.545584 0.338351
vt 0.545584 0.612844
vt 0.545584 0.317004
vt 0.545584 0.592005
vt 0.545584 0.295745
vt 0.545584 0.571017
vt 0.545584 0.274660
vt 0.545584 0.549900
vt 0.545584 0.169259
vt 0.545584 0.148009
vt 0.545584 0.253821
vt 0.545584 0.528694
vt 0.545584 0.126802
vt 0.545584 0.232834
vt 0.545584 0.507443
vt 0.545584 0.105685
vt 0.545584 0.211716
vt 0.545584 0.486193
vt 0.545584 0.084697
vt 0.545584 0.190510
vt 0.533365 0.317004
vt 0.533365 0.338351
vt 0.519893 0.338351
vt 0.519893 0.317004
vt 0.533365 0.676535
vt 0.533365 0.655188
vt 0.533365 0.359698
vt 0.533365 0.633929
vt 0.533365 0.612844
vt 0.533365 0.592005
vt 0.533365 0.295745
vt 0.533365 0.571017
vt 0.533365 0.274660
vt 0.533365 0.549900
vt 0.533365 0.169259
vt 0.533365 0.148009
vt 0.533365 0.253821
vt 0.533365 0.528694
vt 0.533365 0.126802
vt 0.533365 0.232834
vt 0.533365 0.507443
vt 0.533365 0.105685
vt 0.533365 0.211716
vt 0.533365 0.486193
vt 0.533365 0.084697
vt 0.533365 0.190510
vt 0.533365 0.464986
vt 0.533365 0.063858
vt 0.533365 0.443869
vt 0.533365 0.042774
vt 0.533365 0.422881
vt 0.533365 0.021515
vt 0.533365 0.000167
vt 0.519893 0.253821
vt 0.519893 0.274660
vt 0.509303 0.274660
vt 0.509303 0.253821
vt 0.519893 0.612844
vt 0.519893 0.592005
vt 0.519893 0.295745
vt 0.519893 0.571017
vt 0.519893 0.549900
vt 0.519893 0.169259
vt 0.519893 0.148009
vt 0.519893 0.528694
vt 0.519893 0.126802
vt 0.519893 0.232834
vt 0.519893 0.507443
vt 0.519893 0.105685
vt 0.519893 0.211716
vt 0.519893 0.486193
vt 0.519893 0.084697
vt 0.519893 0.190510
vt 0.519893 0.464986
vt 0.519893 0.063858
vt 0.519893 0.443869
vt 0.519893 0.042774
vt 0.519893 0.422881
vt 0.519893 0.021515
vt 0.519893 0.402042
vt 0.519893 0.000167
vt 0.519893 0.380957
vt 0.519893 0.676535
vt 0.519893 0.655188
vt 0.519893 0.359698
vt 0.519893 0.633929
vt 0.509303 0.190510
vt 0.509303 0.211716
vt 0.498652 0.211716
vt 0.498652 0.190510
vt 0.509303 0.549900
vt 0.509303 0.528694
vt 0.509303 0.148009
vt 0.509303 0.126802
vt 0.509303 0.232834
vt 0.509303 0.507443
vt 0.509303 0.105685
vt 0.509303 0.486193
vt 0.509303 0.084697
vt 0.509303 0.464986
vt 0.509303 0.063858
vt 0.509303 0.169259
vt 0.509303 0.443869
vt 0.509303 0.042774
vt 0.509303 0.422881
vt 0.509303 0.021515
vt 0.509303 0.402042
vt 0.509303 0.000167
vt 0.509303 0.380957
vt 0.509303 0.676535
vt 0.509303 0.655188
vt 0.509303 0.359698
vt 0.509303 0.633929
vt 0.509303 0.338351
vt 0.509303 0.612844
vt 0.509303 0.317004
vt 0.509303 0.592005
vt 0.509303 0.295745
vt 0.509303 0.571017
vt 0.498652 0.486193
vt 0.498652 0.464986
vt 0.498652 0.084697
vt 0.498652 0.063858
vt 0.498652 0.169259
vt 0.498652 0.443869
vt 0.498652 0.042774
vt 0.498652 0.422881
vt 0.498652 0.021515
vt 0.498652 0.402042
vt 0.498652 0.000167
vt 0.498652 0.380957
vt 0.498652 0.676535
vt 0.498652 0.655188
vt 0.498652 0.359698
vt 0.498652 0.633929
vt 0.498652 0.338351
vt 0.498652 0.612844
vt 0.498652 0.317004
vt 0.498652 0.592005
vt 0.498652 0.295745
vt 0.498652 0.571017
vt 0.498652 0.274660
vt 0.498652 0.549900
vt 0.498652 0.148009
vt 0.498652 0.253821
vt 0.498652 0.528694
vt 0.498652 0.126802
vt 0.498652 0.232834
vt 0.498652 0.507443
vt 0.498652 0.105685
vt 0.493183 0.169259
vt 0.493183 0.148009
vt 0.911977 0.009410
vt 0.894800 0.009410
vt 0.893971 0.001004
vt 0.912804 0.001004
vt 0.980666 0.055308
vt 0.971123 0.041025
vt 0.977652 0.035665
vt 0.988115 0.051325
vt 0.958976 0.028878
vt 0.944694 0.019335
vt 0.948675 0.011886
vt 0.964334 0.022348
vt 0.958975 0.164349
vt 0.971121 0.152203
vt 0.977652 0.157561
vt 0.964334 0.170878
vt 0.987239 0.071178
vt 0.995322 0.068725
vt 0.990590 0.088025
vt 0.998996 0.087196
vt 0.492071 0.937524
vt 0.492071 0.934662
vt 0.980665 0.137920
vt 0.988115 0.141902
vt 0.928822 0.180464
vt 0.931274 0.188547
vt 0.944692 0.173892
vt 0.948674 0.181341
vt 0.816185 0.105201
vt 0.819536 0.122048
vt 0.811453 0.124501
vt 0.807779 0.106029
vt 0.603704 0.934662
vt 0.603704 0.937524
vt 0.862081 0.173889
vt 0.877950 0.180463
vt 0.875499 0.188547
vt 0.858099 0.181339
vt 0.826109 0.137918
vt 0.818660 0.141900
vt 0.835653 0.041024
vt 0.826109 0.055307
vt 0.818659 0.051325
vt 0.829123 0.035665
vt 0.816185 0.088024
vt 0.807779 0.087197
vt 0.819536 0.071177
vt 0.811452 0.068726
vt 0.771143 0.934662
vt 0.771143 0.937524
vt 0.492071 0.933358
vt 0.928824 0.012762
vt 0.931275 0.004678
vt 0.966069 0.044213
vt 0.970672 0.062392
vt 0.972632 0.082459
vt 0.971902 0.103362
vt 0.968539 0.124005
vt 0.962701 0.143304
vt 0.954640 0.160236
vt 0.949042 0.035360
vt 0.951996 0.077605
vt 0.951492 0.055187
vt 0.950581 0.101262
vt 0.947353 0.124740
vt 0.942485 0.146628
vt 0.936212 0.165596
vt 0.930237 0.029089
vt 0.930438 0.049840
vt 0.929475 0.073649
vt 0.927446 0.098983
vt 0.920792 0.147764
vt 0.924493 0.124225
vt 0.916546 0.168077
vt 0.910378 0.025641
vt 0.908318 0.046556
vt 0.905935 0.070744
vt 0.903387 0.096613
vt 0.900839 0.122482
vt 0.898456 0.146669
vt 0.896396 0.167584
vt 0.890228 0.025148
vt 0.885982 0.045461
vt 0.882281 0.069001
vt 0.879328 0.094243
vt 0.877300 0.119576
vt 0.876337 0.143385
vt 0.876537 0.164136
vt 0.870561 0.027630
vt 0.864289 0.046598
vt 0.859422 0.068486
vt 0.856194 0.091964
vt 0.854779 0.115621
vt 0.855283 0.138038
vt 0.857733 0.157865
vt 0.852133 0.032990
vt 0.844073 0.049922
vt 0.838235 0.069221
vt 0.834873 0.089864
vt 0.840706 0.149013
vt 0.834143 0.110767
vt 0.836104 0.130833
vt 0.938603 0.676870
vt 0.450949 0.611337
vt 0.437423 0.611337
vt 0.437423 0.585734
vt 0.450949 0.585734
vt 0.812941 0.898201
vt 0.437423 0.127296
vt 0.380406 0.127296
vt 0.380406 0.102010
vt 0.437423 0.102010
vt 0.450949 0.280485
vt 0.437423 0.280485
vt 0.437423 0.255043
vt 0.450949 0.255043
vt 0.450949 0.763728
vt 0.437423 0.763728
vt 0.437423 0.738324
vt 0.450949 0.738324
vt 0.450949 0.305771
vt 0.437423 0.305771
vt 0.450949 0.789341
vt 0.437423 0.789341
vt 0.450949 0.330879
vt 0.437423 0.330879
vt 0.450949 0.815060
vt 0.437423 0.815060
vt 0.450949 0.356282
vt 0.437423 0.356282
vt 0.450949 0.025887
vt 0.437423 0.025887
vt 0.437423 0.000167
vt 0.450949 0.000167
vt 0.450949 0.381895
vt 0.437423 0.381895
vt 0.450949 0.051500
vt 0.437423 0.051500
vt 0.450949 0.407614
vt 0.437423 0.407614
vt 0.450949 0.076903
vt 0.437423 0.076903
vt 0.450949 0.433333
vt 0.437423 0.433333
vt 0.450949 0.102010
vt 0.450949 0.458946
vt 0.437423 0.458946
vt 0.450949 0.127296
vt 0.450949 0.484349
vt 0.437423 0.484349
vt 0.450949 0.152738
vt 0.437423 0.152738
vt 0.450949 0.636940
vt 0.437423 0.636940
vt 0.450949 0.509456
vt 0.437423 0.509456
vt 0.450949 0.178288
vt 0.437423 0.178288
vt 0.450949 0.662489
vt 0.437423 0.662489
vt 0.450949 0.534742
vt 0.437423 0.534742
vt 0.450949 0.203891
vt 0.437423 0.203891
vt 0.450949 0.687931
vt 0.437423 0.687931
vt 0.450949 0.560184
vt 0.437423 0.560184
vt 0.450949 0.229493
vt 0.437423 0.229493
vt 0.450949 0.713217
vt 0.437423 0.713217
vt 0.380406 0.203891
vt 0.337308 0.203891
vt 0.337308 0.178288
vt 0.380406 0.178288
vt 0.380406 0.484349
vt 0.380406 0.458946
vt 0.380406 0.152738
vt 0.380406 0.636940
vt 0.380406 0.611337
vt 0.380406 0.509456
vt 0.380406 0.662489
vt 0.380406 0.534742
vt 0.380406 0.687931
vt 0.380406 0.560184
vt 0.380406 0.229493
vt 0.380406 0.713217
vt 0.380406 0.585734
vt 0.380406 0.255043
vt 0.380406 0.738324
vt 0.380406 0.280485
vt 0.380406 0.763728
vt 0.380406 0.305771
vt 0.380406 0.789341
vt 0.380406 0.330879
vt 0.380406 0.815060
vt 0.380406 0.356282
vt 0.380406 0.025887
vt 0.380406 0.000167
vt 0.380406 0.381895
vt 0.380406 0.051500
vt 0.380406 0.407614
vt 0.380406 0.076903
vt 0.380406 0.433333
vt 0.337308 0.280485
vt 0.296858 0.280485
vt 0.296858 0.255043
vt 0.337308 0.255043
vt 0.337308 0.687931
vt 0.337308 0.662489
vt 0.337308 0.560184
vt 0.337308 0.534742
vt 0.337308 0.229493
vt 0.337308 0.713217
vt 0.337308 0.585734
vt 0.337308 0.738324
vt 0.337308 0.611337
vt 0.337308 0.763728
vt 0.337308 0.305771
vt 0.337308 0.789341
vt 0.337308 0.330879
vt 0.337308 0.815060
vt 0.337308 0.356282
vt 0.337308 0.025887
vt 0.337308 0.000167
vt 0.337308 0.381895
vt 0.337308 0.051500
vt 0.337308 0.407614
vt 0.337308 0.076903
vt 0.337308 0.433333
vt 0.337308 0.102010
vt 0.337308 0.458946
vt 0.337308 0.127296
vt 0.337308 0.484349
vt 0.337308 0.152738
vt 0.337308 0.636940
vt 0.337308 0.509456
vt 0.296858 0.356282
vt 0.271221 0.356282
vt 0.271221 0.330879
vt 0.296858 0.330879
vt 0.296858 0.763728
vt 0.296858 0.738324
vt 0.296858 0.305771
vt 0.296858 0.789341
vt 0.296858 0.815060
vt 0.296858 0.025887
vt 0.296858 0.000167
vt 0.296858 0.381895
vt 0.296858 0.051500
vt 0.296858 0.407614
vt 0.296858 0.076903
vt 0.296858 0.433333
vt 0.296858 0.102010
vt 0.296858 0.458946
vt 0.296858 0.127296
vt 0.296858 0.484349
vt 0.296858 0.152738
vt 0.296858 0.636940
vt 0.296858 0.611337
vt 0.296858 0.509456
vt 0.296858 0.178288
vt 0.296858 0.662489
vt 0.296858 0.534742
vt 0.296858 0.203891
vt 0.296858 0.687931
vt 0.296858 0.560184
vt 0.296858 0.229493
vt 0.296858 0.713217
vt 0.296858 0.585734
vt 0.271221 0.433333
vt 0.240873 0.433333
vt 0.240873 0.407614
vt 0.271221 0.407614
vt 0.271221 0.025887
vt 0.271221 0.000167
vt 0.271221 0.381895
vt 0.271221 0.051500
vt 0.271221 0.076903
vt 0.271221 0.102010
vt 0.271221 0.458946
vt 0.271221 0.127296
vt 0.271221 0.484349
vt 0.271221 0.152738
vt 0.271221 0.636940
vt 0.271221 0.611337
vt 0.271221 0.509456
vt 0.271221 0.178288
vt 0.271221 0.662489
vt 0.271221 0.534742
vt 0.271221 0.203891
vt 0.271221 0.687931
vt 0.271221 0.560184
vt 0.271221 0.229493
vt 0.271221 0.713217
vt 0.271221 0.585734
vt 0.271221 0.255043
vt 0.271221 0.738324
vt 0.271221 0.280485
vt 0.271221 0.763728
vt 0.271221 0.305771
vt 0.271221 0.789341
vt 0.271221 0.815060
vt 0.240873 0.636940
vt 0.219168 0.636940
vt 0.219168 0.611337
vt 0.240873 0.611337
vt 0.240873 0.102010
vt 0.240873 0.076903
vt 0.240873 0.458946
vt 0.240873 0.127296
vt 0.240873 0.484349
vt 0.240873 0.152738
vt 0.240873 0.509456
vt 0.240873 0.178288
vt 0.240873 0.662489
vt 0.240873 0.534742
vt 0.240873 0.203891
vt 0.240873 0.687931
vt 0.240873 0.560184
vt 0.240873 0.229493
vt 0.240873 0.713217
vt 0.240873 0.585734
vt 0.240873 0.255043
vt 0.240873 0.738324
vt 0.240873 0.280485
vt 0.240873 0.763728
vt 0.240873 0.305771
vt 0.240873 0.789341
vt 0.240873 0.330879
vt 0.240873 0.815060
vt 0.240873 0.356282
vt 0.240873 0.025887
vt 0.240873 0.000167
vt 0.240873 0.381895
vt 0.240873 0.051500
vt 0.219168 0.713217
vt 0.194692 0.713217
vt 0.194692 0.687931
vt 0.219168 0.687931
vt 0.219168 0.509456
vt 0.219168 0.484349
vt 0.219168 0.178288
vt 0.219168 0.152738
vt 0.219168 0.662489
vt 0.219168 0.534742
vt 0.219168 0.203891
vt 0.219168 0.560184
vt 0.219168 0.229493
vt 0.219168 0.585734
vt 0.219168 0.255043
vt 0.219168 0.738324
vt 0.219168 0.280485
vt 0.219168 0.763728
vt 0.219168 0.305771
vt 0.219168 0.789341
vt 0.219168 0.330879
vt 0.219168 0.815060
vt 0.219168 0.356282
vt 0.219168 0.025887
vt 0.219168 0.000167
vt 0.219168 0.381895
vt 0.219168 0.051500
vt 0.219168 0.407614
vt 0.219168 0.076903
vt 0.219168 0.433333
vt 0.219168 0.102010
vt 0.219168 0.458946
vt 0.219168 0.127296
vt 0.194692 0.789341
vt 0.173473 0.789341
vt 0.173473 0.763728
vt 0.194692 0.763728
vt 0.194692 0.585734
vt 0.194692 0.560184
vt 0.194692 0.255043
vt 0.194692 0.229493
vt 0.194692 0.738324
vt 0.194692 0.611337
vt 0.194692 0.280485
vt 0.194692 0.305771
vt 0.194692 0.330879
vt 0.194692 0.815060
vt 0.194692 0.356282
vt 0.194692 0.025887
vt 0.194692 0.000167
vt 0.194692 0.381895
vt 0.194692 0.051500
vt 0.194692 0.407614
vt 0.194692 0.076903
vt 0.194692 0.433333
vt 0.194692 0.102010
vt 0.194692 0.458946
vt 0.194692 0.127296
vt 0.194692 0.484349
vt 0.194692 0.152738
vt 0.194692 0.636940
vt 0.194692 0.509456
vt 0.194692 0.178288
vt 0.194692 0.662489
vt 0.194692 0.534742
vt 0.194692 0.203891
vt 0.173473 0.051500
vt 0.150571 0.051500
vt 0.150571 0.025887
vt 0.173473 0.025887
vt 0.173473 0.330879
vt 0.173473 0.305771
vt 0.173473 0.815060
vt 0.173473 0.356282
vt 0.173473 0.000167
vt 0.173473 0.381895
vt 0.173473 0.407614
vt 0.173473 0.076903
vt 0.173473 0.433333
vt 0.173473 0.102010
vt 0.173473 0.458946
vt 0.173473 0.127296
vt 0.173473 0.484349
vt 0.173473 0.152738
vt 0.173473 0.636940
vt 0.173473 0.611337
vt 0.173473 0.509456
vt 0.173473 0.178288
vt 0.173473 0.662489
vt 0.173473 0.534742
vt 0.173473 0.203891
vt 0.173473 0.687931
vt 0.173473 0.560184
vt 0.173473 0.229493
vt 0.173473 0.713217
vt 0.173473 0.585734
vt 0.173473 0.255043
vt 0.173473 0.738324
vt 0.173473 0.280485
vt 0.150571 0.127296
vt 0.125125 0.127296
vt 0.125125 0.102010
vt 0.150571 0.102010
vt 0.150571 0.407614
vt 0.150571 0.381895
vt 0.150571 0.076903
vt 0.150571 0.433333
vt 0.150571 0.458946
vt 0.150571 0.484349
vt 0.150571 0.152738
vt 0.150571 0.636940
vt 0.150571 0.611337
vt 0.150571 0.509456
vt 0.150571 0.178288
vt 0.150571 0.662489
vt 0.150571 0.534742
vt 0.150571 0.203891
vt 0.150571 0.687931
vt 0.150571 0.560184
vt 0.150571 0.229493
vt 0.150571 0.713217
vt 0.150571 0.585734
vt 0.150571 0.255043
vt 0.150571 0.738324
vt 0.150571 0.280485
vt 0.150571 0.763728
vt 0.150571 0.305771
vt 0.150571 0.789341
vt 0.150571 0.330879
vt 0.150571 0.815060
vt 0.150571 0.356282
vt 0.150571 0.000167
vt 0.125125 0.203891
vt 0.109089 0.203891
vt 0.109089 0.178288
vt 0.125125 0.178288
vt 0.125125 0.484349
vt 0.125125 0.458946
vt 0.125125 0.152738
vt 0.125125 0.636940
vt 0.125125 0.611337
vt 0.125125 0.509456
vt 0.125125 0.662489
vt 0.125125 0.534742
vt 0.125125 0.687931
vt 0.125125 0.560184
vt 0.125125 0.229493
vt 0.125125 0.713217
vt 0.125125 0.585734
vt 0.125125 0.255043
vt 0.125125 0.738324
vt 0.125125 0.280485
vt 0.125125 0.763728
vt 0.125125 0.305771
vt 0.125125 0.789341
vt 0.125125 0.330879
vt 0.125125 0.815060
vt 0.125125 0.356282
vt 0.125125 0.025887
vt 0.125125 0.000167
vt 0.125125 0.381895
vt 0.125125 0.051500
vt 0.125125 0.407614
vt 0.125125 0.076903
vt 0.125125 0.433333
vt 0.109089 0.280485
vt 0.089893 0.280485
vt 0.089893 0.255043
vt 0.109089 0.255043
vt 0.109089 0.687931
vt 0.109089 0.662489
vt 0.109089 0.560184
vt 0.109089 0.534742
vt 0.109089 0.229493
vt 0.109089 0.713217
vt 0.109089 0.585734
vt 0.109089 0.738324
vt 0.109089 0.611337
vt 0.109089 0.763728
vt 0.109089 0.305771
vt 0.109089 0.789341
vt 0.109089 0.330879
vt 0.109089 0.815060
vt 0.109089 0.356282
vt 0.109089 0.025887
vt 0.109089 0.000167
vt 0.109089 0.381895
vt 0.109089 0.051500
vt 0.109089 0.407614
vt 0.109089 0.076903
vt 0.109089 0.433333
vt 0.109089 0.102010
vt 0.109089 0.458946
vt 0.109089 0.127296
vt 0.109089 0.484349
vt 0.109089 0.152738
vt 0.109089 0.636940
vt 0.109089 0.509456
vt 0.089893 0.356282
vt 0.069691 0.356282
vt 0.069691 0.330879
vt 0.089893 0.330879
vt 0.089893 0.763728
vt 0.089893 0.738324
vt 0.089893 0.305771
vt 0.089893 0.789341
vt 0.089893 0.815060
vt 0.089893 0.025887
vt 0.089893 0.000167
vt 0.089893 0.381895
vt 0.089893 0.051500
vt 0.089893 0.407614
vt 0.089893 0.076903
vt 0.089893 0.433333
vt 0.089893 0.102010
vt 0.089893 0.458946
vt 0.089893 0.127296
vt 0.089893 0.484349
vt 0.089893 0.152738
vt 0.089893 0.636940
vt 0.089893 0.611337
vt 0.089893 0.509456
vt 0.089893 0.178288
vt 0.089893 0.662489
vt 0.089893 0.534742
vt 0.089893 0.203891
vt 0.089893 0.687931
vt 0.089893 0.560184
vt 0.089893 0.229493
vt 0.089893 0.713217
vt 0.089893 0.585734
vt 0.069691 0.433333
vt 0.047255 0.433333
vt 0.047255 0.407614
vt 0.069691 0.407614
vt 0.069691 0.025887
vt 0.069691 0.000167
vt 0.069691 0.381895
vt 0.069691 0.051500
vt 0.069691 0.076903
vt 0.069691 0.102010
vt 0.069691 0.458946
vt 0.069691 0.127296
vt 0.069691 0.484349
vt 0.069691 0.152738
vt 0.069691 0.636940
vt 0.069691 0.611337
vt 0.069691 0.509456
vt 0.069691 0.178288
vt 0.069691 0.662489
vt 0.069691 0.534742
vt 0.069691 0.203891
vt 0.069691 0.687931
vt 0.069691 0.560184
vt 0.069691 0.229493
vt 0.069691 0.713217
vt 0.069691 0.585734
vt 0.069691 0.255043
vt 0.069691 0.738324
vt 0.069691 0.280485
vt 0.069691 0.763728
vt 0.069691 0.305771
vt 0.069691 0.789341
vt 0.069691 0.815060
vt 0.047255 0.509456
vt 0.029793 0.509456
vt 0.029793 0.484349
vt 0.047255 0.484349
vt 0.047255 0.102010
vt 0.047255 0.076903
vt 0.047255 0.458946
vt 0.047255 0.127296
vt 0.047255 0.152738
vt 0.047255 0.636940
vt 0.047255 0.611337
vt 0.047255 0.178288
vt 0.047255 0.662489
vt 0.047255 0.534742
vt 0.047255 0.203891
vt 0.047255 0.687931
vt 0.047255 0.560184
vt 0.047255 0.229493
vt 0.047255 0.713217
vt 0.047255 0.585734
vt 0.047255 0.255043
vt 0.047255 0.738324
vt 0.047255 0.280485
vt 0.047255 0.763728
vt 0.047255 0.305771
vt 0.047255 0.789341
vt 0.047255 0.330879
vt 0.047255 0.815060
vt 0.047255 0.356282
vt 0.047255 0.025887
vt 0.047255 0.000167
vt 0.047255 0.381895
vt 0.047255 0.051500
vt 0.029793 0.585734
vt 0.012300 0.585734
vt 0.012300 0.560184
vt 0.029793 0.560184
vt 0.029793 0.178288
vt 0.029793 0.152738
vt 0.029793 0.662489
vt 0.029793 0.636940
vt 0.029793 0.534742
vt 0.029793 0.203891
vt 0.029793 0.687931
vt 0.029793 0.229493
vt 0.029793 0.713217
vt 0.029793 0.255043
vt 0.029793 0.738324
vt 0.029793 0.611337
vt 0.029793 0.280485
vt 0.029793 0.763728
vt 0.029793 0.305771
vt 0.029793 0.789341
vt 0.029793 0.330879
vt 0.029793 0.815060
vt 0.029793 0.356282
vt 0.029793 0.025887
vt 0.029793 0.000167
vt 0.029793 0.381895
vt 0.029793 0.051500
vt 0.029793 0.407614
vt 0.029793 0.076903
vt 0.029793 0.433333
vt 0.029793 0.102010
vt 0.029793 0.458946
vt 0.029793 0.127296
vt 0.012300 0.815060
vt 0.003244 0.815060
vt 0.003244 0.789341
vt 0.012300 0.789341
vt 0.012300 0.255043
vt 0.012300 0.229493
vt 0.012300 0.738324
vt 0.012300 0.713217
vt 0.012300 0.280485
vt 0.012300 0.763728
vt 0.012300 0.305771
vt 0.012300 0.330879
vt 0.012300 0.356282
vt 0.012300 0.025887
vt 0.012300 0.000167
vt 0.012300 0.381895
vt 0.012300 0.051500
vt 0.012300 0.407614
vt 0.012300 0.076903
vt 0.012300 0.433333
vt 0.012300 0.102010
vt 0.012300 0.458946
vt 0.012300 0.127296
vt 0.012300 0.484349
vt 0.012300 0.152738
vt 0.012300 0.509456
vt 0.012300 0.178288
vt 0.012300 0.662489
vt 0.012300 0.534742
vt 0.012300 0.203891
vt 0.012300 0.687931
vt 0.003244 0.356282
vt 0.003244 0.330879
vt 0.003244 0.025887
vt 0.003244 0.000167
vt 0.003244 0.381895
vt 0.003244 0.051500
vt 0.003244 0.407614
vt 0.003244 0.076903
vt 0.003244 0.433333
vt 0.003244 0.102010
vt 0.003244 0.458946
vt 0.003244 0.127296
vt 0.003244 0.484349
vt 0.003244 0.152738
vt 0.003244 0.509456
vt 0.003244 0.178288
vt 0.003244 0.662489
vt 0.003244 0.534742
vt 0.003244 0.203891
vt 0.003244 0.585734
vt 0.003244 0.560184
vt 0.003244 0.229493
vt 0.003244 0.713217
vt 0.003244 0.687931
vt 0.003244 0.255043
vt 0.003244 0.738324
vt 0.003244 0.280485
vt 0.003244 0.763728
vt 0.003244 0.305771
vt 0.493183 0.126802
vt 0.493183 0.105685
vt 0.493183 0.084697
vt 0.493183 0.063858
vt 0.493183 0.042774
vt 0.493183 0.021515
vt 0.493183 0.000167
vt 0.493183 0.676535
vt 0.493183 0.655188
vt 0.493183 0.633929
vt 0.493183 0.612844
vt 0.493183 0.592005
vt 0.493183 0.571017
vt 0.493183 0.549900
vt 0.493183 0.528694
vt 0.493183 0.507443
vt 0.493183 0.486193
vt 0.493183 0.464986
vt 0.493183 0.443869
vt 0.493183 0.422881
vt 0.493183 0.402042
vt 0.493183 0.380957
vt 0.493183 0.359698
vt 0.493183 0.338351
vt 0.493183 0.317004
vt 0.493183 0.295745
vt 0.493183 0.274660
vt 0.493183 0.253821
vt 0.493183 0.232834
vt 0.493183 0.211716
vt 0.493183 0.190510
vt 0.844817 0.204361
vt 0.842166 0.201713
vt 0.844766 0.198540
vt 0.847985 0.201758
vt 0.811023 0.218382
vt 0.811758 0.222057
vt 0.807831 0.223251
vt 0.806943 0.218784
vt 0.846913 0.225497
vt 0.848346 0.222034
vt 0.852270 0.223219
vt 0.850534 0.227428
vt 0.846902 0.207476
vt 0.850516 0.205539
vt 0.811022 0.214636
vt 0.806943 0.214237
vt 0.844834 0.228615
vt 0.848005 0.231215
vt 0.848337 0.210937
vt 0.852263 0.209744
vt 0.811750 0.210960
vt 0.807824 0.209774
vt 0.842186 0.231267
vt 0.844789 0.234434
vt 0.849071 0.214612
vt 0.853151 0.214210
vt 0.813182 0.207497
vt 0.809561 0.205564
vt 0.839071 0.233352
vt 0.841009 0.236967
vt 0.849073 0.218359
vt 0.853151 0.218757
vt 0.815262 0.204378
vt 0.812091 0.201777
vt 0.835609 0.234789
vt 0.836803 0.238716
vt 0.817911 0.201726
vt 0.815308 0.198558
vt 0.831934 0.235523
vt 0.832336 0.239604
vt 0.821027 0.199642
vt 0.819091 0.196023
vt 0.828187 0.235525
vt 0.827788 0.239604
vt 0.824489 0.198205
vt 0.823299 0.194279
vt 0.824511 0.234798
vt 0.823325 0.238723
vt 0.828165 0.197472
vt 0.827763 0.193392
vt 0.821047 0.233365
vt 0.819115 0.236986
vt 0.831911 0.197472
vt 0.832311 0.193393
vt 0.817929 0.231284
vt 0.815327 0.234455
vt 0.835586 0.198200
vt 0.836773 0.194275
vt 0.815277 0.228635
vt 0.812110 0.231237
vt 0.839049 0.199631
vt 0.840979 0.196014
vt 0.813193 0.225520
vt 0.809578 0.227456
vt 0.818637 0.202864
vt 0.822617 0.201905
vt 0.826979 0.201516
vt 0.831498 0.201690
vt 0.835965 0.202397
vt 0.840168 0.203624
vt 0.843885 0.205336
vt 0.816747 0.206597
vt 0.821119 0.206141
vt 0.825980 0.206107
vt 0.831033 0.206440
vt 0.836054 0.207094
vt 0.840815 0.208069
vt 0.845015 0.209364
vt 0.815418 0.210692
vt 0.820032 0.210714
vt 0.825196 0.210991
vt 0.830543 0.211445
vt 0.835876 0.212036
vt 0.840995 0.212766
vt 0.845526 0.213638
vt 0.814687 0.214994
vt 0.819360 0.215452
vt 0.824611 0.215965
vt 0.830048 0.216498
vt 0.835485 0.217030
vt 0.840736 0.217543
vt 0.845408 0.218000
vt 0.814570 0.219356
vt 0.819101 0.220229
vt 0.824220 0.220959
vt 0.829554 0.221550
vt 0.834901 0.222004
vt 0.840064 0.222280
vt 0.844678 0.222302
vt 0.815080 0.223631
vt 0.819280 0.224926
vt 0.824042 0.225902
vt 0.829064 0.226555
vt 0.834117 0.226887
vt 0.838978 0.226853
vt 0.843349 0.226396
vt 0.816210 0.227660
vt 0.819928 0.229373
vt 0.824132 0.230599
vt 0.828599 0.231306
vt 0.833119 0.231479
vt 0.837481 0.231089
vt 0.841460 0.230130
vt 0.478177 0.738324
vt 0.464549 0.738324
vt 0.464549 0.713217
vt 0.478177 0.713217
vt 0.478177 0.255043
vt 0.464549 0.255043
vt 0.464549 0.229493
vt 0.478177 0.229493
vt 0.478177 0.585734
vt 0.464549 0.585734
vt 0.464549 0.560184
vt 0.478177 0.560184
vt 0.464549 0.687931
vt 0.478177 0.687931
vt 0.464549 0.203891
vt 0.478177 0.203891
vt 0.464549 0.534742
vt 0.478177 0.534742
vt 0.464549 0.662489
vt 0.478177 0.662489
vt 0.464549 0.178288
vt 0.478177 0.178288
vt 0.464549 0.509456
vt 0.478177 0.509456
vt 0.464549 0.636940
vt 0.478177 0.636940
vt 0.464549 0.152738
vt 0.478177 0.152738
vt 0.464549 0.484349
vt 0.478177 0.484349
vt 0.464549 0.611337
vt 0.478177 0.611337
vt 0.464549 0.127296
vt 0.478177 0.127296
vt 0.464549 0.458946
vt 0.478177 0.458946
vt 0.464549 0.102010
vt 0.478177 0.102010
vt 0.464549 0.433333
vt 0.478177 0.433333
vt 0.464549 0.076903
vt 0.478177 0.076903
vt 0.464549 0.407614
vt 0.478177 0.407614
vt 0.464549 0.051500
vt 0.478177 0.051500
vt 0.464549 0.381895
vt 0.478177 0.381895
vt 0.464549 0.025887
vt 0.478177 0.025887
vt 0.464549 0.356282
vt 0.478177 0.356282
vt 0.464549 0.000167
vt 0.478177 0.000167
vt 0.464549 0.330879
vt 0.478177 0.330879
vt 0.478177 0.815060
vt 0.464549 0.815060
vt 0.464549 0.789341
vt 0.478177 0.789341
vt 0.464549 0.305771
vt 0.478177 0.305771
vt 0.464549 0.763728
vt 0.478177 0.763728
vt 0.464549 0.280485
vt 0.478177 0.280485
vt 0.491736 0.611337
vt 0.491736 0.585734
vt 0.491736 0.280485
vt 0.491736 0.255043
vt 0.491736 0.763728
vt 0.491736 0.738324
vt 0.491736 0.305771
vt 0.491736 0.789341
vt 0.491736 0.330879
vt 0.491736 0.815060
vt 0.491736 0.356282
vt 0.491736 0.025887
vt 0.491736 0.000167
vt 0.491736 0.381895
vt 0.491736 0.051500
vt 0.491736 0.407614
vt 0.491736 0.076903
vt 0.491736 0.433333
vt 0.491736 0.102010
vt 0.491736 0.458946
vt 0.491736 0.127296
vt 0.491736 0.484349
vt 0.491736 0.152738
vt 0.491736 0.636940
vt 0.491736 0.509456
vt 0.491736 0.178288
vt 0.491736 0.662489
vt 0.491736 0.534742
vt 0.491736 0.203891
vt 0.491736 0.687931
vt 0.491736 0.560184
vt 0.491736 0.229493
vt 0.491736 0.713217
vt 0.826970 0.934343
vt 0.841000 0.934343
vt 0.826970 0.934011
vt 0.841000 0.934011
vt 0.826970 0.933679
vt 0.841000 0.933679
vt 0.855000 0.934343
vt 0.855000 0.934011
vt 0.855000 0.933679
vt 0.868941 0.934343
vt 0.868941 0.934011
vt 0.868941 0.933679
vt 0.896555 0.937835
vt 0.882797 0.937835
vt 0.896555 0.938147
vt 0.882797 0.938147
vt 0.978301 0.035132
vt 0.988856 0.050929
vt 0.988486 0.051127
vt 0.977976 0.035399
vt 0.938603 0.937835
vt 0.924510 0.937835
vt 0.938603 0.938147
vt 0.924510 0.938147
vt 0.999833 0.087114
vt 0.999833 0.106112
vt 0.999414 0.106071
vt 0.999414 0.087155
vt 0.547877 0.934343
vt 0.561733 0.934343
vt 0.547877 0.934011
vt 0.561733 0.934011
vt 0.547877 0.933679
vt 0.561733 0.933679
vt 0.575674 0.934343
vt 0.575674 0.934011
vt 0.575674 0.933679
vt 0.589675 0.937835
vt 0.575674 0.937835
vt 0.589675 0.938147
vt 0.575674 0.938147
vt 0.931518 0.189351
vt 0.912885 0.193057
vt 0.912844 0.192639
vt 0.931396 0.188949
vt 0.645675 0.934343
vt 0.659531 0.934343
vt 0.645675 0.934011
vt 0.659531 0.934011
vt 0.645675 0.933679
vt 0.659531 0.933679
vt 0.673289 0.934343
vt 0.673289 0.934011
vt 0.673289 0.933679
vt 0.687209 0.934343
vt 0.687209 0.934011
vt 0.687209 0.933679
vt 0.701244 0.934343
vt 0.701244 0.934011
vt 0.701244 0.933679
vt 0.757385 0.937835
vt 0.743465 0.937835
vt 0.757385 0.938147
vt 0.743465 0.938147
vt 0.817918 0.050929
vt 0.828473 0.035132
vt 0.828798 0.035399
vt 0.818288 0.051127
vt 0.771143 0.937835
vt 0.771143 0.938147
vt 0.841907 0.021699
vt 0.842173 0.022024
vt 0.784999 0.937835
vt 0.784999 0.938147
vt 0.857703 0.011144
vt 0.857901 0.011515
vt 0.492813 0.169259
vt 0.492813 0.148009
vt 0.492442 0.169259
vt 0.492442 0.148009
vt 0.492071 0.169259
vt 0.492071 0.148009
vt 0.000167 0.636940
vt 0.000167 0.611337
vt 0.000784 0.611337
vt 0.000784 0.636940
vt 0.492813 0.126802
vt 0.492442 0.126802
vt 0.492071 0.126802
vt 0.000167 0.662489
vt 0.000784 0.662489
vt 0.492813 0.105685
vt 0.492442 0.105685
vt 0.492071 0.105685
vt 0.000167 0.687931
vt 0.000784 0.687931
vt 0.492813 0.084697
vt 0.492442 0.084697
vt 0.492071 0.084697
vt 0.000167 0.713217
vt 0.000784 0.713217
vt 0.492813 0.063858
vt 0.492442 0.063858
vt 0.492071 0.063858
vt 0.000167 0.738324
vt 0.000784 0.738324
vt 0.492813 0.042774
vt 0.492442 0.042774
vt 0.492071 0.042774
vt 0.000167 0.763728
vt 0.000784 0.763728
vt 0.492813 0.021515
vt 0.492442 0.021515
vt 0.492071 0.021515
vt 0.000167 0.789341
vt 0.000784 0.789341
vt 0.492813 0.000167
vt 0.492442 0.000167
vt 0.492071 0.000167
vt 0.000167 0.815060
vt 0.000784 0.815060
vt 0.492813 0.676535
vt 0.492813 0.655188
vt 0.492442 0.676535
vt 0.492442 0.655188
vt 0.492071 0.676535
vt 0.492071 0.655188
vt 0.000167 0.025887
vt 0.000167 0.000167
vt 0.000784 0.000167
vt 0.000784 0.025887
vt 0.492813 0.633929
vt 0.492442 0.633929
vt 0.492071 0.633929
vt 0.000167 0.051500
vt 0.000784 0.051500
vt 0.492813 0.612844
vt 0.492442 0.612844
vt 0.492071 0.612844
vt 0.000167 0.076903
vt 0.000784 0.076903
vt 0.492813 0.592005
vt 0.492442 0.592005
vt 0.492071 0.592005
vt 0.000167 0.102010
vt 0.000784 0.102010
vt 0.492813 0.571017
vt 0.492442 0.571017
vt 0.492071 0.571017
vt 0.000167 0.127296
vt 0.000784 0.127296
vt 0.492813 0.549900
vt 0.492442 0.549900
vt 0.492071 0.549900
vt 0.000167 0.152738
vt 0.000784 0.152738
vt 0.492813 0.528694
vt 0.492442 0.528694
vt 0.492071 0.528694
vt 0.000167 0.178288
vt 0.000784 0.178288
vt 0.492813 0.507443
vt 0.492442 0.507443
vt 0.492071 0.507443
vt 0.000167 0.203891
vt 0.000784 0.203891
vt 0.492813 0.486193
vt 0.492442 0.486193
vt 0.492071 0.486193
vt 0.000167 0.229493
vt 0.000784 0.229493
vt 0.492813 0.464986
vt 0.492442 0.464986
vt 0.492071 0.464986
vt 0.000167 0.255043
vt 0.000784 0.255043
vt 0.492813 0.443869
vt 0.492442 0.443869
vt 0.492071 0.443869
vt 0.000167 0.280485
vt 0.000784 0.280485
vt 0.492813 0.422881
vt 0.492442 0.422881
vt 0.492071 0.422881
vt 0.000167 0.305771
vt 0.000784 0.305771
vt 0.492813 0.402042
vt 0.492442 0.402042
vt 0.492071 0.402042
vt 0.000167 0.330879
vt 0.000784 0.330879
vt 0.492813 0.380957
vt 0.492442 0.380957
vt 0.492071 0.380957
vt 0.000167 0.356282
vt 0.000784 0.356282
vt 0.492813 0.359698
vt 0.492442 0.359698
vt 0.492071 0.359698
vt 0.000167 0.381895
vt 0.000784 0.381895
vt 0.492813 0.338351
vt 0.492442 0.338351
vt 0.492071 0.338351
vt 0.000167 0.407614
vt 0.000784 0.407614
vt 0.492813 0.317004
vt 0.492442 0.317004
vt 0.492071 0.317004
vt 0.000167 0.433333
vt 0.000784 0.433333
vt 0.492813 0.295745
vt 0.492442 0.295745
vt 0.492071 0.295745
vt 0.000167 0.458946
vt 0.000784 0.458946
vt 0.492813 0.274660
vt 0.492442 0.274660
vt 0.492071 0.274660
vt 0.000167 0.484349
vt 0.000784 0.484349
vt 0.492813 0.253821
vt 0.492442 0.253821
vt 0.492071 0.253821
vt 0.000167 0.509456
vt 0.000784 0.509456
vt 0.492813 0.232834
vt 0.492442 0.232834
vt 0.492071 0.232834
vt 0.000167 0.534742
vt 0.000784 0.534742
vt 0.492813 0.211716
vt 0.492442 0.211716
vt 0.492071 0.211716
vt 0.000167 0.560184
vt 0.000784 0.560184
vt 0.492813 0.190510
vt 0.492442 0.190510
vt 0.492071 0.190510
vt 0.000167 0.585734
vt 0.000784 0.585734
vt 0.855000 0.937835
vt 0.841000 0.937835
vt 0.855000 0.938147
vt 0.841000 0.938147
vt 0.931519 0.003874
vt 0.949071 0.011145
vt 0.948873 0.011515
vt 0.931397 0.004276
vt 0.868941 0.937835
vt 0.868941 0.938147
vt 0.964867 0.021699
vt 0.964600 0.022023
vt 0.492071 0.934343
vt 0.506164 0.934343
vt 0.492071 0.934011
vt 0.506164 0.934011
vt 0.492071 0.933679
vt 0.506164 0.933679
vt 0.547877 0.937835
vt 0.534119 0.937835
vt 0.547877 0.938147
vt 0.534119 0.938147
vt 0.978301 0.158094
vt 0.964867 0.171528
vt 0.964600 0.171203
vt 0.977976 0.157827
vt 0.561733 0.937835
vt 0.561733 0.938147
vt 0.949070 0.182082
vt 0.948872 0.181711
vt 0.589675 0.934343
vt 0.603704 0.934343
vt 0.589675 0.934011
vt 0.603704 0.934011
vt 0.589675 0.933679
vt 0.603704 0.933679
vt 0.617734 0.934343
vt 0.617734 0.934011
vt 0.617734 0.933679
vt 0.631734 0.934343
vt 0.631734 0.934011
vt 0.631734 0.933679
vt 0.701244 0.937835
vt 0.687209 0.937835
vt 0.701244 0.938147
vt 0.687209 0.938147
vt 0.810649 0.124745
vt 0.806943 0.106112
vt 0.807361 0.106071
vt 0.811051 0.124623
vt 0.715337 0.937835
vt 0.715337 0.938147
vt 0.806943 0.087115
vt 0.807361 0.087156
vt 0.729430 0.937835
vt 0.729430 0.938147
vt 0.810648 0.068483
vt 0.811050 0.068604
vt 0.715337 0.934343
vt 0.729430 0.934343
vt 0.715337 0.934011
vt 0.729430 0.934011
vt 0.715337 0.933679
vt 0.729430 0.933679
vt 0.757385 0.934343
vt 0.771143 0.934343
vt 0.757385 0.934011
vt 0.771143 0.934011
vt 0.757385 0.933679
vt 0.771143 0.933679
vt 0.784999 0.934343
vt 0.784999 0.934011
vt 0.784999 0.933679
vt 0.812941 0.937835
vt 0.798940 0.937835
vt 0.812941 0.938147
vt 0.798940 0.938147
vt 0.875255 0.003874
vt 0.893888 0.000167
vt 0.893930 0.000586
vt 0.875377 0.004276
vt 0.001400 0.611337
vt 0.001400 0.636940
vt 0.002015 0.611337
vt 0.002015 0.636940
vt 0.002630 0.611337
vt 0.002630 0.636940
vt 0.001400 0.662489
vt 0.002015 0.662489
vt 0.002630 0.662489
vt 0.001400 0.687931
vt 0.002015 0.687931
vt 0.002630 0.687931
vt 0.001400 0.713217
vt 0.002015 0.713217
vt 0.002630 0.713217
vt 0.001400 0.738324
vt 0.002015 0.738324
vt 0.002630 0.738324
vt 0.001400 0.763728
vt 0.002015 0.763728
vt 0.002630 0.763728
vt 0.001400 0.789341
vt 0.002015 0.789341
vt 0.002630 0.789341
vt 0.001400 0.815060
vt 0.002015 0.815060
vt 0.002630 0.815060
vt 0.001400 0.000167
vt 0.001400 0.025887
vt 0.002015 0.000167
vt 0.002015 0.025887
vt 0.002630 0.000167
vt 0.002630 0.025887
vt 0.001400 0.051500
vt 0.002015 0.051500
vt 0.002630 0.051500
vt 0.001400 0.076903
vt 0.002015 0.076903
vt 0.002630 0.076903
vt 0.001400 0.102010
vt 0.002015 0.102010
vt 0.002630 0.102010
vt 0.001400 0.127296
vt 0.002015 0.127296
vt 0.002630 0.127296
vt 0.001400 0.152738
vt 0.002015 0.152738
vt 0.002630 0.152738
vt 0.001400 0.178288
vt 0.002015 0.178288
vt 0.002630 0.178288
vt 0.001400 0.203891
vt 0.002015 0.203891
vt 0.002630 0.203891
vt 0.001400 0.229493
vt 0.002015 0.229493
vt 0.002630 0.229493
vt 0.001400 0.255043
vt 0.002015 0.255043
vt 0.002630 0.255043
vt 0.001400 0.280485
vt 0.002015 0.280485
vt 0.002630 0.280485
vt 0.001400 0.305771
vt 0.002015 0.305771
vt 0.002630 0.305771
vt 0.001400 0.330879
vt 0.002015 0.330879
vt 0.002630 0.330879
vt 0.001400 0.356282
vt 0.002015 0.356282
vt 0.002630 0.356282
vt 0.001400 0.381895
vt 0.002015 0.381895
vt 0.002630 0.381895
vt 0.001400 0.407614
vt 0.002015 0.407614
vt 0.002630 0.407614
vt 0.001400 0.433333
vt 0.002015 0.433333
vt 0.002630 0.433333
vt 0.001400 0.458946
vt 0.002015 0.458946
vt 0.002630 0.458946
vt 0.001400 0.484349
vt 0.002015 0.484349
vt 0.002630 0.484349
vt 0.001400 0.509456
vt 0.002015 0.509456
vt 0.002630 0.509456
vt 0.001400 0.534742
vt 0.002015 0.534742
vt 0.002630 0.534742
vt 0.001400 0.560184
vt 0.002015 0.560184
vt 0.002630 0.560184
vt 0.001400 0.585734
vt 0.002015 0.585734
vt 0.002630 0.585734
vt 0.826970 0.937835
vt 0.826970 0.938147
vt 0.912887 0.000168
vt 0.912845 0.000586
vt 0.882797 0.934343
vt 0.882797 0.934011
vt 0.882797 0.933679
vt 0.896555 0.934343
vt 0.896555 0.934011
vt 0.896555 0.933679
vt 0.910475 0.937835
vt 0.910475 0.938147
vt 0.996126 0.068481
vt 0.995724 0.068603
vt 0.910475 0.934343
vt 0.910475 0.934011
vt 0.910475 0.933679
vt 0.924510 0.934343
vt 0.924510 0.934011
vt 0.924510 0.933679
vt 0.938603 0.934343
vt 0.938603 0.934011
vt 0.938603 0.933679
vt 0.506164 0.937835
vt 0.492071 0.937835
vt 0.506164 0.938147
vt 0.492071 0.938147
vt 0.996127 0.124744
vt 0.995725 0.124623
vt 0.520199 0.937835
vt 0.520199 0.938147
vt 0.988856 0.142298
vt 0.988485 0.142100
vt 0.520199 0.934343
vt 0.520199 0.934011
vt 0.520199 0.933679
vt 0.534119 0.934343
vt 0.534119 0.934011
vt 0.534119 0.933679
vt 0.603704 0.937835
vt 0.603704 0.938147
vt 0.893888 0.193057
vt 0.893929 0.192639
vt 0.617734 0.937835
vt 0.617734 0.938147
vt 0.875255 0.189351
vt 0.875377 0.188949
vt 0.631734 0.937835
vt 0.631734 0.938147
vt 0.857703 0.182080
vt 0.857901 0.181710
vt 0.645675 0.937835
vt 0.645675 0.938147
vt 0.841908 0.171526
vt 0.842174 0.171201
vt 0.659531 0.937835
vt 0.659531 0.938147
vt 0.828475 0.158093
vt 0.828799 0.157827
vt 0.673289 0.937835
vt 0.673289 0.938147
vt 0.817919 0.142297
vt 0.818289 0.142098
vt 0.743465 0.934343
vt 0.743465 0.934011
vt 0.743465 0.933679
vt 0.798940 0.934343
vt 0.798940 0.934011
vt 0.798940 0.933679
vt 0.812941 0.934343
vt 0.812941 0.934011
vt 0.812941 0.933679
s 1
usemtl Glass
f 2206/1/1 1971/2/2 1608/3/3 1826/4/4
f 34/5/5 38/6/6 1613/7/7 1603/8/8
f 2136/9/9 1619/10/10 1901/11/11 1831/12/12
f 714/13/13 718/14/14 1900/15/15 1618/16/16
f 47/17/17 50/18/18 1905/19/19 1623/20/20
f 1831/12/12 1901/11/11 1624/21/21 1835/22/22
f 53/23/23 55/24/24 1911/25/25 1628/26/26
f 2141/27/27 1906/28/28 1629/29/29 1841/30/30
f 692/31/31 691/32/31 1846/33/32 2147/34/33
f 63/35/34 67/36/35 1920/37/36 1633/38/37
f 2146/39/38 1916/40/39 1634/41/40 1850/42/41
f 744/43/42 74/44/43 1648/45/44 1643/46/45
f 67/36/35 740/47/46 1639/48/47 1920/37/36
f 1856/49/48 1649/50/49 1925/51/50 1860/52/51
f 74/44/43 749/53/52 1926/54/53 1648/45/44
f 698/55/31 697/56/31 1861/57/54 2167/58/55
f 1865/59/56 1936/60/57 1941/61/58 2171/62/59
f 699/63/31 8/64/31 1871/65/60 2177/66/61
f 766/67/62 770/68/63 1663/69/64 1658/70/65
f 87/71/66 766/67/62 1658/70/65 1654/72/67
f 1875/73/68 1664/74/69 1669/75/70 2182/76/71
f 770/68/63 96/77/72 1668/78/73 1663/69/64
f 2186/79/74 1674/80/75 1945/81/76 2191/82/77
f 774/83/78 103/84/79 1946/85/80 1673/86/81
f 782/87/82 785/88/83 1678/89/84 1950/90/85
f 785/88/83 789/91/86 1956/92/87 1678/89/84
f 15/93/31 14/94/31 1891/95/88 1896/96/89
f 16/97/31 15/93/31 1896/96/89 2201/98/90
f 2202/99/91 1684/100/92 1971/2/2 2206/1/1
f 798/101/93 802/102/94 1970/103/95 1683/104/96
f 802/102/94 703/105/97 1609/106/98 1970/103/95
f 704/107/99 120/108/100 1393/109/101 17/110/102
f 710/111/103 33/112/104 1378/113/105 1379/114/106
f 717/115/107 713/116/108 1380/117/109 18/118/110
f 46/119/111 717/115/107 18/118/110 1381/120/112
f 722/121/113 46/119/111 1381/120/112 19/122/114
f 725/123/115 722/121/113 19/122/114 1382/124/116
f 730/125/117 729/126/118 1383/127/119 20/128/120
f 62/129/121 730/125/117 20/128/120 1384/130/122
f 735/131/123 62/129/121 1384/130/122 21/132/124
f 739/133/125 735/131/123 21/132/124 22/134/126
f 70/135/127 739/133/125 22/134/126 23/136/128
f 73/137/129 70/135/127 23/136/128 1385/138/130
f 748/139/131 73/137/129 1385/138/130 1386/140/132
f 753/141/133 748/139/131 1386/140/132 24/142/134
f 757/143/135 753/141/133 24/142/134 25/144/136
f 84/145/137 757/143/135 25/144/136 1387/146/138
f 763/147/139 84/145/137 1387/146/138 1388/148/140
f 92/149/141 765/150/142 1389/151/143 26/152/144
f 95/153/145 92/149/141 26/152/144 27/154/146
f 100/155/147 95/153/145 27/154/146 28/156/148
f 102/157/149 100/155/147 28/156/148 29/158/150
f 781/159/151 102/157/149 29/158/150 30/160/152
f 107/161/153 781/159/151 30/160/152 31/162/154
f 788/163/155 107/161/153 31/162/154 1390/164/156
f 116/165/157 790/166/158 1391/167/159 32/168/160
f 797/169/161 116/165/157 32/168/160 1392/170/162
f 120/108/100 797/169/161 1392/170/162 1393/109/101
f 1826/4/4 1608/3/3 1604/171/163 2127/172/164
f 17/173/165 1393/174/166 154/175/167 124/176/168
f 1317/177/169 1975/178/170 1981/179/171 1318/180/172
f 2131/181/173 1614/182/174 1619/10/10 2136/9/9
f 1895/183/175 1966/184/176 1684/100/92 2202/99/91
f 81/185/177 760/186/178 1940/187/179 1935/188/180
f 1835/22/22 1624/21/21 1906/28/28 2141/27/27
f 2191/82/77 1945/81/76 1951/189/181 2196/190/182
f 1841/30/30 1629/29/29 1910/191/183 1845/192/184
f 38/6/6 714/13/13 1618/16/16 1613/7/7
f 2171/62/59 1941/61/58 1653/193/185 1870/194/186
f 718/14/14 47/17/17 1623/20/20 1900/15/15
f 760/186/178 87/71/66 1654/72/67 1940/187/179
f 1850/42/41 1634/41/40 1921/195/187 2152/196/188
f 2176/197/189 1659/198/190 1664/74/69 1875/73/68
f 50/18/18 53/23/23 1628/26/26 1905/19/19
f 96/77/72 774/83/78 1673/86/81 1668/78/73
f 749/53/52 754/199/191 1930/200/192 1926/54/53
f 2182/76/71 1669/75/70 1674/80/75 2186/79/74
f 740/47/46 744/43/42 1643/46/45 1639/48/47
f 1881/201/193 1679/202/194 1955/203/195 1885/204/196
f 60/205/197 63/35/34 1633/38/37 1915/206/198
f 789/91/86 114/207/199 1960/208/200 1956/92/87
f 2152/196/188 1921/195/187 1638/209/201 2156/210/202
f 117/211/203 798/101/93 1683/104/96 1965/212/204
f 2156/210/202 1638/209/201 1644/213/205 2161/214/206
f 2196/190/182 1951/189/181 1679/202/194 1881/201/193
f 2161/214/206 1644/213/205 1649/50/49 1856/49/48
f 2127/172/164 1604/171/163 1614/182/174 2131/181/173
f 114/207/199 117/211/203 1965/212/204 1960/208/200
f 1870/194/186 1653/193/185 1659/198/190 2176/197/189
f 34/5/5 703/105/97 705/215/207 709/216/208
f 709/216/208 705/215/207 706/217/209 37/218/210
f 37/218/210 706/217/209 707/219/211 36/220/212
f 36/220/212 707/219/211 708/221/213 35/222/214
f 35/222/214 708/221/213 704/107/99 33/112/104
f 38/6/6 34/5/5 709/216/208 40/223/215
f 40/223/215 709/216/208 37/218/210 39/224/216
f 39/224/216 37/218/210 36/220/212 712/225/217
f 712/225/217 36/220/212 35/222/214 711/226/218
f 711/226/218 35/222/214 33/112/104 710/111/103
f 714/13/13 38/6/6 40/223/215 716/227/219
f 716/227/219 40/223/215 39/224/216 42/228/220
f 42/228/220 39/224/216 712/225/217 715/229/221
f 715/229/221 712/225/217 711/226/218 41/230/222
f 41/230/222 711/226/218 710/111/103 713/116/108
f 718/14/14 714/13/13 716/227/219 45/231/223
f 45/231/223 716/227/219 42/228/220 719/232/224
f 719/232/224 42/228/220 715/229/221 44/233/225
f 44/233/225 715/229/221 41/230/222 43/234/226
f 43/234/226 41/230/222 713/116/108 717/115/107
f 47/17/17 718/14/14 45/231/223 49/235/227
f 49/235/227 45/231/223 719/232/224 721/236/228
f 721/236/228 719/232/224 44/233/225 720/237/229
f 720/237/229 44/233/225 43/234/226 48/238/230
f 48/238/230 43/234/226 717/115/107 46/119/111
f 50/18/18 47/17/17 49/235/227 52/239/231
f 52/239/231 49/235/227 721/236/228 724/240/232
f 723/241/233 720/237/229 48/238/230 51/242/234
f 51/242/234 48/238/230 46/119/111 722/121/113
f 53/23/23 50/18/18 52/239/231 54/243/235
f 54/243/235 52/239/231 724/240/232 728/244/236
f 727/245/237 723/241/233 51/242/234 726/246/238
f 726/246/238 51/242/234 722/121/113 725/123/115
f 55/24/24 53/23/23 54/243/235 59/247/239
f 59/247/239 54/243/235 728/244/236 58/248/240
f 58/248/240 728/244/236 727/245/237 57/249/241
f 57/249/241 727/245/237 726/246/238 56/250/242
f 56/250/242 726/246/238 725/123/115 729/251/118
f 60/205/197 55/252/24 59/253/239 733/254/243
f 733/254/243 59/253/239 58/255/240 61/256/244
f 61/256/244 58/255/240 57/257/241 732/258/245
f 732/258/245 57/257/241 56/259/242 731/260/246
f 731/260/246 56/259/242 729/126/118 730/125/117
f 63/35/34 60/205/197 733/254/243 734/261/247
f 734/261/247 733/254/243 61/256/244 66/262/248
f 66/262/248 61/256/244 732/258/245 65/263/249
f 65/263/249 732/258/245 731/260/246 64/264/250
f 64/264/250 731/260/246 730/125/117 62/129/121
f 67/36/35 63/35/34 734/261/247 738/265/251
f 738/265/251 734/261/247 66/262/248 68/266/252
f 68/266/252 66/262/248 65/263/249 737/267/253
f 737/267/253 65/263/249 64/264/250 736/268/254
f 736/268/254 64/264/250 62/129/121 735/131/123
f 740/47/46 67/36/35 738/265/251 743/269/255
f 743/269/255 738/265/251 68/266/252 69/270/256
f 69/270/256 68/266/252 737/267/253 742/271/257
f 746/272/258 743/269/255 69/270/256 72/273/259
f 72/273/259 69/270/256 742/271/257 71/274/260
f 71/274/260 742/271/257 741/275/261 745/276/262
f 745/276/262 741/275/261 739/133/125 70/135/127
f 74/44/43 744/43/42 746/272/258 747/277/263
f 747/277/263 746/272/258 72/273/259 77/278/264
f 77/278/264 72/273/259 71/274/260 76/279/265
f 76/279/265 71/274/260 745/276/262 75/280/266
f 75/280/266 745/276/262 70/135/127 73/137/129
f 749/53/52 74/44/43 747/277/263 752/281/267
f 752/281/267 747/277/263 77/278/264 751/282/268
f 751/282/268 77/278/264 76/279/265 750/283/269
f 750/283/269 76/279/265 75/280/266 78/284/270
f 78/284/270 75/280/266 73/137/129 748/139/131
f 754/199/191 749/53/52 752/281/267 80/285/271
f 80/285/271 752/281/267 751/282/268 79/286/272
f 79/286/272 751/282/268 750/283/269 756/287/273
f 756/287/273 750/283/269 78/284/270 755/288/274
f 755/288/274 78/284/270 748/139/131 753/141/133
f 81/185/177 754/199/191 80/285/271 83/289/275
f 83/289/275 80/285/271 79/286/272 82/290/276
f 82/290/276 79/286/272 756/287/273 759/291/277
f 760/186/178 81/185/177 83/289/275 762/292/278
f 762/292/278 83/289/275 82/290/276 86/293/279
f 86/293/279 82/290/276 759/291/277 85/294/280
f 85/294/280 759/291/277 758/295/281 761/296/282
f 761/296/282 758/295/281 757/143/135 84/145/137
f 87/71/66 760/186/178 762/292/278 764/297/283
f 764/297/283 762/292/278 86/293/279 90/298/284
f 90/298/284 86/293/279 85/294/280 89/299/285
f 89/299/285 85/294/280 761/296/282 88/300/286
f 88/300/286 761/296/282 84/145/137 763/147/139
f 766/67/62 87/71/66 764/297/283 769/301/287
f 769/301/287 764/297/283 90/298/284 768/302/288
f 768/302/288 90/298/284 89/299/285 767/303/289
f 767/303/289 89/299/285 88/300/286 91/304/290
f 91/304/290 88/300/286 763/147/139 765/150/142
f 770/68/63 766/67/62 769/301/287 94/305/291
f 94/305/291 769/301/287 768/302/288 772/306/292
f 771/307/293 767/303/289 91/304/290 93/308/294
f 93/308/294 91/304/290 765/150/142 92/149/141
f 96/77/72 770/68/63 94/305/291 773/309/295
f 773/309/295 94/305/291 772/306/292 99/310/296
f 99/310/296 772/306/292 771/307/293 98/311/297
f 98/311/297 771/307/293 93/308/294 97/312/298
f 97/312/298 93/308/294 92/149/141 95/153/145
f 774/83/78 96/77/72 773/309/295 777/313/299
f 777/313/299 773/309/295 99/310/296 101/314/300
f 101/314/300 99/310/296 98/311/297 776/315/301
f 776/315/301 98/311/297 97/312/298 775/316/302
f 775/316/302 97/312/298 95/153/145 100/155/147
f 103/84/79 774/83/78 777/313/299 780/317/303
f 780/317/303 777/313/299 101/314/300 104/318/304
f 104/318/304 101/314/300 776/315/301 779/319/305
f 778/320/306 775/316/302 100/155/147 102/157/149
f 782/87/82 103/84/79 780/317/303 784/321/307
f 784/321/307 780/317/303 104/318/304 783/322/308
f 783/322/308 104/318/304 779/319/305 106/323/309
f 106/323/309 779/319/305 778/320/306 105/324/310
f 105/324/310 778/320/306 102/157/149 781/159/151
f 787/325/311 784/321/307 783/322/308 109/326/312
f 109/326/312 783/322/308 106/323/309 786/327/313
f 786/327/313 106/323/309 105/324/310 108/328/314
f 108/328/314 105/324/310 781/159/151 107/161/153
f 789/91/86 785/88/83 787/325/311 113/329/315
f 113/329/315 787/325/311 109/326/312 112/330/316
f 112/330/316 109/326/312 786/327/313 111/331/317
f 111/331/317 786/327/313 108/328/314 110/332/318
f 110/332/318 108/328/314 107/161/153 788/163/155
f 114/207/199 789/91/86 113/329/315 115/333/319
f 115/333/319 113/329/315 112/330/316 793/334/320
f 793/334/320 112/330/316 111/331/317 792/335/321
f 792/335/321 111/331/317 110/332/318 791/336/322
f 791/336/322 110/332/318 788/163/155 790/166/158
f 117/211/203 114/207/199 115/333/319 796/337/323
f 796/337/323 115/333/319 793/334/320 118/338/324
f 118/338/324 793/334/320 792/335/321 795/339/325
f 794/340/326 791/336/322 790/166/158 116/165/157
f 798/101/93 117/211/203 796/337/323 801/341/327
f 801/341/327 796/337/323 118/338/324 800/342/328
f 800/342/328 118/338/324 795/339/325 119/343/329
f 119/343/329 795/339/325 794/340/326 799/344/330
f 799/344/330 794/340/326 116/165/157 797/169/161
f 803/345/331 800/342/328 119/343/329 122/346/332
f 122/346/332 119/343/329 799/344/330 121/347/333
f 121/347/333 799/344/330 797/169/161 120/108/100
f 706/217/209 803/345/331 122/346/332 707/219/211
f 707/219/211 122/346/332 121/347/333 708/221/213
f 708/221/213 121/347/333 120/108/100 704/107/99
f 33/112/104 704/107/99 17/110/102 1378/113/105
f 136/348/334 135/349/335 167/350/336 168/351/337
f 1388/352/338 1387/353/339 141/354/340 142/355/341
f 19/356/342 1381/357/343 128/358/344 129/359/345
f 1389/360/346 1388/352/338 142/355/341 143/361/347
f 1382/362/348 19/356/342 129/359/345 130/363/349
f 26/364/350 1389/360/346 143/361/347 144/365/351
f 1383/366/352 1382/362/348 130/363/349 131/367/353
f 27/368/354 26/364/350 144/365/351 145/369/355
f 20/370/356 1383/371/352 131/372/353 132/373/357
f 28/374/358 27/368/354 145/369/355 146/375/359
f 1384/376/360 20/370/356 132/373/357 133/377/361
f 29/378/362 28/374/358 146/375/359 147/379/363
f 21/380/364 1384/376/360 133/377/361 134/381/365
f 30/382/366 29/378/362 147/379/363 148/383/367
f 22/384/368 21/380/364 134/381/365 135/349/335
f 31/385/369 30/382/366 148/383/367 149/386/370
f 23/387/371 22/384/368 135/349/335 136/348/334
f 1390/388/372 31/385/369 149/386/370 150/389/373
f 1385/390/374 23/387/371 136/348/334 137/391/375
f 1378/392/376 17/173/165 124/176/168 123/393/377
f 1391/394/378 1390/388/372 150/389/373 151/395/379
f 1386/396/380 1385/390/374 137/391/375 138/397/381
f 1379/398/382 1378/392/376 123/393/377 125/399/383
f 32/400/384 1391/394/378 151/395/379 152/401/385
f 24/402/386 1386/396/380 138/397/381 139/403/387
f 1380/404/388 1379/398/382 125/399/383 126/405/389
f 1392/406/390 32/400/384 152/401/385 153/407/391
f 25/408/392 24/402/386 139/403/387 140/409/393
f 18/410/394 1380/404/388 126/405/389 127/411/395
f 1393/174/166 1392/406/390 153/407/391 154/175/167
f 1387/353/339 25/408/392 140/409/393 141/354/340
f 1381/357/343 18/410/394 127/411/395 128/358/344
f 171/412/396 170/413/397 202/414/398 203/415/399
f 150/389/373 149/386/370 181/416/400 182/417/401
f 137/391/375 136/348/334 168/351/337 169/418/402
f 123/393/377 124/176/168 156/419/403 155/420/404
f 151/395/379 150/389/373 182/417/401 183/421/405
f 138/397/381 137/391/375 169/418/402 170/413/397
f 125/399/383 123/393/377 155/420/404 157/422/406
f 152/401/385 151/395/379 183/421/405 184/423/407
f 139/403/387 138/397/381 170/413/397 171/412/396
f 126/405/389 125/399/383 157/422/406 158/424/408
f 153/407/391 152/401/385 184/423/407 185/425/409
f 140/409/393 139/403/387 171/412/396 172/426/410
f 127/411/395 126/405/389 158/424/408 159/427/411
f 154/175/167 153/407/391 185/425/409 186/428/412
f 141/354/340 140/409/393 172/426/410 173/429/413
f 128/358/344 127/411/395 159/427/411 160/430/414
f 124/176/168 154/175/167 186/428/412 156/419/403
f 142/355/341 141/354/340 173/429/413 174/431/415
f 129/359/345 128/358/344 160/430/414 161/432/416
f 143/361/347 142/355/341 174/431/415 175/433/417
f 130/363/349 129/359/345 161/432/416 162/434/418
f 144/365/351 143/361/347 175/433/417 176/435/419
f 131/367/353 130/363/349 162/434/418 163/436/420
f 145/369/355 144/365/351 176/435/419 177/437/421
f 132/373/357 131/372/353 163/438/420 164/439/422
f 146/375/359 145/369/355 177/437/421 178/440/423
f 133/377/361 132/373/357 164/439/422 165/441/424
f 147/379/363 146/375/359 178/440/423 179/442/425
f 134/381/365 133/377/361 165/441/424 166/443/426
f 148/383/367 147/379/363 179/442/425 180/444/427
f 135/349/335 134/381/365 166/443/426 167/350/336
f 149/386/370 148/383/367 180/444/427 181/416/400
f 206/445/428 205/446/429 237/447/430 238/448/431
f 158/424/408 157/422/406 189/449/432 190/450/433
f 185/425/409 184/423/407 216/451/434 217/452/435
f 172/426/410 171/412/396 203/415/399 204/453/436
f 159/427/411 158/424/408 190/450/433 191/454/437
f 186/428/412 185/425/409 217/452/435 218/455/438
f 173/429/413 172/426/410 204/453/436 205/446/429
f 160/430/414 159/427/411 191/454/437 192/456/439
f 156/419/403 186/428/412 218/455/438 188/457/440
f 174/431/415 173/429/413 205/446/429 206/445/428
f 161/432/416 160/430/414 192/456/439 193/458/441
f 175/433/417 174/431/415 206/445/428 207/459/442
f 162/434/418 161/432/416 193/458/441 194/460/443
f 176/435/419 175/433/417 207/459/442 208/461/444
f 163/436/420 162/434/418 194/460/443 195/462/445
f 177/437/421 176/435/419 208/461/444 209/463/446
f 164/439/422 163/438/420 195/464/445 196/465/447
f 178/440/423 177/437/421 209/463/446 210/466/448
f 165/441/424 164/439/422 196/465/447 197/467/449
f 179/442/425 178/440/423 210/466/448 211/468/450
f 166/443/426 165/441/424 197/467/449 198/469/451
f 180/444/427 179/442/425 211/468/450 212/470/452
f 167/350/336 166/443/426 198/469/451 199/471/453
f 181/416/400 180/444/427 212/470/452 213/472/454
f 168/351/337 167/350/336 199/471/453 200/473/455
f 182/417/401 181/416/400 213/472/454 214/474/456
f 169/418/402 168/351/337 200/473/455 201/475/457
f 155/420/404 156/419/403 188/457/440 187/476/458
f 183/421/405 182/417/401 214/474/456 215/477/459
f 170/413/397 169/418/402 201/475/457 202/414/398
f 157/422/406 155/420/404 187/476/458 189/449/432
f 184/423/407 183/421/405 215/477/459 216/451/434
f 241/478/460 240/479/461 272/480/462 273/481/463
f 193/458/441 192/456/439 224/482/464 225/483/465
f 207/459/442 206/445/428 238/448/431 239/484/466
f 194/460/443 193/458/441 225/483/465 226/485/467
f 208/461/444 207/459/442 239/484/466 240/479/461
f 195/462/445 194/460/443 226/485/467 227/486/468
f 209/463/446 208/461/444 240/479/461 241/478/460
f 196/465/447 195/464/445 227/487/468 228/488/469
f 210/466/448 209/463/446 241/478/460 242/489/470
f 197/467/449 196/465/447 228/488/469 229/490/471
f 211/468/450 210/466/448 242/489/470 243/491/472
f 198/469/451 197/467/449 229/490/471 230/492/473
f 212/470/452 211/468/450 243/491/472 244/493/474
f 199/471/453 198/469/451 230/492/473 231/494/475
f 213/472/454 212/470/452 244/493/474 245/495/476
f 200/473/455 199/471/453 231/494/475 232/496/477
f 214/474/456 213/472/454 245/495/476 246/497/478
f 201/475/457 200/473/455 232/496/477 233/498/479
f 187/476/458 188/457/440 220/499/480 219/500/481
f 215/477/459 214/474/456 246/497/478 247/501/482
f 202/414/398 201/475/457 233/498/479 234/502/483
f 189/449/432 187/476/458 219/500/481 221/503/484
f 216/451/434 215/477/459 247/501/482 248/504/485
f 203/415/399 202/414/398 234/502/483 235/505/486
f 190/450/433 189/449/432 221/503/484 222/506/487
f 217/452/435 216/451/434 248/504/485 249/507/488
f 204/453/436 203/415/399 235/505/486 236/508/489
f 191/454/437 190/450/433 222/506/487 223/509/490
f 218/455/438 217/452/435 249/507/488 250/510/491
f 205/446/429 204/453/436 236/508/489 237/447/430
f 192/456/439 191/454/437 223/509/490 224/482/464
f 188/457/440 218/455/438 250/510/491 220/499/480
f 276/511/492 275/512/493 307/513/494 308/514/495
f 228/488/469 227/487/468 259/515/496 260/516/497
f 242/489/470 241/478/460 273/481/463 274/517/498
f 229/490/471 228/488/469 260/516/497 261/518/499
f 243/491/472 242/489/470 274/517/498 275/512/493
f 230/492/473 229/490/471 261/518/499 262/519/500
f 244/493/474 243/491/472 275/512/493 276/511/492
f 231/494/475 230/492/473 262/519/500 263/520/501
f 245/495/476 244/493/474 276/511/492 277/521/502
f 232/496/477 231/494/475 263/520/501 264/522/503
f 246/497/478 245/495/476 277/521/502 278/523/504
f 233/498/479 232/496/477 264/522/503 265/524/505
f 219/500/481 220/499/480 252/525/506 251/526/507
f 247/501/482 246/497/478 278/523/504 279/527/508
f 234/502/483 233/498/479 265/524/505 266/528/509
f 221/503/484 219/500/481 251/526/507 253/529/510
f 248/504/485 247/501/482 279/527/508 280/530/511
f 235/505/486 234/502/483 266/528/509 267/531/512
f 222/506/487 221/503/484 253/529/510 254/532/513
f 249/507/488 248/504/485 280/530/511 281/533/514
f 236/508/489 235/505/486 267/531/512 268/534/515
f 223/509/490 222/506/487 254/532/513 255/535/516
f 250/510/491 249/507/488 281/533/514 282/536/517
f 237/447/430 236/508/489 268/534/515 269/537/518
f 224/482/464 223/509/490 255/535/516 256/538/519
f 220/499/480 250/510/491 282/536/517 252/525/506
f 238/448/431 237/447/430 269/537/518 270/539/520
f 225/483/465 224/482/464 256/538/519 257/540/521
f 239/484/466 238/448/431 270/539/520 271/541/522
f 226/485/467 225/483/465 257/540/521 258/542/523
f 240/479/461 239/484/466 271/541/522 272/480/462
f 227/486/468 226/485/467 258/542/523 259/543/496
f 283/544/524 284/545/525 316/546/526 315/547/527
f 263/520/501 262/519/500 294/548/528 295/549/529
f 277/521/502 276/511/492 308/514/495 309/550/530
f 264/522/503 263/520/501 295/549/529 296/551/531
f 278/523/504 277/521/502 309/550/530 310/552/532
f 265/524/505 264/522/503 296/551/531 297/553/533
f 251/526/507 252/525/506 284/545/525 283/544/524
f 279/527/508 278/523/504 310/552/532 311/554/534
f 266/528/509 265/524/505 297/553/533 298/555/535
f 253/529/510 251/526/507 283/544/524 285/556/536
f 280/530/511 279/527/508 311/554/534 312/557/537
f 267/531/512 266/528/509 298/555/535 299/558/538
f 254/532/513 253/529/510 285/556/536 286/559/539
f 281/533/514 280/530/511 312/557/537 313/560/540
f 268/534/515 267/531/512 299/558/538 300/561/541
f 255/535/516 254/532/513 286/559/539 287/562/542
f 282/536/517 281/533/514 313/560/540 314/563/543
f 269/537/518 268/534/515 300/561/541 301/564/544
f 256/538/519 255/535/516 287/562/542 288/565/545
f 252/525/506 282/536/517 314/563/543 284/545/525
f 270/539/520 269/537/518 301/564/544 302/566/546
f 257/540/521 256/538/519 288/565/545 289/567/547
f 271/541/522 270/539/520 302/566/546 303/568/548
f 258/542/523 257/540/521 289/567/547 290/569/549
f 272/480/462 271/541/522 303/568/548 304/570/550
f 259/543/496 258/542/523 290/569/549 291/571/551
f 273/481/463 272/480/462 304/570/550 305/572/552
f 260/516/497 259/515/496 291/573/551 292/574/553
f 274/517/498 273/481/463 305/572/552 306/575/554
f 261/518/499 260/516/497 292/574/553 293/576/555
f 275/512/493 274/517/498 306/575/554 307/513/494
f 262/519/500 261/518/499 293/576/555 294/548/528
f 319/577/556 318/578/557 350/579/558 351/580/559
f 311/554/534 310/552/532 342/581/560 343/582/561
f 298/555/535 297/553/533 329/583/562 330/584/563
f 285/556/536 283/544/524 315/547/527 317/585/564
f 312/557/537 311/554/534 343/582/561 344/586/565
f 299/558/538 298/555/535 330/584/563 331/587/566
f 286/559/539 285/556/536 317/585/564 318/578/557
f 313/560/540 312/557/537 344/586/565 345/588/567
f 300/561/541 299/558/538 331/587/566 332/589/568
f 287/562/542 286/559/539 318/578/557 319/577/556
f 314/563/543 313/560/540 345/588/567 346/590/569
f 301/564/544 300/561/541 332/589/568 333/591/570
f 288/565/545 287/562/542 319/577/556 320/592/571
f 284/545/525 314/563/543 346/590/569 316/546/526
f 302/566/546 301/564/544 333/591/570 334/593/572
f 289/567/547 288/565/545 320/592/571 321/594/573
f 303/568/548 302/566/546 334/593/572 335/595/574
f 290/569/549 289/567/547 321/594/573 322/596/575
f 304/570/550 303/568/548 335/595/574 336/597/576
f 291/571/551 290/569/549 322/596/575 323/598/577
f 305/572/552 304/570/550 336/597/576 337/599/578
f 292/574/553 291/573/551 323/600/577 324/601/579
f 306/575/554 305/572/552 337/599/578 338/602/580
f 293/576/555 292/574/553 324/601/579 325/603/581
f 307/513/494 306/575/554 338/602/580 339/604/582
f 294/548/528 293/576/555 325/603/581 326/605/583
f 308/514/495 307/513/494 339/604/582 340/606/584
f 295/549/529 294/548/528 326/605/583 327/607/585
f 309/550/530 308/514/495 340/606/584 341/608/586
f 296/551/531 295/549/529 327/607/585 328/609/587
f 310/552/532 309/550/530 341/608/586 342/581/560
f 297/553/533 296/551/531 328/609/587 329/583/562
f 354/610/588 353/611/589 385/612/590 386/613/591
f 346/590/569 345/588/567 377/614/592 378/615/593
f 333/591/570 332/589/568 364/616/594 365/617/595
f 320/592/571 319/577/556 351/580/559 352/618/596
f 316/546/526 346/590/569 378/615/593 348/619/597
f 334/593/572 333/591/570 365/617/595 366/620/598
f 321/594/573 320/592/571 352/618/596 353/611/589
f 335/595/574 334/593/572 366/620/598 367/621/599
f 322/596/575 321/594/573 353/611/589 354/610/588
f 336/597/576 335/595/574 367/621/599 368/622/600
f 323/598/577 322/596/575 354/610/588 355/623/601
f 337/599/578 336/597/576 368/622/600 369/624/602
f 324/601/579 323/600/577 355/625/601 356/626/603
f 338/602/580 337/599/578 369/624/602 370/627/604
f 325/603/581 324/601/579 356/626/603 357/628/605
f 339/604/582 338/602/580 370/627/604 371/629/606
f 326/605/583 325/603/581 357/628/605 358/630/607
f 340/606/584 339/604/582 371/629/606 372/631/608
f 327/607/585 326/605/583 358/630/607 359/632/609
f 341/608/586 340/606/584 372/631/608 373/633/610
f 328/609/587 327/607/585 359/632/609 360/634/611
f 342/581/560 341/608/586 373/633/610 374/635/612
f 329/583/562 328/609/587 360/634/611 361/636/613
f 315/547/527 316/546/526 348/619/597 347/637/614
f 343/582/561 342/581/560 374/635/612 375/638/615
f 330/584/563 329/583/562 361/636/613 362/639/616
f 317/585/564 315/547/527 347/637/614 349/640/617
f 344/586/565 343/582/561 375/638/615 376/641/618
f 331/587/566 330/584/563 362/639/616 363/642/619
f 318/578/557 317/585/564 349/640/617 350/579/558
f 345/588/567 344/586/565 376/641/618 377/614/592
f 332/589/568 331/587/566 363/642/619 364/616/594
f 389/643/620 388/644/621 420/645/622 421/646/623
f 368/622/600 367/621/599 399/647/624 400/648/625
f 355/623/601 354/610/588 386/613/591 387/649/626
f 369/624/602 368/622/600 400/648/625 401/650/627
f 356/626/603 355/625/601 387/651/626 388/644/621
f 370/627/604 369/624/602 401/650/627 402/652/628
f 357/628/605 356/626/603 388/644/621 389/643/620
f 371/629/606 370/627/604 402/652/628 403/653/629
f 358/630/607 357/628/605 389/643/620 390/654/630
f 372/631/608 371/629/606 403/653/629 404/655/631
f 359/632/609 358/630/607 390/654/630 391/656/632
f 373/633/610 372/631/608 404/655/631 405/657/633
f 360/634/611 359/632/609 391/656/632 392/658/634
f 374/635/612 373/633/610 405/657/633 406/659/635
f 361/636/613 360/634/611 392/658/634 393/660/636
f 347/637/614 348/619/597 380/661/637 379/662/638
f 375/638/615 374/635/612 406/659/635 407/663/639
f 362/639/616 361/636/613 393/660/636 394/664/640
f 349/640/617 347/637/614 379/662/638 381/665/641
f 376/641/618 375/638/615 407/663/639 408/666/642
f 363/642/619 362/639/616 394/664/640 395/667/643
f 350/579/558 349/640/617 381/665/641 382/668/644
f 377/614/592 376/641/618 408/666/642 409/669/645
f 364/616/594 363/642/619 395/667/643 396/670/646
f 351/580/559 350/579/558 382/668/644 383/671/647
f 378/615/593 377/614/592 409/669/645 410/672/648
f 365/617/595 364/616/594 396/670/646 397/673/649
f 352/618/596 351/580/559 383/671/647 384/674/650
f 348/619/597 378/615/593 410/672/648 380/661/637
f 366/620/598 365/617/595 397/673/649 398/675/651
f 353/611/589 352/618/596 384/674/650 385/612/590
f 367/621/599 366/620/598 398/675/651 399/647/624
f 424/676/652 423/677/653 455/678/654 456/679/655
f 403/653/629 402/652/628 434/680/656 435/681/657
f 390/654/630 389/643/620 421/646/623 422/682/658
f 404/655/631 403/653/629 435/681/657 436/683/659
f 391/656/632 390/654/630 422/682/658 423/677/653
f 405/657/633 404/655/631 436/683/659 437/684/660
f 392/658/634 391/656/632 423/677/653 424/676/652
f 406/659/635 405/657/633 437/684/660 438/685/661
f 393/660/636 392/658/634 424/676/652 425/686/662
f 379/662/638 380/661/637 412/687/663 411/688/664
f 407/663/639 406/659/635 438/685/661 439/689/665
f 394/664/640 393/660/636 425/686/662 426/690/666
f 381/665/641 379/662/638 411/688/664 413/691/667
f 408/666/642 407/663/639 439/689/665 440/692/668
f 395/667/643 394/664/640 426/690/666 427/693/669
f 382/668/644 381/665/641 413/691/667 414/694/670
f 409/669/645 408/666/642 440/692/668 441/695/671
f 396/670/646 395/667/643 427/693/669 428/696/672
f 383/671/647 382/668/644 414/694/670 415/697/673
f 410/672/648 409/669/645 441/695/671 442/698/674
f 397/673/649 396/670/646 428/696/672 429/699/675
f 384/674/650 383/671/647 415/697/673 416/700/676
f 380/661/637 410/672/648 442/698/674 412/687/663
f 398/675/651 397/673/649 429/699/675 430/701/677
f 385/612/590 384/674/650 416/700/676 417/702/678
f 399/647/624 398/675/651 430/701/677 431/703/679
f 386/613/591 385/612/590 417/702/678 418/704/680
f 400/648/625 399/647/624 431/703/679 432/705/681
f 387/649/626 386/613/591 418/704/680 419/706/682
f 401/650/627 400/648/625 432/705/681 433/707/683
f 388/644/621 387/651/626 419/708/682 420/645/622
f 402/652/628 401/650/627 433/707/683 434/680/656
f 459/709/684 458/710/685 490/711/686 491/712/687
f 438/685/661 437/684/660 469/713/688 470/714/689
f 425/686/662 424/676/652 456/679/655 457/715/690
f 411/688/664 412/687/663 444/716/691 443/717/692
f 439/689/665 438/685/661 470/714/689 471/718/693
f 426/690/666 425/686/662 457/715/690 458/710/685
f 413/691/667 411/688/664 443/717/692 445/719/694
f 440/692/668 439/689/665 471/718/693 472/720/695
f 427/693/669 426/690/666 458/710/685 459/709/684
f 414/694/670 413/691/667 445/719/694 446/721/696
f 441/695/671 440/692/668 472/720/695 473/722/697
f 428/696/672 427/693/669 459/709/684 460/723/698
f 415/697/673 414/694/670 446/721/696 447/724/699
f 442/698/674 441/695/671 473/722/697 474/725/700
f 429/699/675 428/696/672 460/723/698 461/726/701
f 416/700/676 415/697/673 447/724/699 448/727/702
f 412/687/663 442/698/674 474/725/700 444/716/691
f 430/701/677 429/699/675 461/726/701 462/728/703
f 417/702/678 416/700/676 448/727/702 449/729/704
f 431/703/679 430/701/677 462/728/703 463/730/705
f 418/704/680 417/702/678 449/729/704 450/731/706
f 432/705/681 431/703/679 463/730/705 464/732/707
f 419/706/682 418/704/680 450/731/706 451/733/708
f 433/707/683 432/705/681 464/732/707 465/734/709
f 420/645/622 419/708/682 451/735/708 452/736/710
f 434/680/656 433/707/683 465/734/709 466/737/711
f 421/646/623 420/645/622 452/736/710 453/738/712
f 435/681/657 434/680/656 466/737/711 467/739/713
f 422/682/658 421/646/623 453/738/712 454/740/714
f 436/683/659 435/681/657 467/739/713 468/741/715
f 423/677/653 422/682/658 454/740/714 455/678/654
f 437/684/660 436/683/659 468/741/715 469/713/688
f 494/742/716 493/743/717 525/744/718 526/745/719
f 446/721/696 445/719/694 477/746/720 478/747/721
f 473/722/697 472/720/695 504/748/722 505/749/723
f 460/723/698 459/709/684 491/712/687 492/750/724
f 447/724/699 446/721/696 478/747/721 479/751/725
f 474/725/700 473/722/697 505/749/723 506/752/726
f 461/726/701 460/723/698 492/750/724 493/743/717
f 448/727/702 447/724/699 479/751/725 480/753/727
f 444/716/691 474/725/700 506/752/726 476/754/728
f 462/728/703 461/726/701 493/743/717 494/742/716
f 449/729/704 448/727/702 480/753/727 481/755/729
f 463/730/705 462/728/703 494/742/716 495/756/730
f 450/731/706 449/729/704 481/755/729 482/757/731
f 464/732/707 463/730/705 495/756/730 496/758/732
f 451/733/708 450/731/706 482/757/731 483/759/733
f 465/734/709 464/732/707 496/758/732 497/760/734
f 452/736/710 451/735/708 483/761/733 484/762/735
f 466/737/711 465/734/709 497/760/734 498/763/736
f 453/738/712 452/736/710 484/762/735 485/764/737
f 467/739/713 466/737/711 498/763/736 499/765/738
f 454/740/714 453/738/712 485/764/737 486/766/739
f 468/741/715 467/739/713 499/765/738 500/767/740
f 455/678/654 454/740/714 486/766/739 487/768/741
f 469/713/688 468/741/715 500/767/740 501/769/742
f 456/679/655 455/678/654 487/768/741 488/770/743
f 470/714/689 469/713/688 501/769/742 502/771/744
f 457/715/690 456/679/655 488/770/743 489/772/745
f 443/717/692 444/716/691 476/754/728 475/773/746
f 471/718/693 470/714/689 502/771/744 503/774/747
f 458/710/685 457/715/690 489/772/745 490/711/686
f 445/719/694 443/717/692 475/773/746 477/746/720
f 472/720/695 471/718/693 503/774/747 504/748/722
f 529/775/748 528/776/749 560/777/750 561/778/751
f 481/755/729 480/753/727 512/779/752 513/780/753
f 495/756/730 494/742/716 526/745/719 527/781/754
f 482/757/731 481/755/729 513/780/753 514/782/755
f 496/758/732 495/756/730 527/781/754 528/776/749
f 483/759/733 482/757/731 514/782/755 515/783/756
f 497/760/734 496/758/732 528/776/749 529/775/748
f 484/762/735 483/761/733 515/784/756 516/785/757
f 498/763/736 497/760/734 529/775/748 530/786/758
f 485/764/737 484/762/735 516/785/757 517/787/759
f 499/765/738 498/763/736 530/786/758 531/788/760
f 486/766/739 485/764/737 517/787/759 518/789/761
f 500/767/740 499/765/738 531/788/760 532/790/762
f 487/768/741 486/766/739 518/789/761 519/791/763
f 501/769/742 500/767/740 532/790/762 533/792/764
f 488/770/743 487/768/741 519/791/763 520/793/765
f 502/771/744 501/769/742 533/792/764 534/794/766
f 489/772/745 488/770/743 520/793/765 521/795/767
f 475/773/746 476/754/728 508/796/768 507/797/769
f 503/774/747 502/771/744 534/794/766 535/798/770
f 490/711/686 489/772/745 521/795/767 522/799/771
f 477/746/720 475/773/746 507/797/769 509/800/772
f 504/748/722 503/774/747 535/798/770 536/801/773
f 491/712/687 490/711/686 522/799/771 523/802/774
f 478/747/721 477/746/720 509/800/772 510/803/775
f 505/749/723 504/748/722 536/801/773 537/804/776
f 492/750/724 491/712/687 523/802/774 524/805/777
f 479/751/725 478/747/721 510/803/775 511/806/778
f 506/752/726 505/749/723 537/804/776 538/807/779
f 493/743/717 492/750/724 524/805/777 525/744/718
f 480/753/727 479/751/725 511/806/778 512/779/752
f 476/754/728 506/752/726 538/807/779 508/796/768
f 564/808/780 563/809/781 595/810/782 596/811/783
f 516/785/757 515/784/756 547/812/784 548/813/785
f 530/786/758 529/775/748 561/778/751 562/814/786
f 517/787/759 516/785/757 548/813/785 549/815/787
f 531/788/760 530/786/758 562/814/786 563/809/781
f 518/789/761 517/787/759 549/815/787 550/816/788
f 532/790/762 531/788/760 563/809/781 564/808/780
f 519/791/763 518/789/761 550/816/788 551/817/789
f 533/792/764 532/790/762 564/808/780 565/818/790
f 520/793/765 519/791/763 551/817/789 552/819/791
f 534/794/766 533/792/764 565/818/790 566/820/792
f 521/795/767 520/793/765 552/819/791 553/821/793
f 507/797/769 508/796/768 540/822/794 539/823/795
f 535/798/770 534/794/766 566/820/792 567/824/796
f 522/799/771 521/795/767 553/821/793 554/825/797
f 509/800/772 507/797/769 539/823/795 541/826/798
f 536/801/773 535/798/770 567/824/796 568/827/799
f 523/802/774 522/799/771 554/825/797 555/828/800
f 510/803/775 509/800/772 541/826/798 542/829/801
f 537/804/776 536/801/773 568/827/799 569/830/802
f 524/805/777 523/802/774 555/828/800 556/831/803
f 511/806/778 510/803/775 542/829/801 543/832/804
f 538/807/779 537/804/776 569/830/802 570/833/805
f 525/744/718 524/805/777 556/831/803 557/834/806
f 512/779/752 511/806/778 543/832/804 544/835/807
f 508/796/768 538/807/779 570/833/805 540/822/794
f 526/745/719 525/744/718 557/834/806 558/836/808
f 513/780/753 512/779/752 544/835/807 545/837/809
f 527/781/754 526/745/719 558/836/808 559/838/810
f 514/782/755 513/780/753 545/837/809 546/839/811
f 528/776/749 527/781/754 559/838/810 560/777/750
f 515/783/756 514/782/755 546/839/811 547/840/784
f 599/841/812 598/842/813 630/843/814 631/844/815
f 551/817/789 550/816/788 582/845/816 583/846/817
f 565/818/790 564/808/780 596/811/783 597/847/818
f 552/819/791 551/817/789 583/846/817 584/848/819
f 566/820/792 565/818/790 597/847/818 598/842/813
f 553/821/793 552/819/791 584/848/819 585/849/820
f 539/823/795 540/822/794 572/850/821 571/851/822
f 567/824/796 566/820/792 598/842/813 599/841/812
f 554/825/797 553/821/793 585/849/820 586/852/823
f 541/826/798 539/823/795 571/851/822 573/853/824
f 568/827/799 567/824/796 599/841/812 600/854/825
f 555/828/800 554/825/797 586/852/823 587/855/826
f 542/829/801 541/826/798 573/853/824 574/856/827
f 569/830/802 568/827/799 600/854/825 601/857/828
f 556/831/803 555/828/800 587/855/826 588/858/829
f 543/832/804 542/829/801 574/856/827 575/859/830
f 570/833/805 569/830/802 601/857/828 602/860/831
f 557/834/806 556/831/803 588/858/829 589/861/832
f 544/835/807 543/832/804 575/859/830 576/862/833
f 540/822/794 570/833/805 602/860/831 572/850/821
f 558/836/808 557/834/806 589/861/832 590/863/834
f 545/837/809 544/835/807 576/862/833 577/864/835
f 559/838/810 558/836/808 590/863/834 591/865/836
f 546/839/811 545/837/809 577/864/835 578/866/837
f 560/777/750 559/838/810 591/865/836 592/867/838
f 547/840/784 546/839/811 578/866/837 579/868/839
f 561/778/751 560/777/750 592/867/838 593/869/840
f 548/813/785 547/812/784 579/870/839 580/871/841
f 562/814/786 561/778/751 593/869/840 594/872/842
f 549/815/787 548/813/785 580/871/841 581/873/843
f 563/809/781 562/814/786 594/872/842 595/810/782
f 550/816/788 549/815/787 581/873/843 582/845/816
f 634/874/844 633/875/845 665/876/846 666/877/847
f 586/852/823 585/849/820 617/878/848 618/879/849
f 573/853/824 571/851/822 603/880/850 605/881/851
f 600/854/825 599/841/812 631/844/815 632/882/852
f 587/855/826 586/852/823 618/879/849 619/883/853
f 574/856/827 573/853/824 605/881/851 606/884/854
f 601/857/828 600/854/825 632/882/852 633/875/845
f 588/858/829 587/855/826 619/883/853 620/885/855
f 575/859/830 574/856/827 606/884/854 607/886/856
f 602/860/831 601/857/828 633/875/845 634/874/844
f 589/861/832 588/858/829 620/885/855 621/887/857
f 576/862/833 575/859/830 607/886/856 608/888/858
f 572/850/821 602/860/831 634/874/844 604/889/859
f 590/863/834 589/861/832 621/887/857 622/890/860
f 577/864/835 576/862/833 608/888/858 609/891/861
f 591/865/836 590/863/834 622/890/860 623/892/862
f 578/866/837 577/864/835 609/891/861 610/893/863
f 592/867/838 591/865/836 623/892/862 624/894/864
f 579/868/839 578/866/837 610/893/863 611/895/865
f 593/869/840 592/867/838 624/894/864 625/896/866
f 580/871/841 579/870/839 611/897/865 612/898/867
f 594/872/842 593/869/840 625/896/866 626/899/868
f 581/873/843 580/871/841 612/898/867 613/900/869
f 595/810/782 594/872/842 626/899/868 627/901/870
f 582/845/816 581/873/843 613/900/869 614/902/871
f 596/811/783 595/810/782 627/901/870 628/903/872
f 583/846/817 582/845/816 614/902/871 615/904/873
f 597/847/818 596/811/783 628/903/872 629/905/874
f 584/848/819 583/846/817 615/904/873 616/906/875
f 598/842/813 597/847/818 629/905/874 630/843/814
f 585/849/820 584/848/819 616/906/875 617/878/848
f 571/851/822 572/850/821 604/889/859 603/880/850
f 621/887/857 620/885/855 652/907/876 653/908/877
f 608/888/858 607/886/856 639/909/878 640/910/879
f 604/889/859 634/874/844 666/877/847 636/911/880
f 622/890/860 621/887/857 653/908/877 654/912/881
f 609/891/861 608/888/858 640/910/879 641/913/882
f 623/892/862 622/890/860 654/912/881 655/914/883
f 610/893/863 609/891/861 641/913/882 642/915/884
f 624/894/864 623/892/862 655/914/883 656/916/885
f 611/895/865 610/893/863 642/915/884 643/917/886
f 625/896/866 624/894/864 656/916/885 657/918/887
f 612/898/867 611/897/865 643/919/886 644/920/888
f 626/899/868 625/896/866 657/918/887 658/921/889
f 613/900/869 612/898/867 644/920/888 645/922/890
f 627/901/870 626/899/868 658/921/889 659/923/891
f 614/902/871 613/900/869 645/922/890 646/924/892
f 628/903/872 627/901/870 659/923/891 660/925/893
f 615/904/873 614/902/871 646/924/892 647/926/894
f 629/905/874 628/903/872 660/925/893 661/927/895
f 616/906/875 615/904/873 647/926/894 648/928/896
f 630/843/814 629/905/874 661/927/895 662/929/897
f 617/878/848 616/906/875 648/928/896 649/930/898
f 603/880/850 604/889/859 636/911/880 635/931/899
f 631/844/815 630/843/814 662/929/897 663/932/900
f 618/879/849 617/878/848 649/930/898 650/933/901
f 605/881/851 603/880/850 635/931/899 637/934/902
f 632/882/852 631/844/815 663/932/900 664/935/903
f 619/883/853 618/879/849 650/933/901 651/936/904
f 606/884/854 605/881/851 637/934/902 638/937/905
f 633/875/845 632/882/852 664/935/903 665/876/846
f 620/885/855 619/883/853 651/936/904 652/907/876
f 607/886/856 606/884/854 638/937/905 639/909/878
f 635/931/899 636/911/880 1692/938/906 1688/939/907
f 1/940/31 702/941/31 2207/942/908 1825/943/909
f 4/944/31 688/945/31 1830/946/910 1836/947/911
f 687/948/31 3/949/31 2132/950/912 2137/951/913
f 5/952/31 694/953/31 2151/954/914 2157/955/915
f 689/956/31 4/944/31 1836/947/911 2142/957/916
f 688/945/31 687/948/31 2137/951/913 1830/946/910
f 691/32/31 690/958/31 1840/959/917 1846/33/32
f 1845/960/184 1910/961/183 1916/40/39 2146/39/38
f 690/958/31 689/956/31 2142/957/916 1840/959/917
f 693/962/31 692/31/31 2147/34/33 1851/963/918
f 694/953/31 693/962/31 1851/963/918 2151/954/914
f 697/56/31 696/964/31 1855/965/919 1861/57/54
f 695/966/31 5/952/31 2157/955/915 2162/967/920
f 700/968/31 10/969/31 2181/970/921 2187/971/922
f 1860/52/51 1925/51/50 1931/972/923 2166/973/924
f 696/964/31 695/966/31 2162/967/920 1855/965/919
f 7/974/31 6/975/31 1866/976/925 2172/977/926
f 2166/973/924 1931/972/923 1936/60/57 1865/59/56
f 6/975/31 698/55/31 2167/58/55 1866/976/925
f 10/969/31 9/978/31 1876/979/927 2181/970/921
f 8/64/31 7/974/31 2172/977/926 1871/65/60
f 701/980/31 13/981/31 1880/982/928 1886/983/929
f 9/978/31 699/63/31 2177/66/61 1876/979/927
f 11/984/31 700/968/31 2187/971/922 2192/985/930
f 12/986/31 11/984/31 2192/985/930 2197/987/931
f 702/941/31 16/97/31 2201/98/90 2207/942/908
f 14/94/31 701/980/31 1886/983/929 1891/95/88
f 13/981/31 12/986/31 2197/987/931 1880/982/928
f 1885/204/196 1955/203/195 1961/988/932 1890/989/933
f 1890/989/933 1961/988/932 1966/184/176 1895/183/175
f 55/252/24 60/205/197 1915/206/198 1911/990/25
f 2/991/31 1/940/31 1825/943/909 2126/992/934
f 688/945/31 4/944/31 1349/993/31 687/948/31
f 4/944/31 689/956/31 1353/994/31 1349/993/31
f 689/956/31 690/958/31 674/995/31 1353/994/31
f 690/958/31 691/32/31 1358/996/31 674/995/31
f 691/32/31 692/31/31 680/997/31 1358/996/31
f 692/31/31 693/962/31 1369/998/31 680/997/31
f 693/962/31 694/953/31 684/999/31 1369/998/31
f 694/953/31 5/952/31 695/966/31 684/999/31
f 687/948/31 1349/993/31 1350/1000/31 3/949/31
f 1353/994/31 674/995/31 1356/1001/31 1354/1002/31
f 674/995/31 1358/996/31 1359/1003/31 1356/1001/31
f 1358/996/31 680/997/31 1364/1004/31 1359/1003/31
f 680/997/31 1369/998/31 682/1005/31 1364/1004/31
f 1369/998/31 684/999/31 685/1006/31 682/1005/31
f 684/999/31 695/966/31 696/964/31 685/1006/31
f 3/949/31 1350/1000/31 667/1007/31 2/991/31
f 1350/1000/31 1354/1002/31 1355/1008/31 667/1007/31
f 1354/1002/31 1356/1001/31 675/1009/31 1355/1008/31
f 1356/1001/31 1359/1003/31 1360/1010/31 675/1009/31
f 1364/1004/31 682/1005/31 1370/1011/31 1365/1012/31
f 682/1005/31 685/1006/31 686/1013/31 1370/1011/31
f 685/1006/31 696/964/31 697/56/31 686/1013/31
f 2/991/31 667/1007/31 668/1014/31 1/940/31
f 667/1007/31 1355/1008/31 670/1015/31 668/1014/31
f 1355/1008/31 675/1009/31 676/1016/31 670/1015/31
f 675/1009/31 1360/1010/31 679/1017/31 676/1016/31
f 1360/1010/31 1365/1012/31 1366/1018/31 679/1017/31
f 1365/1012/31 1370/1011/31 683/1019/31 1366/1018/31
f 1370/1011/31 686/1013/31 1374/1020/31 683/1019/31
f 686/1013/31 697/56/31 698/55/31 1374/1020/31
f 1/940/31 668/1014/31 669/1021/31 702/941/31
f 668/1014/31 670/1015/31 671/1022/31 669/1021/31
f 670/1015/31 676/1016/31 1357/1023/31 671/1022/31
f 676/1016/31 679/1017/31 1361/1024/31 1357/1023/31
f 679/1017/31 1366/1018/31 681/1025/31 1361/1024/31
f 1366/1018/31 683/1019/31 1371/1026/31 681/1025/31
f 683/1019/31 1374/1020/31 1375/1027/31 1371/1026/31
f 1374/1020/31 698/55/31 6/975/31 1375/1027/31
f 702/941/31 669/1021/31 1351/1028/31 16/97/31
f 669/1021/31 671/1022/31 672/1029/31 1351/1028/31
f 671/1022/31 1357/1023/31 677/1030/31 672/1029/31
f 1357/1023/31 1361/1024/31 1362/1031/31 677/1030/31
f 1361/1024/31 681/1025/31 1367/1032/31 1362/1031/31
f 681/1025/31 1371/1026/31 1372/1033/31 1367/1032/31
f 1375/1027/31 6/975/31 7/974/31 1376/1034/31
f 16/97/31 1351/1028/31 1352/1035/31 15/93/31
f 1351/1028/31 672/1029/31 673/1036/31 1352/1035/31
f 672/1029/31 677/1030/31 678/1037/31 673/1036/31
f 677/1030/31 1362/1031/31 1363/1038/31 678/1037/31
f 1376/1034/31 7/974/31 8/64/31 1377/1039/31
f 15/93/31 1352/1035/31 701/980/31 14/94/31
f 1352/1035/31 673/1036/31 13/981/31 701/980/31
f 673/1036/31 678/1037/31 12/986/31 13/981/31
f 678/1037/31 1363/1038/31 11/984/31 12/986/31
f 1363/1038/31 1368/1040/31 700/968/31 11/984/31
f 1368/1040/31 1373/1041/31 10/969/31 700/968/31
f 1373/1041/31 1377/1039/31 9/978/31 10/969/31
f 1377/1039/31 8/64/31 699/63/31 9/978/31
f 103/84/79 782/87/82 1950/90/85 1946/85/80
f 713/116/108 710/111/103 1379/114/106 1380/117/109
f 729/251/118 725/123/115 1382/124/116 1383/1042/119
f 765/150/142 763/147/139 1388/148/140 1389/151/143
f 790/166/158 788/163/155 1390/164/156 1391/167/159
f 1587/1043/935 806/1044/936 836/1045/937 1571/1046/938
f 754/199/191 81/185/177 1935/188/180 1930/200/192
f 724/240/232 721/236/228 720/237/229 723/241/233
f 728/244/236 724/240/232 723/241/233 727/245/237
f 742/271/257 737/267/253 736/268/254 741/275/261
f 741/275/261 736/268/254 735/131/123 739/133/125
f 744/43/42 740/47/46 743/269/255 746/272/258
f 759/291/277 756/287/273 755/288/274 758/295/281
f 758/295/281 755/288/274 753/141/133 757/143/135
f 772/306/292 768/302/288 767/303/289 771/307/293
f 779/319/305 776/315/301 775/316/302 778/320/306
f 785/88/83 782/87/82 784/321/307 787/325/311
f 795/339/325 792/335/321 791/336/322 794/340/326
f 802/102/94 798/101/93 801/341/327 804/1047/939
f 804/1047/939 801/341/327 800/342/328 803/345/331
f 703/105/97 802/102/94 804/1047/939 705/215/207
f 705/215/207 804/1047/939 803/345/331 706/217/209
f 818/1048/940 850/1049/941 849/1050/942 817/1051/943
f 1574/1052/944 824/1053/945 823/1054/946 1572/1055/947
f 1588/1056/948 811/1057/949 810/1058/950 1573/1059/951
f 1575/1060/952 825/1061/953 824/1053/945 1574/1052/944
f 1576/1062/954 812/1063/955 811/1057/949 1588/1056/948
f 1589/1064/956 826/1065/957 825/1061/953 1575/1060/952
f 1577/1066/958 813/1067/959 812/1063/955 1576/1062/954
f 1590/1068/960 827/1069/961 826/1065/957 1589/1064/956
f 1591/1070/962 814/1071/963 813/1072/959 1577/1073/958
f 1592/1074/964 828/1075/965 827/1069/961 1590/1068/960
f 1578/1076/966 815/1077/967 814/1071/963 1591/1070/962
f 1593/1078/968 829/1079/969 828/1075/965 1592/1074/964
f 1594/1080/970 816/1081/971 815/1077/967 1578/1076/966
f 1595/1082/972 830/1083/973 829/1079/969 1593/1078/968
f 1596/1084/974 817/1051/943 816/1081/971 1594/1080/970
f 1597/1085/975 831/1086/976 830/1083/973 1595/1082/972
f 1598/1087/977 818/1048/940 817/1051/943 1596/1084/974
f 1579/1088/978 832/1089/979 831/1086/976 1597/1085/975
f 1580/1090/980 819/1091/981 818/1048/940 1598/1087/977
f 1581/1092/982 805/1093/983 806/1044/936 1587/1043/935
f 1582/1094/984 833/1095/985 832/1089/979 1579/1088/978
f 1583/1096/986 820/1097/987 819/1091/981 1580/1090/980
f 1584/1098/988 807/1099/989 805/1093/983 1581/1092/982
f 1599/1100/990 834/1101/991 833/1095/985 1582/1094/984
f 1600/1102/992 821/1103/993 820/1097/987 1583/1096/986
f 1585/1104/994 808/1105/995 807/1099/989 1584/1098/988
f 1586/1106/996 835/1107/997 834/1101/991 1599/1100/990
f 1601/1108/998 822/1109/999 821/1103/993 1600/1102/992
f 1602/1110/1000 809/1111/1001 808/1105/995 1585/1104/994
f 1571/1046/938 836/1045/937 835/1107/997 1586/1106/996
f 1572/1055/947 823/1054/946 822/1109/999 1601/1108/998
f 1573/1059/951 810/1058/950 809/1111/1001 1602/1110/1000
f 853/1112/1002 885/1113/1003 884/1114/1004 852/1115/1005
f 832/1089/979 864/1116/1006 863/1117/1007 831/1086/976
f 819/1091/981 851/1118/1008 850/1049/941 818/1048/940
f 805/1093/983 837/1119/1009 838/1120/1010 806/1044/936
f 833/1095/985 865/1121/1011 864/1116/1006 832/1089/979
f 820/1097/987 852/1115/1005 851/1118/1008 819/1091/981
f 807/1099/989 839/1122/1012 837/1119/1009 805/1093/983
f 834/1101/991 866/1123/1013 865/1121/1011 833/1095/985
f 821/1103/993 853/1112/1002 852/1115/1005 820/1097/987
f 808/1105/995 840/1124/1014 839/1122/1012 807/1099/989
f 835/1107/997 867/1125/1015 866/1123/1013 834/1101/991
f 822/1109/999 854/1126/1016 853/1112/1002 821/1103/993
f 809/1111/1001 841/1127/1017 840/1124/1014 808/1105/995
f 836/1045/937 868/1128/1018 867/1125/1015 835/1107/997
f 823/1054/946 855/1129/1019 854/1126/1016 822/1109/999
f 810/1058/950 842/1130/1020 841/1127/1017 809/1111/1001
f 806/1044/936 838/1120/1010 868/1128/1018 836/1045/937
f 824/1053/945 856/1131/1021 855/1129/1019 823/1054/946
f 811/1057/949 843/1132/1022 842/1130/1020 810/1058/950
f 825/1061/953 857/1133/1023 856/1131/1021 824/1053/945
f 812/1063/955 844/1134/1024 843/1132/1022 811/1057/949
f 826/1065/957 858/1135/1025 857/1133/1023 825/1061/953
f 813/1067/959 845/1136/1026 844/1134/1024 812/1063/955
f 827/1069/961 859/1137/1027 858/1135/1025 826/1065/957
f 814/1071/963 846/1138/1028 845/1139/1026 813/1072/959
f 828/1075/965 860/1140/1029 859/1137/1027 827/1069/961
f 815/1077/967 847/1141/1030 846/1138/1028 814/1071/963
f 829/1079/969 861/1142/1031 860/1140/1029 828/1075/965
f 816/1081/971 848/1143/1032 847/1141/1030 815/1077/967
f 830/1083/973 862/1144/1033 861/1142/1031 829/1079/969
f 817/1051/943 849/1050/942 848/1143/1032 816/1081/971
f 831/1086/976 863/1117/1007 862/1144/1033 830/1083/973
f 888/1145/1034 920/1146/1035 919/1147/1036 887/1148/1037
f 840/1124/1014 872/1149/1038 871/1150/1039 839/1122/1012
f 867/1125/1015 899/1151/1040 898/1152/1041 866/1123/1013
f 854/1126/1016 886/1153/1042 885/1113/1003 853/1112/1002
f 841/1127/1017 873/1154/1043 872/1149/1038 840/1124/1014
f 868/1128/1018 900/1155/1044 899/1151/1040 867/1125/1015
f 855/1129/1019 887/1148/1037 886/1153/1042 854/1126/1016
f 842/1130/1020 874/1156/1045 873/1154/1043 841/1127/1017
f 838/1120/1010 870/1157/1046 900/1155/1044 868/1128/1018
f 856/1131/1021 888/1145/1034 887/1148/1037 855/1129/1019
f 843/1132/1022 875/1158/1047 874/1156/1045 842/1130/1020
f 857/1133/1023 889/1159/1048 888/1145/1034 856/1131/1021
f 844/1134/1024 876/1160/1049 875/1158/1047 843/1132/1022
f 858/1135/1025 890/1161/1050 889/1159/1048 857/1133/1023
f 845/1136/1026 877/1162/1051 876/1160/1049 844/1134/1024
f 859/1137/1027 891/1163/1052 890/1161/1050 858/1135/1025
f 846/1138/1028 878/1164/1053 877/1165/1051 845/1139/1026
f 860/1140/1029 892/1166/1054 891/1163/1052 859/1137/1027
f 847/1141/1030 879/1167/1055 878/1164/1053 846/1138/1028
f 861/1142/1031 893/1168/1056 892/1166/1054 860/1140/1029
f 848/1143/1032 880/1169/1057 879/1167/1055 847/1141/1030
f 862/1144/1033 894/1170/1058 893/1168/1056 861/1142/1031
f 849/1050/942 881/1171/1059 880/1169/1057 848/1143/1032
f 863/1117/1007 895/1172/1060 894/1170/1058 862/1144/1033
f 850/1049/941 882/1173/1061 881/1171/1059 849/1050/942
f 864/1116/1006 896/1174/1062 895/1172/1060 863/1117/1007
f 851/1118/1008 883/1175/1063 882/1173/1061 850/1049/941
f 837/1119/1009 869/1176/1064 870/1157/1046 838/1120/1010
f 865/1121/1011 897/1177/1065 896/1174/1062 864/1116/1006
f 852/1115/1005 884/1114/1004 883/1175/1063 851/1118/1008
f 839/1122/1012 871/1150/1039 869/1176/1064 837/1119/1009
f 866/1123/1013 898/1152/1041 897/1177/1065 865/1121/1011
f 923/1178/1066 955/1179/1067 954/1180/1068 922/1181/1069
f 875/1158/1047 907/1182/1070 906/1183/1071 874/1156/1045
f 889/1159/1048 921/1184/1072 920/1146/1035 888/1145/1034
f 876/1160/1049 908/1185/1073 907/1182/1070 875/1158/1047
f 890/1161/1050 922/1181/1069 921/1184/1072 889/1159/1048
f 877/1162/1051 909/1186/1074 908/1185/1073 876/1160/1049
f 891/1163/1052 923/1178/1066 922/1181/1069 890/1161/1050
f 878/1164/1053 910/1187/1075 909/1188/1074 877/1165/1051
f 892/1166/1054 924/1189/1076 923/1178/1066 891/1163/1052
f 879/1167/1055 911/1190/1077 910/1187/1075 878/1164/1053
f 893/1168/1056 925/1191/1078 924/1189/1076 892/1166/1054
f 880/1169/1057 912/1192/1079 911/1190/1077 879/1167/1055
f 894/1170/1058 926/1193/1080 925/1191/1078 893/1168/1056
f 881/1171/1059 913/1194/1081 912/1192/1079 880/1169/1057
f 895/1172/1060 927/1195/1082 926/1193/1080 894/1170/1058
f 882/1173/1061 914/1196/1083 913/1194/1081 881/1171/1059
f 896/1174/1062 928/1197/1084 927/1195/1082 895/1172/1060
f 883/1175/1063 915/1198/1085 914/1196/1083 882/1173/1061
f 869/1176/1064 901/1199/1086 902/1200/1087 870/1157/1046
f 897/1177/1065 929/1201/1088 928/1197/1084 896/1174/1062
f 884/1114/1004 916/1202/1089 915/1198/1085 883/1175/1063
f 871/1150/1039 903/1203/1090 901/1199/1086 869/1176/1064
f 898/1152/1041 930/1204/1091 929/1201/1088 897/1177/1065
f 885/1113/1003 917/1205/1092 916/1202/1089 884/1114/1004
f 872/1149/1038 904/1206/1093 903/1203/1090 871/1150/1039
f 899/1151/1040 931/1207/1094 930/1204/1091 898/1152/1041
f 886/1153/1042 918/1208/1095 917/1205/1092 885/1113/1003
f 873/1154/1043 905/1209/1096 904/1206/1093 872/1149/1038
f 900/1155/1044 932/1210/1097 931/1207/1094 899/1151/1040
f 887/1148/1037 919/1147/1036 918/1208/1095 886/1153/1042
f 874/1156/1045 906/1183/1071 905/1209/1096 873/1154/1043
f 870/1157/1046 902/1200/1087 932/1210/1097 900/1155/1044
f 958/1211/1098 990/1212/1099 989/1213/1100 957/1214/1101
f 910/1187/1075 942/1215/1102 941/1216/1103 909/1188/1074
f 924/1189/1076 956/1217/1104 955/1179/1067 923/1178/1066
f 911/1190/1077 943/1218/1105 942/1215/1102 910/1187/1075
f 925/1191/1078 957/1214/1101 956/1217/1104 924/1189/1076
f 912/1192/1079 944/1219/1106 943/1218/1105 911/1190/1077
f 926/1193/1080 958/1211/1098 957/1214/1101 925/1191/1078
f 913/1194/1081 945/1220/1107 944/1219/1106 912/1192/1079
f 927/1195/1082 959/1221/1108 958/1211/1098 926/1193/1080
f 914/1196/1083 946/1222/1109 945/1220/1107 913/1194/1081
f 928/1197/1084 960/1223/1110 959/1221/1108 927/1195/1082
f 915/1198/1085 947/1224/1111 946/1222/1109 914/1196/1083
f 901/1199/1086 933/1225/1112 934/1226/1113 902/1200/1087
f 929/1201/1088 961/1227/1114 960/1223/1110 928/1197/1084
f 916/1202/1089 948/1228/1115 947/1224/1111 915/1198/1085
f 903/1203/1090 935/1229/1116 933/1225/1112 901/1199/1086
f 930/1204/1091 962/1230/1117 961/1227/1114 929/1201/1088
f 917/1205/1092 949/1231/1118 948/1228/1115 916/1202/1089
f 904/1206/1093 936/1232/1119 935/1229/1116 903/1203/1090
f 931/1207/1094 963/1233/1120 962/1230/1117 930/1204/1091
f 918/1208/1095 950/1234/1121 949/1231/1118 917/1205/1092
f 905/1209/1096 937/1235/1122 936/1232/1119 904/1206/1093
f 932/1210/1097 964/1236/1123 963/1233/1120 931/1207/1094
f 919/1147/1036 951/1237/1124 950/1234/1121 918/1208/1095
f 906/1183/1071 938/1238/1125 937/1235/1122 905/1209/1096
f 902/1200/1087 934/1226/1113 964/1236/1123 932/1210/1097
f 920/1146/1035 952/1239/1126 951/1237/1124 919/1147/1036
f 907/1182/1070 939/1240/1127 938/1238/1125 906/1183/1071
f 921/1184/1072 953/1241/1128 952/1239/1126 920/1146/1035
f 908/1185/1073 940/1242/1129 939/1240/1127 907/1182/1070
f 922/1181/1069 954/1180/1068 953/1241/1128 921/1184/1072
f 909/1186/1074 941/1243/1103 940/1242/1129 908/1185/1073
f 965/1244/1130 997/1245/1131 998/1246/1132 966/1247/1133
f 945/1220/1107 977/1248/1134 976/1249/1135 944/1219/1106
f 959/1221/1108 991/1250/1136 990/1212/1099 958/1211/1098
f 946/1222/1109 978/1251/1137 977/1248/1134 945/1220/1107
f 960/1223/1110 992/1252/1138 991/1250/1136 959/1221/1108
f 947/1224/1111 979/1253/1139 978/1251/1137 946/1222/1109
f 933/1225/1112 965/1244/1130 966/1247/1133 934/1226/1113
f 961/1227/1114 993/1254/1140 992/1252/1138 960/1223/1110
f 948/1228/1115 980/1255/1141 979/1253/1139 947/1224/1111
f 935/1229/1116 967/1256/1142 965/1244/1130 933/1225/1112
f 962/1230/1117 994/1257/1143 993/1254/1140 961/1227/1114
f 949/1231/1118 981/1258/1144 980/1255/1141 948/1228/1115
f 936/1232/1119 968/1259/1145 967/1256/1142 935/1229/1116
f 963/1233/1120 995/1260/1146 994/1257/1143 962/1230/1117
f 950/1234/1121 982/1261/1147 981/1258/1144 949/1231/1118
f 937/1235/1122 969/1262/1148 968/1259/1145 936/1232/1119
f 964/1236/1123 996/1263/1149 995/1260/1146 963/1233/1120
f 951/1237/1124 983/1264/1150 982/1261/1147 950/1234/1121
f 938/1238/1125 970/1265/1151 969/1262/1148 937/1235/1122
f 934/1226/1113 966/1247/1133 996/1263/1149 964/1236/1123
f 952/1239/1126 984/1266/1152 983/1264/1150 951/1237/1124
f 939/1240/1127 971/1267/1153 970/1265/1151 938/1238/1125
f 953/1241/1128 985/1268/1154 984/1266/1152 952/1239/1126
f 940/1242/1129 972/1269/1155 971/1267/1153 939/1240/1127
f 954/1180/1068 986/1270/1156 985/1268/1154 953/1241/1128
f 941/1243/1103 973/1271/1157 972/1269/1155 940/1242/1129
f 955/1179/1067 987/1272/1158 986/1270/1156 954/1180/1068
f 942/1215/1102 974/1273/1159 973/1274/1157 941/1216/1103
f 956/1217/1104 988/1275/1160 987/1272/1158 955/1179/1067
f 943/1218/1105 975/1276/1161 974/1273/1159 942/1215/1102
f 957/1214/1101 989/1213/1100 988/1275/1160 956/1217/1104
f 944/1219/1106 976/1249/1135 975/1276/1161 943/1218/1105
f 1001/1277/1162 1033/1278/1163 1032/1279/1164 1000/1280/1165
f 993/1254/1140 1025/1281/1166 1024/1282/1167 992/1252/1138
f 980/1255/1141 1012/1283/1168 1011/1284/1169 979/1253/1139
f 967/1256/1142 999/1285/1170 997/1245/1131 965/1244/1130
f 994/1257/1143 1026/1286/1171 1025/1281/1166 993/1254/1140
f 981/1258/1144 1013/1287/1172 1012/1283/1168 980/1255/1141
f 968/1259/1145 1000/1280/1165 999/1285/1170 967/1256/1142
f 995/1260/1146 1027/1288/1173 1026/1286/1171 994/1257/1143
f 982/1261/1147 1014/1289/1174 1013/1287/1172 981/1258/1144
f 969/1262/1148 1001/1277/1162 1000/1280/1165 968/1259/1145
f 996/1263/1149 1028/1290/1175 1027/1288/1173 995/1260/1146
f 983/1264/1150 1015/1291/1176 1014/1289/1174 982/1261/1147
f 970/1265/1151 1002/1292/1177 1001/1277/1162 969/1262/1148
f 966/1247/1133 998/1246/1132 1028/1290/1175 996/1263/1149
f 984/1266/1152 1016/1293/1178 1015/1291/1176 983/1264/1150
f 971/1267/1153 1003/1294/1179 1002/1292/1177 970/1265/1151
f 985/1268/1154 1017/1295/1180 1016/1293/1178 984/1266/1152
f 972/1269/1155 1004/1296/1181 1003/1294/1179 971/1267/1153
f 986/1270/1156 1018/1297/1182 1017/1295/1180 985/1268/1154
f 973/1271/1157 1005/1298/1183 1004/1296/1181 972/1269/1155
f 987/1272/1158 1019/1299/1184 1018/1297/1182 986/1270/1156
f 974/1273/1159 1006/1300/1185 1005/1301/1183 973/1274/1157
f 988/1275/1160 1020/1302/1186 1019/1299/1184 987/1272/1158
f 975/1276/1161 1007/1303/1187 1006/1300/1185 974/1273/1159
f 989/1213/1100 1021/1304/1188 1020/1302/1186 988/1275/1160
f 976/1249/1135 1008/1305/1189 1007/1303/1187 975/1276/1161
f 990/1212/1099 1022/1306/1190 1021/1304/1188 989/1213/1100
f 977/1248/1134 1009/1307/1191 1008/1305/1189 976/1249/1135
f 991/1250/1136 1023/1308/1192 1022/1306/1190 990/1212/1099
f 978/1251/1137 1010/1309/1193 1009/1307/1191 977/1248/1134
f 992/1252/1138 1024/1282/1167 1023/1308/1192 991/1250/1136
f 979/1253/1139 1011/1284/1169 1010/1309/1193 978/1251/1137
f 1036/1310/1194 1068/1311/1195 1067/1312/1196 1035/1313/1197
f 1028/1290/1175 1060/1314/1198 1059/1315/1199 1027/1288/1173
f 1015/1291/1176 1047/1316/1200 1046/1317/1201 1014/1289/1174
f 1002/1292/1177 1034/1318/1202 1033/1278/1163 1001/1277/1162
f 998/1246/1132 1030/1319/1203 1060/1314/1198 1028/1290/1175
f 1016/1293/1178 1048/1320/1204 1047/1316/1200 1015/1291/1176
f 1003/1294/1179 1035/1313/1197 1034/1318/1202 1002/1292/1177
f 1017/1295/1180 1049/1321/1205 1048/1320/1204 1016/1293/1178
f 1004/1296/1181 1036/1310/1194 1035/1313/1197 1003/1294/1179
f 1018/1297/1182 1050/1322/1206 1049/1321/1205 1017/1295/1180
f 1005/1298/1183 1037/1323/1207 1036/1310/1194 1004/1296/1181
f 1019/1299/1184 1051/1324/1208 1050/1322/1206 1018/1297/1182
f 1006/1300/1185 1038/1325/1209 1037/1326/1207 1005/1301/1183
f 1020/1302/1186 1052/1327/1210 1051/1324/1208 1019/1299/1184
f 1007/1303/1187 1039/1328/1211 1038/1325/1209 1006/1300/1185
f 1021/1304/1188 1053/1329/1212 1052/1327/1210 1020/1302/1186
f 1008/1305/1189 1040/1330/1213 1039/1328/1211 1007/1303/1187
f 1022/1306/1190 1054/1331/1214 1053/1329/1212 1021/1304/1188
f 1009/1307/1191 1041/1332/1215 1040/1330/1213 1008/1305/1189
f 1023/1308/1192 1055/1333/1216 1054/1331/1214 1022/1306/1190
f 1010/1309/1193 1042/1334/1217 1041/1332/1215 1009/1307/1191
f 1024/1282/1167 1056/1335/1218 1055/1333/1216 1023/1308/1192
f 1011/1284/1169 1043/1336/1219 1042/1334/1217 1010/1309/1193
f 997/1245/1131 1029/1337/1220 1030/1319/1203 998/1246/1132
f 1025/1281/1166 1057/1338/1221 1056/1335/1218 1024/1282/1167
f 1012/1283/1168 1044/1339/1222 1043/1336/1219 1011/1284/1169
f 999/1285/1170 1031/1340/1223 1029/1337/1220 997/1245/1131
f 1026/1286/1171 1058/1341/1224 1057/1338/1221 1025/1281/1166
f 1013/1287/1172 1045/1342/1225 1044/1339/1222 1012/1283/1168
f 1000/1280/1165 1032/1279/1164 1031/1340/1223 999/1285/1170
f 1027/1288/1173 1059/1315/1199 1058/1341/1224 1026/1286/1171
f 1014/1289/1174 1046/1317/1201 1045/1342/1225 1013/1287/1172
f 1071/1343/1226 1103/1344/1227 1102/1345/1228 1070/1346/1229
f 1050/1322/1206 1082/1347/1230 1081/1348/1231 1049/1321/1205
f 1037/1323/1207 1069/1349/1232 1068/1311/1195 1036/1310/1194
f 1051/1324/1208 1083/1350/1233 1082/1347/1230 1050/1322/1206
f 1038/1325/1209 1070/1346/1229 1069/1351/1232 1037/1326/1207
f 1052/1327/1210 1084/1352/1234 1083/1350/1233 1051/1324/1208
f 1039/1328/1211 1071/1343/1226 1070/1346/1229 1038/1325/1209
f 1053/1329/1212 1085/1353/1235 1084/1352/1234 1052/1327/1210
f 1040/1330/1213 1072/1354/1236 1071/1343/1226 1039/1328/1211
f 1054/1331/1214 1086/1355/1237 1085/1353/1235 1053/1329/1212
f 1041/1332/1215 1073/1356/1238 1072/1354/1236 1040/1330/1213
f 1055/1333/1216 1087/1357/1239 1086/1355/1237 1054/1331/1214
f 1042/1334/1217 1074/1358/1240 1073/1356/1238 1041/1332/1215
f 1056/1335/1218 1088/1359/1241 1087/1357/1239 1055/1333/1216
f 1043/1336/1219 1075/1360/1242 1074/1358/1240 1042/1334/1217
f 1029/1337/1220 1061/1361/1243 1062/1362/1244 1030/1319/1203
f 1057/1338/1221 1089/1363/1245 1088/1359/1241 1056/1335/1218
f 1044/1339/1222 1076/1364/1246 1075/1360/1242 1043/1336/1219
f 1031/1340/1223 1063/1365/1247 1061/1361/1243 1029/1337/1220
f 1058/1341/1224 1090/1366/1248 1089/1363/1245 1057/1338/1221
f 1045/1342/1225 1077/1367/1249 1076/1364/1246 1044/1339/1222
f 1032/1279/1164 1064/1368/1250 1063/1365/1247 1031/1340/1223
f 1059/1315/1199 1091/1369/1251 1090/1366/1248 1058/1341/1224
f 1046/1317/1201 1078/1370/1252 1077/1367/1249 1045/1342/1225
f 1033/1278/1163 1065/1371/1253 1064/1368/1250 1032/1279/1164
f 1060/1314/1198 1092/1372/1254 1091/1369/1251 1059/1315/1199
f 1047/1316/1200 1079/1373/1255 1078/1370/1252 1046/1317/1201
f 1034/1318/1202 1066/1374/1256 1065/1371/1253 1033/1278/1163
f 1030/1319/1203 1062/1362/1244 1092/1372/1254 1060/1314/1198
f 1048/1320/1204 1080/1375/1257 1079/1373/1255 1047/1316/1200
f 1035/1313/1197 1067/1312/1196 1066/1374/1256 1034/1318/1202
f 1049/1321/1205 1081/1348/1231 1080/1375/1257 1048/1320/1204
f 1106/1376/1258 1138/1377/1259 1137/1378/1260 1105/1379/1261
f 1085/1353/1235 1117/1380/1262 1116/1381/1263 1084/1352/1234
f 1072/1354/1236 1104/1382/1264 1103/1344/1227 1071/1343/1226
f 1086/1355/1237 1118/1383/1265 1117/1380/1262 1085/1353/1235
f 1073/1356/1238 1105/1379/1261 1104/1382/1264 1072/1354/1236
f 1087/1357/1239 1119/1384/1266 1118/1383/1265 1086/1355/1237
f 1074/1358/1240 1106/1376/1258 1105/1379/1261 1073/1356/1238
f 1088/1359/1241 1120/1385/1267 1119/1384/1266 1087/1357/1239
f 1075/1360/1242 1107/1386/1268 1106/1376/1258 1074/1358/1240
f 1061/1361/1243 1093/1387/1269 1094/1388/1270 1062/1362/1244
f 1089/1363/1245 1121/1389/1271 1120/1385/1267 1088/1359/1241
f 1076/1364/1246 1108/1390/1272 1107/1386/1268 1075/1360/1242
f 1063/1365/1247 1095/1391/1273 1093/1387/1269 1061/1361/1243
f 1090/1366/1248 1122/1392/1274 1121/1389/1271 1089/1363/1245
f 1077/1367/1249 1109/1393/1275 1108/1390/1272 1076/1364/1246
f 1064/1368/1250 1096/1394/1276 1095/1391/1273 1063/1365/1247
f 1091/1369/1251 1123/1395/1277 1122/1392/1274 1090/1366/1248
f 1078/1370/1252 1110/1396/1278 1109/1393/1275 1077/1367/1249
f 1065/1371/1253 1097/1397/1279 1096/1394/1276 1064/1368/1250
f 1092/1372/1254 1124/1398/1280 1123/1395/1277 1091/1369/1251
f 1079/1373/1255 1111/1399/1281 1110/1396/1278 1078/1370/1252
f 1066/1374/1256 1098/1400/1282 1097/1397/1279 1065/1371/1253
f 1062/1362/1244 1094/1388/1270 1124/1398/1280 1092/1372/1254
f 1080/1375/1257 1112/1401/1283 1111/1399/1281 1079/1373/1255
f 1067/1312/1196 1099/1402/1284 1098/1400/1282 1066/1374/1256
f 1081/1348/1231 1113/1403/1285 1112/1401/1283 1080/1375/1257
f 1068/1311/1195 1100/1404/1286 1099/1402/1284 1067/1312/1196
f 1082/1347/1230 1114/1405/1287 1113/1403/1285 1081/1348/1231
f 1069/1349/1232 1101/1406/1288 1100/1404/1286 1068/1311/1195
f 1083/1350/1233 1115/1407/1289 1114/1405/1287 1082/1347/1230
f 1070/1346/1229 1102/1345/1228 1101/1408/1288 1069/1351/1232
f 1084/1352/1234 1116/1381/1263 1115/1407/1289 1083/1350/1233
f 1141/1409/1290 1173/1410/1291 1172/1411/1292 1140/1412/1293
f 1120/1385/1267 1152/1413/1294 1151/1414/1295 1119/1384/1266
f 1107/1386/1268 1139/1415/1296 1138/1377/1259 1106/1376/1258
f 1093/1387/1269 1125/1416/1297 1126/1417/1298 1094/1388/1270
f 1121/1389/1271 1153/1418/1299 1152/1413/1294 1120/1385/1267
f 1108/1390/1272 1140/1412/1293 1139/1415/1296 1107/1386/1268
f 1095/1391/1273 1127/1419/1300 1125/1416/1297 1093/1387/1269
f 1122/1392/1274 1154/1420/1301 1153/1418/1299 1121/1389/1271
f 1109/1393/1275 1141/1409/1290 1140/1412/1293 1108/1390/1272
f 1096/1394/1276 1128/1421/1302 1127/1419/1300 1095/1391/1273
f 1123/1395/1277 1155/1422/1303 1154/1420/1301 1122/1392/1274
f 1110/1396/1278 1142/1423/1304 1141/1409/1290 1109/1393/1275
f 1097/1397/1279 1129/1424/1305 1128/1421/1302 1096/1394/1276
f 1124/1398/1280 1156/1425/1306 1155/1422/1303 1123/1395/1277
f 1111/1399/1281 1143/1426/1307 1142/1423/1304 1110/1396/1278
f 1098/1400/1282 1130/1427/1308 1129/1424/1305 1097/1397/1279
f 1094/1388/1270 1126/1417/1298 1156/1425/1306 1124/1398/1280
f 1112/1401/1283 1144/1428/1309 1143/1426/1307 1111/1399/1281
f 1099/1402/1284 1131/1429/1310 1130/1427/1308 1098/1400/1282
f 1113/1403/1285 1145/1430/1311 1144/1428/1309 1112/1401/1283
f 1100/1404/1286 1132/1431/1312 1131/1429/1310 1099/1402/1284
f 1114/1405/1287 1146/1432/1313 1145/1430/1311 1113/1403/1285
f 1101/1406/1288 1133/1433/1314 1132/1431/1312 1100/1404/1286
f 1115/1407/1289 1147/1434/1315 1146/1432/1313 1114/1405/1287
f 1102/1345/1228 1134/1435/1316 1133/1436/1314 1101/1408/1288
f 1116/1381/1263 1148/1437/1317 1147/1434/1315 1115/1407/1289
f 1103/1344/1227 1135/1438/1318 1134/1435/1316 1102/1345/1228
f 1117/1380/1262 1149/1439/1319 1148/1437/1317 1116/1381/1263
f 1104/1382/1264 1136/1440/1320 1135/1438/1318 1103/1344/1227
f 1118/1383/1265 1150/1441/1321 1149/1439/1319 1117/1380/1262
f 1105/1379/1261 1137/1378/1260 1136/1440/1320 1104/1382/1264
f 1119/1384/1266 1151/1414/1295 1150/1441/1321 1118/1383/1265
f 1176/1442/1322 1208/1443/1323 1207/1444/1324 1175/1445/1325
f 1128/1421/1302 1160/1446/1326 1159/1447/1327 1127/1419/1300
f 1155/1422/1303 1187/1448/1328 1186/1449/1329 1154/1420/1301
f 1142/1423/1304 1174/1450/1330 1173/1410/1291 1141/1409/1290
f 1129/1424/1305 1161/1451/1331 1160/1446/1326 1128/1421/1302
f 1156/1425/1306 1188/1452/1332 1187/1448/1328 1155/1422/1303
f 1143/1426/1307 1175/1445/1325 1174/1450/1330 1142/1423/1304
f 1130/1427/1308 1162/1453/1333 1161/1451/1331 1129/1424/1305
f 1126/1417/1298 1158/1454/1334 1188/1452/1332 1156/1425/1306
f 1144/1428/1309 1176/1442/1322 1175/1445/1325 1143/1426/1307
f 1131/1429/1310 1163/1455/1335 1162/1453/1333 1130/1427/1308
f 1145/1430/1311 1177/1456/1336 1176/1442/1322 1144/1428/1309
f 1132/1431/1312 1164/1457/1337 1163/1455/1335 1131/1429/1310
f 1146/1432/1313 1178/1458/1338 1177/1456/1336 1145/1430/1311
f 1133/1433/1314 1165/1459/1339 1164/1457/1337 1132/1431/1312
f 1147/1434/1315 1179/1460/1340 1178/1458/1338 1146/1432/1313
f 1134/1435/1316 1166/1461/1341 1165/1462/1339 1133/1436/1314
f 1148/1437/1317 1180/1463/1342 1179/1460/1340 1147/1434/1315
f 1135/1438/1318 1167/1464/1343 1166/1461/1341 1134/1435/1316
f 1149/1439/1319 1181/1465/1344 1180/1463/1342 1148/1437/1317
f 1136/1440/1320 1168/1466/1345 1167/1464/1343 1135/1438/1318
f 1150/1441/1321 1182/1467/1346 1181/1465/1344 1149/1439/1319
f 1137/1378/1260 1169/1468/1347 1168/1466/1345 1136/1440/1320
f 1151/1414/1295 1183/1469/1348 1182/1467/1346 1150/1441/1321
f 1138/1377/1259 1170/1470/1349 1169/1468/1347 1137/1378/1260
f 1152/1413/1294 1184/1471/1350 1183/1469/1348 1151/1414/1295
f 1139/1415/1296 1171/1472/1351 1170/1470/1349 1138/1377/1259
f 1125/1416/1297 1157/1473/1352 1158/1454/1334 1126/1417/1298
f 1153/1418/1299 1185/1474/1353 1184/1471/1350 1152/1413/1294
f 1140/1412/1293 1172/1411/1292 1171/1472/1351 1139/1415/1296
f 1127/1419/1300 1159/1447/1327 1157/1473/1352 1125/1416/1297
f 1154/1420/1301 1186/1449/1329 1185/1474/1353 1153/1418/1299
f 1211/1475/1354 1243/1476/1355 1242/1477/1356 1210/1478/1357
f 1163/1455/1335 1195/1479/1358 1194/1480/1359 1162/1453/1333
f 1177/1456/1336 1209/1481/1360 1208/1443/1323 1176/1442/1322
f 1164/1457/1337 1196/1482/1361 1195/1479/1358 1163/1455/1335
f 1178/1458/1338 1210/1478/1357 1209/1481/1360 1177/1456/1336
f 1165/1459/1339 1197/1483/1362 1196/1482/1361 1164/1457/1337
f 1179/1460/1340 1211/1475/1354 1210/1478/1357 1178/1458/1338
f 1166/1461/1341 1198/1484/1363 1197/1485/1362 1165/1462/1339
f 1180/1463/1342 1212/1486/1364 1211/1475/1354 1179/1460/1340
f 1167/1464/1343 1199/1487/1365 1198/1484/1363 1166/1461/1341
f 1181/1465/1344 1213/1488/1366 1212/1486/1364 1180/1463/1342
f 1168/1466/1345 1200/1489/1367 1199/1487/1365 1167/1464/1343
f 1182/1467/1346 1214/1490/1368 1213/1488/1366 1181/1465/1344
f 1169/1468/1347 1201/1491/1369 1200/1489/1367 1168/1466/1345
f 1183/1469/1348 1215/1492/1370 1214/1490/1368 1182/1467/1346
f 1170/1470/1349 1202/1493/1371 1201/1491/1369 1169/1468/1347
f 1184/1471/1350 1216/1494/1372 1215/1492/1370 1183/1469/1348
f 1171/1472/1351 1203/1495/1373 1202/1493/1371 1170/1470/1349
f 1157/1473/1352 1189/1496/1374 1190/1497/1375 1158/1454/1334
f 1185/1474/1353 1217/1498/1376 1216/1494/1372 1184/1471/1350
f 1172/1411/1292 1204/1499/1377 1203/1495/1373 1171/1472/1351
f 1159/1447/1327 1191/1500/1378 1189/1496/1374 1157/1473/1352
f 1186/1449/1329 1218/1501/1379 1217/1498/1376 1185/1474/1353
f 1173/1410/1291 1205/1502/1380 1204/1499/1377 1172/1411/1292
f 1160/1446/1326 1192/1503/1381 1191/1500/1378 1159/1447/1327
f 1187/1448/1328 1219/1504/1382 1218/1501/1379 1186/1449/1329
f 1174/1450/1330 1206/1505/1383 1205/1502/1380 1173/1410/1291
f 1161/1451/1331 1193/1506/1384 1192/1503/1381 1160/1446/1326
f 1188/1452/1332 1220/1507/1385 1219/1504/1382 1187/1448/1328
f 1175/1445/1325 1207/1444/1324 1206/1505/1383 1174/1450/1330
f 1162/1453/1333 1194/1480/1359 1193/1506/1384 1161/1451/1331
f 1158/1454/1334 1190/1497/1375 1220/1507/1385 1188/1452/1332
f 1246/1508/1386 1278/1509/1387 1277/1510/1388 1245/1511/1389
f 1198/1484/1363 1230/1512/1390 1229/1513/1391 1197/1485/1362
f 1212/1486/1364 1244/1514/1392 1243/1476/1355 1211/1475/1354
f 1199/1487/1365 1231/1515/1393 1230/1512/1390 1198/1484/1363
f 1213/1488/1366 1245/1511/1389 1244/1514/1392 1212/1486/1364
f 1200/1489/1367 1232/1516/1394 1231/1515/1393 1199/1487/1365
f 1214/1490/1368 1246/1508/1386 1245/1511/1389 1213/1488/1366
f 1201/1491/1369 1233/1517/1395 1232/1516/1394 1200/1489/1367
f 1215/1492/1370 1247/1518/1396 1246/1508/1386 1214/1490/1368
f 1202/1493/1371 1234/1519/1397 1233/1517/1395 1201/1491/1369
f 1216/1494/1372 1248/1520/1398 1247/1518/1396 1215/1492/1370
f 1203/1495/1373 1235/1521/1399 1234/1519/1397 1202/1493/1371
f 1189/1496/1374 1221/1522/1400 1222/1523/1401 1190/1497/1375
f 1217/1498/1376 1249/1524/1402 1248/1520/1398 1216/1494/1372
f 1204/1499/1377 1236/1525/1403 1235/1521/1399 1203/1495/1373
f 1191/1500/1378 1223/1526/1404 1221/1522/1400 1189/1496/1374
f 1218/1501/1379 1250/1527/1405 1249/1524/1402 1217/1498/1376
f 1205/1502/1380 1237/1528/1406 1236/1525/1403 1204/1499/1377
f 1192/1503/1381 1224/1529/1407 1223/1526/1404 1191/1500/1378
f 1219/1504/1382 1251/1530/1408 1250/1527/1405 1218/1501/1379
f 1206/1505/1383 1238/1531/1409 1237/1528/1406 1205/1502/1380
f 1193/1506/1384 1225/1532/1410 1224/1529/1407 1192/1503/1381
f 1220/1507/1385 1252/1533/1411 1251/1530/1408 1219/1504/1382
f 1207/1444/1324 1239/1534/1412 1238/1531/1409 1206/1505/1383
f 1194/1480/1359 1226/1535/1413 1225/1532/1410 1193/1506/1384
f 1190/1497/1375 1222/1523/1401 1252/1533/1411 1220/1507/1385
f 1208/1443/1323 1240/1536/1414 1239/1534/1412 1207/1444/1324
f 1195/1479/1358 1227/1537/1415 1226/1535/1413 1194/1480/1359
f 1209/1481/1360 1241/1538/1416 1240/1536/1414 1208/1443/1323
f 1196/1482/1361 1228/1539/1417 1227/1537/1415 1195/1479/1358
f 1210/1478/1357 1242/1477/1356 1241/1538/1416 1209/1481/1360
f 1197/1483/1362 1229/1540/1391 1228/1539/1417 1196/1482/1361
f 1281/1541/1418 1313/1542/1419 1312/1543/1420 1280/1544/1421
f 1233/1517/1395 1265/1545/1422 1264/1546/1423 1232/1516/1394
f 1247/1518/1396 1279/1547/1424 1278/1509/1387 1246/1508/1386
f 1234/1519/1397 1266/1548/1425 1265/1545/1422 1233/1517/1395
f 1248/1520/1398 1280/1544/1421 1279/1547/1424 1247/1518/1396
f 1235/1521/1399 1267/1549/1426 1266/1548/1425 1234/1519/1397
f 1221/1522/1400 1253/1550/1427 1254/1551/1428 1222/1523/1401
f 1249/1524/1402 1281/1541/1418 1280/1544/1421 1248/1520/1398
f 1236/1525/1403 1268/1552/1429 1267/1549/1426 1235/1521/1399
f 1223/1526/1404 1255/1553/1430 1253/1550/1427 1221/1522/1400
f 1250/1527/1405 1282/1554/1431 1281/1541/1418 1249/1524/1402
f 1237/1528/1406 1269/1555/1432 1268/1552/1429 1236/1525/1403
f 1224/1529/1407 1256/1556/1433 1255/1553/1430 1223/1526/1404
f 1251/1530/1408 1283/1557/1434 1282/1554/1431 1250/1527/1405
f 1238/1531/1409 1270/1558/1435 1269/1555/1432 1237/1528/1406
f 1225/1532/1410 1257/1559/1436 1256/1556/1433 1224/1529/1407
f 1252/1533/1411 1284/1560/1437 1283/1557/1434 1251/1530/1408
f 1239/1534/1412 1271/1561/1438 1270/1558/1435 1238/1531/1409
f 1226/1535/1413 1258/1562/1439 1257/1559/1436 1225/1532/1410
f 1222/1523/1401 1254/1551/1428 1284/1560/1437 1252/1533/1411
f 1240/1536/1414 1272/1563/1440 1271/1561/1438 1239/1534/1412
f 1227/1537/1415 1259/1564/1441 1258/1562/1439 1226/1535/1413
f 1241/1538/1416 1273/1565/1442 1272/1563/1440 1240/1536/1414
f 1228/1539/1417 1260/1566/1443 1259/1564/1441 1227/1537/1415
f 1242/1477/1356 1274/1567/1444 1273/1565/1442 1241/1538/1416
f 1229/1540/1391 1261/1568/1445 1260/1566/1443 1228/1539/1417
f 1243/1476/1355 1275/1569/1446 1274/1567/1444 1242/1477/1356
f 1230/1512/1390 1262/1570/1447 1261/1571/1445 1229/1513/1391
f 1244/1514/1392 1276/1572/1448 1275/1569/1446 1243/1476/1355
f 1231/1515/1393 1263/1573/1449 1262/1570/1447 1230/1512/1390
f 1245/1511/1389 1277/1510/1388 1276/1572/1448 1244/1514/1392
f 1232/1516/1394 1264/1546/1423 1263/1573/1449 1231/1515/1393
f 1316/1574/1450 1348/1575/1451 1347/1576/1452 1315/1577/1453
f 1268/1552/1429 1300/1578/1454 1299/1579/1455 1267/1549/1426
f 1255/1553/1430 1287/1580/1456 1285/1581/1457 1253/1550/1427
f 1282/1554/1431 1314/1582/1458 1313/1542/1419 1281/1541/1418
f 1269/1555/1432 1301/1583/1459 1300/1578/1454 1268/1552/1429
f 1256/1556/1433 1288/1584/1460 1287/1580/1456 1255/1553/1430
f 1283/1557/1434 1315/1577/1453 1314/1582/1458 1282/1554/1431
f 1270/1558/1435 1302/1585/1461 1301/1583/1459 1269/1555/1432
f 1257/1559/1436 1289/1586/1462 1288/1584/1460 1256/1556/1433
f 1284/1560/1437 1316/1574/1450 1315/1577/1453 1283/1557/1434
f 1271/1561/1438 1303/1587/1463 1302/1585/1461 1270/1558/1435
f 1258/1562/1439 1290/1588/1464 1289/1586/1462 1257/1559/1436
f 1254/1551/1428 1286/1589/1465 1316/1574/1450 1284/1560/1437
f 1272/1563/1440 1304/1590/1466 1303/1587/1463 1271/1561/1438
f 1259/1564/1441 1291/1591/1467 1290/1588/1464 1258/1562/1439
f 1273/1565/1442 1305/1592/1468 1304/1590/1466 1272/1563/1440
f 1260/1566/1443 1292/1593/1469 1291/1591/1467 1259/1564/1441
f 1274/1567/1444 1306/1594/1470 1305/1592/1468 1273/1565/1442
f 1261/1568/1445 1293/1595/1471 1292/1593/1469 1260/1566/1443
f 1275/1569/1446 1307/1596/1472 1306/1594/1470 1274/1567/1444
f 1262/1570/1447 1294/1597/1473 1293/1598/1471 1261/1571/1445
f 1276/1572/1448 1308/1599/1474 1307/1596/1472 1275/1569/1446
f 1263/1573/1449 1295/1600/1475 1294/1597/1473 1262/1570/1447
f 1277/1510/1388 1309/1601/1476 1308/1599/1474 1276/1572/1448
f 1264/1546/1423 1296/1602/1477 1295/1600/1475 1263/1573/1449
f 1278/1509/1387 1310/1603/1478 1309/1601/1476 1277/1510/1388
f 1265/1545/1422 1297/1604/1479 1296/1602/1477 1264/1546/1423
f 1279/1547/1424 1311/1605/1480 1310/1603/1478 1278/1509/1387
f 1266/1548/1425 1298/1606/1481 1297/1604/1479 1265/1545/1422
f 1280/1544/1421 1312/1543/1420 1311/1605/1480 1279/1547/1424
f 1267/1549/1426 1299/1579/1455 1298/1606/1481 1266/1548/1425
f 1253/1550/1427 1285/1581/1457 1286/1589/1465 1254/1551/1428
f 1325/1607/1482 2015/1608/1483 2010/1609/1484 1324/1610/1485
f 1303/1587/1463 1335/1611/1486 1334/1612/1487 1302/1585/1461
f 1290/1588/1464 1322/1613/1488 1321/1614/1489 1289/1586/1462
f 1286/1589/1465 1318/180/172 1348/1575/1451 1316/1574/1450
f 1304/1590/1466 1336/1615/1490 1335/1611/1486 1303/1587/1463
f 1291/1591/1467 1323/1616/1491 1322/1613/1488 1290/1588/1464
f 1305/1592/1468 1337/1617/1492 1336/1615/1490 1304/1590/1466
f 1292/1593/1469 1324/1610/1485 1323/1616/1491 1291/1591/1467
f 1306/1594/1470 1338/1618/1493 1337/1617/1492 1305/1592/1468
f 1293/1595/1471 1325/1607/1482 1324/1610/1485 1292/1593/1469
f 1307/1596/1472 1339/1619/1494 1338/1618/1493 1306/1594/1470
f 1294/1597/1473 1326/1620/1495 1325/1621/1482 1293/1598/1471
f 1308/1599/1474 1340/1622/1496 1339/1619/1494 1307/1596/1472
f 1295/1600/1475 1327/1623/1497 1326/1620/1495 1294/1597/1473
f 1309/1601/1476 1341/1624/1498 1340/1622/1496 1308/1599/1474
f 1296/1602/1477 1328/1625/1499 1327/1623/1497 1295/1600/1475
f 1310/1603/1478 1342/1626/1500 1341/1624/1498 1309/1601/1476
f 1297/1604/1479 1329/1627/1501 1328/1625/1499 1296/1602/1477
f 1311/1605/1480 1343/1628/1502 1342/1626/1500 1310/1603/1478
f 1298/1606/1481 1330/1629/1503 1329/1627/1501 1297/1604/1479
f 1312/1543/1420 1344/1630/1504 1343/1628/1502 1311/1605/1480
f 1299/1579/1455 1331/1631/1505 1330/1629/1503 1298/1606/1481
f 1285/1581/1457 1317/177/169 1318/180/172 1286/1589/1465
f 1313/1542/1419 1345/1632/1506 1344/1630/1504 1312/1543/1420
f 1300/1578/1454 1332/1633/1507 1331/1631/1505 1299/1579/1455
f 1287/1580/1456 1319/1634/1508 1317/177/169 1285/1581/1457
f 1314/1582/1458 1346/1635/1509 1345/1632/1506 1313/1542/1419
f 1301/1583/1459 1333/1636/1510 1332/1633/1507 1300/1578/1454
f 1288/1584/1460 1320/1637/1511 1319/1634/1508 1287/1580/1456
f 1315/1577/1453 1347/1576/1452 1346/1635/1509 1314/1582/1458
f 1302/1585/1461 1334/1612/1487 1333/1636/1510 1301/1583/1459
f 1289/1586/1462 1321/1614/1489 1320/1637/1511 1288/1584/1460
f 1339/1619/1494 2082/1638/1512 2077/1639/1513 1338/1618/1493
f 1326/1620/1495 2020/1640/1514 2015/1641/1483 1325/1621/1482
f 1340/1622/1496 2087/1642/1515 2082/1638/1512 1339/1619/1494
f 1327/1623/1497 2025/1643/1516 2020/1640/1514 1326/1620/1495
f 1341/1624/1498 2091/1644/1517 2087/1642/1515 1340/1622/1496
f 1328/1625/1499 2030/1645/1518 2025/1643/1516 1327/1623/1497
f 1342/1626/1500 2095/1646/1519 2091/1644/1517 1341/1624/1498
f 1329/1627/1501 2035/1647/1520 2030/1645/1518 1328/1625/1499
f 1343/1628/1502 2099/1648/1521 2095/1646/1519 1342/1626/1500
f 1330/1629/1503 2040/1649/1522 2035/1647/1520 1329/1627/1501
f 1344/1630/1504 2103/1650/1523 2099/1648/1521 1343/1628/1502
f 1331/1631/1505 2045/1651/1524 2040/1649/1522 1330/1629/1503
f 1345/1632/1506 2108/1652/1525 2103/1650/1523 1344/1630/1504
f 1332/1633/1507 2050/1653/1526 2045/1651/1524 1331/1631/1505
f 1319/1634/1508 1985/1654/1527 1975/178/170 1317/177/169
f 1346/1635/1509 2113/1655/1528 2108/1652/1525 1345/1632/1506
f 1333/1636/1510 2055/1656/1529 2050/1653/1526 1332/1633/1507
f 1318/180/172 1981/179/171 2122/1657/1530 1348/1575/1451
f 1347/1576/1452 2117/1658/1531 2113/1655/1528 1346/1635/1509
f 1334/1612/1487 2059/1659/1532 2055/1656/1529 1333/1636/1510
f 1321/1614/1489 1995/1660/1533 1990/1661/1534 1320/1637/1511
f 1348/1575/1451 2122/1657/1530 2117/1658/1531 1347/1576/1452
f 1335/1611/1486 2063/1662/1535 2059/1659/1532 1334/1612/1487
f 1322/1613/1488 2000/1663/1536 1995/1660/1533 1321/1614/1489
f 3/949/31 2/991/31 2126/992/934 2132/950/912
f 1336/1615/1490 2068/1664/1537 2063/1662/1535 1335/1611/1486
f 1323/1616/1491 2005/1665/1538 2000/1663/1536 1322/1613/1488
f 1320/1637/1511 1990/1661/1534 1985/1654/1527 1319/1634/1508
f 1337/1617/1492 2073/1666/1539 2068/1664/1537 1336/1615/1490
f 1324/1610/1485 2010/1609/1484 2005/1665/1538 1323/1616/1491
f 1338/1618/1493 2077/1639/1513 2073/1666/1539 1337/1617/1492
f 1349/993/31 1353/994/31 1354/1002/31 1350/1000/31
f 1359/1003/31 1364/1004/31 1365/1012/31 1360/1010/31
f 1371/1026/31 1375/1027/31 1376/1034/31 1372/1033/31
f 1362/1031/31 1367/1032/31 1368/1040/31 1363/1038/31
f 1367/1032/31 1372/1033/31 1373/1041/31 1368/1040/31
f 1372/1033/31 1376/1034/31 1377/1039/31 1373/1041/31
f 637/934/902 635/931/899 1688/939/907 1696/1667/1540
f 638/937/905 637/934/902 1696/1667/1540 1700/1668/1541
f 639/909/878 638/937/905 1700/1668/1541 1704/1669/1542
f 640/910/879 639/909/878 1704/1669/1542 1708/1670/1543
f 641/913/882 640/910/879 1708/1670/1543 1712/1671/1544
f 642/915/884 641/913/882 1712/1671/1544 1716/1672/1545
f 643/917/886 642/915/884 1716/1672/1545 1720/1673/1546
f 644/920/888 643/919/886 1720/1674/1546 1724/1675/1547
f 645/922/890 644/920/888 1724/1675/1547 1728/1676/1548
f 646/924/892 645/922/890 1728/1676/1548 1732/1677/1549
f 647/926/894 646/924/892 1732/1677/1549 1736/1678/1550
f 648/928/896 647/926/894 1736/1678/1550 1740/1679/1551
f 649/930/898 648/928/896 1740/1679/1551 1744/1680/1552
f 650/933/901 649/930/898 1744/1680/1552 1748/1681/1553
f 651/936/904 650/933/901 1748/1681/1553 1753/1682/1554
f 652/907/876 651/936/904 1753/1682/1554 1758/1683/1555
f 653/908/877 652/907/876 1758/1683/1555 1762/1684/1556
f 654/912/881 653/908/877 1762/1684/1556 1766/1685/1557
f 655/914/883 654/912/881 1766/1685/1557 1771/1686/1558
f 656/916/885 655/914/883 1771/1686/1558 1775/1687/1559
f 657/918/887 656/916/885 1775/1687/1559 1779/1688/1560
f 658/921/889 657/918/887 1779/1688/1560 1784/1689/1561
f 659/923/891 658/921/889 1784/1689/1561 1789/1690/1562
f 660/925/893 659/923/891 1789/1690/1562 1794/1691/1563
f 661/927/895 660/925/893 1794/1691/1563 1799/1692/1564
f 662/929/897 661/927/895 1799/1692/1564 1803/1693/1565
f 663/932/900 662/929/897 1803/1693/1565 1807/1694/1566
f 664/935/903 663/932/900 1807/1694/1566 1812/1695/1567
f 665/876/846 664/935/903 1812/1695/1567 1816/1696/1568
f 666/877/847 665/876/846 1816/1696/1568 1821/1697/1569
f 636/911/880 666/877/847 1821/1697/1569 1692/938/906
f 1425/1698/1570 1397/1699/1571 1426/1700/1572 1427/1701/1573
f 1424/1702/1574 1395/1703/1575 1428/1704/1576 1429/1705/1577
f 1409/1706/1578 1394/1707/1579 1430/1708/1580 1431/1709/1581
f 1408/1710/1582 1425/1698/1570 1427/1701/1573 1432/1711/1583
f 1423/1712/1584 1424/1702/1574 1429/1705/1577 1433/1713/1585
f 1422/1714/1586 1409/1706/1578 1431/1709/1581 1434/1715/1587
f 1407/1716/1588 1408/1710/1582 1432/1711/1583 1435/1717/1589
f 1406/1718/1590 1423/1712/1584 1433/1713/1585 1436/1719/1591
f 1405/1720/1592 1422/1714/1586 1434/1715/1587 1437/1721/1593
f 1404/1722/1594 1407/1716/1588 1435/1717/1589 1438/1723/1595
f 1403/1724/1596 1406/1718/1590 1436/1719/1591 1439/1725/1597
f 1402/1726/1598 1405/1720/1592 1437/1721/1593 1440/1727/1599
f 1410/1728/1600 1404/1722/1594 1438/1723/1595 1441/1729/1601
f 1421/1730/1602 1403/1724/1596 1439/1725/1597 1442/1731/1603
f 1420/1732/1604 1402/1726/1598 1440/1727/1599 1443/1733/1605
f 1419/1734/1606 1421/1730/1602 1442/1731/1603 1444/1735/1607
f 1418/1736/1608 1420/1732/1604 1443/1733/1605 1445/1737/1609
f 1417/1738/1610 1419/1734/1606 1444/1735/1607 1446/1739/1611
f 1416/1740/1612 1418/1736/1608 1445/1737/1609 1447/1741/1613
f 1401/1742/1614 1417/1738/1610 1446/1739/1611 1448/1743/1615
f 1415/1744/1616 1416/1740/1612 1447/1741/1613 1449/1745/1617
f 1414/1746/1618 1401/1742/1614 1448/1743/1615 1450/1747/1619
f 1413/1748/1620 1415/1744/1616 1449/1745/1617 1451/1749/1621
f 1400/1750/1622 1414/1746/1618 1450/1747/1619 1452/1751/1623
f 1412/1752/1624 1413/1748/1620 1451/1749/1621 1453/1753/1625
f 1399/1754/1626 1400/1750/1622 1452/1751/1623 1454/1755/1627
f 1398/1756/1628 1412/1752/1624 1453/1753/1625 1455/1757/1629
f 1411/1758/1630 1399/1754/1626 1454/1755/1627 1456/1759/1631
f 1396/1760/1632 1398/1756/1628 1455/1757/1629 1457/1761/1633
f 1397/1699/1571 1411/1758/1630 1456/1759/1631 1426/1700/1572
f 1395/1703/1575 1396/1760/1632 1457/1761/1633 1428/1704/1576
f 1394/1707/1579 1410/1728/1600 1441/1729/1601 1430/1708/1580
f 1419/1734/1606 1417/1738/1610 1458/1762/1634 1421/1730/1602
f 1417/1738/1610 1401/1742/1614 1465/1763/1635 1458/1762/1634
f 1401/1742/1614 1414/1746/1618 1472/1764/1636 1465/1763/1635
f 1414/1746/1618 1400/1750/1622 1479/1765/1637 1472/1764/1636
f 1400/1750/1622 1399/1754/1626 1486/1766/1638 1479/1765/1637
f 1399/1754/1626 1411/1758/1630 1493/1767/1639 1486/1766/1638
f 1411/1758/1630 1397/1699/1571 1500/1768/1640 1493/1767/1639
f 1397/1699/1571 1425/1698/1570 1408/1710/1582 1500/1768/1640
f 1421/1730/1602 1458/1762/1634 1459/1769/1641 1403/1724/1596
f 1458/1762/1634 1465/1763/1635 1466/1770/1642 1459/1769/1641
f 1465/1763/1635 1472/1764/1636 1473/1771/1643 1466/1770/1642
f 1472/1764/1636 1479/1765/1637 1480/1772/1644 1473/1771/1643
f 1479/1765/1637 1486/1766/1638 1487/1773/1645 1480/1772/1644
f 1486/1766/1638 1493/1767/1639 1494/1774/1646 1487/1773/1645
f 1493/1767/1639 1500/1768/1640 1501/1775/1647 1494/1774/1646
f 1500/1768/1640 1408/1710/1582 1407/1716/1588 1501/1775/1647
f 1403/1724/1596 1459/1769/1641 1460/1776/1648 1406/1718/1590
f 1459/1769/1641 1466/1770/1642 1467/1777/1649 1460/1776/1648
f 1466/1770/1642 1473/1771/1643 1474/1778/1650 1467/1777/1649
f 1473/1771/1643 1480/1772/1644 1481/1779/1651 1474/1778/1650
f 1480/1772/1644 1487/1773/1645 1488/1780/1652 1481/1779/1651
f 1487/1773/1645 1494/1774/1646 1495/1781/1653 1488/1780/1652
f 1494/1774/1646 1501/1775/1647 1502/1782/1654 1495/1781/1653
f 1501/1775/1647 1407/1716/1588 1404/1722/1594 1502/1782/1654
f 1406/1718/1590 1460/1776/1648 1461/1783/1655 1423/1712/1584
f 1460/1776/1648 1467/1777/1649 1468/1784/1656 1461/1783/1655
f 1467/1777/1649 1474/1778/1650 1475/1785/1657 1468/1784/1656
f 1474/1778/1650 1481/1779/1651 1482/1786/1658 1475/1785/1657
f 1481/1779/1651 1488/1780/1652 1489/1787/1659 1482/1786/1658
f 1488/1780/1652 1495/1781/1653 1496/1788/1660 1489/1787/1659
f 1495/1781/1653 1502/1782/1654 1503/1789/1661 1496/1788/1660
f 1502/1782/1654 1404/1722/1594 1410/1728/1600 1503/1789/1661
f 1423/1712/1584 1461/1783/1655 1462/1790/1662 1424/1702/1574
f 1461/1783/1655 1468/1784/1656 1469/1791/1663 1462/1790/1662
f 1468/1784/1656 1475/1785/1657 1476/1792/1664 1469/1791/1663
f 1475/1785/1657 1482/1786/1658 1483/1793/1665 1476/1792/1664
f 1482/1786/1658 1489/1787/1659 1490/1794/1666 1483/1793/1665
f 1489/1787/1659 1496/1788/1660 1497/1795/1667 1490/1794/1666
f 1496/1788/1660 1503/1789/1661 1504/1796/1668 1497/1795/1667
f 1503/1789/1661 1410/1728/1600 1394/1707/1579 1504/1796/1668
f 1424/1702/1574 1462/1790/1662 1463/1797/1669 1395/1703/1575
f 1462/1790/1662 1469/1791/1663 1470/1798/1670 1463/1797/1669
f 1469/1791/1663 1476/1792/1664 1477/1799/1671 1470/1798/1670
f 1476/1792/1664 1483/1793/1665 1484/1800/1672 1477/1799/1671
f 1483/1793/1665 1490/1794/1666 1491/1801/1673 1484/1800/1672
f 1490/1794/1666 1497/1795/1667 1498/1802/1674 1491/1801/1673
f 1497/1795/1667 1504/1796/1668 1505/1803/1675 1498/1802/1674
f 1504/1796/1668 1394/1707/1579 1409/1706/1578 1505/1803/1675
f 1395/1703/1575 1463/1797/1669 1464/1804/1676 1396/1760/1632
f 1463/1797/1669 1470/1798/1670 1471/1805/1677 1464/1804/1676
f 1470/1798/1670 1477/1799/1671 1478/1806/1678 1471/1805/1677
f 1477/1799/1671 1484/1800/1672 1485/1807/1679 1478/1806/1678
f 1484/1800/1672 1491/1801/1673 1492/1808/1680 1485/1807/1679
f 1491/1801/1673 1498/1802/1674 1499/1809/1681 1492/1808/1680
f 1498/1802/1674 1505/1803/1675 1506/1810/1682 1499/1809/1681
f 1505/1803/1675 1409/1706/1578 1422/1714/1586 1506/1810/1682
f 1396/1760/1632 1464/1804/1676 1412/1752/1624 1398/1756/1628
f 1464/1804/1676 1471/1805/1677 1413/1748/1620 1412/1752/1624
f 1471/1805/1677 1478/1806/1678 1415/1744/1616 1413/1748/1620
f 1478/1806/1678 1485/1807/1679 1416/1740/1612 1415/1744/1616
f 1485/1807/1679 1492/1808/1680 1418/1736/1608 1416/1740/1612
f 1492/1808/1680 1499/1809/1681 1420/1732/1604 1418/1736/1608
f 1499/1809/1681 1506/1810/1682 1402/1726/1598 1420/1732/1604
f 1506/1810/1682 1422/1714/1586 1405/1720/1592 1402/1726/1598
f 1570/1811/1683 1509/1812/1684 1538/1813/1685 1567/1814/1686
f 1569/1815/1687 1508/1816/1688 1537/1817/1689 1566/1818/1690
f 1568/1819/1691 1507/1820/1692 1522/1821/1693 1551/1822/1694
f 1567/1814/1686 1538/1813/1685 1521/1823/1695 1550/1824/1696
f 1566/1818/1690 1537/1817/1689 1536/1825/1697 1565/1826/1698
f 1551/1822/1694 1522/1821/1693 1535/1827/1699 1564/1828/1700
f 1550/1824/1696 1521/1823/1695 1520/1829/1701 1549/1830/1702
f 1565/1826/1698 1536/1825/1697 1519/1831/1703 1548/1832/1704
f 1564/1828/1700 1535/1827/1699 1518/1833/1705 1547/1834/1706
f 1549/1830/1702 1520/1829/1701 1517/1835/1707 1546/1836/1708
f 1548/1832/1704 1519/1831/1703 1516/1837/1709 1545/1838/1710
f 1547/1834/1706 1518/1833/1705 1515/1839/1711 1544/1840/1712
f 1546/1836/1708 1517/1835/1707 1523/1841/1713 1552/1842/1714
f 1545/1838/1710 1516/1837/1709 1534/1843/1715 1563/1844/1716
f 1544/1840/1712 1515/1839/1711 1533/1845/1717 1562/1846/1718
f 1563/1844/1716 1534/1843/1715 1532/1847/1719 1561/1848/1720
f 1562/1846/1718 1533/1845/1717 1531/1849/1721 1560/1850/1722
f 1561/1848/1720 1532/1847/1719 1530/1851/1723 1559/1852/1724
f 1560/1850/1722 1531/1849/1721 1529/1853/1725 1558/1854/1726
f 1559/1852/1724 1530/1851/1723 1514/1855/1727 1543/1856/1728
f 1558/1854/1726 1529/1853/1725 1528/1857/1729 1557/1858/1730
f 1543/1856/1728 1514/1855/1727 1527/1859/1731 1556/1860/1732
f 1557/1858/1730 1528/1857/1729 1526/1861/1733 1555/1862/1734
f 1556/1860/1732 1527/1859/1731 1513/1863/1735 1542/1864/1736
f 1555/1862/1734 1526/1861/1733 1525/1865/1737 1554/1866/1738
f 1542/1867/1736 1513/1868/1735 1512/1869/1739 1541/1870/1740
f 1554/1866/1738 1525/1865/1737 1511/1871/1741 1540/1872/1742
f 1541/1870/1740 1512/1869/1739 1524/1873/1743 1553/1874/1744
f 1540/1872/1742 1511/1871/1741 1510/1875/1745 1539/1876/1746
f 1553/1874/1744 1524/1873/1743 1509/1812/1684 1570/1811/1683
f 1539/1876/1746 1510/1875/1745 1508/1816/1688 1569/1815/1687
f 1552/1842/1714 1523/1841/1713 1507/1820/1692 1568/1819/1691
f 1441/1877/1601 1552/1842/1714 1568/1819/1691 1430/1878/1580
f 1457/1879/1633 1539/1876/1746 1569/1815/1687 1428/1880/1576
f 1456/1881/1631 1553/1874/1744 1570/1811/1683 1426/1882/1572
f 1455/1883/1629 1540/1872/1742 1539/1876/1746 1457/1879/1633
f 1454/1884/1627 1541/1870/1740 1553/1874/1744 1456/1881/1631
f 1453/1885/1625 1554/1866/1738 1540/1872/1742 1455/1883/1629
f 1452/1886/1623 1542/1867/1736 1541/1870/1740 1454/1884/1627
f 1451/1887/1621 1555/1862/1734 1554/1866/1738 1453/1885/1625
f 1450/1888/1619 1556/1860/1732 1542/1864/1736 1452/1889/1623
f 1449/1890/1617 1557/1858/1730 1555/1862/1734 1451/1887/1621
f 1448/1891/1615 1543/1856/1728 1556/1860/1732 1450/1888/1619
f 1447/1892/1613 1558/1854/1726 1557/1858/1730 1449/1890/1617
f 1446/1893/1611 1559/1852/1724 1543/1856/1728 1448/1891/1615
f 1445/1894/1609 1560/1850/1722 1558/1854/1726 1447/1892/1613
f 1444/1895/1607 1561/1848/1720 1559/1852/1724 1446/1893/1611
f 1443/1896/1605 1562/1846/1718 1560/1850/1722 1445/1894/1609
f 1442/1897/1603 1563/1844/1716 1561/1848/1720 1444/1895/1607
f 1440/1898/1599 1544/1840/1712 1562/1846/1718 1443/1896/1605
f 1439/1899/1597 1545/1838/1710 1563/1844/1716 1442/1897/1603
f 1438/1900/1595 1546/1836/1708 1552/1842/1714 1441/1877/1601
f 1437/1901/1593 1547/1834/1706 1544/1840/1712 1440/1898/1599
f 1436/1902/1591 1548/1832/1704 1545/1838/1710 1439/1899/1597
f 1435/1903/1589 1549/1830/1702 1546/1836/1708 1438/1900/1595
f 1434/1904/1587 1564/1828/1700 1547/1834/1706 1437/1901/1593
f 1433/1905/1585 1565/1826/1698 1548/1832/1704 1436/1902/1591
f 1432/1906/1583 1550/1824/1696 1549/1830/1702 1435/1903/1589
f 1431/1907/1581 1551/1822/1694 1564/1828/1700 1434/1904/1587
f 1429/1908/1577 1566/1818/1690 1565/1826/1698 1433/1905/1585
f 1427/1909/1573 1567/1814/1686 1550/1824/1696 1432/1906/1583
f 1430/1878/1580 1568/1819/1691 1551/1822/1694 1431/1907/1581
f 1428/1880/1576 1569/1815/1687 1566/1818/1690 1429/1908/1577
f 1426/1882/1572 1570/1811/1683 1567/1814/1686 1427/1909/1573
f 1509/1812/1684 1573/1059/951 1602/1110/1000 1538/1813/1685
f 1508/1816/1688 1572/1055/947 1601/1108/998 1537/1817/1689
f 1507/1820/1692 1571/1046/938 1586/1106/996 1522/1821/1693
f 1538/1813/1685 1602/1110/1000 1585/1104/994 1521/1823/1695
f 1537/1817/1689 1601/1108/998 1600/1102/992 1536/1825/1697
f 1522/1821/1693 1586/1106/996 1599/1100/990 1535/1827/1699
f 1521/1823/1695 1585/1104/994 1584/1098/988 1520/1829/1701
f 1536/1825/1697 1600/1102/992 1583/1096/986 1519/1831/1703
f 1535/1827/1699 1599/1100/990 1582/1094/984 1518/1833/1705
f 1520/1829/1701 1584/1098/988 1581/1092/982 1517/1835/1707
f 1519/1831/1703 1583/1096/986 1580/1090/980 1516/1837/1709
f 1518/1833/1705 1582/1094/984 1579/1088/978 1515/1839/1711
f 1517/1835/1707 1581/1092/982 1587/1043/935 1523/1841/1713
f 1516/1837/1709 1580/1090/980 1598/1087/977 1534/1843/1715
f 1515/1839/1711 1579/1088/978 1597/1085/975 1533/1845/1717
f 1534/1843/1715 1598/1087/977 1596/1084/974 1532/1847/1719
f 1533/1845/1717 1597/1085/975 1595/1082/972 1531/1849/1721
f 1532/1847/1719 1596/1084/974 1594/1080/970 1530/1851/1723
f 1531/1849/1721 1595/1082/972 1593/1078/968 1529/1853/1725
f 1530/1851/1723 1594/1080/970 1578/1076/966 1514/1855/1727
f 1529/1853/1725 1593/1078/968 1592/1074/964 1528/1857/1729
f 1514/1855/1727 1578/1076/966 1591/1070/962 1527/1859/1731
f 1528/1857/1729 1592/1074/964 1590/1068/960 1526/1861/1733
f 1527/1859/1731 1591/1070/962 1577/1073/958 1513/1863/1735
f 1526/1861/1733 1590/1068/960 1589/1064/956 1525/1865/1737
f 1513/1868/1735 1577/1066/958 1576/1062/954 1512/1869/1739
f 1525/1865/1737 1589/1064/956 1575/1060/952 1511/1871/1741
f 1512/1869/1739 1576/1062/954 1588/1056/948 1524/1873/1743
f 1511/1871/1741 1575/1060/952 1574/1052/944 1510/1875/1745
f 1524/1873/1743 1588/1056/948 1573/1059/951 1509/1812/1684
f 1510/1875/1745 1574/1052/944 1572/1055/947 1508/1816/1688
f 1523/1841/1713 1587/1043/935 1571/1046/938 1507/1820/1692
f 1604/171/163 1608/3/3 1610/1910/1747 1607/1911/1748
f 1607/1911/1748 1610/1910/1747 1611/1912/1749 1606/1913/1750
f 1606/1913/1750 1611/1912/1749 1612/1914/1751 1605/1915/1752
f 1605/1915/1752 1612/1914/1751 1609/106/98 1603/8/8
f 1614/182/174 1604/171/163 1607/1911/1748 1617/1916/1753
f 1617/1916/1753 1607/1911/1748 1606/1913/1750 1616/1917/1754
f 1616/1917/1754 1606/1913/1750 1605/1915/1752 1615/1918/1755
f 1615/1918/1755 1605/1915/1752 1603/8/8 1613/7/7
f 1619/10/10 1614/182/174 1617/1916/1753 1622/1919/1756
f 1622/1919/1756 1617/1916/1753 1616/1917/1754 1621/1920/1757
f 1621/1920/1757 1616/1917/1754 1615/1918/1755 1620/1921/1758
f 1620/1921/1758 1615/1918/1755 1613/7/7 1618/16/16
f 1831/12/12 1835/22/22 1837/1922/1759 1834/1923/1760
f 1834/1923/1760 1837/1922/1759 1838/1924/1761 1833/1925/1762
f 1833/1926/1762 1838/1927/1761 1839/1928/1763 1832/1929/1764
f 1832/1929/1764 1839/1928/1763 1836/947/911 1830/946/910
f 1841/30/30 1845/192/184 1847/1930/1765 1844/1931/1766
f 1844/1931/1766 1847/1930/1765 1848/1932/1767 1843/1933/1768
f 1843/1934/1768 1848/1935/1767 1849/1936/1769 1842/1937/1770
f 1842/1937/1770 1849/1936/1769 1846/33/32 1840/959/917
f 1644/213/205 1638/209/201 1640/1938/1771 1647/1939/1772
f 1647/1939/1772 1640/1938/1771 1641/1940/1773 1646/1941/1774
f 1646/1941/1774 1641/1940/1773 1642/1942/1775 1645/1943/1776
f 1645/1943/1776 1642/1942/1775 1639/48/47 1643/46/45
f 1649/50/49 1644/213/205 1647/1939/1772 1652/1944/1777
f 1652/1944/1777 1647/1939/1772 1646/1941/1774 1651/1945/1778
f 1651/1945/1778 1646/1941/1774 1645/1943/1776 1650/1946/1779
f 1650/1946/1779 1645/1943/1776 1643/46/45 1648/45/44
f 1856/49/48 1860/52/51 1862/1947/1780 1859/1948/1781
f 1859/1948/1781 1862/1947/1780 1863/1949/1782 1858/1950/1783
f 1858/1951/1783 1863/1952/1782 1864/1953/1784 1857/1954/1785
f 1857/1954/1785 1864/1953/1784 1861/57/54 1855/965/919
f 1659/198/190 1653/193/185 1655/1955/1786 1662/1956/1787
f 1662/1956/1787 1655/1955/1786 1656/1957/1788 1661/1958/1789
f 1661/1958/1789 1656/1957/1788 1657/1959/1790 1660/1960/1791
f 1660/1960/1791 1657/1959/1790 1654/72/67 1658/70/65
f 1664/74/69 1659/198/190 1662/1956/1787 1667/1961/1792
f 1667/1961/1792 1662/1956/1787 1661/1958/1789 1666/1962/1793
f 1666/1962/1793 1661/1958/1789 1660/1960/1791 1665/1963/1794
f 1665/1963/1794 1660/1960/1791 1658/70/65 1663/69/64
f 1669/75/70 1664/74/69 1667/1961/1792 1672/1964/1795
f 1672/1964/1795 1667/1961/1792 1666/1962/1793 1671/1965/1796
f 1671/1965/1796 1666/1962/1793 1665/1963/1794 1670/1966/1797
f 1670/1966/1797 1665/1963/1794 1663/69/64 1668/78/73
f 1674/80/75 1669/75/70 1672/1964/1795 1677/1967/1798
f 1677/1967/1798 1672/1964/1795 1671/1965/1796 1676/1968/1799
f 1676/1968/1799 1671/1965/1796 1670/1966/1797 1675/1969/1800
f 1675/1969/1800 1670/1966/1797 1668/78/73 1673/86/81
f 1881/201/193 1885/204/196 1887/1970/1801 1884/1971/1802
f 1884/1971/1802 1887/1970/1801 1888/1972/1803 1883/1973/1804
f 1883/1974/1804 1888/1975/1803 1889/1976/1805 1882/1977/1806
f 1882/1977/1806 1889/1976/1805 1886/983/929 1880/982/928
f 1885/204/196 1890/989/933 1892/1978/1807 1887/1970/1801
f 1887/1970/1801 1892/1978/1807 1893/1979/1808 1888/1972/1803
f 1888/1975/1803 1893/1980/1808 1894/1981/1809 1889/1976/1805
f 1889/1976/1805 1894/1981/1809 1891/95/88 1886/983/929
f 1890/989/933 1895/183/175 1897/1982/1810 1892/1978/1807
f 1892/1978/1807 1897/1982/1810 1898/1983/1811 1893/1979/1808
f 1893/1980/1808 1898/1984/1811 1899/1985/1812 1894/1981/1809
f 1894/1981/1809 1899/1985/1812 1896/96/89 1891/95/88
f 1688/939/907 1692/938/906 1693/1986/1813 1691/1987/1814
f 1691/1987/1814 1693/1986/1813 1694/1988/1815 1690/1989/1816
f 1690/1989/1816 1694/1988/1815 1695/1990/1817 1689/1991/1818
f 1689/1992/1818 1695/1993/1817 1980/1994/1819 1976/1995/1820
f 1696/1667/1540 1688/939/907 1691/1987/1814 1699/1996/1821
f 1699/1996/1821 1691/1987/1814 1690/1989/1816 1698/1997/1822
f 1698/1997/1822 1690/1989/1816 1689/1991/1818 1697/1998/1823
f 1697/1999/1823 1689/1992/1818 1976/1995/1820 1986/2000/1824
f 1700/1668/1541 1696/1667/1540 1699/1996/1821 1703/2001/1825
f 1703/2001/1825 1699/1996/1821 1698/1997/1822 1702/2002/1826
f 1702/2002/1826 1698/1997/1822 1697/1998/1823 1701/2003/1827
f 1701/2004/1827 1697/1999/1823 1986/2000/1824 1991/2005/1828
f 1704/1669/1542 1700/1668/1541 1703/2001/1825 1707/2006/1829
f 1707/2006/1829 1703/2001/1825 1702/2002/1826 1706/2007/1830
f 1706/2007/1830 1702/2002/1826 1701/2003/1827 1705/2008/1831
f 1705/2009/1831 1701/2004/1827 1991/2005/1828 1996/2010/1832
f 1708/1670/1543 1704/1669/1542 1707/2006/1829 1711/2011/1833
f 1711/2011/1833 1707/2006/1829 1706/2007/1830 1710/2012/1834
f 1710/2012/1834 1706/2007/1830 1705/2008/1831 1709/2013/1835
f 1709/2014/1835 1705/2009/1831 1996/2010/1832 2001/2015/1836
f 1712/1671/1544 1708/1670/1543 1711/2011/1833 1715/2016/1837
f 1715/2016/1837 1711/2011/1833 1710/2012/1834 1714/2017/1838
f 1714/2017/1838 1710/2012/1834 1709/2013/1835 1713/2018/1839
f 1713/2019/1839 1709/2014/1835 2001/2015/1836 2006/2020/1840
f 1716/1672/1545 1712/1671/1544 1715/2016/1837 1719/2021/1841
f 1719/2021/1841 1715/2016/1837 1714/2017/1838 1718/2022/1842
f 1718/2022/1842 1714/2017/1838 1713/2018/1839 1717/2023/1843
f 1717/2024/1843 1713/2019/1839 2006/2020/1840 2011/2025/1844
f 1720/1673/1546 1716/1672/1545 1719/2021/1841 1723/2026/1845
f 1723/2026/1845 1719/2021/1841 1718/2022/1842 1722/2027/1846
f 1722/2027/1846 1718/2022/1842 1717/2023/1843 1721/2028/1847
f 1721/2029/1847 1717/2024/1843 2011/2025/1844 2016/2030/1848
f 1724/1675/1547 1720/1674/1546 1723/2031/1845 1727/2032/1849
f 1727/2032/1849 1723/2031/1845 1722/2033/1846 1726/2034/1850
f 1726/2034/1850 1722/2033/1846 1721/2035/1847 1725/2036/1851
f 1725/2037/1851 1721/2038/1847 2016/2039/1848 2021/2040/1852
f 1728/1676/1548 1724/1675/1547 1727/2032/1849 1731/2041/1853
f 1731/2041/1853 1727/2032/1849 1726/2034/1850 1730/2042/1854
f 1730/2042/1854 1726/2034/1850 1725/2036/1851 1729/2043/1855
f 1729/2044/1855 1725/2037/1851 2021/2040/1852 2026/2045/1856
f 1732/1677/1549 1728/1676/1548 1731/2041/1853 1735/2046/1857
f 1735/2046/1857 1731/2041/1853 1730/2042/1854 1734/2047/1858
f 1734/2047/1858 1730/2042/1854 1729/2043/1855 1733/2048/1859
f 1733/2049/1859 1729/2044/1855 2026/2045/1856 2031/2050/1860
f 1736/1678/1550 1732/1677/1549 1735/2046/1857 1739/2051/1861
f 1739/2051/1861 1735/2046/1857 1734/2047/1858 1738/2052/1862
f 1738/2052/1862 1734/2047/1858 1733/2048/1859 1737/2053/1863
f 1737/2054/1863 1733/2049/1859 2031/2050/1860 2036/2055/1864
f 1740/1679/1551 1736/1678/1550 1739/2051/1861 1743/2056/1865
f 1743/2056/1865 1739/2051/1861 1738/2052/1862 1742/2057/1866
f 1742/2057/1866 1738/2052/1862 1737/2053/1863 1741/2058/1867
f 1741/2059/1867 1737/2054/1863 2036/2055/1864 2041/2060/1868
f 1744/1680/1552 1740/1679/1551 1743/2056/1865 1747/2061/1869
f 1747/2061/1869 1743/2056/1865 1742/2057/1866 1746/2062/1870
f 1746/2062/1870 1742/2057/1866 1741/2058/1867 1745/2063/1871
f 1745/2064/1871 1741/2059/1867 2041/2060/1868 2046/2065/1872
f 1748/1681/1553 1744/1680/1552 1747/2061/1869 1751/2066/1873
f 1751/2066/1873 1747/2061/1869 1746/2062/1870 1750/2067/1874
f 1750/2067/1874 1746/2062/1870 1745/2063/1871 1749/2068/1875
f 1749/2069/1875 1745/2064/1871 2046/2065/1872 2051/2070/1876
f 1753/1682/1554 1748/1681/1553 1751/2066/1873 1756/2071/1877
f 1756/2071/1877 1751/2066/1873 1750/2067/1874 1755/2072/1878
f 1755/2072/1878 1750/2067/1874 1749/2068/1875 1754/2073/1879
f 1754/2074/1879 1749/2069/1875 2051/2070/1876 1752/2075/1880
f 1758/1683/1555 1753/1682/1554 1756/2071/1877 1761/2076/1881
f 1761/2076/1881 1756/2071/1877 1755/2072/1878 1760/2077/1882
f 1760/2077/1882 1755/2072/1878 1754/2073/1879 1759/2078/1883
f 1759/2079/1883 1754/2074/1879 1752/2075/1880 1757/2080/1884
f 1762/1684/1556 1758/1683/1555 1761/2076/1881 1765/2081/1885
f 1765/2081/1885 1761/2076/1881 1760/2077/1882 1764/2082/1886
f 1764/2082/1886 1760/2077/1882 1759/2078/1883 1763/2083/1887
f 1763/2084/1887 1759/2079/1883 1757/2080/1884 2064/2085/1888
f 1766/1685/1557 1762/1684/1556 1765/2081/1885 1769/2086/1889
f 1769/2086/1889 1765/2081/1885 1764/2082/1886 1768/2087/1890
f 1768/2087/1890 1764/2082/1886 1763/2083/1887 1767/2088/1891
f 1767/2089/1891 1763/2084/1887 2064/2085/1888 2069/2090/1892
f 1771/1686/1558 1766/1685/1557 1769/2086/1889 1774/2091/1893
f 1774/2091/1893 1769/2086/1889 1768/2087/1890 1773/2092/1894
f 1773/2092/1894 1768/2087/1890 1767/2088/1891 1772/2093/1895
f 1772/2094/1895 1767/2089/1891 2069/2090/1892 1770/2095/1896
f 1775/1687/1559 1771/1686/1558 1774/2091/1893 1778/2096/1897
f 1778/2096/1897 1774/2091/1893 1773/2092/1894 1777/2097/1898
f 1777/2097/1898 1773/2092/1894 1772/2093/1895 1776/2098/1899
f 1776/2099/1899 1772/2094/1895 1770/2095/1896 2078/2100/1900
f 1779/1688/1560 1775/1687/1559 1778/2096/1897 1782/2101/1901
f 1782/2101/1901 1778/2096/1897 1777/2097/1898 1781/2102/1902
f 1781/2102/1902 1777/2097/1898 1776/2098/1899 1780/2103/1903
f 1780/2104/1903 1776/2099/1899 2078/2100/1900 2083/2105/1904
f 1784/1689/1561 1779/1688/1560 1782/2101/1901 1787/2106/1905
f 1787/2106/1905 1782/2101/1901 1781/2102/1902 1786/2107/1906
f 1786/2107/1906 1781/2102/1902 1780/2103/1903 1785/2108/1907
f 1785/2109/1907 1780/2104/1903 2083/2105/1904 1783/2110/1908
f 1789/1690/1562 1784/1689/1561 1787/2106/1905 1792/2111/1909
f 1792/2111/1909 1787/2106/1905 1786/2107/1906 1791/2112/1910
f 1791/2112/1910 1786/2107/1906 1785/2108/1907 1790/2113/1911
f 1790/2114/1911 1785/2109/1907 1783/2110/1908 1788/2115/1912
f 1794/1691/1563 1789/1690/1562 1792/2111/1909 1797/2116/1913
f 1797/2116/1913 1792/2111/1909 1791/2112/1910 1796/2117/1914
f 1796/2117/1914 1791/2112/1910 1790/2113/1911 1795/2118/1915
f 1795/2119/1915 1790/2114/1911 1788/2115/1912 1793/2120/1916
f 1799/1692/1564 1794/1691/1563 1797/2116/1913 1802/2121/1917
f 1802/2121/1917 1797/2116/1913 1796/2117/1914 1801/2122/1918
f 1801/2122/1918 1796/2117/1914 1795/2118/1915 1800/2123/1919
f 1800/2124/1919 1795/2119/1915 1793/2120/1916 1798/2125/1920
f 1803/1693/1565 1799/1692/1564 1802/2121/1917 1806/2126/1921
f 1806/2126/1921 1802/2121/1917 1801/2122/1918 1805/2127/1922
f 1805/2127/1922 1801/2122/1918 1800/2123/1919 1804/2128/1923
f 1804/2129/1923 1800/2124/1919 1798/2125/1920 2104/2130/1924
f 1807/1694/1566 1803/1693/1565 1806/2126/1921 1810/2131/1925
f 1810/2131/1925 1806/2126/1921 1805/2127/1922 1809/2132/1926
f 1809/2132/1926 1805/2127/1922 1804/2128/1923 1808/2133/1927
f 1808/2134/1927 1804/2129/1923 2104/2130/1924 2109/2135/1928
f 1812/1695/1567 1807/1694/1566 1810/2131/1925 1815/2136/1929
f 1815/2136/1929 1810/2131/1925 1809/2132/1926 1814/2137/1930
f 1814/2137/1930 1809/2132/1926 1808/2133/1927 1813/2138/1931
f 1813/2139/1931 1808/2134/1927 2109/2135/1928 1811/2140/1932
f 1816/1696/1568 1812/1695/1567 1815/2136/1929 1819/2141/1933
f 1819/2141/1933 1815/2136/1929 1814/2137/1930 1818/2142/1934
f 1818/2142/1934 1814/2137/1930 1813/2138/1931 1817/2143/1935
f 1817/2144/1935 1813/2139/1931 1811/2140/1932 2118/2145/1936
f 1821/1697/1569 1816/1696/1568 1819/2141/1933 1824/2146/1937
f 1824/2146/1937 1819/2141/1933 1818/2142/1934 1823/2147/1938
f 1823/2147/1938 1818/2142/1934 1817/2143/1935 1822/2148/1939
f 1822/2149/1939 1817/2144/1935 2118/2145/1936 1820/2150/1940
f 1692/938/906 1821/1697/1569 1824/2146/1937 1693/1986/1813
f 1693/1986/1813 1824/2146/1937 1823/2147/1938 1694/1988/1815
f 1694/1988/1815 1823/2147/1938 1822/2148/1939 1695/1990/1817
f 1695/1993/1817 1822/2149/1939 1820/2150/1940 1980/1994/1819
f 2127/172/164 2131/181/173 2133/2151/1941 2130/2152/1942
f 2130/2152/1942 2133/2151/1941 2134/2153/1943 2129/2154/1944
f 2129/2155/1944 2134/2156/1943 2135/2157/1945 2128/2158/1946
f 2128/2158/1946 2135/2157/1945 2132/950/912 2126/992/934
f 2131/181/173 2136/9/9 2138/2159/1947 2133/2151/1941
f 2133/2151/1941 2138/2159/1947 2139/2160/1948 2134/2153/1943
f 2134/2156/1943 2139/2161/1948 2140/2162/1949 2135/2157/1945
f 2135/2157/1945 2140/2162/1949 2137/951/913 2132/950/912
f 1916/40/39 1910/961/183 1912/2163/1950 1919/2164/1951
f 1919/2164/1951 1912/2163/1950 1913/2165/1952 1918/2166/1953
f 1918/2166/1953 1913/2165/1952 1914/2167/1954 1917/2168/1955
f 1917/2168/1955 1914/2167/1954 1911/990/25 1915/206/198
f 2152/196/188 2156/210/202 2158/2169/1956 2155/2170/1957
f 2155/2170/1957 2158/2169/1956 2159/2171/1958 2154/2172/1959
f 2154/2173/1959 2159/2174/1958 2160/2175/1960 2153/2176/1961
f 2153/2176/1961 2160/2175/1960 2157/955/915 2151/954/914
f 2156/210/202 2161/214/206 2163/2177/1962 2158/2169/1956
f 2158/2169/1956 2163/2177/1962 2164/2178/1963 2159/2171/1958
f 2159/2174/1958 2164/2179/1963 2165/2180/1964 2160/2175/1960
f 2160/2175/1960 2165/2180/1964 2162/967/920 2157/955/915
f 1931/972/923 1925/51/50 1927/2181/1965 1934/2182/1966
f 1934/2182/1966 1927/2181/1965 1928/2183/1967 1933/2184/1968
f 1933/2184/1968 1928/2183/1967 1929/2185/1969 1932/2186/1970
f 1932/2186/1970 1929/2185/1969 1926/54/53 1930/200/192
f 1936/60/57 1931/972/923 1934/2182/1966 1939/2187/1971
f 1939/2187/1971 1934/2182/1966 1933/2184/1968 1938/2188/1972
f 1938/2188/1972 1933/2184/1968 1932/2186/1970 1937/2189/1973
f 1937/2189/1973 1932/2186/1970 1930/200/192 1935/188/180
f 1941/61/58 1936/60/57 1939/2187/1971 1944/2190/1974
f 1944/2190/1974 1939/2187/1971 1938/2188/1972 1943/2191/1975
f 1943/2191/1975 1938/2188/1972 1937/2189/1973 1942/2192/1976
f 1942/2192/1976 1937/2189/1973 1935/188/180 1940/187/179
f 2182/76/71 2186/79/74 2188/2193/1977 2185/2194/1978
f 2185/2194/1978 2188/2193/1977 2189/2195/1979 2184/2196/1980
f 2184/2197/1980 2189/2198/1979 2190/2199/1981 2183/2200/1982
f 2183/2200/1982 2190/2199/1981 2187/971/922 2181/970/921
f 2186/79/74 2191/82/77 2193/2201/1983 2188/2193/1977
f 2188/2193/1977 2193/2201/1983 2194/2202/1984 2189/2195/1979
f 2189/2198/1979 2194/2203/1984 2195/2204/1985 2190/2199/1981
f 2190/2199/1981 2195/2204/1985 2192/985/930 2187/971/922
f 2191/82/77 2196/190/182 2198/2205/1986 2193/2201/1983
f 2193/2201/1983 2198/2205/1986 2199/2206/1987 2194/2202/1984
f 2194/2203/1984 2199/2207/1987 2200/2208/1988 2195/2204/1985
f 2195/2204/1985 2200/2208/1988 2197/987/931 2192/985/930
f 1951/189/181 1945/81/76 1947/2209/1989 1954/2210/1990
f 1954/2210/1990 1947/2209/1989 1948/2211/1991 1953/2212/1992
f 1953/2212/1992 1948/2211/1991 1949/2213/1993 1952/2214/1994
f 1952/2214/1994 1949/2213/1993 1946/85/80 1950/90/85
f 1961/988/932 1955/203/195 1957/2215/1995 1964/2216/1996
f 1964/2216/1996 1957/2215/1995 1958/2217/1997 1963/2218/1998
f 1963/2218/1998 1958/2217/1997 1959/2219/1999 1962/2220/2000
f 1962/2220/2000 1959/2219/1999 1956/92/87 1960/208/200
f 1966/184/176 1961/988/932 1964/2216/1996 1969/2221/2001
f 1969/2221/2001 1964/2216/1996 1963/2218/1998 1968/2222/2002
f 1968/2222/2002 1963/2218/1998 1962/2220/2000 1967/2223/2003
f 1967/2223/2003 1962/2220/2000 1960/208/200 1965/212/204
f 2202/99/91 2206/1/1 2208/2224/2004 2205/2225/2005
f 2205/2225/2005 2208/2224/2004 2209/2226/2006 2204/2227/2007
f 2204/2228/2007 2209/2229/2006 2210/2230/2008 2203/2231/2009
f 2203/2231/2009 2210/2230/2008 2207/942/908 2201/98/90
f 1976/1995/1820 1980/1994/1819 1982/2232/2010 1979/2233/2011
f 1979/2233/2011 1982/2232/2010 1983/2234/2012 1978/2235/2013
f 1978/2235/2013 1983/2234/2012 1984/2236/2014 1977/2237/2015
f 1977/2237/2015 1984/2236/2014 1981/179/171 1975/178/170
f 1986/2000/1824 1976/1995/1820 1979/2233/2011 1989/2238/2016
f 1989/2238/2016 1979/2233/2011 1978/2235/2013 1988/2239/2017
f 1988/2239/2017 1978/2235/2013 1977/2237/2015 1987/2240/2018
f 1987/2240/2018 1977/2237/2015 1975/178/170 1985/1654/1527
f 1991/2005/1828 1986/2000/1824 1989/2238/2016 1994/2241/2019
f 1994/2241/2019 1989/2238/2016 1988/2239/2017 1993/2242/2020
f 1993/2242/2020 1988/2239/2017 1987/2240/2018 1992/2243/2021
f 1992/2243/2021 1987/2240/2018 1985/1654/1527 1990/1661/1534
f 1996/2010/1832 1991/2005/1828 1994/2241/2019 1999/2244/2022
f 1999/2244/2022 1994/2241/2019 1993/2242/2020 1998/2245/2023
f 1998/2245/2023 1993/2242/2020 1992/2243/2021 1997/2246/2024
f 1997/2246/2024 1992/2243/2021 1990/1661/1534 1995/1660/1533
f 2001/2015/1836 1996/2010/1832 1999/2244/2022 2004/2247/2025
f 2004/2247/2025 1999/2244/2022 1998/2245/2023 2003/2248/2026
f 2003/2248/2026 1998/2245/2023 1997/2246/2024 2002/2249/2027
f 2002/2249/2027 1997/2246/2024 1995/1660/1533 2000/1663/1536
f 2006/2020/1840 2001/2015/1836 2004/2247/2025 2009/2250/2028
f 2009/2250/2028 2004/2247/2025 2003/2248/2026 2008/2251/2029
f 2008/2251/2029 2003/2248/2026 2002/2249/2027 2007/2252/2030
f 2007/2252/2030 2002/2249/2027 2000/1663/1536 2005/1665/1538
f 2011/2025/1844 2006/2020/1840 2009/2250/2028 2014/2253/2031
f 2014/2253/2031 2009/2250/2028 2008/2251/2029 2013/2254/2032
f 2013/2254/2032 2008/2251/2029 2007/2252/2030 2012/2255/2033
f 2012/2255/2033 2007/2252/2030 2005/1665/1538 2010/1609/1484
f 2016/2030/1848 2011/2025/1844 2014/2253/2031 2019/2256/2034
f 2019/2256/2034 2014/2253/2031 2013/2254/2032 2018/2257/2035
f 2018/2257/2035 2013/2254/2032 2012/2255/2033 2017/2258/2036
f 2017/2258/2036 2012/2255/2033 2010/1609/1484 2015/1608/1483
f 2021/2040/1852 2016/2039/1848 2019/2259/2034 2024/2260/2037
f 2024/2260/2037 2019/2259/2034 2018/2261/2035 2023/2262/2038
f 2023/2262/2038 2018/2261/2035 2017/2263/2036 2022/2264/2039
f 2022/2264/2039 2017/2263/2036 2015/1641/1483 2020/1640/1514
f 2026/2045/1856 2021/2040/1852 2024/2260/2037 2029/2265/2040
f 2029/2265/2040 2024/2260/2037 2023/2262/2038 2028/2266/2041
f 2028/2266/2041 2023/2262/2038 2022/2264/2039 2027/2267/2042
f 2027/2267/2042 2022/2264/2039 2020/1640/1514 2025/1643/1516
f 2031/2050/1860 2026/2045/1856 2029/2265/2040 2034/2268/2043
f 2034/2268/2043 2029/2265/2040 2028/2266/2041 2033/2269/2044
f 2033/2269/2044 2028/2266/2041 2027/2267/2042 2032/2270/2045
f 2032/2270/2045 2027/2267/2042 2025/1643/1516 2030/1645/1518
f 2036/2055/1864 2031/2050/1860 2034/2268/2043 2039/2271/2046
f 2039/2271/2046 2034/2268/2043 2033/2269/2044 2038/2272/2047
f 2038/2272/2047 2033/2269/2044 2032/2270/2045 2037/2273/2048
f 2037/2273/2048 2032/2270/2045 2030/1645/1518 2035/1647/1520
f 2041/2060/1868 2036/2055/1864 2039/2271/2046 2044/2274/2049
f 2044/2274/2049 2039/2271/2046 2038/2272/2047 2043/2275/2050
f 2043/2275/2050 2038/2272/2047 2037/2273/2048 2042/2276/2051
f 2042/2276/2051 2037/2273/2048 2035/1647/1520 2040/1649/1522
f 2046/2065/1872 2041/2060/1868 2044/2274/2049 2049/2277/2052
f 2049/2277/2052 2044/2274/2049 2043/2275/2050 2048/2278/2053
f 2048/2278/2053 2043/2275/2050 2042/2276/2051 2047/2279/2054
f 2047/2279/2054 2042/2276/2051 2040/1649/1522 2045/1651/1524
f 2051/2070/1876 2046/2065/1872 2049/2277/2052 2054/2280/2055
f 2054/2280/2055 2049/2277/2052 2048/2278/2053 2053/2281/2056
f 2053/2281/2056 2048/2278/2053 2047/2279/2054 2052/2282/2057
f 2052/2282/2057 2047/2279/2054 2045/1651/1524 2050/1653/1526
f 1752/2075/1880 2051/2070/1876 2054/2280/2055 2058/2283/2058
f 2058/2283/2058 2054/2280/2055 2053/2281/2056 2057/2284/2059
f 2057/2284/2059 2053/2281/2056 2052/2282/2057 2056/2285/2060
f 2056/2285/2060 2052/2282/2057 2050/1653/1526 2055/1656/1529
f 1757/2080/1884 1752/2075/1880 2058/2283/2058 2062/2286/2061
f 2062/2286/2061 2058/2283/2058 2057/2284/2059 2061/2287/2062
f 2061/2287/2062 2057/2284/2059 2056/2285/2060 2060/2288/2063
f 2060/2288/2063 2056/2285/2060 2055/1656/1529 2059/1659/1532
f 2064/2085/1888 1757/2080/1884 2062/2286/2061 2067/2289/2064
f 2067/2289/2064 2062/2286/2061 2061/2287/2062 2066/2290/2065
f 2066/2290/2065 2061/2287/2062 2060/2288/2063 2065/2291/2066
f 2065/2291/2066 2060/2288/2063 2059/1659/1532 2063/1662/1535
f 2069/2090/1892 2064/2085/1888 2067/2289/2064 2072/2292/2067
f 2072/2292/2067 2067/2289/2064 2066/2290/2065 2071/2293/2068
f 2071/2293/2068 2066/2290/2065 2065/2291/2066 2070/2294/2069
f 2070/2294/2069 2065/2291/2066 2063/1662/1535 2068/1664/1537
f 1770/2095/1896 2069/2090/1892 2072/2292/2067 2076/2295/2070
f 2076/2295/2070 2072/2292/2067 2071/2293/2068 2075/2296/2071
f 2075/2296/2071 2071/2293/2068 2070/2294/2069 2074/2297/2072
f 2074/2297/2072 2070/2294/2069 2068/1664/1537 2073/1666/1539
f 2078/2100/1900 1770/2095/1896 2076/2295/2070 2081/2298/2073
f 2081/2298/2073 2076/2295/2070 2075/2296/2071 2080/2299/2074
f 2080/2299/2074 2075/2296/2071 2074/2297/2072 2079/2300/2075
f 2079/2300/2075 2074/2297/2072 2073/1666/1539 2077/1639/1513
f 2083/2105/1904 2078/2100/1900 2081/2298/2073 2086/2301/2076
f 2086/2301/2076 2081/2298/2073 2080/2299/2074 2085/2302/2077
f 2085/2302/2077 2080/2299/2074 2079/2300/2075 2084/2303/2078
f 2084/2303/2078 2079/2300/2075 2077/1639/1513 2082/1638/1512
f 1783/2110/1908 2083/2105/1904 2086/2301/2076 2090/2304/2079
f 2090/2304/2079 2086/2301/2076 2085/2302/2077 2089/2305/2080
f 2089/2305/2080 2085/2302/2077 2084/2303/2078 2088/2306/2081
f 2088/2306/2081 2084/2303/2078 2082/1638/1512 2087/1642/1515
f 1788/2115/1912 1783/2110/1908 2090/2304/2079 2094/2307/2082
f 2094/2307/2082 2090/2304/2079 2089/2305/2080 2093/2308/2083
f 2093/2308/2083 2089/2305/2080 2088/2306/2081 2092/2309/2084
f 2092/2309/2084 2088/2306/2081 2087/1642/1515 2091/1644/1517
f 1793/2120/1916 1788/2115/1912 2094/2307/2082 2098/2310/2085
f 2098/2310/2085 2094/2307/2082 2093/2308/2083 2097/2311/2086
f 2097/2311/2086 2093/2308/2083 2092/2309/2084 2096/2312/2087
f 2096/2312/2087 2092/2309/2084 2091/1644/1517 2095/1646/1519
f 1798/2125/1920 1793/2120/1916 2098/2310/2085 2102/2313/2088
f 2102/2313/2088 2098/2310/2085 2097/2311/2086 2101/2314/2089
f 2101/2314/2089 2097/2311/2086 2096/2312/2087 2100/2315/2090
f 2100/2315/2090 2096/2312/2087 2095/1646/1519 2099/1648/1521
f 2104/2130/1924 1798/2125/1920 2102/2313/2088 2107/2316/2091
f 2107/2316/2091 2102/2313/2088 2101/2314/2089 2106/2317/2092
f 2106/2317/2092 2101/2314/2089 2100/2315/2090 2105/2318/2093
f 2105/2318/2093 2100/2315/2090 2099/1648/1521 2103/1650/1523
f 2109/2135/1928 2104/2130/1924 2107/2316/2091 2112/2319/2094
f 2112/2319/2094 2107/2316/2091 2106/2317/2092 2111/2320/2095
f 2111/2320/2095 2106/2317/2092 2105/2318/2093 2110/2321/2096
f 2110/2321/2096 2105/2318/2093 2103/1650/1523 2108/1652/1525
f 1811/2140/1932 2109/2135/1928 2112/2319/2094 2116/2322/2097
f 2116/2322/2097 2112/2319/2094 2111/2320/2095 2115/2323/2098
f 2115/2323/2098 2111/2320/2095 2110/2321/2096 2114/2324/2099
f 2114/2324/2099 2110/2321/2096 2108/1652/1525 2113/1655/1528
f 2118/2145/1936 1811/2140/1932 2116/2322/2097 2121/2325/2100
f 2121/2325/2100 2116/2322/2097 2115/2323/2098 2120/2326/2101
f 2120/2326/2101 2115/2323/2098 2114/2324/2099 2119/2327/2102
f 2119/2327/2102 2114/2324/2099 2113/1655/1528 2117/1658/1531
f 1820/2150/1940 2118/2145/1936 2121/2325/2100 2125/2328/2103
f 2125/2328/2103 2121/2325/2100 2120/2326/2101 2124/2329/2104
f 2124/2329/2104 2120/2326/2101 2119/2327/2102 2123/2330/2105
f 2123/2330/2105 2119/2327/2102 2117/1658/1531 2122/1657/1530
f 1980/1994/1819 1820/2150/1940 2125/2328/2103 1982/2232/2010
f 1982/2232/2010 2125/2328/2103 2124/2329/2104 1983/2234/2012
f 1983/2234/2012 2124/2329/2104 2123/2330/2105 1984/2236/2014
f 1984/2236/2014 2123/2330/2105 2122/1657/1530 1981/179/171
f 1826/4/4 2127/172/164 2130/2152/1942 1829/2331/2106
f 1829/2331/2106 2130/2152/1942 2129/2154/1944 1828/2332/2107
f 1828/2333/2107 2129/2155/1944 2128/2158/1946 1827/2334/2108
f 1827/2334/2108 2128/2158/1946 2126/992/934 1825/943/909
f 2136/9/9 1831/12/12 1834/1923/1760 2138/2159/1947
f 2138/2159/1947 1834/1923/1760 1833/1925/1762 2139/2160/1948
f 2139/2161/1948 1833/1926/1762 1832/1929/1764 2140/2162/1949
f 2140/2162/1949 1832/1929/1764 1830/946/910 2137/951/913
f 1901/11/11 1619/10/10 1622/1919/1756 1904/2335/2109
f 1904/2335/2109 1622/1919/1756 1621/1920/1757 1903/2336/2110
f 1903/2336/2110 1621/1920/1757 1620/1921/1758 1902/2337/2111
f 1902/2337/2111 1620/1921/1758 1618/16/16 1900/15/15
f 1624/21/21 1901/11/11 1904/2335/2109 1627/2338/2112
f 1627/2338/2112 1904/2335/2109 1903/2336/2110 1626/2339/2113
f 1626/2339/2113 1903/2336/2110 1902/2337/2111 1625/2340/2114
f 1625/2340/2114 1902/2337/2111 1900/15/15 1623/20/20
f 1835/22/22 2141/27/27 2143/2341/2115 1837/1922/1759
f 1837/1922/1759 2143/2341/2115 2144/2342/2116 1838/1924/1761
f 1838/1927/1761 2144/2343/2116 2145/2344/2117 1839/1928/1763
f 1839/1928/1763 2145/2344/2117 2142/957/916 1836/947/911
f 1906/28/28 1624/21/21 1627/2338/2112 1909/2345/2118
f 1909/2345/2118 1627/2338/2112 1626/2339/2113 1908/2346/2119
f 1908/2346/2119 1626/2339/2113 1625/2340/2114 1907/2347/2120
f 1907/2347/2120 1625/2340/2114 1623/20/20 1905/19/19
f 2141/27/27 1841/30/30 1844/1931/1766 2143/2341/2115
f 2143/2341/2115 1844/1931/1766 1843/1933/1768 2144/2342/2116
f 2144/2343/2116 1843/1934/1768 1842/1937/1770 2145/2344/2117
f 2145/2344/2117 1842/1937/1770 1840/959/917 2142/957/916
f 1629/29/29 1906/28/28 1909/2345/2118 1632/2348/2121
f 1632/2348/2121 1909/2345/2118 1908/2346/2119 1631/2349/2122
f 1631/2349/2122 1908/2346/2119 1907/2347/2120 1630/2350/2123
f 1630/2350/2123 1907/2347/2120 1905/19/19 1628/26/26
f 1910/191/183 1629/29/29 1632/2348/2121 1912/2351/1950
f 1912/2351/1950 1632/2348/2121 1631/2349/2122 1913/2352/1952
f 1913/2352/1952 1631/2349/2122 1630/2350/2123 1914/2353/1954
f 1914/2353/1954 1630/2350/2123 1628/26/26 1911/25/25
f 1845/960/184 2146/39/38 2148/2354/2124 1847/2355/1765
f 1847/2355/1765 2148/2354/2124 2149/2356/2125 1848/2357/1767
f 1848/1935/1767 2149/2358/2125 2150/2359/2126 1849/1936/1769
f 1849/1936/1769 2150/2359/2126 2147/34/33 1846/33/32
f 2146/39/38 1850/42/41 1852/2360/2127 2148/2354/2124
f 2148/2354/2124 1852/2360/2127 1853/2361/2128 2149/2356/2125
f 2149/2358/2125 1853/2362/2128 1854/2363/2129 2150/2359/2126
f 2150/2359/2126 1854/2363/2129 1851/963/918 2147/34/33
f 1634/41/40 1916/40/39 1919/2164/1951 1637/2364/2130
f 1637/2364/2130 1919/2164/1951 1918/2166/1953 1636/2365/2131
f 1636/2365/2131 1918/2166/1953 1917/2168/1955 1635/2366/2132
f 1635/2366/2132 1917/2168/1955 1915/206/198 1633/38/37
f 1850/42/41 2152/196/188 2155/2170/1957 1852/2360/2127
f 1852/2360/2127 2155/2170/1957 2154/2172/1959 1853/2361/2128
f 1853/2362/2128 2154/2173/1959 2153/2176/1961 1854/2363/2129
f 1854/2363/2129 2153/2176/1961 2151/954/914 1851/963/918
f 1921/195/187 1634/41/40 1637/2364/2130 1924/2367/2133
f 1924/2367/2133 1637/2364/2130 1636/2365/2131 1923/2368/2134
f 1923/2368/2134 1636/2365/2131 1635/2366/2132 1922/2369/2135
f 1922/2369/2135 1635/2366/2132 1633/38/37 1920/37/36
f 1638/209/201 1921/195/187 1924/2367/2133 1640/1938/1771
f 1640/1938/1771 1924/2367/2133 1923/2368/2134 1641/1940/1773
f 1641/1940/1773 1923/2368/2134 1922/2369/2135 1642/1942/1775
f 1642/1942/1775 1922/2369/2135 1920/37/36 1639/48/47
f 2161/214/206 1856/49/48 1859/1948/1781 2163/2177/1962
f 2163/2177/1962 1859/1948/1781 1858/1950/1783 2164/2178/1963
f 2164/2179/1963 1858/1951/1783 1857/1954/1785 2165/2180/1964
f 2165/2180/1964 1857/1954/1785 1855/965/919 2162/967/920
f 1925/51/50 1649/50/49 1652/1944/1777 1927/2181/1965
f 1927/2181/1965 1652/1944/1777 1651/1945/1778 1928/2183/1967
f 1928/2183/1967 1651/1945/1778 1650/1946/1779 1929/2185/1969
f 1929/2185/1969 1650/1946/1779 1648/45/44 1926/54/53
f 1860/52/51 2166/973/924 2168/2370/2136 1862/1947/1780
f 1862/1947/1780 2168/2370/2136 2169/2371/2137 1863/1949/1782
f 1863/1952/1782 2169/2372/2137 2170/2373/2138 1864/1953/1784
f 1864/1953/1784 2170/2373/2138 2167/58/55 1861/57/54
f 2166/973/924 1865/59/56 1867/2374/2139 2168/2370/2136
f 2168/2370/2136 1867/2374/2139 1868/2375/2140 2169/2371/2137
f 2169/2372/2137 1868/2376/2140 1869/2377/2141 2170/2373/2138
f 2170/2373/2138 1869/2377/2141 1866/976/925 2167/58/55
f 1865/59/56 2171/62/59 2173/2378/2142 1867/2374/2139
f 1867/2374/2139 2173/2378/2142 2174/2379/2143 1868/2375/2140
f 1868/2376/2140 2174/2380/2143 2175/2381/2144 1869/2377/2141
f 1869/2377/2141 2175/2381/2144 2172/977/926 1866/976/925
f 2171/62/59 1870/194/186 1872/2382/2145 2173/2378/2142
f 2173/2378/2142 1872/2382/2145 1873/2383/2146 2174/2379/2143
f 2174/2380/2143 1873/2384/2146 1874/2385/2147 2175/2381/2144
f 2175/2381/2144 1874/2385/2147 1871/65/60 2172/977/926
f 1653/193/185 1941/61/58 1944/2190/1974 1655/1955/1786
f 1655/1955/1786 1944/2190/1974 1943/2191/1975 1656/1957/1788
f 1656/1957/1788 1943/2191/1975 1942/2192/1976 1657/1959/1790
f 1657/1959/1790 1942/2192/1976 1940/187/179 1654/72/67
f 1870/194/186 2176/197/189 2178/2386/2148 1872/2382/2145
f 1872/2382/2145 2178/2386/2148 2179/2387/2149 1873/2383/2146
f 1873/2384/2146 2179/2388/2149 2180/2389/2150 1874/2385/2147
f 1874/2385/2147 2180/2389/2150 2177/66/61 1871/65/60
f 2176/197/189 1875/73/68 1877/2390/2151 2178/2386/2148
f 2178/2386/2148 1877/2390/2151 1878/2391/2152 2179/2387/2149
f 2179/2388/2149 1878/2392/2152 1879/2393/2153 2180/2389/2150
f 2180/2389/2150 1879/2393/2153 1876/979/927 2177/66/61
f 1875/73/68 2182/76/71 2185/2194/1978 1877/2390/2151
f 1877/2390/2151 2185/2194/1978 2184/2196/1980 1878/2391/2152
f 1878/2392/2152 2184/2197/1980 2183/2200/1982 1879/2393/2153
f 1879/2393/2153 2183/2200/1982 2181/970/921 1876/979/927
f 1945/81/76 1674/80/75 1677/1967/1798 1947/2209/1989
f 1947/2209/1989 1677/1967/1798 1676/1968/1799 1948/2211/1991
f 1948/2211/1991 1676/1968/1799 1675/1969/1800 1949/2213/1993
f 1949/2213/1993 1675/1969/1800 1673/86/81 1946/85/80
f 2196/190/182 1881/201/193 1884/1971/1802 2198/2205/1986
f 2198/2205/1986 1884/1971/1802 1883/1973/1804 2199/2206/1987
f 2199/2207/1987 1883/1974/1804 1882/1977/1806 2200/2208/1988
f 2200/2208/1988 1882/1977/1806 1880/982/928 2197/987/931
f 1679/202/194 1951/189/181 1954/2210/1990 1682/2394/2154
f 1682/2394/2154 1954/2210/1990 1953/2212/1992 1681/2395/2155
f 1681/2395/2155 1953/2212/1992 1952/2214/1994 1680/2396/2156
f 1680/2396/2156 1952/2214/1994 1950/90/85 1678/89/84
f 1955/203/195 1679/202/194 1682/2394/2154 1957/2215/1995
f 1957/2215/1995 1682/2394/2154 1681/2395/2155 1958/2217/1997
f 1958/2217/1997 1681/2395/2155 1680/2396/2156 1959/2219/1999
f 1959/2219/1999 1680/2396/2156 1678/89/84 1956/92/87
f 1895/183/175 2202/99/91 2205/2225/2005 1897/1982/1810
f 1897/1982/1810 2205/2225/2005 2204/2227/2007 1898/1983/1811
f 1898/1984/1811 2204/2228/2007 2203/2231/2009 1899/1985/1812
f 1899/1985/1812 2203/2231/2009 2201/98/90 1896/96/89
f 1684/100/92 1966/184/176 1969/2221/2001 1687/2397/2157
f 1687/2397/2157 1969/2221/2001 1968/2222/2002 1686/2398/2158
f 1686/2398/2158 1968/2222/2002 1967/2223/2003 1685/2399/2159
f 1685/2399/2159 1967/2223/2003 1965/212/204 1683/104/96
f 1971/2/2 1684/100/92 1687/2397/2157 1974/2400/2160
f 1974/2400/2160 1687/2397/2157 1686/2398/2158 1973/2401/2161
f 1973/2401/2161 1686/2398/2158 1685/2399/2159 1972/2402/2162
f 1972/2402/2162 1685/2399/2159 1683/104/96 1970/103/95
f 2206/1/1 1826/4/4 1829/2331/2106 2208/2224/2004
f 2208/2224/2004 1829/2331/2106 1828/2332/2107 2209/2226/2006
f 2209/2229/2006 1828/2333/2107 1827/2334/2108 2210/2230/2008
f 2210/2230/2008 1827/2334/2108 1825/943/909 2207/942/908
f 1608/3/3 1971/2/2 1974/2400/2160 1610/1910/1747
f 1610/1910/1747 1974/2400/2160 1973/2401/2161 1611/1912/1749
f 1611/1912/1749 1973/2401/2161 1972/2402/2162 1612/1914/1751
f 1612/1914/1751 1972/2402/2162 1970/103/95 1609/106/98
f 703/105/97 34/5/5 1603/8/8 1609/106/98
