# Blender 4.4.3
# www.blender.org
mtllib lamp.mtl
o lamp
v 75.433197 269.180756 199.156830
v 80.425804 249.183380 200.242935
v 75.369057 269.133759 198.852356
v 75.601868 269.133759 198.637177
v 75.900360 269.180756 198.725052
v 75.969101 269.228516 199.030991
v 75.732796 269.228516 199.249405
v 79.290070 249.885162 201.536224
v 74.888496 271.235748 198.567719
v 74.848251 271.103638 198.291855
v 80.041862 249.617706 201.075607
v 75.084053 271.103638 198.073929
v 75.355896 271.235748 198.135727
v 75.397705 271.366577 198.412598
v 75.161217 271.366577 198.631165
v 74.166000 273.004517 197.786087
v 74.192688 272.774872 197.582275
v 74.428200 272.774872 197.364609
v 74.633469 273.004517 197.354019
v 74.614944 273.233032 197.562683
v 74.375473 273.233032 197.784027
v 73.204697 274.094360 196.746002
v 73.306801 273.826843 196.623886
v 73.542412 273.826843 196.406128
v 73.672173 274.094360 196.313934
v 79.368500 249.885162 201.697968
v 73.579109 274.364075 196.441940
v 80.195709 249.617706 201.392853
v 73.339615 274.364044 196.663284
v 72.318001 274.378143 195.786713
v 72.475677 274.122742 195.720551
v 72.707199 274.122742 195.506561
v 72.785545 274.378143 195.354584
v 72.633698 274.642517 195.420059
v 72.395218 274.642517 195.640472
v 71.464569 273.839050 194.863327
v 71.662903 273.601776 194.842010
v 71.895271 273.601776 194.627258
v 71.932106 273.839050 194.431198
v 71.729973 274.078888 194.442047
v 71.491264 274.078888 194.662674
v 70.721161 272.176697 194.058914
v 79.413872 249.885162 201.871887
v 70.961197 271.981628 194.087341
v 80.284714 249.617706 201.734039
v 71.198097 271.981628 193.868393
v 71.188622 272.176697 193.626862
v 70.945061 272.368103 193.591171
v 70.704720 272.368103 193.813309
v 70.188995 268.915344 193.483078
v 70.480995 268.857147 193.566376
v 70.716476 268.857147 193.348724
v 70.656395 268.915344 193.051071
v 70.363899 268.972107 192.966537
v 70.127701 268.972107 193.184830
v 69.626724 263.834473 192.874725
v 69.929161 263.802002 192.967972
v 70.163315 263.802002 192.751556
v 70.094124 263.834473 192.442734
v 79.424438 249.885162 202.051331
v 80.305443 249.617706 202.086014
v 69.791847 263.866699 192.350235
v 69.558273 263.866699 192.566101
v 68.864212 258.554230 192.049728
v 69.162926 258.494263 192.139282
v 69.397408 258.494263 191.922562
v 69.331619 258.554230 191.617722
v 69.033195 258.613770 191.529602
v 68.799820 258.613770 191.745300
v 67.499428 252.155060 190.573090
v 67.788132 252.050415 190.652130
v 68.022926 252.050415 190.435120
v 67.966835 252.155060 190.141083
v 67.678558 252.259186 190.064041
v 67.445274 252.259186 190.279648
v 65.916580 246.917816 188.860519
v 79.399796 249.885162 202.229385
v 80.257111 249.617706 202.435272
v 66.186424 246.763000 188.919418
v 66.421494 246.763000 188.702164
v 66.383987 246.917816 188.428528
v 66.114655 247.072830 188.371170
v 65.880585 247.072830 188.587509
v 65.100098 244.848328 187.977219
v 65.341255 244.645508 188.006287
v 65.577576 244.645569 187.787979
v 65.567627 244.848480 187.545319
v 65.328186 245.051697 187.520630
v 65.094368 245.051605 187.736664
v 64.370476 243.738174 187.199402
v 64.571861 243.496002 187.186249
v 64.810165 243.497406 186.969193
v 64.841492 243.741150 186.771179
v 78.508224 249.975464 202.015259
v 79.340897 249.885162 202.399200
v 64.641991 243.982880 186.789841
v 64.406555 243.980804 187.004150
v 80.141571 249.617706 202.768387
v 63.397312 242.938354 186.220169
v 63.554211 242.670593 186.158432
v 63.794624 242.672516 185.944183
v 63.873745 242.942078 185.797470
v 63.717747 243.206696 185.863983
v 63.480286 243.204132 186.074188
v 62.077358 242.541245 184.939117
v 62.199860 242.268707 184.842178
v 62.437504 242.269241 184.626877
v 62.549473 242.543884 184.512466
v 62.426044 242.813492 184.612350
v 62.190834 242.812012 184.824478
v 60.365944 242.615753 183.443451
v 60.424183 242.347290 183.290146
v 79.249992 249.885162 202.554276
v 60.630123 242.346558 183.047684
v 79.963257 249.617706 203.072571
v 60.776474 242.616608 182.961044
v 60.716652 242.883743 183.116486
v 60.511848 242.882874 183.356735
v 58.777431 242.944519 182.318665
v 58.806870 242.678925 182.147659
v 58.956924 242.680664 181.876465
v 59.080521 242.949768 181.772903
v 59.049652 243.219513 181.945557
v 58.897228 243.213928 182.218399
v 57.676285 242.955307 181.862961
v 57.696682 242.695663 181.678345
v 57.741783 242.714142 181.377228
v 57.765007 242.993622 181.252701
v 57.737144 243.259186 181.437637
v 79.130585 249.885162 202.688629
v 57.693802 243.235840 181.744293
v 79.729027 249.617706 203.336121
v 56.758099 242.624695 181.734863
v 56.785378 242.352707 181.565140
v 56.718712 242.332047 181.258972
v 56.623791 242.585419 181.118881
v 56.586597 242.859192 181.288681
v 56.654144 242.876724 181.599747
v 55.741611 241.792191 181.734528
v 55.838329 241.552856 181.554474
v 55.716709 241.484909 181.262558
v 55.498131 241.666702 181.144638
v 55.394722 241.908203 181.323410
v 55.513397 241.968918 181.622040
v 54.941448 240.537964 181.733414
v 55.130356 240.386841 181.534454
v 78.987259 249.885162 202.797104
v 79.447884 249.617706 203.548904
v 55.046379 240.347015 181.241974
v 54.774330 240.465515 181.141617
v 54.584545 240.617432 181.338821
v 54.665066 240.652313 181.633118
v 54.200691 239.094757 181.542542
v 54.442612 239.023666 181.345535
v 54.449268 239.147903 181.068100
v 54.218685 239.342255 180.982391
v 53.980175 239.414047 181.176208
v 53.969273 239.291672 181.453018
v 53.295540 237.686020 180.953308
v 53.556938 237.626892 180.780884
v 53.598553 237.771515 180.501205
v 53.380245 237.974594 180.392944
v 78.825523 249.885162 202.875534
v 53.119419 238.034088 180.563766
v 79.130630 249.617706 203.702759
v 53.076370 237.890244 180.844086
v 52.420979 236.338806 180.147903
v 52.681664 236.274399 179.974503
v 52.726768 236.418396 179.695679
v 52.513805 236.625427 179.590683
v 52.254784 236.689758 179.763092
v 52.208065 236.546646 180.041153
v 51.339424 234.921295 178.990723
v 51.595600 234.858063 178.809052
v 51.668091 235.048523 178.568924
v 51.487473 235.299194 178.510468
v 51.234482 235.361359 178.689880
v 51.159832 235.174194 178.929016
v 50.141586 233.890701 177.556473
v 50.416611 233.849747 177.399139
v 78.651596 249.885162 202.920914
v 78.789459 249.617706 203.791748
v 50.516884 234.073273 177.198547
v 50.344116 234.335205 177.154022
v 50.071560 234.376785 177.309357
v 49.969429 234.155823 177.511017
v 49.178757 233.267380 176.104248
v 49.454529 233.241516 175.967896
v 49.550461 233.466217 175.771393
v 49.370106 233.719971 175.706863
v 49.094032 233.750900 175.843155
v 48.995834 233.524429 176.044022
v 48.934166 232.849167 175.123260
v 49.221870 232.872498 175.097153
v 49.331871 233.134460 174.991913
v 49.151997 233.382568 174.911057
v 48.864174 233.366898 174.931244
v 78.472153 249.885162 202.931473
v 48.746738 233.099136 175.036575
v 78.437477 249.617706 203.812485
v 49.298691 232.567261 174.176361
v 49.477730 232.649826 174.389191
v 49.496010 232.940094 174.474380
v 49.338669 233.156937 174.340454
v 49.173481 233.088196 174.113693
v 49.135590 232.793839 174.028046
v 75.371536 269.155243 199.012070
v 75.464844 269.129150 198.722443
v 75.760895 269.155243 198.652191
v 75.965027 269.206909 198.870529
v 75.872482 269.233337 199.163498
v 75.573143 269.206909 199.232727
v 74.840523 271.163055 198.439484
v 74.948105 271.088043 198.163361
v 78.294106 249.885162 202.906830
v 78.088211 249.617706 203.764145
v 75.231827 271.163055 198.077820
v 75.404739 271.308228 198.264359
v 75.297852 271.381744 198.541779
v 75.012894 271.308228 198.626526
v 75.690414 270.171143 198.497635
v 75.749702 270.254395 198.793793
v 75.167206 270.088837 198.634598
v 75.400658 270.088837 198.418823
v 75.513565 270.254395 199.012039
v 75.222992 270.171143 198.929657
v 74.155792 272.878479 197.698227
v 74.300659 272.746948 197.462860
v 74.546684 272.878479 197.336945
v 74.648415 273.131287 197.443741
v 78.124283 249.885162 202.847931
v 74.506523 273.260651 197.685593
v 74.254265 273.131287 197.808029
v 77.755096 249.617706 203.648605
v 75.036491 272.371002 198.019821
v 74.798058 272.371002 198.240204
v 74.783691 271.995605 197.748657
v 75.023293 272.184540 197.775833
v 74.555870 272.184540 198.207855
v 74.547600 271.995605 197.966858
v 73.235901 273.947937 196.702927
v 73.424049 273.794800 196.514404
v 73.626785 273.947937 196.341660
v 73.645737 274.243286 196.358826
v 73.461670 274.396484 196.555099
v 73.251526 274.243286 196.723175
v 73.866470 273.887451 197.233124
v 73.694794 273.633362 197.276215
v 77.969215 249.885162 202.757034
v 77.450920 249.617706 203.470291
v 74.162224 273.633362 196.844193
v 74.105774 273.887451 197.011948
v 73.758163 273.378632 197.113281
v 73.994804 273.378632 196.894562
v 72.379402 274.237183 195.773743
v 72.596474 274.094421 195.619003
v 72.767792 274.237183 195.414764
v 72.727417 274.524597 195.365921
v 72.510002 274.673615 195.525452
v 72.333878 274.524597 195.729645
v 73.094612 274.594299 195.918442
v 72.855835 274.594299 196.139130
v 73.120293 274.059723 195.950638
v 73.219894 274.324585 195.824585
v 77.834862 249.885162 202.637619
v 72.752419 274.324585 196.256653
v 72.885910 274.059723 196.167267
v 77.187370 249.617706 203.236069
v 71.548340 273.708282 194.875015
v 76.590645 249.183380 203.787598
v 71.787506 273.574249 194.743744
v 71.937180 273.708313 194.515640
v 71.847229 273.972473 194.413422
v 71.600365 274.107300 194.541260
v 71.453522 273.972473 194.777313
v 72.353546 274.211975 194.887222
v 72.175789 274.463013 194.925186
v 72.063904 273.966919 195.275558
v 72.295952 273.966919 195.061081
v 71.937866 274.463013 195.145081
v 71.886047 274.211975 195.319305
v 70.826340 272.069061 194.096802
v 71.094063 271.957092 193.993469
v 77.726379 249.885162 202.494293
v 76.974586 249.617706 202.954926
v 71.218132 272.069061 193.734695
v 71.081963 272.283508 193.584366
v 76.281723 249.183380 203.379425
v 70.809311 272.391815 193.685379
v 70.687187 272.283508 193.949249
v 71.523972 272.927399 194.222107
v 71.538589 273.153931 194.005508
v 71.071129 273.153931 194.437561
v 71.288193 272.927399 194.440018
v 71.078064 273.378204 194.216278
v 71.317436 273.378204 193.995026
v 70.324287 268.883575 193.552933
v 70.619102 268.850586 193.479584
v 70.715401 268.883575 193.191452
v 70.520882 268.946747 192.980453
v 70.225182 268.978241 193.053375
v 77.647949 249.885162 202.332565
v 70.129234 268.946747 193.342438
v 76.820740 249.617706 202.637665
v 70.710571 270.630646 193.816788
v 76.058372 249.183380 202.918854
v 70.948074 270.630646 193.597275
v 70.641281 270.883240 193.263947
v 70.402382 270.883240 193.484741
v 70.910225 270.758423 193.325699
v 70.442818 270.758423 193.757706
v 69.768616 263.816620 192.950897
v 70.067276 263.798706 192.882538
v 70.158905 263.816620 192.590164
v 69.952309 263.852234 192.367050
v 69.654167 263.869965 192.435562
v 69.562431 263.852234 192.727402
v 69.918579 266.472595 193.190506
v 77.602577 249.885162 202.158630
v 70.219757 266.439209 193.282516
v 69.850471 266.505554 192.882965
v 76.731735 249.617706 202.296494
v 70.385979 266.472595 192.758499
v 75.929161 249.183380 202.423553
v 70.084747 266.505554 192.666428
v 70.454041 266.439209 193.065979
v 69.003990 258.520996 192.123840
v 69.300858 258.487640 192.053299
v 69.394516 258.520996 191.762894
v 69.191971 258.587219 191.544540
v 68.896103 258.620270 191.615372
v 68.802238 258.587219 191.904755
v 69.458878 261.311096 191.990082
v 69.225410 261.311096 192.205856
v 69.827827 261.224396 192.388458
v 69.759811 261.267883 192.081009
v 77.592010 249.885162 201.979187
v 69.292404 261.267883 192.513016
v 76.711006 249.617706 201.944519
v 69.593559 261.224396 192.604980
v 75.899063 249.183380 201.912552
v 67.633553 252.096832 190.641312
v 67.925117 252.038422 190.564804
v 68.024307 252.096832 190.280167
v 67.832893 252.212921 190.074158
v 67.542709 252.270996 190.151062
v 67.443230 252.212921 190.434296
v 68.183273 255.474426 191.078400
v 68.243431 255.393066 191.378067
v 68.710838 255.393066 190.946075
v 68.416824 255.474426 190.862549
v 68.537704 255.311401 191.462799
v 68.772171 255.311401 191.246094
v 66.039940 246.831604 188.917252
v 66.321404 246.744980 188.829666
v 77.616653 249.885162 201.801147
v 66.430855 246.831604 188.555954
v 66.260818 247.003937 188.372726
v 76.759338 249.617706 201.595245
v 65.980476 247.090881 188.460800
v 75.969238 249.183380 201.405502
v 65.870636 247.003937 188.733353
v 66.853249 249.376678 189.170578
v 66.619461 249.376678 189.386658
v 67.181610 249.120071 189.524979
v 67.133652 249.248474 189.239624
v 66.666252 249.248474 189.671631
v 66.946945 249.120071 189.741867
v 65.207153 244.735352 188.017197
v 65.473770 244.621796 187.912659
v 65.599037 244.735474 187.655182
v 65.461166 244.961029 187.507874
v 65.197762 245.075470 187.614044
v 77.675552 249.885162 201.631317
v 65.071167 244.960876 187.868149
v 65.426567 245.814575 188.096329
v 76.874886 249.617706 201.262131
v 65.448242 245.633423 188.353806
v 76.136978 249.183380 200.921890
v 65.915657 245.633423 187.921814
v 75.490204 248.598877 200.623657
v 65.660675 245.814575 187.879959
v 65.704315 245.452820 188.398483
v 65.940063 245.452820 188.180588
v 64.455017 243.603409 187.215622
v 64.700798 243.468292 187.088150
v 64.850090 243.605865 186.856354
v 64.757568 243.875031 186.757935
v 64.515495 244.009979 186.887650
v 64.364594 243.872040 187.115036
v 65.001045 244.477371 187.167847
v 64.766510 244.476654 187.383850
v 65.212143 244.029572 187.394180
v 77.766457 249.885162 201.476257
v 65.221535 244.253510 187.172333
v 77.053192 249.617706 200.957962
v 64.753159 244.252472 187.603302
v 76.395851 249.183380 200.480286
v 64.975372 244.029083 187.612091
v 75.819679 248.598877 200.061615
v 63.456970 242.789322 186.209305
v 63.678699 242.640396 186.055756
v 63.856300 242.792511 185.854797
v 63.814266 243.089005 185.811172
v 63.595398 243.235474 185.965378
v 63.416977 243.085342 186.162582
v 63.977169 243.557800 186.569672
v 63.916328 243.300964 186.738327
v 64.390488 243.305115 186.313354
v 64.214447 243.560623 186.357071
v 64.094101 243.044388 186.699310
v 64.333542 243.046494 186.483871
v 77.885864 249.885162 201.341904
v 62.118603 242.389587 184.908783
v 77.287422 249.617706 200.694412
v 62.319206 242.237640 184.735550
v 76.735901 249.183380 200.097687
v 76.252480 248.598877 199.574646
v 62.514191 242.391388 184.551956
v 62.507572 242.693756 184.544418
v 62.308163 242.842957 184.717590
v 62.113708 242.691254 184.898956
v 63.119740 242.960968 185.275177
v 62.881458 242.958969 185.484879
v 63.165802 242.419144 185.323639
v 63.261505 242.692261 185.193604
v 62.783710 242.689148 185.614838
v 62.925297 242.417786 185.536270
v 60.375111 242.466461 183.384857
v 60.521694 242.316437 183.164780
v 78.029190 249.885162 201.233414
v 60.718319 242.466461 182.981613
v 77.568565 249.617706 200.481628
v 60.766663 242.765152 183.020691
v 77.144058 249.183380 199.788757
v 60.619690 242.913086 183.240631
v 76.771965 248.598877 199.181473
v 60.424183 242.764008 183.422272
v 61.687752 242.533295 183.734680
v 61.596569 242.801620 183.862823
v 61.331707 242.261292 184.059250
v 61.555946 242.261200 183.832321
v 61.373554 242.800858 184.087845
v 61.241333 242.531189 184.185608
v 58.776745 242.796631 182.254013
v 58.876286 242.650421 182.007446
v 59.028664 242.799713 181.799805
v 59.081470 243.100357 181.837631
v 58.978790 243.246948 182.086288
v 58.827610 243.094589 182.292786
v 78.190926 249.885162 201.154984
v 77.885818 249.617706 200.327774
v 59.753643 242.517334 182.393723
v 59.895187 242.786194 182.300400
v 77.604637 249.183380 199.565414
v 59.530518 242.786026 182.815231
v 77.358170 248.598877 198.897186
v 59.571793 242.517822 182.651169
v 59.670391 243.053802 182.722412
v 59.852825 243.055008 182.465820
v 57.682999 242.808670 181.794281
v 57.718079 242.675446 181.522842
v 57.757229 242.839996 181.287827
v 57.754967 243.144424 181.320053
v 57.714977 243.278351 181.595551
v 57.682564 243.109741 181.830566
v 58.208614 242.729309 181.851730
v 58.309486 242.742111 181.564499
v 58.358902 243.283401 181.632401
v 78.364853 249.885162 201.109619
v 78.226990 249.617706 200.238770
v 58.257103 243.266434 181.922852
v 78.099937 249.183380 199.436203
v 58.386967 243.016876 181.451477
v 58.183643 242.990936 182.031799
v 56.781651 242.476807 181.674652
v 56.756992 242.312119 181.410370
v 56.668224 242.442276 181.162354
v 56.595959 242.735565 181.177765
v 56.612690 242.898315 181.446167
v 56.709953 242.768082 181.693924
v 57.219238 242.835785 181.777054
v 57.237705 242.568512 181.599060
v 57.178829 243.107513 181.647385
v 57.192429 242.844727 181.157654
v 57.163937 243.114960 181.335632
v 57.225826 242.573227 181.291962
v 78.544289 249.885162 201.099045
v 55.810883 241.668121 181.665939
v 78.578972 249.617706 200.218048
v 55.793880 241.494446 181.406387
v 78.610931 249.183380 199.406097
v 55.604275 241.557648 181.176559
v 55.426876 241.794159 181.211334
v 55.435070 241.962753 181.475937
v 55.629692 241.898819 181.705566
v 55.971806 242.438126 181.297791
v 56.073898 242.480316 181.601669
v 56.198128 241.955475 181.255768
v 56.037037 242.175842 181.125900
v 56.243877 242.263550 181.727615
v 56.302254 242.001862 181.555359
v 55.058006 240.459625 181.655273
v 55.113350 240.352066 181.383545
v 78.722343 249.885162 201.123688
v 54.916397 240.393707 181.163986
v 54.658329 240.545959 181.218994
v 78.928230 249.617706 200.266373
v 54.598915 240.649063 181.490997
v 79.117981 249.183380 199.476273
v 54.796585 240.606995 181.711456
v 55.056778 241.335266 181.636688
v 55.318741 241.200043 181.743011
v 55.094112 241.070129 181.151276
v 54.948120 241.271912 181.339188
v 55.461678 240.999176 181.554214
v 55.350121 240.928986 181.260101
v 54.334976 239.039581 181.464462
v 54.471756 239.071228 181.200516
v 54.349155 239.247864 180.999390
v 54.086540 239.397095 181.059845
v 53.949524 239.367706 181.321045
v 78.892166 249.885162 201.182587
v 54.069477 239.190048 181.524521
v 79.261353 249.617706 200.381927
v 54.292053 240.021210 181.297714
v 54.324757 239.974472 181.581451
v 79.601593 249.183380 199.644012
v 54.764973 239.761047 181.188507
v 54.511211 239.914642 181.098358
v 54.580620 239.821259 181.673843
v 54.801456 239.715622 181.472031
v 53.436035 237.636597 180.889084
v 53.604675 237.684509 180.637756
v 53.506699 237.877945 180.422089
v 53.240105 238.023972 180.456650
v 53.070873 237.976929 180.707306
v 53.168442 237.783203 180.924118
v 53.533752 238.588287 181.184174
v 53.755882 238.382263 181.282425
v 79.047234 249.885162 201.273499
v 53.818287 238.672760 180.724197
v 53.565575 238.732483 180.906052
v 79.565529 249.617706 200.560242
v 54.009995 238.322952 181.099030
v 80.043190 249.183380 199.902893
v 54.040291 238.468674 180.821167
v 52.560944 236.286896 180.083405
v 52.730988 236.331268 179.831268
v 52.637341 236.525909 179.617981
v 52.374893 236.677002 179.655121
v 52.204849 236.633148 179.905975
v 52.297249 236.438507 180.119934
v 52.691948 237.360138 180.185135
v 52.647621 237.220184 180.467026
v 53.171196 237.096161 180.127289
v 52.953442 237.297974 180.015732
v 52.865791 237.017700 180.579727
v 53.128181 236.955719 180.409302
v 79.181587 249.885162 201.392899
v 51.473671 234.864166 178.916977
v 79.829071 249.617706 200.794464
v 51.656242 234.935425 178.681854
v 51.596245 235.180573 178.516327
v 51.355045 235.354874 178.583725
v 51.173225 235.285156 178.816528
v 51.230999 235.040863 178.983734
v 51.707611 235.844330 179.522675
v 51.903290 235.614197 179.606750
v 52.020729 235.942169 179.082626
v 51.766312 236.007904 179.261490
v 52.159634 235.548065 179.426819
v 52.216782 235.713013 179.164719
v 50.283112 233.842438 177.491760
v 50.492077 233.944458 177.292877
v 50.451561 234.214355 177.156677
v 50.203758 234.382935 177.217972
v 49.995342 234.283234 177.416351
v 50.034027 234.012878 177.553894
v 50.656109 234.825211 178.029617
v 50.565052 234.617447 178.245514
v 51.093163 234.513763 177.909332
v 50.919304 234.773926 177.862122
v 50.738182 234.355042 178.294479
v 51.003475 234.303345 178.124985
v 49.321701 233.227982 176.050644
v 49.527565 233.337799 175.866226
v 49.480629 233.604218 175.719757
v 49.226402 233.761688 175.759521
v 49.019066 233.654602 175.947861
v 49.066086 233.384644 176.094208
v 49.799747 233.991425 176.389435
v 49.524254 234.028763 176.540451
v 49.880844 233.510406 176.647964
v 49.978165 233.733566 176.443741
v 49.425907 233.806366 176.746368
v 49.604172 233.546204 176.799454
v 49.082943 232.833344 175.120773
v 49.301552 232.988373 175.047470
v 49.263981 233.275787 174.943604
v 49.003147 233.402313 174.911423
v 48.778580 233.248276 174.979599
v 48.816441 232.955963 175.088303
v 49.364136 233.282349 175.336578
v 49.185577 233.533600 175.263855
v 48.976387 233.044098 175.582901
v 49.259190 233.041382 175.493347
v 48.791252 233.298889 175.512421
v 48.901592 233.543762 175.351059
v 49.398861 232.576447 174.286850
v 49.506664 232.781799 174.453323
v 49.427395 233.074936 174.431641
v 49.246719 233.151413 174.223785
v 49.133720 232.954041 174.043900
v 49.202133 232.652313 174.081070
v 49.318142 232.726044 174.707367
v 49.415649 233.006073 174.667908
v 48.970314 233.202850 174.495834
v 48.866940 232.919556 174.537262
v 49.235519 233.247437 174.563354
v 49.048626 232.678680 174.649887
v 49.096901 233.253204 174.521393
v 48.935097 232.777008 174.592682
v 49.189342 232.673889 174.687500
v 49.346745 233.148804 174.618622
v 48.893147 233.075409 174.504715
v 48.820168 233.437714 175.432404
v 49.336014 233.146423 175.414658
v 49.038277 233.565460 175.294434
v 48.860924 233.157074 175.563019
v 49.122726 233.015778 175.550507
v 49.391850 232.851135 174.696060
v 49.493965 233.665833 176.793335
v 49.747128 233.501221 176.738632
v 49.909649 233.872818 176.396530
v 49.449306 233.934204 176.648865
v 49.955288 233.605560 176.540741
v 49.296261 233.421875 175.285706
v 51.072937 234.390961 178.010422
v 50.782917 234.825821 177.931366
v 50.631336 234.477402 178.291718
v 50.875648 234.302185 178.224548
v 51.026356 234.652542 177.864487
v 49.657104 234.036743 176.449783
v 52.039356 235.558640 179.536621
v 52.136299 235.832642 179.099121
v 51.711838 235.942413 179.397888
v 52.213604 235.613983 179.289963
v 51.885845 235.997131 179.152679
v 50.586216 234.738663 178.144302
v 53.176754 237.011154 180.265167
v 52.812981 237.348145 180.078247
v 52.739334 237.114594 180.548813
v 53.006836 236.967453 180.516998
v 53.079494 237.201294 180.046326
v 51.787743 235.724060 179.589493
v 53.893772 238.331940 181.211746
v 53.945900 238.575729 180.747238
v 53.523388 238.675217 181.049988
v 54.051651 238.381195 180.955383
v 53.681141 238.722778 180.794434
v 52.642735 237.304886 180.329239
v 54.808678 239.724335 181.324097
v 54.384277 239.979980 181.177948
v 54.440571 239.901947 181.655014
v 54.709106 239.756775 181.593674
v 54.649727 239.833206 181.116638
v 53.628044 238.480194 181.259201
v 55.412495 241.097839 181.669846
v 55.222576 240.982895 181.177826
v 54.979282 241.322662 181.491623
v 55.427532 240.944244 181.404221
v 55.000042 241.175049 181.223450
v 54.282928 240.011780 181.445892
v 56.260963 241.950592 181.403732
v 55.989475 242.316696 181.187393
v 56.162739 242.390015 181.691284
v 56.289349 242.124588 181.664886
v 56.113579 242.048096 181.164276
v 55.186474 241.283768 181.717865
v 57.209496 242.694122 181.197922
v 57.167755 243.142075 181.494858
v 57.232971 242.540558 181.442001
v 57.175415 242.995941 181.220718
v 57.200253 242.987228 181.739151
v 56.009644 242.486877 181.452240
v 58.383606 243.167175 181.518509
v 58.214046 243.143341 182.002914
v 58.186180 242.843903 181.964188
v 58.355125 242.864777 181.482025
v 58.310623 243.305267 181.782455
v 57.231472 242.687149 181.712708
v 59.767422 243.084351 182.598328
v 59.656773 242.487549 182.518036
v 59.892723 242.935822 182.363449
v 59.588123 242.935120 182.792282
v 59.532894 242.636780 182.752731
v 58.255753 242.706451 181.702972
v 61.289577 242.680603 184.156509
v 61.266338 242.381165 184.140198
v 61.639908 242.382324 183.763290
v 61.487881 242.831421 183.977005
v 61.441113 242.230408 183.944153
v 59.836891 242.636353 182.323135
v 63.048058 242.387222 185.432663
v 63.209877 242.841568 185.215652
v 62.811234 242.838593 185.565948
v 62.835068 242.538147 185.594528
v 63.235256 242.540680 185.242035
v 61.662304 242.682404 183.781021
v 63.987545 243.158295 186.740021
v 64.384987 243.161804 186.383545
v 64.089783 243.588791 186.457092
v 64.220665 243.015411 186.598785
v 64.319870 243.446747 186.314240
v 62.998428 242.990234 185.377670
v 65.105934 244.003174 187.516251
v 65.125740 244.377411 187.146118
v 64.734787 244.376373 187.505875
v 64.849518 244.128174 187.631836
v 65.242142 244.129028 187.270584
v 63.923916 243.442657 186.668457
v 65.563713 245.532806 188.402481
v 65.955109 245.532806 188.040741
v 65.528206 245.835846 187.971466
v 65.838158 245.431656 188.306824
v 65.800591 245.733917 187.874786
v 64.872452 244.503235 187.263641
v 67.082901 249.105286 189.653580
v 67.004181 249.319733 189.177185
v 66.614174 249.319733 189.537643
v 66.795837 249.177002 189.734833
v 67.186478 249.177002 189.373779
v 65.410423 245.733902 188.235397
v 68.380692 255.347702 191.449448
v 68.771210 255.347702 191.088516
v 68.280121 255.483566 190.948914
v 68.675102 255.302185 191.376266
v 68.573692 255.438248 190.875473
v 66.717957 249.391388 189.258728
v 69.731606 261.219727 192.519348
v 69.618744 261.291748 192.006226
v 69.228943 261.291748 192.366501
v 69.433571 261.243866 192.588470
v 69.823944 261.243835 192.227676
v 68.183838 255.438248 191.235809
v 70.449974 266.454346 192.905029
v 69.946602 266.508850 192.751968
v 70.357895 266.435791 193.196976
v 70.244926 266.490723 192.683167
v 69.854561 266.490723 193.043961
v 69.321434 261.315704 192.075562
v 70.789024 270.828033 193.268692
v 70.395508 270.828003 193.632401
v 70.563507 270.687988 193.813080
v 70.955940 270.687988 193.450378
v 70.503357 270.898376 193.354355
v 70.059616 266.454346 193.265808
v 71.185127 273.405457 194.091995
v 71.417343 272.899597 194.343231
v 71.443954 273.278717 193.976700
v 71.049850 273.278717 194.340958
v 71.164200 273.029236 194.461594
v 70.847298 270.614685 193.726486
v 71.888519 274.351135 195.247330
v 71.958641 274.076691 195.318893
v 72.347435 274.076691 194.959549
v 72.049477 274.492371 195.027176
v 72.186424 273.939484 195.175354
v 71.555229 273.029236 194.100189
v 73.006149 274.028931 196.062256
v 73.175926 274.473511 195.851028
v 72.782227 274.473511 196.214905
v 72.800537 274.179260 196.231155
v 73.190689 274.179260 195.870560
v 72.281601 274.351135 194.884018
v 73.704750 273.493927 197.211014
v 74.096443 273.493927 196.848999
v 73.992851 273.918091 197.129822
v 73.871147 273.347656 196.998154
v 74.155914 273.773682 196.911072
v 72.973755 274.626343 196.027191
v 74.651543 271.972565 197.842499
v 75.055840 272.288055 197.885422
v 74.662544 272.288055 198.248917
v 74.526161 272.080750 198.099457
v 74.917572 272.080750 197.737701
v 73.761955 273.773682 197.275192
v 75.357864 270.217102 198.999619
v 75.555870 270.125854 198.429993
v 75.166138 270.125854 198.790207
v 75.651901 270.263672 198.924835
v 75.264343 270.079865 198.505524
v 74.932373 272.393341 198.146347
v 75.749573 270.217102 198.637589
v 50.259834 159.979004 197.381943
v 50.259834 160.859009 197.381927
v 47.608410 159.979004 193.629654
v 47.608410 160.859009 193.629654
v 46.018486 159.979004 189.319000
v 46.018486 160.859009 189.319000
v 45.598419 159.979004 184.743729
v 45.598419 160.859009 184.743729
v 46.376835 159.979004 180.215622
v 46.376835 160.859009 180.215622
v 48.300686 159.979004 176.043289
v 48.300686 160.859009 176.043289
v 51.238869 159.979004 172.511047
v 51.238869 160.859009 172.511047
v 54.991142 159.979004 169.859619
v 54.991142 160.859009 169.859619
v 59.301796 159.979004 168.269684
v 59.301796 160.859009 168.269684
v 63.877075 159.979004 167.849625
v 63.877075 160.859009 167.849625
v 68.405174 159.979004 168.628036
v 68.405174 160.859009 168.628036
v 72.577515 159.979004 170.551895
v 72.577515 160.859009 170.551895
v 76.109756 159.979004 173.490067
v 76.109756 160.859009 173.490067
v 78.761185 159.979004 177.242340
v 78.761185 160.859009 177.242340
v 80.351112 159.979004 181.552994
v 80.351112 160.859009 181.552994
v 80.771179 159.979004 186.128281
v 80.771179 160.859009 186.128281
v 79.992767 159.979004 190.656387
v 79.992767 160.859009 190.656387
v 78.068916 159.979004 194.828720
v 78.068916 160.859009 194.828720
v 75.130737 159.979004 198.360962
v 75.130737 160.859009 198.360962
v 71.378464 159.979004 201.012390
v 71.378464 160.859009 201.012390
v 67.067810 159.979004 202.602310
v 67.067810 160.859009 202.602310
v 62.492531 159.979004 203.022385
v 62.492531 160.859009 203.022385
v 57.964428 159.979004 202.243973
v 57.964428 160.859009 202.243973
v 53.792088 159.979004 200.320129
v 53.792088 160.859009 200.320129
v 63.184799 163.059006 185.436005
v 55.420486 162.435257 189.520264
v 59.592068 162.876312 187.325897
v 56.742134 162.435257 191.390656
v 60.203625 162.876312 188.191360
v 54.627960 162.435257 187.371552
v 59.225349 162.876312 186.331619
v 54.418571 162.435257 185.090927
v 59.128460 162.876312 185.276321
v 54.806583 162.435257 182.833817
v 59.308002 162.876312 184.231903
v 55.765564 162.435257 180.754044
v 59.751743 162.876312 183.269547
v 57.230148 162.435257 178.993332
v 60.429440 162.876312 182.454834
v 59.100533 162.435257 177.671692
v 61.294914 162.876312 181.843277
v 61.249252 162.435257 176.879166
v 62.289177 162.876312 181.476547
v 63.529877 162.435242 176.669769
v 63.344475 162.876312 181.379669
v 65.786987 162.435242 177.057785
v 64.388893 162.876312 181.559204
v 67.866760 162.435242 178.016769
v 65.351250 162.876312 182.002945
v 69.627464 162.435242 179.481354
v 66.165977 162.876312 182.680649
v 70.949112 162.435242 181.351730
v 66.777534 162.876312 183.546112
v 71.741638 162.435242 183.500458
v 67.144249 162.876312 184.540375
v 71.951027 162.435242 185.781082
v 67.241142 162.876312 185.595673
v 71.563019 162.435257 188.038193
v 67.061600 162.876312 186.640091
v 70.604042 162.435257 190.117966
v 66.617859 162.876312 187.602448
v 69.139450 162.435257 191.878662
v 65.940163 162.876312 188.417175
v 67.269066 162.435257 193.200317
v 65.074692 162.876312 189.028732
v 65.120354 162.435257 193.992844
v 64.080421 162.876312 189.395462
v 62.839725 162.435257 194.202240
v 63.025127 162.876312 189.492340
v 60.582619 162.435257 193.814224
v 61.980709 162.876312 189.312805
v 58.502846 162.435257 192.855240
v 61.018349 162.876312 188.869064
v 69.565308 161.700500 194.517563
v 69.565308 162.624496 194.517563
v 69.209038 161.700500 193.840286
v 69.209038 162.624496 193.840286
v 69.239136 161.700500 193.075592
v 69.239136 162.624496 193.075592
v 69.647545 161.700500 192.428406
v 69.647545 162.624496 192.428406
v 70.324837 161.700500 192.072128
v 70.324837 162.624496 192.072128
v 71.089516 161.700500 192.102234
v 71.089516 162.624496 192.102234
v 71.736702 161.700500 192.510651
v 71.736702 162.624496 192.510651
v 72.092972 161.700500 193.187927
v 72.092972 162.624496 193.187927
v 72.062874 161.700500 193.952621
v 72.062874 162.624496 193.952621
v 71.654465 161.700500 194.599808
v 71.654465 162.624496 194.599808
v 70.977180 161.700500 194.956085
v 70.977180 162.624496 194.956085
v 70.212494 161.700500 194.925980
v 70.212494 162.624496 194.925980
v 70.108154 162.624496 194.015839
v 69.930023 162.624496 193.677200
v 69.945068 162.624496 193.294846
v 70.149277 162.624496 192.971252
v 70.487923 162.624496 192.793121
v 70.870262 162.624496 192.808167
v 71.193855 162.624496 193.012375
v 71.371994 162.624496 193.351013
v 71.356941 162.624496 193.733368
v 71.152740 162.624496 194.056961
v 70.814095 162.624496 194.235092
v 70.431747 162.624496 194.220047
v 69.930023 164.472504 193.677200
v 70.108154 164.472504 194.015839
v 69.945068 164.472504 193.294846
v 70.149277 164.472504 192.971252
v 70.487923 164.472504 192.793121
v 70.870262 164.472504 192.808167
v 71.193855 164.472504 193.012375
v 71.371994 164.472504 193.351013
v 71.356941 164.472504 193.733368
v 71.152740 164.472504 194.056961
v 70.814095 164.472504 194.235092
v 70.431747 164.472504 194.220047
v 55.795475 162.223007 180.941666
v 60.333942 169.878998 184.296265
v 59.285217 162.223007 177.716263
v 62.272690 169.878998 182.504379
v 60.991955 162.223007 186.564026
v 63.678806 169.878998 187.915253
v 64.481697 162.223007 183.338623
v 65.617546 169.878998 186.123367
v 64.273140 173.575012 183.890869
v 61.558895 173.575012 186.399521
v 65.348274 173.150574 185.054108
v 62.634029 173.150574 187.562759
v 66.135323 171.990997 185.905670
v 63.421082 171.990997 188.414322
v 66.423409 170.406998 186.217361
v 63.709164 170.406998 188.726013
v 66.135323 168.822998 185.905670
v 63.421082 168.822998 188.414322
v 65.348274 167.663437 185.054123
v 62.634029 167.663437 187.562759
v 64.273140 167.238998 183.890869
v 61.558895 167.238998 186.399521
v 63.198006 167.663437 182.727631
v 60.483761 167.663437 185.236267
v 62.410954 168.822998 181.876068
v 59.696709 168.822998 184.384720
v 62.122868 170.406998 181.564377
v 59.408627 170.406998 184.073029
v 62.410950 171.990997 181.876068
v 59.696709 171.990997 184.384705
v 63.198002 173.150574 182.727615
v 60.483761 173.150574 185.236267
v 60.717827 170.526947 184.119308
v 62.066101 170.526947 182.873169
v 61.775261 170.997894 185.263412
v 43.286514 224.369934 165.259399
v 63.123535 170.997894 184.017258
v 44.634792 224.369934 164.013260
v 62.360760 171.311859 185.896896
v 63.709034 171.311859 184.650742
v 45.486794 224.882477 164.935089
v 63.418194 171.782806 187.040985
v 64.766472 171.782806 185.794846
v 46.677479 225.452728 166.223358
v 45.103043 228.673553 164.238754
v 43.474495 228.673553 165.743942
v 46.178177 228.249115 165.401993
v 44.549629 228.249115 166.907181
v 46.965225 227.089539 166.253540
v 45.336681 227.089539 167.758728
v 47.253311 225.505554 166.565247
v 45.624763 225.505554 168.070435
v 46.965225 223.921555 166.253540
v 45.336681 223.921555 167.758728
v 46.178177 222.761978 165.401993
v 44.549629 222.761978 166.907181
v 45.103043 222.337555 164.238754
v 43.474495 222.337555 165.743942
v 44.027908 222.761978 163.075500
v 42.399361 222.761978 164.580688
v 43.240852 223.921555 162.223938
v 41.612309 223.921555 163.729126
v 42.952774 225.505539 161.912262
v 41.324226 225.505539 163.417450
v 43.240852 227.089539 162.223938
v 41.612309 227.089539 163.729126
v 44.027905 228.249115 163.075500
v 42.399361 228.249115 164.580688
v 46.467922 227.353546 162.977264
v 42.109619 227.353546 167.005432
v 47.095081 227.105957 163.655823
v 42.736786 227.105957 167.683990
v 47.554192 226.429550 164.152557
v 43.195892 226.429550 168.180725
v 47.722240 225.505554 164.334381
v 43.363941 225.505554 168.362549
v 47.554195 224.581543 164.152557
v 43.195892 224.581543 168.180725
v 47.095081 223.905121 163.655823
v 42.736782 223.905121 167.683990
v 46.467918 223.657547 162.977264
v 42.109619 223.657547 167.005432
v 45.840755 223.905121 162.298691
v 41.482456 223.905121 166.326859
v 45.381645 224.581543 161.801956
v 41.023346 224.581543 165.830124
v 45.213593 225.505539 161.620132
v 40.855293 225.505539 165.648300
v 45.381645 226.429535 161.801956
v 41.023346 226.429535 165.830124
v 45.840755 227.105957 162.298691
v 41.482456 227.105957 166.326859
v 42.491955 227.225433 167.122391
v 69.605392 256.210297 196.457901
v 43.499336 227.225433 166.191315
v 70.612770 256.210297 195.526825
v 43.448738 225.242538 168.157593
v 70.562172 254.227417 197.493103
v 44.456123 225.242538 167.226517
v 71.569557 254.227417 196.562027
v 73.617310 254.227417 194.669388
v 46.503876 225.242538 165.333878
v 74.624687 254.227417 193.738312
v 47.511261 225.242538 164.402802
v 72.660522 256.210297 193.634186
v 45.547089 227.225433 164.298676
v 73.667908 256.210297 192.703125
v 46.554474 227.225433 163.367599
v 74.092392 257.043274 192.865692
v 69.734093 257.043274 196.893860
v 74.719559 256.795715 193.544250
v 70.361259 256.795715 197.572418
v 75.178665 256.119293 194.040985
v 70.820366 256.119293 198.069153
v 75.346710 255.195282 194.222809
v 70.988411 255.195282 198.250977
v 75.178665 254.271301 194.040985
v 70.820366 254.271301 198.069153
v 74.719559 253.594879 193.544250
v 70.361252 253.594879 197.572418
v 74.092392 253.347290 192.865692
v 69.734093 253.347290 196.893860
v 73.465233 253.594879 192.187134
v 69.106934 253.594879 196.215302
v 73.006119 254.271301 191.690384
v 68.647820 254.271301 195.718552
v 72.838066 255.195282 191.508575
v 68.479767 255.195282 195.536743
v 73.006119 256.119293 191.690384
v 68.647820 256.119293 195.718552
v 73.465233 256.795715 192.187134
v 69.106934 256.795715 196.215302
v 82.346115 250.086136 197.324249
v 78.951317 267.582825 196.260849
v 83.545990 250.485016 199.295639
v 79.797119 267.864014 197.650497
v 83.892105 250.823166 201.587128
v 80.041107 268.102356 199.265793
v 83.331787 251.049103 203.849899
v 79.646133 268.261627 200.860840
v 81.950317 251.128448 205.739441
v 78.672318 268.317566 202.192795
v 79.958031 251.049103 206.968109
v 77.267937 268.261627 203.058884
v 77.658218 250.823166 207.348816
v 75.646774 268.102356 203.327255
v 75.401016 250.485016 206.823639
v 74.055656 267.864014 202.957047
v 73.530060 250.086136 205.472519
v 72.736801 267.582825 202.004639
v 72.330185 249.687256 203.501144
v 71.891006 267.301666 200.614990
v 71.984055 249.349121 201.209641
v 71.647011 267.063293 198.999695
v 72.544380 249.123169 198.946869
v 72.041992 266.904022 197.404648
v 73.925850 249.043823 197.057327
v 73.015800 266.848083 196.072693
v 75.918137 249.123169 195.828659
v 74.420181 266.904022 195.206604
v 78.217949 249.349121 195.447952
v 76.041336 267.063293 194.938232
v 80.475159 249.687256 195.973129
v 77.632462 267.301666 195.308426
v 82.197136 251.046753 199.687683
v 81.269165 250.738281 198.163040
v 82.464828 251.308289 201.459915
v 82.031479 251.483032 203.209915
v 80.963058 251.544388 204.671265
v 79.422241 251.483032 205.621506
v 77.643585 251.308289 205.915955
v 75.897881 251.046753 205.509781
v 74.450897 250.738281 204.464828
v 73.522934 250.429794 202.940186
v 73.255234 250.168274 201.167953
v 73.688583 249.993515 199.417953
v 74.756996 249.932159 197.956589
v 76.297821 249.993515 197.006363
v 78.076477 250.168274 196.711914
v 79.822189 250.429794 197.118088
v 78.213463 252.950165 199.667496
v 78.678062 253.049210 200.003006
v 77.652954 252.866180 199.537079
v 77.081863 252.810089 199.631622
v 76.587143 252.790375 199.936722
v 76.244095 252.810089 200.405930
v 76.104950 252.866180 200.967819
v 76.190903 252.950165 201.536850
v 76.488861 253.049210 202.026382
v 76.953453 253.148254 202.361893
v 77.513962 253.232239 202.492310
v 78.085045 253.288330 202.397766
v 78.579773 253.308044 202.092667
v 78.922821 253.288330 201.623444
v 79.061966 253.232239 201.061569
v 78.976013 253.148254 200.492538
v 78.616432 251.126083 199.497406
v 79.219818 251.254715 199.933136
v 77.888474 251.017029 199.328033
v 77.146790 250.944153 199.450821
v 76.504265 250.918564 199.847061
v 76.058746 250.944153 200.456451
v 75.878036 251.017029 201.186188
v 75.989670 251.126083 201.925201
v 76.376625 251.254715 202.560974
v 76.980011 251.383347 202.996704
v 77.707962 251.492401 203.166077
v 78.449654 251.565277 203.043304
v 79.092171 251.590881 202.647064
v 79.537697 251.565277 202.037674
v 79.718399 251.492401 201.307922
v 79.606781 251.383347 200.568924
v 79.074303 249.407623 199.165054
v 79.867241 249.576691 199.737671
v 78.117661 249.264313 198.942459
v 77.142967 249.168579 199.103821
v 76.298607 249.134933 199.624542
v 75.713120 249.168579 200.425354
v 75.475647 249.264313 201.384354
v 75.622345 249.407623 202.355530
v 76.130867 249.576691 203.191025
v 76.923798 249.745728 203.763641
v 77.880440 249.889038 203.986237
v 78.855133 249.984802 203.824875
v 79.699493 250.018433 203.304153
v 80.284981 249.984802 202.503326
v 80.522453 249.889038 201.544342
v 80.375755 249.745728 200.573166
v 81.947250 243.816116 199.198364
v 78.895378 243.271240 197.811234
v 77.195175 243.104218 198.092697
v 74.701019 243.104218 200.397919
v 74.286781 243.271240 202.070740
v 75.429718 243.816116 205.222198
v 76.812866 244.111008 206.221054
v 80.181778 244.528015 206.327866
v 81.654648 244.586685 205.419540
v 82.675934 244.528015 204.022629
v 82.834290 244.111008 200.655746
v 91.818336 244.992325 198.768677
v 90.866882 244.538727 196.145172
v 90.418777 245.513504 197.662659
v 89.578812 244.110535 194.028885
v 87.688919 243.619583 191.984116
v 87.887032 244.671875 193.503036
v 92.058075 245.702484 204.031464
v 92.189903 245.355316 201.228622
v 91.149094 246.226990 202.497726
v 90.261536 246.132919 209.016052
v 91.456573 245.945038 206.460571
v 89.966820 246.703735 207.272186
v 86.702194 246.218109 212.963516
v 88.778519 246.218094 211.044495
v 87.051910 246.871155 211.259140
v 81.921959 245.945038 215.272964
v 84.563454 246.132919 214.282501
v 82.848167 246.703735 213.851624
v 76.648560 245.355316 215.592758
v 79.453087 245.702484 215.681671
v 77.995552 246.226990 214.654938
v 71.684837 244.538727 213.874237
v 74.225433 244.992325 215.028976
v 73.232841 245.513504 213.546799
v 67.786453 243.619583 210.379028
v 69.676346 244.110535 212.423798
v 69.285110 244.671875 210.695923
v 65.546928 242.737793 205.639236
v 66.498383 243.191391 208.262741
v 66.753372 243.830246 206.536316
v 65.307175 242.027618 200.376434
v 65.175354 242.374786 203.179276
v 66.023041 243.116730 201.701233
v 67.103722 241.597198 195.391861
v 65.908691 241.785065 197.947327
v 67.205322 242.639999 196.926773
v 70.663063 241.512024 191.444382
v 68.586746 241.512024 193.363419
v 70.120224 242.472595 192.939819
v 75.443298 241.785065 189.134933
v 72.801811 241.597198 190.125397
v 74.323975 242.639999 190.347336
v 80.716705 242.374786 188.815140
v 77.912178 242.027618 188.726227
v 79.176590 243.116730 189.544022
v 85.680443 243.191376 190.533661
v 83.139839 242.737793 189.378922
v 83.939316 243.830246 190.652161
v 90.581833 244.224091 196.302948
v 91.533279 244.677689 198.926453
v 90.144913 245.219849 197.812744
v 87.472336 243.327698 192.254379
v 89.362221 243.818665 194.299149
v 87.678726 244.400009 193.760834
v 91.885101 245.021393 201.255646
v 91.753281 245.368561 204.058487
v 90.856316 245.914871 202.522614
v 91.183739 245.598236 206.358490
v 89.988701 245.786102 208.913956
v 89.704659 246.379272 207.173447
v 88.584503 245.866745 210.834579
v 86.508186 245.866745 212.753616
v 86.865227 246.542328 211.057159
v 84.483124 245.786102 214.002487
v 81.841629 245.598236 214.992950
v 82.770340 246.379272 213.582504
v 79.503990 245.368561 215.379929
v 76.699463 245.021393 215.291031
v 78.043373 245.914871 214.365021
v 74.405121 244.677689 214.757202
v 71.864532 244.224091 213.602478
v 73.403992 245.219849 213.285583
v 69.962799 243.818665 212.229126
v 68.072906 243.327698 210.184357
v 69.558487 244.400009 210.508514
v 66.853302 242.922272 208.180557
v 65.901840 242.468658 205.557053
v 67.092308 243.580170 206.456619
v 65.550018 242.124969 203.227844
v 65.681847 241.777802 200.425003
v 66.380890 242.885147 201.746735
v 66.251389 241.548126 198.125000
v 67.446426 241.360260 195.569550
v 67.532555 242.420746 197.095917
v 68.850616 241.279602 193.648911
v 70.926933 241.279602 191.729874
v 70.371979 242.257660 193.212204
v 72.951996 241.360260 190.481003
v 75.593491 241.548126 189.490540
v 74.466881 242.420746 190.686844
v 77.931145 241.777802 189.103561
v 80.735672 242.124969 189.192459
v 79.193840 242.885147 189.904343
v 83.029999 242.468658 189.726288
v 85.570602 242.922272 190.881027
v 83.833229 243.580170 190.983780
v 74.988136 254.259079 196.261917
v 74.831963 256.889038 196.092941
v 73.049393 254.259079 198.053802
v 72.893219 256.889038 197.884842
v 73.045799 254.028992 194.160385
v 72.889626 256.658936 193.991425
v 71.107056 254.028992 195.952286
v 70.950882 256.658936 195.783310
v 60.451324 170.328369 183.830963
v 42.095833 223.799698 163.971146
v 43.444107 223.799698 162.724991
v 61.799599 170.328369 182.584824
v 62.990284 170.898605 183.873093
v 61.642010 170.898605 185.119232
v 62.494011 171.411148 186.041061
v 44.138515 224.882477 166.181229
v 63.842285 171.411148 184.794922
v 65.032974 171.981384 186.083191
v 45.329201 225.452728 167.469498
v 63.684700 171.981384 187.329330
v 91.533287 244.677689 198.926453
v 87.472336 243.327698 192.254379
v 89.362228 243.818665 194.299149
v 91.885094 245.021393 201.255646
v 91.753273 245.368561 204.058487
v 89.988701 245.786102 208.913956
v 88.584496 245.866745 210.834564
v 86.508179 245.866745 212.753601
v 84.483124 245.786102 214.002487
v 81.841629 245.598236 214.992950
v 76.699463 245.021393 215.291046
v 71.864532 244.224091 213.602478
v 69.962799 243.818665 212.229126
v 68.072906 243.327698 210.184341
v 66.853302 242.922272 208.180557
v 65.901840 242.468658 205.557037
v 65.550018 242.124969 203.227844
v 65.681847 241.777802 200.425003
v 66.251389 241.548126 198.125000
v 67.446419 241.360260 195.569534
v 68.850616 241.279602 193.648911
v 70.926933 241.279602 191.729874
v 72.951996 241.360260 190.481003
v 75.593498 241.548126 189.490540
v 77.931145 241.777802 189.103561
v 80.735672 242.124969 189.192459
v 83.029999 242.468658 189.726288
v 76.707436 267.119202 198.446091
v 76.927345 267.192291 198.807388
v 76.990784 267.254272 199.227371
v 76.888092 267.295685 199.642090
v 76.634895 267.310211 199.988388
v 76.269760 267.295685 200.213577
v 75.848259 267.254272 200.283356
v 75.434563 267.192291 200.187103
v 75.091660 267.119202 199.939468
v 74.871750 267.046082 199.578156
v 74.808311 266.984100 199.158188
v 74.911011 266.942688 198.743469
v 75.164200 266.928162 198.397171
v 75.529343 266.942688 198.171982
v 75.950836 266.984100 198.102203
v 76.364532 267.046082 198.198456
v 75.931526 270.071136 197.962875
v 75.582184 270.018799 197.881592
v 76.221100 270.132874 198.171997
v 76.406799 270.194580 198.477097
v 76.460373 270.246948 198.831757
v 76.373650 270.281921 199.181961
v 76.159836 270.294189 199.474396
v 75.851494 270.281921 199.664566
v 75.495560 270.246948 199.723480
v 75.146210 270.194580 199.642197
v 74.856644 270.132874 199.433090
v 74.670937 270.071136 199.127975
v 74.617371 270.018799 198.773331
v 74.704086 269.983826 198.423126
v 74.917900 269.971527 198.130676
v 75.226242 269.983826 197.940521
v 78.972763 254.309875 197.462814
v 80.130341 254.556656 198.298767
v 77.576195 254.100647 197.137878
v 76.153267 253.960846 197.373428
v 74.920609 253.911774 198.133606
v 74.065872 253.960846 199.302704
v 73.719200 254.100647 200.702713
v 73.933357 254.309875 202.120499
v 74.675728 254.556656 203.340210
v 75.833313 254.803452 204.176163
v 77.229874 255.012665 204.501099
v 78.652802 255.152466 204.265549
v 79.885452 255.201569 203.505356
v 80.740196 255.152466 202.336273
v 81.086868 255.012665 200.936264
v 80.872726 254.803452 199.518478
v 82.031479 251.483032 203.209915
v 79.422241 251.483032 205.621521
v 74.757004 249.932159 197.956589
v 75.833313 254.803452 204.176163
v 80.872719 254.803452 199.518478
v 76.982742 249.191986 204.114578
v 76.874115 249.139191 204.111206
v 76.953926 249.183380 204.110458
v 77.488670 249.277588 204.226410
v 77.943024 249.285675 204.368103
v 78.205223 248.610352 198.733917
v 77.996597 248.640991 198.783432
v 77.118217 248.482147 198.907593
v 77.357086 248.595047 198.894257
v 77.388718 248.598877 198.889221
v 77.943184 249.285736 204.368042
v 78.419876 249.378571 204.259521
v 78.854889 249.394028 204.205063
v 79.039764 249.371140 204.200867
v 76.758949 248.568512 199.160233
v 76.177742 248.464691 199.493774
v 79.602890 249.459106 203.801895
v 79.251152 249.431549 204.029510
v 79.984131 249.416809 203.612122
v 79.984146 249.416809 203.612122
v 75.799538 248.568512 200.046982
v 76.177734 248.464691 199.493774
v 75.519455 248.482147 200.385269
v 80.203278 249.459106 203.246994
v 80.645309 249.371124 202.716949
v 80.457840 249.431549 202.914230
v 75.479904 248.598877 200.653366
v 75.487373 248.595062 200.622360
v 75.260872 248.610352 201.455246
v 75.326630 248.640991 201.251175
v 80.664017 249.394012 202.532990
v 80.752502 249.378555 202.103607
v 80.898155 249.285721 201.636917
v 80.898224 249.285675 201.636749
v 75.344826 248.728165 201.890732
v 75.418427 248.750961 202.543015
v 75.416824 248.757675 202.504654
v 80.792702 249.277588 201.172668
v 80.726166 249.139160 200.550964
v 80.719139 249.183380 200.630508
v 80.720978 249.191986 200.659515
v 75.744331 248.908676 203.034683
v 75.983360 248.924362 203.483978
v 79.741760 248.908661 199.340042
v 80.170898 248.924347 199.613647
v 79.277245 248.750946 198.976501
v 80.474289 249.129181 200.198120
v 80.200287 248.964050 199.686707
v 76.053879 248.964081 203.519028
v 76.542175 249.129211 203.832382
v 78.632751 248.728149 198.851837
v 79.239113 248.757660 198.971893
v 76.799728 244.182312 206.221970
v 76.919746 244.127014 206.245926
v 82.850693 244.127029 200.764343
v 82.808151 244.067230 200.672791
v 78.892960 243.292328 197.805099
v 77.191956 243.122375 198.087555
v 77.222046 243.106842 198.088257
v 78.873413 243.269073 197.814865
v 80.177979 244.586426 206.328796
v 80.158264 244.525711 206.331757
v 77.183167 243.103729 198.100113
v 80.235115 244.530151 206.294968
v 81.654236 244.615845 205.419098
v 81.654228 244.615814 205.419098
v 81.622604 244.585419 205.439301
v 74.709335 243.103729 200.386551
v 74.696167 243.122345 200.394318
v 81.676880 244.585419 205.389130
v 82.638924 244.530151 204.073257
v 82.677177 244.586487 204.018921
v 74.694489 243.106842 200.424316
v 74.280861 243.292267 202.067856
v 74.292122 243.269089 202.049179
v 82.681671 244.525711 203.999481
v 74.291611 243.275970 202.102722
v 82.836227 244.182373 200.642715
v 75.403076 243.929337 205.219650
v 75.390022 243.802917 205.156982
v 81.946793 243.929443 199.171570
v 81.885292 243.802917 199.153610
v 82.798096 244.098969 200.596283
v 82.009766 243.836899 199.301071
v 75.527100 243.836884 205.292526
v 76.756485 244.098984 206.180344
v 78.926949 243.275970 197.818573
v 75.456955 243.777649 205.206268
v 81.929199 243.777603 199.224289
v 76.831902 244.067261 206.196365
v 78.896439 243.259613 197.823135
v 77.198334 243.097153 198.099762
v 80.179848 244.513489 206.319946
v 81.651764 244.578766 205.416412
v 81.651756 244.578781 205.416428
v 74.707809 243.097168 200.401611
v 82.668198 244.513489 204.020081
v 74.298538 243.259644 202.072723
vn 0.7391 0.0037 -0.6736
vn 0.9421 0.2252 -0.2485
vn 0.9540 0.1840 -0.2367
vn 0.5755 0.5302 0.6226
vn 0.7917 0.5922 0.1499
vn 0.4995 0.6771 0.5404
vn -0.6334 -0.3592 -0.6854
vn -0.8952 -0.3753 -0.2404
vn -0.6124 -0.4311 -0.6626
vn 0.9121 0.3151 0.2623
vn 0.6074 0.4462 0.6572
vn 0.6327 0.3619 0.6846
vn -0.9537 -0.1814 0.2400
vn -0.7332 0.0013 0.6800
vn -0.9433 -0.2208 0.2477
vn -0.1833 -0.3116 -0.9324
vn 0.3211 -0.2208 -0.9209
vn 0.3143 -0.1814 -0.9318
vn -0.3110 0.1840 0.9324
vn 0.1677 0.3875 0.9065
vn -0.3218 0.2252 0.9196
vn -0.0001 0.7077 0.7065
vn -0.4725 0.4728 0.7438
vn -0.4118 0.4190 0.8092
vn 0.3253 -0.2636 -0.9081
vn -0.0962 -0.5619 -0.8216
vn 0.3600 -0.3402 -0.8687
vn -0.7292 0.0020 0.6843
vn -0.8943 -0.3402 0.2906
vn -0.9309 -0.2636 0.2529
vn 0.1499 0.4628 0.8737
vn -0.3606 0.3478 0.8654
vn -0.3264 0.2711 0.9055
vn 0.9284 0.2711 -0.2542
vn 0.7442 0.0044 -0.6680
vn 0.8911 0.3478 -0.2914
vn -0.8711 -0.4371 -0.2238
vn -0.5209 -0.6411 -0.5636
vn -0.5883 -0.4988 -0.6365
vn 0.1258 0.9827 0.1361
vn 0.2975 0.8716 -0.3897
vn -0.0663 0.9952 -0.0718
vn 0.8391 0.4190 -0.3469
vn 0.7430 0.0102 -0.6692
vn 0.7786 0.4728 -0.4126
vn -0.7276 -0.6819 -0.0746
vn -0.3162 -0.8848 -0.3421
vn -0.4272 -0.7771 -0.4622
vn 0.3997 0.8082 0.4325
vn 0.5998 0.7981 -0.0570
vn 0.2802 0.9108 0.3032
vn 0.4067 -0.4121 -0.8154
vn 0.0820 -0.7750 -0.6266
vn 0.4679 -0.4666 -0.7506
vn -0.7281 0.0054 0.6854
vn -0.7851 -0.4666 0.4074
vn -0.8448 -0.4121 0.3413
vn 0.7293 0.0146 -0.6840
vn 0.4013 0.3948 -0.8264
vn 0.4946 0.4753 -0.7277
vn 0.5520 -0.5041 -0.6643
vn 0.4084 -0.8644 -0.2932
vn 0.6605 -0.5065 -0.5543
vn -0.7286 0.0132 0.6848
vn -0.6045 -0.5065 0.6149
vn -0.7056 -0.5041 0.4980
vn -0.2418 0.8608 0.4479
vn -0.6601 0.5142 0.5477
vn -0.5567 0.5092 0.6563
vn 0.6981 0.5092 -0.5034
vn 0.7358 0.0201 -0.6769
vn 0.5979 0.5142 -0.6150
vn -0.4986 -0.8473 0.1832
vn 0.0470 -0.9976 0.0509
vn -0.1611 -0.9714 -0.1743
vn 0.8559 -0.4725 0.2101
vn 0.9572 -0.1939 -0.2150
vn 0.9219 -0.2872 -0.2600
vn 0.2668 -0.9195 0.2887
vn 0.0268 -0.6494 0.7600
vn 0.4516 -0.7466 0.4886
vn 0.1277 0.8080 -0.5752
vn -0.4306 0.7730 -0.4659
vn -0.2602 0.9236 -0.2815
vn 0.5968 -0.7975 -0.0884
vn 0.8581 -0.3863 -0.3382
vn 0.7666 -0.4684 -0.4392
vn -0.4981 -0.4684 0.7297
vn -0.7465 0.0106 0.6653
vn -0.4046 -0.3863 0.8289
vn -0.7643 0.4753 0.4358
vn -0.7326 0.6757 -0.0820
vn -0.8554 0.3948 0.3351
vn 0.6616 -0.2236 0.7158
vn 0.2174 -0.1503 0.9644
vn 0.6686 -0.1723 0.7234
vn -0.3317 -0.2872 0.8986
vn -0.7454 -0.0026 0.6666
vn -0.2896 -0.1939 0.9373
vn -0.9198 0.2936 0.2604
vn -0.8994 0.3409 -0.2734
vn -0.9563 0.1987 0.2143
vn 0.7236 0.0019 -0.6902
vn 0.2888 0.1987 -0.9365
vn 0.3319 0.2936 -0.8965
vn 0.5718 -0.5388 0.6187
vn 0.2046 -0.3116 0.9279
vn 0.6350 -0.3533 0.6870
vn -0.1358 0.5021 -0.8541
vn -0.6250 0.3901 -0.6762
vn -0.5554 0.5748 -0.6009
vn -0.7343 0.0002 0.6788
vn -0.3007 -0.0875 0.9497
vn -0.2996 -0.0799 0.9507
vn -0.2245 0.2178 -0.9498
vn -0.6669 0.1860 -0.7216
vn -0.6572 0.2497 -0.7111
vn 0.9335 -0.1972 0.2995
vn 0.9720 -0.0890 -0.2177
vn 0.9716 -0.1211 -0.2034
vn -0.2792 -0.1211 0.9526
vn -0.7356 0.0007 0.6774
vn -0.2934 -0.0890 0.9518
vn -0.9707 0.1274 0.2039
vn -0.9423 0.1611 -0.2934
vn -0.9717 0.0929 0.2172
vn 0.7312 -0.0000 -0.6822
vn 0.2929 0.0929 -0.9516
vn 0.2796 0.1274 -0.9516
vn -0.6640 0.2076 -0.7184
vn -0.2011 0.2185 -0.9549
vn -0.6568 0.2524 -0.7106
vn -0.9469 0.1406 -0.2891
vn -0.9702 0.0874 0.2260
vn -0.9712 0.0809 0.2241
vn 0.2998 0.0809 -0.9506
vn 0.7355 -0.0005 -0.6776
vn 0.3016 0.0874 -0.9494
vn 0.2139 -0.1377 0.9671
vn 0.6684 -0.1742 0.7231
vn 0.6701 -0.1588 0.7251
vn -0.6697 0.1626 -0.7246
vn -0.2113 0.1514 -0.9656
vn -0.6683 0.1749 -0.7230
vn 0.9713 -0.0799 -0.2240
vn 0.9456 -0.1511 0.2882
vn 0.9704 -0.0875 -0.2251
vn -0.9600 0.1499 0.2364
vn -0.9170 0.3071 -0.2546
vn -0.9534 0.1778 0.2438
vn 0.9683 -0.1041 -0.2270
vn 0.9352 -0.2187 0.2785
vn 0.9648 -0.1267 -0.2304
vn -0.7329 -0.0007 0.6804
vn -0.3055 -0.1267 0.9437
vn -0.3024 -0.1040 0.9475
vn -0.9423 0.1797 -0.2825
vn -0.9645 0.1262 0.2320
vn -0.9681 0.1038 0.2282
vn 0.3036 0.1038 -0.9471
vn 0.7364 -0.0010 -0.6766
vn 0.3071 0.1262 -0.9433
vn 0.2098 -0.1797 0.9611
vn 0.6568 -0.2521 0.7107
vn 0.6640 -0.2072 0.7184
vn -0.1703 0.3534 -0.9198
vn -0.6069 0.4478 -0.6566
vn -0.6197 0.4078 -0.6705
vn 0.7361 -0.0008 -0.6769
vn 0.3180 0.1778 -0.9313
vn 0.3111 0.1499 -0.9385
vn 0.6476 -0.2994 0.7007
vn 0.1857 -0.3084 0.9329
vn 0.6344 -0.3555 0.6864
vn -0.1938 0.2591 -0.9462
vn -0.6346 0.3547 -0.6866
vn -0.6476 0.2992 -0.7007
vn 0.9272 -0.2597 0.2700
vn 0.9538 -0.1785 -0.2416
vn 0.9603 -0.1503 -0.2351
vn -0.3098 -0.1503 0.9388
vn -0.7316 -0.0013 0.6817
vn -0.3158 -0.1785 0.9319
vn -0.9293 0.2565 0.2658
vn -0.8399 0.5133 -0.1761
vn -0.9089 0.3019 0.2876
vn 0.9024 -0.3554 0.2439
vn 0.9396 -0.2277 -0.2555
vn 0.9462 -0.2057 -0.2496
vn -0.3232 -0.2057 0.9237
vn -0.7325 -0.0009 0.6808
vn -0.3286 -0.2277 0.9166
vn -0.9461 0.2049 0.2507
vn -0.8920 0.3885 -0.2310
vn -0.9398 0.2261 0.2564
vn 0.7360 -0.0008 -0.6770
vn 0.3294 0.2261 -0.9167
vn 0.3243 0.2049 -0.9235
vn 0.6192 -0.4097 0.6699
vn 0.1614 -0.3934 0.9051
vn 0.6050 -0.4534 0.6546
vn -0.0666 0.5921 -0.8031
vn -0.4296 0.7738 -0.4655
vn -0.4956 0.6831 -0.5365
vn 0.7376 -0.0016 -0.6752
vn 0.3576 0.3010 -0.8840
vn 0.3380 0.2564 -0.9055
vn 0.5816 -0.5157 0.6292
vn 0.1092 -0.5279 0.8423
vn 0.5391 -0.6075 0.5833
vn -0.1437 0.4377 -0.8876
vn -0.5479 0.5902 -0.5928
vn -0.5863 0.5037 -0.6344
vn 0.8683 -0.4479 0.2130
vn 0.9078 -0.3065 -0.2864
vn 0.9287 -0.2596 -0.2648
vn -0.3370 -0.2596 0.9050
vn -0.7291 -0.0024 0.6844
vn -0.3563 -0.3057 0.8829
vn -0.7911 0.4494 0.4151
vn -0.5701 0.8128 0.1196
vn -0.7360 0.4797 0.4777
vn 0.7818 -0.6115 0.1218
vn 0.8381 -0.4086 -0.3614
vn 0.8781 -0.3575 -0.3181
vn -0.3813 -0.3519 0.8548
vn -0.7189 0.0041 0.6951
vn -0.4080 -0.3928 0.8241
vn -0.8803 0.3526 0.3175
vn -0.7319 0.6787 -0.0607
vn -0.8399 0.4043 0.3620
vn 0.7355 -0.0068 -0.6775
vn 0.4077 0.3865 -0.8273
vn 0.3807 0.3464 -0.8574
vn 0.4840 -0.7012 0.5236
vn 0.0089 -0.6839 0.7296
vn 0.4159 -0.7905 0.4497
vn -0.1482 0.9759 -0.1600
vn 0.2933 0.8586 -0.4204
vn -0.0569 0.9966 -0.0593
vn 0.7183 -0.0182 -0.6955
vn 0.4844 0.4589 -0.7449
vn 0.4389 0.4256 -0.7914
vn -0.0566 -0.7505 0.6584
vn 0.2423 -0.9341 0.2623
vn 0.3361 -0.8687 0.3638
vn -0.3487 0.8577 -0.3778
vn 0.1352 0.7973 -0.5882
vn -0.2511 0.9290 -0.2719
vn 0.6458 -0.7631 -0.0249
vn 0.7365 -0.4833 -0.4733
vn 0.7899 -0.4525 -0.4140
vn -0.4407 -0.4312 0.7873
vn -0.7028 0.0020 0.7114
vn -0.4840 -0.4645 0.7416
vn 0.6589 -0.0103 -0.7522
vn 0.5855 0.4962 -0.6411
vn 0.5825 0.4980 -0.6423
vn 0.4716 -0.8540 -0.2195
vn 0.6153 -0.5087 -0.6022
vn 0.6772 -0.5009 -0.5390
vn -0.5295 -0.4857 0.6955
vn -0.6799 -0.0007 0.7333
vn -0.5616 -0.4975 0.6611
vn -0.6776 0.4979 0.5413
vn -0.3887 0.8657 0.3156
vn -0.6158 0.5053 0.6045
vn 0.7000 -0.0160 -0.7140
vn 0.5624 0.4928 -0.6640
vn 0.5294 0.4814 -0.6986
vn -0.2204 -0.8453 0.4867
vn 0.0535 -0.9971 0.0544
vn 0.1435 -0.9776 0.1542
vn 0.1735 -0.8511 -0.4956
vn 0.3726 -0.4697 -0.8004
vn 0.4308 -0.4890 -0.7585
vn -0.3473 -0.8687 0.3532
vn -0.0867 -0.9934 -0.0748
vn -0.0229 -0.9995 -0.0235
vn 0.0217 0.9995 0.0210
vn 0.3902 0.8594 -0.3304
vn 0.0879 0.9935 0.0730
vn 0.3058 -0.8677 -0.3918
vn 0.4954 -0.4992 -0.7109
vn 0.5555 -0.5078 -0.6585
vn -0.5821 -0.5007 0.6407
vn -0.6240 -0.0044 0.7814
vn -0.5847 -0.4995 0.6392
vn -0.5553 0.5061 0.6599
vn -0.2343 0.8603 0.4528
vn -0.4948 0.4975 0.7125
vn 0.0092 -0.9985 -0.0535
vn 0.0408 -0.8971 0.4399
vn 0.1771 -0.9831 -0.0457
vn -0.5660 -0.4944 0.6597
vn -0.4942 -0.0185 0.8691
vn -0.4785 -0.5120 0.7134
vn -0.4315 0.4898 0.7576
vn -0.1527 0.8544 0.4966
vn -0.3768 0.4754 0.7950
vn 0.5723 0.0022 -0.8200
vn 0.4688 0.5139 -0.7184
vn 0.5621 0.4938 -0.6635
vn -0.1334 -0.9863 -0.0974
vn -0.3337 -0.8677 0.3684
vn -0.1014 -0.9921 -0.0738
vn 0.4037 0.8532 -0.3303
vn 0.1049 0.9920 0.0696
vn 0.1345 0.9863 0.0953
vn 0.0862 -0.5431 0.8352
vn -0.0229 -0.0586 0.9980
vn 0.2432 -0.4907 0.8367
vn 0.1825 0.8910 -0.4158
vn -0.1523 0.9872 0.0465
vn -0.0011 0.9987 0.0517
vn 0.1962 -0.8252 -0.5297
vn 0.2740 -0.3978 -0.8756
vn 0.3221 -0.4289 -0.8440
vn -0.3182 -0.5557 0.7681
vn -0.2403 -0.0960 0.9659
vn -0.1148 -0.5763 0.8091
vn -0.3299 0.4343 0.8382
vn -0.2532 0.8143 0.5223
vn -0.2894 0.4033 0.8681
vn 0.3628 0.0824 -0.9282
vn 0.1127 0.5790 -0.8075
vn 0.3121 0.5571 -0.7696
vn -0.5761 0.7075 -0.4094
vn -0.7348 0.6608 0.1533
vn -0.6146 0.7831 0.0952
vn -0.2629 0.3952 0.8801
vn -0.4260 0.7304 0.5339
vn -0.2613 0.3824 0.8863
vn 0.0797 0.0938 -0.9924
vn -0.2557 0.4896 -0.8336
vn -0.0893 0.5449 -0.8337
vn 0.3572 -0.9334 -0.0355
vn 0.4415 -0.7770 0.4487
vn 0.5163 -0.8545 -0.0580
vn -0.2341 0.8561 -0.4608
vn -0.4828 0.8743 0.0500
vn -0.3249 0.9452 0.0339
vn 0.3495 -0.7658 -0.5399
vn 0.2487 -0.3823 -0.8899
vn 0.2451 -0.3952 -0.8853
vn -0.6376 0.4187 0.6466
vn -0.2990 0.1211 0.9465
vn -0.2885 0.1914 0.9381
vn 0.2620 -0.3265 -0.9081
vn 0.5971 -0.4888 -0.6360
vn 0.2777 -0.2411 -0.9299
vn 0.3639 -0.4495 0.8158
vn 0.0980 -0.0765 0.9922
vn 0.4635 -0.3984 0.7915
vn -0.4985 0.6504 0.5731
vn -0.2698 0.2661 0.9254
vn -0.2593 0.3377 0.9049
vn -0.0793 0.0642 -0.9948
vn -0.4859 0.3874 -0.7835
vn -0.3823 0.4428 -0.8110
vn 0.6424 -0.7591 -0.1054
vn 0.7097 -0.6016 0.3667
vn 0.7591 -0.6291 -0.1676
vn -0.8874 0.4240 0.1808
vn -0.7796 0.5321 -0.3301
vn -0.8777 0.4462 0.1749
vn -0.1454 0.0897 -0.9853
vn -0.5563 0.3168 -0.7682
vn -0.5478 0.3303 -0.7686
vn 0.8439 -0.4992 -0.1965
vn 0.8254 -0.4472 0.3446
vn 0.8803 -0.4350 -0.1893
vn -0.8019 0.4962 -0.3328
vn -0.8716 0.4527 0.1880
vn -0.8278 0.5288 0.1874
vn 0.2978 -0.1641 -0.9404
vn 0.6865 -0.3044 -0.6603
vn 0.3053 -0.0996 -0.9470
vn 0.5351 -0.3416 0.7727
vn 0.1383 -0.1195 0.9832
vn 0.5466 -0.3295 0.7698
vn -0.4619 -0.0805 0.8832
vn -0.7964 0.2220 0.5625
vn -0.5182 -0.1034 0.8490
vn 0.7100 -0.2590 -0.6548
vn 0.3925 0.0443 -0.9187
vn 0.3289 -0.0278 -0.9440
vn 0.5256 -0.3698 0.7661
vn 0.0524 -0.2896 0.9557
vn 0.4712 -0.4677 0.7478
vn -0.3219 0.0400 0.9459
vn -0.7267 0.2340 0.6459
vn -0.3831 -0.0363 0.9230
vn -0.1141 0.1943 -0.9743
vn -0.4679 0.4766 -0.7443
vn -0.5276 0.3675 -0.7659
vn 0.8159 -0.4589 0.3517
vn 0.8796 -0.4449 -0.1687
vn 0.8903 -0.4195 -0.1770
vn -0.6813 0.6449 -0.3464
vn -0.8565 0.5021 0.1195
vn -0.8640 0.4910 0.1113
vn -0.3954 0.5597 -0.7283
vn 0.1005 0.4047 -0.9089
vn -0.3428 0.5962 -0.7260
vn 0.7276 -0.5968 0.3382
vn 0.8627 -0.4909 -0.1211
vn 0.8649 -0.4785 -0.1514
vn -0.8645 0.4784 0.1542
vn -0.6973 0.6276 -0.3462
vn -0.8625 0.4907 0.1235
vn 0.7696 -0.2305 -0.5955
vn 0.5190 0.1038 -0.8485
vn 0.4654 0.0828 -0.8812
vn -0.0386 -0.3649 0.9302
vn 0.3424 -0.5945 0.7276
vn 0.3971 -0.5542 0.7315
vn -0.5752 -0.2045 0.7920
vn -0.8109 0.1747 0.5585
vn -0.5947 -0.2447 0.7658
vn 0.5503 0.1354 -0.8239
vn 0.8229 -0.1973 -0.5329
vn 0.5659 0.1671 -0.8073
vn -0.1368 -0.4414 0.8868
vn 0.2887 -0.6700 0.6839
vn 0.3128 -0.6280 0.7126
vn -0.8156 0.2040 0.5415
vn -0.5649 -0.1685 0.8078
vn -0.5499 -0.1362 0.8240
vn -0.3146 0.6267 -0.7130
vn 0.1593 0.4811 -0.8621
vn -0.2910 0.6672 -0.6856
vn 0.8634 -0.4924 -0.1100
vn 0.6580 -0.6781 0.3274
vn 0.8549 -0.5050 -0.1188
vn -0.7784 0.5804 0.2391
vn -0.5006 0.8620 -0.0794
vn -0.7652 0.5862 0.2663
vn 0.1810 0.5329 -0.8266
vn -0.2098 0.7934 -0.5715
vn -0.2631 0.7214 -0.6406
vn 0.6319 -0.7202 0.2863
vn 0.8086 -0.5573 -0.1889
vn 0.8377 -0.5265 -0.1452
vn -0.8390 0.5241 0.1462
vn -0.5890 0.7783 -0.2176
vn -0.8091 0.5552 0.1927
vn 0.8197 -0.1908 -0.5400
vn 0.5973 0.2405 -0.7651
vn 0.5759 0.2021 -0.7922
vn 0.2619 -0.7232 0.6391
vn -0.2180 -0.6005 0.7694
vn 0.2101 -0.7935 0.5712
vn -0.0690 0.9341 -0.3502
vn 0.3786 0.7714 -0.5115
vn -0.0789 0.9352 -0.3453
vn 0.6273 0.2798 -0.7268
vn 0.8245 -0.1613 -0.5423
vn 0.6652 0.3182 -0.6754
vn -0.2745 -0.6584 0.7008
vn 0.0982 -0.9058 0.4121
vn 0.1470 -0.8584 0.4914
vn -0.8113 0.1670 0.5603
vn -0.6642 -0.3208 0.6752
vn -0.6263 -0.2830 0.7264
vn -0.1456 0.8598 -0.4894
vn 0.3288 0.7075 -0.6256
vn -0.0974 0.9076 -0.4084
vn 0.5322 -0.8332 0.1503
vn 0.7628 -0.5901 -0.2645
vn 0.7779 -0.5825 -0.2358
vn 0.9670 0.0210 -0.2537
vn 0.8153 0.5557 -0.1629
vn 0.7919 0.4649 -0.3959
vn 0.7663 -0.5837 -0.2684
vn 0.5124 -0.8546 0.0841
vn 0.8177 -0.5366 -0.2086
vn -0.4869 0.8721 -0.0487
vn -0.8278 0.5269 0.1927
vn -0.7720 0.5788 0.2628
vn 0.7003 0.3532 -0.6204
vn 0.8951 -0.0804 -0.4385
vn 0.7380 0.3940 -0.5478
vn -0.3663 -0.7432 0.5600
vn 0.0734 -0.9346 0.3481
vn 0.0677 -0.9337 0.3515
vn -0.8523 0.1275 0.5074
vn -0.7453 -0.3959 0.5366
vn -0.7027 -0.3556 0.6162
vn 0.5601 -0.7089 0.4286
vn 0.8389 -0.2664 0.4746
vn 0.8776 -0.2613 0.4019
vn 0.0910 -0.9252 0.3683
vn -0.4380 -0.8484 0.2972
vn 0.0896 -0.9252 0.3687
vn -0.7972 -0.4638 0.3865
vn -0.9910 -0.1325 -0.0183
vn -0.8185 -0.5526 0.1570
vn 0.3966 0.8056 -0.4402
vn -0.0997 0.9193 -0.3806
vn -0.1006 0.9243 -0.3682
vn 0.8996 -0.4345 -0.0433
vn 0.5890 -0.7345 0.3371
vn 0.9228 -0.3244 0.2078
vn -0.5954 0.7805 -0.1905
vn -0.9257 0.3240 -0.1950
vn -0.9034 0.4275 0.0333
vn -0.5709 0.6834 -0.4550
vn -0.0672 0.9391 -0.3371
vn -0.5868 0.6442 -0.4906
vn -0.8732 0.2567 -0.4142
vn -0.8440 0.2030 -0.4964
vn 0.9491 0.1998 0.2435
vn 0.7811 0.6168 0.0973
vn 0.7901 0.6122 0.0301
vn -0.4105 -0.9043 0.1176
vn 0.0520 -0.9649 0.2573
vn 0.0862 -0.9436 0.3198
vn -0.7713 -0.6285 -0.1005
vn -0.8768 -0.2778 -0.3925
vn -0.7197 -0.6588 -0.2193
vn -0.0739 0.9247 -0.3735
vn 0.4149 0.8984 -0.1439
vn -0.6126 0.7167 -0.3332
vn 0.4134 0.8529 -0.3190
vn -0.4027 -0.9153 0.0027
vn -0.9338 -0.2168 -0.2847
vn 0.4982 -0.7499 0.4353
vn 0.4159 0.8854 -0.2077
vn 0.9903 0.1362 0.0284
vn -0.9705 -0.0222 0.2400
vn -0.9049 0.0756 0.4188
vn -0.5301 0.8436 -0.0857
vn 0.5736 -0.7964 0.1916
vn -0.4220 -0.7941 0.4373
vn -0.3939 -0.7620 0.5140
vn 0.9207 0.1969 0.3371
vn -0.3256 -0.7077 0.6270
vn -0.8252 0.1487 0.5449
vn 0.4786 -0.8766 0.0505
vn 0.4948 -0.8645 0.0885
vn 0.3640 0.7452 -0.5587
vn 0.8470 -0.1355 -0.5140
vn 0.8126 -0.1777 -0.5550
vn 0.8147 -0.1878 -0.5486
vn 0.5853 -0.7796 0.2230
vn -0.5348 0.8328 -0.1432
vn 0.2789 0.6557 -0.7016
vn 0.2253 0.5950 -0.7715
vn -0.1777 -0.5367 0.8248
vn -0.8180 0.1833 0.5452
vn -0.8210 0.1915 0.5379
vn -0.6625 0.6744 -0.3260
vn -0.6355 0.7176 -0.2849
vn 0.8173 -0.2073 -0.5377
vn 0.7986 -0.2248 -0.5583
vn 0.6946 -0.6269 0.3529
vn 0.1363 0.4401 -0.8875
vn -0.1576 -0.4846 0.8604
vn -0.1029 -0.4017 0.9100
vn 0.6779 -0.6469 0.3493
vn 0.7767 -0.5286 0.3427
vn 0.0401 0.3704 -0.9280
vn -0.0424 0.2998 -0.9531
vn 0.7407 -0.2343 -0.6296
vn -0.7652 0.2274 0.6023
vn -0.7284 0.6001 -0.3305
vn -0.8207 0.4567 -0.3433
vn -0.8304 0.4436 -0.3372
vn -0.1445 0.1215 -0.9820
vn 0.1176 -0.1892 0.9749
vn -0.6727 0.3333 0.6606
vn 0.8008 -0.4942 0.3383
vn 0.1326 -0.0866 0.9874
vn -0.1277 0.0798 -0.9886
vn 0.6562 -0.3730 -0.6559
vn -0.5720 0.5405 0.6171
vn -0.7110 0.6050 -0.3584
vn -0.6976 0.2678 0.6646
vn 0.5251 -0.6163 -0.5869
vn 0.4434 -0.7065 -0.5516
vn 0.5824 -0.7011 0.4115
vn -0.4231 0.7864 -0.4501
vn -0.0161 0.0646 -0.9978
vn 0.0501 -0.0648 0.9966
vn 0.2156 0.1153 -0.9696
vn 0.2639 -0.7958 -0.5451
vn -0.3382 0.7828 0.5224
vn -0.0187 0.8981 -0.4394
vn 0.2606 -0.8485 0.4605
vn -0.1129 -0.0826 0.9902
vn 0.3325 0.8643 -0.3773
vn 0.4843 0.0305 -0.8744
vn -0.3763 -0.0683 0.9240
vn -0.1897 0.8387 0.5104
vn -0.1758 -0.8938 0.4125
vn 0.1613 -0.8439 -0.5116
vn -0.1700 0.8539 0.4918
vn 0.2356 -0.8598 -0.4530
vn -0.3857 -0.8644 0.3226
vn 0.6245 -0.0060 -0.7810
vn -0.5759 -0.0032 0.8175
vn -0.4032 -0.8561 0.3234
vn -0.6579 0.0009 0.7531
vn -0.3073 0.8670 0.3922
vn -0.2909 -0.8649 0.4091
vn 0.6822 -0.0154 -0.7310
vn 0.3841 -0.8683 -0.3138
vn 0.3494 0.8650 -0.3602
vn 0.5613 -0.8192 -0.1177
vn -0.1360 -0.8077 0.5737
vn 0.2212 0.8388 -0.4975
vn 0.7120 -0.0197 -0.7019
vn -0.6963 0.0015 0.7177
vn -0.4772 0.8506 0.2211
vn -0.7106 0.0067 0.7036
vn 0.7290 -0.0148 -0.6843
vn 0.7192 -0.6927 0.0545
vn -0.6568 0.7538 0.0204
vn -0.0123 0.6665 -0.7454
vn 0.0516 0.7371 -0.6739
vn 0.8309 -0.5283 0.1747
vn 0.0631 -0.6084 0.7911
vn -0.1097 0.5127 -0.8515
vn 0.7390 -0.0034 -0.6738
vn -0.7278 -0.0002 0.6858
vn -0.7927 0.5962 -0.1273
vn 0.1441 -0.4479 0.8824
vn -0.7311 -0.0015 0.6823
vn 0.7363 -0.0009 -0.6767
vn 0.8896 -0.3934 0.2320
vn -0.8735 0.4377 -0.2130
vn -0.1602 0.3885 -0.9074
vn 0.9155 -0.3084 0.2585
vn 0.1722 -0.3554 0.9187
vn -0.1818 0.3071 -0.9342
vn 0.7371 -0.0013 -0.6757
vn -0.7328 -0.0008 0.6805
vn -0.9036 0.3534 -0.2420
vn 0.1963 -0.2597 0.9455
vn 0.2041 -0.2187 0.9542
vn -0.7323 -0.0010 0.6809
vn -0.9280 0.2591 -0.2676
vn -0.9361 0.2185 -0.2755
vn 0.9416 -0.1797 0.2847
vn 0.2129 -0.1511 0.9653
vn -0.2075 0.1797 -0.9616
vn 0.7359 -0.0007 -0.6771
vn -0.7333 -0.0005 0.6799
vn -0.9460 0.1514 -0.2865
vn -0.7327 -0.0008 0.6806
vn 0.7344 0.0002 -0.6787
vn 0.7331 0.0007 -0.6801
vn 0.9444 -0.1503 0.2925
vn -0.2137 0.1406 -0.9667
vn 0.9473 -0.1377 0.2893
vn -0.2184 0.1611 -0.9625
vn -0.2019 0.3409 -0.9182
vn 0.7232 -0.0026 -0.6907
vn -0.7376 -0.0000 0.6753
vn -0.9292 0.2178 -0.2985
vn 0.2252 -0.1972 0.9542
vn 0.9090 -0.3116 0.2769
vn -0.8408 0.5021 -0.2025
vn -0.0241 0.6756 -0.7368
vn 0.7556 -0.6494 0.0864
vn 0.1421 -0.4725 0.8698
vn 0.7219 0.0106 -0.6919
vn -0.7449 0.0019 0.6671
vn -0.7392 0.0146 0.6733
vn -0.7326 0.0201 0.6803
vn -0.4119 0.8716 0.2659
vn -0.1351 -0.7975 0.5880
vn -0.3244 -0.8644 0.3841
vn -0.5834 0.8080 0.0821
vn 0.2218 -0.8473 -0.4826
vn -0.6311 -0.7750 0.0325
vn 0.4655 0.8608 -0.2059
vn 0.7399 0.0132 -0.6725
vn -0.7255 0.0102 0.6881
vn -0.1040 0.7981 0.5935
vn -0.8115 -0.5619 -0.1605
vn -0.7244 0.0044 0.6894
vn 0.7405 0.0054 -0.6720
vn -0.0172 -0.6819 -0.7313
vn 0.0872 0.5922 0.8011
vn 0.7043 0.7077 0.0555
vn -0.1546 -0.4371 -0.8860
vn -0.1693 -0.3753 -0.9113
vn 0.8592 0.4628 0.2181
vn 0.8905 0.3875 0.2385
vn 0.7395 0.0020 -0.6731
vn 0.7355 0.0012 -0.6775
vn -0.7297 0.0037 0.6838
vn -0.7213 0.0062 0.6925
vn -0.3010 0.1533 0.9412
vn 0.1898 0.3151 0.9299
vn 0.3147 -0.1483 -0.9375
vn 0.7471 0.0062 -0.6647
vn -0.1884 -0.2565 -0.9480
vn -0.9151 -0.3116 -0.2560
vn -0.9303 -0.2565 -0.2623
vn -0.9594 -0.1483 0.2400
vn 0.2064 0.2624 0.9426
vn 0.9235 0.2624 0.2799
vn 0.6473 0.3008 0.7004
vn -0.6481 -0.2969 -0.7012
vn 0.9620 0.1533 -0.2261
vn -0.5780 0.6169 0.5342
vn -0.6498 -0.6789 0.3418
vn -0.5392 -0.6789 0.4984
vn -0.6966 0.6168 0.3664
vn -0.7162 -0.6789 0.1620
vn -0.7677 0.6169 0.1736
vn -0.7337 -0.6789 -0.0289
vn -0.7865 0.6168 -0.0310
vn -0.7012 -0.6789 -0.2178
vn -0.7517 0.6169 -0.2335
vn -0.6209 -0.6789 -0.3919
vn -0.6656 0.6168 -0.4201
vn -0.4984 -0.6789 -0.5392
vn -0.5342 0.6168 -0.5780
vn -0.3418 -0.6789 -0.6498
vn -0.3664 0.6169 -0.6966
vn -0.1620 -0.6789 -0.7162
vn -0.1737 0.6168 -0.7677
vn 0.0289 -0.6789 -0.7337
vn 0.0310 0.6169 -0.7865
vn 0.2178 -0.6789 -0.7012
vn 0.2335 0.6168 -0.7517
vn 0.3919 -0.6789 -0.6209
vn 0.4200 0.6169 -0.6656
vn 0.5392 -0.6789 -0.4984
vn 0.5780 0.6168 -0.5342
vn 0.6498 -0.6789 -0.3418
vn 0.6966 0.6169 -0.3664
vn 0.7162 -0.6789 -0.1620
vn 0.7677 0.6168 -0.1737
vn 0.7337 -0.6789 0.0289
vn 0.7865 0.6168 0.0310
vn 0.7012 -0.6789 0.2178
vn 0.7517 0.6169 0.2335
vn 0.6209 -0.6789 0.3919
vn 0.6656 0.6168 0.4201
vn 0.4984 -0.6789 0.5392
vn 0.5342 0.6168 0.5780
vn 0.3418 -0.6789 0.6498
vn 0.3664 0.6168 0.6966
vn 0.1620 -0.6789 0.7162
vn 0.1737 0.6168 0.7677
vn -0.0289 -0.6789 0.7337
vn -0.0310 0.6168 0.7865
vn -0.2178 -0.6789 0.7012
vn 0.1167 0.9904 0.0736
vn 0.0937 0.9904 0.1013
vn -0.2335 0.6169 0.7517
vn -0.3919 -0.6789 0.6209
vn -0.4201 0.6168 0.6656
vn -0.1346 0.9904 0.0304
vn -0.0409 0.9904 0.1318
vn -0.0736 0.9904 0.1167
vn -0.0937 0.9904 -0.1013
vn 0.0736 0.9904 -0.1167
vn 0.1318 0.9904 0.0409
vn -0.0054 0.9904 0.1379
vn -0.1318 0.9904 -0.0409
vn 0.0054 0.9904 -0.1379
vn -0.1013 0.9904 0.0937
vn 0.1221 0.9904 -0.0642
vn 0.1346 0.9904 -0.0304
vn 0.0642 0.9904 0.1221
vn -0.0642 0.9904 -0.1221
vn 0.1013 0.9904 -0.0937
vn -0.1167 0.9904 -0.0736
vn 0.0409 0.9904 -0.1318
vn 0.1379 0.9904 0.0054
vn 0.0304 0.9904 0.1346
vn -0.1379 0.9904 -0.0054
vn -0.1221 0.9904 0.0642
vn -0.0304 0.9904 -0.1346
vn -0.0522 0.9975 0.0482
vn -0.0629 0.9975 0.0331
vn -0.0000 1.0000 -0.0000
vn -0.0693 0.9975 0.0157
vn -0.0710 0.9975 -0.0028
vn -0.0679 0.9975 -0.0211
vn -0.0601 0.9975 -0.0379
vn -0.0482 0.9975 -0.0522
vn -0.0331 0.9975 -0.0629
vn -0.0157 0.9975 -0.0693
vn 0.0028 0.9975 -0.0710
vn 0.0211 0.9975 -0.0679
vn 0.0379 0.9975 -0.0601
vn 0.0522 0.9975 -0.0482
vn 0.0629 0.9975 -0.0331
vn 0.0693 0.9975 -0.0157
vn 0.0710 0.9975 0.0028
vn 0.0679 0.9975 0.0211
vn 0.0601 0.9975 0.0379
vn 0.0482 0.9975 0.0522
vn 0.0331 0.9975 0.0629
vn 0.0157 0.9975 0.0693
vn -0.0028 0.9975 0.0710
vn -0.0211 0.9975 0.0679
vn -0.0379 0.9975 0.0601
vn -0.5560 0.6532 0.5139
vn -0.9754 -0.0000 0.2206
vn -0.7344 -0.0000 0.6788
vn -0.7385 0.6532 0.1670
vn -0.9550 -0.0000 -0.2966
vn -0.7231 0.6532 -0.2246
vn -0.6788 -0.0000 -0.7344
vn -0.5139 0.6532 -0.5561
vn -0.2206 -0.0000 -0.9754
vn -0.1670 0.6532 -0.7385
vn 0.2966 -0.0000 -0.9550
vn 0.2246 0.6532 -0.7231
vn 0.7344 -0.0000 -0.6788
vn 0.5560 0.6532 -0.5139
vn 0.9754 -0.0000 -0.2206
vn 0.7385 0.6532 -0.1670
vn 0.9550 -0.0000 0.2966
vn 0.7231 0.6532 0.2246
vn 0.6788 -0.0000 0.7344
vn 0.5139 0.6532 0.5561
vn 0.2206 -0.0000 0.9754
vn 0.1670 0.6532 0.7385
vn -0.2966 -0.0000 0.9550
vn -0.2246 0.6532 0.7231
vn 0.7385 0.6532 -0.1671
vn -0.5139 0.6532 -0.5560
vn 0.7344 -0.0000 -0.6787
vn -0.6787 -0.0000 -0.7344
vn 0.6787 -0.0000 0.7344
vn -0.7344 -0.0000 0.6787
vn 0.5139 0.6532 0.5560
vn -0.5497 0.5865 -0.5948
vn 0.7275 0.1366 -0.6724
vn 0.6370 -0.3452 0.6892
vn -0.7275 0.1366 0.6724
vn 0.4797 0.7572 -0.4434
vn -0.2228 0.6557 0.7214
vn 0.7367 0.6557 -0.1654
vn 0.9248 0.3786 0.0382
vn -0.0347 0.3786 0.9249
vn 0.9936 -0.0000 0.1127
vn 0.0342 -0.0000 0.9994
vn 0.9248 -0.3786 0.0382
vn -0.2228 -0.6557 0.7214
vn 0.7367 -0.6557 -0.1654
vn 0.4797 -0.7572 -0.4434
vn -0.4797 -0.7572 0.4434
vn 0.2228 -0.6557 -0.7214
vn -0.7367 -0.6557 0.1654
vn 0.0347 -0.3786 -0.9249
vn -0.9936 -0.0000 -0.1127
vn -0.0342 -0.0000 -0.9994
vn 0.0346 0.3786 -0.9249
vn -0.7367 0.6557 0.1653
vn -0.9248 0.3786 -0.0382
vn 0.2228 0.6557 -0.7214
vn -0.6057 -0.4513 -0.6553
vn 0.6057 0.4513 0.6553
vn 0.1964 -0.9572 0.2125
vn -0.2227 0.6557 0.7214
vn 0.7367 0.6557 -0.1653
vn -0.0346 0.3786 0.9249
vn -0.0346 -0.3786 0.9249
vn 0.7367 -0.6557 -0.1653
vn -0.2227 -0.6557 0.7214
vn 0.2227 -0.6557 -0.7214
vn -0.7367 -0.6557 0.1653
vn 0.0346 -0.3786 -0.9249
vn -0.9248 -0.3786 -0.0382
vn 0.2227 0.6557 -0.7214
vn -0.3986 0.8094 -0.4313
vn 0.3986 -0.8094 0.4313
vn -0.9815 -0.1252 -0.1451
vn -0.9214 0.3781 -0.0899
vn -0.6762 0.6528 -0.3413
vn 0.4404 0.6912 -0.5730
vn 0.7551 0.5427 -0.3679
vn 0.5810 0.4849 -0.6537
vn -0.5231 0.0586 0.8502
vn -0.4257 0.5428 0.7240
vn -0.5482 0.7581 0.3533
vn 0.6239 0.7786 -0.0671
vn 0.8053 0.5917 -0.0357
vn 0.5795 0.1833 0.7941
vn 0.5239 0.6360 0.5665
vn 0.1452 0.8589 0.4911
vn 0.5574 0.8054 0.2015
vn 0.7242 0.6245 0.2925
vn 0.5206 -0.0371 -0.8530
vn 0.5232 -0.7547 -0.3958
vn 0.4256 -0.7756 -0.4663
vn -0.0742 -0.1050 -0.9917
vn -0.0677 -0.8432 -0.5333
vn -0.2296 -0.1411 -0.9630
vn 0.1570 0.8054 0.5715
vn 0.2351 0.6246 0.7448
vn -0.5263 -0.8432 -0.1094
vn -0.5555 -0.8314 0.0087
vn -0.0984 0.5918 0.8001
vn -0.6540 0.0518 0.7548
vn -0.2478 -0.7104 0.6587
vn -0.3838 0.7385 0.5544
vn 0.8839 0.0784 -0.4610
vn 0.6136 -0.7312 -0.2981
vn 0.8041 0.0304 -0.5937
vn -0.6059 0.6911 0.3940
vn -0.6971 0.4849 0.5281
vn 0.3718 -0.6338 0.6783
vn 0.4757 -0.6296 0.6143
vn -0.8711 0.4271 0.2423
vn 0.9651 0.0950 -0.2442
vn 0.7397 -0.6711 0.0498
vn 0.7216 -0.6888 -0.0698
vn -0.7483 0.6438 0.1601
vn -0.5514 -0.8180 0.1638
vn -0.7671 -0.6401 0.0431
vn -0.5251 -0.7929 0.3090
vn -0.7893 0.6037 -0.1119
vn -0.8402 0.3453 -0.4181
vn -0.4477 -0.1357 -0.8838
vn -0.2979 -0.8564 -0.4218
vn -0.5821 -0.1618 -0.7969
vn -0.7228 0.5769 -0.3804
vn -0.6400 0.3338 -0.6921
vn -0.9676 -0.0734 0.2414
vn -0.5618 -0.8149 0.1427
vn -0.5438 -0.7972 0.2622
vn -0.3224 0.5768 -0.7505
vn -0.3512 0.3452 -0.8703
vn -0.3175 0.1162 0.9411
vn -0.0085 -0.6711 0.7413
vn -0.1601 0.1188 0.9799
vn -0.0177 0.3780 -0.9256
vn -0.3258 0.6501 -0.6865
vn 0.2184 0.6438 -0.7334
vn 0.3096 0.4270 -0.8496
vn -0.0809 0.6731 -0.7351
vn 0.8435 0.1777 0.5069
vn 0.5749 -0.6296 0.5225
vn 0.6470 -0.6338 0.4239
vn 0.5028 -0.7652 -0.4022
vn 0.6799 -0.5371 -0.4993
vn 0.3802 -0.7874 -0.4852
vn -0.7284 0.6782 -0.0974
vn -0.3432 0.8005 0.4913
vn 0.3543 0.8660 0.3528
vn 0.3676 0.7509 -0.5487
vn 0.3100 -0.0535 -0.9492
vn 0.1864 -0.8149 -0.5489
vn 0.1576 -0.0973 -0.9827
vn -0.7536 -0.1410 -0.6420
vn -0.4692 -0.8522 -0.2315
vn -0.8461 -0.1562 -0.5097
vn 0.9789 0.1467 0.1423
vn 0.7041 -0.6428 0.3018
vn 0.7334 -0.6545 0.1837
vn -0.8067 -0.0089 0.5909
vn -0.4983 -0.7755 0.3876
vn -0.4357 -0.7547 0.4905
vn 0.2271 0.1626 0.9602
vn 0.1255 -0.6545 0.7455
vn 0.2455 -0.6428 0.7257
vn 0.5028 0.7939 -0.3419
vn 0.1626 0.7085 -0.6867
vn -0.5349 0.6430 -0.5482
vn -0.6834 0.7151 0.1465
vn -0.0997 0.8359 0.5397
vn 0.4956 0.8562 0.1459
vn -0.1029 -0.6932 0.7134
vn -0.2901 -0.4815 0.8271
vn 0.0420 -0.6690 0.7421
vn 0.2824 -0.8067 -0.5191
vn 0.4187 -0.5928 -0.6880
vn 0.1368 -0.8248 -0.5487
vn 0.1468 -0.6603 0.7365
vn 0.0251 -0.4342 0.9005
vn 0.2926 -0.6435 0.7073
vn 0.0327 -0.8396 -0.5423
vn 0.1035 -0.6400 -0.7613
vn -0.1138 -0.8503 -0.5139
vn 0.3878 -0.6411 0.6623
vn 0.3462 -0.4027 0.8473
vn 0.5123 -0.6337 0.5796
vn -0.2083 -0.8588 -0.4681
vn -0.1249 -0.8589 -0.4967
vn -0.3335 -0.8600 -0.3862
vn 0.5834 -0.6384 0.5021
vn 0.5186 -0.6449 0.5614
vn 0.6676 -0.6412 0.3784
vn -0.4039 -0.8615 -0.3078
vn -0.3376 -0.8674 -0.3656
vn -0.4888 -0.8526 -0.1849
vn 0.7039 -0.6527 0.2802
vn 0.8174 -0.4027 0.4120
vn 0.7349 -0.6648 0.1342
vn -0.4807 -0.7786 0.4034
vn -0.7188 -0.5928 0.3631
vn -0.4006 -0.7499 0.5265
vn 0.7309 -0.6818 0.0304
vn 0.8957 -0.4342 0.0960
vn 0.7039 -0.7008 -0.1156
vn -0.5244 -0.8471 -0.0859
vn -0.4851 -0.8589 -0.1640
vn -0.5561 -0.8290 0.0592
vn -0.3233 -0.7347 0.5964
vn -0.5513 -0.5372 0.6384
vn -0.2014 -0.7063 0.6786
vn 0.6602 -0.7213 -0.2092
vn 0.8474 -0.4814 -0.2239
vn 0.5794 -0.7439 -0.3331
vn -0.9916 0.1145 -0.0608
vn -0.9285 0.2209 0.2985
vn -0.9355 0.1692 0.3100
vn 0.2881 0.4381 0.8515
vn 0.5732 0.5356 0.6202
vn 0.6059 0.4508 0.6555
vn 0.8796 0.2983 -0.3706
vn 0.9156 0.4021 -0.0067
vn 0.8604 0.3481 -0.3722
vn -0.7414 0.2338 0.6291
vn -0.7371 0.2845 0.6130
vn 0.6854 0.2338 -0.6896
vn 0.3706 0.2209 -0.9021
vn 0.3826 0.1692 -0.9083
vn 0.6690 0.2845 -0.6866
vn -0.4387 0.3481 0.8285
vn -0.4386 0.2983 0.8477
vn 0.0173 0.1145 -0.9933
vn 0.0106 0.1670 -0.9859
vn -0.0787 0.4021 0.9122
vn -0.0733 0.3530 0.9327
vn -0.3562 0.1309 -0.9252
vn -0.3549 0.0779 -0.9317
vn 0.2989 0.3896 0.8711
vn -0.6773 0.0651 -0.7328
vn -0.6740 0.1183 -0.7292
vn 0.6214 0.4025 0.6723
vn -0.9009 0.0779 -0.4270
vn -0.8943 0.1309 -0.4278
vn 0.8449 0.3896 0.3665
vn 0.8262 0.4381 0.3542
vn -0.9837 0.1670 -0.0669
vn 0.9356 0.3530 0.0003
vn -0.0880 0.4886 0.8681
vn -0.2664 0.4957 0.8266
vn -0.2666 0.4953 0.8268
vn -0.8758 0.2267 -0.4262
vn 0.7860 0.5234 0.3291
vn -0.9621 0.2615 -0.0776
vn 0.8723 0.4886 -0.0195
vn -0.9088 0.3136 0.2754
vn 0.8190 0.4365 -0.3725
vn -0.7239 0.3750 0.5790
vn 0.3459 0.3136 -0.8843
vn 0.6342 0.3750 -0.6762
vn -0.4357 0.4365 0.7872
vn -0.0018 0.2615 -0.9652
vn -0.3560 0.2267 -0.9066
vn 0.2663 0.5234 0.8094
vn -0.6630 0.2145 -0.7173
vn -0.1834 0.2764 -0.9434
vn -0.1833 0.2763 -0.9434
vn 0.0837 0.5270 0.8458
vn 0.0857 0.5392 0.8378
vn -0.3636 0.2681 -0.8921
vn -0.5151 0.2527 -0.8190
vn 0.4175 0.5628 0.7134
vn 0.5059 0.6340 0.5849
vn -0.7070 0.2561 -0.6592
vn 0.5713 0.5848 0.5758
vn 0.6784 0.5628 0.4723
vn -0.9261 0.2763 -0.2570
vn -0.9261 0.2763 -0.2568
vn 0.8285 0.5392 0.1514
vn 0.8285 0.5392 0.1513
vn -0.9498 0.3040 -0.0735
vn -0.9427 0.3199 0.0952
vn 0.8451 0.4955 -0.2008
vn 0.8451 0.4956 -0.2007
vn -0.8913 0.3567 0.2798
vn -0.8231 0.3769 0.4247
vn 0.4881 0.3769 -0.7872
vn 0.3490 0.3567 -0.8666
vn 0.7255 0.4386 -0.5303
vn 0.7255 0.4386 -0.5304
vn -0.7246 0.4120 0.5525
vn -0.5857 0.4386 0.6816
vn 0.1689 0.3200 -0.9322
vn -0.3437 -0.3212 0.8824
vn -0.1784 -0.2760 0.9445
vn -0.3776 -0.0813 0.9224
vn 0.8116 -0.5552 -0.1816
vn 0.9067 -0.3212 -0.2733
vn 0.9555 -0.2760 -0.1037
vn 0.0890 -0.4955 -0.8641
vn -0.0917 -0.5081 -0.8564
vn 0.0846 -0.2697 -0.9592
vn -0.2771 -0.3067 -0.9106
vn -0.0992 -0.4699 -0.8771
vn -0.2644 -0.5300 -0.8057
vn 0.4146 0.0122 0.9099
vn 0.1782 -0.1838 0.9667
vn 0.3558 -0.2346 0.9046
vn -0.4361 -0.5116 -0.7403
vn 0.5249 -0.1120 0.8438
vn 0.6617 -0.2223 0.7161
vn 0.5027 0.0202 0.8642
vn 0.5248 -0.1141 0.8436
vn -0.7822 -0.5305 -0.3268
vn -0.8859 -0.3067 -0.3480
vn -0.7036 -0.5120 -0.4928
vn 0.7996 -0.1145 0.5895
vn 0.7223 0.0207 0.6913
vn 0.7999 -0.1119 0.5896
vn 0.8738 -0.2346 0.4259
vn 0.8745 0.0122 0.4848
vn -0.8665 -0.4701 -0.1680
vn -0.9629 -0.2698 0.0086
vn -0.8466 -0.5080 -0.1590
vn -0.8683 -0.4956 0.0205
vn 0.9497 -0.1838 0.2535
vn -0.8667 -0.4576 0.1984
vn 0.9492 -0.0813 -0.3041
vn -0.6867 -0.1455 0.7122
vn -0.7604 -0.3655 0.5368
vn -0.6309 -0.3825 0.6750
vn 0.7640 -0.1455 -0.6286
vn 0.7225 -0.3824 -0.5760
vn 0.5949 -0.3655 -0.7159
vn 0.8318 -0.3422 -0.4370
vn 0.8434 -0.2844 -0.4558
vn -0.5010 -0.3422 0.7949
vn -0.5207 -0.2844 0.8050
vn 0.2656 -0.4574 -0.8487
vn -0.4945 -0.6077 0.6214
vn 0.6584 -0.6076 -0.4443
vn -0.2448 -0.5552 0.7949
vn 0.1224 -0.7045 -0.6990
vn -0.1725 -0.7342 -0.6566
vn 0.3599 -0.4821 0.7988
vn 0.4294 -0.4628 0.7755
vn 0.5965 -0.4741 0.6476
vn -0.6408 -0.7345 -0.2232
vn 0.7678 -0.4825 0.4215
vn -0.7061 -0.7049 0.0676
vn 0.6465 0.0109 -0.7629
vn 0.9863 0.1388 -0.0895
vn 0.5478 0.8308 -0.0980
vn 0.9379 0.1827 0.2949
vn 0.7461 0.2037 0.6339
vn 0.4402 0.1984 0.8757
vn 0.0667 0.1677 0.9836
vn -0.8914 -0.0157 0.4529
vn -0.9938 -0.0761 0.0814
vn -0.9454 -0.1201 -0.3030
vn -0.5097 -0.8285 0.2321
vn -0.4168 -0.7889 0.4515
vn -0.5109 -0.8596 -0.0074
vn -0.4202 -0.8777 -0.2305
vn -0.2515 -0.8798 -0.4033
vn -0.0303 -0.8658 -0.4994
vn 0.2095 -0.8377 -0.5043
vn 0.4315 -0.7999 -0.4171
vn 0.6019 -0.7580 -0.2512
vn 0.6948 -0.7185 -0.0318
vn 0.6960 -0.6873 0.2077
vn 0.6053 -0.6693 0.4308
vn 0.4366 -0.6671 0.6036
vn 0.2155 -0.6811 0.6997
vn -0.0244 -0.7092 0.7046
vn -0.2464 -0.7471 0.6174
vn -0.1939 -0.8522 -0.4859
vn -0.3971 -0.8564 -0.3301
vn -0.1263 -0.6888 0.7139
vn 0.6761 -0.7105 -0.1952
vn 0.3042 -0.7972 -0.5215
vn -0.3454 -0.7312 0.5882
vn 0.0544 -0.9968 0.0589
vn -0.0544 0.9968 -0.0589
vn -0.9394 -0.0114 0.3427
vn -0.6151 0.6758 0.4062
vn -0.7605 0.6274 0.1673
vn 0.9838 0.1776 0.0243
vn 0.5988 0.7240 -0.3424
vn 0.6407 0.7651 -0.0646
vn -0.9970 -0.0676 -0.0385
vn -0.8024 0.5865 -0.1103
vn 0.8906 0.2152 0.4007
vn 0.5728 0.7924 0.2096
vn -0.7346 0.5590 -0.3846
vn -0.9038 -0.1052 -0.4149
vn 0.4054 0.8020 0.4386
vn 0.6608 0.2284 0.7150
vn -0.5672 0.5494 -0.6136
vn -0.6740 -0.1184 -0.7292
vn 0.3294 0.2152 0.9193
vn 0.1639 0.7924 0.5875
vn -0.3426 -0.1052 -0.9336
vn -0.3257 0.5590 -0.7625
vn -0.1148 0.7651 0.6337
vn -0.0531 0.1776 0.9827
vn 0.0400 -0.0676 -0.9969
vn 0.2266 0.6274 -0.7450
vn 0.4154 -0.0114 -0.9096
vn -0.0469 0.5865 -0.8086
vn -0.4286 0.1213 0.8953
vn -0.3884 0.7241 0.5700
vn 0.7266 0.0550 -0.6848
vn 0.4533 0.6758 -0.5812
vn -0.7398 0.0550 0.6706
vn 0.9262 0.1213 -0.3569
vn 0.0574 -0.6562 0.7524
vn -0.5691 -0.8189 0.0747
vn 0.1192 -0.8189 -0.5614
vn 0.7456 -0.6562 0.1163
vn 0.7074 -0.6935 -0.1366
vn -0.8811 -0.2940 0.3704
vn 0.5749 -0.7375 -0.3543
vn -0.3984 -0.7375 0.5453
vn -0.1918 -0.6935 0.6944
vn 0.4385 -0.2940 -0.8493
vn 0.3113 -0.6312 0.7104
vn -0.2998 -0.3854 -0.8727
vn -0.1347 -0.8438 -0.5194
vn 0.6775 -0.0605 0.7330
vn 0.5312 -0.6224 0.5748
vn -0.3547 -0.8526 -0.3838
vn -0.6226 -0.3982 -0.6736
vn 0.6837 -0.6312 0.3661
vn -0.8464 -0.3854 -0.3675
vn -0.5072 -0.8438 -0.1751
vn -0.0785 -0.9951 0.0594
vn -0.2325 -0.9565 0.1760
vn -0.7633 0.2890 0.5778
vn -0.3773 -0.8810 0.2856
vn -0.5073 -0.7715 0.3839
vn -0.5073 -0.7715 0.3840
vn -0.5074 -0.7714 0.3840
vn -0.0886 -0.9951 0.0430
vn -0.2624 -0.9565 0.1272
vn -0.2623 -0.9565 0.1272
vn -0.4257 -0.8810 0.2065
vn -0.4258 -0.8810 0.2065
vn -0.4257 -0.8810 0.2064
vn -0.0953 -0.9951 0.0249
vn -0.2821 -0.9566 0.0736
vn -0.2821 -0.9565 0.0736
vn -0.9263 0.2890 0.2417
vn -0.9263 0.2890 0.2416
vn -0.4578 -0.8810 0.1194
vn -0.4556 -0.8838 0.1067
vn -0.0983 -0.9951 0.0058
vn -0.2911 -0.9565 0.0172
vn -0.2910 -0.9566 0.0171
vn -0.4724 -0.8810 0.0278
vn -0.4723 -0.8810 0.0278
vn -0.0976 -0.9951 -0.0135
vn -0.2888 -0.9566 -0.0400
vn -0.2888 -0.9565 -0.0400
vn -0.4687 -0.8810 -0.0649
vn -0.0931 -0.9951 -0.0322
vn -0.2755 -0.9565 -0.0955
vn -0.4470 -0.8810 -0.1551
vn -0.4471 -0.8810 -0.1551
vn -0.8586 0.0975 -0.5033
vn -0.2515 -0.9566 -0.1475
vn -0.4082 -0.8810 -0.2393
vn -0.0850 -0.9951 -0.0498
vn -0.0736 -0.9951 -0.0654
vn -0.2180 -0.9565 -0.1937
vn -0.2180 -0.9565 -0.1936
vn -0.2150 -0.9382 -0.2713
vn -0.3537 -0.8810 -0.3143
vn -0.3536 -0.8810 -0.3144
vn -0.1759 -0.9565 -0.2325
vn -0.1760 -0.9565 -0.2325
vn -0.1759 -0.9565 -0.2326
vn -0.2856 -0.8810 -0.3773
vn -0.0595 -0.9951 -0.0785
vn -0.0430 -0.9951 -0.0886
vn -0.4343 0.0975 -0.8955
vn -0.4343 0.0976 -0.8955
vn -0.4342 0.0976 -0.8955
vn -0.1272 -0.9566 -0.2623
vn -0.1273 -0.9566 -0.2623
vn -0.2065 -0.8810 -0.4257
vn -0.2064 -0.8810 -0.4258
vn -0.1194 -0.8810 -0.4579
vn -0.1194 -0.8810 -0.4578
vn -0.0248 -0.9951 -0.0953
vn -0.0736 -0.9565 -0.2822
vn -0.0736 -0.9565 -0.2821
vn -0.0735 -0.9565 -0.2822
vn -0.0058 -0.9951 -0.0983
vn -0.0171 -0.9565 -0.2911
vn -0.0172 -0.9566 -0.2910
vn -0.0278 -0.8810 -0.4724
vn -0.0278 -0.8810 -0.4723
vn 0.0135 -0.9951 -0.0975
vn 0.0400 -0.9565 -0.2888
vn 0.0400 -0.9566 -0.2888
vn 0.0649 -0.8810 -0.4687
vn 0.0323 -0.9951 -0.0931
vn 0.0955 -0.9566 -0.2755
vn 0.3137 0.2890 -0.9045
vn 0.1551 -0.8810 -0.4470
vn 0.1603 -0.8786 -0.4499
vn 0.0498 -0.9951 -0.0850
vn 0.1475 -0.9565 -0.2515
vn 0.1475 -0.9565 -0.2516
vn 0.2393 -0.8810 -0.4082
vn 0.0654 -0.9951 -0.0736
vn 0.1937 -0.9565 -0.2179
vn 0.6360 0.2890 -0.7156
vn 0.6359 0.2890 -0.7156
vn 0.3143 -0.8810 -0.3537
vn 0.4227 -0.7714 -0.4756
vn 0.4226 -0.7716 -0.4755
vn 0.0785 -0.9951 -0.0594
vn 0.2325 -0.9566 -0.1760
vn 0.2325 -0.9565 -0.1760
vn 0.3773 -0.8810 -0.2856
vn 0.5073 -0.7715 -0.3840
vn 0.5073 -0.7715 -0.3839
vn 0.0886 -0.9951 -0.0430
vn 0.2624 -0.9565 -0.1272
vn 0.4257 -0.8810 -0.2065
vn 0.4258 -0.8810 -0.2065
vn 0.5725 -0.7715 -0.2776
vn 0.0953 -0.9951 -0.0249
vn 0.2821 -0.9566 -0.0736
vn 0.4578 -0.8810 -0.1194
vn 0.6156 -0.7715 -0.1606
vn 0.6156 -0.7716 -0.1606
vn 0.2911 -0.9565 -0.0171
vn 0.2911 -0.9566 -0.0171
vn 0.4724 -0.8810 -0.0278
vn 0.8813 0.4697 -0.0518
vn 0.8813 0.4697 -0.0517
vn 0.6351 -0.7715 -0.0374
vn 0.0983 -0.9951 -0.0058
vn 0.0976 -0.9951 0.0135
vn 0.2888 -0.9566 0.0400
vn 0.4687 -0.8810 0.0649
vn 0.4687 -0.8810 0.0648
vn 0.6302 -0.7715 0.0872
vn 0.4470 -0.8810 0.1551
vn 0.8341 0.4697 0.2892
vn 0.8340 0.4698 0.2892
vn 0.6011 -0.7715 0.2085
vn 0.7315 -0.6328 0.2540
vn 0.0931 -0.9951 0.0322
vn 0.2755 -0.9565 0.0955
vn 0.0850 -0.9951 0.0498
vn 0.2515 -0.9566 0.1475
vn 0.2515 -0.9565 0.1475
vn 0.4082 -0.8810 0.2393
vn 0.5489 -0.7715 0.3218
vn 0.5489 -0.7715 0.3217
vn 0.6682 -0.6326 0.3917
vn 0.6681 -0.6329 0.3914
vn 0.6682 -0.6325 0.3917
vn 0.3537 -0.8810 0.3143
vn 0.4755 -0.7715 0.4227
vn 0.4755 -0.7715 0.4226
vn 0.4756 -0.7715 0.4226
vn 0.5789 -0.6326 0.5145
vn 0.5789 -0.6325 0.5145
vn 0.0736 -0.9951 0.0654
vn 0.2179 -0.9565 0.1937
vn 0.2179 -0.9566 0.1937
vn 0.0595 -0.9951 0.0785
vn 0.1760 -0.9565 0.2325
vn 0.1760 -0.9566 0.2325
vn 0.2856 -0.8810 0.3773
vn 0.2855 -0.8810 0.3773
vn 0.3840 -0.7715 0.5073
vn 0.4674 -0.6326 0.6175
vn 0.3449 -0.5235 0.7791
vn 0.1827 -0.3651 0.9129
vn 0.2776 -0.7715 0.5725
vn 0.3369 -0.6324 0.6976
vn 0.3379 -0.6326 0.6969
vn 0.3380 -0.6326 0.6969
vn 0.0430 -0.9951 0.0886
vn 0.1272 -0.9566 0.2623
vn 0.1273 -0.9566 0.2623
vn 0.2065 -0.8810 0.4258
vn 0.0248 -0.9951 0.0953
vn 0.0736 -0.9566 0.2821
vn 0.0736 -0.9565 0.2821
vn 0.1194 -0.8810 0.4579
vn 0.1194 -0.8810 0.4578
vn 0.1195 -0.8810 0.4578
vn 0.2227 0.4696 0.8543
vn 0.2231 0.4697 0.8542
vn 0.1606 -0.7715 0.6156
vn 0.1970 -0.6311 0.7503
vn 0.0374 -0.7715 0.6351
vn 0.0058 -0.9951 0.0983
vn 0.0172 -0.9566 0.2910
vn 0.0171 -0.9566 0.2911
vn 0.0278 -0.8810 0.4723
vn 0.0278 -0.8810 0.4724
vn -0.0135 -0.9951 0.0975
vn -0.0400 -0.9565 0.2888
vn -0.0400 -0.9566 0.2888
vn -0.0649 -0.8810 0.4687
vn -0.1212 0.4696 0.8745
vn -0.1214 0.4695 0.8745
vn -0.0872 -0.7715 0.6302
vn -0.0323 -0.9951 0.0931
vn -0.0955 -0.9566 0.2755
vn -0.0955 -0.9565 0.2755
vn -0.1551 -0.8810 0.4470
vn -0.2085 -0.7715 0.6011
vn -0.1475 -0.9565 0.2515
vn -0.2393 -0.8810 0.4082
vn -0.3217 -0.7715 0.5489
vn -0.0498 -0.9951 0.0850
vn -0.0654 -0.9951 0.0736
vn -0.1937 -0.9565 0.2179
vn -0.3143 -0.8810 0.3537
vn -0.4226 -0.7715 0.4755
vn -0.4226 -0.7716 0.4755
vn -0.4797 0.7572 0.4434
vn 0.5828 0.7385 -0.3390
vn 0.3934 0.8149 0.4257
vn 0.0523 -0.8314 -0.5531
vn -0.1159 0.7786 0.6167
vn -0.5589 0.5675 -0.6047
vn -0.0495 0.6037 -0.7957
vn -0.2666 0.4955 0.8267
vn -0.0993 0.5228 0.8466
vn -0.4505 0.4714 0.7582
vn 0.0014 0.3040 -0.9527
vn 0.0857 0.5391 0.8378
vn 0.2582 0.5600 0.7872
vn -0.5658 0.2550 -0.7841
vn -0.7760 0.2527 -0.5779
vn -0.8608 0.2681 -0.4326
vn 0.6784 0.5627 0.4723
vn 0.7645 0.5600 0.3193
vn -0.9261 0.2763 -0.2569
vn 0.8366 0.5300 0.1388
vn 0.8555 0.5160 -0.0419
vn 0.7912 0.4714 -0.3896
vn 0.6077 0.4120 -0.6789
vn 0.1690 0.3199 -0.9323
vn 0.1179 -0.9848 0.1275
vn -0.3773 -0.8809 0.2856
vn -0.5073 -0.7716 0.3839
vn -0.4519 -0.8879 0.0867
vn -0.2179 -0.9566 -0.1937
vn 0.0380 -0.9828 -0.1809
vn -0.1760 -0.9566 -0.2325
vn -0.1272 -0.9565 -0.2623
vn -0.1195 -0.8810 -0.4578
vn 0.0955 -0.9565 -0.2755
vn 0.1724 -0.8729 -0.4564
vn 0.3142 -0.8810 -0.3537
vn 0.5073 -0.7716 -0.3839
vn 0.2821 -0.9565 -0.0736
vn 0.6155 -0.7716 -0.1605
vn 0.2910 -0.9566 -0.0171
vn 0.4723 -0.8810 -0.0278
vn 0.8341 0.4696 0.2892
vn 0.6680 -0.6330 0.3912
vn 0.3839 -0.7715 0.5073
vn 0.3363 -0.6323 0.6979
vn 0.1272 -0.9565 0.2623
vn 0.2065 -0.8810 0.4257
vn 0.0736 -0.9565 0.2822
vn 0.2222 0.4696 0.8545
vn -0.1209 0.4697 0.8745
vn -0.2084 -0.7716 0.6010
vn -0.4226 -0.7715 0.4756
vt 0.601153 0.088419
vt 0.599410 0.077701
vt 0.603032 0.087365
vt 0.598972 0.065012
vt 0.592365 0.059522
vt 0.593909 0.057408
vt 0.557628 0.073154
vt 0.551073 0.071370
vt 0.553068 0.069599
vt 0.605075 0.085780
vt 0.602987 0.073949
vt 0.606707 0.083853
vt 0.799859 0.097945
vt 0.803908 0.114804
vt 0.802553 0.115647
vt 0.370641 0.191123
vt 0.367980 0.207655
vt 0.369279 0.190323
vt 0.802259 0.095171
vt 0.805865 0.113015
vt 0.805059 0.113855
vt 0.807492 0.165902
vt 0.804469 0.180410
vt 0.806796 0.165285
vt 0.367106 0.223510
vt 0.368617 0.238572
vt 0.367329 0.239183
vt 0.806024 0.131691
vt 0.805562 0.147814
vt 0.804671 0.131835
vt 0.808009 0.131091
vt 0.807972 0.148621
vt 0.807186 0.131415
vt 0.595576 0.069053
vt 0.589426 0.063404
vt 0.590738 0.061664
vt 0.538301 0.048290
vt 0.540691 0.052356
vt 0.536647 0.050575
vt 0.573521 0.045884
vt 0.565586 0.047829
vt 0.566902 0.045700
vt 0.584441 0.056122
vt 0.576927 0.054071
vt 0.577670 0.052153
vt 0.547100 0.052863
vt 0.550051 0.058220
vt 0.545350 0.055090
vt 0.587323 0.051743
vt 0.578844 0.049857
vt 0.580264 0.047704
vt 0.369158 0.254478
vt 0.372910 0.266958
vt 0.371889 0.268416
vt 0.805807 0.164391
vt 0.802627 0.177516
vt 0.804642 0.163366
vt 0.383733 0.296852
vt 0.389717 0.303286
vt 0.383671 0.298861
vt 0.375262 0.279338
vt 0.380012 0.286281
vt 0.379264 0.288149
vt 0.800515 0.190397
vt 0.795885 0.197468
vt 0.799680 0.188575
vt 0.801618 0.193420
vt 0.797097 0.201455
vt 0.801186 0.192119
vt 0.571195 0.050317
vt 0.564509 0.051974
vt 0.564802 0.050089
vt 0.556105 0.059306
vt 0.558310 0.064857
vt 0.554291 0.061439
vt 0.397207 0.296623
vt 0.404431 0.295268
vt 0.396806 0.298908
vt 0.562149 0.068629
vt 0.567551 0.070577
vt 0.565703 0.072642
vt 0.380470 0.343300
vt 0.386994 0.341706
vt 0.382414 0.345366
vt 0.384843 0.292623
vt 0.389962 0.298675
vt 0.384207 0.294616
vt 0.790873 0.203946
vt 0.785200 0.210296
vt 0.784786 0.207948
vt 0.791767 0.208280
vt 0.785385 0.214496
vt 0.785384 0.212649
vt 0.576502 0.150569
vt 0.567925 0.163404
vt 0.565892 0.161457
vt 0.777212 0.208021
vt 0.768547 0.206669
vt 0.768492 0.204127
vt 0.777525 0.212960
vt 0.768048 0.211168
vt 0.768364 0.209169
vt 0.396603 0.301447
vt 0.404866 0.300226
vt 0.396835 0.303756
vt 0.590831 0.134857
vt 0.586892 0.143681
vt 0.584731 0.141855
vt 0.390819 0.334136
vt 0.399828 0.328845
vt 0.392818 0.336184
vt 0.728473 0.160000
vt 0.711516 0.134597
vt 0.729265 0.157747
vt 0.406518 0.316783
vt 0.419170 0.306068
vt 0.408606 0.318737
vt 0.525225 0.110529
vt 0.535958 0.111225
vt 0.525915 0.112946
vt 0.758125 0.194163
vt 0.744919 0.181421
vt 0.745583 0.179125
vt 0.757283 0.198973
vt 0.743195 0.185362
vt 0.744039 0.183629
vt 0.413481 0.288210
vt 0.425204 0.275648
vt 0.414223 0.290443
vt 0.460038 0.256096
vt 0.472994 0.236363
vt 0.475086 0.238213
vt 0.726537 0.163833
vt 0.709702 0.139026
vt 0.727469 0.162158
vt 0.438795 0.254906
vt 0.452189 0.230520
vt 0.453359 0.232560
vt 0.553481 0.178020
vt 0.535726 0.192043
vt 0.551478 0.176062
vt 0.432261 0.290000
vt 0.444106 0.271013
vt 0.446218 0.272843
vt 0.549334 0.107593
vt 0.562917 0.101179
vt 0.563870 0.103725
vt 0.648689 0.073997
vt 0.622533 0.055125
vt 0.623229 0.053224
vt 0.466139 0.207353
vt 0.482179 0.184616
vt 0.482454 0.186776
vt 0.692944 0.115338
vt 0.674123 0.091649
vt 0.693705 0.113019
vt 0.691071 0.119269
vt 0.672523 0.096330
vt 0.691974 0.117554
vt 0.467994 0.211842
vt 0.483121 0.189248
vt 0.484202 0.191405
vt 0.522221 0.209924
vt 0.503615 0.225289
vt 0.520212 0.207973
vt 0.529082 0.173019
vt 0.546314 0.158601
vt 0.531127 0.174929
vt 0.503294 0.167731
vt 0.525961 0.150103
vt 0.504296 0.169971
vt 0.484000 0.246203
vt 0.465729 0.270177
vt 0.463670 0.268269
vt 0.491277 0.215188
vt 0.512733 0.195087
vt 0.493355 0.217057
vt 0.502493 0.162955
vt 0.524546 0.145163
vt 0.502707 0.165179
vt 0.650103 0.069148
vt 0.623937 0.050778
vt 0.624438 0.048219
vt 0.566770 0.022157
vt 0.558851 0.022316
vt 0.559089 0.020346
vt 0.545779 0.128096
vt 0.563784 0.120197
vt 0.545843 0.130426
vt 0.599757 0.032687
vt 0.578886 0.024488
vt 0.579124 0.021832
vt 0.598787 0.037809
vt 0.577951 0.029028
vt 0.578441 0.027037
vt 0.546240 0.133106
vt 0.564736 0.125323
vt 0.547050 0.135476
vt 0.445040 0.289086
vt 0.431970 0.308193
vt 0.429869 0.306328
vt 0.563194 0.137457
vt 0.569704 0.135489
vt 0.565149 0.139459
vt 0.574429 0.118372
vt 0.581787 0.119156
vt 0.574965 0.120774
vt 0.421301 0.316271
vt 0.418026 0.324617
vt 0.415876 0.322791
vt 0.552913 0.147590
vt 0.560475 0.143909
vt 0.554912 0.149551
vt 0.574437 0.113278
vt 0.581396 0.114103
vt 0.574297 0.115650
vt 0.567138 0.016945
vt 0.559220 0.017837
vt 0.559153 0.015200
vt 0.539568 0.025820
vt 0.533177 0.032940
vt 0.532866 0.031445
vt 0.588035 0.112289
vt 0.593889 0.116522
vt 0.587658 0.114577
vt 0.552240 0.015546
vt 0.545895 0.019873
vt 0.545490 0.017432
vt 0.552512 0.020523
vt 0.546158 0.023963
vt 0.546108 0.022165
vt 0.587494 0.117183
vt 0.593632 0.121159
vt 0.587734 0.119460
vt 0.411555 0.328304
vt 0.409906 0.335411
vt 0.407719 0.333625
vt 0.410927 0.234820
vt 0.412944 0.225969
vt 0.414447 0.227960
vt 0.599950 0.122789
vt 0.606425 0.130279
vt 0.599858 0.124766
vt 0.444507 0.192628
vt 0.435945 0.191747
vt 0.443193 0.190223
vt 0.574466 0.131955
vt 0.577521 0.126743
vt 0.579417 0.128770
vt 0.601122 0.118449
vt 0.607311 0.126335
vt 0.600459 0.120488
vt 0.538599 0.021439
vt 0.532335 0.029502
vt 0.531605 0.027394
vt 0.415295 0.215702
vt 0.424100 0.211102
vt 0.416927 0.217229
vt 0.615410 0.133274
vt 0.622252 0.146415
vt 0.614540 0.135038
vt 0.524477 0.036290
vt 0.518123 0.049652
vt 0.517201 0.047871
vt 0.525925 0.040067
vt 0.519280 0.052563
vt 0.518830 0.051308
vt 0.405617 0.229762
vt 0.411036 0.224108
vt 0.407436 0.231071
vt 0.429210 0.196235
vt 0.418976 0.196665
vt 0.427855 0.193848
vt 0.647584 0.191755
vt 0.653202 0.206626
vt 0.646594 0.193270
vt 0.410606 0.203023
vt 0.399513 0.205466
vt 0.409108 0.200701
vt 0.420160 0.221286
vt 0.425774 0.213203
vt 0.427127 0.215363
vt 0.631742 0.159963
vt 0.639149 0.177772
vt 0.630735 0.161477
vt 0.509791 0.063058
vt 0.504058 0.080711
vt 0.502877 0.079526
vt 0.511656 0.065959
vt 0.505467 0.083014
vt 0.504940 0.081963
vt 0.381864 0.221267
vt 0.381600 0.227808
vt 0.379616 0.226230
vt 0.497359 0.095322
vt 0.494114 0.109970
vt 0.492873 0.108950
vt 0.499458 0.097689
vt 0.495373 0.112673
vt 0.494952 0.111362
vt 0.430592 0.205068
vt 0.439661 0.203813
vt 0.432058 0.206730
vt 0.391689 0.210791
vt 0.387363 0.218257
vt 0.385557 0.216214
vt 0.433661 0.208883
vt 0.442340 0.208275
vt 0.434928 0.211108
vt 0.446140 0.186781
vt 0.444779 0.180852
vt 0.446675 0.181546
vt 0.447260 0.204869
vt 0.452825 0.206799
vt 0.448167 0.207142
vt 0.659438 0.213676
vt 0.663825 0.221716
vt 0.658745 0.215626
vt 0.489553 0.117835
vt 0.488014 0.124914
vt 0.486777 0.123874
vt 0.491571 0.120486
vt 0.488913 0.128898
vt 0.488704 0.126839
vt 0.696064 0.192382
vt 0.699005 0.185776
vt 0.697864 0.192169
vt 0.701956 0.162336
vt 0.702403 0.153374
vt 0.703526 0.161780
vt 0.485988 0.131004
vt 0.482848 0.136356
vt 0.482989 0.133767
vt 0.697949 0.179354
vt 0.700187 0.171580
vt 0.699789 0.179002
vt 0.378479 0.231238
vt 0.379836 0.237413
vt 0.377841 0.236415
vt 0.701806 0.178272
vt 0.703773 0.170172
vt 0.703414 0.177214
vt 0.669007 0.222474
vt 0.674100 0.226410
vt 0.668817 0.224964
vt 0.469551 0.134623
vt 0.465117 0.128493
vt 0.470157 0.132062
vt 0.680023 0.226000
vt 0.685274 0.221593
vt 0.686004 0.224136
vt 0.448086 0.175464
vt 0.448466 0.168055
vt 0.450387 0.169386
vt 0.478870 0.137620
vt 0.474893 0.134610
vt 0.479187 0.134953
vt 0.698036 0.163845
vt 0.698762 0.154848
vt 0.699929 0.163104
vt 0.451668 0.177217
vt 0.452426 0.170583
vt 0.453995 0.171263
vt 0.692341 0.135180
vt 0.686702 0.132131
vt 0.687770 0.130595
vt 0.694130 0.149629
vt 0.692717 0.142622
vt 0.696061 0.148158
vt 0.457569 0.166499
vt 0.460376 0.161440
vt 0.461859 0.162490
vt 0.698109 0.146873
vt 0.696237 0.140117
vt 0.699710 0.146254
vt 0.691416 0.220631
vt 0.695399 0.214337
vt 0.696357 0.216631
vt 0.453972 0.164171
vt 0.456710 0.157583
vt 0.458474 0.159595
vt 0.446754 0.120682
vt 0.439168 0.123367
vt 0.439340 0.120573
vt 0.700230 0.210663
vt 0.706073 0.210259
vt 0.700951 0.213054
vt 0.463957 0.155441
vt 0.468406 0.149305
vt 0.470029 0.151546
vt 0.459707 0.124745
vt 0.453578 0.124480
vt 0.453751 0.121745
vt 0.687372 0.140343
vt 0.685015 0.134264
vt 0.689217 0.138327
vt 0.465658 0.157555
vt 0.472409 0.155450
vt 0.466818 0.158901
vt 0.667970 0.119052
vt 0.662128 0.113514
vt 0.669052 0.117273
vt 0.679311 0.129750
vt 0.671303 0.127369
vt 0.672946 0.125270
vt 0.478209 0.150244
vt 0.486183 0.148840
vt 0.479019 0.152002
vt 0.681973 0.125827
vt 0.674567 0.123013
vt 0.675625 0.121241
vt 0.712252 0.206170
vt 0.719815 0.208190
vt 0.712667 0.208813
vt 0.475248 0.145672
vt 0.483934 0.144649
vt 0.476780 0.147896
vt 0.415217 0.123625
vt 0.406098 0.129730
vt 0.405900 0.127082
vt 0.726897 0.208298
vt 0.733826 0.206475
vt 0.734209 0.209133
vt 0.489885 0.139986
vt 0.499337 0.140026
vt 0.491363 0.142181
vt 0.431737 0.123637
vt 0.424099 0.121655
vt 0.431927 0.120847
vt 0.666334 0.121308
vt 0.657756 0.119631
vt 0.659417 0.117547
vt 0.493658 0.146390
vt 0.500782 0.142393
vt 0.501629 0.144239
vt 0.639443 0.102304
vt 0.631697 0.101256
vt 0.632279 0.099332
vt 0.650260 0.115783
vt 0.644449 0.109931
vt 0.651977 0.113715
vt 0.742570 0.204241
vt 0.750806 0.209843
vt 0.742190 0.206163
vt 0.654571 0.109651
vt 0.646033 0.107674
vt 0.646853 0.105829
vt 0.742022 0.208649
vt 0.750565 0.214783
vt 0.742256 0.211234
vt 0.508383 0.137886
vt 0.515959 0.133654
vt 0.517564 0.135856
vt 0.582883 0.083906
vt 0.577489 0.079649
vt 0.579244 0.078140
vt 0.758714 0.220656
vt 0.766664 0.225736
vt 0.766634 0.228169
vt 0.515522 0.099838
vt 0.523446 0.096957
vt 0.516263 0.102469
vt 0.396896 0.135650
vt 0.387565 0.140504
vt 0.396592 0.133054
vt 0.637281 0.106483
vt 0.628654 0.105682
vt 0.630287 0.103576
vt 0.759818 0.214075
vt 0.767199 0.223441
vt 0.759174 0.215862
vt 0.571511 0.081392
vt 0.569585 0.078220
vt 0.572810 0.079180
vt 0.774498 0.232262
vt 0.781219 0.238486
vt 0.780479 0.240190
vt 0.624806 0.099350
vt 0.619065 0.096623
vt 0.625386 0.097429
vt 0.579324 0.087589
vt 0.574519 0.084081
vt 0.575815 0.081859
vt 0.530072 0.089650
vt 0.537345 0.089071
vt 0.530721 0.092316
vt 0.379529 0.151517
vt 0.371994 0.156353
vt 0.379233 0.148892
vt 0.565380 0.032143
vt 0.564519 0.036201
vt 0.563608 0.033786
vt 0.542200 0.088516
vt 0.546328 0.087722
vt 0.546402 0.090166
vt 0.366777 0.160708
vt 0.362822 0.165994
vt 0.362546 0.163281
vt 0.574393 0.076954
vt 0.572332 0.074303
vt 0.575947 0.075372
vt 0.558384 0.030596
vt 0.563051 0.029531
vt 0.561469 0.031416
vt 0.613471 0.099292
vt 0.608441 0.099854
vt 0.613752 0.097463
vt 0.602852 0.105669
vt 0.598678 0.110975
vt 0.597560 0.110737
vt 0.602301 0.104378
vt 0.596075 0.110470
vt 0.564433 0.080576
vt 0.563334 0.078739
vt 0.565776 0.078335
vt 0.550967 0.092069
vt 0.554559 0.099623
vt 0.550651 0.094175
vt 0.358801 0.164708
vt 0.355979 0.168116
vt 0.355711 0.165439
vt 0.567829 0.074356
vt 0.564051 0.076604
vt 0.563911 0.075072
vt 0.607955 0.103463
vt 0.608532 0.101520
vt 0.571066 0.075964
vt 0.556373 0.097333
vt 0.555582 0.098543
vt 0.551383 0.090384
vt 0.359056 0.167433
vt 0.553546 0.100318
vt 0.550446 0.096104
vt 0.546620 0.092484
vt 0.567035 0.076031
vt 0.568254 0.080433
vt 0.601484 0.103485
vt 0.594657 0.110270
vt 0.607922 0.098728
vt 0.367426 0.165366
vt 0.367053 0.163396
vt 0.372465 0.161098
vt 0.372259 0.159020
vt 0.618532 0.098521
vt 0.556934 0.032121
vt 0.559824 0.032894
vt 0.779961 0.242500
vt 0.783820 0.244720
vt 0.783191 0.246879
vt 0.784680 0.243216
vt 0.612471 0.101446
vt 0.617226 0.100796
vt 0.366610 0.158173
vt 0.362515 0.160654
vt 0.371733 0.153888
vt 0.542745 0.090972
vt 0.538141 0.091606
vt 0.541833 0.085952
vt 0.562721 0.036807
vt 0.561815 0.035075
vt 0.378927 0.146461
vt 0.387215 0.138103
vt 0.387911 0.143084
vt 0.531596 0.094910
vt 0.524341 0.099559
vt 0.522758 0.094292
vt 0.581056 0.085393
vt 0.584906 0.092103
vt 0.773987 0.234593
vt 0.774002 0.237091
vt 0.379714 0.153580
vt 0.388119 0.145093
vt 0.775231 0.230515
vt 0.758715 0.218203
vt 0.750481 0.212276
vt 0.751309 0.207958
vt 0.638769 0.104192
vt 0.635587 0.108570
vt 0.396240 0.130656
vt 0.405595 0.124662
vt 0.517228 0.105020
vt 0.509362 0.108138
vt 0.510411 0.110643
vt 0.508582 0.105536
vt 0.588924 0.097954
vt 0.583145 0.094270
vt 0.593300 0.102624
vt 0.587160 0.100120
vt 0.623414 0.101677
vt 0.586760 0.090638
vt 0.509817 0.140257
vt 0.518949 0.138234
vt 0.506816 0.135692
vt 0.596748 0.107687
vt 0.598386 0.105462
vt 0.742686 0.213380
vt 0.734769 0.211354
vt 0.415239 0.126327
vt 0.406064 0.131843
vt 0.423586 0.126635
vt 0.423950 0.124421
vt 0.661064 0.115296
vt 0.510548 0.142111
vt 0.653613 0.111461
vt 0.397014 0.137696
vt 0.726479 0.205612
vt 0.733863 0.203944
vt 0.719424 0.202957
vt 0.719405 0.205511
vt 0.485349 0.147014
vt 0.664694 0.123400
vt 0.424083 0.119111
vt 0.431953 0.118281
vt 0.439356 0.118013
vt 0.492795 0.144546
vt 0.482453 0.142447
vt 0.727496 0.210544
vt 0.720413 0.210422
vt 0.415052 0.121147
vt 0.471539 0.153838
vt 0.713258 0.210986
vt 0.706683 0.212353
vt 0.705596 0.207712
vt 0.446613 0.123463
vt 0.438789 0.125619
vt 0.446236 0.125741
vt 0.680944 0.127522
vt 0.712240 0.203603
vt 0.705456 0.205204
vt 0.683246 0.136352
vt 0.431342 0.125871
vt 0.699746 0.208397
vt 0.691057 0.136395
vt 0.694707 0.140983
vt 0.690826 0.144455
vt 0.459791 0.122335
vt 0.453721 0.119268
vt 0.465301 0.126135
vt 0.464488 0.130978
vt 0.462256 0.153258
vt 0.701682 0.215080
vt 0.697167 0.218627
vt 0.446731 0.118161
vt 0.455977 0.165676
vt 0.452119 0.162492
vt 0.692065 0.222746
vt 0.686400 0.226393
vt 0.690498 0.218228
vt 0.468342 0.136562
vt 0.473236 0.139294
vt 0.474418 0.137267
vt 0.700817 0.153872
vt 0.694541 0.212287
vt 0.689511 0.216184
vt 0.696813 0.155949
vt 0.459309 0.127332
vt 0.453125 0.126710
vt 0.463384 0.132883
vt 0.679579 0.223373
vt 0.684314 0.219494
vt 0.673979 0.223770
vt 0.678781 0.221170
vt 0.379318 0.242689
vt 0.377351 0.241858
vt 0.702195 0.170916
vt 0.698340 0.172038
vt 0.478943 0.132452
vt 0.474808 0.132096
vt 0.482579 0.131358
vt 0.450122 0.176464
vt 0.448690 0.182435
vt 0.446168 0.174479
vt 0.680128 0.228327
vt 0.673906 0.228740
vt 0.470240 0.129636
vt 0.668376 0.227148
vt 0.663172 0.223703
vt 0.664288 0.219445
vt 0.704761 0.169518
vt 0.704439 0.176164
vt 0.456143 0.208569
vt 0.452921 0.208597
vt 0.701043 0.184939
vt 0.702704 0.183552
vt 0.376635 0.230124
vt 0.375967 0.235648
vt 0.377832 0.224788
vt 0.380489 0.232524
vt 0.697165 0.186074
vt 0.485425 0.128817
vt 0.486031 0.133366
vt 0.477782 0.139680
vt 0.704484 0.161471
vt 0.699915 0.191277
vt 0.441202 0.206007
vt 0.652212 0.208177
vt 0.657114 0.218219
vt 0.651391 0.209018
vt 0.490798 0.118849
vt 0.491897 0.122147
vt 0.383769 0.223104
vt 0.383202 0.229093
vt 0.491635 0.108345
vt 0.488272 0.117393
vt 0.657906 0.217378
vt 0.654090 0.204962
vt 0.448565 0.208974
vt 0.443021 0.210136
vt 0.448150 0.187738
vt 0.448052 0.192677
vt 0.446047 0.191607
vt 0.444245 0.186189
vt 0.435752 0.212937
vt 0.428035 0.217129
vt 0.390153 0.208628
vt 0.383940 0.214193
vt 0.398068 0.203224
vt 0.401139 0.207729
vt 0.422586 0.209462
vt 0.498585 0.096406
vt 0.499941 0.098829
vt 0.496170 0.094573
vt 0.501761 0.078614
vt 0.380163 0.219517
vt 0.510847 0.064526
vt 0.512160 0.067089
vt 0.508806 0.061855
vt 0.516347 0.046372
vt 0.638096 0.179207
vt 0.629775 0.163085
vt 0.621406 0.148252
vt 0.623195 0.144772
vt 0.421111 0.223006
vt 0.415413 0.229637
vt 0.418718 0.219211
vt 0.407729 0.198426
vt 0.417637 0.194376
vt 0.420369 0.199037
vt 0.645547 0.194727
vt 0.640189 0.176334
vt 0.426513 0.191563
vt 0.434571 0.189463
vt 0.437288 0.194147
vt 0.409401 0.232853
vt 0.405435 0.237962
vt 0.407429 0.239671
vt 0.403585 0.236746
vt 0.525302 0.038252
vt 0.526311 0.041445
vt 0.523705 0.034633
vt 0.530910 0.025619
vt 0.613786 0.137031
vt 0.606654 0.128470
vt 0.608098 0.124443
vt 0.409279 0.222702
vt 0.538022 0.019534
vt 0.545052 0.015395
vt 0.539180 0.023704
vt 0.593556 0.119008
vt 0.594405 0.114331
vt 0.576579 0.133646
vt 0.581541 0.130442
vt 0.571785 0.137201
vt 0.567770 0.133476
vt 0.441776 0.187946
vt 0.402508 0.337034
vt 0.405820 0.331648
vt 0.406584 0.340805
vt 0.404386 0.339041
vt 0.405105 0.244622
vt 0.407124 0.246213
vt 0.566695 0.131663
vt 0.572547 0.129928
vt 0.586732 0.127773
vt 0.590059 0.124045
vt 0.592198 0.125717
vt 0.584594 0.126103
vt 0.582707 0.124070
vt 0.409636 0.326362
vt 0.413936 0.320877
vt 0.413723 0.330107
vt 0.562028 0.135721
vt 0.557240 0.140275
vt 0.558501 0.141929
vt 0.581391 0.116796
vt 0.552475 0.018099
vt 0.552413 0.022429
vt 0.551936 0.013424
vt 0.558982 0.013019
vt 0.581645 0.111751
vt 0.539763 0.027467
vt 0.567085 0.014747
vt 0.425101 0.319281
vt 0.423429 0.318115
vt 0.567055 0.019609
vt 0.564055 0.122915
vt 0.563817 0.117833
vt 0.556913 0.151337
vt 0.562497 0.145671
vt 0.548290 0.160412
vt 0.544290 0.156664
vt 0.419347 0.314384
vt 0.427901 0.304473
vt 0.551563 0.146018
vt 0.542846 0.155182
vt 0.567201 0.141200
vt 0.443054 0.287258
vt 0.461665 0.266462
vt 0.447116 0.290972
vt 0.527553 0.171623
vt 0.509074 0.191880
vt 0.510674 0.193202
vt 0.525048 0.147792
vt 0.599376 0.035301
vt 0.598183 0.039762
vt 0.433566 0.309456
vt 0.448637 0.292326
vt 0.524400 0.142878
vt 0.566408 0.024155
vt 0.486039 0.248127
vt 0.467182 0.271609
vt 0.506969 0.228795
vt 0.505638 0.227230
vt 0.673427 0.094044
vt 0.495268 0.218927
vt 0.514660 0.196936
vt 0.476982 0.240099
vt 0.481980 0.244416
vt 0.501579 0.223520
vt 0.489615 0.213937
vt 0.533077 0.176762
vt 0.518166 0.206217
vt 0.533674 0.190296
vt 0.537727 0.194001
vt 0.457935 0.254258
vt 0.471276 0.235176
vt 0.454548 0.234008
vt 0.469155 0.213331
vt 0.466859 0.209753
vt 0.710714 0.136863
vt 0.708765 0.140700
vt 0.523509 0.211534
vt 0.538986 0.195641
vt 0.577256 0.098566
vt 0.578182 0.101118
vt 0.649501 0.071625
vt 0.671671 0.098102
vt 0.437633 0.252872
vt 0.451436 0.228172
vt 0.423521 0.271191
vt 0.424153 0.273565
vt 0.535078 0.108716
vt 0.448098 0.274752
vt 0.434147 0.291914
vt 0.421088 0.307979
vt 0.430143 0.288164
vt 0.549425 0.174313
vt 0.563848 0.159678
vt 0.439979 0.256356
vt 0.426311 0.277154
vt 0.461924 0.257996
vt 0.405010 0.315405
vt 0.417051 0.304198
vt 0.396482 0.325230
vt 0.397786 0.326819
vt 0.404431 0.297867
vt 0.757814 0.196608
vt 0.756695 0.200861
vt 0.578611 0.152467
vt 0.569255 0.164955
vt 0.580132 0.153790
vt 0.413155 0.285699
vt 0.582791 0.139932
vt 0.573338 0.147580
vt 0.581829 0.138569
vt 0.410601 0.320608
vt 0.401893 0.330667
vt 0.554744 0.179655
vt 0.394910 0.337968
vt 0.389100 0.343471
vt 0.385021 0.339649
vt 0.588925 0.132907
vt 0.595493 0.129035
vt 0.593621 0.127096
vt 0.593007 0.136638
vt 0.389646 0.332421
vt 0.383937 0.337863
vt 0.389621 0.301080
vt 0.777487 0.210506
vt 0.777395 0.214915
vt 0.588612 0.144769
vt 0.784324 0.205976
vt 0.776876 0.205905
vt 0.574499 0.148708
vt 0.791422 0.206124
vt 0.796578 0.199485
vt 0.797393 0.202967
vt 0.790300 0.202123
vt 0.795197 0.195771
vt 0.378649 0.290225
vt 0.384536 0.347109
vt 0.378699 0.347796
vt 0.380852 0.349525
vt 0.564064 0.074763
vt 0.560493 0.070731
vt 0.556646 0.066940
vt 0.560120 0.062770
vt 0.390488 0.296533
vt 0.552588 0.063527
vt 0.548305 0.060286
vt 0.551841 0.056042
vt 0.572160 0.048026
vt 0.570699 0.052230
vt 0.803629 0.179026
vt 0.805044 0.181426
vt 0.798863 0.187026
vt 0.801663 0.176228
vt 0.374508 0.281216
vt 0.370965 0.269983
vt 0.376134 0.277619
vt 0.558174 0.051883
vt 0.551875 0.053389
vt 0.558778 0.049684
vt 0.558084 0.053698
vt 0.803542 0.162482
vt 0.804364 0.147384
vt 0.806853 0.148290
vt 0.368058 0.255564
vt 0.366079 0.239729
vt 0.370327 0.253420
vt 0.581538 0.046138
vt 0.588534 0.050166
vt 0.595059 0.055804
vt 0.585842 0.053881
vt 0.543549 0.057126
vt 0.538852 0.054348
vt 0.542387 0.050106
vt 0.583416 0.057975
vt 0.568269 0.044126
vt 0.574846 0.044319
vt 0.368467 0.223395
vt 0.369475 0.238007
vt 0.554831 0.067386
vt 0.549106 0.066618
vt 0.550841 0.064388
vt 0.597386 0.067072
vt 0.601373 0.075931
vt 0.594029 0.070599
vt 0.803428 0.131910
vt 0.801320 0.116272
vt 0.365761 0.223444
vt 0.366588 0.206904
vt 0.808763 0.148780
vt 0.801156 0.096614
vt 0.797609 0.081670
vt 0.798652 0.079908
vt 0.803016 0.093958
vt 0.367905 0.189096
vt 0.371486 0.176026
vt 0.370150 0.174494
vt 0.372817 0.177061
vt 0.798683 0.098952
vt 0.795251 0.084562
vt 0.796376 0.083312
vt 0.539006 0.058117
vt 0.546050 0.060265
vt 0.544221 0.062433
vt 0.533497 0.054061
vt 0.540805 0.055929
vt 0.606967 0.094925
vt 0.608612 0.093035
vt 0.559403 0.070989
vt 0.562122 0.077213
vt 0.563913 0.075070
vt 0.555683 0.074933
vt 0.600068 0.063370
vt 0.548628 0.066314
vt 0.604887 0.096370
vt 0.602958 0.097244
vt 0.452402 0.800632
vt 0.444231 0.843589
vt 0.444069 0.800624
vt 0.452564 0.843596
vt 0.444706 0.883288
vt 0.453039 0.883295
vt 0.445462 0.917017
vt 0.453795 0.917024
vt 0.446447 0.942477
vt 0.454780 0.942484
vt 0.447594 0.957933
vt 0.455927 0.957940
vt 0.448825 0.962331
vt 0.486919 0.629035
vt 0.477355 0.636303
vt 0.478586 0.629027
vt 0.485688 0.636312
vt 0.476208 0.654438
vt 0.484541 0.654447
vt 0.475223 0.682195
vt 0.483556 0.682204
vt 0.474468 0.717684
vt 0.482800 0.717692
vt 0.473992 0.758484
vt 0.482325 0.758493
vt 0.473830 0.801817
vt 0.482163 0.801826
vt 0.473992 0.844729
vt 0.482325 0.844737
vt 0.474468 0.884295
vt 0.482800 0.884304
vt 0.475223 0.917819
vt 0.483556 0.917828
vt 0.476208 0.943017
vt 0.484541 0.943026
vt 0.477355 0.958171
vt 0.485688 0.958180
vt 0.478586 0.962249
vt 0.457158 0.629034
vt 0.447594 0.635985
vt 0.448825 0.629027
vt 0.455927 0.635992
vt 0.446447 0.653826
vt 0.454780 0.653834
vt 0.445462 0.681335
vt 0.453795 0.681342
vt 0.444706 0.716636
vt 0.010797 0.318493
vt 0.094417 0.285940
vt 0.094417 0.307635
vt 0.453039 0.716643
vt 0.444231 0.757323
vt 0.452564 0.757330
vt 0.515131 0.919685
vt 0.605501 0.882105
vt 0.592733 0.979324
vt 0.239526 0.450691
vt 0.227189 0.362678
vt 0.277158 0.428918
vt 0.154100 0.461983
vt 0.144927 0.373552
vt 0.165849 0.379160
vt 0.340857 0.318389
vt 0.258941 0.285888
vt 0.340857 0.274865
vt 0.239526 0.142627
vt 0.187509 0.214363
vt 0.197554 0.131375
vt 0.043770 0.195226
vt 0.100024 0.264983
vt 0.022044 0.232926
vt 0.043770 0.398216
vt 0.126169 0.362710
vt 0.074496 0.428982
vt 0.307884 0.398132
vt 0.253335 0.328541
vt 0.329610 0.360433
vt 0.307884 0.195143
vt 0.227189 0.230813
vt 0.277158 0.164377
vt 0.187509 0.379154
vt 0.197554 0.461969
vt 0.074496 0.164441
vt 0.144928 0.219992
vt 0.126169 0.230845
vt 0.022044 0.360530
vt 0.100023 0.328589
vt 0.253335 0.264934
vt 0.329610 0.232828
vt 0.154101 0.131389
vt 0.165849 0.214370
vt 0.010797 0.274970
vt 0.112128 0.450732
vt 0.258941 0.307583
vt 0.208431 0.219972
vt 0.110854 0.246191
vt 0.110853 0.347374
vt 0.242505 0.347333
vt 0.208431 0.373532
vt 0.242505 0.246149
vt 0.112128 0.142667
vt 0.181929 0.334910
vt 0.191610 0.332308
vt 0.177017 0.296795
vt 0.200290 0.327286
vt 0.207377 0.320185
vt 0.212388 0.311490
vt 0.214982 0.301792
vt 0.214982 0.291754
vt 0.212388 0.282058
vt 0.207377 0.273365
vt 0.200290 0.266269
vt 0.191610 0.261252
vt 0.181929 0.258657
vt 0.171907 0.258660
vt 0.162226 0.261262
vt 0.153546 0.266284
vt 0.146459 0.273385
vt 0.141447 0.282080
vt 0.138853 0.291778
vt 0.138853 0.301816
vt 0.141447 0.311512
vt 0.146459 0.320205
vt 0.153546 0.327301
vt 0.162226 0.332318
vt 0.171907 0.334913
vt 0.030014 0.126241
vt 0.042744 0.115354
vt 0.042744 0.126265
vt 0.030014 0.115331
vt 0.042691 0.106873
vt 0.112117 0.037893
vt 0.124573 0.027350
vt 0.124832 0.037776
vt 0.111858 0.027467
vt 0.124573 0.016445
vt 0.111858 0.016561
vt 0.124832 0.007981
vt 0.099916 0.125627
vt 0.112804 0.115898
vt 0.112640 0.125639
vt 0.100080 0.115886
vt 0.112804 0.104820
vt 0.100080 0.104809
vt 0.112640 0.095375
vt 0.113020 0.058725
vt 0.099916 0.068411
vt 0.100328 0.058704
vt 0.112607 0.068432
vt 0.099916 0.079489
vt 0.038279 0.013513
vt 0.029162 0.049332
vt 0.004255 0.023139
vt 0.112607 0.079511
vt 0.100328 0.088972
vt 0.029961 0.136658
vt 0.042691 0.136682
vt 0.011445 0.106854
vt 0.023899 0.119951
vt 0.006886 0.124764
vt 0.049605 0.136289
vt 0.054240 0.109626
vt 0.054240 0.136371
vt 0.133041 0.095494
vt 0.128080 0.122312
vt 0.128080 0.095585
vt 0.081647 0.136107
vt 0.086918 0.109421
vt 0.086918 0.136098
vt 0.059510 0.109621
vt 0.059510 0.136367
vt 0.122892 0.122265
vt 0.122892 0.095537
vt 0.091429 0.109197
vt 0.091429 0.135874
vt 0.124038 0.085506
vt 0.129229 0.058739
vt 0.129229 0.085496
vt 0.064003 0.109531
vt 0.064003 0.136277
vt 0.118866 0.122092
vt 0.118866 0.095364
vt 0.119082 0.085487
vt 0.124038 0.058748
vt 0.133264 0.058704
vt 0.133264 0.085461
vt 0.077029 0.135898
vt 0.081647 0.109430
vt 0.514570 0.811337
vt 0.548604 0.762953
vt 0.539577 0.811337
vt 0.068785 0.838003
vt 0.009886 0.790678
vt 0.068785 0.748444
vt 0.137088 0.928465
vt 0.158593 0.963477
vt 0.137088 0.953474
vt 0.562297 0.656404
vt 0.503592 0.703747
vt 0.524510 0.629027
vt 0.958875 0.010289
vt 0.983882 0.056918
vt 0.958875 0.056900
vt 0.749936 0.889781
vt 0.714978 0.874549
vt 0.749988 0.874574
vt 0.750130 0.862993
vt 0.715121 0.862968
vt 0.750325 0.858140
vt 0.600289 0.762953
vt 0.565277 0.765907
vt 0.565277 0.762953
vt 0.600289 0.776091
vt 0.565277 0.776091
vt 0.565277 0.790777
vt 0.600289 0.790777
vt 0.565277 0.806028
vt 0.600289 0.806028
vt 0.565277 0.817758
vt 0.600289 0.822825
vt 0.565277 0.822825
vt 0.715315 0.918042
vt 0.750130 0.914892
vt 0.750325 0.918068
vt 0.236636 0.785200
vt 0.186470 0.798653
vt 0.199911 0.748444
vt 0.715121 0.914866
vt 0.749988 0.904538
vt 0.714978 0.904513
vt 0.661538 0.916090
vt 0.648099 0.865878
vt 0.698254 0.879346
vt 0.874085 0.010289
vt 0.856693 0.301488
vt 0.856693 0.010289
vt 0.942995 0.991111
vt 0.958175 0.426645
vt 0.958175 0.993775
vt 0.890758 0.294837
vt 0.908144 0.010289
vt 0.908144 0.294447
vt 0.847454 0.426668
vt 0.862626 0.991574
vt 0.847454 0.994261
vt 0.853708 0.318161
vt 0.868116 0.335553
vt 0.853708 0.335553
vt 0.095044 0.974891
vt 0.088289 0.918598
vt 0.095044 0.918676
vt 0.840020 0.010289
vt 0.822628 0.301488
vt 0.822628 0.010289
vt 0.911143 0.991111
vt 0.926323 0.426645
vt 0.926323 0.993775
vt 0.942203 0.010289
vt 0.924817 0.294837
vt 0.924817 0.010679
vt 0.894470 0.991575
vt 0.879298 0.426668
vt 0.894470 0.423981
vt 0.837036 0.335553
vt 0.822628 0.318161
vt 0.837036 0.318161
vt 0.103915 0.918700
vt 0.599975 0.660682
vt 0.579022 0.645461
vt 0.600028 0.645476
vt 0.579164 0.633879
vt 0.600170 0.633895
vt 0.600365 0.629042
vt 0.251346 0.897742
vt 0.230339 0.900697
vt 0.230339 0.897742
vt 0.251346 0.900697
vt 0.230339 0.910881
vt 0.251346 0.910881
vt 0.230339 0.925566
vt 0.251346 0.925566
vt 0.230339 0.940817
vt 0.251346 0.940817
vt 0.230339 0.952548
vt 0.251346 0.952548
vt 0.230339 0.957615
vt 0.579359 0.688954
vt 0.600170 0.685793
vt 0.600365 0.688969
vt 0.178708 0.844313
vt 0.228875 0.830861
vt 0.215433 0.881069
vt 0.579164 0.685778
vt 0.600028 0.675440
vt 0.579022 0.675424
vt 0.122168 0.843814
vt 0.135621 0.894021
vt 0.085462 0.880568
vt 0.088289 0.974813
vt 0.085458 0.918487
vt 0.749852 0.934740
vt 0.748128 0.990960
vt 0.748128 0.934740
vt 0.742187 0.934740
vt 0.742187 0.990960
vt 0.733621 0.934740
vt 0.733621 0.990960
vt 0.724725 0.934740
vt 0.724725 0.990960
vt 0.717882 0.934740
vt 0.717882 0.990960
vt 0.714926 0.934740
vt 0.120416 0.974676
vt 0.118563 0.918576
vt 0.120416 0.918461
vt 0.525015 0.861829
vt 0.503592 0.840388
vt 0.532855 0.832540
vt 0.112523 0.974879
vt 0.112523 0.918664
vt 0.980293 0.073593
vt 0.988132 0.102883
vt 0.958875 0.095027
vt 0.972895 0.993512
vt 0.985888 0.631149
vt 0.985888 0.993649
vt 0.275931 0.989126
vt 0.298954 0.521869
vt 0.298954 0.989363
vt 0.384734 0.987177
vt 0.397729 0.629027
vt 0.397729 0.987177
vt 0.767042 0.485722
vt 0.790087 0.952651
vt 0.767041 0.952869
vt 0.338649 0.521869
vt 0.315627 0.989126
vt 0.315627 0.521632
vt 0.414402 0.987177
vt 0.427396 0.629027
vt 0.427397 0.987177
vt 0.829805 0.952651
vt 0.806760 0.485723
vt 0.829805 0.485505
vt 0.368062 0.991664
vt 0.355069 0.629027
vt 0.368062 0.629164
vt 0.188295 0.954172
vt 0.181539 0.897879
vt 0.188295 0.897957
vt 0.197166 0.897981
vt 0.181539 0.954094
vt 0.178708 0.897767
vt 0.640340 0.932767
vt 0.642063 0.988987
vt 0.640340 0.988987
vt 0.642063 0.932767
vt 0.648004 0.988987
vt 0.648004 0.932767
vt 0.656570 0.988987
vt 0.656570 0.932767
vt 0.665467 0.988987
vt 0.665467 0.932767
vt 0.672310 0.988987
vt 0.672310 0.932767
vt 0.675265 0.988987
vt 0.213666 0.953957
vt 0.211814 0.897857
vt 0.213666 0.897742
vt 0.009886 0.968659
vt 0.039150 0.960812
vt 0.031309 0.990101
vt 0.205774 0.954160
vt 0.205774 0.897944
vt 0.980290 0.124084
vt 0.988137 0.153372
vt 0.958878 0.145525
vt 0.037271 0.522380
vt 0.082047 0.562537
vt 0.025172 0.557697
vt 0.693228 0.654281
vt 0.670119 0.485802
vt 0.691730 0.485505
vt 0.170639 0.479559
vt 0.142376 0.550029
vt 0.133087 0.483311
vt 0.665274 0.654878
vt 0.652073 0.486350
vt 0.259832 0.589607
vt 0.176549 0.602454
vt 0.241002 0.557041
vt 0.657003 0.655383
vt 0.640340 0.487067
vt 0.096702 0.470844
vt 0.121748 0.469340
vt 0.098725 0.474060
vt 0.044907 0.939608
vt 0.031632 0.881861
vt 0.053403 0.886074
vt 0.030617 0.516359
vt 0.020694 0.538939
vt 0.016844 0.537607
vt 0.014232 0.939608
vt 0.009886 0.886074
vt 0.030617 0.690820
vt 0.020694 0.668240
vt 0.033736 0.688359
vt 0.732749 0.841442
vt 0.735981 0.672625
vt 0.748928 0.673108
vt 0.148897 0.741321
vt 0.172650 0.733119
vt 0.173212 0.736335
vt 0.710331 0.840842
vt 0.717125 0.672256
vt 0.173212 0.470844
vt 0.149627 0.469340
vt 0.148897 0.465858
vt 0.694897 0.840701
vt 0.695231 0.672056
vt 0.268576 0.617958
vt 0.261350 0.641690
vt 0.265929 0.617958
vt 0.673631 0.672056
vt 0.198969 0.481841
vt 0.217925 0.498500
vt 0.198408 0.485058
vt 0.679671 0.840701
vt 0.655615 0.672256
vt 0.417022 0.573905
vt 0.462748 0.510104
vt 0.449740 0.583479
vt 0.666971 0.840842
vt 0.643924 0.672625
vt 0.006175 0.564157
vt 0.005446 0.589221
vt 0.001338 0.589221
vt 0.658731 0.841102
vt 0.640340 0.673108
vt 0.070945 0.725338
vt 0.053450 0.708679
vt 0.072968 0.722122
vt 0.750369 0.487068
vt 0.731026 0.654878
vt 0.745351 0.486350
vt 0.198970 0.725338
vt 0.217926 0.708679
vt 0.219583 0.711141
vt 0.732445 0.485802
vt 0.162036 0.795892
vt 0.116131 0.827028
vt 0.085458 0.779693
vt 0.009886 0.617147
vt 0.065833 0.602790
vt 0.025172 0.649516
vt 0.708656 0.654281
vt 0.713616 0.485505
vt 0.024389 0.665203
vt 0.070047 0.624536
vt 0.050492 0.688360
vt 0.263740 0.564157
vt 0.265929 0.589221
vt 0.261350 0.565490
vt 0.479645 0.361006
vt 0.492426 0.438453
vt 0.449740 0.377371
vt 0.074989 0.490098
vt 0.100007 0.550158
vt 0.050492 0.518699
vt 0.214010 0.502907
vt 0.160335 0.562300
vt 0.177787 0.492307
vt 0.255309 0.639759
vt 0.172336 0.624225
vt 0.249893 0.602924
vt 0.100006 0.655215
vt 0.133087 0.723247
vt 0.099080 0.727194
vt 0.070945 0.481841
vt 0.053450 0.498500
vt 0.050331 0.496039
vt 0.001338 0.617958
vt 0.010025 0.641690
vt 0.006175 0.643022
vt 0.239297 0.516359
vt 0.250681 0.538939
vt 0.237639 0.518821
vt 0.121017 0.741321
vt 0.098725 0.733119
vt 0.121748 0.737840
vt 0.253071 0.669572
vt 0.237639 0.688359
vt 0.250681 0.668240
vt 0.121191 0.659479
vt 0.177787 0.713979
vt 0.147897 0.731692
vt 0.055709 0.703846
vt 0.082047 0.642945
vt 0.088387 0.714250
vt 0.014410 0.566994
vt 0.070047 0.581020
vt 0.016280 0.603633
vt 0.121822 0.475061
vt 0.121191 0.545766
vt 0.088387 0.492579
vt 0.245330 0.541550
vt 0.172336 0.580709
vt 0.215681 0.518198
vt 0.232448 0.684373
vt 0.160335 0.642707
vt 0.241002 0.648861
vt 0.549934 0.585863
vt 0.508488 0.519202
vt 0.571300 0.559299
vt 0.434918 0.374987
vt 0.476364 0.441648
vt 0.413552 0.401551
vt 0.585906 0.555829
vt 0.522105 0.510104
vt 0.595480 0.523111
vt 0.398946 0.405021
vt 0.462748 0.450746
vt 0.389372 0.437739
vt 0.607646 0.514316
vt 0.531203 0.496487
vt 0.603971 0.480425
vt 0.377206 0.446534
vt 0.453649 0.464363
vt 0.380881 0.480425
vt 0.611845 0.467644
vt 0.534398 0.480425
vt 0.595480 0.437739
vt 0.373007 0.493206
vt 0.450454 0.480425
vt 0.389372 0.523111
vt 0.597864 0.422917
vt 0.531203 0.464363
vt 0.571300 0.401551
vt 0.458535 0.595645
vt 0.476364 0.519202
vt 0.492426 0.591970
vt 0.567830 0.386945
vt 0.522105 0.450746
vt 0.535112 0.377371
vt 0.386988 0.537933
vt 0.453649 0.496487
vt 0.413552 0.559299
vt 0.505207 0.599844
vt 0.492426 0.522397
vt 0.535112 0.583479
vt 0.526317 0.365205
vt 0.508488 0.441648
vt 0.492426 0.368880
vt 0.723952 0.459318
vt 0.729509 0.443267
vt 0.728250 0.459561
vt 0.665167 0.363019
vt 0.661340 0.346847
vt 0.668798 0.360340
vt 0.688178 0.369739
vt 0.679457 0.355348
vt 0.684863 0.353794
vt 0.731561 0.460254
vt 0.733810 0.444167
vt 0.682444 0.383370
vt 0.674363 0.398299
vt 0.678192 0.382542
vt 0.685882 0.383369
vt 0.679884 0.399375
vt 0.724988 0.284204
vt 0.721399 0.300441
vt 0.720706 0.284329
vt 0.673774 0.381010
vt 0.668624 0.396310
vt 0.715379 0.300441
vt 0.716072 0.284329
vt 0.663543 0.393710
vt 0.669861 0.379009
vt 0.711790 0.284204
vt 0.709818 0.300279
vt 0.667050 0.376842
vt 0.659892 0.390896
vt 0.673013 0.376842
vt 0.675808 0.374779
vt 0.719323 0.459561
vt 0.712387 0.444167
vt 0.717915 0.443267
vt 0.679672 0.372705
vt 0.673816 0.357646
vt 0.723928 0.442951
vt 0.684016 0.370935
vt 0.714434 0.315613
vt 0.722140 0.321005
vt 0.721901 0.320964
vt 0.716284 0.427650
vt 0.667934 0.343307
vt 0.724185 0.427235
vt 0.675348 0.340287
vt 0.731520 0.427650
vt 0.682452 0.338245
vt 0.737172 0.428832
vt 0.670922 0.413628
vt 0.684349 0.399374
vt 0.678179 0.415042
vt 0.729652 0.315400
vt 0.722344 0.315613
vt 0.663381 0.411014
vt 0.656703 0.407598
vt 0.707126 0.315400
vt 0.651905 0.403900
vt 0.655984 0.413164
vt 0.655764 0.413059
vt 0.713964 0.321441
vt 0.710389 0.320896
vt 0.653766 0.412930
vt 0.652135 0.410557
vt 0.656568 0.350368
vt 0.656394 0.343555
vt 0.658093 0.341583
vt 0.709020 0.428832
vt 0.707474 0.423069
vt 0.661166 0.340590
vt 0.717556 0.422268
vt 0.717812 0.422261
vt 0.666931 0.337377
vt 0.670286 0.336303
vt 0.724378 0.421301
vt 0.727695 0.421968
vt 0.681052 0.332810
vt 0.681258 0.332706
vt 0.732584 0.421587
vt 0.735927 0.422813
vt 0.674180 0.420012
vt 0.669668 0.419659
vt 0.684046 0.415041
vt 0.681810 0.420514
vt 0.678264 0.421139
vt 0.731012 0.321311
vt 0.730362 0.321093
vt 0.669419 0.419456
vt 0.725288 0.367590
vt 0.724404 0.367590
vt 0.725305 0.366972
vt 0.798389 0.443624
vt 0.798552 0.443858
vt 0.797736 0.444229
vt 0.645814 0.461090
vt 0.645664 0.461013
vt 0.645857 0.460925
vt 0.634195 0.454984
vt 0.634350 0.455225
vt 0.634166 0.455131
vt 0.698702 0.366719
vt 0.698918 0.367223
vt 0.698742 0.367218
vt 0.688699 0.379572
vt 0.688778 0.379546
vt 0.688686 0.379729
vt 0.698388 0.367193
vt 0.688985 0.366531
vt 0.688955 0.366282
vt 0.689197 0.366546
vt 0.711004 0.374423
vt 0.711006 0.374577
vt 0.710901 0.374440
vt 0.636650 0.300519
vt 0.636900 0.300384
vt 0.636706 0.300748
vt 0.647736 0.294568
vt 0.648153 0.294344
vt 0.648290 0.294791
vt 0.711222 0.374412
vt 0.724799 0.373876
vt 0.724609 0.373708
vt 0.724786 0.373699
vt 0.648332 0.294271
vt 0.725028 0.373713
vt 0.673476 0.285514
vt 0.673710 0.286046
vt 0.672682 0.285743
vt 0.738114 0.366226
vt 0.738472 0.367188
vt 0.738036 0.367219
vt 0.671954 0.467274
vt 0.671628 0.468116
vt 0.671060 0.468006
vt 0.673883 0.285461
vt 0.682739 0.284296
vt 0.683442 0.284204
vt 0.683856 0.285053
vt 0.725807 0.367575
vt 0.737138 0.367245
vt 0.646063 0.461176
vt 0.749700 0.390316
vt 0.749510 0.390161
vt 0.749945 0.389683
vt 0.808072 0.433034
vt 0.808526 0.432552
vt 0.808290 0.433177
vt 0.798949 0.443422
vt 0.807604 0.433930
vt 0.725236 0.367939
vt 0.737899 0.367544
vt 0.813543 0.404116
vt 0.813543 0.404402
vt 0.813458 0.404136
vt 0.813475 0.403936
vt 0.808257 0.390161
vt 0.808341 0.390381
vt 0.808211 0.390193
vt 0.698787 0.367327
vt 0.808178 0.390073
vt 0.749543 0.433177
vt 0.749606 0.433129
vt 0.749896 0.433564
vt 0.759298 0.443858
vt 0.759320 0.443819
vt 0.785750 0.373756
vt 0.785763 0.373699
vt 0.785866 0.373746
vt 0.759575 0.443984
vt 0.772048 0.449553
vt 0.772037 0.449639
vt 0.771576 0.449429
vt 0.785545 0.373699
vt 0.771979 0.373699
vt 0.772156 0.373699
vt 0.771990 0.373789
vt 0.648139 0.294254
vt 0.771738 0.373808
vt 0.194730 0.716655
vt 0.170639 0.726977
vt 0.121822 0.731772
vt 0.214009 0.703366
vt 0.215681 0.687858
vt 0.245330 0.664532
vt 0.259832 0.616388
vt 0.255309 0.566263
vt 0.232448 0.521788
vt 0.194730 0.489734
vt 0.147897 0.474982
vt 0.099080 0.479776
vt 0.055709 0.503387
vt 0.024389 0.542221
vt 0.009887 0.590365
vt 0.014410 0.640490
vt 0.037271 0.684965
vt 0.074989 0.717019
vt 0.434918 0.585863
vt 0.479645 0.599844
vt 0.398946 0.555829
vt 0.377206 0.514316
vt 0.373007 0.467644
vt 0.386988 0.422917
vt 0.417022 0.386945
vt 0.458535 0.365205
vt 0.505208 0.361006
vt 0.549934 0.374987
vt 0.585906 0.405021
vt 0.607646 0.446534
vt 0.611845 0.493206
vt 0.597864 0.537933
vt 0.567830 0.573905
vt 0.526317 0.595645
vt 0.010025 0.565489
vt 0.005446 0.617958
vt 0.050331 0.711141
vt 0.096702 0.736335
vt 0.198408 0.722122
vt 0.268576 0.589221
vt 0.253070 0.537607
vt 0.172650 0.474060
vt 0.121017 0.465858
vt 0.016844 0.669572
vt 0.072968 0.485058
vt 0.149628 0.737840
vt 0.263740 0.643022
vt 0.219583 0.496039
vt 0.142376 0.655087
vt 0.578970 0.732824
vt 0.603970 0.705839
vt 0.603970 0.733021
vt 0.908322 0.313723
vt 0.933318 0.340754
vt 0.908322 0.340902
vt 0.983884 0.174576
vt 0.958875 0.201464
vt 0.958875 0.174576
vt 0.949991 0.340519
vt 0.974997 0.313618
vt 0.974997 0.340563
vt 0.054778 0.058734
vt 0.060545 0.103062
vt 0.055583 0.103087
vt 0.070442 0.052290
vt 0.064541 0.007981
vt 0.069229 0.008001
vt 0.049605 0.058819
vt 0.051214 0.103160
vt 0.074790 0.052333
vt 0.072901 0.008037
vt 0.025616 0.056299
vt 0.020348 0.100112
vt 0.020987 0.055865
vt 0.077029 0.102826
vt 0.083122 0.058704
vt 0.082385 0.102609
vt 0.015547 0.099983
vt 0.015301 0.055712
vt 0.088293 0.102609
vt 0.088111 0.058704
vt 0.009426 0.055865
vt 0.010586 0.100112
vt 0.092806 0.058887
vt 0.093853 0.102826
vt 0.049605 0.052333
vt 0.055019 0.008001
vt 0.053614 0.052290
vt 0.004255 0.056299
vt 0.006219 0.100479
vt 0.066339 0.058734
vt 0.069253 0.103160
vt 0.065345 0.103088
vt 0.058982 0.052266
vt 0.059551 0.007982
vt 0.060655 0.058704
vt 0.064891 0.052266
vt 0.103897 0.028621
vt 0.086259 0.032379
vt 0.082751 0.013735
vt 0.518738 0.476015
vt 0.497870 0.507247
vt 0.466637 0.486378
vt 0.485146 0.444641
vt 0.498250 0.451960
vt 0.486602 0.451960
vt 0.485147 0.517836
vt 0.498250 0.510517
vt 0.499706 0.517836
vt 0.475841 0.456418
vt 0.471695 0.450213
vt 0.523452 0.501969
vt 0.509011 0.506059
vt 0.517247 0.497823
vt 0.513157 0.512264
vt 0.467606 0.464654
vt 0.461400 0.460508
vt 0.521704 0.487062
vt 0.529024 0.488518
vt 0.455829 0.473959
vt 0.463148 0.475415
vt 0.529024 0.473959
vt 0.521704 0.475415
vt 0.455829 0.488518
vt 0.463148 0.487062
vt 0.523452 0.460508
vt 0.517247 0.464654
vt 0.467606 0.497823
vt 0.461400 0.501969
vt 0.509011 0.456418
vt 0.513157 0.450213
vt 0.471695 0.512265
vt 0.475842 0.506059
vt 0.499706 0.444641
vt 0.486603 0.510517
vt 0.750000 0.937500
vt 0.718750 0.937500
vt 0.734375 1.000000
vt 0.718750 0.875000
vt 0.750000 0.875000
vt 0.741218 0.407083
vt 0.740172 0.396319
vt 0.736205 0.400523
vt 0.750000 0.812500
vt 0.720326 0.812500
vt 0.724062 0.807774
vt 0.687500 0.937500
vt 0.703125 1.000000
vt 0.687500 0.875000
vt 0.687500 0.826058
vt 0.656250 0.937500
vt 0.671875 1.000000
vt 0.656250 0.875000
vt 0.679393 0.416850
vt 0.680099 0.425012
vt 0.682067 0.419100
vt 0.656260 0.827220
vt 0.625000 0.937500
vt 0.640625 1.000000
vt 0.625000 0.875000
vt 0.625000 0.840587
vt 0.656250 0.827228
vt 0.593750 0.937500
vt 0.609375 1.000000
vt 0.593750 0.875000
vt 0.593750 0.842812
vt 0.562500 0.937500
vt 0.578125 1.000000
vt 0.562500 0.848212
vt 0.559950 0.453037
vt 0.559781 0.448061
vt 0.557686 0.449197
vt 0.562500 0.875000
vt 0.531250 0.937500
vt 0.531250 0.852178
vt 0.546875 1.000000
vt 0.500000 0.937500
vt 0.515625 1.000000
vt 0.531250 0.875000
vt 0.500000 0.846091
vt 0.468750 0.875000
vt 0.468750 0.937500
vt 0.500000 0.875000
vt 0.468750 0.852179
vt 0.484375 1.000000
vt 0.437500 0.937500
vt 0.453125 1.000000
vt 0.440051 0.453034
vt 0.440220 0.448061
vt 0.439378 0.448895
vt 0.437500 0.875000
vt 0.468750 0.852178
vt 0.437500 0.848212
vt 0.406250 0.875000
vt 0.419246 0.839520
vt 0.406250 0.937500
vt 0.421875 1.000000
vt 0.375000 0.937500
vt 0.390625 1.000000
vt 0.375000 0.875000
vt 0.406250 0.842813
vt 0.375000 0.840588
vt 0.359375 1.000000
vt 0.343750 0.937500
vt 0.343750 0.875000
vt 0.343750 0.827229
vt 0.328125 1.000000
vt 0.312500 0.937500
vt 0.320607 0.416853
vt 0.319902 0.425007
vt 0.324119 0.421088
vt 0.312500 0.826059
vt 0.296875 1.000000
vt 0.281250 0.937500
vt 0.312500 0.875000
vt 0.281250 0.875000
vt 0.281250 0.813741
vt 0.250000 0.937500
vt 0.265625 1.000000
vt 0.258783 0.407075
vt 0.259828 0.396323
vt 0.256866 0.398114
vt 0.279672 0.812500
vt 0.250000 0.812500
vt 0.275938 0.807775
vt 0.250000 0.806709
vt 0.218750 0.937500
vt 0.234375 1.000000
vt 0.218750 0.875000
vt 0.218750 0.812500
vt 0.250000 0.806708
vt 0.218750 0.789051
vt 0.187500 0.937500
vt 0.203125 1.000000
vt 0.187500 0.875000
vt 0.187500 0.812500
vt 0.215116 0.784805
vt 0.187500 0.783127
vt 0.156250 0.937500
vt 0.171875 1.000000
vt 0.156250 0.875000
vt 0.156250 0.812500
vt 0.158230 0.766263
vt 0.125000 0.875000
vt 0.125000 0.812500
vt 0.133292 0.360803
vt 0.133480 0.358294
vt 0.132592 0.359020
vt 0.156250 0.766981
vt 0.125000 0.763825
vt 0.125000 0.937500
vt 0.140625 1.000000
vt 0.093750 0.937500
vt 0.109375 1.000000
vt 0.093750 0.812500
vt 0.093750 0.875000
vt 0.125000 0.763826
vt 0.104111 0.751228
vt 0.062500 0.812500
vt 0.062500 0.875000
vt 0.067298 0.347733
vt 0.067377 0.345796
vt 0.066820 0.346301
vt 0.093750 0.754505
vt 0.064008 0.750000
vt 0.062500 0.749667
vt 0.062500 0.750000
vt 0.062500 0.937500
vt 0.078125 1.000000
vt 0.031250 0.937500
vt 0.046875 1.000000
vt 0.031250 0.875000
vt 0.031250 0.812500
vt 0.031250 0.750000
vt 0.062500 0.749666
vt 0.051829 0.739757
vt 0.000000 0.812500
vt 0.000000 0.750000
vt 0.031250 0.747337
vt 0.000000 0.738226
vt 0.000000 0.937500
vt 0.015625 1.000000
vt 0.000000 0.875000
vt 1.000000 0.937500
vt 0.968750 0.937500
vt 0.984375 1.000000
vt 1.000000 0.875000
vt 1.000000 0.812500
vt 0.968750 0.875000
vt 1.000000 0.750000
vt 0.968750 0.812500
vt 0.968750 0.750000
vt 1.000000 0.738225
vt 0.937500 0.750000
vt 0.968750 0.747337
vt 0.948171 0.739757
vt 0.937500 0.937500
vt 0.953125 1.000000
vt 0.937500 0.812500
vt 0.906250 0.937500
vt 0.921875 1.000000
vt 0.906250 0.875000
vt 0.937500 0.875000
vt 0.932701 0.347736
vt 0.932622 0.345795
vt 0.931613 0.346540
vt 0.935986 0.750000
vt 0.906250 0.754504
vt 0.937500 0.749665
vt 0.906250 0.812500
vt 0.895888 0.751227
vt 0.875000 0.763824
vt 0.875000 0.937500
vt 0.890625 1.000000
vt 0.875000 0.875000
vt 0.875000 0.812500
vt 0.843750 0.937500
vt 0.859375 1.000000
vt 0.843750 0.875000
vt 0.866708 0.360807
vt 0.866519 0.358292
vt 0.865392 0.359549
vt 0.843750 0.766979
vt 0.843750 0.812500
vt 0.812500 0.937500
vt 0.828125 1.000000
vt 0.812500 0.875000
vt 0.812500 0.783125
vt 0.781250 0.937500
vt 0.812500 0.812500
vt 0.781250 0.875000
vt 0.781250 0.812500
vt 0.812500 0.783126
vt 0.784883 0.784802
vt 0.796875 1.000000
vt 0.765625 1.000000
vt 0.750000 0.806706
vt 0.597649 0.078987
vt 0.369368 0.208081
vt 0.404657 0.292922
vt 0.563976 0.066552
vt 0.791910 0.209961
vt 0.548385 0.105053
vt 0.647911 0.075838
vt 0.465821 0.205250
vt 0.438213 0.202136
vt 0.393410 0.212966
vt 0.452157 0.204536
vt 0.677620 0.131857
vt 0.497833 0.137830
vt 0.642710 0.111990
vt 0.767940 0.221716
vt 0.577999 0.089783
vt 0.536769 0.086446
vt 0.566360 0.035500
vt 0.559741 0.028639
vt 0.602857 0.107159
vt 0.562013 0.080870
vt 0.546526 0.085852
vt 0.363406 0.167838
vt 0.591569 0.104802
vt 0.415028 0.128500
vt 0.726490 0.203068
vt 0.458549 0.129385
vt 0.673425 0.221535
vt 0.456254 0.206800
vt 0.445796 0.202639
vt 0.385331 0.224468
vt 0.444154 0.191044
vt 0.571564 0.128049
vt 0.487429 0.249628
vt 0.456176 0.253120
vt 0.436889 0.250536
vt 0.415343 0.303022
vt 0.597644 0.130774
vt 0.594836 0.137587
vt 0.376776 0.345707
vt 0.551444 0.055531
vt 0.369349 0.222965
vt 0.547078 0.068377
vt 0.799359 0.078446
vt 0.535275 0.051854
vt 0.560202 0.079004
vt 0.550498 0.064154
vt 0.457158 0.962339
vt 0.486919 0.962258
vt 0.578493 0.983158
vt 0.563750 0.983168
vt 0.549510 0.979352
vt 0.536743 0.971971
vt 0.526318 0.961528
vt 0.518947 0.948735
vt 0.515131 0.934463
vt 0.518947 0.905408
vt 0.526318 0.892605
vt 0.536743 0.882149
vt 0.549510 0.874752
vt 0.563751 0.870918
vt 0.578493 0.870909
vt 0.592733 0.874724
vt 0.615925 0.892548
vt 0.623296 0.905341
vt 0.627112 0.919613
vt 0.627112 0.934391
vt 0.623296 0.948668
vt 0.615925 0.961471
vt 0.605501 0.971927
vt 0.029961 0.106850
vt 0.112117 0.008098
vt 0.099916 0.095364
vt 0.009518 0.013539
vt 0.018635 0.007991
vt 0.029162 0.007981
vt 0.043543 0.023104
vt 0.043543 0.034184
vt 0.038279 0.043784
vt 0.018635 0.049341
vt 0.009518 0.043809
vt 0.004255 0.034219
vt 0.113020 0.088993
vt 0.004255 0.119968
vt 0.004255 0.114428
vt 0.006886 0.109628
vt 0.016709 0.106850
vt 0.021267 0.109616
vt 0.023899 0.114411
vt 0.021267 0.124751
vt 0.016708 0.127525
vt 0.011445 0.127530
vt 0.049605 0.109543
vt 0.133041 0.122222
vt 0.119082 0.058730
vt 0.077029 0.109221
vt 0.503592 0.762953
vt 0.030873 0.865188
vt 0.158593 0.918461
vt 0.562297 0.746280
vt 0.983882 0.010308
vt 0.714926 0.889755
vt 0.715315 0.858115
vt 0.600289 0.765907
vt 0.600289 0.817758
vt 0.215432 0.748444
vt 0.228874 0.756211
vt 0.236635 0.769665
vt 0.228876 0.798653
vt 0.215434 0.806420
vt 0.199912 0.806420
vt 0.178709 0.785200
vt 0.178708 0.769665
vt 0.186469 0.756211
vt 0.698254 0.894880
vt 0.690495 0.908331
vt 0.677056 0.916094
vt 0.648099 0.908319
vt 0.640340 0.894864
vt 0.640340 0.879329
vt 0.661538 0.858115
vt 0.677056 0.858119
vt 0.690495 0.865890
vt 0.874085 0.301488
vt 0.942995 0.423981
vt 0.890758 0.010679
vt 0.862626 0.423981
vt 0.868116 0.318161
vt 0.840020 0.301488
vt 0.911143 0.423981
vt 0.942203 0.294447
vt 0.879298 0.994261
vt 0.822628 0.335553
vt 0.103915 0.974915
vt 0.578970 0.660667
vt 0.579359 0.629027
vt 0.251346 0.957615
vt 0.199911 0.881069
vt 0.186469 0.873301
vt 0.178708 0.859848
vt 0.186469 0.830860
vt 0.199911 0.823093
vt 0.215433 0.823093
vt 0.236635 0.844315
vt 0.236635 0.859849
vt 0.228875 0.873303
vt 0.085458 0.865034
vt 0.093213 0.851581
vt 0.106650 0.843814
vt 0.135609 0.851581
vt 0.143372 0.865034
vt 0.143376 0.880568
vt 0.122184 0.901789
vt 0.106666 0.901789
vt 0.093225 0.894022
vt 0.085458 0.974702
vt 0.749852 0.990960
vt 0.714926 0.990960
vt 0.118563 0.974791
vt 0.537383 0.840388
vt 0.537383 0.849450
vt 0.532856 0.857298
vt 0.515961 0.861829
vt 0.508119 0.857298
vt 0.503592 0.849450
vt 0.508119 0.832540
vt 0.515960 0.828009
vt 0.525014 0.828009
vt 0.958875 0.085965
vt 0.963401 0.078119
vt 0.971241 0.073590
vt 0.988132 0.078126
vt 0.992658 0.085975
vt 0.992658 0.095037
vt 0.980293 0.107412
vt 0.971241 0.107409
vt 0.963401 0.102876
vt 0.972895 0.631012
vt 0.275931 0.521632
vt 0.384734 0.629027
vt 0.790087 0.485505
vt 0.338649 0.989363
vt 0.414402 0.629027
vt 0.806759 0.952869
vt 0.355069 0.991527
vt 0.197166 0.954196
vt 0.178708 0.953983
vt 0.675265 0.932767
vt 0.211814 0.954072
vt 0.022255 0.990100
vt 0.014414 0.985569
vt 0.009887 0.977721
vt 0.014414 0.960812
vt 0.022255 0.956281
vt 0.031309 0.956281
vt 0.043677 0.968660
vt 0.043677 0.977722
vt 0.039150 0.985570
vt 0.958875 0.136463
vt 0.963399 0.128615
vt 0.971237 0.124084
vt 0.988130 0.128615
vt 0.992658 0.136463
vt 0.992661 0.145525
vt 0.980299 0.157903
vt 0.971247 0.157903
vt 0.963406 0.153372
vt 0.677994 0.654491
vt 0.029560 0.936638
vt 0.033736 0.518821
vt 0.723622 0.841102
vt 0.656204 0.841442
vt 0.734563 0.655383
vt 0.721929 0.654491
vt 0.091287 0.765295
vt 0.102058 0.754322
vt 0.116131 0.748444
vt 0.131363 0.748557
vt 0.145436 0.754643
vt 0.156207 0.765776
vt 0.162036 0.780261
vt 0.156207 0.810290
vt 0.145436 0.821264
vt 0.131363 0.827141
vt 0.102058 0.820942
vt 0.091287 0.809809
vt 0.085458 0.795324
vt 0.239297 0.690820
vt 0.726960 0.300279
vt 0.715066 0.460254
vt 0.717717 0.320870
vt 0.713965 0.321441
vt 0.722802 0.321311
vt 0.661300 0.416570
vt 0.660077 0.415434
vt 0.707128 0.321062
vt 0.705742 0.321415
vt 0.648503 0.408652
vt 0.652692 0.345467
vt 0.654299 0.344931
vt 0.712536 0.422974
vt 0.715550 0.421574
vt 0.663891 0.338972
vt 0.665455 0.337538
vt 0.722727 0.421845
vt 0.673834 0.334364
vt 0.673835 0.334363
vt 0.732300 0.421682
vt 0.732583 0.421587
vt 0.681796 0.332217
vt 0.677312 0.333987
vt 0.738944 0.422764
vt 0.677770 0.421391
vt 0.684334 0.421135
vt 0.725861 0.320640
vt 0.664893 0.417310
vt 0.759086 0.443626
vt 0.578970 0.705642
vt 0.933318 0.313574
vt 0.983884 0.201464
vt 0.949991 0.313574
vt 0.024257 0.100479
vt 0.078599 0.058887
vt 0.051633 0.008037
vt 0.070966 0.058819
vt 0.086259 0.010015
vt 0.090843 0.007995
vt 0.095805 0.007981
vt 0.100389 0.009977
vt 0.103897 0.013678
vt 0.105796 0.018520
vt 0.105796 0.023768
vt 0.100389 0.032340
vt 0.095805 0.034361
vt 0.090843 0.034375
vt 0.082751 0.028678
vt 0.080852 0.023836
vt 0.080852 0.018588
vt 0.466637 0.476015
vt 0.470603 0.466440
vt 0.477931 0.459112
vt 0.487506 0.455146
vt 0.497870 0.455146
vt 0.507444 0.459112
vt 0.514772 0.466440
vt 0.518738 0.486378
vt 0.514772 0.495953
vt 0.507444 0.503281
vt 0.487506 0.507247
vt 0.477932 0.503281
vt 0.470603 0.495953
vt 0.743137 0.398113
vt 0.718750 0.813740
vt 0.718750 0.813739
vt 0.675878 0.421089
vt 0.580755 0.839519
vt 0.560623 0.448895
vt 0.500001 0.846090
vt 0.442312 0.449196
vt 0.406250 0.842814
vt 0.317935 0.419101
vt 0.343740 0.827222
vt 0.250000 0.875000
vt 0.263790 0.400521
vt 0.134605 0.359549
vt 0.068385 0.346540
vt 0.933180 0.346300
vt 0.867410 0.359019
vt 0.841769 0.766261
vt 0.781250 0.789049
s 1
usemtl lamp_a
f 221/1/1 218/2/2 795/3/3
f 794/4/4 20/5/5 232/6/6
f 793/7/7 10/8/8 214/9/9
f 222/10/10 219/11/11 792/12/12
f 791/13/13 9/14/14 213/15/15
f 224/16/16 217/17/17 790/18/18
f 789/19/19 15/20/20 220/21/21
f 247/22/22 246/23/23 788/24/24
f 787/25/25 18/26/26 229/27/27
f 239/28/28 227/29/29 786/30/30
f 236/31/31 233/32/32 785/33/33
f 784/34/34 19/35/35 230/36/36
f 240/37/37 228/38/38 783/39/39
f 782/40/40 34/41/41 259/42/42
f 781/43/43 25/44/44 244/45/45
f 253/46/46 242/47/47 780/48/48
f 779/49/49 27/50/50 245/51/51
f 778/52/52 24/53/53 243/54/54
f 248/55/55 241/56/56 777/57/57
f 276/58/58 273/59/59 776/60/60
f 775/61/61 32/62/62 257/63/63
f 266/64/64 255/65/65 774/66/66
f 262/67/67 260/68/68 773/69/69
f 772/70/70 33/71/71 258/72/72
f 267/73/73 256/74/74 771/75/75
f 291/76/76 286/77/77 770/78/78
f 769/79/79 37/80/80 271/81/81
f 277/82/82 274/83/83 768/84/84
f 279/85/85 272/86/86 767/87/87
f 766/88/88 36/89/89 269/90/90
f 765/91/91 41/92/92 275/93/93
f 764/94/94 51/95/95 298/96/96
f 763/97/97 42/98/98 282/99/99
f 762/100/100 49/101/101 290/102/102
f 292/103/103 287/104/104 761/105/105
f 760/106/106 44/107/107 283/108/108
f 296/109/109 289/110/110 759/111/111
f 318/112/112 312/113/113 758/114/114
f 308/115/115 301/116/116 757/117/117
f 307/118/118 299/119/119 756/120/120
f 755/121/121 50/122/122 297/123/123
f 754/124/124 55/125/125 303/126/126
f 310/127/127 300/128/128 753/129/129
f 752/130/130 68/131/131 331/132/132
f 321/133/133 317/134/134 751/135/135
f 750/136/136 59/137/137 315/138/138
f 320/139/139 313/140/140 749/141/141
f 748/142/142 62/143/143 316/144/144
f 747/145/145 58/146/146 314/147/147
f 746/148/148 75/149/149 347/150/150
f 745/151/151 66/152/152 329/153/153
f 338/154/154 327/155/155 744/156/156
f 334/157/157 332/158/158 743/159/159
f 742/160/160 67/161/161 330/162/162
f 340/163/163 328/164/164 741/165/165
f 363/166/166 360/167/167 740/168/168
f 350/169/169 345/170/170 739/171/171
f 738/172/172 71/173/173 343/174/174
f 351/175/175 346/176/176 737/177/177
f 353/178/178 344/179/179 736/180/180
f 735/181/181 70/182/182 342/183/183
f 734/184/184 89/185/185 375/186/186
f 365/187/187 357/188/188 733/189/189
f 732/190/190 76/191/191 354/192/192
f 731/193/193 83/194/194 362/195/195
f 366/196/196 358/197/197 730/198/198
f 729/199/199 79/200/200 355/201/201
f 391/202/202 389/203/203 728/204/204
f 380/205/205 372/206/206 727/207/207
f 726/208/208 85/209/209 370/210/210
f 382/211/211 373/212/212 725/213/213
f 384/214/214 371/215/215 724/216/216
f 723/217/217 84/218/218 369/219/219
f 722/220/220 104/221/221 406/222/222
f 393/223/223 387/224/224 721/225/225
f 720/226/226 90/227/227 385/228/228
f 719/229/229 97/230/230 390/231/231
f 395/232/232 388/233/233 718/234/234
f 717/235/235 91/236/236 386/237/237
f 716/238/238 109/239/239 421/240/240
f 409/241/241 404/242/242 715/243/243
f 411/244/244 402/245/245 714/246/246
f 713/247/247 103/248/248 405/249/249
f 412/250/250 403/251/251 712/252/252
f 711/253/253 99/254/254 401/255/255
f 439/256/256 434/257/257 710/258/258
f 425/259/259 419/260/260 709/261/261
f 708/262/262 105/263/263 414/264/264
f 707/265/265 110/266/266 422/267/267
f 426/268/268 420/269/269 706/270/270
f 428/271/271 416/272/272 705/273/273
f 453/274/274 447/275/275 704/276/276
f 441/277/277 430/278/278 703/279/279
f 702/280/280 117/281/281 436/282/282
f 442/283/283 432/284/284 701/285/285
f 700/286/286 111/287/287 429/288/288
f 699/289/289 118/290/290 438/291/291
f 698/292/292 126/293/293 462/294/294
f 697/295/295 119/296/296 445/297/297
f 696/298/298 124/299/299 450/300/300
f 454/301/301 448/302/302 695/303/303
f 694/304/304 120/305/305 446/306/306
f 460/307/307 449/308/308 693/309/309
f 692/310/310 133/311/311 476/312/312
f 469/313/313 465/314/314 691/315/315
f 468/316/316 463/317/317 690/318/318
f 689/319/319 125/320/320 461/321/321
f 688/322/322 131/323/323 466/324/324
f 474/325/325 464/326/326 687/327/327
f 497/328/328 495/329/329 686/330/330
f 685/331/331 138/332/332 481/333/333
f 485/334/334 479/335/335 684/336/336
f 683/337/337 134/338/338 477/339/339
f 486/340/340 480/341/341 682/342/342
f 487/343/343 478/344/344 681/345/345
f 512/346/346 511/347/347 680/348/348
f 679/349/349 141/350/350 493/351/351
f 678/352/352 139/353/353 489/354/354
f 498/355/355 496/356/356 677/357/357
f 500/358/358 494/359/359 676/360/360
f 675/361/361 140/362/362 491/363/363
f 674/364/364 157/365/365 522/366/366
f 514/367/367 507/368/368 673/369/369
f 672/370/370 146/371/371 504/372/372
f 515/373/373 509/374/374 671/375/375
f 670/376/376 149/377/377 506/378/378
f 669/379/379 145/380/380 503/381/381
f 668/382/382 166/383/383 538/384/384
f 529/385/385 520/386/386 667/387/387
f 666/388/388 153/389/389 518/390/390
f 665/391/391 158/392/392 524/393/393
f 530/394/394 521/395/395 664/396/396
f 532/397/397 519/398/398 663/399/399
f 554/400/400 552/401/401 662/402/402
f 661/403/403 162/404/404 536/405/405
f 545/406/406 534/407/407 660/408/408
f 659/409/409 164/410/410 537/411/411
f 547/412/412 535/413/413 658/414/414
f 540/415/415 533/416/416 657/417/417
f 656/418/418 178/419/419 567/420/420
f 655/421/421 169/422/422 550/423/423
f 558/424/424 548/425/425 654/426/426
f 555/427/427 553/428/428 653/429/429
f 652/430/430 170/431/431 551/432/432
f 651/433/433 168/434/434 549/435/435
f 650/436/436 185/437/437 578/438/438
f 570/439/439 565/440/440 649/441/441
f 572/442/442 563/443/443 648/444/444
f 647/445/445 177/446/446 566/447/447
f 573/448/448 564/449/449 646/450/450
f 645/451/451 173/452/452 561/453/453
f 644/454/454 190/455/455 589/456/456
f 643/457/457 183/458/458 576/459/459
f 584/460/460 574/461/461 642/462/462
f 581/463/463 579/464/464 641/465/465
f 640/466/466 184/467/467 577/468/468
f 585/469/469 575/470/470 639/471/471
f 604/472/472 600/473/473 638/474/474
f 637/475/475 188/476/476 587/477/477
f 593/478/478 590/479/479 636/480/480
f 635/481/481 189/482/482 588/483/483
f 597/484/484 586/485/485 634/486/486
f 596/487/487 591/488/488 633/489/489
f 616/490/490 611/491/491 632/492/492
f 631/493/493 193/494/494 598/495/495
f 630/496/496 199/497/497 603/498/498
f 605/499/499 601/500/500 629/501/501
f 628/502/502 194/503/503 599/504/504
f 609/505/505 602/506/506 627/507/507
f 618/508/508 613/509/509 205/510/510
f 626/511/511 205/510/510 614/512/512
f 617/513/513 612/514/514 625/515/515
f 621/516/516 610/517/517 624/518/518
f 623/519/519 206/520/520 615/521/521
f 622/522/522 204/523/523 613/524/509
f 601/525/500 618/508/508 197/526/524
f 196/527/525 622/522/522 601/500/500
f 621/516/516 615/528/521 201/529/526
f 193/494/494 623/530/519 621/516/516
f 603/498/498 619/531/527 623/519/519
f 624/518/518 202/532/528 616/533/490
f 194/534/503 624/518/518 616/533/490
f 598/495/495 621/516/516 624/518/518
f 625/515/515 204/523/523 620/535/529
f 600/473/473 620/535/529 196/527/525
f 195/536/530 625/515/515 600/473/473
f 619/537/527 614/512/512 206/538/520
f 199/539/497 626/511/511 619/537/527
f 197/526/524 626/511/511 602/506/506
f 627/540/507 199/497/497 608/541/531
f 590/542/479 608/541/531 192/543/532
f 191/544/533 627/507/507 590/479/479
f 604/545/472 599/504/504 195/546/530
f 189/547/482 628/548/502 604/549/472
f 587/477/477 607/550/534 628/548/502
f 629/551/501 197/526/524 609/505/505
f 589/552/456 609/505/505 191/544/533
f 589/456/456 605/499/499 629/501/501
f 606/553/535 603/498/498 193/554/494
f 591/488/488 606/553/535 187/555/536
f 192/543/532 630/496/496 591/488/488
f 607/556/534 598/495/495 194/534/503
f 188/557/476 631/493/493 607/556/534
f 586/485/485 606/558/535 631/493/493
f 632/492/492 203/559/537 617/560/513
f 599/504/504 617/560/513 195/546/530
f 599/504/504 616/490/490 632/492/492
f 633/489/489 187/555/536 597/561/484
f 579/464/464 597/561/484 179/562/538
f 186/563/539 633/489/489 579/464/464
f 634/486/486 188/557/476 594/564/540
f 574/461/461 594/564/540 180/565/541
f 179/566/538 634/486/486 574/461/461
f 592/567/542 588/483/483 190/455/455
f 184/568/467 635/481/481 592/567/542
f 576/459/459 595/569/543 635/570/481
f 636/571/480 192/543/532 596/487/487
f 578/572/438 596/487/487 186/563/539
f 185/437/437 636/480/480 578/438/438
f 595/569/543 587/477/477 189/547/482
f 183/458/458 637/475/475 595/569/543
f 575/470/470 594/573/540 637/475/475
f 638/474/474 196/527/525 605/499/499
f 190/455/455 638/474/474 605/499/499
f 588/483/483 604/472/472 638/474/474
f 582/574/544 575/470/470 183/458/458
f 563/443/443 582/574/544 175/575/545
f 174/576/546 639/471/471 563/443/443
f 580/577/547 577/468/468 185/437/437
f 177/446/446 640/466/466 580/577/547
f 565/440/440 583/578/548 640/466/466
f 641/465/465 179/562/538 584/579/460
f 173/580/452 641/465/465 584/579/460
f 567/420/420 581/463/463 641/465/465
f 642/462/462 180/565/541 585/581/469
f 561/582/453 585/581/469 174/583/546
f 173/584/452 642/462/462 561/582/453
f 583/585/548 576/586/459 184/568/467
f 176/587/549 643/588/457 583/585/548
f 175/575/545 643/457/457 564/449/449
f 644/589/454 191/544/533 593/478/478
f 185/437/437 644/589/454 593/478/478
f 577/590/468 592/567/542 644/454/454
f 572/591/442 561/453/453 174/592/546
f 168/434/434 645/451/451 572/591/442
f 548/425/425 569/593/550 645/451/451
f 646/594/450 176/587/549 570/595/439
f 550/423/423 570/596/439 170/597/431
f 550/423/423 573/448/448 646/450/450
f 568/598/551 566/599/447 178/419/419
f 552/600/401 568/598/551 172/601/552
f 171/602/553 647/445/445 552/401/401
f 648/444/444 175/575/545 573/448/448
f 169/422/422 648/444/444 573/448/448
f 549/435/435 572/591/442 648/603/444
f 649/441/441 177/446/446 571/604/554
f 551/432/432 571/604/554 171/602/553
f 170/431/431 649/441/441 551/432/432
f 650/605/436 186/563/539 581/463/463
f 178/419/419 650/605/436 581/463/463
f 566/447/447 580/577/547 650/436/436
f 556/606/555 549/607/435 169/422/422
f 534/608/407 556/606/555 161/609/556
f 160/610/557 651/433/433 534/407/407
f 652/430/430 171/602/553 554/400/400
f 164/410/410 652/430/430 554/400/400
f 536/405/405 557/611/558 652/430/430
f 653/429/429 167/612/559 558/613/424
f 538/384/384 558/613/424 159/614/560
f 538/384/384 555/427/427 653/429/429
f 559/615/561 548/425/425 168/434/434
f 533/416/416 559/615/561 160/610/557
f 159/616/560 654/426/426 533/416/416
f 557/617/558 550/423/423 170/597/431
f 535/413/413 557/617/558 162/618/404
f 161/609/556 655/421/421 535/413/413
f 569/619/550 567/420/420 173/580/452
f 167/612/559 656/418/418 569/619/550
f 553/428/428 568/598/551 656/418/418
f 657/417/417 160/610/557 545/406/406
f 518/390/390 545/406/406 154/620/562
f 153/389/389 657/417/417 518/390/390
f 658/414/414 162/618/404 542/621/563
f 520/386/386 542/621/563 156/622/564
f 155/623/565 658/414/414 520/386/386
f 539/624/566 537/625/411 166/383/383
f 158/392/392 659/626/409 539/624/566
f 522/366/366 543/627/567 659/409/409
f 660/628/408 161/609/556 547/412/412
f 519/629/398 547/412/412 155/623/565
f 154/620/562 660/408/408 519/398/398
f 543/627/567 536/405/405 164/410/410
f 157/365/365 661/403/403 543/627/567
f 156/630/564 661/403/403 521/395/395
f 662/631/402 172/601/552 555/427/427
f 166/383/383 662/631/402 555/427/427
f 537/411/411 554/400/400 662/402/402
f 663/632/399 155/623/565 529/385/385
f 149/377/377 663/632/399 529/385/385
f 504/372/372 532/397/397 663/399/399
f 664/396/396 157/365/365 526/633/568
f 507/368/368 526/633/568 151/634/569
f 150/635/570 664/396/396 507/368/368
f 531/636/571 524/393/393 153/637/389
f 145/638/380 665/391/391 531/636/571
f 152/639/572 665/391/391 511/347/347
f 666/388/388 154/620/562 532/397/397
f 146/371/371 666/388/388 532/397/397
f 503/381/381 531/640/571 666/388/388
f 667/387/387 156/622/564 530/641/394
f 506/378/378 530/641/394 150/642/570
f 506/378/378 529/385/385 667/387/387
f 540/643/415 538/384/384 159/614/560
f 153/637/389 668/382/382 540/643/415
f 524/393/393 539/624/566 668/382/382
f 516/644/573 503/381/381 146/371/371
f 140/362/362 669/379/379 516/644/573
f 489/354/354 513/645/574 669/379/379
f 670/376/376 150/642/570 514/646/367
f 493/351/351 514/646/367 142/647/575
f 493/351/351 517/648/576 670/376/376
f 671/649/375 152/639/572 512/346/346
f 495/650/329 512/346/346 144/651/577
f 143/652/578 671/375/375 495/329/329
f 517/648/576 504/653/372 149/377/377
f 141/350/350 672/654/370 517/648/576
f 491/363/363 516/644/573 672/370/370
f 673/369/369 151/634/569 515/373/373
f 494/359/359 515/373/373 143/652/578
f 142/655/575 673/369/369 494/359/359
f 527/656/579 522/657/366 158/392/392
f 509/658/374 527/656/579 152/639/572
f 151/634/569 674/364/364 509/374/374
f 499/659/580 491/660/363 141/350/350
f 135/661/581 675/662/361 499/659/580
f 477/339/339 502/663/582 675/664/361
f 676/360/360 143/652/578 497/328/328
f 479/335/335 497/328/328 137/665/583
f 136/666/584 676/360/360 479/335/335
f 501/667/585 496/356/356 139/668/353
f 133/669/311 677/357/357 501/667/585
f 138/332/332 677/357/357 481/333/333
f 502/670/582 489/354/354 140/362/362
f 134/671/338 678/352/352 502/670/582
f 476/312/312 501/672/585 678/352/352
f 679/349/349 142/647/575 500/673/358
f 478/344/344 500/673/358 136/674/584
f 135/661/581 679/349/349 478/344/344
f 680/348/348 145/638/380 513/675/574
f 139/668/353 680/348/348 513/675/574
f 144/651/577 680/348/348 496/356/356
f 681/345/345 136/674/584 485/676/334
f 463/317/317 485/676/334 128/677/586
f 127/678/587 681/345/345 463/317/317
f 682/342/342 138/679/332 484/680/588
f 465/314/314 484/681/588 131/682/323
f 129/683/589 682/342/342 465/684/314
f 487/685/343 477/339/339 135/686/581
f 127/687/587 683/337/337 487/685/343
f 462/294/294 483/688/590 683/337/337
f 684/336/336 137/665/583 486/340/340
f 464/326/326 486/340/340 129/683/589
f 128/689/586 684/336/336 464/326/326
f 482/690/591 481/333/333 133/669/311
f 125/320/320 685/331/331 482/690/591
f 466/324/324 484/691/588 685/331/331
f 686/692/330 144/651/577 498/355/355
f 480/341/341 498/693/355 138/679/332
f 137/665/583 686/330/330 480/341/341
f 687/327/327 129/683/589 469/694/313
f 448/302/302 469/313/313 123/695/592
f 122/696/593 687/697/327 448/698/302
f 475/699/594 466/324/324 125/320/320
f 119/296/296 688/322/322 475/699/594
f 450/300/300 472/700/595 688/322/322
f 467/701/596 461/702/321 126/293/293
f 120/703/305 689/319/319 467/704/596
f 445/297/297 475/699/594 689/319/319
f 690/318/318 128/677/586 474/705/325
f 447/275/275 474/705/325 122/696/593
f 121/706/597 690/318/318 447/275/275
f 691/315/315 131/682/323 472/707/595
f 124/708/299 691/315/315 472/707/595
f 123/695/592 691/315/315 449/308/308
f 483/709/590 476/312/312 134/671/338
f 126/710/293 692/310/310 483/709/590
f 461/711/321 482/712/591 692/310/310
f 693/309/309 124/708/299 459/713/598
f 118/714/290 693/309/309 459/713/598
f 436/282/282 460/307/307 693/309/309
f 453/715/274 446/306/306 121/716/597
f 430/278/278 453/715/274 114/717/599
f 112/718/600 694/304/304 430/278/278
f 695/303/303 123/695/592 460/307/307
f 434/257/257 460/307/307 117/281/281
f 116/719/601 695/303/303 434/257/257
f 456/720/602 450/300/300 119/296/296
f 111/287/287 696/298/298 456/720/602
f 438/291/291 459/721/598 696/298/298
f 458/722/603 445/297/297 120/703/305
f 112/723/600 697/295/295 458/722/603
f 429/288/288 456/720/602 697/295/295
f 468/724/316 462/294/294 127/687/587
f 121/716/597 698/292/292 468/724/316
f 446/306/306 467/701/596 698/292/292
f 444/725/604 438/291/291 111/287/287
f 105/263/263 699/289/289 444/725/604
f 422/267/267 443/726/605 699/289/289
f 441/727/277 429/288/288 112/723/600
f 414/264/264 441/727/277 106/728/606
f 414/264/264 444/725/604 700/286/286
f 701/285/285 116/729/601 439/730/256
f 419/260/260 439/730/256 108/731/607
f 107/732/608 701/285/285 419/260/260
f 443/733/605 436/282/282 118/714/290
f 110/734/266 702/280/280 443/733/605
f 421/240/240 440/735/609 702/280/280
f 703/279/279 114/717/599 442/736/283
f 416/272/272 442/736/283 107/737/608
f 106/738/606 703/279/279 416/272/272
f 704/276/276 122/696/593 454/739/301
f 432/284/284 454/739/301 116/729/601
f 114/740/599 704/276/276 432/284/284
f 705/273/273 107/737/608 425/741/259
f 402/245/245 425/741/259 101/742/610
f 100/743/611 705/273/273 402/245/245
f 706/270/270 109/239/239 423/744/612
f 404/745/242 423/744/612 103/746/248
f 102/747/613 706/270/270 404/745/242
f 427/748/614 422/267/267 105/263/263
f 99/254/254 707/265/265 427/748/614
f 406/222/222 424/749/615 707/265/265
f 708/262/262 106/728/606 428/750/271
f 100/751/611 708/262/262 428/750/271
f 401/255/255 427/748/614 708/262/262
f 709/261/261 108/731/607 426/752/268
f 403/251/251 426/752/268 102/753/613
f 101/754/610 709/261/261 403/251/251
f 710/258/258 117/281/281 440/735/609
f 109/239/239 710/258/258 440/735/609
f 108/755/607 710/258/258 420/269/269
f 411/756/244 401/255/255 100/751/611
f 91/757/236 711/253/253 411/756/244
f 385/228/228 408/758/616 711/253/253
f 712/252/252 102/753/613 409/241/241
f 387/224/224 409/241/241 93/759/617
f 92/760/618 712/252/252 387/224/224
f 407/761/619 405/249/249 104/762/221
f 97/763/230 713/247/247 407/761/619
f 96/764/620 713/247/247 389/203/203
f 714/246/246 101/742/610 412/765/250
f 386/237/237 412/766/250 92/767/618
f 386/237/237 411/768/244 714/769/246
f 715/770/243 103/746/248 410/771/621
f 388/772/233 410/773/621 96/764/620
f 93/759/617 715/243/243 388/233/233
f 424/774/615 421/775/240 110/776/266
f 104/762/221 716/777/238 424/774/615
f 405/249/249 423/778/612 716/777/238
f 717/235/235 92/767/618 393/779/223
f 370/210/210 393/779/223 86/780/622
f 370/210/210 399/781/623 717/235/235
f 718/782/234 96/764/620 391/202/202
f 372/783/206 391/202/202 88/784/624
f 87/785/625 718/234/234 372/206/206
f 397/786/626 390/231/231 90/227/227
f 84/218/218 719/229/229 397/786/626
f 375/186/186 392/787/627 719/229/229
f 399/788/623 385/228/228 91/757/236
f 85/789/209 720/226/226 399/788/623
f 369/219/219 397/786/626 720/226/226
f 721/225/225 93/759/617 395/232/232
f 371/215/215 395/232/232 87/785/625
f 86/790/622 721/225/225 371/215/215
f 408/758/616 406/222/222 99/254/254
f 90/227/227 722/220/220 408/758/616
f 390/231/231 407/791/619 722/220/220
f 383/792/628 369/219/219 85/789/209
f 79/200/200 723/793/217 383/794/628
f 354/192/192 378/795/629 723/217/217
f 724/216/216 87/785/625 380/205/205
f 357/188/188 380/205/205 81/796/630
f 80/797/631 724/216/216 357/188/188
f 376/798/632 373/212/212 89/799/185
f 83/800/194 725/213/213 376/798/632
f 82/801/633 725/213/213 360/167/167
f 726/208/208 86/780/622 384/802/214
f 355/201/201 384/802/214 80/803/631
f 355/201/201 383/794/628 726/208/208
f 727/804/207 88/784/624 382/211/211
f 358/805/197 382/211/211 82/801/633
f 81/796/630 727/207/207 358/197/197
f 392/806/627 389/203/203 97/763/230
f 89/799/185 728/204/204 392/806/627
f 88/784/624 728/204/204 373/212/212
f 729/199/199 80/803/631 365/807/187
f 343/174/174 365/807/187 72/808/634
f 343/174/174 368/809/635 729/199/199
f 730/810/198 82/801/633 363/166/166
f 345/811/170 363/166/166 74/812/636
f 73/813/637 730/198/198 345/170/170
f 367/814/638 362/195/195 76/191/191
f 70/182/182 731/193/193 367/814/638
f 347/150/150 364/815/639 731/193/193
f 368/809/635 354/816/192 79/200/200
f 71/173/173 732/817/190 368/809/635
f 342/183/183 367/814/638 732/190/190
f 733/189/189 81/796/630 366/196/196
f 344/179/179 366/196/196 73/813/637
f 72/818/634 733/189/189 344/179/179
f 378/795/629 375/186/186 84/218/218
f 76/191/191 734/184/184 378/795/629
f 362/195/195 376/819/632 734/184/184
f 352/820/640 342/821/183 71/173/173
f 327/822/155 352/820/640 65/823/641
f 64/824/642 735/181/181 327/155/155
f 736/180/180 73/813/637 350/169/169
f 67/161/161 736/180/180 350/169/169
f 329/153/153 353/178/178 736/180/180
f 348/825/643 346/176/176 75/826/149
f 331/132/132 348/825/643 69/827/644
f 331/132/132 351/175/175 737/177/177
f 738/172/172 72/808/634 353/828/178
f 66/829/152 738/172/172 353/828/178
f 65/823/641 738/172/172 328/164/164
f 739/830/171 74/812/636 351/175/175
f 68/131/131 739/830/171 351/175/175
f 330/162/162 350/169/169 739/171/171
f 364/831/639 360/167/167 83/800/194
f 75/826/149 740/168/168 364/831/639
f 74/812/636 740/168/168 346/176/176
f 335/832/645 328/164/164 66/829/152
f 58/833/146 741/165/165 335/832/645
f 57/834/646 741/165/165 313/140/140
f 333/835/647 330/836/162 68/131/131
f 62/837/143 742/160/160 333/838/647
f 315/138/138 336/839/648 742/160/160
f 743/159/159 64/824/642 338/154/154
f 317/134/134 338/154/154 56/840/649
f 63/841/650 743/159/159 317/134/134
f 744/842/156 65/823/641 340/163/163
f 312/843/113 340/163/163 57/834/646
f 56/840/649 744/156/156 312/113/113
f 336/839/648 329/153/153 67/161/161
f 59/137/137 745/151/151 336/839/648
f 314/147/147 335/844/645 745/845/151
f 349/846/651 347/150/150 70/182/182
f 332/158/158 349/846/651 64/824/642
f 69/847/644 746/148/148 332/158/158
f 323/848/652 314/849/147 59/137/137
f 299/850/119 323/848/652 53/851/653
f 52/852/654 747/145/145 299/119/119
f 748/142/142 63/853/650 321/854/133
f 301/116/116 321/854/133 55/855/125
f 301/116/116 325/856/655 748/142/142
f 326/857/656 313/140/140 58/833/146
f 298/96/96 326/857/656 52/858/654
f 298/96/96 320/139/139 749/141/141
f 325/859/655 315/138/138 62/837/143
f 300/128/128 325/859/655 54/860/657
f 53/851/653 750/136/136 300/128/128
f 751/135/135 56/840/649 318/112/112
f 50/122/122 751/135/135 318/112/112
f 303/126/126 321/133/133 751/135/135
f 752/130/130 69/827/644 334/861/157
f 316/144/144 334/861/157 63/853/650
f 316/144/144 333/835/647 752/130/130
f 753/862/129 54/863/657 308/115/115
f 287/864/104 308/115/115 48/865/658
f 47/866/659 753/129/129 287/104/104
f 311/867/660 303/126/126 50/122/122
f 42/98/98 754/124/124 311/867/660
f 290/102/102 309/868/661 754/124/124
f 305/869/662 297/870/123 51/95/95
f 44/107/107 755/871/121 305/869/662
f 282/99/99 311/867/660 755/121/121
f 756/872/120 53/851/653 310/127/127
f 286/77/77 310/127/127 47/866/659
f 46/873/663 756/874/120 286/875/77
f 309/876/661 301/116/116 55/855/125
f 49/877/101 757/117/117 309/876/661
f 48/865/658 757/117/117 289/110/110
f 758/878/114 57/834/646 320/139/139
f 51/95/95 758/878/114 320/139/139
f 297/123/123 318/112/112 758/114/114
f 295/879/664 289/110/110 49/877/101
f 41/880/92 759/111/111 295/879/664
f 40/881/665 759/111/111 274/83/83
f 760/106/106 46/873/663 291/882/76
f 271/883/81 291/882/76 38/884/666
f 271/883/81 294/885/667 760/106/106
f 761/886/105 48/865/658 296/109/109
f 273/887/59 296/109/109 40/881/665
f 39/888/668 761/105/105 273/59/59
f 293/889/669 290/102/102 42/98/98
f 36/89/89 762/100/100 293/889/669
f 275/93/93 295/890/664 762/100/100
f 294/885/667 282/891/99 44/107/107
f 37/892/80 763/97/97 294/893/667
f 269/90/90 293/889/669 763/97/97
f 764/94/94 52/858/654 307/894/118
f 283/108/108 307/894/118 46/873/663
f 283/108/108 305/869/662 764/94/94
f 281/895/670 275/93/93 36/89/89
f 260/68/68 281/895/670 30/896/671
f 35/897/672 765/91/91 260/68/68
f 278/898/673 269/90/90 37/892/80
f 255/65/65 278/898/673 31/899/674
f 30/896/671 766/88/88 255/65/65
f 767/87/87 39/888/668 276/58/58
f 33/900/71 767/87/87 276/58/58
f 257/63/63 279/85/85 767/87/87
f 280/901/675 274/83/83 41/880/92
f 259/902/42 280/901/675 35/903/672
f 259/902/42 277/82/82 768/84/84
f 769/79/79 38/904/666 279/905/85
f 32/906/62 769/79/79 279/905/85
f 31/907/674 769/79/79 256/74/74
f 770/78/78 47/866/659 292/103/103
f 272/86/86 292/103/103 39/888/668
f 38/908/666 770/78/78 272/86/86
f 263/909/676 256/74/74 32/906/62
f 24/910/53 771/75/75 263/909/676
f 23/911/677 771/75/75 242/47/47
f 261/912/678 258/72/72 34/41/41
f 27/50/50 772/70/70 261/912/678
f 244/45/45 264/913/679 772/70/70
f 773/69/69 30/896/671 266/64/64
f 246/23/23 266/64/64 22/914/680
f 29/915/681 773/69/69 246/23/23
f 774/66/66 31/899/674 267/916/73
f 241/56/56 267/916/73 23/917/677
f 22/914/680 774/66/66 241/56/56
f 264/918/679 257/63/63 33/900/71
f 25/919/44 775/61/61 264/918/679
f 243/54/54 263/920/676 775/61/61
f 776/921/60 40/922/665 277/923/82
f 34/41/41 776/921/60 277/923/82
f 258/72/72 276/924/58 776/921/60
f 777/57/57 23/917/677 253/925/46
f 227/29/29 253/925/46 17/926/682
f 16/927/683 777/57/57 227/29/29
f 251/928/684 243/54/54 25/919/44
f 19/929/35 778/52/52 251/928/684
f 229/27/27 254/930/685 778/52/52
f 779/49/49 29/931/681 247/932/22
f 232/6/6 247/932/22 21/933/686
f 232/6/6 252/934/687 779/49/49
f 254/935/685 242/47/47 24/910/53
f 18/936/26 780/48/48 254/935/685
f 17/937/682 780/48/48 228/38/38
f 252/934/687 244/45/45 27/50/50
f 20/5/5 781/43/43 252/934/687
f 230/36/36 251/938/684 781/43/43
f 782/40/40 35/939/672 262/940/67
f 245/51/51 262/940/67 29/931/681
f 245/51/51 261/912/678 782/40/40
f 237/941/688 228/942/38 18/26/26
f 12/943/689 783/944/39 237/945/688
f 10/8/8 783/944/39 214/9/9
f 235/946/690 230/36/36 20/5/5
f 14/947/691 784/34/34 235/946/690
f 218/2/2 238/948/692 784/34/34
f 785/33/33 16/927/683 239/28/28
f 220/21/21 239/28/28 9/14/14
f 15/20/20 785/33/33 220/21/21
f 786/30/30 17/926/682 240/949/37
f 213/15/15 240/949/37 10/950/8
f 9/14/14 786/30/30 213/15/15
f 238/951/692 229/27/27 19/929/35
f 13/952/693 787/25/25 238/951/692
f 217/17/17 237/941/688 787/25/25
f 788/24/24 22/914/680 248/55/55
f 233/32/32 248/55/55 16/927/683
f 21/953/686 788/24/24 233/32/32
f 226/954/694 220/21/21 9/14/14
f 1/955/695 789/19/19 226/954/694
f 212/956/696 225/957/697 789/19/19
f 790/18/18 13/952/693 221/958/1
f 209/959/698 221/958/1 5/960/699
f 4/961/700 790/18/18 209/959/698
f 223/962/701 213/15/15 10/950/8
f 3/963/702 791/13/13 223/962/701
f 207/964/703 226/954/694 791/13/13
f 225/965/697 219/966/11 15/967/20
f 7/968/704 792/969/12 225/965/697
f 6/970/705 792/12/12 211/971/706
f 793/7/7 12/943/689 224/972/16
f 208/973/707 224/972/16 4/974/700
f 208/973/707 223/975/701 793/7/7
f 794/4/4 21/933/686 236/976/31
f 219/966/11 236/977/31 15/967/20
f 219/11/11 235/946/690 794/4/4
f 795/3/3 14/947/691 222/10/10
f 210/978/708 222/10/10 6/970/705
f 5/979/699 795/3/3 210/978/708
f 797/980/709 798/981/710 796/982/711
f 799/983/712 800/984/713 798/981/710
f 801/985/714 802/986/715 800/984/713
f 803/987/716 804/988/717 802/986/715
f 805/989/718 806/990/719 804/988/717
f 807/991/720 808/992/721 806/990/719
f 809/993/722 810/994/723 808/995/721
f 811/996/724 812/997/725 810/994/723
f 813/998/726 814/999/727 812/997/725
f 815/1000/728 816/1001/729 814/999/727
f 817/1002/730 818/1003/731 816/1001/729
f 819/1004/732 820/1005/733 818/1003/731
f 821/1006/734 822/1007/735 820/1005/733
f 823/1008/736 824/1009/737 822/1007/735
f 825/1010/738 826/1011/739 824/1009/737
f 827/1012/740 828/1013/741 826/1011/739
f 829/1014/742 830/1015/743 828/1013/741
f 831/1016/744 832/1017/745 830/1015/743
f 833/1018/746 834/1019/747 832/1020/745
f 835/1021/748 836/1022/749 834/1019/747
f 837/1023/750 838/1024/751 836/1022/749
f 839/1025/752 840/1026/753 838/1024/751
f 833/1027/746 879/1028/754 881/1029/755
f 841/1030/756 842/1031/757 840/1026/753
f 843/1032/758 796/982/711 842/1031/757
f 808/1033/721 824/1034/737 840/1035/753
f 799/1036/712 849/1037/759 801/1038/714
f 843/1039/758 889/1040/760 891/1041/761
f 807/1042/720 857/1043/762 809/1044/722
f 817/1045/730 867/1046/763 819/1047/732
f 827/1048/740 877/1049/764 829/1050/742
f 837/1051/750 887/1052/765 839/1053/752
f 803/1054/716 853/1055/766 805/1056/718
f 813/1057/726 863/1058/767 815/1059/728
f 843/1039/758 847/1060/768 797/1061/709
f 825/1062/738 871/1063/769 873/1064/770
f 835/1065/748 881/1029/755 883/1066/771
f 809/1044/722 859/1067/772 811/1068/724
f 821/1069/734 867/1046/763 869/1070/773
f 831/1071/744 877/1049/764 879/1028/754
f 839/1053/752 889/1040/760 841/1072/756
f 807/1042/720 853/1055/766 855/1073/774
f 817/1045/730 863/1058/767 865/1074/775
f 825/1062/738 875/1075/776 827/1048/740
f 837/1051/750 883/1066/771 885/1076/777
f 803/1054/716 849/1037/759 851/1077/778
f 799/1036/712 847/1060/768 845/1078/779
f 813/1057/726 859/1067/772 861/1079/780
f 821/1069/734 871/1063/769 823/1080/736
f 845/1078/779 848/1081/781 846/1082/782
f 846/1082/782 848/1081/781 844/1083/783
f 845/1078/779 850/1084/784 849/1037/759
f 850/1084/784 846/1082/782 844/1083/783
f 851/1077/778 850/1084/784 852/1085/785
f 852/1085/785 850/1084/784 844/1083/783
f 851/1077/778 854/1086/786 853/1055/766
f 854/1086/786 852/1085/785 844/1083/783
f 855/1073/774 854/1086/786 856/1087/787
f 856/1087/787 854/1086/786 844/1083/783
f 855/1073/774 858/1088/788 857/1043/762
f 858/1088/788 856/1087/787 844/1083/783
f 859/1067/772 858/1088/788 860/1089/789
f 860/1089/789 858/1088/788 844/1083/783
f 859/1067/772 862/1090/790 861/1079/780
f 862/1090/790 860/1089/789 844/1083/783
f 861/1079/780 864/1091/791 863/1058/767
f 864/1091/791 862/1090/790 844/1083/783
f 865/1074/775 864/1091/791 866/1092/792
f 866/1092/792 864/1091/791 844/1083/783
f 867/1046/763 866/1092/792 868/1093/793
f 868/1093/793 866/1092/792 844/1083/783
f 869/1070/773 868/1093/793 870/1094/794
f 870/1094/794 868/1093/793 844/1083/783
f 869/1070/773 872/1095/795 871/1063/769
f 872/1095/795 870/1094/794 844/1083/783
f 873/1064/770 872/1095/795 874/1096/796
f 874/1096/796 872/1095/795 844/1083/783
f 873/1064/770 876/1097/797 875/1075/776
f 876/1097/797 874/1096/796 844/1083/783
f 875/1075/776 878/1098/798 877/1049/764
f 878/1098/798 876/1097/797 844/1083/783
f 877/1049/764 880/1099/799 879/1028/754
f 880/1099/799 878/1098/798 844/1083/783
f 879/1028/754 882/1100/800 881/1029/755
f 882/1100/800 880/1099/799 844/1083/783
f 881/1029/755 884/1101/801 883/1066/771
f 884/1101/801 882/1100/800 844/1083/783
f 885/1076/777 884/1101/801 886/1102/802
f 886/1102/802 884/1101/801 844/1083/783
f 885/1076/777 888/1103/803 887/1052/765
f 888/1103/803 886/1102/802 844/1083/783
f 887/1052/765 890/1104/804 889/1040/760
f 890/1104/804 888/1103/803 844/1083/783
f 891/1041/761 890/1104/804 892/1105/805
f 892/1105/805 890/1104/804 844/1083/783
f 891/1041/761 848/1081/781 847/1060/768
f 848/1081/781 892/1105/805 844/1083/783
f 894/1106/806 895/1107/807 893/1108/808
f 896/1109/809 897/1110/810 895/1107/807
f 898/1111/811 899/1112/812 897/1113/810
f 900/1114/813 901/1115/814 899/1112/812
f 902/1116/815 903/1117/816 901/1115/814
f 904/1118/817 905/1119/818 903/1120/816
f 906/1121/819 907/1122/820 905/1119/818
f 908/1123/821 909/1124/822 907/1122/820
f 910/1125/823 911/1126/824 909/1127/822
f 912/1128/825 913/1129/826 911/1126/824
f 904/1130/817 896/1131/809 912/1132/825
f 914/1133/827 915/1134/828 913/1129/826
f 916/1135/829 893/1108/808 915/1136/828
f 936/1137/830 932/1138/831 940/1139/829
f 922/1140/816 935/1141/819 923/1142/832
f 919/1143/810 932/1144/831 920/1145/833
f 926/1146/834 939/1147/827 927/1148/826
f 923/1142/832 936/1149/830 924/1150/820
f 920/1145/833 933/1151/815 921/1152/814
f 927/1148/826 940/1153/829 928/1154/828
f 917/1155/835 929/1156/809 918/1157/807
f 924/1150/820 937/1158/823 925/1159/822
f 921/1152/814 934/1160/817 922/1161/816
f 928/1162/828 930/1163/806 917/1155/835
f 918/1157/807 931/1164/811 919/1165/810
f 925/1166/822 938/1167/836 926/1146/834
f 944/1168/837 941/1169/837 942/1170/837
f 944/1171/838 947/1172/838 943/1173/838
f 946/1174/839 947/1175/839 948/1176/839
f 942/1177/840 945/1178/840 946/1179/840
f 946/1180/783 944/1181/783 942/1182/783
f 949/1183/841 952/1184/842 951/1185/843
f 952/1184/842 953/1186/844 951/1185/843
f 954/1187/845 955/1188/846 953/1186/844
f 956/1189/847 957/1190/848 955/1191/846
f 957/1190/848 960/1192/849 959/1193/850
f 960/1192/849 961/1194/851 959/1193/850
f 962/1195/852 963/1196/853 961/1194/851
f 964/1197/854 965/1198/855 963/1196/853
f 965/1198/855 968/1199/856 967/1200/857
f 968/1201/856 969/1202/858 967/1203/857
f 964/1204/854 956/1205/847 972/1206/859
f 970/1207/860 971/1208/861 969/1202/858
f 972/1209/859 949/1183/841 971/1208/861
f 953/1210/844 961/1211/851 969/1212/858
f 1286/1213/862 1284/1214/862 1285/1215/862
f 978/1216/832 1287/1217/832 1286/1218/832
f 976/1219/863 1288/1220/863 978/1221/863
f 976/1222/835 1284/1223/835 1289/1224/835
f 974/1225/864 975/1226/864 973/1227/864
f 1012/1228/865 1013/1229/844 1011/1230/843
f 981/1231/862 1290/1232/862 1291/1233/862
f 984/1234/832 1292/1235/832 981/1236/832
f 1294/1237/863 1293/1238/863 984/1239/863
f 1294/1240/835 1290/1241/835 1295/1242/835
f 980/1243/864 982/1244/864 979/1245/864
f 1009/1246/841 1012/1228/865 1011/1230/843
f 985/1247/841 988/1248/865 987/1249/866
f 987/1249/866 990/1250/867 989/1251/844
f 990/1250/867 991/1252/846 989/1251/844
f 992/1253/847 993/1254/848 991/1255/846
f 994/1256/868 995/1257/869 993/1254/848
f 996/1258/870 997/1259/851 995/1257/869
f 998/1260/852 999/1261/871 997/1259/851
f 1000/1262/872 1001/1263/873 999/1261/871
f 1002/1264/874 1003/1265/857 1001/1263/873
f 1004/1266/856 1005/1267/858 1003/1268/857
f 1000/1269/872 992/1270/847 1008/1271/859
f 1006/1272/860 1007/1273/875 1005/1267/858
f 1008/1274/859 985/1247/841 1007/1273/875
f 989/1275/844 997/1276/851 1005/1277/858
f 1014/1278/867 1015/1279/846 1013/1229/844
f 1015/1280/846 1018/1281/868 1017/1282/848
f 1018/1281/868 1019/1283/850 1017/1282/848
f 1020/1284/870 1021/1285/851 1019/1283/850
f 1022/1286/852 1023/1287/853 1021/1285/851
f 1024/1288/872 1025/1289/873 1023/1287/853
f 1026/1290/874 1027/1291/857 1025/1289/873
f 1028/1292/856 1029/1293/858 1027/1294/857
f 1032/1295/859 1024/1296/872 1016/1297/847
f 1029/1293/858 1032/1298/859 1031/1299/861
f 1032/1298/859 1009/1246/841 1031/1299/861
f 1013/1300/844 1021/1301/851 1029/1302/858
f 1036/1303/876 1033/1304/876 1034/1305/876
f 1040/1306/832 1035/1307/832 1036/1308/832
f 1038/1309/877 1039/1310/877 1040/1311/877
f 1038/1312/835 1033/1313/835 1037/1314/835
f 1043/1315/832 1048/1316/832 1047/1317/832
f 1041/1318/877 1044/1319/877 1043/1320/877
f 1046/1321/835 1041/1322/835 1045/1323/835
f 1048/1324/876 1045/1325/876 1047/1326/876
f 1052/1327/865 1053/1328/844 1051/1329/843
f 1049/1330/841 1052/1327/865 1051/1329/843
f 1054/1331/867 1055/1332/846 1053/1328/844
f 1056/1333/847 1057/1334/848 1055/1335/846
f 1058/1336/868 1059/1337/850 1057/1334/848
f 1060/1338/870 1061/1339/851 1059/1337/850
f 1062/1340/852 1063/1341/853 1061/1339/851
f 1064/1342/872 1065/1343/873 1063/1341/853
f 1066/1344/874 1067/1345/857 1065/1343/873
f 1068/1346/856 1069/1347/858 1067/1348/857
f 1064/1349/872 1056/1350/847 1072/1351/859
f 1069/1347/858 1072/1352/859 1071/1353/861
f 1072/1352/859 1049/1330/841 1071/1353/861
f 1053/1354/844 1061/1355/851 1069/1356/858
f 1210/1357/878 1093/1358/879 1215/1359/880
f 1074/1360/881 1075/1361/882 1073/1362/883
f 1201/1363/884 1087/1364/885 1206/1365/886
f 1075/1361/882 1078/1366/887 1077/1367/888
f 1192/1368/889 1081/1369/890 1197/1370/891
f 1077/1367/888 1080/1371/892 1079/1372/893
f 1225/1373/894 1231/1374/895 1274/1375/896
f 1080/1376/892 1081/1377/890 1079/1378/893
f 1223/1379/897 1268/1380/898 1219/1381/899
f 1081/1377/890 1084/1382/900 1083/1383/901
f 1210/1384/878 1261/1385/902 1259/1386/903
f 1084/1387/900 1085/1388/904 1083/1389/901
f 1205/1390/905 1250/1391/906 1201/1392/884
f 1085/1388/904 1088/1393/907 1087/1394/885
f 1181/1395/908 1232/1396/909 1183/1397/910
f 1087/1394/885 1090/1398/911 1089/1399/912
f 1192/1400/889 1243/1401/913 1241/1402/914
f 1090/1398/911 1091/1403/915 1089/1399/912
f 1180/1404/916 1234/1405/917 1229/1406/918
f 1092/1407/919 1093/1408/879 1091/1403/915
f 1299/1409/920 1107/1410/921 1230/1411/922
f 1094/1412/923 1095/1413/924 1093/1408/879
f 1220/1414/925 1265/1415/926 1216/1416/927
f 1096/1417/928 1097/1418/929 1095/1413/924
f 1207/1419/930 1258/1420/931 1256/1421/932
f 1097/1422/929 1100/1423/933 1099/1424/934
f 1202/1425/935 1247/1426/936 1198/1427/937
f 1100/1423/933 1101/1428/938 1099/1424/934
f 1096/1429/928 1088/1430/907 1080/1431/892
f 1216/1432/927 1097/1433/929 1221/1434/939
f 1101/1428/938 1104/1435/940 1103/1436/941
f 1219/1437/899 1099/1438/934 1224/1439/942
f 1103/1436/941 1074/1360/881 1073/1362/883
f 1189/1440/943 1240/1441/944 1238/1442/945
f 1308/1443/946 1113/1444/947 1251/1445/948
f 1207/1446/930 1091/1447/915 1212/1448/949
f 1198/1449/937 1085/1450/904 1203/1451/950
f 1189/1452/943 1079/1453/893 1194/1454/951
f 1103/1455/941 1185/1456/952 1225/1457/894
f 1226/1458/953 1271/1459/954 1222/1460/955
f 1217/1461/956 1262/1462/957 1213/1463/958
f 1186/1464/959 1237/1465/960 1235/1466/961
f 1204/1467/962 1255/1468/963 1253/1469/964
f 1195/1470/965 1246/1471/966 1244/1472/967
f 1073/1473/883 1182/1474/968 1183/1475/910
f 1222/1476/955 1101/1477/938 1227/1478/969
f 1213/1479/958 1095/1480/924 1218/1481/970
f 1204/1482/962 1089/1483/912 1209/1484/971
f 1195/1485/965 1083/1486/901 1200/1487/972
f 1186/1488/959 1077/1489/888 1191/1490/973
f 1322/1491/974 1120/1492/975 1272/1493/976
f 1249/1494/977 1112/1495/978 1248/1496/979
f 1320/1497/980 1119/1498/981 1269/1499/982
f 1246/1500/983 1111/1501/984 1245/1502/985
f 1318/1503/986 1118/1504/987 1266/1505/988
f 1304/1506/989 1110/1507/990 1242/1508/991
f 1316/1509/992 1117/1510/993 1263/1511/994
f 1302/1512/995 1109/1513/996 1239/1514/997
f 1314/1515/998 1116/1516/999 1260/1517/1000
f 1228/1518/1001 1105/1519/1002 1233/1520/1003
f 1312/1521/1004 1115/1522/1005 1257/1523/1006
f 1237/1524/1007 1108/1525/1008 1236/1526/1009
f 1297/1527/1010 1106/1528/1011 1275/1529/1012
f 1310/1530/1013 1114/1531/1014 1254/1532/1015
f 1127/1533/1016 1144/1534/1017 1128/1535/1018
f 1148/1536/1019 1165/1537/1020 1149/1538/1021
f 1136/1539/1022 1151/1540/1023 1152/1541/1024
f 1129/1542/1025 1144/1534/1017 1145/1543/1026
f 1122/1544/1027 1137/1545/1028 1121/1546/1029
f 1136/1547/1022 1138/1548/1030 1122/1544/1027
f 1129/1549/1025 1146/1550/1031 1130/1551/1032
f 1123/1552/1033 1137/1545/1028 1139/1553/1034
f 1130/1551/1032 1147/1554/1035 1131/1555/1036
f 1123/1552/1033 1140/1556/1037 1124/1557/1038
f 1132/1558/1039 1147/1554/1035 1148/1559/1019
f 1125/1560/1040 1140/1556/1037 1141/1561/1041
f 1132/1562/1039 1149/1538/1021 1133/1563/1042
f 1126/1564/1043 1141/1565/1041 1142/1566/1044
f 1134/1567/1045 1149/1538/1021 1150/1568/1046
f 1126/1564/1043 1143/1569/1047 1127/1533/1016
f 1134/1567/1045 1151/1540/1023 1135/1570/1048
f 1163/1571/1049 1378/1572/1050 1376/1573/1051
f 1141/1565/1041 1158/1574/1052 1142/1566/1044
f 1150/1568/1046 1165/1537/1020 1166/1575/1053
f 1143/1569/1047 1158/1574/1052 1159/1576/1054
f 1150/1568/1046 1167/1577/1055 1151/1540/1023
f 1143/1569/1047 1160/1578/1056 1144/1534/1017
f 1152/1541/1024 1167/1577/1055 1168/1579/1057
f 1145/1543/1026 1160/1578/1056 1161/1580/1058
f 1138/1548/1030 1153/1581/1059 1137/1545/1028
f 1152/1582/1024 1154/1583/1060 1138/1548/1030
f 1146/1550/1031 1161/1584/1058 1162/1585/1061
f 1139/1553/1034 1153/1581/1059 1155/1586/1062
f 1146/1550/1031 1163/1571/1049 1147/1554/1035
f 1139/1553/1034 1156/1587/1063 1140/1556/1037
f 1148/1559/1019 1163/1571/1049 1164/1588/1064
f 1141/1561/1041 1156/1587/1063 1157/1589/1065
f 1155/1586/1062 1385/1590/1066 1384/1591/1067
f 1164/1588/1064 1386/1592/1068 1387/1593/1069
f 1157/1589/1065 1383/1594/1070 1390/1595/1071
f 1164/1596/1064 1392/1597/1072 1394/1598/1073
f 1158/1574/1052 1157/1599/1065 1397/1600/1074
f 1166/1575/1053 1395/1598/1075 1399/1601/1076
f 1159/1576/1054 1403/1602/1077 1402/1603/1078
f 1167/1577/1055 1406/1604/1079 1407/1605/1080
f 1160/1578/1056 1404/1606/1081 1410/1607/1082
f 1167/1577/1055 1416/1608/1083 1415/1609/1084
f 1161/1580/1058 1411/1610/1085 1417/1611/1086
f 1154/1583/1060 1419/1612/1087 1421/1613/1088
f 1168/1614/1057 1422/1615/1089 1423/1616/1090
f 1162/1585/1061 1418/1617/1091 1424/1618/1092
f 1155/1586/1062 1421/1613/1088 1427/1619/1093
f 1175/1620/1094 1429/1621/1095 1428/1622/1096
f 1431/1623/1097 1179/1624/1098 1430/1625/1099
f 1170/1626/1100 1435/1627/1101 1432/1628/1102
f 1433/1629/1103 1434/1630/1104 1171/1631/1105
f 1436/1632/1106 1437/1633/1107 1176/1634/1108
f 1171/1635/1105 1438/1636/1109 1433/1637/1103
f 1176/1634/1108 1439/1638/1110 1436/1632/1106
f 1177/1639/1111 1441/1640/1112 1442/1641/1113
f 1172/1642/1114 1444/1643/1115 1443/1644/1116
f 1177/1645/1111 1445/1646/1117 1440/1647/1118
f 1446/1648/1119 1178/1649/1120 1447/1650/1121
f 1444/1643/1115 1172/1642/1114 1448/1651/1122
f 1449/1652/1123 1450/1653/1124 1173/1654/1125
f 1447/1650/1121 1178/1649/1120 1451/1655/1126
f 1173/1654/1125 1452/1656/1127 1449/1652/1123
f 1179/1657/1098 1453/1658/1128 1430/1659/1099
f 1454/1660/1129 1455/1661/1130 1174/1662/1131
f 1456/1663/1132 1169/1664/1133 1457/1665/1134
f 1453/1658/1128 1179/1657/1098 1458/1666/1135
f 1459/1667/1136 1169/1668/1133 1456/1669/1132
f 1461/1670/1137 1175/1620/1094 1428/1622/1096
f 1174/1662/1131 1460/1671/1138 1454/1660/1129
f 1170/1626/1100 1432/1628/1102 1462/1672/1139
f 1463/1673/1140 1174/1674/1131 1455/1675/1130
f 1464/1676/1141 1457/1677/1134 1169/1678/1133
f 1431/1623/1097 1458/1679/1135 1179/1624/1098
f 1169/1678/1133 1459/1680/1136 1464/1676/1141
f 1465/1681/1142 1175/1620/1094 1461/1670/1137
f 1174/1662/1131 1463/1682/1140 1460/1671/1138
f 1170/1683/1100 1462/1684/1139 1466/1685/1143
f 1429/1621/1095 1175/1620/1094 1465/1681/1142
f 1170/1683/1100 1466/1685/1143 1435/1686/1101
f 1171/1687/1105 1434/1688/1104 1467/1689/1144
f 1468/1690/1145 1176/1634/1108 1437/1633/1107
f 1467/1689/1144 1438/1691/1109 1171/1687/1105
f 1176/1692/1108 1468/1693/1145 1439/1694/1110
f 1177/1695/1111 1470/1696/1146 1469/1696/1147
f 1471/1697/1148 1172/1698/1114 1443/1699/1116
f 1177/1695/1111 1469/1696/1147 1445/1700/1117
f 1472/1701/1149 1178/1702/1120 1446/1703/1119
f 1471/1697/1148 1448/1704/1122 1172/1698/1114
f 1173/1705/1125 1450/1706/1124 1473/1707/1150
f 1451/1655/1126 1178/1649/1120 1472/1708/1149
f 1473/1707/1150 1452/1709/1127 1173/1705/1125
f 1180/1710/916 1181/1711/908 1182/1474/968
f 1183/1475/910 1184/1712/1151 1185/1456/952
f 1186/1488/959 1187/1713/1152 1188/1714/1153
f 1189/1452/943 1190/1715/1154 1191/1490/973
f 1192/1368/889 1193/1716/1155 1194/1454/951
f 1195/1485/965 1196/1717/1156 1197/1370/891
f 1198/1449/937 1199/1718/1157 1200/1487/972
f 1201/1363/884 1202/1719/935 1203/1451/950
f 1204/1482/962 1205/1720/905 1206/1365/886
f 1207/1446/930 1208/1721/1158 1209/1484/971
f 1210/1357/878 1211/1722/1159 1212/1448/949
f 1213/1479/958 1214/1723/1160 1215/1359/880
f 1216/1432/927 1217/1724/956 1218/1481/970
f 1219/1437/899 1220/1725/925 1221/1434/939
f 1222/1476/955 1223/1726/897 1224/1439/942
f 1225/1457/894 1226/1727/953 1227/1478/969
f 1228/1518/1001 1296/1728/1161 1230/1411/922
f 1297/1527/1010 1298/1729/1162 1233/1520/1003
f 1299/1409/920 1300/1730/1163 1236/1526/1009
f 1237/1524/1007 1301/1731/1164 1239/1514/997
f 1302/1512/995 1303/1732/1165 1242/1508/991
f 1304/1506/989 1305/1733/1166 1245/1502/985
f 1246/1500/983 1306/1734/1167 1248/1496/979
f 1249/1494/977 1307/1735/1168 1251/1445/948
f 1308/1443/946 1309/1736/1169 1254/1532/1015
f 1310/1530/1013 1311/1737/1170 1257/1523/1006
f 1312/1521/1004 1313/1738/1171 1260/1517/1000
f 1314/1515/998 1315/1739/1172 1263/1511/994
f 1316/1509/992 1317/1740/1173 1266/1505/988
f 1318/1503/986 1319/1741/1174 1269/1499/982
f 1320/1497/980 1321/1742/1175 1272/1493/976
f 1322/1491/974 1274/1743/1176 1275/1529/1012
f 1219/1381/899 1267/1744/1177 1220/1414/925
f 1217/1461/956 1265/1415/926 1264/1745/1178
f 1259/1386/903 1211/1746/1159 1210/1384/878
f 1208/1747/1158 1256/1421/932 1255/1468/963
f 1201/1392/884 1249/1748/1179 1202/1425/935
f 1246/1471/966 1198/1427/937 1247/1426/936
f 1241/1402/914 1193/1749/1155 1192/1400/889
f 1190/1750/1154 1238/1442/945 1237/1465/960
f 1180/1404/916 1228/1751/1180 1181/1395/908
f 1184/1752/1151 1232/1396/909 1231/1374/895
f 1271/1459/954 1223/1379/897 1222/1460/955
f 1262/1462/957 1214/1753/1160 1213/1463/958
f 1226/1458/953 1274/1375/896 1273/1754/1181
f 1204/1467/962 1252/1755/1182 1205/1390/905
f 1195/1470/965 1243/1401/913 1196/1756/1156
f 1235/1466/961 1187/1757/1152 1186/1464/959
f 1180/1710/916 1075/1758/882 1188/1714/1153
f 1279/1759/835 1282/1760/835 1278/1761/835
f 1277/1762/832 1280/1763/832 1281/1764/832
f 1278/1765/1183 1280/1766/1183 1276/1767/1183
f 1283/1768/1184 1277/1769/1184 1281/1770/1184
f 1332/1771/1185 1349/1772/1186 1350/1773/1187
f 1325/1774/1188 1342/1775/1189 1343/1776/1190
f 1333/1777/1191 1350/1773/1187 1351/1778/1192
f 1326/1779/1193 1343/1776/1190 1344/1780/1194
f 1333/1781/1191 1352/1782/1195 1334/1783/1196
f 1326/1784/1193 1345/1785/1197 1327/1786/1198
f 1334/1783/1196 1353/1787/1199 1335/1788/1200
f 1328/1789/1201 1345/1785/1197 1346/1790/1202
f 1336/1791/1203 1353/1787/1199 1354/1792/1204
f 1328/1789/1201 1347/1793/1205 1329/1794/1206
f 1337/1795/1207 1339/1796/1208 1338/1797/1209
f 1337/1798/1207 1354/1792/1204 1340/1799/1210
f 1330/1800/1211 1347/1801/1205 1348/1802/1212
f 1323/1803/1213 1339/1796/1208 1341/1804/1214
f 1330/1800/1211 1349/1772/1186 1331/1805/1215
f 1323/1803/1213 1342/1775/1189 1324/1806/1216
f 1352/1807/1195 1348/1808/1212 1344/1809/1194
f 1357/1810/1217 1369/1811/1218 1365/1812/1219
f 1114/1813/1014 1361/1814/1220 1362/1815/1221
f 1107/1816/921 1375/1817/1222 1105/1818/1002
f 1114/1813/1014 1363/1819/1223 1113/1820/947
f 1120/1821/975 1356/1822/1224 1355/1823/1225
f 1106/1824/1011 1375/1817/1222 1356/1822/1224
f 1113/1820/947 1374/1825/1226 1112/1826/978
f 1120/1821/975 1357/1827/1217 1119/1828/981
f 1111/1829/984 1374/1825/1226 1365/1830/1219
f 1118/1831/987 1357/1827/1217 1358/1832/1227
f 1372/1833/1228 1365/1830/1219 1366/1834/1229
f 1373/1835/1230 1358/1832/1227 1359/1836/1231
f 1372/1833/1228 1367/1837/1232 1109/1838/1233
f 1373/1835/1230 1360/1839/1234 1116/1840/999
f 1371/1841/1235 1367/1837/1232 1368/1842/1236
f 1116/1840/999 1361/1814/1220 1115/1843/1005
f 1107/1816/921 1368/1842/1236 1369/1844/1218
f 560/1845/1237 8/1846/1237 94/1847/1237
f 11/1848/1238 560/1845/1238 562/1849/1238
f 1456/1850/1239 1464/1851/1239 1459/1852/1239
f 11/1848/1240 2/1853/1240 1415/1854/1240
f 2/1853/1241 1414/1855/1242 1415/1854/1243
f 8/1846/1244 26/1856/1244 94/1857/1244
f 28/1858/1245 8/1846/1245 11/1848/1246
f 11/1848/1247 1413/1859/1248 28/1858/1249
f 26/1856/1250 43/1860/1250 94/1861/1250
f 45/1862/1251 26/1856/1251 28/1858/1252
f 1431/1863/1253 1453/1864/1253 1458/1865/1254
f 45/1862/1255 1413/1859/1255 1409/1866/1256
f 43/1860/1257 60/1867/1257 94/1868/1257
f 61/1869/1258 43/1860/1259 45/1862/1258
f 1407/1870/1260 45/1862/1260 1408/1871/1261
f 60/1867/1262 77/1872/1262 94/1873/1262
f 60/1867/1263 78/1874/1264 77/1872/1263
f 1406/1875/1265 61/1869/1265 1407/1870/1265
f 77/1872/1266 95/1876/1266 94/1877/1266
f 78/1874/1267 95/1876/1267 77/1872/1267
f 1401/1878/1268 78/1874/1268 1406/1875/1269
f 1447/1879/1270 1472/1880/1270 1446/1881/1270
f 98/1882/1271 113/1883/1271 95/1876/1271
f 1399/1884/1272 98/1882/1272 1401/1878/1272
f 95/1876/1273 113/1883/1273 94/1885/1273
f 113/1883/1274 130/1886/1274 94/1887/1274
f 115/1888/1275 130/1886/1276 113/1883/1276
f 1394/1889/1277 115/1888/1278 1399/1884/1279
f 130/1886/1280 148/1890/1281 147/1891/1282
f 132/1892/1283 1392/1893/1283 148/1890/1283
f 130/1886/1284 147/1891/1284 94/1894/1284
f 147/1891/1285 163/1895/1285 94/1896/1285
f 1436/1897/1286 1468/1898/1287 1437/1899/1288
f 148/1890/1289 163/1895/1289 147/1891/1290
f 165/1900/1291 1392/1901/1291 1393/1902/1292
f 182/1903/1293 1393/1902/1293 1389/1904/1294
f 163/1895/1295 181/1905/1295 94/1906/1295
f 163/1895/1296 182/1903/1297 181/1905/1298
f 181/1905/1299 198/1907/1299 94/1908/1299
f 182/1903/1300 198/1907/1301 181/1905/1301
f 200/1909/1302 1388/1910/1303 1387/1911/1303
f 94/1912/1304 198/1907/1304 215/1913/1304
f 198/1907/1305 216/1914/1306 215/1913/1305
f 216/1914/1307 1387/1911/1307 1386/1915/1307
f 94/1916/1308 215/1913/1308 231/1917/1308
f 216/1914/1309 231/1917/1309 215/1913/1309
f 1465/1918/1310 1428/1919/1310 1429/1920/1310
f 1379/1921/1311 216/1914/1311 1386/1915/1312
f 94/1922/1313 231/1917/1313 249/1923/1313
f 234/1924/1314 249/1923/1314 231/1917/1315
f 250/1925/1316 1379/1921/1316 1376/1926/1316
f 249/1923/1317 265/1927/1317 94/1928/1317
f 250/1925/1318 265/1927/1318 249/1923/1318
f 1454/1929/1319 1463/1930/1319 1455/1931/1320
f 250/1925/1321 1378/1932/1321 270/1933/1321
f 270/1933/1322 1377/1934/1323 1425/1935/1322
f 265/1927/1324 284/1936/1324 94/1937/1324
f 265/1927/1325 285/1938/1326 284/1936/1325
f 285/1938/1327 270/1933/1327 288/1939/1327
f 288/1939/1328 1425/1940/1329 1424/1941/1328
f 284/1936/1330 302/1942/1330 94/1943/1330
f 302/1942/1331 285/1938/1331 304/1944/1331
f 304/1944/1332 288/1939/1332 306/1945/1333
f 288/1939/1334 1418/1946/1334 1417/1947/1334
f 302/1942/1335 319/1948/1335 94/1949/1335
f 304/1944/1336 319/1948/1336 302/1942/1336
f 322/1950/1337 306/1945/1337 324/1951/1337
f 324/1951/1338 1417/1947/1338 1411/1952/1339
f 339/1953/1340 319/1948/1341 322/1950/1340
f 322/1950/1342 341/1954/1342 339/1953/1342
f 1449/1955/1343 1473/1956/1343 1450/1957/1344
f 341/1954/1345 1412/1958/1345 1410/1959/1345
f 319/1948/1346 337/1960/1346 94/1961/1346
f 337/1960/1347 356/1962/1347 94/1963/1347
f 339/1953/1348 356/1962/1348 337/1960/1348
f 339/1953/1349 361/1964/1349 359/1965/1350
f 361/1964/1351 1410/1966/1351 1404/1967/1351
f 359/1965/1352 379/1968/1352 377/1969/1352
f 1444/1970/1353 1471/1971/1353 1443/1972/1354
f 379/1968/1355 1405/1973/1355 1402/1974/1355
f 1403/1975/1356 381/1976/1356 1402/1974/1356
f 356/1962/1357 374/1977/1357 94/1978/1357
f 377/1969/1358 356/1962/1358 359/1965/1358
f 374/1977/1359 394/1979/1359 94/1980/1359
f 396/1981/1360 374/1977/1360 377/1969/1361
f 396/1981/1362 379/1968/1362 398/1982/1362
f 379/1968/1363 400/1983/1364 398/1982/1363
f 400/1983/1365 1403/1984/1366 1398/1985/1367
f 417/1986/1368 396/1981/1368 398/1982/1368
f 417/1986/1369 400/1983/1370 418/1987/1371
f 418/1987/1372 1396/1988/1373 1397/1989/1372
f 394/1979/1374 413/1990/1374 94/1991/1374
f 415/1992/1375 394/1979/1376 396/1981/1375
f 413/1993/1377 431/1994/1377 94/1995/1377
f 415/1996/1378 431/1994/1379 413/1993/1379
f 417/1997/1380 433/1998/1380 415/1996/1381
f 418/1999/1382 435/2000/1382 417/1997/1382
f 437/2001/1383 1397/2002/1384 1391/2002/1385
f 457/2003/1386 435/2000/1386 437/2001/1386
f 457/2003/1387 1390/2004/1388 1383/2005/1389
f 431/1994/1390 451/2006/1390 94/2007/1390
f 433/1998/1391 451/2006/1391 431/1994/1392
f 455/2008/1393 433/1998/1393 435/2000/1393
f 451/2006/1394 470/2009/1394 94/2010/1394
f 471/2011/1395 451/2006/1396 452/2012/1395
f 455/2008/1397 471/2011/1398 452/2012/1399
f 1433/2013/1400 1467/2014/1400 1434/2015/1401
f 455/2008/1402 1385/2016/1402 1382/2017/1402
f 457/2003/1403 1384/2018/1403 1385/2016/1403
f 473/2019/1404 1381/2020/1404 1426/2021/1404
f 470/2009/1405 488/2022/1405 94/2023/1405
f 490/2024/1406 470/2009/1407 471/2011/1406
f 492/2025/1408 471/2011/1409 473/2019/1408
f 488/2022/1410 505/2026/1410 94/2027/1410
f 490/2024/1411 505/2026/1412 488/2022/1412
f 492/2025/1413 508/2028/1413 490/2024/1413
f 1432/2029/1414 1466/2030/1414 1462/2031/1415
f 492/2025/1416 1427/2032/1416 510/2033/1416
f 505/2026/1417 523/2034/1417 94/2035/1417
f 525/2036/1418 505/2026/1418 508/2028/1419
f 510/2033/1420 525/2036/1420 508/2028/1420
f 1419/2037/1421 510/2033/1421 1427/2032/1421
f 525/2036/1422 541/2038/1422 523/2034/1422
f 528/2039/1423 544/2040/1423 525/2036/1423
f 546/2041/1424 1419/2042/1424 1420/2043/1424
f 523/2034/1425 541/2038/1425 94/2044/1425
f 541/2038/1426 560/1845/1426 94/2045/1426
f 544/2040/1427 560/1845/1427 541/2038/1427
f 546/2041/1428 562/1849/1428 544/2040/1428
f 546/2041/1429 1422/2046/1430 2/1853/1430
f 221/1/1 13/2047/693 218/2/2
f 794/4/4 235/946/690 20/5/5
f 793/7/7 223/975/701 10/8/8
f 222/10/10 14/947/691 219/11/11
f 791/13/13 226/954/694 9/14/14
f 224/16/16 12/2048/689 217/17/17
f 789/19/19 225/957/697 15/20/20
f 247/22/22 29/915/681 246/23/23
f 787/25/25 237/941/688 18/26/26
f 239/28/28 16/927/683 227/29/29
f 236/31/31 21/953/686 233/32/32
f 784/34/34 238/948/692 19/35/35
f 240/37/37 17/937/682 228/38/38
f 782/40/40 261/912/678 34/41/41
f 781/43/43 251/938/684 25/44/44
f 253/46/46 23/911/677 242/47/47
f 779/49/49 252/934/687 27/50/50
f 778/52/52 254/930/685 24/53/53
f 248/55/55 22/914/680 241/56/56
f 276/58/58 39/888/668 273/59/59
f 775/61/61 263/920/676 32/62/62
f 266/64/64 30/896/671 255/65/65
f 262/67/67 35/897/672 260/68/68
f 772/70/70 264/913/679 33/71/71
f 267/73/73 31/907/674 256/74/74
f 291/76/76 46/2049/663 286/77/77
f 769/79/79 278/2050/673 37/80/80
f 277/82/82 40/881/665 274/83/83
f 279/85/85 38/908/666 272/86/86
f 766/88/88 281/895/670 36/89/89
f 765/91/91 280/2051/675 41/92/92
f 764/94/94 305/869/662 51/95/95
f 763/97/97 293/889/669 42/98/98
f 762/100/100 295/890/664 49/101/101
f 292/103/103 47/866/659 287/104/104
f 760/106/106 294/885/667 44/107/107
f 296/109/109 48/865/658 289/110/110
f 318/112/112 56/840/649 312/113/113
f 308/115/115 54/863/657 301/116/116
f 307/118/118 52/852/654 299/119/119
f 755/121/121 311/867/660 50/122/122
f 754/124/124 309/868/661 55/125/125
f 310/127/127 53/851/653 300/128/128
f 752/130/130 333/835/647 68/131/131
f 321/133/133 63/841/650 317/134/134
f 750/136/136 323/848/652 59/137/137
f 320/139/139 57/834/646 313/140/140
f 748/142/142 325/856/655 62/143/143
f 747/145/145 326/2052/656 58/146/146
f 746/148/148 348/2053/643 75/149/149
f 745/151/151 335/2054/645 66/152/152
f 338/154/154 64/824/642 327/155/155
f 334/157/157 69/847/644 332/158/158
f 742/160/160 336/839/648 67/161/161
f 340/163/163 65/823/641 328/164/164
f 363/166/166 82/801/633 360/167/167
f 350/169/169 73/813/637 345/170/170
f 738/172/172 352/820/640 71/173/173
f 351/175/175 74/812/636 346/176/176
f 353/178/178 72/818/634 344/179/179
f 735/181/181 349/846/651 70/182/182
f 734/184/184 376/819/632 89/185/185
f 365/187/187 80/797/631 357/188/188
f 732/190/190 367/814/638 76/191/191
f 731/193/193 364/815/639 83/194/194
f 366/196/196 81/796/630 358/197/197
f 729/199/199 368/809/635 79/200/200
f 391/202/202 96/764/620 389/203/203
f 380/205/205 87/785/625 372/206/206
f 726/208/208 383/794/628 85/209/209
f 382/211/211 88/784/624 373/212/212
f 384/214/214 86/790/622 371/215/215
f 723/217/217 378/795/629 84/218/218
f 722/220/220 407/791/619 104/221/221
f 393/223/223 92/760/618 387/224/224
f 720/226/226 397/786/626 90/227/227
f 719/229/229 392/787/627 97/230/230
f 395/232/232 93/759/617 388/233/233
f 717/235/235 399/781/623 91/236/236
f 716/238/238 423/744/612 109/239/239
f 409/241/241 102/753/613 404/242/242
f 411/244/244 100/743/611 402/245/245
f 713/247/247 410/773/621 103/248/248
f 412/250/250 101/754/610 403/251/251
f 711/253/253 408/758/616 99/254/254
f 439/256/256 116/719/601 434/257/257
f 425/259/259 107/732/608 419/260/260
f 708/262/262 427/748/614 105/263/263
f 707/265/265 424/749/615 110/266/266
f 426/268/268 108/755/607 420/269/269
f 428/271/271 106/738/606 416/272/272
f 453/274/274 121/706/597 447/275/275
f 441/277/277 112/718/600 430/278/278
f 702/280/280 440/735/609 117/281/281
f 442/283/283 114/740/599 432/284/284
f 700/286/286 444/725/604 111/287/287
f 699/289/289 443/726/605 118/290/290
f 698/292/292 467/701/596 126/293/293
f 697/295/295 456/720/602 119/296/296
f 696/298/298 459/721/598 124/299/299
f 454/301/301 122/2055/593 448/302/302
f 694/304/304 458/2056/603 120/305/305
f 460/307/307 123/695/592 449/308/308
f 692/310/310 482/712/591 133/311/311
f 469/313/313 129/2057/589 465/314/314
f 468/316/316 127/678/587 463/317/317
f 689/319/319 475/699/594 125/320/320
f 688/322/322 472/700/595 131/323/323
f 474/325/325 128/689/586 464/326/326
f 497/328/328 143/652/578 495/329/329
f 685/331/331 484/691/588 138/332/332
f 485/334/334 136/666/584 479/335/335
f 683/337/337 483/688/590 134/338/338
f 486/340/340 137/665/583 480/341/341
f 487/343/343 135/661/581 478/344/344
f 512/346/346 152/639/572 511/347/347
f 679/349/349 499/659/580 141/350/350
f 678/352/352 501/672/585 139/353/353
f 498/355/355 144/651/577 496/356/356
f 500/358/358 142/655/575 494/359/359
f 675/361/361 502/670/582 140/362/362
f 674/364/364 526/633/568 157/365/365
f 514/367/367 150/635/570 507/368/368
f 672/370/370 516/644/573 146/371/371
f 515/373/373 151/634/569 509/374/374
f 670/376/376 517/648/576 149/377/377
f 669/379/379 513/645/574 145/380/380
f 668/382/382 539/624/566 166/383/383
f 529/385/385 155/623/565 520/386/386
f 666/388/388 531/640/571 153/389/389
f 665/391/391 527/656/579 158/392/392
f 530/394/394 156/630/564 521/395/395
f 532/397/397 154/620/562 519/398/398
f 554/400/400 171/602/553 552/401/401
f 661/403/403 542/2058/563 162/404/404
f 545/406/406 160/610/557 534/407/407
f 659/409/409 543/627/567 164/410/410
f 547/412/412 161/609/556 535/413/413
f 540/415/415 159/616/560 533/416/416
f 656/418/418 568/598/551 178/419/419
f 655/421/421 556/606/555 169/422/422
f 558/424/424 167/2059/559 548/425/425
f 555/427/427 172/601/552 553/428/428
f 652/430/430 557/611/558 170/431/431
f 651/433/433 559/615/561 168/434/434
f 650/436/436 580/577/547 185/437/437
f 570/439/439 176/2060/549 565/440/440
f 572/442/442 174/576/546 563/443/443
f 647/445/445 571/604/554 177/446/446
f 573/448/448 175/575/545 564/449/449
f 645/451/451 569/593/550 173/452/452
f 644/454/454 592/567/542 190/455/455
f 643/457/457 582/574/544 183/458/458
f 584/460/460 179/566/538 574/461/461
f 581/463/463 186/563/539 579/464/464
f 640/466/466 583/578/548 184/467/467
f 585/469/469 180/2061/541 575/470/470
f 604/472/472 195/536/530 600/473/473
f 637/475/475 594/573/540 188/476/476
f 593/478/478 191/544/533 590/479/479
f 635/481/481 595/2062/543 189/482/482
f 597/484/484 187/2063/536 586/485/485
f 596/487/487 192/543/532 591/488/488
f 616/490/490 202/2064/528 611/491/491
f 631/493/493 606/558/535 193/494/494
f 630/496/496 608/541/531 199/497/497
f 605/499/499 196/527/525 601/500/500
f 628/502/502 607/2065/534 194/503/503
f 609/505/505 197/526/524 602/506/506
f 618/508/508 622/2066/522 613/509/509
f 626/511/511 618/508/508 205/510/510
f 617/513/513 203/2067/537 612/514/514
f 621/516/516 201/529/526 610/517/517
f 623/519/519 619/531/527 206/520/520
f 622/522/522 620/535/529 204/523/523
f 601/525/500 622/2066/522 618/508/508
f 196/527/525 620/535/529 622/522/522
f 621/516/516 623/530/519 615/528/521
f 193/494/494 603/2068/498 623/530/519
f 603/498/498 199/497/497 619/531/527
f 624/518/518 610/517/517 202/532/528
f 194/534/503 598/495/495 624/518/518
f 598/495/495 193/494/494 621/516/516
f 625/515/515 612/514/514 204/523/523
f 600/473/473 625/515/515 620/535/529
f 195/536/530 617/513/513 625/515/515
f 619/537/527 626/511/511 614/512/512
f 199/539/497 602/506/506 626/511/511
f 197/526/524 618/508/508 626/511/511
f 627/540/507 602/2069/506 199/497/497
f 590/542/479 627/540/507 608/541/531
f 191/544/533 609/505/505 627/507/507
f 604/545/472 628/502/502 599/504/504
f 189/547/482 587/477/477 628/548/502
f 587/477/477 188/476/476 607/550/534
f 629/551/501 601/525/500 197/526/524
f 589/552/456 629/551/501 609/505/505
f 589/456/456 190/455/455 605/499/499
f 606/553/535 630/496/496 603/498/498
f 591/488/488 630/496/496 606/553/535
f 192/543/532 608/541/531 630/496/496
f 607/556/534 631/493/493 598/495/495
f 188/557/476 586/485/485 631/493/493
f 586/485/485 187/2063/536 606/558/535
f 632/492/492 611/491/491 203/559/537
f 599/504/504 632/492/492 617/560/513
f 599/504/504 194/503/503 616/490/490
f 633/489/489 591/488/488 187/555/536
f 579/464/464 633/489/489 597/561/484
f 186/563/539 596/487/487 633/489/489
f 634/486/486 586/485/485 188/557/476
f 574/461/461 634/486/486 594/564/540
f 179/566/538 597/484/484 634/486/486
f 592/567/542 635/481/481 588/483/483
f 184/568/467 576/586/459 635/481/481
f 576/459/459 183/458/458 595/569/543
f 636/571/480 590/542/479 192/543/532
f 578/572/438 636/571/480 596/487/487
f 185/437/437 593/478/478 636/480/480
f 595/569/543 637/475/475 587/477/477
f 183/458/458 575/470/470 637/475/475
f 575/470/470 180/2061/541 594/573/540
f 638/474/474 600/473/473 196/527/525
f 190/455/455 588/483/483 638/474/474
f 588/483/483 189/482/482 604/472/472
f 582/574/544 639/471/471 575/470/470
f 563/443/443 639/471/471 582/574/544
f 174/576/546 585/469/469 639/471/471
f 580/577/547 640/466/466 577/468/468
f 177/446/446 565/440/440 640/466/466
f 565/440/440 176/2060/549 583/578/548
f 641/465/465 579/464/464 179/562/538
f 173/580/452 567/420/420 641/465/465
f 567/420/420 178/419/419 581/463/463
f 642/462/462 574/461/461 180/565/541
f 561/582/453 642/462/462 585/581/469
f 173/584/452 584/460/460 642/462/462
f 583/585/548 643/588/457 576/586/459
f 176/587/549 564/2070/449 643/588/457
f 175/575/545 582/574/544 643/457/457
f 644/589/454 589/552/456 191/544/533
f 185/437/437 577/468/468 644/589/454
f 577/590/468 184/568/467 592/567/542
f 572/591/442 645/451/451 561/453/453
f 168/434/434 548/425/425 645/451/451
f 548/425/425 167/2059/559 569/593/550
f 646/594/450 564/2070/449 176/587/549
f 550/423/423 646/450/450 570/596/439
f 550/423/423 169/422/422 573/448/448
f 568/598/551 647/2071/445 566/599/447
f 552/600/401 647/2071/445 568/598/551
f 171/602/553 571/604/554 647/445/445
f 648/444/444 563/443/443 175/575/545
f 169/422/422 549/607/435 648/444/444
f 549/435/435 168/434/434 572/591/442
f 649/441/441 565/440/440 177/446/446
f 551/432/432 649/441/441 571/604/554
f 170/431/431 570/439/439 649/441/441
f 650/605/436 578/572/438 186/563/539
f 178/419/419 566/599/447 650/605/436
f 566/447/447 177/446/446 580/577/547
f 556/606/555 651/2072/433 549/607/435
f 534/608/407 651/2072/433 556/606/555
f 160/610/557 559/615/561 651/433/433
f 652/430/430 551/432/432 171/602/553
f 164/410/410 536/405/405 652/430/430
f 536/405/405 162/404/404 557/611/558
f 653/429/429 553/428/428 167/612/559
f 538/384/384 653/429/429 558/613/424
f 538/384/384 166/383/383 555/427/427
f 559/615/561 654/426/426 548/425/425
f 533/416/416 654/426/426 559/615/561
f 159/616/560 558/424/424 654/426/426
f 557/617/558 655/421/421 550/423/423
f 535/413/413 655/421/421 557/617/558
f 161/609/556 556/606/555 655/421/421
f 569/619/550 656/418/418 567/420/420
f 167/612/559 553/428/428 656/418/418
f 553/428/428 172/601/552 568/598/551
f 657/417/417 533/416/416 160/610/557
f 518/390/390 657/417/417 545/406/406
f 153/389/389 540/415/415 657/417/417
f 658/414/414 535/413/413 162/618/404
f 520/386/386 658/414/414 542/621/563
f 155/623/565 547/412/412 658/414/414
f 539/624/566 659/626/409 537/625/411
f 158/392/392 522/657/366 659/626/409
f 522/366/366 157/365/365 543/627/567
f 660/628/408 534/608/407 161/609/556
f 519/629/398 660/628/408 547/412/412
f 154/620/562 545/406/406 660/408/408
f 543/627/567 661/403/403 536/405/405
f 157/365/365 521/395/395 661/403/403
f 156/630/564 542/2058/563 661/403/403
f 662/631/402 552/600/401 172/601/552
f 166/383/383 537/625/411 662/631/402
f 537/411/411 164/410/410 554/400/400
f 663/632/399 519/629/398 155/623/565
f 149/377/377 504/653/372 663/632/399
f 504/372/372 146/371/371 532/397/397
f 664/396/396 521/395/395 157/365/365
f 507/368/368 664/396/396 526/633/568
f 150/635/570 530/394/394 664/396/396
f 531/636/571 665/391/391 524/393/393
f 145/638/380 511/347/347 665/391/391
f 152/639/572 527/656/579 665/391/391
f 666/388/388 518/390/390 154/620/562
f 146/371/371 503/381/381 666/388/388
f 503/381/381 145/380/380 531/640/571
f 667/387/387 520/386/386 156/622/564
f 506/378/378 667/387/387 530/641/394
f 506/378/378 149/377/377 529/385/385
f 540/643/415 668/382/382 538/384/384
f 153/637/389 524/393/393 668/382/382
f 524/393/393 158/392/392 539/624/566
f 516/644/573 669/379/379 503/381/381
f 140/362/362 489/354/354 669/379/379
f 489/354/354 139/353/353 513/645/574
f 670/376/376 506/378/378 150/642/570
f 493/351/351 670/376/376 514/646/367
f 493/351/351 141/350/350 517/648/576
f 671/649/375 509/658/374 152/639/572
f 495/650/329 671/649/375 512/346/346
f 143/652/578 515/373/373 671/375/375
f 517/648/576 672/654/370 504/653/372
f 141/350/350 491/660/363 672/654/370
f 491/363/363 140/362/362 516/644/573
f 673/369/369 507/368/368 151/634/569
f 494/359/359 673/369/369 515/373/373
f 142/655/575 514/367/367 673/369/369
f 527/656/579 674/2073/364 522/657/366
f 509/658/374 674/2073/364 527/656/579
f 151/634/569 526/633/568 674/364/364
f 499/659/580 675/662/361 491/660/363
f 135/661/581 477/2074/339 675/662/361
f 477/339/339 134/338/338 502/663/582
f 676/360/360 494/359/359 143/652/578
f 479/335/335 676/360/360 497/328/328
f 136/666/584 500/358/358 676/360/360
f 501/667/585 677/357/357 496/356/356
f 133/669/311 481/333/333 677/357/357
f 138/332/332 498/355/355 677/357/357
f 502/670/582 678/352/352 489/354/354
f 134/671/338 476/312/312 678/352/352
f 476/312/312 133/311/311 501/672/585
f 679/349/349 493/351/351 142/647/575
f 478/344/344 679/349/349 500/673/358
f 135/661/581 499/659/580 679/349/349
f 680/348/348 511/347/347 145/638/380
f 139/668/353 496/356/356 680/348/348
f 144/651/577 512/346/346 680/348/348
f 681/345/345 478/344/344 136/674/584
f 463/317/317 681/345/345 485/676/334
f 127/678/587 487/343/343 681/345/345
f 682/342/342 480/341/341 138/679/332
f 465/314/314 682/2075/342 484/681/588
f 129/683/589 486/340/340 682/342/342
f 487/685/343 683/337/337 477/339/339
f 127/687/587 462/294/294 683/337/337
f 462/294/294 126/293/293 483/688/590
f 684/336/336 479/335/335 137/665/583
f 464/326/326 684/336/336 486/340/340
f 128/689/586 485/334/334 684/336/336
f 482/690/591 685/331/331 481/333/333
f 125/320/320 466/324/324 685/331/331
f 466/324/324 131/323/323 484/691/588
f 686/692/330 495/650/329 144/651/577
f 480/341/341 686/330/330 498/693/355
f 137/665/583 497/328/328 686/330/330
f 687/327/327 464/326/326 129/683/589
f 448/302/302 687/2076/327 469/313/313
f 122/696/593 474/705/325 687/697/327
f 475/699/594 688/322/322 466/324/324
f 119/296/296 450/300/300 688/322/322
f 450/300/300 124/299/299 472/700/595
f 467/701/596 689/2077/319 461/702/321
f 120/703/305 445/297/297 689/319/319
f 445/297/297 119/296/296 475/699/594
f 690/318/318 463/317/317 128/677/586
f 447/275/275 690/318/318 474/705/325
f 121/706/597 468/316/316 690/318/318
f 691/315/315 465/314/314 131/682/323
f 124/708/299 449/308/308 691/315/315
f 123/695/592 469/313/313 691/315/315
f 483/709/590 692/310/310 476/312/312
f 126/710/293 461/711/321 692/310/310
f 461/711/321 125/2078/320 482/712/591
f 693/309/309 449/308/308 124/708/299
f 118/714/290 436/282/282 693/309/309
f 436/282/282 117/281/281 460/307/307
f 453/715/274 694/304/304 446/306/306
f 430/278/278 694/304/304 453/715/274
f 112/718/600 458/2056/603 694/304/304
f 695/303/303 448/302/302 123/695/592
f 434/257/257 695/303/303 460/307/307
f 116/719/601 454/301/301 695/303/303
f 456/720/602 696/298/298 450/300/300
f 111/287/287 438/291/291 696/298/298
f 438/291/291 118/290/290 459/721/598
f 458/722/603 697/295/295 445/297/297
f 112/723/600 429/288/288 697/295/295
f 429/288/288 111/287/287 456/720/602
f 468/724/316 698/292/292 462/294/294
f 121/716/597 446/306/306 698/292/292
f 446/306/306 120/305/305 467/701/596
f 444/725/604 699/289/289 438/291/291
f 105/263/263 422/267/267 699/289/289
f 422/267/267 110/266/266 443/726/605
f 441/727/277 700/286/286 429/288/288
f 414/264/264 700/286/286 441/727/277
f 414/264/264 105/263/263 444/725/604
f 701/285/285 432/284/284 116/729/601
f 419/260/260 701/285/285 439/730/256
f 107/732/608 442/283/283 701/285/285
f 443/733/605 702/280/280 436/282/282
f 110/734/266 421/240/240 702/280/280
f 421/240/240 109/239/239 440/735/609
f 703/279/279 430/278/278 114/717/599
f 416/272/272 703/279/279 442/736/283
f 106/738/606 441/277/277 703/279/279
f 704/276/276 447/275/275 122/696/593
f 432/284/284 704/276/276 454/739/301
f 114/740/599 453/274/274 704/276/276
f 705/273/273 416/272/272 107/737/608
f 402/245/245 705/273/273 425/741/259
f 100/743/611 428/271/271 705/273/273
f 706/270/270 420/269/269 109/239/239
f 404/745/242 706/270/270 423/744/612
f 102/747/613 426/268/268 706/270/270
f 427/748/614 707/265/265 422/267/267
f 99/254/254 406/222/222 707/265/265
f 406/222/222 104/221/221 424/749/615
f 708/262/262 414/264/264 106/728/606
f 100/751/611 401/255/255 708/262/262
f 401/255/255 99/254/254 427/748/614
f 709/261/261 419/260/260 108/731/607
f 403/251/251 709/261/261 426/752/268
f 101/754/610 425/259/259 709/261/261
f 710/258/258 434/257/257 117/281/281
f 109/239/239 420/269/269 710/258/258
f 108/755/607 439/256/256 710/258/258
f 411/756/244 711/253/253 401/255/255
f 91/757/236 385/228/228 711/253/253
f 385/228/228 90/227/227 408/758/616
f 712/252/252 403/251/251 102/753/613
f 387/224/224 712/252/252 409/241/241
f 92/760/618 412/250/250 712/252/252
f 407/761/619 713/247/247 405/249/249
f 97/763/230 389/203/203 713/247/247
f 96/764/620 410/773/621 713/247/247
f 714/246/246 402/245/245 101/742/610
f 386/237/237 714/769/246 412/766/250
f 386/237/237 91/236/236 411/768/244
f 715/770/243 404/745/242 103/746/248
f 388/772/233 715/2079/243 410/773/621
f 93/759/617 409/241/241 715/243/243
f 424/774/615 716/777/238 421/775/240
f 104/762/221 405/249/249 716/777/238
f 405/249/249 103/248/248 423/778/612
f 717/235/235 386/237/237 92/767/618
f 370/210/210 717/235/235 393/779/223
f 370/210/210 85/209/209 399/781/623
f 718/782/234 388/772/233 96/764/620
f 372/783/206 718/782/234 391/202/202
f 87/785/625 395/232/232 718/234/234
f 397/786/626 719/229/229 390/231/231
f 84/218/218 375/186/186 719/229/229
f 375/186/186 89/185/185 392/787/627
f 399/788/623 720/226/226 385/228/228
f 85/789/209 369/219/219 720/226/226
f 369/219/219 84/218/218 397/786/626
f 721/225/225 387/224/224 93/759/617
f 371/215/215 721/225/225 395/232/232
f 86/790/622 393/223/223 721/225/225
f 408/758/616 722/220/220 406/222/222
f 90/227/227 390/231/231 722/220/220
f 390/231/231 97/230/230 407/791/619
f 383/792/628 723/217/217 369/219/219
f 79/200/200 354/816/192 723/793/217
f 354/192/192 76/191/191 378/795/629
f 724/216/216 371/215/215 87/785/625
f 357/188/188 724/216/216 380/205/205
f 80/797/631 384/214/214 724/216/216
f 376/798/632 725/213/213 373/212/212
f 83/800/194 360/167/167 725/213/213
f 82/801/633 382/211/211 725/213/213
f 726/208/208 370/210/210 86/780/622
f 355/201/201 726/208/208 384/802/214
f 355/201/201 79/200/200 383/794/628
f 727/804/207 372/783/206 88/784/624
f 358/805/197 727/804/207 382/211/211
f 81/796/630 380/205/205 727/207/207
f 392/806/627 728/204/204 389/203/203
f 89/799/185 373/212/212 728/204/204
f 88/784/624 391/202/202 728/204/204
f 729/199/199 355/201/201 80/803/631
f 343/174/174 729/199/199 365/807/187
f 343/174/174 71/173/173 368/809/635
f 730/810/198 358/805/197 82/801/633
f 345/811/170 730/810/198 363/166/166
f 73/813/637 366/196/196 730/198/198
f 367/814/638 731/193/193 362/195/195
f 70/182/182 347/150/150 731/193/193
f 347/150/150 75/149/149 364/815/639
f 368/809/635 732/817/190 354/816/192
f 71/173/173 342/821/183 732/817/190
f 342/183/183 70/182/182 367/814/638
f 733/189/189 357/188/188 81/796/630
f 344/179/179 733/189/189 366/196/196
f 72/818/634 365/187/187 733/189/189
f 378/795/629 734/184/184 375/186/186
f 76/191/191 362/195/195 734/184/184
f 362/195/195 83/194/194 376/819/632
f 352/820/640 735/2080/181 342/821/183
f 327/822/155 735/2080/181 352/820/640
f 64/824/642 349/846/651 735/181/181
f 736/180/180 344/179/179 73/813/637
f 67/161/161 329/153/153 736/180/180
f 329/153/153 66/152/152 353/178/178
f 348/825/643 737/177/177 346/176/176
f 331/132/132 737/177/177 348/825/643
f 331/132/132 68/131/131 351/175/175
f 738/172/172 343/174/174 72/808/634
f 66/829/152 328/164/164 738/172/172
f 65/823/641 352/820/640 738/172/172
f 739/830/171 345/811/170 74/812/636
f 68/131/131 330/836/162 739/830/171
f 330/162/162 67/161/161 350/169/169
f 364/831/639 740/168/168 360/167/167
f 75/826/149 346/176/176 740/168/168
f 74/812/636 363/166/166 740/168/168
f 335/832/645 741/165/165 328/164/164
f 58/833/146 313/140/140 741/165/165
f 57/834/646 340/163/163 741/165/165
f 333/835/647 742/2081/160 330/836/162
f 62/837/143 315/138/138 742/160/160
f 315/138/138 59/137/137 336/839/648
f 743/159/159 332/158/158 64/824/642
f 317/134/134 743/159/159 338/154/154
f 63/841/650 334/157/157 743/159/159
f 744/842/156 327/822/155 65/823/641
f 312/843/113 744/842/156 340/163/163
f 56/840/649 338/154/154 744/156/156
f 336/839/648 745/151/151 329/153/153
f 59/137/137 314/849/147 745/151/151
f 314/147/147 58/146/146 335/844/645
f 349/846/651 746/148/148 347/150/150
f 332/158/158 746/148/148 349/846/651
f 69/847/644 348/2053/643 746/148/148
f 323/848/652 747/2082/145 314/849/147
f 299/850/119 747/2082/145 323/848/652
f 52/852/654 326/2052/656 747/145/145
f 748/142/142 316/144/144 63/853/650
f 301/116/116 748/142/142 321/854/133
f 301/116/116 54/863/657 325/856/655
f 326/857/656 749/141/141 313/140/140
f 298/96/96 749/141/141 326/857/656
f 298/96/96 51/95/95 320/139/139
f 325/859/655 750/136/136 315/138/138
f 300/128/128 750/136/136 325/859/655
f 53/851/653 323/848/652 750/136/136
f 751/135/135 317/134/134 56/840/649
f 50/122/122 303/126/126 751/135/135
f 303/126/126 55/125/125 321/133/133
f 752/130/130 331/132/132 69/827/644
f 316/144/144 752/130/130 334/861/157
f 316/144/144 62/143/143 333/835/647
f 753/862/129 300/2083/128 54/863/657
f 287/864/104 753/862/129 308/115/115
f 47/866/659 310/127/127 753/129/129
f 311/867/660 754/124/124 303/126/126
f 42/98/98 290/102/102 754/124/124
f 290/102/102 49/101/101 309/868/661
f 305/869/662 755/871/121 297/870/123
f 44/107/107 282/891/99 755/871/121
f 282/99/99 42/98/98 311/867/660
f 756/872/120 299/850/119 53/851/653
f 286/77/77 756/872/120 310/127/127
f 46/873/663 307/894/118 756/874/120
f 309/876/661 757/117/117 301/116/116
f 49/877/101 289/110/110 757/117/117
f 48/865/658 308/115/115 757/117/117
f 758/878/114 312/843/113 57/834/646
f 51/95/95 297/870/123 758/878/114
f 297/123/123 50/122/122 318/112/112
f 295/879/664 759/111/111 289/110/110
f 41/880/92 274/83/83 759/111/111
f 40/881/665 296/109/109 759/111/111
f 760/106/106 283/108/108 46/873/663
f 271/883/81 760/106/106 291/882/76
f 271/883/81 37/2084/80 294/885/667
f 761/886/105 287/864/104 48/865/658
f 273/887/59 761/886/105 296/109/109
f 39/888/668 292/103/103 761/105/105
f 293/889/669 762/100/100 290/102/102
f 36/89/89 275/93/93 762/100/100
f 275/93/93 41/92/92 295/890/664
f 294/885/667 763/2085/97 282/891/99
f 37/892/80 269/90/90 763/97/97
f 269/90/90 36/89/89 293/889/669
f 764/94/94 298/96/96 52/858/654
f 283/108/108 764/94/94 307/894/118
f 283/108/108 44/107/107 305/869/662
f 281/895/670 765/91/91 275/93/93
f 260/68/68 765/91/91 281/895/670
f 35/897/672 280/2051/675 765/91/91
f 278/898/673 766/88/88 269/90/90
f 255/65/65 766/88/88 278/898/673
f 30/896/671 281/895/670 766/88/88
f 767/87/87 272/86/86 39/888/668
f 33/900/71 257/63/63 767/87/87
f 257/63/63 32/62/62 279/85/85
f 280/901/675 768/84/84 274/83/83
f 259/902/42 768/84/84 280/901/675
f 259/902/42 34/2086/41 277/82/82
f 769/79/79 271/81/81 38/904/666
f 32/906/62 256/74/74 769/79/79
f 31/907/674 278/2050/673 769/79/79
f 770/78/78 286/77/77 47/866/659
f 272/86/86 770/78/78 292/103/103
f 38/908/666 291/76/76 770/78/78
f 263/909/676 771/75/75 256/74/74
f 24/910/53 242/47/47 771/75/75
f 23/911/677 267/73/73 771/75/75
f 261/912/678 772/70/70 258/72/72
f 27/50/50 244/45/45 772/70/70
f 244/45/45 25/44/44 264/913/679
f 773/69/69 260/68/68 30/896/671
f 246/23/23 773/69/69 266/64/64
f 29/915/681 262/67/67 773/69/69
f 774/66/66 255/65/65 31/899/674
f 241/56/56 774/66/66 267/916/73
f 22/914/680 266/64/64 774/66/66
f 264/918/679 775/61/61 257/63/63
f 25/919/44 243/54/54 775/61/61
f 243/54/54 24/53/53 263/920/676
f 776/921/60 273/2087/59 40/922/665
f 34/41/41 258/72/72 776/921/60
f 258/72/72 33/71/71 276/924/58
f 777/57/57 241/56/56 23/917/677
f 227/29/29 777/57/57 253/925/46
f 16/927/683 248/55/55 777/57/57
f 251/928/684 778/52/52 243/54/54
f 19/929/35 229/27/27 778/52/52
f 229/27/27 18/26/26 254/930/685
f 779/49/49 245/51/51 29/931/681
f 232/6/6 779/49/49 247/932/22
f 232/6/6 20/5/5 252/934/687
f 254/935/685 780/48/48 242/47/47
f 18/936/26 228/38/38 780/48/48
f 17/937/682 253/46/46 780/48/48
f 252/934/687 781/43/43 244/45/45
f 20/5/5 230/36/36 781/43/43
f 230/36/36 19/35/35 251/938/684
f 782/40/40 259/42/42 35/939/672
f 245/51/51 782/40/40 262/940/67
f 245/51/51 27/50/50 261/912/678
f 237/941/688 783/2088/39 228/942/38
f 12/943/689 214/9/9 783/944/39
f 10/8/8 240/2089/37 783/944/39
f 235/946/690 784/34/34 230/36/36
f 14/947/691 218/2/2 784/34/34
f 218/2/2 13/2047/693 238/948/692
f 785/33/33 233/32/32 16/927/683
f 220/21/21 785/33/33 239/28/28
f 15/20/20 236/31/31 785/33/33
f 786/30/30 227/29/29 17/926/682
f 213/15/15 786/30/30 240/949/37
f 9/14/14 239/28/28 786/30/30
f 238/951/692 787/25/25 229/27/27
f 13/952/693 217/17/17 787/25/25
f 217/17/17 12/2048/689 237/941/688
f 788/24/24 246/23/23 22/914/680
f 233/32/32 788/24/24 248/55/55
f 21/953/686 247/22/22 788/24/24
f 226/954/694 789/19/19 220/21/21
f 1/955/695 212/956/696 789/19/19
f 212/956/696 7/2090/704 225/957/697
f 790/18/18 217/17/17 13/952/693
f 209/959/698 790/18/18 221/958/1
f 4/961/700 224/16/16 790/18/18
f 223/962/701 791/13/13 213/15/15
f 3/963/702 207/964/703 791/13/13
f 207/964/703 1/955/695 226/954/694
f 225/965/697 792/969/12 219/966/11
f 7/968/704 211/2091/706 792/969/12
f 6/970/705 222/10/10 792/12/12
f 793/7/7 214/9/9 12/943/689
f 208/973/707 793/7/7 224/972/16
f 208/973/707 3/2092/702 223/975/701
f 794/4/4 232/6/6 21/933/686
f 219/966/11 794/2093/4 236/977/31
f 219/11/11 14/947/691 235/946/690
f 795/3/3 218/2/2 14/947/691
f 210/978/708 795/3/3 222/10/10
f 5/979/699 221/1/1 795/3/3
f 797/980/709 799/983/712 798/981/710
f 799/983/712 801/985/714 800/984/713
f 801/985/714 803/987/716 802/986/715
f 803/987/716 805/989/718 804/988/717
f 805/989/718 807/991/720 806/990/719
f 807/991/720 809/2094/722 808/992/721
f 809/993/722 811/996/724 810/994/723
f 811/996/724 813/998/726 812/997/725
f 813/998/726 815/1000/728 814/999/727
f 815/1000/728 817/1002/730 816/1001/729
f 817/1002/730 819/1004/732 818/1003/731
f 819/1004/732 821/1006/734 820/1005/733
f 821/1006/734 823/1008/736 822/1007/735
f 823/1008/736 825/1010/738 824/1009/737
f 825/1010/738 827/1012/740 826/1011/739
f 827/1012/740 829/1014/742 828/1013/741
f 829/1014/742 831/1016/744 830/1015/743
f 831/1016/744 833/2095/746 832/1017/745
f 833/1018/746 835/1021/748 834/1019/747
f 835/1021/748 837/1023/750 836/1022/749
f 837/1023/750 839/1025/752 838/1024/751
f 839/1025/752 841/1030/756 840/1026/753
f 833/1027/746 831/1071/744 879/1028/754
f 841/1030/756 843/1032/758 842/1031/757
f 843/1032/758 797/980/709 796/982/711
f 840/1035/753 842/2096/757 796/2097/711
f 796/2097/711 798/2098/710 800/2099/713
f 800/2099/713 802/2100/715 804/2101/717
f 804/2101/717 806/2102/719 808/1033/721
f 808/1033/721 810/2103/723 812/2104/725
f 812/2104/725 814/2105/727 816/2106/729
f 816/2106/729 818/2107/731 820/2108/733
f 820/2108/733 822/2109/735 824/1034/737
f 824/1034/737 826/2110/739 828/2111/741
f 828/2111/741 830/2112/743 832/2113/745
f 832/2113/745 834/2114/747 836/2115/749
f 836/2115/749 838/2116/751 840/1035/753
f 840/1035/753 796/2097/711 800/2099/713
f 800/2099/713 804/2101/717 808/1033/721
f 808/1033/721 812/2104/725 816/2106/729
f 816/2106/729 820/2108/733 824/1034/737
f 824/1034/737 828/2111/741 832/2113/745
f 832/2113/745 836/2115/749 840/1035/753
f 840/1035/753 800/2099/713 808/1033/721
f 808/1033/721 816/2106/729 824/1034/737
f 824/1034/737 832/2113/745 840/1035/753
f 799/1036/712 845/1078/779 849/1037/759
f 843/1039/758 841/1072/756 889/1040/760
f 807/1042/720 855/1073/774 857/1043/762
f 817/1045/730 865/1074/775 867/1046/763
f 827/1048/740 875/1075/776 877/1049/764
f 837/1051/750 885/1076/777 887/1052/765
f 803/1054/716 851/1077/778 853/1055/766
f 813/1057/726 861/1079/780 863/1058/767
f 843/1039/758 891/1041/761 847/1060/768
f 825/1062/738 823/1080/736 871/1063/769
f 835/1065/748 833/1027/746 881/1029/755
f 809/1044/722 857/1043/762 859/1067/772
f 821/1069/734 819/1047/732 867/1046/763
f 831/1071/744 829/1050/742 877/1049/764
f 839/1053/752 887/1052/765 889/1040/760
f 807/1042/720 805/1056/718 853/1055/766
f 817/1045/730 815/1059/728 863/1058/767
f 825/1062/738 873/1064/770 875/1075/776
f 837/1051/750 835/1065/748 883/1066/771
f 803/1054/716 801/1038/714 849/1037/759
f 799/1036/712 797/1061/709 847/1060/768
f 813/1057/726 811/1068/724 859/1067/772
f 821/1069/734 869/1070/773 871/1063/769
f 845/1078/779 847/1060/768 848/1081/781
f 845/1078/779 846/1082/782 850/1084/784
f 851/1077/778 849/1037/759 850/1084/784
f 851/1077/778 852/1085/785 854/1086/786
f 855/1073/774 853/1055/766 854/1086/786
f 855/1073/774 856/1087/787 858/1088/788
f 859/1067/772 857/1043/762 858/1088/788
f 859/1067/772 860/1089/789 862/1090/790
f 861/1079/780 862/1090/790 864/1091/791
f 865/1074/775 863/1058/767 864/1091/791
f 867/1046/763 865/1074/775 866/1092/792
f 869/1070/773 867/1046/763 868/1093/793
f 869/1070/773 870/1094/794 872/1095/795
f 873/1064/770 871/1063/769 872/1095/795
f 873/1064/770 874/1096/796 876/1097/797
f 875/1075/776 876/1097/797 878/1098/798
f 877/1049/764 878/1098/798 880/1099/799
f 879/1028/754 880/1099/799 882/1100/800
f 881/1029/755 882/1100/800 884/1101/801
f 885/1076/777 883/1066/771 884/1101/801
f 885/1076/777 886/1102/802 888/1103/803
f 887/1052/765 888/1103/803 890/1104/804
f 891/1041/761 889/1040/760 890/1104/804
f 891/1041/761 892/1105/805 848/1081/781
f 894/1106/806 896/1109/809 895/1107/807
f 896/1109/809 898/2117/811 897/1110/810
f 898/1111/811 900/1114/813 899/1112/812
f 900/1114/813 902/1116/815 901/1115/814
f 902/1116/815 904/2118/817 903/1117/816
f 904/1118/817 906/1121/819 905/1119/818
f 906/1121/819 908/1123/821 907/1122/820
f 908/1123/821 910/2119/823 909/1124/822
f 910/1125/823 912/1128/825 911/1126/824
f 912/1128/825 914/1133/827 913/1129/826
f 912/1132/825 910/2120/823 908/2121/821
f 908/2121/821 906/2122/819 904/1130/817
f 904/1130/817 902/2123/815 900/2124/813
f 900/2124/813 898/2125/811 896/1131/809
f 896/1131/809 894/2126/806 916/2127/829
f 916/2127/829 914/2128/827 912/1132/825
f 912/1132/825 908/2121/821 904/1130/817
f 904/1130/817 900/2124/813 896/1131/809
f 896/1131/809 916/2127/829 912/1132/825
f 914/1133/827 916/2129/829 915/1134/828
f 916/1135/829 894/1106/806 893/1108/808
f 940/1139/829 939/2130/827 938/2131/836
f 938/2131/836 937/2132/823 936/1137/830
f 936/1137/830 935/2133/819 934/2134/817
f 934/2134/817 933/2135/815 932/1138/831
f 932/1138/831 931/2136/811 929/2137/809
f 929/2137/809 930/2138/806 940/1139/829
f 940/1139/829 938/2131/836 936/1137/830
f 936/1137/830 934/2134/817 932/1138/831
f 932/1138/831 929/2137/809 940/1139/829
f 922/1140/816 934/2139/817 935/1141/819
f 919/1143/810 931/2140/811 932/1144/831
f 926/1146/834 938/1167/836 939/1147/827
f 923/1142/832 935/1141/819 936/1149/830
f 920/1145/833 932/1144/831 933/1151/815
f 927/1148/826 939/1147/827 940/1153/829
f 917/1155/835 930/1163/806 929/1156/809
f 924/1150/820 936/1149/830 937/1158/823
f 921/1152/814 933/1151/815 934/1160/817
f 928/1162/828 940/2141/829 930/1163/806
f 918/1157/807 929/1156/809 931/1164/811
f 925/1166/822 937/2142/823 938/1167/836
f 944/1168/837 943/2143/837 941/1169/837
f 944/1171/838 948/2144/838 947/1172/838
f 946/1174/839 945/2145/839 947/1175/839
f 942/1177/840 941/2146/840 945/1178/840
f 946/1180/783 948/2147/783 944/1181/783
f 949/1183/841 950/2148/1431 952/1184/842
f 952/1184/842 954/1187/845 953/1186/844
f 954/1187/845 956/2149/847 955/1188/846
f 956/1189/847 958/2150/868 957/1190/848
f 957/1190/848 958/2150/868 960/1192/849
f 960/1192/849 962/1195/852 961/1194/851
f 962/1195/852 964/1197/854 963/1196/853
f 964/1197/854 966/2151/874 965/1198/855
f 965/1198/855 966/2151/874 968/1199/856
f 968/1201/856 970/1207/860 969/1202/858
f 972/1206/859 970/2152/860 968/2153/856
f 968/2153/856 966/2154/874 964/1204/854
f 964/1204/854 962/2155/852 960/2156/849
f 960/2156/849 958/2157/868 956/1205/847
f 956/1205/847 954/2158/845 952/2159/842
f 952/2159/842 950/2160/1431 972/1206/859
f 972/1206/859 968/2153/856 964/1204/854
f 964/1204/854 960/2156/849 956/1205/847
f 956/1205/847 952/2159/842 972/1206/859
f 970/1207/860 972/1209/859 971/1208/861
f 972/1209/859 950/2148/1431 949/1183/841
f 969/1212/858 971/2161/861 949/2162/841
f 949/2162/841 951/2163/843 953/1210/844
f 953/1210/844 955/2164/846 957/2165/848
f 957/2165/848 959/2166/850 961/1211/851
f 961/1211/851 963/2167/853 965/2168/855
f 965/2168/855 967/2169/857 969/1212/858
f 969/1212/858 949/2162/841 953/1210/844
f 953/1210/844 957/2165/848 961/1211/851
f 961/1211/851 965/2168/855 969/1212/858
f 1286/1213/862 1287/2170/862 1284/1214/862
f 978/1216/832 1288/2171/832 1287/1217/832
f 976/1219/863 1289/2172/863 1288/1220/863
f 976/1222/835 1285/2173/835 1284/1223/835
f 974/1225/864 977/2174/864 975/1226/864
f 1012/1228/865 1014/1278/867 1013/1229/844
f 981/1231/862 1292/2175/862 1290/1232/862
f 984/1234/832 1293/2176/832 1292/1235/832
f 1294/1237/863 1295/2177/863 1293/1238/863
f 1294/1240/835 1291/2178/835 1290/1241/835
f 980/1243/864 983/2179/864 982/1244/864
f 1009/1246/841 1010/2180/1431 1012/1228/865
f 985/1247/841 986/2181/1431 988/1248/865
f 987/1249/866 988/1248/865 990/1250/867
f 990/1250/867 992/2182/847 991/1252/846
f 992/1253/847 994/1256/868 993/1254/848
f 994/1256/868 996/1258/870 995/1257/869
f 996/1258/870 998/1260/852 997/1259/851
f 998/1260/852 1000/1262/872 999/1261/871
f 1000/1262/872 1002/1264/874 1001/1263/873
f 1002/1264/874 1004/2183/856 1003/1265/857
f 1004/1266/856 1006/1272/860 1005/1267/858
f 1008/1271/859 1006/2184/860 1004/2185/856
f 1004/2185/856 1002/2186/874 1000/1269/872
f 1000/1269/872 998/2187/852 996/2188/870
f 996/2188/870 994/2189/868 992/1270/847
f 992/1270/847 990/2190/867 988/2191/865
f 988/2191/865 986/2192/1431 1008/1271/859
f 1008/1271/859 1004/2185/856 1000/1269/872
f 1000/1269/872 996/2188/870 992/1270/847
f 992/1270/847 988/2191/865 1008/1271/859
f 1006/1272/860 1008/1274/859 1007/1273/875
f 1008/1274/859 986/2181/1431 985/1247/841
f 1005/1277/858 1007/2193/875 985/2194/841
f 985/2194/841 987/2195/866 989/1275/844
f 989/1275/844 991/2196/846 993/2197/848
f 993/2197/848 995/2198/869 997/1276/851
f 997/1276/851 999/2199/871 1001/2200/873
f 1001/2200/873 1003/2201/857 1005/1277/858
f 1005/1277/858 985/2194/841 989/1275/844
f 989/1275/844 993/2197/848 997/1276/851
f 997/1276/851 1001/2200/873 1005/1277/858
f 1014/1278/867 1016/2202/847 1015/1279/846
f 1015/1280/846 1016/2203/847 1018/1281/868
f 1018/1281/868 1020/1284/870 1019/1283/850
f 1020/1284/870 1022/1286/852 1021/1285/851
f 1022/1286/852 1024/1288/872 1023/1287/853
f 1024/1288/872 1026/1290/874 1025/1289/873
f 1026/1290/874 1028/2204/856 1027/1291/857
f 1028/1292/856 1030/2205/860 1029/1293/858
f 1016/1297/847 1014/2206/867 1012/2207/865
f 1012/2207/865 1010/2208/1431 1032/1295/859
f 1032/1295/859 1030/2209/860 1028/2210/856
f 1028/2210/856 1026/2211/874 1024/1296/872
f 1024/1296/872 1022/2212/852 1020/2213/870
f 1020/2213/870 1018/2214/868 1016/1297/847
f 1016/1297/847 1012/2207/865 1032/1295/859
f 1032/1295/859 1028/2210/856 1024/1296/872
f 1024/1296/872 1020/2213/870 1016/1297/847
f 1029/1293/858 1030/2205/860 1032/1298/859
f 1032/1298/859 1010/2180/1431 1009/1246/841
f 1029/1302/858 1031/2215/861 1009/2216/841
f 1009/2216/841 1011/2217/843 1013/1300/844
f 1013/1300/844 1015/2218/846 1017/2219/848
f 1017/2219/848 1019/2220/850 1021/1301/851
f 1021/1301/851 1023/2221/853 1025/2222/873
f 1025/2222/873 1027/2223/857 1029/1302/858
f 1029/1302/858 1009/2216/841 1013/1300/844
f 1013/1300/844 1017/2219/848 1021/1301/851
f 1021/1301/851 1025/2222/873 1029/1302/858
f 1036/1303/876 1035/2224/876 1033/1304/876
f 1040/1306/832 1039/2225/832 1035/1307/832
f 1038/1309/877 1037/2226/877 1039/1310/877
f 1038/1312/835 1034/2227/835 1033/1313/835
f 1043/1315/832 1044/2228/832 1048/1316/832
f 1041/1318/877 1042/2229/877 1044/1319/877
f 1046/1321/835 1042/2230/835 1041/1322/835
f 1048/1324/876 1046/2231/876 1045/1325/876
f 1052/1327/865 1054/1331/867 1053/1328/844
f 1049/1330/841 1050/2232/1431 1052/1327/865
f 1054/1331/867 1056/2233/847 1055/1332/846
f 1056/1333/847 1058/1336/868 1057/1334/848
f 1058/1336/868 1060/1338/870 1059/1337/850
f 1060/1338/870 1062/1340/852 1061/1339/851
f 1062/1340/852 1064/1342/872 1063/1341/853
f 1064/1342/872 1066/1344/874 1065/1343/873
f 1066/1344/874 1068/2234/856 1067/1345/857
f 1068/1346/856 1070/2235/860 1069/1347/858
f 1072/1351/859 1070/2236/860 1068/2237/856
f 1068/2237/856 1066/2238/874 1064/1349/872
f 1064/1349/872 1062/2239/852 1060/2240/870
f 1060/2240/870 1058/2241/868 1056/1350/847
f 1056/1350/847 1054/2242/867 1052/2243/865
f 1052/2243/865 1050/2244/1431 1072/1351/859
f 1072/1351/859 1068/2237/856 1064/1349/872
f 1064/1349/872 1060/2240/870 1056/1350/847
f 1056/1350/847 1052/2243/865 1072/1351/859
f 1069/1347/858 1070/2235/860 1072/1352/859
f 1072/1352/859 1050/2232/1431 1049/1330/841
f 1069/1356/858 1071/2245/861 1049/2246/841
f 1049/2246/841 1051/2247/843 1053/1354/844
f 1053/1354/844 1055/2248/846 1057/2249/848
f 1057/2249/848 1059/2250/850 1061/1355/851
f 1061/1355/851 1063/2251/853 1065/2252/873
f 1065/2252/873 1067/2253/857 1069/1356/858
f 1069/1356/858 1049/2246/841 1053/1354/844
f 1053/1354/844 1057/2249/848 1061/1355/851
f 1061/1355/851 1065/2252/873 1069/1356/858
f 1215/1359/880 1214/1723/1160 1210/1357/878
f 1210/1357/878 1212/1448/949 1093/1358/879
f 1093/1358/879 1095/1480/924 1215/1359/880
f 1074/1360/881 1076/2254/1432 1075/1361/882
f 1206/1365/886 1205/1720/905 1201/1363/884
f 1201/1363/884 1203/1451/950 1087/1364/885
f 1087/1364/885 1089/1483/912 1206/1365/886
f 1075/1361/882 1076/2254/1432 1078/1366/887
f 1197/1370/891 1196/1717/1156 1192/1368/889
f 1192/1368/889 1194/1454/951 1081/1369/890
f 1081/1369/890 1083/1486/901 1197/1370/891
f 1077/1367/888 1078/1366/887 1080/1371/892
f 1225/1373/894 1184/1752/1151 1231/1374/895
f 1080/1376/892 1082/2255/1433 1081/1377/890
f 1223/1379/897 1270/2256/1434 1268/1380/898
f 1081/1377/890 1082/2255/1433 1084/1382/900
f 1210/1384/878 1214/1753/1160 1261/1385/902
f 1084/1387/900 1086/2257/1435 1085/1388/904
f 1205/1390/905 1252/1755/1182 1250/1391/906
f 1085/1388/904 1086/2257/1435 1088/1393/907
f 1181/1395/908 1228/1751/1180 1232/1396/909
f 1087/1394/885 1088/1393/907 1090/1398/911
f 1192/1400/889 1196/1756/1156 1243/1401/913
f 1090/1398/911 1092/1407/919 1091/1403/915
f 1180/1404/916 1187/1757/1152 1234/1405/917
f 1092/1407/919 1094/1412/923 1093/1408/879
f 1230/1411/922 1296/1728/1161 1299/1409/920
f 1299/1409/920 1236/1526/1009 1107/1410/921
f 1107/1410/921 1105/1519/1002 1230/1411/922
f 1094/1412/923 1096/1417/928 1095/1413/924
f 1220/1414/925 1267/1744/1177 1265/1415/926
f 1096/1417/928 1098/2258/1436 1097/1418/929
f 1207/1419/930 1211/1746/1159 1258/1420/931
f 1097/1422/929 1098/2259/1436 1100/1423/933
f 1202/1425/935 1249/1748/1179 1247/1426/936
f 1100/1423/933 1102/2260/1437 1101/1428/938
f 1080/1431/892 1078/2261/887 1076/2262/1432
f 1076/2262/1432 1074/2263/881 1104/2264/940
f 1104/2264/940 1102/2265/1437 1100/2266/933
f 1100/2266/933 1098/2267/1436 1096/1429/928
f 1096/1429/928 1094/2268/923 1092/2269/919
f 1092/2269/919 1090/2270/911 1088/1430/907
f 1088/1430/907 1086/2271/1435 1084/2272/900
f 1084/2272/900 1082/2273/1433 1080/1431/892
f 1080/1431/892 1076/2262/1432 1104/2264/940
f 1104/2264/940 1100/2266/933 1096/1429/928
f 1096/1429/928 1092/2269/919 1088/1430/907
f 1088/1430/907 1084/2272/900 1080/1431/892
f 1080/1431/892 1104/2264/940 1096/1429/928
f 1221/1434/939 1220/1725/925 1216/1432/927
f 1216/1432/927 1218/1481/970 1097/1433/929
f 1097/1433/929 1099/1438/934 1221/1434/939
f 1101/1428/938 1102/2260/1437 1104/1435/940
f 1224/1439/942 1223/1726/897 1219/1437/899
f 1219/1437/899 1221/1434/939 1099/1438/934
f 1099/1438/934 1101/1477/938 1224/1439/942
f 1103/1436/941 1104/1435/940 1074/1360/881
f 1189/1440/943 1193/1749/1155 1240/1441/944
f 1251/1445/948 1307/1735/1168 1308/1443/946
f 1308/1443/946 1254/1532/1015 1113/1444/947
f 1113/1444/947 1112/1495/978 1251/1445/948
f 1212/1448/949 1211/1722/1159 1207/1446/930
f 1207/1446/930 1209/1484/971 1091/1447/915
f 1091/1447/915 1093/1358/879 1212/1448/949
f 1203/1451/950 1202/1719/935 1198/1449/937
f 1198/1449/937 1200/1487/972 1085/1450/904
f 1085/1450/904 1087/1364/885 1203/1451/950
f 1194/1454/951 1193/1716/1155 1189/1452/943
f 1189/1452/943 1191/1490/973 1079/1453/893
f 1079/1453/893 1081/1369/890 1194/1454/951
f 1225/1457/894 1227/1478/969 1103/1455/941
f 1103/1455/941 1073/1473/883 1185/1456/952
f 1185/1456/952 1184/1712/1151 1225/1457/894
f 1226/1458/953 1273/1754/1181 1271/1459/954
f 1217/1461/956 1264/1745/1178 1262/1462/957
f 1186/1464/959 1190/1750/1154 1237/1465/960
f 1204/1467/962 1208/1747/1158 1255/1468/963
f 1195/1470/965 1199/2274/1157 1246/1471/966
f 1183/1475/910 1185/1456/952 1073/1473/883
f 1073/1473/883 1075/1758/882 1182/1474/968
f 1182/1474/968 1181/1711/908 1183/1475/910
f 1227/1478/969 1226/1727/953 1222/1476/955
f 1222/1476/955 1224/1439/942 1101/1477/938
f 1101/1477/938 1103/1455/941 1227/1478/969
f 1218/1481/970 1217/1724/956 1213/1479/958
f 1213/1479/958 1215/1359/880 1095/1480/924
f 1095/1480/924 1097/1433/929 1218/1481/970
f 1209/1484/971 1208/1721/1158 1204/1482/962
f 1204/1482/962 1206/1365/886 1089/1483/912
f 1089/1483/912 1091/1447/915 1209/1484/971
f 1200/1487/972 1199/1718/1157 1195/1485/965
f 1195/1485/965 1197/1370/891 1083/1486/901
f 1083/1486/901 1085/1450/904 1200/1487/972
f 1191/1490/973 1190/1715/1154 1186/1488/959
f 1186/1488/959 1188/1714/1153 1077/1489/888
f 1077/1489/888 1079/1453/893 1191/1490/973
f 1272/1493/976 1321/1742/1175 1322/1491/974
f 1322/1491/974 1275/1529/1012 1120/1492/975
f 1120/1492/975 1119/1498/981 1272/1493/976
f 1248/1496/979 1306/1734/1167 1249/1494/977
f 1249/1494/977 1251/1445/948 1112/1495/978
f 1112/1495/978 1111/1501/984 1248/1496/979
f 1269/1499/982 1319/1741/1174 1320/1497/980
f 1320/1497/980 1272/1493/976 1119/1498/981
f 1119/1498/981 1118/1504/987 1269/1499/982
f 1245/1502/985 1305/1733/1166 1246/1500/983
f 1246/1500/983 1248/1496/979 1111/1501/984
f 1111/1501/984 1110/1507/990 1245/1502/985
f 1266/1505/988 1317/1740/1173 1318/1503/986
f 1318/1503/986 1269/1499/982 1118/1504/987
f 1118/1504/987 1117/1510/993 1266/1505/988
f 1242/1508/991 1303/1732/1165 1304/1506/989
f 1304/1506/989 1245/1502/985 1110/1507/990
f 1110/1507/990 1109/1513/996 1242/1508/991
f 1263/1511/994 1315/1739/1172 1316/1509/992
f 1316/1509/992 1266/1505/988 1117/1510/993
f 1117/1510/993 1116/1516/999 1263/1511/994
f 1239/1514/997 1301/1731/1164 1302/1512/995
f 1302/1512/995 1242/1508/991 1109/1513/996
f 1109/1513/996 1108/1525/1008 1239/1514/997
f 1260/1517/1000 1313/1738/1171 1314/1515/998
f 1314/1515/998 1263/1511/994 1116/1516/999
f 1116/1516/999 1115/1522/1005 1260/1517/1000
f 1233/1520/1003 1298/1729/1162 1228/1518/1001
f 1228/1518/1001 1230/1411/922 1105/1519/1002
f 1105/1519/1002 1106/1528/1011 1233/1520/1003
f 1257/1523/1006 1311/1737/1170 1312/1521/1004
f 1312/1521/1004 1260/1517/1000 1115/1522/1005
f 1115/1522/1005 1114/1531/1014 1257/1523/1006
f 1236/1526/1009 1300/1730/1163 1237/1524/1007
f 1237/1524/1007 1239/1514/997 1108/1525/1008
f 1108/1525/1008 1107/1410/921 1236/1526/1009
f 1275/1529/1012 1274/1743/1176 1297/1527/1010
f 1297/1527/1010 1233/1520/1003 1106/1528/1011
f 1106/1528/1011 1120/1492/975 1275/1529/1012
f 1254/1532/1015 1309/1736/1169 1310/1530/1013
f 1310/1530/1013 1257/1523/1006 1114/1531/1014
f 1114/1531/1014 1113/1444/947 1254/1532/1015
f 1127/1533/1016 1143/1569/1047 1144/1534/1017
f 1148/1536/1019 1164/1596/1064 1165/1537/1020
f 1136/1539/1022 1135/1570/1048 1151/1540/1023
f 1129/1542/1025 1128/1535/1018 1144/1534/1017
f 1122/1544/1027 1138/1548/1030 1137/1545/1028
f 1136/1547/1022 1152/1582/1024 1138/1548/1030
f 1129/1549/1025 1145/2275/1026 1146/1550/1031
f 1123/1552/1033 1121/1546/1029 1137/1545/1028
f 1130/1551/1032 1146/1550/1031 1147/1554/1035
f 1123/1552/1033 1139/1553/1034 1140/1556/1037
f 1132/1558/1039 1131/1555/1036 1147/1554/1035
f 1125/1560/1040 1124/1557/1038 1140/1556/1037
f 1132/1562/1039 1148/1536/1019 1149/1538/1021
f 1126/1564/1043 1125/2276/1040 1141/1565/1041
f 1134/1567/1045 1133/1563/1042 1149/1538/1021
f 1126/1564/1043 1142/1566/1044 1143/1569/1047
f 1134/1567/1045 1150/1568/1046 1151/1540/1023
f 1379/2277/1438 1380/2278/1439 1163/1571/1049
f 1163/1571/1049 1162/1585/1061 1377/2279/1440
f 1163/1571/1049 1377/2279/1440 1378/1572/1050
f 1376/1573/1051 1379/2277/1438 1163/1571/1049
f 1141/1565/1041 1157/1599/1065 1158/1574/1052
f 1150/1568/1046 1149/1538/1021 1165/1537/1020
f 1143/1569/1047 1142/1566/1044 1158/1574/1052
f 1150/1568/1046 1166/1575/1053 1167/1577/1055
f 1143/1569/1047 1159/1576/1054 1160/1578/1056
f 1152/1541/1024 1151/1540/1023 1167/1577/1055
f 1145/1543/1026 1144/1534/1017 1160/1578/1056
f 1138/1548/1030 1154/1583/1060 1153/1581/1059
f 1152/1582/1024 1168/1614/1057 1154/1583/1060
f 1146/1550/1031 1145/2275/1026 1161/1584/1058
f 1139/1553/1034 1137/1545/1028 1153/1581/1059
f 1146/1550/1031 1162/1585/1061 1163/1571/1049
f 1139/1553/1034 1155/1586/1062 1156/1587/1063
f 1148/1559/1019 1147/1554/1035 1163/1571/1049
f 1141/1561/1041 1140/1556/1037 1156/1587/1063
f 1383/1594/1070 1156/1587/1063 1155/1586/1062
f 1155/1586/1062 1381/2280/1441 1382/2281/1067
f 1155/1586/1062 1382/2281/1067 1385/1590/1066
f 1384/1591/1067 1383/1594/1070 1155/1586/1062
f 1388/2282/1442 1389/2283/1443 1164/1588/1064
f 1164/1588/1064 1163/1571/1049 1380/2278/1439
f 1164/1588/1064 1380/2278/1439 1386/1592/1068
f 1387/1593/1069 1388/2282/1442 1164/1588/1064
f 1390/1595/1071 1391/2284/1444 1157/1589/1065
f 1157/1589/1065 1156/1587/1063 1383/1594/1070
f 1395/1598/1075 1165/1537/1020 1164/1596/1064
f 1164/1596/1064 1389/2285/1443 1393/2286/1072
f 1164/1596/1064 1393/2286/1072 1392/1597/1072
f 1394/1598/1073 1395/1598/1075 1164/1596/1064
f 1396/2287/1445 1398/2288/1446 1158/1574/1052
f 1157/1599/1065 1391/1600/1444 1397/1600/1074
f 1397/1600/1074 1396/2287/1445 1158/1574/1052
f 1401/2289/1447 1400/2290/1448 1166/1575/1053
f 1166/1575/1053 1165/1537/1020 1395/1598/1075
f 1399/1601/1076 1401/2289/1447 1166/1575/1053
f 1405/2291/1449 1404/1606/1081 1159/1576/1054
f 1159/1576/1054 1158/1574/1052 1398/2288/1446
f 1159/1576/1054 1398/2288/1446 1403/1602/1077
f 1402/1603/1078 1405/2291/1449 1159/1576/1054
f 1408/2292/1450 1409/2293/1451 1167/1577/1055
f 1167/1577/1055 1166/1575/1053 1400/2290/1448
f 1167/1577/1055 1400/2290/1448 1406/1604/1079
f 1407/1605/1080 1408/2292/1450 1167/1577/1055
f 1412/2294/1082 1411/2295/1085 1160/1578/1056
f 1160/1578/1056 1159/1576/1054 1404/1606/1081
f 1410/1607/1082 1412/2294/1082 1160/1578/1056
f 1414/2296/1452 1168/1579/1057 1167/1577/1055
f 1167/1577/1055 1409/2293/1451 1413/2297/1083
f 1167/1577/1055 1413/2297/1083 1416/1608/1083
f 1415/1609/1084 1414/2296/1452 1167/1577/1055
f 1417/1611/1086 1418/2298/1091 1161/1580/1058
f 1161/1580/1058 1160/1578/1056 1411/1610/1085
f 1421/1613/1088 1153/1581/1059 1154/1583/1060
f 1154/1583/1060 1420/2299/1453 1419/1612/1087
f 1420/2299/1453 1154/1583/1060 1168/1614/1057
f 1168/1614/1057 1414/2300/1452 1422/1615/1089
f 1423/1616/1090 1420/2299/1453 1168/1614/1057
f 1425/2301/1092 1377/2279/1440 1162/1585/1061
f 1162/1585/1061 1161/1584/1058 1418/1617/1091
f 1424/1618/1092 1425/2301/1092 1162/1585/1061
f 1426/2302/1454 1381/2280/1441 1155/1586/1062
f 1155/1586/1062 1153/1581/1059 1421/1613/1088
f 1427/1619/1093 1426/2302/1454 1155/1586/1062
f 1177/1639/1111 1440/1640/1118 1441/1640/1112
f 1177/1695/1111 1442/2303/1113 1470/1696/1146
f 1219/1381/899 1268/1380/898 1267/1744/1177
f 1217/1461/956 1216/1416/927 1265/1415/926
f 1259/1386/903 1258/1420/931 1211/1746/1159
f 1208/1747/1158 1207/1419/930 1256/1421/932
f 1201/1392/884 1250/1391/906 1249/1748/1179
f 1246/1471/966 1199/2274/1157 1198/1427/937
f 1241/1402/914 1240/1441/944 1193/1749/1155
f 1190/1750/1154 1189/1440/943 1238/1442/945
f 1180/1404/916 1229/1406/918 1228/1751/1180
f 1184/1752/1151 1183/1397/910 1232/1396/909
f 1271/1459/954 1270/2256/1434 1223/1379/897
f 1262/1462/957 1261/1385/902 1214/1753/1160
f 1226/1458/953 1225/1373/894 1274/1375/896
f 1204/1467/962 1253/1469/964 1252/1755/1182
f 1195/1470/965 1244/1472/967 1243/1401/913
f 1235/1466/961 1234/1405/917 1187/1757/1152
f 1188/1714/1153 1187/1713/1152 1180/1710/916
f 1180/1710/916 1182/1474/968 1075/1758/882
f 1075/1758/882 1077/1489/888 1188/1714/1153
f 1279/1759/835 1283/2304/835 1282/1760/835
f 1277/1762/832 1276/2305/832 1280/1763/832
f 1278/1765/1183 1282/2306/1183 1280/1766/1183
f 1283/1768/1184 1279/2307/1184 1277/1769/1184
f 1332/1771/1185 1331/1805/1215 1349/1772/1186
f 1325/1774/1188 1324/1806/1216 1342/1775/1189
f 1333/1777/1191 1332/1771/1185 1350/1773/1187
f 1326/1779/1193 1325/1774/1188 1343/1776/1190
f 1333/1781/1191 1351/2308/1192 1352/1782/1195
f 1326/1784/1193 1344/2309/1194 1345/1785/1197
f 1334/1783/1196 1352/1782/1195 1353/1787/1199
f 1328/1789/1201 1327/1786/1198 1345/1785/1197
f 1336/1791/1203 1335/1788/1200 1353/1787/1199
f 1328/1789/1201 1346/1790/1202 1347/1793/1205
f 1337/1795/1207 1340/2310/1210 1339/1796/1208
f 1337/1798/1207 1336/1791/1203 1354/1792/1204
f 1330/1800/1211 1329/2311/1206 1347/1801/1205
f 1323/1803/1213 1338/1797/1209 1339/1796/1208
f 1330/1800/1211 1348/1802/1212 1349/1772/1186
f 1323/1803/1213 1341/1804/1214 1342/1775/1189
f 1344/1809/1194 1343/2312/1190 1342/2313/1189
f 1342/2313/1189 1341/2314/1214 1339/2315/1208
f 1339/2315/1208 1340/2316/1210 1354/2317/1204
f 1354/2317/1204 1353/2318/1199 1352/1807/1195
f 1352/1807/1195 1351/2319/1192 1350/2320/1187
f 1350/2320/1187 1349/2321/1186 1348/1808/1212
f 1348/1808/1212 1347/2322/1205 1346/2323/1202
f 1346/2323/1202 1345/2324/1197 1344/1809/1194
f 1344/1809/1194 1342/2313/1189 1339/2315/1208
f 1339/2315/1208 1354/2317/1204 1352/1807/1195
f 1352/1807/1195 1350/2320/1187 1348/1808/1212
f 1348/1808/1212 1346/2323/1202 1344/1809/1194
f 1344/1809/1194 1339/2315/1208 1352/1807/1195
f 1365/1812/1219 1364/2325/1455 1363/2326/1223
f 1363/2326/1223 1362/2327/1221 1361/2328/1220
f 1361/2328/1220 1360/2329/1234 1359/2330/1231
f 1359/2330/1231 1358/2331/1227 1357/1810/1217
f 1357/1810/1217 1355/2332/1225 1356/2333/1224
f 1356/2333/1224 1370/2334/1455 1369/1811/1218
f 1369/1811/1218 1368/2335/1236 1367/2336/1232
f 1367/2336/1232 1366/2337/1229 1365/1812/1219
f 1365/1812/1219 1363/2326/1223 1361/2328/1220
f 1361/2328/1220 1359/2330/1231 1357/1810/1217
f 1357/1810/1217 1356/2333/1224 1369/1811/1218
f 1369/1811/1218 1367/2336/1232 1365/1812/1219
f 1365/1812/1219 1361/2328/1220 1357/1810/1217
f 1114/1813/1014 1115/1843/1005 1361/1814/1220
f 1107/1816/921 1369/1844/1218 1375/1817/1222
f 1114/1813/1014 1362/1815/1221 1363/1819/1223
f 1120/1821/975 1106/1824/1011 1356/1822/1224
f 1106/1824/1011 1105/1818/1002 1375/1817/1222
f 1113/1820/947 1363/1819/1223 1374/1825/1226
f 1120/1821/975 1355/1823/1225 1357/1827/1217
f 1111/1829/984 1112/1826/978 1374/1825/1226
f 1118/1831/987 1119/1828/981 1357/1827/1217
f 1372/1833/1228 1111/1829/984 1365/1830/1219
f 1373/1835/1230 1118/1831/987 1358/1832/1227
f 1372/1833/1228 1366/1834/1229 1367/1837/1232
f 1373/1835/1230 1359/1836/1231 1360/1839/1234
f 1371/1841/1235 1109/1838/1233 1367/1837/1232
f 1116/1840/999 1360/1839/1234 1361/1814/1220
f 1107/1816/921 1371/1841/1235 1368/1842/1236
f 11/1848/1238 8/1846/1238 560/1845/1238
f 1456/1850/1239 1457/2338/1239 1464/1851/1239
f 1415/1854/1240 1416/2339/1456 11/1848/1240
f 11/1848/1240 562/1849/1240 2/1853/1240
f 2/1853/1241 1422/2046/1457 1414/1855/1242
f 28/1858/1245 26/1856/1245 8/1846/1245
f 11/1848/1247 1416/2340/1248 1413/1859/1248
f 45/1862/1251 43/1860/1251 26/1856/1251
f 1431/1863/1253 1430/2341/1253 1453/1864/1253
f 1409/1866/1256 1408/1871/1458 45/1862/1255
f 45/1862/1255 28/1858/1255 1413/1859/1255
f 61/1869/1258 60/1867/1259 43/1860/1259
f 1407/1870/1260 61/1869/1260 45/1862/1260
f 60/1867/1263 61/1869/1264 78/1874/1264
f 1406/1875/1265 78/1874/1265 61/1869/1265
f 78/1874/1267 98/1882/1267 95/1876/1267
f 1406/1875/1269 1400/2342/1269 1401/1878/1268
f 1401/1878/1268 98/1882/1268 78/1874/1268
f 1447/1879/1270 1451/2343/1270 1472/1880/1270
f 98/1882/1271 115/1888/1271 113/1883/1271
f 1399/1884/1272 115/1888/1272 98/1882/1272
f 115/1888/1275 132/1892/1459 130/1886/1276
f 1399/1884/1279 1395/2344/1460 1394/1889/1277
f 1394/1889/1277 132/1892/1278 115/1888/1278
f 130/1886/1280 132/1892/1461 148/1890/1281
f 132/1892/1283 1394/1889/1283 1392/1893/1283
f 1436/1897/1286 1439/2345/1286 1468/1898/1287
f 148/1890/1289 165/1900/1462 163/1895/1289
f 165/1900/1291 148/1890/1291 1392/1901/1291
f 1389/1904/1294 1388/2346/1463 182/1903/1293
f 182/1903/1293 165/1900/1293 1393/1902/1293
f 163/1895/1296 165/1900/1297 182/1903/1297
f 182/1903/1300 200/1909/1300 198/1907/1301
f 200/1909/1302 182/1903/1302 1388/1910/1303
f 198/1907/1305 200/1909/1306 216/1914/1306
f 216/1914/1307 200/1909/1307 1387/1911/1307
f 216/1914/1309 234/1924/1464 231/1917/1309
f 1465/1918/1310 1461/2347/1310 1428/1919/1310
f 1386/1915/1312 1380/2348/1465 1379/1921/1311
f 1379/1921/1311 234/1924/1311 216/1914/1311
f 234/1924/1314 250/1925/1314 249/1923/1314
f 250/1925/1316 234/1924/1316 1379/1921/1316
f 250/1925/1318 268/2349/1318 265/1927/1318
f 1454/1929/1319 1460/2350/1319 1463/1930/1319
f 270/1933/1321 268/2349/1321 250/1925/1321
f 250/1925/1321 1376/1926/1466 1378/1932/1321
f 270/1933/1322 1378/1932/1323 1377/1934/1323
f 265/1927/1325 268/2349/1326 285/1938/1326
f 285/1938/1327 268/2349/1327 270/1933/1327
f 288/1939/1328 270/1933/1467 1425/1940/1329
f 302/1942/1331 284/1936/1331 285/1938/1331
f 304/1944/1332 285/1938/1332 288/1939/1332
f 1417/1947/1334 306/1945/1334 288/1939/1334
f 288/1939/1334 1424/1941/1334 1418/1946/1334
f 304/1944/1336 322/1950/1468 319/1948/1336
f 322/1950/1337 304/1944/1337 306/1945/1337
f 1411/1952/1339 1412/1958/1469 324/1951/1338
f 324/1951/1338 306/1945/1338 1417/1947/1338
f 339/1953/1340 337/1960/1470 319/1948/1341
f 322/1950/1342 324/1951/1471 341/1954/1342
f 1449/1955/1343 1452/2351/1343 1473/1956/1343
f 341/1954/1345 324/1951/1345 1412/1958/1345
f 339/1953/1348 359/1965/1348 356/1962/1348
f 339/1953/1349 341/1954/1349 361/1964/1349
f 1404/1967/1351 1405/1973/1351 361/1964/1351
f 361/1964/1351 341/1954/1351 1410/1966/1351
f 359/1965/1352 361/1964/1352 379/1968/1352
f 1444/1970/1353 1448/2352/1472 1471/1971/1353
f 1402/1974/1355 381/1976/1355 379/1968/1355
f 379/1968/1355 361/1964/1355 1405/1973/1355
f 377/1969/1358 374/1977/1358 356/1962/1358
f 396/1981/1360 394/1979/1360 374/1977/1360
f 396/1981/1362 377/1969/1362 379/1968/1362
f 379/1968/1363 381/1976/1364 400/1983/1364
f 1398/1985/1367 1396/1988/1365 400/1983/1365
f 400/1983/1365 381/1976/1473 1403/1984/1366
f 417/1986/1368 415/1992/1368 396/1981/1368
f 417/1986/1369 398/1982/1369 400/1983/1370
f 418/1987/1372 400/1983/1373 1396/1988/1373
f 415/1992/1375 413/1990/1376 394/1979/1376
f 415/1996/1378 433/1998/1378 431/1994/1379
f 417/1997/1380 435/2000/1380 433/1998/1380
f 418/1999/1382 437/2001/1474 435/2000/1382
f 1391/2002/1385 1390/2004/1383 437/2001/1383
f 437/2001/1383 418/1999/1383 1397/2002/1384
f 457/2003/1386 455/2008/1386 435/2000/1386
f 1383/2005/1389 1384/2018/1475 457/2003/1387
f 457/2003/1387 437/2001/1388 1390/2004/1388
f 433/1998/1391 452/2012/1476 451/2006/1391
f 455/2008/1393 452/2012/1477 433/1998/1393
f 471/2011/1395 470/2009/1478 451/2006/1396
f 455/2008/1397 473/2019/1397 471/2011/1398
f 1433/2013/1400 1438/2353/1479 1467/2014/1400
f 1382/2017/1402 473/2019/1402 455/2008/1402
f 455/2008/1402 457/2003/1402 1385/2016/1402
f 1426/2021/1404 492/2025/1404 473/2019/1404
f 473/2019/1404 1382/2017/1404 1381/2020/1404
f 490/2024/1406 488/2022/1407 470/2009/1407
f 492/2025/1408 490/2024/1409 471/2011/1409
f 490/2024/1411 508/2028/1411 505/2026/1412
f 492/2025/1413 510/2033/1413 508/2028/1413
f 1432/2029/1414 1435/2354/1480 1466/2030/1414
f 492/2025/1416 1426/2021/1416 1427/2032/1416
f 525/2036/1418 523/2034/1418 505/2026/1418
f 510/2033/1420 528/2039/1420 525/2036/1420
f 1427/2032/1421 1421/2355/1481 1419/2037/1421
f 1419/2037/1421 528/2039/1421 510/2033/1421
f 525/2036/1422 544/2040/1422 541/2038/1422
f 528/2039/1423 546/2041/1423 544/2040/1423
f 1420/2043/1424 1423/2356/1424 546/2041/1424
f 546/2041/1424 528/2039/1424 1419/2042/1424
f 544/2040/1427 562/1849/1427 560/1845/1427
f 546/2041/1428 2/1853/1428 562/1849/1428
f 546/2041/1429 1423/2356/1482 1422/2046/1430
