# Blender 4.4.3
# www.blender.org
mtllib window.mtl
o Plane
v -43.209400 94.111504 -4.262614
v -43.207298 94.014603 -4.259614
v -43.165298 94.111504 -4.289714
v -43.210201 94.218895 -4.263614
v -43.248901 94.111504 -4.229014
v -43.246300 94.014603 -4.226314
v -43.163601 94.014603 -4.286414
v -43.165901 94.218895 -4.290814
v -43.249802 94.218895 -4.229814
v -42.701702 94.111504 -3.893714
v -42.705299 94.014603 -3.894814
v -42.721500 94.111504 -3.845814
v -42.700600 94.218895 -3.893314
v -42.689602 94.111504 -3.944014
v -42.693199 94.014603 -3.944614
v -42.724800 94.014603 -3.847514
v -42.720402 94.218895 -3.845214
v -42.688301 94.218895 -3.943914
v -43.329300 94.111504 -4.097614
v -43.325798 94.014603 -4.096414
v -43.309502 94.111504 -4.145514
v -43.330498 94.218895 -4.098014
v -43.341499 94.111504 -4.047214
v -43.337803 94.014603 -4.046714
v -43.306198 94.014603 -4.143814
v -43.310600 94.218895 -4.146114
v -43.342701 94.218895 -4.047414
v -42.821602 94.111504 -3.728714
v -42.823799 94.014603 -3.731714
v -42.865700 94.111504 -3.701614
v -42.820900 94.218895 -3.727714
v -42.782101 94.111504 -3.762314
v -42.784801 94.014603 -3.764914
v -42.867401 94.014603 -3.704914
v -42.865200 94.218895 -3.700514
v -42.781300 94.218895 -3.761414
v -43.015499 94.111504 -3.665714
v -43.015499 94.014603 -3.669414
v -43.067200 94.111504 -3.669714
v -43.015499 94.218895 -3.664514
v -42.963799 94.111504 -3.669714
v -42.964397 94.014603 -3.673414
v -43.066601 94.014603 -3.673414
v -43.067398 94.218895 -3.668514
v -42.963703 94.218895 -3.668514
v -43.209400 94.111504 -3.728714
v -43.207298 94.014603 -3.731714
v -43.248901 94.111504 -3.762314
v -43.210201 94.218895 -3.727714
v -43.165298 94.111504 -3.701614
v -43.163601 94.014603 -3.704914
v -43.246300 94.014603 -3.764914
v -43.249802 94.218895 -3.761414
v -43.165901 94.218895 -3.700514
v -43.329300 94.111504 -3.893714
v -43.325798 94.014603 -3.894814
v -43.341499 94.111504 -3.944114
v -43.330498 94.218895 -3.893314
v -43.309502 94.111504 -3.845814
v -43.306198 94.014603 -3.847514
v -43.337803 94.014603 -3.944614
v -43.342701 94.218895 -3.943914
v -43.310600 94.218895 -3.845214
v -42.821602 94.111504 -4.262614
v -42.823799 94.014603 -4.259614
v -42.782101 94.111504 -4.229014
v -42.820900 94.218895 -4.263614
v -42.865700 94.111504 -4.289714
v -42.867401 94.014603 -4.286414
v -42.784801 94.014603 -4.226314
v -42.781300 94.218895 -4.229814
v -42.865200 94.218895 -4.290814
v -43.015499 94.111504 -4.325614
v -43.015499 94.014603 -4.321914
v -42.963799 94.111504 -4.321614
v -43.015499 94.218895 -4.326814
v -43.067200 94.111504 -4.321614
v -43.066601 94.014603 -4.317914
v -42.964397 94.014603 -4.317914
v -42.963703 94.218895 -4.322814
v -43.067398 94.218895 -4.322814
v -42.701702 94.111504 -4.097614
v -42.705299 94.014603 -4.096414
v -42.689602 94.111504 -4.047214
v -42.700600 94.218895 -4.098014
v -42.721500 94.111504 -4.145514
v -42.724800 94.014603 -4.143814
v -42.693199 94.014603 -4.046714
v -42.688301 94.218895 -4.047414
v -42.720402 94.218895 -4.146114
v -42.483299 97.359100 -3.436114
v -42.619301 97.359100 -3.382014
v -42.483299 95.900398 -3.436114
v -42.343700 97.359100 -3.498514
v -42.483299 98.817703 -3.436114
v -42.619301 98.817703 -3.382014
v -42.619301 95.900398 -3.382014
v -42.343700 95.900398 -3.498514
v -42.343700 98.817703 -3.498514
v -42.990898 97.359100 -3.307214
v -43.101799 97.359100 -3.315515
v -42.990898 95.900398 -3.307214
v -42.873798 97.359100 -3.315515
v -42.990898 98.817703 -3.307214
v -43.101799 98.817703 -3.315515
v -43.101799 95.900398 -3.315514
v -42.873798 95.900398 -3.315514
v -42.873798 98.817703 -3.315515
v -43.398701 97.359100 -3.438614
v -43.481003 97.359100 -3.508715
v -43.398701 95.900398 -3.438614
v -43.306602 97.359100 -3.382014
v -43.398701 98.817703 -3.438614
v -43.481003 98.817703 -3.508715
v -43.481003 95.900398 -3.508714
v -43.306602 95.900398 -3.382014
v -43.306602 98.817703 -3.382014
v -42.483299 97.359100 -4.555214
v -42.343700 97.359100 -4.492814
v -42.483299 95.900398 -4.555214
v -42.619301 97.359100 -4.609314
v -42.483299 98.817703 -4.555216
v -42.343700 98.817703 -4.492815
v -42.343700 95.900398 -4.492814
v -42.619301 95.900398 -4.609314
v -42.619301 98.817703 -4.609314
v -42.990898 97.359100 -4.684114
v -42.873798 97.359100 -4.675814
v -42.990898 95.900398 -4.684114
v -43.101799 97.359100 -4.675814
v -42.990898 98.817703 -4.684115
v -42.873798 98.817703 -4.675815
v -42.873798 95.900398 -4.675814
v -43.101799 95.900398 -4.675814
v -43.101799 98.817703 -4.675815
v -43.398701 97.359100 -4.552615
v -43.306602 97.359100 -4.609314
v -43.398701 95.900398 -4.552615
v -43.481003 97.359100 -4.482514
v -43.398701 98.817703 -4.552616
v -43.306602 98.817703 -4.609314
v -43.306602 95.900398 -4.609314
v -43.481003 95.900398 -4.482514
v -43.481003 98.817703 -4.482516
v -43.648800 97.359100 -3.782914
v -43.674202 97.359100 -3.888016
v -43.648800 95.900398 -3.782914
v -43.607597 97.359100 -3.682914
v -43.648800 98.817703 -3.782914
v -43.674202 98.817703 -3.888016
v -43.674202 95.900398 -3.888014
v -43.607597 95.900398 -3.682914
v -43.607597 98.817703 -3.682914
v -43.648800 97.359100 -4.208414
v -43.607597 97.359100 -4.308314
v -43.648800 95.900398 -4.208414
v -43.674202 97.359100 -4.103314
v -43.648800 98.817703 -4.208416
v -43.607597 98.817703 -4.308316
v -43.607597 95.900398 -4.308314
v -43.674202 95.900398 -4.103314
v -43.674202 98.817703 -4.103316
v -42.989998 100.423203 -3.377715
v -42.990501 100.349792 -3.342416
v -42.881100 100.423203 -3.385216
v -42.989502 100.496605 -3.413015
v -43.090801 100.423203 -3.385216
v -43.096302 100.349792 -3.350316
v -42.877399 100.349792 -3.350316
v -42.884697 100.496605 -3.420016
v -43.085300 100.496605 -3.420016
v -43.581699 100.423203 -4.186615
v -43.615299 100.349792 -4.197515
v -43.604500 100.423203 -4.092316
v -43.548199 100.496605 -4.175714
v -43.544701 100.423203 -4.276316
v -43.576199 100.349792 -4.292315
v -43.639400 100.349792 -4.097815
v -43.569698 100.496605 -4.086816
v -43.513302 100.496605 -4.260315
v -42.493801 100.423203 -4.497916
v -42.488499 100.349792 -4.526515
v -42.632401 100.423203 -4.546416
v -42.499001 100.496605 -4.469214
v -42.349499 100.423203 -4.441916
v -42.346600 100.349792 -4.467416
v -42.625801 100.349792 -4.577815
v -42.638901 100.496605 -4.514915
v -42.352398 100.496605 -4.416416
v -43.357300 100.423203 -3.495716
v -43.378002 100.349792 -3.467216
v -43.274601 100.423203 -3.444916
v -43.336498 100.496605 -3.524316
v -43.431099 100.423203 -3.558616
v -43.456100 100.349792 -3.533716
v -43.290600 100.349792 -3.413515
v -43.258602 100.496605 -3.476316
v -43.406200 100.496605 -3.583616
v -43.357300 100.423203 -4.495615
v -43.378002 100.349792 -4.524115
v -43.431099 100.423203 -4.432714
v -43.336498 100.496605 -4.467016
v -43.274601 100.423203 -4.546416
v -43.290600 100.349792 -4.577815
v -43.456100 100.349792 -4.457616
v -43.406200 100.496605 -4.407716
v -43.258602 100.496605 -4.514915
v -43.581699 100.423203 -3.804716
v -43.615299 100.349792 -3.793816
v -43.544701 100.423203 -3.715016
v -43.548199 100.496605 -3.815616
v -43.604500 100.423203 -3.899016
v -43.639400 100.349792 -3.893515
v -43.576199 100.349792 -3.699016
v -43.513302 100.496605 -3.731016
v -43.569698 100.496605 -3.904515
v -42.493801 100.423203 -3.493415
v -42.488499 100.349792 -3.464716
v -42.349499 100.423203 -3.549415
v -42.499001 100.496605 -3.522116
v -42.632401 100.423203 -3.444916
v -42.625801 100.349792 -3.413515
v -42.346600 100.349792 -3.523916
v -42.352398 100.496605 -3.574916
v -42.638901 100.496605 -3.476316
v -42.989998 100.423203 -4.613615
v -42.990501 100.349792 -4.648916
v -43.090801 100.423203 -4.606116
v -42.989502 100.496605 -4.578316
v -42.881100 100.423203 -4.606116
v -42.877399 100.349792 -4.641016
v -43.096302 100.349792 -4.641016
v -43.085300 100.496605 -4.571316
v -42.884697 100.496605 -4.571316
v -43.174099 93.652496 -4.214014
v -43.177803 93.596298 -4.219114
v -43.138000 93.652496 -4.236214
v -43.172501 93.704803 -4.211714
v -43.206398 93.652496 -4.186514
v -43.210899 93.596298 -4.191014
v -43.140900 93.596298 -4.241814
v -43.136799 93.704803 -4.233714
v -43.204399 93.704803 -4.184514
v -42.758797 93.652496 -3.912214
v -42.752899 93.596298 -3.910314
v -42.774998 93.652496 -3.873114
v -42.761497 93.704803 -3.913114
v -42.748901 93.652496 -3.953414
v -42.742699 93.596298 -3.952514
v -42.769398 93.596298 -3.870214
v -42.777500 93.704803 -3.874314
v -42.751602 93.704803 -3.953914
v -43.272202 93.652496 -4.079014
v -43.278198 93.596298 -4.081014
v -43.256001 93.652496 -4.118214
v -43.269501 93.704803 -4.078214
v -43.282101 93.652496 -4.037814
v -43.288403 93.596298 -4.038814
v -43.261600 93.596298 -4.121114
v -43.253498 93.704803 -4.116914
v -43.279400 93.704803 -4.037414
v -42.856899 93.652496 -3.777314
v -42.853199 93.596298 -3.772214
v -42.893002 93.652496 -3.755114
v -42.858498 93.704803 -3.779614
v -42.824600 93.652496 -3.804814
v -42.820202 93.596298 -3.800314
v -42.890099 93.596298 -3.749514
v -42.894302 93.704803 -3.757614
v -42.826599 93.704803 -3.806814
v -43.015499 93.652496 -3.725814
v -43.015499 93.596298 -3.719514
v -43.057800 93.652496 -3.729014
v -43.015499 93.704803 -3.728614
v -42.973301 93.652496 -3.729014
v -42.972298 93.596298 -3.722814
v -43.058701 93.596298 -3.722814
v -43.057297 93.704803 -3.731814
v -42.973701 93.704803 -3.731814
v -43.174099 93.652496 -3.777314
v -43.177803 93.596298 -3.772214
v -43.206398 93.652496 -3.804814
v -43.172501 93.704803 -3.779614
v -43.138000 93.652496 -3.755114
v -43.140900 93.596298 -3.749514
v -43.210899 93.596298 -3.800314
v -43.204399 93.704803 -3.806814
v -43.136799 93.704803 -3.757614
v -43.272202 93.652496 -3.912214
v -43.278198 93.596298 -3.910314
v -43.282101 93.652496 -3.953414
v -43.269501 93.704803 -3.913114
v -43.256001 93.652496 -3.873114
v -43.261600 93.596298 -3.870214
v -43.288403 93.596298 -3.952514
v -43.279400 93.704803 -3.953914
v -43.253498 93.704803 -3.874314
v -42.856899 93.652496 -4.214014
v -42.853199 93.596298 -4.219114
v -42.824600 93.652496 -4.186514
v -42.858498 93.704803 -4.211714
v -42.893002 93.652496 -4.236214
v -42.890099 93.596298 -4.241814
v -42.820202 93.596298 -4.191014
v -42.826599 93.704803 -4.184514
v -42.894302 93.704803 -4.233714
v -43.015499 93.652496 -4.265514
v -43.015499 93.596298 -4.271814
v -42.973198 93.652496 -4.262314
v -43.015499 93.704803 -4.262714
v -43.057800 93.652496 -4.262314
v -43.058701 93.596298 -4.268514
v -42.972298 93.596298 -4.268514
v -42.973701 93.704803 -4.259514
v -43.057297 93.704803 -4.259514
v -42.758797 93.652496 -4.079014
v -42.752899 93.596298 -4.081014
v -42.748901 93.652496 -4.037814
v -42.761497 93.704803 -4.078214
v -42.774998 93.652496 -4.118214
v -42.769398 93.596298 -4.121114
v -42.742699 93.596298 -4.038814
v -42.751602 93.704803 -4.037414
v -42.777500 93.704803 -4.116914
v -42.844097 94.386703 -4.231614
v -42.832500 94.359200 -4.247614
v -42.809200 94.386703 -4.201914
v -42.855701 94.414200 -4.215614
v -42.883102 94.386703 -4.255614
v -42.874100 94.359200 -4.273214
v -42.795200 94.359200 -4.215914
v -42.823200 94.414200 -4.187914
v -42.892101 94.414200 -4.238014
v -42.738102 94.386703 -4.085814
v -42.719299 94.359200 -4.091914
v -42.727398 94.386703 -4.041214
v -42.756901 94.414200 -4.079714
v -42.755600 94.386703 -4.128114
v -42.737999 94.359200 -4.137114
v -42.707901 94.359200 -4.044314
v -42.746899 94.414200 -4.038215
v -42.773201 94.414200 -4.119114
v -42.738102 94.386703 -3.905514
v -42.719299 94.359200 -3.899414
v -42.755600 94.386703 -3.863214
v -42.756901 94.414200 -3.911614
v -42.727398 94.386703 -3.950014
v -42.707901 94.359200 -3.946914
v -42.737999 94.359200 -3.854214
v -42.773201 94.414200 -3.872214
v -42.746899 94.414200 -3.953114
v -42.844097 94.386703 -3.759714
v -42.832500 94.359200 -3.743714
v -42.883102 94.386703 -3.735714
v -42.855701 94.414200 -3.775714
v -42.809200 94.386703 -3.789414
v -42.795200 94.359200 -3.775414
v -42.874100 94.359200 -3.718114
v -42.892101 94.414200 -3.753314
v -42.823200 94.414200 -3.803414
v -43.015499 94.386703 -3.704014
v -43.015499 94.359200 -3.684214
v -43.061199 94.386703 -3.707514
v -43.015499 94.414200 -3.723814
v -42.969799 94.386703 -3.707514
v -42.966801 94.359200 -3.688014
v -43.064301 94.359200 -3.688014
v -43.058102 94.414200 -3.727114
v -42.972900 94.414200 -3.727114
v -43.186901 94.386703 -3.759714
v -43.198498 94.359200 -3.743714
v -43.221798 94.386703 -3.789414
v -43.175301 94.414200 -3.775714
v -43.147900 94.386703 -3.735714
v -43.156902 94.359200 -3.718114
v -43.235798 94.359200 -3.775414
v -43.207802 94.414200 -3.803414
v -43.138901 94.414200 -3.753314
v -43.292900 94.386703 -3.905514
v -43.311699 94.359200 -3.899414
v -43.303600 94.386703 -3.950014
v -43.274097 94.414200 -3.911614
v -43.275402 94.386703 -3.863214
v -43.292999 94.359200 -3.854214
v -43.323200 94.359200 -3.946914
v -43.284100 94.414200 -3.953114
v -43.257801 94.414200 -3.872214
v -43.015499 94.386703 -4.287314
v -43.015499 94.359200 -4.307014
v -42.969799 94.386703 -4.283814
v -43.015499 94.414200 -4.267514
v -43.061199 94.386703 -4.283814
v -43.064301 94.359200 -4.303314
v -42.966801 94.359200 -4.303314
v -42.972900 94.414200 -4.264214
v -43.058102 94.414200 -4.264214
v -43.186901 94.386703 -4.231614
v -43.198498 94.359200 -4.247614
v -43.147900 94.386703 -4.255614
v -43.175301 94.414200 -4.215614
v -43.221798 94.386703 -4.201914
v -43.235798 94.359200 -4.215914
v -43.156902 94.359200 -4.273214
v -43.138901 94.414200 -4.238014
v -43.207802 94.414200 -4.187914
v -43.292900 94.386703 -4.085814
v -43.311699 94.359200 -4.091914
v -43.275402 94.386703 -4.128114
v -43.274097 94.414200 -4.079714
v -43.303600 94.386703 -4.041214
v -43.323200 94.359200 -4.044314
v -43.292999 94.359200 -4.137114
v -43.257801 94.414200 -4.119114
v -43.284100 94.414200 -4.038215
v -43.187202 93.829002 -4.232014
v -43.195599 93.874397 -4.243614
v -43.222099 93.829002 -4.202214
v -43.179398 93.790398 -4.221214
v -43.148102 93.829002 -4.256014
v -43.154602 93.874397 -4.268814
v -43.232300 93.874397 -4.212414
v -43.212700 93.790398 -4.192814
v -43.142101 93.790398 -4.244114
v -42.737698 93.829002 -3.905414
v -42.724003 93.874397 -3.900914
v -42.726902 93.829002 -3.950014
v -42.750298 93.790398 -3.909514
v -42.755203 93.829002 -3.863014
v -42.742401 93.874397 -3.856514
v -42.712700 93.874397 -3.947714
v -42.739998 93.790398 -3.952014
v -42.766998 93.790398 -3.869014
v -43.293301 93.829002 -4.085914
v -43.306999 93.874397 -4.090314
v -43.304100 93.829002 -4.041314
v -43.280701 93.790398 -4.081814
v -43.275799 93.829002 -4.128314
v -43.288601 93.874397 -4.134814
v -43.318302 93.874397 -4.043614
v -43.291000 93.790398 -4.039214
v -43.264000 93.790398 -4.122314
v -42.843800 93.829002 -3.759314
v -42.835400 93.874397 -3.747714
v -42.808899 93.829002 -3.789014
v -42.851601 93.790398 -3.770114
v -42.882900 93.829002 -3.735314
v -42.876400 93.874397 -3.722514
v -42.798702 93.874397 -3.778914
v -42.818298 93.790398 -3.798514
v -42.888901 93.790398 -3.747114
v -43.015499 93.829002 -3.703514
v -43.015499 93.874397 -3.689214
v -42.969799 93.829002 -3.707014
v -43.015499 93.790398 -3.716814
v -43.061199 93.829002 -3.707014
v -43.063499 93.874397 -3.692914
v -42.967503 93.874397 -3.692914
v -42.971901 93.790398 -3.720214
v -43.059200 93.790398 -3.720214
v -43.187202 93.829002 -3.759314
v -43.195599 93.874397 -3.747714
v -43.148102 93.829002 -3.735314
v -43.179398 93.790398 -3.770114
v -43.222099 93.829002 -3.789014
v -43.232300 93.874397 -3.778914
v -43.154602 93.874397 -3.722514
v -43.142101 93.790398 -3.747114
v -43.212700 93.790398 -3.798514
v -43.293301 93.829002 -3.905414
v -43.306999 93.874397 -3.900914
v -43.275898 93.829002 -3.863014
v -43.280701 93.790398 -3.909514
v -43.304100 93.829002 -3.950014
v -43.318302 93.874397 -3.947714
v -43.288601 93.874397 -3.856514
v -43.264000 93.790398 -3.869014
v -43.291000 93.790398 -3.952014
v -42.843800 93.829002 -4.232014
v -42.835400 93.874397 -4.243614
v -42.882900 93.829002 -4.256014
v -42.851601 93.790398 -4.221214
v -42.808899 93.829002 -4.202214
v -42.798702 93.874397 -4.212414
v -42.876400 93.874397 -4.268814
v -42.888901 93.790398 -4.244114
v -42.818298 93.790398 -4.192814
v -43.015499 93.829002 -4.287814
v -43.015499 93.874397 -4.302114
v -43.061199 93.829002 -4.284214
v -43.015499 93.790398 -4.274515
v -42.969799 93.829002 -4.284214
v -42.967503 93.874397 -4.298414
v -43.063499 93.874397 -4.298414
v -43.059200 93.790398 -4.271114
v -42.971798 93.790398 -4.271114
v -42.737698 93.829002 -4.085914
v -42.724003 93.874397 -4.090314
v -42.755203 93.829002 -4.128314
v -42.750298 93.790398 -4.081814
v -42.726902 93.829002 -4.041314
v -42.712700 93.874397 -4.043614
v -42.742401 93.874397 -4.134814
v -42.766998 93.790398 -4.122314
v -42.739998 93.790398 -4.039214
v -42.947998 94.441696 -3.995614
v -42.499798 94.441696 -3.866214
v -42.672001 94.441696 -3.658914
v -42.969097 94.441696 -3.580914
v -43.220699 94.441696 -3.660114
v -43.371300 94.441696 -3.867514
v -43.371300 94.441696 -4.123814
v -43.220699 94.441696 -4.331114
v -42.969097 94.441696 -4.410414
v -42.672001 94.441696 -4.332414
v -42.499798 94.441696 -4.125114
v -42.388901 94.441696 -3.995614
v -42.459499 94.441696 -3.693214
v -42.795300 94.441696 -3.514614
v -43.138901 94.441696 -3.514614
v -43.391800 94.441696 -3.698414
v -43.488400 94.441696 -3.995614
v -43.391800 94.441696 -4.292914
v -43.138901 94.441696 -4.476714
v -42.795300 94.441696 -4.476714
v -42.459499 94.441696 -4.298114
v -42.908703 100.570000 -3.995616
v -42.949699 100.570000 -4.325416
v -43.156002 100.570000 -4.262415
v -43.275700 100.570000 -4.097515
v -43.275700 100.570000 -3.893816
v -43.156002 100.570000 -3.728916
v -42.949699 100.570000 -3.665915
v -42.667801 100.570000 -3.727915
v -42.486500 100.570000 -3.892716
v -42.486500 100.570000 -4.098616
v -42.667801 100.570000 -4.263416
v -42.798500 100.570000 -4.378116
v -43.097099 100.570000 -4.378116
v -43.298103 100.570000 -4.232016
v -43.374901 100.570000 -3.995616
v -43.298103 100.570000 -3.759316
v -43.097099 100.570000 -3.613216
v -42.798500 100.570000 -3.613216
v -42.455502 100.570000 -3.755216
v -42.379101 100.570000 -3.995616
v -42.455502 100.570000 -4.236115
v -42.339302 198.799393 -3.782930
v -42.380501 198.799393 -3.682930
v -42.339302 197.590698 -3.782930
v -42.313900 198.799393 -3.888030
v -42.339302 200.008102 -3.782930
v -42.380501 200.008102 -3.682930
v -42.380501 197.590698 -3.682930
v -42.313900 197.590698 -3.888030
v -42.313900 200.008102 -3.888030
v -42.339302 198.799393 -4.208430
v -42.313900 198.799393 -4.103330
v -42.339302 197.590698 -4.208430
v -42.380501 198.799393 -4.308330
v -42.339302 200.008102 -4.208431
v -42.313900 200.008102 -4.103330
v -42.313900 197.590698 -4.103330
v -42.380501 197.590698 -4.308330
v -42.380501 200.008102 -4.308330
v -42.589397 198.799393 -3.438630
v -42.681499 198.799393 -3.382030
v -42.589397 197.590698 -3.438630
v -42.507000 198.799393 -3.508730
v -42.589397 200.008102 -3.438630
v -42.681499 200.008102 -3.382030
v -42.681499 197.590698 -3.382030
v -42.507000 197.590698 -3.508730
v -42.507000 200.008102 -3.508730
v -42.993999 198.799393 -3.307130
v -43.101799 198.799393 -3.315530
v -42.993999 197.590698 -3.307130
v -42.886200 198.799393 -3.315530
v -42.993999 200.008102 -3.307130
v -43.101799 200.008102 -3.315530
v -43.101799 197.590698 -3.315530
v -42.886200 197.590698 -3.315530
v -42.886200 200.008102 -3.315530
v -43.398701 198.799393 -3.438630
v -43.481003 198.799393 -3.508730
v -43.398701 197.590698 -3.438630
v -43.306602 198.799393 -3.382030
v -43.398701 200.008102 -3.438630
v -43.481003 200.008102 -3.508730
v -43.481003 197.590698 -3.508730
v -43.306602 197.590698 -3.382030
v -43.306602 200.008102 -3.382030
v -42.589397 198.799393 -4.552630
v -42.507000 198.799393 -4.482530
v -42.589397 197.590698 -4.552630
v -42.681499 198.799393 -4.609329
v -42.589397 200.008102 -4.552631
v -42.507000 200.008102 -4.482530
v -42.507000 197.590698 -4.482530
v -42.681499 197.590698 -4.609329
v -42.681499 200.008102 -4.609330
v -42.993999 198.799393 -4.684130
v -42.886200 198.799393 -4.675830
v -42.993999 197.590698 -4.684130
v -43.101799 198.799393 -4.675830
v -42.993999 200.008102 -4.684130
v -42.886200 200.008102 -4.675830
v -42.886200 197.590698 -4.675830
v -43.101799 197.590698 -4.675830
v -43.101799 200.008102 -4.675830
v -43.398701 198.799393 -4.552630
v -43.306602 198.799393 -4.609329
v -43.398701 197.590698 -4.552630
v -43.481003 198.799393 -4.482530
v -43.398701 200.008102 -4.552631
v -43.306602 200.008102 -4.609330
v -43.306602 197.590698 -4.609329
v -43.481003 197.590698 -4.482530
v -43.481003 200.008102 -4.482530
v -43.648800 198.799393 -3.782930
v -43.674202 198.799393 -3.888030
v -43.648800 197.590698 -3.782930
v -43.607597 198.799393 -3.682930
v -43.648800 200.008102 -3.782930
v -43.674202 200.008102 -3.888030
v -43.674202 197.590698 -3.888030
v -43.607597 197.590698 -3.682930
v -43.607597 200.008102 -3.682930
v -43.648800 198.799393 -4.208430
v -43.607597 198.799393 -4.308330
v -43.648800 197.590698 -4.208430
v -43.674202 198.799393 -4.103330
v -43.648800 200.008102 -4.208431
v -43.607597 200.008102 -4.308330
v -43.607597 197.590698 -4.308330
v -43.674202 197.590698 -4.103330
v -43.674202 200.008102 -4.103330
v -43.616001 196.354401 -3.793530
v -43.632401 196.368210 -3.788230
v -43.640102 196.354401 -3.893430
v -43.599598 196.340591 -3.798930
v -43.576801 196.354401 -3.698630
v -43.592201 196.368210 -3.690830
v -43.657200 196.368210 -3.890730
v -43.623100 196.340591 -3.896130
v -43.561501 196.340591 -3.706430
v -42.993999 201.244400 -3.341730
v -42.993999 201.230591 -3.324430
v -42.891701 201.244400 -3.349630
v -42.993999 201.258209 -3.358930
v -43.096397 201.244400 -3.349630
v -43.099098 201.230591 -3.332530
v -42.888901 201.230591 -3.332530
v -42.894398 201.258209 -3.366630
v -43.093700 201.258209 -3.366630
v -43.616001 201.244400 -4.197730
v -43.632401 201.230591 -4.203030
v -43.640102 201.244400 -4.097931
v -43.599598 201.258209 -4.192430
v -43.576801 201.244400 -4.292731
v -43.592201 201.230591 -4.300530
v -43.657200 201.230591 -4.100630
v -43.623100 201.258209 -4.095230
v -43.561501 201.258209 -4.284830
v -42.372097 196.354401 -3.793530
v -42.355701 196.368210 -3.788230
v -42.411198 196.354401 -3.698630
v -42.388500 196.340591 -3.798930
v -42.348000 196.354401 -3.893430
v -42.330898 196.368210 -3.890730
v -42.395897 196.368210 -3.690830
v -42.426601 196.340591 -3.706430
v -42.364998 196.340591 -3.896130
v -42.372097 201.244400 -3.793530
v -42.355701 201.230591 -3.788230
v -42.348000 201.244400 -3.893430
v -42.388500 201.258209 -3.798930
v -42.411198 201.244400 -3.698630
v -42.395897 201.230591 -3.690830
v -42.330898 201.230591 -3.890730
v -42.364998 201.258209 -3.896130
v -42.426601 201.258209 -3.706430
v -42.372097 196.354401 -4.197730
v -42.355701 196.368210 -4.203030
v -42.348000 196.354401 -4.097930
v -42.388500 196.340591 -4.192430
v -42.411198 196.354401 -4.292730
v -42.395897 196.368210 -4.300530
v -42.330898 196.368210 -4.100630
v -42.364998 196.340591 -4.095230
v -42.426601 196.340591 -4.284830
v -42.993999 201.244400 -4.649630
v -42.993999 201.230591 -4.666930
v -43.096397 201.244400 -4.641731
v -42.993999 201.258209 -4.632331
v -42.891701 201.244400 -4.641731
v -42.888901 201.230591 -4.658730
v -43.099098 201.230591 -4.658730
v -43.093700 201.258209 -4.624630
v -42.894398 201.258209 -4.624630
v -43.378403 196.354401 -4.524730
v -43.388599 196.368210 -4.538730
v -43.291000 196.354401 -4.578530
v -43.368301 196.340591 -4.510730
v -43.456600 196.354401 -4.458130
v -43.468800 196.368210 -4.470330
v -43.298798 196.368210 -4.593930
v -43.283100 196.340591 -4.563130
v -43.444401 196.340591 -4.445930
v -42.993999 196.354401 -3.341730
v -42.993999 196.368210 -3.324430
v -43.096397 196.354401 -3.349630
v -42.993999 196.340591 -3.358930
v -42.891602 196.354401 -3.349630
v -42.888901 196.368210 -3.332530
v -43.099098 196.368210 -3.332530
v -43.093700 196.340591 -3.366630
v -42.894398 196.340591 -3.366630
v -43.378403 196.354401 -3.466630
v -43.388599 196.368210 -3.452630
v -43.456600 196.354401 -3.533130
v -43.368301 196.340591 -3.480530
v -43.291000 196.354401 -3.412830
v -43.298798 196.368210 -3.397430
v -43.468800 196.368210 -3.520930
v -43.444401 196.340591 -3.545330
v -43.283100 196.340591 -3.428130
v -43.378403 201.244400 -3.466630
v -43.388599 201.230591 -3.452630
v -43.291000 201.244400 -3.412830
v -43.368301 201.258209 -3.480530
v -43.456600 201.244400 -3.533130
v -43.468800 201.230591 -3.520930
v -43.298798 201.230591 -3.397430
v -43.283100 201.258209 -3.428130
v -43.444401 201.258209 -3.545330
v -42.609600 196.354401 -3.466630
v -42.599499 196.368210 -3.452630
v -42.697098 196.354401 -3.412830
v -42.619801 196.340591 -3.480530
v -42.531498 196.354401 -3.533130
v -42.519199 196.368210 -3.520930
v -42.689301 196.368210 -3.397430
v -42.704998 196.340591 -3.428130
v -42.543701 196.340591 -3.545330
v -42.609600 201.244400 -3.466630
v -42.599499 201.230591 -3.452630
v -42.531498 201.244400 -3.533130
v -42.619801 201.258209 -3.480530
v -42.697098 201.244400 -3.412830
v -42.689301 201.230591 -3.397430
v -42.519199 201.230591 -3.520930
v -42.543701 201.258209 -3.545330
v -42.704998 201.258209 -3.428130
v -42.372097 201.244400 -4.197730
v -42.355701 201.230591 -4.203030
v -42.411198 201.244400 -4.292731
v -42.388500 201.258209 -4.192430
v -42.348000 201.244400 -4.097931
v -42.330898 201.230591 -4.100630
v -42.395897 201.230591 -4.300530
v -42.426601 201.258209 -4.284830
v -42.364998 201.258209 -4.095230
v -42.609699 196.354401 -4.524730
v -42.599499 196.368210 -4.538730
v -42.531498 196.354401 -4.458130
v -42.619801 196.340591 -4.510730
v -42.697098 196.354401 -4.578530
v -42.689301 196.368210 -4.593930
v -42.519302 196.368210 -4.470330
v -42.543701 196.340591 -4.445930
v -42.704998 196.340591 -4.563130
v -42.609600 201.244400 -4.524730
v -42.599499 201.230591 -4.538730
v -42.697098 201.244400 -4.578530
v -42.619801 201.258209 -4.510730
v -42.531498 201.244400 -4.458130
v -42.519199 201.230591 -4.470330
v -42.689301 201.230591 -4.593930
v -42.704998 201.258209 -4.563130
v -42.543701 201.258209 -4.445930
v -42.993999 196.354401 -4.649630
v -42.993999 196.368210 -4.666929
v -42.891701 196.354401 -4.641730
v -42.993999 196.340591 -4.632330
v -43.096397 196.354401 -4.641730
v -43.099098 196.368210 -4.658730
v -42.888901 196.368210 -4.658730
v -42.894398 196.340591 -4.624630
v -43.093700 196.340591 -4.624630
v -43.378403 201.244400 -4.524730
v -43.388599 201.230591 -4.538730
v -43.456600 201.244400 -4.458130
v -43.368301 201.258209 -4.510730
v -43.291000 201.244400 -4.578530
v -43.298798 201.230591 -4.593930
v -43.468800 201.230591 -4.470330
v -43.444401 201.258209 -4.445930
v -43.283100 201.258209 -4.563130
v -43.616001 201.244400 -3.793530
v -43.632401 201.230591 -3.788230
v -43.576801 201.244400 -3.698630
v -43.599598 201.258209 -3.798930
v -43.640102 201.244400 -3.893430
v -43.657200 201.230591 -3.890730
v -43.592201 201.230591 -3.690830
v -43.561501 201.258209 -3.706430
v -43.623100 201.258209 -3.896130
v -43.616001 196.354401 -4.197730
v -43.632401 196.368210 -4.203030
v -43.576801 196.354401 -4.292730
v -43.599598 196.340591 -4.192430
v -43.640102 196.354401 -4.097930
v -43.657200 196.368210 -4.100630
v -43.592201 196.368210 -4.300530
v -43.561501 196.340591 -4.284830
v -43.623100 196.340591 -4.095230
v -42.230202 147.799393 -4.000022
v -42.230202 147.799393 -3.500022
v -42.230202 175.549393 -4.000026
v -42.230202 147.799393 -4.500022
v -42.230202 120.049408 -4.000018
v -42.230202 120.049408 -3.500018
v -42.230202 175.549393 -3.500026
v -42.230202 175.549393 -4.500026
v -42.230202 120.049408 -4.500018
v -41.230198 147.799393 -5.000022
v -41.730202 147.799393 -5.000022
v -41.230198 175.049408 -5.000026
v -40.730198 147.799393 -5.000022
v -41.230198 120.549408 -5.000018
v -41.730202 120.299400 -5.000018
v -41.730202 175.299393 -5.000026
v -40.730198 174.799393 -5.000026
v -40.730198 120.799400 -5.000018
v -40.230198 147.799393 -7.500022
v -40.230198 147.799393 -6.250022
v -40.230198 174.549408 -7.500027
v -40.230198 147.799393 -8.750023
v -40.230198 121.049408 -7.500019
v -40.230198 121.049408 -6.250018
v -40.230198 174.549408 -6.250026
v -40.230198 174.549408 -8.750027
v -40.230198 121.049408 -8.750019
v -34.273300 147.799393 -10.770323
v -34.359100 147.799393 -10.887723
v -34.273300 171.584396 -10.770327
v -34.265598 147.799393 -10.652923
v -34.273300 124.014404 -10.770319
v -34.359100 123.972198 -10.887719
v -34.359100 171.626602 -10.887727
v -34.265598 171.580688 -10.652926
v -34.265598 124.018097 -10.652919
v 0.000000 147.799393 -6.894522
v 0.000000 147.381897 -6.894522
v 0.417500 147.799393 -6.894522
v 0.000000 148.216904 -6.894522
v -0.417500 147.799393 -6.894522
v -0.417500 147.381897 -6.894522
v 0.417500 147.381897 -6.894522
v 0.417500 148.216904 -6.894522
v -0.417500 148.216904 -6.894522
v 0.000000 123.616196 -6.894518
v 0.000000 135.290298 -6.894520
v -0.417500 123.616196 -6.894518
v 0.000000 111.942101 -6.894516
v 0.417500 123.616196 -6.894518
v 0.417500 135.290298 -6.894520
v -0.417500 135.290298 -6.894520
v -0.417500 111.942101 -6.894516
v 0.417500 111.942101 -6.894516
v 0.000000 171.982605 -6.894526
v 0.000000 160.308502 -6.894524
v 0.417500 171.982605 -6.894526
v 0.000000 183.656708 -6.894528
v -0.417500 171.982605 -6.894526
v -0.417500 160.308502 -6.894524
v 0.417500 160.308502 -6.894524
v 0.417500 183.656708 -6.894528
v -0.417500 183.656708 -6.894528
v 17.302599 147.799393 -6.894522
v 9.068800 147.799393 -6.894522
v 17.302599 147.381897 -6.894522
v 25.536400 147.799393 -6.894522
v 17.302599 148.216904 -6.894522
v 9.068800 148.216904 -6.894522
v 9.068800 147.381897 -6.894522
v 25.536400 147.381897 -6.894522
v 25.536400 148.216904 -6.894522
v -17.534700 147.799393 -6.894522
v -9.184800 147.799393 -6.894522
v -17.534700 148.216904 -6.894522
v -25.884501 147.799393 -6.894522
v -17.534700 147.381897 -6.894522
v -9.184800 147.381897 -6.894522
v -9.184800 148.216904 -6.894522
v -25.884501 148.216904 -6.894522
v -25.884501 147.381897 -6.894522
v -39.230202 147.799393 -10.000023
v -39.730202 147.799393 -10.000023
v -39.230202 174.049408 -10.000027
v -38.730202 147.799393 -10.000023
v -39.230202 121.549400 -10.000019
v -39.730202 121.299400 -10.000019
v -39.730202 174.299393 -10.000027
v -38.730202 173.799393 -10.000027
v -38.730202 121.799400 -10.000019
v -35.232300 147.799393 -3.367222
v -35.731201 147.799393 -3.183622
v -35.232300 123.541603 -3.367218
v -34.733303 147.799393 -3.550822
v -35.232300 172.057205 -3.367226
v -35.731201 172.303299 -3.183626
v -35.731201 123.295502 -3.183618
v -34.733303 123.787605 -3.550818
v -34.733303 171.811203 -3.550826
v -39.930199 147.799393 -3.000022
v -41.080200 147.799393 -3.000022
v -39.930199 121.199402 -3.000018
v -38.780201 147.799393 -3.000022
v -39.930199 174.399399 -3.000026
v -41.080200 174.974411 -3.000026
v -41.080200 120.624397 -3.000018
v -38.780201 121.774399 -3.000018
v -38.780201 173.824402 -3.000026
v -34.234398 147.799393 -3.896222
v -34.234398 147.799393 -3.815322
v -34.234398 124.033699 -3.896218
v -34.234398 147.799393 -3.977122
v -34.234398 171.565109 -3.896226
v -34.234398 171.565109 -3.815326
v -34.234398 124.033699 -3.815318
v -34.234398 124.033699 -3.977118
v -34.234398 171.565109 -3.977126
v -36.930199 147.799393 -3.000022
v -37.280197 147.799393 -3.000022
v -36.930199 122.699402 -3.000018
v -36.580200 147.799393 -3.000022
v -36.930199 172.899399 -3.000026
v -37.280197 173.074402 -3.000026
v -37.280197 122.524406 -3.000018
v -36.580200 122.874405 -3.000018
v -36.580200 172.724396 -3.000026
v -35.263500 147.799393 -11.250723
v -35.263500 172.072601 -11.250727
v -34.858097 147.799393 -11.127623
v -35.263500 123.526207 -11.250719
v -35.731201 147.799393 -11.375023
v -35.731201 172.303299 -11.375027
v -34.858097 171.872696 -11.127626
v -34.858097 123.726105 -11.127619
v -35.731201 123.295502 -11.375019
v -38.230198 147.799393 -10.500023
v -38.230198 147.799393 -10.250023
v -38.230198 173.549408 -10.500027
v -38.230198 147.799393 -10.750023
v -38.230198 122.049400 -10.500019
v -38.230198 122.049400 -10.250019
v -38.230198 173.549408 -10.250027
v -38.230198 173.549408 -10.750027
v -38.230198 122.049400 -10.750019
v -37.230198 147.799393 -11.250023
v -37.730198 147.799393 -11.125023
v -37.230198 173.049408 -11.250027
v -36.730202 147.799393 -11.375023
v -37.230198 122.549400 -11.250019
v -37.730198 122.299400 -11.125019
v -37.730198 173.299393 -11.125027
v -36.730202 172.799393 -11.375027
v -36.730202 122.799393 -11.375019
v 0.985000 172.057602 -7.072326
v 0.910000 172.020096 -6.983426
v 0.985000 160.421005 -7.072324
v 1.060000 172.095093 -7.161226
v 0.985000 183.694199 -7.072328
v 0.910000 183.675400 -6.983428
v 0.910000 160.364700 -6.983424
v 1.060000 160.477203 -7.161224
v 1.060000 183.712906 -7.161228
v 0.000000 147.799393 -7.605522
v 0.000000 148.216904 -7.605522
v 0.417500 147.799393 -7.605522
v 0.000000 147.381897 -7.605522
v -0.417500 147.799393 -7.605522
v -0.417500 148.216904 -7.605522
v 0.417500 148.216904 -7.605522
v 0.417500 147.381897 -7.605522
v -0.417500 147.381897 -7.605522
v 0.000000 171.982605 -7.605526
v 0.000000 160.308502 -7.605524
v -0.417500 171.982605 -7.605526
v 0.000000 183.656708 -7.605528
v 0.417500 171.982605 -7.605526
v 0.417500 160.308502 -7.605524
v -0.417500 160.308502 -7.605524
v -0.417500 183.656708 -7.605528
v 0.417500 183.656708 -7.605528
v 0.000000 123.616196 -7.605518
v 0.000000 135.290298 -7.605520
v 0.417500 123.616196 -7.605518
v 0.000000 111.942101 -7.605516
v -0.417500 123.616196 -7.605518
v -0.417500 135.290298 -7.605520
v 0.417500 135.290298 -7.605520
v 0.417500 111.942101 -7.605516
v -0.417500 111.942101 -7.605516
v 17.302599 147.799393 -7.605522
v 9.068800 147.799393 -7.605522
v 17.302599 148.216904 -7.605522
v 25.536400 147.799393 -7.605522
v 17.302599 147.381897 -7.605522
v 9.068800 147.381897 -7.605522
v 9.068800 148.216904 -7.605522
v 25.536400 148.216904 -7.605522
v 25.536400 147.381897 -7.605522
v -17.534700 147.799393 -7.605522
v -9.184800 147.799393 -7.605522
v -17.534700 147.381897 -7.605522
v -25.884501 147.799393 -7.605522
v -17.534700 148.216904 -7.605522
v -9.184800 148.216904 -7.605522
v -9.184800 147.381897 -7.605522
v -25.884501 147.381897 -7.605522
v -25.884501 148.216904 -7.605522
v -0.985000 123.541199 -7.072319
v -0.910000 123.578705 -6.983419
v -0.985000 135.177795 -7.072320
v -1.060000 123.503700 -7.161220
v -0.985000 111.904594 -7.072318
v -0.910000 111.923393 -6.983418
v -0.910000 135.234100 -6.983420
v -1.060000 135.121597 -7.161220
v -1.060000 111.885902 -7.161218
v 0.985000 123.541199 -7.072319
v 0.910000 123.578705 -6.983419
v 0.985000 111.904594 -7.072318
v 1.060000 123.503700 -7.161220
v 0.985000 135.177795 -7.072320
v 0.910000 135.234100 -6.983420
v 0.910000 111.923393 -6.983418
v 1.060000 111.885902 -7.161218
v 1.060000 135.121597 -7.161220
v -0.985000 172.057602 -7.072326
v -0.910000 172.020096 -6.983426
v -0.985000 183.694199 -7.072328
v -1.060000 172.095093 -7.161226
v -0.985000 160.421005 -7.072324
v -0.910000 160.364700 -6.983424
v -0.910000 183.675400 -6.983428
v -1.060000 183.712906 -7.161228
v -1.060000 160.477203 -7.161224
v 17.377600 146.814407 -7.072322
v 17.340099 146.889404 -6.983422
v 9.181300 146.814407 -7.072322
v 17.415100 146.739395 -7.161222
v 25.573900 146.814407 -7.072322
v 25.555199 146.889404 -6.983422
v 9.125100 146.889404 -6.983422
v 9.237600 146.739395 -7.161222
v 25.592699 146.739395 -7.161222
v 17.377600 148.784393 -7.072322
v 17.340099 148.709412 -6.983423
v 25.573900 148.784393 -7.072322
v 17.415100 148.859406 -7.161222
v 9.181300 148.784393 -7.072322
v 9.125100 148.709412 -6.983423
v 25.555199 148.709412 -6.983423
v 25.592699 148.859406 -7.161222
v 9.237500 148.859406 -7.161222
v -17.609701 148.784393 -7.072322
v -17.572201 148.709412 -6.983423
v -9.297300 148.784393 -7.072322
v -17.647200 148.859406 -7.161222
v -25.922001 148.784393 -7.072322
v -25.903299 148.709412 -6.983423
v -9.241099 148.709412 -6.983423
v -9.353600 148.859406 -7.161222
v -25.940800 148.859406 -7.161222
v -17.609701 146.814407 -7.072322
v -17.572201 146.889404 -6.983422
v -25.922001 146.814407 -7.072322
v -17.647200 146.739395 -7.161222
v -9.297300 146.814407 -7.072322
v -9.241099 146.889404 -6.983422
v -25.903299 146.889404 -6.983422
v -25.940800 146.739395 -7.161222
v -9.353600 146.739395 -7.161222
v -0.985000 172.057602 -7.427826
v -0.910000 172.020096 -7.516626
v -0.985000 160.421005 -7.427824
v -1.060000 172.095093 -7.338926
v -0.985000 183.694199 -7.427828
v -0.910000 183.675400 -7.516628
v -0.910000 160.364700 -7.516624
v -1.060000 160.477203 -7.338924
v -1.060000 183.712906 -7.338928
v 0.985000 172.057602 -7.427826
v 0.910000 172.020096 -7.516626
v 0.985000 183.694199 -7.427828
v 1.060000 172.095093 -7.338926
v 0.985000 160.421005 -7.427824
v 0.910000 160.364700 -7.516624
v 0.910000 183.675400 -7.516628
v 1.060000 183.712906 -7.338928
v 1.060000 160.477203 -7.338924
v 0.985000 123.541199 -7.427818
v 0.910000 123.578705 -7.516718
v 0.985000 135.177795 -7.427820
v 1.060000 123.503700 -7.338920
v 0.985000 111.904594 -7.427816
v 0.910000 111.923393 -7.516716
v 0.910000 135.234100 -7.516620
v 1.060000 135.121597 -7.338920
v 1.060000 111.885902 -7.338918
v -0.985000 123.541199 -7.427818
v -0.910000 123.578705 -7.516718
v -0.985000 111.904594 -7.427816
v -1.060000 123.503700 -7.338920
v -0.985000 135.177795 -7.427820
v -0.910000 135.234100 -7.516620
v -0.910000 111.923393 -7.516716
v -1.060000 111.885902 -7.338918
v -1.060000 135.121597 -7.338920
v 17.377600 148.784393 -7.427823
v 17.340099 148.709412 -7.516623
v 9.181300 148.784393 -7.427823
v 17.415100 148.859406 -7.338923
v 25.573900 148.784393 -7.427823
v 25.555199 148.709412 -7.516623
v 9.125100 148.709412 -7.516623
v 9.237600 148.859406 -7.338923
v 25.592699 148.859406 -7.338923
v 17.377600 146.814407 -7.427822
v 17.340099 146.889404 -7.516622
v 25.573900 146.814407 -7.427822
v 17.415100 146.739395 -7.338922
v 9.181300 146.814407 -7.427822
v 9.125100 146.889404 -7.516622
v 25.555199 146.889404 -7.516622
v 25.592699 146.739395 -7.338922
v 9.237500 146.739395 -7.338922
v -17.609701 146.814407 -7.427822
v -17.572201 146.889404 -7.516622
v -9.297300 146.814407 -7.427822
v -17.647200 146.739395 -7.338922
v -25.922001 146.814407 -7.427822
v -25.903299 146.889404 -7.516622
v -9.241099 146.889404 -7.516622
v -9.353600 146.739395 -7.338922
v -25.940800 146.739395 -7.338922
v -17.609701 148.784393 -7.427823
v -17.572201 148.709412 -7.516623
v -25.922001 148.784393 -7.427823
v -17.647200 148.859406 -7.338923
v -9.297300 148.784393 -7.427823
v -9.241099 148.709412 -7.516623
v -25.903299 148.709412 -7.516623
v -25.940800 148.859406 -7.338923
v -9.353600 148.859406 -7.338923
v -34.718700 147.799393 -4.856022
v -34.718700 123.791504 -4.856019
v -34.703098 147.799393 -4.999022
v -34.718700 171.807297 -4.856026
v -34.703098 147.799393 -4.713022
v -34.703098 123.799393 -4.713018
v -34.703098 123.799393 -4.999019
v -34.703098 171.799393 -4.999025
v -34.703098 171.799393 -4.713026
v -34.718700 147.799393 -9.742523
v -34.718700 123.791504 -9.742619
v -34.703098 147.799393 -9.885523
v -34.718700 171.807297 -9.742527
v -34.703098 147.799393 -9.599523
v -34.703098 123.799393 -9.599619
v -34.703098 123.799393 -9.885619
v -34.703098 171.799393 -9.885527
v -34.703098 171.799393 -9.599526
v -34.234398 147.799393 -7.299322
v -34.234398 124.033699 -7.299320
v -34.234398 147.799393 -8.121923
v -34.234398 171.565109 -7.299326
v -34.234398 147.799393 -6.476722
v -34.234398 124.033699 -6.476719
v -34.234398 124.033699 -8.121920
v -34.234398 171.565109 -8.121927
v -34.234398 171.565109 -6.476726
v 34.718700 147.799393 -9.742523
v 34.703098 147.799393 -9.599523
v 34.718700 171.807297 -9.742527
v 34.703098 147.799393 -9.885523
v 34.718700 123.791504 -9.742619
v 34.703098 123.799393 -9.599619
v 34.703098 171.799393 -9.599526
v 34.703098 171.799393 -9.885527
v 34.703098 123.799393 -9.885619
v -34.476501 147.799393 -4.309522
v -34.578098 147.799393 -4.439022
v -34.476501 171.686203 -4.309526
v -34.359402 147.799393 -4.183022
v -34.476501 123.912598 -4.309520
v -34.578098 123.861801 -4.439020
v -34.578098 171.737000 -4.439026
v -34.359402 171.627609 -4.183026
v -34.359402 123.971199 -4.183020
v -34.484402 147.799393 -10.288424
v -34.578098 147.799393 -10.159523
v -34.484402 123.908699 -10.288420
v -34.390598 147.799393 -10.413023
v -34.484402 171.690094 -10.288427
v -34.578098 171.737000 -10.159527
v -34.578098 123.861801 -10.159618
v -34.390598 123.955597 -10.413019
v -34.390598 171.643204 -10.413027
v -34.476501 147.799393 -5.402522
v -34.578098 147.799393 -5.273022
v -34.476501 123.912598 -5.402520
v -34.359402 147.799393 -5.529022
v -34.476501 171.686203 -5.402526
v -34.578098 171.737000 -5.273026
v -34.578098 123.861801 -5.273019
v -34.359402 123.971199 -5.529018
v -34.359402 171.627609 -5.529026
v -34.476501 147.799393 -9.196023
v -34.578098 147.799393 -9.325522
v -34.476501 171.686203 -9.196027
v -34.359402 147.799393 -9.069523
v -34.476501 123.912598 -9.196019
v -34.578098 123.861801 -9.325519
v -34.578098 171.737000 -9.325526
v -34.359402 171.627609 -9.069527
v -34.359402 123.971199 -9.069520
v 0.000000 195.330795 -3.896230
v 0.000000 195.330795 -3.815330
v -17.117199 195.330795 -3.896230
v 0.000000 195.330795 -3.977130
v 17.117199 195.330795 -3.896230
v 17.117199 195.330795 -3.815330
v -17.117199 195.330795 -3.815330
v -17.117199 195.330795 -3.977130
v 17.117199 195.330795 -3.977130
v 0.000000 100.229500 -10.770315
v 0.000000 100.144997 -10.887715
v -17.136700 100.229500 -10.770315
v 0.000000 100.236801 -10.652915
v 17.136700 100.229500 -10.770315
v 17.179499 100.144997 -10.887715
v -17.179499 100.144997 -10.887715
v -17.132799 100.236801 -10.652915
v 17.132799 100.236801 -10.652915
v 0.000000 100.025795 -4.309515
v 0.000000 99.924301 -4.439016
v -17.238300 100.025795 -4.309515
v 0.000000 100.143005 -4.183016
v 17.238300 100.025795 -4.309515
v 17.289000 99.924301 -4.439016
v -17.289101 99.924301 -4.439016
v -17.179701 100.143005 -4.183016
v 17.179701 100.143005 -4.183016
v 0.000000 99.283699 -3.367215
v 0.000000 98.791595 -3.183614
v 17.616100 99.283699 -3.367215
v 0.000000 99.775902 -3.550815
v -17.616100 99.283699 -3.367215
v -17.865601 98.791595 -3.183614
v 17.865601 98.791595 -3.183614
v 17.366699 99.775902 -3.550815
v -17.366699 99.775902 -3.550815
v 0.000000 200.299408 -10.000031
v 0.000000 200.799393 -10.000031
v 19.615101 200.299408 -10.000031
v 0.000000 199.799393 -10.000031
v -19.615101 200.299408 -10.000031
v -19.865101 200.799393 -10.000031
v 19.865101 200.799393 -10.000031
v 19.365101 199.799393 -10.000031
v -19.365101 199.799393 -10.000031
v 0.000000 100.267998 -3.896216
v 0.000000 100.267998 -3.815316
v 17.117199 100.267998 -3.896216
v 0.000000 100.267998 -3.977116
v -17.117199 100.267998 -3.896216
v -17.117199 100.267998 -3.815316
v 17.117199 100.267998 -3.815316
v 17.117199 100.267998 -3.977116
v -17.117199 100.267998 -3.977116
v 0.000000 99.783699 -4.856016
v -17.359400 99.783699 -4.856016
v 0.000000 99.799301 -4.713015
v 17.359400 99.783699 -4.856016
v 0.000000 99.799301 -4.999015
v -17.351601 99.799301 -4.999015
v -17.351601 99.799301 -4.713015
v 17.351501 99.799301 -4.713015
v 17.351501 99.799301 -4.999015
v 0.000000 99.252998 -11.250715
v -17.631701 99.252998 -11.250715
v 0.000000 99.652802 -11.127615
v 17.631701 99.252998 -11.250715
v 0.000000 98.791595 -11.375015
v -17.865601 98.791595 -11.375015
v -17.429001 99.652802 -11.127615
v 17.429001 99.652802 -11.127615
v 17.865601 98.791595 -11.375015
v 0.000000 97.599396 -3.000014
v 0.000000 97.249397 -3.000014
v 18.465099 97.599396 -3.000014
v 0.000000 97.949394 -3.000014
v -18.465099 97.599396 -3.000014
v -18.640099 97.249397 -3.000014
v 18.640099 97.249397 -3.000014
v 18.290100 97.949394 -3.000014
v -18.290100 97.949394 -3.000014
v 0.000000 95.299400 -10.000015
v 0.000000 94.799400 -10.000015
v -19.615101 95.299400 -10.000015
v 0.000000 95.799400 -10.000015
v 19.615101 95.299400 -10.000015
v 19.865101 94.799400 -10.000015
v -19.865101 94.799400 -10.000015
v -19.365101 95.799400 -10.000015
v 19.365101 95.799400 -10.000015
v 0.000000 195.815094 -4.856030
v 17.359400 195.815094 -4.856030
v 0.000000 195.799500 -4.713030
v -17.359400 195.815094 -4.856030
v 0.000000 195.799500 -4.999029
v 17.351501 195.799500 -4.999029
v 17.351501 195.799500 -4.713030
v -17.351601 195.799500 -4.713030
v -17.351601 195.799500 -4.999029
v 34.476501 147.799393 -9.196023
v 34.476501 123.912598 -9.196019
v 34.359402 147.799393 -9.069523
v 34.476501 171.686203 -9.196027
v 34.578098 147.799393 -9.325522
v 34.578098 123.861801 -9.325519
v 34.359299 123.971199 -9.069520
v 34.359402 171.627609 -9.069527
v 34.578098 171.737000 -9.325526
v 39.230202 147.799393 -10.000023
v 39.230202 121.549400 -10.000019
v 38.730202 147.799393 -10.000023
v 39.230202 174.049408 -10.000027
v 39.730202 147.799393 -10.000023
v 39.730202 121.299400 -10.000019
v 38.730202 121.799400 -10.000019
v 38.730202 173.799393 -10.000027
v 39.730202 174.299393 -10.000027
v 0.000000 195.580811 -10.288429
v 0.000000 195.674500 -10.159529
v -17.242201 195.580811 -10.288429
v 0.000000 195.487000 -10.413029
v 17.242201 195.580811 -10.288429
v 17.289000 195.674500 -10.159529
v -17.289101 195.674500 -10.159529
v -17.195299 195.487000 -10.413029
v 17.195299 195.487000 -10.413029
v 0.000000 197.999405 -3.000030
v 0.000000 198.349411 -3.000030
v -18.465099 197.999405 -3.000030
v 0.000000 197.649399 -3.000030
v 18.465099 197.999405 -3.000030
v 18.640099 198.349411 -3.000030
v -18.640099 198.349411 -3.000030
v -18.290100 197.649399 -3.000030
v 18.290100 197.649399 -3.000030
v 0.000000 195.572998 -4.309530
v 0.000000 195.674500 -4.439030
v 17.238300 195.572998 -4.309530
v 0.000000 195.455795 -4.183030
v -17.238300 195.572998 -4.309530
v -17.289101 195.674500 -4.439030
v 17.289000 195.674500 -4.439030
v 17.179701 195.455795 -4.183030
v -17.179701 195.455795 -4.183030
v 35.263500 147.799393 -11.250723
v 35.731201 147.799393 -11.375023
v 35.263500 123.526207 -11.250719
v 34.858097 147.799393 -11.127623
v 35.263500 172.072601 -11.250727
v 35.731201 172.303299 -11.375027
v 35.731201 123.295502 -11.375019
v 34.858097 123.726105 -11.127619
v 34.858097 171.872696 -11.127626
v 0.000000 195.330795 -7.299330
v 17.117199 195.330795 -7.299330
v 0.000000 195.330795 -6.476629
v -17.117199 195.330795 -7.299330
v 0.000000 195.330795 -8.121929
v 17.117199 195.330795 -8.121929
v 17.117199 195.330795 -6.476629
v -17.117199 195.330795 -6.476629
v -17.117199 195.330795 -8.121929
v 0.000000 195.369308 -10.770329
v 0.000000 195.453796 -10.887729
v 17.136700 195.369308 -10.770329
v 0.000000 195.362000 -10.652928
v -17.136700 195.369308 -10.770329
v -17.179499 195.453796 -10.887729
v 17.179499 195.453796 -10.887729
v 17.132799 195.362000 -10.652928
v -17.132799 195.362000 -10.652928
v 38.230198 147.799393 -10.500023
v 38.230198 122.049400 -10.500019
v 38.230198 147.799393 -10.750023
v 38.230198 173.549408 -10.500027
v 38.230198 147.799393 -10.250023
v 38.230198 122.049400 -10.250019
v 38.230198 122.049400 -10.750019
v 38.230198 173.549408 -10.750027
v 38.230198 173.549408 -10.250027
v 0.000000 200.999405 -3.000030
v 0.000000 202.149384 -3.000030
v -19.965099 200.999405 -3.000030
v 0.000000 199.849396 -3.000030
v 19.965099 200.999405 -3.000030
v 20.540100 202.149384 -3.000030
v -20.540100 202.149384 -3.000030
v -19.390100 199.849396 -3.000030
v 19.390100 199.849396 -3.000030
v 40.230198 147.799393 -7.500022
v 40.230198 121.049408 -7.500019
v 40.230198 147.799393 -8.750023
v 40.230198 174.549408 -7.500027
v 40.230198 147.799393 -6.250022
v 40.230198 121.049408 -6.250018
v 40.230198 121.049408 -8.750019
v 40.230198 174.549408 -8.750027
v 40.230198 174.549408 -6.250026
v 0.000000 195.572998 -5.402530
v 0.000000 195.674500 -5.273030
v -17.238300 195.572998 -5.402530
v 0.000000 195.455795 -5.529030
v 17.238300 195.572998 -5.402530
v 17.289000 195.674500 -5.273030
v -17.289101 195.674500 -5.273030
v -17.179701 195.455795 -5.529030
v 17.179701 195.455795 -5.529030
v 0.000000 199.299393 -10.500031
v 0.000000 199.299393 -10.250031
v 19.115099 199.299393 -10.500031
v 0.000000 199.299393 -10.750031
v -19.115099 199.299393 -10.500031
v -19.115099 199.299393 -10.250031
v 19.115099 199.299393 -10.250031
v 19.115099 199.299393 -10.750031
v -19.115099 199.299393 -10.750031
v 34.273300 147.799393 -10.770323
v 34.273300 124.014404 -10.770319
v 34.265598 147.799393 -10.652923
v 34.273300 171.584396 -10.770327
v 34.359100 147.799393 -10.887723
v 34.359100 123.972198 -10.887719
v 34.265598 124.018097 -10.652919
v 34.265598 171.580688 -10.652926
v 34.359100 171.626602 -10.887727
v 34.718700 147.799393 -4.856022
v 34.703098 147.799393 -4.713022
v 34.718700 171.807297 -4.856026
v 34.703098 147.799393 -4.999022
v 34.718700 123.791504 -4.856019
v 34.703098 123.799393 -4.713018
v 34.703098 171.799393 -4.713026
v 34.703098 171.799393 -4.999025
v 34.703098 123.799393 -4.999019
v 0.000000 92.299400 -4.000014
v 0.000000 92.299400 -3.500014
v -21.115101 92.299400 -4.000014
v 0.000000 92.299400 -4.500014
v 21.115101 92.299400 -4.000014
v 21.115101 92.299400 -3.500014
v -21.115101 92.299400 -3.500014
v -21.115101 92.299400 -4.500014
v 21.115101 92.299400 -4.500014
v 34.234299 147.799393 -7.299322
v 34.234299 147.799393 -6.476722
v 34.234299 171.565109 -7.299326
v 34.234299 147.799393 -8.121923
v 34.234299 124.033699 -7.299320
v 34.234299 124.033699 -6.476719
v 34.234299 171.565109 -6.476726
v 34.234299 171.565109 -8.121927
v 34.234299 124.033699 -8.121920
v 34.234299 147.799393 -3.896222
v 34.234299 171.565109 -3.896226
v 34.234299 147.799393 -3.977122
v 34.234299 124.033699 -3.896218
v 34.234299 147.799393 -3.815322
v 34.234299 171.565109 -3.815326
v 34.234299 171.565109 -3.977126
v 34.234299 124.033699 -3.977118
v 34.234299 124.033699 -3.815318
v 0.000000 100.025795 -9.196115
v 0.000000 99.924301 -9.325615
v -17.238300 100.025795 -9.196115
v 0.000000 100.143005 -9.069615
v 17.238300 100.025795 -9.196115
v 17.289000 99.924301 -9.325615
v -17.289101 99.924301 -9.325615
v -17.179701 100.143005 -9.069615
v 17.179701 100.143005 -9.069615
v 0.000000 96.299400 -10.500015
v 0.000000 96.299400 -10.250015
v -19.115099 96.299400 -10.500015
v 0.000000 96.299400 -10.750015
v 19.115099 96.299400 -10.500015
v 19.115099 96.299400 -10.250015
v -19.115099 96.299400 -10.250015
v -19.115099 96.299400 -10.750015
v 19.115099 96.299400 -10.750015
v 0.000000 94.299400 -7.500015
v 0.000000 94.299400 -6.250014
v -20.115099 94.299400 -7.500015
v 0.000000 94.299400 -8.750013
v 20.115099 94.299400 -7.500015
v 20.115099 94.299400 -6.250014
v -20.115099 94.299400 -6.250014
v -20.115099 94.299400 -8.750013
v 20.115099 94.299400 -8.750013
v 41.230198 147.799393 -5.000022
v 41.230198 120.549408 -5.000018
v 40.730198 147.799393 -5.000022
v 41.230198 175.049408 -5.000026
v 41.730202 147.799393 -5.000022
v 41.730202 120.299400 -5.000018
v 40.730198 120.799400 -5.000018
v 40.730198 174.799393 -5.000026
v 41.730202 175.299393 -5.000026
v 0.000000 196.315094 -3.367230
v 0.000000 196.807205 -3.183630
v -17.616100 196.315094 -3.367230
v 0.000000 195.822891 -3.550830
v 17.616100 196.315094 -3.367230
v 17.865601 196.807205 -3.183630
v -17.865601 196.807205 -3.183630
v -17.366699 195.822891 -3.550830
v 17.366699 195.822891 -3.550830
v 34.476501 147.799393 -5.402522
v 34.476501 171.686203 -5.402526
v 34.359402 147.799393 -5.529022
v 34.476501 123.912598 -5.402520
v 34.578098 147.799393 -5.273022
v 34.578098 171.737000 -5.273026
v 34.359299 171.627609 -5.529026
v 34.359402 123.971199 -5.529018
v 34.578098 123.861801 -5.273019
v 34.476501 147.799393 -4.309522
v 34.476501 123.912598 -4.309520
v 34.359402 147.799393 -4.183022
v 34.476501 171.686203 -4.309526
v 34.578098 147.799393 -4.439022
v 34.578098 123.861801 -4.439020
v 34.359299 123.971199 -4.183020
v 34.359402 171.627609 -4.183026
v 34.578098 171.737000 -4.439026
v 37.230198 147.799393 -11.250023
v 37.230198 122.549400 -11.250019
v 36.730202 147.799393 -11.375023
v 37.230198 173.049408 -11.250027
v 37.730198 147.799393 -11.125023
v 37.730198 122.299400 -11.125019
v 36.730202 122.799393 -11.375019
v 36.730202 172.799393 -11.375027
v 37.730198 173.299393 -11.125027
v 0.000000 195.815094 -9.742531
v 17.359400 195.815094 -9.742531
v 0.000000 195.799500 -9.599530
v -17.359400 195.815094 -9.742531
v 0.000000 195.799500 -9.885530
v 17.351501 195.799500 -9.885530
v 17.351501 195.799500 -9.599530
v -17.351601 195.799500 -9.599530
v -17.351601 195.799500 -9.885530
v 34.484299 147.799393 -10.288424
v 34.484402 171.690094 -10.288427
v 34.390598 147.799393 -10.413023
v 34.484299 123.908699 -10.288420
v 34.578098 147.799393 -10.159523
v 34.578098 171.737000 -10.159527
v 34.390598 171.643204 -10.413027
v 34.390598 123.955597 -10.413019
v 34.578098 123.861801 -10.159618
v 0.000000 203.299408 -4.000030
v 0.000000 203.299408 -3.500030
v 21.115101 203.299408 -4.000030
v 0.000000 203.299408 -4.500030
v -21.115101 203.299408 -4.000030
v -21.115101 203.299408 -3.500030
v 21.115101 203.299408 -3.500030
v 21.115101 203.299408 -4.500030
v -21.115101 203.299408 -4.500030
v 35.232300 147.799393 -3.367222
v 35.232300 172.057205 -3.367226
v 34.733303 147.799393 -3.550822
v 35.232300 123.541603 -3.367218
v 35.731201 147.799393 -3.183622
v 35.731201 172.303299 -3.183626
v 34.733303 171.811203 -3.550826
v 34.733303 123.787605 -3.550818
v 35.731201 123.295502 -3.183618
v 0.000000 93.299400 -5.000014
v 0.000000 92.799400 -5.000014
v -20.615099 93.299400 -5.000014
v 0.000000 93.799400 -5.000014
v 20.615099 93.299400 -5.000014
v 20.865101 92.799400 -5.000014
v -20.865101 92.799400 -5.000014
v -20.365099 93.799400 -5.000014
v 20.365099 93.799400 -5.000014
v 36.930199 147.799393 -3.000022
v 36.930199 172.899399 -3.000026
v 36.580200 147.799393 -3.000022
v 36.930199 122.699402 -3.000018
v 37.280197 147.799393 -3.000022
v 37.280197 173.074402 -3.000026
v 36.580200 172.724396 -3.000026
v 36.580200 122.874405 -3.000018
v 37.280197 122.524406 -3.000018
v 0.000000 198.299393 -11.250031
v 0.000000 197.799393 -11.375031
v -18.615099 198.299393 -11.250031
v 0.000000 198.799393 -11.125031
v 18.615099 198.299393 -11.250031
v 18.365101 197.799393 -11.375031
v -18.365101 197.799393 -11.375031
v -18.865099 198.799393 -11.125031
v 18.865099 198.799393 -11.125031
v 42.230202 147.799393 -4.000022
v 42.230202 120.049408 -4.000018
v 42.230202 147.799393 -4.500022
v 42.230202 175.549393 -4.000026
v 42.230202 147.799393 -3.500022
v 42.230202 120.049408 -3.500018
v 42.230202 120.049408 -4.500018
v 42.230202 175.549393 -4.500026
v 42.230202 175.549393 -3.500026
v 39.930199 147.799393 -3.000022
v 39.930199 174.399399 -3.000026
v 38.780201 147.799393 -3.000022
v 39.930199 121.199402 -3.000018
v 41.080200 147.799393 -3.000022
v 41.080200 174.974411 -3.000026
v 38.780201 173.824402 -3.000026
v 38.780201 121.774399 -3.000018
v 41.080200 120.624397 -3.000018
v 0.000000 196.345795 -11.250731
v 17.631701 196.345795 -11.250731
v 0.000000 195.945999 -11.127630
v -17.631701 196.345795 -11.250731
v 0.000000 196.807205 -11.375031
v 17.865601 196.807205 -11.375031
v 17.429001 195.945999 -11.127630
v -17.429001 195.945999 -11.127630
v -17.865601 196.807205 -11.375031
v 0.000000 94.599403 -3.000014
v 0.000000 93.449402 -3.000014
v 19.965099 94.599403 -3.000014
v 0.000000 95.749405 -3.000014
v -19.965099 94.599403 -3.000014
v -20.540100 93.449402 -3.000014
v 20.540100 93.449402 -3.000014
v 19.390100 95.749405 -3.000014
v -19.390100 95.749405 -3.000014
v 0.000000 202.299408 -5.000030
v 0.000000 202.799393 -5.000030
v 20.615099 202.299408 -5.000030
v 0.000000 201.799393 -5.000030
v -20.615099 202.299408 -5.000030
v -20.865101 202.799393 -5.000030
v 20.865101 202.799393 -5.000030
v 20.365099 201.799393 -5.000030
v -20.365099 201.799393 -5.000030
v 0.000000 201.299408 -7.500031
v 0.000000 201.299408 -6.250030
v 20.115099 201.299408 -7.500031
v 0.000000 201.299408 -8.750031
v -20.115099 201.299408 -7.500031
v -20.115099 201.299408 -6.250030
v 20.115099 201.299408 -6.250030
v 20.115099 201.299408 -8.750031
v -20.115099 201.299408 -8.750031
v 0.000000 97.299400 -11.250015
v 0.000000 97.799400 -11.375015
v 18.615099 97.299400 -11.250015
v 0.000000 96.799400 -11.125015
v -18.615099 97.299400 -11.250015
v -18.365101 97.799400 -11.375015
v 18.365101 97.799400 -11.375015
v 18.865099 96.799400 -11.125015
v -18.865099 96.799400 -11.125015
v 0.000000 99.783699 -9.742615
v -17.359400 99.783699 -9.742615
v 0.000000 99.799301 -9.599615
v 17.359400 99.783699 -9.742615
v 0.000000 99.799301 -9.885615
v -17.351601 99.799301 -9.885615
v -17.351601 99.799301 -9.599615
v 17.351501 99.799301 -9.599615
v 17.351501 99.799301 -9.885615
v 0.000000 100.267998 -7.299315
v -17.117199 100.267998 -7.299315
v 0.000000 100.267998 -6.476716
v 17.117199 100.267998 -7.299315
v 0.000000 100.267998 -8.121916
v -17.117199 100.267998 -8.121916
v -17.117199 100.267998 -6.476716
v 17.117199 100.267998 -6.476716
v 17.117199 100.267998 -8.121916
v 0.000000 100.017998 -10.288416
v 0.000000 99.924301 -10.159615
v 17.242201 100.017998 -10.288416
v 0.000000 100.111794 -10.413015
v -17.242201 100.017998 -10.288416
v -17.289101 99.924301 -10.159615
v 17.289000 99.924301 -10.159615
v 17.195299 100.111794 -10.413015
v -17.195299 100.111794 -10.413015
v 0.000000 100.025795 -5.402515
v 0.000000 99.924301 -5.273015
v 17.238300 100.025795 -5.402515
v 0.000000 100.143005 -5.529015
v -17.238300 100.025795 -5.402515
v -17.289101 99.924301 -5.273015
v 17.289000 99.924301 -5.273015
v 17.179701 100.143005 -5.529015
v -17.179701 100.143005 -5.529015
v 0.000000 195.572998 -9.196029
v 0.000000 195.674500 -9.325528
v 17.238300 195.572998 -9.196029
v 0.000000 195.455795 -9.069529
v -17.238300 195.572998 -9.196029
v -17.289101 195.674500 -9.325528
v 17.289000 195.674500 -9.325528
v 17.179701 195.455795 -9.069529
v -17.179701 195.455795 -9.069529
v 39.740601 149.893295 -2.574822
v 39.740601 149.546097 -2.574822
v 40.371502 149.889511 -2.574822
v 39.740601 150.159805 -2.574822
v 39.109699 149.889511 -2.574822
v 39.066498 149.546097 -2.574822
v 40.414700 149.546097 -2.574822
v 40.291901 150.144699 -2.574822
v 39.189301 150.144699 -2.574822
v 41.072498 149.997604 -2.787422
v 41.107498 150.055511 -2.893723
v 40.904503 150.243195 -2.787422
v 41.037399 149.939804 -2.681122
v 41.163601 149.643188 -2.787422
v 41.201099 149.691696 -2.893722
v 40.935101 150.307495 -2.893723
v 40.873798 150.178894 -2.681123
v 41.126202 149.594604 -2.681122
v 39.740601 150.529694 -2.787422
v 39.740601 150.601608 -2.893723
v 39.261902 150.497894 -2.787422
v 39.740601 150.457901 -2.681123
v 40.219299 150.497894 -2.787422
v 40.231903 150.568909 -2.893723
v 39.249302 150.568909 -2.893723
v 39.274498 150.426895 -2.681123
v 40.206699 150.426895 -2.681123
v 39.740601 145.069092 -2.787422
v 39.740601 144.997208 -2.893722
v 40.219299 145.100906 -2.787422
v 39.740601 145.140900 -2.681122
v 39.261902 145.100906 -2.787422
v 39.249302 145.029907 -2.893722
v 40.231903 145.029907 -2.893722
v 40.206699 145.171906 -2.681122
v 39.274498 145.171906 -2.681122
v 38.408699 145.601196 -2.787422
v 38.373699 145.543304 -2.893722
v 38.576702 145.355698 -2.787422
v 38.443802 145.659012 -2.681122
v 38.317600 145.955704 -2.787422
v 38.280098 145.907104 -2.893722
v 38.546101 145.291306 -2.893722
v 38.607399 145.419998 -2.681122
v 38.355000 146.004196 -2.681122
v 39.740601 145.705597 -2.574822
v 39.740601 145.439011 -2.574822
v 40.371502 145.709305 -2.574822
v 39.740601 146.052689 -2.574822
v 39.109699 145.709305 -2.574822
v 39.189301 145.454102 -2.574822
v 40.291901 145.454102 -2.574822
v 40.414700 146.052689 -2.574822
v 39.066498 146.052689 -2.574822
v 39.740601 147.799393 -2.574822
v 39.740601 147.119797 -2.574822
v 40.452099 147.799393 -2.574822
v 39.740601 148.479004 -2.574822
v 39.029102 147.799393 -2.574822
v 39.033203 147.119797 -2.574822
v 40.448002 147.119797 -2.574822
v 40.448002 148.479004 -2.574822
v 39.033203 148.479004 -2.574822
v 41.072498 145.601196 -2.787422
v 41.107498 145.543304 -2.893722
v 41.163601 145.955704 -2.787422
v 41.037399 145.659012 -2.681122
v 40.904503 145.355698 -2.787422
v 40.935101 145.291306 -2.893722
v 41.201099 145.907104 -2.893722
v 41.126202 146.004196 -2.681122
v 40.873798 145.419998 -2.681122
v 41.242702 147.799393 -2.787422
v 41.282299 147.799393 -2.893722
v 41.233902 148.516800 -2.787422
v 41.203201 147.799393 -2.681122
v 41.233902 147.082001 -2.787422
v 41.273201 147.063095 -2.893722
v 41.273201 148.535706 -2.893722
v 41.194599 148.497910 -2.681122
v 41.194599 147.100906 -2.681122
v 38.408699 149.997604 -2.787422
v 38.373699 150.055511 -2.893723
v 38.317600 149.643188 -2.787422
v 38.443802 149.939804 -2.681122
v 38.576702 150.243195 -2.787422
v 38.546101 150.307495 -2.893723
v 38.280098 149.691696 -2.893722
v 38.355000 149.594604 -2.681122
v 38.607399 150.178894 -2.681123
v 38.238499 147.799393 -2.787422
v 38.198898 147.799393 -2.893722
v 38.247200 147.082001 -2.787422
v 38.278000 147.799393 -2.681122
v 38.247200 148.516800 -2.787422
v 38.208000 148.535706 -2.893722
v 38.208000 147.063095 -2.893722
v 38.286503 147.100906 -2.681122
v 38.286503 148.497910 -2.681122
v -42.886497 93.538200 -4.248914
v -42.848499 93.538200 -4.225614
v -42.814499 93.538200 -4.196614
v -42.762199 93.538200 -4.124714
v -42.745201 93.538200 -4.083514
v -42.734699 93.538200 -4.040114
v -42.734699 93.538200 -3.951214
v -42.745201 93.538200 -3.907814
v -42.762199 93.538200 -3.866614
v -42.814499 93.538200 -3.794714
v -42.848499 93.538200 -3.765714
v -42.886497 93.538200 -3.742314
v -42.971001 93.538200 -3.714914
v -43.015499 93.538200 -3.711414
v -43.059998 93.538200 -3.714914
v -43.144501 93.538200 -3.742314
v -43.182598 93.538200 -3.765714
v -43.216499 93.538200 -3.794714
v -43.268799 93.538200 -3.866614
v -43.285797 93.538200 -3.907814
v -43.296303 93.538200 -3.951214
v -43.059998 93.538200 -4.276414
v -43.015499 93.538200 -4.279814
v -42.971001 93.538200 -4.276414
v -43.216499 93.538200 -4.196614
v -43.182598 93.538200 -4.225614
v -43.144501 93.538200 -4.248914
v -43.296303 93.538200 -4.040114
v -43.285797 93.538200 -4.083514
v -43.268799 93.538200 -4.124714
v -42.865200 94.331703 -4.290814
v -42.820900 94.331703 -4.263614
v -42.781300 94.331703 -4.229814
v -42.720402 94.331703 -4.146114
v -42.700600 94.331703 -4.098014
v -42.688301 94.331703 -4.047414
v -42.688301 94.331703 -3.943914
v -42.700600 94.331703 -3.893314
v -42.720402 94.331703 -3.845214
v -42.781300 94.331703 -3.761414
v -42.820900 94.331703 -3.727714
v -42.865200 94.331703 -3.700514
v -42.963703 94.331703 -3.668514
v -43.015499 94.331703 -3.664514
v -43.067398 94.331703 -3.668514
v -43.165901 94.331703 -3.700514
v -43.210201 94.331703 -3.727714
v -43.249802 94.331703 -3.761414
v -43.310600 94.331703 -3.845214
v -43.330498 94.331703 -3.893314
v -43.342701 94.331703 -3.943914
v -43.067398 94.331703 -4.322814
v -43.015499 94.331703 -4.326814
v -42.963703 94.331703 -4.322814
v -43.249802 94.331703 -4.229814
v -43.210201 94.331703 -4.263614
v -43.165901 94.331703 -4.290814
v -43.342701 94.331703 -4.047414
v -43.330498 94.331703 -4.098014
v -43.310600 94.331703 -4.146114
v -43.116398 94.014603 -4.306114
v -43.117500 94.111504 -4.309614
v -43.117897 94.218895 -4.310814
v -43.231697 93.704803 -4.152714
v -43.234001 93.652496 -4.154415
v -43.239098 93.596298 -4.158114
v -42.751400 94.014603 -3.803814
v -42.748402 94.111504 -3.801614
v -42.747398 94.218895 -3.800914
v -42.748299 93.704803 -3.995614
v -42.745399 93.652496 -3.995614
v -42.739201 93.596298 -3.995614
v -43.282803 93.704803 -3.995614
v -43.285599 93.652496 -3.995614
v -43.291901 93.596298 -3.995614
v -42.914600 94.014603 -3.685214
v -42.913498 94.111504 -3.681714
v -42.913101 94.218895 -3.680514
v -43.116398 94.014603 -3.685214
v -43.117500 94.111504 -3.681714
v -43.117897 94.218895 -3.680514
v -43.279602 94.014603 -3.803814
v -43.282600 94.111504 -3.801614
v -43.283600 94.218895 -3.800914
v -42.751400 94.014603 -4.187514
v -42.748402 94.111504 -4.189714
v -42.747398 94.218895 -4.190414
v -42.932899 93.704803 -4.249814
v -42.932098 93.652496 -4.252514
v -42.930099 93.596298 -4.258514
v -42.202400 98.817703 -3.565014
v -42.202400 97.359100 -3.565014
v -42.202400 95.900398 -3.565014
v -43.206902 98.817703 -4.650916
v -43.206902 97.359100 -4.650915
v -43.206902 95.900398 -4.650915
v -42.750099 98.817703 -3.340414
v -42.750099 97.359100 -3.340414
v -42.750099 95.900398 -3.340414
v -43.206902 98.817703 -3.340414
v -43.206902 97.359100 -3.340414
v -43.206902 95.900398 -3.340414
v -43.551399 98.817703 -3.590715
v -43.551399 97.359100 -3.590715
v -43.551399 95.900398 -3.590714
v -42.202400 98.817703 -4.426316
v -42.202400 97.359100 -4.426314
v -42.202400 95.900398 -4.426314
v -42.750099 98.817703 -4.650916
v -42.750099 97.359100 -4.650915
v -42.750099 95.900398 -4.650915
v -43.551399 98.817703 -4.400616
v -43.551399 97.359100 -4.400614
v -43.551399 95.900398 -4.400614
v -43.683002 98.817703 -3.995614
v -43.683002 97.359100 -3.995614
v -43.683002 95.900398 -3.995614
v -43.674202 94.441696 -3.888014
v -43.648800 94.441696 -3.782914
v -43.607597 94.441696 -3.682914
v -42.873798 100.276398 -3.315516
v -42.990898 100.276398 -3.307216
v -43.101799 100.276398 -3.315516
v -43.607597 100.276398 -4.308316
v -43.648800 100.276398 -4.208416
v -43.674202 100.276398 -4.103316
v -43.101799 100.276398 -4.675815
v -42.990898 100.276398 -4.684115
v -42.873798 100.276398 -4.675815
v -43.306602 94.441696 -4.609314
v -43.398701 94.441696 -4.552615
v -43.481003 94.441696 -4.482514
v -42.873798 94.441696 -3.315514
v -42.990898 94.441696 -3.307214
v -43.101799 94.441696 -3.315514
v -43.306602 94.441696 -3.382014
v -43.398701 94.441696 -3.438614
v -43.481003 94.441696 -3.508714
v -43.306602 100.276398 -3.382016
v -43.398701 100.276398 -3.438616
v -43.481003 100.276398 -3.508716
v -42.343700 94.441696 -3.498514
v -42.483299 94.441696 -3.436114
v -42.619301 94.441696 -3.382014
v -42.343700 100.276398 -3.498515
v -42.483299 100.276398 -3.436116
v -42.619301 100.276398 -3.382016
v -42.343700 94.441696 -4.492814
v -42.483299 94.441696 -4.555214
v -42.619301 94.441696 -4.609314
v -42.619301 100.276398 -4.609314
v -42.483299 100.276398 -4.555216
v -42.343700 100.276398 -4.492815
v -42.873798 94.441696 -4.675814
v -42.990898 94.441696 -4.684114
v -43.101799 94.441696 -4.675814
v -43.481003 100.276398 -4.482516
v -43.398701 100.276398 -4.552616
v -43.306602 100.276398 -4.609314
v -43.607597 100.276398 -3.682916
v -43.648800 100.276398 -3.782916
v -43.674202 100.276398 -3.888016
v -43.674202 94.441696 -4.103314
v -43.648800 94.441696 -4.208414
v -43.607597 94.441696 -4.308314
v -42.888298 100.570000 -3.454916
v -42.989002 100.570000 -3.448316
v -43.079700 100.570000 -3.454916
v -43.481903 100.570000 -4.244316
v -43.514599 100.570000 -4.164815
v -43.534801 100.570000 -4.081216
v -42.202400 100.570000 -3.910015
v -42.202400 100.570000 -3.824416
v -42.202400 100.570000 -3.738916
v -43.079700 100.570000 -4.536415
v -42.989002 100.570000 -4.543015
v -42.888298 100.570000 -4.536415
v -43.242599 100.570000 -3.507816
v -43.315800 100.570000 -3.552816
v -43.381199 100.570000 -3.608515
v -42.355301 100.570000 -3.600416
v -42.504299 100.570000 -3.550815
v -42.645401 100.570000 -3.507816
v -42.202400 100.570000 -4.252416
v -42.202400 100.570000 -4.166816
v -42.202400 100.570000 -4.081216
v -42.645401 100.570000 -4.483516
v -42.504299 100.570000 -4.440515
v -42.355301 100.570000 -4.390914
v -43.381199 100.570000 -4.382816
v -43.315800 100.570000 -4.438516
v -43.242599 100.570000 -4.483516
v -43.481903 100.570000 -3.747016
v -43.514599 100.570000 -3.826516
v -43.534801 100.570000 -3.910015
v -42.202400 100.349792 -4.404216
v -42.202400 100.423203 -4.382215
v -42.202400 100.496605 -4.360115
v -42.756199 100.349792 -3.374015
v -42.762398 100.423203 -3.407616
v -42.768600 100.496605 -3.441116
v -43.174202 100.496605 -3.441116
v -43.185101 100.423203 -3.407616
v -43.195999 100.349792 -3.374015
v -43.647701 100.349792 -3.995616
v -43.612400 100.423203 -3.995616
v -43.577099 100.496605 -3.995616
v -43.465702 100.496605 -4.338315
v -43.494301 100.423203 -4.359115
v -43.522800 100.349792 -4.379815
v -42.756199 100.349792 -4.617316
v -42.762398 100.423203 -4.583715
v -42.768600 100.496605 -4.550116
v -43.465702 100.496605 -3.652916
v -43.494301 100.423203 -3.632216
v -43.522800 100.349792 -3.611416
v -42.202400 100.496605 -3.631215
v -42.202400 100.423203 -3.609115
v -42.202400 100.349792 -3.587116
v -43.174202 100.496605 -4.550116
v -43.185101 100.423203 -4.583715
v -43.195999 100.349792 -4.617316
v -42.202400 94.441696 -4.103314
v -42.202400 94.441696 -4.211014
v -42.202400 94.441696 -4.318614
v -42.202400 94.441696 -3.888014
v -42.202400 94.441696 -3.780314
v -42.202400 94.441696 -3.672714
v -43.098103 93.704803 -4.249814
v -43.099003 93.652496 -4.252514
v -43.100899 93.596298 -4.258514
v -43.279602 94.014603 -4.187514
v -43.282600 94.111504 -4.189714
v -43.283600 94.218895 -4.190414
v -42.799301 93.704803 -3.838614
v -42.797001 93.652496 -3.836914
v -42.791901 93.596298 -3.833214
v -42.689098 94.014603 -3.995614
v -42.685402 94.111504 -3.995614
v -42.684097 94.218895 -3.995614
v -43.341900 94.014603 -3.995614
v -43.345600 94.111504 -3.995614
v -43.346901 94.218895 -3.995614
v -42.932899 93.704803 -3.741514
v -42.932098 93.652496 -3.738814
v -42.930099 93.596298 -3.732814
v -43.098103 93.704803 -3.741514
v -43.099003 93.652496 -3.738814
v -43.100899 93.596298 -3.732814
v -43.231697 93.704803 -3.838614
v -43.234001 93.652496 -3.836914
v -43.239098 93.596298 -3.833214
v -42.799301 93.704803 -4.152714
v -42.797001 93.652496 -4.154415
v -42.791901 93.596298 -4.158114
v -42.914600 94.014603 -4.306114
v -42.913498 94.111504 -4.309614
v -42.913101 94.218895 -4.310814
v -43.137802 93.751404 -4.235814
v -43.173901 93.751404 -4.213614
v -43.206100 93.751404 -4.186214
v -42.775402 93.751404 -3.873314
v -42.759201 93.751404 -3.912414
v -42.749302 93.751404 -3.953514
v -43.255699 93.751404 -4.118014
v -43.271801 93.751404 -4.078914
v -43.281700 93.751404 -4.037814
v -42.893200 93.751404 -3.755514
v -42.857098 93.751404 -3.777614
v -42.824902 93.751404 -3.805114
v -43.057701 93.751404 -3.729414
v -43.015499 93.751404 -3.726214
v -42.973301 93.751404 -3.729414
v -43.206100 93.751404 -3.805114
v -43.173901 93.751404 -3.777614
v -43.137802 93.751404 -3.755514
v -43.281700 93.751404 -3.953514
v -43.271801 93.751404 -3.912414
v -43.255699 93.751404 -3.873314
v -42.824902 93.751404 -4.186214
v -42.857098 93.751404 -4.213614
v -42.893200 93.751404 -4.235814
v -42.973301 93.751404 -4.261914
v -43.015499 93.751404 -4.265114
v -43.057701 93.751404 -4.261914
v -42.749302 93.751404 -4.037814
v -42.759201 93.751404 -4.078914
v -42.775402 93.751404 -4.118014
v -42.901001 94.441696 -4.220314
v -42.867298 94.441696 -4.199614
v -42.837200 94.441696 -4.173914
v -42.790802 94.441696 -4.110114
v -42.775700 94.441696 -4.073514
v -42.766399 94.441696 -4.035114
v -42.766399 94.441696 -3.956214
v -42.775700 94.441696 -3.917714
v -42.790802 94.441696 -3.881114
v -42.837200 94.441696 -3.817414
v -42.867298 94.441696 -3.791714
v -42.901001 94.441696 -3.770914
v -42.976002 94.441696 -3.746614
v -43.015499 94.441696 -3.743514
v -43.055000 94.441696 -3.746614
v -43.130001 94.441696 -3.770914
v -43.163700 94.441696 -3.791714
v -43.193798 94.441696 -3.817414
v -43.240200 94.441696 -3.881114
v -43.255299 94.441696 -3.917714
v -43.264599 94.441696 -3.956214
v -43.055000 94.441696 -4.244714
v -43.015499 94.441696 -4.247714
v -42.976002 94.441696 -4.244714
v -43.193798 94.441696 -4.173914
v -43.163700 94.441696 -4.199614
v -43.130001 94.441696 -4.220314
v -43.264599 94.441696 -4.035114
v -43.255299 94.441696 -4.073514
v -43.240200 94.441696 -4.110114
v -43.160202 93.933800 -4.279814
v -43.202900 93.933800 -4.253614
v -43.241001 93.933800 -4.221114
v -42.731400 93.933800 -3.850814
v -42.712299 93.933800 -3.897114
v -42.700500 93.933800 -3.945814
v -43.299599 93.933800 -4.140414
v -43.318703 93.933800 -4.094214
v -43.330498 93.933800 -4.045514
v -42.870800 93.933800 -3.711514
v -42.828102 93.933800 -3.737714
v -42.789997 93.933800 -3.770214
v -43.065399 93.933800 -3.680714
v -43.015499 93.933800 -3.676814
v -42.965599 93.933800 -3.680714
v -43.241001 93.933800 -3.770214
v -43.202900 93.933800 -3.737714
v -43.160202 93.933800 -3.711514
v -43.330498 93.933800 -3.945814
v -43.318703 93.933800 -3.897114
v -43.299599 93.933800 -3.850814
v -42.789997 93.933800 -4.221114
v -42.828102 93.933800 -4.253614
v -42.870800 93.933800 -4.279814
v -42.965599 93.933800 -4.310614
v -43.015499 93.933800 -4.314514
v -43.065399 93.933800 -4.310614
v -42.700500 93.933800 -4.045514
v -42.712299 93.933800 -4.094214
v -42.731400 93.933800 -4.140414
v -42.763401 94.359200 -4.178814
v -42.779400 94.386703 -4.167214
v -42.795399 94.414200 -4.155514
v -42.931400 94.414200 -4.254414
v -42.925301 94.386703 -4.273214
v -42.919201 94.359200 -4.292014
v -42.703899 94.359200 -3.995614
v -42.723701 94.386703 -3.995614
v -42.743500 94.414200 -3.995614
v -42.763401 94.359200 -3.812514
v -42.779400 94.386703 -3.824114
v -42.795399 94.414200 -3.835714
v -42.919201 94.359200 -3.699314
v -42.925301 94.386703 -3.718114
v -42.931400 94.414200 -3.736914
v -43.111801 94.359200 -3.699314
v -43.105701 94.386703 -3.718114
v -43.099602 94.414200 -3.736914
v -43.267597 94.359200 -3.812514
v -43.251602 94.386703 -3.824114
v -43.235600 94.414200 -3.835714
v -43.327099 94.359200 -3.995614
v -43.307301 94.386703 -3.995614
v -43.287502 94.414200 -3.995614
v -43.099602 94.414200 -4.254414
v -43.105701 94.386703 -4.273214
v -43.111801 94.359200 -4.292014
v -43.235600 94.414200 -4.155514
v -43.251602 94.386703 -4.167214
v -43.267597 94.359200 -4.178814
v -43.263599 93.874397 -4.175914
v -43.251999 93.829002 -4.167514
v -43.241199 93.790398 -4.159614
v -43.101700 93.790398 -4.261014
v -43.105801 93.829002 -4.273714
v -43.110298 93.874397 -4.287314
v -42.708797 93.874397 -3.995614
v -42.723198 93.829002 -3.995614
v -42.736500 93.790398 -3.995614
v -42.789799 93.790398 -3.831714
v -42.778999 93.829002 -3.823814
v -42.767399 93.874397 -3.815414
v -43.322201 93.874397 -3.995614
v -43.307800 93.829002 -3.995614
v -43.294502 93.790398 -3.995614
v -42.929302 93.790398 -3.730314
v -42.925201 93.829002 -3.717614
v -42.920700 93.874397 -3.704014
v -43.101700 93.790398 -3.730314
v -43.105801 93.829002 -3.717614
v -43.110298 93.874397 -3.704014
v -43.241199 93.790398 -3.831714
v -43.251999 93.829002 -3.823814
v -43.263599 93.874397 -3.815414
v -42.920700 93.874397 -4.287314
v -42.925201 93.829002 -4.273714
v -42.929302 93.790398 -4.261014
v -42.789799 93.790398 -4.159614
v -42.778999 93.829002 -4.167514
v -42.767399 93.874397 -4.175914
v -42.436703 200.008102 -3.590730
v -42.436703 198.799393 -3.590730
v -42.436703 197.590698 -3.590730
v -43.606003 196.326797 -3.898830
v -43.583199 196.326797 -3.804230
v -43.546101 196.326797 -3.714330
v -42.897099 201.272003 -3.383730
v -42.993999 201.272003 -3.376230
v -43.091000 201.272003 -3.383730
v -43.546101 201.272003 -4.277030
v -43.583199 201.272003 -4.187031
v -43.606003 201.272003 -4.092530
v -42.305099 200.008102 -3.995630
v -42.305099 198.799393 -3.995630
v -42.305099 197.590698 -3.995630
v -42.382099 196.326797 -3.898830
v -42.404900 196.326797 -3.804230
v -42.442001 196.326797 -3.714330
v -42.382099 201.272003 -3.898830
v -42.404900 201.272003 -3.804230
v -42.442001 201.272003 -3.714330
v -42.442001 196.326797 -4.277030
v -42.404900 196.326797 -4.187030
v -42.382099 196.326797 -4.092530
v -43.206902 200.008102 -4.650830
v -43.206902 198.799393 -4.650830
v -43.206902 197.590698 -4.650830
v -43.091000 201.272003 -4.607630
v -42.993999 201.272003 -4.615130
v -42.897099 201.272003 -4.607630
v -43.275299 196.326797 -4.547730
v -43.358101 196.326797 -4.496830
v -43.432201 196.326797 -4.433730
v -42.897099 196.326797 -3.383730
v -42.993999 196.326797 -3.376230
v -43.091000 196.326797 -3.383730
v -43.275299 196.326797 -3.443530
v -43.358101 196.326797 -3.494530
v -43.432201 196.326797 -3.557530
v -43.275299 201.272003 -3.443530
v -43.358101 201.272003 -3.494530
v -43.432201 201.272003 -3.557530
v -42.555901 196.326797 -3.557530
v -42.629902 196.326797 -3.494530
v -42.712799 196.326797 -3.443530
v -42.555901 201.272003 -3.557530
v -42.629902 201.272003 -3.494530
v -42.712799 201.272003 -3.443530
v -42.442001 201.272003 -4.277030
v -42.404900 201.272003 -4.187031
v -42.382099 201.272003 -4.092530
v -42.555901 196.326797 -4.433730
v -42.629902 196.326797 -4.496830
v -42.712799 196.326797 -4.547730
v -42.712799 201.272003 -4.547730
v -42.629902 201.272003 -4.496830
v -42.555901 201.272003 -4.433730
v -42.897099 196.326797 -4.607630
v -42.993999 196.326797 -4.615130
v -43.091000 196.326797 -4.607630
v -43.432201 201.272003 -4.433730
v -43.358101 201.272003 -4.496830
v -43.275299 201.272003 -4.547730
v -42.781200 200.008102 -3.340430
v -42.781200 198.799393 -3.340430
v -42.781200 197.590698 -3.340430
v -43.206902 200.008102 -3.340430
v -43.206902 198.799393 -3.340430
v -43.206902 197.590698 -3.340430
v -43.551399 200.008102 -3.590730
v -43.551399 198.799393 -3.590730
v -43.551399 197.590698 -3.590730
v -43.546101 201.272003 -3.714330
v -43.583199 201.272003 -3.804230
v -43.606003 201.272003 -3.898830
v -43.606003 196.326797 -4.092530
v -43.583199 196.326797 -4.187030
v -43.546101 196.326797 -4.277030
v -42.436703 200.008102 -4.400630
v -42.436703 198.799393 -4.400630
v -42.436703 197.590698 -4.400630
v -42.781200 200.008102 -4.650830
v -42.781200 198.799393 -4.650830
v -42.781200 197.590698 -4.650830
v -43.551399 200.008102 -4.400630
v -43.551399 198.799393 -4.400630
v -43.551399 197.590698 -4.400630
v -43.683002 200.008102 -3.995630
v -43.683002 198.799393 -3.995630
v -43.683002 197.590698 -3.995630
v -43.674202 196.382111 -3.888030
v -43.648800 196.382111 -3.782930
v -43.607597 196.382111 -3.682930
v -42.886200 201.216705 -3.315531
v -42.993999 201.216705 -3.307130
v -43.101799 201.216705 -3.315531
v -43.607597 201.216705 -4.308330
v -43.648800 201.216705 -4.208431
v -43.674202 201.216705 -4.103330
v -42.313900 196.382111 -3.888030
v -42.339302 196.382111 -3.782930
v -42.380501 196.382111 -3.682930
v -42.313900 201.216705 -3.888031
v -42.339302 201.216705 -3.782930
v -42.380501 201.216705 -3.682930
v -42.380501 196.382111 -4.308330
v -42.339302 196.382111 -4.208430
v -42.313900 196.382111 -4.103330
v -43.101799 201.216705 -4.675830
v -42.993999 201.216705 -4.684130
v -42.886200 201.216705 -4.675830
v -43.306602 196.382111 -4.609329
v -43.398701 196.382111 -4.552630
v -43.481003 196.382111 -4.482530
v -42.886200 196.382111 -3.315530
v -42.993999 196.382111 -3.307130
v -43.101799 196.382111 -3.315530
v -43.306602 196.382111 -3.382030
v -43.398701 196.382111 -3.438630
v -43.481003 196.382111 -3.508730
v -43.306602 201.216705 -3.382030
v -43.398701 201.216705 -3.438630
v -43.481003 201.216705 -3.508730
v -42.507000 196.382111 -3.508730
v -42.589397 196.382111 -3.438630
v -42.681499 196.382111 -3.382030
v -42.507000 201.216705 -3.508730
v -42.589397 201.216705 -3.438630
v -42.681499 201.216705 -3.382030
v -42.380501 201.216705 -4.308330
v -42.339302 201.216705 -4.208431
v -42.313900 201.216705 -4.103330
v -42.507000 196.382111 -4.482530
v -42.589397 196.382111 -4.552630
v -42.681499 196.382111 -4.609329
v -42.681499 201.216705 -4.609330
v -42.589397 201.216705 -4.552631
v -42.507000 201.216705 -4.482530
v -42.886200 196.382111 -4.675830
v -42.993999 196.382111 -4.684130
v -43.101799 196.382111 -4.675830
v -43.481003 201.216705 -4.482530
v -43.398701 201.216705 -4.552631
v -43.306602 201.216705 -4.609330
v -43.607597 201.216705 -3.682930
v -43.648800 201.216705 -3.782930
v -43.674202 201.216705 -3.888031
v -43.674202 196.382111 -4.103330
v -43.648800 196.382111 -4.208430
v -43.607597 196.382111 -4.308330
v -43.665703 196.368210 -3.995630
v -43.648399 196.354401 -3.995630
v -43.631199 196.340591 -3.995630
v -43.509502 196.340591 -3.621130
v -43.523499 196.354401 -3.611030
v -43.537399 196.368210 -3.600830
v -42.786499 201.230591 -3.356830
v -42.791798 201.244400 -3.373330
v -42.797199 201.258209 -3.389730
v -43.190899 201.258209 -3.389730
v -43.196301 201.244400 -3.373330
v -43.201599 201.230591 -3.356830
v -43.665703 201.230591 -3.995630
v -43.648399 201.244400 -3.995630
v -43.631199 201.258209 -3.995630
v -43.509502 201.258209 -4.370130
v -43.523499 201.244400 -4.380330
v -43.537399 201.230591 -4.390430
v -42.450699 196.368210 -3.600830
v -42.464600 196.354401 -3.611030
v -42.478600 196.340591 -3.621130
v -42.356899 196.340591 -3.995630
v -42.339600 196.354401 -3.995630
v -42.322399 196.368210 -3.995630
v -42.322399 201.230591 -3.995630
v -42.339600 201.244400 -3.995630
v -42.356899 201.258209 -3.995630
v -42.478600 201.258209 -3.621130
v -42.464600 201.244400 -3.611030
v -42.450699 201.230591 -3.600830
v -42.478600 196.340591 -4.370130
v -42.464600 196.354401 -4.380330
v -42.450699 196.368210 -4.390430
v -43.201599 201.230591 -4.634430
v -43.196301 201.244400 -4.618030
v -43.190899 201.258209 -4.601630
v -42.797199 201.258209 -4.601630
v -42.791798 201.244400 -4.618030
v -42.786499 201.230591 -4.634430
v -43.201599 196.368210 -4.634430
v -43.196301 196.354401 -4.618030
v -43.190899 196.340591 -4.601630
v -43.509502 196.340591 -4.370130
v -43.523499 196.354401 -4.380330
v -43.537399 196.368210 -4.390430
v -43.201599 196.368210 -3.356830
v -43.196301 196.354401 -3.373330
v -43.190899 196.340591 -3.389730
v -42.797199 196.340591 -3.389730
v -42.791798 196.354401 -3.373330
v -42.786499 196.368210 -3.356830
v -43.509502 201.258209 -3.621130
v -43.523499 201.244400 -3.611030
v -43.537399 201.230591 -3.600830
v -42.450699 201.230591 -4.390430
v -42.464600 201.244400 -4.380330
v -42.478600 201.258209 -4.370130
v -42.797199 196.340591 -4.601630
v -42.791798 196.354401 -4.618030
v -42.786499 196.368210 -4.634430
v -42.230202 120.049408 -3.000018
v -42.230202 147.799393 -3.000022
v -42.230202 175.549393 -3.000026
v -37.280197 97.249397 -3.000014
v -36.930199 97.599396 -3.000014
v -36.580200 97.949394 -3.000014
v -38.780201 199.849396 -3.000030
v -39.930199 200.999405 -3.000030
v -41.080200 202.149384 -3.000030
v -34.733303 99.775902 -3.550815
v -35.232300 99.283699 -3.367215
v -35.731201 98.791595 -3.183614
v -35.731201 196.807205 -3.183630
v -35.232300 196.315094 -3.367230
v -34.733303 195.822891 -3.550830
v -42.230202 120.049408 -5.000018
v -42.230202 147.799393 -5.000022
v -42.230202 175.549393 -5.000026
v -42.230202 203.299408 -4.500030
v -42.230202 203.299408 -4.000030
v -42.230202 203.299408 -3.500030
v -40.230198 121.049408 -5.000018
v -40.230198 147.799393 -5.000022
v -40.230198 174.549408 -5.000026
v -40.730198 201.799393 -5.000030
v -41.230198 202.299408 -5.000030
v -41.730202 202.799393 -5.000030
v -40.230198 121.049408 -10.000019
v -40.230198 147.799393 -10.000023
v -40.230198 174.549408 -10.000027
v -40.230198 201.299408 -8.750031
v -40.230198 201.299408 -7.500031
v -40.230198 201.299408 -6.250030
v -39.730202 200.799393 -10.000031
v -39.230202 200.299408 -10.000031
v -38.730202 199.799393 -10.000031
v -38.230198 199.299393 -10.750031
v -38.230198 199.299393 -10.500031
v -38.230198 199.299393 -10.250031
v -38.230198 96.299400 -10.750015
v -38.230198 96.299400 -10.500015
v -38.230198 96.299400 -10.250015
v -34.546200 123.879898 -11.006419
v -34.546200 147.799393 -11.006423
v -34.546200 171.718903 -11.006427
v -35.731201 196.807205 -11.375031
v -35.263500 196.345795 -11.250731
v -34.858097 195.945999 -11.127630
v -37.730198 96.799400 -11.125015
v -37.230198 97.299400 -11.250015
v -36.730202 97.799400 -11.375015
v -37.730198 198.799393 -11.125031
v -37.230198 198.299393 -11.250031
v -36.730202 197.799393 -11.375031
v -37.280197 198.349411 -3.000030
v -36.930199 197.999405 -3.000030
v -36.580200 197.649399 -3.000030
v -34.234398 195.330795 -3.977130
v -34.234398 195.330795 -3.896230
v -34.234398 195.330795 -3.815330
v -34.234398 124.033699 -4.058020
v -34.234398 147.799393 -4.058022
v -34.234398 171.565109 -4.058026
v -34.312500 123.994698 -10.534219
v -34.312500 147.799393 -10.534223
v -34.312500 171.604095 -10.534226
v -34.703098 195.799500 -9.599530
v -34.718700 195.815094 -9.742531
v -34.703098 195.799500 -9.885530
v -34.359100 195.453796 -10.887729
v -34.273300 195.369308 -10.770329
v -34.265598 195.362000 -10.652928
v 18.815100 198.699402 -3.000030
v 0.000000 198.699402 -3.000030
v -18.815100 198.699402 -3.000030
v -42.230202 92.299400 -3.500014
v -42.230202 92.299400 -4.000014
v -42.230202 92.299400 -4.500014
v 34.390598 195.487000 -10.413029
v 34.484299 195.580811 -10.288429
v 34.578098 195.674500 -10.159529
v -41.730202 92.799400 -5.000014
v -41.230198 93.299400 -5.000014
v -40.730198 93.799400 -5.000014
v -40.230198 94.299400 -6.250014
v -40.230198 94.299400 -7.500015
v -40.230198 94.299400 -8.750013
v -34.703098 99.799301 -4.999015
v -34.718700 99.783699 -4.856016
v -34.703098 99.799301 -4.713015
v -34.359100 100.144997 -10.887715
v -34.273300 100.229500 -10.770315
v -34.265598 100.236801 -10.652915
v -0.835000 148.216904 -6.894522
v -0.835000 147.799393 -6.894522
v -0.835000 147.381897 -6.894522
v 0.835000 147.381897 -6.894522
v 0.835000 147.799393 -6.894522
v 0.835000 148.216904 -6.894522
v 0.417500 148.634399 -6.894523
v 0.000000 148.634399 -6.894523
v -0.417500 148.634399 -6.894523
v 0.417500 146.964401 -6.894522
v 0.000000 146.964401 -6.894522
v -0.417500 146.964401 -6.894522
v 0.417500 100.267998 -6.894515
v 0.000000 100.267998 -6.894515
v -0.417500 100.267998 -6.894515
v -0.835000 135.290298 -6.894520
v -0.835000 123.616196 -6.894518
v -0.835000 111.942101 -6.894516
v 0.835000 111.942101 -6.894516
v 0.835000 123.616196 -6.894518
v 0.835000 135.290298 -6.894520
v 0.417500 195.330795 -6.894530
v 0.000000 195.330795 -6.894530
v -0.417500 195.330795 -6.894530
v 0.835000 160.308502 -6.894524
v 0.835000 171.982605 -6.894526
v 0.835000 183.656708 -6.894528
v -0.835000 183.656708 -6.894528
v -0.835000 171.982605 -6.894526
v -0.835000 160.308502 -6.894524
v 33.770199 147.381897 -6.894522
v 33.770199 147.799393 -6.894522
v 33.770199 148.216904 -6.894522
v 9.068800 146.964401 -6.894522
v 17.302599 146.964401 -6.894522
v 25.536400 146.964401 -6.894522
v 25.536400 148.634399 -6.894523
v 17.302599 148.634399 -6.894523
v 9.068800 148.634399 -6.894523
v -34.234398 148.216904 -6.894522
v -34.234398 147.799393 -6.894522
v -34.234398 147.381897 -6.894522
v -9.184800 148.634399 -6.894523
v -17.534700 148.634399 -6.894523
v -25.884501 148.634399 -6.894523
v -25.884501 146.964401 -6.894522
v -17.534700 146.964401 -6.894522
v -9.184800 146.964401 -6.894522
v -36.230202 123.049400 -3.000018
v -36.230202 147.799393 -3.000022
v -36.230202 172.549408 -3.000026
v 34.656200 123.822800 -9.459519
v 34.656200 147.799393 -9.459523
v 34.656200 171.776001 -9.459527
v -34.234398 124.033699 -3.734418
v -34.234398 147.799393 -3.734422
v -34.234398 171.565109 -3.734426
v -34.858097 99.652802 -11.127615
v -35.263500 99.252998 -11.250715
v -35.731201 98.791595 -11.375015
v -38.780201 95.749405 -3.000014
v -39.930199 94.599403 -3.000014
v -41.080200 93.449402 -3.000014
v 34.656200 123.822800 -10.025620
v 34.656200 147.799393 -10.025522
v 34.656200 171.776001 -10.025526
v 18.115101 98.299400 -11.500015
v 0.000000 98.299400 -11.500015
v -18.115101 98.299400 -11.500015
v -36.230202 123.049400 -11.500019
v -36.230202 147.799393 -11.500023
v -36.230202 172.549408 -11.500027
v 17.117199 195.330795 -4.058030
v 0.000000 195.330795 -4.058030
v -17.117199 195.330795 -4.058030
v 34.703098 99.799301 -9.599615
v 34.718700 99.783699 -9.742615
v 34.703098 99.799301 -9.885615
v -38.230198 122.049400 -10.000019
v -38.230198 147.799393 -10.000023
v -38.230198 173.549408 -10.000027
v 34.234299 124.033699 -5.654019
v 34.234299 147.799393 -5.654022
v 34.234299 171.565109 -5.654026
v 19.115099 199.299393 -10.000031
v 0.000000 199.299393 -10.000031
v -19.115099 199.299393 -10.000031
v 38.230198 122.049400 -11.000019
v 38.230198 147.799393 -11.000023
v 38.230198 173.549408 -11.000027
v 38.730202 95.799400 -10.000015
v 39.230202 95.299400 -10.000015
v 39.730202 94.799400 -10.000015
v 17.117199 100.267998 -4.058016
v 0.000000 100.267998 -4.058016
v -17.117199 100.267998 -4.058016
v -34.234398 100.267998 -3.815316
v -34.234398 100.267998 -3.896216
v -34.234398 100.267998 -3.977116
v -37.630199 122.349403 -3.000018
v -37.630199 147.799393 -3.000022
v -37.630199 173.249405 -3.000026
v -38.730202 95.799400 -10.000015
v -39.230202 95.299400 -10.000015
v -39.730202 94.799400 -10.000015
v -38.230198 122.049400 -11.000019
v -38.230198 147.799393 -11.000023
v -38.230198 173.549408 -11.000027
v 1.135000 160.533493 -7.250024
v 1.135000 172.132599 -7.250026
v 1.135000 183.731705 -7.250028
v -0.910000 100.267998 -6.983416
v -0.985000 100.267998 -7.072316
v -1.060000 100.267998 -7.161216
v 1.060000 100.267998 -7.161216
v 0.985000 100.267998 -7.072316
v 0.910000 100.267998 -6.983416
v 0.910000 195.330795 -6.983430
v 0.985000 195.330795 -7.072330
v 1.060000 195.330795 -7.161230
v -1.060000 195.330795 -7.161230
v -0.985000 195.330795 -7.072330
v -0.910000 195.330795 -6.983430
v 0.910000 148.709412 -6.983423
v 0.985000 148.784393 -7.072322
v 1.060000 148.859406 -7.161222
v 33.770199 146.889404 -6.983422
v 33.770199 146.814407 -7.072322
v 33.770199 146.739395 -7.161222
v -34.234398 148.709412 -6.983423
v -34.234398 148.784393 -7.072322
v -34.234398 148.859406 -7.161222
v -34.234398 146.739395 -7.161222
v -34.234398 146.814407 -7.072322
v -34.234398 146.889404 -6.983422
v -0.835000 147.381897 -7.605522
v -0.835000 147.799393 -7.605522
v -0.835000 148.216904 -7.605522
v 0.835000 148.216904 -7.605522
v 0.835000 147.799393 -7.605522
v 0.835000 147.381897 -7.605522
v 0.417500 146.964401 -7.605522
v 0.000000 146.964401 -7.605522
v -0.417500 146.964401 -7.605522
v 0.417500 148.634399 -7.605523
v 0.000000 148.634399 -7.605523
v -0.417500 148.634399 -7.605523
v 0.417500 195.330795 -7.605530
v 0.000000 195.330795 -7.605530
v -0.417500 195.330795 -7.605530
v -0.835000 160.308502 -7.605524
v -0.835000 171.982605 -7.605526
v -0.835000 183.656708 -7.605528
v 0.835000 183.656708 -7.605528
v 0.835000 171.982605 -7.605526
v 0.835000 160.308502 -7.605524
v 0.417500 100.267998 -7.605515
v 0.000000 100.267998 -7.605515
v -0.417500 100.267998 -7.605515
v 0.835000 135.290298 -7.605520
v 0.835000 123.616196 -7.605518
v 0.835000 111.942101 -7.605516
v -0.835000 111.942101 -7.605516
v -0.835000 123.616196 -7.605518
v -0.835000 135.290298 -7.605520
v 33.770199 148.216904 -7.605522
v 33.770199 147.799393 -7.605522
v 33.770199 147.381897 -7.605522
v 9.068800 148.634399 -7.605523
v 17.302599 148.634399 -7.605523
v 25.536400 148.634399 -7.605523
v 25.536400 146.964401 -7.605522
v 17.302599 146.964401 -7.605522
v 9.068800 146.964401 -7.605522
v -34.234398 147.381897 -7.605522
v -34.234398 147.799393 -7.605522
v -34.234398 148.216904 -7.605522
v -9.184800 146.964401 -7.605522
v -17.534700 146.964401 -7.605522
v -25.884501 146.964401 -7.605522
v -25.884501 148.634399 -7.605523
v -17.534700 148.634399 -7.605523
v -9.184800 148.634399 -7.605523
v -0.910000 148.709412 -7.516623
v -0.985000 148.784393 -7.427823
v -1.060000 148.859406 -7.338923
v 0.910000 146.889404 -7.516622
v 0.985000 146.814407 -7.427822
v 1.060000 146.739395 -7.338922
v -1.060000 146.739395 -7.338922
v -0.985000 146.814407 -7.427822
v -0.910000 146.889404 -7.516622
v 33.770199 148.709412 -7.516623
v 33.770199 148.784393 -7.427823
v 33.770199 148.859406 -7.338923
v -1.135000 135.065308 -7.250020
v -1.135000 123.466202 -7.250020
v -1.135000 111.867096 -7.250018
v 1.135000 111.867096 -7.250018
v 1.135000 123.466202 -7.250020
v 1.135000 135.065308 -7.250020
v -1.135000 183.731705 -7.250028
v -1.135000 172.132599 -7.250026
v -1.135000 160.533493 -7.250024
v 9.293799 146.664398 -7.250022
v 17.452600 146.664398 -7.250022
v 25.611401 146.664398 -7.250022
v 25.611401 148.934402 -7.250022
v 17.452600 148.934402 -7.250022
v 9.293799 148.934402 -7.250022
v -9.409801 148.934402 -7.250022
v -17.684700 148.934402 -7.250022
v -25.959501 148.934402 -7.250022
v -25.959501 146.664398 -7.250022
v -17.684700 146.664398 -7.250022
v -9.409801 146.664398 -7.250022
v -0.910000 146.889404 -6.983422
v -0.985000 146.814407 -7.072322
v -1.060000 146.739395 -7.161222
v 1.060000 146.739395 -7.161222
v 0.985000 146.814407 -7.072322
v 0.910000 146.889404 -6.983422
v -1.060000 148.859406 -7.161222
v -0.985000 148.784393 -7.072322
v -0.910000 148.709412 -6.983423
v 33.770199 148.859406 -7.161222
v 33.770199 148.784393 -7.072322
v 33.770199 148.709412 -6.983423
v -0.910000 195.330795 -7.516630
v -0.985000 195.330795 -7.427829
v -1.060000 195.330795 -7.338930
v 1.060000 195.330795 -7.338930
v 0.985000 195.330795 -7.427829
v 0.910000 195.330795 -7.516630
v 1.060000 148.859406 -7.338923
v 0.985000 148.784393 -7.427823
v 0.910000 148.709412 -7.516623
v 0.910000 100.267998 -7.516715
v 0.985000 100.267998 -7.427814
v 1.060000 100.267998 -7.338916
v -1.060000 100.267998 -7.338916
v -0.985000 100.267998 -7.427814
v -0.910000 100.267998 -7.516715
v 33.770199 146.739395 -7.338922
v 33.770199 146.814407 -7.427822
v 33.770199 146.889404 -7.516622
v -34.234398 146.889404 -7.516622
v -34.234398 146.814407 -7.427822
v -34.234398 146.739395 -7.338922
v -34.234398 148.859406 -7.338923
v -34.234398 148.784393 -7.427823
v -34.234398 148.709412 -7.516623
v -34.703098 195.799500 -4.999029
v -34.718700 195.815094 -4.856030
v -34.703098 195.799500 -4.713030
v -34.234398 100.267998 -6.476716
v -34.234398 100.267998 -7.299315
v -34.234398 100.267998 -8.121916
v -34.234398 124.033699 -5.654019
v -34.234398 147.799393 -5.654022
v -34.234398 171.565109 -5.654026
v 17.117199 195.330795 -8.944529
v 0.000000 195.330795 -8.944529
v -17.117199 195.330795 -8.944529
v -34.703098 99.799301 -9.599615
v -34.718700 99.783699 -9.742615
v -34.703098 99.799301 -9.885615
v -34.234398 195.330795 -8.121929
v -34.234398 195.330795 -7.299330
v -34.234398 195.330795 -6.476629
v -34.234398 124.033699 -8.944520
v -34.234398 147.799393 -8.944523
v -34.234398 171.565109 -8.944527
v -34.656200 123.822800 -4.573019
v -34.656200 147.799393 -4.573022
v -34.656200 171.776001 -4.573026
v -34.656200 123.822800 -10.025620
v -34.656200 147.799393 -10.025522
v -34.656200 171.776001 -10.025526
v -34.656200 123.822800 -5.139019
v -34.656200 147.799393 -5.139022
v -34.656200 171.776001 -5.139026
v 17.328100 195.752594 -5.139030
v 0.000000 195.752594 -5.139030
v -17.328100 195.752594 -5.139030
v -34.656200 123.822800 -9.459519
v -34.656200 147.799393 -9.459523
v -34.656200 171.776001 -9.459527
v -34.578098 195.674500 -4.439030
v -34.476501 195.572998 -4.309530
v -34.359402 195.455795 -4.183030
v -34.359402 100.143005 -4.183016
v -34.476501 100.025795 -4.309515
v -34.578098 99.924301 -4.439016
v -34.578098 99.924301 -10.159615
v -34.484402 100.017998 -10.288416
v -34.390598 100.111794 -10.413015
v -34.390598 195.487000 -10.413029
v -34.484402 195.580811 -10.288429
v -34.578098 195.674500 -10.159529
v -34.578098 99.924301 -5.273015
v -34.476501 100.025795 -5.402515
v -34.359402 100.143005 -5.529015
v -34.359402 195.455795 -5.529030
v -34.476501 195.572998 -5.402530
v -34.578098 195.674500 -5.273030
v -34.359402 195.455795 -9.069529
v -34.476501 195.572998 -9.196029
v -34.578098 195.674500 -9.325528
v 40.230198 94.299400 -6.250014
v 40.230198 94.299400 -7.500015
v 40.230198 94.299400 -8.750013
v -34.578098 99.924301 -9.325615
v -34.476501 100.025795 -9.196115
v -34.359402 100.143005 -9.069615
v 34.359100 195.453796 -10.887729
v 34.273300 195.369308 -10.770329
v 34.265598 195.362000 -10.652928
v 34.703098 195.799500 -9.599530
v 34.718700 195.815094 -9.742531
v 34.703098 195.799500 -9.885530
v 37.730198 198.799393 -11.125031
v 37.230198 198.299393 -11.250031
v 36.730202 197.799393 -11.375031
v 35.731201 196.807205 -11.375031
v 35.263500 196.345795 -11.250731
v 34.858097 195.945999 -11.127630
v 38.230198 96.299400 -10.750015
v 38.230198 96.299400 -10.500015
v 38.230198 96.299400 -10.250015
v 40.730198 201.799393 -5.000030
v 41.230198 202.299408 -5.000030
v 41.730202 202.799393 -5.000030
v 40.230198 121.049408 -5.000018
v 40.230198 147.799393 -5.000022
v 40.230198 174.549408 -5.000026
v 42.230202 203.299408 -4.500030
v 42.230202 203.299408 -4.000030
v 42.230202 203.299408 -3.500030
v 42.230202 120.049408 -3.000018
v 42.230202 147.799393 -3.000022
v 42.230202 175.549393 -3.000026
v 35.731201 98.791595 -3.183614
v 35.232300 99.283699 -3.367215
v 34.733303 99.775902 -3.550815
v 34.703098 99.799301 -4.713015
v 34.718700 99.783699 -4.856016
v 34.703098 99.799301 -4.999015
v 37.280197 97.249397 -3.000014
v 36.930199 97.599396 -3.000014
v 36.580200 97.949394 -3.000014
v 34.359100 100.144997 -10.887715
v 34.273300 100.229500 -10.770315
v 34.265598 100.236801 -10.652915
v 17.117199 195.330795 -3.734430
v 0.000000 195.330795 -3.734430
v -17.117199 195.330795 -3.734430
v 18.115101 98.299400 -3.000014
v 0.000000 98.299400 -3.000014
v -18.115101 98.299400 -3.000014
v 17.117199 100.267998 -3.734416
v 0.000000 100.267998 -3.734416
v -17.117199 100.267998 -3.734416
v 20.115099 201.299408 -10.000031
v 0.000000 201.299408 -10.000031
v -20.115099 201.299408 -10.000031
v 21.115101 92.299400 -5.000014
v 0.000000 92.299400 -5.000014
v -21.115101 92.299400 -5.000014
v 17.273100 99.960396 -11.006415
v 0.000000 99.960396 -11.006415
v -17.273100 99.960396 -11.006415
v 17.156200 100.189903 -10.534215
v 0.000000 100.189903 -10.534215
v -17.156200 100.189903 -10.534215
v 18.815100 96.899399 -3.000014
v 0.000000 96.899399 -3.000014
v -18.815100 96.899399 -3.000014
v 17.328100 99.846199 -4.573016
v 0.000000 99.846199 -4.573016
v -17.328100 99.846199 -4.573016
v 17.117199 100.267998 -8.944615
v 0.000000 100.267998 -8.944615
v -17.117199 100.267998 -8.944615
v 17.328100 99.846199 -5.139016
v 0.000000 99.846199 -5.139016
v -17.328100 99.846199 -5.139016
v 39.730202 200.799393 -10.000031
v 39.230202 200.299408 -10.000031
v 38.730202 199.799393 -10.000031
v 34.234299 100.267998 -3.815316
v 34.234299 100.267998 -3.896216
v 34.234299 100.267998 -3.977116
v 35.731201 98.791595 -11.375015
v 35.263500 99.252998 -11.250715
v 34.858097 99.652802 -11.127615
v 34.234299 195.330795 -3.815330
v 34.234299 195.330795 -3.896230
v 34.234299 195.330795 -3.977130
v 34.578098 99.924301 -4.439016
v 34.476501 100.025795 -4.309515
v 34.359402 100.143005 -4.183016
v 36.230202 123.049400 -11.500019
v 36.230202 147.799393 -11.500023
v 36.230202 172.549408 -11.500027
v 38.230198 122.049400 -10.000019
v 38.230198 147.799393 -10.000023
v 38.230198 173.549408 -10.000027
v 17.328100 195.752594 -4.573030
v 0.000000 195.752594 -4.573030
v -17.328100 195.752594 -4.573030
v 21.115101 92.299400 -3.000014
v 0.000000 92.299400 -3.000014
v -21.115101 92.299400 -3.000014
v 17.273100 195.638397 -11.006429
v 0.000000 195.638397 -11.006429
v -17.273100 195.638397 -11.006429
v 34.656200 123.822800 -5.139019
v 34.656200 147.799393 -5.139022
v 34.656200 171.776001 -5.139026
v 20.115099 94.299400 -10.000013
v 0.000000 94.299400 -10.000013
v -20.115099 94.299400 -10.000013
v 18.115101 197.299393 -3.000030
v 0.000000 197.299393 -3.000030
v -18.115101 197.299393 -3.000030
v 34.656200 123.822800 -4.573019
v 34.656200 147.799393 -4.573022
v 34.656200 171.776001 -4.573026
v 19.115099 96.299400 -10.000015
v 0.000000 96.299400 -10.000015
v -19.115099 96.299400 -10.000015
v 34.234299 124.033699 -8.944520
v 34.234299 147.799393 -8.944523
v 34.234299 171.565109 -8.944527
v 20.115099 94.299400 -5.000014
v 0.000000 94.299400 -5.000014
v -20.115099 94.299400 -5.000014
v 34.578098 99.924301 -9.325615
v 34.476501 100.025795 -9.196115
v 34.359402 100.143005 -9.069615
v 18.115101 197.299393 -11.500031
v 0.000000 197.299393 -11.500031
v -18.115101 197.299393 -11.500031
v 34.359402 195.455795 -9.069529
v 34.476501 195.572998 -9.196029
v 34.578098 195.674500 -9.325528
v 20.115099 201.299408 -5.000030
v 0.000000 201.299408 -5.000030
v -20.115099 201.299408 -5.000030
v 17.117199 100.267998 -5.654016
v 0.000000 100.267998 -5.654016
v -17.117199 100.267998 -5.654016
v 17.328100 195.752594 -9.459529
v 0.000000 195.752594 -9.459529
v -17.328100 195.752594 -9.459529
v 17.328100 99.846199 -10.025616
v 0.000000 99.846199 -10.025616
v -17.328100 99.846199 -10.025616
v 19.115099 199.299393 -11.000031
v 0.000000 199.299393 -11.000031
v -19.115099 199.299393 -11.000031
v 21.115101 203.299408 -3.000030
v 0.000000 203.299408 -3.000030
v -21.115101 203.299408 -3.000030
v 19.115099 96.299400 -11.000015
v 0.000000 96.299400 -11.000015
v -19.115099 96.299400 -11.000015
v 17.328100 99.846199 -9.459615
v 0.000000 99.846199 -9.459615
v -17.328100 99.846199 -9.459615
v 35.731201 196.807205 -3.183630
v 35.232300 196.315094 -3.367230
v 34.733303 195.822891 -3.550830
v 42.230202 120.049408 -5.000018
v 42.230202 147.799393 -5.000022
v 42.230202 175.549393 -5.000026
v 38.780201 199.849396 -3.000030
v 39.930199 200.999405 -3.000030
v 41.080200 202.149384 -3.000030
v 40.230198 121.049408 -10.000019
v 40.230198 147.799393 -10.000023
v 40.230198 174.549408 -10.000027
v 34.578098 99.924301 -10.159615
v 34.484299 100.017998 -10.288416
v 34.390598 100.111794 -10.413015
v 34.578098 99.924301 -5.273015
v 34.476501 100.025795 -5.402515
v 34.359402 100.143005 -5.529015
v 34.578098 195.674500 -4.439030
v 34.476501 195.572998 -4.309530
v 34.359402 195.455795 -4.183030
v 34.359402 195.455795 -5.529030
v 34.476501 195.572998 -5.402530
v 34.578098 195.674500 -5.273030
v 34.703098 195.799500 -4.999029
v 34.718700 195.815094 -4.856030
v 34.703098 195.799500 -4.713030
v 34.234299 100.267998 -6.476716
v 34.234299 100.267998 -7.299315
v 34.234299 100.267998 -8.121916
v 37.630199 122.349403 -3.000018
v 37.630199 147.799393 -3.000022
v 37.630199 173.249405 -3.000026
v 34.234299 195.330795 -8.121929
v 34.234299 195.330795 -7.299330
v 34.234299 195.330795 -6.476629
v 38.230198 199.299393 -10.750031
v 38.230198 199.299393 -10.500031
v 38.230198 199.299393 -10.250031
v 34.546200 123.879898 -11.006419
v 34.546200 147.799393 -11.006423
v 34.546200 171.718903 -11.006427
v 40.230198 201.299408 -8.750031
v 40.230198 201.299408 -7.500031
v 40.230198 201.299408 -6.250030
v 37.730198 96.799400 -11.125015
v 37.230198 97.299400 -11.250015
v 36.730202 97.799400 -11.375015
v 17.117199 195.330795 -5.654030
v 0.000000 195.330795 -5.654030
v -17.117199 195.330795 -5.654030
v 21.115101 203.299408 -5.000030
v 0.000000 203.299408 -5.000030
v -21.115101 203.299408 -5.000030
v 17.328100 195.752594 -10.025528
v 0.000000 195.752594 -10.025528
v -17.328100 195.752594 -10.025528
v 17.156200 195.408905 -10.534228
v 0.000000 195.408905 -10.534228
v -17.156200 195.408905 -10.534228
v 34.234299 124.033699 -4.058020
v 34.234299 147.799393 -4.058022
v 34.234299 171.565109 -4.058026
v 34.312500 123.994698 -10.534219
v 34.312500 147.799393 -10.534223
v 34.312500 171.604095 -10.534226
v 37.280197 198.349411 -3.000030
v 36.930199 197.999405 -3.000030
v 36.580200 197.649399 -3.000030
v 42.230202 92.299400 -3.500014
v 42.230202 92.299400 -4.000014
v 42.230202 92.299400 -4.500014
v 36.230202 123.049400 -3.000018
v 36.230202 147.799393 -3.000022
v 36.230202 172.549408 -3.000026
v 34.234299 124.033699 -3.734418
v 34.234299 147.799393 -3.734422
v 34.234299 171.565109 -3.734426
v 41.730202 92.799400 -5.000014
v 41.230198 93.299400 -5.000014
v 40.730198 93.799400 -5.000014
v 38.780201 95.749405 -3.000014
v 39.930199 94.599403 -3.000014
v 41.080200 93.449402 -3.000014
v 38.242702 145.858597 -3.000022
v 38.338600 145.485504 -3.000022
v 38.515499 145.227005 -3.000022
v 41.238499 149.740189 -3.000022
v 41.142601 150.113297 -3.000022
v 40.965698 150.371796 -3.000022
v 40.244499 150.639908 -3.000022
v 39.740601 150.673492 -3.000022
v 39.236702 150.639908 -3.000022
v 40.244499 144.958908 -3.000022
v 39.740601 144.925400 -3.000022
v 39.236702 144.958908 -3.000022
v 38.392498 146.052689 -2.574822
v 38.478802 145.716904 -2.574822
v 38.638000 145.484299 -2.574822
v 41.088699 149.546097 -2.574822
v 41.002399 149.881989 -2.574822
v 40.843201 150.114594 -2.574822
v 40.194099 150.355896 -2.574822
v 39.740601 150.386093 -2.574822
v 39.287098 150.355896 -2.574822
v 40.194099 145.242905 -2.574822
v 39.740601 145.212799 -2.574822
v 39.287098 145.242905 -2.574822
v 40.653400 150.470901 -2.893723
v 40.630001 150.402405 -2.787422
v 40.606499 150.333908 -2.681123
v 40.606499 145.264893 -2.681122
v 40.630001 145.196396 -2.787422
v 40.653400 145.127899 -2.893722
v 38.827801 150.470901 -2.893723
v 38.851200 150.402405 -2.787422
v 38.874599 150.333908 -2.681123
v 38.874599 145.264893 -2.681122
v 38.851200 145.196396 -2.787422
v 38.827801 145.127899 -2.893722
v 38.242702 149.740189 -3.000022
v 38.338600 150.113297 -3.000022
v 38.515499 150.371796 -3.000022
v 38.168697 147.044296 -3.000022
v 38.159401 147.799393 -3.000022
v 38.168697 148.554596 -3.000022
v 41.238499 145.858597 -3.000022
v 41.142601 145.485504 -3.000022
v 40.965698 145.227005 -3.000022
v 41.312500 148.554596 -3.000022
v 41.321800 147.799393 -3.000022
v 41.312500 147.044296 -3.000022
v 38.392498 149.546097 -2.574822
v 38.478802 149.881989 -2.574822
v 38.638000 150.114594 -2.574822
v 38.325798 147.119797 -2.574822
v 38.317497 147.799393 -2.574822
v 38.325798 148.479004 -2.574822
v 41.088699 146.052689 -2.574822
v 41.002399 145.716904 -2.574822
v 40.843201 145.484299 -2.574822
v 41.155300 148.479004 -2.574822
v 41.163700 147.799393 -2.574822
v 41.155300 147.119797 -2.574822
v 40.435497 146.513199 -2.574822
v 39.740601 146.513199 -2.574822
v 39.045700 146.513199 -2.574822
v 40.435497 149.085602 -2.574822
v 39.740601 149.085602 -2.574822
v 39.045700 149.085602 -2.574822
v 41.246201 146.405991 -2.893722
v 41.207600 146.441696 -2.787422
v 41.168999 146.477493 -2.681122
v 41.246201 149.192795 -2.893722
v 41.207600 149.157089 -2.787422
v 41.168999 149.121399 -2.681122
v 38.235001 149.192795 -2.893722
v 38.273602 149.157089 -2.787422
v 38.312199 149.121399 -2.681122
v 38.235001 146.405991 -2.893722
v 38.273602 146.441696 -2.787422
v 38.312199 146.477493 -2.681122
v -43.245598 93.538200 -4.162814
v -43.103401 93.538200 -4.266114
v -42.927597 93.538200 -4.266114
v -42.785400 93.538200 -4.162814
v -42.731102 93.538200 -3.995614
v -42.785400 93.538200 -3.828514
v -42.927597 93.538200 -3.725214
v -43.103401 93.538200 -3.725214
v -43.245598 93.538200 -3.828514
v -43.299900 93.538200 -3.995614
v -43.283600 94.331703 -4.190414
v -43.117897 94.331703 -4.310814
v -42.913101 94.331703 -4.310814
v -42.747398 94.331703 -4.190414
v -42.684097 94.331703 -3.995614
v -42.747398 94.331703 -3.800914
v -42.913101 94.331703 -3.680514
v -43.117897 94.331703 -3.680514
v -43.283600 94.331703 -3.800914
v -43.346901 94.331703 -3.995614
v -42.202400 94.441696 -3.565014
v -42.202400 100.276398 -3.565016
v -43.206902 94.441696 -4.650915
v -43.206902 100.276398 -4.650916
v -43.683002 94.441696 -3.995614
v -43.551399 94.441696 -3.590714
v -42.750099 100.276398 -3.340416
v -43.206902 100.276398 -3.340416
v -43.551399 100.276398 -4.400616
v -43.683002 100.276398 -3.995616
v -42.202400 94.441696 -4.426314
v -42.750099 100.276398 -4.650916
v -43.551399 94.441696 -4.400614
v -42.750099 94.441696 -3.340414
v -43.206902 94.441696 -3.340414
v -43.551399 100.276398 -3.590716
v -42.202400 100.276398 -4.426316
v -42.750099 94.441696 -4.650915
v -42.202400 100.570000 -3.653316
v -42.202400 100.570000 -3.995616
v -43.163300 100.570000 -4.516616
v -42.774700 100.570000 -3.474716
v -43.163300 100.570000 -3.474716
v -43.437202 100.570000 -4.317615
v -43.541801 100.570000 -3.995616
v -42.774700 100.570000 -4.516616
v -43.437202 100.570000 -3.673715
v -42.202400 100.570000 -4.338015
v -42.202400 94.441696 -3.995614
v -43.114098 93.933800 -4.299014
v -43.233700 93.751404 -4.154114
v -42.757401 93.933800 -3.808114
v -42.745899 93.751404 -3.995614
v -43.285198 93.751404 -3.995614
v -42.916901 93.933800 -3.692214
v -43.114098 93.933800 -3.692214
v -43.273602 93.933800 -3.808114
v -42.757401 93.933800 -4.183214
v -42.932201 93.751404 -4.252114
v -42.937500 94.441696 -4.235614
v -42.811401 94.441696 -4.143914
v -42.763199 94.441696 -3.995614
v -42.811401 94.441696 -3.847414
v -42.937500 94.441696 -3.755714
v -43.093498 94.441696 -3.755714
v -43.219601 94.441696 -3.847414
v -43.267803 94.441696 -3.995614
v -43.093498 94.441696 -4.235614
v -43.219601 94.441696 -4.143914
v -43.098801 93.751404 -4.252114
v -43.273602 93.933800 -4.183214
v -42.797398 93.751404 -3.837114
v -42.696499 93.933800 -3.995614
v -43.334499 93.933800 -3.995614
v -42.932201 93.751404 -3.739214
v -43.098801 93.751404 -3.739214
v -43.233700 93.751404 -3.837114
v -42.797398 93.751404 -4.154114
v -42.916901 93.933800 -4.299014
v -43.613899 196.326797 -3.995630
v -43.185600 196.326797 -3.406130
v -43.495499 196.326797 -3.631330
v -42.802502 196.326797 -3.406130
v -43.613899 201.272003 -3.995630
v -42.436703 196.382111 -3.590730
v -42.436703 201.216705 -3.590730
v -42.305099 196.382111 -3.995630
v -42.305099 201.216705 -3.995630
v -42.492599 196.326797 -4.360030
v -42.802502 201.272003 -4.585130
v -43.206902 196.382111 -4.650830
v -43.206902 201.216705 -4.650830
v -43.495499 196.326797 -4.360030
v -42.802502 201.272003 -3.406130
v -43.185600 201.272003 -3.406130
v -43.495499 201.272003 -4.360030
v -43.495499 201.272003 -3.631330
v -42.492599 201.272003 -4.360030
v -42.802502 196.326797 -4.585130
v -43.683002 196.382111 -3.995630
v -43.551399 196.382111 -3.590730
v -42.781200 201.216705 -3.340430
v -43.206902 201.216705 -3.340430
v -43.551399 201.216705 -4.400630
v -43.683002 201.216705 -3.995630
v -42.374199 196.326797 -3.995630
v -42.492599 196.326797 -3.631330
v -42.374199 201.272003 -3.995630
v -42.492599 201.272003 -3.631330
v -42.436703 196.382111 -4.400630
v -43.185600 201.272003 -4.585130
v -42.781200 201.216705 -4.650830
v -43.185600 196.326797 -4.585130
v -43.551399 196.382111 -4.400630
v -42.781200 196.382111 -3.340430
v -43.206902 196.382111 -3.340430
v -43.551399 201.216705 -3.590730
v -42.436703 201.216705 -4.400630
v -42.781200 196.382111 -4.650830
v -42.230202 203.299408 -3.000030
v -36.230202 98.299400 -3.000014
v -36.230202 197.299393 -3.000030
v 34.656200 99.846199 -9.459615
v -34.234398 100.267998 -3.734416
v -34.234398 195.330795 -3.734430
v -42.230202 203.299408 -5.000030
v -40.230198 201.299408 -5.000030
v 34.234299 195.330795 -5.654030
v 34.234299 100.267998 -5.654016
v -40.230198 201.299408 -10.000031
v -38.230198 96.299400 -10.000015
v 34.656200 195.752594 -10.025528
v 34.656200 99.846199 -10.025616
v -38.230198 199.299393 -10.000031
v -38.230198 96.299400 -11.000015
v -38.230198 199.299393 -11.000031
v -36.230202 98.299400 -11.500015
v -36.230202 197.299393 -11.500031
v -34.546200 195.638397 -11.006429
v 34.656200 195.752594 -4.573030
v -37.630199 96.899399 -3.000014
v -37.630199 198.699402 -3.000030
v -34.234398 195.330795 -4.058030
v 34.656200 195.752594 -9.459529
v -34.312500 195.408905 -10.534228
v -42.230202 92.299400 -3.000014
v 40.230198 94.299400 -10.000013
v 40.230198 94.299400 -5.000014
v 42.230202 92.299400 -3.000014
v -42.230202 92.299400 -5.000014
v 34.312500 195.408905 -10.534228
v -40.230198 94.299400 -5.000014
v -40.230198 94.299400 -10.000013
v 34.546200 195.638397 -11.006429
v 36.230202 197.299393 -11.500031
v -34.546200 99.960396 -11.006415
v -34.234398 100.267998 -4.058016
v -34.312500 100.189903 -10.534215
v 0.835000 148.634399 -6.894523
v -0.835000 148.634399 -6.894523
v -0.835000 146.964401 -6.894522
v 0.835000 146.964401 -6.894522
v -0.835000 100.267998 -6.894515
v 0.835000 100.267998 -6.894515
v 0.835000 195.330795 -6.894530
v -0.835000 195.330795 -6.894530
v 33.770199 148.634399 -6.894523
v 33.770199 146.964401 -6.894522
v -34.234398 148.634399 -6.894523
v -34.234398 146.964401 -6.894522
v 1.135000 100.267998 -7.250016
v -1.135000 100.267998 -7.250016
v 1.135000 195.330795 -7.250030
v -1.135000 195.330795 -7.250030
v 1.135000 148.934402 -7.250022
v 33.770199 146.664398 -7.250022
v -34.234398 148.934402 -7.250022
v -34.234398 146.664398 -7.250022
v 0.835000 146.964401 -7.605522
v -0.835000 146.964401 -7.605522
v -0.835000 148.634399 -7.605523
v 0.835000 148.634399 -7.605523
v -0.835000 195.330795 -7.605530
v 0.835000 195.330795 -7.605530
v 0.835000 100.267998 -7.605515
v -0.835000 100.267998 -7.605515
v 33.770199 146.964401 -7.605522
v 33.770199 148.634399 -7.605523
v -34.234398 146.964401 -7.605522
v -34.234398 148.634399 -7.605523
v -1.135000 148.934402 -7.250022
v 1.135000 146.664398 -7.250022
v -1.135000 146.664398 -7.250022
v 33.770199 148.934402 -7.250022
v 38.230198 199.299393 -11.000031
v 38.230198 96.299400 -11.000015
v 38.230198 96.299400 -10.000015
v -34.656200 195.752594 -5.139030
v -34.656200 195.752594 -9.459529
v -34.234398 100.267998 -8.944615
v -34.656200 99.846199 -5.139016
v -34.656200 99.846199 -4.573016
v -34.656200 195.752594 -4.573030
v -34.656200 99.846199 -10.025616
v -34.656200 195.752594 -10.025528
v 40.230198 201.299408 -5.000030
v 42.230202 203.299408 -5.000030
v -34.234398 100.267998 -5.654016
v -34.234398 195.330795 -5.654030
v 36.230202 197.299393 -3.000030
v -34.234398 195.330795 -8.944529
v 42.230202 203.299408 -3.000030
v -34.656200 99.846199 -9.459615
v 37.630199 198.699402 -3.000030
v 36.230202 98.299400 -11.500015
v 34.234299 195.330795 -4.058030
v 38.230198 199.299393 -10.000031
v 34.234299 100.267998 -4.058016
v 34.234299 195.330795 -8.944529
v 34.656200 195.752594 -5.139030
v 34.234299 195.330795 -3.734430
v 36.230202 98.299400 -3.000014
v 34.234299 100.267998 -3.734416
v 40.230198 201.299408 -10.000031
v 42.230202 92.299400 -5.000014
v 34.546200 99.960396 -11.006415
v 34.312500 100.189903 -10.534215
v 37.630199 96.899399 -3.000014
v 34.234299 100.267998 -8.944615
v 34.656200 99.846199 -4.573016
v 34.656200 99.846199 -5.139016
v 40.676800 150.539398 -3.000022
v 38.804401 150.539398 -3.000022
v 38.804401 145.059387 -3.000022
v 40.676800 145.059387 -3.000022
v 40.583099 150.265396 -2.574822
v 38.898102 150.265396 -2.574822
v 38.898102 145.333405 -2.574822
v 40.583099 145.333405 -2.574822
v 38.196400 149.228592 -3.000022
v 38.196400 146.370300 -3.000022
v 41.284798 146.370300 -3.000022
v 41.284798 149.228592 -3.000022
v 38.350800 149.085602 -2.574822
v 38.350800 146.513199 -2.574822
v 41.130402 146.513199 -2.574822
v 41.130402 149.085602 -2.574822
v -34.273300 147.799393 -10.770323
v -34.273300 171.584396 -10.770327
v -34.273300 195.369308 -10.770329
v -34.273300 195.369308 -10.770329
v -34.273300 195.369308 -10.770329
v -34.273300 124.014404 -10.770319
v -34.273300 100.229500 -10.770315
v -34.273300 100.229500 -10.770315
v -34.273300 100.229500 -10.770315
v 0.000000 100.229500 -10.770315
v -17.136700 100.229500 -10.770315
v 17.136700 100.229500 -10.770315
v 34.273300 100.229500 -10.770315
v 34.273300 100.229500 -10.770315
v 34.273300 100.229500 -10.770315
v 0.000000 195.369308 -10.770329
v 17.136700 195.369308 -10.770329
v 34.273300 195.369308 -10.770329
v 34.273300 195.369308 -10.770329
v 34.273300 195.369308 -10.770329
v -17.136700 195.369308 -10.770329
v 34.273300 147.799393 -10.770323
v 34.273300 124.014404 -10.770319
v 34.273300 171.584396 -10.770327
v -42.913101 94.331703 -4.310814
v -42.865200 94.331703 -4.290814
v -42.820900 94.331703 -4.263614
v -42.781300 94.331703 -4.229814
v -42.747398 94.331703 -4.190414
v -42.720402 94.331703 -4.146114
v -42.700600 94.331703 -4.098014
v -42.688301 94.331703 -4.047414
v -42.684097 94.331703 -3.995614
v -42.688301 94.331703 -3.943914
v -42.700600 94.331703 -3.893314
v -42.720402 94.331703 -3.845214
v -42.747398 94.331703 -3.800914
v -42.781300 94.331703 -3.761414
v -42.820900 94.331703 -3.727714
v -42.865200 94.331703 -3.700514
v -42.913101 94.331703 -3.680514
v -42.963703 94.331703 -3.668514
v -43.015499 94.331703 -3.664514
v -43.067398 94.331703 -3.668514
v -43.117897 94.331703 -3.680514
v -43.165901 94.331703 -3.700514
v -43.210201 94.331703 -3.727714
v -43.249802 94.331703 -3.761414
v -43.283600 94.331703 -3.800914
v -43.310600 94.331703 -3.845214
v -43.330498 94.331703 -3.893314
v -43.342701 94.331703 -3.943914
v -43.346901 94.331703 -3.995614
v -43.117897 94.331703 -4.310814
v -43.067398 94.331703 -4.322814
v -43.015499 94.331703 -4.326814
v -42.963703 94.331703 -4.322814
v -43.283600 94.331703 -4.190414
v -43.249802 94.331703 -4.229814
v -43.210201 94.331703 -4.263614
v -43.165901 94.331703 -4.290814
v -43.342701 94.331703 -4.047414
v -43.330498 94.331703 -4.098014
v -43.310600 94.331703 -4.146114
v -43.683002 94.441696 -3.995614
v -43.674202 94.441696 -3.888014
v -43.648800 94.441696 -3.782914
v -43.607597 94.441696 -3.682914
v -43.551399 94.441696 -3.590714
v -42.750099 100.276398 -3.340416
v -42.873798 100.276398 -3.315516
v -42.990898 100.276398 -3.307216
v -43.101799 100.276398 -3.315516
v -43.206902 100.276398 -3.340416
v -43.551399 100.276398 -4.400616
v -43.607597 100.276398 -4.308316
v -43.648800 100.276398 -4.208416
v -43.674202 100.276398 -4.103316
v -43.683002 100.276398 -3.995616
v -43.206902 100.276398 -4.650916
v -43.101799 100.276398 -4.675815
v -42.990898 100.276398 -4.684115
v -42.873798 100.276398 -4.675815
v -42.750099 100.276398 -4.650916
v -43.206902 94.441696 -4.650915
v -43.306602 94.441696 -4.609314
v -43.398701 94.441696 -4.552615
v -43.481003 94.441696 -4.482514
v -43.551399 94.441696 -4.400614
v -42.750099 94.441696 -3.340414
v -42.873798 94.441696 -3.315514
v -42.990898 94.441696 -3.307214
v -43.101799 94.441696 -3.315514
v -43.206902 94.441696 -3.340414
v -43.306602 94.441696 -3.382014
v -43.398701 94.441696 -3.438614
v -43.481003 94.441696 -3.508714
v -43.306602 100.276398 -3.382016
v -43.398701 100.276398 -3.438616
v -43.481003 100.276398 -3.508716
v -43.551399 100.276398 -3.590716
v -42.202400 94.441696 -3.565014
v -42.343700 94.441696 -3.498514
v -42.483299 94.441696 -3.436114
v -42.619301 94.441696 -3.382014
v -42.202400 100.276398 -3.565016
v -42.343700 100.276398 -3.498515
v -42.483299 100.276398 -3.436116
v -42.619301 100.276398 -3.382016
v -42.202400 94.441696 -4.426314
v -42.343700 94.441696 -4.492814
v -42.483299 94.441696 -4.555214
v -42.619301 94.441696 -4.609314
v -42.750099 94.441696 -4.650915
v -42.619301 100.276398 -4.609314
v -42.483299 100.276398 -4.555216
v -42.343700 100.276398 -4.492815
v -42.202400 100.276398 -4.426316
v -42.873798 94.441696 -4.675814
v -42.990898 94.441696 -4.684114
v -43.101799 94.441696 -4.675814
v -43.481003 100.276398 -4.482516
v -43.398701 100.276398 -4.552616
v -43.306602 100.276398 -4.609314
v -43.607597 100.276398 -3.682916
v -43.648800 100.276398 -3.782916
v -43.674202 100.276398 -3.888016
v -43.674202 94.441696 -4.103314
v -43.648800 94.441696 -4.208414
v -43.607597 94.441696 -4.308314
v -42.774700 100.570000 -3.474716
v -42.888298 100.570000 -3.454916
v -42.989002 100.570000 -3.448316
v -43.079700 100.570000 -3.454916
v -43.163300 100.570000 -3.474716
v -43.437202 100.570000 -4.317615
v -43.481903 100.570000 -4.244316
v -43.514599 100.570000 -4.164815
v -43.534801 100.570000 -4.081216
v -43.541801 100.570000 -3.995616
v -42.202400 100.570000 -3.653316
v -43.163300 100.570000 -4.516616
v -43.079700 100.570000 -4.536415
v -42.989002 100.570000 -4.543015
v -42.888298 100.570000 -4.536415
v -42.774700 100.570000 -4.516616
v -43.242599 100.570000 -3.507816
v -43.315800 100.570000 -3.552816
v -43.381199 100.570000 -3.608515
v -43.437202 100.570000 -3.673715
v -42.355301 100.570000 -3.600416
v -42.504299 100.570000 -3.550815
v -42.645401 100.570000 -3.507816
v -42.202400 100.570000 -4.338015
v -42.645401 100.570000 -4.483516
v -42.504299 100.570000 -4.440515
v -42.355301 100.570000 -4.390914
v -43.381199 100.570000 -4.382816
v -43.315800 100.570000 -4.438516
v -43.242599 100.570000 -4.483516
v -43.481903 100.570000 -3.747016
v -43.514599 100.570000 -3.826516
v -43.534801 100.570000 -3.910015
v -43.098801 93.751404 -4.252114
v -43.137802 93.751404 -4.235814
v -43.173901 93.751404 -4.213614
v -43.206100 93.751404 -4.186214
v -43.233700 93.751404 -4.154114
v -42.797398 93.751404 -3.837114
v -42.775402 93.751404 -3.873314
v -42.759201 93.751404 -3.912414
v -42.749302 93.751404 -3.953514
v -42.745899 93.751404 -3.995614
v -43.255699 93.751404 -4.118014
v -43.271801 93.751404 -4.078914
v -43.281700 93.751404 -4.037814
v -43.285198 93.751404 -3.995614
v -42.932201 93.751404 -3.739214
v -42.893200 93.751404 -3.755514
v -42.857098 93.751404 -3.777614
v -42.824902 93.751404 -3.805114
v -43.098801 93.751404 -3.739214
v -43.057701 93.751404 -3.729414
v -43.015499 93.751404 -3.726214
v -42.973301 93.751404 -3.729414
v -43.233700 93.751404 -3.837114
v -43.206100 93.751404 -3.805114
v -43.173901 93.751404 -3.777614
v -43.137802 93.751404 -3.755514
v -43.281700 93.751404 -3.953514
v -43.271801 93.751404 -3.912414
v -43.255699 93.751404 -3.873314
v -42.797398 93.751404 -4.154114
v -42.824902 93.751404 -4.186214
v -42.857098 93.751404 -4.213614
v -42.893200 93.751404 -4.235814
v -42.932201 93.751404 -4.252114
v -42.973301 93.751404 -4.261914
v -43.015499 93.751404 -4.265114
v -43.057701 93.751404 -4.261914
v -42.749302 93.751404 -4.037814
v -42.759201 93.751404 -4.078914
v -42.775402 93.751404 -4.118014
v -43.114098 93.933800 -4.299014
v -43.160202 93.933800 -4.279814
v -43.202900 93.933800 -4.253614
v -43.241001 93.933800 -4.221114
v -43.273602 93.933800 -4.183214
v -42.757401 93.933800 -3.808114
v -42.731400 93.933800 -3.850814
v -42.712299 93.933800 -3.897114
v -42.700500 93.933800 -3.945814
v -42.696499 93.933800 -3.995614
v -43.299599 93.933800 -4.140414
v -43.318703 93.933800 -4.094214
v -43.330498 93.933800 -4.045514
v -43.334499 93.933800 -3.995614
v -42.916901 93.933800 -3.692214
v -42.870800 93.933800 -3.711514
v -42.828102 93.933800 -3.737714
v -42.789997 93.933800 -3.770214
v -43.114098 93.933800 -3.692214
v -43.065399 93.933800 -3.680714
v -43.015499 93.933800 -3.676814
v -42.965599 93.933800 -3.680714
v -43.273602 93.933800 -3.808114
v -43.241001 93.933800 -3.770214
v -43.202900 93.933800 -3.737714
v -43.160202 93.933800 -3.711514
v -43.330498 93.933800 -3.945814
v -43.318703 93.933800 -3.897114
v -43.299599 93.933800 -3.850814
v -42.757401 93.933800 -4.183214
v -42.789997 93.933800 -4.221114
v -42.828102 93.933800 -4.253614
v -42.870800 93.933800 -4.279814
v -42.916901 93.933800 -4.299014
v -42.965599 93.933800 -4.310614
v -43.015499 93.933800 -4.314514
v -43.065399 93.933800 -4.310614
v -42.700500 93.933800 -4.045514
v -42.712299 93.933800 -4.094214
v -42.731400 93.933800 -4.140414
v -43.683002 196.382111 -3.995630
v -43.674202 196.382111 -3.888030
v -43.648800 196.382111 -3.782930
v -43.607597 196.382111 -3.682930
v -43.551399 196.382111 -3.590730
v -42.781200 201.216705 -3.340430
v -42.886200 201.216705 -3.315531
v -42.993999 201.216705 -3.307130
v -43.101799 201.216705 -3.315531
v -43.206902 201.216705 -3.340430
v -43.551399 201.216705 -4.400630
v -43.607597 201.216705 -4.308330
v -43.648800 201.216705 -4.208431
v -43.674202 201.216705 -4.103330
v -43.683002 201.216705 -3.995630
v -42.305099 196.382111 -3.995630
v -42.313900 196.382111 -3.888030
v -42.339302 196.382111 -3.782930
v -42.380501 196.382111 -3.682930
v -42.436703 196.382111 -3.590730
v -42.305099 201.216705 -3.995630
v -42.313900 201.216705 -3.888031
v -42.339302 201.216705 -3.782930
v -42.380501 201.216705 -3.682930
v -42.436703 201.216705 -3.590730
v -42.436703 196.382111 -4.400630
v -42.380501 196.382111 -4.308330
v -42.339302 196.382111 -4.208430
v -42.313900 196.382111 -4.103330
v -43.206902 201.216705 -4.650830
v -43.101799 201.216705 -4.675830
v -42.993999 201.216705 -4.684130
v -42.886200 201.216705 -4.675830
v -42.781200 201.216705 -4.650830
v -43.206902 196.382111 -4.650830
v -43.306602 196.382111 -4.609329
v -43.398701 196.382111 -4.552630
v -43.481003 196.382111 -4.482530
v -43.551399 196.382111 -4.400630
v -42.781200 196.382111 -3.340430
v -42.886200 196.382111 -3.315530
v -42.993999 196.382111 -3.307130
v -43.101799 196.382111 -3.315530
v -43.206902 196.382111 -3.340430
v -43.306602 196.382111 -3.382030
v -43.398701 196.382111 -3.438630
v -43.481003 196.382111 -3.508730
v -43.306602 201.216705 -3.382030
v -43.398701 201.216705 -3.438630
v -43.481003 201.216705 -3.508730
v -43.551399 201.216705 -3.590730
v -42.507000 196.382111 -3.508730
v -42.589397 196.382111 -3.438630
v -42.681499 196.382111 -3.382030
v -42.507000 201.216705 -3.508730
v -42.589397 201.216705 -3.438630
v -42.681499 201.216705 -3.382030
v -42.436703 201.216705 -4.400630
v -42.380501 201.216705 -4.308330
v -42.339302 201.216705 -4.208431
v -42.313900 201.216705 -4.103330
v -42.507000 196.382111 -4.482530
v -42.589397 196.382111 -4.552630
v -42.681499 196.382111 -4.609329
v -42.781200 196.382111 -4.650830
v -42.681499 201.216705 -4.609330
v -42.589397 201.216705 -4.552631
v -42.507000 201.216705 -4.482530
v -42.886200 196.382111 -4.675830
v -42.993999 196.382111 -4.684130
v -43.101799 196.382111 -4.675830
v -43.481003 201.216705 -4.482530
v -43.398701 201.216705 -4.552631
v -43.306602 201.216705 -4.609330
v -43.607597 201.216705 -3.682930
v -43.648800 201.216705 -3.782930
v -43.674202 201.216705 -3.888031
v -43.674202 196.382111 -4.103330
v -43.648800 196.382111 -4.208430
v -43.607597 196.382111 -4.308330
v -42.230202 92.299400 -3.000014
v -42.230202 92.299400 -3.000014
v -42.230202 92.299400 -3.000014
v -42.230202 120.049408 -3.000018
v -42.230202 147.799393 -3.000022
v -42.230202 175.549393 -3.000026
v -42.230202 203.299408 -3.000030
v -42.230202 203.299408 -3.000030
v -42.230202 203.299408 -3.000030
v -37.630199 96.899399 -3.000014
v -37.630199 96.899399 -3.000014
v -37.630199 96.899399 -3.000014
v -37.280197 97.249397 -3.000014
v -36.930199 97.599396 -3.000014
v -36.580200 97.949394 -3.000014
v -36.230202 98.299400 -3.000014
v -36.230202 98.299400 -3.000014
v -36.230202 98.299400 -3.000014
v -37.630199 198.699402 -3.000030
v -37.630199 198.699402 -3.000030
v -37.630199 198.699402 -3.000030
v -38.780201 199.849396 -3.000030
v -39.930199 200.999405 -3.000030
v -41.080200 202.149384 -3.000030
v -34.234398 100.267998 -3.734416
v -34.234398 100.267998 -3.734416
v -34.234398 100.267998 -3.734416
v -34.733303 99.775902 -3.550815
v -35.232300 99.283699 -3.367215
v -35.731201 98.791595 -3.183614
v -36.230202 197.299393 -3.000030
v -36.230202 197.299393 -3.000030
v -36.230202 197.299393 -3.000030
v -35.731201 196.807205 -3.183630
v -35.232300 196.315094 -3.367230
v -34.733303 195.822891 -3.550830
v -34.234398 195.330795 -3.734430
v -34.234398 195.330795 -3.734430
v -34.234398 195.330795 -3.734430
v -42.230202 92.299400 -5.000014
v -42.230202 92.299400 -5.000014
v -42.230202 92.299400 -5.000014
v -42.230202 120.049408 -5.000018
v -42.230202 147.799393 -5.000022
v -42.230202 175.549393 -5.000026
v -42.230202 203.299408 -5.000030
v -42.230202 203.299408 -5.000030
v -42.230202 203.299408 -5.000030
v -42.230202 203.299408 -4.500030
v -42.230202 203.299408 -4.000030
v -42.230202 203.299408 -3.500030
v -40.230198 94.299400 -5.000014
v -40.230198 94.299400 -5.000014
v -40.230198 94.299400 -5.000014
v -40.230198 121.049408 -5.000018
v -40.230198 147.799393 -5.000022
v -40.230198 174.549408 -5.000026
v -40.230198 201.299408 -5.000030
v -40.230198 201.299408 -5.000030
v -40.230198 201.299408 -5.000030
v -40.730198 201.799393 -5.000030
v -41.230198 202.299408 -5.000030
v -41.730202 202.799393 -5.000030
v -40.230198 94.299400 -10.000013
v -40.230198 94.299400 -10.000013
v -40.230198 121.049408 -10.000019
v -40.230198 147.799393 -10.000023
v -40.230198 174.549408 -10.000027
v -40.230198 201.299408 -10.000031
v -40.230198 201.299408 -10.000031
v -40.230198 201.299408 -8.750031
v -40.230198 201.299408 -7.500031
v -40.230198 201.299408 -6.250030
v -38.230198 199.299393 -11.000031
v -38.230198 199.299393 -11.000031
v -38.230198 199.299393 -10.750031
v -38.230198 199.299393 -10.500031
v -38.230198 199.299393 -10.250031
v -38.230198 199.299393 -10.000031
v -38.230198 199.299393 -10.000031
v -38.230198 96.299400 -11.000015
v -38.230198 96.299400 -11.000015
v -38.230198 96.299400 -10.750015
v -38.230198 96.299400 -10.500015
v -38.230198 96.299400 -10.250015
v -38.230198 96.299400 -10.000015
v -38.230198 96.299400 -10.000015
v -34.546200 99.960396 -11.006415
v -34.546200 99.960396 -11.006415
v -34.546200 123.879898 -11.006419
v -34.546200 147.799393 -11.006423
v -34.546200 171.718903 -11.006427
v -34.546200 195.638397 -11.006429
v -34.546200 195.638397 -11.006429
v -37.280197 198.349411 -3.000030
v -36.930199 197.999405 -3.000030
v -36.580200 197.649399 -3.000030
v -34.234398 195.330795 -4.058030
v -34.234398 195.330795 -4.058030
v -34.234398 195.330795 -4.058030
v -34.234398 195.330795 -3.977130
v -34.234398 195.330795 -3.896230
v -34.234398 195.330795 -3.815330
v -34.234398 100.267998 -4.058016
v -34.234398 100.267998 -4.058016
v -34.234398 100.267998 -4.058016
v -34.234398 124.033699 -4.058020
v -34.234398 147.799393 -4.058022
v -34.234398 171.565109 -4.058026
v -34.312500 100.189903 -10.534215
v -34.312500 100.189903 -10.534215
v -34.312500 100.189903 -10.534215
v -34.312500 123.994698 -10.534219
v -34.312500 147.799393 -10.534223
v -34.312500 171.604095 -10.534226
v -34.312500 195.408905 -10.534228
v -34.312500 195.408905 -10.534228
v -34.312500 195.408905 -10.534228
v -34.656200 195.752594 -9.459529
v -34.656200 195.752594 -9.459529
v -34.656200 195.752594 -9.459529
v -34.703098 195.799500 -9.599530
v -34.718700 195.815094 -9.742531
v -34.703098 195.799500 -9.885530
v -34.656200 195.752594 -10.025528
v -34.656200 195.752594 -10.025528
v -34.656200 195.752594 -10.025528
v -34.359100 195.453796 -10.887729
v -34.265598 195.362000 -10.652928
v 37.630199 198.699402 -3.000030
v 18.815100 198.699402 -3.000030
v 0.000000 198.699402 -3.000030
v -18.815100 198.699402 -3.000030
v -42.230202 92.299400 -3.500014
v -42.230202 92.299400 -4.000014
v -42.230202 92.299400 -4.500014
v 34.312500 195.408905 -10.534228
v 34.312500 195.408905 -10.534228
v 34.312500 195.408905 -10.534228
v 34.390598 195.487000 -10.413029
v 34.484299 195.580811 -10.288429
v 34.578098 195.674500 -10.159529
v 34.656200 195.752594 -10.025528
v 34.656200 195.752594 -10.025528
v 34.656200 195.752594 -10.025528
v -41.730202 92.799400 -5.000014
v -41.230198 93.299400 -5.000014
v -40.730198 93.799400 -5.000014
v -40.230198 94.299400 -6.250014
v -40.230198 94.299400 -7.500015
v -40.230198 94.299400 -8.750013
v -34.656200 99.846199 -5.139016
v -34.656200 99.846199 -5.139016
v -34.656200 99.846199 -5.139016
v -34.703098 99.799301 -4.999015
v -34.718700 99.783699 -4.856016
v -34.703098 99.799301 -4.713015
v -34.656200 99.846199 -4.573016
v -34.656200 99.846199 -4.573016
v -34.656200 99.846199 -4.573016
v -34.359100 100.144997 -10.887715
v -34.265598 100.236801 -10.652915
v -0.835000 148.634399 -6.894523
v -0.835000 148.634399 -6.894523
v -0.835000 148.634399 -6.894523
v -0.835000 148.634399 -6.894523
v -0.835000 148.216904 -6.894522
v -0.835000 147.799393 -6.894522
v -0.835000 147.381897 -6.894522
v -0.835000 146.964401 -6.894522
v -0.835000 146.964401 -6.894522
v -0.835000 146.964401 -6.894522
v -0.835000 146.964401 -6.894522
v 0.835000 146.964401 -6.894522
v 0.835000 146.964401 -6.894522
v 0.835000 146.964401 -6.894522
v 0.835000 146.964401 -6.894522
v 0.835000 147.381897 -6.894522
v 0.835000 147.799393 -6.894522
v 0.835000 148.216904 -6.894522
v 0.835000 148.634399 -6.894523
v 0.835000 148.634399 -6.894523
v 0.835000 148.634399 -6.894523
v 0.835000 148.634399 -6.894523
v 0.417500 148.634399 -6.894523
v 0.000000 148.634399 -6.894523
v -0.417500 148.634399 -6.894523
v 0.417500 146.964401 -6.894522
v 0.000000 146.964401 -6.894522
v -0.417500 146.964401 -6.894522
v 0.835000 100.267998 -6.894515
v -0.835000 100.267998 -6.894515
v -0.835000 135.290298 -6.894520
v -0.835000 123.616196 -6.894518
v -0.835000 111.942101 -6.894516
v 0.835000 111.942101 -6.894516
v 0.835000 123.616196 -6.894518
v 0.835000 135.290298 -6.894520
v 0.835000 195.330795 -6.894530
v -0.835000 195.330795 -6.894530
v 0.835000 160.308502 -6.894524
v 0.835000 171.982605 -6.894526
v 0.835000 183.656708 -6.894528
v -0.835000 183.656708 -6.894528
v -0.835000 171.982605 -6.894526
v -0.835000 160.308502 -6.894524
v 33.770199 146.964401 -6.894522
v 33.770199 148.634399 -6.894523
v 9.068800 146.964401 -6.894522
v 17.302599 146.964401 -6.894522
v 25.536400 146.964401 -6.894522
v 25.536400 148.634399 -6.894523
v 17.302599 148.634399 -6.894523
v 9.068800 148.634399 -6.894523
v -34.234398 148.634399 -6.894523
v -34.234398 146.964401 -6.894522
v -9.184800 148.634399 -6.894523
v -17.534700 148.634399 -6.894523
v -25.884501 148.634399 -6.894523
v -25.884501 146.964401 -6.894522
v -17.534700 146.964401 -6.894522
v -9.184800 146.964401 -6.894522
v -36.230202 123.049400 -3.000018
v -36.230202 147.799393 -3.000022
v -36.230202 172.549408 -3.000026
v 34.656200 99.846199 -9.459615
v 34.656200 99.846199 -9.459615
v 34.656200 99.846199 -9.459615
v 34.656200 123.822800 -9.459519
v 34.656200 147.799393 -9.459523
v 34.656200 171.776001 -9.459527
v 34.656200 195.752594 -9.459529
v 34.656200 195.752594 -9.459529
v 34.656200 195.752594 -9.459529
v -34.234398 124.033699 -3.734418
v -34.234398 147.799393 -3.734422
v -34.234398 171.565109 -3.734426
v -38.780201 95.749405 -3.000014
v -39.930199 94.599403 -3.000014
v -41.080200 93.449402 -3.000014
v 34.656200 99.846199 -10.025616
v 34.656200 99.846199 -10.025616
v 34.656200 99.846199 -10.025616
v 34.656200 123.822800 -10.025620
v 34.656200 147.799393 -10.025522
v 34.656200 171.776001 -10.025526
v 34.234299 195.330795 -4.058030
v 34.234299 195.330795 -4.058030
v 34.234299 195.330795 -4.058030
v 17.117199 195.330795 -4.058030
v 0.000000 195.330795 -4.058030
v -17.117199 195.330795 -4.058030
v 34.703098 99.799301 -9.599615
v 34.718700 99.783699 -9.742615
v 34.703098 99.799301 -9.885615
v -38.230198 122.049400 -10.000019
v -38.230198 147.799393 -10.000023
v -38.230198 173.549408 -10.000027
v 34.234299 100.267998 -5.654016
v 34.234299 100.267998 -5.654016
v 34.234299 100.267998 -5.654016
v 34.234299 124.033699 -5.654019
v 34.234299 147.799393 -5.654022
v 34.234299 171.565109 -5.654026
v 34.234299 195.330795 -5.654030
v 34.234299 195.330795 -5.654030
v 34.234299 195.330795 -5.654030
v 38.230198 199.299393 -10.000031
v 38.230198 199.299393 -10.000031
v 19.115099 199.299393 -10.000031
v 0.000000 199.299393 -10.000031
v -19.115099 199.299393 -10.000031
v 38.230198 96.299400 -11.000015
v 38.230198 96.299400 -11.000015
v 38.230198 122.049400 -11.000019
v 38.230198 147.799393 -11.000023
v 38.230198 173.549408 -11.000027
v 38.230198 199.299393 -11.000031
v 38.230198 199.299393 -11.000031
v 34.234299 100.267998 -4.058016
v 34.234299 100.267998 -4.058016
v 34.234299 100.267998 -4.058016
v 17.117199 100.267998 -4.058016
v 0.000000 100.267998 -4.058016
v -17.117199 100.267998 -4.058016
v -34.234398 100.267998 -3.815316
v -34.234398 100.267998 -3.896216
v -34.234398 100.267998 -3.977116
v -37.630199 122.349403 -3.000018
v -37.630199 147.799393 -3.000022
v -37.630199 173.249405 -3.000026
v -38.230198 122.049400 -11.000019
v -38.230198 147.799393 -11.000023
v -38.230198 173.549408 -11.000027
v 1.135000 148.934402 -7.250022
v 1.135000 148.934402 -7.250022
v 1.135000 148.934402 -7.250022
v 1.135000 160.533493 -7.250024
v 1.135000 172.132599 -7.250026
v 1.135000 183.731705 -7.250028
v 1.135000 195.330795 -7.250030
v -1.135000 100.267998 -7.250016
v 1.135000 100.267998 -7.250016
v -1.135000 195.330795 -7.250030
v 0.910000 148.709412 -6.983423
v 0.985000 148.784393 -7.072322
v 1.060000 148.859406 -7.161222
v 33.770199 146.664398 -7.250022
v -34.234398 148.934402 -7.250022
v -34.234398 146.664398 -7.250022
v -0.835000 146.964401 -7.605522
v -0.835000 146.964401 -7.605522
v -0.835000 146.964401 -7.605522
v -0.835000 146.964401 -7.605522
v -0.835000 147.381897 -7.605522
v -0.835000 147.799393 -7.605522
v -0.835000 148.216904 -7.605522
v -0.835000 148.634399 -7.605523
v -0.835000 148.634399 -7.605523
v -0.835000 148.634399 -7.605523
v -0.835000 148.634399 -7.605523
v 0.835000 148.634399 -7.605523
v 0.835000 148.634399 -7.605523
v 0.835000 148.634399 -7.605523
v 0.835000 148.634399 -7.605523
v 0.835000 148.216904 -7.605522
v 0.835000 147.799393 -7.605522
v 0.835000 147.381897 -7.605522
v 0.835000 146.964401 -7.605522
v 0.835000 146.964401 -7.605522
v 0.835000 146.964401 -7.605522
v 0.835000 146.964401 -7.605522
v 0.417500 146.964401 -7.605522
v 0.000000 146.964401 -7.605522
v -0.417500 146.964401 -7.605522
v 0.417500 148.634399 -7.605523
v 0.000000 148.634399 -7.605523
v -0.417500 148.634399 -7.605523
v 0.835000 195.330795 -7.605530
v -0.835000 195.330795 -7.605530
v -0.835000 160.308502 -7.605524
v -0.835000 171.982605 -7.605526
v -0.835000 183.656708 -7.605528
v 0.835000 183.656708 -7.605528
v 0.835000 171.982605 -7.605526
v 0.835000 160.308502 -7.605524
v 0.835000 100.267998 -7.605515
v -0.835000 100.267998 -7.605515
v 0.835000 135.290298 -7.605520
v 0.835000 123.616196 -7.605518
v 0.835000 111.942101 -7.605516
v -0.835000 111.942101 -7.605516
v -0.835000 123.616196 -7.605518
v -0.835000 135.290298 -7.605520
v 33.770199 148.634399 -7.605523
v 33.770199 146.964401 -7.605522
v 9.068800 148.634399 -7.605523
v 17.302599 148.634399 -7.605523
v 25.536400 148.634399 -7.605523
v 25.536400 146.964401 -7.605522
v 17.302599 146.964401 -7.605522
v 9.068800 146.964401 -7.605522
v -34.234398 146.964401 -7.605522
v -34.234398 148.634399 -7.605523
v -9.184800 146.964401 -7.605522
v -17.534700 146.964401 -7.605522
v -25.884501 146.964401 -7.605522
v -25.884501 148.634399 -7.605523
v -17.534700 148.634399 -7.605523
v -9.184800 148.634399 -7.605523
v -0.910000 148.709412 -7.516623
v -0.985000 148.784393 -7.427823
v -1.060000 148.859406 -7.338923
v -1.135000 148.934402 -7.250022
v -1.135000 148.934402 -7.250022
v -1.135000 148.934402 -7.250022
v 0.910000 146.889404 -7.516622
v 0.985000 146.814407 -7.427822
v 1.060000 146.739395 -7.338922
v 1.135000 146.664398 -7.250022
v 1.135000 146.664398 -7.250022
v 1.135000 146.664398 -7.250022
v -1.135000 146.664398 -7.250022
v -1.135000 146.664398 -7.250022
v -1.135000 146.664398 -7.250022
v -1.060000 146.739395 -7.338922
v -0.985000 146.814407 -7.427822
v -0.910000 146.889404 -7.516622
v 33.770199 148.934402 -7.250022
v -1.135000 135.065308 -7.250020
v -1.135000 123.466202 -7.250020
v -1.135000 111.867096 -7.250018
v 1.135000 111.867096 -7.250018
v 1.135000 123.466202 -7.250020
v 1.135000 135.065308 -7.250020
v -1.135000 183.731705 -7.250028
v -1.135000 172.132599 -7.250026
v -1.135000 160.533493 -7.250024
v 9.293799 146.664398 -7.250022
v 17.452600 146.664398 -7.250022
v 25.611401 146.664398 -7.250022
v 25.611401 148.934402 -7.250022
v 17.452600 148.934402 -7.250022
v 9.293799 148.934402 -7.250022
v -9.409801 148.934402 -7.250022
v -17.684700 148.934402 -7.250022
v -25.959501 148.934402 -7.250022
v -25.959501 146.664398 -7.250022
v -17.684700 146.664398 -7.250022
v -9.409801 146.664398 -7.250022
v -0.910000 146.889404 -6.983422
v -0.985000 146.814407 -7.072322
v -1.060000 146.739395 -7.161222
v 1.060000 146.739395 -7.161222
v 0.985000 146.814407 -7.072322
v 0.910000 146.889404 -6.983422
v -1.060000 148.859406 -7.161222
v -0.985000 148.784393 -7.072322
v -0.910000 148.709412 -6.983423
v 1.060000 148.859406 -7.338923
v 0.985000 148.784393 -7.427823
v 0.910000 148.709412 -7.516623
v -34.656200 195.752594 -5.139030
v -34.656200 195.752594 -5.139030
v -34.656200 195.752594 -5.139030
v -34.703098 195.799500 -4.999029
v -34.718700 195.815094 -4.856030
v -34.703098 195.799500 -4.713030
v -34.656200 195.752594 -4.573030
v -34.656200 195.752594 -4.573030
v -34.656200 195.752594 -4.573030
v -34.234398 100.267998 -5.654016
v -34.234398 100.267998 -5.654016
v -34.234398 100.267998 -5.654016
v -34.234398 100.267998 -6.476716
v -34.234398 100.267998 -7.299315
v -34.234398 100.267998 -8.121916
v -34.234398 100.267998 -8.944615
v -34.234398 100.267998 -8.944615
v -34.234398 100.267998 -8.944615
v -34.234398 124.033699 -5.654019
v -34.234398 147.799393 -5.654022
v -34.234398 171.565109 -5.654026
v -34.234398 195.330795 -5.654030
v -34.234398 195.330795 -5.654030
v -34.234398 195.330795 -5.654030
v 34.234299 195.330795 -8.944529
v 34.234299 195.330795 -8.944529
v 34.234299 195.330795 -8.944529
v 17.117199 195.330795 -8.944529
v 0.000000 195.330795 -8.944529
v -17.117199 195.330795 -8.944529
v -34.234398 195.330795 -8.944529
v -34.234398 195.330795 -8.944529
v -34.234398 195.330795 -8.944529
v -34.656200 99.846199 -9.459615
v -34.656200 99.846199 -9.459615
v -34.656200 99.846199 -9.459615
v -34.703098 99.799301 -9.599615
v -34.718700 99.783699 -9.742615
v -34.703098 99.799301 -9.885615
v -34.656200 99.846199 -10.025616
v -34.656200 99.846199 -10.025616
v -34.656200 99.846199 -10.025616
v -34.234398 195.330795 -8.121929
v -34.234398 195.330795 -7.299330
v -34.234398 195.330795 -6.476629
v -34.234398 124.033699 -8.944520
v -34.234398 147.799393 -8.944523
v -34.234398 171.565109 -8.944527
v -34.656200 123.822800 -4.573019
v -34.656200 147.799393 -4.573022
v -34.656200 171.776001 -4.573026
v -34.656200 123.822800 -10.025620
v -34.656200 147.799393 -10.025522
v -34.656200 171.776001 -10.025526
v -34.656200 123.822800 -5.139019
v -34.656200 147.799393 -5.139022
v -34.656200 171.776001 -5.139026
v 34.656200 195.752594 -5.139030
v 34.656200 195.752594 -5.139030
v 34.656200 195.752594 -5.139030
v 17.328100 195.752594 -5.139030
v 0.000000 195.752594 -5.139030
v -17.328100 195.752594 -5.139030
v -34.656200 123.822800 -9.459519
v -34.656200 147.799393 -9.459523
v -34.656200 171.776001 -9.459527
v -34.578098 195.674500 -4.439030
v -34.476501 195.572998 -4.309530
v -34.359402 195.455795 -4.183030
v -34.359402 100.143005 -4.183016
v -34.476501 100.025795 -4.309515
v -34.578098 99.924301 -4.439016
v -34.578098 99.924301 -10.159615
v -34.484402 100.017998 -10.288416
v -34.390598 100.111794 -10.413015
v -34.390598 195.487000 -10.413029
v -34.484402 195.580811 -10.288429
v -34.578098 195.674500 -10.159529
v -34.578098 99.924301 -5.273015
v -34.476501 100.025795 -5.402515
v -34.359402 100.143005 -5.529015
v -34.359402 195.455795 -5.529030
v -34.476501 195.572998 -5.402530
v -34.578098 195.674500 -5.273030
v -34.359402 195.455795 -9.069529
v -34.476501 195.572998 -9.196029
v -34.578098 195.674500 -9.325528
v 40.230198 94.299400 -5.000014
v 40.230198 94.299400 -5.000014
v 40.230198 94.299400 -5.000014
v 40.230198 94.299400 -6.250014
v 40.230198 94.299400 -7.500015
v 40.230198 94.299400 -8.750013
v 40.230198 94.299400 -10.000013
v 40.230198 94.299400 -10.000013
v -34.578098 99.924301 -9.325615
v -34.476501 100.025795 -9.196115
v -34.359402 100.143005 -9.069615
v 34.546200 195.638397 -11.006429
v 34.546200 195.638397 -11.006429
v 34.359100 195.453796 -10.887729
v 34.265598 195.362000 -10.652928
v 34.703098 195.799500 -9.599530
v 34.718700 195.815094 -9.742531
v 34.703098 195.799500 -9.885530
v 38.230198 96.299400 -10.750015
v 38.230198 96.299400 -10.500015
v 38.230198 96.299400 -10.250015
v 38.230198 96.299400 -10.000015
v 38.230198 96.299400 -10.000015
v 40.230198 121.049408 -5.000018
v 40.230198 147.799393 -5.000022
v 40.230198 174.549408 -5.000026
v 40.230198 201.299408 -5.000030
v 40.230198 201.299408 -5.000030
v 42.230202 203.299408 -5.000030
v 42.230202 203.299408 -5.000030
v 42.230202 203.299408 -4.500030
v 42.230202 203.299408 -4.000030
v 42.230202 203.299408 -3.500030
v 42.230202 203.299408 -3.000030
v 42.230202 203.299408 -3.000030
v 42.230202 92.299400 -3.000014
v 42.230202 92.299400 -3.000014
v 42.230202 92.299400 -3.000014
v 42.230202 120.049408 -3.000018
v 42.230202 147.799393 -3.000022
v 42.230202 175.549393 -3.000026
v 36.230202 98.299400 -3.000014
v 36.230202 98.299400 -3.000014
v 36.230202 98.299400 -3.000014
v 35.731201 98.791595 -3.183614
v 35.232300 99.283699 -3.367215
v 34.733303 99.775902 -3.550815
v 34.234299 100.267998 -3.734416
v 34.234299 100.267998 -3.734416
v 34.234299 100.267998 -3.734416
v 34.656200 99.846199 -4.573016
v 34.656200 99.846199 -4.573016
v 34.656200 99.846199 -4.573016
v 34.703098 99.799301 -4.713015
v 34.718700 99.783699 -4.856016
v 34.703098 99.799301 -4.999015
v 34.656200 99.846199 -5.139016
v 34.656200 99.846199 -5.139016
v 34.656200 99.846199 -5.139016
v 37.630199 96.899399 -3.000014
v 37.630199 96.899399 -3.000014
v 37.630199 96.899399 -3.000014
v 37.280197 97.249397 -3.000014
v 36.930199 97.599396 -3.000014
v 36.580200 97.949394 -3.000014
v 34.546200 99.960396 -11.006415
v 34.546200 99.960396 -11.006415
v 34.359100 100.144997 -10.887715
v 34.265598 100.236801 -10.652915
v 34.312500 100.189903 -10.534215
v 34.312500 100.189903 -10.534215
v 34.312500 100.189903 -10.534215
v 34.234299 195.330795 -3.734430
v 34.234299 195.330795 -3.734430
v 17.117199 195.330795 -3.734430
v 0.000000 195.330795 -3.734430
v -17.117199 195.330795 -3.734430
v 18.115101 98.299400 -3.000014
v 0.000000 98.299400 -3.000014
v -18.115101 98.299400 -3.000014
v 17.117199 100.267998 -3.734416
v 0.000000 100.267998 -3.734416
v -17.117199 100.267998 -3.734416
v 40.230198 201.299408 -10.000031
v 40.230198 201.299408 -10.000031
v 20.115099 201.299408 -10.000031
v 0.000000 201.299408 -10.000031
v -20.115099 201.299408 -10.000031
v 42.230202 92.299400 -5.000014
v 42.230202 92.299400 -5.000014
v 42.230202 92.299400 -5.000014
v 21.115101 92.299400 -5.000014
v 0.000000 92.299400 -5.000014
v -21.115101 92.299400 -5.000014
v 17.273100 99.960396 -11.006415
v 0.000000 99.960396 -11.006415
v -17.273100 99.960396 -11.006415
v 17.156200 100.189903 -10.534215
v 0.000000 100.189903 -10.534215
v -17.156200 100.189903 -10.534215
v 18.815100 96.899399 -3.000014
v 0.000000 96.899399 -3.000014
v -18.815100 96.899399 -3.000014
v 17.328100 99.846199 -4.573016
v 0.000000 99.846199 -4.573016
v -17.328100 99.846199 -4.573016
v 34.234299 100.267998 -8.944615
v 34.234299 100.267998 -8.944615
v 34.234299 100.267998 -8.944615
v 17.117199 100.267998 -8.944615
v 0.000000 100.267998 -8.944615
v -17.117199 100.267998 -8.944615
v 17.328100 99.846199 -5.139016
v 0.000000 99.846199 -5.139016
v -17.328100 99.846199 -5.139016
v 34.234299 100.267998 -3.815316
v 34.234299 100.267998 -3.896216
v 34.234299 100.267998 -3.977116
v 34.234299 195.330795 -3.815330
v 34.234299 195.330795 -3.896230
v 34.234299 195.330795 -3.977130
v 34.578098 99.924301 -4.439016
v 34.476501 100.025795 -4.309515
v 34.359402 100.143005 -4.183016
v 38.230198 122.049400 -10.000019
v 38.230198 147.799393 -10.000023
v 38.230198 173.549408 -10.000027
v 34.656200 195.752594 -4.573030
v 34.656200 195.752594 -4.573030
v 34.656200 195.752594 -4.573030
v 17.328100 195.752594 -4.573030
v 0.000000 195.752594 -4.573030
v -17.328100 195.752594 -4.573030
v 21.115101 92.299400 -3.000014
v 0.000000 92.299400 -3.000014
v -21.115101 92.299400 -3.000014
v 17.273100 195.638397 -11.006429
v 0.000000 195.638397 -11.006429
v -17.273100 195.638397 -11.006429
v 34.656200 123.822800 -5.139019
v 34.656200 147.799393 -5.139022
v 34.656200 171.776001 -5.139026
v 20.115099 94.299400 -10.000013
v 0.000000 94.299400 -10.000013
v -20.115099 94.299400 -10.000013
v 36.230202 197.299393 -3.000030
v 18.115101 197.299393 -3.000030
v 0.000000 197.299393 -3.000030
v -18.115101 197.299393 -3.000030
v 34.656200 123.822800 -4.573019
v 34.656200 147.799393 -4.573022
v 34.656200 171.776001 -4.573026
v 19.115099 96.299400 -10.000015
v 0.000000 96.299400 -10.000015
v -19.115099 96.299400 -10.000015
v 34.234299 124.033699 -8.944520
v 34.234299 147.799393 -8.944523
v 34.234299 171.565109 -8.944527
v 20.115099 94.299400 -5.000014
v 0.000000 94.299400 -5.000014
v -20.115099 94.299400 -5.000014
v 34.578098 99.924301 -9.325615
v 34.476501 100.025795 -9.196115
v 34.359402 100.143005 -9.069615
v 34.359402 195.455795 -9.069529
v 34.476501 195.572998 -9.196029
v 34.578098 195.674500 -9.325528
v 20.115099 201.299408 -5.000030
v 0.000000 201.299408 -5.000030
v -20.115099 201.299408 -5.000030
v 17.117199 100.267998 -5.654016
v 0.000000 100.267998 -5.654016
v -17.117199 100.267998 -5.654016
v 17.328100 195.752594 -9.459529
v 0.000000 195.752594 -9.459529
v -17.328100 195.752594 -9.459529
v 17.328100 99.846199 -10.025616
v 0.000000 99.846199 -10.025616
v -17.328100 99.846199 -10.025616
v 19.115099 199.299393 -11.000031
v 0.000000 199.299393 -11.000031
v -19.115099 199.299393 -11.000031
v 21.115101 203.299408 -3.000030
v 0.000000 203.299408 -3.000030
v -21.115101 203.299408 -3.000030
v 19.115099 96.299400 -11.000015
v 0.000000 96.299400 -11.000015
v -19.115099 96.299400 -11.000015
v 17.328100 99.846199 -9.459615
v 0.000000 99.846199 -9.459615
v -17.328100 99.846199 -9.459615
v 42.230202 120.049408 -5.000018
v 42.230202 147.799393 -5.000022
v 42.230202 175.549393 -5.000026
v 40.230198 121.049408 -10.000019
v 40.230198 147.799393 -10.000023
v 40.230198 174.549408 -10.000027
v 34.578098 99.924301 -10.159615
v 34.484299 100.017998 -10.288416
v 34.390598 100.111794 -10.413015
v 34.578098 99.924301 -5.273015
v 34.476501 100.025795 -5.402515
v 34.359402 100.143005 -5.529015
v 34.578098 195.674500 -4.439030
v 34.476501 195.572998 -4.309530
v 34.359402 195.455795 -4.183030
v 34.359402 195.455795 -5.529030
v 34.476501 195.572998 -5.402530
v 34.578098 195.674500 -5.273030
v 34.703098 195.799500 -4.999029
v 34.718700 195.815094 -4.856030
v 34.703098 195.799500 -4.713030
v 34.234299 100.267998 -6.476716
v 34.234299 100.267998 -7.299315
v 34.234299 100.267998 -8.121916
v 37.630199 122.349403 -3.000018
v 37.630199 147.799393 -3.000022
v 37.630199 173.249405 -3.000026
v 34.234299 195.330795 -8.121929
v 34.234299 195.330795 -7.299330
v 34.234299 195.330795 -6.476629
v 38.230198 199.299393 -10.750031
v 38.230198 199.299393 -10.500031
v 38.230198 199.299393 -10.250031
v 34.546200 123.879898 -11.006419
v 34.546200 147.799393 -11.006423
v 34.546200 171.718903 -11.006427
v 40.230198 201.299408 -8.750031
v 40.230198 201.299408 -7.500031
v 40.230198 201.299408 -6.250030
v 17.117199 195.330795 -5.654030
v 0.000000 195.330795 -5.654030
v -17.117199 195.330795 -5.654030
v 21.115101 203.299408 -5.000030
v 0.000000 203.299408 -5.000030
v -21.115101 203.299408 -5.000030
v 17.328100 195.752594 -10.025528
v 0.000000 195.752594 -10.025528
v -17.328100 195.752594 -10.025528
v 17.156200 195.408905 -10.534228
v 0.000000 195.408905 -10.534228
v -17.156200 195.408905 -10.534228
v 34.234299 124.033699 -4.058020
v 34.234299 147.799393 -4.058022
v 34.234299 171.565109 -4.058026
v 34.312500 123.994698 -10.534219
v 34.312500 147.799393 -10.534223
v 34.312500 171.604095 -10.534226
v 42.230202 92.299400 -3.500014
v 42.230202 92.299400 -4.000014
v 42.230202 92.299400 -4.500014
v 36.230202 123.049400 -3.000018
v 36.230202 147.799393 -3.000022
v 36.230202 172.549408 -3.000026
v 34.234299 124.033699 -3.734418
v 34.234299 147.799393 -3.734422
v 34.234299 171.565109 -3.734426
v 41.730202 92.799400 -5.000014
v 41.230198 93.299400 -5.000014
v 40.730198 93.799400 -5.000014
v 38.780201 95.749405 -3.000014
v 39.930199 94.599403 -3.000014
v 41.080200 93.449402 -3.000014
v 38.350800 146.513199 -2.574822
v 38.392498 146.052689 -2.574822
v 38.478802 145.716904 -2.574822
v 38.638000 145.484299 -2.574822
v 38.898102 145.333405 -2.574822
v 41.130402 149.085602 -2.574822
v 41.088699 149.546097 -2.574822
v 41.002399 149.881989 -2.574822
v 40.843201 150.114594 -2.574822
v 40.583099 150.265396 -2.574822
v 40.194099 150.355896 -2.574822
v 39.740601 150.386093 -2.574822
v 39.287098 150.355896 -2.574822
v 38.898102 150.265396 -2.574822
v 40.583099 145.333405 -2.574822
v 40.194099 145.242905 -2.574822
v 39.740601 145.212799 -2.574822
v 39.287098 145.242905 -2.574822
v 38.350800 149.085602 -2.574822
v 38.392498 149.546097 -2.574822
v 38.478802 149.881989 -2.574822
v 38.638000 150.114594 -2.574822
v 38.325798 147.119797 -2.574822
v 38.317497 147.799393 -2.574822
v 38.325798 148.479004 -2.574822
v 41.130402 146.513199 -2.574822
v 41.088699 146.052689 -2.574822
v 41.002399 145.716904 -2.574822
v 40.843201 145.484299 -2.574822
v 41.155300 148.479004 -2.574822
v 41.163700 147.799393 -2.574822
v 41.155300 147.119797 -2.574822
vn -1.0000 -0.0000 -0.0000
vn -0.0000 -0.0000 -1.0000
vn 0.8074 -0.0000 -0.5901
vn 0.6835 -0.0000 -0.7300
vn 0.5357 -0.0000 -0.8444
vn 0.8076 -0.0000 -0.5898
vn 0.6309 -0.0000 -0.7758
vn 0.8074 -0.0000 -0.5900
vn 0.9979 -0.0000 -0.0655
vn 0.9880 -0.0000 0.1548
vn 0.9880 -0.0000 0.1544
vn 0.9300 -0.0000 0.3675
vn 0.9849 -0.0000 0.1728
vn 0.9849 -0.0000 0.1729
vn -0.0000 -0.0000 1.0000
vn 0.3453 -0.0000 0.9385
vn 0.3454 -0.0000 0.9385
vn 1.0000 -0.0000 -0.0000
vn 0.2499 -0.0000 -0.9683
vn 0.2737 -0.0000 -0.9618
vn 0.1352 -0.1369 -0.9813
vn 0.0002 -0.0000 -1.0000
vn 0.1252 -0.1268 -0.9840
vn 0.3266 -0.0000 -0.9452
vn 0.3622 -0.0000 -0.9321
vn 0.1586 -0.1605 -0.9742
vn 0.1869 -0.1902 -0.9638
vn 0.1586 0.1605 -0.9742
vn 0.1352 0.1369 -0.9813
vn 0.1869 0.1902 -0.9638
vn 0.1252 0.1268 -0.9840
vn -0.2425 -0.0000 -0.9701
vn -0.1231 -0.1231 -0.9847
vn -0.1231 0.1231 -0.9847
vn -0.0607 0.0609 -0.9963
vn -0.0607 -0.0609 -0.9963
vn 0.7643 -0.0000 0.6448
vn 0.7642 -0.0000 0.6450
vn 0.7640 -0.0000 0.6452
vn 0.7640 -0.0000 0.6453
vn -0.7643 -0.0000 0.6448
vn -0.7642 -0.0000 0.6450
vn -0.7640 -0.0000 0.6453
vn -0.7640 -0.0000 0.6452
vn 0.7643 -0.0000 0.6449
vn -0.0000 -0.7643 0.6449
vn -0.0000 -0.7644 0.6448
vn -0.0000 -0.7643 0.6448
vn -0.0000 -0.7644 0.6447
vn -0.0000 -0.7642 0.6449
vn -0.0000 -0.7642 0.6450
vn -0.0000 -0.7641 0.6451
vn -0.0000 -0.7640 0.6453
vn -0.0000 -0.7639 0.6453
vn -0.0000 0.7643 0.6448
vn -0.0000 0.7644 0.6448
vn -0.0000 0.7643 0.6449
vn -0.0000 0.7644 0.6447
vn -0.0000 0.7641 0.6451
vn -0.0000 0.7642 0.6450
vn -0.0000 0.7640 0.6452
vn -0.0000 0.7642 0.6449
vn -0.0000 0.7638 0.6454
vn -0.0000 0.7639 0.6454
vn -0.0000 0.7639 0.6453
vn -0.0000 -0.7641 0.6452
vn -0.0000 -0.7640 0.6452
vn -0.0000 -0.7645 0.6447
vn -0.7642 -0.0000 -0.6450
vn -0.7643 -0.0000 -0.6448
vn -0.7641 -0.0000 -0.6451
vn 0.7642 -0.0000 -0.6450
vn 0.7643 -0.0000 -0.6448
vn 0.7641 -0.0000 -0.6451
vn 0.7640 -0.0000 -0.6453
vn 0.7640 -0.0000 -0.6452
vn -0.7640 -0.0000 -0.6452
vn -0.7640 -0.0000 -0.6453
vn -0.0000 0.7642 -0.6450
vn -0.0000 0.7643 -0.6449
vn -0.0000 0.7642 -0.6449
vn -0.0000 0.7641 -0.6450
vn -0.0000 0.7641 -0.6451
vn -0.0000 0.7643 -0.6448
vn -0.0000 0.7644 -0.6448
vn -0.0000 -0.7641 -0.6450
vn -0.0000 -0.7641 -0.6451
vn -0.0000 -0.7642 -0.6450
vn -0.0000 -0.7643 -0.6449
vn -0.0000 -0.7640 -0.6452
vn -0.0000 -0.7643 -0.6448
vn -0.0000 -0.7644 -0.6447
vn -0.0000 -0.7642 -0.6449
vn -0.0000 -0.7644 -0.6448
vn -0.0000 0.7644 -0.6447
vn 0.9768 -0.0000 -0.2143
vn 0.9799 -0.0000 -0.1994
vn 0.9484 -0.0000 -0.3172
vn 0.9482 -0.0000 -0.3176
vn 0.9768 -0.0000 0.2143
vn 0.9484 -0.0000 0.3172
vn 0.9482 -0.0000 0.3176
vn 0.9799 -0.0000 0.1994
vn 0.9768 -0.0000 -0.2142
vn 0.9483 -0.0000 -0.3174
vn -0.9768 -0.0000 -0.2142
vn -0.9768 -0.0000 -0.2143
vn -0.9483 -0.0000 -0.3174
vn -0.9482 -0.0000 -0.3176
vn -0.9799 -0.0000 -0.1994
vn -0.9768 -0.0000 0.2143
vn -0.9482 -0.0000 0.3176
vn -0.9799 -0.0000 0.1994
vn 0.7609 -0.0000 -0.6488
vn 0.8273 -0.0000 -0.5617
vn 0.8640 -0.0000 -0.5036
vn 0.7707 -0.0000 -0.6372
vn 0.8400 -0.0000 -0.5426
vn 0.7206 -0.0000 -0.6933
vn 0.7071 -0.0000 -0.7071
vn 0.7258 -0.0000 -0.6879
vn 0.8039 -0.0000 0.5947
vn 0.8375 -0.0000 0.5465
vn 0.8372 -0.0000 0.5469
vn 0.8640 -0.0000 0.5036
vn 0.8056 -0.0000 0.5924
vn 0.8463 -0.0000 0.5327
vn 0.8038 -0.0000 0.5949
vn 0.8374 0.0003 0.5465
vn 0.8055 -0.0000 0.5926
vn 0.8463 -0.0000 0.5328
vn 0.8203 -0.0000 0.5719
vn 0.8406 -0.0000 0.5417
vn 0.8134 -0.0000 0.5816
vn 0.7609 -0.0000 0.6488
vn 0.8273 -0.0000 0.5617
vn 0.7707 -0.0000 0.6372
vn 0.8400 -0.0000 0.5426
vn 0.7206 -0.0000 0.6933
vn 0.7071 -0.0000 0.7071
vn 0.7258 -0.0000 0.6879
vn -0.0000 -1.0000 -0.0000
vn -0.0000 0.8116 -0.5842
vn -0.0000 0.6883 -0.7254
vn -0.0000 0.5408 -0.8411
vn -0.0000 0.6351 -0.7725
vn -0.0000 0.6351 -0.7724
vn -0.0000 0.9981 -0.0620
vn -0.0000 0.9877 0.1564
vn -0.0000 0.9877 0.1565
vn -0.0000 0.9300 0.3675
vn -0.0000 0.9981 -0.0621
vn -0.0000 0.9847 0.1741
vn -0.0000 0.9877 0.1561
vn -0.0000 0.7609 -0.6488
vn -0.0000 0.8275 -0.5615
vn -0.0000 0.7610 -0.6488
vn -0.0000 0.8640 -0.5035
vn -0.0000 0.7708 -0.6371
vn -0.0000 0.8398 -0.5429
vn -0.0000 0.8640 -0.5036
vn -0.0000 0.8274 -0.5615
vn -0.0000 0.8639 -0.5036
vn -0.0000 0.8398 -0.5428
vn -0.0000 0.7204 -0.6935
vn -0.0000 0.7205 -0.6935
vn -0.0000 0.7071 -0.7071
vn -0.0000 0.7256 -0.6881
vn -0.0000 0.3495 0.9369
vn -0.0000 0.3496 0.9369
vn -0.0000 1.0000 -0.0000
vn -0.0000 0.9768 0.2143
vn -0.0000 0.9799 0.1995
vn -0.0000 0.9768 0.2142
vn -0.0000 0.9482 0.3176
vn -0.0000 0.9482 0.3177
vn -0.0000 0.9768 -0.2143
vn -0.0000 0.9768 -0.2142
vn -0.0000 0.9482 -0.3176
vn -0.0000 0.9799 -0.1995
vn -0.0000 0.9483 -0.3172
vn -0.0000 0.9482 -0.3177
vn -0.0000 0.2531 -0.9674
vn -0.0000 0.2772 -0.9608
vn -0.0000 0.0019 -1.0000
vn -0.0000 0.3307 -0.9437
vn -0.0000 0.3666 -0.9304
vn -0.1586 0.1605 -0.9742
vn -0.1352 0.1369 -0.9813
vn -0.1869 0.1902 -0.9638
vn -0.1252 0.1268 -0.9840
vn -0.0000 -0.9768 0.2142
vn -0.0000 -0.9799 0.1995
vn -0.0000 -0.9768 0.2143
vn -0.0000 -0.9482 0.3176
vn -0.0000 -0.9482 0.3178
vn -0.0000 -0.9768 -0.2142
vn -0.0000 -0.9768 -0.2143
vn -0.0000 -0.9482 -0.3176
vn -0.0000 -0.9482 -0.3178
vn -0.0000 -0.9799 -0.1995
vn -0.0000 -0.9799 -0.1994
vn -0.0000 -0.9482 -0.3177
vn -0.0000 -0.9482 0.3177
vn -0.0000 -0.9799 0.1994
vn -0.8273 -0.0000 -0.5617
vn -0.7608 -0.0000 -0.6490
vn -0.7609 -0.0000 -0.6488
vn -0.7707 -0.0000 -0.6372
vn -0.8640 -0.0000 -0.5036
vn -0.8400 -0.0000 -0.5426
vn -0.7205 -0.0000 -0.6935
vn -0.7071 -0.0000 -0.7071
vn -0.7068 -0.0000 -0.7074
vn -0.7257 -0.0000 -0.6880
vn -0.0000 -0.8039 0.5947
vn -0.0000 -0.8373 0.5468
vn -0.0000 -0.8040 0.5947
vn -0.0000 -0.8372 0.5468
vn -0.0000 -0.8640 0.5035
vn -0.0000 -0.8057 0.5924
vn -0.0000 -0.8464 0.5326
vn 0.0006 -0.8376 0.5463
vn -0.0000 -0.8639 0.5036
vn -0.0000 -0.8203 0.5720
vn -0.0000 -0.8203 0.5719
vn -0.0000 -0.8406 0.5417
vn -0.0000 -0.8134 0.5817
vn -0.0000 -0.8406 0.5416
vn -0.0000 -0.8134 0.5816
vn -0.0000 -0.7609 -0.6488
vn -0.0000 -0.8275 -0.5615
vn -0.0000 -0.7610 -0.6488
vn -0.0000 -0.8640 -0.5035
vn -0.0000 -0.7708 -0.6371
vn -0.0000 -0.8401 -0.5424
vn -0.0000 -0.8639 -0.5036
vn -0.0000 -0.8399 -0.5428
vn -0.0000 -0.7205 -0.6935
vn -0.0000 -0.7204 -0.6935
vn -0.0000 -0.7071 -0.7071
vn -0.0000 -0.7256 -0.6881
vn -0.2737 -0.0000 -0.9618
vn -0.2499 -0.0000 -0.9683
vn -0.0002 -0.0000 -1.0000
vn -0.1352 -0.1369 -0.9813
vn -0.1252 -0.1268 -0.9840
vn -0.3266 -0.0000 -0.9452
vn -0.3622 -0.0000 -0.9321
vn -0.1586 -0.1605 -0.9742
vn -0.1869 -0.1902 -0.9638
vn -0.0000 -0.8117 -0.5841
vn -0.0000 -0.6883 -0.7254
vn -0.0000 -0.8116 -0.5842
vn -0.0000 -0.6884 -0.7254
vn -0.0000 -0.5409 -0.8411
vn -0.0000 -0.8117 -0.5840
vn -0.0000 -0.6351 -0.7724
vn -0.0000 -0.5408 -0.8411
vn -0.0000 -0.9981 -0.0623
vn -0.0000 -0.9877 0.1564
vn -0.0000 -0.9300 0.3675
vn -0.0000 -0.9981 -0.0621
vn -0.0000 -0.9848 0.1738
vn -0.0000 -0.9847 0.1742
vn -0.0000 -0.9981 -0.0620
vn -0.0000 -0.7609 0.6488
vn -0.0000 -0.8275 0.5615
vn -0.0000 -0.7610 0.6488
vn -0.0000 -0.7708 0.6371
vn -0.0000 -0.8400 0.5427
vn -0.0000 -0.8401 0.5424
vn -0.0000 -0.7205 0.6935
vn -0.0000 -0.7204 0.6935
vn -0.0000 -0.7071 0.7071
vn -0.0000 -0.7256 0.6881
vn -0.6835 -0.0000 -0.7300
vn -0.8074 -0.0000 -0.5900
vn -0.8074 -0.0000 -0.5901
vn -0.5357 -0.0000 -0.8444
vn -0.6309 -0.0000 -0.7758
vn -0.9979 -0.0000 -0.0655
vn -0.9880 -0.0000 0.1544
vn -0.9880 -0.0000 0.1543
vn -0.9300 -0.0000 0.3675
vn -0.9849 -0.0000 0.1729
vn -0.9880 -0.0000 0.1548
vn -0.9978 -0.0000 -0.0659
vn -0.9484 -0.0000 -0.3172
vn -0.0000 0.8401 -0.5425
vn -0.0000 -0.3495 0.9369
vn -0.1781 -0.1803 0.9673
vn -0.1781 -0.1803 0.9674
vn -0.0000 -0.3496 0.9369
vn -0.1776 -0.1808 0.9673
vn -0.8273 -0.0000 0.5617
vn -0.7608 -0.0000 0.6490
vn -0.7609 -0.0000 0.6488
vn -0.7707 -0.0000 0.6372
vn -0.8640 -0.0000 0.5036
vn -0.8400 -0.0000 0.5426
vn -0.7205 -0.0000 0.6935
vn -0.7071 -0.0000 0.7071
vn -0.7068 -0.0000 0.7074
vn -0.7257 -0.0000 0.6880
vn 0.2425 -0.0000 -0.9701
vn 0.1231 -0.1231 -0.9847
vn 0.0607 -0.0609 -0.9963
vn 0.1231 0.1231 -0.9847
vn 0.0607 0.0608 -0.9963
vn -0.0000 -0.9481 0.3178
vn -0.0000 -0.9483 0.3173
vn -0.8373 -0.0000 0.5467
vn -0.8039 -0.0000 0.5947
vn -0.8375 -0.0000 0.5465
vn -0.8055 -0.0000 0.5926
vn -0.8462 -0.0000 0.5328
vn -0.8203 -0.0000 0.5719
vn -0.8205 -0.0000 0.5717
vn -0.8406 -0.0000 0.5417
vn -0.8137 -0.0000 0.5814
vn -0.8204 -0.0000 0.5717
vn -0.8038 -0.0000 0.5949
vn -0.8136 -0.0000 0.5814
vn -0.8054 -0.0000 0.5928
vn -0.8372 -0.0000 0.5468
vn -0.8462 -0.0000 0.5329
vn -0.3453 -0.0000 0.9385
vn -0.0000 0.2425 -0.9701
vn -0.0000 -0.0019 -1.0000
vn -0.0000 -0.2531 -0.9674
vn -0.0000 -0.2772 -0.9608
vn -0.0000 -0.3307 -0.9437
vn -0.0000 -0.3666 -0.9304
vn -0.0000 -0.2425 -0.9701
vn -0.0000 0.9484 -0.3171
vn -0.0000 0.8038 0.5949
vn -0.0000 0.8374 0.5466
vn -0.0000 0.8640 0.5035
vn -0.0000 0.8055 0.5926
vn -0.0000 0.8463 0.5328
vn -0.0000 0.8639 0.5036
vn -0.0000 0.8462 0.5328
vn -0.0000 0.8203 0.5719
vn -0.0000 0.8406 0.5417
vn -0.0000 0.8134 0.5816
vn -0.0000 0.8134 0.5817
vn -0.0000 0.7609 0.6488
vn -0.0000 0.8275 0.5615
vn -0.0000 0.7610 0.6488
vn -0.0000 0.8274 0.5615
vn -0.0000 0.7708 0.6371
vn -0.0000 0.8401 0.5425
vn -0.0000 0.8274 0.5616
vn -0.0000 0.7705 0.6375
vn -0.0000 0.8398 0.5429
vn -0.0000 0.7204 0.6935
vn -0.0000 0.7205 0.6935
vn -0.0000 0.7071 0.7071
vn -0.0000 0.7072 0.7071
vn -0.0000 0.7256 0.6881
vn -0.0000 -0.8640 -0.5036
vn 0.8085 0.3623 0.4638
vn 0.9073 0.1558 0.3907
vn 0.8084 0.3624 0.4637
vn 0.9021 0.1718 0.3959
vn 0.7907 0.3892 0.4726
vn 0.9072 0.1558 0.3908
vn 0.9314 0.0612 0.3588
vn 0.9307 0.0653 0.3599
vn 0.5762 0.6151 0.5381
vn 0.5762 0.6152 0.5381
vn 0.3047 0.7686 0.5625
vn 0.5589 0.6283 0.5411
vn 0.3047 0.7687 0.5624
vn 0.5761 0.6152 0.5382
vn 0.8084 0.3625 0.4637
vn 0.5908 0.6038 0.5352
vn 0.8238 0.3379 0.4551
vn 0.3046 0.7686 0.5625
vn 0.3065 0.7679 0.5624
vn 0.9072 0.1557 0.3907
vn 0.9119 0.1403 0.3857
vn 0.1215 0.8187 0.5613
vn -0.0000 0.8284 0.5602
vn -0.0000 0.8284 0.5601
vn 0.1216 0.8186 0.5614
vn 0.1223 0.8185 0.5613
vn -0.1215 0.8187 0.5613
vn -0.1216 0.8186 0.5613
vn -0.3047 0.7687 0.5624
vn -0.1223 0.8185 0.5613
vn -0.1215 0.8187 0.5612
vn -0.0000 0.8287 0.5598
vn -0.1209 0.8188 0.5612
vn -0.0000 0.8288 0.5596
vn -0.3047 0.7686 0.5626
vn -0.3064 0.7678 0.5626
vn 0.1216 0.8187 0.5612
vn 0.1209 0.8187 0.5613
vn -0.1215 -0.8186 0.5613
vn -0.0000 -0.8286 0.5599
vn -0.0000 -0.8285 0.5600
vn -0.1215 -0.8187 0.5613
vn -0.0000 -0.8287 0.5597
vn -0.3047 -0.7686 0.5624
vn -0.3047 -0.7687 0.5624
vn -0.1222 -0.8186 0.5613
vn 0.1215 -0.8187 0.5612
vn 0.3047 -0.7686 0.5625
vn 0.1225 -0.8183 0.5616
vn 0.3047 -0.7687 0.5624
vn 0.1216 -0.8187 0.5611
vn 0.1210 -0.8189 0.5611
vn -0.0000 -0.8283 0.5603
vn 0.3047 -0.7686 0.5626
vn 0.3066 -0.7679 0.5624
vn -0.1215 -0.8187 0.5612
vn -0.3048 -0.7686 0.5625
vn -0.1209 -0.8188 0.5612
vn -0.3066 -0.7678 0.5625
vn -0.8084 -0.3624 0.4639
vn -0.9072 -0.1558 0.3907
vn -0.8084 -0.3624 0.4638
vn -0.9021 -0.1718 0.3958
vn -0.7907 -0.3892 0.4726
vn -0.9072 -0.1557 0.3908
vn -0.9314 -0.0612 0.3588
vn -0.9307 -0.0653 0.3599
vn -0.5762 -0.6150 0.5383
vn -0.5762 -0.6152 0.5381
vn -0.5590 -0.6284 0.5410
vn -0.5761 -0.6151 0.5382
vn -0.8084 -0.3625 0.4638
vn -0.5908 -0.6037 0.5353
vn -0.8237 -0.3379 0.4553
vn -0.9073 -0.1558 0.3907
vn -0.9119 -0.1403 0.3857
vn 0.5762 -0.6150 0.5383
vn 0.8084 -0.3624 0.4638
vn 0.8084 -0.3624 0.4639
vn 0.5762 -0.6152 0.5381
vn 0.7907 -0.3892 0.4726
vn 0.5590 -0.6284 0.5410
vn 0.9072 -0.1558 0.3907
vn 0.9072 -0.1557 0.3908
vn 0.9314 -0.0612 0.3588
vn 0.9021 -0.1718 0.3958
vn 0.9307 -0.0653 0.3598
vn 0.8084 -0.3625 0.4638
vn 0.9073 -0.1558 0.3907
vn 0.8237 -0.3379 0.4553
vn 0.9119 -0.1403 0.3857
vn 0.5761 -0.6152 0.5382
vn 0.5908 -0.6037 0.5352
vn 0.9362 -0.0250 0.3506
vn 0.9372 -0.0000 0.3487
vn 0.9374 -0.0000 0.3483
vn 0.9362 -0.0250 0.3505
vn 0.9374 -0.0000 0.3484
vn 0.9361 -0.0263 0.3507
vn 0.9362 0.0250 0.3506
vn 0.9361 0.0263 0.3507
vn 0.9363 0.0236 0.3503
vn 0.9321 0.0571 0.3577
vn 0.9363 -0.0236 0.3503
vn 0.9321 -0.0571 0.3576
vn -0.5762 0.6151 0.5382
vn -0.8084 0.3624 0.4637
vn -0.8085 0.3623 0.4638
vn -0.5762 0.6152 0.5381
vn -0.7907 0.3892 0.4726
vn -0.5589 0.6283 0.5412
vn -0.9073 0.1558 0.3907
vn -0.9072 0.1558 0.3908
vn -0.9314 0.0612 0.3588
vn -0.9314 0.0612 0.3587
vn -0.9021 0.1718 0.3958
vn -0.9307 0.0653 0.3599
vn -0.8085 0.3625 0.4637
vn -0.9073 0.1557 0.3907
vn -0.8238 0.3379 0.4551
vn -0.9314 0.0613 0.3588
vn -0.9119 0.1403 0.3857
vn -0.5761 0.6152 0.5382
vn -0.5907 0.6038 0.5352
vn -0.9363 0.0250 0.3502
vn -0.9373 -0.0000 0.3486
vn -0.9372 -0.0000 0.3487
vn -0.9374 -0.0000 0.3483
vn -0.9361 0.0263 0.3508
vn -0.9363 -0.0250 0.3502
vn -0.9361 -0.0263 0.3508
vn -0.9362 -0.0250 0.3505
vn -0.9363 -0.0236 0.3503
vn -0.9321 -0.0572 0.3577
vn -0.9362 0.0250 0.3505
vn -0.9363 0.0236 0.3503
vn -0.9321 0.0572 0.3577
vn 0.7056 0.0249 0.7081
vn 0.5865 0.0648 0.8073
vn 0.5872 0.0249 0.8091
vn 0.7027 0.0916 0.7055
vn 0.5852 0.0912 0.8057
vn 0.8090 0.0249 0.5873
vn 0.7048 0.0643 0.7065
vn 0.8058 0.0914 0.5851
vn 0.4544 0.0648 0.8884
vn 0.4556 0.0249 0.8899
vn 0.3082 0.0649 0.9491
vn 0.3089 0.0249 0.9508
vn 0.3077 0.0916 0.9471
vn 0.4557 0.0057 0.8901
vn 0.5879 0.0058 0.8089
vn 0.5880 -0.0000 0.8089
vn 0.3089 0.0059 0.9511
vn 0.4553 -0.0000 0.8904
vn 0.7058 0.0059 0.7084
vn 0.7056 -0.0000 0.7086
vn 0.8091 0.0057 0.5877
vn -0.9508 0.0246 -0.3089
vn -0.9853 0.0646 -0.1581
vn -0.9490 0.0648 -0.3084
vn -0.9471 0.0913 -0.3077
vn -0.9997 0.0251 0.0001
vn -0.9871 0.0247 -0.1581
vn -0.9979 0.0645 -0.0000
vn -0.9833 0.0912 -0.1576
vn -0.8917 0.0249 -0.4520
vn -0.8075 0.0646 -0.5864
vn -0.8088 0.0249 -0.5876
vn -0.8902 0.0645 -0.4510
vn -0.8883 0.0910 -0.4502
vn -0.9510 0.0058 -0.3093
vn -0.8921 0.0058 -0.4519
vn -0.9510 -0.0000 -0.3093
vn -0.8090 0.0056 -0.5877
vn -0.8921 -0.0000 -0.4519
vn -0.9873 0.0058 -0.1589
vn -0.9873 -0.0000 -0.1586
vn -1.0000 0.0060 -0.0001
vn 0.9506 0.0249 0.3094
vn 0.9853 0.0647 0.1582
vn 0.9489 0.0647 0.3087
vn 0.9833 0.0914 0.1574
vn 0.9470 0.0915 0.3079
vn 0.9871 0.0249 0.1582
vn 0.9979 0.0648 -0.0001
vn 0.8900 0.0647 0.4513
vn 0.8916 0.0250 0.4522
vn 0.8075 0.0646 0.5863
vn 0.9510 0.0059 0.3093
vn 0.8917 0.0058 0.4527
vn 0.9510 -0.0000 0.3093
vn 0.8918 -0.0000 0.4524
vn 0.9874 0.0059 0.1581
vn 0.9997 0.0250 -0.0000
vn 0.9874 -0.0000 0.1581
vn 1.0000 0.0059 -0.0000
vn -0.5873 0.0249 -0.8090
vn -0.7041 0.0648 -0.7071
vn -0.5864 0.0647 -0.8074
vn -0.5852 0.0912 -0.8058
vn -0.7054 0.0249 -0.7083
vn -0.8055 0.0911 -0.5855
vn -0.7027 0.0915 -0.7056
vn -0.4553 0.0247 -0.8900
vn -0.3083 0.0644 -0.9491
vn -0.3090 0.0248 -0.9507
vn -0.4540 0.0911 -0.8863
vn -0.4548 0.0648 -0.8882
vn -0.5880 0.0057 -0.8088
vn -0.4556 0.0057 -0.8902
vn -0.5880 -0.0000 -0.8089
vn -0.3091 0.0058 -0.9510
vn -0.4556 -0.0000 -0.8902
vn -0.7056 0.0056 -0.7086
vn -0.7056 -0.0000 -0.7086
vn -0.0000 0.0248 -0.9997
vn -0.1544 0.0646 -0.9859
vn -0.0000 0.0646 -0.9979
vn -0.1537 0.0912 -0.9839
vn -0.0000 0.0912 -0.9958
vn -0.1549 0.0250 -0.9876
vn -0.3079 0.0910 -0.9471
vn 0.1544 0.0646 -0.9859
vn 0.1550 0.0249 -0.9876
vn 0.3089 0.0249 -0.9508
vn 0.1537 0.0912 -0.9839
vn 0.3078 0.0909 -0.9471
vn 0.3083 0.0644 -0.9491
vn -0.0001 0.0056 -1.0000
vn 0.1546 0.0057 -0.9880
vn -0.0001 -0.0000 -1.0000
vn 0.3089 0.0059 -0.9511
vn 0.1545 -0.0000 -0.9880
vn -0.1543 0.0056 -0.9880
vn -0.1543 -0.0000 -0.9880
vn 0.5872 0.0249 -0.8091
vn 0.4545 0.0648 -0.8884
vn 0.5865 0.0647 -0.8074
vn 0.5857 0.0910 -0.8054
vn 0.4553 0.0249 -0.8900
vn 0.4544 0.0912 -0.8861
vn 0.7055 0.0249 -0.7083
vn 0.7042 0.0645 -0.7070
vn 0.8089 0.0248 -0.5875
vn 0.7023 0.0916 -0.7060
vn 0.8057 0.0915 -0.5852
vn 0.8079 0.0646 -0.5858
vn 0.5879 0.0057 -0.8089
vn 0.7061 0.0054 -0.7081
vn 0.5880 -0.0000 -0.8089
vn 0.8093 0.0049 -0.5874
vn 0.7057 -0.0000 -0.7086
vn 0.4557 0.0057 -0.8901
vn 0.4553 -0.0000 -0.8904
vn 0.9506 0.0249 -0.3094
vn 0.8899 0.0646 -0.4515
vn 0.9489 0.0648 -0.3089
vn 0.9471 0.0913 -0.3078
vn 0.8916 0.0250 -0.4522
vn 0.8883 0.0910 -0.4501
vn 0.9853 0.0648 -0.1581
vn 0.9870 0.0248 -0.1586
vn 0.9832 0.0912 -0.1581
vn 0.9874 0.0058 -0.1582
vn 0.9510 0.0059 -0.3093
vn 0.9510 -0.0000 -0.3093
vn 0.9874 -0.0000 -0.1582
vn 0.8917 0.0058 -0.4527
vn 0.8919 -0.0000 -0.4523
vn -0.4553 0.0247 0.8900
vn -0.5870 0.0647 0.8070
vn -0.5875 0.0249 0.8088
vn -0.4538 0.0912 0.8864
vn -0.5854 0.0909 0.8056
vn -0.3082 0.0649 0.9491
vn -0.4548 0.0649 0.8882
vn -0.3077 0.0916 0.9470
vn -0.7042 0.0647 0.7070
vn -0.7055 0.0249 0.7083
vn -0.8089 0.0249 0.5874
vn -0.8056 0.0910 0.5854
vn -0.8071 0.0646 0.5869
vn -0.7056 0.0060 0.7086
vn -0.5880 0.0057 0.8088
vn -0.5880 -0.0000 0.8089
vn -0.8087 0.0061 0.5882
vn -0.7057 -0.0000 0.7085
vn -0.4556 0.0057 0.8902
vn -0.3090 0.0248 0.9507
vn -0.4556 -0.0000 0.8902
vn -0.3091 0.0058 0.9510
vn -0.0000 0.0248 0.9997
vn 0.1543 0.0647 0.9859
vn -0.0000 0.0646 0.9979
vn 0.1541 0.0911 0.9838
vn -0.0000 0.0912 0.9958
vn 0.1549 0.0254 0.9876
vn -0.1546 0.0647 0.9859
vn -0.1549 0.0250 0.9876
vn -0.1543 0.0911 0.9838
vn -0.1543 0.0056 0.9880
vn -0.0001 0.0056 1.0000
vn -0.0001 -0.0000 1.0000
vn -0.1543 -0.0000 0.9880
vn 0.1546 0.0057 0.9880
vn 0.1545 -0.0000 0.9880
vn -0.9508 0.0248 0.3089
vn -0.8903 0.0647 0.4508
vn -0.9490 0.0648 0.3086
vn -0.9471 0.0911 0.3077
vn -0.8916 0.0248 0.4521
vn -0.8881 0.0918 0.4505
vn -0.9853 0.0646 0.1582
vn -0.9872 0.0249 0.1576
vn -0.9833 0.0910 0.1577
vn -0.9873 0.0057 0.1586
vn -0.9511 0.0056 0.3090
vn -0.9510 -0.0000 0.3093
vn -0.9873 -0.0000 0.1587
vn -0.8921 0.0058 0.4519
vn -0.8921 -0.0000 0.4519
vn 0.3889 -0.0000 0.9213
vn 0.3366 -0.0000 0.9417
vn 0.2506 -0.0000 0.9681
vn 0.4170 -0.0000 0.9089
vn 0.4258 -0.0000 0.9048
vn -0.0020 -0.0000 1.0000
vn -0.1535 -0.0000 0.9881
vn -0.1531 -0.0000 0.9882
vn -0.3088 -0.0000 0.9511
vn -0.1534 -0.0000 0.9882
vn 0.1343 -0.0000 0.9909
vn -0.5878 -0.0000 0.8090
vn -0.8090 -0.0000 0.5879
vn -0.8090 -0.0000 0.5878
vn -0.4557 -0.0000 0.8901
vn 0.3889 -0.0000 -0.9213
vn 0.4170 -0.0000 -0.9089
vn 0.4263 -0.0000 -0.9046
vn 0.4261 -0.0000 -0.9047
vn 0.4258 -0.0000 -0.9048
vn 0.3366 -0.0000 -0.9417
vn 0.2506 -0.0000 -0.9681
vn -0.0020 -0.0000 -1.0000
vn 0.1343 -0.0000 -0.9909
vn -0.1530 -0.0000 -0.9882
vn -0.1531 -0.0000 -0.9882
vn -0.3088 -0.0000 -0.9511
vn -0.5881 -0.0000 -0.8088
vn -0.4561 -0.0000 -0.8899
vn -0.5878 -0.0000 -0.8090
vn -0.5877 -0.0000 -0.8091
vn -0.7055 -0.0000 -0.7087
vn -0.8089 -0.0000 -0.5879
vn -0.9511 -0.0000 0.3089
vn -0.9874 -0.0000 0.1584
vn -0.8920 -0.0000 0.4521
vn -0.9511 -0.0000 -0.3090
vn -0.8918 -0.0000 -0.4523
vn -0.8920 -0.0000 -0.4520
vn -0.9873 -0.0000 -0.1587
vn -0.9874 -0.0000 -0.1583
vn -0.1380 0.4332 0.8906
vn -0.0020 0.4328 0.9015
vn -0.0022 0.4331 0.9013
vn -0.1382 0.4332 0.8906
vn -0.0019 0.4327 0.9015
vn -0.2786 0.4331 0.8572
vn -0.2786 0.4336 0.8570
vn -0.1382 0.4329 0.8908
vn 0.1190 0.4301 0.8949
vn 0.1156 0.4301 0.8953
vn 0.2202 0.4203 0.8803
vn 0.2109 0.4200 0.8827
vn 0.1205 0.4303 0.8946
vn 0.2247 0.4223 0.8782
vn -0.0025 0.4332 0.9013
vn 0.1118 0.4300 0.8959
vn -0.0028 0.4327 0.9015
vn 0.2014 0.4202 0.8848
vn 0.1096 0.4291 0.8966
vn -0.1375 0.4334 0.8907
vn -0.2784 0.4332 0.8572
vn -0.1371 0.4336 0.8906
vn -0.2786 0.4333 0.8571
vn -0.8039 0.4334 -0.4075
vn -0.8572 0.4332 -0.2785
vn -0.8572 0.4332 -0.2786
vn -0.8039 0.4331 -0.4077
vn -0.8573 0.4330 -0.2785
vn -0.7291 0.4335 -0.5296
vn -0.7292 0.4331 -0.5298
vn -0.8900 0.4331 -0.1425
vn -0.8899 0.4331 -0.1429
vn -0.9011 0.4335 -0.0000
vn -0.8900 0.4331 -0.1427
vn -0.9012 0.4333 -0.0000
vn -0.8900 0.4331 -0.1426
vn -0.8573 0.4331 -0.2785
vn -0.8898 0.4333 -0.1431
vn -0.8571 0.4337 -0.2780
vn -0.9013 0.4332 -0.0000
vn -0.8039 0.4328 -0.4079
vn -0.7292 0.4332 -0.5297
vn -0.8040 0.4330 -0.4075
vn -0.7291 0.4334 -0.5297
vn 0.3231 0.3635 -0.8737
vn 0.3732 0.3167 -0.8720
vn 0.3433 0.3620 -0.8666
vn 0.3859 0.3223 -0.8644
vn 0.3543 0.3677 -0.8598
vn 0.3502 0.3192 -0.8806
vn 0.3766 0.2743 -0.8848
vn 0.3920 0.2794 -0.8765
vn 0.2796 0.3979 -0.8738
vn 0.2949 0.3976 -0.8689
vn 0.2110 0.4204 -0.8825
vn 0.3031 0.4018 -0.8641
vn 0.2202 0.4203 -0.8803
vn 0.2638 0.3987 -0.8783
vn 0.3032 0.3651 -0.8802
vn 0.2545 0.3944 -0.8830
vn 0.2915 0.3602 -0.8861
vn 0.2011 0.4206 -0.8847
vn 0.1955 0.4172 -0.8875
vn 0.3273 0.3213 -0.8886
vn 0.3523 0.2768 -0.8940
vn 0.3140 0.3156 -0.8954
vn 0.3285 0.2792 -0.9023
vn -0.6361 0.4332 0.6386
vn -0.5297 0.4331 0.7292
vn -0.5299 0.4331 0.7291
vn -0.6360 0.4333 0.6385
vn -0.5298 0.4329 0.7293
vn -0.7292 0.4334 0.5296
vn -0.6361 0.4332 0.6385
vn -0.7290 0.4333 0.5298
vn -0.4106 0.4327 0.8026
vn -0.4107 0.4333 0.8022
vn -0.4106 0.4337 0.8021
vn -0.4109 0.4334 0.8021
vn -0.5297 0.4332 0.7292
vn -0.4110 0.4335 0.8019
vn -0.5299 0.4327 0.7294
vn -0.6359 0.4333 0.6386
vn -0.7291 0.4333 0.5298
vn -0.6358 0.4332 0.6388
vn -0.7291 0.4333 0.5299
vn -0.4105 0.4332 -0.8024
vn -0.5298 0.4327 -0.7294
vn -0.5298 0.4332 -0.7292
vn -0.4108 0.4332 -0.8022
vn -0.5299 0.4328 -0.7293
vn -0.2785 0.4336 -0.8570
vn -0.2786 0.4336 -0.8570
vn -0.4108 0.4334 -0.8021
vn -0.6361 0.4332 -0.6385
vn -0.6363 0.4328 -0.6385
vn -0.6362 0.4329 -0.6386
vn -0.6361 0.4333 -0.6385
vn -0.5296 0.4334 -0.7292
vn -0.6358 0.4332 -0.6388
vn -0.5299 0.4327 -0.7294
vn -0.4107 0.4333 -0.8022
vn -0.2788 0.4332 -0.8571
vn -0.4109 0.4331 -0.8022
vn -0.2787 0.4331 -0.8572
vn -0.8899 0.4333 0.1430
vn -0.8572 0.4332 0.2786
vn -0.8899 0.4331 0.1429
vn -0.8574 0.4328 0.2785
vn -0.8901 0.4328 0.1429
vn -0.8039 0.4333 0.4074
vn -0.8039 0.4333 0.4076
vn -0.8040 0.4328 0.4077
vn -0.8573 0.4331 0.2785
vn -0.8040 0.4331 0.4075
vn -0.8571 0.4337 0.2781
vn -0.8900 0.4331 0.1424
vn -0.8899 0.4332 0.1430
vn 0.2793 0.3978 0.8739
vn 0.3433 0.3620 0.8666
vn 0.3233 0.3639 0.8735
vn 0.2948 0.3975 0.8690
vn 0.3541 0.3673 0.8600
vn 0.3031 0.4018 0.8641
vn 0.3732 0.3172 0.8719
vn 0.3502 0.3192 0.8806
vn 0.3766 0.2743 0.8848
vn 0.3523 0.2768 0.8940
vn 0.3859 0.3226 0.8643
vn 0.3917 0.2800 0.8765
vn 0.3034 0.3652 0.8801
vn 0.3273 0.3213 0.8886
vn 0.2915 0.3602 0.8861
vn 0.3285 0.2792 0.9023
vn 0.3140 0.3156 0.8954
vn 0.2639 0.3988 0.8783
vn 0.2546 0.3952 0.8826
vn 0.1954 0.4182 0.8871
vn -0.0022 0.4331 -0.9013
vn 0.1190 0.4301 -0.8949
vn -0.0020 0.4327 -0.9015
vn 0.1205 0.4310 -0.8943
vn -0.0019 0.4327 -0.9015
vn 0.1156 0.4301 -0.8953
vn 0.2247 0.4223 -0.8782
vn -0.1382 0.4333 -0.8906
vn -0.1382 0.4332 -0.8906
vn -0.1382 0.4329 -0.8908
vn -0.1378 0.4333 -0.8907
vn -0.0025 0.4332 -0.9013
vn -0.1369 0.4336 -0.8906
vn -0.0027 0.4332 -0.9013
vn 0.1121 0.4301 -0.8958
vn 0.1097 0.4294 -0.8964
vn 0.7029 -0.0832 0.7064
vn 0.5825 -0.1245 0.8032
vn 0.5859 -0.0825 0.8062
vn 0.7001 -0.1241 0.7031
vn 0.5816 -0.1369 0.8018
vn 0.8061 -0.0830 0.5860
vn 0.8030 -0.1237 0.5830
vn 0.6998 -0.1362 0.7012
vn 0.4525 -0.1237 0.8831
vn 0.4544 -0.0826 0.8870
vn 0.3085 -0.0830 0.9476
vn 0.4515 -0.1371 0.8817
vn 0.3067 -0.1238 0.9437
vn 0.4557 -0.0015 0.8901
vn 0.5884 -0.0015 0.8086
vn 0.5870 0.0514 0.8080
vn 0.3089 -0.0012 0.9511
vn 0.4551 0.0512 0.8890
vn 0.7058 -0.0014 0.7084
vn 0.7044 0.0518 0.7079
vn 0.8091 -0.0011 0.5877
vn -0.9840 -0.0819 -0.1585
vn -0.9437 -0.1242 -0.3064
vn -0.9478 -0.0827 -0.3080
vn -0.9781 -0.1368 -0.1569
vn -0.9420 -0.1370 -0.3063
vn -0.9966 -0.0829 0.0006
vn -0.9797 -0.1244 -0.1573
vn -0.9923 -0.1239 -0.0001
vn -0.8890 -0.0823 -0.4505
vn -0.8852 -0.1241 -0.4484
vn -0.8062 -0.0829 -0.5858
vn -0.8834 -0.1370 -0.4481
vn -0.8011 -0.1369 -0.5827
vn -0.8027 -0.1241 -0.5833
vn -0.9509 -0.0012 -0.3095
vn -0.8908 0.0515 -0.4515
vn -0.9497 0.0514 -0.3090
vn -0.8916 -0.0015 -0.4528
vn -0.8089 -0.0016 -0.5879
vn -0.9874 -0.0012 -0.1582
vn -0.9987 0.0513 -0.0000
vn -1.0000 -0.0014 0.0003
vn 0.9478 -0.0828 0.3080
vn 0.9797 -0.1244 0.1571
vn 0.9435 -0.1243 0.3072
vn 0.9781 -0.1368 0.1569
vn 0.9423 -0.1366 0.3056
vn 0.9966 -0.0828 0.0001
vn 0.9840 -0.0828 0.1579
vn 0.9906 -0.1365 -0.0001
vn 0.8889 -0.0829 0.4506
vn 0.8849 -0.1244 0.4490
vn 0.8835 -0.1370 0.4480
vn 0.8011 -0.1369 0.5826
vn 0.9508 -0.0010 0.3098
vn 0.8907 0.0517 0.4517
vn 0.9499 0.0510 0.3083
vn 0.8918 -0.0006 0.4525
vn 0.8078 0.0514 0.5872
vn 0.9874 -0.0011 0.1582
vn 1.0000 -0.0009 0.0001
vn 0.9987 0.0514 -0.0000
vn -0.5857 -0.0826 -0.8063
vn -0.6999 -0.1240 -0.7034
vn -0.5833 -0.1242 -0.8027
vn -0.5827 -0.1367 -0.8011
vn -0.7034 -0.0825 -0.7060
vn -0.6991 -0.1366 -0.7018
vn -0.4525 -0.1244 -0.8830
vn -0.4542 -0.0829 -0.8870
vn -0.3064 -0.1243 -0.9437
vn -0.3079 -0.0829 -0.9478
vn -0.4515 -0.1370 -0.8817
vn -0.4555 -0.0012 -0.8903
vn -0.5880 -0.0008 -0.8089
vn -0.5873 0.0514 -0.8078
vn -0.3088 -0.0012 -0.9511
vn -0.4549 0.0511 -0.8891
vn -0.7058 -0.0013 -0.7084
vn -0.7048 0.0514 -0.7076
vn -0.8081 0.0518 -0.5867
vn -0.1539 -0.0823 -0.9847
vn 0.0001 -0.1248 -0.9922
vn 0.0001 -0.0826 -0.9966
vn -0.1530 -0.1242 -0.9804
vn -0.0000 -0.1365 -0.9906
vn -0.1537 -0.1364 -0.9787
vn 0.1527 -0.1241 -0.9804
vn 0.1538 -0.0826 -0.9846
vn 0.3065 -0.1240 -0.9437
vn 0.3085 -0.0830 -0.9476
vn 0.1537 -0.1365 -0.9787
vn 0.1541 -0.0011 -0.9881
vn 0.0001 -0.0011 -1.0000
vn -0.0000 0.0515 -0.9987
vn 0.3091 -0.0014 -0.9510
vn 0.3092 0.0517 -0.9496
vn 0.1541 0.0521 -0.9867
vn -0.1543 -0.0011 -0.9880
vn -0.3092 0.0517 -0.9496
vn 0.5859 -0.0825 -0.8062
vn 0.4524 -0.1245 -0.8831
vn 0.5827 -0.1248 -0.8030
vn 0.5825 -0.1368 -0.8012
vn 0.4544 -0.0826 -0.8870
vn 0.4513 -0.1368 -0.8818
vn 0.7030 -0.0833 -0.7063
vn 0.7002 -0.1241 -0.7031
vn 0.8062 -0.0827 -0.5858
vn 0.6998 -0.1362 -0.7012
vn 0.8031 -0.1236 -0.5828
vn 0.5885 -0.0007 -0.8085
vn 0.7043 0.0508 -0.7081
vn 0.5873 0.0517 -0.8077
vn 0.8087 -0.0005 -0.5882
vn 0.7057 -0.0010 -0.7085
vn 0.8079 0.0513 -0.5870
vn 0.4555 -0.0013 -0.8903
vn 0.4547 0.0507 -0.8892
vn 0.9477 -0.0830 -0.3081
vn 0.8848 -0.1243 -0.4490
vn 0.9436 -0.1242 -0.3070
vn 0.8835 -0.1370 -0.4480
vn 0.9421 -0.1364 -0.3063
vn 0.8889 -0.0826 -0.4507
vn 0.8011 -0.1369 -0.5826
vn 0.9839 -0.0827 -0.1585
vn 0.9797 -0.1244 -0.1573
vn 0.9781 -0.1365 -0.1570
vn 0.9923 -0.1240 -0.0001
vn 0.9510 -0.0009 -0.3093
vn 0.9873 -0.0005 -0.1587
vn 0.9499 0.0511 -0.3084
vn 0.9861 0.0506 -0.1582
vn 0.8921 -0.0008 -0.4519
vn 0.8910 0.0510 -0.4512
vn -0.5857 -0.0826 0.8063
vn -0.4523 -0.1239 0.8832
vn -0.5833 -0.1242 0.8027
vn -0.5822 -0.1363 0.8015
vn -0.4542 -0.0829 0.8870
vn -0.3068 -0.1239 0.9437
vn -0.4513 -0.1366 0.8819
vn -0.7002 -0.1241 0.7031
vn -0.7032 -0.0823 0.7062
vn -0.8027 -0.1241 0.5833
vn -0.8063 -0.0831 0.5856
vn -0.6993 -0.1367 0.7016
vn -0.5879 -0.0015 0.8089
vn -0.7059 -0.0016 0.7084
vn -0.5870 0.0513 0.8079
vn -0.8079 0.0515 0.5871
vn -0.7050 0.0515 0.7074
vn -0.4556 -0.0015 0.8902
vn -0.3087 -0.0011 0.9512
vn -0.3084 -0.0828 0.9476
vn -0.4552 0.0514 0.8889
vn -0.0000 -0.0826 0.9966
vn 0.1529 -0.1240 0.9804
vn -0.0000 -0.1240 0.9923
vn -0.0000 -0.1364 0.9907
vn 0.1533 -0.0828 0.9847
vn 0.1532 -0.1370 0.9787
vn -0.1525 -0.1238 0.9805
vn -0.1536 -0.0828 0.9847
vn -0.1531 -0.1369 0.9787
vn -0.1542 -0.0011 0.9880
vn -0.0000 -0.0010 1.0000
vn -0.0000 0.0518 0.9987
vn -0.3092 0.0517 0.9496
vn -0.1541 0.0521 0.9867
vn 0.1545 -0.0011 0.9880
vn 0.3092 0.0517 0.9496
vn -0.8890 -0.0827 0.4504
vn -0.9437 -0.1242 0.3065
vn -0.9479 -0.0820 0.3080
vn -0.8834 -0.1371 0.4481
vn -0.9420 -0.1371 0.3063
vn -0.8855 -0.1239 0.4479
vn -0.8013 -0.1370 0.5824
vn -0.9797 -0.1244 0.1571
vn -0.9841 -0.0822 0.1576
vn -0.9781 -0.1368 0.1569
vn -0.9875 -0.0008 0.1578
vn -0.9508 -0.0013 0.3100
vn -0.9497 0.0513 0.3089
vn -0.9861 0.0505 0.1582
vn -0.8091 -0.0019 0.5876
vn -0.8908 0.0514 0.4515
vn -0.8920 -0.0018 0.4521
vn -0.3702 -0.5837 0.7227
vn -0.4772 -0.5836 0.6570
vn -0.4773 -0.5834 0.6571
vn -0.3702 -0.5833 0.7230
vn -0.4772 -0.5838 0.6569
vn -0.2512 -0.5837 0.7721
vn -0.2511 -0.5837 0.7721
vn -0.3699 -0.5835 0.7229
vn -0.5726 -0.5839 0.5755
vn -0.5734 -0.5830 0.5757
vn -0.6567 -0.5842 0.4770
vn -0.5737 -0.5831 0.5752
vn -0.6571 -0.5834 0.4774
vn -0.5728 -0.5842 0.5750
vn -0.4775 -0.5838 0.6567
vn -0.5727 -0.5843 0.5750
vn -0.6567 -0.5841 0.4771
vn -0.6567 -0.5839 0.4773
vn -0.3703 -0.5840 0.7224
vn -0.2511 -0.5834 0.7724
vn -0.3704 -0.5843 0.7221
vn -0.2507 -0.5839 0.7721
vn -0.7240 -0.5841 0.3670
vn -0.7730 -0.5827 0.2507
vn -0.7721 -0.5838 0.2511
vn -0.7244 -0.5837 0.3668
vn -0.7726 -0.5833 0.2509
vn -0.7241 -0.5842 0.3667
vn -0.8015 -0.5841 0.1286
vn -0.8020 -0.5834 0.1282
vn -0.8116 -0.5841 -0.0000
vn -0.8007 -0.5850 0.1292
vn -0.8114 -0.5845 -0.0000
vn -0.8022 -0.5832 0.1281
vn -0.7721 -0.5838 0.2510
vn -0.7720 -0.5840 0.2507
vn -0.8120 -0.5837 -0.0000
vn -0.8120 -0.5836 -0.0000
vn -0.8018 -0.5835 0.1291
vn -0.7240 -0.5837 0.3676
vn -0.7243 -0.5839 0.3667
vn -0.8021 -0.5833 -0.1280
vn -0.7730 -0.5826 -0.2509
vn -0.7723 -0.5836 -0.2509
vn -0.8016 -0.5839 -0.1287
vn -0.7724 -0.5835 -0.2508
vn -0.8009 -0.5847 -0.1292
vn -0.7241 -0.5837 -0.3673
vn -0.7243 -0.5835 -0.3674
vn -0.6570 -0.5836 -0.4772
vn -0.7242 -0.5840 -0.3668
vn -0.6572 -0.5837 -0.4769
vn -0.7242 -0.5836 -0.3673
vn -0.7722 -0.5836 -0.2511
vn -0.7721 -0.5839 -0.2511
vn -0.6565 -0.5843 -0.4772
vn -0.6563 -0.5843 -0.4773
vn -0.7245 -0.5831 -0.3675
vn -0.8020 -0.5834 -0.1282
vn -0.8015 -0.5840 -0.1289
vn -0.5725 -0.5842 -0.5753
vn -0.4773 -0.5836 -0.6570
vn -0.4774 -0.5837 -0.6568
vn -0.5730 -0.5837 -0.5753
vn -0.4773 -0.5839 -0.6567
vn -0.5730 -0.5834 -0.5756
vn -0.3702 -0.5837 -0.7227
vn -0.3698 -0.5835 -0.7230
vn -0.2512 -0.5837 -0.7722
vn -0.3699 -0.5834 -0.7230
vn -0.2514 -0.5835 -0.7722
vn -0.3703 -0.5834 -0.7229
vn -0.4777 -0.5835 -0.6567
vn -0.3700 -0.5838 -0.7227
vn -0.4779 -0.5836 -0.6565
vn -0.2507 -0.5838 -0.7722
vn -0.2509 -0.5840 -0.7720
vn -0.5724 -0.5843 -0.5752
vn -0.5727 -0.5843 -0.5750
vn 0.0001 -0.5840 -0.8117
vn -0.1253 -0.5836 -0.8023
vn -0.0002 -0.5832 -0.8123
vn -0.0000 -0.5834 -0.8122
vn -0.1254 -0.5837 -0.8022
vn -0.1252 -0.5841 -0.8020
vn 0.1254 -0.5838 -0.8022
vn 0.1261 -0.5836 -0.8022
vn 0.2511 -0.5836 -0.7722
vn 0.1253 -0.5839 -0.8021
vn 0.2505 -0.5836 -0.7725
vn 0.1249 -0.5842 -0.8019
vn -0.0000 -0.5836 -0.8120
vn 0.1253 -0.5838 -0.8022
vn -0.0000 -0.5832 -0.8123
vn 0.2512 -0.5841 -0.7719
vn 0.2510 -0.5840 -0.7719
vn -0.1249 -0.5842 -0.8019
vn -0.1253 -0.5838 -0.8022
vn 0.3702 -0.5837 -0.7227
vn 0.4771 -0.5837 -0.6570
vn 0.4774 -0.5836 -0.6569
vn 0.3699 -0.5838 -0.7227
vn 0.4769 -0.5840 -0.6569
vn 0.3700 -0.5839 -0.7227
vn 0.5729 -0.5838 -0.5753
vn 0.5724 -0.5840 -0.5756
vn 0.6570 -0.5837 -0.4771
vn 0.5731 -0.5836 -0.5753
vn 0.6572 -0.5837 -0.4769
vn 0.5728 -0.5840 -0.5752
vn 0.4778 -0.5835 -0.6566
vn 0.5729 -0.5839 -0.5752
vn 0.4778 -0.5836 -0.6566
vn 0.6564 -0.5844 -0.4772
vn 0.6569 -0.5839 -0.4771
vn 0.3703 -0.5834 -0.7229
vn 0.7242 -0.5836 -0.3674
vn 0.7721 -0.5838 -0.2513
vn 0.7723 -0.5836 -0.2509
vn 0.7243 -0.5836 -0.3672
vn 0.7722 -0.5835 -0.2514
vn 0.7240 -0.5837 -0.3674
vn 0.8014 -0.5842 -0.1281
vn 0.8015 -0.5840 -0.1284
vn 0.8118 -0.5839 -0.0000
vn 0.8021 -0.5833 -0.1281
vn 0.8116 -0.5841 -0.0000
vn 0.8019 -0.5834 -0.1284
vn 0.7722 -0.5836 -0.2511
vn 0.8014 -0.5840 -0.1289
vn 0.7723 -0.5835 -0.2511
vn 0.8121 -0.5835 -0.0000
vn 0.8120 -0.5837 -0.0000
vn 0.7242 -0.5836 -0.3673
vn 0.1251 -0.5840 0.8021
vn -0.0000 -0.5835 0.8121
vn 0.1253 -0.5833 0.8025
vn -0.0001 -0.5840 0.8118
vn 0.2511 -0.5836 0.7722
vn 0.2510 -0.5837 0.7722
vn 0.1256 -0.5834 0.8024
vn -0.1251 -0.5838 0.8022
vn -0.1248 -0.5832 0.8027
vn -0.1255 -0.5833 0.8025
vn -0.1254 -0.5836 0.8023
vn -0.0000 -0.5836 0.8121
vn -0.1252 -0.5837 0.8022
vn -0.0000 -0.5844 0.8115
vn 0.1249 -0.5842 0.8019
vn 0.2507 -0.5839 0.7722
vn 0.1255 -0.5838 0.8022
vn 0.2507 -0.5839 0.7721
vn 0.5726 -0.5843 0.5751
vn 0.4768 -0.5842 0.6568
vn 0.4774 -0.5836 0.6568
vn 0.5730 -0.5837 0.5753
vn 0.6566 -0.5843 0.4769
vn 0.6571 -0.5835 0.4771
vn 0.5735 -0.5832 0.5753
vn 0.3702 -0.5836 0.7227
vn 0.3698 -0.5836 0.7229
vn 0.3703 -0.5840 0.7224
vn 0.4775 -0.5838 0.6566
vn 0.3703 -0.5841 0.7223
vn 0.4775 -0.5834 0.6570
vn 0.6566 -0.5841 0.4771
vn 0.5726 -0.5842 0.5751
vn 0.6568 -0.5837 0.4774
vn 0.8014 -0.5842 0.1282
vn 0.7721 -0.5837 0.2511
vn 0.7724 -0.5835 0.2508
vn 0.8015 -0.5841 0.1281
vn 0.7722 -0.5835 0.2512
vn 0.8019 -0.5835 0.1281
vn 0.7241 -0.5837 0.3674
vn 0.7241 -0.5836 0.3675
vn 0.7240 -0.5837 0.3677
vn 0.7243 -0.5835 0.3673
vn 0.7721 -0.5839 0.2509
vn 0.7243 -0.5839 0.3668
vn 0.7720 -0.5841 0.2507
vn 0.8022 -0.5832 0.1281
vn 0.4330 0.3137 0.8451
vn 0.5684 0.2524 0.7831
vn 0.5584 0.3133 0.7681
vn 0.4459 0.2034 0.8717
vn 0.5752 0.2037 0.7923
vn 0.2931 0.3139 0.9031
vn 0.4412 0.2521 0.8613
vn 0.2992 0.2518 0.9204
vn 0.6697 0.3141 0.6729
vn 0.6826 0.2522 0.6859
vn 0.7680 0.3143 0.5580
vn 0.6912 0.2032 0.6936
vn 0.7832 0.2519 0.5684
vn 0.5642 0.2810 0.7763
vn 0.6776 0.2802 0.6800
vn 0.5716 0.2334 0.7866
vn 0.7764 0.2806 0.5643
vn 0.7866 0.2332 0.5717
vn 0.6858 0.2332 0.6894
vn 0.4377 0.2808 0.8542
vn 0.2963 0.2812 0.9128
vn 0.4436 0.2332 0.8654
vn -0.8471 0.3133 -0.4293
vn -0.9204 0.2517 -0.2992
vn -0.9031 0.3136 -0.2934
vn -0.8629 0.2521 -0.4381
vn -0.9310 0.2034 -0.3030
vn -0.7684 0.3141 -0.5575
vn -0.7828 0.2521 -0.5689
vn -0.8734 0.2035 -0.4424
vn -0.9555 0.2519 -0.1534
vn -0.9377 0.3133 -0.1504
vn -0.9495 0.3138 -0.0001
vn -0.9667 0.2033 -0.1552
vn -0.9676 0.2526 0.0004
vn -0.9478 0.2805 -0.1518
vn -0.9128 0.2806 -0.2968
vn -0.9248 0.2328 -0.3009
vn -0.9598 0.2808 -0.0000
vn -0.9724 0.2332 -0.0000
vn -0.9600 0.2340 -0.1538
vn -0.8557 0.2807 -0.4347
vn -0.7765 0.2810 -0.5640
vn -0.8673 0.2334 -0.4396
vn 0.9030 0.3136 0.2938
vn 0.8632 0.2516 0.4377
vn 0.9203 0.2519 0.2992
vn 0.9311 0.2033 0.3028
vn 0.8472 0.3132 0.4292
vn 0.8733 0.2036 0.4427
vn 0.9376 0.3135 0.1504
vn 0.9554 0.2522 0.1537
vn 0.9495 0.3138 -0.0001
vn 0.9667 0.2033 0.1552
vn 0.9676 0.2524 -0.0006
vn 0.9477 0.2808 0.1520
vn 0.9129 0.2808 0.2964
vn 0.9599 0.2338 0.1549
vn 0.9249 0.2335 0.2999
vn 0.9600 0.2800 -0.0000
vn 0.9724 0.2334 -0.0000
vn 0.8559 0.2803 0.4345
vn 0.8674 0.2333 0.4395
vn -0.4323 0.3132 -0.8456
vn -0.5683 0.2522 -0.7832
vn -0.5580 0.3131 -0.7685
vn -0.4463 0.2038 -0.8714
vn -0.5752 0.2037 -0.7923
vn -0.2938 0.3137 -0.9029
vn -0.4416 0.2520 -0.8611
vn -0.2991 0.2521 -0.9203
vn -0.6697 0.3140 -0.6729
vn -0.6829 0.2519 -0.6857
vn -0.6911 0.2031 -0.6936
vn -0.5650 0.2803 -0.7760
vn -0.6860 0.2333 -0.6892
vn -0.5717 0.2330 -0.7866
vn -0.6774 0.2806 -0.6800
vn -0.7870 0.2326 -0.5714
vn -0.4372 0.2803 -0.8546
vn -0.2964 0.2807 -0.9129
vn -0.3007 0.2338 -0.9246
vn 0.1466 0.3132 -0.9383
vn 0.0001 0.2519 -0.9678
vn -0.0002 0.3131 -0.9497
vn 0.1511 0.2037 -0.9673
vn 0.0002 0.2035 -0.9791
vn 0.2938 0.3137 -0.9029
vn 0.1494 0.2516 -0.9562
vn 0.2991 0.2521 -0.9203
vn -0.1465 0.3135 -0.9382
vn -0.1495 0.2517 -0.9562
vn -0.1514 0.2031 -0.9674
vn -0.1480 0.2808 -0.9483
vn -0.0005 0.2809 -0.9597
vn -0.0006 0.2338 -0.9723
vn -0.1497 0.2324 -0.9610
vn 0.1488 0.2807 -0.9482
vn 0.1504 0.2330 -0.9608
vn 0.3006 0.2337 -0.9247
vn 0.2966 0.2812 -0.9126
vn 0.6697 0.3140 -0.6730
vn 0.5683 0.2522 -0.7832
vn 0.5580 0.3131 -0.7685
vn 0.6829 0.2520 -0.6857
vn 0.5752 0.2036 -0.7923
vn 0.7681 0.3139 -0.5581
vn 0.7833 0.2515 -0.5685
vn 0.6912 0.2032 -0.6936
vn 0.4329 0.3130 -0.8454
vn 0.4412 0.2521 -0.8612
vn 0.4463 0.2038 -0.8714
vn 0.4372 0.2803 -0.8546
vn 0.5648 0.2805 -0.7761
vn 0.5718 0.2329 -0.7867
vn 0.4427 0.2347 -0.8654
vn 0.6774 0.2807 -0.6800
vn 0.6857 0.2337 -0.6893
vn 0.7866 0.2332 -0.5717
vn 0.7766 0.2799 -0.5644
vn 0.9032 0.3139 -0.2928
vn 0.9556 0.2516 -0.1534
vn 0.9204 0.2518 -0.2992
vn 0.9310 0.2033 -0.3030
vn 0.9377 0.3133 -0.1505
vn 0.9668 0.2032 -0.1551
vn 0.8471 0.3134 -0.4292
vn 0.8631 0.2517 -0.4380
vn 0.8732 0.2041 -0.4426
vn 0.8561 0.2802 -0.4343
vn 0.9130 0.2799 -0.2968
vn 0.8675 0.2337 -0.4391
vn 0.9248 0.2338 -0.3002
vn 0.9478 0.2803 -0.1521
vn -0.6697 0.3141 0.6729
vn -0.5685 0.2524 0.7830
vn -0.5584 0.3133 0.7681
vn -0.6829 0.2523 0.6855
vn -0.5752 0.2037 0.7922
vn -0.7681 0.3143 0.5580
vn -0.7834 0.2514 0.5684
vn -0.6911 0.2032 0.6936
vn -0.4330 0.3137 0.8450
vn -0.4412 0.2521 0.8613
vn -0.2934 0.3137 0.9031
vn -0.4459 0.2034 0.8717
vn -0.2992 0.2517 0.9204
vn -0.4377 0.2807 0.8542
vn -0.5641 0.2808 0.7765
vn -0.5713 0.2338 0.7868
vn -0.2966 0.2814 0.9126
vn -0.4436 0.2331 0.8654
vn -0.7761 0.2811 0.5645
vn -0.6866 0.2332 0.6887
vn -0.6778 0.2803 0.6798
vn -0.7867 0.2334 0.5715
vn -0.1462 0.3131 0.9384
vn -0.0000 0.2523 0.9677
vn -0.0000 0.3129 0.9498
vn -0.1516 0.2035 0.9673
vn -0.0000 0.2039 0.9790
vn -0.1491 0.2523 0.9561
vn 0.1464 0.3133 0.9383
vn 0.1487 0.2522 0.9562
vn 0.1516 0.2035 0.9673
vn -0.0000 0.2809 0.9597
vn 0.1504 0.2330 0.9608
vn -0.0000 0.2343 0.9722
vn 0.1488 0.2796 0.9485
vn 0.3006 0.2333 0.9248
vn -0.1481 0.2801 0.9485
vn -0.1504 0.2330 0.9608
vn -0.3006 0.2334 0.9247
vn -0.9376 0.3135 0.1504
vn -0.9204 0.2518 0.2992
vn -0.9031 0.3136 0.2934
vn -0.9668 0.2032 0.1550
vn -0.9311 0.2032 0.3030
vn -0.9553 0.2524 0.1541
vn -0.8631 0.2522 0.4375
vn -0.8472 0.3131 0.4292
vn -0.8733 0.2036 0.4426
vn -0.8558 0.2805 0.4345
vn -0.9129 0.2806 0.2966
vn -0.8675 0.2337 0.4392
vn -0.9248 0.2329 0.3007
vn -0.9478 0.2806 0.1516
vn -0.9601 0.2335 0.1542
vn -0.0000 -1.0000 0.0001
vn -0.0000 -1.0000 -0.0001
vn -0.0000 1.0000 -0.0001
vn -0.0000 1.0000 0.0003
vn -0.0000 1.0000 0.0001
vn -0.0000 1.0000 -0.0003
vn 0.9511 -0.0000 0.3088
vn 0.8920 -0.0000 0.4521
vn 0.8092 -0.0000 0.5876
vn 0.8091 0.0007 0.5876
vn 0.9873 -0.0000 0.1587
vn 0.9511 -0.0000 -0.3090
vn 0.9873 -0.0000 -0.1587
vn 0.8918 -0.0000 -0.4525
vn 0.8920 -0.0000 -0.4520
vn 0.8091 -0.0000 -0.5876
vn 0.8091 0.0003 -0.5876
vn 0.5876 0.0005 0.8092
vn 0.4557 -0.0000 0.8901
vn 0.5879 -0.0000 0.8089
vn 0.3089 -0.0000 0.9511
vn 0.5875 -0.0000 0.8092
vn 0.7058 -0.0000 0.7084
vn -0.1546 -0.0000 0.9880
vn -0.1541 -0.0000 0.9881
vn 0.1547 -0.0000 0.9880
vn 0.1542 -0.0000 0.9880
vn 0.1541 -0.0000 0.9881
vn -0.5877 -0.0000 0.8090
vn 0.5878 -0.0000 -0.8090
vn 0.7056 -0.0000 -0.7087
vn 0.4557 -0.0000 -0.8901
vn 0.3090 -0.0000 -0.9511
vn 0.4557 -0.0000 -0.8902
vn 0.1547 -0.0000 -0.9880
vn 0.1543 -0.0000 -0.9880
vn -0.1546 -0.0000 -0.9880
vn -0.3089 -0.0000 -0.9511
vn -0.1542 -0.0000 -0.9880
vn -0.5880 -0.0005 -0.8088
vn -0.4557 -0.0000 -0.8901
vn -0.4557 -0.0000 -0.8902
vn -0.9511 -0.0000 0.3088
vn -0.5944 -0.7806 0.1931
vn -0.5573 -0.7809 0.2823
vn -0.5949 -0.7802 0.1934
vn -0.5944 -0.7805 0.1935
vn -0.5057 -0.7808 0.3668
vn -0.5579 -0.7802 0.2830
vn -0.5058 -0.7805 0.3674
vn -0.5568 -0.7810 0.2828
vn -0.6167 -0.7809 0.0991
vn -0.6181 -0.7800 0.0981
vn -0.6248 -0.7808 -0.0000
vn -0.6175 -0.7803 0.0989
vn -0.6251 -0.7805 0.0005
vn -0.5941 -0.7809 0.1929
vn -0.6165 -0.7811 0.0989
vn -0.5950 -0.7802 0.1933
vn -0.6166 -0.7810 0.0991
vn -0.6247 -0.7809 -0.0000
vn -0.5576 -0.7803 0.2832
vn -0.5047 -0.7814 0.3670
vn -0.5571 -0.7810 0.2822
vn -0.5051 -0.7811 0.3670
vn -0.0965 0.7810 0.6171
vn -0.0000 0.7804 0.6253
vn -0.0000 0.7807 0.6249
vn -0.0965 0.7806 0.6176
vn -0.0000 0.7807 0.6250
vn -0.1928 0.7815 0.5934
vn -0.1929 0.7809 0.5941
vn -0.0968 0.7800 0.6182
vn 0.0964 0.7813 0.6167
vn 0.0964 0.7807 0.6174
vn 0.1928 0.7812 0.5938
vn 0.0968 0.7801 0.6181
vn 0.1930 0.7804 0.5947
vn 0.0964 0.7814 0.6165
vn -0.0000 0.7810 0.6245
vn 0.0963 0.7811 0.6169
vn -0.0000 0.7800 0.6258
vn 0.1928 0.7807 0.5944
vn 0.1934 0.7801 0.5950
vn -0.0969 0.7809 0.6171
vn -0.1928 0.7808 0.5943
vn -0.0962 0.7808 0.6173
vn -0.1934 0.7804 0.5947
vn -0.5942 0.7808 -0.1930
vn -0.5573 0.7809 -0.2822
vn -0.5945 0.7807 -0.1928
vn -0.5946 0.7807 -0.1926
vn -0.5049 0.7808 -0.3679
vn -0.5580 0.7804 -0.2821
vn -0.5059 0.7808 -0.3668
vn -0.5580 0.7804 -0.2822
vn -0.6163 0.7813 -0.0988
vn -0.6180 0.7800 -0.0984
vn -0.6248 0.7808 -0.0000
vn -0.6179 0.7800 -0.0990
vn -0.6249 0.7807 -0.0004
vn -0.6167 0.7809 -0.0990
vn -0.5941 0.7809 -0.1932
vn -0.5948 0.7803 -0.1934
vn -0.6252 0.7805 -0.0000
vn -0.6171 0.7806 -0.0990
vn -0.5577 0.7806 -0.2824
vn -0.5050 0.7811 -0.3672
vn -0.5578 0.7805 -0.2823
vn 0.6167 -0.7809 0.0994
vn 0.5948 -0.7804 0.1929
vn 0.5941 -0.7810 0.1927
vn 0.6169 -0.7807 0.0993
vn 0.5944 -0.7807 0.1929
vn 0.6247 -0.7808 -0.0000
vn 0.6252 -0.7805 0.0003
vn 0.6175 -0.7804 0.0989
vn 0.5580 -0.7803 0.2826
vn 0.5577 -0.7797 0.2846
vn 0.5056 -0.7807 0.3673
vn 0.5570 -0.7811 0.2823
vn 0.5072 -0.7798 0.3671
vn 0.5575 -0.7808 0.2823
vn 0.5944 -0.7806 0.1933
vn 0.5572 -0.7810 0.2822
vn 0.5952 -0.7800 0.1934
vn 0.5050 -0.7812 0.3670
vn 0.6244 -0.7811 -0.0000
vn 0.6164 -0.7812 0.0990
vn 0.6167 -0.7809 0.0997
vn 0.6248 -0.7808 -0.0000
vn 0.5573 0.7803 0.2839
vn 0.5944 0.7806 0.1933
vn 0.5940 0.7810 0.1929
vn 0.5576 0.7808 0.2820
vn 0.5947 0.7804 0.1934
vn 0.5054 0.7806 0.3677
vn 0.5059 0.7808 0.3668
vn 0.5571 0.7810 0.2823
vn 0.6163 0.7813 0.0990
vn 0.6179 0.7802 0.0978
vn 0.6243 0.7812 -0.0000
vn 0.6177 0.7802 0.0989
vn 0.6260 0.7798 0.0014
vn 0.5941 0.7809 0.1929
vn 0.6168 0.7808 0.0993
vn 0.5954 0.7797 0.1937
vn 0.6167 0.7810 0.0990
vn 0.6252 0.7805 -0.0000
vn 0.5571 0.7809 0.2826
vn 0.5575 0.7806 0.2826
vn 0.5053 0.7808 0.3673
vn 0.5051 0.7817 0.3659
vn 0.5577 -0.7805 -0.2826
vn 0.5945 -0.7806 -0.1928
vn 0.5947 -0.7804 -0.1932
vn 0.5579 -0.7804 -0.2823
vn 0.5940 -0.7810 -0.1928
vn 0.5054 -0.7808 -0.3675
vn 0.5058 -0.7804 -0.3676
vn 0.5576 -0.7805 -0.2829
vn 0.6168 -0.7809 -0.0992
vn 0.6183 -0.7799 -0.0979
vn 0.6174 -0.7804 -0.0989
vn 0.6170 -0.7807 -0.0988
vn 0.5945 -0.7805 -0.1936
vn 0.5944 -0.7807 -0.1931
vn 0.6164 -0.7812 -0.0989
vn 0.5572 -0.7807 -0.2827
vn 0.5051 -0.7811 -0.3670
vn 0.5575 -0.7806 -0.2826
vn 0.0964 0.7810 -0.6170
vn -0.0000 0.7801 -0.6257
vn -0.0000 0.7815 -0.6238
vn 0.0962 0.7809 -0.6172
vn -0.0000 0.7794 -0.6265
vn 0.1934 0.7807 -0.5942
vn 0.1930 0.7803 -0.5949
vn 0.0962 0.7813 -0.6167
vn -0.0965 0.7808 -0.6173
vn -0.0976 0.7804 -0.6177
vn -0.1930 0.7811 -0.5939
vn -0.0963 0.7812 -0.6168
vn -0.1924 0.7800 -0.5955
vn -0.0963 0.7811 -0.6169
vn -0.0000 0.7811 -0.6245
vn -0.0966 0.7800 -0.6183
vn -0.0000 0.7798 -0.6261
vn -0.1930 0.7811 -0.5938
vn -0.1928 0.7812 -0.5937
vn 0.0964 0.7813 -0.6167
vn 0.1930 0.7811 -0.5939
vn 0.0968 0.7803 -0.6179
vn 0.1928 0.7811 -0.5939
vn -0.4406 -0.7807 -0.4431
vn -0.3676 -0.7805 -0.5056
vn -0.3672 -0.7807 -0.5056
vn -0.4410 -0.7804 -0.4433
vn -0.3678 -0.7804 -0.5057
vn -0.5059 -0.7807 -0.3668
vn -0.5055 -0.7804 -0.3681
vn -0.4409 -0.7808 -0.4428
vn -0.2849 -0.7809 -0.5559
vn -0.2837 -0.7802 -0.5574
vn -0.1930 -0.7804 -0.5948
vn -0.2846 -0.7813 -0.5555
vn -0.1952 -0.7788 -0.5961
vn -0.2847 -0.7808 -0.5561
vn -0.3674 -0.7806 -0.5057
vn -0.2848 -0.7805 -0.5565
vn -0.3671 -0.7810 -0.5052
vn -0.1928 -0.7816 -0.5932
vn -0.5050 -0.7814 -0.3666
vn -0.4407 -0.7809 -0.4428
vn -0.4408 -0.7808 -0.4428
vn -0.5053 -0.7808 -0.3675
vn 0.0958 -0.7815 0.6166
vn -0.0000 -0.7804 0.6253
vn -0.0000 -0.7800 0.6258
vn 0.0966 -0.7801 0.6182
vn -0.0000 -0.7814 0.6240
vn 0.1922 -0.7815 0.5936
vn 0.1928 -0.7807 0.5945
vn 0.0967 -0.7803 0.6178
vn -0.0966 -0.7810 0.6170
vn -0.0975 -0.7804 0.6176
vn -0.1927 -0.7810 0.5941
vn -0.0968 -0.7806 0.6174
vn -0.1919 -0.7796 0.5961
vn -0.0965 -0.7815 0.6164
vn -0.0000 -0.7807 0.6249
vn -0.0962 -0.7814 0.6165
vn -0.1928 -0.7807 0.5944
vn -0.1930 -0.7809 0.5941
vn 0.0964 -0.7814 0.6166
vn 0.1928 -0.7809 0.5942
vn 0.0962 -0.7813 0.6167
vn 0.1929 -0.7805 0.5946
vn -0.2850 -0.7806 0.5562
vn -0.3673 -0.7807 0.5056
vn -0.3673 -0.7808 0.5055
vn -0.2852 -0.7805 0.5563
vn -0.2847 -0.7809 0.5560
vn -0.4408 -0.7807 0.4429
vn -0.4426 -0.7798 0.4428
vn -0.4410 -0.7806 0.4429
vn -0.4408 -0.7809 0.4427
vn -0.3673 -0.7808 0.5054
vn -0.4417 -0.7804 0.4426
vn -0.3670 -0.7817 0.5043
vn -0.2847 -0.7807 0.5563
vn -0.2849 -0.7810 0.5558
vn -0.4411 0.7807 0.4426
vn -0.3672 0.7808 0.5055
vn -0.3672 0.7808 0.5054
vn -0.4413 0.7805 0.4429
vn -0.3675 0.7807 0.5054
vn -0.5060 0.7809 0.3664
vn -0.4425 0.7799 0.4426
vn -0.5056 0.7807 0.3673
vn -0.2845 0.7807 0.5564
vn -0.2846 0.7803 0.5569
vn -0.2850 0.7806 0.5563
vn -0.3673 0.7807 0.5055
vn -0.2852 0.7807 0.5561
vn -0.3671 0.7812 0.5050
vn -0.2851 0.7805 0.5564
vn -0.4414 0.7805 0.4428
vn -0.5050 0.7812 0.3671
vn -0.4417 0.7798 0.4435
vn -0.5054 0.7808 0.3675
vn 0.4398 -0.7813 0.4428
vn 0.3677 -0.7803 0.5059
vn 0.3675 -0.7804 0.5059
vn 0.4407 -0.7807 0.4431
vn 0.3673 -0.7808 0.5053
vn 0.4409 -0.7805 0.4433
vn 0.2851 -0.7808 0.5560
vn 0.2842 -0.7803 0.5571
vn 0.2849 -0.7811 0.5557
vn 0.3672 -0.7806 0.5059
vn 0.2846 -0.7814 0.5553
vn 0.3671 -0.7814 0.5047
vn 0.2847 -0.7807 0.5563
vn 0.4409 -0.7806 0.4431
vn 0.5040 -0.7816 0.3674
vn 0.2850 0.7804 0.5565
vn 0.3673 0.7805 0.5059
vn 0.3674 0.7807 0.5054
vn 0.2851 0.7809 0.5558
vn 0.3674 0.7804 0.5060
vn 0.2850 0.7807 0.5561
vn 0.4403 0.7814 0.4422
vn 0.4416 0.7806 0.4424
vn 0.4412 0.7804 0.4430
vn 0.4408 0.7808 0.4428
vn 0.3672 0.7808 0.5054
vn 0.3674 0.7805 0.5058
vn 0.4415 0.7801 0.4434
vn 0.2847 0.7806 0.5564
vn 0.2847 0.7808 0.5561
vn 0.6168 0.7809 -0.0989
vn 0.5943 0.7807 -0.1932
vn 0.5943 0.7808 -0.1931
vn 0.6178 0.7801 -0.0989
vn 0.5945 0.7805 -0.1931
vn 0.6181 0.7800 -0.0980
vn 0.5571 0.7810 -0.2822
vn 0.5576 0.7797 -0.2848
vn 0.5054 0.7807 -0.3675
vn 0.5578 0.7804 -0.2826
vn 0.5073 0.7801 -0.3663
vn 0.5573 0.7809 -0.2822
vn 0.5941 0.7808 -0.1931
vn 0.5576 0.7805 -0.2827
vn 0.5949 0.7802 -0.1934
vn 0.5052 0.7809 -0.3674
vn 0.6169 0.7808 -0.0989
vn 0.2856 -0.7815 -0.5547
vn 0.3678 -0.7802 -0.5059
vn 0.3672 -0.7810 -0.5053
vn 0.2853 -0.7811 -0.5554
vn 0.3678 -0.7799 -0.5064
vn 0.1930 -0.7805 -0.5946
vn 0.1935 -0.7802 -0.5948
vn 0.2846 -0.7815 -0.5551
vn 0.4409 -0.7807 -0.4429
vn 0.4420 -0.7802 -0.4426
vn 0.4403 -0.7813 -0.4424
vn 0.3675 -0.7805 -0.5057
vn 0.4407 -0.7812 -0.4423
vn 0.3678 -0.7801 -0.5061
vn 0.4407 -0.7810 -0.4425
vn 0.5053 -0.7809 -0.3672
vn 0.2847 -0.7811 -0.5558
vn 0.2845 -0.7810 -0.5559
vn 0.1927 -0.7814 -0.5935
vn 0.1932 -0.7816 -0.5931
vn 0.4401 0.7817 -0.4420
vn 0.3675 0.7802 -0.5062
vn 0.3669 0.7807 -0.5059
vn 0.4406 0.7808 -0.4429
vn 0.3678 0.7800 -0.5062
vn 0.4411 0.7805 -0.4430
vn 0.2845 0.7811 -0.5559
vn 0.2838 0.7804 -0.5572
vn 0.2848 0.7809 -0.5560
vn 0.3673 0.7806 -0.5057
vn 0.2852 0.7807 -0.5560
vn 0.3680 0.7797 -0.5066
vn 0.2833 0.7815 -0.5559
vn 0.4408 0.7810 -0.4424
vn 0.4408 0.7808 -0.4428
vn 0.5055 0.7805 -0.3678
vn -0.0962 -0.7815 -0.6165
vn -0.0000 -0.7801 -0.6257
vn -0.0000 -0.7804 -0.6253
vn -0.0962 -0.7811 -0.6169
vn -0.0962 -0.7818 -0.6161
vn 0.0965 -0.7810 -0.6171
vn 0.0978 -0.7804 -0.6175
vn 0.0962 -0.7817 -0.6161
vn 0.0965 -0.7811 -0.6169
vn 0.0967 -0.7805 -0.6177
vn -0.0000 -0.7806 -0.6250
vn -0.0966 -0.7813 -0.6166
vn -0.1916 -0.7816 -0.5936
vn -0.0968 -0.7808 -0.6172
vn -0.2845 0.7811 -0.5557
vn -0.3674 0.7803 -0.5061
vn -0.3668 0.7811 -0.5053
vn -0.2850 0.7808 -0.5559
vn -0.3678 0.7799 -0.5065
vn -0.2847 0.7809 -0.5560
vn -0.4408 0.7810 -0.4423
vn -0.4426 0.7801 -0.4422
vn -0.4412 0.7808 -0.4422
vn -0.3673 0.7807 -0.5056
vn -0.4410 0.7805 -0.4431
vn -0.3676 0.7804 -0.5059
vn -0.4412 0.7809 -0.4422
vn -0.5055 0.7806 -0.3676
vn -0.2847 0.7805 -0.5565
vn -0.2851 0.7803 -0.5566
vn -0.6169 0.7809 0.0986
vn -0.5946 0.7805 0.1931
vn -0.5941 0.7809 0.1928
vn -0.6171 0.7806 0.0991
vn -0.5948 0.7803 0.1932
vn -0.6179 0.7800 0.0987
vn -0.5569 0.7812 0.2821
vn -0.5573 0.7807 0.2828
vn -0.5572 0.7811 0.2818
vn -0.5576 0.7804 0.2829
vn -0.5942 0.7809 0.1929
vn -0.5573 0.7807 0.2826
vn -0.5954 0.7797 0.1938
vn -0.6168 0.7808 0.0992
vn -0.6166 0.7810 0.0989
vn -0.6169 -0.7808 -0.0991
vn -0.5947 -0.7805 -0.1931
vn -0.5946 -0.7804 -0.1933
vn -0.6175 -0.7804 -0.0988
vn -0.5941 -0.7810 -0.1927
vn -0.6184 -0.7797 -0.0983
vn -0.5575 -0.7806 -0.2825
vn -0.5576 -0.7806 -0.2825
vn -0.5576 -0.7804 -0.2829
vn -0.5576 -0.7804 -0.2828
vn -0.5944 -0.7806 -0.1932
vn -0.5575 -0.7807 -0.2823
vn -0.5945 -0.7806 -0.1931
vn -0.6165 -0.7811 -0.0989
vn 0.5353 -0.0000 -0.8447
vn 0.9978 -0.0000 -0.0658
vn -0.0000 -0.7645 0.6446
vn -0.0000 -0.7645 -0.6446
vn -0.0000 -0.7645 -0.6447
vn -0.0000 0.7645 -0.6447
vn -0.0000 0.9980 -0.0625
vn -0.0000 -0.9301 0.3674
vn -0.1795 -0.1789 0.9674
vn 0.3026 0.7694 0.5626
vn -0.3026 0.7694 0.5625
vn -0.3026 -0.7695 0.5625
vn 0.3026 -0.7694 0.5625
vn 0.4538 0.0912 0.8864
vn 0.8088 -0.0000 0.5881
vn -0.9958 0.0915 -0.0000
vn -0.8090 -0.0000 -0.5878
vn -1.0000 -0.0000 -0.0001
vn 0.9958 0.0912 -0.0001
vn 0.8883 0.0915 0.4500
vn 1.0000 -0.0000 -0.0001
vn -0.3090 -0.0000 -0.9511
vn 0.3089 -0.0000 -0.9511
vn 0.8090 -0.0000 -0.5879
vn -0.7027 0.0911 0.7056
vn -0.8091 -0.0000 0.5877
vn -0.3090 -0.0000 0.9511
vn 0.4261 -0.0000 0.9047
vn 0.4264 -0.0000 0.9045
vn -0.2783 0.4337 0.8570
vn -0.7287 0.4341 -0.5296
vn 0.3145 0.2737 -0.9090
vn -0.7290 0.4335 0.5297
vn -0.2783 0.4337 -0.8570
vn 0.3145 0.2737 0.9090
vn 0.3065 -0.1369 0.9420
vn -0.9906 -0.1369 -0.0000
vn -0.9861 0.0505 -0.1582
vn 0.9861 0.0503 0.1584
vn -0.3059 -0.1366 -0.9422
vn 0.3058 -0.1367 -0.9422
vn -0.1541 0.0521 -0.9867
vn -0.3065 -0.1367 0.9420
vn 0.1541 0.0521 0.9867
vn -0.2509 -0.5837 0.7723
vn -0.6563 -0.5846 0.4769
vn -0.8122 -0.5833 -0.0000
vn -0.6567 -0.5840 -0.4772
vn -0.2509 -0.5841 -0.7720
vn 0.2508 -0.5836 -0.7723
vn 0.6571 -0.5837 -0.4771
vn 0.8113 -0.5846 -0.0000
vn 0.7245 -0.5828 -0.3679
vn 0.2508 -0.5837 0.7723
vn 0.6570 -0.5837 0.4771
vn 0.8016 -0.5838 0.1293
vn 0.3027 0.2028 0.9313
vn 0.7918 0.2037 0.5758
vn -0.7918 0.2036 -0.5758
vn -0.9792 0.2028 -0.0001
vn 0.9792 0.2028 -0.0001
vn -0.3024 0.2038 -0.9311
vn -0.4427 0.2346 -0.8654
vn 0.3025 0.2037 -0.9311
vn 0.7917 0.2036 -0.5759
vn 0.9596 0.2350 -0.1545
vn -0.7919 0.2038 0.5756
vn -0.3027 0.2028 0.9313
vn 0.8089 -0.0000 0.5880
vn 0.8089 -0.0000 -0.5879
vn -0.8091 -0.0000 -0.5876
vn -0.5054 -0.7804 0.3681
vn -0.6237 -0.7817 -0.0000
vn -0.1931 0.7803 0.5948
vn 0.1930 0.7801 0.5952
vn -0.5052 0.7811 -0.3669
vn -0.6239 0.7815 -0.0000
vn 0.6237 -0.7816 -0.0000
vn 0.5054 -0.7804 0.3680
vn 0.5060 0.7806 0.3670
vn 0.6242 0.7813 -0.0000
vn 0.5051 -0.7809 -0.3676
vn 0.1934 0.7798 -0.5954
vn -0.1934 0.7800 -0.5951
vn -0.5048 -0.7810 -0.3678
vn -0.1931 -0.7799 -0.5954
vn -0.1928 -0.7802 0.5951
vn -0.5059 0.7804 0.3675
vn 0.4412 -0.7804 0.4431
vn 0.5052 0.7813 -0.3666
vn 0.6169 0.7808 -0.0991
vn 0.1933 -0.7803 -0.5948
vn -0.6165 -0.7812 -0.0989
vt 0.321700 0.189600
vt 0.325100 0.377800
vt 0.321700 0.377800
vt 0.325100 0.189600
vt 0.328500 0.377800
vt 0.321700 0.001500
vt 0.325100 0.001500
vt 0.328500 0.189600
vt 0.321700 0.565900
vt 0.325100 0.565900
vt 0.321700 0.754100
vt 0.328500 0.565900
vt 0.325100 0.754100
vt 0.318300 0.377800
vt 0.318300 0.565900
vt 0.314900 0.377800
vt 0.318300 0.754100
vt 0.314900 0.565900
vt 0.318300 0.189600
vt 0.314900 0.189600
vt 0.318300 0.001500
vt 0.308100 0.193000
vt 0.311500 0.377800
vt 0.308100 0.377800
vt 0.311500 0.191300
vt 0.308100 0.008200
vt 0.311500 0.004900
vt 0.308100 0.562500
vt 0.311500 0.564200
vt 0.308100 0.747300
vt 0.311500 0.750700
vt 0.304800 0.560800
vt 0.304800 0.377800
vt 0.301400 0.559100
vt 0.301400 0.377800
vt 0.304800 0.743900
vt 0.301400 0.740500
vt 0.304800 0.194700
vt 0.304800 0.011600
vt 0.301400 0.196400
vt 0.301400 0.015000
vt 0.284400 0.196400
vt 0.292900 0.377800
vt 0.284400 0.377800
vt 0.292900 0.196400
vt 0.292900 0.015000
vt 0.284400 0.559100
vt 0.292900 0.740500
vt 0.284400 0.740500
vt 0.292900 0.559100
vt 0.275900 0.377800
vt 0.275900 0.559100
vt 0.267500 0.377800
vt 0.275900 0.740500
vt 0.267500 0.559100
vt 0.275900 0.196400
vt 0.284400 0.015000
vt 0.267500 0.196400
vt 0.275900 0.015000
vt 0.217800 0.216500
vt 0.219100 0.377800
vt 0.217800 0.377800
vt 0.219100 0.216200
vt 0.220900 0.377800
vt 0.217800 0.055200
vt 0.219100 0.054700
vt 0.220900 0.215600
vt 0.217800 0.539000
vt 0.219100 0.539300
vt 0.217800 0.700300
vt 0.220900 0.540000
vt 0.219100 0.700900
vt 0.216800 0.539000
vt 0.216800 0.377800
vt 0.215800 0.377800
vt 0.216800 0.700300
vt 0.215800 0.539200
vt 0.216800 0.216500
vt 0.216800 0.055300
vt 0.215800 0.216400
vt 0.440100 0.009600
vt 0.442900 0.012500
vt 0.440100 0.012500
vt 0.442900 0.009600
vt 0.445700 0.012500
vt 0.440100 0.006800
vt 0.442900 0.006800
vt 0.445700 0.009600
vt 0.440100 0.015300
vt 0.442900 0.015300
vt 0.440100 0.018100
vt 0.445700 0.015300
vt 0.442900 0.018100
vt 0.437300 0.012500
vt 0.437300 0.015300
vt 0.434400 0.012500
vt 0.437300 0.018100
vt 0.434400 0.015300
vt 0.437300 0.009600
vt 0.434400 0.009600
vt 0.437300 0.006800
vt 0.746300 0.165100
vt 0.749200 0.086000
vt 0.749200 0.165100
vt 0.746300 0.086000
vt 0.749200 0.006800
vt 0.743500 0.165100
vt 0.743500 0.086000
vt 0.746300 0.006800
vt 0.752000 0.165100
vt 0.752000 0.086000
vt 0.754800 0.165100
vt 0.752000 0.006800
vt 0.754800 0.086000
vt 0.749200 0.244300
vt 0.752000 0.244300
vt 0.749200 0.323400
vt 0.754800 0.244300
vt 0.752000 0.323400
vt 0.746300 0.244300
vt 0.746300 0.323400
vt 0.743500 0.244300
vt 0.737900 0.165100
vt 0.735100 0.244300
vt 0.735100 0.165100
vt 0.737900 0.244300
vt 0.735100 0.323400
vt 0.740700 0.165100
vt 0.740700 0.244300
vt 0.737900 0.323400
vt 0.732200 0.165100
vt 0.732200 0.244300
vt 0.729400 0.165100
vt 0.732200 0.323400
vt 0.729400 0.244300
vt 0.735100 0.086000
vt 0.732200 0.086000
vt 0.735100 0.006800
vt 0.729400 0.086000
vt 0.732200 0.006800
vt 0.737900 0.086000
vt 0.737900 0.006800
vt 0.740700 0.086000
vt 0.518600 0.730000
vt 0.462800 0.727100
vt 0.518600 0.727100
vt 0.462800 0.730000
vt 0.406900 0.727100
vt 0.518600 0.732800
vt 0.462800 0.732800
vt 0.406900 0.730000
vt 0.518600 0.724300
vt 0.462800 0.724300
vt 0.518600 0.721500
vt 0.406900 0.724300
vt 0.462800 0.721500
vt 0.574400 0.727100
vt 0.574400 0.724300
vt 0.630300 0.727100
vt 0.574400 0.721500
vt 0.630300 0.724300
vt 0.574400 0.730000
vt 0.630300 0.730000
vt 0.574400 0.732800
vt 0.520200 0.710200
vt 0.576800 0.713100
vt 0.520200 0.713100
vt 0.576800 0.710200
vt 0.633400 0.713100
vt 0.520200 0.707400
vt 0.576800 0.707400
vt 0.633400 0.710200
vt 0.520200 0.715900
vt 0.576800 0.715900
vt 0.520200 0.718700
vt 0.633400 0.715900
vt 0.576800 0.718700
vt 0.463600 0.713100
vt 0.463600 0.715900
vt 0.406900 0.713100
vt 0.463600 0.718700
vt 0.406900 0.715900
vt 0.463600 0.710200
vt 0.406900 0.710200
vt 0.463600 0.707400
vt 0.260700 0.199800
vt 0.264100 0.377800
vt 0.260700 0.377800
vt 0.264100 0.198100
vt 0.260700 0.021800
vt 0.264100 0.018400
vt 0.260700 0.555800
vt 0.264100 0.557500
vt 0.260700 0.733700
vt 0.264100 0.737100
vt 0.257300 0.554100
vt 0.257300 0.377800
vt 0.253900 0.552400
vt 0.253900 0.377800
vt 0.257300 0.730400
vt 0.253900 0.727000
vt 0.257300 0.201500
vt 0.257300 0.025200
vt 0.253900 0.203200
vt 0.253900 0.028600
vt 0.376400 0.542200
vt 0.372800 0.377800
vt 0.376400 0.377800
vt 0.372800 0.543900
vt 0.369200 0.377800
vt 0.376400 0.706700
vt 0.372800 0.710100
vt 0.369200 0.545600
vt 0.376400 0.213300
vt 0.372800 0.211600
vt 0.376400 0.048800
vt 0.369200 0.210000
vt 0.372800 0.045500
vt 0.380000 0.215000
vt 0.380000 0.377800
vt 0.383600 0.216600
vt 0.383600 0.377800
vt 0.380000 0.052200
vt 0.383600 0.055500
vt 0.380000 0.540600
vt 0.380000 0.703400
vt 0.383600 0.538900
vt 0.383600 0.700000
vt 0.344100 0.558100
vt 0.336300 0.377800
vt 0.344100 0.377800
vt 0.336300 0.562000
vt 0.344100 0.738500
vt 0.336300 0.746300
vt 0.344100 0.197400
vt 0.336300 0.193500
vt 0.344100 0.017100
vt 0.336300 0.009300
vt 0.351900 0.201300
vt 0.351900 0.377800
vt 0.359700 0.205200
vt 0.359700 0.377800
vt 0.351900 0.024900
vt 0.359700 0.032700
vt 0.351900 0.554200
vt 0.351900 0.730700
vt 0.359700 0.550300
vt 0.359700 0.722900
vt 0.384700 0.538900
vt 0.384100 0.377800
vt 0.384700 0.377800
vt 0.384100 0.538900
vt 0.384700 0.700000
vt 0.384100 0.700000
vt 0.384700 0.216600
vt 0.384100 0.216600
vt 0.384700 0.055500
vt 0.384100 0.055500
vt 0.385200 0.377800
vt 0.385200 0.216600
vt 0.385800 0.377800
vt 0.385200 0.055500
vt 0.385800 0.216600
vt 0.385200 0.700000
vt 0.385200 0.538900
vt 0.385800 0.700000
vt 0.364400 0.548000
vt 0.362100 0.377800
vt 0.364400 0.377800
vt 0.362100 0.549100
vt 0.364400 0.718100
vt 0.362100 0.720500
vt 0.364400 0.207600
vt 0.362000 0.206400
vt 0.364400 0.037400
vt 0.362000 0.035000
vt 0.366800 0.208800
vt 0.366800 0.377800
vt 0.366800 0.039800
vt 0.369200 0.042200
vt 0.366800 0.546800
vt 0.366800 0.715800
vt 0.369200 0.713400
vt 0.229700 0.377800
vt 0.226300 0.542400
vt 0.226300 0.377800
vt 0.229700 0.543900
vt 0.226300 0.706900
vt 0.233100 0.377800
vt 0.233100 0.545600
vt 0.229700 0.710100
vt 0.223400 0.541000
vt 0.223400 0.377800
vt 0.223400 0.704200
vt 0.220900 0.702100
vt 0.223400 0.214600
vt 0.226300 0.213200
vt 0.223400 0.051300
vt 0.226300 0.048600
vt 0.220900 0.053400
vt 0.229700 0.211600
vt 0.229700 0.045500
vt 0.233100 0.210000
vt 0.250500 0.203200
vt 0.252200 0.377800
vt 0.250500 0.377800
vt 0.252200 0.203200
vt 0.250500 0.028600
vt 0.252200 0.028600
vt 0.250500 0.552400
vt 0.252200 0.552400
vt 0.250500 0.727000
vt 0.252200 0.727000
vt 0.248800 0.377800
vt 0.248800 0.552400
vt 0.247100 0.377800
vt 0.248800 0.727000
vt 0.247100 0.552400
vt 0.248800 0.203200
vt 0.247100 0.203200
vt 0.248800 0.028600
vt 0.240100 0.206600
vt 0.243600 0.377800
vt 0.240100 0.377800
vt 0.243600 0.204900
vt 0.240100 0.035400
vt 0.243600 0.032000
vt 0.240100 0.549000
vt 0.243600 0.550700
vt 0.240100 0.720200
vt 0.243600 0.723600
vt 0.236600 0.547300
vt 0.236600 0.377800
vt 0.236600 0.716800
vt 0.233100 0.713400
vt 0.236600 0.208300
vt 0.236600 0.038800
vt 0.233100 0.042200
vt 0.725100 0.164600
vt 0.725800 0.085900
vt 0.725800 0.164900
vt 0.726600 0.086000
vt 0.726600 0.165100
vt 0.725100 0.085700
vt 0.725800 0.006800
vt 0.726600 0.006800
vt 0.725100 0.243500
vt 0.725800 0.243900
vt 0.725100 0.322400
vt 0.726600 0.244300
vt 0.725800 0.322900
vt 0.724300 0.243100
vt 0.724300 0.164400
vt 0.723500 0.242800
vt 0.723500 0.164100
vt 0.724300 0.321900
vt 0.723500 0.321400
vt 0.724300 0.085600
vt 0.725100 0.006800
vt 0.723500 0.085500
vt 0.724300 0.006800
vt 0.365000 0.011500
vt 0.367800 0.014400
vt 0.365000 0.014400
vt 0.367800 0.011500
vt 0.370600 0.014400
vt 0.365000 0.008700
vt 0.367800 0.008700
vt 0.370600 0.011500
vt 0.365000 0.017200
vt 0.367800 0.017200
vt 0.365000 0.020000
vt 0.370600 0.017200
vt 0.367800 0.020000
vt 0.362100 0.014400
vt 0.362100 0.017200
vt 0.359300 0.014400
vt 0.362100 0.020000
vt 0.359300 0.017200
vt 0.362100 0.011500
vt 0.359300 0.011500
vt 0.362100 0.008700
vt 0.769200 0.165100
vt 0.766400 0.244300
vt 0.766400 0.165100
vt 0.769200 0.244300
vt 0.766400 0.323400
vt 0.772100 0.165100
vt 0.772100 0.244300
vt 0.769200 0.323400
vt 0.763600 0.165100
vt 0.763600 0.244300
vt 0.760700 0.165100
vt 0.763600 0.323400
vt 0.760700 0.244300
vt 0.766400 0.086000
vt 0.763600 0.086000
vt 0.766400 0.006800
vt 0.760700 0.086000
vt 0.763600 0.006800
vt 0.769200 0.086000
vt 0.769200 0.006800
vt 0.772100 0.086000
vt 0.782800 0.165400
vt 0.785700 0.086300
vt 0.785600 0.165400
vt 0.782800 0.086300
vt 0.785700 0.007100
vt 0.780000 0.165400
vt 0.780000 0.086300
vt 0.782900 0.007100
vt 0.788500 0.165400
vt 0.788500 0.086300
vt 0.791300 0.165400
vt 0.788500 0.007100
vt 0.791300 0.086300
vt 0.785600 0.244600
vt 0.788400 0.244600
vt 0.785600 0.323700
vt 0.791300 0.244600
vt 0.788400 0.323700
vt 0.782800 0.244600
vt 0.782700 0.323700
vt 0.779900 0.244600
vt 0.518600 0.698600
vt 0.462800 0.695800
vt 0.518600 0.695800
vt 0.462800 0.698600
vt 0.406900 0.695800
vt 0.518600 0.701500
vt 0.462800 0.701500
vt 0.406900 0.698600
vt 0.518600 0.693000
vt 0.462800 0.693000
vt 0.518600 0.690100
vt 0.406900 0.693000
vt 0.462800 0.690100
vt 0.574400 0.695800
vt 0.574400 0.693000
vt 0.630300 0.695800
vt 0.574400 0.690100
vt 0.630300 0.693000
vt 0.574400 0.698600
vt 0.630300 0.698600
vt 0.574400 0.701500
vt 0.520200 0.672600
vt 0.576800 0.675400
vt 0.520200 0.675400
vt 0.576800 0.672600
vt 0.633400 0.675400
vt 0.520200 0.669700
vt 0.576800 0.669700
vt 0.633400 0.672600
vt 0.520200 0.678200
vt 0.576800 0.678200
vt 0.520200 0.681100
vt 0.633400 0.678200
vt 0.576800 0.681100
vt 0.463600 0.675400
vt 0.463600 0.678200
vt 0.406900 0.675400
vt 0.463600 0.681100
vt 0.406900 0.678200
vt 0.463600 0.672600
vt 0.406900 0.672600
vt 0.463600 0.669700
vt 0.719100 0.165600
vt 0.718300 0.244400
vt 0.718300 0.165400
vt 0.717600 0.244300
vt 0.717600 0.165100
vt 0.719100 0.244500
vt 0.718300 0.323400
vt 0.717600 0.323400
vt 0.719100 0.086700
vt 0.718300 0.086400
vt 0.719100 0.007900
vt 0.717600 0.086000
vt 0.718300 0.007300
vt 0.719900 0.087100
vt 0.719900 0.165900
vt 0.720700 0.087500
vt 0.720700 0.166100
vt 0.719900 0.008400
vt 0.720700 0.008900
vt 0.719900 0.244700
vt 0.719100 0.323400
vt 0.720700 0.244800
vt 0.719900 0.323400
vt 0.167300 0.968000
vt 0.246000 0.967300
vt 0.246200 0.968000
vt 0.167000 0.967300
vt 0.245700 0.966500
vt 0.088400 0.968000
vt 0.087900 0.967300
vt 0.166600 0.966500
vt 0.325000 0.967300
vt 0.325100 0.968100
vt 0.404000 0.967300
vt 0.404000 0.968100
vt 0.324900 0.966500
vt 0.404000 0.966500
vt 0.246500 0.968800
vt 0.325300 0.968800
vt 0.246800 0.969600
vt 0.404000 0.968800
vt 0.325400 0.969600
vt 0.167700 0.968800
vt 0.089000 0.968800
vt 0.168100 0.969600
vt 0.089500 0.969600
vt 0.713200 0.243500
vt 0.712400 0.164900
vt 0.713200 0.164600
vt 0.712400 0.243900
vt 0.711600 0.165100
vt 0.713200 0.322400
vt 0.712400 0.322900
vt 0.711600 0.244300
vt 0.712400 0.085900
vt 0.713200 0.085700
vt 0.712400 0.006800
vt 0.713200 0.006800
vt 0.711600 0.086000
vt 0.711600 0.006800
vt 0.714000 0.164400
vt 0.714000 0.085600
vt 0.714800 0.164100
vt 0.714000 0.006800
vt 0.714800 0.085500
vt 0.714000 0.243100
vt 0.714000 0.321900
vt 0.714800 0.242800
vt 0.714800 0.321400
vt 0.519100 0.754900
vt 0.574600 0.755700
vt 0.518900 0.755700
vt 0.574400 0.756500
vt 0.518600 0.756500
vt 0.574700 0.754900
vt 0.630300 0.755700
vt 0.630300 0.756500
vt 0.463500 0.754900
vt 0.463200 0.755700
vt 0.408000 0.754900
vt 0.462800 0.756500
vt 0.407500 0.755700
vt 0.463900 0.754100
vt 0.519400 0.754100
vt 0.464300 0.753300
vt 0.519600 0.753300
vt 0.408500 0.754100
vt 0.409000 0.753300
vt 0.574800 0.754100
vt 0.630300 0.754900
vt 0.574900 0.753300
vt 0.630300 0.754100
vt 0.463500 0.749000
vt 0.518900 0.748200
vt 0.519100 0.749000
vt 0.463200 0.748200
vt 0.518600 0.747400
vt 0.408000 0.749000
vt 0.407500 0.748200
vt 0.462800 0.747400
vt 0.574600 0.748200
vt 0.574700 0.749000
vt 0.630300 0.748200
vt 0.630300 0.749000
vt 0.574400 0.747400
vt 0.630300 0.747400
vt 0.519400 0.749800
vt 0.574800 0.749800
vt 0.519600 0.750600
vt 0.630300 0.749800
vt 0.574900 0.750600
vt 0.463900 0.749800
vt 0.408500 0.749800
vt 0.464300 0.750600
vt 0.409000 0.750600
vt 0.519700 0.743100
vt 0.463400 0.742300
vt 0.519900 0.742300
vt 0.463600 0.741500
vt 0.520200 0.741500
vt 0.463300 0.743100
vt 0.406900 0.742300
vt 0.406900 0.741500
vt 0.576000 0.743100
vt 0.576400 0.742300
vt 0.632400 0.743100
vt 0.576800 0.741500
vt 0.632900 0.742300
vt 0.575600 0.743900
vt 0.519400 0.743900
vt 0.575200 0.744700
vt 0.519100 0.744700
vt 0.631900 0.743900
vt 0.631400 0.744700
vt 0.463200 0.743900
vt 0.406900 0.743100
vt 0.463000 0.744700
vt 0.406900 0.743900
vt 0.576000 0.737200
vt 0.519900 0.737900
vt 0.519700 0.737200
vt 0.576400 0.737900
vt 0.520200 0.738700
vt 0.632400 0.737200
vt 0.632900 0.737900
vt 0.576800 0.738700
vt 0.463400 0.737900
vt 0.463300 0.737200
vt 0.406900 0.737900
vt 0.406900 0.737200
vt 0.463600 0.738700
vt 0.406900 0.738700
vt 0.519400 0.736400
vt 0.463200 0.736400
vt 0.519200 0.735600
vt 0.406900 0.736400
vt 0.463000 0.735600
vt 0.575600 0.736400
vt 0.631900 0.736400
vt 0.575300 0.735600
vt 0.631400 0.735600
vt 0.759200 0.164600
vt 0.760000 0.085800
vt 0.760000 0.164900
vt 0.759200 0.085700
vt 0.760000 0.006800
vt 0.760700 0.006800
vt 0.759200 0.243500
vt 0.760000 0.243900
vt 0.759200 0.322400
vt 0.760000 0.322900
vt 0.758400 0.243100
vt 0.758400 0.164400
vt 0.757600 0.242700
vt 0.757600 0.164100
vt 0.758400 0.321900
vt 0.757600 0.321400
vt 0.758400 0.085600
vt 0.759200 0.006800
vt 0.757600 0.085500
vt 0.758400 0.006800
vt 0.773600 0.243500
vt 0.772900 0.164900
vt 0.773600 0.164600
vt 0.772900 0.243900
vt 0.773600 0.322400
vt 0.772900 0.322900
vt 0.772900 0.085800
vt 0.773600 0.085700
vt 0.772900 0.006800
vt 0.773600 0.006800
vt 0.772100 0.006800
vt 0.774400 0.164400
vt 0.774400 0.085600
vt 0.775200 0.164100
vt 0.774400 0.006800
vt 0.775200 0.085500
vt 0.774400 0.243100
vt 0.774400 0.321900
vt 0.775200 0.242700
vt 0.775200 0.321400
vt 0.792900 0.165900
vt 0.792000 0.244700
vt 0.792100 0.165700
vt 0.792800 0.244800
vt 0.792000 0.323700
vt 0.791200 0.323700
vt 0.792900 0.087000
vt 0.792100 0.086600
vt 0.792900 0.008100
vt 0.792100 0.007600
vt 0.793700 0.087400
vt 0.793700 0.166200
vt 0.794500 0.087800
vt 0.794400 0.166400
vt 0.793700 0.008600
vt 0.794500 0.009100
vt 0.793600 0.244900
vt 0.792800 0.323700
vt 0.794400 0.245100
vt 0.793600 0.323700
vt 0.778400 0.087000
vt 0.779200 0.165700
vt 0.778400 0.165900
vt 0.779200 0.086600
vt 0.778400 0.008100
vt 0.779200 0.007600
vt 0.779100 0.244700
vt 0.778400 0.244800
vt 0.779100 0.323700
vt 0.778300 0.323700
vt 0.779900 0.323700
vt 0.777600 0.166200
vt 0.777600 0.244900
vt 0.776800 0.166400
vt 0.777500 0.323700
vt 0.776800 0.245100
vt 0.777600 0.087400
vt 0.777700 0.008600
vt 0.776800 0.087800
vt 0.776900 0.009100
vt 0.519100 0.688600
vt 0.574600 0.689400
vt 0.518900 0.689400
vt 0.574700 0.688600
vt 0.630300 0.689400
vt 0.630300 0.690100
vt 0.463500 0.688600
vt 0.463200 0.689400
vt 0.408000 0.688600
vt 0.407500 0.689400
vt 0.463900 0.687800
vt 0.519400 0.687800
vt 0.464300 0.687000
vt 0.519600 0.687000
vt 0.408500 0.687800
vt 0.409000 0.687000
vt 0.574800 0.687800
vt 0.630300 0.688600
vt 0.574900 0.687000
vt 0.630300 0.687800
vt 0.463500 0.703000
vt 0.518900 0.702300
vt 0.519100 0.703000
vt 0.463200 0.702300
vt 0.408000 0.703000
vt 0.407500 0.702300
vt 0.574600 0.702300
vt 0.574700 0.703000
vt 0.630300 0.702300
vt 0.630300 0.703000
vt 0.630300 0.701500
vt 0.519400 0.703800
vt 0.574800 0.703800
vt 0.519600 0.704600
vt 0.630300 0.703800
vt 0.574900 0.704600
vt 0.463900 0.703800
vt 0.408500 0.703800
vt 0.464300 0.704600
vt 0.409000 0.704600
vt 0.519700 0.682600
vt 0.463400 0.681900
vt 0.519900 0.681900
vt 0.463300 0.682600
vt 0.406900 0.681900
vt 0.406900 0.681100
vt 0.576000 0.682600
vt 0.576400 0.681900
vt 0.632400 0.682600
vt 0.632900 0.681900
vt 0.575600 0.683400
vt 0.519400 0.683400
vt 0.575300 0.684200
vt 0.519200 0.684200
vt 0.631900 0.683400
vt 0.631400 0.684200
vt 0.463200 0.683400
vt 0.406900 0.682600
vt 0.463000 0.684200
vt 0.406900 0.683400
vt 0.576000 0.668200
vt 0.519900 0.669000
vt 0.519700 0.668200
vt 0.576400 0.669000
vt 0.632400 0.668200
vt 0.632900 0.669000
vt 0.463400 0.669000
vt 0.463300 0.668200
vt 0.406900 0.669000
vt 0.406900 0.668200
vt 0.406900 0.669700
vt 0.519400 0.667400
vt 0.463200 0.667400
vt 0.519200 0.666600
vt 0.406900 0.667400
vt 0.463000 0.666600
vt 0.575600 0.667400
vt 0.631900 0.667400
vt 0.575300 0.666600
vt 0.631400 0.666600
vt 0.392600 0.377800
vt 0.391500 0.215000
vt 0.392600 0.215000
vt 0.391500 0.052300
vt 0.392600 0.052200
vt 0.391500 0.377800
vt 0.390500 0.215200
vt 0.390500 0.052600
vt 0.393700 0.215000
vt 0.393700 0.377800
vt 0.394700 0.215200
vt 0.394700 0.377800
vt 0.393700 0.052300
vt 0.394700 0.052600
vt 0.393600 0.540500
vt 0.392600 0.540600
vt 0.393600 0.703200
vt 0.392600 0.703300
vt 0.394700 0.540300
vt 0.394700 0.702900
vt 0.391500 0.540500
vt 0.390500 0.540300
vt 0.390500 0.377800
vt 0.391500 0.703200
vt 0.390500 0.702900
vt 0.209300 0.377800
vt 0.208200 0.215000
vt 0.209300 0.215000
vt 0.208200 0.052300
vt 0.209300 0.052200
vt 0.208200 0.377800
vt 0.207100 0.215200
vt 0.207100 0.052600
vt 0.210300 0.215000
vt 0.210300 0.377800
vt 0.211400 0.215200
vt 0.211400 0.377800
vt 0.210300 0.052300
vt 0.211400 0.052600
vt 0.210300 0.540500
vt 0.209300 0.540600
vt 0.210300 0.703200
vt 0.209300 0.703300
vt 0.211400 0.540300
vt 0.211400 0.702900
vt 0.208200 0.540500
vt 0.207100 0.540300
vt 0.207100 0.377800
vt 0.208200 0.703200
vt 0.207100 0.702900
vt 0.192900 0.377800
vt 0.193900 0.215000
vt 0.193900 0.377800
vt 0.195000 0.215200
vt 0.195000 0.377800
vt 0.192900 0.215000
vt 0.193900 0.052300
vt 0.195000 0.052600
vt 0.193900 0.540500
vt 0.192900 0.540600
vt 0.193900 0.703200
vt 0.192900 0.703300
vt 0.195000 0.540300
vt 0.195000 0.702900
vt 0.191800 0.540500
vt 0.191800 0.377800
vt 0.190700 0.540300
vt 0.190700 0.377800
vt 0.191800 0.703200
vt 0.190700 0.702900
vt 0.191800 0.215000
vt 0.191800 0.052300
vt 0.192900 0.052200
vt 0.190700 0.215200
vt 0.190700 0.052600
vt 0.388200 0.215800
vt 0.389300 0.377800
vt 0.388200 0.377800
vt 0.389300 0.215500
vt 0.388200 0.053900
vt 0.389300 0.053200
vt 0.388200 0.539700
vt 0.389300 0.540100
vt 0.388200 0.701700
vt 0.389300 0.702400
vt 0.387000 0.539300
vt 0.387000 0.377800
vt 0.385800 0.538900
vt 0.387000 0.700900
vt 0.387000 0.216200
vt 0.387000 0.054700
vt 0.385800 0.055500
vt 0.213700 0.539800
vt 0.212500 0.377800
vt 0.213700 0.377800
vt 0.212500 0.540100
vt 0.213700 0.701700
vt 0.212500 0.702400
vt 0.213700 0.215800
vt 0.212500 0.215500
vt 0.213700 0.053800
vt 0.212500 0.053200
vt 0.214800 0.216100
vt 0.214800 0.377800
vt 0.214800 0.054400
vt 0.215800 0.055000
vt 0.214800 0.539400
vt 0.214800 0.701100
vt 0.215800 0.700600
vt 0.397000 0.539700
vt 0.395900 0.377800
vt 0.397000 0.377800
vt 0.395900 0.540100
vt 0.397000 0.701700
vt 0.395900 0.702400
vt 0.397000 0.215800
vt 0.395900 0.215500
vt 0.397000 0.053900
vt 0.395900 0.053200
vt 0.398200 0.216200
vt 0.398200 0.377800
vt 0.399400 0.216600
vt 0.399400 0.377800
vt 0.398200 0.054600
vt 0.399400 0.055500
vt 0.398200 0.539300
vt 0.398200 0.700900
vt 0.399400 0.538900
vt 0.399400 0.700000
vt 0.204800 0.215800
vt 0.206000 0.377800
vt 0.204800 0.377800
vt 0.206000 0.215500
vt 0.204800 0.053900
vt 0.206000 0.053200
vt 0.204800 0.539700
vt 0.206000 0.540100
vt 0.204800 0.701700
vt 0.206000 0.702400
vt 0.203600 0.539300
vt 0.203600 0.377800
vt 0.202400 0.538900
vt 0.202400 0.377800
vt 0.203600 0.700900
vt 0.202400 0.700100
vt 0.203600 0.216200
vt 0.203600 0.054700
vt 0.202400 0.216600
vt 0.202400 0.055500
vt 0.586800 0.404900
vt 0.586200 0.288800
vt 0.586800 0.288800
vt 0.586200 0.404900
vt 0.585700 0.288800
vt 0.586800 0.520900
vt 0.586200 0.520900
vt 0.585700 0.404900
vt 0.586800 0.172700
vt 0.586200 0.172700
vt 0.586800 0.056700
vt 0.585700 0.172700
vt 0.586200 0.056700
vt 0.587300 0.288800
vt 0.587300 0.172700
vt 0.587900 0.288800
vt 0.587300 0.056700
vt 0.587900 0.172700
vt 0.587300 0.404900
vt 0.587900 0.404900
vt 0.587300 0.520900
vt 0.406600 0.778100
vt 0.290400 0.779400
vt 0.290400 0.778100
vt 0.406900 0.779400
vt 0.290400 0.781200
vt 0.522800 0.778100
vt 0.523400 0.779400
vt 0.407500 0.781200
vt 0.174200 0.778100
vt 0.173900 0.779400
vt 0.058000 0.778100
vt 0.173300 0.781200
vt 0.057400 0.779400
vt 0.174200 0.777100
vt 0.290400 0.777100
vt 0.290400 0.776200
vt 0.058100 0.777100
vt 0.174100 0.776200
vt 0.406600 0.777100
vt 0.522700 0.777100
vt 0.406700 0.776200
vt 0.407300 0.948200
vt 0.290400 0.949300
vt 0.290400 0.948200
vt 0.407600 0.949300
vt 0.290400 0.950400
vt 0.524200 0.948200
vt 0.524900 0.949300
vt 0.407900 0.950400
vt 0.173500 0.948200
vt 0.173200 0.949300
vt 0.056700 0.948200
vt 0.172900 0.950400
vt 0.056000 0.949300
vt 0.173900 0.947000
vt 0.290400 0.947000
vt 0.174400 0.945800
vt 0.290400 0.945800
vt 0.057400 0.947000
vt 0.058300 0.945800
vt 0.406900 0.947000
vt 0.523400 0.947000
vt 0.406500 0.945800
vt 0.522500 0.945800
vt 0.171000 0.936500
vt 0.290400 0.932900
vt 0.290400 0.936500
vt 0.169300 0.932900
vt 0.290400 0.929300
vt 0.051500 0.936500
vt 0.048100 0.932900
vt 0.167600 0.929300
vt 0.409900 0.936500
vt 0.411600 0.932900
vt 0.529300 0.936500
vt 0.413200 0.929300
vt 0.532700 0.932900
vt 0.408200 0.940000
vt 0.290400 0.940000
vt 0.406500 0.943600
vt 0.290400 0.943600
vt 0.525900 0.940000
vt 0.522500 0.943600
vt 0.172700 0.940000
vt 0.054900 0.940000
vt 0.174400 0.943600
vt 0.058300 0.943600
vt 0.463000 0.155800
vt 0.466300 0.288800
vt 0.463000 0.288800
vt 0.466300 0.154100
vt 0.469700 0.288800
vt 0.463000 0.022800
vt 0.466300 0.019400
vt 0.469700 0.152400
vt 0.463000 0.421800
vt 0.466300 0.423500
vt 0.463000 0.554800
vt 0.469700 0.425200
vt 0.466300 0.558200
vt 0.459600 0.420100
vt 0.459600 0.288800
vt 0.456200 0.418400
vt 0.456200 0.288800
vt 0.459600 0.551400
vt 0.456200 0.548000
vt 0.459600 0.157500
vt 0.459600 0.026200
vt 0.456200 0.159200
vt 0.456200 0.029600
vt 0.174400 0.944700
vt 0.290400 0.944100
vt 0.290400 0.944700
vt 0.174400 0.944100
vt 0.058300 0.944700
vt 0.058300 0.944100
vt 0.406500 0.944700
vt 0.406500 0.944100
vt 0.522500 0.944700
vt 0.522500 0.944100
vt 0.290400 0.945200
vt 0.406500 0.945200
vt 0.522500 0.945200
vt 0.174400 0.945200
vt 0.058300 0.945200
vt 0.290400 0.952600
vt 0.172800 0.953600
vt 0.172700 0.952600
vt 0.055100 0.953600
vt 0.055000 0.952600
vt 0.290400 0.953600
vt 0.172900 0.954700
vt 0.055400 0.954700
vt 0.172800 0.951500
vt 0.290400 0.951500
vt 0.055100 0.951500
vt 0.055400 0.950400
vt 0.408100 0.951500
vt 0.408100 0.952600
vt 0.525700 0.951500
vt 0.525800 0.952600
vt 0.525400 0.950400
vt 0.408100 0.953600
vt 0.407900 0.954700
vt 0.290400 0.954700
vt 0.525700 0.953600
vt 0.525400 0.954700
vt 0.290400 0.789900
vt 0.170900 0.786600
vt 0.290400 0.786600
vt 0.169300 0.789900
vt 0.051300 0.786600
vt 0.290400 0.793300
vt 0.167600 0.793300
vt 0.048100 0.789900
vt 0.172200 0.783600
vt 0.290400 0.783600
vt 0.054100 0.783600
vt 0.056200 0.781200
vt 0.408600 0.783600
vt 0.410000 0.786600
vt 0.526800 0.783600
vt 0.529500 0.786600
vt 0.524600 0.781200
vt 0.411500 0.789900
vt 0.532700 0.789900
vt 0.413200 0.793300
vt 0.165200 0.924600
vt 0.290400 0.922200
vt 0.290400 0.924600
vt 0.164000 0.922200
vt 0.290400 0.919800
vt 0.040000 0.924600
vt 0.037600 0.922200
vt 0.162800 0.919800
vt 0.415600 0.924600
vt 0.416800 0.922200
vt 0.540800 0.924600
vt 0.418000 0.919800
vt 0.543200 0.922200
vt 0.414400 0.927000
vt 0.290400 0.927000
vt 0.538400 0.927000
vt 0.536100 0.929300
vt 0.166400 0.927000
vt 0.042400 0.927000
vt 0.044800 0.929300
vt 0.423400 0.820800
vt 0.290400 0.824200
vt 0.290400 0.820800
vt 0.425100 0.824200
vt 0.290400 0.827600
vt 0.556400 0.820800
vt 0.559800 0.824200
vt 0.426800 0.827600
vt 0.157400 0.820800
vt 0.155700 0.824200
vt 0.024400 0.820800
vt 0.154000 0.827600
vt 0.021000 0.824200
vt 0.159100 0.817500
vt 0.290400 0.817500
vt 0.160800 0.814100
vt 0.290400 0.814100
vt 0.027800 0.817500
vt 0.031200 0.814100
vt 0.421700 0.817500
vt 0.553000 0.817500
vt 0.420000 0.814100
vt 0.549600 0.814100
vt 0.594700 0.288800
vt 0.595800 0.406500
vt 0.594700 0.406500
vt 0.595700 0.524100
vt 0.594700 0.524200
vt 0.595800 0.288800
vt 0.596800 0.406300
vt 0.596800 0.523800
vt 0.593600 0.406500
vt 0.593600 0.288800
vt 0.592600 0.406300
vt 0.592600 0.288800
vt 0.593600 0.524100
vt 0.592600 0.523800
vt 0.593600 0.171200
vt 0.594700 0.171100
vt 0.593600 0.053500
vt 0.594700 0.053400
vt 0.592600 0.171300
vt 0.592600 0.053800
vt 0.595800 0.171200
vt 0.596800 0.171300
vt 0.596800 0.288800
vt 0.595800 0.053500
vt 0.596800 0.053800
vt 0.196100 0.377800
vt 0.197300 0.215800
vt 0.197300 0.377800
vt 0.196100 0.215500
vt 0.197300 0.053900
vt 0.196100 0.053200
vt 0.198500 0.216200
vt 0.198500 0.377800
vt 0.199700 0.216600
vt 0.199700 0.377800
vt 0.198500 0.054600
vt 0.199700 0.055500
vt 0.198500 0.539300
vt 0.197300 0.539700
vt 0.198500 0.700900
vt 0.197300 0.701700
vt 0.199700 0.538900
vt 0.199700 0.700000
vt 0.196100 0.540100
vt 0.196100 0.702400
vt 0.138000 0.377800
vt 0.141400 0.199800
vt 0.141400 0.377800
vt 0.138000 0.198100
vt 0.141400 0.021800
vt 0.134700 0.377800
vt 0.134700 0.196400
vt 0.138000 0.018400
vt 0.144800 0.201500
vt 0.144800 0.377800
vt 0.148200 0.203200
vt 0.148200 0.377800
vt 0.144800 0.025200
vt 0.148200 0.028600
vt 0.144800 0.554100
vt 0.141400 0.555800
vt 0.144800 0.730400
vt 0.141400 0.733700
vt 0.148200 0.552400
vt 0.148200 0.727000
vt 0.138000 0.557500
vt 0.138000 0.737100
vt 0.134700 0.559100
vt 0.416100 0.405700
vt 0.415000 0.288800
vt 0.416100 0.288800
vt 0.415000 0.406000
vt 0.413900 0.288800
vt 0.416100 0.522600
vt 0.415000 0.523300
vt 0.413900 0.406300
vt 0.416100 0.171900
vt 0.415000 0.171600
vt 0.416100 0.055000
vt 0.413900 0.171300
vt 0.415000 0.054400
vt 0.417200 0.172200
vt 0.417200 0.288800
vt 0.418300 0.172500
vt 0.418300 0.288800
vt 0.417200 0.055600
vt 0.418300 0.056200
vt 0.417200 0.405400
vt 0.417200 0.522000
vt 0.418300 0.405100
vt 0.418300 0.521500
vt 0.566700 0.414000
vt 0.564300 0.288800
vt 0.566700 0.288800
vt 0.564300 0.415200
vt 0.561900 0.288800
vt 0.566700 0.539200
vt 0.564300 0.541600
vt 0.561900 0.416400
vt 0.566700 0.163600
vt 0.564300 0.162400
vt 0.566700 0.038400
vt 0.561900 0.161200
vt 0.564300 0.036000
vt 0.569100 0.164800
vt 0.569100 0.288800
vt 0.571400 0.166000
vt 0.571400 0.288800
vt 0.569100 0.040800
vt 0.571400 0.043200
vt 0.569100 0.412800
vt 0.569100 0.536800
vt 0.571400 0.411600
vt 0.571400 0.534500
vt 0.590300 0.171900
vt 0.591400 0.288800
vt 0.590300 0.288800
vt 0.591400 0.171600
vt 0.590300 0.055000
vt 0.591400 0.054400
vt 0.590300 0.405700
vt 0.591400 0.406000
vt 0.590300 0.522600
vt 0.591400 0.523300
vt 0.589100 0.405300
vt 0.589100 0.288800
vt 0.589100 0.521800
vt 0.587900 0.520900
vt 0.589100 0.172300
vt 0.589100 0.055800
vt 0.587900 0.056700
vt 0.175800 0.542400
vt 0.172500 0.377800
vt 0.175800 0.377800
vt 0.172500 0.543900
vt 0.169000 0.377800
vt 0.175800 0.706900
vt 0.172500 0.710100
vt 0.169000 0.545600
vt 0.175800 0.213200
vt 0.172500 0.211600
vt 0.175800 0.048600
vt 0.169000 0.210000
vt 0.172500 0.045500
vt 0.178800 0.214600
vt 0.178800 0.377800
vt 0.181200 0.215600
vt 0.181200 0.377800
vt 0.178800 0.051300
vt 0.181200 0.053400
vt 0.178800 0.541000
vt 0.178800 0.704200
vt 0.181200 0.540000
vt 0.181200 0.702100
vt 0.420200 0.172600
vt 0.421500 0.288800
vt 0.420200 0.288800
vt 0.421500 0.172300
vt 0.423300 0.288800
vt 0.420200 0.056400
vt 0.421500 0.055800
vt 0.423300 0.171700
vt 0.420200 0.405000
vt 0.421500 0.405300
vt 0.420200 0.521200
vt 0.423300 0.405900
vt 0.421500 0.521800
vt 0.419200 0.405000
vt 0.419200 0.288800
vt 0.419200 0.521100
vt 0.419200 0.172600
vt 0.419200 0.056500
vt 0.149900 0.377800
vt 0.151600 0.203200
vt 0.151600 0.377800
vt 0.149900 0.203200
vt 0.151600 0.028600
vt 0.149900 0.028600
vt 0.153300 0.377800
vt 0.153300 0.203200
vt 0.155000 0.377800
vt 0.153300 0.028600
vt 0.155000 0.203200
vt 0.151600 0.552400
vt 0.153300 0.552400
vt 0.151600 0.727000
vt 0.155000 0.552400
vt 0.153300 0.727000
vt 0.149900 0.552400
vt 0.149900 0.727000
vt 0.546400 0.424200
vt 0.538600 0.288800
vt 0.546400 0.288800
vt 0.538600 0.428100
vt 0.530800 0.288800
vt 0.546400 0.559500
vt 0.538600 0.567300
vt 0.530800 0.432000
vt 0.546400 0.153400
vt 0.538600 0.149500
vt 0.546400 0.018100
vt 0.530800 0.145600
vt 0.538600 0.010300
vt 0.554200 0.157300
vt 0.554200 0.288800
vt 0.554200 0.025900
vt 0.561900 0.033700
vt 0.554200 0.420300
vt 0.554200 0.551800
vt 0.562000 0.544000
vt 0.109200 0.377800
vt 0.117700 0.196400
vt 0.117700 0.377800
vt 0.109200 0.196400
vt 0.117700 0.015000
vt 0.100800 0.377800
vt 0.100800 0.196400
vt 0.109200 0.015000
vt 0.126200 0.377800
vt 0.126200 0.196400
vt 0.126200 0.015000
vt 0.117700 0.559100
vt 0.126200 0.559100
vt 0.117700 0.740500
vt 0.126200 0.740500
vt 0.109200 0.559100
vt 0.109200 0.740500
vt 0.100800 0.559100
vt 0.599100 0.405700
vt 0.598000 0.288800
vt 0.599100 0.288800
vt 0.598000 0.406000
vt 0.599100 0.522600
vt 0.598000 0.523300
vt 0.599100 0.171900
vt 0.598000 0.171600
vt 0.599100 0.055000
vt 0.598000 0.054400
vt 0.600300 0.172300
vt 0.600300 0.288800
vt 0.601500 0.172700
vt 0.601500 0.288800
vt 0.600300 0.055800
vt 0.601500 0.056700
vt 0.600300 0.405300
vt 0.600300 0.521800
vt 0.601500 0.404900
vt 0.601500 0.520900
vt 0.452800 0.159200
vt 0.454500 0.288800
vt 0.452800 0.288800
vt 0.454500 0.159200
vt 0.452800 0.029600
vt 0.454500 0.029600
vt 0.452800 0.418400
vt 0.454500 0.418400
vt 0.452800 0.548000
vt 0.454500 0.548000
vt 0.451100 0.288800
vt 0.451100 0.418400
vt 0.449400 0.288800
vt 0.451100 0.548000
vt 0.449400 0.418400
vt 0.451100 0.159200
vt 0.449400 0.159200
vt 0.451100 0.029600
vt 0.183000 0.377800
vt 0.184300 0.216500
vt 0.184300 0.377800
vt 0.183000 0.216200
vt 0.184300 0.055200
vt 0.183000 0.054700
vt 0.185400 0.216500
vt 0.185400 0.377800
vt 0.186300 0.377800
vt 0.185400 0.055300
vt 0.186300 0.216400
vt 0.185400 0.539000
vt 0.184300 0.539000
vt 0.185400 0.700300
vt 0.184300 0.700300
vt 0.186300 0.539200
vt 0.183000 0.539300
vt 0.183000 0.700900
vt 0.009500 0.377800
vt 0.010600 0.215100
vt 0.010600 0.377800
vt 0.011700 0.215200
vt 0.011700 0.377800
vt 0.009500 0.215000
vt 0.010600 0.052300
vt 0.011700 0.052600
vt 0.010600 0.540500
vt 0.009500 0.540600
vt 0.010600 0.703200
vt 0.009500 0.703300
vt 0.011700 0.540300
vt 0.011700 0.702900
vt 0.008500 0.540500
vt 0.008500 0.377800
vt 0.007400 0.540300
vt 0.007400 0.377800
vt 0.008500 0.703200
vt 0.007400 0.702900
vt 0.008500 0.215100
vt 0.008500 0.052300
vt 0.009500 0.052200
vt 0.007400 0.215200
vt 0.007400 0.052600
vt 0.433600 0.881900
vt 0.290400 0.885300
vt 0.290400 0.881900
vt 0.433600 0.885300
vt 0.290400 0.888600
vt 0.576800 0.881900
vt 0.576800 0.885300
vt 0.433600 0.888600
vt 0.147200 0.881900
vt 0.147200 0.885300
vt 0.004100 0.881900
vt 0.147200 0.888600
vt 0.004100 0.885300
vt 0.290400 0.878500
vt 0.147200 0.878500
vt 0.290400 0.875100
vt 0.004100 0.878500
vt 0.147200 0.875100
vt 0.433600 0.878500
vt 0.433600 0.875100
vt 0.576800 0.878500
vt 0.018000 0.377800
vt 0.017400 0.538900
vt 0.017400 0.377800
vt 0.018000 0.538900
vt 0.017400 0.700100
vt 0.018500 0.377800
vt 0.018500 0.538900
vt 0.018000 0.700100
vt 0.016900 0.377800
vt 0.016900 0.538900
vt 0.016300 0.377800
vt 0.016900 0.700100
vt 0.016300 0.538900
vt 0.017400 0.216600
vt 0.016900 0.216600
vt 0.017400 0.055500
vt 0.016300 0.216600
vt 0.016900 0.055500
vt 0.018000 0.216600
vt 0.018000 0.055500
vt 0.018500 0.216600
vt 0.407300 0.765200
vt 0.290400 0.766300
vt 0.290400 0.765200
vt 0.407600 0.766300
vt 0.290400 0.767500
vt 0.524200 0.765200
vt 0.524900 0.766300
vt 0.407900 0.767500
vt 0.173500 0.765200
vt 0.173200 0.766300
vt 0.056700 0.765200
vt 0.172900 0.767500
vt 0.056000 0.766300
vt 0.173900 0.764000
vt 0.290400 0.764000
vt 0.174400 0.762800
vt 0.290400 0.762800
vt 0.057400 0.764000
vt 0.058300 0.762800
vt 0.406900 0.764000
vt 0.523400 0.764000
vt 0.406500 0.762800
vt 0.522500 0.762800
vt 0.420000 0.810700
vt 0.290400 0.812400
vt 0.290400 0.810700
vt 0.420000 0.812400
vt 0.549600 0.810700
vt 0.549600 0.812400
vt 0.160800 0.810700
vt 0.160800 0.812400
vt 0.031200 0.810700
vt 0.031200 0.812400
vt 0.290400 0.809000
vt 0.160800 0.809000
vt 0.290400 0.807300
vt 0.031200 0.809000
vt 0.160800 0.807300
vt 0.420000 0.809000
vt 0.420000 0.807300
vt 0.549600 0.809000
vt 0.426800 0.844600
vt 0.290400 0.853100
vt 0.290400 0.844600
vt 0.426800 0.853100
vt 0.290400 0.861500
vt 0.563200 0.844600
vt 0.563200 0.853000
vt 0.426800 0.861500
vt 0.154000 0.844600
vt 0.154000 0.853100
vt 0.017600 0.844600
vt 0.154000 0.861500
vt 0.017600 0.853100
vt 0.290400 0.836100
vt 0.154000 0.836100
vt 0.017600 0.836100
vt 0.426800 0.836100
vt 0.563200 0.836100
vt 0.090600 0.377800
vt 0.094000 0.193000
vt 0.094000 0.377800
vt 0.090600 0.191300
vt 0.094000 0.008300
vt 0.087200 0.377800
vt 0.087200 0.189600
vt 0.090600 0.004900
vt 0.097400 0.194700
vt 0.097400 0.377800
vt 0.097400 0.011600
vt 0.100800 0.015000
vt 0.097400 0.560800
vt 0.094000 0.562500
vt 0.097400 0.743900
vt 0.094000 0.747300
vt 0.100800 0.740500
vt 0.090600 0.564200
vt 0.090600 0.750700
vt 0.087200 0.565900
vt 0.578600 0.408200
vt 0.575000 0.288800
vt 0.578600 0.288800
vt 0.575000 0.409900
vt 0.578600 0.527700
vt 0.575000 0.531100
vt 0.578600 0.169400
vt 0.575000 0.167700
vt 0.578600 0.049900
vt 0.575000 0.046500
vt 0.582100 0.171100
vt 0.582100 0.288800
vt 0.582100 0.053300
vt 0.585700 0.056700
vt 0.582100 0.406600
vt 0.582100 0.524300
vt 0.585700 0.520900
vt 0.006300 0.377800
vt 0.005100 0.539700
vt 0.005100 0.377800
vt 0.006300 0.540100
vt 0.005100 0.701700
vt 0.006300 0.702400
vt 0.003900 0.539300
vt 0.003900 0.377800
vt 0.002700 0.538900
vt 0.002700 0.377800
vt 0.003900 0.700900
vt 0.002700 0.700100
vt 0.003900 0.216200
vt 0.005100 0.215800
vt 0.003900 0.054700
vt 0.005100 0.053900
vt 0.002700 0.216600
vt 0.002700 0.055500
vt 0.006300 0.215500
vt 0.006300 0.053200
vt 0.012800 0.377800
vt 0.014000 0.215800
vt 0.014000 0.377800
vt 0.012800 0.215500
vt 0.014000 0.053900
vt 0.012800 0.053200
vt 0.015100 0.216200
vt 0.015100 0.377800
vt 0.015100 0.054700
vt 0.016300 0.055500
vt 0.015100 0.539300
vt 0.014000 0.539700
vt 0.015100 0.700900
vt 0.014000 0.701700
vt 0.016300 0.700100
vt 0.012800 0.540100
vt 0.012800 0.702400
vt 0.158500 0.377800
vt 0.162000 0.206600
vt 0.162000 0.377800
vt 0.158500 0.204900
vt 0.162000 0.035400
vt 0.158500 0.032000
vt 0.165500 0.208300
vt 0.165500 0.377800
vt 0.165500 0.038800
vt 0.169000 0.042200
vt 0.165500 0.547300
vt 0.162000 0.549000
vt 0.165500 0.716800
vt 0.162000 0.720200
vt 0.169000 0.713400
vt 0.158500 0.550700
vt 0.158500 0.723600
vt 0.411700 0.288800
vt 0.412800 0.406500
vt 0.411700 0.406500
vt 0.412800 0.524100
vt 0.411700 0.524200
vt 0.412800 0.288800
vt 0.413900 0.523800
vt 0.410700 0.406500
vt 0.410700 0.288800
vt 0.409600 0.406300
vt 0.409600 0.288800
vt 0.410700 0.524100
vt 0.409600 0.523800
vt 0.410700 0.171200
vt 0.411700 0.171100
vt 0.410700 0.053500
vt 0.411700 0.053400
vt 0.409600 0.171300
vt 0.409600 0.053800
vt 0.412800 0.171200
vt 0.412800 0.053500
vt 0.413900 0.053800
vt 0.189600 0.377800
vt 0.188500 0.539800
vt 0.188500 0.377800
vt 0.189600 0.540100
vt 0.188500 0.701700
vt 0.189600 0.702400
vt 0.187300 0.539400
vt 0.187300 0.377800
vt 0.187300 0.701100
vt 0.186300 0.700600
vt 0.187300 0.216100
vt 0.188500 0.215800
vt 0.187300 0.054400
vt 0.188500 0.053800
vt 0.186300 0.055000
vt 0.189600 0.215500
vt 0.189600 0.053200
vt 0.524000 0.145600
vt 0.527400 0.288800
vt 0.524000 0.288800
vt 0.527400 0.145600
vt 0.524000 0.002500
vt 0.527400 0.002500
vt 0.524000 0.432000
vt 0.527400 0.432000
vt 0.524000 0.575100
vt 0.527400 0.575100
vt 0.520600 0.288800
vt 0.520600 0.432000
vt 0.517200 0.288800
vt 0.520600 0.575100
vt 0.517200 0.432000
vt 0.520600 0.145600
vt 0.517200 0.145600
vt 0.520600 0.002500
vt 0.029300 0.377800
vt 0.025700 0.542300
vt 0.025700 0.377800
vt 0.029300 0.543900
vt 0.025700 0.706700
vt 0.032900 0.377800
vt 0.033000 0.545600
vt 0.029300 0.710100
vt 0.022100 0.540600
vt 0.022100 0.377800
vt 0.022100 0.703400
vt 0.018500 0.700100
vt 0.022100 0.215000
vt 0.025700 0.213300
vt 0.022100 0.052200
vt 0.025700 0.048800
vt 0.018500 0.055500
vt 0.029300 0.211600
vt 0.029300 0.045500
vt 0.032900 0.210000
vt 0.430200 0.868300
vt 0.290400 0.871700
vt 0.290400 0.868300
vt 0.431900 0.871700
vt 0.570000 0.868300
vt 0.573400 0.871700
vt 0.150600 0.868300
vt 0.148900 0.871700
vt 0.010900 0.868300
vt 0.007500 0.871700
vt 0.152300 0.864900
vt 0.290400 0.864900
vt 0.014200 0.864900
vt 0.017600 0.861500
vt 0.428500 0.864900
vt 0.566600 0.864900
vt 0.563200 0.861500
vt 0.040100 0.377800
vt 0.037700 0.548000
vt 0.037700 0.377800
vt 0.040100 0.549100
vt 0.037700 0.718100
vt 0.042400 0.377800
vt 0.042400 0.550300
vt 0.040100 0.720500
vt 0.035300 0.546800
vt 0.035300 0.377800
vt 0.035300 0.715800
vt 0.033000 0.713400
vt 0.035300 0.208800
vt 0.037700 0.207600
vt 0.035300 0.039800
vt 0.037700 0.037400
vt 0.032900 0.042200
vt 0.040100 0.206400
vt 0.040100 0.035000
vt 0.042400 0.205200
vt 0.442400 0.288800
vt 0.438900 0.413300
vt 0.438900 0.288800
vt 0.435400 0.411600
vt 0.435400 0.288800
vt 0.442400 0.415000
vt 0.438900 0.537900
vt 0.435400 0.534500
vt 0.438900 0.164300
vt 0.442400 0.162600
vt 0.438900 0.039800
vt 0.442400 0.036400
vt 0.435400 0.166000
vt 0.435400 0.043200
vt 0.445900 0.288800
vt 0.445900 0.160900
vt 0.445900 0.033000
vt 0.445900 0.416700
vt 0.442400 0.541200
vt 0.445900 0.544600
vt 0.077000 0.377800
vt 0.080400 0.189600
vt 0.080400 0.377800
vt 0.077000 0.189600
vt 0.080400 0.001500
vt 0.073600 0.377800
vt 0.073600 0.189600
vt 0.077000 0.001500
vt 0.083800 0.377800
vt 0.083800 0.189600
vt 0.083800 0.001500
vt 0.080400 0.565900
vt 0.083800 0.565900
vt 0.080400 0.754100
vt 0.083800 0.754100
vt 0.077000 0.565900
vt 0.077000 0.754100
vt 0.073600 0.565900
vt 0.065800 0.377800
vt 0.058000 0.558100
vt 0.058000 0.377800
vt 0.065800 0.562000
vt 0.058000 0.738500
vt 0.065800 0.746300
vt 0.050200 0.554200
vt 0.050200 0.377800
vt 0.050200 0.730700
vt 0.042400 0.722900
vt 0.050200 0.201300
vt 0.058000 0.197400
vt 0.050200 0.024900
vt 0.058000 0.017100
vt 0.042400 0.032700
vt 0.065800 0.193500
vt 0.065800 0.009300
vt 0.432000 0.288800
vt 0.428700 0.408400
vt 0.428700 0.288800
vt 0.432000 0.409900
vt 0.428700 0.527900
vt 0.432000 0.531100
vt 0.425800 0.407000
vt 0.425800 0.288800
vt 0.425800 0.525200
vt 0.423300 0.523000
vt 0.425800 0.170600
vt 0.428700 0.169300
vt 0.425800 0.052500
vt 0.428700 0.049700
vt 0.423300 0.054600
vt 0.432000 0.167700
vt 0.432000 0.046500
vt 0.155000 0.904200
vt 0.290400 0.896400
vt 0.290400 0.904200
vt 0.151100 0.896400
vt 0.019700 0.904200
vt 0.011900 0.896400
vt 0.425800 0.904200
vt 0.429700 0.896400
vt 0.561200 0.904200
vt 0.569000 0.896400
vt 0.421900 0.912000
vt 0.290400 0.912000
vt 0.553400 0.912000
vt 0.545600 0.919800
vt 0.158900 0.912000
vt 0.027500 0.912000
vt 0.035300 0.919800
vt 0.510400 0.149000
vt 0.513800 0.288800
vt 0.510400 0.288800
vt 0.513800 0.147300
vt 0.510400 0.009300
vt 0.513800 0.005900
vt 0.510400 0.428600
vt 0.513800 0.430300
vt 0.510400 0.568400
vt 0.513800 0.571800
vt 0.507000 0.426900
vt 0.507000 0.288800
vt 0.503600 0.425200
vt 0.503600 0.288800
vt 0.507000 0.565000
vt 0.503600 0.561600
vt 0.507000 0.150700
vt 0.507000 0.012600
vt 0.503600 0.152400
vt 0.503600 0.016000
vt 0.486700 0.152400
vt 0.495200 0.288800
vt 0.486700 0.288800
vt 0.495200 0.152400
vt 0.486700 0.016000
vt 0.495200 0.016000
vt 0.486700 0.425200
vt 0.495200 0.425200
vt 0.486700 0.561600
vt 0.495200 0.561600
vt 0.478200 0.288800
vt 0.478200 0.425200
vt 0.478200 0.561600
vt 0.478200 0.152400
vt 0.478200 0.016000
vt 0.290400 0.800300
vt 0.165900 0.796800
vt 0.290400 0.796800
vt 0.164200 0.800300
vt 0.041400 0.796800
vt 0.044800 0.793300
vt 0.414900 0.796800
vt 0.416600 0.800300
vt 0.539500 0.796800
vt 0.542800 0.800300
vt 0.536100 0.793300
vt 0.290400 0.803800
vt 0.418300 0.803800
vt 0.546200 0.803800
vt 0.162500 0.803800
vt 0.038000 0.800300
vt 0.034600 0.803800
vt 0.290400 0.769600
vt 0.172800 0.770700
vt 0.172700 0.769600
vt 0.055100 0.770700
vt 0.055000 0.769600
vt 0.290400 0.770700
vt 0.172900 0.771700
vt 0.055400 0.771700
vt 0.172800 0.768500
vt 0.290400 0.768500
vt 0.055100 0.768500
vt 0.055400 0.767500
vt 0.408100 0.768500
vt 0.408100 0.769600
vt 0.525700 0.768500
vt 0.525800 0.769600
vt 0.525400 0.767500
vt 0.408100 0.770700
vt 0.407900 0.771700
vt 0.290400 0.771700
vt 0.525700 0.770700
vt 0.525400 0.771700
vt 0.173500 0.774000
vt 0.290400 0.772900
vt 0.290400 0.774000
vt 0.173200 0.772900
vt 0.056600 0.774000
vt 0.056000 0.772900
vt 0.407300 0.774000
vt 0.407600 0.772900
vt 0.524200 0.774000
vt 0.524900 0.772900
vt 0.407000 0.775100
vt 0.290400 0.775100
vt 0.523600 0.775100
vt 0.523100 0.776200
vt 0.173800 0.775100
vt 0.057200 0.775100
vt 0.057800 0.776200
vt 0.173500 0.957000
vt 0.290400 0.955900
vt 0.290400 0.957000
vt 0.173200 0.955800
vt 0.056700 0.957000
vt 0.056000 0.955800
vt 0.407300 0.957000
vt 0.407600 0.955900
vt 0.524200 0.957000
vt 0.524900 0.955900
vt 0.406900 0.958200
vt 0.290400 0.958200
vt 0.406500 0.959400
vt 0.290400 0.959400
vt 0.523400 0.958200
vt 0.522500 0.959400
vt 0.173900 0.958200
vt 0.057400 0.958200
vt 0.174400 0.959400
vt 0.058300 0.959400
vt 0.407300 0.171900
vt 0.408400 0.288800
vt 0.407300 0.288800
vt 0.408400 0.171600
vt 0.407300 0.055000
vt 0.408400 0.054400
vt 0.407300 0.405700
vt 0.408400 0.406000
vt 0.407300 0.522600
vt 0.408400 0.523300
vt 0.406100 0.405300
vt 0.406100 0.288800
vt 0.404900 0.404900
vt 0.404900 0.288800
vt 0.406100 0.521800
vt 0.404900 0.520900
vt 0.406100 0.172300
vt 0.406100 0.055800
vt 0.404900 0.172700
vt 0.404900 0.056700
vt 0.183000 0.730600
vt 0.186000 0.736200
vt 0.183000 0.736200
vt 0.186000 0.730200
vt 0.190100 0.736200
vt 0.183100 0.725000
vt 0.186000 0.724300
vt 0.190100 0.730100
vt 0.183000 0.741800
vt 0.186000 0.742200
vt 0.183000 0.747400
vt 0.190100 0.742400
vt 0.186000 0.748200
vt 0.180700 0.741100
vt 0.180600 0.736200
vt 0.178800 0.740300
vt 0.178600 0.736200
vt 0.181000 0.746000
vt 0.179600 0.743700
vt 0.180700 0.731300
vt 0.181000 0.726400
vt 0.178800 0.732200
vt 0.179700 0.728700
vt 0.181700 0.749600
vt 0.184500 0.751000
vt 0.181000 0.750500
vt 0.183900 0.752000
vt 0.180400 0.751500
vt 0.185000 0.750100
vt 0.189000 0.751400
vt 0.188600 0.752400
vt 0.179000 0.748900
vt 0.178200 0.750000
vt 0.176800 0.748200
vt 0.177500 0.750900
vt 0.175800 0.749400
vt 0.180000 0.747500
vt 0.182300 0.748500
vt 0.178000 0.746400
vt 0.185500 0.749100
vt 0.189300 0.750400
vt 0.189700 0.749500
vt 0.176000 0.741600
vt 0.174800 0.736200
vt 0.176000 0.736200
vt 0.174800 0.741800
vt 0.173700 0.736200
vt 0.176100 0.746900
vt 0.174800 0.747500
vt 0.173700 0.742000
vt 0.176100 0.730800
vt 0.174800 0.730600
vt 0.176100 0.725500
vt 0.173700 0.730400
vt 0.174900 0.724900
vt 0.177400 0.731400
vt 0.177300 0.736200
vt 0.177700 0.726700
vt 0.177400 0.741000
vt 0.177700 0.745800
vt 0.226900 0.730900
vt 0.228200 0.736200
vt 0.227000 0.736200
vt 0.228100 0.730600
vt 0.229300 0.736200
vt 0.226800 0.725500
vt 0.228100 0.724900
vt 0.229300 0.730400
vt 0.226900 0.741600
vt 0.228200 0.741900
vt 0.226900 0.746900
vt 0.229300 0.742000
vt 0.228200 0.747500
vt 0.225600 0.741000
vt 0.225700 0.736200
vt 0.224200 0.740300
vt 0.224400 0.736200
vt 0.225300 0.745800
vt 0.223400 0.743700
vt 0.225600 0.731400
vt 0.225300 0.726700
vt 0.224100 0.732200
vt 0.223300 0.728700
vt 0.221300 0.722900
vt 0.218500 0.721400
vt 0.222000 0.721900
vt 0.219000 0.720400
vt 0.222600 0.720900
vt 0.218000 0.722400
vt 0.214000 0.721000
vt 0.214400 0.720100
vt 0.223900 0.723500
vt 0.224700 0.722500
vt 0.226200 0.724300
vt 0.225400 0.721500
vt 0.227100 0.723000
vt 0.223000 0.724900
vt 0.220600 0.723900
vt 0.222000 0.726400
vt 0.219900 0.725000
vt 0.225000 0.726000
vt 0.217500 0.723300
vt 0.213600 0.722000
vt 0.216900 0.724300
vt 0.213200 0.723000
vt 0.220000 0.736200
vt 0.222300 0.731300
vt 0.222400 0.736200
vt 0.220000 0.730600
vt 0.222300 0.741100
vt 0.220000 0.741800
vt 0.222000 0.746000
vt 0.219900 0.747400
vt 0.216900 0.736200
vt 0.216900 0.742200
vt 0.212900 0.736200
vt 0.217000 0.748200
vt 0.212900 0.742400
vt 0.216900 0.730200
vt 0.212900 0.730100
vt 0.201500 0.736200
vt 0.207500 0.730000
vt 0.207500 0.736200
vt 0.201500 0.729900
vt 0.207500 0.723700
vt 0.212900 0.723900
vt 0.207500 0.742500
vt 0.201500 0.742500
vt 0.207500 0.748700
vt 0.201500 0.748800
vt 0.212900 0.748500
vt 0.195500 0.742500
vt 0.195500 0.736200
vt 0.195500 0.748700
vt 0.190100 0.748500
vt 0.195500 0.730000
vt 0.195500 0.723700
vt 0.201500 0.723600
vt 0.190100 0.723900
vt 0.223900 0.748900
vt 0.222000 0.750500
vt 0.221300 0.749600
vt 0.224700 0.750000
vt 0.222600 0.751500
vt 0.226200 0.748200
vt 0.227100 0.749400
vt 0.225400 0.750900
vt 0.218500 0.751000
vt 0.218000 0.750100
vt 0.214000 0.751400
vt 0.213600 0.750400
vt 0.219000 0.752000
vt 0.214400 0.752400
vt 0.220600 0.748500
vt 0.217500 0.749100
vt 0.213200 0.749500
vt 0.223000 0.747500
vt 0.225000 0.746400
vt 0.207900 0.750700
vt 0.201500 0.751700
vt 0.201500 0.750700
vt 0.208100 0.751600
vt 0.201500 0.752700
vt 0.208300 0.752600
vt 0.195100 0.750700
vt 0.194900 0.751600
vt 0.194700 0.752600
vt 0.195300 0.749700
vt 0.201500 0.749800
vt 0.207700 0.749700
vt 0.179100 0.723500
vt 0.181000 0.721900
vt 0.181700 0.722900
vt 0.178300 0.722400
vt 0.180400 0.720900
vt 0.176800 0.724200
vt 0.175900 0.723000
vt 0.177600 0.721500
vt 0.184500 0.721400
vt 0.185000 0.722400
vt 0.189000 0.721000
vt 0.189400 0.722000
vt 0.184000 0.720400
vt 0.188600 0.720100
vt 0.182400 0.723900
vt 0.185500 0.723300
vt 0.189700 0.723000
vt 0.180000 0.724900
vt 0.178000 0.726000
vt 0.195100 0.721800
vt 0.201500 0.720700
vt 0.201500 0.721700
vt 0.194900 0.720800
vt 0.201500 0.719800
vt 0.194700 0.719800
vt 0.207900 0.721800
vt 0.208100 0.720800
vt 0.208300 0.719800
vt 0.207700 0.722700
vt 0.201500 0.722700
vt 0.195300 0.722700
vt 0.015700 0.023000
vt 0.017300 0.023900
vt 0.015700 0.023900
vt 0.018700 0.023000
vt 0.018700 0.023900
vt 0.015700 0.022100
vt 0.017300 0.023000
vt 0.018700 0.022100
vt 0.017300 0.024800
vt 0.015700 0.024800
vt 0.017300 0.025700
vt 0.015700 0.025700
vt 0.018700 0.025700
vt 0.014000 0.024800
vt 0.014000 0.023900
vt 0.012200 0.023900
vt 0.014000 0.025700
vt 0.012200 0.024800
vt 0.014000 0.023000
vt 0.012200 0.023000
vt 0.014000 0.022100
vt 0.015800 0.006100
vt 0.017300 0.005500
vt 0.017300 0.006100
vt 0.018700 0.006100
vt 0.015800 0.004800
vt 0.015800 0.005500
vt 0.017300 0.004800
vt 0.018700 0.005500
vt 0.015700 0.006700
vt 0.017300 0.007400
vt 0.015700 0.007400
vt 0.017300 0.006700
vt 0.018700 0.006700
vt 0.014000 0.006100
vt 0.014000 0.006700
vt 0.012300 0.006100
vt 0.014000 0.007400
vt 0.012200 0.006700
vt 0.014200 0.005500
vt 0.012500 0.005500
vt 0.014300 0.004800
vt 0.015700 0.020400
vt 0.017300 0.019600
vt 0.017300 0.020400
vt 0.018700 0.019600
vt 0.018700 0.020400
vt 0.015700 0.019600
vt 0.017300 0.018800
vt 0.017300 0.021200
vt 0.015700 0.021200
vt 0.017300 0.022100
vt 0.014000 0.020400
vt 0.014000 0.021200
vt 0.012200 0.020400
vt 0.012200 0.021200
vt 0.014000 0.019600
vt 0.015700 0.018800
vt 0.012200 0.019600
vt 0.014000 0.018800
vt 0.015700 0.008700
vt 0.017300 0.008100
vt 0.017300 0.008700
vt 0.018700 0.008700
vt 0.015700 0.008100
vt 0.018700 0.007400
vt 0.018700 0.008100
vt 0.015700 0.009400
vt 0.017300 0.010100
vt 0.015700 0.010100
vt 0.018700 0.009400
vt 0.017300 0.009400
vt 0.014000 0.008700
vt 0.014000 0.009400
vt 0.012200 0.008700
vt 0.014000 0.010100
vt 0.012200 0.009400
vt 0.014000 0.008100
vt 0.012200 0.008100
vt 0.015700 0.011500
vt 0.017300 0.010800
vt 0.017300 0.011500
vt 0.018700 0.010800
vt 0.018700 0.011500
vt 0.015700 0.010800
vt 0.018700 0.010100
vt 0.017300 0.012200
vt 0.015700 0.012200
vt 0.015700 0.012900
vt 0.018700 0.012200
vt 0.018700 0.012900
vt 0.017300 0.012900
vt 0.014000 0.011500
vt 0.014000 0.012200
vt 0.012200 0.011500
vt 0.014000 0.012900
vt 0.012200 0.012200
vt 0.014000 0.010800
vt 0.012200 0.010800
vt 0.015700 0.014300
vt 0.017300 0.013600
vt 0.017300 0.014300
vt 0.018700 0.014300
vt 0.015700 0.013600
vt 0.018700 0.013600
vt 0.015700 0.015100
vt 0.017300 0.015100
vt 0.015700 0.015800
vt 0.018700 0.015100
vt 0.018700 0.015800
vt 0.017300 0.015800
vt 0.014000 0.014300
vt 0.014000 0.015100
vt 0.012200 0.014300
vt 0.014000 0.015800
vt 0.012200 0.015100
vt 0.014000 0.013600
vt 0.012200 0.013600
vt 0.015700 0.017300
vt 0.017300 0.016500
vt 0.017300 0.017300
vt 0.018700 0.017300
vt 0.015700 0.016500
vt 0.018700 0.016500
vt 0.017300 0.018000
vt 0.015700 0.018000
vt 0.018700 0.018000
vt 0.014000 0.018000
vt 0.014000 0.017300
vt 0.012200 0.017300
vt 0.012200 0.018000
vt 0.014000 0.016500
vt 0.012200 0.016500
vt 0.015700 0.030500
vt 0.017300 0.031500
vt 0.015700 0.031500
vt 0.018700 0.030500
vt 0.018700 0.031500
vt 0.017300 0.029500
vt 0.017300 0.030500
vt 0.018700 0.029500
vt 0.017300 0.032500
vt 0.015700 0.032500
vt 0.015700 0.033500
vt 0.018700 0.033500
vt 0.017300 0.033500
vt 0.014000 0.032500
vt 0.014000 0.031500
vt 0.012200 0.031500
vt 0.014000 0.033500
vt 0.012200 0.032500
vt 0.014000 0.030500
vt 0.015700 0.029500
vt 0.012200 0.030500
vt 0.014000 0.029500
vt 0.015700 0.027600
vt 0.017300 0.026600
vt 0.017300 0.027600
vt 0.018700 0.026600
vt 0.018700 0.027600
vt 0.015700 0.026600
vt 0.017300 0.028500
vt 0.015700 0.028500
vt 0.018700 0.028500
vt 0.014000 0.028500
vt 0.014000 0.027600
vt 0.012200 0.027600
vt 0.012200 0.028500
vt 0.014000 0.026600
vt 0.012200 0.026600
vt 0.015800 0.035500
vt 0.017300 0.034500
vt 0.017300 0.035500
vt 0.018700 0.035500
vt 0.015700 0.034500
vt 0.018700 0.034500
vt 0.017300 0.036500
vt 0.015800 0.036500
vt 0.017300 0.037500
vt 0.015800 0.037500
vt 0.018700 0.036500
vt 0.014200 0.036500
vt 0.014000 0.035500
vt 0.012300 0.035500
vt 0.014300 0.037500
vt 0.012500 0.036500
vt 0.014000 0.034500
vt 0.012200 0.034500
vt 0.395800 0.037300
vt 0.405700 0.036300
vt 0.405700 0.037300
vt 0.395800 0.036300
vt 0.405700 0.035400
vt 0.385900 0.036300
vt 0.385900 0.035400
vt 0.395800 0.035400
vt 0.415600 0.037300
vt 0.415600 0.036300
vt 0.425500 0.037300
vt 0.415600 0.035400
vt 0.425500 0.036300
vt 0.405700 0.038300
vt 0.415600 0.038300
vt 0.405700 0.039400
vt 0.425500 0.038300
vt 0.415600 0.039400
vt 0.395800 0.038300
vt 0.385900 0.037300
vt 0.395800 0.039400
vt 0.385900 0.038300
vt 0.395800 0.033700
vt 0.405700 0.032900
vt 0.405700 0.033700
vt 0.395800 0.032900
vt 0.405700 0.032100
vt 0.385900 0.033700
vt 0.385900 0.032900
vt 0.395800 0.032100
vt 0.415600 0.032900
vt 0.415600 0.033700
vt 0.425500 0.033700
vt 0.415600 0.032100
vt 0.425500 0.032900
vt 0.415600 0.034500
vt 0.405700 0.034500
vt 0.425500 0.034500
vt 0.395800 0.034500
vt 0.385900 0.034500
vt 0.395800 0.030600
vt 0.405700 0.029800
vt 0.405700 0.030600
vt 0.395800 0.029800
vt 0.405700 0.029000
vt 0.385900 0.030600
vt 0.385900 0.029800
vt 0.395800 0.029000
vt 0.415600 0.030600
vt 0.415600 0.029800
vt 0.425500 0.030600
vt 0.415600 0.029000
vt 0.425500 0.029800
vt 0.405700 0.031300
vt 0.415600 0.031300
vt 0.425500 0.031300
vt 0.385900 0.031300
vt 0.395800 0.031300
vt 0.395800 0.014600
vt 0.405700 0.013600
vt 0.405700 0.014600
vt 0.395800 0.013600
vt 0.405700 0.012500
vt 0.385900 0.014600
vt 0.385900 0.013600
vt 0.395800 0.012500
vt 0.415600 0.014600
vt 0.415600 0.013600
vt 0.425500 0.014600
vt 0.415600 0.012500
vt 0.425500 0.013600
vt 0.405700 0.015600
vt 0.415600 0.015600
vt 0.405700 0.016600
vt 0.425500 0.015600
vt 0.415600 0.016600
vt 0.395800 0.015600
vt 0.395800 0.016600
vt 0.385900 0.015600
vt 0.405700 0.018300
vt 0.395800 0.017400
vt 0.405700 0.017400
vt 0.385900 0.018300
vt 0.395800 0.018300
vt 0.385900 0.017400
vt 0.415600 0.018300
vt 0.415600 0.017400
vt 0.425500 0.018300
vt 0.425500 0.017400
vt 0.405700 0.019100
vt 0.415600 0.019100
vt 0.405700 0.019800
vt 0.425500 0.019100
vt 0.415600 0.019800
vt 0.395800 0.019100
vt 0.395800 0.019800
vt 0.385900 0.019100
vt 0.395800 0.021400
vt 0.405700 0.020600
vt 0.405700 0.021400
vt 0.395800 0.020600
vt 0.385900 0.021400
vt 0.385900 0.020600
vt 0.415600 0.021400
vt 0.415600 0.020600
vt 0.425500 0.021400
vt 0.425500 0.020600
vt 0.405700 0.022100
vt 0.415600 0.022100
vt 0.405700 0.022900
vt 0.425500 0.022100
vt 0.415600 0.022900
vt 0.395800 0.022100
vt 0.395800 0.022900
vt 0.385900 0.022100
vt 0.395800 0.027500
vt 0.405700 0.026700
vt 0.405700 0.027500
vt 0.395800 0.026700
vt 0.405700 0.026000
vt 0.385900 0.027500
vt 0.385900 0.026700
vt 0.395800 0.026000
vt 0.415600 0.026700
vt 0.415600 0.027500
vt 0.425500 0.027500
vt 0.415600 0.026000
vt 0.425500 0.026700
vt 0.405700 0.028300
vt 0.415600 0.028300
vt 0.425500 0.028300
vt 0.395800 0.028300
vt 0.385900 0.029000
vt 0.385900 0.028300
vt 0.395800 0.024400
vt 0.405700 0.023700
vt 0.405700 0.024400
vt 0.395800 0.023700
vt 0.385900 0.024400
vt 0.385900 0.023700
vt 0.415600 0.024400
vt 0.415600 0.023700
vt 0.425500 0.024400
vt 0.425500 0.023700
vt 0.405700 0.025200
vt 0.415600 0.025200
vt 0.425500 0.025200
vt 0.395800 0.025200
vt 0.385900 0.025200
vt 0.162200 0.007800
vt 0.160600 0.008000
vt 0.161300 0.008700
vt 0.161600 0.007100
vt 0.160000 0.007300
vt 0.163200 0.007100
vt 0.162700 0.006300
vt 0.161000 0.006300
vt 0.159700 0.009100
vt 0.160500 0.009700
vt 0.158800 0.010400
vt 0.159600 0.011000
vt 0.159000 0.008500
vt 0.158000 0.009900
vt 0.162000 0.009400
vt 0.161200 0.010300
vt 0.162700 0.010000
vt 0.160500 0.011500
vt 0.162000 0.011000
vt 0.162800 0.008600
vt 0.163700 0.007900
vt 0.163400 0.009300
vt 0.164200 0.008700
vt 0.174500 0.010200
vt 0.174700 0.008600
vt 0.173900 0.009200
vt 0.175300 0.009800
vt 0.175400 0.008100
vt 0.174900 0.011400
vt 0.175800 0.011100
vt 0.176200 0.009400
vt 0.173200 0.008300
vt 0.173800 0.007600
vt 0.172300 0.007400
vt 0.174500 0.006900
vt 0.172800 0.006700
vt 0.172500 0.008900
vt 0.173100 0.009700
vt 0.171800 0.009600
vt 0.172400 0.010300
vt 0.171700 0.008200
vt 0.171100 0.009000
vt 0.173700 0.010700
vt 0.174100 0.011700
vt 0.172800 0.011100
vt 0.173200 0.012000
vt 0.169400 0.022800
vt 0.168600 0.024700
vt 0.170100 0.023500
vt 0.169200 0.025400
vt 0.170800 0.024200
vt 0.167900 0.024000
vt 0.167000 0.025800
vt 0.167600 0.026600
vt 0.170800 0.021600
vt 0.171500 0.022300
vt 0.172100 0.020500
vt 0.172200 0.023000
vt 0.172800 0.021200
vt 0.170100 0.021000
vt 0.168700 0.022100
vt 0.169400 0.020300
vt 0.168000 0.021400
vt 0.171300 0.019900
vt 0.170600 0.019300
vt 0.167200 0.023300
vt 0.166300 0.025100
vt 0.166500 0.022600
vt 0.165600 0.024400
vt 0.166600 0.005900
vt 0.165200 0.005300
vt 0.165400 0.006200
vt 0.166400 0.004100
vt 0.164900 0.004300
vt 0.167800 0.005900
vt 0.166500 0.005000
vt 0.167800 0.004900
vt 0.164300 0.006600
vt 0.163900 0.005700
vt 0.163600 0.004800
vt 0.164600 0.007400
vt 0.165700 0.007100
vt 0.165000 0.008300
vt 0.165900 0.008000
vt 0.166700 0.006900
vt 0.167800 0.006800
vt 0.166800 0.007800
vt 0.167700 0.007700
vt 0.175200 0.014900
vt 0.176200 0.013700
vt 0.175300 0.013700
vt 0.176100 0.015000
vt 0.177100 0.013700
vt 0.174900 0.016100
vt 0.175800 0.016300
vt 0.177000 0.015100
vt 0.175200 0.012500
vt 0.176100 0.012400
vt 0.177000 0.012200
vt 0.174300 0.012700
vt 0.174300 0.013800
vt 0.173400 0.012900
vt 0.173400 0.013800
vt 0.174300 0.014800
vt 0.174000 0.015900
vt 0.173300 0.014700
vt 0.173100 0.015600
vt 0.171300 0.006800
vt 0.170500 0.005400
vt 0.170200 0.006300
vt 0.171700 0.006000
vt 0.170800 0.004500
vt 0.172100 0.005100
vt 0.169000 0.006000
vt 0.169200 0.005100
vt 0.169300 0.004200
vt 0.168800 0.006900
vt 0.169800 0.007200
vt 0.168600 0.007800
vt 0.169500 0.008100
vt 0.170800 0.007600
vt 0.170400 0.008500
vt 0.158900 0.012500
vt 0.157300 0.013600
vt 0.158100 0.014100
vt 0.158000 0.012000
vt 0.156400 0.013100
vt 0.157200 0.011400
vt 0.156500 0.015400
vt 0.157400 0.015900
vt 0.155800 0.017200
vt 0.156700 0.017700
vt 0.155700 0.014900
vt 0.155000 0.016800
vt 0.159000 0.014600
vt 0.158200 0.016400
vt 0.159800 0.015100
vt 0.157500 0.018200
vt 0.159100 0.016800
vt 0.159700 0.013000
vt 0.160500 0.013500
vt 0.161300 0.012100
vt 0.173900 0.018300
vt 0.173900 0.020000
vt 0.174700 0.018800
vt 0.174600 0.020500
vt 0.175500 0.019300
vt 0.173100 0.019400
vt 0.173500 0.021800
vt 0.174500 0.017200
vt 0.175400 0.017600
vt 0.176200 0.017900
vt 0.173600 0.016900
vt 0.173000 0.017900
vt 0.172700 0.016500
vt 0.172200 0.017400
vt 0.172300 0.018900
vt 0.171500 0.018300
vt 0.024400 0.023000
vt 0.025500 0.023900
vt 0.024400 0.023900
vt 0.025500 0.023000
vt 0.026700 0.023900
vt 0.024400 0.022100
vt 0.025500 0.022100
vt 0.026700 0.023000
vt 0.025500 0.024800
vt 0.024400 0.024800
vt 0.024400 0.025700
vt 0.026700 0.024800
vt 0.025500 0.025700
vt 0.023300 0.024800
vt 0.023300 0.023900
vt 0.022300 0.023900
vt 0.023300 0.025700
vt 0.022300 0.024800
vt 0.023300 0.023000
vt 0.022300 0.023000
vt 0.023300 0.022100
vt 0.024400 0.005500
vt 0.025500 0.006100
vt 0.024400 0.006100
vt 0.026700 0.005500
vt 0.026700 0.006100
vt 0.024400 0.004800
vt 0.025500 0.005500
vt 0.025500 0.004800
vt 0.024400 0.006700
vt 0.025500 0.006700
vt 0.024400 0.007400
vt 0.026700 0.006700
vt 0.026700 0.007400
vt 0.025500 0.007400
vt 0.023300 0.006100
vt 0.022300 0.006700
vt 0.022300 0.006100
vt 0.023300 0.006700
vt 0.023300 0.007400
vt 0.023300 0.005500
vt 0.022300 0.004800
vt 0.023300 0.004800
vt 0.024400 0.020400
vt 0.025500 0.019600
vt 0.025500 0.020400
vt 0.026700 0.019600
vt 0.026700 0.020400
vt 0.024400 0.018800
vt 0.024400 0.019600
vt 0.026700 0.018800
vt 0.024400 0.021200
vt 0.025500 0.021200
vt 0.026700 0.021200
vt 0.026700 0.022100
vt 0.023300 0.020400
vt 0.022300 0.021200
vt 0.022300 0.020400
vt 0.023300 0.021200
vt 0.022300 0.022100
vt 0.023300 0.019600
vt 0.023300 0.018800
vt 0.022300 0.018800
vt 0.024400 0.008700
vt 0.025500 0.008100
vt 0.025500 0.008700
vt 0.026700 0.008700
vt 0.024400 0.008100
vt 0.026700 0.008100
vt 0.025500 0.009400
vt 0.024400 0.009400
vt 0.025500 0.010100
vt 0.024400 0.010100
vt 0.026700 0.009400
vt 0.023300 0.009400
vt 0.023300 0.008700
vt 0.022300 0.008700
vt 0.023300 0.010100
vt 0.022300 0.009400
vt 0.023300 0.008100
vt 0.022300 0.008100
vt 0.022300 0.007400
vt 0.024400 0.010800
vt 0.025500 0.011500
vt 0.024400 0.011500
vt 0.025500 0.010800
vt 0.026700 0.011500
vt 0.026700 0.010800
vt 0.025500 0.012200
vt 0.024400 0.012200
vt 0.025500 0.012900
vt 0.024400 0.012900
vt 0.026700 0.012200
vt 0.023300 0.012200
vt 0.023300 0.011500
vt 0.022300 0.011500
vt 0.023300 0.012900
vt 0.022300 0.012900
vt 0.022300 0.012200
vt 0.023300 0.010800
vt 0.022300 0.010100
vt 0.024400 0.014300
vt 0.025500 0.013600
vt 0.025500 0.014300
vt 0.026700 0.014300
vt 0.024400 0.013600
vt 0.026700 0.013600
vt 0.024400 0.015100
vt 0.025500 0.015100
vt 0.024400 0.015800
vt 0.026700 0.015100
vt 0.025500 0.015800
vt 0.023300 0.014300
vt 0.022300 0.015100
vt 0.022300 0.014300
vt 0.023300 0.015800
vt 0.023300 0.015100
vt 0.022300 0.015800
vt 0.023300 0.013600
vt 0.022300 0.013600
vt 0.024400 0.017300
vt 0.025500 0.016500
vt 0.025500 0.017300
vt 0.026700 0.016500
vt 0.026700 0.017300
vt 0.024400 0.016500
vt 0.026700 0.015800
vt 0.024400 0.018000
vt 0.025500 0.018000
vt 0.026700 0.018000
vt 0.025500 0.018800
vt 0.023300 0.017300
vt 0.023300 0.018000
vt 0.022300 0.017300
vt 0.022300 0.018000
vt 0.023300 0.016500
vt 0.022300 0.016500
vt 0.024400 0.031500
vt 0.025500 0.030500
vt 0.025500 0.031500
vt 0.026700 0.031500
vt 0.024400 0.030500
vt 0.025500 0.029500
vt 0.026700 0.030500
vt 0.025500 0.032500
vt 0.024400 0.032500
vt 0.025500 0.033500
vt 0.024400 0.033500
vt 0.026700 0.032500
vt 0.023300 0.031500
vt 0.023300 0.032500
vt 0.022300 0.031500
vt 0.022300 0.033500
vt 0.022300 0.032500
vt 0.023300 0.030500
vt 0.023300 0.029500
vt 0.024400 0.029500
vt 0.022300 0.030500
vt 0.024400 0.027600
vt 0.025500 0.026600
vt 0.025500 0.027600
vt 0.026700 0.027600
vt 0.024400 0.026600
vt 0.026700 0.026600
vt 0.025500 0.028500
vt 0.024400 0.028500
vt 0.026700 0.028500
vt 0.023300 0.028500
vt 0.023300 0.027600
vt 0.022300 0.027600
vt 0.022300 0.029500
vt 0.022300 0.028500
vt 0.023300 0.026600
vt 0.022300 0.025700
vt 0.024400 0.034500
vt 0.025500 0.035500
vt 0.024400 0.035500
vt 0.026700 0.034500
vt 0.026700 0.035500
vt 0.025500 0.034500
vt 0.026700 0.033500
vt 0.025500 0.036500
vt 0.024400 0.036500
vt 0.024400 0.037500
vt 0.026700 0.036500
vt 0.025500 0.037500
vt 0.023300 0.036500
vt 0.023300 0.035500
vt 0.022300 0.035500
vt 0.023300 0.037500
vt 0.022300 0.037500
vt 0.022300 0.036500
vt 0.023300 0.033500
vt 0.022300 0.034500
vt 0.023300 0.034500
vt 0.011100 0.030500
vt 0.011700 0.031500
vt 0.011100 0.031500
vt 0.011700 0.030500
vt 0.011100 0.029500
vt 0.011700 0.029500
vt 0.011100 0.032500
vt 0.011700 0.032500
vt 0.011100 0.033500
vt 0.011700 0.033500
vt 0.010600 0.032500
vt 0.010600 0.031500
vt 0.010000 0.032500
vt 0.010000 0.031500
vt 0.010600 0.033500
vt 0.010000 0.033500
vt 0.010600 0.030500
vt 0.010600 0.029500
vt 0.010000 0.030500
vt 0.010000 0.029500
vt 0.011100 0.034500
vt 0.011700 0.035500
vt 0.011100 0.035500
vt 0.011700 0.034500
vt 0.011800 0.036500
vt 0.011200 0.036500
vt 0.011200 0.037500
vt 0.012000 0.037500
vt 0.010600 0.036500
vt 0.010600 0.035500
vt 0.010000 0.035500
vt 0.010600 0.037500
vt 0.010000 0.037500
vt 0.010000 0.036500
vt 0.010600 0.034500
vt 0.010000 0.034500
vt 0.011200 0.005500
vt 0.011700 0.006100
vt 0.011100 0.006100
vt 0.011800 0.005500
vt 0.011200 0.004800
vt 0.012000 0.004800
vt 0.011100 0.006700
vt 0.011700 0.006700
vt 0.011100 0.007400
vt 0.011700 0.007400
vt 0.010600 0.006700
vt 0.010600 0.006100
vt 0.010000 0.006100
vt 0.010600 0.007400
vt 0.010000 0.007400
vt 0.010000 0.006700
vt 0.010600 0.005500
vt 0.010600 0.004800
vt 0.010000 0.005500
vt 0.010000 0.004800
vt 0.011100 0.008100
vt 0.011700 0.008700
vt 0.011100 0.008700
vt 0.011700 0.008100
vt 0.011100 0.009400
vt 0.011700 0.009400
vt 0.011100 0.010100
vt 0.011700 0.010100
vt 0.010600 0.009400
vt 0.010600 0.008700
vt 0.010000 0.009400
vt 0.010000 0.008700
vt 0.010600 0.010100
vt 0.010000 0.010100
vt 0.010600 0.008100
vt 0.010000 0.008100
vt 0.011100 0.011500
vt 0.011700 0.010800
vt 0.011700 0.011500
vt 0.011100 0.010800
vt 0.011100 0.012200
vt 0.011700 0.012200
vt 0.011100 0.012900
vt 0.011700 0.012900
vt 0.010600 0.012200
vt 0.010600 0.011500
vt 0.010000 0.012200
vt 0.010000 0.011500
vt 0.010600 0.012900
vt 0.010000 0.012900
vt 0.010600 0.010800
vt 0.010000 0.010800
vt 0.011100 0.013600
vt 0.011700 0.014300
vt 0.011100 0.014300
vt 0.011700 0.013600
vt 0.011100 0.015100
vt 0.011700 0.015100
vt 0.011100 0.015800
vt 0.011700 0.015800
vt 0.010600 0.015100
vt 0.010600 0.014300
vt 0.010000 0.015100
vt 0.010000 0.014300
vt 0.010600 0.015800
vt 0.010000 0.015800
vt 0.010600 0.013600
vt 0.010000 0.013600
vt 0.011100 0.016500
vt 0.011700 0.017300
vt 0.011100 0.017300
vt 0.011700 0.016500
vt 0.011100 0.018000
vt 0.011700 0.018000
vt 0.011100 0.018800
vt 0.011700 0.018800
vt 0.010600 0.018000
vt 0.010600 0.017300
vt 0.010000 0.018000
vt 0.010000 0.017300
vt 0.010600 0.018800
vt 0.010000 0.018800
vt 0.010600 0.016500
vt 0.011100 0.026600
vt 0.011700 0.027600
vt 0.011100 0.027600
vt 0.011700 0.026600
vt 0.011100 0.025700
vt 0.011700 0.025700
vt 0.011100 0.028500
vt 0.011700 0.028500
vt 0.010600 0.028500
vt 0.010600 0.027600
vt 0.010000 0.028500
vt 0.010000 0.027600
vt 0.010600 0.026600
vt 0.010600 0.025700
vt 0.010000 0.026600
vt 0.010000 0.025700
vt 0.011100 0.023000
vt 0.011700 0.023900
vt 0.011100 0.023900
vt 0.011700 0.023000
vt 0.011100 0.022100
vt 0.011700 0.022100
vt 0.011100 0.024800
vt 0.011700 0.024800
vt 0.010600 0.024800
vt 0.010600 0.023900
vt 0.010000 0.024800
vt 0.010000 0.023900
vt 0.010600 0.023000
vt 0.010600 0.022100
vt 0.010000 0.023000
vt 0.010000 0.022100
vt 0.011100 0.019600
vt 0.011700 0.020400
vt 0.011100 0.020400
vt 0.011700 0.019600
vt 0.011100 0.021200
vt 0.011700 0.021200
vt 0.010600 0.021200
vt 0.010600 0.020400
vt 0.010000 0.021200
vt 0.010000 0.020400
vt 0.010600 0.019600
vt 0.020700 0.024800
vt 0.019800 0.023900
vt 0.020700 0.023900
vt 0.018700 0.024800
vt 0.020700 0.025700
vt 0.019800 0.024800
vt 0.019800 0.025700
vt 0.020700 0.023000
vt 0.019800 0.023000
vt 0.020700 0.022100
vt 0.019800 0.022100
vt 0.021500 0.023900
vt 0.021500 0.023000
vt 0.021500 0.022100
vt 0.021500 0.024800
vt 0.021500 0.025700
vt 0.020700 0.006700
vt 0.019800 0.006100
vt 0.020700 0.006100
vt 0.019800 0.006700
vt 0.020700 0.007400
vt 0.019800 0.007400
vt 0.019800 0.005500
vt 0.020700 0.005500
vt 0.020700 0.004800
vt 0.019800 0.004800
vt 0.021500 0.005500
vt 0.021500 0.006100
vt 0.021500 0.004800
vt 0.022300 0.005500
vt 0.021500 0.006700
vt 0.021500 0.007400
vt 0.020700 0.020400
vt 0.019800 0.021200
vt 0.019800 0.020400
vt 0.020700 0.021200
vt 0.018700 0.021200
vt 0.020700 0.019600
vt 0.019800 0.019600
vt 0.020700 0.018800
vt 0.019800 0.018800
vt 0.021500 0.019600
vt 0.021500 0.020400
vt 0.022300 0.019600
vt 0.021500 0.018800
vt 0.021500 0.021200
vt 0.020700 0.009400
vt 0.019800 0.008700
vt 0.020700 0.008700
vt 0.020700 0.010100
vt 0.019800 0.009400
vt 0.019800 0.010100
vt 0.020700 0.008100
vt 0.019800 0.008100
vt 0.021500 0.008700
vt 0.021500 0.008100
vt 0.021500 0.009400
vt 0.021500 0.010100
vt 0.020700 0.012200
vt 0.019800 0.011500
vt 0.020700 0.011500
vt 0.020700 0.012900
vt 0.019800 0.012200
vt 0.019800 0.012900
vt 0.020700 0.010800
vt 0.019800 0.010800
vt 0.021500 0.010800
vt 0.021500 0.011500
vt 0.022300 0.010800
vt 0.021500 0.012200
vt 0.021500 0.012900
vt 0.020700 0.015100
vt 0.019800 0.014300
vt 0.020700 0.014300
vt 0.019800 0.015100
vt 0.020700 0.015800
vt 0.019800 0.015800
vt 0.020700 0.013600
vt 0.019800 0.013600
vt 0.021500 0.013600
vt 0.021500 0.014300
vt 0.021500 0.015100
vt 0.021500 0.015800
vt 0.020700 0.017300
vt 0.019800 0.018000
vt 0.019800 0.017300
vt 0.020700 0.018000
vt 0.020700 0.016500
vt 0.019800 0.016500
vt 0.021500 0.016500
vt 0.021500 0.017300
vt 0.021500 0.018000
vt 0.020700 0.032500
vt 0.019800 0.031500
vt 0.020700 0.031500
vt 0.019800 0.032500
vt 0.020700 0.033500
vt 0.019800 0.033500
vt 0.018700 0.032500
vt 0.020700 0.030500
vt 0.019800 0.030500
vt 0.020700 0.029500
vt 0.019800 0.029500
vt 0.021500 0.030500
vt 0.021500 0.031500
vt 0.021500 0.029500
vt 0.021500 0.033500
vt 0.021500 0.032500
vt 0.020700 0.028500
vt 0.019800 0.027600
vt 0.020700 0.027600
vt 0.019800 0.028500
vt 0.020700 0.026600
vt 0.019800 0.026600
vt 0.021500 0.027600
vt 0.022300 0.026600
vt 0.021500 0.026600
vt 0.021500 0.028500
vt 0.020700 0.036500
vt 0.019800 0.035500
vt 0.020700 0.035500
vt 0.020700 0.037500
vt 0.019800 0.036500
vt 0.019800 0.037500
vt 0.019800 0.034500
vt 0.020700 0.034500
vt 0.021500 0.034500
vt 0.021500 0.035500
vt 0.021500 0.036500
vt 0.021500 0.037500
vt 0.577900 0.027500
vt 0.577300 0.025800
vt 0.580500 0.025700
vt 0.575400 0.026600
vt 0.575200 0.025900
vt 0.575900 0.028000
vt 0.576900 0.026900
vt 0.575700 0.027300
vt 0.578000 0.024100
vt 0.576700 0.024800
vt 0.576300 0.023100
vt 0.575000 0.025200
vt 0.575500 0.023800
vt 0.579700 0.023000
vt 0.578600 0.021400
vt 0.579300 0.021100
vt 0.577100 0.022300
vt 0.578500 0.022900
vt 0.577800 0.021600
vt 0.581500 0.023000
vt 0.580700 0.022200
vt 0.582200 0.021100
vt 0.580800 0.020700
vt 0.581500 0.020900
vt 0.583000 0.024000
vt 0.582700 0.022800
vt 0.584600 0.022900
vt 0.583700 0.021600
vt 0.584100 0.022200
vt 0.583500 0.025700
vt 0.584000 0.024600
vt 0.585500 0.025600
vt 0.585500 0.024100
vt 0.585500 0.024900
vt 0.583000 0.027300
vt 0.584000 0.026700
vt 0.584600 0.028400
vt 0.585500 0.027200
vt 0.585000 0.027800
vt 0.581500 0.028400
vt 0.582700 0.028500
vt 0.582200 0.030100
vt 0.583700 0.029700
vt 0.583000 0.029900
vt 0.579400 0.028500
vt 0.579700 0.030500
vt 0.578700 0.030300
vt 0.581500 0.030400
vt 0.580500 0.029200
vt 0.580800 0.030600
vt 0.578000 0.028700
vt 0.576100 0.028700
vt 0.577600 0.030200
vt 0.576300 0.029400
vt 0.167500 0.018700
vt 0.170000 0.016400
vt 0.166700 0.014600
vt 0.169400 0.018100
vt 0.170800 0.014100
vt 0.171400 0.015400
vt 0.170200 0.012000
vt 0.171500 0.012700
vt 0.168400 0.010700
vt 0.170000 0.010400
vt 0.166200 0.010600
vt 0.167500 0.009500
vt 0.164200 0.011900
vt 0.164900 0.010300
vt 0.162600 0.014900
vt 0.162600 0.012900
vt 0.162700 0.017800
vt 0.161200 0.017100
vt 0.160000 0.020000
vt 0.159200 0.019300
vt 0.164700 0.019300
vt 0.162900 0.019600
vt 0.163300 0.022500
vt 0.161500 0.021300
vt 0.162400 0.021900
vt 0.165800 0.020600
vt 0.164100 0.023100
vt 0.198400 0.042700
vt 0.206300 0.042000
vt 0.206300 0.042800
vt 0.198100 0.042000
vt 0.206300 0.041200
vt 0.190400 0.042700
vt 0.189900 0.042000
vt 0.198100 0.041200
vt 0.214300 0.042700
vt 0.214600 0.042000
vt 0.222300 0.042700
vt 0.214600 0.041200
vt 0.222800 0.042000
vt 0.206300 0.043500
vt 0.213600 0.043500
vt 0.206300 0.044300
vt 0.220800 0.043500
vt 0.212600 0.044300
vt 0.199100 0.043500
vt 0.200100 0.044300
vt 0.191900 0.043500
vt 0.198400 0.015200
vt 0.206400 0.014500
vt 0.206400 0.015200
vt 0.199200 0.014500
vt 0.206400 0.013700
vt 0.190500 0.015200
vt 0.192000 0.014500
vt 0.200200 0.013700
vt 0.214300 0.015200
vt 0.213500 0.014500
vt 0.222200 0.015200
vt 0.212500 0.013700
vt 0.220700 0.014500
vt 0.206400 0.016000
vt 0.214500 0.016000
vt 0.206400 0.016800
vt 0.222700 0.016000
vt 0.214500 0.016800
vt 0.198200 0.016000
vt 0.198200 0.016800
vt 0.190000 0.016000
vt 0.198100 0.039700
vt 0.206300 0.038900
vt 0.206300 0.039700
vt 0.198100 0.038900
vt 0.206300 0.038200
vt 0.189900 0.039700
vt 0.189900 0.038900
vt 0.198100 0.038200
vt 0.214600 0.039700
vt 0.214600 0.038900
vt 0.222800 0.039700
vt 0.214600 0.038200
vt 0.222800 0.038900
vt 0.206300 0.040400
vt 0.214600 0.040400
vt 0.222800 0.040400
vt 0.198100 0.040400
vt 0.189900 0.040400
vt 0.198100 0.036600
vt 0.206300 0.035900
vt 0.206300 0.036600
vt 0.198100 0.035900
vt 0.206400 0.035100
vt 0.189900 0.036600
vt 0.189900 0.035900
vt 0.198100 0.035100
vt 0.214600 0.036600
vt 0.214600 0.035900
vt 0.222800 0.036600
vt 0.214600 0.035100
vt 0.222800 0.035900
vt 0.206300 0.037400
vt 0.214600 0.037400
vt 0.222800 0.037400
vt 0.198100 0.037400
vt 0.189900 0.037400
vt 0.198100 0.033600
vt 0.206400 0.032800
vt 0.206400 0.033600
vt 0.198100 0.032800
vt 0.206400 0.032000
vt 0.189900 0.033600
vt 0.189900 0.032800
vt 0.198100 0.032000
vt 0.214600 0.033600
vt 0.214600 0.032800
vt 0.222800 0.033600
vt 0.214600 0.032000
vt 0.222800 0.032800
vt 0.206400 0.034300
vt 0.214600 0.034300
vt 0.222800 0.034300
vt 0.198100 0.034300
vt 0.189900 0.034300
vt 0.206400 0.018300
vt 0.198200 0.017500
vt 0.206400 0.017500
vt 0.190000 0.018300
vt 0.198200 0.018300
vt 0.190000 0.017500
vt 0.214500 0.018300
vt 0.214500 0.017500
vt 0.222700 0.018300
vt 0.222700 0.017500
vt 0.206400 0.019100
vt 0.214500 0.019100
vt 0.206400 0.019800
vt 0.222700 0.019100
vt 0.214500 0.019800
vt 0.198200 0.019100
vt 0.198200 0.019800
vt 0.190000 0.019100
vt 0.198200 0.021300
vt 0.206400 0.020600
vt 0.206400 0.021300
vt 0.198200 0.020600
vt 0.190000 0.021300
vt 0.190000 0.020600
vt 0.214500 0.021300
vt 0.214500 0.020600
vt 0.222700 0.021300
vt 0.222700 0.020600
vt 0.206400 0.022100
vt 0.214500 0.022100
vt 0.206400 0.022900
vt 0.222700 0.022100
vt 0.214500 0.022900
vt 0.198200 0.022100
vt 0.198200 0.022900
vt 0.190000 0.022100
vt 0.198200 0.024400
vt 0.206400 0.023600
vt 0.206400 0.024400
vt 0.198200 0.023600
vt 0.190000 0.024400
vt 0.190000 0.023600
vt 0.214500 0.024400
vt 0.214500 0.023600
vt 0.222700 0.024400
vt 0.222700 0.023600
vt 0.206400 0.025200
vt 0.214500 0.025200
vt 0.206400 0.025900
vt 0.222700 0.025200
vt 0.214500 0.025900
vt 0.198200 0.025200
vt 0.198200 0.025900
vt 0.190000 0.025200
vt 0.198200 0.030500
vt 0.206400 0.029700
vt 0.206400 0.030500
vt 0.198200 0.029700
vt 0.206400 0.029000
vt 0.190000 0.030500
vt 0.190000 0.029700
vt 0.198200 0.029000
vt 0.214600 0.030500
vt 0.214600 0.029700
vt 0.222800 0.030500
vt 0.214600 0.029000
vt 0.222800 0.029700
vt 0.206400 0.031300
vt 0.214600 0.031300
vt 0.222800 0.031300
vt 0.198100 0.031300
vt 0.189900 0.031300
vt 0.198200 0.027400
vt 0.206400 0.026700
vt 0.206400 0.027400
vt 0.198200 0.026700
vt 0.190000 0.027400
vt 0.190000 0.026700
vt 0.214500 0.027400
vt 0.214500 0.026700
vt 0.222700 0.027400
vt 0.222700 0.026700
vt 0.206400 0.028200
vt 0.214500 0.028200
vt 0.222700 0.028200
vt 0.198200 0.028200
vt 0.190000 0.028200
vt 0.223100 0.030500
vt 0.222900 0.031300
vt 0.222900 0.030500
vt 0.223100 0.032000
vt 0.223100 0.031300
vt 0.222900 0.032000
vt 0.223100 0.029700
vt 0.222900 0.029700
vt 0.223100 0.029000
vt 0.222900 0.029000
vt 0.223200 0.030500
vt 0.223400 0.029700
vt 0.223400 0.030500
vt 0.223200 0.029000
vt 0.223200 0.029700
vt 0.223400 0.029000
vt 0.223200 0.031300
vt 0.223200 0.032000
vt 0.223400 0.031300
vt 0.223400 0.032000
vt 0.189600 0.035900
vt 0.189800 0.036600
vt 0.189600 0.036600
vt 0.189800 0.035900
vt 0.189600 0.035100
vt 0.189800 0.035100
vt 0.189600 0.037400
vt 0.189800 0.037400
vt 0.189600 0.038200
vt 0.189700 0.038200
vt 0.189400 0.037400
vt 0.189400 0.036600
vt 0.189300 0.037400
vt 0.189300 0.036600
vt 0.189400 0.038200
vt 0.189300 0.038200
vt 0.189400 0.035900
vt 0.189400 0.035100
vt 0.189300 0.035900
vt 0.189300 0.035100
vt 0.189600 0.027400
vt 0.189800 0.026700
vt 0.189800 0.027400
vt 0.189700 0.025900
vt 0.189700 0.026700
vt 0.189800 0.025900
vt 0.189600 0.028200
vt 0.189800 0.028200
vt 0.189600 0.029000
vt 0.189800 0.029000
vt 0.189500 0.028200
vt 0.189500 0.027400
vt 0.189300 0.027400
vt 0.189500 0.029000
vt 0.189300 0.029000
vt 0.189300 0.028200
vt 0.189500 0.026700
vt 0.189500 0.025900
vt 0.189300 0.026700
vt 0.222900 0.043500
vt 0.222700 0.042700
vt 0.223000 0.042700
vt 0.221900 0.043500
vt 0.222600 0.044200
vt 0.220900 0.044200
vt 0.223100 0.042000
vt 0.222900 0.042000
vt 0.223100 0.041200
vt 0.222900 0.041200
vt 0.223300 0.041900
vt 0.223300 0.042700
vt 0.223400 0.041900
vt 0.223400 0.042700
vt 0.223400 0.041200
vt 0.223300 0.044200
vt 0.223400 0.043400
vt 0.223300 0.043400
vt 0.223400 0.044100
vt 0.189600 0.042000
vt 0.190000 0.042700
vt 0.189600 0.042700
vt 0.189700 0.042000
vt 0.189600 0.041200
vt 0.189700 0.041200
vt 0.189800 0.043500
vt 0.190700 0.043500
vt 0.190100 0.044200
vt 0.191700 0.044200
vt 0.189400 0.042700
vt 0.189300 0.043400
vt 0.189300 0.042700
vt 0.189400 0.044200
vt 0.189400 0.043400
vt 0.189200 0.044100
vt 0.189400 0.041900
vt 0.189300 0.041900
vt 0.189300 0.041200
vt 0.189400 0.041200
vt 0.223000 0.016000
vt 0.222600 0.015300
vt 0.223000 0.015300
vt 0.222900 0.016000
vt 0.223000 0.016800
vt 0.222900 0.016800
vt 0.222800 0.014500
vt 0.221900 0.014500
vt 0.222600 0.013800
vt 0.220900 0.013800
vt 0.223200 0.014600
vt 0.223200 0.015300
vt 0.223400 0.015300
vt 0.223200 0.013800
vt 0.223400 0.013900
vt 0.223400 0.014600
vt 0.223200 0.016000
vt 0.223200 0.016800
vt 0.223400 0.016100
vt 0.189700 0.020600
vt 0.189800 0.021300
vt 0.189700 0.021300
vt 0.189800 0.020600
vt 0.189700 0.019800
vt 0.189800 0.019800
vt 0.189700 0.022100
vt 0.189800 0.022100
vt 0.189700 0.022900
vt 0.189800 0.022900
vt 0.189500 0.022100
vt 0.189500 0.021300
vt 0.189400 0.022100
vt 0.189400 0.021300
vt 0.189500 0.022900
vt 0.189300 0.022900
vt 0.189500 0.020600
vt 0.189500 0.019800
vt 0.189400 0.020600
vt 0.189400 0.019800
vt 0.223000 0.025200
vt 0.222900 0.024400
vt 0.223000 0.024400
vt 0.222900 0.025200
vt 0.223100 0.025900
vt 0.222900 0.025900
vt 0.223000 0.023600
vt 0.222900 0.023600
vt 0.223000 0.022900
vt 0.222900 0.022900
vt 0.223200 0.023600
vt 0.223200 0.024400
vt 0.223400 0.023600
vt 0.223400 0.024400
vt 0.223400 0.022900
vt 0.223200 0.025900
vt 0.223400 0.025100
vt 0.223200 0.025200
vt 0.223400 0.025900
vt 0.223100 0.037400
vt 0.222900 0.036600
vt 0.223100 0.036600
vt 0.222900 0.037400
vt 0.223100 0.038100
vt 0.222900 0.038200
vt 0.223100 0.035900
vt 0.222900 0.035900
vt 0.223100 0.035100
vt 0.222900 0.035100
vt 0.223300 0.035900
vt 0.223300 0.036600
vt 0.223400 0.035800
vt 0.223400 0.036600
vt 0.223300 0.035100
vt 0.223400 0.035100
vt 0.223300 0.037400
vt 0.223300 0.038100
vt 0.223400 0.037400
vt 0.223400 0.038100
vt 0.223100 0.034300
vt 0.222900 0.033600
vt 0.223100 0.033600
vt 0.222900 0.034300
vt 0.223100 0.032800
vt 0.222900 0.032800
vt 0.223200 0.032800
vt 0.223300 0.033600
vt 0.223400 0.032800
vt 0.223400 0.033600
vt 0.223300 0.034300
vt 0.223400 0.034300
vt 0.189600 0.032800
vt 0.189800 0.033600
vt 0.189600 0.033600
vt 0.189600 0.032000
vt 0.189800 0.032800
vt 0.189800 0.032000
vt 0.189600 0.034300
vt 0.189800 0.034300
vt 0.189500 0.033600
vt 0.189300 0.034300
vt 0.189300 0.033600
vt 0.189500 0.034300
vt 0.189500 0.032800
vt 0.189500 0.032000
vt 0.189300 0.032800
vt 0.189300 0.032000
vt 0.223100 0.040400
vt 0.222900 0.039700
vt 0.223100 0.039700
vt 0.222900 0.040400
vt 0.223100 0.038900
vt 0.222900 0.038900
vt 0.223200 0.039700
vt 0.223400 0.038900
vt 0.223400 0.039700
vt 0.223200 0.038900
vt 0.223200 0.040400
vt 0.223200 0.041200
vt 0.189600 0.038900
vt 0.189700 0.039700
vt 0.189600 0.039700
vt 0.189700 0.038900
vt 0.189600 0.040400
vt 0.189700 0.040400
vt 0.189400 0.040400
vt 0.189400 0.039700
vt 0.189300 0.039700
vt 0.189300 0.040400
vt 0.189400 0.038900
vt 0.189300 0.038900
vt 0.189900 0.014500
vt 0.190100 0.015300
vt 0.189700 0.015300
vt 0.190100 0.013800
vt 0.190800 0.014500
vt 0.191800 0.013800
vt 0.189700 0.016000
vt 0.189800 0.016000
vt 0.189700 0.016800
vt 0.189800 0.016800
vt 0.189500 0.016000
vt 0.189500 0.015300
vt 0.189400 0.016100
vt 0.189300 0.015300
vt 0.189500 0.016800
vt 0.189500 0.014600
vt 0.189500 0.013800
vt 0.189300 0.013900
vt 0.223000 0.019100
vt 0.222900 0.018300
vt 0.223000 0.018300
vt 0.222900 0.019100
vt 0.223000 0.019800
vt 0.222900 0.019800
vt 0.223000 0.017500
vt 0.222900 0.017500
vt 0.223200 0.018300
vt 0.223300 0.017500
vt 0.223300 0.018300
vt 0.223200 0.017500
vt 0.223300 0.016800
vt 0.223200 0.019100
vt 0.223300 0.019100
vt 0.223300 0.019800
vt 0.223200 0.019800
vt 0.189700 0.017500
vt 0.189800 0.018300
vt 0.189700 0.018300
vt 0.189800 0.017500
vt 0.189700 0.019100
vt 0.189800 0.019100
vt 0.189500 0.018300
vt 0.189400 0.019100
vt 0.189400 0.018300
vt 0.189500 0.019100
vt 0.189500 0.017500
vt 0.189400 0.017500
vt 0.189400 0.016800
vt 0.223000 0.022100
vt 0.222900 0.021300
vt 0.223000 0.021300
vt 0.222900 0.022100
vt 0.223000 0.020600
vt 0.222900 0.020600
vt 0.223200 0.020600
vt 0.223200 0.021300
vt 0.223400 0.020600
vt 0.223400 0.021300
vt 0.223200 0.022100
vt 0.223200 0.022900
vt 0.223400 0.022100
vt 0.189700 0.023600
vt 0.189800 0.024400
vt 0.189700 0.024400
vt 0.189800 0.023600
vt 0.189700 0.025200
vt 0.189800 0.025200
vt 0.189500 0.024400
vt 0.189300 0.025200
vt 0.189300 0.024400
vt 0.189500 0.025200
vt 0.189300 0.025900
vt 0.189500 0.023600
vt 0.189300 0.023600
vt 0.189600 0.029700
vt 0.189800 0.030500
vt 0.189600 0.030500
vt 0.189800 0.029700
vt 0.189800 0.031300
vt 0.189600 0.031300
vt 0.189500 0.031300
vt 0.189500 0.030500
vt 0.189300 0.031300
vt 0.189300 0.030500
vt 0.189300 0.029700
vt 0.189500 0.029700
vt 0.223100 0.028200
vt 0.222900 0.027400
vt 0.223100 0.027400
vt 0.222900 0.028200
vt 0.222900 0.026700
vt 0.223100 0.026700
vt 0.223200 0.026700
vt 0.223200 0.027400
vt 0.223400 0.026700
vt 0.223400 0.027400
vt 0.223200 0.028200
vt 0.698000 0.328500
vt 0.692400 0.489600
vt 0.692400 0.328500
vt 0.698000 0.489600
vt 0.692400 0.650800
vt 0.703600 0.328500
vt 0.703600 0.489600
vt 0.698000 0.650800
vt 0.686800 0.328500
vt 0.686800 0.489600
vt 0.681300 0.328500
vt 0.686800 0.650800
vt 0.681300 0.489600
vt 0.692400 0.167300
vt 0.686800 0.167300
vt 0.692400 0.006200
vt 0.681300 0.167300
vt 0.686800 0.006200
vt 0.698000 0.167300
vt 0.698000 0.006200
vt 0.703600 0.167300
vt 0.673200 0.238300
vt 0.667600 0.354400
vt 0.667600 0.238300
vt 0.673200 0.354400
vt 0.667600 0.470500
vt 0.678800 0.238300
vt 0.678800 0.354400
vt 0.673200 0.470500
vt 0.662100 0.238300
vt 0.662100 0.354400
vt 0.656500 0.238300
vt 0.662100 0.470500
vt 0.656500 0.354400
vt 0.667600 0.122300
vt 0.662100 0.122300
vt 0.667600 0.006200
vt 0.656500 0.122300
vt 0.662100 0.006200
vt 0.673200 0.122300
vt 0.673200 0.006200
vt 0.678800 0.122300
vt 0.617400 0.166300
vt 0.623000 0.327500
vt 0.617400 0.327500
vt 0.623000 0.166300
vt 0.628500 0.327500
vt 0.617400 0.005200
vt 0.623000 0.005200
vt 0.628500 0.166300
vt 0.617400 0.488600
vt 0.623000 0.488600
vt 0.617400 0.649700
vt 0.628500 0.488600
vt 0.623000 0.649700
vt 0.611800 0.327500
vt 0.611800 0.488600
vt 0.606200 0.327500
vt 0.611800 0.649700
vt 0.606200 0.488600
vt 0.611800 0.166300
vt 0.606200 0.166300
vt 0.611800 0.005200
vt 0.636400 0.237300
vt 0.642000 0.121300
vt 0.642000 0.237300
vt 0.636400 0.121300
vt 0.642000 0.005200
vt 0.630800 0.237300
vt 0.630800 0.121300
vt 0.636400 0.005200
vt 0.647500 0.237300
vt 0.647500 0.121300
vt 0.653100 0.237300
vt 0.647500 0.005200
vt 0.653100 0.121300
vt 0.642000 0.353400
vt 0.647500 0.353400
vt 0.642000 0.469500
vt 0.653100 0.353400
vt 0.647500 0.469500
vt 0.636400 0.353400
vt 0.636400 0.469500
vt 0.630800 0.353400
vt 0.328500 0.001500
vt 0.328500 0.754100
vt 0.314900 0.754100
vt 0.314900 0.001500
vt 0.267500 0.740500
vt 0.267500 0.015000
vt 0.445700 0.006800
vt 0.445700 0.018100
vt 0.434400 0.018100
vt 0.434400 0.006800
vt 0.743500 0.006800
vt 0.754800 0.006800
vt 0.754800 0.323400
vt 0.743500 0.323400
vt 0.740700 0.323400
vt 0.729400 0.323400
vt 0.729400 0.006800
vt 0.740700 0.006800
vt 0.406900 0.732800
vt 0.406900 0.721500
vt 0.630300 0.721500
vt 0.630300 0.732800
vt 0.633400 0.707400
vt 0.633400 0.718700
vt 0.406900 0.718700
vt 0.406900 0.707400
vt 0.247100 0.727000
vt 0.247100 0.028600
vt 0.726600 0.323400
vt 0.723500 0.006800
vt 0.370600 0.008700
vt 0.370600 0.020000
vt 0.359300 0.020000
vt 0.359300 0.008700
vt 0.772100 0.323400
vt 0.760700 0.323400
vt 0.780000 0.007100
vt 0.791300 0.007100
vt 0.406900 0.701500
vt 0.406900 0.690100
vt 0.633400 0.669700
vt 0.633400 0.681100
vt 0.717600 0.006800
vt 0.720700 0.323400
vt 0.087400 0.966500
vt 0.404000 0.969600
vt 0.711600 0.323400
vt 0.714800 0.006800
vt 0.406900 0.756500
vt 0.630300 0.753300
vt 0.406900 0.747400
vt 0.630300 0.750600
vt 0.633400 0.741500
vt 0.406900 0.744700
vt 0.633400 0.738700
vt 0.406900 0.735600
vt 0.757600 0.006800
vt 0.775200 0.006800
vt 0.794400 0.323700
vt 0.776800 0.323700
vt 0.630300 0.687000
vt 0.630300 0.704600
vt 0.406900 0.684200
vt 0.406900 0.666600
vt 0.469700 0.016000
vt 0.469700 0.561600
vt 0.563200 0.827600
vt 0.017600 0.827600
vt 0.134700 0.015000
vt 0.134700 0.740500
vt 0.155000 0.028600
vt 0.155000 0.727000
vt 0.530800 0.575100
vt 0.530800 0.002500
vt 0.449400 0.548000
vt 0.449400 0.029600
vt 0.576800 0.888600
vt 0.004100 0.888700
vt 0.004100 0.875100
vt 0.576800 0.875100
vt 0.031200 0.807300
vt 0.549600 0.807300
vt 0.087200 0.001500
vt 0.087200 0.754100
vt 0.517200 0.575100
vt 0.517200 0.002500
vt 0.073600 0.001500
vt 0.073600 0.754100
vt 0.175000 0.750300
vt 0.173700 0.747800
vt 0.173700 0.724600
vt 0.229300 0.724600
vt 0.229300 0.747800
vt 0.227900 0.722100
vt 0.227900 0.750300
vt 0.175100 0.722100
vt 0.012200 0.025700
vt 0.012200 0.022100
vt 0.018700 0.004800
vt 0.012200 0.007400
vt 0.013000 0.004800
vt 0.018700 0.018800
vt 0.012200 0.018800
vt 0.012200 0.010100
vt 0.012200 0.012900
vt 0.012200 0.015800
vt 0.012200 0.033500
vt 0.012200 0.029500
vt 0.018700 0.037500
vt 0.013000 0.037500
vt 0.425500 0.035400
vt 0.425500 0.039400
vt 0.385900 0.039400
vt 0.385900 0.032100
vt 0.425500 0.032100
vt 0.425500 0.029000
vt 0.385900 0.012500
vt 0.425500 0.012500
vt 0.425500 0.016600
vt 0.385900 0.016600
vt 0.425500 0.019800
vt 0.385900 0.019800
vt 0.425500 0.022900
vt 0.385900 0.022900
vt 0.385900 0.026000
vt 0.425500 0.026000
vt 0.162200 0.005500
vt 0.176700 0.010800
vt 0.173400 0.005900
vt 0.165000 0.023700
vt 0.167900 0.004000
vt 0.176700 0.016600
vt 0.158400 0.018600
vt 0.026700 0.025700
vt 0.026700 0.004800
vt 0.026700 0.010100
vt 0.026700 0.012900
vt 0.026700 0.029500
vt 0.026700 0.037500
vt 0.010000 0.016500
vt 0.010000 0.019600
vt 0.574800 0.024500
vt 0.580000 0.020900
vt 0.583000 0.021400
vt 0.585000 0.023500
vt 0.585500 0.026400
vt 0.584100 0.029000
vt 0.576600 0.030100
vt 0.160800 0.020600
vt 0.189900 0.041200
vt 0.222800 0.041200
vt 0.217800 0.044300
vt 0.194900 0.044300
vt 0.195000 0.013700
vt 0.217700 0.013700
vt 0.222700 0.016800
vt 0.190000 0.016800
vt 0.189900 0.038100
vt 0.222800 0.038200
vt 0.189900 0.035100
vt 0.222800 0.035100
vt 0.189900 0.032000
vt 0.222800 0.032000
vt 0.222700 0.019800
vt 0.190000 0.019800
vt 0.222700 0.022900
vt 0.190000 0.022900
vt 0.222700 0.025900
vt 0.190000 0.025900
vt 0.190000 0.029000
vt 0.222700 0.029000
vt 0.223400 0.040400
vt 0.189300 0.014600
vt 0.223400 0.028200
vt 0.703600 0.650800
vt 0.681300 0.650800
vt 0.681300 0.006200
vt 0.703600 0.006200
vt 0.678800 0.470500
vt 0.656500 0.470500
vt 0.656500 0.006200
vt 0.678800 0.006200
vt 0.628500 0.005200
vt 0.628500 0.649700
vt 0.606200 0.649700
vt 0.606200 0.005200
vt 0.630800 0.005200
vt 0.653100 0.005200
vt 0.653100 0.469500
vt 0.630800 0.469500
s 1
usemtl window.002
f 821/1/1 818/2/1 817/3/1
f 822/4/1 3752/5/1 818/2/1
f 3882/6/1 822/4/1 821/1/1
f 3881/7/1 3751/8/1 822/4/1
f 818/2/1 819/9/1 817/3/1
f 823/10/1 3797/11/1 819/9/1
f 3752/5/1 823/10/1 818/2/1
f 3753/12/1 3798/13/1 823/10/1
f 819/9/1 820/14/1 817/3/1
f 824/15/1 3791/16/1 820/14/1
f 3797/11/1 824/15/1 819/9/1
f 3796/17/1 3792/18/1 824/15/1
f 820/14/1 821/1/1 817/3/1
f 825/19/1 3882/6/1 821/1/1
f 3791/16/1 825/19/1 820/14/1
f 3790/20/1 3883/21/1 825/19/1
f 830/22/2 827/23/2 826/24/2
f 831/25/2 2468/16/2 827/23/2
f 3894/26/2 831/25/2 830/22/2
f 3893/27/2 2467/20/2 831/25/2
f 827/23/2 828/28/2 826/24/2
f 832/29/2 3809/30/2 828/28/2
f 2468/16/2 832/29/2 827/23/2
f 2469/18/2 3810/31/2 832/29/2
f 826/24/2 833/32/2 829/33/2
f 829/33/2 3804/34/2 3803/35/2
f 828/28/2 3808/36/2 833/32/2
f 833/32/2 3805/37/2 3804/34/2
f 826/24/2 834/38/2 830/22/2
f 830/22/2 3895/39/2 3894/26/2
f 829/33/2 3802/40/2 834/38/2
f 834/38/2 3799/41/2 3895/39/2
f 839/42/1 836/43/1 835/44/1
f 840/45/1 2474/35/1 836/43/1
f 839/42/1 3896/46/1 840/45/1
f 840/45/1 3800/41/1 2473/40/1
f 836/43/1 837/47/1 835/44/1
f 837/47/1 3820/48/1 3819/49/1
f 2474/35/1 841/50/1 836/43/1
f 2475/34/1 3820/48/1 841/50/1
f 837/47/1 838/51/1 835/44/1
f 842/52/1 3814/53/1 838/51/1
f 3819/49/1 842/52/1 837/47/1
f 3818/54/1 3815/55/1 842/52/1
f 838/51/1 839/42/1 835/44/1
f 843/56/1 3897/57/1 839/42/1
f 3814/53/1 843/56/1 838/51/1
f 3813/58/1 3898/59/1 843/56/1
f 3430/60/3 845/61/4 3425/62/3
f 849/63/4 3838/64/5 845/61/4
f 3431/65/6 849/63/4 3430/60/3
f 3908/66/7 3837/67/5 849/63/4
f 845/61/4 3426/68/8 3425/62/3
f 850/69/4 3427/70/3 3426/68/8
f 3838/64/5 850/69/4 845/61/4
f 3839/71/5 3875/72/7 850/69/4
f 844/62/9 851/73/10 847/74/11
f 851/73/10 3861/75/12 847/74/11
f 846/68/9 3876/76/13 851/73/10
f 3876/76/13 3862/77/12 851/73/10
f 844/62/9 852/78/10 848/60/9
f 848/60/9 3909/79/14 3433/65/9
f 3861/75/12 852/78/10 847/74/11
f 3860/80/12 3909/79/14 852/78/10
f 857/81/15 854/82/15 853/83/15
f 858/84/15 3936/85/15 854/82/15
f 3915/86/15 858/84/15 857/81/15
f 3916/87/15 3937/88/15 858/84/15
f 854/82/15 855/89/15 853/83/15
f 859/90/15 3926/91/15 855/89/15
f 3936/85/15 859/90/15 854/82/15
f 3935/92/15 3925/93/15 859/90/15
f 855/89/15 856/94/15 853/83/15
f 860/95/15 3933/96/15 856/94/15
f 3926/91/15 860/95/15 855/89/15
f 3927/97/15 3932/98/15 860/95/15
f 856/94/15 857/81/15 853/83/15
f 861/99/15 3915/86/15 857/81/15
f 3933/96/15 861/99/15 856/94/15
f 3934/100/15 3914/101/15 861/99/15
f 866/102/15 863/103/15 862/104/15
f 867/105/15 2555/106/15 863/103/15
f 3944/107/15 867/105/15 866/102/15
f 3945/108/15 2554/109/15 867/105/15
f 863/103/15 864/110/15 862/104/15
f 868/111/15 3941/112/15 864/110/15
f 2555/106/15 868/111/15 863/103/15
f 2556/113/15 3940/114/15 868/111/15
f 864/110/15 865/115/15 862/104/15
f 869/116/15 2558/117/15 865/115/15
f 3941/112/15 869/116/15 864/110/15
f 3942/118/15 2559/119/15 869/116/15
f 865/115/15 866/102/15 862/104/15
f 870/120/15 3944/107/15 866/102/15
f 2558/117/15 870/120/15 865/115/15
f 2557/121/15 3943/122/15 870/120/15
f 875/123/15 872/124/15 871/125/15
f 876/126/15 2552/127/15 872/124/15
f 3952/128/15 876/126/15 875/123/15
f 3953/129/15 2553/130/15 876/126/15
f 872/124/15 873/131/15 871/125/15
f 877/132/15 3949/133/15 873/131/15
f 2552/127/15 877/132/15 872/124/15
f 2551/134/15 3948/135/15 877/132/15
f 873/131/15 874/136/15 871/125/15
f 878/137/15 2567/138/15 874/136/15
f 3949/133/15 878/137/15 873/131/15
f 3950/139/15 2566/140/15 878/137/15
f 874/136/15 875/123/15 871/125/15
f 879/141/15 3952/128/15 875/123/15
f 2567/138/15 879/141/15 874/136/15
f 2568/142/15 3951/143/15 879/141/15
f 884/144/15 881/145/15 880/146/15
f 885/147/15 2549/148/15 881/145/15
f 3960/149/15 885/147/15 884/144/15
f 3961/150/15 2550/151/15 885/147/15
f 881/145/15 882/152/15 880/146/15
f 886/153/15 3957/154/15 882/152/15
f 2549/148/15 886/153/15 881/145/15
f 2548/155/15 3956/156/15 886/153/15
f 882/152/15 883/157/15 880/146/15
f 887/158/15 2576/159/15 883/157/15
f 3957/154/15 887/158/15 882/152/15
f 3958/160/15 2575/161/15 887/158/15
f 883/157/15 884/144/15 880/146/15
f 888/162/15 3960/149/15 884/144/15
f 2576/159/15 888/162/15 883/157/15
f 2577/163/15 3959/164/15 888/162/15
f 893/165/15 890/166/15 889/167/15
f 894/168/15 2546/169/15 890/166/15
f 3968/170/15 894/168/15 893/165/15
f 3969/171/15 2547/172/15 894/168/15
f 890/166/15 891/173/15 889/167/15
f 895/174/15 3965/175/15 891/173/15
f 2546/169/15 895/174/15 890/166/15
f 2545/176/15 3964/177/15 895/174/15
f 891/173/15 892/178/15 889/167/15
f 896/179/15 2585/180/15 892/178/15
f 3965/175/15 896/179/15 891/173/15
f 3966/181/15 2584/182/15 896/179/15
f 892/178/15 893/165/15 889/167/15
f 897/183/15 3968/170/15 893/165/15
f 2585/180/15 897/183/15 892/178/15
f 2586/184/15 3967/185/15 897/183/15
f 902/186/2 899/187/2 898/188/2
f 903/189/2 2480/53/2 899/187/2
f 2648/190/2 903/189/2 902/186/2
f 2649/191/2 2479/58/2 903/189/2
f 899/187/2 900/192/2 898/188/2
f 904/193/2 2486/194/2 900/192/2
f 2480/53/2 904/193/2 899/187/2
f 2481/55/2 2485/195/2 904/193/2
f 898/188/2 905/196/2 901/197/2
f 901/197/2 4005/198/2 4004/199/2
f 900/192/2 2487/200/2 905/196/2
f 905/196/2 3826/201/2 4005/198/2
f 898/188/2 906/202/2 902/186/2
f 902/186/2 2647/203/2 2648/190/2
f 901/197/2 4003/204/2 906/202/2
f 906/202/2 3834/205/2 2647/203/2
f 911/206/16 908/207/16 907/208/16
f 912/209/16 3971/210/16 908/207/16
f 3782/211/16 912/209/16 911/206/16
f 3781/212/16 3972/213/16 912/209/16
f 908/207/16 909/214/16 907/208/16
f 913/215/16 3776/216/16 909/214/16
f 3971/210/16 913/215/16 908/207/16
f 3970/217/16 3777/218/16 913/215/16
f 907/208/16 914/219/16 910/220/16
f 910/220/16 3982/221/17 3983/222/17
f 909/214/16 3775/223/16 914/219/16
f 914/219/16 3772/224/17 3982/221/17
f 907/208/16 915/225/16 911/206/16
f 911/206/16 3783/226/16 3782/211/16
f 910/220/16 3984/227/17 915/225/16
f 915/225/16 3784/228/17 3783/226/16
f 920/229/15 917/230/15 916/231/15
f 921/232/15 2453/5/15 917/230/15
f 3770/233/15 921/232/15 920/229/15
f 3771/234/15 2454/12/15 921/232/15
f 917/230/15 918/235/15 916/231/15
f 922/236/15 3986/237/15 918/235/15
f 2453/5/15 922/236/15 917/230/15
f 2452/8/15 3987/238/15 922/236/15
f 916/231/15 923/239/15 919/240/15
f 919/240/15 4036/241/15 4037/242/15
f 918/235/15 3985/243/15 923/239/15
f 923/239/15 3758/244/15 4036/241/15
f 916/231/15 924/245/15 920/229/15
f 920/229/15 3769/246/15 3770/233/15
f 919/240/15 4038/247/15 924/245/15
f 924/245/15 3766/248/15 3769/246/15
f 929/249/18 926/250/18 925/251/18
f 930/252/18 2600/222/18 926/250/18
f 3849/253/18 930/252/18 929/249/18
f 3850/254/18 2601/227/18 930/252/18
f 926/250/18 927/255/18 925/251/18
f 931/256/18 4034/257/18 927/255/18
f 2600/222/18 931/256/18 926/250/18
f 2599/221/18 4033/258/18 931/256/18
f 927/255/18 928/259/18 925/251/18
f 932/260/18 3855/261/18 928/259/18
f 4034/257/18 932/260/18 927/255/18
f 4035/262/18 3854/263/18 932/260/18
f 928/259/18 929/249/18 925/251/18
f 929/249/18 3848/264/18 3849/253/18
f 3855/261/18 933/265/18 928/259/18
f 933/265/18 3845/266/18 3848/264/18
f 938/267/15 935/268/15 934/269/15
f 939/270/15 2645/242/15 935/268/15
f 3843/271/15 939/270/15 938/267/15
f 3842/272/15 2646/247/15 939/270/15
f 935/268/15 936/273/15 934/269/15
f 940/274/15 3761/275/15 936/273/15
f 2645/242/15 940/274/15 935/268/15
f 2644/241/15 3760/276/15 940/274/15
f 934/269/15 941/277/15 937/278/15
f 937/278/15 2593/217/15 2594/210/15
f 936/273/15 3762/279/15 941/277/15
f 941/277/15 3763/280/15 2593/217/15
f 934/269/15 942/281/15 938/267/15
f 938/267/15 3844/282/15 3843/271/15
f 937/278/15 2595/213/15 942/281/15
f 942/281/15 3779/283/15 3844/282/15
f 947/284/19 944/285/20 943/286/20
f 948/287/19 2498/288/21 944/285/20
f 2615/289/22 948/287/19 947/284/19
f 2616/290/22 2497/291/23 948/287/19
f 943/286/20 949/292/24 945/293/24
f 945/293/24 2496/71/25 2495/64/25
f 944/285/20 2499/294/26 949/292/24
f 949/292/24 3841/295/27 2496/71/25
f 943/286/20 950/296/24 946/297/20
f 946/297/20 2602/298/28 2603/299/29
f 945/293/24 2494/67/25 950/296/24
f 950/296/24 3836/300/30 2602/298/28
f 946/297/20 947/284/19 943/286/20
f 951/301/19 2615/289/22 947/284/19
f 2603/299/29 951/301/19 946/297/20
f 2604/302/31 2614/303/22 951/301/19
f 956/304/1 953/305/1 952/306/1
f 957/307/1 2624/199/1 953/305/1
f 3831/308/1 957/307/1 956/304/1
f 3832/309/1 2623/204/1 957/307/1
f 953/305/1 954/310/1 952/306/1
f 958/311/1 3824/312/1 954/310/1
f 2624/199/1 958/311/1 953/305/1
f 2625/198/1 3825/313/1 958/311/1
f 954/310/1 955/314/1 952/306/1
f 959/315/1 4040/316/1 955/314/1
f 3824/312/1 959/315/1 954/310/1
f 3823/317/1 4041/318/1 959/315/1
f 955/314/1 956/304/1 952/306/1
f 960/319/1 3831/308/1 956/304/1
f 4040/316/1 960/319/1 955/314/1
f 4039/320/1 3830/321/1 960/319/1
f 965/322/32 962/323/32 961/324/32
f 966/325/32 2651/316/32 962/323/32
f 2501/326/33 966/325/32 965/322/32
f 2500/327/33 2650/320/32 966/325/32
f 962/323/32 963/328/32 961/324/32
f 967/329/32 2504/330/34 963/328/32
f 2651/316/32 967/329/32 962/323/32
f 2652/318/32 2503/331/34 967/329/32
f 961/324/32 968/332/32 964/333/32
f 964/333/32 2616/290/22 2615/289/22
f 963/328/32 2505/334/34 968/332/32
f 968/332/32 3315/335/35 2616/290/22
f 961/324/32 969/336/32 965/322/32
f 965/322/32 2502/337/33 2501/326/33
f 964/333/32 2614/303/22 969/336/32
f 969/336/32 3314/338/36 2502/337/33
f 970/339/37 975/340/37 971/341/37
f 971/341/37 2571/342/37 2570/343/37
f 974/344/37 2662/345/37 975/340/37
f 975/340/37 3342/346/37 2571/342/37
f 971/341/37 972/347/37 970/339/37
f 976/348/37 4053/349/37 972/347/37
f 2570/343/37 976/348/37 971/341/37
f 2569/350/37 4052/351/37 976/348/37
f 970/339/37 977/352/38 973/353/38
f 973/353/38 4045/354/39 4046/355/39
f 972/347/37 4054/356/38 977/352/38
f 977/352/38 4042/357/40 4045/354/39
f 973/353/38 974/344/37 970/339/37
f 978/358/38 2663/359/37 974/344/37
f 4046/355/39 978/358/38 973/353/38
f 4047/360/39 2664/361/38 978/358/38
f 983/362/2 980/363/2 979/364/2
f 984/365/2 4084/366/2 980/363/2
f 4063/367/2 984/365/2 983/362/2
f 4064/368/2 4085/369/2 984/365/2
f 980/363/2 981/370/2 979/364/2
f 985/371/2 4074/372/2 981/370/2
f 4084/366/2 985/371/2 980/363/2
f 4083/373/2 4073/374/2 985/371/2
f 981/370/2 982/375/2 979/364/2
f 986/376/2 4081/377/2 982/375/2
f 4074/372/2 986/376/2 981/370/2
f 4075/378/2 4080/379/2 986/376/2
f 982/375/2 983/362/2 979/364/2
f 987/380/2 4063/367/2 983/362/2
f 4081/377/2 987/380/2 982/375/2
f 4082/381/2 4062/382/2 987/380/2
f 992/383/2 989/384/2 988/385/2
f 993/386/2 2690/387/2 989/384/2
f 4092/388/2 993/386/2 992/383/2
f 4093/389/2 2689/390/2 993/386/2
f 989/384/2 990/391/2 988/385/2
f 994/392/2 4089/393/2 990/391/2
f 2690/387/2 994/392/2 989/384/2
f 2691/394/2 4088/395/2 994/392/2
f 990/391/2 991/396/2 988/385/2
f 995/397/2 2693/398/2 991/396/2
f 4089/393/2 995/397/2 990/391/2
f 4090/399/2 2694/400/2 995/397/2
f 991/396/2 992/383/2 988/385/2
f 996/401/2 4092/388/2 992/383/2
f 2693/398/2 996/401/2 991/396/2
f 2692/402/2 4091/403/2 996/401/2
f 1001/404/2 998/405/2 997/406/2
f 1002/407/2 2687/408/2 998/405/2
f 4100/409/2 1002/407/2 1001/404/2
f 4101/410/2 2688/411/2 1002/407/2
f 998/405/2 999/412/2 997/406/2
f 1003/413/2 4097/414/2 999/412/2
f 2687/408/2 1003/413/2 998/405/2
f 2686/415/2 4096/416/2 1003/413/2
f 999/412/2 1000/417/2 997/406/2
f 1004/418/2 2702/419/2 1000/417/2
f 4097/414/2 1004/418/2 999/412/2
f 4098/420/2 2701/421/2 1004/418/2
f 1000/417/2 1001/404/2 997/406/2
f 1005/422/2 4100/409/2 1001/404/2
f 2702/419/2 1005/422/2 1000/417/2
f 2703/423/2 4099/424/2 1005/422/2
f 1010/425/2 1007/426/2 1006/427/2
f 1011/428/2 2684/429/2 1007/426/2
f 4108/430/2 1011/428/2 1010/425/2
f 4109/431/2 2685/432/2 1011/428/2
f 1007/426/2 1008/433/2 1006/427/2
f 1012/434/2 4105/435/2 1008/433/2
f 2684/429/2 1012/434/2 1007/426/2
f 2683/436/2 4104/437/2 1012/434/2
f 1008/433/2 1009/438/2 1006/427/2
f 1013/439/2 2711/440/2 1009/438/2
f 4105/435/2 1013/439/2 1008/433/2
f 4106/441/2 2710/442/2 1013/439/2
f 1009/438/2 1010/425/2 1006/427/2
f 1014/443/2 4108/430/2 1010/425/2
f 2711/440/2 1014/443/2 1009/438/2
f 2712/444/2 4107/445/2 1014/443/2
f 1019/446/2 1016/447/2 1015/448/2
f 1020/449/2 2681/450/2 1016/447/2
f 4116/451/2 1020/449/2 1019/446/2
f 4117/452/2 2682/453/2 1020/449/2
f 1016/447/2 1017/454/2 1015/448/2
f 1021/455/2 4113/456/2 1017/454/2
f 2681/450/2 1021/455/2 1016/447/2
f 2680/457/2 4112/458/2 1021/455/2
f 1017/454/2 1018/459/2 1015/448/2
f 1022/460/2 2720/461/2 1018/459/2
f 4113/456/2 1022/460/2 1017/454/2
f 4114/462/2 2719/463/2 1022/460/2
f 1018/459/2 1019/446/2 1015/448/2
f 1023/464/2 4116/451/2 1019/446/2
f 2720/461/2 1023/464/2 1018/459/2
f 2721/465/2 4115/466/2 1023/464/2
f 1024/467/41 1029/468/41 1025/469/41
f 1025/469/41 2562/470/41 2561/471/41
f 1028/472/41 2656/473/41 1029/468/41
f 1029/468/41 3340/474/41 2562/470/41
f 1025/469/41 1026/475/41 1024/467/41
f 1030/476/41 4159/477/41 1026/475/41
f 2561/471/41 1030/476/41 1025/469/41
f 2560/478/41 4158/479/41 1030/476/41
f 1024/467/41 1031/480/42 1027/481/42
f 1027/481/42 4137/482/43 4138/483/44
f 1026/475/41 4160/484/42 1031/480/42
f 1031/480/42 4131/485/44 4137/482/43
f 1027/481/42 1028/472/41 1024/467/41
f 1032/486/42 2657/487/41 1028/472/41
f 4138/483/44 1032/486/42 1027/481/42
f 4139/488/44 2658/489/42 1032/486/42
f 1037/490/37 1034/491/37 1033/492/37
f 1038/493/37 2564/494/37 1034/491/37
f 4162/495/37 1038/493/37 1037/490/37
f 4163/496/37 2565/497/37 1038/493/37
f 1033/492/37 1039/498/37 1035/499/37
f 1035/499/37 2661/500/37 2660/501/37
f 1034/491/37 2563/502/37 1039/498/37
f 1039/498/37 3341/503/37 2661/500/37
f 1035/499/37 1036/504/38 1033/492/37
f 1040/505/38 4141/506/39 1036/504/38
f 2660/501/37 1040/505/38 1035/499/37
f 2659/507/38 4140/508/40 1040/505/38
f 1033/492/37 1041/509/38 1037/490/37
f 1037/490/37 4161/510/38 4162/495/37
f 1036/504/38 4142/511/45 1041/509/38
f 1041/509/38 4128/512/39 4161/510/38
f 1046/513/41 1043/514/41 1042/515/41
f 1047/516/41 2573/517/41 1043/514/41
f 4165/518/41 1047/516/41 1046/513/41
f 4166/519/41 2574/520/41 1047/516/41
f 1042/515/41 1048/521/41 1044/522/41
f 1044/522/41 2667/523/41 2666/524/41
f 1043/514/41 2572/525/41 1048/521/41
f 1048/521/41 3343/526/41 2667/523/41
f 1044/522/41 1045/527/42 1042/515/41
f 1049/528/42 4144/529/44 1045/527/42
f 2666/524/41 1049/528/42 1044/522/41
f 2665/530/42 4143/531/43 1049/528/42
f 1042/515/41 1050/532/42 1046/513/41
f 1046/513/41 4164/533/42 4165/518/41
f 1045/527/42 4145/534/44 1050/532/42
f 1050/532/42 4122/535/43 4164/533/42
f 1051/536/46 1056/537/47 1052/538/48
f 1052/538/48 2580/539/49 2579/540/48
f 1055/541/46 2671/542/47 1056/537/47
f 1056/537/47 3345/543/46 2580/539/49
f 1052/538/48 1053/544/49 1051/536/46
f 1057/545/47 2765/546/50 1053/544/49
f 2579/540/48 1057/545/47 1052/538/48
f 2578/547/48 2766/548/49 1057/545/47
f 1051/536/46 1058/549/51 1054/550/52
f 1054/550/52 4146/551/53 4147/552/53
f 1053/544/49 2764/553/52 1058/549/51
f 1058/549/51 4129/554/53 4146/551/53
f 1054/550/52 1055/541/46 1051/536/46
f 1059/555/52 2672/556/49 1055/541/46
f 4147/552/53 1059/555/52 1054/550/52
f 4148/557/54 2673/558/52 1059/555/52
f 1064/559/55 1061/560/56 1060/561/56
f 1065/562/56 2582/563/57 1061/560/56
f 2669/564/58 1065/562/56 1064/559/55
f 2668/565/55 2583/566/55 1065/562/56
f 1060/561/56 1066/567/56 1062/568/55
f 1062/568/55 2772/569/56 2771/570/58
f 1061/560/56 2581/571/57 1066/567/56
f 1066/567/56 3344/572/57 2772/569/56
f 1062/568/55 1063/573/59 1060/561/56
f 1067/574/59 4150/575/57 1063/573/59
f 2771/570/58 1067/574/59 1062/568/55
f 2770/576/60 4149/577/61 1067/574/59
f 1060/561/56 1068/578/60 1064/559/55
f 1064/559/55 2670/579/62 2669/564/58
f 1063/573/59 4151/580/61 1068/578/60
f 1068/578/60 4043/581/63 2670/579/62
f 1069/582/55 1074/583/56 1070/584/56
f 1070/584/56 2589/585/55 2588/586/57
f 1073/587/56 2674/588/56 1074/583/56
f 1074/583/56 3346/589/56 2589/585/55
f 1070/584/56 1071/590/55 1069/582/55
f 1075/591/55 2768/592/58 1071/590/55
f 2588/586/57 1075/591/55 1070/584/56
f 2587/593/62 2769/594/57 1075/591/55
f 1069/582/55 1076/595/59 1072/596/59
f 1072/596/59 4152/597/64 4153/598/65
f 1071/590/55 2767/599/60 1076/595/59
f 1076/595/59 4123/600/61 4152/597/64
f 1072/596/59 1073/587/56 1069/582/55
f 1077/601/60 2675/602/56 1073/587/56
f 4153/598/65 1077/601/60 1072/596/59
f 4154/603/61 2676/604/60 1077/601/60
f 1082/605/50 1079/606/48 1078/607/46
f 1083/608/48 2591/609/46 1079/606/48
f 2762/610/47 1083/608/48 1082/605/50
f 2761/611/49 2592/612/48 1083/608/48
f 1078/607/46 1084/613/48 1080/614/46
f 1080/614/46 2679/615/48 2678/616/47
f 1079/606/48 2590/617/47 1084/613/48
f 1084/613/48 3347/618/50 2679/615/48
f 1080/614/46 1081/619/52 1078/607/46
f 1085/620/52 4156/621/66 1081/619/52
f 2678/616/47 1085/620/52 1080/614/46
f 2677/622/52 4155/623/67 1085/620/52
f 1078/607/46 1086/624/52 1082/605/50
f 1082/605/50 2763/625/46 2762/610/47
f 1081/619/52 4157/626/47 1086/624/52
f 1086/624/52 4132/627/68 2763/625/46
f 1087/628/69 1092/629/69 1088/630/69
f 1088/630/69 2697/399/70 2696/393/70
f 1091/631/69 2773/632/69 1092/629/69
f 1092/629/69 3360/633/70 2697/399/70
f 1088/630/69 1089/634/69 1087/628/69
f 1093/635/69 4119/636/71 1089/634/69
f 2696/393/70 1093/635/69 1088/630/69
f 2695/395/70 4118/637/69 1093/635/69
f 1087/628/69 1094/638/70 1090/639/70
f 1090/639/70 2748/640/70 2747/641/70
f 1089/634/69 4120/642/70 1094/638/70
f 1094/638/70 4121/643/70 2748/640/70
f 1090/639/70 1091/631/69 1087/628/69
f 1095/644/70 2774/645/69 1091/631/69
f 2747/641/70 1095/644/70 1090/639/70
f 2746/646/70 2775/647/70 1095/644/70
f 1100/648/72 1097/649/72 1096/650/72
f 1101/651/72 2699/388/73 1097/649/72
f 4168/652/74 1101/651/72 1100/648/72
f 4169/653/72 2700/389/73 1101/651/72
f 1096/650/72 1102/654/72 1098/655/72
f 1098/655/72 2778/656/72 2777/657/72
f 1097/649/72 2698/403/73 1102/654/72
f 1102/654/72 3361/658/73 2778/656/72
f 1098/655/72 1099/659/73 1096/650/72
f 1103/660/73 2654/661/73 1099/659/73
f 2777/657/72 1103/660/73 1098/655/72
f 2776/662/73 2655/663/73 1103/660/73
f 1096/650/72 1104/664/73 1100/648/72
f 1100/648/72 4167/665/73 4168/652/74
f 1099/659/73 2653/666/73 1104/664/73
f 1104/664/73 4044/667/73 4167/665/73
f 1105/668/73 1110/669/72 1106/670/72
f 1106/670/72 2706/420/75 2705/414/76
f 1109/671/73 2782/672/72 1110/669/72
f 1110/669/72 3362/673/76 2706/420/75
f 1106/670/72 1107/674/72 1105/668/73
f 1111/675/72 4125/676/74 1107/674/72
f 2705/414/76 1111/675/72 1106/670/72
f 2704/416/73 4124/677/72 1111/675/72
f 1105/668/73 1112/678/73 1108/679/73
f 1108/679/73 2745/680/73 2744/681/73
f 1107/674/72 4126/682/73 1112/678/73
f 1112/678/73 4127/683/73 2745/680/73
f 1108/679/73 1109/671/73 1105/668/73
f 1113/684/73 2783/685/73 1109/671/73
f 2744/681/73 1113/684/73 1108/679/73
f 2743/686/73 2784/687/73 1113/684/73
f 1118/688/69 1115/689/69 1114/690/70
f 1119/691/69 2708/409/77 1115/689/69
f 4134/692/71 1119/691/69 1118/688/69
f 4135/693/69 2709/410/70 1119/691/69
f 1114/690/70 1120/694/69 1116/695/70
f 1116/695/70 2787/696/69 2786/697/70
f 1115/689/69 2707/424/78 1120/694/69
f 1120/694/69 3363/698/77 2787/696/69
f 1116/695/70 1117/699/70 1114/690/70
f 1121/700/70 2741/701/70 1117/699/70
f 2786/697/70 1121/700/70 1116/695/70
f 2785/702/70 2742/703/70 1121/700/70
f 1114/690/70 1122/704/70 1118/688/69
f 1118/688/69 4133/705/70 4134/692/71
f 1117/699/70 2740/706/70 1122/704/70
f 1122/704/70 4130/707/70 4133/705/70
f 1123/708/79 1128/709/79 1124/710/79
f 1124/710/79 2715/441/80 2714/435/81
f 1127/711/82 2737/712/79 1128/709/79
f 1128/709/79 3365/713/80 2715/441/80
f 1124/710/79 1125/714/83 1123/708/79
f 1129/715/79 2780/716/79 1125/714/83
f 2714/435/81 1129/715/79 1124/710/79
f 2713/437/84 2781/717/79 1129/715/79
f 1123/708/79 1130/718/84 1126/719/80
f 1126/719/80 2754/720/85 2753/721/80
f 1125/714/83 2779/722/85 1130/718/84
f 1130/718/84 3352/723/83 2754/720/85
f 1126/719/80 1127/711/82 1123/708/79
f 1131/724/84 2738/725/79 1127/711/82
f 2753/721/80 1131/724/84 1126/719/80
f 2752/726/85 2739/727/85 1131/724/84
f 1136/728/86 1133/729/87 1132/730/87
f 1137/731/88 2717/430/89 1133/729/87
f 2732/732/90 1137/731/88 1136/728/86
f 2731/733/91 2718/431/89 1137/731/88
f 1132/730/87 1138/734/88 1134/735/87
f 1134/735/87 2790/736/88 2789/737/88
f 1133/729/87 2716/445/92 1138/734/88
f 1138/734/88 3364/738/89 2790/736/88
f 1134/735/87 1135/739/91 1132/730/87
f 1139/740/89 2750/741/91 1135/739/91
f 2789/737/88 1139/740/89 1134/735/87
f 2788/742/89 2751/743/91 1139/740/89
f 1132/730/87 1140/744/89 1136/728/86
f 1136/728/86 2733/745/93 2732/732/90
f 1135/739/91 2749/746/91 1140/744/89
f 1140/744/89 3369/747/92 2733/745/93
f 1141/748/87 1146/749/88 1142/750/88
f 1142/750/88 2724/462/94 2723/456/89
f 1145/751/87 2791/752/86 1146/749/88
f 1146/749/88 3366/753/93 2724/462/94
f 1142/750/88 1143/754/87 1141/748/87
f 1147/755/88 2735/756/87 1143/754/87
f 2723/456/89 1147/755/88 1142/750/88
f 2722/458/91 2736/757/89 1147/755/88
f 1141/748/87 1148/758/91 1144/759/89
f 1144/759/89 2760/760/88 2759/761/94
f 1143/754/87 2734/762/94 1148/758/91
f 1148/758/91 3370/763/92 2760/760/88
f 1144/759/89 1145/751/87 1141/748/87
f 1149/764/91 2792/765/88 1145/751/87
f 2759/761/94 1149/764/91 1144/759/89
f 2758/766/94 2793/767/89 1149/764/91
f 1154/768/79 1151/769/79 1150/770/83
f 1155/771/83 2726/451/84 1151/769/79
f 2729/772/79 1155/771/83 1154/768/79
f 2728/773/79 2727/452/81 1155/771/83
f 1150/770/83 1156/774/79 1152/775/79
f 1152/775/79 2796/776/79 2795/777/79
f 1151/769/79 2725/466/84 1156/774/79
f 1156/774/79 3367/778/85 2796/776/79
f 1152/775/79 1153/779/84 1150/770/83
f 1157/780/84 2756/781/84 1153/779/84
f 2795/777/79 1157/780/84 1152/775/79
f 2794/782/85 2757/783/80 1157/780/84
f 1150/770/83 1158/784/80 1154/768/79
f 1154/768/79 2730/785/80 2729/772/79
f 1153/779/84 2755/786/81 1158/784/80
f 1158/784/80 3368/787/95 2730/785/80
f 1159/788/18 1164/789/96 1160/790/18
f 1160/790/18 3904/791/97 3903/792/18
f 1163/793/96 4218/794/98 1164/789/96
f 1164/789/96 3905/795/99 3904/791/97
f 1159/788/18 1165/796/100 1161/797/100
f 1161/797/100 4224/798/101 4225/799/102
f 1160/790/18 3902/800/103 1165/796/100
f 1165/796/100 3899/801/102 4224/798/101
f 1159/788/18 1166/802/100 1162/803/18
f 1162/803/18 4173/804/103 4174/805/18
f 1161/797/100 4226/806/102 1166/802/100
f 1166/802/100 4170/807/102 4173/804/103
f 1159/788/18 1167/808/96 1163/793/96
f 1163/793/96 4220/809/99 4219/810/99
f 1162/803/18 4175/811/97 1167/808/96
f 1167/808/96 4176/812/99 4220/809/99
f 1168/813/18 1173/814/104 1169/815/18
f 1169/815/18 4206/816/97 4207/817/18
f 1172/818/96 4233/819/105 1173/814/104
f 1173/814/104 4203/820/99 4206/816/97
f 1168/813/18 1174/821/100 1170/822/100
f 1170/822/100 4221/823/102 4222/824/102
f 1169/815/18 4208/825/103 1174/821/100
f 1174/821/100 4209/826/102 4221/823/102
f 1168/813/18 1175/827/100 1171/828/18
f 1171/828/18 3871/829/103 3870/830/18
f 1170/822/100 4223/831/102 1175/827/100
f 1175/827/100 3872/832/102 3871/829/103
f 1168/813/18 1176/833/96 1172/818/96
f 1172/818/96 4235/834/99 4234/835/99
f 1171/828/18 3869/836/97 1176/833/96
f 1176/833/96 3866/837/99 4235/834/99
f 1186/838/1 1191/839/106 1187/840/107
f 1187/840/107 3976/841/108 3977/842/109
f 1190/843/1 4000/844/110 1191/839/106
f 1191/839/106 3973/845/109 3976/841/108
f 1186/838/1 1192/846/107 1188/847/1
f 1188/847/1 4272/848/110 4273/849/1
f 1187/840/107 3978/850/109 1192/846/107
f 1192/846/107 3979/851/109 4272/848/110
f 1186/838/1 1193/852/111 1189/853/111
f 1189/853/111 3993/854/112 3992/855/112
f 1188/847/1 4274/856/113 1193/852/111
f 1193/852/111 3891/857/112 3993/854/112
f 1186/838/1 1194/858/111 1190/843/1
f 1190/843/1 4002/859/113 4001/860/1
f 1189/853/111 3991/861/112 1194/858/111
f 1194/858/111 3988/862/112 4002/859/113
f 1199/863/114 1196/864/115 1195/865/114
f 1200/866/115 2819/810/116 1196/864/115
f 4240/867/117 1200/866/115 1199/863/114
f 4241/868/118 2818/794/116 1200/866/115
f 1196/864/115 1197/869/114 1195/865/114
f 1201/870/115 4237/871/117 1197/869/114
f 2819/810/116 1201/870/115 1196/864/115
f 2820/809/116 4236/872/118 1201/870/115
f 1195/865/114 1202/873/119 1198/874/119
f 1198/874/119 2514/875/120 2513/261/120
f 1197/869/114 4238/876/121 1202/873/119
f 1202/873/119 3847/266/120 2514/875/120
f 1195/865/114 1203/877/119 1199/863/114
f 1199/863/114 4239/878/121 4240/867/117
f 1198/874/119 2512/263/120 1203/877/119
f 1203/877/119 3853/879/120 4239/878/121
f 1208/880/122 1205/881/123 1204/882/122
f 1209/883/124 2822/824/125 1205/881/123
f 4246/884/126 1209/883/124 1208/880/122
f 4247/885/127 2823/831/125 1209/883/124
f 1205/881/123 1206/886/128 1204/882/122
f 1210/887/129 4243/888/130 1206/886/128
f 2822/824/125 1210/887/129 1205/881/123
f 2821/823/125 4242/889/131 1210/887/129
f 1204/882/122 1211/890/132 1207/891/132
f 1207/891/132 2515/80/133 2516/75/133
f 1206/886/128 4244/892/134 1211/890/132
f 1211/890/132 3858/893/133 2515/80/133
f 1204/882/122 1212/894/132 1208/880/122
f 1208/880/122 4245/895/134 4246/884/126
f 1207/891/132 2517/77/133 1212/894/132
f 1212/894/132 3864/896/133 4245/895/134
f 1217/897/135 1214/898/136 1213/899/135
f 1218/900/136 2825/799/125 1214/898/136
f 4252/901/137 1218/900/136 1217/897/135
f 4253/902/138 2826/806/125 1218/900/136
f 1214/898/136 1215/903/135 1213/899/135
f 1219/904/136 4249/905/137 1215/903/135
f 2825/799/125 1219/904/136 1214/898/136
f 2824/798/125 4248/906/138 1219/904/136
f 1213/899/135 1220/907/139 1216/908/139
f 1216/908/139 2803/909/140 2804/910/140
f 1215/903/135 4250/911/141 1220/907/139
f 1220/907/139 4180/912/140 2803/909/140
f 1213/899/135 1221/913/139 1217/897/135
f 1217/897/135 4251/914/141 4252/901/137
f 1216/908/139 2805/915/140 1221/913/139
f 1221/913/139 4192/916/140 4251/914/141
f 1226/917/114 1223/918/115 1222/919/114
f 1227/920/115 2831/835/116 1223/918/115
f 4266/921/117 1227/920/115 1226/917/114
f 4265/922/118 2830/819/116 1227/920/115
f 1223/918/115 1224/923/114 1222/919/114
f 1228/924/115 4255/925/117 1224/923/114
f 2831/835/116 1228/924/115 1223/918/115
f 2832/834/116 4256/926/118 1228/924/115
f 1222/919/114 1229/927/119 1225/928/119
f 1225/928/119 2817/929/120 2816/930/120
f 1224/923/114 4254/931/121 1229/927/119
f 1229/927/119 4202/932/120 2817/929/120
f 1222/919/114 1230/933/119 1226/917/114
f 1226/917/114 4267/934/121 4266/921/117
f 1225/928/119 2815/935/120 1230/933/119
f 1230/933/119 4186/936/120 4267/934/121
f 1235/937/142 1232/938/142 1231/939/142
f 1236/940/142 4332/941/142 1232/938/142
f 4376/942/142 1236/940/142 1235/937/142
f 4375/943/142 4331/944/142 1236/940/142
f 1232/938/142 1233/945/142 1231/939/142
f 1237/946/142 2510/947/142 1233/945/142
f 4332/941/142 1237/946/142 1232/938/142
f 4333/948/142 2511/949/142 1237/946/142
f 1233/945/142 1234/950/142 1231/939/142
f 1238/951/142 3998/952/142 1234/950/142
f 2510/947/142 1238/951/142 1233/945/142
f 2509/953/142 3999/954/142 1238/951/142
f 1234/950/142 1235/937/142 1231/939/142
f 1239/955/142 4376/942/142 1235/937/142
f 3998/952/142 1239/955/142 1234/950/142
f 3997/956/142 4377/957/142 1239/955/142
f 3436/958/143 1241/959/144 3434/960/143
f 1245/961/144 4352/962/145 1241/959/144
f 3437/963/143 1245/961/144 3436/958/143
f 4324/964/146 4351/965/145 1245/961/144
f 1241/959/144 3435/966/143 3434/960/143
f 1246/967/144 3432/968/143 3435/966/143
f 4352/962/145 1246/967/144 1241/959/144
f 4353/969/145 2542/970/147 1246/967/144
f 1240/960/148 1247/971/149 1243/972/150
f 1247/971/149 4355/973/151 1243/972/150
f 1242/966/152 2544/974/153 1247/971/149
f 2544/974/153 4356/975/151 1247/971/149
f 1240/960/148 1248/976/154 1244/958/152
f 1244/958/152 4325/977/153 3439/963/152
f 4355/973/151 1248/976/154 1243/972/150
f 4354/978/151 4325/977/153 1248/976/154
f 1253/979/155 1250/980/156 1249/981/157
f 1254/982/156 4361/983/158 1250/980/156
f 4379/984/159 1254/982/156 1253/979/155
f 4378/985/160 4360/986/161 1254/982/156
f 1250/980/156 1251/987/155 1249/981/157
f 1255/988/162 2837/989/159 1251/987/155
f 4361/983/158 1255/988/162 1250/980/156
f 4362/990/163 2838/991/164 1255/988/162
f 1249/981/157 1256/992/165 1252/993/166
f 1252/993/166 4032/994/167 4031/995/167
f 1251/987/155 2836/996/168 1256/992/165
f 1256/992/165 3852/997/167 4032/994/167
f 1249/981/157 1257/998/165 1253/979/155
f 1253/979/155 4380/999/168 4379/984/159
f 1252/993/166 4030/1000/167 1257/998/165
f 1257/998/165 4027/1001/167 4380/999/168
f 1262/1002/169 1259/1003/169 1258/1004/169
f 1263/1005/169 4335/1006/169 1259/1003/169
f 2462/1007/169 1263/1005/169 1262/1002/169
f 2463/1008/169 4336/1009/169 1263/1005/169
f 1259/1003/169 1260/1010/169 1258/1004/169
f 1264/1011/169 4302/1012/169 1260/1010/169
f 4335/1006/169 1264/1011/169 1259/1003/169
f 4334/1013/169 4301/1014/169 1264/1011/169
f 1258/1004/169 1265/1015/169 1261/1016/169
f 1261/1016/169 4337/1017/170 4338/1018/170
f 1260/1010/169 4303/1019/169 1265/1015/169
f 1265/1015/169 4304/1020/170 4337/1017/170
f 1258/1004/169 1266/1021/169 1262/1002/169
f 1262/1002/169 2461/1022/169 2462/1007/169
f 1261/1016/169 4339/1023/170 1266/1021/169
f 1266/1021/169 3774/1024/170 2461/1022/169
f 1271/1025/2 1268/1026/2 1267/1027/2
f 1272/1028/2 4343/1029/2 1268/1026/2
f 2486/1030/2 1272/1028/2 1271/1025/2
f 2485/1031/2 4344/1032/2 1272/1028/2
f 1268/1026/2 1269/1033/2 1267/1027/2
f 1273/1034/2 2933/1035/2 1269/1033/2
f 4343/1029/2 1273/1034/2 1268/1026/2
f 4342/1036/2 2932/1037/2 1273/1034/2
f 1267/1027/2 1274/1038/2 1270/1039/2
f 1270/1039/2 4017/1040/2 4018/1041/2
f 1269/1033/2 2934/1042/2 1274/1038/2
f 1274/1038/2 4015/1043/2 4017/1040/2
f 1267/1027/2 1275/1044/2 1271/1025/2
f 1271/1025/2 2487/1045/2 2486/1030/2
f 1270/1039/2 4019/1046/2 1275/1044/2
f 1275/1044/2 3826/1047/2 2487/1045/2
f 1280/1048/171 1277/1049/171 1276/1050/171
f 1281/1051/171 2906/1018/171 1277/1049/171
f 2642/1052/171 1281/1051/171 1280/1048/171
f 2641/1053/171 2907/1023/171 1281/1051/171
f 1277/1049/171 1278/1054/171 1276/1050/171
f 1282/1055/171 4373/1056/171 1278/1054/171
f 2906/1018/171 1282/1055/171 1277/1049/171
f 2905/1017/171 4372/1057/171 1282/1055/171
f 1278/1054/171 1279/1058/171 1276/1050/171
f 1283/1059/171 2639/995/171 1279/1058/171
f 4373/1056/171 1283/1059/171 1278/1054/171
f 4374/1060/171 2638/1000/171 1283/1059/171
f 1279/1058/171 1280/1048/171 1276/1050/171
f 1284/1061/171 2642/1052/171 1280/1048/171
f 2639/995/171 1284/1061/171 1279/1058/171
f 2640/994/171 2643/1062/171 1284/1061/171
f 1285/1063/171 1290/1064/172 1286/1065/171
f 1286/1065/171 2539/1066/173 2540/1067/171
f 1289/1068/174 4371/1069/175 1290/1064/172
f 1290/1064/172 3901/1070/176 2539/1066/173
f 1285/1063/171 1291/1071/177 1287/1072/178
f 1287/1072/178 2925/990/179 2924/983/179
f 1286/1065/171 2541/1073/180 1291/1071/177
f 1291/1071/177 3379/1074/181 2925/990/179
f 1285/1063/171 1292/1075/177 1288/1076/171
f 1288/1076/171 4310/1077/180 4311/1078/171
f 1287/1072/178 2923/986/179 1292/1075/177
f 1292/1075/177 4307/1079/182 4310/1077/180
f 1285/1063/171 1293/1080/172 1289/1068/174
f 1289/1068/174 4369/1081/175 4370/1082/175
f 1288/1076/171 4312/1083/173 1293/1080/172
f 1293/1080/172 4313/1084/176 4369/1081/175
f 1298/1085/183 1295/1086/184 1294/1087/184
f 1299/1088/183 2603/1089/29 1295/1086/184
f 2612/1090/185 1299/1088/183 1298/1085/183
f 2613/1091/185 2604/1092/31 1299/1088/183
f 1294/1087/184 1300/1093/186 1296/1094/186
f 1296/1094/186 2916/969/187 2915/962/187
f 1295/1086/184 2602/1095/28 1300/1093/186
f 1300/1093/186 3836/1096/30 2916/969/187
f 1294/1087/184 1301/1097/186 1297/1098/184
f 1297/1098/184 2940/1099/188 2939/1100/189
f 1296/1094/186 2914/965/187 1301/1097/186
f 1301/1097/186 4323/1101/190 2940/1099/188
f 1297/1098/184 1298/1085/183 1294/1087/184
f 1302/1102/183 2612/1090/185 1298/1085/183
f 2939/1100/189 1302/1102/183 1297/1098/184
f 2938/1103/191 2611/1104/185 1302/1102/183
f 1307/1105/15 1304/1106/15 1303/1107/15
f 1308/1108/15 4358/1109/15 1304/1106/15
f 2456/1110/15 1308/1108/15 1307/1105/15
f 2455/1111/15 4359/1112/15 1308/1108/15
f 1304/1106/15 1305/1113/15 1303/1107/15
f 1309/1114/15 4320/1115/15 1305/1113/15
f 4358/1109/15 1309/1114/15 1304/1106/15
f 4357/1116/15 4319/1117/15 1309/1114/15
f 1303/1107/15 1310/1118/15 1306/1119/15
f 1306/1119/15 2902/1013/15 2903/1006/15
f 1305/1113/15 4321/1120/15 1310/1118/15
f 1310/1118/15 4299/1121/15 2902/1013/15
f 1303/1107/15 1311/1122/15 1307/1105/15
f 1307/1105/15 2457/1123/15 2456/1110/15
f 1306/1119/15 2904/1009/15 1311/1122/15
f 1311/1122/15 3298/1124/15 2457/1123/15
f 1316/1125/2 1313/1126/2 1312/1127/2
f 1317/1128/2 4400/1129/2 1313/1126/2
f 2636/1130/2 1317/1128/2 1316/1125/2
f 2637/1131/2 4399/1132/2 1317/1128/2
f 1313/1126/2 1314/1133/2 1312/1127/2
f 1318/1134/2 2648/1135/2 1314/1133/2
f 4400/1129/2 1318/1134/2 1313/1126/2
f 4401/1136/2 2649/1137/2 1318/1134/2
f 1312/1127/2 1319/1138/2 1315/1139/2
f 1315/1139/2 4411/1140/2 4410/1141/2
f 1314/1133/2 2647/1142/2 1319/1138/2
f 1319/1138/2 3834/1143/2 4411/1140/2
f 1312/1127/2 1320/1144/2 1316/1125/2
f 1316/1125/2 2635/1145/2 2636/1130/2
f 1315/1139/2 4409/1146/2 1320/1144/2
f 1320/1144/2 4278/1147/2 2635/1145/2
f 1321/1148/142 1326/1149/192 1322/1150/142
f 1322/1150/142 4466/1151/193 4467/1152/142
f 1325/1153/194 4230/1154/195 1326/1149/192
f 1326/1149/192 4227/1155/196 4466/1151/193
f 1321/1148/142 1327/1156/197 1323/1157/198
f 1323/1157/198 4387/1158/199 4388/1159/200
f 1322/1150/142 4468/1160/201 1327/1156/197
f 1327/1156/197 4384/1161/200 4387/1158/199
f 1321/1148/142 1328/1162/198 1324/1163/142
f 1324/1163/142 2799/1164/202 2798/1165/142
f 1323/1157/198 4389/1166/203 1328/1162/198
f 1328/1162/198 4178/1167/203 2799/1164/202
f 1321/1148/142 1329/1168/194 1325/1153/194
f 1325/1153/194 4232/1169/204 4231/1170/196
f 1324/1163/142 2797/1171/205 1329/1168/194
f 1329/1168/194 4171/1172/195 4232/1169/204
f 1334/1173/206 1331/1174/207 1330/1175/208
f 1335/1176/206 4419/1177/209 1331/1174/207
f 2597/842/210 1335/1176/206 1334/1173/206
f 2596/841/210 4418/1178/211 1335/1176/206
f 1330/1175/208 1336/1179/212 1332/1180/212
f 1332/1180/212 4412/1181/213 4413/1182/214
f 1331/1174/207 4420/1183/215 1336/1179/212
f 1336/1179/212 4364/1184/214 4412/1181/213
f 1330/1175/208 1337/1185/212 1333/1186/208
f 1333/1186/208 4421/1187/215 4422/1188/209
f 1332/1180/212 4414/1189/214 1337/1185/212
f 1337/1185/212 4195/1190/214 4421/1187/215
f 1333/1186/208 1334/1173/206 1330/1175/208
f 1338/1191/206 2597/842/210 1334/1173/206
f 4422/1188/209 1338/1191/206 1333/1186/208
f 4423/1192/211 2598/850/210 1338/1191/206
f 1343/1193/2 1340/1194/2 1339/1195/2
f 1344/1196/2 2636/1197/2 1340/1194/2
f 4452/1198/2 1344/1196/2 1343/1193/2
f 4451/1199/2 2637/1200/2 1344/1196/2
f 1339/1195/2 1345/1201/2 1341/1202/2
f 1341/1202/2 4381/1203/2 4382/1204/2
f 1340/1194/2 2635/1205/2 1345/1201/2
f 1345/1201/2 4278/1206/2 4381/1203/2
f 1339/1195/2 1346/1207/2 1342/1208/2
f 1342/1208/2 2934/1209/2 2933/1210/2
f 1341/1202/2 4383/1211/2 1346/1207/2
f 1346/1207/2 4015/1212/2 2934/1209/2
f 1342/1208/2 1343/1193/2 1339/1195/2
f 1347/1213/2 4452/1198/2 1343/1193/2
f 2933/1210/2 1347/1213/2 1342/1208/2
f 2932/1214/2 4453/1215/2 1347/1213/2
f 1352/1216/216 1349/1217/217 1348/1218/218
f 1353/1219/219 4494/1220/220 1349/1217/217
f 3888/1221/221 1353/1219/219 1352/1216/216
f 3889/1222/222 4493/1223/220 1353/1219/219
f 1349/1217/217 1350/1224/216 1348/1218/218
f 1354/1225/223 2843/1226/221 1350/1224/216
f 4494/1220/220 1354/1225/223 1349/1217/217
f 4495/1227/224 2844/1228/222 1354/1225/223
f 1348/1218/218 1355/1229/225 1351/1230/226
f 1351/1230/226 4498/1231/227 4497/1232/227
f 1350/1224/216 2842/1233/228 1355/1229/225
f 1355/1229/225 3865/1234/229 4498/1231/227
f 1348/1218/218 1356/1235/225 1352/1216/216
f 1352/1216/216 3887/1236/230 3888/1221/221
f 1351/1230/226 4496/1237/227 1356/1235/225
f 1356/1235/225 3884/1238/229 3887/1236/230
f 1361/1239/15 1358/1240/15 1357/1241/15
f 1362/1242/15 3879/1243/15 1358/1240/15
f 3083/1244/15 1362/1242/15 1361/1239/15
f 3082/1245/15 3878/1246/15 1362/1242/15
f 1358/1240/15 1359/1247/15 1357/1241/15
f 1363/1248/15 2507/1249/15 1359/1247/15
f 3879/1243/15 1363/1248/15 1358/1240/15
f 3880/1250/15 2506/1251/15 1363/1248/15
f 1357/1241/15 1364/1252/15 1360/1253/15
f 1360/1253/15 4405/1254/15 4404/1255/15
f 1359/1247/15 2508/1256/15 1364/1252/15
f 1364/1252/15 3780/1257/15 4405/1254/15
f 1357/1241/15 1365/1258/15 1361/1239/15
f 1361/1239/15 3084/1259/15 3083/1244/15
f 1360/1253/15 4403/1260/15 1365/1258/15
f 1365/1258/15 4402/1261/15 3084/1259/15
f 1370/1262/231 1367/1263/232 1366/1264/233
f 1371/1265/232 2954/1159/234 1367/1263/232
f 2834/1266/235 1371/1265/232 1370/1262/231
f 2833/1267/236 2955/1166/234 1371/1265/232
f 1367/1263/232 1368/1268/231 1366/1264/233
f 1372/1269/232 4461/1270/235 1368/1268/231
f 2954/1159/234 1372/1269/232 1367/1263/232
f 2953/1158/237 4460/1271/238 1372/1269/232
f 1366/1264/233 1373/1272/239 1369/1273/240
f 1369/1273/240 2617/956/241 2618/952/241
f 1368/1268/231 4462/1274/242 1373/1272/239
f 1373/1272/239 3995/1275/241 2617/956/241
f 1366/1264/233 1374/1276/239 1370/1262/231
f 1370/1262/231 2835/1277/242 2834/1266/235
f 1369/1273/240 2619/954/241 1374/1276/239
f 1374/1276/239 3320/1278/241 2835/1277/242
f 1379/1279/243 1376/1280/244 1375/1281/243
f 1380/1282/244 2948/1283/245 1376/1280/244
f 2870/1284/246 1380/1282/244 1379/1279/243
f 2869/1285/247 2949/1286/245 1380/1282/244
f 1376/1280/244 1377/1287/243 1375/1281/243
f 1381/1288/244 2939/1289/189 1377/1287/243
f 2948/1283/245 1381/1288/244 1376/1280/244
f 2947/1290/245 2938/1291/191 1381/1288/244
f 1375/1281/243 1382/1292/248 1378/1293/248
f 1378/1293/248 4481/1294/249 4482/1295/249
f 1377/1287/243 2940/1296/188 1382/1292/248
f 1382/1292/248 4323/1297/190 4481/1294/249
f 1375/1281/243 1383/1298/248 1379/1279/243
f 1379/1279/243 2871/1299/250 2870/1284/246
f 1378/1293/248 4483/1300/249 1383/1298/248
f 1383/1298/248 4269/1301/251 2871/1299/250
f 3445/1302/252 1394/1303/253 3440/1304/254
f 1398/1305/255 4394/1306/256 1394/1303/253
f 3428/1307/257 1398/1305/255 3445/1302/252
f 2521/1308/258 4395/1309/256 1398/1305/255
f 1394/1303/253 3441/1310/254 3440/1304/254
f 1399/1311/253 3442/1312/257 3441/1310/254
f 4394/1306/256 1399/1311/253 1394/1303/253
f 4393/1313/259 4270/1314/258 1399/1311/253
f 1393/1304/260 1400/1315/261 1396/1316/261
f 1400/1315/261 3074/1232/262 1396/1316/261
f 1395/1310/263 4271/1317/264 1400/1315/261
f 4271/1317/264 3073/1237/262 1400/1315/261
f 1393/1304/260 1401/1318/261 1397/1302/263
f 1397/1302/263 2523/1319/265 2522/1307/266
f 3074/1232/262 1401/1318/261 1396/1316/261
f 3075/1231/262 2523/1319/265 1401/1318/261
f 1406/1320/18 1403/1321/18 1402/1322/18
f 1407/1323/18 4276/1324/18 1403/1321/18
f 2951/1204/18 1407/1323/18 1406/1320/18
f 2950/1203/18 4277/1325/18 1407/1323/18
f 1403/1321/18 1404/1326/18 1402/1322/18
f 1408/1327/18 4023/1328/18 1404/1326/18
f 4276/1324/18 1408/1327/18 1403/1321/18
f 4275/1329/18 4022/1330/18 1408/1327/18
f 1404/1326/18 1405/1331/18 1402/1322/18
f 1409/1332/18 4479/1333/18 1405/1331/18
f 4023/1328/18 1409/1332/18 1404/1326/18
f 4024/1334/18 4478/1335/18 1409/1332/18
f 1405/1331/18 1406/1320/18 1402/1322/18
f 1410/1336/18 2951/1204/18 1406/1320/18
f 4479/1333/18 1410/1336/18 1405/1331/18
f 4480/1337/18 2952/1211/18 1410/1336/18
f 1415/1338/15 1412/1339/15 1411/1340/15
f 1416/1341/15 4440/1342/15 1412/1339/15
f 3023/1343/15 1416/1341/15 1415/1338/15
f 3024/1344/15 4439/1345/15 1416/1341/15
f 1412/1339/15 1413/1346/15 1411/1340/15
f 1417/1347/15 2459/1348/15 1413/1346/15
f 4440/1342/15 1417/1347/15 1412/1339/15
f 4441/1349/15 2460/1350/15 1417/1347/15
f 1411/1340/15 1418/1351/15 1414/1352/15
f 1414/1352/15 2526/1250/15 2525/1243/15
f 1413/1346/15 2458/1353/15 1418/1351/15
f 1418/1351/15 3319/1354/15 2526/1250/15
f 1411/1340/15 1419/1355/15 1415/1338/15
f 1415/1338/15 3022/1356/15 3023/1343/15
f 1414/1352/15 2524/1246/15 1419/1355/15
f 1419/1355/15 3391/1357/15 3022/1356/15
f 1424/1358/18 1421/1359/18 1420/1360/18
f 1425/1361/18 4261/1362/18 1421/1359/18
f 4281/1363/18 1425/1361/18 1424/1358/18
f 4280/1364/18 4260/1365/18 1425/1361/18
f 1421/1359/18 1422/1366/18 1420/1360/18
f 1426/1367/18 3026/1198/18 1422/1366/18
f 4261/1362/18 1426/1367/18 1421/1359/18
f 4262/1368/18 3025/1199/18 1426/1367/18
f 1422/1366/18 1423/1369/18 1420/1360/18
f 1427/1370/18 4485/1371/18 1423/1369/18
f 3026/1198/18 1427/1370/18 1422/1366/18
f 3027/1215/18 4484/1372/18 1427/1370/18
f 1423/1369/18 1424/1358/18 1420/1360/18
f 1428/1373/18 4281/1363/18 1424/1358/18
f 4485/1371/18 1428/1373/18 1423/1369/18
f 4486/1374/18 4282/1375/18 1428/1373/18
f 1433/1376/267 1430/1377/268 1429/1378/269
f 1434/1379/268 2828/1170/220 1430/1377/268
f 4464/1380/270 1434/1379/268 1433/1376/267
f 4465/1381/271 2827/1154/220 1434/1379/268
f 1430/1377/268 1431/1382/267 1429/1378/269
f 1435/1383/268 2849/1384/270 1431/1382/267
f 2828/1170/220 1435/1383/268 1430/1377/268
f 2829/1169/224 2850/1385/272 1435/1383/268
f 1429/1378/269 1436/1386/273 1432/1387/274
f 1432/1387/274 3066/1388/275 3065/1389/275
f 1431/1382/267 2848/1390/276 1436/1386/273
f 1436/1386/273 3386/1391/275 3066/1388/275
f 1429/1378/269 1437/1392/273 1433/1376/267
f 1433/1376/267 4463/1393/276 4464/1380/270
f 1432/1387/274 3064/1394/275 1437/1392/273
f 1437/1392/273 4013/1395/275 4463/1393/276
f 1442/1396/171 1439/1397/171 1438/1398/171
f 1443/1399/171 2630/1041/171 1439/1397/171
f 2489/1400/171 1443/1399/171 1442/1396/171
f 2490/1401/171 2631/1046/171 1443/1399/171
f 1439/1397/171 1440/1402/171 1438/1398/171
f 1444/1403/171 3053/1404/171 1440/1402/171
f 2630/1041/171 1444/1403/171 1439/1397/171
f 2629/1040/171 3054/1405/171 1444/1403/171
f 1440/1402/171 1441/1406/171 1438/1398/171
f 1445/1407/171 4437/1408/171 1441/1406/171
f 3053/1404/171 1445/1407/171 1440/1402/171
f 3052/1409/171 4436/1410/171 1445/1407/171
f 1441/1406/171 1442/1396/171 1438/1398/171
f 1446/1411/171 2489/1400/171 1442/1396/171
f 4437/1408/171 1446/1411/171 1441/1406/171
f 4438/1412/171 2488/1413/171 1446/1411/171
f 1451/1414/277 3447/1415/278 3446/1416/279
f 1452/1417/277 3438/1418/278 3447/1415/278
f 3056/1295/280 1452/1417/277 1451/1414/277
f 3055/1294/280 2896/1419/281 1452/1417/277
f 1447/1416/282 1453/1420/283 1449/1421/284
f 1453/1420/283 4503/1422/285 1449/1421/284
f 1448/1415/282 2898/1423/286 1453/1420/283
f 2898/1423/286 4502/1424/285 1453/1420/283
f 1447/1416/282 1454/1425/287 3448/1426/282
f 3448/1426/282 2862/1427/286 3443/1428/288
f 4503/1422/285 1454/1425/287 1449/1421/284
f 4504/1429/285 2862/1427/286 1454/1425/287
f 1450/1426/279 1451/1414/277 3446/1416/279
f 1455/1430/277 3056/1295/280 1451/1414/277
f 2861/1428/279 1455/1430/277 1450/1426/279
f 2860/1431/281 3057/1300/280 1455/1430/277
f 1456/1432/1 1461/1433/107 1457/1434/107
f 1457/1434/107 4406/1435/289 4407/1436/109
f 1460/1437/1 2890/1438/110 1461/1433/107
f 1461/1433/107 4309/1439/109 4406/1435/289
f 1456/1432/1 1462/1440/107 1458/1441/1
f 1458/1441/1 3042/1442/110 3041/1443/1
f 1457/1434/107 4408/1444/109 1462/1440/107
f 1462/1440/107 4385/1445/109 3042/1442/110
f 1456/1432/1 1463/1446/111 1459/1447/111
f 1459/1447/111 4398/1448/112 4397/1449/112
f 1458/1441/1 3040/1450/113 1463/1446/111
f 1463/1446/111 4228/1451/112 4398/1448/112
f 1456/1432/1 1464/1452/111 1460/1437/1
f 1460/1437/1 2892/1453/113 2891/1454/1
f 1459/1447/111 4396/1455/112 1464/1452/111
f 1464/1452/111 4314/1456/112 2892/1453/113
f 1469/1457/142 1466/1458/142 1465/1459/142
f 1470/1460/142 4391/1461/142 1466/1458/142
f 4506/1462/142 1470/1460/142 1469/1457/142
f 4505/1463/142 4390/1464/142 1470/1460/142
f 1466/1458/142 1467/1465/142 1465/1459/142
f 1471/1466/142 2528/1467/142 1467/1465/142
f 4391/1461/142 1471/1466/142 1466/1458/142
f 4392/1468/142 2527/1469/142 1471/1466/142
f 1467/1465/142 1468/1470/142 1465/1459/142
f 1472/1471/142 4349/1472/142 1468/1470/142
f 2528/1467/142 1472/1471/142 1467/1465/142
f 2529/1473/142 4350/1474/142 1472/1471/142
f 1468/1470/142 1469/1457/142 1465/1459/142
f 1473/1475/142 4506/1462/142 1469/1457/142
f 4349/1472/142 1473/1475/142 1468/1470/142
f 4348/1476/142 4507/1477/142 1473/1475/142
f 1487/1478/1 1484/1479/1 1483/1480/1
f 1488/1481/1 2942/1482/1 1484/1479/1
f 4512/1483/1 1488/1481/1 1487/1478/1
f 4513/1484/1 2941/1485/1 1488/1481/1
f 1484/1479/1 1485/1486/1 1483/1480/1
f 1489/1487/1 4500/1488/1 1485/1486/1
f 2942/1482/1 1489/1487/1 1484/1479/1
f 2943/1489/1 4501/1490/1 1489/1487/1
f 1485/1486/1 1486/1491/1 1483/1480/1
f 1490/1492/1 2936/1493/1 1486/1491/1
f 4500/1488/1 1490/1492/1 1485/1486/1
f 4499/1494/1 2937/1495/1 1490/1492/1
f 1486/1491/1 1487/1478/1 1483/1480/1
f 1491/1496/1 4512/1483/1 1487/1478/1
f 2936/1493/1 1491/1496/1 1486/1491/1
f 2935/1497/1 4511/1498/1 1491/1496/1
f 1496/1499/155 1493/1500/156 1492/1501/157
f 1497/1502/156 4446/1503/158 1493/1500/156
f 2984/1504/159 1497/1502/156 1496/1499/155
f 2983/1505/160 4445/1506/161 1497/1502/156
f 1493/1500/156 1494/1507/155 1492/1501/157
f 1498/1508/162 2858/1509/159 1494/1507/155
f 4446/1503/158 1498/1508/162 1493/1500/156
f 4447/1510/163 2857/1511/290 1498/1508/162
f 1492/1501/157 1499/1512/165 1495/1513/166
f 1495/1513/166 4368/1514/167 4367/1515/167
f 1494/1507/155 2859/1516/168 1499/1512/165
f 1499/1512/165 4187/1517/167 4368/1514/167
f 1492/1501/157 1500/1518/165 1496/1499/155
f 1496/1499/155 2985/1519/168 2984/1504/159
f 1495/1513/166 4366/1520/167 1500/1518/165
f 1500/1518/165 4363/1521/167 2985/1519/168
f 1505/1522/142 1502/1523/142 1501/1524/142
f 1506/1525/142 2975/1141/142 1502/1523/142
f 2873/1526/142 1506/1525/142 1505/1522/142
f 2874/1527/142 2974/1146/142 1506/1525/142
f 1502/1523/142 1503/1528/142 1501/1524/142
f 1507/1529/142 2492/1530/142 1503/1528/142
f 2975/1141/142 1507/1529/142 1502/1523/142
f 2976/1140/142 2493/1531/142 1507/1529/142
f 1503/1528/142 1504/1532/142 1501/1524/142
f 1508/1533/142 4443/1534/142 1504/1532/142
f 2492/1530/142 1508/1533/142 1503/1528/142
f 2491/1535/142 4444/1536/142 1508/1533/142
f 1504/1532/142 1505/1522/142 1501/1524/142
f 1509/1537/142 2873/1526/142 1505/1522/142
f 4443/1534/142 1509/1537/142 1504/1532/142
f 4442/1538/142 2872/1539/142 1509/1537/142
f 1514/1540/142 1511/1541/142 1510/1542/142
f 1515/1543/142 4416/1544/142 1511/1541/142
f 2855/1545/142 1515/1543/142 1514/1540/142
f 2854/1546/142 4415/1547/142 1515/1543/142
f 1511/1541/142 1512/1548/142 1510/1542/142
f 1516/1549/142 2537/1550/142 1512/1548/142
f 4416/1544/142 1516/1549/142 1511/1541/142
f 4417/1551/142 2536/1552/142 1516/1549/142
f 1512/1548/142 1513/1553/142 1510/1542/142
f 1517/1554/142 2966/1129/142 1513/1553/142
f 2537/1550/142 1517/1554/142 1512/1548/142
f 2538/1555/142 2967/1136/142 1517/1554/142
f 1513/1553/142 1514/1540/142 1510/1542/142
f 1518/1556/142 2855/1545/142 1514/1540/142
f 2966/1129/142 1518/1556/142 1513/1553/142
f 2965/1132/142 2856/1557/142 1518/1556/142
f 1523/1558/2 1520/1559/2 1519/1560/2
f 1524/1561/2 4515/1562/2 1520/1559/2
f 4449/1563/2 1524/1561/2 1523/1558/2
f 4448/1564/2 4514/1565/2 1524/1561/2
f 1519/1560/2 1525/1566/2 1521/1567/2
f 1521/1567/2 2878/1364/2 2879/1363/2
f 1520/1559/2 4516/1568/2 1525/1566/2
f 1525/1566/2 4259/1569/2 2878/1364/2
f 1519/1560/2 1526/1570/2 1522/1571/2
f 1522/1571/2 2875/1572/2 2876/1573/2
f 1521/1567/2 2880/1375/2 1526/1570/2
f 1526/1570/2 4283/1574/2 2875/1572/2
f 1522/1571/2 1523/1558/2 1519/1560/2
f 1527/1575/2 4449/1563/2 1523/1558/2
f 2876/1573/2 1527/1575/2 1522/1571/2
f 2877/1576/2 4450/1577/2 1527/1575/2
f 1532/1578/291 1529/1579/291 1528/1580/291
f 1533/1581/291 2969/1255/291 1529/1579/291
f 3017/1582/292 1533/1581/291 1532/1578/291
f 3016/1583/293 2968/1260/291 1533/1581/291
f 1529/1579/291 1530/1584/291 1528/1580/291
f 1534/1585/291 2465/1586/291 1530/1584/291
f 2969/1255/291 1534/1585/291 1529/1579/291
f 2970/1254/291 2464/1587/291 1534/1585/291
f 1528/1580/291 1535/1588/291 1531/1589/291
f 1531/1589/291 2901/948/294 2900/941/294
f 1530/1584/291 2466/1590/291 1535/1588/291
f 1535/1588/291 3302/1591/294 2901/948/294
f 1528/1580/291 1536/1592/291 1532/1578/291
f 1532/1578/291 3018/1593/293 3017/1582/292
f 1531/1589/291 2899/944/294 1536/1592/291
f 1536/1592/291 4330/1594/295 3018/1593/293
f 1541/1595/296 1538/1596/297 1537/1597/298
f 1542/1598/296 3038/1599/299 1538/1596/297
f 2963/1449/300 1542/1598/296 1541/1595/296
f 2964/1448/300 3039/1600/301 1542/1598/296
f 1537/1597/298 1543/1601/302 1539/1602/302
f 1539/1602/302 2628/1603/303 2627/1604/304
f 1538/1596/297 3037/1605/305 1543/1601/302
f 1543/1601/302 3305/1606/304 2628/1603/303
f 1537/1597/298 1544/1607/302 1540/1608/298
f 1540/1608/298 4459/1609/305 4458/1610/299
f 1539/1602/302 2626/1611/304 1544/1607/302
f 1544/1607/302 4008/1612/304 4459/1609/305
f 1540/1608/298 1541/1595/296 1537/1597/298
f 1545/1613/296 2963/1449/300 1541/1595/296
f 4458/1610/299 1545/1613/296 1540/1608/298
f 4457/1614/301 2962/1455/300 1545/1613/296
f 1550/1615/206 1547/1616/207 1546/1617/208
f 1551/1618/206 2945/1619/209 1547/1616/207
f 2972/1436/210 1551/1618/206 1550/1615/206
f 2971/1435/210 2944/1620/211 1551/1618/206
f 1546/1617/208 1552/1621/212 1548/1622/212
f 1548/1622/212 3076/1494/213 3077/1488/214
f 1547/1616/207 2946/1623/215 1552/1621/212
f 1552/1621/212 3395/1624/214 3076/1494/213
f 1546/1617/208 1553/1625/212 1549/1626/208
f 1549/1626/208 3036/1627/215 3035/1628/209
f 1548/1622/212 3078/1490/214 1553/1625/212
f 1553/1625/212 3393/1629/214 3036/1627/215
f 1549/1626/208 1550/1615/206 1546/1617/208
f 1554/1630/206 2972/1436/210 1550/1615/206
f 3035/1628/209 1554/1630/206 1549/1626/208
f 3034/1631/211 2973/1444/210 1554/1630/206
f 1559/1632/306 1556/1633/306 1555/1634/306
f 1560/1635/306 3062/1636/307 1556/1633/306
f 2633/1328/306 1560/1635/306 1559/1632/306
f 2632/1330/306 3061/1637/307 1560/1635/306
f 1555/1634/306 1561/1638/306 1557/1639/306
f 1557/1639/306 2947/1290/245 2948/1283/245
f 1556/1633/306 3063/1640/307 1561/1638/306
f 1561/1638/306 3392/1641/308 2947/1290/245
f 1555/1634/306 1562/1642/306 1558/1643/306
f 1558/1643/306 2868/1644/309 2867/1645/309
f 1557/1639/306 2949/1286/245 1562/1642/306
f 1562/1642/306 3332/1646/310 2868/1644/309
f 1558/1643/306 1559/1632/306 1555/1634/306
f 1563/1647/306 2633/1328/306 1559/1632/306
f 2867/1645/309 1563/1647/306 1558/1643/306
f 2866/1648/309 2634/1334/306 1563/1647/306
f 1564/1649/142 1569/1650/192 1565/1651/142
f 1565/1651/142 2865/1652/193 2864/1653/142
f 1568/1654/194 3070/1223/195 1569/1650/192
f 1569/1650/192 3309/1655/311 2865/1652/193
f 1564/1649/142 1570/1656/197 1566/1657/198
f 1566/1657/198 4430/1658/199 4431/1659/200
f 1565/1651/142 2863/1660/201 1570/1656/197
f 1570/1656/197 3981/1661/200 4430/1658/199
f 1564/1649/142 1571/1662/198 1567/1663/142
f 1567/1663/142 2518/1664/202 2519/1665/142
f 1566/1657/198 4432/1666/203 1571/1662/198
f 1571/1662/198 3868/1667/203 2518/1664/202
f 1564/1649/142 1572/1668/194 1568/1654/194
f 1568/1654/194 3072/1227/312 3071/1220/196
f 1567/1663/142 2520/1669/205 1572/1668/194
f 1572/1668/194 3382/1670/204 3072/1227/312
f 1577/1671/313 1574/1672/314 1573/1673/314
f 1578/1674/315 2531/1675/316 1574/1672/314
f 2609/855/300 1578/1674/315 1577/1671/313
f 2610/854/300 2532/1676/317 1578/1674/315
f 1573/1673/314 1579/1677/318 1575/1678/319
f 1575/1678/319 3081/1429/320 3080/1422/320
f 1574/1672/314 2530/1679/321 1579/1677/318
f 1579/1677/318 3328/1680/320 3081/1429/320
f 1573/1673/314 1580/1681/322 1576/1682/323
f 1576/1682/323 4456/1683/324 4455/1684/325
f 1575/1678/319 3079/1424/320 1580/1681/322
f 1580/1681/322 4327/1685/320 4456/1683/324
f 1576/1682/323 1577/1671/313 1573/1673/314
f 1581/1686/326 2609/855/300 1577/1671/313
f 4455/1684/325 1581/1686/326 1576/1682/323
f 4454/1687/327 2608/861/300 1581/1686/326
f 1586/1688/171 1583/1689/171 1582/1690/171
f 1587/1691/171 3008/1342/171 1583/1689/171
f 2471/1692/171 1587/1691/171 1586/1688/171
f 2472/1693/171 3009/1349/171 1587/1691/171
f 1583/1689/171 1584/1694/171 1582/1690/171
f 1588/1695/171 4288/1696/171 1584/1694/171
f 3008/1342/171 1588/1695/171 1583/1689/171
f 3007/1345/171 4289/1697/171 1588/1695/171
f 1584/1694/171 1585/1698/171 1582/1690/171
f 1589/1699/171 4491/1700/171 1585/1698/171
f 4288/1696/171 1589/1699/171 1584/1694/171
f 4287/1701/171 4490/1702/171 1589/1699/171
f 1585/1698/171 1586/1688/171 1582/1690/171
f 1590/1703/171 2471/1692/171 1586/1688/171
f 4491/1700/171 1590/1703/171 1585/1698/171
f 4492/1704/171 2470/1705/171 1590/1703/171
f 1595/1706/328 1592/1707/328 1591/1708/328
f 1596/1709/328 3017/1710/292 1592/1707/328
f 4509/1711/328 1596/1709/328 1595/1706/328
f 4510/1712/328 3016/1713/293 1596/1709/328
f 1591/1708/328 1597/1714/328 1593/1715/328
f 1593/1715/328 3093/1484/328 3092/1483/328
f 1592/1707/328 3018/1716/293 1597/1714/328
f 1597/1714/328 4330/1717/295 3093/1484/328
f 1591/1708/328 1598/1718/328 1594/1719/328
f 1594/1719/328 2889/1720/328 2888/1721/328
f 1593/1715/328 3091/1498/328 1598/1718/328
f 1598/1718/328 3400/1722/328 2889/1720/328
f 1594/1719/328 1595/1706/328 1591/1708/328
f 1599/1723/328 4509/1711/328 1595/1706/328
f 2888/1721/328 1599/1723/328 1594/1719/328
f 2887/1724/328 4508/1725/328 1599/1723/328
f 1604/1726/2 1601/1727/2 1600/1728/2
f 1605/1729/2 2912/1472/2 1601/1727/2
f 3095/1730/2 1605/1729/2 1604/1726/2
f 3094/1731/2 2911/1476/2 1605/1729/2
f 1601/1727/2 1602/1732/2 1600/1728/2
f 1606/1733/2 2534/1734/2 1602/1732/2
f 2912/1472/2 1606/1733/2 1601/1727/2
f 2913/1474/2 2533/1735/2 1606/1733/2
f 1600/1728/2 1607/1736/2 1603/1737/2
f 1603/1737/2 2982/1551/2 2981/1544/2
f 1602/1732/2 2535/1738/2 1607/1736/2
f 1607/1736/2 3329/1739/2 2982/1551/2
f 1600/1728/2 1608/1740/2 1604/1726/2
f 1604/1726/2 3096/1741/2 3095/1730/2
f 1603/1737/2 2980/1547/2 1608/1740/2
f 1608/1740/2 3325/1742/2 3096/1741/2
f 1613/1743/15 1610/1744/15 1609/1745/15
f 1614/1746/15 3083/1747/15 1610/1744/15
f 4473/1748/15 1614/1746/15 1613/1743/15
f 4474/1749/15 3082/1750/15 1614/1746/15
f 1609/1745/15 1615/1751/15 1611/1752/15
f 1611/1752/15 3090/1712/15 3089/1711/15
f 1610/1744/15 3084/1753/15 1615/1751/15
f 1615/1751/15 4402/1754/15 3090/1712/15
f 1609/1745/15 1616/1755/15 1612/1756/15
f 1612/1756/15 2895/1757/15 2894/1758/15
f 1611/1752/15 3088/1725/15 1616/1755/15
f 1616/1755/15 3399/1759/15 2895/1757/15
f 1612/1756/15 1613/1743/15 1609/1745/15
f 1617/1760/15 4473/1748/15 1613/1743/15
f 2894/1758/15 1617/1760/15 1612/1756/15
f 2893/1761/15 4472/1762/15 1617/1760/15
f 1618/1763/329 1623/1764/329 1619/1765/329
f 1619/1765/329 2986/1766/330 2987/1767/330
f 1622/1768/329 2868/1769/309 1623/1764/329
f 1623/1764/329 3332/1770/310 2986/1766/330
f 1618/1763/329 1624/1771/329 1620/1772/329
f 1620/1772/329 2505/1773/34 2504/1774/34
f 1619/1765/329 2988/1775/330 1624/1771/329
f 1624/1771/329 3315/1776/35 2505/1773/34
f 1620/1772/329 1621/1777/329 1618/1763/329
f 1625/1778/329 3005/1408/329 1621/1777/329
f 2504/1774/34 1625/1778/329 1620/1772/329
f 2503/1779/34 3006/1412/329 1625/1778/329
f 1621/1777/329 1622/1768/329 1618/1763/329
f 1626/1780/329 2867/1781/309 1622/1768/329
f 3005/1408/329 1626/1780/329 1621/1777/329
f 3004/1410/329 2866/1782/309 1626/1780/329
f 1631/1783/18 1628/1784/18 1627/1785/18
f 1632/1786/18 3086/1787/18 1628/1784/18
f 4296/1788/18 1632/1786/18 1631/1783/18
f 4295/1789/18 3085/1790/18 1632/1786/18
f 1628/1784/18 1629/1791/18 1627/1785/18
f 1633/1792/18 3020/1563/18 1629/1791/18
f 3086/1787/18 1633/1792/18 1628/1784/18
f 3087/1793/18 3019/1564/18 1633/1792/18
f 1629/1791/18 1630/1794/18 1627/1785/18
f 1634/1795/18 2882/1796/18 1630/1794/18
f 3020/1563/18 1634/1795/18 1629/1791/18
f 3021/1577/18 2881/1797/18 1634/1795/18
f 1627/1785/18 1635/1798/18 1631/1783/18
f 1635/1798/18 4296/1788/18 1631/1783/18
f 2882/1796/18 1635/1798/18 1630/1794/18
f 2883/1799/18 4297/1800/18 1635/1798/18
f 1640/1801/15 1637/1802/15 1636/1803/15
f 1641/1804/15 3023/1805/15 1637/1802/15
f 2885/1788/15 1641/1804/15 1640/1801/15
f 2886/1800/15 3024/1806/15 1641/1804/15
f 1636/1803/15 1642/1807/15 1638/1808/15
f 1638/1808/15 3048/1749/15 3047/1748/15
f 1637/1802/15 3022/1809/15 1642/1807/15
f 1642/1807/15 3391/1810/15 3048/1749/15
f 1636/1803/15 1643/1811/15 1639/1812/15
f 1639/1812/15 4517/1813/15 4518/1814/15
f 1638/1808/15 3046/1762/15 1643/1811/15
f 1643/1811/15 4318/1815/15 4517/1813/15
f 1639/1812/15 1640/1801/15 1636/1803/15
f 1644/1816/15 2885/1788/15 1640/1801/15
f 4518/1814/15 1644/1816/15 1639/1812/15
f 4519/1817/15 2884/1789/15 1644/1816/15
f 1649/1818/331 1646/1819/332 1645/1820/332
f 1650/1821/331 2870/1822/246 1646/1819/332
f 2987/1767/330 1650/1821/331 1649/1818/331
f 2986/1766/330 2869/1823/247 1650/1821/331
f 1645/1820/332 1651/1824/333 1647/1825/333
f 1647/1825/333 2959/1313/334 2960/1306/334
f 1646/1819/332 2871/1826/250 1651/1824/333
f 1651/1824/333 4269/1827/251 2959/1313/334
f 1645/1820/332 1652/1828/333 1648/1829/332
f 1648/1829/332 2499/1830/26 2498/1831/21
f 1647/1825/333 2961/1309/334 1652/1828/333
f 1652/1828/333 3841/1832/27 2499/1830/26
f 1648/1829/332 1649/1818/331 1645/1820/332
f 1653/1833/331 2987/1767/330 1649/1818/331
f 2498/1831/21 1653/1833/331 1648/1829/332
f 2497/1834/23 2988/1775/330 1653/1833/331
f 1658/1835/15 1655/1836/15 1654/1837/15
f 1659/1838/15 2957/1461/15 1655/1836/15
f 2606/1839/15 1659/1838/15 1658/1835/15
f 2607/1840/15 2958/1468/15 1659/1838/15
f 1655/1836/15 1656/1841/15 1654/1837/15
f 1660/1842/15 3098/1843/15 1656/1841/15
f 2957/1461/15 1660/1842/15 1655/1836/15
f 2956/1464/15 3099/1844/15 1660/1842/15
f 1654/1837/15 1661/1845/15 1657/1846/15
f 1657/1846/15 2920/1116/15 2921/1109/15
f 1656/1841/15 3097/1847/15 1661/1845/15
f 1661/1845/15 3405/1848/15 2920/1116/15
f 1654/1837/15 1662/1849/15 1658/1835/15
f 1658/1835/15 2605/1850/15 2606/1839/15
f 1657/1846/15 2922/1112/15 1662/1849/15
f 1662/1849/15 3318/1851/15 2605/1850/15
f 1667/1852/2 1664/1853/2 1663/1854/2
f 1668/1855/2 3068/1700/2 1664/1853/2
f 2477/1856/2 1668/1855/2 1667/1852/2
f 2478/1857/2 3069/1704/2 1668/1855/2
f 1664/1853/2 1665/1858/2 1663/1854/2
f 1669/1859/2 2876/1860/2 1665/1858/2
f 3068/1700/2 1669/1859/2 1664/1853/2
f 3067/1702/2 2877/1861/2 1669/1859/2
f 1663/1854/2 1670/1862/2 1666/1863/2
f 1666/1863/2 4424/1864/2 4425/1865/2
f 1665/1858/2 2875/1866/2 1670/1862/2
f 1670/1862/2 4283/1867/2 4424/1864/2
f 1663/1854/2 1671/1868/2 1667/1852/2
f 1667/1852/2 2476/1869/2 2477/1856/2
f 1666/1863/2 4426/1870/2 1671/1868/2
f 1671/1868/2 3807/1871/2 2476/1869/2
f 1676/1872/171 1673/1873/171 1672/1874/171
f 1677/1875/171 2993/1865/171 1673/1873/171
f 2483/1876/171 1677/1875/171 1676/1872/171
f 2484/1877/171 2994/1870/171 1677/1875/171
f 1673/1873/171 1674/1878/171 1672/1874/171
f 1678/1879/171 3059/1880/171 1674/1878/171
f 2993/1865/171 1678/1879/171 1673/1873/171
f 2992/1864/171 3060/1881/171 1678/1879/171
f 1674/1878/171 1675/1882/171 1672/1874/171
f 1679/1883/171 2909/1029/171 1675/1882/171
f 3059/1880/171 1679/1883/171 1674/1878/171
f 3058/1884/171 2908/1036/171 1679/1883/171
f 1675/1882/171 1676/1872/171 1672/1874/171
f 1680/1885/171 2483/1876/171 1676/1872/171
f 2909/1029/171 1680/1885/171 1675/1882/171
f 2910/1032/171 2482/1886/171 1680/1885/171
f 1681/1887/335 1686/1888/335 1682/1889/335
f 1682/1889/335 2613/1091/185 2612/1090/185
f 1685/1890/335 2502/1891/33 1686/1888/335
f 1686/1888/335 3314/1892/36 2613/1091/185
f 1681/1887/335 1687/1893/335 1683/1894/335
f 1683/1894/335 3063/1895/307 3062/1896/307
f 1682/1889/335 2611/1104/185 1687/1893/335
f 1687/1893/335 3392/1897/308 3063/1895/307
f 1683/1894/335 1684/1898/335 1681/1887/335
f 1688/1899/335 3011/1534/335 1684/1898/335
f 3062/1896/307 1688/1899/335 1683/1894/335
f 3061/1900/307 3010/1538/335 1688/1899/335
f 1684/1898/335 1685/1890/335 1681/1887/335
f 1689/1901/335 2501/1902/33 1685/1890/335
f 3011/1534/335 1689/1901/335 1684/1898/335
f 3012/1536/335 2500/1903/33 1689/1901/335
f 1690/1904/171 1695/1905/172 1691/1906/171
f 1691/1906/171 2811/1907/173 2810/1908/171
f 1694/1909/174 4435/1910/175 1695/1905/172
f 1695/1905/172 4211/1911/176 2811/1907/173
f 1690/1904/171 1696/1912/177 1692/1913/178
f 1692/1913/178 3015/1510/179 3014/1503/179
f 1691/1906/171 2809/1914/180 1696/1912/177
f 1696/1912/177 3390/1915/336 3015/1510/179
f 1690/1904/171 1697/1916/177 1693/1917/171
f 1693/1917/171 2620/1918/180 2621/1919/171
f 1692/1913/178 3013/1506/179 1697/1916/177
f 1697/1916/177 3300/1920/182 2620/1918/180
f 1690/1904/171 1698/1921/172 1694/1909/174
f 1694/1909/174 4433/1922/175 4434/1923/175
f 1693/1917/171 2622/1924/173 1698/1921/172
f 1698/1921/172 3989/1925/176 4433/1922/175
f 1712/1926/337 1709/1927/338 1708/1928/337
f 1713/1929/338 3002/1923/339 1709/1927/338
f 2840/1930/340 1713/1929/338 1712/1926/337
f 2839/1931/341 3003/1910/342 1713/1929/338
f 1709/1927/338 1710/1932/337 1708/1928/337
f 1714/1933/338 3029/1934/340 1710/1932/337
f 3002/1923/339 1714/1933/338 1709/1927/338
f 3001/1922/342 3028/1935/343 1714/1933/338
f 1708/1928/337 1715/1936/344 1711/1937/344
f 1711/1937/344 2917/978/345 2918/973/345
f 1710/1932/337 3030/1938/346 1715/1936/344
f 1715/1936/344 3404/1939/345 2917/978/345
f 1708/1928/337 1716/1940/344 1712/1926/337
f 1712/1926/337 2841/1941/347 2840/1930/340
f 1711/1937/344 2919/975/345 1716/1940/344
f 1716/1940/344 3335/1942/345 2841/1941/347
f 1721/1943/348 1718/1944/349 1717/1945/350
f 1722/1946/351 2930/1082/339 1718/1944/349
f 2846/1947/352 1722/1946/351 1721/1943/348
f 2845/1948/353 2931/1069/342 1722/1946/351
f 1718/1944/349 1719/1949/348 1717/1945/350
f 1723/1950/354 3032/1951/355 1719/1949/348
f 2930/1082/339 1723/1950/354 1718/1944/349
f 2929/1081/342 3031/1952/356 1723/1950/354
f 1717/1945/350 1724/1953/357 1720/1954/358
f 1720/1954/358 2995/1955/359 2996/1956/360
f 1719/1949/348 3033/1957/361 1724/1953/357
f 1724/1953/357 3306/1958/359 2995/1955/359
f 1717/1945/350 1725/1959/357 1721/1943/348
f 1721/1943/348 2847/1960/361 2846/1947/352
f 1720/1954/358 2997/1961/359 1725/1959/357
f 1725/1959/357 3385/1962/359 2847/1960/361
f 1730/1963/231 1727/1964/232 1726/1965/233
f 1731/1966/232 2999/1659/234 1727/1964/232
f 2852/1967/235 1731/1966/232 1730/1963/231
f 2853/1968/236 3000/1666/234 1731/1966/232
f 1727/1964/232 1728/1969/231 1726/1965/233
f 1732/1970/232 2990/1971/235 1728/1969/231
f 2999/1659/234 1732/1970/232 1727/1964/232
f 2998/1658/362 2991/1972/236 1732/1970/232
f 1726/1965/233 1733/1973/239 1729/1974/240
f 1729/1974/240 2806/1975/241 2807/1976/241
f 1728/1969/231 2989/1977/242 1733/1973/239
f 1733/1973/239 4196/1978/241 2806/1975/241
f 1726/1965/233 1734/1979/239 1730/1963/231
f 1730/1963/231 2851/1980/242 2852/1967/235
f 1729/1974/240 2808/1981/241 1734/1979/239
f 1734/1979/239 3388/1982/241 2851/1980/242
f 1739/1983/15 1736/1984/15 1735/1985/15
f 1740/1986/15 3164/1987/15 1736/1984/15
f 4540/1988/15 1740/1986/15 1739/1983/15
f 4539/1989/15 3165/1990/15 1740/1986/15
f 1736/1984/15 1737/1991/15 1735/1985/15
f 1741/1992/15 4527/1993/15 1737/1991/15
f 3164/1987/15 1741/1992/15 1736/1984/15
f 3163/1994/15 4526/1995/15 1741/1992/15
f 1735/1985/15 1742/1996/15 1738/1997/15
f 1738/1997/15 4530/1998/15 4531/1999/15
f 1737/1991/15 4528/2000/15 1742/1996/15
f 1742/1996/15 4529/2001/15 4530/1998/15
f 1735/1985/15 1743/2002/15 1739/1983/15
f 1739/1983/15 4541/2003/15 4540/1988/15
f 1738/1997/15 4532/2004/15 1743/2002/15
f 1743/2002/15 4533/2005/15 4541/2003/15
f 1744/2006/363 1749/2007/364 1745/2008/365
f 1745/2008/365 3103/2009/366 3104/2010/367
f 1748/2011/368 3169/2012/369 1749/2007/364
f 1749/2007/364 3420/2013/370 3103/2009/366
f 1745/2008/365 1746/2014/371 1744/2006/363
f 1750/2015/372 3125/2016/373 1746/2014/371
f 3104/2010/367 1750/2015/372 1745/2008/365
f 3105/2017/374 3124/2018/375 1750/2015/372
f 1744/2006/363 1751/2019/376 1747/2020/377
f 1747/2020/377 3117/2000/378 3116/1993/379
f 1746/2014/371 3126/2021/380 1751/2019/376
f 1751/2019/376 3413/2001/381 3117/2000/378
f 1747/2020/377 1748/2011/368 1744/2006/363
f 1752/2022/382 3170/2023/369 1748/2011/368
f 3116/1993/379 1752/2022/382 1747/2020/377
f 3115/1995/383 3171/2024/369 1752/2022/382
f 1757/2025/384 1754/2026/385 1753/2027/386
f 1758/2028/387 3107/2029/386 1754/2026/385
f 3125/2030/373 1758/2028/387 1757/2025/384
f 3124/2031/375 3106/2032/388 1758/2028/387
f 1754/2026/385 1755/2033/389 1753/2027/386
f 1759/2034/390 3131/2035/391 1755/2033/389
f 3107/2029/386 1759/2034/390 1754/2026/385
f 3108/2036/392 3130/2037/391 1759/2034/390
f 1753/2027/386 1760/2038/393 1756/2039/394
f 1756/2039/394 3120/2004/395 3119/1999/396
f 1755/2033/389 3132/2040/397 1760/2038/393
f 1760/2038/393 3414/2005/398 3120/2004/395
f 1753/2027/386 1761/2041/399 1757/2025/384
f 1757/2025/384 3126/2042/380 3125/2030/373
f 1756/2039/394 3118/1998/400 1761/2041/399
f 1761/2041/399 3413/2001/381 3126/2042/380
f 1766/2043/401 1763/2044/402 1762/2045/403
f 1767/2046/404 3110/2047/405 1763/2044/402
f 3134/2048/406 1767/2046/404 1766/2043/401
f 3135/2049/407 3111/2050/408 1767/2046/404
f 1763/2044/402 1764/2051/409 1762/2045/403
f 1768/2052/409 3128/2053/410 1764/2051/409
f 3110/2047/405 1768/2052/409 1763/2044/402
f 3109/2054/411 3129/2055/412 1768/2052/409
f 1762/2045/403 1769/2056/413 1765/2057/403
f 1765/2057/403 4535/2058/414 4536/2059/415
f 1764/2051/409 3127/2060/416 1769/2056/413
f 1769/2056/413 4534/2061/417 4535/2058/414
f 1762/2045/403 1770/2062/418 1766/2043/401
f 1766/2043/401 3133/2063/419 3134/2048/406
f 1765/2057/403 4537/2064/420 1770/2062/418
f 1770/2062/418 4524/2065/421 3133/2063/419
f 1771/2066/422 1776/2067/423 1772/2068/424
f 1772/2068/424 3100/2069/425 3101/2070/426
f 1775/2071/427 3175/2072/428 1776/2067/423
f 1776/2067/423 3418/2073/429 3100/2069/425
f 1772/2068/424 1773/2074/430 1771/2066/422
f 1777/2075/431 3134/2076/406 1773/2074/430
f 3101/2070/426 1777/2075/431 1772/2068/424
f 3102/2077/432 3135/2078/407 1777/2075/431
f 1771/2066/422 1778/2079/433 1774/2080/434
f 1774/2080/434 4523/2081/435 4522/2082/436
f 1773/2074/430 3133/2083/419 1778/2079/433
f 1778/2079/433 4524/2065/421 4523/2081/435
f 1774/2080/434 1775/2071/427 1771/2066/422
f 1779/2084/437 3176/2085/428 1775/2071/427
f 4522/2082/436 1779/2084/437 1774/2080/434
f 4521/2086/438 3177/2087/428 1779/2084/437
f 1780/2088/15 1785/2089/15 1781/2090/15
f 1781/2090/15 3123/2064/15 3122/2059/15
f 1784/2091/15 3114/2081/15 1785/2089/15
f 1785/2089/15 3415/2065/15 3123/2064/15
f 1780/2088/15 1786/2092/15 1782/2093/15
f 1782/2093/15 4548/2094/15 4547/2095/15
f 1781/2090/15 3121/2058/15 1786/2092/15
f 1786/2092/15 3416/2061/15 4548/2094/15
f 1782/2093/15 1783/2096/15 1780/2088/15
f 1787/2097/15 3161/2098/15 1783/2096/15
f 4547/2095/15 1787/2097/15 1782/2093/15
f 4546/2099/15 3160/2100/15 1787/2097/15
f 1783/2096/15 1784/2091/15 1780/2088/15
f 1788/2101/15 3113/2082/15 1784/2091/15
f 3161/2098/15 1788/2101/15 1783/2096/15
f 3162/2102/15 3112/2086/15 1788/2101/15
f 1789/2103/15 1794/2104/15 1790/2105/15
f 1790/2105/15 3162/2102/15 3161/2098/15
f 1793/2106/15 4542/2107/15 1794/2104/15
f 1794/2104/15 3422/2108/15 3162/2102/15
f 1789/2103/15 1795/2109/15 1791/2110/15
f 1791/2110/15 4551/2111/15 4550/2112/15
f 1790/2105/15 3160/2100/15 1795/2109/15
f 1795/2109/15 4545/2113/15 4551/2111/15
f 1789/2103/15 1796/2114/15 1792/2115/15
f 1792/2115/15 3163/1994/15 3164/1987/15
f 1791/2110/15 4549/2116/15 1796/2114/15
f 1796/2114/15 4525/2117/15 3163/1994/15
f 1789/2103/15 1797/2118/15 1793/2106/15
f 1793/2106/15 4544/2119/15 4543/2120/15
f 1792/2115/15 3165/1990/15 1797/2118/15
f 1797/2118/15 4538/2121/15 4544/2119/15
f 1802/2122/439 1799/2123/440 1798/2124/441
f 1803/2125/442 3143/2126/443 1799/2123/440
f 3128/2127/410 1803/2125/442 1802/2122/439
f 3129/2128/412 3144/2129/444 1803/2125/442
f 1798/2124/441 1804/2130/445 1800/2131/446
f 1800/2131/446 3166/2132/447 3167/2133/447
f 1799/2123/440 3142/2134/448 1804/2130/445
f 1804/2130/445 3419/2135/449 3166/2132/447
f 1800/2131/446 1801/2136/450 1798/2124/441
f 1805/2137/451 3155/2095/452 1801/2136/450
f 3167/2133/447 1805/2137/451 1800/2131/446
f 3168/2138/447 3154/2099/453 1805/2137/451
f 1798/2124/441 1806/2139/454 1802/2122/439
f 1802/2122/439 3127/2140/416 3128/2127/410
f 1801/2136/450 3156/2094/455 1806/2139/454
f 1806/2139/454 4534/2061/417 3127/2140/416
f 1811/2141/456 1808/2142/457 1807/2143/458
f 1812/2144/459 3146/2145/460 1808/2142/457
f 3167/2133/447 1812/2144/459 1811/2141/456
f 3166/2132/447 3147/2146/461 1812/2144/459
f 1808/2142/457 1809/2147/462 1807/2143/458
f 1813/2148/462 3170/2023/369 1809/2147/462
f 3146/2145/460 1813/2148/462 1808/2142/457
f 3145/2149/463 3169/2012/369 1813/2148/462
f 1807/2143/458 1814/2150/462 1810/2151/458
f 1810/2151/458 3157/2116/464 3158/2112/458
f 1809/2147/462 3171/2024/369 1814/2150/462
f 1814/2150/462 3424/2117/465 3157/2116/464
f 1807/2143/458 1815/2152/456 1811/2141/456
f 1811/2141/456 3168/2138/447 3167/2133/447
f 1810/2151/458 3159/2111/466 1815/2152/456
f 1815/2152/456 3423/2113/467 3168/2138/447
f 1820/2153/468 1817/2154/469 1816/2155/470
f 1821/2156/471 3137/2157/472 1817/2154/469
f 3131/2158/391 1821/2156/471 1820/2153/468
f 3130/2159/391 3138/2160/473 1821/2156/471
f 1816/2155/470 1822/2161/474 1818/2162/475
f 1818/2162/475 3172/2163/476 3173/2164/477
f 1817/2154/469 3136/2165/478 1822/2161/474
f 1822/2161/474 3417/2166/479 3172/2163/476
f 1818/2162/475 1819/2167/480 1816/2155/470
f 1823/2168/481 3149/1988/482 1819/2167/480
f 3173/2164/477 1823/2168/481 1818/2162/475
f 3174/2169/483 3148/1989/484 1823/2168/481
f 1816/2155/470 1824/2170/485 1820/2153/468
f 1820/2153/468 3132/2171/397 3131/2158/391
f 1819/2167/480 3150/2003/486 1824/2170/485
f 1824/2170/485 3414/2005/398 3132/2171/397
f 1829/2172/487 1826/2173/488 1825/2174/489
f 1830/2175/487 3140/2176/490 1826/2173/488
f 3173/2164/477 1830/2175/487 1829/2172/487
f 3172/2163/476 3141/2177/491 1830/2175/487
f 1826/2173/488 1827/2178/492 1825/2174/489
f 1831/2179/492 3176/2085/428 1827/2178/492
f 3140/2176/490 1831/2179/492 1826/2173/488
f 3139/2180/493 3175/2072/428 1831/2179/492
f 1825/2174/489 1832/2181/494 1828/2182/490
f 1828/2182/490 3151/2107/495 3152/2120/490
f 1827/2178/492 3177/2087/428 1832/2181/494
f 1832/2181/494 4520/2108/496 3151/2107/495
f 1825/2174/489 1833/2183/497 1829/2172/487
f 1829/2172/487 3174/2169/483 3173/2164/477
f 1828/2182/490 3153/2119/498 1833/2183/497
f 1833/2183/497 3421/2121/499 3174/2169/483
f 5/2184/500 2/2185/501 1/2186/502
f 2/2185/501 3631/2187/503 3630/2188/504
f 2066/2189/505 6/2190/506 5/2184/500
f 6/2190/506 3632/2191/507 3631/2187/503
f 1/2186/502 7/2192/508 3/2193/509
f 3/2193/509 1894/2194/510 1895/2195/511
f 3630/2188/504 7/2192/508 2/2185/501
f 7/2192/508 3628/2196/512 1894/2194/510
f 1/2186/502 8/2197/513 4/2198/514
f 8/2197/513 3484/2199/515 4/2198/514
f 3/2193/509 1896/2200/516 8/2197/513
f 1896/2200/516 3485/2201/517 8/2197/513
f 4/2198/514 5/2184/500 1/2186/502
f 9/2202/518 2066/2189/505 5/2184/500
f 3484/2199/515 9/2202/518 4/2198/514
f 3483/2203/519 2067/2204/520 9/2202/518
f 10/2205/521 15/2206/522 11/2207/523
f 15/2206/522 3635/2208/524 11/2207/523
f 2072/2209/525 15/2206/522 14/2210/526
f 2071/2211/527 3636/2212/528 15/2206/522
f 11/2207/523 12/2213/529 10/2205/521
f 12/2213/529 1900/2214/530 1901/2215/531
f 3635/2208/524 16/2216/532 11/2207/523
f 3634/2217/533 1900/2214/530 16/2216/532
f 12/2213/529 13/2218/534 10/2205/521
f 17/2219/535 3459/2220/536 13/2218/534
f 1901/2215/531 17/2219/535 12/2213/529
f 1902/2221/537 3460/2222/538 17/2219/535
f 13/2218/534 14/2210/526 10/2205/521
f 18/2223/539 2072/2209/525 14/2210/526
f 3459/2220/536 18/2223/539 13/2218/534
f 3458/2224/540 2073/2225/541 18/2223/539
f 19/2226/542 24/2227/543 20/2228/544
f 20/2228/544 3640/2229/545 3639/2230/546
f 23/2231/547 2074/2232/548 24/2227/543
f 2074/2232/548 3640/2229/545 24/2227/543
f 19/2226/542 25/2233/549 21/2234/550
f 21/2234/550 2065/2235/551 2066/2189/505
f 3639/2230/546 25/2233/549 20/2228/544
f 25/2233/549 3632/2191/507 2065/2235/551
f 21/2234/550 22/2236/552 19/2226/542
f 26/2237/553 3487/2238/554 22/2236/552
f 2066/2189/505 26/2237/553 21/2234/550
f 2067/2204/520 3488/2239/555 26/2237/553
f 19/2226/542 27/2240/556 23/2231/547
f 27/2240/556 2075/2241/557 23/2231/547
f 3487/2238/554 27/2240/556 22/2236/552
f 3486/2242/558 2076/2243/559 27/2240/556
f 28/2244/560 33/2245/561 29/2246/562
f 33/2245/561 3644/2247/563 29/2246/562
f 32/2248/564 1900/2214/530 33/2245/561
f 33/2245/561 3633/2249/565 3645/2250/566
f 29/2246/562 30/2251/567 28/2244/560
f 30/2251/567 1909/2252/568 1910/2253/569
f 29/2246/562 3643/2254/570 34/2255/571
f 3643/2254/570 1909/2252/568 34/2255/571
f 30/2251/567 31/2256/572 28/2244/560
f 35/2257/573 3463/2258/574 31/2256/572
f 1910/2253/569 35/2257/573 30/2251/567
f 1911/2259/575 3464/2260/576 35/2257/573
f 28/2244/560 36/2261/577 32/2248/564
f 32/2248/564 1902/2221/537 1901/2215/531
f 3463/2258/574 36/2261/577 31/2256/572
f 3462/2262/578 1902/2221/537 36/2261/577
f 37/2263/579 42/2264/580 38/2265/581
f 38/2265/581 3649/2266/582 3648/2267/583
f 1910/2253/569 42/2264/580 41/2268/584
f 42/2264/580 3642/2269/585 3649/2266/582
f 37/2263/579 43/2270/586 39/2271/587
f 43/2270/586 1913/2272/588 39/2271/587
f 38/2265/581 3647/2273/589 43/2270/586
f 43/2270/586 3646/2274/590 1912/2275/591
f 39/2271/587 40/2276/592 37/2263/579
f 44/2277/593 3467/2278/594 40/2276/592
f 1913/2272/588 44/2277/593 39/2271/587
f 1914/2279/595 3468/2280/596 44/2277/593
f 37/2263/579 45/2281/597 41/2268/584
f 41/2268/584 1911/2259/575 1910/2253/569
f 3467/2278/594 45/2281/597 40/2276/592
f 3466/2282/598 1911/2259/575 45/2281/597
f 46/2283/599 51/2284/600 47/2285/601
f 51/2284/600 3652/2286/602 47/2285/601
f 50/2287/603 1912/2275/591 51/2284/600
f 1912/2275/591 3653/2288/604 51/2284/600
f 47/2285/601 48/2289/605 46/2283/599
f 52/2290/606 1916/2291/607 48/2289/605
f 47/2285/601 3651/2292/608 52/2290/606
f 52/2290/606 3650/2293/609 1915/2294/610
f 48/2289/605 49/2295/611 46/2283/599
f 53/2296/612 3471/2297/613 49/2295/611
f 1916/2291/607 53/2296/612 48/2289/605
f 1917/2298/614 3472/2299/615 53/2296/612
f 46/2283/599 54/2300/616 50/2287/603
f 50/2287/603 1914/2279/595 1913/2272/588
f 3471/2297/613 54/2300/616 49/2295/611
f 3470/2301/617 1914/2279/595 54/2300/616
f 55/2302/618 60/2303/619 56/2304/620
f 60/2303/619 3655/2305/621 56/2304/620
f 59/2306/622 1915/2294/610 60/2303/619
f 1915/2294/610 3656/2307/623 60/2303/619
f 55/2302/618 61/2308/624 57/2309/625
f 57/2309/625 2074/2232/548 2075/2241/557
f 3655/2305/621 61/2308/624 56/2304/620
f 3654/2310/626 2074/2232/548 61/2308/624
f 55/2302/618 62/2311/627 58/2312/628
f 62/2311/627 3475/2313/629 58/2312/628
f 57/2309/625 2076/2243/559 62/2311/627
f 2076/2243/559 3476/2314/630 62/2311/627
f 58/2312/628 59/2306/622 55/2302/618
f 63/2315/631 1916/2291/607 59/2306/622
f 3475/2313/629 63/2315/631 58/2312/628
f 3474/2316/632 1917/2298/614 63/2315/631
f 68/2317/633 65/2318/634 64/2319/635
f 65/2318/634 3660/2320/636 3659/2321/637
f 68/2317/633 2089/2322/638 69/2323/639
f 69/2323/639 3661/2324/640 3660/2320/636
f 64/2319/635 70/2325/641 66/2326/642
f 70/2325/641 1919/2327/643 66/2326/642
f 3659/2321/637 70/2325/641 65/2318/634
f 70/2325/641 3657/2328/644 1918/2329/645
f 64/2319/635 71/2330/646 67/2331/647
f 71/2330/646 3451/2332/648 67/2331/647
f 1919/2327/643 71/2330/646 66/2326/642
f 1920/2333/649 3452/2334/650 71/2330/646
f 67/2331/647 68/2317/633 64/2319/635
f 72/2335/651 2090/2336/652 68/2317/633
f 3451/2332/648 72/2335/651 67/2331/647
f 3450/2337/653 2091/2338/654 72/2335/651
f 73/2339/655 78/2340/656 74/2341/657
f 74/2341/657 3664/2342/658 3663/2343/659
f 1895/2195/511 78/2340/656 77/2344/660
f 78/2340/656 3628/2196/512 3664/2342/658
f 73/2339/655 79/2345/661 75/2346/662
f 79/2345/661 2090/2336/652 75/2346/662
f 74/2341/657 3662/2347/663 79/2345/661
f 79/2345/661 3661/2324/640 2089/2322/638
f 73/2339/655 80/2348/664 76/2349/665
f 80/2348/664 3480/2350/666 76/2349/665
f 75/2346/662 2091/2338/654 80/2348/664
f 2091/2338/654 3481/2351/667 80/2348/664
f 76/2349/665 77/2344/660 73/2339/655
f 81/2352/668 1895/2195/511 77/2344/660
f 3480/2350/666 81/2352/668 76/2349/665
f 3479/2353/669 1896/2200/516 81/2352/668
f 82/2354/670 87/2355/671 83/2356/672
f 87/2355/671 3666/2357/673 83/2356/672
f 86/2358/674 1918/2329/645 87/2355/671
f 87/2355/671 3657/2328/644 3667/2359/675
f 82/2354/670 88/2360/676 84/2361/677
f 84/2361/677 2071/2362/527 2072/2363/525
f 83/2356/672 3665/2364/678 88/2360/676
f 3665/2364/678 2071/2362/527 88/2360/676
f 82/2354/670 89/2365/679 85/2366/680
f 89/2365/679 3455/2367/681 85/2366/680
f 2072/2363/525 89/2365/679 84/2361/677
f 2073/2368/541 3456/2369/682 89/2365/679
f 85/2366/680 86/2358/674 82/2354/670
f 90/2370/683 1919/2327/643 86/2358/674
f 3455/2367/681 90/2370/683 85/2366/680
f 3454/2371/684 1920/2333/649 90/2370/683
f 95/2372/685 92/2373/686 91/2374/685
f 96/2375/686 1931/2376/687 92/2373/686
f 95/2372/685 3533/2377/686 96/2375/686
f 96/2375/686 3494/2378/687 1930/2379/687
f 92/2373/686 93/2380/685 91/2374/685
f 97/2381/686 3528/2382/685 93/2380/685
f 1931/2376/687 97/2381/686 92/2373/686
f 1932/2383/687 3529/2384/686 97/2381/686
f 93/2380/685 94/2385/688 91/2374/685
f 98/2386/688 1925/2387/689 94/2385/688
f 3528/2382/685 98/2386/688 93/2380/685
f 3527/2388/688 1926/2389/689 98/2386/688
f 94/2385/688 95/2372/685 91/2374/685
f 99/2390/688 3532/2391/685 95/2372/685
f 1925/2387/689 99/2390/688 94/2385/688
f 1924/2392/689 3531/2393/688 99/2390/688
f 104/2394/690 101/2395/691 100/2396/690
f 105/2397/692 1934/2398/693 101/2395/691
f 3496/2399/690 105/2397/692 104/2394/690
f 3497/2400/694 1933/2401/693 105/2397/692
f 100/2396/690 106/2402/694 102/2403/690
f 106/2402/694 3516/2404/690 102/2403/690
f 1934/2398/693 106/2402/694 101/2395/691
f 1935/2405/693 3517/2406/692 106/2402/694
f 100/2396/690 107/2407/695 103/2408/695
f 103/2408/695 1932/2383/687 1931/2376/687
f 3516/2404/690 107/2407/695 102/2403/690
f 3515/2409/695 1932/2383/687 107/2407/695
f 103/2408/695 104/2394/690 100/2396/690
f 108/2410/695 3496/2399/690 104/2394/690
f 1931/2376/687 108/2410/695 103/2408/695
f 1930/2379/687 3495/2411/695 108/2410/695
f 113/2412/696 110/2413/650 109/2414/696
f 114/2415/650 1937/2416/697 110/2413/650
f 3523/2417/696 114/2415/650 113/2412/696
f 3524/2418/650 1936/2419/697 114/2415/650
f 110/2413/650 111/2420/696 109/2414/696
f 115/2421/650 3520/2422/696 111/2420/696
f 110/2413/650 1938/2423/698 115/2421/650
f 1938/2423/698 3521/2424/650 115/2421/650
f 111/2420/696 112/2425/699 109/2414/696
f 116/2426/699 1934/2398/693 112/2425/699
f 3520/2422/696 116/2426/699 111/2420/696
f 3519/2427/699 1935/2405/693 116/2426/699
f 112/2425/699 113/2412/696 109/2414/696
f 113/2412/696 3522/2428/699 3523/2417/696
f 1934/2398/693 117/2429/699 112/2425/699
f 1933/2401/693 3522/2428/699 117/2429/699
f 122/2430/700 119/2431/701 118/2432/700
f 123/2433/701 1940/2434/702 119/2431/701
f 3540/2435/700 123/2433/701 122/2430/700
f 3541/2436/701 1939/2437/703 123/2433/701
f 119/2431/701 120/2438/700 118/2432/700
f 124/2439/701 3536/2440/700 120/2438/700
f 1940/2434/702 124/2439/701 119/2431/701
f 1941/2441/704 3535/2442/701 124/2439/701
f 120/2438/700 121/2443/705 118/2432/700
f 125/2444/705 1943/2445/706 121/2443/705
f 3536/2440/700 125/2444/705 120/2438/700
f 3537/2446/705 1944/2447/706 125/2444/705
f 121/2443/705 122/2430/700 118/2432/700
f 126/2448/705 3540/2435/700 122/2430/700
f 1943/2445/706 126/2448/705 121/2443/705
f 1942/2449/706 3539/2450/705 126/2448/705
f 127/2451/707 132/2452/708 128/2453/708
f 132/2452/708 1943/2445/706 128/2453/708
f 3506/2454/707 132/2452/708 131/2455/707
f 3507/2456/708 1942/2449/706 132/2452/708
f 128/2453/708 129/2457/707 127/2451/707
f 133/2458/708 3544/2459/707 129/2457/707
f 1943/2445/706 133/2458/708 128/2453/708
f 1944/2447/706 3543/2460/708 133/2458/708
f 129/2457/707 130/2461/709 127/2451/707
f 134/2462/710 1928/2463/711 130/2461/709
f 3544/2459/707 134/2462/710 129/2457/707
f 3545/2464/710 1929/2465/711 134/2462/710
f 127/2451/707 135/2466/710 131/2455/707
f 135/2466/710 3506/2454/707 131/2455/707
f 1928/2463/711 135/2466/710 130/2461/709
f 1927/2467/711 3505/2468/710 135/2466/710
f 140/2469/712 137/2470/713 136/2471/712
f 141/2472/713 1928/2463/711 137/2470/713
f 3547/2473/714 141/2472/713 140/2469/712
f 3548/2474/713 1927/2467/711 141/2472/713
f 137/2470/713 138/2475/715 136/2471/712
f 142/2476/713 3511/2477/712 138/2475/715
f 1928/2463/711 142/2476/713 137/2470/713
f 1929/2465/711 3510/2478/713 142/2476/713
f 138/2475/715 139/2479/716 136/2471/712
f 143/2480/716 1946/2481/717 139/2479/716
f 3511/2477/712 143/2480/716 138/2475/715
f 3512/2482/716 1947/2483/717 143/2480/716
f 136/2471/712 144/2484/716 140/2469/712
f 144/2484/716 3547/2473/714 140/2469/712
f 1946/2481/717 144/2484/716 139/2479/716
f 1945/2485/717 3546/2486/716 144/2484/716
f 149/2487/718 146/2488/682 145/2489/718
f 150/2490/682 1949/2491/1 146/2488/682
f 3550/2492/718 150/2490/682 149/2487/718
f 3551/2493/719 1948/2494/1 150/2490/682
f 145/2489/718 151/2495/682 147/2496/718
f 151/2495/682 3491/2497/718 147/2496/718
f 1949/2491/1 151/2495/682 146/2488/682
f 1950/2498/1 3490/2499/682 151/2495/682
f 147/2496/718 148/2500/720 145/2489/718
f 152/2501/720 1937/2416/697 148/2500/720
f 3491/2497/718 152/2501/720 147/2496/718
f 3492/2502/720 1938/2423/698 152/2501/720
f 148/2500/720 149/2487/718 145/2489/718
f 153/2503/720 3550/2492/718 149/2487/718
f 1937/2416/697 153/2503/720 148/2500/720
f 153/2503/720 3525/2504/698 3549/2505/720
f 158/2506/721 155/2507/722 154/2508/721
f 159/2509/723 1946/2481/717 155/2507/722
f 3501/2510/721 159/2509/723 158/2506/721
f 3500/2511/723 1945/2485/717 159/2509/723
f 155/2507/722 156/2512/721 154/2508/721
f 160/2513/723 3553/2514/721 156/2512/721
f 1946/2481/717 160/2513/723 155/2507/722
f 1947/2483/717 3554/2515/723 160/2513/723
f 156/2512/721 157/2516/724 154/2508/721
f 161/2517/724 1949/2491/1 157/2516/724
f 3553/2514/721 161/2517/724 156/2512/721
f 3552/2518/724 1950/2498/1 161/2517/724
f 154/2508/721 162/2519/725 158/2506/721
f 162/2519/725 3501/2510/721 158/2506/721
f 1949/2491/1 162/2519/725 157/2516/724
f 1948/2494/1 3502/2520/724 162/2519/725
f 167/2521/726 164/2522/727 163/2523/728
f 168/2524/729 1955/2525/730 164/2522/727
f 2036/2526/731 168/2524/729 167/2521/726
f 2037/2527/732 1956/2528/733 168/2524/729
f 163/2523/728 169/2529/734 165/2530/735
f 165/2530/735 2032/2531/736 2033/2532/737
f 164/2522/727 1954/2533/738 169/2529/734
f 169/2529/734 3204/2534/739 2032/2531/736
f 165/2530/735 166/2535/740 163/2523/728
f 170/2536/741 3557/2537/742 166/2535/740
f 2033/2532/737 170/2536/741 165/2530/735
f 2034/2538/743 3556/2539/744 170/2536/741
f 163/2523/728 171/2540/745 167/2521/726
f 167/2521/726 2035/2541/746 2036/2526/731
f 166/2535/740 3558/2542/747 171/2540/745
f 171/2540/745 3559/2543/748 2035/2541/746
f 176/2544/749 173/2545/750 172/2546/751
f 177/2547/752 1958/2548/753 173/2545/750
f 2042/2549/754 177/2547/752 176/2544/749
f 2043/2550/755 1957/2551/752 177/2547/752
f 173/2545/750 174/2552/756 172/2546/751
f 178/2553/757 2039/2554/758 174/2552/756
f 1958/2548/753 178/2553/757 173/2545/750
f 1959/2555/759 2038/2556/760 178/2553/757
f 172/2546/751 179/2557/761 175/2558/762
f 175/2558/762 3563/2559/763 3562/2560/764
f 174/2552/756 2040/2561/760 179/2557/761
f 179/2557/761 3564/2562/765 3563/2559/763
f 172/2546/751 180/2563/766 176/2544/749
f 176/2544/749 2041/2564/767 2042/2549/754
f 175/2558/762 3561/2565/768 180/2563/766
f 180/2563/766 3560/2566/769 2041/2564/767
f 181/2567/770 186/2568/771 182/2569/772
f 182/2569/772 1986/2570/773 1985/2571/774
f 185/2572/775 2029/2573/776 186/2568/771
f 186/2568/771 3214/2574/777 1986/2570/773
f 182/2569/772 183/2575/778 181/2567/770
f 187/2576/779 2045/2577/780 183/2575/778
f 1985/2571/774 187/2576/779 182/2569/772
f 1984/2578/781 2044/2579/782 187/2576/779
f 181/2567/770 188/2580/783 184/2581/784
f 184/2581/784 3579/2582/785 3580/2583/786
f 183/2575/778 2046/2584/787 188/2580/783
f 188/2580/783 3570/2585/788 3579/2582/785
f 184/2581/784 185/2572/775 181/2567/770
f 189/2586/789 2030/2587/790 185/2572/775
f 3580/2583/786 189/2586/789 184/2581/784
f 3581/2588/791 2031/2589/792 189/2586/789
f 194/2590/793 191/2591/794 190/2592/795
f 191/2591/794 1974/2593/796 1973/2594/797
f 2048/2595/798 195/2596/799 194/2590/793
f 2049/2597/800 1974/2593/796 195/2596/799
f 191/2591/794 192/2598/801 190/2592/795
f 196/2599/802 2036/2526/731 192/2598/801
f 1973/2594/797 196/2599/802 191/2591/794
f 1972/2600/803 2037/2527/732 196/2599/802
f 190/2592/795 197/2601/804 193/2602/805
f 193/2602/805 3571/2603/806 3572/2604/807
f 192/2598/801 2035/2541/746 197/2601/804
f 197/2601/804 3559/2543/748 3571/2603/806
f 190/2592/795 198/2605/808 194/2590/793
f 194/2590/793 2047/2606/809 2048/2595/798
f 193/2602/805 3573/2607/810 198/2605/808
f 198/2605/808 3574/2608/811 2047/2606/809
f 203/2609/812 200/2610/813 199/2611/814
f 204/2612/815 1991/2613/816 200/2610/813
f 2054/2614/817 204/2612/815 203/2609/812
f 2055/2615/818 1992/2616/819 204/2612/815
f 200/2610/813 201/2617/820 199/2611/814
f 205/2618/821 2042/2549/754 201/2617/820
f 1991/2613/816 205/2618/821 200/2610/813
f 1990/2619/822 2043/2550/755 205/2618/821
f 199/2611/814 206/2620/823 202/2621/824
f 202/2621/824 3582/2622/825 3583/2623/826
f 201/2617/820 2041/2564/767 206/2620/823
f 206/2620/823 3560/2566/769 3582/2622/825
f 199/2611/814 207/2624/827 203/2609/812
f 203/2609/812 2053/2625/828 2054/2614/817
f 202/2621/824 3584/2626/829 207/2624/827
f 207/2624/827 3566/2627/830 2053/2625/828
f 212/2628/831 209/2629/832 208/2630/832
f 213/2631/833 1994/2632/834 209/2629/832
f 2039/2554/758 213/2631/833 212/2628/831
f 2038/2556/760 1995/2633/835 213/2631/833
f 209/2629/832 210/2634/836 208/2630/832
f 214/2635/836 2048/2595/798 210/2634/836
f 1994/2632/834 214/2635/836 209/2629/832
f 1993/2636/837 2049/2597/800 214/2635/836
f 208/2630/832 215/2637/838 211/2638/839
f 211/2638/839 3585/2639/840 3586/2640/841
f 210/2634/836 2047/2606/809 215/2637/838
f 215/2637/838 3574/2608/811 3585/2639/840
f 208/2630/832 216/2641/842 212/2628/831
f 212/2628/831 2040/2561/760 2039/2554/758
f 211/2638/839 3587/2642/843 216/2641/842
f 216/2641/842 3564/2562/765 2040/2561/760
f 221/2643/844 218/2644/845 217/2645/846
f 222/2646/847 1979/2647/848 218/2644/845
f 2033/2532/737 222/2646/847 221/2643/844
f 2032/2531/736 1980/2648/849 222/2646/847
f 217/2645/846 223/2649/850 219/2650/851
f 219/2650/851 2052/2651/852 2051/2652/853
f 218/2644/845 1978/2653/854 223/2649/850
f 223/2649/850 3199/2654/855 2052/2651/852
f 219/2650/851 220/2655/856 217/2645/846
f 224/2656/857 3576/2657/858 220/2655/856
f 2051/2652/853 224/2656/857 219/2650/851
f 2050/2658/859 3575/2659/860 224/2656/857
f 217/2645/846 225/2660/861 221/2643/844
f 221/2643/844 2034/2538/743 2033/2532/737
f 220/2655/856 3577/2661/862 225/2660/861
f 225/2660/861 3555/2662/863 2034/2538/743
f 226/2663/864 231/2664/865 227/2665/866
f 227/2665/866 1962/2666/867 1961/2667/868
f 230/2668/869 2044/2579/782 231/2664/865
f 231/2664/865 3209/2669/870 1962/2666/867
f 227/2665/866 228/2670/871 226/2663/864
f 232/2671/872 2054/2614/817 228/2670/871
f 1961/2667/868 232/2671/872 227/2665/866
f 1960/2672/873 2055/2615/818 232/2671/872
f 226/2663/864 233/2673/874 229/2674/875
f 229/2674/875 3567/2675/876 3568/2676/877
f 228/2670/871 2053/2625/828 233/2673/874
f 233/2673/874 3566/2627/830 3567/2675/876
f 229/2674/875 230/2668/869 226/2663/864
f 234/2677/878 2045/2577/780 230/2668/869
f 3568/2676/877 234/2677/878 229/2674/875
f 3569/2678/879 2046/2584/787 234/2677/878
f 239/2679/880 236/2680/881 235/2681/882
f 240/2682/883 1859/2683/884 236/2680/881
f 1898/2684/885 240/2682/883 239/2679/880
f 1899/2685/886 1858/2686/887 240/2682/883
f 235/2681/882 241/2687/888 237/2688/889
f 241/2687/888 2063/2689/890 237/2688/889
f 236/2680/881 1860/2690/891 241/2687/888
f 1860/2690/891 2064/2691/892 241/2687/888
f 235/2681/882 242/2692/893 238/2693/894
f 242/2692/893 3590/2694/895 238/2693/894
f 237/2688/889 2062/2695/896 242/2692/893
f 2062/2695/896 3589/2696/897 242/2692/893
f 238/2693/894 239/2679/880 235/2681/882
f 243/2697/898 1898/2684/885 239/2679/880
f 3590/2694/895 243/2697/898 238/2693/894
f 3591/2698/899 1897/2699/900 243/2697/898
f 248/2700/901 245/2701/902 244/2702/903
f 245/2701/902 1840/2703/904 1841/2704/905
f 1904/2705/906 249/2706/907 248/2700/901
f 1905/2707/908 1840/2703/904 249/2706/907
f 245/2701/902 246/2708/909 244/2702/903
f 250/2709/910 2069/2710/911 246/2708/909
f 245/2701/902 1842/2711/912 250/2709/910
f 250/2709/910 3183/2712/913 2070/2713/914
f 246/2708/909 247/2714/915 244/2702/903
f 247/2714/915 3594/2715/916 3595/2716/917
f 2069/2710/911 251/2717/918 246/2708/909
f 2068/2718/919 3594/2715/916 251/2717/918
f 247/2714/915 248/2700/901 244/2702/903
f 252/2719/920 1904/2705/906 248/2700/901
f 3595/2716/917 252/2719/920 247/2714/915
f 252/2719/920 3597/2720/921 1903/2721/922
f 253/2722/923 258/2723/924 254/2724/925
f 254/2724/925 1861/2725/926 1862/2726/927
f 1907/2727/928 258/2723/924 257/2728/929
f 258/2723/924 3187/2729/930 1861/2725/926
f 254/2724/925 255/2730/931 253/2722/923
f 259/2731/932 1898/2684/885 255/2730/931
f 254/2724/925 1863/2732/933 259/2731/932
f 259/2731/932 3178/2733/934 1899/2685/886
f 255/2730/931 256/2734/935 253/2722/923
f 256/2734/935 3598/2735/936 3599/2736/937
f 255/2730/931 1897/2699/900 260/2737/938
f 260/2737/938 3592/2738/939 3598/2735/936
f 253/2722/923 261/2739/940 257/2728/929
f 257/2728/929 1906/2740/941 1907/2727/928
f 3599/2736/937 261/2739/940 256/2734/935
f 261/2739/940 3601/2741/942 1906/2740/941
f 262/2742/943 267/2743/944 263/2744/945
f 267/2743/944 1844/2745/946 263/2744/945
f 266/2746/947 2070/2713/914 267/2743/944
f 2070/2713/914 1843/2747/948 267/2743/944
f 262/2742/943 268/2748/949 264/2749/950
f 264/2749/950 2079/2750/951 2078/2751/952
f 1844/2745/946 268/2748/949 263/2744/945
f 1845/2752/953 2079/2750/951 268/2748/949
f 262/2742/943 269/2753/954 265/2754/955
f 269/2753/954 3604/2755/956 265/2754/955
f 264/2749/950 2077/2756/957 269/2753/954
f 2077/2756/957 3603/2757/958 269/2753/954
f 265/2754/955 266/2746/947 262/2742/943
f 270/2758/959 2069/2710/911 266/2746/947
f 265/2754/955 3605/2759/960 270/2758/959
f 270/2758/959 3593/2760/961 2068/2718/919
f 275/2761/962 272/2762/963 271/2763/964
f 276/2764/965 1847/2765/966 272/2762/963
f 2078/2751/952 276/2764/965 275/2761/962
f 2079/2750/951 1846/2766/967 276/2764/965
f 271/2763/964 277/2767/968 273/2768/969
f 273/2768/969 2082/2769/970 2081/2770/971
f 1847/2765/966 277/2767/968 272/2762/963
f 1848/2771/972 2082/2769/970 277/2767/968
f 271/2763/964 278/2772/973 274/2773/974
f 278/2772/973 3608/2774/975 274/2773/974
f 273/2768/969 2080/2775/976 278/2772/973
f 278/2772/973 3606/2776/977 3607/2777/978
f 274/2773/974 275/2761/962 271/2763/964
f 279/2778/979 2078/2751/952 275/2761/962
f 3608/2774/975 279/2778/979 274/2773/974
f 279/2778/979 3602/2779/980 2077/2756/957
f 280/2780/981 285/2781/982 281/2782/983
f 285/2781/982 1850/2783/984 281/2782/983
f 2081/2770/971 285/2781/982 284/2784/985
f 2082/2769/970 1849/2785/986 285/2781/982
f 281/2782/983 282/2786/987 280/2780/981
f 286/2787/988 2084/2788/989 282/2786/987
f 1850/2783/984 286/2787/988 281/2782/983
f 1851/2789/990 2085/2790/991 286/2787/988
f 282/2786/987 283/2791/992 280/2780/981
f 283/2791/992 3611/2792/993 3612/2793/994
f 282/2786/987 2083/2794/995 287/2795/996
f 287/2795/996 3610/2796/997 3611/2792/993
f 280/2780/981 288/2797/998 284/2784/985
f 284/2784/985 2080/2775/976 2081/2770/971
f 3612/2793/994 288/2797/998 283/2791/992
f 3613/2798/999 2080/2775/976 288/2797/998
f 289/2799/1000 294/2800/1001 290/2801/1002
f 290/2801/1002 1852/2802/1003 1853/2803/1004
f 2084/2788/989 294/2800/1001 293/2804/1005
f 294/2800/1001 3186/2805/1006 1852/2802/1003
f 290/2801/1002 291/2806/1007 289/2799/1000
f 295/2807/1008 1907/2727/928 291/2806/1007
f 290/2801/1002 1854/2808/1009 295/2807/1008
f 295/2807/1008 3187/2729/930 1908/2809/1010
f 291/2806/1007 292/2810/1011 289/2799/1000
f 296/2811/1012 3615/2812/1013 292/2810/1011
f 1907/2727/928 296/2811/1012 291/2806/1007
f 296/2811/1012 3601/2741/942 3614/2813/1014
f 292/2810/1011 293/2804/1005 289/2799/1000
f 297/2814/1015 2084/2788/989 293/2804/1005
f 292/2810/1011 3616/2815/1016 297/2814/1015
f 297/2814/1015 3610/2796/997 2083/2794/995
f 298/2816/1017 303/2817/1018 299/2818/1019
f 303/2817/1018 1835/2819/1020 299/2818/1019
f 302/2820/1021 1923/2821/1022 303/2817/1018
f 1923/2821/1022 1834/2822/1023 303/2817/1018
f 298/2816/1017 304/2823/1024 300/2824/1025
f 300/2824/1025 2088/2825/1026 2087/2826/1027
f 1835/2819/1020 304/2823/1024 299/2818/1019
f 1836/2827/1028 2088/2825/1026 304/2823/1024
f 300/2824/1025 301/2828/1029 298/2816/1017
f 305/2829/1030 3619/2830/1031 301/2828/1029
f 2087/2826/1027 305/2829/1030 300/2824/1025
f 305/2829/1030 3617/2831/1032 3618/2832/1033
f 298/2816/1017 306/2833/1034 302/2820/1021
f 302/2820/1021 1921/2834/1035 1922/2835/1036
f 301/2828/1029 3620/2836/1037 306/2833/1034
f 3620/2836/1037 1921/2834/1035 306/2833/1034
f 307/2837/1038 312/2838/1039 308/2839/1040
f 312/2838/1039 1856/2840/1041 308/2839/1040
f 311/2841/1042 2064/2691/892 312/2838/1039
f 2064/2691/892 1855/2842/1043 312/2838/1039
f 307/2837/1038 313/2843/1044 309/2844/1045
f 309/2844/1045 1923/2821/1022 1922/2835/1036
f 1856/2840/1041 313/2843/1044 308/2839/1040
f 1857/2845/1046 1923/2821/1022 313/2843/1044
f 307/2837/1038 314/2846/1047 310/2847/1048
f 314/2846/1047 3623/2848/1049 310/2847/1048
f 1922/2835/1036 314/2846/1047 309/2844/1045
f 314/2846/1047 3621/2849/1050 3622/2850/1051
f 307/2837/1038 315/2851/1052 311/2841/1042
f 311/2841/1042 2062/2695/896 2063/2689/890
f 3623/2848/1049 315/2851/1052 310/2847/1048
f 315/2851/1052 3588/2852/1053 2062/2695/896
f 320/2853/1054 317/2854/1055 316/2855/1056
f 317/2854/1055 1837/2856/1057 1838/2857/1058
f 2087/2826/1027 321/2858/1059 320/2853/1054
f 321/2858/1059 3181/2859/1060 1837/2856/1057
f 316/2855/1056 322/2860/1061 318/2861/1062
f 322/2860/1061 1904/2862/906 318/2861/1062
f 317/2854/1055 1839/2863/1063 322/2860/1061
f 1839/2863/1063 1905/2864/908 322/2860/1061
f 316/2855/1056 323/2865/1064 319/2866/1065
f 323/2865/1064 3626/2867/1066 319/2866/1065
f 318/2861/1062 1903/2868/922 323/2865/1064
f 323/2865/1064 3597/2869/921 3625/2870/1067
f 319/2866/1065 320/2853/1054 316/2855/1056
f 320/2853/1054 2086/2871/1068 2087/2826/1027
f 319/2866/1065 3627/2872/1069 324/2873/1070
f 3627/2872/1069 2086/2871/1068 324/2873/1070
f 329/2874/1071 326/2875/1072 325/2876/1073
f 330/2877/1074 1865/2332/1075 326/2875/1072
f 2186/2878/1076 330/2877/1074 329/2874/1071
f 2187/2879/1077 1864/2337/1078 330/2877/1074
f 326/2875/1072 327/2880/1079 325/2876/1073
f 331/2881/1080 2183/2882/1081 327/2880/1079
f 1865/2332/1075 331/2881/1080 326/2875/1072
f 1866/2334/1082 2182/2883/1083 331/2881/1080
f 325/2876/1073 332/2884/1084 328/2885/1085
f 328/2885/1085 2124/2886/1086 2123/2887/1073
f 327/2880/1079 2184/2888/1087 332/2884/1084
f 332/2884/1084 3238/2889/1088 2124/2886/1086
f 325/2876/1073 333/2890/1089 329/2874/1071
f 329/2874/1071 2185/2891/1090 2186/2878/1076
f 328/2885/1085 2122/2892/1091 333/2890/1089
f 333/2890/1089 3237/2893/1092 2185/2891/1090
f 338/2894/1093 335/2895/1094 334/2896/1095
f 339/2897/1096 1868/2367/1097 335/2895/1094
f 2183/2882/1081 339/2897/1096 338/2894/1093
f 2182/2883/1083 1867/2371/1098 339/2897/1096
f 334/2896/1095 340/2898/1099 336/2899/1100
f 340/2898/1099 2189/2900/1101 336/2899/1100
f 1868/2367/1097 340/2898/1099 335/2895/1094
f 1869/2369/1102 2188/2901/1103 340/2898/1099
f 334/2896/1095 341/2902/1104 337/2903/1105
f 341/2902/1104 2126/2904/1106 337/2903/1105
f 336/2899/1100 2190/2905/1107 341/2902/1104
f 341/2902/1104 3239/2906/1108 2127/2907/1109
f 334/2896/1095 342/2908/1110 338/2894/1093
f 338/2894/1093 2184/2888/1087 2183/2882/1081
f 337/2903/1105 2125/2909/1111 342/2908/1110
f 342/2908/1110 3238/2889/1088 2184/2888/1087
f 347/2910/1112 344/2911/1113 343/2912/1114
f 348/2913/1115 1871/2220/1116 344/2911/1113
f 2189/2914/1101 348/2913/1115 347/2910/1112
f 2188/2915/1103 1870/2224/1117 348/2913/1115
f 344/2911/1113 345/2916/1118 343/2912/1114
f 349/2917/1119 2192/2918/1120 345/2916/1118
f 1871/2220/1116 349/2917/1119 344/2911/1113
f 1872/2222/1121 2191/2919/1122 349/2917/1119
f 343/2912/1114 350/2920/1123 346/2921/1124
f 350/2920/1123 2129/2922/1125 346/2921/1124
f 345/2916/1118 2193/2923/1126 350/2920/1123
f 350/2920/1123 3240/2924/1127 2130/2925/1128
f 343/2912/1114 351/2926/1129 347/2910/1112
f 347/2910/1112 2190/2927/1107 2189/2914/1101
f 346/2921/1124 2128/2928/1130 351/2926/1129
f 351/2926/1129 3239/2929/1108 2190/2927/1107
f 356/2930/1131 353/2931/1132 352/2932/1133
f 353/2931/1132 1873/2262/1134 1874/2258/1135
f 2192/2918/1120 357/2933/1136 356/2930/1131
f 2191/2919/1122 1873/2262/1134 357/2933/1136
f 353/2931/1132 354/2934/1137 352/2932/1133
f 358/2935/1138 2195/2936/1139 354/2934/1137
f 1874/2258/1135 358/2935/1138 353/2931/1132
f 1875/2260/1140 2194/2937/1141 358/2935/1138
f 352/2932/1133 359/2938/1142 355/2939/1143
f 355/2939/1143 2133/2940/1144 2132/2941/1145
f 354/2934/1137 2196/2942/1146 359/2938/1142
f 359/2938/1142 3241/2943/1147 2133/2940/1144
f 352/2932/1133 360/2944/1148 356/2930/1131
f 356/2930/1131 2193/2923/1126 2192/2918/1120
f 355/2939/1143 2131/2945/1149 360/2944/1148
f 360/2944/1148 3240/2924/1127 2193/2923/1126
f 361/2946/1150 366/2947/1151 362/2948/1152
f 366/2947/1151 1877/2278/1153 362/2948/1152
f 365/2949/1154 2194/2937/1141 366/2947/1151
f 2194/2937/1141 1876/2282/1155 366/2947/1151
f 362/2948/1152 363/2950/1156 361/2946/1150
f 367/2951/1157 2198/2952/1158 363/2950/1156
f 1877/2278/1153 367/2951/1157 362/2948/1152
f 1878/2280/1159 2197/2953/1160 367/2951/1157
f 361/2946/1150 368/2954/1161 364/2955/1162
f 364/2955/1162 2136/2956/1163 2135/2957/1164
f 363/2950/1156 2199/2958/1165 368/2954/1161
f 368/2954/1161 3242/2959/1166 2136/2956/1163
f 361/2946/1150 369/2960/1167 365/2949/1154
f 365/2949/1154 2196/2942/1146 2195/2936/1139
f 364/2955/1162 2134/2961/1168 369/2960/1167
f 369/2960/1167 3241/2943/1147 2196/2942/1146
f 374/2962/1169 371/2963/1170 370/2964/1171
f 371/2963/1170 1879/2301/1172 1880/2297/1173
f 2198/2952/1158 375/2965/1174 374/2962/1169
f 2197/2953/1160 1879/2301/1172 375/2965/1174
f 371/2963/1170 372/2966/1175 370/2964/1171
f 376/2967/1176 2201/2968/1177 372/2966/1175
f 1880/2297/1173 376/2967/1176 371/2963/1170
f 1881/2299/1178 2200/2969/1179 376/2967/1176
f 370/2964/1171 377/2970/1180 373/2971/1181
f 373/2971/1181 2139/2972/1182 2138/2973/1183
f 372/2966/1175 2202/2974/1184 377/2970/1180
f 377/2970/1180 3243/2975/1185 2139/2972/1182
f 370/2964/1171 378/2976/1186 374/2962/1169
f 374/2962/1169 2199/2958/1165 2198/2952/1158
f 373/2971/1181 2137/2977/1186 378/2976/1186
f 378/2976/1186 3242/2959/1166 2199/2958/1165
f 383/2978/1187 380/2979/1188 379/2980/1189
f 384/2981/1190 1883/2313/1191 380/2979/1188
f 2201/2968/1177 384/2981/1190 383/2978/1187
f 2200/2969/1179 1882/2316/1192 384/2981/1190
f 380/2979/1188 381/2982/1193 379/2980/1189
f 385/2983/1194 2204/2984/1195 381/2982/1193
f 1883/2313/1191 385/2983/1194 380/2979/1188
f 1884/2314/1196 2203/2985/1197 385/2983/1194
f 379/2980/1189 386/2986/1198 382/2987/1199
f 382/2987/1199 2142/2988/1200 2141/2989/1201
f 381/2982/1193 2205/2990/1202 386/2986/1198
f 386/2986/1198 3244/2991/1203 2142/2988/1200
f 379/2980/1189 387/2992/1204 383/2978/1187
f 383/2978/1187 2202/2974/1184 2201/2968/1177
f 2141/2989/1201 387/2992/1204 382/2987/1199
f 387/2992/1204 3243/2975/1185 2202/2974/1184
f 392/2993/1205 389/2994/1206 388/2995/1206
f 393/2996/1207 1886/2350/1208 389/2994/1206
f 2207/2997/1209 393/2996/1207 392/2993/1205
f 2208/2998/1210 1885/2353/1211 393/2996/1207
f 389/2994/1206 390/2999/1212 388/2995/1206
f 390/2999/1212 2187/2879/1077 2186/2878/1076
f 1886/2350/1208 394/3000/1213 389/2994/1206
f 1887/2351/1214 2187/2879/1077 394/3000/1213
f 388/2995/1206 395/3001/1215 391/3002/1216
f 391/3002/1216 2145/3003/1217 2144/3004/1218
f 390/2999/1212 2185/2891/1090 395/3001/1215
f 395/3001/1215 3237/2893/1092 2145/3003/1217
f 388/2995/1206 396/3005/1219 392/2993/1205
f 392/2993/1205 2206/3006/1220 2207/2997/1209
f 391/3002/1216 2143/3007/1221 396/3005/1219
f 396/3005/1219 3245/3008/1222 2206/3006/1220
f 401/3009/1223 398/3010/1224 397/3011/1225
f 402/3012/1226 1889/2199/1224 398/3010/1224
f 2210/3013/1227 402/3012/1226 401/3009/1223
f 2211/3014/1228 1888/2203/1229 402/3012/1226
f 398/3010/1224 399/3015/1230 397/3011/1225
f 403/3016/1230 2207/2997/1209 399/3015/1230
f 398/3010/1224 1890/2201/1231 403/3016/1230
f 1890/2201/1231 2208/2998/1210 403/3016/1230
f 397/3011/1225 404/3017/1232 400/3018/1233
f 400/3018/1233 2148/3019/1234 2147/3020/1235
f 399/3015/1230 2206/3006/1220 404/3017/1232
f 404/3017/1232 3245/3008/1222 2148/3019/1234
f 397/3011/1225 405/3021/1226 401/3009/1223
f 401/3009/1223 2209/3022/1236 2210/3013/1227
f 400/3018/1233 2146/3023/1237 405/3021/1226
f 405/3021/1226 3246/3024/1238 2209/3022/1236
f 410/3025/1239 407/3026/1240 406/3027/1241
f 411/3028/1242 1892/2238/1243 407/3026/1240
f 2204/2984/1195 411/3028/1242 410/3025/1239
f 2203/2985/1197 1891/2242/1244 411/3028/1242
f 407/3026/1240 408/3029/1245 406/3027/1241
f 412/3030/1246 2210/3013/1227 408/3029/1245
f 1892/2238/1243 412/3030/1246 407/3026/1240
f 1893/2239/1247 2211/3014/1228 412/3030/1246
f 406/3027/1241 413/3031/1248 409/3032/1249
f 409/3032/1249 2151/3033/1250 2150/3034/1251
f 408/3029/1245 2209/3022/1236 413/3031/1248
f 413/3031/1248 3246/3024/1238 2151/3033/1250
f 406/3027/1241 414/3035/1252 410/3025/1239
f 410/3025/1239 2205/2990/1202 2204/2984/1195
f 2150/3034/1251 414/3035/1252 409/3032/1249
f 414/3035/1252 3244/2991/1203 2205/2990/1202
f 419/3036/1253 416/3037/1254 415/3038/1255
f 416/3037/1254 2152/3039/1256 2153/2188/1257
f 2216/3040/1258 420/3041/1259 419/3036/1253
f 2217/3042/1260 2152/3039/1256 420/3041/1259
f 416/3037/1254 417/3043/1261 415/3038/1255
f 421/3044/1262 2213/3045/1263 417/3043/1261
f 2153/2188/1257 421/3044/1262 416/3037/1254
f 2154/2187/1264 2212/3046/1265 421/3044/1262
f 417/3043/1261 418/3047/1266 415/3038/1255
f 422/3048/1267 2093/2694/1268 418/3047/1266
f 417/3043/1261 2214/3049/1269 422/3048/1267
f 422/3048/1267 3228/2738/1270 2094/2698/1271
f 415/3038/1255 423/3050/1272 419/3036/1253
f 419/3036/1253 2215/3051/1273 2216/3040/1258
f 2093/2694/1268 423/3050/1272 418/3047/1266
f 2092/2696/1274 2215/3051/1273 423/3050/1272
f 428/3052/1275 425/3053/1276 424/3054/1277
f 429/3055/1278 2156/2208/1279 425/3053/1276
f 2222/3056/1280 429/3055/1278 428/3052/1275
f 2223/3057/1281 2155/2217/1282 429/3055/1278
f 424/3054/1277 430/3058/1283 426/3059/1284
f 430/3058/1283 2219/3060/1285 426/3059/1284
f 2156/2208/1279 430/3058/1283 425/3053/1276
f 2157/2212/1286 2218/3061/1287 430/3058/1283
f 424/3054/1277 431/3062/1288 427/3063/1289
f 431/3062/1288 2096/2716/1290 427/3063/1289
f 426/3059/1284 2220/3064/1291 431/3062/1288
f 431/3062/1288 3230/2720/1292 2097/3065/1293
f 424/3054/1277 432/3066/1294 428/3052/1275
f 428/3052/1275 2221/3067/1295 2222/3056/1280
f 427/3063/1289 2095/2715/1296 432/3066/1294
f 2095/2715/1296 2221/3067/1295 432/3066/1294
f 433/3068/1297 438/3069/1298 434/3070/1299
f 438/3069/1298 2159/2230/1300 434/3070/1299
f 2213/3045/1263 438/3069/1298 437/3071/1301
f 2212/3046/1265 2158/3072/1302 438/3069/1298
f 434/3070/1299 435/3073/1303 433/3068/1297
f 439/3074/1304 2225/3075/1305 435/3073/1303
f 434/3070/1299 2160/2229/1306 439/3074/1304
f 2160/2229/1306 2224/3076/1307 439/3074/1304
f 433/3068/1297 440/3077/1308 436/3078/1309
f 436/3078/1309 2100/3079/1310 2099/2736/1311
f 435/3073/1303 2226/3080/1312 440/3077/1308
f 440/3077/1308 3231/2741/1313 2100/3079/1310
f 433/3068/1297 441/3081/1314 437/3071/1301
f 437/3071/1301 2214/3049/1269 2213/3045/1263
f 436/3078/1309 2098/2735/1315 441/3081/1314
f 441/3081/1314 3228/2738/1270 2214/3049/1269
f 446/3082/1316 443/3083/1317 442/3084/1318
f 443/3083/1317 2161/2254/1319 2162/2247/1320
f 2228/3085/1321 447/3086/1322 446/3082/1316
f 2229/3087/1323 2161/2254/1319 447/3086/1322
f 443/3083/1317 444/3088/1324 442/3084/1318
f 448/3089/1325 2222/3056/1280 444/3088/1324
f 2162/2247/1320 448/3089/1325 443/3083/1317
f 2163/2250/1326 2223/3057/1281 448/3089/1325
f 444/3088/1324 445/3090/1327 442/3084/1318
f 445/3090/1327 2103/2759/1328 2102/2755/1329
f 2222/3056/1280 449/3091/1330 444/3088/1324
f 449/3091/1330 3249/2760/1331 2103/2759/1328
f 442/3084/1318 450/3092/1332 446/3082/1316
f 446/3082/1316 2227/3093/1333 2228/3085/1321
f 2102/2755/1329 450/3092/1332 445/3090/1327
f 450/3092/1332 3252/2779/1334 2227/3093/1333
f 455/3094/1335 452/3095/1336 451/3096/1337
f 452/3095/1336 2164/2273/1338 2165/2267/1339
f 2231/3097/1340 456/3098/1341 455/3094/1335
f 2232/3099/1342 2164/2273/1338 456/3098/1341
f 452/3095/1336 453/3100/1343 451/3096/1337
f 457/3101/1344 2228/3085/1321 453/3100/1343
f 2165/2267/1339 457/3101/1344 452/3095/1336
f 2166/2266/1345 2229/3087/1323 457/3101/1344
f 451/3096/1337 458/3102/1346 454/3103/1347
f 458/3102/1346 2105/2774/1348 454/3103/1347
f 453/3100/1343 2227/3093/1333 458/3102/1346
f 2227/3093/1333 2106/3104/1349 458/3102/1346
f 454/3103/1347 455/3094/1335 451/3096/1337
f 459/3105/1350 2231/3097/1340 455/3094/1335
f 454/3103/1347 2104/2777/1351 459/3105/1350
f 459/3105/1350 3253/2776/1352 2230/3106/1353
f 464/3107/1354 461/3108/1355 460/3109/1356
f 465/3110/1357 2168/2286/1358 461/3108/1355
f 2234/3111/1359 465/3110/1357 464/3107/1354
f 2235/3112/1360 2167/2292/1361 465/3110/1357
f 461/3108/1355 462/3113/1362 460/3109/1356
f 466/3114/1363 2231/3097/1340 462/3113/1362
f 461/3108/1355 2169/2288/1364 466/3114/1363
f 2169/2288/1364 2232/3099/1342 466/3114/1363
f 460/3109/1356 467/3115/1365 463/3116/1366
f 467/3115/1365 2108/2793/1367 463/3116/1366
f 462/3113/1362 2230/3106/1353 467/3115/1365
f 467/3115/1365 3253/2776/1352 2109/2798/1368
f 463/3116/1366 464/3107/1354 460/3109/1356
f 468/3117/1369 2234/3111/1359 464/3107/1354
f 463/3116/1366 2107/2792/1370 468/3117/1369
f 468/3117/1369 3254/2796/1371 2233/3118/1372
f 469/3119/1373 474/3120/1374 470/3121/1375
f 474/3120/1374 2171/2305/1376 470/3121/1375
f 2225/3075/1305 474/3120/1374 473/3122/1377
f 2224/3076/1307 2170/2310/1378 474/3120/1374
f 470/3121/1375 471/3123/1379 469/3119/1373
f 475/3124/1380 2234/3111/1359 471/3123/1379
f 2171/2305/1376 475/3124/1380 470/3121/1375
f 2172/2307/1381 2235/3112/1360 475/3124/1380
f 469/3119/1373 476/3125/1382 472/3126/1383
f 472/3126/1383 2112/2815/1384 2111/2812/1385
f 471/3123/1379 2233/3118/1372 476/3125/1382
f 476/3125/1382 3254/2796/1371 2112/2815/1384
f 469/3119/1373 477/3127/1386 473/3122/1377
f 473/3122/1377 2226/3080/1312 2225/3075/1305
f 2111/2812/1385 477/3127/1386 472/3126/1383
f 477/3127/1386 3231/2741/1313 2226/3080/1312
f 482/3128/1387 479/3129/1388 478/3130/1389
f 483/3131/1390 2174/2321/1391 479/3129/1388
f 2240/3132/1392 483/3131/1390 482/3128/1387
f 2241/3133/1393 2173/3134/1394 483/3131/1390
f 479/3129/1388 480/3135/1395 478/3130/1389
f 484/3136/1396 2237/3137/1397 480/3135/1395
f 479/3129/1388 2175/2320/1398 484/3136/1396
f 2175/2320/1398 2236/3138/1399 484/3136/1396
f 478/3130/1389 485/3139/1400 481/3140/1401
f 485/3139/1400 2114/2830/1402 481/3140/1401
f 480/3135/1395 2238/3141/1403 485/3139/1400
f 2238/3141/1403 2115/2836/1404 485/3139/1400
f 481/3140/1401 482/3128/1387 478/3130/1389
f 482/3128/1387 2239/3142/1405 2240/3132/1392
f 481/3140/1401 2113/2832/1406 486/3143/1407
f 486/3143/1407 3255/2831/1408 2239/3142/1405
f 491/3144/1409 488/3145/1410 487/3146/1411
f 488/3145/1410 2176/2347/1412 2177/2343/1413
f 2237/3137/1397 492/3147/1414 491/3144/1409
f 2236/3138/1399 2176/2347/1412 492/3147/1414
f 488/3145/1410 489/3148/1415 487/3146/1411
f 493/3149/1416 2216/3040/1258 489/3148/1415
f 488/3145/1410 2178/2342/1417 493/3149/1416
f 2178/2342/1417 2217/3042/1260 493/3149/1416
f 489/3148/1415 490/3150/1418 487/3146/1411
f 490/3150/1418 2118/3151/1419 2117/2848/1420
f 489/3148/1415 2215/3051/1273 494/3152/1421
f 494/3152/1421 3247/2852/1422 2118/3151/1419
f 490/3150/1418 491/3144/1409 487/3146/1411
f 495/3153/1423 2237/3137/1397 491/3144/1409
f 490/3150/1418 2116/2850/1424 495/3153/1423
f 495/3153/1423 3236/2849/1425 2238/3141/1403
f 500/3154/1426 497/3155/1427 496/3156/1428
f 497/3155/1427 2179/2364/1429 2180/2357/1430
f 2219/3157/1285 501/3158/1431 500/3154/1426
f 2218/3159/1287 2179/2364/1429 501/3158/1431
f 496/3156/1428 502/3160/1432 498/3161/1433
f 502/3160/1432 2240/3132/1392 498/3161/1433
f 2180/2357/1430 502/3160/1432 497/3155/1427
f 2181/2359/1434 2241/3133/1393 502/3160/1432
f 496/3156/1428 503/3162/1435 499/3163/1436
f 499/3163/1436 2121/2872/1437 2120/2867/1438
f 498/3161/1433 2239/3142/1405 503/3162/1435
f 503/3162/1435 3255/2831/1408 2121/2872/1437
f 496/3156/1428 504/3164/1439 500/3154/1426
f 500/3154/1426 2220/3165/1291 2219/3157/1285
f 499/3163/1436 2119/2870/1440 504/3164/1439
f 504/3164/1439 3230/2869/1292 2220/3165/1291
f 515/3166/142 506/3167/142 505/3168/142
f 506/3167/142 2059/3169/142 2060/3170/142
f 515/3166/142 2056/3171/142 516/3172/142
f 516/3172/142 3226/3173/142 2059/3169/142
f 506/3167/142 507/3174/142 505/3168/142
f 517/3175/142 1976/3176/142 507/3174/142
f 2060/3170/142 517/3175/142 506/3167/142
f 2061/3177/142 1975/3178/142 517/3175/142
f 507/3174/142 508/3179/142 505/3168/142
f 508/3179/142 1966/3180/142 1967/3181/142
f 507/3174/142 1977/3182/142 518/3183/142
f 518/3183/142 3211/3184/142 1966/3180/142
f 508/3179/142 509/3185/142 505/3168/142
f 519/3186/142 1970/3187/142 509/3185/142
f 1967/3181/142 519/3186/142 508/3179/142
f 519/3186/142 3212/3188/142 1969/3189/142
f 509/3185/142 510/3190/142 505/3168/142
f 520/3191/142 1952/3192/1441 510/3190/142
f 1970/3187/142 520/3191/142 509/3185/142
f 520/3191/142 3203/3193/1442 1953/3194/142
f 510/3190/142 511/3195/142 505/3168/142
f 521/3196/142 1997/3197/142 511/3195/142
f 1952/3192/1441 521/3196/142 510/3190/142
f 521/3196/142 3202/3198/142 1996/3199/1442
f 511/3195/142 512/3200/142 505/3168/142
f 522/3201/142 1964/3202/142 512/3200/142
f 1997/3197/142 522/3201/142 511/3195/142
f 522/3201/142 3210/3203/1441 1965/3204/142
f 512/3200/142 513/3205/142 505/3168/142
f 523/3206/142 1988/3207/142 513/3205/142
f 1964/3202/142 523/3206/142 512/3200/142
f 523/3206/142 3200/3208/142 1989/3209/142
f 513/3205/142 514/3210/142 505/3168/142
f 514/3210/142 1983/3211/142 1982/3212/142
f 513/3205/142 1987/3213/142 524/3214/142
f 524/3214/142 3215/3215/142 1983/3211/142
f 514/3210/142 515/3166/142 505/3168/142
f 525/3216/142 2057/3217/142 515/3166/142
f 1982/3212/142 525/3216/142 514/3210/142
f 1981/3218/142 2058/3219/142 525/3216/142
f 536/3220/171 527/3221/171 526/3222/171
f 527/3221/171 2010/2678/171 2009/2676/171
f 536/3220/171 2020/2582/171 537/3223/171
f 537/3223/171 3223/2585/171 2010/2678/171
f 527/3221/171 528/3224/171 526/3222/171
f 528/3224/171 2025/2626/1443 2024/2623/171
f 2009/2676/171 538/3225/171 527/3221/171
f 538/3225/171 3218/2627/1444 2025/2626/1443
f 528/3224/171 529/3226/171 526/3222/171
f 539/3227/171 2003/2560/171 529/3226/171
f 2024/2623/171 539/3227/171 528/3224/171
f 539/3227/171 3221/2566/171 2002/2565/171
f 529/3226/171 530/3228/171 526/3222/171
f 540/3229/171 2027/2640/171 530/3228/171
f 2003/2560/171 540/3229/171 529/3226/171
f 540/3229/171 3222/2562/171 2028/2642/171
f 530/3228/171 531/3230/171 526/3222/171
f 541/3231/171 2012/2604/171 531/3230/171
f 2027/2640/171 541/3231/171 530/3228/171
f 541/3231/171 3224/2608/171 2013/2607/171
f 531/3230/171 532/3232/171 526/3222/171
f 542/3233/171 2000/2537/171 532/3232/171
f 531/3230/171 2011/2603/1445 542/3233/171
f 542/3233/171 3220/2543/1446 2001/2542/171
f 532/3232/171 533/3234/171 526/3222/171
f 533/3234/171 2016/2661/171 2015/2657/171
f 532/3232/171 1999/2539/171 543/3235/171
f 543/3235/171 3219/2662/171 2016/2661/171
f 533/3234/171 534/3236/171 526/3222/171
f 544/3237/171 2006/3238/171 534/3236/171
f 2015/2657/171 544/3237/171 533/3234/171
f 2014/2659/171 2007/3239/171 544/3237/171
f 534/3236/171 535/3240/171 526/3222/171
f 545/3241/171 2018/3242/171 535/3240/171
f 2006/3238/171 545/3241/171 534/3236/171
f 545/3241/171 3217/3243/171 2019/3244/171
f 535/3240/171 536/3220/171 526/3222/171
f 546/3245/171 2021/2583/171 536/3220/171
f 2018/3242/171 546/3245/171 535/3240/171
f 2017/3246/171 2022/2588/171 546/3245/171
f 551/3247/1447 548/3248/1448 547/3249/1447
f 552/3250/1448 2243/3251/1449 548/3248/1448
f 3690/3252/1447 552/3250/1448 551/3247/1447
f 3691/3253/1448 2242/3254/1449 552/3250/1448
f 548/3248/1448 549/3255/1447 547/3249/1447
f 553/3256/1448 3685/3257/1447 549/3255/1447
f 2243/3251/1449 553/3256/1448 548/3248/1448
f 2244/3258/1450 3686/3259/1448 553/3256/1448
f 549/3255/1447 550/3260/1451 547/3249/1447
f 554/3261/1451 2255/3262/18 550/3260/1451
f 3685/3257/1447 554/3261/1451 549/3255/1447
f 3684/3263/1451 2256/3264/18 554/3261/1451
f 550/3260/1451 551/3247/1447 547/3249/1447
f 555/3265/1451 3690/3252/1447 551/3247/1447
f 2255/3262/18 555/3265/1451 550/3260/1451
f 2254/3266/18 3689/3267/1451 555/3265/1451
f 560/3268/1452 557/3269/1453 556/3270/1452
f 561/3271/1453 2255/3272/18 557/3269/1453
f 3727/3273/1452 561/3271/1453 560/3268/1452
f 3728/3274/1453 2254/3275/18 561/3271/1453
f 557/3269/1453 558/3276/1452 556/3270/1452
f 562/3277/1453 3695/3278/1452 558/3276/1452
f 2255/3272/18 562/3277/1453 557/3269/1453
f 2256/3279/18 3696/3280/1453 562/3277/1453
f 558/3276/1452 559/3281/1454 556/3270/1452
f 563/3282/1455 2321/3283/1456 559/3281/1454
f 3695/3278/1452 563/3282/1455 558/3276/1452
f 3694/3284/1454 2322/3285/1457 563/3282/1455
f 559/3281/1454 560/3268/1452 556/3270/1452
f 564/3286/1455 3727/3273/1452 560/3268/1452
f 2321/3283/1456 564/3286/1455 559/3281/1454
f 2320/3287/1456 3726/3288/1454 564/3286/1455
f 569/3289/1458 566/3290/1459 565/3291/1460
f 570/3292/1459 2306/3293/1461 566/3290/1459
f 3723/3294/1460 570/3292/1459 569/3289/1458
f 3724/3295/1459 2305/3296/1461 570/3292/1459
f 566/3290/1459 567/3297/1462 565/3291/1460
f 571/3298/1459 3720/3299/1460 567/3297/1462
f 2306/3293/1461 571/3298/1459 566/3290/1459
f 2307/3300/1461 3721/3301/1459 571/3298/1459
f 567/3297/1462 568/3302/1463 565/3291/1460
f 572/3303/1463 2243/3251/1449 568/3302/1463
f 3720/3299/1460 572/3303/1463 567/3297/1462
f 3719/3304/1463 2244/3258/1450 572/3303/1463
f 568/3302/1463 569/3289/1458 565/3291/1460
f 573/3305/1463 3723/3294/1460 569/3289/1458
f 2243/3251/1449 573/3305/1463 568/3302/1463
f 2242/3254/1449 3722/3306/1463 573/3305/1463
f 578/3307/15 575/3308/1464 574/3309/15
f 579/3310/1465 2309/3311/693 575/3308/1464
f 3675/3312/15 579/3310/1465 578/3307/15
f 3676/3313/1464 2308/3314/693 579/3310/1465
f 575/3308/1464 576/3315/15 574/3309/15
f 580/3316/1464 3709/3317/15 576/3315/15
f 2309/3311/693 580/3316/1464 575/3308/1464
f 2310/3318/693 3710/3319/1464 580/3316/1464
f 576/3315/15 577/3320/1466 574/3309/15
f 581/3321/1467 2306/3293/1461 577/3320/1466
f 3709/3317/15 581/3321/1467 576/3315/15
f 3708/3322/1468 2307/3300/1461 581/3321/1467
f 577/3320/1466 578/3307/15 574/3309/15
f 582/3323/1466 3675/3312/15 578/3307/15
f 2306/3293/1461 582/3323/1466 577/3320/1466
f 2305/3296/1461 3674/3324/1466 582/3323/1466
f 587/3325/696 584/3326/650 583/3327/696
f 588/3328/650 2312/3329/697 584/3326/650
f 3716/3330/1469 588/3328/650 587/3325/696
f 3717/3331/650 2311/3332/698 588/3328/650
f 584/3326/650 585/3333/696 583/3327/696
f 589/3334/650 3713/3335/696 585/3333/696
f 2312/3329/697 589/3334/650 584/3326/650
f 2313/3336/698 3714/3337/650 589/3334/650
f 585/3333/696 586/3338/699 583/3327/696
f 590/3339/699 2309/3311/693 586/3338/699
f 3713/3335/696 590/3339/699 585/3333/696
f 3712/3340/699 2310/3318/693 590/3339/699
f 586/3338/699 587/3325/696 583/3327/696
f 591/3341/699 3716/3330/1469 587/3325/696
f 2309/3311/693 591/3341/699 586/3338/699
f 2308/3314/693 3715/3342/699 591/3341/699
f 592/3343/1470 597/3344/1471 593/3345/1471
f 597/3344/1471 2321/3283/1456 593/3345/1471
f 3734/3346/1470 597/3344/1471 596/3347/1470
f 3735/3348/1471 2320/3287/1456 597/3344/1471
f 593/3345/1471 594/3349/1470 592/3343/1470
f 598/3350/1471 3730/3351/1470 594/3349/1470
f 2321/3283/1456 598/3350/1471 593/3345/1471
f 2322/3285/1457 3729/3352/1471 598/3350/1471
f 594/3349/1470 595/3353/1472 592/3343/1470
f 599/3354/1472 2324/3355/1473 595/3353/1472
f 3730/3351/1470 599/3354/1472 594/3349/1470
f 3731/3356/1472 2325/3357/1473 599/3354/1472
f 595/3353/1472 596/3347/1470 592/3343/1470
f 600/3358/1472 3734/3346/1470 596/3347/1470
f 2324/3355/1473 600/3358/1472 595/3353/1472
f 2323/3359/1473 3733/3360/1474 600/3358/1472
f 605/3361/2 602/3362/1475 601/3363/2
f 606/3364/1476 2324/3355/1473 602/3362/1475
f 3699/3365/2 606/3364/1476 605/3361/2
f 3700/3366/1475 2323/3359/1473 606/3364/1476
f 602/3362/1475 603/3367/2 601/3363/2
f 607/3368/1475 3737/3369/2 603/3367/2
f 2324/3355/1473 607/3368/1475 602/3362/1475
f 2325/3357/1473 3736/3370/1475 607/3368/1475
f 603/3367/2 604/3371/1477 601/3363/2
f 608/3372/1477 2267/3373/1478 604/3371/1477
f 3737/3369/2 608/3372/1477 603/3367/2
f 3738/3374/1477 2268/3375/1478 608/3372/1477
f 604/3371/1477 605/3361/2 601/3363/2
f 609/3376/1477 3699/3365/2 605/3361/2
f 2267/3373/1478 609/3376/1477 604/3371/1477
f 2266/3377/711 3698/3378/1479 609/3376/1477
f 614/3379/1480 611/3380/1481 610/3381/714
f 615/3382/1481 2267/3373/1478 611/3380/1481
f 3740/3383/712 615/3382/1481 614/3379/1480
f 3741/3384/1482 2266/3377/711 615/3382/1481
f 611/3380/1481 612/3385/715 610/3381/714
f 616/3386/1481 3704/3387/714 612/3385/715
f 2267/3373/1478 616/3386/1481 611/3380/1481
f 2268/3375/1478 3703/3388/1481 616/3386/1481
f 612/3385/715 613/3389/716 610/3381/714
f 617/3390/716 2327/3391/717 613/3389/716
f 3704/3387/714 617/3390/716 612/3385/715
f 3705/3392/716 2328/3393/717 617/3390/716
f 613/3389/716 614/3379/1480 610/3381/714
f 618/3394/716 3740/3383/712 614/3379/1480
f 2327/3391/717 618/3394/716 613/3389/716
f 2326/3395/717 3739/3396/716 618/3394/716
f 623/3397/718 620/3398/682 619/3399/718
f 624/3400/682 2330/3401/1 620/3398/682
f 3743/3402/718 624/3400/682 623/3397/718
f 3744/3403/682 2329/3404/1 624/3400/682
f 620/3398/682 621/3405/1483 619/3399/718
f 625/3406/682 3670/3407/718 621/3405/1483
f 2330/3401/1 625/3406/682 620/3398/682
f 2331/3408/1 3669/3409/682 625/3406/682
f 621/3405/1483 622/3410/720 619/3399/718
f 626/3411/720 2312/3329/697 622/3410/720
f 3670/3407/718 626/3411/720 621/3405/1483
f 3671/3412/720 2313/3336/698 626/3411/720
f 622/3410/720 623/3397/718 619/3399/718
f 627/3413/720 3743/3402/718 623/3397/718
f 2312/3329/697 627/3413/720 622/3410/720
f 2311/3332/698 3742/3414/720 627/3413/720
f 632/3415/721 629/3416/723 628/3417/721
f 633/3418/723 2327/3391/717 629/3416/723
f 3680/3419/721 633/3418/723 632/3415/721
f 3679/3420/723 2326/3395/717 633/3418/723
f 629/3416/723 630/3421/721 628/3417/721
f 634/3422/723 3746/3423/721 630/3421/721
f 2327/3391/717 634/3422/723 629/3416/723
f 2328/3393/717 3747/3424/723 634/3422/723
f 630/3421/721 631/3425/724 628/3417/721
f 635/3426/724 2330/3401/1 631/3425/724
f 3746/3423/721 635/3426/724 630/3421/721
f 3745/3427/724 2331/3408/1 635/3426/724
f 631/3425/724 632/3415/721 628/3417/721
f 636/3428/724 3680/3419/721 632/3415/721
f 2330/3401/1 636/3428/724 631/3425/724
f 2329/3404/1 3681/3429/724 636/3428/724
f 637/3430/1484 642/3431/1485 638/3432/1486
f 642/3431/1485 2333/3407/1487 638/3432/1486
f 2396/3433/1488 642/3431/1485 641/3434/1489
f 2397/3435/1490 2334/3412/1491 642/3431/1485
f 638/3432/1486 639/3436/1492 637/3430/1484
f 643/3437/1493 2393/3438/1494 639/3436/1492
f 2333/3407/1487 643/3437/1493 638/3432/1486
f 2332/3409/1495 2392/3439/1496 643/3437/1493
f 639/3436/1492 640/3440/1497 637/3430/1484
f 640/3440/1497 2245/3441/1498 2246/3442/1499
f 639/3436/1492 2394/3443/1494 644/3444/1500
f 644/3444/1500 3257/3445/1501 2245/3441/1498
f 637/3430/1484 645/3446/1502 641/3434/1489
f 641/3434/1489 2395/3447/1503 2396/3433/1488
f 640/3440/1497 2247/3448/1504 645/3446/1502
f 645/3446/1502 3259/3449/1505 2395/3447/1503
f 650/3450/1506 647/3451/1507 646/3452/1508
f 651/3453/1509 2336/3312/1510 647/3451/1507
f 2402/3454/1511 651/3453/1509 650/3450/1506
f 2403/3455/1512 2337/3313/1513 651/3453/1509
f 647/3451/1507 648/3456/1514 646/3452/1508
f 652/3457/1515 2399/3458/1516 648/3456/1514
f 2336/3312/1510 652/3457/1515 647/3451/1507
f 2335/3324/1517 2398/3459/1518 652/3457/1515
f 646/3452/1508 653/3460/1519 649/3461/1520
f 649/3461/1520 2248/3462/1521 2249/3463/1522
f 648/3456/1514 2400/3464/1523 653/3460/1519
f 653/3460/1519 3271/3465/1524 2248/3462/1521
f 646/3452/1508 654/3466/1525 650/3450/1506
f 650/3450/1506 2401/3467/1526 2402/3454/1511
f 649/3461/1520 2250/3468/1527 654/3466/1525
f 654/3466/1525 3272/3469/1528 2401/3467/1526
f 655/3470/1529 660/3471/1530 656/3472/1531
f 660/3471/1530 2339/3419/1532 656/3472/1531
f 2408/3473/1533 660/3471/1530 659/3474/1534
f 2409/3475/1535 2338/3420/1536 660/3471/1530
f 656/3472/1531 657/3476/1537 655/3470/1529
f 661/3477/1538 2405/3478/1539 657/3476/1537
f 656/3472/1531 2340/3429/1540 661/3477/1538
f 2340/3429/1540 2404/3479/1541 661/3477/1538
f 655/3470/1529 662/3480/1542 658/3481/1543
f 662/3480/1542 2252/3482/1544 658/3481/1543
f 657/3476/1537 2406/3483/1539 662/3480/1542
f 662/3480/1542 3261/3484/1545 2253/3485/1546
f 655/3470/1529 663/3486/1547 659/3474/1534
f 659/3474/1534 2407/3487/1548 2408/3473/1533
f 658/3481/1543 2251/3488/1549 663/3486/1547
f 2251/3488/1549 2407/3487/1548 663/3486/1547
f 668/3489/1550 665/3490/1551 664/3491/1552
f 669/3492/1553 2342/3257/1554 665/3490/1551
f 2414/3493/1555 669/3492/1553 668/3489/1550
f 2415/3494/1556 2341/3263/1557 669/3492/1553
f 665/3490/1551 666/3495/1558 664/3491/1552
f 670/3496/1559 2411/3497/1560 666/3495/1558
f 2342/3257/1554 670/3496/1559 665/3490/1551
f 2343/3259/1561 2410/3498/1562 670/3496/1559
f 664/3491/1552 671/3499/1563 667/3500/1564
f 667/3500/1564 2259/3501/1565 2258/3502/1566
f 2411/3497/1560 671/3499/1563 666/3495/1558
f 671/3499/1563 3284/3503/1567 2259/3501/1565
f 667/3500/1564 668/3489/1550 664/3491/1552
f 668/3489/1550 2413/3504/1568 2414/3493/1555
f 667/3500/1564 2257/3505/1569 672/3506/1570
f 672/3506/1570 3283/3507/1571 2413/3504/1568
f 677/3508/1572 674/3509/1573 673/3510/1574
f 678/3511/1575 2345/3252/1576 674/3509/1573
f 2420/3512/1577 678/3511/1575 677/3508/1572
f 2421/3513/1578 2346/3253/1579 678/3511/1575
f 674/3509/1573 675/3514/1580 673/3510/1574
f 679/3515/1581 2417/3516/1582 675/3514/1580
f 2345/3252/1576 679/3515/1581 674/3509/1573
f 2344/3267/1583 2416/3517/1584 679/3515/1581
f 675/3514/1580 676/3518/1585 673/3510/1574
f 676/3518/1585 2260/3519/1586 2261/3520/1587
f 675/3514/1580 2418/3521/1582 680/3522/1588
f 680/3522/1588 3285/3523/1589 2260/3519/1586
f 673/3510/1574 681/3524/1590 677/3508/1572
f 681/3524/1590 2420/3512/1577 677/3508/1572
f 676/3518/1585 2262/3525/1591 681/3524/1590
f 681/3524/1590 3286/3526/1592 2419/3527/1593
f 686/3528/1594 683/3529/1595 682/3530/1596
f 687/3531/1597 2348/3278/1598 683/3529/1595
f 2423/3532/1599 687/3531/1597 686/3528/1594
f 2424/3533/1600 2347/3284/1601 687/3531/1597
f 683/3529/1595 684/3534/1602 682/3530/1596
f 688/3535/1603 2414/3536/1555 684/3534/1602
f 683/3529/1595 2349/3280/1604 688/3535/1603
f 2349/3280/1604 2415/3537/1556 688/3535/1603
f 682/3530/1596 689/3538/1605 685/3539/1606
f 689/3538/1605 2264/3540/1607 685/3539/1606
f 684/3534/1602 2413/3541/1568 689/3538/1605
f 689/3538/1605 3283/3542/1571 2265/3543/1608
f 682/3530/1596 690/3544/1609 686/3528/1594
f 686/3528/1594 2422/3545/1610 2423/3532/1599
f 685/3539/1606 2263/3546/1611 690/3544/1609
f 2263/3546/1611 2422/3545/1610 690/3544/1609
f 695/3547/1612 692/3548/1613 691/3549/1614
f 696/3550/1615 2351/3365/1616 692/3548/1613
f 2429/3551/1617 696/3550/1615 695/3547/1612
f 2430/3552/1618 2352/3366/1619 696/3550/1615
f 692/3548/1613 693/3553/1620 691/3549/1614
f 697/3554/1621 2426/3555/1622 693/3553/1620
f 2351/3365/1616 697/3554/1621 692/3548/1613
f 2350/3378/1623 2425/3556/1624 697/3554/1621
f 691/3549/1614 698/3557/1625 694/3558/1626
f 694/3558/1626 2269/3559/1627 2270/3560/1628
f 693/3553/1620 2427/3561/1629 698/3557/1625
f 698/3557/1625 3288/3562/1630 2269/3559/1627
f 691/3549/1614 699/3563/1631 695/3547/1612
f 695/3547/1612 2428/3564/1632 2429/3551/1617
f 694/3558/1626 2271/3565/1633 699/3563/1631
f 699/3563/1631 3267/3566/1634 2428/3564/1632
f 704/3567/1635 701/3568/1636 700/3569/1637
f 705/3570/1638 2354/3387/1639 701/3568/1636
f 2435/3571/1640 705/3570/1638 704/3567/1635
f 2436/3572/1641 2355/3392/1642 705/3570/1638
f 701/3568/1636 702/3573/1643 700/3569/1637
f 706/3574/1644 2432/3575/1645 702/3573/1643
f 2354/3387/1639 706/3574/1644 701/3568/1636
f 2353/3388/1646 2431/3576/1647 706/3574/1644
f 700/3569/1637 707/3577/1648 703/3578/1649
f 703/3578/1649 2272/3579/1650 2273/3580/1651
f 2432/3575/1645 707/3577/1648 702/3573/1643
f 707/3577/1648 3290/3581/1652 2272/3579/1650
f 703/3578/1649 704/3567/1635 700/3569/1637
f 704/3567/1635 2434/3582/1653 2435/3571/1640
f 703/3578/1649 2274/3583/1654 708/3584/1655
f 708/3584/1655 3270/3585/1656 2434/3582/1653
f 713/3586/1657 710/3587/1658 709/3588/1659
f 714/3589/1660 2357/3317/1661 710/3587/1658
f 2441/3590/1662 714/3589/1660 713/3586/1657
f 2442/3591/1663 2356/3322/1664 714/3589/1660
f 710/3587/1658 711/3592/1665 709/3588/1659
f 715/3593/1666 2438/3594/1667 711/3592/1665
f 2357/3317/1661 715/3593/1666 710/3587/1658
f 2358/3319/1668 2437/3595/1669 715/3593/1666
f 709/3588/1659 716/3596/1670 712/3597/1671
f 712/3597/1671 2277/3598/1672 2276/3599/1671
f 711/3592/1665 2439/3600/1673 716/3596/1670
f 716/3596/1670 3258/3601/1674 2277/3598/1672
f 709/3588/1659 717/3602/1675 713/3586/1657
f 713/3586/1657 2440/3603/1676 2441/3590/1662
f 712/3597/1671 2275/3604/1677 717/3602/1675
f 717/3602/1675 3260/3605/1678 2440/3603/1676
f 722/3606/1679 719/3607/1680 718/3608/1681
f 723/3609/1682 2360/3335/1680 719/3607/1680
f 2438/3594/1667 723/3609/1682 722/3606/1679
f 2437/3595/1669 2359/3340/1683 723/3609/1682
f 719/3607/1680 720/3610/1684 718/3608/1681
f 724/3611/1685 2396/3433/1488 720/3610/1684
f 719/3607/1680 2361/3337/1686 724/3611/1685
f 2361/3337/1686 2397/3435/1490 724/3611/1685
f 718/3608/1681 725/3612/1687 721/3613/1688
f 721/3613/1688 2280/3614/1689 2279/3615/1690
f 720/3610/1684 2395/3447/1503 725/3612/1687
f 725/3612/1687 3259/3449/1505 2280/3614/1689
f 721/3613/1688 722/3606/1679 718/3608/1681
f 726/3616/1691 2438/3594/1667 722/3606/1679
f 721/3613/1688 2278/3617/1692 726/3616/1691
f 726/3616/1691 3258/3601/1674 2439/3600/1673
f 731/3618/1693 728/3619/1694 727/3620/1695
f 728/3619/1694 2364/3331/1696 2363/3330/1697
f 2444/3621/1698 732/3622/1699 731/3618/1693
f 2445/3623/1700 2364/3331/1696 732/3622/1699
f 728/3619/1694 729/3624/1701 727/3620/1695
f 733/3625/1702 2402/3454/1511 729/3624/1701
f 2363/3330/1697 733/3625/1702 728/3619/1694
f 2362/3342/1703 2403/3455/1512 733/3625/1702
f 729/3624/1701 730/3626/1704 727/3620/1695
f 730/3626/1704 2281/3627/1705 2282/3628/1706
f 2402/3454/1511 734/3629/1707 729/3624/1701
f 734/3629/1707 3272/3469/1528 2281/3627/1705
f 727/3620/1695 735/3630/1708 731/3618/1693
f 731/3618/1693 2443/3631/1709 2444/3621/1698
f 730/3626/1704 2283/3632/1710 735/3630/1708
f 735/3630/1708 3274/3633/1711 2443/3631/1709
f 740/3634/1712 737/3635/1713 736/3636/1714
f 741/3637/1715 2366/3299/1716 737/3635/1713
f 2411/3497/1560 741/3637/1715 740/3634/1712
f 2410/3498/1562 2365/3304/1717 741/3637/1715
f 737/3635/1713 738/3638/1718 736/3636/1714
f 742/3639/1719 2441/3590/1662 738/3638/1718
f 2366/3299/1716 742/3639/1719 737/3635/1713
f 2367/3301/1720 2442/3591/1663 742/3639/1719
f 738/3638/1718 739/3640/1721 736/3636/1714
f 739/3640/1721 2286/3641/1722 2285/3642/1723
f 2441/3590/1662 743/3643/1724 738/3638/1718
f 743/3643/1724 3260/3605/1678 2286/3641/1722
f 736/3636/1714 744/3644/1725 740/3634/1712
f 740/3634/1712 2412/3645/1726 2411/3497/1560
f 2285/3642/1723 744/3644/1725 739/3640/1721
f 744/3644/1725 3284/3503/1567 2412/3645/1726
f 749/3646/1727 746/3647/1728 745/3648/1729
f 750/3649/1730 2369/3294/1731 746/3647/1728
f 2399/3458/1516 750/3649/1730 749/3646/1727
f 2398/3459/1518 2370/3295/1732 750/3649/1730
f 746/3647/1728 747/3650/1733 745/3648/1729
f 751/3651/1734 2420/3512/1577 747/3650/1733
f 746/3647/1728 2368/3306/1735 751/3651/1734
f 2368/3306/1735 2421/3513/1578 751/3651/1734
f 745/3648/1729 752/3652/1736 748/3653/1737
f 752/3652/1736 2288/3654/1738 748/3653/1737
f 747/3650/1733 2419/3527/1593 752/3652/1736
f 752/3652/1736 3286/3526/1592 2287/3655/1739
f 748/3653/1737 749/3646/1727 745/3648/1729
f 753/3656/1740 2399/3458/1516 749/3646/1727
f 748/3653/1737 2289/3657/1741 753/3656/1740
f 753/3656/1740 3271/3465/1524 2400/3464/1523
f 758/3658/1742 755/3659/1743 754/3660/1744
f 755/3659/1743 2373/3274/1745 2372/3273/1746
f 2417/3661/1582 759/3662/1747 758/3658/1742
f 2416/3663/1584 2373/3274/1745 759/3662/1747
f 755/3659/1743 756/3664/1748 754/3660/1744
f 760/3665/1749 2447/3666/1750 756/3664/1748
f 2372/3273/1746 760/3665/1749 755/3659/1743
f 2371/3288/1751 2446/3667/1752 760/3665/1749
f 754/3660/1744 761/3668/1753 757/3669/1754
f 757/3669/1754 2290/3670/1755 2291/3671/1756
f 756/3664/1748 2448/3672/1757 761/3668/1753
f 2448/3672/1757 2290/3670/1755 761/3668/1753
f 754/3660/1744 762/3673/1758 758/3658/1742
f 758/3658/1742 2418/3674/1582 2417/3661/1582
f 2291/3671/1756 762/3673/1758 757/3669/1754
f 762/3673/1758 3285/3675/1589 2418/3674/1582
f 767/3676/1759 764/3677/1760 763/3678/1761
f 768/3679/1762 2375/3351/1763 764/3677/1760
f 2450/3680/1764 768/3679/1762 767/3676/1759
f 2451/3681/1765 2376/3356/1766 768/3679/1762
f 764/3677/1760 765/3682/1767 763/3678/1761
f 769/3683/1768 2423/3532/1599 765/3682/1767
f 2375/3351/1763 769/3683/1768 764/3677/1760
f 2374/3352/1769 2424/3533/1600 769/3683/1768
f 765/3682/1767 766/3684/1770 763/3678/1761
f 766/3684/1770 2293/3685/1771 2294/3686/1772
f 765/3682/1767 2422/3545/1610 770/3687/1773
f 770/3687/1773 3266/3688/1774 2293/3685/1771
f 763/3678/1761 771/3689/1775 767/3676/1759
f 771/3689/1775 2450/3680/1764 767/3676/1759
f 766/3684/1770 2295/3690/1776 771/3689/1775
f 771/3689/1775 3276/3691/1777 2449/3692/1778
f 776/3693/1779 773/3694/1780 772/3695/1781
f 777/3696/1782 2378/3346/1783 773/3694/1780
f 2447/3666/1750 777/3696/1782 776/3693/1779
f 2446/3667/1752 2379/3348/1784 777/3696/1782
f 773/3694/1780 774/3697/1785 772/3695/1781
f 778/3698/1786 2429/3551/1617 774/3697/1785
f 2378/3346/1783 778/3698/1786 773/3694/1780
f 2377/3360/1787 2430/3552/1618 778/3698/1786
f 774/3697/1785 775/3699/1788 772/3695/1781
f 775/3699/1788 2296/3700/1789 2297/3701/1790
f 2429/3551/1617 779/3702/1791 774/3697/1785
f 779/3702/1791 3267/3566/1634 2296/3700/1789
f 772/3695/1781 780/3703/1792 776/3693/1779
f 776/3693/1779 2448/3672/1757 2447/3666/1750
f 775/3699/1788 2298/3704/1793 780/3703/1792
f 780/3703/1792 3275/3705/1794 2448/3672/1757
f 785/3706/1795 782/3707/1796 781/3708/1797
f 786/3709/1798 2381/3369/1796 782/3707/1796
f 2432/3575/1645 786/3709/1798 785/3706/1795
f 2431/3576/1647 2382/3374/1799 786/3709/1798
f 782/3707/1796 783/3710/1800 781/3708/1797
f 787/3711/1801 2450/3680/1764 783/3710/1800
f 2381/3369/1796 787/3711/1801 782/3707/1796
f 2380/3370/1802 2451/3681/1765 787/3711/1801
f 781/3708/1797 788/3712/1803 784/3713/1797
f 784/3713/1797 2299/3714/1804 2300/3715/1805
f 783/3710/1800 2449/3692/1778 788/3712/1803
f 788/3712/1803 3276/3691/1777 2299/3714/1804
f 781/3708/1797 789/3716/1806 785/3706/1795
f 785/3706/1795 2433/3717/1807 2432/3575/1645
f 784/3713/1797 2301/3718/1808 789/3716/1806
f 789/3716/1806 3290/3581/1652 2433/3717/1807
f 794/3719/1809 791/3720/1810 790/3721/1811
f 795/3722/1812 2384/3383/1813 791/3720/1810
f 2426/3555/1622 795/3722/1812 794/3719/1809
f 2425/3556/1624 2385/3384/1814 795/3722/1812
f 791/3720/1810 792/3723/1815 790/3721/1811
f 796/3724/1816 2408/3473/1533 792/3723/1815
f 2384/3383/1813 796/3724/1816 791/3720/1810
f 2383/3396/1817 2409/3475/1535 796/3724/1816
f 792/3723/1815 793/3725/1818 790/3721/1811
f 793/3725/1818 2302/3726/1819 2303/3727/1820
f 792/3723/1815 2407/3487/1548 797/3728/1821
f 797/3728/1821 3273/3729/1822 2302/3726/1819
f 790/3721/1811 798/3730/1823 794/3719/1809
f 798/3730/1823 2426/3555/1622 794/3719/1809
f 793/3725/1818 2304/3731/1824 798/3730/1823
f 798/3730/1823 3288/3562/1630 2427/3561/1629
f 803/3732/1825 800/3733/1826 799/3734/1827
f 804/3735/1828 2387/3402/1829 800/3733/1826
f 2405/3478/1539 804/3735/1828 803/3732/1825
f 2404/3479/1541 2388/3403/1830 804/3735/1828
f 799/3734/1827 805/3736/1831 801/3737/1832
f 805/3736/1831 2444/3621/1698 801/3737/1832
f 2387/3402/1829 805/3736/1831 800/3733/1826
f 2386/3414/1833 2445/3623/1700 805/3736/1831
f 799/3734/1827 806/3738/1834 802/3739/1835
f 802/3739/1835 2314/3740/1836 2315/3741/1837
f 801/3737/1832 2443/3631/1709 806/3738/1834
f 806/3738/1834 3274/3633/1711 2314/3740/1836
f 802/3739/1835 803/3732/1825 799/3734/1827
f 803/3732/1825 2406/3483/1539 2405/3478/1539
f 802/3739/1835 2316/3742/1838 807/3743/1839
f 807/3743/1839 3261/3484/1545 2406/3483/1539
f 812/3744/1840 809/3745/1841 808/3746/1842
f 809/3745/1841 2389/3427/1843 2390/3423/1844
f 2393/3438/1494 813/3747/1845 812/3744/1840
f 2392/3439/1496 2389/3427/1843 813/3747/1845
f 808/3746/1842 814/3748/1846 810/3749/1847
f 814/3748/1846 2435/3571/1640 810/3749/1847
f 2390/3423/1844 814/3748/1846 809/3745/1841
f 2391/3424/1848 2436/3572/1641 814/3748/1846
f 808/3746/1842 815/3750/1849 811/3751/1850
f 811/3751/1850 2319/3752/1851 2318/3753/1852
f 810/3749/1847 2434/3582/1653 815/3750/1849
f 2434/3582/1653 2319/3752/1851 815/3750/1849
f 808/3746/1842 816/3754/1853 812/3744/1840
f 812/3744/1840 2394/3443/1494 2393/3438/1494
f 2318/3753/1852 816/3754/1853 811/3751/1850
f 816/3754/1853 3257/3445/1501 2394/3443/1494
f 1181/3755/18 1178/3756/18 1177/3757/18
f 1182/3758/18 4183/3759/18 1178/3756/18
f 4189/3760/18 1182/3758/18 1181/3755/18
f 4188/3761/18 4182/3762/18 1182/3758/18
f 1178/3756/18 1179/3763/18 1177/3757/18
f 1183/3764/18 4216/3765/18 1179/3763/18
f 4183/3759/18 1183/3764/18 1178/3756/18
f 4184/3766/18 4215/3767/18 1183/3764/18
f 1179/3763/18 1180/3768/18 1177/3757/18
f 1184/3769/18 4213/3770/18 1180/3768/18
f 4216/3765/18 1184/3769/18 1179/3763/18
f 4217/3771/18 4212/3772/18 1184/3769/18
f 1180/3768/18 1181/3755/18 1177/3757/18
f 1185/3773/18 4189/3760/18 1181/3755/18
f 4213/3770/18 1185/3773/18 1180/3768/18
f 4214/3774/18 4190/3775/18 1185/3773/18
f 1388/3776/142 1385/3777/142 1384/3778/142
f 1389/3779/142 4476/3780/142 1385/3777/142
f 4198/3781/142 1389/3779/142 1388/3776/142
f 4197/3782/142 4475/3783/142 1389/3779/142
f 1385/3777/142 1386/3784/142 1384/3778/142
f 1390/3785/142 4488/3786/142 1386/3784/142
f 4476/3780/142 1390/3785/142 1385/3777/142
f 4477/3787/142 4487/3788/142 1390/3785/142
f 1386/3784/142 1387/3789/142 1384/3778/142
f 1391/3790/142 2813/3791/142 1387/3789/142
f 4488/3786/142 1391/3790/142 1386/3784/142
f 4489/3792/142 2814/3793/142 1391/3790/142
f 1387/3789/142 1388/3776/142 1384/3778/142
f 1392/3794/142 4198/3781/142 1388/3776/142
f 2813/3791/142 1392/3794/142 1387/3789/142
f 2812/3795/142 4199/3796/142 1392/3794/142
f 1478/3797/1 1475/3798/1 1474/3799/1
f 1479/3800/1 4010/3801/1 1475/3798/1
f 4470/3802/1 1479/3800/1 1478/3797/1
f 4469/3803/1 4009/3804/1 1479/3800/1
f 1475/3798/1 1476/3805/1 1474/3799/1
f 1480/3806/1 3050/3807/1 1476/3805/1
f 4010/3801/1 1480/3806/1 1475/3798/1
f 4011/3808/1 3051/3809/1 1480/3806/1
f 1476/3805/1 1477/3810/1 1474/3799/1
f 1481/3811/1 2978/3812/1 1477/3810/1
f 3050/3807/1 1481/3811/1 1476/3805/1
f 3049/3813/1 2979/3814/1 1481/3811/1
f 1477/3810/1 1478/3797/1 1474/3799/1
f 1482/3815/1 4470/3802/1 1478/3797/1
f 2978/3812/1 1482/3815/1 1477/3810/1
f 2977/3816/1 4471/3817/1 1482/3815/1
f 1703/3818/171 1700/3819/171 1699/3820/171
f 1704/3821/171 2801/3822/171 1700/3819/171
f 2927/3823/171 1704/3821/171 1703/3818/171
f 2928/3824/171 2802/3825/171 1704/3821/171
f 1700/3819/171 1701/3826/171 1699/3820/171
f 1705/3827/171 4428/3828/171 1701/3826/171
f 2801/3822/171 1705/3827/171 1700/3819/171
f 2800/3829/171 4429/3830/171 1705/3827/171
f 1701/3826/171 1702/3831/171 1699/3820/171
f 1706/3832/171 3044/3833/171 1702/3831/171
f 4428/3828/171 1706/3832/171 1701/3826/171
f 4427/3834/171 3043/3835/171 1706/3832/171
f 1702/3831/171 1703/3818/171 1699/3820/171
f 1707/3836/171 2927/3823/171 1703/3818/171
f 3044/3833/171 1707/3836/171 1702/3831/171
f 3045/3837/171 2926/3838/171 1707/3836/171
f 821/1/1 822/4/1 818/2/1
f 822/4/1 3751/8/1 3752/5/1
f 3882/6/1 3881/7/1 822/4/1
f 3881/7/1 3748/3839/1 3751/8/1
f 818/2/1 823/10/1 819/9/1
f 823/10/1 3798/13/1 3797/11/1
f 3752/5/1 3753/12/1 823/10/1
f 3753/12/1 3754/3840/1 3798/13/1
f 819/9/1 824/15/1 820/14/1
f 824/15/1 3792/18/1 3791/16/1
f 3797/11/1 3796/17/1 824/15/1
f 3796/17/1 3793/3841/1 3792/18/1
f 820/14/1 825/19/1 821/1/1
f 825/19/1 3883/21/1 3882/6/1
f 3791/16/1 3790/20/1 825/19/1
f 3790/20/1 3787/3842/1 3883/21/1
f 830/22/2 831/25/2 827/23/2
f 831/25/2 2467/20/2 2468/16/2
f 3894/26/2 3893/27/2 831/25/2
f 3893/27/2 3788/3842/2 2467/20/2
f 827/23/2 832/29/2 828/28/2
f 832/29/2 3810/31/2 3809/30/2
f 2468/16/2 2469/18/2 832/29/2
f 2469/18/2 3794/3841/2 3810/31/2
f 826/24/2 828/28/2 833/32/2
f 829/33/2 833/32/2 3804/34/2
f 828/28/2 3809/30/2 3808/36/2
f 833/32/2 3808/36/2 3805/37/2
f 826/24/2 829/33/2 834/38/2
f 830/22/2 834/38/2 3895/39/2
f 829/33/2 3803/35/2 3802/40/2
f 834/38/2 3802/40/2 3799/41/2
f 839/42/1 840/45/1 836/43/1
f 840/45/1 2473/40/1 2474/35/1
f 839/42/1 3897/57/1 3896/46/1
f 840/45/1 3896/46/1 3800/41/1
f 836/43/1 841/50/1 837/47/1
f 837/47/1 841/50/1 3820/48/1
f 2474/35/1 2475/34/1 841/50/1
f 2475/34/1 3806/37/1 3820/48/1
f 837/47/1 842/52/1 838/51/1
f 842/52/1 3815/55/1 3814/53/1
f 3819/49/1 3818/54/1 842/52/1
f 3818/54/1 3816/3843/1 3815/55/1
f 838/51/1 843/56/1 839/42/1
f 843/56/1 3898/59/1 3897/57/1
f 3814/53/1 3813/58/1 843/56/1
f 3813/58/1 3811/3844/1 3898/59/1
f 3430/60/3 849/63/4 845/61/4
f 849/63/4 3837/67/5 3838/64/5
f 3431/65/6 3908/66/7 849/63/4
f 3908/66/7 3835/300/1854 3837/67/5
f 845/61/4 850/69/4 3426/68/8
f 850/69/4 3875/72/7 3427/70/3
f 3838/64/5 3839/71/5 850/69/4
f 3839/71/5 3840/295/5 3875/72/7
f 844/62/9 846/68/9 851/73/10
f 851/73/10 3862/77/12 3861/75/12
f 846/68/9 3429/70/1855 3876/76/13
f 3876/76/13 3863/896/12 3862/77/12
f 844/62/9 847/74/11 852/78/10
f 848/60/9 852/78/10 3909/79/14
f 3861/75/12 3860/80/12 852/78/10
f 3860/80/12 3857/893/12 3909/79/14
f 857/81/15 858/84/15 854/82/15
f 858/84/15 3937/88/15 3936/85/15
f 3915/86/15 3916/87/15 858/84/15
f 3916/87/15 3917/3845/15 3937/88/15
f 854/82/15 859/90/15 855/89/15
f 859/90/15 3925/93/15 3926/91/15
f 3936/85/15 3935/92/15 859/90/15
f 3935/92/15 3921/3846/15 3925/93/15
f 855/89/15 860/95/15 856/94/15
f 860/95/15 3932/98/15 3933/96/15
f 3926/91/15 3927/97/15 860/95/15
f 3927/97/15 3928/3847/15 3932/98/15
f 856/94/15 861/99/15 857/81/15
f 861/99/15 3914/101/15 3915/86/15
f 3933/96/15 3934/100/15 861/99/15
f 3934/100/15 3910/3848/15 3914/101/15
f 866/102/15 867/105/15 863/103/15
f 867/105/15 2554/109/15 2555/106/15
f 3944/107/15 3945/108/15 867/105/15
f 3945/108/15 3922/3849/15 2554/109/15
f 863/103/15 868/111/15 864/110/15
f 868/111/15 3940/114/15 3941/112/15
f 2555/106/15 2556/113/15 868/111/15
f 2556/113/15 3918/3850/15 3940/114/15
f 864/110/15 869/116/15 865/115/15
f 869/116/15 2559/119/15 2558/117/15
f 3941/112/15 3942/118/15 869/116/15
f 3942/118/15 3939/3851/15 2559/119/15
f 865/115/15 870/120/15 866/102/15
f 870/120/15 3943/122/15 3944/107/15
f 2558/117/15 2557/121/15 870/120/15
f 2557/121/15 3938/3852/15 3943/122/15
f 875/123/15 876/126/15 872/124/15
f 876/126/15 2553/130/15 2552/127/15
f 3952/128/15 3953/129/15 876/126/15
f 3953/129/15 3911/3853/15 2553/130/15
f 872/124/15 877/132/15 873/131/15
f 877/132/15 3948/135/15 3949/133/15
f 2552/127/15 2551/134/15 877/132/15
f 2551/134/15 3929/3854/15 3948/135/15
f 873/131/15 878/137/15 874/136/15
f 878/137/15 2566/140/15 2567/138/15
f 3949/133/15 3950/139/15 878/137/15
f 3950/139/15 3946/3855/15 2566/140/15
f 874/136/15 879/141/15 875/123/15
f 879/141/15 3951/143/15 3952/128/15
f 2567/138/15 2568/142/15 879/141/15
f 2568/142/15 3947/3856/15 3951/143/15
f 884/144/15 885/147/15 881/145/15
f 885/147/15 2550/151/15 2549/148/15
f 3960/149/15 3961/150/15 885/147/15
f 3961/150/15 3930/3857/15 2550/151/15
f 881/145/15 886/153/15 882/152/15
f 886/153/15 3956/156/15 3957/154/15
f 2549/148/15 2548/155/15 886/153/15
f 2548/155/15 3923/3858/15 3956/156/15
f 882/152/15 887/158/15 883/157/15
f 887/158/15 2575/161/15 2576/159/15
f 3957/154/15 3958/160/15 887/158/15
f 3958/160/15 3954/3859/15 2575/161/15
f 883/157/15 888/162/15 884/144/15
f 888/162/15 3959/164/15 3960/149/15
f 2576/159/15 2577/163/15 888/162/15
f 2577/163/15 3955/3860/15 3959/164/15
f 893/165/15 894/168/15 890/166/15
f 894/168/15 2547/172/15 2546/169/15
f 3968/170/15 3969/171/15 894/168/15
f 3969/171/15 3919/3861/15 2547/172/15
f 890/166/15 895/174/15 891/173/15
f 895/174/15 3964/177/15 3965/175/15
f 2546/169/15 2545/176/15 895/174/15
f 2545/176/15 3912/3862/15 3964/177/15
f 891/173/15 896/179/15 892/178/15
f 896/179/15 2584/182/15 2585/180/15
f 3965/175/15 3966/181/15 896/179/15
f 3966/181/15 3962/3863/15 2584/182/15
f 892/178/15 897/183/15 893/165/15
f 897/183/15 3967/185/15 3968/170/15
f 2585/180/15 2586/184/15 897/183/15
f 2586/184/15 3963/3864/15 3967/185/15
f 902/186/2 903/189/2 899/187/2
f 903/189/2 2479/58/2 2480/53/2
f 2648/190/2 2649/191/2 903/189/2
f 2649/191/2 3812/3844/2 2479/58/2
f 899/187/2 904/193/2 900/192/2
f 904/193/2 2485/195/2 2486/194/2
f 2480/53/2 2481/55/2 904/193/2
f 2481/55/2 3817/3843/2 2485/195/2
f 898/188/2 900/192/2 905/196/2
f 901/197/2 905/196/2 4005/198/2
f 900/192/2 2486/194/2 2487/200/2
f 905/196/2 2487/200/2 3826/201/2
f 898/188/2 901/197/2 906/202/2
f 902/186/2 906/202/2 2647/203/2
f 901/197/2 4004/199/2 4003/204/2
f 906/202/2 4003/204/2 3834/205/2
f 911/206/16 912/209/16 908/207/16
f 912/209/16 3972/213/16 3971/210/16
f 3782/211/16 3781/212/16 912/209/16
f 3781/212/16 3778/283/16 3972/213/16
f 908/207/16 913/215/16 909/214/16
f 913/215/16 3777/218/16 3776/216/16
f 3971/210/16 3970/217/16 913/215/16
f 3970/217/16 3764/280/16 3777/218/16
f 907/208/16 909/214/16 914/219/16
f 910/220/16 914/219/16 3982/221/17
f 909/214/16 3776/216/16 3775/223/16
f 914/219/16 3775/223/16 3772/224/17
f 907/208/16 910/220/16 915/225/16
f 911/206/16 915/225/16 3783/226/16
f 910/220/16 3983/222/17 3984/227/17
f 915/225/16 3984/227/17 3784/228/17
f 920/229/15 921/232/15 917/230/15
f 921/232/15 2454/12/15 2453/5/15
f 3770/233/15 3771/234/15 921/232/15
f 3771/234/15 3755/3840/15 2454/12/15
f 917/230/15 922/236/15 918/235/15
f 922/236/15 3987/238/15 3986/237/15
f 2453/5/15 2452/8/15 922/236/15
f 2452/8/15 3749/3839/15 3987/238/15
f 916/231/15 918/235/15 923/239/15
f 919/240/15 923/239/15 4036/241/15
f 918/235/15 3986/237/15 3985/243/15
f 923/239/15 3985/243/15 3758/244/15
f 916/231/15 919/240/15 924/245/15
f 920/229/15 924/245/15 3769/246/15
f 919/240/15 4037/242/15 4038/247/15
f 924/245/15 4038/247/15 3766/248/15
f 929/249/18 930/252/18 926/250/18
f 930/252/18 2601/227/18 2600/222/18
f 3849/253/18 3850/254/18 930/252/18
f 3850/254/18 3785/228/18 2601/227/18
f 926/250/18 931/256/18 927/255/18
f 931/256/18 4033/258/18 4034/257/18
f 2600/222/18 2599/221/18 931/256/18
f 2599/221/18 3773/224/18 4033/258/18
f 927/255/18 932/260/18 928/259/18
f 932/260/18 3854/263/18 3855/261/18
f 4034/257/18 4035/262/18 932/260/18
f 4035/262/18 3851/879/18 3854/263/18
f 928/259/18 933/265/18 929/249/18
f 929/249/18 933/265/18 3848/264/18
f 3855/261/18 3856/875/18 933/265/18
f 933/265/18 3856/875/18 3845/266/18
f 938/267/15 939/270/15 935/268/15
f 939/270/15 2646/247/15 2645/242/15
f 3843/271/15 3842/272/15 939/270/15
f 3842/272/15 3767/248/15 2646/247/15
f 935/268/15 940/274/15 936/273/15
f 940/274/15 3760/276/15 3761/275/15
f 2645/242/15 2644/241/15 940/274/15
f 2644/241/15 3757/244/15 3760/276/15
f 934/269/15 936/273/15 941/277/15
f 937/278/15 941/277/15 2593/217/15
f 936/273/15 3761/275/15 3762/279/15
f 941/277/15 3762/279/15 3763/280/15
f 934/269/15 937/278/15 942/281/15
f 938/267/15 942/281/15 3844/282/15
f 937/278/15 2594/210/15 2595/213/15
f 942/281/15 2595/213/15 3779/283/15
f 947/284/19 948/287/19 944/285/20
f 948/287/19 2497/291/23 2498/288/21
f 2615/289/22 2616/290/22 948/287/19
f 2616/290/22 3315/335/35 2497/291/23
f 943/286/20 944/285/20 949/292/24
f 945/293/24 949/292/24 2496/71/25
f 944/285/20 2498/288/21 2499/294/26
f 949/292/24 2499/294/26 3841/295/27
f 943/286/20 945/293/24 950/296/24
f 946/297/20 950/296/24 2602/298/28
f 945/293/24 2495/64/25 2494/67/25
f 950/296/24 2494/67/25 3836/300/30
f 946/297/20 951/301/19 947/284/19
f 951/301/19 2614/303/22 2615/289/22
f 2603/299/29 2604/302/31 951/301/19
f 2604/302/31 3314/338/36 2614/303/22
f 956/304/1 957/307/1 953/305/1
f 957/307/1 2623/204/1 2624/199/1
f 3831/308/1 3832/309/1 957/307/1
f 3832/309/1 3833/205/1 2623/204/1
f 953/305/1 958/311/1 954/310/1
f 958/311/1 3825/313/1 3824/312/1
f 2624/199/1 2625/198/1 958/311/1
f 2625/198/1 3827/201/1 3825/313/1
f 954/310/1 959/315/1 955/314/1
f 959/315/1 4041/318/1 4040/316/1
f 3824/312/1 3823/317/1 959/315/1
f 3823/317/1 3821/3865/1 4041/318/1
f 955/314/1 960/319/1 956/304/1
f 960/319/1 3830/321/1 3831/308/1
f 4040/316/1 4039/320/1 960/319/1
f 4039/320/1 3828/3866/1 3830/321/1
f 965/322/32 966/325/32 962/323/32
f 966/325/32 2650/320/32 2651/316/32
f 2501/326/33 2500/327/33 966/325/32
f 2500/327/33 3829/3866/33 2650/320/32
f 962/323/32 967/329/32 963/328/32
f 967/329/32 2503/331/34 2504/330/34
f 2651/316/32 2652/318/32 967/329/32
f 2652/318/32 3822/3865/34 2503/331/34
f 961/324/32 963/328/32 968/332/32
f 964/333/32 968/332/32 2616/290/22
f 963/328/32 2504/330/34 2505/334/34
f 968/332/32 2505/334/34 3315/335/35
f 961/324/32 964/333/32 969/336/32
f 965/322/32 969/336/32 2502/337/33
f 964/333/32 2615/289/22 2614/303/22
f 969/336/32 2614/303/22 3314/338/36
f 970/339/37 974/344/37 975/340/37
f 971/341/37 975/340/37 2571/342/37
f 974/344/37 2663/359/37 2662/345/37
f 975/340/37 2662/345/37 3342/346/37
f 971/341/37 976/348/37 972/347/37
f 976/348/37 4052/351/37 4053/349/37
f 2570/343/37 2569/350/37 976/348/37
f 2569/350/37 3931/3867/37 4052/351/37
f 970/339/37 972/347/37 977/352/38
f 973/353/38 977/352/38 4045/354/39
f 972/347/37 4053/349/37 4054/356/38
f 977/352/38 4054/356/38 4042/357/40
f 973/353/38 978/358/38 974/344/37
f 978/358/38 2664/361/38 2663/359/37
f 4046/355/39 4047/360/39 978/358/38
f 4047/360/39 4048/3868/39 2664/361/38
f 983/362/2 984/365/2 980/363/2
f 984/365/2 4085/369/2 4084/366/2
f 4063/367/2 4064/368/2 984/365/2
f 4064/368/2 4065/3869/2 4085/369/2
f 980/363/2 985/371/2 981/370/2
f 985/371/2 4073/374/2 4074/372/2
f 4084/366/2 4083/373/2 985/371/2
f 4083/373/2 4069/3870/2 4073/374/2
f 981/370/2 986/376/2 982/375/2
f 986/376/2 4080/379/2 4081/377/2
f 4074/372/2 4075/378/2 986/376/2
f 4075/378/2 4076/3871/2 4080/379/2
f 982/375/2 987/380/2 983/362/2
f 987/380/2 4062/382/2 4063/367/2
f 4081/377/2 4082/381/2 987/380/2
f 4082/381/2 4058/3872/2 4062/382/2
f 992/383/2 993/386/2 989/384/2
f 993/386/2 2689/390/2 2690/387/2
f 4092/388/2 4093/389/2 993/386/2
f 4093/389/2 4070/3873/2 2689/390/2
f 989/384/2 994/392/2 990/391/2
f 994/392/2 4088/395/2 4089/393/2
f 2690/387/2 2691/394/2 994/392/2
f 2691/394/2 4066/3874/2 4088/395/2
f 990/391/2 995/397/2 991/396/2
f 995/397/2 2694/400/2 2693/398/2
f 4089/393/2 4090/399/2 995/397/2
f 4090/399/2 4087/633/2 2694/400/2
f 991/396/2 996/401/2 992/383/2
f 996/401/2 4091/403/2 4092/388/2
f 2693/398/2 2692/402/2 996/401/2
f 2692/402/2 4086/658/2 4091/403/2
f 1001/404/2 1002/407/2 998/405/2
f 1002/407/2 2688/411/2 2687/408/2
f 4100/409/2 4101/410/2 1002/407/2
f 4101/410/2 4059/3875/2 2688/411/2
f 998/405/2 1003/413/2 999/412/2
f 1003/413/2 4096/416/2 4097/414/2
f 2687/408/2 2686/415/2 1003/413/2
f 2686/415/2 4077/3876/2 4096/416/2
f 999/412/2 1004/418/2 1000/417/2
f 1004/418/2 2701/421/2 2702/419/2
f 4097/414/2 4098/420/2 1004/418/2
f 4098/420/2 4094/673/2 2701/421/2
f 1000/417/2 1005/422/2 1001/404/2
f 1005/422/2 4099/424/2 4100/409/2
f 2702/419/2 2703/423/2 1005/422/2
f 2703/423/2 4095/698/2 4099/424/2
f 1010/425/2 1011/428/2 1007/426/2
f 1011/428/2 2685/432/2 2684/429/2
f 4108/430/2 4109/431/2 1011/428/2
f 4109/431/2 4078/3877/2 2685/432/2
f 1007/426/2 1012/434/2 1008/433/2
f 1012/434/2 4104/437/2 4105/435/2
f 2684/429/2 2683/436/2 1012/434/2
f 2683/436/2 4071/3878/2 4104/437/2
f 1008/433/2 1013/439/2 1009/438/2
f 1013/439/2 2710/442/2 2711/440/2
f 4105/435/2 4106/441/2 1013/439/2
f 4106/441/2 4102/713/2 2710/442/2
f 1009/438/2 1014/443/2 1010/425/2
f 1014/443/2 4107/445/2 4108/430/2
f 2711/440/2 2712/444/2 1014/443/2
f 2712/444/2 4103/738/2 4107/445/2
f 1019/446/2 1020/449/2 1016/447/2
f 1020/449/2 2682/453/2 2681/450/2
f 4116/451/2 4117/452/2 1020/449/2
f 4117/452/2 4067/3879/2 2682/453/2
f 1016/447/2 1021/455/2 1017/454/2
f 1021/455/2 4112/458/2 4113/456/2
f 2681/450/2 2680/457/2 1021/455/2
f 2680/457/2 4060/3880/2 4112/458/2
f 1017/454/2 1022/460/2 1018/459/2
f 1022/460/2 2719/463/2 2720/461/2
f 4113/456/2 4114/462/2 1022/460/2
f 4114/462/2 4110/753/2 2719/463/2
f 1018/459/2 1023/464/2 1019/446/2
f 1023/464/2 4115/466/2 4116/451/2
f 2720/461/2 2721/465/2 1023/464/2
f 2721/465/2 4111/778/2 4115/466/2
f 1024/467/41 1028/472/41 1029/468/41
f 1025/469/41 1029/468/41 2562/470/41
f 1028/472/41 2657/487/41 2656/473/41
f 1029/468/41 2656/473/41 3340/474/41
f 1025/469/41 1030/476/41 1026/475/41
f 1030/476/41 4158/479/41 4159/477/41
f 2561/471/41 2560/478/41 1030/476/41
f 2560/478/41 3920/3881/41 4158/479/41
f 1024/467/41 1026/475/41 1031/480/42
f 1027/481/42 1031/480/42 4137/482/43
f 1026/475/41 4159/477/41 4160/484/42
f 1031/480/42 4160/484/42 4131/485/44
f 1027/481/42 1032/486/42 1028/472/41
f 1032/486/42 2658/489/42 2657/487/41
f 4138/483/44 4139/488/44 1032/486/42
f 4139/488/44 4049/3882/44 2658/489/42
f 1037/490/37 1038/493/37 1034/491/37
f 1038/493/37 2565/497/37 2564/494/37
f 4162/495/37 4163/496/37 1038/493/37
f 4163/496/37 3924/3883/37 2565/497/37
f 1033/492/37 1034/491/37 1039/498/37
f 1035/499/37 1039/498/37 2661/500/37
f 1034/491/37 2564/494/37 2563/502/37
f 1039/498/37 2563/502/37 3341/503/37
f 1035/499/37 1040/505/38 1036/504/38
f 1040/505/38 4140/508/40 4141/506/39
f 2660/501/37 2659/507/38 1040/505/38
f 2659/507/38 4050/3884/39 4140/508/40
f 1033/492/37 1036/504/38 1041/509/38
f 1037/490/37 1041/509/38 4161/510/38
f 1036/504/38 4141/506/39 4142/511/45
f 1041/509/38 4142/511/45 4128/512/39
f 1046/513/41 1047/516/41 1043/514/41
f 1047/516/41 2574/520/41 2573/517/41
f 4165/518/41 4166/519/41 1047/516/41
f 4166/519/41 3913/3885/41 2574/520/41
f 1042/515/41 1043/514/41 1048/521/41
f 1044/522/41 1048/521/41 2667/523/41
f 1043/514/41 2573/517/41 2572/525/41
f 1048/521/41 2572/525/41 3343/526/41
f 1044/522/41 1049/528/42 1045/527/42
f 1049/528/42 4143/531/43 4144/529/44
f 2666/524/41 2665/530/42 1049/528/42
f 2665/530/42 4051/3886/44 4143/531/43
f 1042/515/41 1045/527/42 1050/532/42
f 1046/513/41 1050/532/42 4164/533/42
f 1045/527/42 4144/529/44 4145/534/44
f 1050/532/42 4145/534/44 4122/535/43
f 1051/536/46 1055/541/46 1056/537/47
f 1052/538/48 1056/537/47 2580/539/49
f 1055/541/46 2672/556/49 2671/542/47
f 1056/537/47 2671/542/47 3345/543/46
f 1052/538/48 1057/545/47 1053/544/49
f 1057/545/47 2766/548/49 2765/546/50
f 2579/540/48 2578/547/48 1057/545/47
f 2578/547/48 3339/3887/1856 2766/548/49
f 1051/536/46 1053/544/49 1058/549/51
f 1054/550/52 1058/549/51 4146/551/53
f 1053/544/49 2765/546/50 2764/553/52
f 1058/549/51 2764/553/52 4129/554/53
f 1054/550/52 1059/555/52 1055/541/46
f 1059/555/52 2673/558/52 2672/556/49
f 4147/552/53 4148/557/54 1059/555/52
f 4148/557/54 4055/3888/54 2673/558/52
f 1064/559/55 1065/562/56 1061/560/56
f 1065/562/56 2583/566/55 2582/563/57
f 2669/564/58 2668/565/55 1065/562/56
f 2668/565/55 3336/3889/57 2583/566/55
f 1060/561/56 1061/560/56 1066/567/56
f 1062/568/55 1066/567/56 2772/569/56
f 1061/560/56 2582/563/57 2581/571/57
f 1066/567/56 2581/571/57 3344/572/57
f 1062/568/55 1067/574/59 1063/573/59
f 1067/574/59 4149/577/61 4150/575/57
f 2771/570/58 2770/576/60 1067/574/59
f 2770/576/60 3371/3890/55 4149/577/61
f 1060/561/56 1063/573/59 1068/578/60
f 1064/559/55 1068/578/60 2670/579/62
f 1063/573/59 4150/575/57 4151/580/61
f 1068/578/60 4151/580/61 4043/581/63
f 1069/582/55 1073/587/56 1074/583/56
f 1070/584/56 1074/583/56 2589/585/55
f 1073/587/56 2675/602/56 2674/588/56
f 1074/583/56 2674/588/56 3346/589/56
f 1070/584/56 1075/591/55 1071/590/55
f 1075/591/55 2769/594/57 2768/592/58
f 2588/586/57 2587/593/62 1075/591/55
f 2587/593/62 3337/3891/60 2769/594/57
f 1069/582/55 1071/590/55 1076/595/59
f 1072/596/59 1076/595/59 4152/597/64
f 1071/590/55 2768/592/58 2767/599/60
f 1076/595/59 2767/599/60 4123/600/61
f 1072/596/59 1077/601/60 1073/587/56
f 1077/601/60 2676/604/60 2675/602/56
f 4153/598/65 4154/603/61 1077/601/60
f 4154/603/61 4056/3892/59 2676/604/60
f 1082/605/50 1083/608/48 1079/606/48
f 1083/608/48 2592/612/48 2591/609/46
f 2762/610/47 2761/611/49 1083/608/48
f 2761/611/49 3338/3893/68 2592/612/48
f 1078/607/46 1079/606/48 1084/613/48
f 1080/614/46 1084/613/48 2679/615/48
f 1079/606/48 2591/609/46 2590/617/47
f 1084/613/48 2590/617/47 3347/618/50
f 1080/614/46 1085/620/52 1081/619/52
f 1085/620/52 4155/623/67 4156/621/66
f 2678/616/47 2677/622/52 1085/620/52
f 2677/622/52 4057/3894/50 4155/623/67
f 1078/607/46 1081/619/52 1086/624/52
f 1082/605/50 1086/624/52 2763/625/46
f 1081/619/52 4156/621/66 4157/626/47
f 1086/624/52 4157/626/47 4132/627/68
f 1087/628/69 1091/631/69 1092/629/69
f 1088/630/69 1092/629/69 2697/399/70
f 1091/631/69 2774/645/69 2773/632/69
f 1092/629/69 2773/632/69 3360/633/70
f 1088/630/69 1093/635/69 1089/634/69
f 1093/635/69 4118/637/69 4119/636/71
f 2696/393/70 2695/395/70 1093/635/69
f 2695/395/70 4068/3874/70 4118/637/69
f 1087/628/69 1089/634/69 1094/638/70
f 1090/639/70 1094/638/70 2748/640/70
f 1089/634/69 4119/636/71 4120/642/70
f 1094/638/70 4120/642/70 4121/643/70
f 1090/639/70 1095/644/70 1091/631/69
f 1095/644/70 2775/647/70 2774/645/69
f 2747/641/70 2746/646/70 1095/644/70
f 2746/646/70 3351/3895/70 2775/647/70
f 1100/648/72 1101/651/72 1097/649/72
f 1101/651/72 2700/389/73 2699/388/73
f 4168/652/74 4169/653/72 1101/651/72
f 4169/653/72 4072/3873/73 2700/389/73
f 1096/650/72 1097/649/72 1102/654/72
f 1098/655/72 1102/654/72 2778/656/72
f 1097/649/72 2699/388/73 2698/403/73
f 1102/654/72 2698/403/73 3361/658/73
f 1098/655/72 1103/660/73 1099/659/73
f 1103/660/73 2655/663/73 2654/661/73
f 2777/657/72 2776/662/73 1103/660/73
f 2776/662/73 3350/3896/73 2655/663/73
f 1096/650/72 1099/659/73 1104/664/73
f 1100/648/72 1104/664/73 4167/665/73
f 1099/659/73 2654/661/73 2653/666/73
f 1104/664/73 2653/666/73 4044/667/73
f 1105/668/73 1109/671/73 1110/669/72
f 1106/670/72 1110/669/72 2706/420/75
f 1109/671/73 2783/685/73 2782/672/72
f 1110/669/72 2782/672/72 3362/673/76
f 1106/670/72 1111/675/72 1107/674/72
f 1111/675/72 4124/677/72 4125/676/74
f 2705/414/76 2704/416/73 1111/675/72
f 2704/416/73 4079/3876/73 4124/677/72
f 1105/668/73 1107/674/72 1112/678/73
f 1108/679/73 1112/678/73 2745/680/73
f 1107/674/72 4125/676/74 4126/682/73
f 1112/678/73 4126/682/73 4127/683/73
f 1108/679/73 1113/684/73 1109/671/73
f 1113/684/73 2784/687/73 2783/685/73
f 2744/681/73 2743/686/73 1113/684/73
f 2743/686/73 3348/3897/73 2784/687/73
f 1118/688/69 1119/691/69 1115/689/69
f 1119/691/69 2709/410/70 2708/409/77
f 4134/692/71 4135/693/69 1119/691/69
f 4135/693/69 4061/3875/70 2709/410/70
f 1114/690/70 1115/689/69 1120/694/69
f 1116/695/70 1120/694/69 2787/696/69
f 1115/689/69 2708/409/77 2707/424/78
f 1120/694/69 2707/424/78 3363/698/77
f 1116/695/70 1121/700/70 1117/699/70
f 1121/700/70 2742/703/70 2741/701/70
f 2786/697/70 2785/702/70 1121/700/70
f 2785/702/70 3349/3898/70 2742/703/70
f 1114/690/70 1117/699/70 1122/704/70
f 1118/688/69 1122/704/70 4133/705/70
f 1117/699/70 2741/701/70 2740/706/70
f 1122/704/70 2740/706/70 4130/707/70
f 1123/708/79 1127/711/82 1128/709/79
f 1124/710/79 1128/709/79 2715/441/80
f 1127/711/82 2738/725/79 2737/712/79
f 1128/709/79 2737/712/79 3365/713/80
f 1124/710/79 1129/715/79 1125/714/83
f 1129/715/79 2781/717/79 2780/716/79
f 2714/435/81 2713/437/84 1129/715/79
f 2713/437/84 3359/3878/81 2781/717/79
f 1123/708/79 1125/714/83 1130/718/84
f 1126/719/80 1130/718/84 2754/720/85
f 1125/714/83 2780/716/79 2779/722/85
f 1130/718/84 2779/722/85 3352/723/83
f 1126/719/80 1131/724/84 1127/711/82
f 1131/724/84 2739/727/85 2738/725/79
f 2753/721/80 2752/726/85 1131/724/84
f 2752/726/85 4136/3899/85 2739/727/85
f 1136/728/86 1137/731/88 1133/729/87
f 1137/731/88 2718/431/89 2717/430/89
f 2732/732/90 2731/733/91 1137/731/88
f 2731/733/91 3356/3877/1857 2718/431/89
f 1132/730/87 1133/729/87 1138/734/88
f 1134/735/87 1138/734/88 2790/736/88
f 1133/729/87 2717/430/89 2716/445/92
f 1138/734/88 2716/445/92 3364/738/89
f 1134/735/87 1139/740/89 1135/739/91
f 1139/740/89 2751/743/91 2750/741/91
f 2789/737/88 2788/742/89 1139/740/89
f 2788/742/89 3353/3900/89 2751/743/91
f 1132/730/87 1135/739/91 1140/744/89
f 1136/728/86 1140/744/89 2733/745/93
f 1135/739/91 2750/741/91 2749/746/91
f 1140/744/89 2749/746/91 3369/747/92
f 1141/748/87 1145/751/87 1146/749/88
f 1142/750/88 1146/749/88 2724/462/94
f 1145/751/87 2792/765/88 2791/752/86
f 1146/749/88 2791/752/86 3366/753/93
f 1142/750/88 1147/755/88 1143/754/87
f 1147/755/88 2736/757/89 2735/756/87
f 2723/456/89 2722/458/91 1147/755/88
f 2722/458/91 3357/3880/1858 2736/757/89
f 1141/748/87 1143/754/87 1148/758/91
f 1144/759/89 1148/758/91 2760/760/88
f 1143/754/87 2735/756/87 2734/762/94
f 1148/758/91 2734/762/94 3370/763/92
f 1144/759/89 1149/764/91 1145/751/87
f 1149/764/91 2793/767/89 2792/765/88
f 2759/761/94 2758/766/94 1149/764/91
f 2758/766/94 3355/3901/88 2793/767/89
f 1154/768/79 1155/771/83 1151/769/79
f 1155/771/83 2727/452/81 2726/451/84
f 2729/772/79 2728/773/79 1155/771/83
f 2728/773/79 3358/3879/79 2727/452/81
f 1150/770/83 1151/769/79 1156/774/79
f 1152/775/79 1156/774/79 2796/776/79
f 1151/769/79 2726/451/84 2725/466/84
f 1156/774/79 2725/466/84 3367/778/85
f 1152/775/79 1157/780/84 1153/779/84
f 1157/780/84 2757/783/80 2756/781/84
f 2795/777/79 2794/782/85 1157/780/84
f 2794/782/85 3354/3902/1859 2757/783/80
f 1150/770/83 1153/779/84 1158/784/80
f 1154/768/79 1158/784/80 2730/785/80
f 1153/779/84 2756/781/84 2755/786/81
f 1158/784/80 2755/786/81 3368/787/95
f 1159/788/18 1163/793/96 1164/789/96
f 1160/790/18 1164/789/96 3904/791/97
f 1163/793/96 4219/810/99 4218/794/98
f 1164/789/96 4218/794/98 3905/795/99
f 1159/788/18 1160/790/18 1165/796/100
f 1161/797/100 1165/796/100 4224/798/101
f 1160/790/18 3903/792/18 3902/800/103
f 1165/796/100 3902/800/103 3899/801/102
f 1159/788/18 1161/797/100 1166/802/100
f 1162/803/18 1166/802/100 4173/804/103
f 1161/797/100 4225/799/102 4226/806/102
f 1166/802/100 4226/806/102 4170/807/102
f 1159/788/18 1162/803/18 1167/808/96
f 1163/793/96 1167/808/96 4220/809/99
f 1162/803/18 4174/805/18 4175/811/97
f 1167/808/96 4175/811/97 4176/812/99
f 1168/813/18 1172/818/96 1173/814/104
f 1169/815/18 1173/814/104 4206/816/97
f 1172/818/96 4234/835/99 4233/819/105
f 1173/814/104 4233/819/105 4203/820/99
f 1168/813/18 1169/815/18 1174/821/100
f 1170/822/100 1174/821/100 4221/823/102
f 1169/815/18 4207/817/18 4208/825/103
f 1174/821/100 4208/825/103 4209/826/102
f 1168/813/18 1170/822/100 1175/827/100
f 1171/828/18 1175/827/100 3871/829/103
f 1170/822/100 4222/824/102 4223/831/102
f 1175/827/100 4223/831/102 3872/832/102
f 1168/813/18 1171/828/18 1176/833/96
f 1172/818/96 1176/833/96 4235/834/99
f 1171/828/18 3870/830/18 3869/836/97
f 1176/833/96 3869/836/97 3866/837/99
f 1186/838/1 1190/843/1 1191/839/106
f 1187/840/107 1191/839/106 3976/841/108
f 1190/843/1 4001/860/1 4000/844/110
f 1191/839/106 4000/844/110 3973/845/109
f 1186/838/1 1187/840/107 1192/846/107
f 1188/847/1 1192/846/107 4272/848/110
f 1187/840/107 3977/842/109 3978/850/109
f 1192/846/107 3978/850/109 3979/851/109
f 1186/838/1 1188/847/1 1193/852/111
f 1189/853/111 1193/852/111 3993/854/112
f 1188/847/1 4273/849/1 4274/856/113
f 1193/852/111 4274/856/113 3891/857/112
f 1186/838/1 1189/853/111 1194/858/111
f 1190/843/1 1194/858/111 4002/859/113
f 1189/853/111 3992/855/112 3991/861/112
f 1194/858/111 3991/861/112 3988/862/112
f 1199/863/114 1200/866/115 1196/864/115
f 1200/866/115 2818/794/116 2819/810/116
f 4240/867/117 4241/868/118 1200/866/115
f 4241/868/118 3906/795/116 2818/794/116
f 1196/864/115 1201/870/115 1197/869/114
f 1201/870/115 4236/872/118 4237/871/117
f 2819/810/116 2820/809/116 1201/870/115
f 2820/809/116 4177/812/116 4236/872/118
f 1195/865/114 1197/869/114 1202/873/119
f 1198/874/119 1202/873/119 2514/875/120
f 1197/869/114 4237/871/117 4238/876/121
f 1202/873/119 4238/876/121 3847/266/120
f 1195/865/114 1198/874/119 1203/877/119
f 1199/863/114 1203/877/119 4239/878/121
f 1198/874/119 2513/261/120 2512/263/120
f 1203/877/119 2512/263/120 3853/879/120
f 1208/880/122 1209/883/124 1205/881/123
f 1209/883/124 2823/831/125 2822/824/125
f 4246/884/126 4247/885/127 1209/883/124
f 4247/885/127 3873/832/125 2823/831/125
f 1205/881/123 1210/887/129 1206/886/128
f 1210/887/129 4242/889/131 4243/888/130
f 2822/824/125 2821/823/125 1210/887/129
f 2821/823/125 4210/826/125 4242/889/131
f 1204/882/122 1206/886/128 1211/890/132
f 1207/891/132 1211/890/132 2515/80/133
f 1206/886/128 4243/888/130 4244/892/134
f 1211/890/132 4244/892/134 3858/893/133
f 1204/882/122 1207/891/132 1212/894/132
f 1208/880/122 1212/894/132 4245/895/134
f 1207/891/132 2516/75/133 2517/77/133
f 1212/894/132 2517/77/133 3864/896/133
f 1217/897/135 1218/900/136 1214/898/136
f 1218/900/136 2826/806/125 2825/799/125
f 4252/901/137 4253/902/138 1218/900/136
f 4253/902/138 4172/807/125 2826/806/125
f 1214/898/136 1219/904/136 1215/903/135
f 1219/904/136 4248/906/138 4249/905/137
f 2825/799/125 2824/798/125 1219/904/136
f 2824/798/125 3900/801/125 4248/906/138
f 1213/899/135 1215/903/135 1220/907/139
f 1216/908/139 1220/907/139 2803/909/140
f 1215/903/135 4249/905/137 4250/911/141
f 1220/907/139 4250/911/141 4180/912/140
f 1213/899/135 1216/908/139 1221/913/139
f 1217/897/135 1221/913/139 4251/914/141
f 1216/908/139 2804/910/140 2805/915/140
f 1221/913/139 2805/915/140 4192/916/140
f 1226/917/114 1227/920/115 1223/918/115
f 1227/920/115 2830/819/116 2831/835/116
f 4266/921/117 4265/922/118 1227/920/115
f 4265/922/118 4204/820/116 2830/819/116
f 1223/918/115 1228/924/115 1224/923/114
f 1228/924/115 4256/926/118 4255/925/117
f 2831/835/116 2832/834/116 1228/924/115
f 2832/834/116 3867/837/116 4256/926/118
f 1222/919/114 1224/923/114 1229/927/119
f 1225/928/119 1229/927/119 2817/929/120
f 1224/923/114 4255/925/117 4254/931/121
f 1229/927/119 4254/931/121 4202/932/120
f 1222/919/114 1225/928/119 1230/933/119
f 1226/917/114 1230/933/119 4267/934/121
f 1225/928/119 2816/930/120 2815/935/120
f 1230/933/119 2815/935/120 4186/936/120
f 1235/937/142 1236/940/142 1232/938/142
f 1236/940/142 4331/944/142 4332/941/142
f 4376/942/142 4375/943/142 1236/940/142
f 4375/943/142 4329/1594/142 4331/944/142
f 1232/938/142 1237/946/142 1233/945/142
f 1237/946/142 2511/949/142 2510/947/142
f 4332/941/142 4333/948/142 1237/946/142
f 4333/948/142 3786/1591/142 2511/949/142
f 1233/945/142 1238/951/142 1234/950/142
f 1238/951/142 3999/954/142 3998/952/142
f 2510/947/142 2509/953/142 1238/951/142
f 2509/953/142 3846/1278/142 3999/954/142
f 1234/950/142 1239/955/142 1235/937/142
f 1239/955/142 4377/957/142 4376/942/142
f 3998/952/142 3997/956/142 1239/955/142
f 3997/956/142 3994/1275/142 4377/957/142
f 3436/958/143 1245/961/144 1241/959/144
f 1245/961/144 4351/965/145 4352/962/145
f 3437/963/143 4324/964/146 1245/961/144
f 4324/964/146 4322/1101/145 4351/965/145
f 1241/959/144 1246/967/144 3435/966/143
f 1246/967/144 2542/970/147 3432/968/143
f 4352/962/145 4353/969/145 1246/967/144
f 4353/969/145 3333/1096/145 2542/970/147
f 1240/960/148 1242/966/152 1247/971/149
f 1247/971/149 4356/975/151 4355/973/151
f 1242/966/152 2543/968/1860 2544/974/153
f 2544/974/153 3859/1942/151 4356/975/151
f 1240/960/148 1243/972/150 1248/976/154
f 1244/958/152 1248/976/154 4325/977/153
f 4355/973/151 4354/978/151 1248/976/154
f 4354/978/151 4326/1939/151 4325/977/153
f 1253/979/155 1254/982/156 1250/980/156
f 1254/982/156 4360/986/161 4361/983/158
f 4379/984/159 4378/985/160 1254/982/156
f 4378/985/160 4308/1079/163 4360/986/161
f 1250/980/156 1255/988/162 1251/987/155
f 1255/988/162 2838/991/164 2837/989/159
f 4361/983/158 4362/990/163 1255/988/162
f 4362/990/163 3907/1074/163 2838/991/164
f 1249/981/157 1251/987/155 1256/992/165
f 1252/993/166 1256/992/165 4032/994/167
f 1251/987/155 2837/989/159 2836/996/168
f 1256/992/165 2836/996/168 3852/997/167
f 1249/981/157 1252/993/166 1257/998/165
f 1253/979/155 1257/998/165 4380/999/168
f 1252/993/166 4031/995/167 4030/1000/167
f 1257/998/165 4030/1000/167 4027/1001/167
f 1262/1002/169 1263/1005/169 1259/1003/169
f 1263/1005/169 4336/1009/169 4335/1006/169
f 2462/1007/169 2463/1008/169 1263/1005/169
f 2463/1008/169 3765/1124/169 4336/1009/169
f 1259/1003/169 1264/1011/169 1260/1010/169
f 1264/1011/169 4301/1014/169 4302/1012/169
f 4335/1006/169 4334/1013/169 1264/1011/169
f 4334/1013/169 4298/1121/169 4301/1014/169
f 1258/1004/169 1260/1010/169 1265/1015/169
f 1261/1016/169 1265/1015/169 4337/1017/170
f 1260/1010/169 4302/1012/169 4303/1019/169
f 1265/1015/169 4303/1019/169 4304/1020/170
f 1258/1004/169 1261/1016/169 1266/1021/169
f 1262/1002/169 1266/1021/169 2461/1022/169
f 1261/1016/169 4338/1018/170 4339/1023/170
f 1266/1021/169 4339/1023/170 3774/1024/170
f 1271/1025/2 1272/1028/2 1268/1026/2
f 1272/1028/2 4344/1032/2 4343/1029/2
f 2486/1030/2 2485/1031/2 1272/1028/2
f 2485/1031/2 3817/3903/2 4344/1032/2
f 1268/1026/2 1273/1034/2 1269/1033/2
f 1273/1034/2 2932/1037/2 2933/1035/2
f 4343/1029/2 4342/1036/2 1273/1034/2
f 4342/1036/2 4340/3904/2 2932/1037/2
f 1267/1027/2 1269/1033/2 1274/1038/2
f 1270/1039/2 1274/1038/2 4017/1040/2
f 1269/1033/2 2933/1035/2 2934/1042/2
f 1274/1038/2 2934/1042/2 4015/1043/2
f 1267/1027/2 1270/1039/2 1275/1044/2
f 1271/1025/2 1275/1044/2 2487/1045/2
f 1270/1039/2 4018/1041/2 4019/1046/2
f 1275/1044/2 4019/1046/2 3826/1047/2
f 1280/1048/171 1281/1051/171 1277/1049/171
f 1281/1051/171 2907/1023/171 2906/1018/171
f 2642/1052/171 2641/1053/171 1281/1051/171
f 2641/1053/171 3301/1024/171 2907/1023/171
f 1277/1049/171 1282/1055/171 1278/1054/171
f 1282/1055/171 4372/1057/171 4373/1056/171
f 2906/1018/171 2905/1017/171 1282/1055/171
f 2905/1017/171 4305/1020/171 4372/1057/171
f 1278/1054/171 1283/1059/171 1279/1058/171
f 1283/1059/171 2638/1000/171 2639/995/171
f 4373/1056/171 4374/1060/171 1283/1059/171
f 4374/1060/171 4028/1001/171 2638/1000/171
f 1279/1058/171 1284/1061/171 1280/1048/171
f 1284/1061/171 2643/1062/171 2642/1052/171
f 2639/995/171 2640/994/171 1284/1061/171
f 2640/994/171 3334/997/171 2643/1062/171
f 1285/1063/171 1289/1068/174 1290/1064/172
f 1286/1065/171 1290/1064/172 2539/1066/173
f 1289/1068/174 4370/1082/175 4371/1069/175
f 1290/1064/172 4371/1069/175 3901/1070/176
f 1285/1063/171 1286/1065/171 1291/1071/177
f 1287/1072/178 1291/1071/177 2925/990/179
f 1286/1065/171 2540/1067/171 2541/1073/180
f 1291/1071/177 2541/1073/180 3379/1074/181
f 1285/1063/171 1287/1072/178 1292/1075/177
f 1288/1076/171 1292/1075/177 4310/1077/180
f 1287/1072/178 2924/983/179 2923/986/179
f 1292/1075/177 2923/986/179 4307/1079/182
f 1285/1063/171 1288/1076/171 1293/1080/172
f 1289/1068/174 1293/1080/172 4369/1081/175
f 1288/1076/171 4311/1078/171 4312/1083/173
f 1293/1080/172 4312/1083/173 4313/1084/176
f 1298/1085/183 1299/1088/183 1295/1086/184
f 1299/1088/183 2604/1092/31 2603/1089/29
f 2612/1090/185 2613/1091/185 1299/1088/183
f 2613/1091/185 3314/1892/36 2604/1092/31
f 1294/1087/184 1295/1086/184 1300/1093/186
f 1296/1094/186 1300/1093/186 2916/969/187
f 1295/1086/184 2603/1089/29 2602/1095/28
f 1300/1093/186 2602/1095/28 3836/1096/30
f 1294/1087/184 1296/1094/186 1301/1097/186
f 1297/1098/184 1301/1097/186 2940/1099/188
f 1296/1094/186 2915/962/187 2914/965/187
f 1301/1097/186 2914/965/187 4323/1101/190
f 1297/1098/184 1302/1102/183 1298/1085/183
f 1302/1102/183 2611/1104/185 2612/1090/185
f 2939/1100/189 2938/1103/191 1302/1102/183
f 2938/1103/191 3392/1897/308 2611/1104/185
f 1307/1105/15 1308/1108/15 1304/1106/15
f 1308/1108/15 4359/1112/15 4358/1109/15
f 2456/1110/15 2455/1111/15 1308/1108/15
f 2455/1111/15 3759/1851/15 4359/1112/15
f 1304/1106/15 1309/1114/15 1305/1113/15
f 1309/1114/15 4319/1117/15 4320/1115/15
f 4358/1109/15 4357/1116/15 1309/1114/15
f 4357/1116/15 4316/1848/15 4319/1117/15
f 1303/1107/15 1305/1113/15 1310/1118/15
f 1306/1119/15 1310/1118/15 2902/1013/15
f 1305/1113/15 4320/1115/15 4321/1120/15
f 1310/1118/15 4321/1120/15 4299/1121/15
f 1303/1107/15 1306/1119/15 1311/1122/15
f 1307/1105/15 1311/1122/15 2457/1123/15
f 1306/1119/15 2903/1006/15 2904/1009/15
f 1311/1122/15 2904/1009/15 3298/1124/15
f 1316/1125/2 1317/1128/2 1313/1126/2
f 1317/1128/2 4399/1132/2 4400/1129/2
f 2636/1130/2 2637/1131/2 1317/1128/2
f 2637/1131/2 4263/3905/2 4399/1132/2
f 1313/1126/2 1318/1134/2 1314/1133/2
f 1318/1134/2 2649/1137/2 2648/1135/2
f 4400/1129/2 4401/1136/2 1318/1134/2
f 4401/1136/2 3812/3906/2 2649/1137/2
f 1312/1127/2 1314/1133/2 1319/1138/2
f 1315/1139/2 1319/1138/2 4411/1140/2
f 1314/1133/2 2648/1135/2 2647/1142/2
f 1319/1138/2 2647/1142/2 3834/1143/2
f 1312/1127/2 1315/1139/2 1320/1144/2
f 1316/1125/2 1320/1144/2 2635/1145/2
f 1315/1139/2 4410/1141/2 4409/1146/2
f 1320/1144/2 4409/1146/2 4278/1147/2
f 1321/1148/142 1325/1153/194 1326/1149/192
f 1322/1150/142 1326/1149/192 4466/1151/193
f 1325/1153/194 4231/1170/196 4230/1154/195
f 1326/1149/192 4230/1154/195 4227/1155/196
f 1321/1148/142 1322/1150/142 1327/1156/197
f 1323/1157/198 1327/1156/197 4387/1158/199
f 1322/1150/142 4467/1152/142 4468/1160/201
f 1327/1156/197 4468/1160/201 4384/1161/200
f 1321/1148/142 1323/1157/198 1328/1162/198
f 1324/1163/142 1328/1162/198 2799/1164/202
f 1323/1157/198 4388/1159/200 4389/1166/203
f 1328/1162/198 4389/1166/203 4178/1167/203
f 1321/1148/142 1324/1163/142 1329/1168/194
f 1325/1153/194 1329/1168/194 4232/1169/204
f 1324/1163/142 2798/1165/142 2797/1171/205
f 1329/1168/194 2797/1171/205 4171/1172/195
f 1334/1173/206 1335/1176/206 1331/1174/207
f 1335/1176/206 4418/1178/211 4419/1177/209
f 2597/842/210 2596/841/210 1335/1176/206
f 2596/841/210 3974/845/210 4418/1178/211
f 1330/1175/208 1331/1174/207 1336/1179/212
f 1332/1180/212 1336/1179/212 4412/1181/213
f 1331/1174/207 4419/1177/209 4420/1183/215
f 1336/1179/212 4420/1183/215 4364/1184/214
f 1330/1175/208 1332/1180/212 1337/1185/212
f 1333/1186/208 1337/1185/212 4421/1187/215
f 1332/1180/212 4413/1182/214 4414/1189/214
f 1337/1185/212 4414/1189/214 4195/1190/214
f 1333/1186/208 1338/1191/206 1334/1173/206
f 1338/1191/206 2598/850/210 2597/842/210
f 4422/1188/209 4423/1192/211 1338/1191/206
f 4423/1192/211 3980/851/210 2598/850/210
f 1343/1193/2 1344/1196/2 1340/1194/2
f 1344/1196/2 2637/1200/2 2636/1197/2
f 4452/1198/2 4451/1199/2 1344/1196/2
f 4451/1199/2 4263/3907/2 2637/1200/2
f 1339/1195/2 1340/1194/2 1345/1201/2
f 1341/1202/2 1345/1201/2 4381/1203/2
f 1340/1194/2 2636/1197/2 2635/1205/2
f 1345/1201/2 2635/1205/2 4278/1206/2
f 1339/1195/2 1341/1202/2 1346/1207/2
f 1342/1208/2 1346/1207/2 2934/1209/2
f 1341/1202/2 4382/1204/2 4383/1211/2
f 1346/1207/2 4383/1211/2 4015/1212/2
f 1342/1208/2 1347/1213/2 1343/1193/2
f 1347/1213/2 4453/1215/2 4452/1198/2
f 2933/1210/2 2932/1214/2 1347/1213/2
f 2932/1214/2 4340/3908/2 4453/1215/2
f 1352/1216/216 1353/1219/219 1349/1217/217
f 1353/1219/219 4493/1223/220 4494/1220/220
f 3888/1221/221 3889/1222/222 1353/1219/219
f 3889/1222/222 3890/1655/220 4493/1223/220
f 1349/1217/217 1354/1225/223 1350/1224/216
f 1354/1225/223 2844/1228/222 2843/1226/221
f 4494/1220/220 4495/1227/224 1354/1225/223
f 4495/1227/224 3874/1670/220 2844/1228/222
f 1348/1218/218 1350/1224/216 1355/1229/225
f 1351/1230/226 1355/1229/225 4498/1231/227
f 1350/1224/216 2843/1226/221 2842/1233/228
f 1355/1229/225 2842/1233/228 3865/1234/229
f 1348/1218/218 1351/1230/226 1356/1235/225
f 1352/1216/216 1356/1235/225 3887/1236/230
f 1351/1230/226 4497/1232/227 4496/1237/227
f 1356/1235/225 4496/1237/227 3884/1238/229
f 1361/1239/15 1362/1242/15 1358/1240/15
f 1362/1242/15 3878/1246/15 3879/1243/15
f 3083/1244/15 3082/1245/15 1362/1242/15
f 3082/1245/15 3877/1357/15 3878/1246/15
f 1358/1240/15 1363/1248/15 1359/1247/15
f 1363/1248/15 2506/1251/15 2507/1249/15
f 3879/1243/15 3880/1250/15 1363/1248/15
f 3880/1250/15 3768/1354/15 2506/1251/15
f 1357/1241/15 1359/1247/15 1364/1252/15
f 1360/1253/15 1364/1252/15 4405/1254/15
f 1359/1247/15 2507/1249/15 2508/1256/15
f 1364/1252/15 2508/1256/15 3780/1257/15
f 1357/1241/15 1360/1253/15 1365/1258/15
f 1361/1239/15 1365/1258/15 3084/1259/15
f 1360/1253/15 4404/1255/15 4403/1260/15
f 1365/1258/15 4403/1260/15 4402/1261/15
f 1370/1262/231 1371/1265/232 1367/1263/232
f 1371/1265/232 2955/1166/234 2954/1159/234
f 2834/1266/235 2833/1267/236 1371/1265/232
f 2833/1267/236 3380/1167/234 2955/1166/234
f 1367/1263/232 1372/1269/232 1368/1268/231
f 1372/1269/232 4460/1271/238 4461/1270/235
f 2954/1159/234 2953/1158/237 1372/1269/232
f 2953/1158/237 4386/1161/234 4460/1271/238
f 1366/1264/233 1368/1268/231 1373/1272/239
f 1369/1273/240 1373/1272/239 2617/956/241
f 1368/1268/231 4461/1270/235 4462/1274/242
f 1373/1272/239 4462/1274/242 3995/1275/241
f 1366/1264/233 1369/1273/240 1374/1276/239
f 1370/1262/231 1374/1276/239 2835/1277/242
f 1369/1273/240 2618/952/241 2619/954/241
f 1374/1276/239 2619/954/241 3320/1278/241
f 1379/1279/243 1380/1282/244 1376/1280/244
f 1380/1282/244 2949/1286/245 2948/1283/245
f 2870/1284/246 2869/1285/247 1380/1282/244
f 2869/1285/247 3332/1646/310 2949/1286/245
f 1376/1280/244 1381/1288/244 1377/1287/243
f 1381/1288/244 2938/1291/191 2939/1289/189
f 2948/1283/245 2947/1290/245 1381/1288/244
f 2947/1290/245 3392/1641/308 2938/1291/191
f 1375/1281/243 1377/1287/243 1382/1292/248
f 1378/1293/248 1382/1292/248 4481/1294/249
f 1377/1287/243 2939/1289/189 2940/1296/188
f 1382/1292/248 2940/1296/188 4323/1297/190
f 1375/1281/243 1378/1293/248 1383/1298/248
f 1379/1279/243 1383/1298/248 2871/1299/250
f 1378/1293/248 4482/1295/249 4483/1300/249
f 1383/1298/248 4483/1300/249 4269/1301/251
f 3445/1302/252 1398/1305/255 1394/1303/253
f 1398/1305/255 4395/1309/256 4394/1306/256
f 3428/1307/257 2521/1308/258 1398/1305/255
f 2521/1308/258 3316/1832/256 4395/1309/256
f 1394/1303/253 1399/1311/253 3441/1310/254
f 1399/1311/253 4270/1314/258 3442/1312/257
f 4394/1306/256 4393/1313/259 1399/1311/253
f 4393/1313/259 4268/1827/259 4270/1314/258
f 1393/1304/260 1395/1310/263 1400/1315/261
f 1400/1315/261 3073/1237/262 3074/1232/262
f 1395/1310/263 3444/1312/266 4271/1317/264
f 4271/1317/264 3885/1238/262 3073/1237/262
f 1393/1304/260 1396/1316/261 1401/1318/261
f 1397/1302/263 1401/1318/261 2523/1319/265
f 3074/1232/262 3075/1231/262 1401/1318/261
f 3075/1231/262 3322/1234/1861 2523/1319/265
f 1406/1320/18 1407/1323/18 1403/1321/18
f 1407/1323/18 4277/1325/18 4276/1324/18
f 2951/1204/18 2950/1203/18 1407/1323/18
f 2950/1203/18 4279/1206/18 4277/1325/18
f 1403/1321/18 1408/1327/18 1404/1326/18
f 1408/1327/18 4022/1330/18 4023/1328/18
f 4276/1324/18 4275/1329/18 1408/1327/18
f 4275/1329/18 4020/3909/18 4022/1330/18
f 1404/1326/18 1409/1332/18 1405/1331/18
f 1409/1332/18 4478/1335/18 4479/1333/18
f 4023/1328/18 4024/1334/18 1409/1332/18
f 4024/1334/18 4025/3910/18 4478/1335/18
f 1405/1331/18 1410/1336/18 1406/1320/18
f 1410/1336/18 2952/1211/18 2951/1204/18
f 4479/1333/18 4480/1337/18 1410/1336/18
f 4480/1337/18 4016/1212/18 2952/1211/18
f 1415/1338/15 1416/1341/15 1412/1339/15
f 1416/1341/15 4439/1345/15 4440/1342/15
f 3023/1343/15 3024/1344/15 1416/1341/15
f 3024/1344/15 3389/3911/15 4439/1345/15
f 1412/1339/15 1417/1347/15 1413/1346/15
f 1417/1347/15 2460/1350/15 2459/1348/15
f 4440/1342/15 4441/1349/15 1417/1347/15
f 4441/1349/15 3756/3912/15 2460/1350/15
f 1411/1340/15 1413/1346/15 1418/1351/15
f 1414/1352/15 1418/1351/15 2526/1250/15
f 1413/1346/15 2459/1348/15 2458/1353/15
f 1418/1351/15 2458/1353/15 3319/1354/15
f 1411/1340/15 1414/1352/15 1419/1355/15
f 1415/1338/15 1419/1355/15 3022/1356/15
f 1414/1352/15 2525/1243/15 2524/1246/15
f 1419/1355/15 2524/1246/15 3391/1357/15
f 1424/1358/18 1425/1361/18 1421/1359/18
f 1425/1361/18 4260/1365/18 4261/1362/18
f 4281/1363/18 4280/1364/18 1425/1361/18
f 4280/1364/18 4257/1569/18 4260/1365/18
f 1421/1359/18 1426/1367/18 1422/1366/18
f 1426/1367/18 3025/1199/18 3026/1198/18
f 4261/1362/18 4262/1368/18 1426/1367/18
f 4262/1368/18 4264/3907/18 3025/1199/18
f 1422/1366/18 1427/1370/18 1423/1369/18
f 1427/1370/18 4484/1372/18 4485/1371/18
f 3026/1198/18 3027/1215/18 1427/1370/18
f 3027/1215/18 4341/3908/18 4484/1372/18
f 1423/1369/18 1428/1373/18 1424/1358/18
f 1428/1373/18 4282/1375/18 4281/1363/18
f 4485/1371/18 4486/1374/18 1428/1373/18
f 4486/1374/18 4284/1574/18 4282/1375/18
f 1433/1376/267 1434/1379/268 1430/1377/268
f 1434/1379/268 2827/1154/220 2828/1170/220
f 4464/1380/270 4465/1381/271 1434/1379/268
f 4465/1381/271 4229/1155/220 2827/1154/220
f 1430/1377/268 1435/1383/268 1431/1382/267
f 1435/1383/268 2850/1385/272 2849/1384/270
f 2828/1170/220 2829/1169/224 1435/1383/268
f 2829/1169/224 3375/1172/220 2850/1385/272
f 1429/1378/269 1431/1382/267 1436/1386/273
f 1432/1387/274 1436/1386/273 3066/1388/275
f 1431/1382/267 2849/1384/270 2848/1390/276
f 1436/1386/273 2848/1390/276 3386/1391/275
f 1429/1378/269 1432/1387/274 1437/1392/273
f 1433/1376/267 1437/1392/273 4463/1393/276
f 1432/1387/274 3065/1389/275 3064/1394/275
f 1437/1392/273 3064/1394/275 4013/1395/275
f 1442/1396/171 1443/1399/171 1439/1397/171
f 1443/1399/171 2631/1046/171 2630/1041/171
f 2489/1400/171 2490/1401/171 1443/1399/171
f 2490/1401/171 3311/1047/171 2631/1046/171
f 1439/1397/171 1444/1403/171 1440/1402/171
f 1444/1403/171 3054/1405/171 3053/1404/171
f 2630/1041/171 2629/1040/171 1444/1403/171
f 2629/1040/171 3394/1043/171 3054/1405/171
f 1440/1402/171 1445/1407/171 1441/1406/171
f 1445/1407/171 4436/1410/171 4437/1408/171
f 3053/1404/171 3052/1409/171 1445/1407/171
f 3052/1409/171 3372/3913/171 4436/1410/171
f 1441/1406/171 1446/1411/171 1442/1396/171
f 1446/1411/171 2488/1413/171 2489/1400/171
f 4437/1408/171 4438/1412/171 1446/1411/171
f 4438/1412/171 3313/3914/171 2488/1413/171
f 1451/1414/277 1452/1417/277 3447/1415/278
f 1452/1417/277 2896/1419/281 3438/1418/278
f 3056/1295/280 3055/1294/280 1452/1417/277
f 3055/1294/280 3403/1297/280 2896/1419/281
f 1447/1416/282 1448/1415/282 1453/1420/283
f 1453/1420/283 4502/1424/285 4503/1422/285
f 1448/1415/282 2897/1418/282 2898/1423/286
f 2898/1423/286 4328/1685/285 4502/1424/285
f 1447/1416/282 1449/1421/284 1454/1425/287
f 3448/1426/282 1454/1425/287 2862/1427/286
f 4503/1422/285 4504/1429/285 1454/1425/287
f 4504/1429/285 3886/1680/285 2862/1427/286
f 1450/1426/279 1455/1430/277 1451/1414/277
f 1455/1430/277 3057/1300/280 3056/1295/280
f 2861/1428/279 2860/1431/281 1455/1430/277
f 2860/1431/281 3331/1301/280 3057/1300/280
f 1456/1432/1 1460/1437/1 1461/1433/107
f 1457/1434/107 1461/1433/107 4406/1435/289
f 1460/1437/1 2891/1454/1 2890/1438/110
f 1461/1433/107 2890/1438/110 4309/1439/109
f 1456/1432/1 1457/1434/107 1462/1440/107
f 1458/1441/1 1462/1440/107 3042/1442/110
f 1457/1434/107 4407/1436/109 4408/1444/109
f 1462/1440/107 4408/1444/109 4385/1445/109
f 1456/1432/1 1458/1441/1 1463/1446/111
f 1459/1447/111 1463/1446/111 4398/1448/112
f 1458/1441/1 3041/1443/1 3040/1450/113
f 1463/1446/111 3040/1450/113 4228/1451/112
f 1456/1432/1 1459/1447/111 1464/1452/111
f 1460/1437/1 1464/1452/111 2892/1453/113
f 1459/1447/111 4397/1449/112 4396/1455/112
f 1464/1452/111 4396/1455/112 4314/1456/112
f 1469/1457/142 1470/1460/142 1466/1458/142
f 1470/1460/142 4390/1464/142 4391/1461/142
f 4506/1462/142 4505/1463/142 1470/1460/142
f 4505/1463/142 4293/3915/142 4390/1464/142
f 1466/1458/142 1471/1466/142 1467/1465/142
f 1471/1466/142 2527/1469/142 2528/1467/142
f 4391/1461/142 4392/1468/142 1471/1466/142
f 4392/1468/142 3750/3916/142 2527/1469/142
f 1467/1465/142 1472/1471/142 1468/1470/142
f 1472/1471/142 4350/1474/142 4349/1472/142
f 2528/1467/142 2529/1473/142 1472/1471/142
f 2529/1473/142 3789/3917/142 4350/1474/142
f 1468/1470/142 1473/1475/142 1469/1457/142
f 1473/1475/142 4507/1477/142 4506/1462/142
f 4349/1472/142 4348/1476/142 1473/1475/142
f 4348/1476/142 4345/3918/142 4507/1477/142
f 1487/1478/1 1488/1481/1 1484/1479/1
f 1488/1481/1 2941/1485/1 2942/1482/1
f 4512/1483/1 4513/1484/1 1488/1481/1
f 4513/1484/1 3398/1717/1 2941/1485/1
f 1484/1479/1 1489/1487/1 1485/1486/1
f 1489/1487/1 4501/1490/1 4500/1488/1
f 2942/1482/1 2943/1489/1 1489/1487/1
f 2943/1489/1 3996/1629/1 4501/1490/1
f 1485/1486/1 1490/1492/1 1486/1491/1
f 1490/1492/1 2937/1495/1 2936/1493/1
f 4500/1488/1 4499/1494/1 1490/1492/1
f 4499/1494/1 4029/1624/1 2937/1495/1
f 1486/1491/1 1491/1496/1 1487/1478/1
f 1491/1496/1 4511/1498/1 4512/1483/1
f 2936/1493/1 2935/1497/1 1491/1496/1
f 2935/1497/1 4306/1722/1 4511/1498/1
f 1496/1499/155 1497/1502/156 1493/1500/156
f 1497/1502/156 4445/1506/161 4446/1503/158
f 2984/1504/159 2983/1505/160 1497/1502/156
f 2983/1505/160 3975/1920/163 4445/1506/161
f 1493/1500/156 1498/1508/162 1494/1507/155
f 1498/1508/162 2857/1511/290 2858/1509/159
f 4446/1503/158 4447/1510/163 1498/1508/162
f 4447/1510/163 4205/1915/163 2857/1511/290
f 1492/1501/157 1494/1507/155 1499/1512/165
f 1495/1513/166 1499/1512/165 4368/1514/167
f 1494/1507/155 2858/1509/159 2859/1516/168
f 1499/1512/165 2859/1516/168 4187/1517/167
f 1492/1501/157 1495/1513/166 1500/1518/165
f 1496/1499/155 1500/1518/165 2985/1519/168
f 1495/1513/166 4367/1515/167 4366/1520/167
f 1500/1518/165 4366/1520/167 4363/1521/167
f 1505/1522/142 1506/1525/142 1502/1523/142
f 1506/1525/142 2974/1146/142 2975/1141/142
f 2873/1526/142 2874/1527/142 1506/1525/142
f 2874/1527/142 3374/1147/142 2974/1146/142
f 1502/1523/142 1507/1529/142 1503/1528/142
f 1507/1529/142 2493/1531/142 2492/1530/142
f 2975/1141/142 2976/1140/142 1507/1529/142
f 2976/1140/142 3308/1143/142 2493/1531/142
f 1503/1528/142 1508/1533/142 1504/1532/142
f 1508/1533/142 4444/1536/142 4443/1534/142
f 2492/1530/142 2491/1535/142 1508/1533/142
f 2491/1535/142 3312/3919/142 4444/1536/142
f 1504/1532/142 1509/1537/142 1505/1522/142
f 1509/1537/142 2872/1539/142 2873/1526/142
f 4443/1534/142 4442/1538/142 1509/1537/142
f 4442/1538/142 4021/3920/142 2872/1539/142
f 1514/1540/142 1515/1543/142 1511/1541/142
f 1515/1543/142 4415/1547/142 4416/1544/142
f 2855/1545/142 2854/1546/142 1515/1543/142
f 2854/1546/142 4258/1742/142 4415/1547/142
f 1511/1541/142 1516/1549/142 1512/1548/142
f 1516/1549/142 2536/1552/142 2537/1550/142
f 4416/1544/142 4417/1551/142 1516/1549/142
f 4417/1551/142 3801/1739/142 2536/1552/142
f 1512/1548/142 1517/1554/142 1513/1553/142
f 1517/1554/142 2967/1136/142 2966/1129/142
f 2537/1550/142 2538/1555/142 1517/1554/142
f 2538/1555/142 3330/3906/142 2967/1136/142
f 1513/1553/142 1518/1556/142 1514/1540/142
f 1518/1556/142 2856/1557/142 2855/1545/142
f 2966/1129/142 2965/1132/142 1518/1556/142
f 2965/1132/142 3324/3905/142 2856/1557/142
f 1523/1558/2 1524/1561/2 1520/1559/2
f 1524/1561/2 4514/1565/2 4515/1562/2
f 4449/1563/2 4448/1564/2 1524/1561/2
f 4448/1564/2 4346/3921/2 4514/1565/2
f 1519/1560/2 1520/1559/2 1525/1566/2
f 1521/1567/2 1525/1566/2 2878/1364/2
f 1520/1559/2 4515/1562/2 4516/1568/2
f 1525/1566/2 4516/1568/2 4259/1569/2
f 1519/1560/2 1521/1567/2 1526/1570/2
f 1522/1571/2 1526/1570/2 2875/1572/2
f 1521/1567/2 2879/1363/2 2880/1375/2
f 1526/1570/2 2880/1375/2 4283/1574/2
f 1522/1571/2 1527/1575/2 1523/1558/2
f 1527/1575/2 4450/1577/2 4449/1563/2
f 2876/1573/2 2877/1576/2 1527/1575/2
f 2877/1576/2 4285/3922/2 4450/1577/2
f 1532/1578/291 1533/1581/291 1529/1579/291
f 1533/1581/291 2968/1260/291 2969/1255/291
f 3017/1582/292 3016/1583/293 1533/1581/291
f 3016/1583/293 3387/1261/1862 2968/1260/291
f 1529/1579/291 1534/1585/291 1530/1584/291
f 1534/1585/291 2464/1587/291 2465/1586/291
f 2969/1255/291 2970/1254/291 1534/1585/291
f 2970/1254/291 3299/1257/291 2464/1587/291
f 1528/1580/291 1530/1584/291 1535/1588/291
f 1531/1589/291 1535/1588/291 2901/948/294
f 1530/1584/291 2465/1586/291 2466/1590/291
f 1535/1588/291 2466/1590/291 3302/1591/294
f 1528/1580/291 1531/1589/291 1536/1592/291
f 1532/1578/291 1536/1592/291 3018/1593/293
f 1531/1589/291 2900/941/294 2899/944/294
f 1536/1592/291 2899/944/294 4330/1594/295
f 1541/1595/296 1542/1598/296 1538/1596/297
f 1542/1598/296 3039/1600/301 3038/1599/299
f 2963/1449/300 2964/1448/300 1542/1598/296
f 2964/1448/300 3397/1451/300 3039/1600/301
f 1537/1597/298 1538/1596/297 1543/1601/302
f 1539/1602/302 1543/1601/302 2628/1603/303
f 1538/1596/297 3038/1599/299 3037/1605/305
f 1543/1601/302 3037/1605/305 3305/1606/304
f 1537/1597/298 1539/1602/302 1544/1607/302
f 1540/1608/298 1544/1607/302 4459/1609/305
f 1539/1602/302 2627/1604/304 2626/1611/304
f 1544/1607/302 2626/1611/304 4008/1612/304
f 1540/1608/298 1545/1613/296 1541/1595/296
f 1545/1613/296 2962/1455/300 2963/1449/300
f 4458/1610/299 4457/1614/301 1545/1613/296
f 4457/1614/301 4315/1456/300 2962/1455/300
f 1550/1615/206 1551/1618/206 1547/1616/207
f 1551/1618/206 2944/1620/211 2945/1619/209
f 2972/1436/210 2971/1435/210 1551/1618/206
f 2971/1435/210 3407/1439/210 2944/1620/211
f 1546/1617/208 1547/1616/207 1552/1621/212
f 1548/1622/212 1552/1621/212 3076/1494/213
f 1547/1616/207 2945/1619/209 2946/1623/215
f 1552/1621/212 2946/1623/215 3395/1624/214
f 1546/1617/208 1548/1622/212 1553/1625/212
f 1549/1626/208 1553/1625/212 3036/1627/215
f 1548/1622/212 3077/1488/214 3078/1490/214
f 1553/1625/212 3078/1490/214 3393/1629/214
f 1549/1626/208 1554/1630/206 1550/1615/206
f 1554/1630/206 2973/1444/210 2972/1436/210
f 3035/1628/209 3034/1631/211 1554/1630/206
f 3034/1631/211 3317/1445/210 2973/1444/210
f 1559/1632/306 1560/1635/306 1556/1633/306
f 1560/1635/306 3061/1637/307 3062/1636/307
f 2633/1328/306 2632/1330/306 1560/1635/306
f 2632/1330/306 3373/3909/307 3061/1637/307
f 1555/1634/306 1556/1633/306 1561/1638/306
f 1557/1639/306 1561/1638/306 2947/1290/245
f 1556/1633/306 3062/1636/307 3063/1640/307
f 1561/1638/306 3063/1640/307 3392/1641/308
f 1555/1634/306 1557/1639/306 1562/1642/306
f 1558/1643/306 1562/1642/306 2868/1644/309
f 1557/1639/306 2948/1283/245 2949/1286/245
f 1562/1642/306 2949/1286/245 3332/1646/310
f 1558/1643/306 1563/1647/306 1559/1632/306
f 1563/1647/306 2634/1334/306 2633/1328/306
f 2867/1645/309 2866/1648/309 1563/1647/306
f 2866/1648/309 4026/3910/309 2634/1334/306
f 1564/1649/142 1568/1654/194 1569/1650/192
f 1565/1651/142 1569/1650/192 2865/1652/193
f 1568/1654/194 3071/1220/196 3070/1223/195
f 1569/1650/192 3070/1223/195 3309/1655/311
f 1564/1649/142 1565/1651/142 1570/1656/197
f 1566/1657/198 1570/1656/197 4430/1658/199
f 1565/1651/142 2864/1653/142 2863/1660/201
f 1570/1656/197 2863/1660/201 3981/1661/200
f 1564/1649/142 1566/1657/198 1571/1662/198
f 1567/1663/142 1571/1662/198 2518/1664/202
f 1566/1657/198 4431/1659/200 4432/1666/203
f 1571/1662/198 4432/1666/203 3868/1667/203
f 1564/1649/142 1567/1663/142 1572/1668/194
f 1568/1654/194 1572/1668/194 3072/1227/312
f 1567/1663/142 2519/1665/142 2520/1669/205
f 1572/1668/194 2520/1669/205 3382/1670/204
f 1577/1671/313 1578/1674/315 1574/1672/314
f 1578/1674/315 2532/1676/317 2531/1675/316
f 2609/855/300 2610/854/300 1578/1674/315
f 2610/854/300 3892/857/300 2532/1676/317
f 1573/1673/314 1574/1672/314 1579/1677/318
f 1575/1678/319 1579/1677/318 3081/1429/320
f 1574/1672/314 2531/1675/316 2530/1679/321
f 1579/1677/318 2530/1679/321 3328/1680/320
f 1573/1673/314 1575/1678/319 1580/1681/322
f 1576/1682/323 1580/1681/322 4456/1683/324
f 1575/1678/319 3080/1422/320 3079/1424/320
f 1580/1681/322 3079/1424/320 4327/1685/320
f 1576/1682/323 1581/1686/326 1577/1671/313
f 1581/1686/326 2608/861/300 2609/855/300
f 4455/1684/325 4454/1687/327 1581/1686/326
f 4454/1687/327 3990/862/300 2608/861/300
f 1586/1688/171 1587/1691/171 1583/1689/171
f 1587/1691/171 3009/1349/171 3008/1342/171
f 2471/1692/171 2472/1693/171 1587/1691/171
f 2472/1693/171 3297/3912/171 3009/1349/171
f 1583/1689/171 1588/1695/171 1584/1694/171
f 1588/1695/171 4289/1697/171 4288/1696/171
f 3008/1342/171 3007/1345/171 1588/1695/171
f 3007/1345/171 4290/3911/171 4289/1697/171
f 1584/1694/171 1589/1699/171 1585/1698/171
f 1589/1699/171 4490/1702/171 4491/1700/171
f 4288/1696/171 4287/1701/171 1589/1699/171
f 4287/1701/171 4286/3923/171 4490/1702/171
f 1585/1698/171 1590/1703/171 1586/1688/171
f 1590/1703/171 2470/1705/171 2471/1692/171
f 4491/1700/171 4492/1704/171 1590/1703/171
f 4492/1704/171 3795/3924/171 2470/1705/171
f 1595/1706/328 1596/1709/328 1592/1707/328
f 1596/1709/328 3016/1713/293 3017/1710/292
f 4509/1711/328 4510/1712/328 1596/1709/328
f 4510/1712/328 3387/1754/1862 3016/1713/293
f 1591/1708/328 1592/1707/328 1597/1714/328
f 1593/1715/328 1597/1714/328 3093/1484/328
f 1592/1707/328 3017/1710/292 3018/1716/293
f 1597/1714/328 3018/1716/293 4330/1717/295
f 1591/1708/328 1593/1715/328 1598/1718/328
f 1594/1719/328 1598/1718/328 2889/1720/328
f 1593/1715/328 3092/1483/328 3091/1498/328
f 1598/1718/328 3091/1498/328 3400/1722/328
f 1594/1719/328 1599/1723/328 1595/1706/328
f 1599/1723/328 4508/1725/328 4509/1711/328
f 2888/1721/328 2887/1724/328 1599/1723/328
f 2887/1724/328 4300/1759/328 4508/1725/328
f 1604/1726/2 1605/1729/2 1601/1727/2
f 1605/1729/2 2911/1476/2 2912/1472/2
f 3095/1730/2 3094/1731/2 1605/1729/2
f 3094/1731/2 4347/3918/2 2911/1476/2
f 1601/1727/2 1606/1733/2 1602/1732/2
f 1606/1733/2 2533/1735/2 2534/1734/2
f 2912/1472/2 2913/1474/2 1606/1733/2
f 2913/1474/2 3327/3917/2 2533/1735/2
f 1600/1728/2 1602/1732/2 1607/1736/2
f 1603/1737/2 1607/1736/2 2982/1551/2
f 1602/1732/2 2534/1734/2 2535/1738/2
f 1607/1736/2 2535/1738/2 3329/1739/2
f 1600/1728/2 1603/1737/2 1608/1740/2
f 1604/1726/2 1608/1740/2 3096/1741/2
f 1603/1737/2 2981/1544/2 2980/1547/2
f 1608/1740/2 2980/1547/2 3325/1742/2
f 1613/1743/15 1614/1746/15 1610/1744/15
f 1614/1746/15 3082/1750/15 3083/1747/15
f 4473/1748/15 4474/1749/15 1614/1746/15
f 4474/1749/15 3877/1810/15 3082/1750/15
f 1609/1745/15 1610/1744/15 1615/1751/15
f 1611/1752/15 1615/1751/15 3090/1712/15
f 1610/1744/15 3083/1747/15 3084/1753/15
f 1615/1751/15 3084/1753/15 4402/1754/15
f 1609/1745/15 1611/1752/15 1616/1755/15
f 1612/1756/15 1616/1755/15 2895/1757/15
f 1611/1752/15 3089/1711/15 3088/1725/15
f 1616/1755/15 3088/1725/15 3399/1759/15
f 1612/1756/15 1617/1760/15 1613/1743/15
f 1617/1760/15 4472/1762/15 4473/1748/15
f 2894/1758/15 2893/1761/15 1617/1760/15
f 2893/1761/15 4317/1815/15 4472/1762/15
f 1618/1763/329 1622/1768/329 1623/1764/329
f 1619/1765/329 1623/1764/329 2986/1766/330
f 1622/1768/329 2867/1781/309 2868/1769/309
f 1623/1764/329 2868/1769/309 3332/1770/310
f 1618/1763/329 1619/1765/329 1624/1771/329
f 1620/1772/329 1624/1771/329 2505/1773/34
f 1619/1765/329 2987/1767/330 2988/1775/330
f 1624/1771/329 2988/1775/330 3315/1776/35
f 1620/1772/329 1625/1778/329 1621/1777/329
f 1625/1778/329 3006/1412/329 3005/1408/329
f 2504/1774/34 2503/1779/34 1625/1778/329
f 2503/1779/34 3822/3914/34 3006/1412/329
f 1621/1777/329 1626/1780/329 1622/1768/329
f 1626/1780/329 2866/1782/309 2867/1781/309
f 3005/1408/329 3004/1410/329 1626/1780/329
f 3004/1410/329 4026/3913/309 2866/1782/309
f 1631/1783/18 1632/1786/18 1628/1784/18
f 1632/1786/18 3085/1790/18 3086/1787/18
f 4296/1788/18 4295/1789/18 1632/1786/18
f 4295/1789/18 4292/3925/18 3085/1790/18
f 1628/1784/18 1633/1792/18 1629/1791/18
f 1633/1792/18 3019/1564/18 3020/1563/18
f 3086/1787/18 3087/1793/18 1633/1792/18
f 3087/1793/18 3402/3921/18 3019/1564/18
f 1629/1791/18 1634/1795/18 1630/1794/18
f 1634/1795/18 2881/1797/18 2882/1796/18
f 3020/1563/18 3021/1577/18 1634/1795/18
f 3021/1577/18 3384/3922/18 2881/1797/18
f 1627/1785/18 1630/1794/18 1635/1798/18
f 1635/1798/18 4297/1800/18 4296/1788/18
f 2882/1796/18 2883/1799/18 1635/1798/18
f 2883/1799/18 4291/3926/18 4297/1800/18
f 1640/1801/15 1641/1804/15 1637/1802/15
f 1641/1804/15 3024/1806/15 3023/1805/15
f 2885/1788/15 2886/1800/15 1641/1804/15
f 2886/1800/15 3389/3926/15 3024/1806/15
f 1636/1803/15 1637/1802/15 1642/1807/15
f 1638/1808/15 1642/1807/15 3048/1749/15
f 1637/1802/15 3023/1805/15 3022/1809/15
f 1642/1807/15 3022/1809/15 3391/1810/15
f 1636/1803/15 1638/1808/15 1643/1811/15
f 1639/1812/15 1643/1811/15 4517/1813/15
f 1638/1808/15 3047/1748/15 3046/1762/15
f 1643/1811/15 3046/1762/15 4318/1815/15
f 1639/1812/15 1644/1816/15 1640/1801/15
f 1644/1816/15 2884/1789/15 2885/1788/15
f 4518/1814/15 4519/1817/15 1644/1816/15
f 4519/1817/15 4294/3925/15 2884/1789/15
f 1649/1818/331 1650/1821/331 1646/1819/332
f 1650/1821/331 2869/1823/247 2870/1822/246
f 2987/1767/330 2986/1766/330 1650/1821/331
f 2986/1766/330 3332/1770/310 2869/1823/247
f 1645/1820/332 1646/1819/332 1651/1824/333
f 1647/1825/333 1651/1824/333 2959/1313/334
f 1646/1819/332 2870/1822/246 2871/1826/250
f 1651/1824/333 2871/1826/250 4269/1827/251
f 1645/1820/332 1647/1825/333 1652/1828/333
f 1648/1829/332 1652/1828/333 2499/1830/26
f 1647/1825/333 2960/1306/334 2961/1309/334
f 1652/1828/333 2961/1309/334 3841/1832/27
f 1648/1829/332 1653/1833/331 1649/1818/331
f 1653/1833/331 2988/1775/330 2987/1767/330
f 2498/1831/21 2497/1834/23 1653/1833/331
f 2497/1834/23 3315/1776/35 2988/1775/330
f 1658/1835/15 1659/1838/15 1655/1836/15
f 1659/1838/15 2958/1468/15 2957/1461/15
f 2606/1839/15 2607/1840/15 1659/1838/15
f 2607/1840/15 3323/3916/15 2958/1468/15
f 1655/1836/15 1660/1842/15 1656/1841/15
f 1660/1842/15 3099/1844/15 3098/1843/15
f 2957/1461/15 2956/1464/15 1660/1842/15
f 2956/1464/15 3326/3915/15 3099/1844/15
f 1654/1837/15 1656/1841/15 1661/1845/15
f 1657/1846/15 1661/1845/15 2920/1116/15
f 1656/1841/15 3098/1843/15 3097/1847/15
f 1661/1845/15 3097/1847/15 3405/1848/15
f 1654/1837/15 1657/1846/15 1662/1849/15
f 1658/1835/15 1662/1849/15 2605/1850/15
f 1657/1846/15 2921/1109/15 2922/1112/15
f 1662/1849/15 2922/1112/15 3318/1851/15
f 1667/1852/2 1668/1855/2 1664/1853/2
f 1668/1855/2 3069/1704/2 3068/1700/2
f 2477/1856/2 2478/1857/2 1668/1855/2
f 2478/1857/2 3303/3924/2 3069/1704/2
f 1664/1853/2 1669/1859/2 1665/1858/2
f 1669/1859/2 2877/1861/2 2876/1860/2
f 3068/1700/2 3067/1702/2 1669/1859/2
f 3067/1702/2 4285/3923/2 2877/1861/2
f 1663/1854/2 1665/1858/2 1670/1862/2
f 1666/1863/2 1670/1862/2 4424/1864/2
f 1665/1858/2 2876/1860/2 2875/1866/2
f 1670/1862/2 2875/1866/2 4283/1867/2
f 1663/1854/2 1666/1863/2 1671/1868/2
f 1667/1852/2 1671/1868/2 2476/1869/2
f 1666/1863/2 4425/1865/2 4426/1870/2
f 1671/1868/2 4426/1870/2 3807/1871/2
f 1676/1872/171 1677/1875/171 1673/1873/171
f 1677/1875/171 2994/1870/171 2993/1865/171
f 2483/1876/171 2484/1877/171 1677/1875/171
f 2484/1877/171 3304/1871/171 2994/1870/171
f 1673/1873/171 1678/1879/171 1674/1878/171
f 1678/1879/171 3060/1881/171 3059/1880/171
f 2993/1865/171 2992/1864/171 1678/1879/171
f 2992/1864/171 3383/1867/171 3060/1881/171
f 1674/1878/171 1679/1883/171 1675/1882/171
f 1679/1883/171 2908/1036/171 2909/1029/171
f 3059/1880/171 3058/1884/171 1679/1883/171
f 3058/1884/171 3401/3904/171 2908/1036/171
f 1675/1882/171 1680/1885/171 1676/1872/171
f 1680/1885/171 2482/1886/171 2483/1876/171
f 2909/1029/171 2910/1032/171 1680/1885/171
f 2910/1032/171 3307/3903/171 2482/1886/171
f 1681/1887/335 1685/1890/335 1686/1888/335
f 1682/1889/335 1686/1888/335 2613/1091/185
f 1685/1890/335 2501/1902/33 2502/1891/33
f 1686/1888/335 2502/1891/33 3314/1892/36
f 1681/1887/335 1682/1889/335 1687/1893/335
f 1683/1894/335 1687/1893/335 3063/1895/307
f 1682/1889/335 2612/1090/185 2611/1104/185
f 1687/1893/335 2611/1104/185 3392/1897/308
f 1683/1894/335 1688/1899/335 1684/1898/335
f 1688/1899/335 3010/1538/335 3011/1534/335
f 3062/1896/307 3061/1900/307 1688/1899/335
f 3061/1900/307 3373/3920/307 3010/1538/335
f 1684/1898/335 1689/1901/335 1685/1890/335
f 1689/1901/335 2500/1903/33 2501/1902/33
f 3011/1534/335 3012/1536/335 1689/1901/335
f 3012/1536/335 3829/3919/33 2500/1903/33
f 1690/1904/171 1694/1909/174 1695/1905/172
f 1691/1906/171 1695/1905/172 2811/1907/173
f 1694/1909/174 4434/1923/175 4435/1910/175
f 1695/1905/172 4435/1910/175 4211/1911/176
f 1690/1904/171 1691/1906/171 1696/1912/177
f 1692/1913/178 1696/1912/177 3015/1510/179
f 1691/1906/171 2810/1908/171 2809/1914/180
f 1696/1912/177 2809/1914/180 3390/1915/336
f 1690/1904/171 1692/1913/178 1697/1916/177
f 1693/1917/171 1697/1916/177 2620/1918/180
f 1692/1913/178 3014/1503/179 3013/1506/179
f 1697/1916/177 3013/1506/179 3300/1920/182
f 1690/1904/171 1693/1917/171 1698/1921/172
f 1694/1909/174 1698/1921/172 4433/1922/175
f 1693/1917/171 2621/1919/171 2622/1924/173
f 1698/1921/172 2622/1924/173 3989/1925/176
f 1712/1926/337 1713/1929/338 1709/1927/338
f 1713/1929/338 3003/1910/342 3002/1923/339
f 2840/1930/340 2839/1931/341 1713/1929/338
f 2839/1931/341 3381/1911/342 3003/1910/342
f 1709/1927/338 1714/1933/338 1710/1932/337
f 1714/1933/338 3028/1935/343 3029/1934/340
f 3002/1923/339 3001/1922/342 1714/1933/338
f 3001/1922/342 3310/1925/342 3028/1935/343
f 1708/1928/337 1710/1932/337 1715/1936/344
f 1711/1937/344 1715/1936/344 2917/978/345
f 1710/1932/337 3029/1934/340 3030/1938/346
f 1715/1936/344 3030/1938/346 3404/1939/345
f 1708/1928/337 1711/1937/344 1716/1940/344
f 1712/1926/337 1716/1940/344 2841/1941/347
f 1711/1937/344 2918/973/345 2919/975/345
f 1716/1940/344 2919/975/345 3335/1942/345
f 1721/1943/348 1722/1946/351 1718/1944/349
f 1722/1946/351 2931/1069/342 2930/1082/339
f 2846/1947/352 2845/1948/353 1722/1946/351
f 2845/1948/353 3378/1070/342 2931/1069/342
f 1718/1944/349 1723/1950/354 1719/1949/348
f 1723/1950/354 3031/1952/356 3032/1951/355
f 2930/1082/339 2929/1081/342 1723/1950/354
f 2929/1081/342 3408/1084/342 3031/1952/356
f 1717/1945/350 1719/1949/348 1724/1953/357
f 1720/1954/358 1724/1953/357 2995/1955/359
f 1719/1949/348 3032/1951/355 3033/1957/361
f 1724/1953/357 3033/1957/361 3306/1958/359
f 1717/1945/350 1720/1954/358 1725/1959/357
f 1721/1943/348 1725/1959/357 2847/1960/361
f 1720/1954/358 2996/1956/360 2997/1961/359
f 1725/1959/357 2997/1961/359 3385/1962/359
f 1730/1963/231 1731/1966/232 1727/1964/232
f 1731/1966/232 3000/1666/234 2999/1659/234
f 2852/1967/235 2853/1968/236 1731/1966/232
f 2853/1968/236 3376/1667/234 3000/1666/234
f 1727/1964/232 1732/1970/232 1728/1969/231
f 1732/1970/232 2991/1972/236 2990/1971/235
f 2999/1659/234 2998/1658/362 1732/1970/232
f 2998/1658/362 3321/1661/234 2991/1972/236
f 1726/1965/233 1728/1969/231 1733/1973/239
f 1729/1974/240 1733/1973/239 2806/1975/241
f 1728/1969/231 2990/1971/235 2989/1977/242
f 1733/1973/239 2989/1977/242 4196/1978/241
f 1726/1965/233 1729/1974/240 1734/1979/239
f 1730/1963/231 1734/1979/239 2851/1980/242
f 1729/1974/240 2807/1976/241 2808/1981/241
f 1734/1979/239 2808/1981/241 3388/1982/241
f 1739/1983/15 1740/1986/15 1736/1984/15
f 1740/1986/15 3165/1990/15 3164/1987/15
f 4540/1988/15 4539/1989/15 1740/1986/15
f 4539/1989/15 4538/2121/15 3165/1990/15
f 1736/1984/15 1741/1992/15 1737/1991/15
f 1741/1992/15 4526/1995/15 4527/1993/15
f 3164/1987/15 3163/1994/15 1741/1992/15
f 3163/1994/15 4525/2117/15 4526/1995/15
f 1735/1985/15 1737/1991/15 1742/1996/15
f 1738/1997/15 1742/1996/15 4530/1998/15
f 1737/1991/15 4527/1993/15 4528/2000/15
f 1742/1996/15 4528/2000/15 4529/2001/15
f 1735/1985/15 1738/1997/15 1743/2002/15
f 1739/1983/15 1743/2002/15 4541/2003/15
f 1738/1997/15 4531/1999/15 4532/2004/15
f 1743/2002/15 4532/2004/15 4533/2005/15
f 1744/2006/363 1748/2011/368 1749/2007/364
f 1745/2008/365 1749/2007/364 3103/2009/366
f 1748/2011/368 3170/2023/369 3169/2012/369
f 1749/2007/364 3169/2012/369 3420/2013/370
f 1745/2008/365 1750/2015/372 1746/2014/371
f 1750/2015/372 3124/2018/375 3125/2016/373
f 3104/2010/367 3105/2017/374 1750/2015/372
f 3105/2017/374 3409/3927/1863 3124/2018/375
f 1744/2006/363 1746/2014/371 1751/2019/376
f 1747/2020/377 1751/2019/376 3117/2000/378
f 1746/2014/371 3125/2016/373 3126/2021/380
f 1751/2019/376 3126/2021/380 3413/2001/381
f 1747/2020/377 1752/2022/382 1748/2011/368
f 1752/2022/382 3171/2024/369 3170/2023/369
f 3116/1993/379 3115/1995/383 1752/2022/382
f 3115/1995/383 3424/2117/465 3171/2024/369
f 1757/2025/384 1758/2028/387 1754/2026/385
f 1758/2028/387 3106/2032/388 3107/2029/386
f 3125/2030/373 3124/2031/375 1758/2028/387
f 3124/2031/375 3409/3928/1863 3106/2032/388
f 1754/2026/385 1759/2034/390 1755/2033/389
f 1759/2034/390 3130/2037/391 3131/2035/391
f 3107/2029/386 3108/2036/392 1759/2034/390
f 3108/2036/392 3410/3929/1864 3130/2037/391
f 1753/2027/386 1755/2033/389 1760/2038/393
f 1756/2039/394 1760/2038/393 3120/2004/395
f 1755/2033/389 3131/2035/391 3132/2040/397
f 1760/2038/393 3132/2040/397 3414/2005/398
f 1753/2027/386 1756/2039/394 1761/2041/399
f 1757/2025/384 1761/2041/399 3126/2042/380
f 1756/2039/394 3119/1999/396 3118/1998/400
f 1761/2041/399 3118/1998/400 3413/2001/381
f 1766/2043/401 1767/2046/404 1763/2044/402
f 1767/2046/404 3111/2050/408 3110/2047/405
f 3134/2048/406 3135/2049/407 1767/2046/404
f 3135/2049/407 3411/3930/1865 3111/2050/408
f 1763/2044/402 1768/2052/409 1764/2051/409
f 1768/2052/409 3129/2055/412 3128/2053/410
f 3110/2047/405 3109/2054/411 1768/2052/409
f 3109/2054/411 3412/3931/1866 3129/2055/412
f 1762/2045/403 1764/2051/409 1769/2056/413
f 1765/2057/403 1769/2056/413 4535/2058/414
f 1764/2051/409 3128/2053/410 3127/2060/416
f 1769/2056/413 3127/2060/416 4534/2061/417
f 1762/2045/403 1765/2057/403 1770/2062/418
f 1766/2043/401 1770/2062/418 3133/2063/419
f 1765/2057/403 4536/2059/415 4537/2064/420
f 1770/2062/418 4537/2064/420 4524/2065/421
f 1771/2066/422 1775/2071/427 1776/2067/423
f 1772/2068/424 1776/2067/423 3100/2069/425
f 1775/2071/427 3176/2085/428 3175/2072/428
f 1776/2067/423 3175/2072/428 3418/2073/429
f 1772/2068/424 1777/2075/431 1773/2074/430
f 1777/2075/431 3135/2078/407 3134/2076/406
f 3101/2070/426 3102/2077/432 1777/2075/431
f 3102/2077/432 3411/3932/1865 3135/2078/407
f 1771/2066/422 1773/2074/430 1778/2079/433
f 1774/2080/434 1778/2079/433 4523/2081/435
f 1773/2074/430 3134/2076/406 3133/2083/419
f 1778/2079/433 3133/2083/419 4524/2065/421
f 1774/2080/434 1779/2084/437 1775/2071/427
f 1779/2084/437 3177/2087/428 3176/2085/428
f 4522/2082/436 4521/2086/438 1779/2084/437
f 4521/2086/438 4520/2108/496 3177/2087/428
f 1780/2088/15 1784/2091/15 1785/2089/15
f 1781/2090/15 1785/2089/15 3123/2064/15
f 1784/2091/15 3113/2082/15 3114/2081/15
f 1785/2089/15 3114/2081/15 3415/2065/15
f 1780/2088/15 1781/2090/15 1786/2092/15
f 1782/2093/15 1786/2092/15 4548/2094/15
f 1781/2090/15 3122/2059/15 3121/2058/15
f 1786/2092/15 3121/2058/15 3416/2061/15
f 1782/2093/15 1787/2097/15 1783/2096/15
f 1787/2097/15 3160/2100/15 3161/2098/15
f 4547/2095/15 4546/2099/15 1787/2097/15
f 4546/2099/15 4545/2113/15 3160/2100/15
f 1783/2096/15 1788/2101/15 1784/2091/15
f 1788/2101/15 3112/2086/15 3113/2082/15
f 3161/2098/15 3162/2102/15 1788/2101/15
f 3162/2102/15 3422/2108/15 3112/2086/15
f 1789/2103/15 1793/2106/15 1794/2104/15
f 1790/2105/15 1794/2104/15 3162/2102/15
f 1793/2106/15 4543/2120/15 4542/2107/15
f 1794/2104/15 4542/2107/15 3422/2108/15
f 1789/2103/15 1790/2105/15 1795/2109/15
f 1791/2110/15 1795/2109/15 4551/2111/15
f 1790/2105/15 3161/2098/15 3160/2100/15
f 1795/2109/15 3160/2100/15 4545/2113/15
f 1789/2103/15 1791/2110/15 1796/2114/15
f 1792/2115/15 1796/2114/15 3163/1994/15
f 1791/2110/15 4550/2112/15 4549/2116/15
f 1796/2114/15 4549/2116/15 4525/2117/15
f 1789/2103/15 1792/2115/15 1797/2118/15
f 1793/2106/15 1797/2118/15 4544/2119/15
f 1792/2115/15 3164/1987/15 3165/1990/15
f 1797/2118/15 3165/1990/15 4538/2121/15
f 1802/2122/439 1803/2125/442 1799/2123/440
f 1803/2125/442 3144/2129/444 3143/2126/443
f 3128/2127/410 3129/2128/412 1803/2125/442
f 3129/2128/412 3412/3933/1866 3144/2129/444
f 1798/2124/441 1799/2123/440 1804/2130/445
f 1800/2131/446 1804/2130/445 3166/2132/447
f 1799/2123/440 3143/2126/443 3142/2134/448
f 1804/2130/445 3142/2134/448 3419/2135/449
f 1800/2131/446 1805/2137/451 1801/2136/450
f 1805/2137/451 3154/2099/453 3155/2095/452
f 3167/2133/447 3168/2138/447 1805/2137/451
f 3168/2138/447 3423/2113/467 3154/2099/453
f 1798/2124/441 1801/2136/450 1806/2139/454
f 1802/2122/439 1806/2139/454 3127/2140/416
f 1801/2136/450 3155/2095/452 3156/2094/455
f 1806/2139/454 3156/2094/455 4534/2061/417
f 1811/2141/456 1812/2144/459 1808/2142/457
f 1812/2144/459 3147/2146/461 3146/2145/460
f 3167/2133/447 3166/2132/447 1812/2144/459
f 3166/2132/447 3419/2135/449 3147/2146/461
f 1808/2142/457 1813/2148/462 1809/2147/462
f 1813/2148/462 3169/2012/369 3170/2023/369
f 3146/2145/460 3145/2149/463 1813/2148/462
f 3145/2149/463 3420/2013/370 3169/2012/369
f 1807/2143/458 1809/2147/462 1814/2150/462
f 1810/2151/458 1814/2150/462 3157/2116/464
f 1809/2147/462 3170/2023/369 3171/2024/369
f 1814/2150/462 3171/2024/369 3424/2117/465
f 1807/2143/458 1810/2151/458 1815/2152/456
f 1811/2141/456 1815/2152/456 3168/2138/447
f 1810/2151/458 3158/2112/458 3159/2111/466
f 1815/2152/456 3159/2111/466 3423/2113/467
f 1820/2153/468 1821/2156/471 1817/2154/469
f 1821/2156/471 3138/2160/473 3137/2157/472
f 3131/2158/391 3130/2159/391 1821/2156/471
f 3130/2159/391 3410/3934/1864 3138/2160/473
f 1816/2155/470 1817/2154/469 1822/2161/474
f 1818/2162/475 1822/2161/474 3172/2163/476
f 1817/2154/469 3137/2157/472 3136/2165/478
f 1822/2161/474 3136/2165/478 3417/2166/479
f 1818/2162/475 1823/2168/481 1819/2167/480
f 1823/2168/481 3148/1989/484 3149/1988/482
f 3173/2164/477 3174/2169/483 1823/2168/481
f 3174/2169/483 3421/2121/499 3148/1989/484
f 1816/2155/470 1819/2167/480 1824/2170/485
f 1820/2153/468 1824/2170/485 3132/2171/397
f 1819/2167/480 3149/1988/482 3150/2003/486
f 1824/2170/485 3150/2003/486 3414/2005/398
f 1829/2172/487 1830/2175/487 1826/2173/488
f 1830/2175/487 3141/2177/491 3140/2176/490
f 3173/2164/477 3172/2163/476 1830/2175/487
f 3172/2163/476 3417/2166/479 3141/2177/491
f 1826/2173/488 1831/2179/492 1827/2178/492
f 1831/2179/492 3175/2072/428 3176/2085/428
f 3140/2176/490 3139/2180/493 1831/2179/492
f 3139/2180/493 3418/2073/429 3175/2072/428
f 1825/2174/489 1827/2178/492 1832/2181/494
f 1828/2182/490 1832/2181/494 3151/2107/495
f 1827/2178/492 3176/2085/428 3177/2087/428
f 1832/2181/494 3177/2087/428 4520/2108/496
f 1825/2174/489 1828/2182/490 1833/2183/497
f 1829/2172/487 1833/2183/497 3174/2169/483
f 1828/2182/490 3152/2120/490 3153/2119/498
f 1833/2183/497 3153/2119/498 3421/2121/499
f 5/2184/500 6/2190/506 2/2185/501
f 2/2185/501 6/2190/506 3631/2187/503
f 2066/2189/505 2065/2235/551 6/2190/506
f 6/2190/506 2065/2235/551 3632/2191/507
f 1/2186/502 2/2185/501 7/2192/508
f 3/2193/509 7/2192/508 1894/2194/510
f 3630/2188/504 3629/3039/1867 7/2192/508
f 7/2192/508 3629/3039/1867 3628/2196/512
f 1/2186/502 3/2193/509 8/2197/513
f 8/2197/513 3485/2201/517 3484/2199/515
f 3/2193/509 1895/2195/511 1896/2200/516
f 1896/2200/516 3478/3935/1461 3485/2201/517
f 4/2198/514 9/2202/518 5/2184/500
f 9/2202/518 2067/2204/520 2066/2189/505
f 3484/2199/515 3483/2203/519 9/2202/518
f 3483/2203/519 3482/3936/1868 2067/2204/520
f 10/2205/521 14/2210/526 15/2206/522
f 15/2206/522 3636/2212/528 3635/2208/524
f 2072/2209/525 2071/2211/527 15/2206/522
f 2071/2211/527 3637/3937/1869 3636/2212/528
f 11/2207/523 16/2216/532 12/2213/529
f 12/2213/529 16/2216/532 1900/2214/530
f 3635/2208/524 3634/2217/533 16/2216/532
f 3634/2217/533 3633/2249/565 1900/2214/530
f 12/2213/529 17/2219/535 13/2218/534
f 17/2219/535 3460/2222/538 3459/2220/536
f 1901/2215/531 1902/2221/537 17/2219/535
f 1902/2221/537 3461/3938/1870 3460/2222/538
f 13/2218/534 18/2223/539 14/2210/526
f 18/2223/539 2073/2225/541 2072/2209/525
f 3459/2220/536 3458/2224/540 18/2223/539
f 3458/2224/540 3457/3939/1871 2073/2225/541
f 19/2226/542 23/2231/547 24/2227/543
f 20/2228/544 24/2227/543 3640/2229/545
f 23/2231/547 2075/2241/557 2074/2232/548
f 2074/2232/548 3641/3940/1872 3640/2229/545
f 19/2226/542 20/2228/544 25/2233/549
f 21/2234/550 25/2233/549 2065/2235/551
f 3639/2230/546 3638/3072/1873 25/2233/549
f 25/2233/549 3638/3072/1873 3632/2191/507
f 21/2234/550 26/2237/553 22/2236/552
f 26/2237/553 3488/2239/555 3487/2238/554
f 2066/2189/505 2067/2204/520 26/2237/553
f 2067/2204/520 3482/3936/1868 3488/2239/555
f 19/2226/542 22/2236/552 27/2240/556
f 27/2240/556 2076/2243/559 2075/2241/557
f 3487/2238/554 3486/2242/558 27/2240/556
f 3486/2242/558 3477/3941/1874 2076/2243/559
f 28/2244/560 32/2248/564 33/2245/561
f 33/2245/561 3645/2250/566 3644/2247/563
f 32/2248/564 1901/2215/531 1900/2214/530
f 33/2245/561 1900/2214/530 3633/2249/565
f 29/2246/562 34/2255/571 30/2251/567
f 30/2251/567 34/2255/571 1909/2252/568
f 29/2246/562 3644/2247/563 3643/2254/570
f 3643/2254/570 3642/2269/585 1909/2252/568
f 30/2251/567 35/2257/573 31/2256/572
f 35/2257/573 3464/2260/576 3463/2258/574
f 1910/2253/569 1911/2259/575 35/2257/573
f 1911/2259/575 3465/3942/1875 3464/2260/576
f 28/2244/560 31/2256/572 36/2261/577
f 32/2248/564 36/2261/577 1902/2221/537
f 3463/2258/574 3462/2262/578 36/2261/577
f 3462/2262/578 3461/3938/1870 1902/2221/537
f 37/2263/579 41/2268/584 42/2264/580
f 38/2265/581 42/2264/580 3649/2266/582
f 1910/2253/569 1909/2252/568 42/2264/580
f 42/2264/580 1909/2252/568 3642/2269/585
f 37/2263/579 38/2265/581 43/2270/586
f 43/2270/586 1912/2275/591 1913/2272/588
f 38/2265/581 3648/2267/583 3647/2273/589
f 43/2270/586 3647/2273/589 3646/2274/590
f 39/2271/587 44/2277/593 40/2276/592
f 44/2277/593 3468/2280/596 3467/2278/594
f 1913/2272/588 1914/2279/595 44/2277/593
f 1914/2279/595 3469/3943/1876 3468/2280/596
f 37/2263/579 40/2276/592 45/2281/597
f 41/2268/584 45/2281/597 1911/2259/575
f 3467/2278/594 3466/2282/598 45/2281/597
f 3466/2282/598 3465/3942/1875 1911/2259/575
f 46/2283/599 50/2287/603 51/2284/600
f 51/2284/600 3653/2288/604 3652/2286/602
f 50/2287/603 1913/2272/588 1912/2275/591
f 1912/2275/591 3646/2274/590 3653/2288/604
f 47/2285/601 52/2290/606 48/2289/605
f 52/2290/606 1915/2294/610 1916/2291/607
f 47/2285/601 3652/2286/602 3651/2292/608
f 52/2290/606 3651/2292/608 3650/2293/609
f 48/2289/605 53/2296/612 49/2295/611
f 53/2296/612 3472/2299/615 3471/2297/613
f 1916/2291/607 1917/2298/614 53/2296/612
f 1917/2298/614 3473/3944/1877 3472/2299/615
f 46/2283/599 49/2295/611 54/2300/616
f 50/2287/603 54/2300/616 1914/2279/595
f 3471/2297/613 3470/2301/617 54/2300/616
f 3470/2301/617 3469/3943/1876 1914/2279/595
f 55/2302/618 59/2306/622 60/2303/619
f 60/2303/619 3656/2307/623 3655/2305/621
f 59/2306/622 1916/2291/607 1915/2294/610
f 1915/2294/610 3650/2293/609 3656/2307/623
f 55/2302/618 56/2304/620 61/2308/624
f 57/2309/625 61/2308/624 2074/2232/548
f 3655/2305/621 3654/2310/626 61/2308/624
f 3654/2310/626 3641/3940/1872 2074/2232/548
f 55/2302/618 57/2309/625 62/2311/627
f 62/2311/627 3476/2314/630 3475/2313/629
f 57/2309/625 2075/2241/557 2076/2243/559
f 2076/2243/559 3477/3941/1874 3476/2314/630
f 58/2312/628 63/2315/631 59/2306/622
f 63/2315/631 1917/2298/614 1916/2291/607
f 3475/2313/629 3474/2316/632 63/2315/631
f 3474/2316/632 3473/3944/1877 1917/2298/614
f 68/2317/633 69/2323/639 65/2318/634
f 65/2318/634 69/2323/639 3660/2320/636
f 68/2317/633 2090/2336/652 2089/2322/638
f 69/2323/639 2089/2322/638 3661/2324/640
f 64/2319/635 65/2318/634 70/2325/641
f 70/2325/641 1918/2329/645 1919/2327/643
f 3659/2321/637 3658/3134/1878 70/2325/641
f 70/2325/641 3658/3134/1878 3657/2328/644
f 64/2319/635 66/2326/642 71/2330/646
f 71/2330/646 3452/2334/650 3451/2332/648
f 1919/2327/643 1920/2333/649 71/2330/646
f 1920/2333/649 3453/3945/1879 3452/2334/650
f 67/2331/647 72/2335/651 68/2317/633
f 72/2335/651 2091/2338/654 2090/2336/652
f 3451/2332/648 3450/2337/653 72/2335/651
f 3450/2337/653 3449/3946/1880 2091/2338/654
f 73/2339/655 77/2344/660 78/2340/656
f 74/2341/657 78/2340/656 3664/2342/658
f 1895/2195/511 1894/2194/510 78/2340/656
f 78/2340/656 1894/2194/510 3628/2196/512
f 73/2339/655 74/2341/657 79/2345/661
f 79/2345/661 2089/2322/638 2090/2336/652
f 74/2341/657 3663/2343/659 3662/2347/663
f 79/2345/661 3662/2347/663 3661/2324/640
f 73/2339/655 75/2346/662 80/2348/664
f 80/2348/664 3481/2351/667 3480/2350/666
f 75/2346/662 2090/2336/652 2091/2338/654
f 2091/2338/654 3449/3946/1880 3481/2351/667
f 76/2349/665 81/2352/668 77/2344/660
f 81/2352/668 1896/2200/516 1895/2195/511
f 3480/2350/666 3479/2353/669 81/2352/668
f 3479/2353/669 3478/3935/1461 1896/2200/516
f 82/2354/670 86/2358/674 87/2355/671
f 87/2355/671 3667/2359/675 3666/2357/673
f 86/2358/674 1919/2327/643 1918/2329/645
f 87/2355/671 1918/2329/645 3657/2328/644
f 82/2354/670 83/2356/672 88/2360/676
f 84/2361/677 88/2360/676 2071/2362/527
f 83/2356/672 3666/2357/673 3665/2364/678
f 3665/2364/678 3637/3947/1869 2071/2362/527
f 82/2354/670 84/2361/677 89/2365/679
f 89/2365/679 3456/2369/682 3455/2367/681
f 2072/2363/525 2073/2368/541 89/2365/679
f 2073/2368/541 3457/3948/1871 3456/2369/682
f 85/2366/680 90/2370/683 86/2358/674
f 90/2370/683 1920/2333/649 1919/2327/643
f 3455/2367/681 3454/2371/684 90/2370/683
f 3454/2371/684 3453/3945/1879 1920/2333/649
f 95/2372/685 96/2375/686 92/2373/686
f 96/2375/686 1930/2379/687 1931/2376/687
f 95/2372/685 3532/2391/685 3533/2377/686
f 96/2375/686 3533/2377/686 3494/2378/687
f 92/2373/686 97/2381/686 93/2380/685
f 97/2381/686 3529/2384/686 3528/2382/685
f 1931/2376/687 1932/2383/687 97/2381/686
f 1932/2383/687 3514/3949/687 3529/2384/686
f 93/2380/685 98/2386/688 94/2385/688
f 98/2386/688 1926/2389/689 1925/2387/689
f 3528/2382/685 3527/2388/688 98/2386/688
f 3527/2388/688 3526/3950/1881 1926/2389/689
f 94/2385/688 99/2390/688 95/2372/685
f 99/2390/688 3531/2393/688 3532/2391/685
f 1925/2387/689 1924/2392/689 99/2390/688
f 1924/2392/689 3530/3951/1882 3531/2393/688
f 104/2394/690 105/2397/692 101/2395/691
f 105/2397/692 1933/2401/693 1934/2398/693
f 3496/2399/690 3497/2400/694 105/2397/692
f 3497/2400/694 3498/3952/693 1933/2401/693
f 100/2396/690 101/2395/691 106/2402/694
f 106/2402/694 3517/2406/692 3516/2404/690
f 1934/2398/693 1935/2405/693 106/2402/694
f 1935/2405/693 3518/3953/693 3517/2406/692
f 100/2396/690 102/2403/690 107/2407/695
f 103/2408/695 107/2407/695 1932/2383/687
f 3516/2404/690 3515/2409/695 107/2407/695
f 3515/2409/695 3514/3949/687 1932/2383/687
f 103/2408/695 108/2410/695 104/2394/690
f 108/2410/695 3495/2411/695 3496/2399/690
f 1931/2376/687 1930/2379/687 108/2410/695
f 1930/2379/687 3494/2378/687 3495/2411/695
f 113/2412/696 114/2415/650 110/2413/650
f 114/2415/650 1936/2419/697 1937/2416/697
f 3523/2417/696 3524/2418/650 114/2415/650
f 3524/2418/650 3525/2504/698 1936/2419/697
f 110/2413/650 115/2421/650 111/2420/696
f 115/2421/650 3521/2424/650 3520/2422/696
f 110/2413/650 1937/2416/697 1938/2423/698
f 1938/2423/698 3493/3954/697 3521/2424/650
f 111/2420/696 116/2426/699 112/2425/699
f 116/2426/699 1935/2405/693 1934/2398/693
f 3520/2422/696 3519/2427/699 116/2426/699
f 3519/2427/699 3518/3953/693 1935/2405/693
f 112/2425/699 117/2429/699 113/2412/696
f 113/2412/696 117/2429/699 3522/2428/699
f 1934/2398/693 1933/2401/693 117/2429/699
f 1933/2401/693 3498/3952/693 3522/2428/699
f 122/2430/700 123/2433/701 119/2431/701
f 123/2433/701 1939/2437/703 1940/2434/702
f 3540/2435/700 3541/2436/701 123/2433/701
f 3541/2436/701 3542/3955/702 1939/2437/703
f 119/2431/701 124/2439/701 120/2438/700
f 124/2439/701 3535/2442/701 3536/2440/700
f 1940/2434/702 1941/2441/704 124/2439/701
f 1941/2441/704 3534/3956/704 3535/2442/701
f 120/2438/700 125/2444/705 121/2443/705
f 125/2444/705 1944/2447/706 1943/2445/706
f 3536/2440/700 3537/2446/705 125/2444/705
f 3537/2446/705 3538/3957/706 1944/2447/706
f 121/2443/705 126/2448/705 122/2430/700
f 126/2448/705 3539/2450/705 3540/2435/700
f 1943/2445/706 1942/2449/706 126/2448/705
f 1942/2449/706 3508/3958/706 3539/2450/705
f 127/2451/707 131/2455/707 132/2452/708
f 132/2452/708 1942/2449/706 1943/2445/706
f 3506/2454/707 3507/2456/708 132/2452/708
f 3507/2456/708 3508/3958/706 1942/2449/706
f 128/2453/708 133/2458/708 129/2457/707
f 133/2458/708 3543/2460/708 3544/2459/707
f 1943/2445/706 1944/2447/706 133/2458/708
f 1944/2447/706 3538/3957/706 3543/2460/708
f 129/2457/707 134/2462/710 130/2461/709
f 134/2462/710 1929/2465/711 1928/2463/711
f 3544/2459/707 3545/2464/710 134/2462/710
f 3545/2464/710 3509/3959/711 1929/2465/711
f 127/2451/707 130/2461/709 135/2466/710
f 135/2466/710 3505/2468/710 3506/2454/707
f 1928/2463/711 1927/2467/711 135/2466/710
f 1927/2467/711 3504/3960/711 3505/2468/710
f 140/2469/712 141/2472/713 137/2470/713
f 141/2472/713 1927/2467/711 1928/2463/711
f 3547/2473/714 3548/2474/713 141/2472/713
f 3548/2474/713 3504/3960/711 1927/2467/711
f 137/2470/713 142/2476/713 138/2475/715
f 142/2476/713 3510/2478/713 3511/2477/712
f 1928/2463/711 1929/2465/711 142/2476/713
f 1929/2465/711 3509/3959/711 3510/2478/713
f 138/2475/715 143/2480/716 139/2479/716
f 143/2480/716 1947/2483/717 1946/2481/717
f 3511/2477/712 3512/2482/716 143/2480/716
f 3512/2482/716 3513/3961/717 1947/2483/717
f 136/2471/712 139/2479/716 144/2484/716
f 144/2484/716 3546/2486/716 3547/2473/714
f 1946/2481/717 1945/2485/717 144/2484/716
f 1945/2485/717 3499/3962/717 3546/2486/716
f 149/2487/718 150/2490/682 146/2488/682
f 150/2490/682 1948/2494/1 1949/2491/1
f 3550/2492/718 3551/2493/719 150/2490/682
f 3551/2493/719 3503/3963/1 1948/2494/1
f 145/2489/718 146/2488/682 151/2495/682
f 151/2495/682 3490/2499/682 3491/2497/718
f 1949/2491/1 1950/2498/1 151/2495/682
f 1950/2498/1 3489/3964/1 3490/2499/682
f 147/2496/718 152/2501/720 148/2500/720
f 152/2501/720 1938/2423/698 1937/2416/697
f 3491/2497/718 3492/2502/720 152/2501/720
f 3492/2502/720 3493/3954/697 1938/2423/698
f 148/2500/720 153/2503/720 149/2487/718
f 153/2503/720 3549/2505/720 3550/2492/718
f 1937/2416/697 1936/2419/697 153/2503/720
f 153/2503/720 1936/2419/697 3525/2504/698
f 158/2506/721 159/2509/723 155/2507/722
f 159/2509/723 1945/2485/717 1946/2481/717
f 3501/2510/721 3500/2511/723 159/2509/723
f 3500/2511/723 3499/3962/717 1945/2485/717
f 155/2507/722 160/2513/723 156/2512/721
f 160/2513/723 3554/2515/723 3553/2514/721
f 1946/2481/717 1947/2483/717 160/2513/723
f 1947/2483/717 3513/3961/717 3554/2515/723
f 156/2512/721 161/2517/724 157/2516/724
f 161/2517/724 1950/2498/1 1949/2491/1
f 3553/2514/721 3552/2518/724 161/2517/724
f 3552/2518/724 3489/3964/1 1950/2498/1
f 154/2508/721 157/2516/724 162/2519/725
f 162/2519/725 3502/2520/724 3501/2510/721
f 1949/2491/1 1948/2494/1 162/2519/725
f 1948/2494/1 3503/3963/1 3502/2520/724
f 167/2521/726 168/2524/729 164/2522/727
f 168/2524/729 1956/2528/733 1955/2525/730
f 2036/2526/731 2037/2527/732 168/2524/729
f 2037/2527/732 3205/3965/1883 1956/2528/733
f 163/2523/728 164/2522/727 169/2529/734
f 165/2530/735 169/2529/734 2032/2531/736
f 164/2522/727 1955/2525/730 1954/2533/738
f 169/2529/734 1954/2533/738 3204/2534/739
f 165/2530/735 170/2536/741 166/2535/740
f 170/2536/741 3556/2539/744 3557/2537/742
f 2033/2532/737 2034/2538/743 170/2536/741
f 2034/2538/743 3555/2662/863 3556/2539/744
f 163/2523/728 166/2535/740 171/2540/745
f 167/2521/726 171/2540/745 2035/2541/746
f 166/2535/740 3557/2537/742 3558/2542/747
f 171/2540/745 3558/2542/747 3559/2543/748
f 176/2544/749 177/2547/752 173/2545/750
f 177/2547/752 1957/2551/752 1958/2548/753
f 2042/2549/754 2043/2550/755 177/2547/752
f 2043/2550/755 3206/3966/1884 1957/2551/752
f 173/2545/750 178/2553/757 174/2552/756
f 178/2553/757 2038/2556/760 2039/2554/758
f 1958/2548/753 1959/2555/759 178/2553/757
f 1959/2555/759 3207/3967/758 2038/2556/760
f 172/2546/751 174/2552/756 179/2557/761
f 175/2558/762 179/2557/761 3563/2559/763
f 174/2552/756 2039/2554/758 2040/2561/760
f 179/2557/761 2040/2561/760 3564/2562/765
f 172/2546/751 175/2558/762 180/2563/766
f 176/2544/749 180/2563/766 2041/2564/767
f 175/2558/762 3562/2560/764 3561/2565/768
f 180/2563/766 3561/2565/768 3560/2566/769
f 181/2567/770 185/2572/775 186/2568/771
f 182/2569/772 186/2568/771 1986/2570/773
f 185/2572/775 2030/2587/790 2029/2573/776
f 186/2568/771 2029/2573/776 3214/2574/777
f 182/2569/772 187/2576/779 183/2575/778
f 187/2576/779 2044/2579/782 2045/2577/780
f 1985/2571/774 1984/2578/781 187/2576/779
f 1984/2578/781 3209/2669/870 2044/2579/782
f 181/2567/770 183/2575/778 188/2580/783
f 184/2581/784 188/2580/783 3579/2582/785
f 183/2575/778 2045/2577/780 2046/2584/787
f 188/2580/783 2046/2584/787 3570/2585/788
f 184/2581/784 189/2586/789 185/2572/775
f 189/2586/789 2031/2589/792 2030/2587/790
f 3580/2583/786 3581/2588/791 189/2586/789
f 3581/2588/791 3225/3968/1885 2031/2589/792
f 194/2590/793 195/2596/799 191/2591/794
f 191/2591/794 195/2596/799 1974/2593/796
f 2048/2595/798 2049/2597/800 195/2596/799
f 2049/2597/800 3213/3969/1886 1974/2593/796
f 191/2591/794 196/2599/802 192/2598/801
f 196/2599/802 2037/2527/732 2036/2526/731
f 1973/2594/797 1972/2600/803 196/2599/802
f 1972/2600/803 3205/3965/1883 2037/2527/732
f 190/2592/795 192/2598/801 197/2601/804
f 193/2602/805 197/2601/804 3571/2603/806
f 192/2598/801 2036/2526/731 2035/2541/746
f 197/2601/804 2035/2541/746 3559/2543/748
f 190/2592/795 193/2602/805 198/2605/808
f 194/2590/793 198/2605/808 2047/2606/809
f 193/2602/805 3572/2604/807 3573/2607/810
f 198/2605/808 3573/2607/810 3574/2608/811
f 203/2609/812 204/2612/815 200/2610/813
f 204/2612/815 1992/2616/819 1991/2613/816
f 2054/2614/817 2055/2615/818 204/2612/815
f 2055/2615/818 3201/3970/1887 1992/2616/819
f 200/2610/813 205/2618/821 201/2617/820
f 205/2618/821 2043/2550/755 2042/2549/754
f 1991/2613/816 1990/2619/822 205/2618/821
f 1990/2619/822 3206/3966/1884 2043/2550/755
f 199/2611/814 201/2617/820 206/2620/823
f 202/2621/824 206/2620/823 3582/2622/825
f 201/2617/820 2042/2549/754 2041/2564/767
f 206/2620/823 2041/2564/767 3560/2566/769
f 199/2611/814 202/2621/824 207/2624/827
f 203/2609/812 207/2624/827 2053/2625/828
f 202/2621/824 3583/2623/826 3584/2626/829
f 207/2624/827 3584/2626/829 3566/2627/830
f 212/2628/831 213/2631/833 209/2629/832
f 213/2631/833 1995/2633/835 1994/2632/834
f 2039/2554/758 2038/2556/760 213/2631/833
f 2038/2556/760 3207/3967/758 1995/2633/835
f 209/2629/832 214/2635/836 210/2634/836
f 214/2635/836 2049/2597/800 2048/2595/798
f 1994/2632/834 1993/2636/837 214/2635/836
f 1993/2636/837 3213/3969/1886 2049/2597/800
f 208/2630/832 210/2634/836 215/2637/838
f 211/2638/839 215/2637/838 3585/2639/840
f 210/2634/836 2048/2595/798 2047/2606/809
f 215/2637/838 2047/2606/809 3574/2608/811
f 208/2630/832 211/2638/839 216/2641/842
f 212/2628/831 216/2641/842 2040/2561/760
f 211/2638/839 3586/2640/841 3587/2642/843
f 216/2641/842 3587/2642/843 3564/2562/765
f 221/2643/844 222/2646/847 218/2644/845
f 222/2646/847 1980/2648/849 1979/2647/848
f 2033/2532/737 2032/2531/736 222/2646/847
f 2032/2531/736 3204/2534/739 1980/2648/849
f 217/2645/846 218/2644/845 223/2649/850
f 219/2650/851 223/2649/850 2052/2651/852
f 218/2644/845 1979/2647/848 1978/2653/854
f 223/2649/850 1978/2653/854 3199/2654/855
f 219/2650/851 224/2656/857 220/2655/856
f 224/2656/857 3575/2659/860 3576/2657/858
f 2051/2652/853 2050/2658/859 224/2656/857
f 2050/2658/859 3216/3971/1888 3575/2659/860
f 217/2645/846 220/2655/856 225/2660/861
f 221/2643/844 225/2660/861 2034/2538/743
f 220/2655/856 3576/2657/858 3577/2661/862
f 225/2660/861 3577/2661/862 3555/2662/863
f 226/2663/864 230/2668/869 231/2664/865
f 227/2665/866 231/2664/865 1962/2666/867
f 230/2668/869 2045/2577/780 2044/2579/782
f 231/2664/865 2044/2579/782 3209/2669/870
f 227/2665/866 232/2671/872 228/2670/871
f 232/2671/872 2055/2615/818 2054/2614/817
f 1961/2667/868 1960/2672/873 232/2671/872
f 1960/2672/873 3201/3970/1887 2055/2615/818
f 226/2663/864 228/2670/871 233/2673/874
f 229/2674/875 233/2673/874 3567/2675/876
f 228/2670/871 2054/2614/817 2053/2625/828
f 233/2673/874 2053/2625/828 3566/2627/830
f 229/2674/875 234/2677/878 230/2668/869
f 234/2677/878 2046/2584/787 2045/2577/780
f 3568/2676/877 3569/2678/879 234/2677/878
f 3569/2678/879 3570/2585/788 2046/2584/787
f 239/2679/880 240/2682/883 236/2680/881
f 240/2682/883 1858/2686/887 1859/2683/884
f 1898/2684/885 1899/2685/886 240/2682/883
f 1899/2685/886 3178/2733/934 1858/2686/887
f 235/2681/882 236/2680/881 241/2687/888
f 241/2687/888 2064/2691/892 2063/2689/890
f 236/2680/881 1859/2683/884 1860/2690/891
f 1860/2690/891 3179/3972/1889 2064/2691/892
f 235/2681/882 237/2688/889 242/2692/893
f 242/2692/893 3589/2696/897 3590/2694/895
f 237/2688/889 2063/2689/890 2062/2695/896
f 2062/2695/896 3588/2852/1053 3589/2696/897
f 238/2693/894 243/2697/898 239/2679/880
f 243/2697/898 1897/2699/900 1898/2684/885
f 3590/2694/895 3591/2698/899 243/2697/898
f 3591/2698/899 3592/2738/939 1897/2699/900
f 248/2700/901 249/2706/907 245/2701/902
f 245/2701/902 249/2706/907 1840/2703/904
f 1904/2705/906 1905/2707/908 249/2706/907
f 1905/2707/908 3182/3973/1890 1840/2703/904
f 245/2701/902 250/2709/910 246/2708/909
f 250/2709/910 2070/2713/914 2069/2710/911
f 245/2701/902 1841/2704/905 1842/2711/912
f 250/2709/910 1842/2711/912 3183/2712/913
f 246/2708/909 251/2717/918 247/2714/915
f 247/2714/915 251/2717/918 3594/2715/916
f 2069/2710/911 2068/2718/919 251/2717/918
f 2068/2718/919 3593/2760/961 3594/2715/916
f 247/2714/915 252/2719/920 248/2700/901
f 252/2719/920 1903/2721/922 1904/2705/906
f 3595/2716/917 3596/3065/1891 252/2719/920
f 252/2719/920 3596/3065/1891 3597/2720/921
f 253/2722/923 257/2728/929 258/2723/924
f 254/2724/925 258/2723/924 1861/2725/926
f 1907/2727/928 1908/2809/1010 258/2723/924
f 258/2723/924 1908/2809/1010 3187/2729/930
f 254/2724/925 259/2731/932 255/2730/931
f 259/2731/932 1899/2685/886 1898/2684/885
f 254/2724/925 1862/2726/927 1863/2732/933
f 259/2731/932 1863/2732/933 3178/2733/934
f 255/2730/931 260/2737/938 256/2734/935
f 256/2734/935 260/2737/938 3598/2735/936
f 255/2730/931 1898/2684/885 1897/2699/900
f 260/2737/938 1897/2699/900 3592/2738/939
f 253/2722/923 256/2734/935 261/2739/940
f 257/2728/929 261/2739/940 1906/2740/941
f 3599/2736/937 3600/3079/1892 261/2739/940
f 261/2739/940 3600/3079/1892 3601/2741/942
f 262/2742/943 266/2746/947 267/2743/944
f 267/2743/944 1843/2747/948 1844/2745/946
f 266/2746/947 2069/2710/911 2070/2713/914
f 2070/2713/914 3183/2712/913 1843/2747/948
f 262/2742/943 263/2744/945 268/2748/949
f 264/2749/950 268/2748/949 2079/2750/951
f 1844/2745/946 1845/2752/953 268/2748/949
f 1845/2752/953 3184/3974/1893 2079/2750/951
f 262/2742/943 264/2749/950 269/2753/954
f 269/2753/954 3603/2757/958 3604/2755/956
f 264/2749/950 2078/2751/952 2077/2756/957
f 2077/2756/957 3602/2779/980 3603/2757/958
f 265/2754/955 270/2758/959 266/2746/947
f 270/2758/959 2068/2718/919 2069/2710/911
f 265/2754/955 3604/2755/956 3605/2759/960
f 270/2758/959 3605/2759/960 3593/2760/961
f 275/2761/962 276/2764/965 272/2762/963
f 276/2764/965 1846/2766/967 1847/2765/966
f 2078/2751/952 2079/2750/951 276/2764/965
f 2079/2750/951 3184/3974/1893 1846/2766/967
f 271/2763/964 272/2762/963 277/2767/968
f 273/2768/969 277/2767/968 2082/2769/970
f 1847/2765/966 1848/2771/972 277/2767/968
f 1848/2771/972 3185/3975/1894 2082/2769/970
f 271/2763/964 273/2768/969 278/2772/973
f 278/2772/973 3607/2777/978 3608/2774/975
f 273/2768/969 2081/2770/971 2080/2775/976
f 278/2772/973 2080/2775/976 3606/2776/977
f 274/2773/974 279/2778/979 275/2761/962
f 279/2778/979 2077/2756/957 2078/2751/952
f 3608/2774/975 3609/3104/1895 279/2778/979
f 279/2778/979 3609/3104/1895 3602/2779/980
f 280/2780/981 284/2784/985 285/2781/982
f 285/2781/982 1849/2785/986 1850/2783/984
f 2081/2770/971 2082/2769/970 285/2781/982
f 2082/2769/970 3185/3975/1894 1849/2785/986
f 281/2782/983 286/2787/988 282/2786/987
f 286/2787/988 2085/2790/991 2084/2788/989
f 1850/2783/984 1851/2789/990 286/2787/988
f 1851/2789/990 3186/2805/1006 2085/2790/991
f 282/2786/987 287/2795/996 283/2791/992
f 283/2791/992 287/2795/996 3611/2792/993
f 282/2786/987 2084/2788/989 2083/2794/995
f 287/2795/996 2083/2794/995 3610/2796/997
f 280/2780/981 283/2791/992 288/2797/998
f 284/2784/985 288/2797/998 2080/2775/976
f 3612/2793/994 3613/2798/999 288/2797/998
f 3613/2798/999 3606/2776/977 2080/2775/976
f 289/2799/1000 293/2804/1005 294/2800/1001
f 290/2801/1002 294/2800/1001 1852/2802/1003
f 2084/2788/989 2085/2790/991 294/2800/1001
f 294/2800/1001 2085/2790/991 3186/2805/1006
f 290/2801/1002 295/2807/1008 291/2806/1007
f 295/2807/1008 1908/2809/1010 1907/2727/928
f 290/2801/1002 1853/2803/1004 1854/2808/1009
f 295/2807/1008 1854/2808/1009 3187/2729/930
f 291/2806/1007 296/2811/1012 292/2810/1011
f 296/2811/1012 3614/2813/1014 3615/2812/1013
f 1907/2727/928 1906/2740/941 296/2811/1012
f 296/2811/1012 1906/2740/941 3601/2741/942
f 292/2810/1011 297/2814/1015 293/2804/1005
f 297/2814/1015 2083/2794/995 2084/2788/989
f 292/2810/1011 3615/2812/1013 3616/2815/1016
f 297/2814/1015 3616/2815/1016 3610/2796/997
f 298/2816/1017 302/2820/1021 303/2817/1018
f 303/2817/1018 1834/2822/1023 1835/2819/1020
f 302/2820/1021 1922/2835/1036 1923/2821/1022
f 1923/2821/1022 3180/3976/1896 1834/2822/1023
f 298/2816/1017 299/2818/1019 304/2823/1024
f 300/2824/1025 304/2823/1024 2088/2825/1026
f 1835/2819/1020 1836/2827/1028 304/2823/1024
f 1836/2827/1028 3181/2859/1060 2088/2825/1026
f 300/2824/1025 305/2829/1030 301/2828/1029
f 305/2829/1030 3618/2832/1033 3619/2830/1031
f 2087/2826/1027 2086/2871/1068 305/2829/1030
f 305/2829/1030 2086/2871/1068 3617/2831/1032
f 298/2816/1017 301/2828/1029 306/2833/1034
f 302/2820/1021 306/2833/1034 1921/2834/1035
f 301/2828/1029 3619/2830/1031 3620/2836/1037
f 3620/2836/1037 3621/2849/1050 1921/2834/1035
f 307/2837/1038 311/2841/1042 312/2838/1039
f 312/2838/1039 1855/2842/1043 1856/2840/1041
f 311/2841/1042 2063/2689/890 2064/2691/892
f 2064/2691/892 3179/3972/1889 1855/2842/1043
f 307/2837/1038 308/2839/1040 313/2843/1044
f 309/2844/1045 313/2843/1044 1923/2821/1022
f 1856/2840/1041 1857/2845/1046 313/2843/1044
f 1857/2845/1046 3180/3976/1896 1923/2821/1022
f 307/2837/1038 309/2844/1045 314/2846/1047
f 314/2846/1047 3622/2850/1051 3623/2848/1049
f 1922/2835/1036 1921/2834/1035 314/2846/1047
f 314/2846/1047 1921/2834/1035 3621/2849/1050
f 307/2837/1038 310/2847/1048 315/2851/1052
f 311/2841/1042 315/2851/1052 2062/2695/896
f 3623/2848/1049 3624/3151/1897 315/2851/1052
f 315/2851/1052 3624/3151/1897 3588/2852/1053
f 320/2853/1054 321/2858/1059 317/2854/1055
f 317/2854/1055 321/2858/1059 1837/2856/1057
f 2087/2826/1027 2088/2825/1026 321/2858/1059
f 321/2858/1059 2088/2825/1026 3181/2859/1060
f 316/2855/1056 317/2854/1055 322/2860/1061
f 322/2860/1061 1905/2864/908 1904/2862/906
f 317/2854/1055 1838/2857/1058 1839/2863/1063
f 1839/2863/1063 3182/3977/1890 1905/2864/908
f 316/2855/1056 318/2861/1062 323/2865/1064
f 323/2865/1064 3625/2870/1067 3626/2867/1066
f 318/2861/1062 1904/2862/906 1903/2868/922
f 323/2865/1064 1903/2868/922 3597/2869/921
f 319/2866/1065 324/2873/1070 320/2853/1054
f 320/2853/1054 324/2873/1070 2086/2871/1068
f 319/2866/1065 3626/2867/1066 3627/2872/1069
f 3627/2872/1069 3617/2831/1032 2086/2871/1068
f 329/2874/1071 330/2877/1074 326/2875/1072
f 330/2877/1074 1864/2337/1078 1865/2332/1075
f 2186/2878/1076 2187/2879/1077 330/2877/1074
f 2187/2879/1077 3190/3946/1898 1864/2337/1078
f 326/2875/1072 331/2881/1080 327/2880/1079
f 331/2881/1080 2182/2883/1083 2183/2882/1081
f 1865/2332/1075 1866/2334/1082 331/2881/1080
f 1866/2334/1082 3191/3945/1899 2182/2883/1083
f 325/2876/1073 327/2880/1079 332/2884/1084
f 328/2885/1085 332/2884/1084 2124/2886/1086
f 327/2880/1079 2183/2882/1081 2184/2888/1087
f 332/2884/1084 2184/2888/1087 3238/2889/1088
f 325/2876/1073 328/2885/1085 333/2890/1089
f 329/2874/1071 333/2890/1089 2185/2891/1090
f 328/2885/1085 2123/2887/1073 2122/2892/1091
f 333/2890/1089 2122/2892/1091 3237/2893/1092
f 338/2894/1093 339/2897/1096 335/2895/1094
f 339/2897/1096 1867/2371/1098 1868/2367/1097
f 2183/2882/1081 2182/2883/1083 339/2897/1096
f 2182/2883/1083 3191/3945/1899 1867/2371/1098
f 334/2896/1095 335/2895/1094 340/2898/1099
f 340/2898/1099 2188/2901/1103 2189/2900/1101
f 1868/2367/1097 1869/2369/1102 340/2898/1099
f 1869/2369/1102 3192/3948/1900 2188/2901/1103
f 334/2896/1095 336/2899/1100 341/2902/1104
f 341/2902/1104 2127/2907/1109 2126/2904/1106
f 336/2899/1100 2189/2900/1101 2190/2905/1107
f 341/2902/1104 2190/2905/1107 3239/2906/1108
f 334/2896/1095 337/2903/1105 342/2908/1110
f 338/2894/1093 342/2908/1110 2184/2888/1087
f 337/2903/1105 2126/2904/1106 2125/2909/1111
f 342/2908/1110 2125/2909/1111 3238/2889/1088
f 347/2910/1112 348/2913/1115 344/2911/1113
f 348/2913/1115 1870/2224/1117 1871/2220/1116
f 2189/2914/1101 2188/2915/1103 348/2913/1115
f 2188/2915/1103 3192/3939/1900 1870/2224/1117
f 344/2911/1113 349/2917/1119 345/2916/1118
f 349/2917/1119 2191/2919/1122 2192/2918/1120
f 1871/2220/1116 1872/2222/1121 349/2917/1119
f 1872/2222/1121 3193/3938/1901 2191/2919/1122
f 343/2912/1114 345/2916/1118 350/2920/1123
f 350/2920/1123 2130/2925/1128 2129/2922/1125
f 345/2916/1118 2192/2918/1120 2193/2923/1126
f 350/2920/1123 2193/2923/1126 3240/2924/1127
f 343/2912/1114 346/2921/1124 351/2926/1129
f 347/2910/1112 351/2926/1129 2190/2927/1107
f 346/2921/1124 2129/2922/1125 2128/2928/1130
f 351/2926/1129 2128/2928/1130 3239/2929/1108
f 356/2930/1131 357/2933/1136 353/2931/1132
f 353/2931/1132 357/2933/1136 1873/2262/1134
f 2192/2918/1120 2191/2919/1122 357/2933/1136
f 2191/2919/1122 3193/3938/1901 1873/2262/1134
f 353/2931/1132 358/2935/1138 354/2934/1137
f 358/2935/1138 2194/2937/1141 2195/2936/1139
f 1874/2258/1135 1875/2260/1140 358/2935/1138
f 1875/2260/1140 3194/3942/1902 2194/2937/1141
f 352/2932/1133 354/2934/1137 359/2938/1142
f 355/2939/1143 359/2938/1142 2133/2940/1144
f 354/2934/1137 2195/2936/1139 2196/2942/1146
f 359/2938/1142 2196/2942/1146 3241/2943/1147
f 352/2932/1133 355/2939/1143 360/2944/1148
f 356/2930/1131 360/2944/1148 2193/2923/1126
f 355/2939/1143 2132/2941/1145 2131/2945/1149
f 360/2944/1148 2131/2945/1149 3240/2924/1127
f 361/2946/1150 365/2949/1154 366/2947/1151
f 366/2947/1151 1876/2282/1155 1877/2278/1153
f 365/2949/1154 2195/2936/1139 2194/2937/1141
f 2194/2937/1141 3194/3942/1902 1876/2282/1155
f 362/2948/1152 367/2951/1157 363/2950/1156
f 367/2951/1157 2197/2953/1160 2198/2952/1158
f 1877/2278/1153 1878/2280/1159 367/2951/1157
f 1878/2280/1159 3195/3943/1903 2197/2953/1160
f 361/2946/1150 363/2950/1156 368/2954/1161
f 364/2955/1162 368/2954/1161 2136/2956/1163
f 363/2950/1156 2198/2952/1158 2199/2958/1165
f 368/2954/1161 2199/2958/1165 3242/2959/1166
f 361/2946/1150 364/2955/1162 369/2960/1167
f 365/2949/1154 369/2960/1167 2196/2942/1146
f 364/2955/1162 2135/2957/1164 2134/2961/1168
f 369/2960/1167 2134/2961/1168 3241/2943/1147
f 374/2962/1169 375/2965/1174 371/2963/1170
f 371/2963/1170 375/2965/1174 1879/2301/1172
f 2198/2952/1158 2197/2953/1160 375/2965/1174
f 2197/2953/1160 3195/3943/1903 1879/2301/1172
f 371/2963/1170 376/2967/1176 372/2966/1175
f 376/2967/1176 2200/2969/1179 2201/2968/1177
f 1880/2297/1173 1881/2299/1178 376/2967/1176
f 1881/2299/1178 3196/3944/1904 2200/2969/1179
f 370/2964/1171 372/2966/1175 377/2970/1180
f 373/2971/1181 377/2970/1180 2139/2972/1182
f 372/2966/1175 2201/2968/1177 2202/2974/1184
f 377/2970/1180 2202/2974/1184 3243/2975/1185
f 370/2964/1171 373/2971/1181 378/2976/1186
f 374/2962/1169 378/2976/1186 2199/2958/1165
f 373/2971/1181 2138/2973/1183 2137/2977/1186
f 378/2976/1186 2137/2977/1186 3242/2959/1166
f 383/2978/1187 384/2981/1190 380/2979/1188
f 384/2981/1190 1882/2316/1192 1883/2313/1191
f 2201/2968/1177 2200/2969/1179 384/2981/1190
f 2200/2969/1179 3196/3944/1904 1882/2316/1192
f 380/2979/1188 385/2983/1194 381/2982/1193
f 385/2983/1194 2203/2985/1197 2204/2984/1195
f 1883/2313/1191 1884/2314/1196 385/2983/1194
f 1884/2314/1196 3197/3941/1905 2203/2985/1197
f 379/2980/1189 381/2982/1193 386/2986/1198
f 382/2987/1199 386/2986/1198 2142/2988/1200
f 381/2982/1193 2204/2984/1195 2205/2990/1202
f 386/2986/1198 2205/2990/1202 3244/2991/1203
f 379/2980/1189 382/2987/1199 387/2992/1204
f 383/2978/1187 387/2992/1204 2202/2974/1184
f 2141/2989/1201 2140/3978/1906 387/2992/1204
f 387/2992/1204 2140/3978/1906 3243/2975/1185
f 392/2993/1205 393/2996/1207 389/2994/1206
f 393/2996/1207 1885/2353/1211 1886/2350/1208
f 2207/2997/1209 2208/2998/1210 393/2996/1207
f 2208/2998/1210 3189/3935/1907 1885/2353/1211
f 389/2994/1206 394/3000/1213 390/2999/1212
f 390/2999/1212 394/3000/1213 2187/2879/1077
f 1886/2350/1208 1887/2351/1214 394/3000/1213
f 1887/2351/1214 3190/3946/1898 2187/2879/1077
f 388/2995/1206 390/2999/1212 395/3001/1215
f 391/3002/1216 395/3001/1215 2145/3003/1217
f 390/2999/1212 2186/2878/1076 2185/2891/1090
f 395/3001/1215 2185/2891/1090 3237/2893/1092
f 388/2995/1206 391/3002/1216 396/3005/1219
f 392/2993/1205 396/3005/1219 2206/3006/1220
f 391/3002/1216 2144/3004/1218 2143/3007/1221
f 396/3005/1219 2143/3007/1221 3245/3008/1222
f 401/3009/1223 402/3012/1226 398/3010/1224
f 402/3012/1226 1888/2203/1229 1889/2199/1224
f 2210/3013/1227 2211/3014/1228 402/3012/1226
f 2211/3014/1228 3188/3936/1908 1888/2203/1229
f 398/3010/1224 403/3016/1230 399/3015/1230
f 403/3016/1230 2208/2998/1210 2207/2997/1209
f 398/3010/1224 1889/2199/1224 1890/2201/1231
f 1890/2201/1231 3189/3935/1907 2208/2998/1210
f 397/3011/1225 399/3015/1230 404/3017/1232
f 400/3018/1233 404/3017/1232 2148/3019/1234
f 399/3015/1230 2207/2997/1209 2206/3006/1220
f 404/3017/1232 2206/3006/1220 3245/3008/1222
f 397/3011/1225 400/3018/1233 405/3021/1226
f 401/3009/1223 405/3021/1226 2209/3022/1236
f 400/3018/1233 2147/3020/1235 2146/3023/1237
f 405/3021/1226 2146/3023/1237 3246/3024/1238
f 410/3025/1239 411/3028/1242 407/3026/1240
f 411/3028/1242 1891/2242/1244 1892/2238/1243
f 2204/2984/1195 2203/2985/1197 411/3028/1242
f 2203/2985/1197 3197/3941/1905 1891/2242/1244
f 407/3026/1240 412/3030/1246 408/3029/1245
f 412/3030/1246 2211/3014/1228 2210/3013/1227
f 1892/2238/1243 1893/2239/1247 412/3030/1246
f 1893/2239/1247 3188/3936/1908 2211/3014/1228
f 406/3027/1241 408/3029/1245 413/3031/1248
f 409/3032/1249 413/3031/1248 2151/3033/1250
f 408/3029/1245 2210/3013/1227 2209/3022/1236
f 413/3031/1248 2209/3022/1236 3246/3024/1238
f 406/3027/1241 409/3032/1249 414/3035/1252
f 410/3025/1239 414/3035/1252 2205/2990/1202
f 2150/3034/1251 2149/3979/1909 414/3035/1252
f 414/3035/1252 2149/3979/1909 3244/2991/1203
f 419/3036/1253 420/3041/1259 416/3037/1254
f 416/3037/1254 420/3041/1259 2152/3039/1256
f 2216/3040/1258 2217/3042/1260 420/3041/1259
f 2217/3042/1260 3227/2196/1910 2152/3039/1256
f 416/3037/1254 421/3044/1262 417/3043/1261
f 421/3044/1262 2212/3046/1265 2213/3045/1263
f 2153/2188/1257 2154/2187/1264 421/3044/1262
f 2154/2187/1264 3248/2191/1911 2212/3046/1265
f 417/3043/1261 422/3048/1267 418/3047/1266
f 422/3048/1267 2094/2698/1271 2093/2694/1268
f 417/3043/1261 2213/3045/1263 2214/3049/1269
f 422/3048/1267 2214/3049/1269 3228/2738/1270
f 415/3038/1255 418/3047/1266 423/3050/1272
f 419/3036/1253 423/3050/1272 2215/3051/1273
f 2093/2694/1268 2092/2696/1274 423/3050/1272
f 2092/2696/1274 3247/2852/1422 2215/3051/1273
f 428/3052/1275 429/3055/1278 425/3053/1276
f 429/3055/1278 2155/2217/1282 2156/2208/1279
f 2222/3056/1280 2223/3057/1281 429/3055/1278
f 2223/3057/1281 3229/2249/1912 2155/2217/1282
f 424/3054/1277 425/3053/1276 430/3058/1283
f 430/3058/1283 2218/3061/1287 2219/3060/1285
f 2156/2208/1279 2157/2212/1286 430/3058/1283
f 2157/2212/1286 3250/3937/1913 2218/3061/1287
f 424/3054/1277 426/3059/1284 431/3062/1288
f 431/3062/1288 2097/3065/1293 2096/2716/1290
f 426/3059/1284 2219/3060/1285 2220/3064/1291
f 431/3062/1288 2220/3064/1291 3230/2720/1292
f 424/3054/1277 427/3063/1289 432/3066/1294
f 428/3052/1275 432/3066/1294 2221/3067/1295
f 427/3063/1289 2096/2716/1290 2095/2715/1296
f 2095/2715/1296 3249/2760/1331 2221/3067/1295
f 433/3068/1297 437/3071/1301 438/3069/1298
f 438/3069/1298 2158/3072/1302 2159/2230/1300
f 2213/3045/1263 2212/3046/1265 438/3069/1298
f 2212/3046/1265 3248/2191/1911 2158/3072/1302
f 434/3070/1299 439/3074/1304 435/3073/1303
f 439/3074/1304 2224/3076/1307 2225/3075/1305
f 434/3070/1299 2159/2230/1300 2160/2229/1306
f 2160/2229/1306 3251/3940/1914 2224/3076/1307
f 433/3068/1297 435/3073/1303 440/3077/1308
f 436/3078/1309 440/3077/1308 2100/3079/1310
f 435/3073/1303 2225/3075/1305 2226/3080/1312
f 440/3077/1308 2226/3080/1312 3231/2741/1313
f 433/3068/1297 436/3078/1309 441/3081/1314
f 437/3071/1301 441/3081/1314 2214/3049/1269
f 436/3078/1309 2099/2736/1311 2098/2735/1315
f 441/3081/1314 2098/2735/1315 3228/2738/1270
f 446/3082/1316 447/3086/1322 443/3083/1317
f 443/3083/1317 447/3086/1322 2161/2254/1319
f 2228/3085/1321 2229/3087/1323 447/3086/1322
f 2229/3087/1323 3232/2269/1915 2161/2254/1319
f 443/3083/1317 448/3089/1325 444/3088/1324
f 448/3089/1325 2223/3057/1281 2222/3056/1280
f 2162/2247/1320 2163/2250/1326 448/3089/1325
f 2163/2250/1326 3229/2249/1912 2223/3057/1281
f 444/3088/1324 449/3091/1330 445/3090/1327
f 445/3090/1327 449/3091/1330 2103/2759/1328
f 2222/3056/1280 2221/3067/1295 449/3091/1330
f 449/3091/1330 2221/3067/1295 3249/2760/1331
f 442/3084/1318 445/3090/1327 450/3092/1332
f 446/3082/1316 450/3092/1332 2227/3093/1333
f 2102/2755/1329 2101/2757/1916 450/3092/1332
f 450/3092/1332 2101/2757/1916 3252/2779/1334
f 455/3094/1335 456/3098/1341 452/3095/1336
f 452/3095/1336 456/3098/1341 2164/2273/1338
f 2231/3097/1340 2232/3099/1342 456/3098/1341
f 2232/3099/1342 3233/2274/1917 2164/2273/1338
f 452/3095/1336 457/3101/1344 453/3100/1343
f 457/3101/1344 2229/3087/1323 2228/3085/1321
f 2165/2267/1339 2166/2266/1345 457/3101/1344
f 2166/2266/1345 3232/2269/1915 2229/3087/1323
f 451/3096/1337 453/3100/1343 458/3102/1346
f 458/3102/1346 2106/3104/1349 2105/2774/1348
f 453/3100/1343 2228/3085/1321 2227/3093/1333
f 2227/3093/1333 3252/2779/1334 2106/3104/1349
f 454/3103/1347 459/3105/1350 455/3094/1335
f 459/3105/1350 2230/3106/1353 2231/3097/1340
f 454/3103/1347 2105/2774/1348 2104/2777/1351
f 459/3105/1350 2104/2777/1351 3253/2776/1352
f 464/3107/1354 465/3110/1357 461/3108/1355
f 465/3110/1357 2167/2292/1361 2168/2286/1358
f 2234/3111/1359 2235/3112/1360 465/3110/1357
f 2235/3112/1360 3234/2293/1918 2167/2292/1361
f 461/3108/1355 466/3114/1363 462/3113/1362
f 466/3114/1363 2232/3099/1342 2231/3097/1340
f 461/3108/1355 2168/2286/1358 2169/2288/1364
f 2169/2288/1364 3233/2274/1917 2232/3099/1342
f 460/3109/1356 462/3113/1362 467/3115/1365
f 467/3115/1365 2109/2798/1368 2108/2793/1367
f 462/3113/1362 2231/3097/1340 2230/3106/1353
f 467/3115/1365 2230/3106/1353 3253/2776/1352
f 463/3116/1366 468/3117/1369 464/3107/1354
f 468/3117/1369 2233/3118/1372 2234/3111/1359
f 463/3116/1366 2108/2793/1367 2107/2792/1370
f 468/3117/1369 2107/2792/1370 3254/2796/1371
f 469/3119/1373 473/3122/1377 474/3120/1374
f 474/3120/1374 2170/2310/1378 2171/2305/1376
f 2225/3075/1305 2224/3076/1307 474/3120/1374
f 2224/3076/1307 3251/3940/1914 2170/2310/1378
f 470/3121/1375 475/3124/1380 471/3123/1379
f 475/3124/1380 2235/3112/1360 2234/3111/1359
f 2171/2305/1376 2172/2307/1381 475/3124/1380
f 2172/2307/1381 3234/2293/1918 2235/3112/1360
f 469/3119/1373 471/3123/1379 476/3125/1382
f 472/3126/1383 476/3125/1382 2112/2815/1384
f 471/3123/1379 2234/3111/1359 2233/3118/1372
f 476/3125/1382 2233/3118/1372 3254/2796/1371
f 469/3119/1373 472/3126/1383 477/3127/1386
f 473/3122/1377 477/3127/1386 2226/3080/1312
f 2111/2812/1385 2110/2813/1919 477/3127/1386
f 477/3127/1386 2110/2813/1919 3231/2741/1313
f 482/3128/1387 483/3131/1390 479/3129/1388
f 483/3131/1390 2173/3134/1394 2174/2321/1391
f 2240/3132/1392 2241/3133/1393 483/3131/1390
f 2241/3133/1393 3235/2328/1920 2173/3134/1394
f 479/3129/1388 484/3136/1396 480/3135/1395
f 484/3136/1396 2236/3138/1399 2237/3137/1397
f 479/3129/1388 2174/2321/1391 2175/2320/1398
f 2175/2320/1398 3256/2324/1921 2236/3138/1399
f 478/3130/1389 480/3135/1395 485/3139/1400
f 485/3139/1400 2115/2836/1404 2114/2830/1402
f 480/3135/1395 2237/3137/1397 2238/3141/1403
f 2238/3141/1403 3236/2849/1425 2115/2836/1404
f 481/3140/1401 486/3143/1407 482/3128/1387
f 482/3128/1387 486/3143/1407 2239/3142/1405
f 481/3140/1401 2114/2830/1402 2113/2832/1406
f 486/3143/1407 2113/2832/1406 3255/2831/1408
f 491/3144/1409 492/3147/1414 488/3145/1410
f 488/3145/1410 492/3147/1414 2176/2347/1412
f 2237/3137/1397 2236/3138/1399 492/3147/1414
f 2236/3138/1399 3256/2324/1921 2176/2347/1412
f 488/3145/1410 493/3149/1416 489/3148/1415
f 493/3149/1416 2217/3042/1260 2216/3040/1258
f 488/3145/1410 2177/2343/1413 2178/2342/1417
f 2178/2342/1417 3227/2196/1910 2217/3042/1260
f 489/3148/1415 494/3152/1421 490/3150/1418
f 490/3150/1418 494/3152/1421 2118/3151/1419
f 489/3148/1415 2216/3040/1258 2215/3051/1273
f 494/3152/1421 2215/3051/1273 3247/2852/1422
f 490/3150/1418 495/3153/1423 491/3144/1409
f 495/3153/1423 2238/3141/1403 2237/3137/1397
f 490/3150/1418 2117/2848/1420 2116/2850/1424
f 495/3153/1423 2116/2850/1424 3236/2849/1425
f 500/3154/1426 501/3158/1431 497/3155/1427
f 497/3155/1427 501/3158/1431 2179/2364/1429
f 2219/3157/1285 2218/3159/1287 501/3158/1431
f 2218/3159/1287 3250/3947/1913 2179/2364/1429
f 496/3156/1428 497/3155/1427 502/3160/1432
f 502/3160/1432 2241/3133/1393 2240/3132/1392
f 2180/2357/1430 2181/2359/1434 502/3160/1432
f 2181/2359/1434 3235/2328/1920 2241/3133/1393
f 496/3156/1428 498/3161/1433 503/3162/1435
f 499/3163/1436 503/3162/1435 2121/2872/1437
f 498/3161/1433 2240/3132/1392 2239/3142/1405
f 503/3162/1435 2239/3142/1405 3255/2831/1408
f 496/3156/1428 499/3163/1436 504/3164/1439
f 500/3154/1426 504/3164/1439 2220/3165/1291
f 499/3163/1436 2120/2867/1438 2119/2870/1440
f 504/3164/1439 2119/2870/1440 3230/2869/1292
f 515/3166/142 516/3172/142 506/3167/142
f 506/3167/142 516/3172/142 2059/3169/142
f 515/3166/142 2057/3217/142 2056/3171/142
f 516/3172/142 2056/3171/142 3226/3173/142
f 506/3167/142 517/3175/142 507/3174/142
f 517/3175/142 1975/3178/142 1976/3176/142
f 2060/3170/142 2061/3177/142 517/3175/142
f 2061/3177/142 3198/3980/142 1975/3178/142
f 507/3174/142 518/3183/142 508/3179/142
f 508/3179/142 518/3183/142 1966/3180/142
f 507/3174/142 1976/3176/142 1977/3182/142
f 518/3183/142 1977/3182/142 3211/3184/142
f 508/3179/142 519/3186/142 509/3185/142
f 519/3186/142 1969/3189/142 1970/3187/142
f 1967/3181/142 1968/3981/142 519/3186/142
f 519/3186/142 1968/3981/142 3212/3188/142
f 509/3185/142 520/3191/142 510/3190/142
f 520/3191/142 1953/3194/142 1952/3192/1441
f 1970/3187/142 1971/3982/142 520/3191/142
f 520/3191/142 1971/3982/142 3203/3193/1442
f 510/3190/142 521/3196/142 511/3195/142
f 521/3196/142 1996/3199/1442 1997/3197/142
f 1952/3192/1441 1951/3983/1441 521/3196/142
f 521/3196/142 1951/3983/1441 3202/3198/142
f 511/3195/142 522/3201/142 512/3200/142
f 522/3201/142 1965/3204/142 1964/3202/142
f 1997/3197/142 1998/3984/142 522/3201/142
f 522/3201/142 1998/3984/142 3210/3203/1441
f 512/3200/142 523/3206/142 513/3205/142
f 523/3206/142 1989/3209/142 1988/3207/142
f 1964/3202/142 1963/3985/142 523/3206/142
f 523/3206/142 1963/3985/142 3200/3208/142
f 513/3205/142 524/3214/142 514/3210/142
f 514/3210/142 524/3214/142 1983/3211/142
f 513/3205/142 1988/3207/142 1987/3213/142
f 524/3214/142 1987/3213/142 3215/3215/142
f 514/3210/142 525/3216/142 515/3166/142
f 525/3216/142 2058/3219/142 2057/3217/142
f 1982/3212/142 1981/3218/142 525/3216/142
f 1981/3218/142 3208/3986/142 2058/3219/142
f 536/3220/171 537/3223/171 527/3221/171
f 527/3221/171 537/3223/171 2010/2678/171
f 536/3220/171 2021/2583/171 2020/2582/171
f 537/3223/171 2020/2582/171 3223/2585/171
f 527/3221/171 538/3225/171 528/3224/171
f 528/3224/171 538/3225/171 2025/2626/1443
f 2009/2676/171 2008/2675/171 538/3225/171
f 538/3225/171 2008/2675/171 3218/2627/1444
f 528/3224/171 539/3227/171 529/3226/171
f 539/3227/171 2002/2565/171 2003/2560/171
f 2024/2623/171 2023/2622/171 539/3227/171
f 539/3227/171 2023/2622/171 3221/2566/171
f 529/3226/171 540/3229/171 530/3228/171
f 540/3229/171 2028/2642/171 2027/2640/171
f 2003/2560/171 2004/2559/171 540/3229/171
f 540/3229/171 2004/2559/171 3222/2562/171
f 530/3228/171 541/3231/171 531/3230/171
f 541/3231/171 2013/2607/171 2012/2604/171
f 2027/2640/171 2026/2639/171 541/3231/171
f 541/3231/171 2026/2639/171 3224/2608/171
f 531/3230/171 542/3233/171 532/3232/171
f 542/3233/171 2001/2542/171 2000/2537/171
f 531/3230/171 2012/2604/171 2011/2603/1445
f 542/3233/171 2011/2603/1445 3220/2543/1446
f 532/3232/171 543/3235/171 533/3234/171
f 533/3234/171 543/3235/171 2016/2661/171
f 532/3232/171 2000/2537/171 1999/2539/171
f 543/3235/171 1999/2539/171 3219/2662/171
f 533/3234/171 544/3237/171 534/3236/171
f 544/3237/171 2007/3239/171 2006/3238/171
f 2015/2657/171 2014/2659/171 544/3237/171
f 2014/2659/171 3565/3971/171 2007/3239/171
f 534/3236/171 545/3241/171 535/3240/171
f 545/3241/171 2019/3244/171 2018/3242/171
f 2006/3238/171 2005/3987/171 545/3241/171
f 545/3241/171 2005/3987/171 3217/3243/171
f 535/3240/171 546/3245/171 536/3220/171
f 546/3245/171 2022/2588/171 2021/2583/171
f 2018/3242/171 2017/3246/171 546/3245/171
f 2017/3246/171 3578/3968/171 2022/2588/171
f 551/3247/1447 552/3250/1448 548/3248/1448
f 552/3250/1448 2242/3254/1449 2243/3251/1449
f 3690/3252/1447 3691/3253/1448 552/3250/1448
f 3691/3253/1448 3692/3988/1449 2242/3254/1449
f 548/3248/1448 553/3256/1448 549/3255/1447
f 553/3256/1448 3686/3259/1448 3685/3257/1447
f 2243/3251/1449 2244/3258/1450 553/3256/1448
f 2244/3258/1450 3687/3989/1922 3686/3259/1448
f 549/3255/1447 554/3261/1451 550/3260/1451
f 554/3261/1451 2256/3264/18 2255/3262/18
f 3685/3257/1447 3684/3263/1451 554/3261/1451
f 3684/3263/1451 3683/3990/18 2256/3264/18
f 550/3260/1451 555/3265/1451 551/3247/1447
f 555/3265/1451 3689/3267/1451 3690/3252/1447
f 2255/3262/18 2254/3266/18 555/3265/1451
f 2254/3266/18 3688/3991/18 3689/3267/1451
f 560/3268/1452 561/3271/1453 557/3269/1453
f 561/3271/1453 2254/3275/18 2255/3272/18
f 3727/3273/1452 3728/3274/1453 561/3271/1453
f 3728/3274/1453 3688/3992/18 2254/3275/18
f 557/3269/1453 562/3277/1453 558/3276/1452
f 562/3277/1453 3696/3280/1453 3695/3278/1452
f 2255/3272/18 2256/3279/18 562/3277/1453
f 2256/3279/18 3683/3993/18 3696/3280/1453
f 558/3276/1452 563/3282/1455 559/3281/1454
f 563/3282/1455 2322/3285/1457 2321/3283/1456
f 3695/3278/1452 3694/3284/1454 563/3282/1455
f 3694/3284/1454 3693/3994/1923 2322/3285/1457
f 559/3281/1454 564/3286/1455 560/3268/1452
f 564/3286/1455 3726/3288/1454 3727/3273/1452
f 2321/3283/1456 2320/3287/1456 564/3286/1455
f 2320/3287/1456 3725/3995/1456 3726/3288/1454
f 569/3289/1458 570/3292/1459 566/3290/1459
f 570/3292/1459 2305/3296/1461 2306/3293/1461
f 3723/3294/1460 3724/3295/1459 570/3292/1459
f 3724/3295/1459 3673/3996/1461 2305/3296/1461
f 566/3290/1459 571/3298/1459 567/3297/1462
f 571/3298/1459 3721/3301/1459 3720/3299/1460
f 2306/3293/1461 2307/3300/1461 571/3298/1459
f 2307/3300/1461 3707/3997/1461 3721/3301/1459
f 567/3297/1462 572/3303/1463 568/3302/1463
f 572/3303/1463 2244/3258/1450 2243/3251/1449
f 3720/3299/1460 3719/3304/1463 572/3303/1463
f 3719/3304/1463 3687/3989/1922 2244/3258/1450
f 568/3302/1463 573/3305/1463 569/3289/1458
f 573/3305/1463 3722/3306/1463 3723/3294/1460
f 2243/3251/1449 2242/3254/1449 573/3305/1463
f 2242/3254/1449 3692/3988/1449 3722/3306/1463
f 578/3307/15 579/3310/1465 575/3308/1464
f 579/3310/1465 2308/3314/693 2309/3311/693
f 3675/3312/15 3676/3313/1464 579/3310/1465
f 3676/3313/1464 3677/3998/693 2308/3314/693
f 575/3308/1464 580/3316/1464 576/3315/15
f 580/3316/1464 3710/3319/1464 3709/3317/15
f 2309/3311/693 2310/3318/693 580/3316/1464
f 2310/3318/693 3711/3999/693 3710/3319/1464
f 576/3315/15 581/3321/1467 577/3320/1466
f 581/3321/1467 2307/3300/1461 2306/3293/1461
f 3709/3317/15 3708/3322/1468 581/3321/1467
f 3708/3322/1468 3707/3997/1461 2307/3300/1461
f 577/3320/1466 582/3323/1466 578/3307/15
f 582/3323/1466 3674/3324/1466 3675/3312/15
f 2306/3293/1461 2305/3296/1461 582/3323/1466
f 2305/3296/1461 3673/3996/1461 3674/3324/1466
f 587/3325/696 588/3328/650 584/3326/650
f 588/3328/650 2311/3332/698 2312/3329/697
f 3716/3330/1469 3717/3331/650 588/3328/650
f 3717/3331/650 3718/4000/697 2311/3332/698
f 584/3326/650 589/3334/650 585/3333/696
f 589/3334/650 3714/3337/650 3713/3335/696
f 2312/3329/697 2313/3336/698 589/3334/650
f 2313/3336/698 3672/4001/698 3714/3337/650
f 585/3333/696 590/3339/699 586/3338/699
f 590/3339/699 2310/3318/693 2309/3311/693
f 3713/3335/696 3712/3340/699 590/3339/699
f 3712/3340/699 3711/3999/693 2310/3318/693
f 586/3338/699 591/3341/699 587/3325/696
f 591/3341/699 3715/3342/699 3716/3330/1469
f 2309/3311/693 2308/3314/693 591/3341/699
f 2308/3314/693 3677/3998/693 3715/3342/699
f 592/3343/1470 596/3347/1470 597/3344/1471
f 597/3344/1471 2320/3287/1456 2321/3283/1456
f 3734/3346/1470 3735/3348/1471 597/3344/1471
f 3735/3348/1471 3725/3995/1456 2320/3287/1456
f 593/3345/1471 598/3350/1471 594/3349/1470
f 598/3350/1471 3729/3352/1471 3730/3351/1470
f 2321/3283/1456 2322/3285/1457 598/3350/1471
f 2322/3285/1457 3693/3994/1923 3729/3352/1471
f 594/3349/1470 599/3354/1472 595/3353/1472
f 599/3354/1472 2325/3357/1473 2324/3355/1473
f 3730/3351/1470 3731/3356/1472 599/3354/1472
f 3731/3356/1472 3732/4002/1473 2325/3357/1473
f 595/3353/1472 600/3358/1472 596/3347/1470
f 600/3358/1472 3733/3360/1474 3734/3346/1470
f 2324/3355/1473 2323/3359/1473 600/3358/1472
f 2323/3359/1473 3701/4003/1876 3733/3360/1474
f 605/3361/2 606/3364/1476 602/3362/1475
f 606/3364/1476 2323/3359/1473 2324/3355/1473
f 3699/3365/2 3700/3366/1475 606/3364/1476
f 3700/3366/1475 3701/4003/1876 2323/3359/1473
f 602/3362/1475 607/3368/1475 603/3367/2
f 607/3368/1475 3736/3370/1475 3737/3369/2
f 2324/3355/1473 2325/3357/1473 607/3368/1475
f 2325/3357/1473 3732/4002/1473 3736/3370/1475
f 603/3367/2 608/3372/1477 604/3371/1477
f 608/3372/1477 2268/3375/1478 2267/3373/1478
f 3737/3369/2 3738/3374/1477 608/3372/1477
f 3738/3374/1477 3702/4004/1478 2268/3375/1478
f 604/3371/1477 609/3376/1477 605/3361/2
f 609/3376/1477 3698/3378/1479 3699/3365/2
f 2267/3373/1478 2266/3377/711 609/3376/1477
f 2266/3377/711 3697/4005/711 3698/3378/1479
f 614/3379/1480 615/3382/1481 611/3380/1481
f 615/3382/1481 2266/3377/711 2267/3373/1478
f 3740/3383/712 3741/3384/1482 615/3382/1481
f 3741/3384/1482 3697/4005/711 2266/3377/711
f 611/3380/1481 616/3386/1481 612/3385/715
f 616/3386/1481 3703/3388/1481 3704/3387/714
f 2267/3373/1478 2268/3375/1478 616/3386/1481
f 2268/3375/1478 3702/4004/1478 3703/3388/1481
f 612/3385/715 617/3390/716 613/3389/716
f 617/3390/716 2328/3393/717 2327/3391/717
f 3704/3387/714 3705/3392/716 617/3390/716
f 3705/3392/716 3706/4006/717 2328/3393/717
f 613/3389/716 618/3394/716 614/3379/1480
f 618/3394/716 3739/3396/716 3740/3383/712
f 2327/3391/717 2326/3395/717 618/3394/716
f 2326/3395/717 3678/4007/1924 3739/3396/716
f 623/3397/718 624/3400/682 620/3398/682
f 624/3400/682 2329/3404/1 2330/3401/1
f 3743/3402/718 3744/3403/682 624/3400/682
f 3744/3403/682 3682/4008/1 2329/3404/1
f 620/3398/682 625/3406/682 621/3405/1483
f 625/3406/682 3669/3409/682 3670/3407/718
f 2330/3401/1 2331/3408/1 625/3406/682
f 2331/3408/1 3668/4009/1 3669/3409/682
f 621/3405/1483 626/3411/720 622/3410/720
f 626/3411/720 2313/3336/698 2312/3329/697
f 3670/3407/718 3671/3412/720 626/3411/720
f 3671/3412/720 3672/4001/698 2313/3336/698
f 622/3410/720 627/3413/720 623/3397/718
f 627/3413/720 3742/3414/720 3743/3402/718
f 2312/3329/697 2311/3332/698 627/3413/720
f 2311/3332/698 3718/4000/697 3742/3414/720
f 632/3415/721 633/3418/723 629/3416/723
f 633/3418/723 2326/3395/717 2327/3391/717
f 3680/3419/721 3679/3420/723 633/3418/723
f 3679/3420/723 3678/4007/1924 2326/3395/717
f 629/3416/723 634/3422/723 630/3421/721
f 634/3422/723 3747/3424/723 3746/3423/721
f 2327/3391/717 2328/3393/717 634/3422/723
f 2328/3393/717 3706/4006/717 3747/3424/723
f 630/3421/721 635/3426/724 631/3425/724
f 635/3426/724 2331/3408/1 2330/3401/1
f 3746/3423/721 3745/3427/724 635/3426/724
f 3745/3427/724 3668/4009/1 2331/3408/1
f 631/3425/724 636/3428/724 632/3415/721
f 636/3428/724 3681/3429/724 3680/3419/721
f 2330/3401/1 2329/3404/1 636/3428/724
f 2329/3404/1 3682/4008/1 3681/3429/724
f 637/3430/1484 641/3434/1489 642/3431/1485
f 642/3431/1485 2334/3412/1491 2333/3407/1487
f 2396/3433/1488 2397/3435/1490 642/3431/1485
f 2397/3435/1490 3278/4001/1925 2334/3412/1491
f 638/3432/1486 643/3437/1493 639/3436/1492
f 643/3437/1493 2392/3439/1496 2393/3438/1494
f 2333/3407/1487 2332/3409/1495 643/3437/1493
f 2332/3409/1495 3277/4009/1926 2392/3439/1496
f 639/3436/1492 644/3444/1500 640/3440/1497
f 640/3440/1497 644/3444/1500 2245/3441/1498
f 639/3436/1492 2393/3438/1494 2394/3443/1494
f 644/3444/1500 2394/3443/1494 3257/3445/1501
f 637/3430/1484 640/3440/1497 645/3446/1502
f 641/3434/1489 645/3446/1502 2395/3447/1503
f 640/3440/1497 2246/3442/1499 2247/3448/1504
f 645/3446/1502 2247/3448/1504 3259/3449/1505
f 650/3450/1506 651/3453/1509 647/3451/1507
f 651/3453/1509 2337/3313/1513 2336/3312/1510
f 2402/3454/1511 2403/3455/1512 651/3453/1509
f 2403/3455/1512 3280/3998/1927 2337/3313/1513
f 647/3451/1507 652/3457/1515 648/3456/1514
f 652/3457/1515 2398/3459/1518 2399/3458/1516
f 2336/3312/1510 2335/3324/1517 652/3457/1515
f 2335/3324/1517 3279/3996/1928 2398/3459/1518
f 646/3452/1508 648/3456/1514 653/3460/1519
f 649/3461/1520 653/3460/1519 2248/3462/1521
f 648/3456/1514 2399/3458/1516 2400/3464/1523
f 653/3460/1519 2400/3464/1523 3271/3465/1524
f 646/3452/1508 649/3461/1520 654/3466/1525
f 650/3450/1506 654/3466/1525 2401/3467/1526
f 649/3461/1520 2249/3463/1522 2250/3468/1527
f 654/3466/1525 2250/3468/1527 3272/3469/1528
f 655/3470/1529 659/3474/1534 660/3471/1530
f 660/3471/1530 2338/3420/1536 2339/3419/1532
f 2408/3473/1533 2409/3475/1535 660/3471/1530
f 2409/3475/1535 3281/4007/1929 2338/3420/1536
f 656/3472/1531 661/3477/1538 657/3476/1537
f 661/3477/1538 2404/3479/1541 2405/3478/1539
f 656/3472/1531 2339/3419/1532 2340/3429/1540
f 2340/3429/1540 3282/4008/1930 2404/3479/1541
f 655/3470/1529 657/3476/1537 662/3480/1542
f 662/3480/1542 2253/3485/1546 2252/3482/1544
f 657/3476/1537 2405/3478/1539 2406/3483/1539
f 662/3480/1542 2406/3483/1539 3261/3484/1545
f 655/3470/1529 658/3481/1543 663/3486/1547
f 659/3474/1534 663/3486/1547 2407/3487/1548
f 658/3481/1543 2252/3482/1544 2251/3488/1549
f 2251/3488/1549 3273/3729/1822 2407/3487/1548
f 668/3489/1550 669/3492/1553 665/3490/1551
f 669/3492/1553 2341/3263/1557 2342/3257/1554
f 2414/3493/1555 2415/3494/1556 669/3492/1553
f 2415/3494/1556 3264/3990/1931 2341/3263/1557
f 665/3490/1551 670/3496/1559 666/3495/1558
f 670/3496/1559 2410/3498/1562 2411/3497/1560
f 2342/3257/1554 2343/3259/1561 670/3496/1559
f 2343/3259/1561 3262/3989/1932 2410/3498/1562
f 664/3491/1552 666/3495/1558 671/3499/1563
f 667/3500/1564 671/3499/1563 2259/3501/1565
f 2411/3497/1560 2412/3645/1726 671/3499/1563
f 671/3499/1563 2412/3645/1726 3284/3503/1567
f 667/3500/1564 672/3506/1570 668/3489/1550
f 668/3489/1550 672/3506/1570 2413/3504/1568
f 667/3500/1564 2258/3502/1566 2257/3505/1569
f 672/3506/1570 2257/3505/1569 3283/3507/1571
f 677/3508/1572 678/3511/1575 674/3509/1573
f 678/3511/1575 2346/3253/1579 2345/3252/1576
f 2420/3512/1577 2421/3513/1578 678/3511/1575
f 2421/3513/1578 3263/3988/1933 2346/3253/1579
f 674/3509/1573 679/3515/1581 675/3514/1580
f 679/3515/1581 2416/3517/1584 2417/3516/1582
f 2345/3252/1576 2344/3267/1583 679/3515/1581
f 2344/3267/1583 3265/3991/1934 2416/3517/1584
f 675/3514/1580 680/3522/1588 676/3518/1585
f 676/3518/1585 680/3522/1588 2260/3519/1586
f 675/3514/1580 2417/3516/1582 2418/3521/1582
f 680/3522/1588 2418/3521/1582 3285/3523/1589
f 673/3510/1574 676/3518/1585 681/3524/1590
f 681/3524/1590 2419/3527/1593 2420/3512/1577
f 676/3518/1585 2261/3520/1587 2262/3525/1591
f 681/3524/1590 2262/3525/1591 3286/3526/1592
f 686/3528/1594 687/3531/1597 683/3529/1595
f 687/3531/1597 2347/3284/1601 2348/3278/1598
f 2423/3532/1599 2424/3533/1600 687/3531/1597
f 2424/3533/1600 3287/3994/1935 2347/3284/1601
f 683/3529/1595 688/3535/1603 684/3534/1602
f 688/3535/1603 2415/3537/1556 2414/3536/1555
f 683/3529/1595 2348/3278/1598 2349/3280/1604
f 2349/3280/1604 3264/3993/1931 2415/3537/1556
f 682/3530/1596 684/3534/1602 689/3538/1605
f 689/3538/1605 2265/3543/1608 2264/3540/1607
f 684/3534/1602 2414/3536/1555 2413/3541/1568
f 689/3538/1605 2413/3541/1568 3283/3542/1571
f 682/3530/1596 685/3539/1606 690/3544/1609
f 686/3528/1594 690/3544/1609 2422/3545/1610
f 685/3539/1606 2264/3540/1607 2263/3546/1611
f 2263/3546/1611 3266/3688/1774 2422/3545/1610
f 695/3547/1612 696/3550/1615 692/3548/1613
f 696/3550/1615 2352/3366/1619 2351/3365/1616
f 2429/3551/1617 2430/3552/1618 696/3550/1615
f 2430/3552/1618 3289/4003/1936 2352/3366/1619
f 692/3548/1613 697/3554/1621 693/3553/1620
f 697/3554/1621 2425/3556/1624 2426/3555/1622
f 2351/3365/1616 2350/3378/1623 697/3554/1621
f 2350/3378/1623 3269/4005/1937 2425/3556/1624
f 691/3549/1614 693/3553/1620 698/3557/1625
f 694/3558/1626 698/3557/1625 2269/3559/1627
f 693/3553/1620 2426/3555/1622 2427/3561/1629
f 698/3557/1625 2427/3561/1629 3288/3562/1630
f 691/3549/1614 694/3558/1626 699/3563/1631
f 695/3547/1612 699/3563/1631 2428/3564/1632
f 694/3558/1626 2270/3560/1628 2271/3565/1633
f 699/3563/1631 2271/3565/1633 3267/3566/1634
f 704/3567/1635 705/3570/1638 701/3568/1636
f 705/3570/1638 2355/3392/1642 2354/3387/1639
f 2435/3571/1640 2436/3572/1641 705/3570/1638
f 2436/3572/1641 3291/4006/1938 2355/3392/1642
f 701/3568/1636 706/3574/1644 702/3573/1643
f 706/3574/1644 2431/3576/1647 2432/3575/1645
f 2354/3387/1639 2353/3388/1646 706/3574/1644
f 2353/3388/1646 3268/4004/1939 2431/3576/1647
f 700/3569/1637 702/3573/1643 707/3577/1648
f 703/3578/1649 707/3577/1648 2272/3579/1650
f 2432/3575/1645 2433/3717/1807 707/3577/1648
f 707/3577/1648 2433/3717/1807 3290/3581/1652
f 703/3578/1649 708/3584/1655 704/3567/1635
f 704/3567/1635 708/3584/1655 2434/3582/1653
f 703/3578/1649 2273/3580/1651 2274/3583/1654
f 708/3584/1655 2274/3583/1654 3270/3585/1656
f 713/3586/1657 714/3589/1660 710/3587/1658
f 714/3589/1660 2356/3322/1664 2357/3317/1661
f 2441/3590/1662 2442/3591/1663 714/3589/1660
f 2442/3591/1663 3292/3997/1678 2356/3322/1664
f 710/3587/1658 715/3593/1666 711/3592/1665
f 715/3593/1666 2437/3595/1669 2438/3594/1667
f 2357/3317/1661 2358/3319/1668 715/3593/1666
f 2358/3319/1668 3293/3999/1940 2437/3595/1669
f 709/3588/1659 711/3592/1665 716/3596/1670
f 712/3597/1671 716/3596/1670 2277/3598/1672
f 711/3592/1665 2438/3594/1667 2439/3600/1673
f 716/3596/1670 2439/3600/1673 3258/3601/1674
f 709/3588/1659 712/3597/1671 717/3602/1675
f 713/3586/1657 717/3602/1675 2440/3603/1676
f 712/3597/1671 2276/3599/1671 2275/3604/1677
f 717/3602/1675 2275/3604/1677 3260/3605/1678
f 722/3606/1679 723/3609/1682 719/3607/1680
f 723/3609/1682 2359/3340/1683 2360/3335/1680
f 2438/3594/1667 2437/3595/1669 723/3609/1682
f 2437/3595/1669 3293/3999/1940 2359/3340/1683
f 719/3607/1680 724/3611/1685 720/3610/1684
f 724/3611/1685 2397/3435/1490 2396/3433/1488
f 719/3607/1680 2360/3335/1680 2361/3337/1686
f 2361/3337/1686 3278/4001/1925 2397/3435/1490
f 718/3608/1681 720/3610/1684 725/3612/1687
f 721/3613/1688 725/3612/1687 2280/3614/1689
f 720/3610/1684 2396/3433/1488 2395/3447/1503
f 725/3612/1687 2395/3447/1503 3259/3449/1505
f 721/3613/1688 726/3616/1691 722/3606/1679
f 726/3616/1691 2439/3600/1673 2438/3594/1667
f 721/3613/1688 2279/3615/1690 2278/3617/1692
f 726/3616/1691 2278/3617/1692 3258/3601/1674
f 731/3618/1693 732/3622/1699 728/3619/1694
f 728/3619/1694 732/3622/1699 2364/3331/1696
f 2444/3621/1698 2445/3623/1700 732/3622/1699
f 2445/3623/1700 3294/4000/1941 2364/3331/1696
f 728/3619/1694 733/3625/1702 729/3624/1701
f 733/3625/1702 2403/3455/1512 2402/3454/1511
f 2363/3330/1697 2362/3342/1703 733/3625/1702
f 2362/3342/1703 3280/3998/1927 2403/3455/1512
f 729/3624/1701 734/3629/1707 730/3626/1704
f 730/3626/1704 734/3629/1707 2281/3627/1705
f 2402/3454/1511 2401/3467/1526 734/3629/1707
f 734/3629/1707 2401/3467/1526 3272/3469/1528
f 727/3620/1695 730/3626/1704 735/3630/1708
f 731/3618/1693 735/3630/1708 2443/3631/1709
f 730/3626/1704 2282/3628/1706 2283/3632/1710
f 735/3630/1708 2283/3632/1710 3274/3633/1711
f 740/3634/1712 741/3637/1715 737/3635/1713
f 741/3637/1715 2365/3304/1717 2366/3299/1716
f 2411/3497/1560 2410/3498/1562 741/3637/1715
f 2410/3498/1562 3262/3989/1932 2365/3304/1717
f 737/3635/1713 742/3639/1719 738/3638/1718
f 742/3639/1719 2442/3591/1663 2441/3590/1662
f 2366/3299/1716 2367/3301/1720 742/3639/1719
f 2367/3301/1720 3292/3997/1678 2442/3591/1663
f 738/3638/1718 743/3643/1724 739/3640/1721
f 739/3640/1721 743/3643/1724 2286/3641/1722
f 2441/3590/1662 2440/3603/1676 743/3643/1724
f 743/3643/1724 2440/3603/1676 3260/3605/1678
f 736/3636/1714 739/3640/1721 744/3644/1725
f 740/3634/1712 744/3644/1725 2412/3645/1726
f 2285/3642/1723 2284/4010/1942 744/3644/1725
f 744/3644/1725 2284/4010/1942 3284/3503/1567
f 749/3646/1727 750/3649/1730 746/3647/1728
f 750/3649/1730 2370/3295/1732 2369/3294/1731
f 2399/3458/1516 2398/3459/1518 750/3649/1730
f 2398/3459/1518 3279/3996/1928 2370/3295/1732
f 746/3647/1728 751/3651/1734 747/3650/1733
f 751/3651/1734 2421/3513/1578 2420/3512/1577
f 746/3647/1728 2369/3294/1731 2368/3306/1735
f 2368/3306/1735 3263/3988/1933 2421/3513/1578
f 745/3648/1729 747/3650/1733 752/3652/1736
f 752/3652/1736 2287/3655/1739 2288/3654/1738
f 747/3650/1733 2420/3512/1577 2419/3527/1593
f 752/3652/1736 2419/3527/1593 3286/3526/1592
f 748/3653/1737 753/3656/1740 749/3646/1727
f 753/3656/1740 2400/3464/1523 2399/3458/1516
f 748/3653/1737 2288/3654/1738 2289/3657/1741
f 753/3656/1740 2289/3657/1741 3271/3465/1524
f 758/3658/1742 759/3662/1747 755/3659/1743
f 755/3659/1743 759/3662/1747 2373/3274/1745
f 2417/3661/1582 2416/3663/1584 759/3662/1747
f 2416/3663/1584 3265/3992/1934 2373/3274/1745
f 755/3659/1743 760/3665/1749 756/3664/1748
f 760/3665/1749 2446/3667/1752 2447/3666/1750
f 2372/3273/1746 2371/3288/1751 760/3665/1749
f 2371/3288/1751 3295/3995/1943 2446/3667/1752
f 754/3660/1744 756/3664/1748 761/3668/1753
f 757/3669/1754 761/3668/1753 2290/3670/1755
f 756/3664/1748 2447/3666/1750 2448/3672/1757
f 2448/3672/1757 3275/3705/1794 2290/3670/1755
f 754/3660/1744 757/3669/1754 762/3673/1758
f 758/3658/1742 762/3673/1758 2418/3674/1582
f 2291/3671/1756 2292/4011/1944 762/3673/1758
f 762/3673/1758 2292/4011/1944 3285/3675/1589
f 767/3676/1759 768/3679/1762 764/3677/1760
f 768/3679/1762 2376/3356/1766 2375/3351/1763
f 2450/3680/1764 2451/3681/1765 768/3679/1762
f 2451/3681/1765 3296/4002/1945 2376/3356/1766
f 764/3677/1760 769/3683/1768 765/3682/1767
f 769/3683/1768 2424/3533/1600 2423/3532/1599
f 2375/3351/1763 2374/3352/1769 769/3683/1768
f 2374/3352/1769 3287/3994/1935 2424/3533/1600
f 765/3682/1767 770/3687/1773 766/3684/1770
f 766/3684/1770 770/3687/1773 2293/3685/1771
f 765/3682/1767 2423/3532/1599 2422/3545/1610
f 770/3687/1773 2422/3545/1610 3266/3688/1774
f 763/3678/1761 766/3684/1770 771/3689/1775
f 771/3689/1775 2449/3692/1778 2450/3680/1764
f 766/3684/1770 2294/3686/1772 2295/3690/1776
f 771/3689/1775 2295/3690/1776 3276/3691/1777
f 776/3693/1779 777/3696/1782 773/3694/1780
f 777/3696/1782 2379/3348/1784 2378/3346/1783
f 2447/3666/1750 2446/3667/1752 777/3696/1782
f 2446/3667/1752 3295/3995/1943 2379/3348/1784
f 773/3694/1780 778/3698/1786 774/3697/1785
f 778/3698/1786 2430/3552/1618 2429/3551/1617
f 2378/3346/1783 2377/3360/1787 778/3698/1786
f 2377/3360/1787 3289/4003/1936 2430/3552/1618
f 774/3697/1785 779/3702/1791 775/3699/1788
f 775/3699/1788 779/3702/1791 2296/3700/1789
f 2429/3551/1617 2428/3564/1632 779/3702/1791
f 779/3702/1791 2428/3564/1632 3267/3566/1634
f 772/3695/1781 775/3699/1788 780/3703/1792
f 776/3693/1779 780/3703/1792 2448/3672/1757
f 775/3699/1788 2297/3701/1790 2298/3704/1793
f 780/3703/1792 2298/3704/1793 3275/3705/1794
f 785/3706/1795 786/3709/1798 782/3707/1796
f 786/3709/1798 2382/3374/1799 2381/3369/1796
f 2432/3575/1645 2431/3576/1647 786/3709/1798
f 2431/3576/1647 3268/4004/1939 2382/3374/1799
f 782/3707/1796 787/3711/1801 783/3710/1800
f 787/3711/1801 2451/3681/1765 2450/3680/1764
f 2381/3369/1796 2380/3370/1802 787/3711/1801
f 2380/3370/1802 3296/4002/1945 2451/3681/1765
f 781/3708/1797 783/3710/1800 788/3712/1803
f 784/3713/1797 788/3712/1803 2299/3714/1804
f 783/3710/1800 2450/3680/1764 2449/3692/1778
f 788/3712/1803 2449/3692/1778 3276/3691/1777
f 781/3708/1797 784/3713/1797 789/3716/1806
f 785/3706/1795 789/3716/1806 2433/3717/1807
f 784/3713/1797 2300/3715/1805 2301/3718/1808
f 789/3716/1806 2301/3718/1808 3290/3581/1652
f 794/3719/1809 795/3722/1812 791/3720/1810
f 795/3722/1812 2385/3384/1814 2384/3383/1813
f 2426/3555/1622 2425/3556/1624 795/3722/1812
f 2425/3556/1624 3269/4005/1937 2385/3384/1814
f 791/3720/1810 796/3724/1816 792/3723/1815
f 796/3724/1816 2409/3475/1535 2408/3473/1533
f 2384/3383/1813 2383/3396/1817 796/3724/1816
f 2383/3396/1817 3281/4007/1929 2409/3475/1535
f 792/3723/1815 797/3728/1821 793/3725/1818
f 793/3725/1818 797/3728/1821 2302/3726/1819
f 792/3723/1815 2408/3473/1533 2407/3487/1548
f 797/3728/1821 2407/3487/1548 3273/3729/1822
f 790/3721/1811 793/3725/1818 798/3730/1823
f 798/3730/1823 2427/3561/1629 2426/3555/1622
f 793/3725/1818 2303/3727/1820 2304/3731/1824
f 798/3730/1823 2304/3731/1824 3288/3562/1630
f 803/3732/1825 804/3735/1828 800/3733/1826
f 804/3735/1828 2388/3403/1830 2387/3402/1829
f 2405/3478/1539 2404/3479/1541 804/3735/1828
f 2404/3479/1541 3282/4008/1930 2388/3403/1830
f 799/3734/1827 800/3733/1826 805/3736/1831
f 805/3736/1831 2445/3623/1700 2444/3621/1698
f 2387/3402/1829 2386/3414/1833 805/3736/1831
f 2386/3414/1833 3294/4000/1941 2445/3623/1700
f 799/3734/1827 801/3737/1832 806/3738/1834
f 802/3739/1835 806/3738/1834 2314/3740/1836
f 801/3737/1832 2444/3621/1698 2443/3631/1709
f 806/3738/1834 2443/3631/1709 3274/3633/1711
f 802/3739/1835 807/3743/1839 803/3732/1825
f 803/3732/1825 807/3743/1839 2406/3483/1539
f 802/3739/1835 2315/3741/1837 2316/3742/1838
f 807/3743/1839 2316/3742/1838 3261/3484/1545
f 812/3744/1840 813/3747/1845 809/3745/1841
f 809/3745/1841 813/3747/1845 2389/3427/1843
f 2393/3438/1494 2392/3439/1496 813/3747/1845
f 2392/3439/1496 3277/4009/1926 2389/3427/1843
f 808/3746/1842 809/3745/1841 814/3748/1846
f 814/3748/1846 2436/3572/1641 2435/3571/1640
f 2390/3423/1844 2391/3424/1848 814/3748/1846
f 2391/3424/1848 3291/4006/1938 2436/3572/1641
f 808/3746/1842 810/3749/1847 815/3750/1849
f 811/3751/1850 815/3750/1849 2319/3752/1851
f 810/3749/1847 2435/3571/1640 2434/3582/1653
f 2434/3582/1653 3270/3585/1656 2319/3752/1851
f 808/3746/1842 811/3751/1850 816/3754/1853
f 812/3744/1840 816/3754/1853 2394/3443/1494
f 2318/3753/1852 2317/4012/1946 816/3754/1853
f 816/3754/1853 2317/4012/1946 3257/3445/1501
f 1181/3755/18 1182/3758/18 1178/3756/18
f 1182/3758/18 4182/3762/18 4183/3759/18
f 4189/3760/18 4188/3761/18 1182/3758/18
f 4188/3761/18 4179/4013/18 4182/3762/18
f 1178/3756/18 1183/3764/18 1179/3763/18
f 1183/3764/18 4215/3767/18 4216/3765/18
f 4183/3759/18 4184/3766/18 1183/3764/18
f 4184/3766/18 4185/4014/18 4215/3767/18
f 1179/3763/18 1184/3769/18 1180/3768/18
f 1184/3769/18 4212/3772/18 4213/3770/18
f 4216/3765/18 4217/3771/18 1184/3769/18
f 4217/3771/18 4201/4015/18 4212/3772/18
f 1180/3768/18 1185/3773/18 1181/3755/18
f 1185/3773/18 4190/3775/18 4189/3760/18
f 4213/3770/18 4214/3774/18 1185/3773/18
f 4214/3774/18 4191/4016/18 4190/3775/18
f 1388/3776/142 1389/3779/142 1385/3777/142
f 1389/3779/142 4475/3783/142 4476/3780/142
f 4198/3781/142 4197/3782/142 1389/3779/142
f 4197/3782/142 4194/4017/142 4475/3783/142
f 1385/3777/142 1390/3785/142 1386/3784/142
f 1390/3785/142 4487/3788/142 4488/3786/142
f 4476/3780/142 4477/3787/142 1390/3785/142
f 4477/3787/142 4014/4018/142 4487/3788/142
f 1386/3784/142 1391/3790/142 1387/3789/142
f 1391/3790/142 2814/3793/142 2813/3791/142
f 4488/3786/142 4489/3792/142 1391/3790/142
f 4489/3792/142 4193/4019/142 2814/3793/142
f 1387/3789/142 1392/3794/142 1388/3776/142
f 1392/3794/142 4199/3796/142 4198/3781/142
f 2813/3791/142 2812/3795/142 1392/3794/142
f 2812/3795/142 4200/4020/142 4199/3796/142
f 1478/3797/1 1479/3800/1 1475/3798/1
f 1479/3800/1 4009/3804/1 4010/3801/1
f 4470/3802/1 4469/3803/1 1479/3800/1
f 4469/3803/1 4006/4021/1 4009/3804/1
f 1475/3798/1 1480/3806/1 1476/3805/1
f 1480/3806/1 3051/3809/1 3050/3807/1
f 4010/3801/1 4011/3808/1 1480/3806/1
f 4011/3808/1 4012/4022/1 3051/3809/1
f 1476/3805/1 1481/3811/1 1477/3810/1
f 1481/3811/1 2979/3814/1 2978/3812/1
f 3050/3807/1 3049/3813/1 1481/3811/1
f 3049/3813/1 3396/4023/1 2979/3814/1
f 1477/3810/1 1482/3815/1 1478/3797/1
f 1482/3815/1 4471/3817/1 4470/3802/1
f 2978/3812/1 2977/3816/1 1482/3815/1
f 2977/3816/1 4365/4024/1 4471/3817/1
f 1703/3818/171 1704/3821/171 1700/3819/171
f 1704/3821/171 2802/3825/171 2801/3822/171
f 2927/3823/171 2928/3824/171 1704/3821/171
f 2928/3824/171 3377/4025/171 2802/3825/171
f 1700/3819/171 1705/3827/171 1701/3826/171
f 1705/3827/171 4429/3830/171 4428/3828/171
f 2801/3822/171 2800/3829/171 1705/3827/171
f 2800/3829/171 4181/4026/171 4429/3830/171
f 1701/3826/171 1706/3832/171 1702/3831/171
f 1706/3832/171 3043/3835/171 3044/3833/171
f 4428/3828/171 4427/3834/171 1706/3832/171
f 4427/3834/171 4007/4027/171 3043/3835/171
f 1702/3831/171 1707/3836/171 1703/3818/171
f 1707/3836/171 2926/3838/171 2927/3823/171
f 3044/3833/171 3045/3837/171 1707/3836/171
f 3045/3837/171 3406/4028/171 2926/3838/171
o Plane.001
v -48.132099 89.565399 15.999987
v 49.534000 90.782700 15.999987
v 48.132099 92.000000 15.999987
v -48.132099 90.782700 16.999985
v -40.400101 150.000000 -7.576422
v 0.000000 202.669907 -10.152730
v -39.400101 150.000000 -10.152722
v 0.000000 203.669907 -7.576430
v -38.417198 150.000000 -10.576423
v 0.000000 96.330101 -7.576414
v 38.417198 150.000000 -10.576423
v 0.000000 201.686996 -10.576430
v -42.573700 150.000000 -11.000023
v 39.400101 150.000000 -10.152722
v 40.400101 150.000000 -7.576422
v 0.000000 98.312996 -10.576415
v 43.573700 150.000000 -5.000022
v -43.573700 150.000000 -5.000022
v 42.573700 150.000000 -11.000023
v 0.000000 94.156494 -11.000013
v 0.000000 206.843491 -5.000032
v 0.000000 205.843491 -11.000031
v 0.000000 97.330101 -10.152715
v -43.492203 95.507095 -3.561514
v -43.492203 95.926300 -3.675914
v -43.492203 96.185501 -3.975414
v -43.492203 94.828705 -4.592814
v -43.492203 94.828705 -3.975414
v -43.492203 96.185501 -4.592814
v -43.492203 95.087799 -3.675914
v -43.581699 95.507095 -4.592814
v -43.581699 95.507095 -3.975414
v -43.581699 95.507095 -3.675914
v -42.542999 95.507095 -3.561514
v -43.017597 95.507095 -3.561514
v -42.542999 95.926300 -3.675914
v -42.542999 96.185501 -3.975414
v -42.542999 94.828705 -4.592814
v -43.017597 94.828705 -4.592814
v -42.542999 94.828705 -3.975414
v -43.017597 94.828705 -3.975414
v -42.542999 96.185501 -4.592814
v -42.542999 95.087799 -3.675914
v -43.017597 95.087799 -3.675914
v -43.017597 95.738800 -4.659114
v -43.017597 95.738800 -3.927414
v -42.632500 95.962105 -3.951414
v -43.402699 95.962105 -3.951414
v -43.402699 95.962105 -4.626014
v -42.632500 95.962105 -4.626014
v -42.993999 204.485199 -3.182332
v -43.767502 204.485199 -4.246930
v -43.536697 205.600006 -4.172032
v -43.329502 205.600006 -4.457332
v -42.993999 205.600006 -4.566332
v -42.658600 205.600006 -4.457332
v -42.451302 205.600006 -4.172032
v -42.451302 205.600006 -3.819330
v -42.658600 205.600006 -3.534030
v -42.993999 205.600006 -3.425030
v -43.329502 205.600006 -3.534030
v -43.536697 205.600006 -3.819330
v -42.993999 205.699997 -4.209632
v -42.993999 205.699997 -3.781631
v -43.267101 205.699997 -3.822531
v -43.267101 205.699997 -4.168732
v -42.721001 205.699997 -4.168732
v -42.721001 205.699997 -3.822531
v -43.536697 196.399994 -4.172030
v -43.329502 196.399994 -4.457330
v -42.993999 196.399994 -4.566330
v -42.658600 196.399994 -4.457330
v -42.451302 196.399994 -4.172030
v -42.451302 196.399994 -3.819330
v -42.658600 196.399994 -3.534030
v -42.993999 196.399994 -3.425030
v -43.329502 196.399994 -3.534030
v -43.536697 196.399994 -3.819330
v -42.993999 196.300003 -4.209630
v -42.993999 196.300003 -3.781630
v -43.267101 196.300003 -3.822530
v -43.267101 196.300003 -4.168730
v -42.721001 196.300003 -4.168730
v -42.721001 196.300003 -3.822530
v -43.767502 197.514801 -3.744330
v -43.472099 197.514801 -3.337730
v -43.472099 204.485199 -3.337730
v -42.993999 197.514801 -3.182330
v -42.515999 197.514801 -3.337730
v -42.515999 204.485199 -3.337730
v -42.220600 197.514801 -3.744330
v -42.220600 204.485199 -3.744332
v -42.220600 197.514801 -4.246930
v -42.220600 204.485199 -4.246930
v -42.515999 204.485199 -4.653630
v -42.515999 197.514801 -4.653630
v -42.993999 204.485199 -4.808931
v -42.993999 197.514801 -4.808930
v -43.472099 204.485199 -4.653630
v -43.472099 197.514801 -4.653630
v -43.767502 204.485199 -3.744332
v -43.767502 197.514801 -4.246930
v -43.720001 198.479706 -3.759830
v -43.720001 205.450012 -3.759830
v -43.442699 205.450012 -3.378130
v -42.993999 203.520294 -3.232330
v -42.993999 205.450012 -3.232331
v -42.545399 205.450012 -3.378130
v -42.268101 205.450012 -3.759830
v -42.268101 205.450012 -4.231531
v -42.545399 205.450012 -4.613132
v -42.993999 205.450012 -4.758932
v -43.442699 205.450012 -4.613132
v -43.720001 203.520294 -4.231530
v -43.720001 205.450012 -4.231531
v -42.268101 198.479706 -3.759830
v -42.268101 203.520294 -3.759830
v -42.268101 198.479706 -4.231529
v -42.993999 203.520294 -4.758930
v -43.442699 198.479706 -4.613130
v -42.545399 196.550003 -4.613130
v -42.268101 196.550003 -4.231529
v -42.268101 196.550003 -3.759830
v -42.545399 196.550003 -3.378130
v -42.993999 196.550003 -3.232330
v -43.442699 196.550003 -3.378130
v -43.720001 196.550003 -3.759830
v -42.993999 196.550003 -4.758930
v -43.442699 196.550003 -4.613130
v -43.720001 196.550003 -4.231529
v -42.993999 198.479706 -3.232330
v -43.442699 198.479706 -3.378130
v -43.442699 203.520294 -3.378130
v -42.545399 198.479706 -3.378130
v -42.545399 203.520294 -3.378130
v -42.268101 203.520294 -4.231530
v -42.545399 198.479706 -4.613130
v -42.545399 203.520294 -4.613130
v -42.993999 198.479706 -4.758930
v -43.442699 203.520294 -4.613130
v -43.720001 203.520294 -3.759830
v -43.720001 198.479706 -4.231529
v -43.941002 204.605606 -4.700730
v -43.941002 197.394394 -4.700730
v -43.085598 201.000000 -4.808931
v -43.085598 204.605606 -4.490630
v -43.085598 197.394394 -4.490630
v -43.085598 203.537018 -4.649730
v -43.085598 198.462997 -4.649729
v -43.941002 201.000000 -4.910830
v -43.085598 196.325897 -4.751630
v -43.085598 205.674103 -4.751632
v -42.993999 198.529694 -3.995630
v -42.993999 203.470306 -3.995630
v -42.453499 95.507095 -3.675914
v -42.453499 95.507095 -3.975414
v -42.453499 95.507095 -4.592814
v 0.000000 93.156502 -5.000014
v -49.534000 90.782700 15.999987
v 48.132099 89.565399 15.999987
v 0.000000 89.565399 15.999987
v 48.132099 90.782700 16.999985
v 0.000000 90.782700 16.999985
v 0.000000 92.000000 4.999986
v -48.132099 92.000000 15.999987
v 0.000000 92.000000 15.999987
v -48.132099 89.565399 16.999985
v -49.534000 89.565399 15.999987
v -49.534000 92.000000 15.999987
v 49.534000 90.782700 16.999985
v -49.534000 90.782700 16.999985
v 48.132099 92.000000 16.999985
v -40.417202 150.000000 -5.000022
v -40.382900 150.000000 -10.152722
v -40.400101 203.669907 -7.576430
v -39.400101 202.669907 -10.152730
v 46.730198 150.000000 -5.000022
v 0.000000 201.686996 -11.000031
v -38.417198 201.686996 -10.576430
v -38.417198 98.312996 -10.576415
v -40.400101 96.330101 -7.576414
v 0.000000 96.347305 -10.152715
v -38.417198 150.000000 -10.152722
v 0.000000 98.312996 -10.152715
v 0.000000 98.312996 -11.000015
v -39.400101 97.330101 -10.152715
v -38.417198 150.000000 -11.000023
v 43.573700 93.156502 -5.000014
v -46.730198 150.000000 -5.000022
v 40.400101 96.330101 -7.576414
v 40.417202 150.000000 -5.000022
v 0.000000 209.999985 -5.000032
v 0.000000 90.000000 -11.000013
v -46.730198 150.000000 -11.000023
v -42.573700 205.843491 -11.000031
v -42.573700 94.156494 -11.000013
v 38.417198 150.000000 -10.152722
v 38.417198 98.312996 -10.576415
v 0.000000 90.000000 -5.000014
v 0.000000 201.686996 -10.152730
v 0.000000 203.652695 -10.152730
v 0.000000 209.999985 -11.000032
v 42.573700 205.843491 -11.000031
v 46.730198 150.000000 -11.000023
v 42.573700 94.156494 -11.000013
v 43.573700 206.843491 -5.000032
v 40.400101 203.669907 -7.576430
v -43.573700 206.843491 -5.000032
v 39.400101 202.669907 -10.152730
v 40.382900 150.000000 -10.152722
v 38.417198 201.686996 -10.576430
v 39.400101 97.330101 -10.152715
v 38.417198 150.000000 -11.000023
v 0.000000 203.686996 -5.000030
v -42.453499 94.828705 -4.592814
v -42.453499 94.828705 -3.975414
v -42.453499 95.087799 -3.675914
v -42.453499 95.507095 -3.561514
v -42.453499 95.926300 -3.675914
v -42.453499 96.185501 -3.975414
v -42.453499 96.185501 -4.592814
v -43.581699 94.828705 -4.592814
v -43.581699 94.828705 -3.975414
v -43.581699 95.087799 -3.675914
v -43.581699 95.507095 -3.561514
v -43.581699 95.926300 -3.675914
v -43.581699 96.185501 -3.975414
v -43.581699 96.185501 -4.592814
v -43.492203 95.738800 -3.561514
v -42.542999 95.286400 -3.590114
v -43.492203 96.084900 -3.808014
v -43.492203 96.221298 -4.222314
v -43.492203 94.900299 -5.025014
v -43.492203 94.792900 -4.222314
v -42.542999 96.113800 -5.025014
v -43.492203 94.929298 -3.808014
v -43.581699 95.507095 -5.025014
v -43.581699 95.507095 -4.222314
v -43.581699 95.507095 -3.808014
v -42.542999 95.738800 -3.561514
v -43.017597 95.738800 -3.561514
v -43.492203 95.286400 -3.590114
v -43.017597 95.286400 -3.590114
v -42.542999 96.084900 -3.808014
v -42.542999 96.221298 -4.222314
v -42.542999 94.900299 -5.025014
v -43.017597 94.900299 -5.025014
v -42.542999 94.792900 -4.222314
v -43.017597 94.792900 -4.222314
v -43.492203 96.113800 -5.025014
v -42.542999 94.929298 -3.808014
v -43.017597 94.929298 -3.808014
v -42.632500 95.507095 -3.561514
v -43.402699 95.507095 -3.561514
v -42.632500 95.926300 -3.675914
v -43.402699 95.926300 -3.675914
v -42.632500 96.185501 -3.975414
v -43.402699 96.185501 -3.975414
v -42.632500 94.828705 -4.592814
v -43.402699 94.828705 -4.592814
v -42.632500 94.828705 -3.975414
v -43.402699 94.828705 -3.975414
v -42.632500 96.185501 -4.592814
v -43.402699 96.185501 -4.592814
v -42.632500 95.087799 -3.675914
v -43.402699 95.087799 -3.675914
v -43.017597 95.738800 -5.025014
v -42.632500 95.738800 -4.659114
v -43.402699 95.738800 -3.927414
v -42.632500 95.738800 -3.927414
v -43.402699 95.738800 -4.659114
v -43.017597 95.738800 -4.293314
v -42.632500 95.980103 -4.257814
v -43.402699 95.980103 -4.257814
v -43.402699 95.926300 -5.025014
v -42.632500 95.926300 -5.025014
v -42.993999 205.699997 -3.567631
v -43.245598 205.699997 -3.649431
v -43.401100 205.699997 -3.863431
v -43.672401 198.529694 -3.775230
v -43.672401 205.500000 -3.775230
v -43.245701 204.485199 -3.221231
v -43.413300 205.500000 -3.418631
v -42.742401 204.485199 -3.221231
v -42.993999 203.470306 -3.282330
v -42.993999 205.500000 -3.282331
v -42.574799 205.500000 -3.418631
v -42.315701 205.500000 -3.775230
v -42.335201 204.485199 -4.474331
v -42.315701 205.500000 -4.216032
v -42.574799 205.500000 -4.572732
v -42.993999 205.500000 -4.708932
v -43.652802 204.485199 -4.474331
v -43.413300 205.500000 -4.572732
v -43.672401 203.470306 -4.216030
v -43.808399 204.485199 -3.995631
v -43.672401 205.500000 -4.216032
v -42.315701 198.529694 -3.775230
v -42.315701 203.470306 -3.775230
v -42.315701 198.529694 -4.216030
v -42.993999 203.470306 -4.708930
v -43.413300 198.529694 -4.572730
v -42.742500 205.699997 -3.649431
v -42.587002 205.699997 -3.863431
v -42.587002 205.699997 -4.127932
v -42.742500 205.699997 -4.341932
v -42.993999 205.699997 -4.423632
v -43.245598 205.699997 -4.341932
v -43.401100 205.699997 -4.127932
v -43.565403 205.600006 -3.995631
v -43.456303 205.600006 -4.331532
v -43.170601 205.600006 -4.539032
v -42.817501 205.600006 -4.539032
v -42.531799 205.600006 -4.331532
v -42.422699 205.600006 -3.995631
v -42.531799 205.600006 -3.659832
v -42.817501 205.600006 -3.452231
v -43.170601 205.600006 -3.452231
v -43.456303 205.600006 -3.659832
v -42.856300 205.699997 -4.199432
v -43.131802 205.699997 -4.199432
v -42.856300 205.699997 -3.791930
v -43.131802 205.699997 -3.791930
v -42.993999 205.699997 -3.995631
v -43.277802 205.699997 -3.995631
v -42.710300 205.699997 -3.995631
v -42.574799 196.500000 -4.572730
v -42.315701 196.500000 -4.216030
v -42.315701 196.500000 -3.775230
v -42.574799 196.500000 -3.418630
v -42.993999 196.500000 -3.282330
v -43.413300 196.500000 -3.418630
v -43.672401 196.500000 -3.775230
v -43.401100 196.300003 -3.863430
v -43.245598 196.300003 -3.649430
v -42.993999 196.300003 -3.567630
v -42.993999 196.500000 -4.708930
v -43.413300 196.500000 -4.572730
v -43.672401 196.500000 -4.216030
v -42.742500 196.300003 -3.649430
v -42.587002 196.300003 -3.863430
v -42.587002 196.300003 -4.127930
v -42.742500 196.300003 -4.341930
v -42.993999 196.300003 -4.423630
v -43.245598 196.300003 -4.341930
v -43.401100 196.300003 -4.127930
v -43.565403 196.399994 -3.995630
v -43.456303 196.399994 -4.331530
v -43.170601 196.399994 -4.539030
v -42.817501 196.399994 -4.539030
v -42.531799 196.399994 -4.331530
v -42.422699 196.399994 -3.995630
v -42.531799 196.399994 -3.659830
v -42.817501 196.399994 -3.452230
v -43.170601 196.399994 -3.452230
v -43.456303 196.399994 -3.659830
v -42.856300 196.300003 -4.199430
v -43.131802 196.300003 -4.199430
v -42.856300 196.300003 -3.791930
v -43.131802 196.300003 -3.791930
v -42.993999 196.300003 -3.995630
v -43.277802 196.300003 -3.995630
v -42.710300 196.300003 -3.995630
v -43.808399 197.514801 -3.995630
v -43.652802 197.514801 -3.517030
v -43.652802 204.485199 -3.517030
v -42.993999 198.529694 -3.282330
v -43.245701 197.514801 -3.221230
v -43.413300 198.529694 -3.418630
v -43.413300 203.470306 -3.418630
v -42.742401 197.514801 -3.221230
v -42.335201 197.514801 -3.517030
v -42.335201 204.485199 -3.517030
v -42.574799 198.529694 -3.418630
v -42.574799 203.470306 -3.418630
v -42.179699 197.514801 -3.995630
v -42.179699 204.485199 -3.995631
v -42.335201 197.514801 -4.474330
v -42.315701 203.470306 -4.216030
v -42.742401 197.514801 -4.770130
v -42.742401 204.485199 -4.770130
v -42.574799 198.529694 -4.572730
v -42.574799 203.470306 -4.572730
v -43.245701 197.514801 -4.770130
v -43.245701 204.485199 -4.770130
v -42.993999 198.529694 -4.708930
v -43.652802 197.514801 -4.474330
v -43.413300 203.470306 -4.572730
v -43.672401 203.470306 -3.775230
v -43.672401 198.529694 -4.216030
v -43.767502 198.429703 -3.744330
v -43.767502 205.399994 -3.744332
v -43.472099 205.399994 -3.337730
v -42.993999 203.570297 -3.182330
v -42.993999 205.399994 -3.182332
v -42.515999 205.399994 -3.337730
v -42.220600 205.399994 -3.744332
v -42.220600 205.399994 -4.246932
v -42.515999 205.399994 -4.653631
v -42.993999 205.399994 -4.808932
v -43.472099 205.399994 -4.653631
v -43.767502 203.570297 -4.246930
v -43.767502 205.399994 -4.246932
v -42.220600 198.429703 -3.744330
v -42.220600 203.570297 -3.744330
v -42.220600 198.429703 -4.246930
v -42.993999 203.570297 -4.808931
v -43.472099 198.429703 -4.653630
v -42.515999 196.599991 -4.653630
v -42.220600 196.599991 -4.246930
v -42.220600 196.599991 -3.744330
v -42.515999 196.599991 -3.337730
v -42.993999 196.599991 -3.182330
v -43.472099 196.599991 -3.337730
v -43.767502 196.599991 -3.744330
v -42.993999 196.599991 -4.808930
v -43.472099 196.599991 -4.653630
v -43.767502 196.599991 -4.246930
v -42.993999 198.429703 -3.182330
v -43.472099 198.429703 -3.337730
v -43.472099 203.570297 -3.337730
v -42.515999 198.429703 -3.337730
v -42.515999 203.570297 -3.337730
v -42.220600 203.570297 -4.246930
v -42.515999 198.429703 -4.653630
v -42.515999 203.570297 -4.653630
v -42.993999 198.429703 -4.808930
v -43.472099 203.570297 -4.653630
v -43.767502 203.570297 -3.744330
v -43.767502 198.429703 -4.246930
v -43.612301 198.479706 -3.546430
v -43.758301 198.479706 -3.995630
v -43.612301 205.450012 -3.546432
v -43.758301 205.450012 -3.995631
v -43.230202 205.450012 -3.268831
v -43.230202 203.520294 -3.268830
v -42.757900 203.520294 -3.268830
v -42.757900 205.450012 -3.268831
v -42.375698 205.450012 -3.546432
v -42.229801 205.450012 -3.995631
v -42.375698 205.450012 -4.444832
v -42.757900 205.450012 -4.722532
v -43.230202 205.450012 -4.722532
v -43.612301 205.450012 -4.444832
v -43.612301 203.520294 -4.444830
v -43.758301 203.520294 -3.995630
v -42.229801 198.479706 -3.995630
v -42.375698 198.479706 -3.546430
v -42.375698 203.520294 -3.546430
v -42.229801 203.520294 -3.995630
v -42.375698 198.479706 -4.444830
v -42.757900 203.520294 -4.722530
v -43.230202 203.520294 -4.722530
v -43.612301 198.479706 -4.444830
v -43.230202 198.479706 -4.722530
v -42.375698 196.550003 -4.444830
v -42.757900 196.550003 -4.722530
v -42.229801 196.550003 -3.995630
v -42.375698 196.550003 -3.546430
v -42.757900 196.550003 -3.268830
v -43.230202 196.550003 -3.268830
v -43.612301 196.550003 -3.546430
v -43.758301 196.550003 -3.995630
v -43.230202 196.550003 -4.722530
v -43.612301 196.550003 -4.444830
v -42.757900 198.479706 -3.268830
v -43.230202 198.479706 -3.268830
v -43.612301 203.520294 -3.546430
v -42.375698 203.520294 -4.444830
v -42.757900 198.479706 -4.722530
v -43.941002 197.394394 -4.910830
v -43.941002 204.605606 -4.910830
v -43.941002 201.000000 -4.808931
v -42.230202 201.000000 -4.808931
v -43.085598 198.462997 -4.808930
v -43.085598 203.537018 -4.808931
v -43.085598 205.674103 -4.490632
v -43.085598 196.325897 -4.490630
v -43.941002 197.394394 -4.490630
v -42.230202 197.394394 -4.490630
v -43.941002 204.605606 -4.490630
v -42.230202 204.605606 -4.490630
v -43.085598 198.462997 -4.490630
v -43.085598 203.537018 -4.490630
v -43.941002 196.325897 -4.751630
v -43.941002 198.462997 -4.649729
v -43.941002 203.537018 -4.649730
v -43.941002 205.674103 -4.751632
v -42.230202 203.537018 -4.649730
v -42.230202 198.462997 -4.649729
v -43.085598 205.674103 -5.012732
v -43.085598 196.325897 -5.012730
v -43.941002 201.000000 -5.012730
v -42.230202 196.325897 -4.751630
v -42.230202 205.674103 -4.751632
v -42.453499 95.507095 -3.808014
v -42.453499 95.507095 -4.222314
v -42.453499 95.507095 -5.025014
v -43.573700 93.156502 -5.000014
v 0.000000 96.313004 -5.000014
v 49.534000 89.565399 15.999987
v 49.534000 92.000000 15.999987
v -48.132099 89.565399 14.999988
v 49.534000 90.782700 14.999988
v -49.534000 90.782700 14.999988
v 48.132099 92.000000 14.999988
v 0.000000 92.000000 -5.000014
v -46.730198 92.000000 4.999986
v 48.132099 89.565399 16.999985
v 0.000000 89.565399 16.999985
v -48.132099 92.000000 16.999985
v 0.000000 92.000000 16.999985
v 48.132099 89.565399 14.999988
v 0.000000 89.565399 14.999988
v 35.398098 89.565399 15.999987
v -35.398098 89.565399 15.999987
v 35.398098 92.000000 15.999987
v 35.398098 90.782700 16.999985
v -35.398098 90.782700 16.999985
v 46.730198 92.000000 4.999986
v 0.000000 92.000000 14.999988
v -48.132099 92.000000 14.999988
v -35.398098 92.000000 15.999987
v 49.534000 89.565399 16.999985
v -49.534000 89.565399 16.999985
v 49.534000 92.000000 16.999985
v -49.534000 92.000000 16.999985
v -40.417202 203.686996 -5.000030
v -40.382900 203.652695 -10.152730
v -38.417198 98.312996 -10.152715
v 46.730198 90.000000 -5.000014
v -38.417198 201.686996 -10.152730
v -38.417198 98.312996 -11.000015
v -38.417198 201.686996 -11.000031
v 40.417202 203.686996 -5.000030
v 40.417202 96.313004 -5.000014
v -40.417202 96.313004 -5.000014
v -40.382900 96.347305 -10.152715
v 38.417198 98.312996 -11.000015
v -46.730198 90.000000 -5.000014
v -46.730198 209.999985 -5.000032
v 38.417198 201.686996 -10.152730
v 38.417198 98.312996 -10.152715
v -46.730198 90.000000 -11.000013
v -46.730198 209.999985 -11.000032
v 38.417198 201.686996 -11.000031
v 40.382900 96.347305 -10.152715
v 46.730198 209.999985 -5.000032
v 46.730198 90.000000 -11.000013
v 40.382900 203.652695 -10.152730
v 46.730198 209.999985 -11.000032
v -42.453499 96.113800 -5.025014
v -42.453499 94.900299 -5.025014
v -42.453499 94.792900 -4.222314
v -42.453499 94.929298 -3.808014
v -42.453499 95.286400 -3.590114
v -42.453499 95.738800 -3.561514
v -42.453499 96.084900 -3.808014
v -42.453499 96.221298 -4.222314
v -43.581699 96.113800 -5.025014
v -43.581699 94.900299 -5.025014
v -43.581699 94.792900 -4.222314
v -43.581699 94.929298 -3.808014
v -43.581699 95.286400 -3.590114
v -43.581699 95.738800 -3.561514
v -43.581699 96.084900 -3.808014
v -43.581699 96.221298 -4.222314
v -42.632500 95.738800 -3.561514
v -43.402699 95.738800 -3.561514
v -43.402699 95.286400 -3.590114
v -42.632500 95.286400 -3.590114
v -42.632500 96.084900 -3.808014
v -43.402699 96.084900 -3.808014
v -42.632500 96.221298 -4.222314
v -43.402699 96.221298 -4.222314
v -42.632500 94.900299 -5.025014
v -43.402699 94.900299 -5.025014
v -42.632500 94.792900 -4.222314
v -43.402699 94.792900 -4.222314
v -43.402699 96.113800 -5.025014
v -42.632500 96.113800 -5.025014
v -42.632500 94.929298 -3.808014
v -43.402699 94.929298 -3.808014
v -42.632500 95.738800 -5.025014
v -43.402699 95.738800 -5.025014
v -42.632500 95.738800 -4.293314
v -43.402699 95.738800 -4.293314
v -42.861599 205.699997 -3.588131
v -43.708199 205.500000 -3.995631
v -43.126499 205.699997 -3.588131
v -43.340702 205.699997 -3.743831
v -43.422600 205.699997 -3.995631
v -43.708199 198.529694 -3.995630
v -43.214699 198.529694 -3.316430
v -43.571800 205.500000 -3.575830
v -43.571800 198.529694 -3.575830
v -43.245701 205.399994 -3.221231
v -43.245701 203.570297 -3.221230
v -42.742401 205.399994 -3.221231
v -42.773300 198.529694 -3.316430
v -42.742401 203.570297 -3.221230
v -42.416302 205.500000 -3.575830
v -42.279900 205.500000 -3.995631
v -42.335201 205.399994 -4.474332
v -42.335201 203.570297 -4.474331
v -42.773300 205.500000 -4.674932
v -42.742401 198.429703 -4.770130
v -43.214699 205.500000 -4.674932
v -43.652802 205.399994 -4.474332
v -43.652802 203.570297 -4.474331
v -43.652802 203.570297 -3.517030
v -43.708199 203.470306 -3.995630
v -42.416302 198.529694 -4.415430
v -42.773300 203.470306 -4.674930
v -43.571800 198.529694 -4.415430
v -42.647400 205.699997 -3.743731
v -42.565502 205.699997 -3.995631
v -42.647400 205.699997 -4.247532
v -42.861599 205.699997 -4.403232
v -43.126499 205.699997 -4.403232
v -43.340702 205.699997 -4.247532
v -42.853600 205.699997 -3.995631
v -43.134499 205.699997 -3.995631
v -43.340702 196.300003 -4.247530
v -43.126499 196.300003 -4.403230
v -42.861599 196.300003 -4.403230
v -42.647400 196.300003 -4.247530
v -42.565502 196.300003 -3.995630
v -42.647400 196.300003 -3.743730
v -43.571800 196.500000 -4.415430
v -43.214699 196.500000 -4.674930
v -42.773300 196.500000 -4.674930
v -42.416302 196.500000 -4.415430
v -42.279900 196.500000 -3.995630
v -42.416302 196.500000 -3.575830
v -42.773300 196.500000 -3.316430
v -43.214699 196.500000 -3.316430
v -43.571800 196.500000 -3.575830
v -43.422600 196.300003 -3.995630
v -43.340702 196.300003 -3.743730
v -43.126499 196.300003 -3.588130
v -43.708199 196.500000 -3.995630
v -42.861599 196.300003 -3.588130
v -42.853600 196.300003 -3.995630
v -43.134499 196.300003 -3.995630
v -43.808399 198.429703 -3.995630
v -43.652802 198.429703 -3.517030
v -43.652802 205.399994 -3.517030
v -43.808399 205.399994 -3.995631
v -43.214699 205.500000 -3.316431
v -42.773300 203.470306 -3.316430
v -43.214699 203.470306 -3.316430
v -42.773300 205.500000 -3.316431
v -42.335201 205.399994 -3.517030
v -42.179699 205.399994 -3.995631
v -42.416302 205.500000 -4.415431
v -42.742401 205.399994 -4.770132
v -43.245701 205.399994 -4.770132
v -43.571800 205.500000 -4.415431
v -43.571800 203.470306 -4.415430
v -43.808399 203.570297 -3.995630
v -42.179699 198.429703 -3.995630
v -42.335201 198.429703 -3.517030
v -42.179699 203.570297 -3.995630
v -42.335201 203.570297 -3.517030
v -42.335300 198.429703 -4.474330
v -43.245701 203.570297 -4.770130
v -42.742401 203.570297 -4.770130
v -43.245701 198.429703 -4.770130
v -43.652802 198.429703 -4.474330
v -42.742401 196.599991 -4.770130
v -42.335201 196.599991 -4.474330
v -42.179699 196.599991 -3.995630
v -42.335201 196.599991 -3.517030
v -42.742401 196.599991 -3.221230
v -43.245701 196.599991 -3.221230
v -43.652802 196.599991 -3.517030
v -43.808399 196.599991 -3.995630
v -43.245701 196.599991 -4.770130
v -43.652802 196.599991 -4.474330
v -42.742401 198.429703 -3.221230
v -43.245701 198.429703 -3.221230
v -43.571800 203.470306 -3.575830
v -42.416302 203.470306 -4.415430
v -42.773300 198.529694 -4.674930
v -42.279900 198.529694 -3.995630
v -42.416302 198.529694 -3.575830
v -42.279900 203.470306 -3.995630
v -42.416302 203.470306 -3.575830
v -43.214699 203.470306 -4.674930
v -43.214699 198.529694 -4.674930
v -43.941002 205.674103 -5.012732
v -43.941002 196.325897 -5.012730
v -43.941002 203.537018 -4.808931
v -43.941002 198.462997 -4.808930
v -42.230202 203.537018 -4.808931
v -42.230202 198.462997 -4.808930
v -42.230202 205.674103 -5.012732
v -42.230202 196.325897 -5.012730
v -42.230202 205.674103 -4.490632
v -43.941002 205.674103 -4.490632
v -42.230202 196.325897 -4.490630
v -43.941002 196.325897 -4.490630
v -43.941002 203.537018 -4.490630
v -43.941002 198.462997 -4.490630
v -42.230202 203.537018 -4.490630
v -42.230202 198.462997 -4.490630
v -49.534000 89.565399 14.999988
v 49.534000 89.565399 14.999988
v -49.534000 92.000000 14.999988
v 49.534000 92.000000 14.999988
v 46.730198 92.000000 -5.000014
v -46.730198 92.000000 -5.000014
v -46.730198 92.000000 14.999988
v 35.398098 89.565399 16.999985
v -35.398098 89.565399 16.999985
v -35.398098 92.000000 16.999985
v 35.398098 92.000000 16.999985
v 35.398098 89.565399 14.999988
v -35.398098 89.565399 14.999988
v 46.730198 92.000000 14.999988
v -42.453499 94.900299 -5.025014
v -42.453499 94.828705 -4.592814
v -42.453499 94.792900 -4.222314
v -42.453499 94.828705 -3.975414
v -42.453499 94.929298 -3.808014
v -42.453499 95.087799 -3.675914
v -42.453499 95.286400 -3.590114
v -42.453499 95.507095 -3.561514
v -42.453499 95.738800 -3.561514
v -42.453499 95.738800 -3.561514
v -42.453499 95.926300 -3.675914
v -42.453499 96.084900 -3.808014
v -42.453499 96.185501 -3.975414
v -42.453499 96.221298 -4.222314
v -42.453499 96.185501 -4.592814
v -42.453499 96.113800 -5.025014
v -43.581699 94.900299 -5.025014
v -43.581699 94.828705 -4.592814
v -43.581699 94.792900 -4.222314
v -43.581699 94.828705 -3.975414
v -43.581699 94.929298 -3.808014
v -43.581699 95.087799 -3.675914
v -43.581699 95.286400 -3.590114
v -43.581699 95.507095 -3.561514
v -43.581699 95.738800 -3.561514
v -43.581699 95.738800 -3.561514
v -43.581699 95.926300 -3.675914
v -43.581699 96.084900 -3.808014
v -43.581699 96.185501 -3.975414
v -43.581699 96.221298 -4.222314
v -43.581699 96.185501 -4.592814
v -43.581699 96.113800 -5.025014
v -43.402699 95.738800 -3.561514
v -43.402699 95.738800 -3.561514
v -43.402699 95.738800 -3.561514
v -43.492203 95.738800 -3.561514
v -42.632500 95.738800 -3.561514
v -42.632500 95.738800 -3.561514
v -42.632500 95.738800 -3.561514
v -42.542999 95.738800 -3.561514
v -43.017597 95.738800 -3.561514
v -42.632500 96.084900 -3.808014
v -42.632500 95.926300 -3.675914
v -43.402699 96.084900 -3.808014
v -43.402699 95.926300 -3.675914
v -42.632500 96.221298 -4.222314
v -42.632500 96.185501 -3.975414
v -43.402699 96.221298 -4.222314
v -43.402699 96.185501 -3.975414
v -42.632500 96.113800 -5.025014
v -42.632500 96.185501 -4.592814
v -43.402699 96.113800 -5.025014
v -43.402699 96.185501 -4.592814
v -42.632500 95.738800 -4.293314
v -42.632500 95.738800 -4.659114
v -42.632500 95.738800 -5.025014
v -43.402699 95.738800 -4.293314
v -43.402699 95.738800 -3.927414
v -42.632500 95.738800 -3.927414
v -43.402699 95.738800 -4.659114
v -43.402699 95.738800 -5.025014
v -42.861599 205.699997 -3.588131
v -42.993999 205.699997 -3.567631
v -43.126499 205.699997 -3.588131
v -43.245598 205.699997 -3.649431
v -43.340702 205.699997 -3.743831
v -43.401100 205.699997 -3.863431
v -43.422600 205.699997 -3.995631
v -43.708199 198.529694 -3.995630
v -43.672401 198.529694 -3.775230
v -43.571800 198.529694 -3.575830
v -43.571800 205.500000 -3.575830
v -43.672401 205.500000 -3.775230
v -43.708199 205.500000 -3.995631
v -43.214699 205.500000 -3.316431
v -43.413300 205.500000 -3.418631
v -42.773300 203.470306 -3.316430
v -42.993999 203.470306 -3.282330
v -43.214699 203.470306 -3.316430
v -42.773300 205.500000 -3.316431
v -42.993999 205.500000 -3.282331
v -42.416302 205.500000 -3.575830
v -42.574799 205.500000 -3.418631
v -42.279900 205.500000 -3.995631
v -42.315701 205.500000 -3.775230
v -42.416302 205.500000 -4.415431
v -42.315701 205.500000 -4.216032
v -42.773300 205.500000 -4.674932
v -42.574799 205.500000 -4.572732
v -43.214699 205.500000 -4.674932
v -42.993999 205.500000 -4.708932
v -43.571800 205.500000 -4.415431
v -43.413300 205.500000 -4.572732
v -43.571800 203.470306 -4.415430
v -43.672401 203.470306 -4.216030
v -43.708199 203.470306 -3.995630
v -43.672401 205.500000 -4.216032
v -42.279900 198.529694 -3.995630
v -42.315701 198.529694 -3.775230
v -42.416302 198.529694 -3.575830
v -42.279900 203.470306 -3.995630
v -42.315701 203.470306 -3.775230
v -42.416302 203.470306 -3.575830
v -42.416302 198.529694 -4.415430
v -42.315701 198.529694 -4.216030
v -43.214699 203.470306 -4.674930
v -42.993999 203.470306 -4.708930
v -42.773300 203.470306 -4.674930
v -43.214699 198.529694 -4.674930
v -43.413300 198.529694 -4.572730
v -43.571800 198.529694 -4.415430
v -42.647400 205.699997 -3.743731
v -42.742500 205.699997 -3.649431
v -42.565502 205.699997 -3.995631
v -42.587002 205.699997 -3.863431
v -42.647400 205.699997 -4.247532
v -42.587002 205.699997 -4.127932
v -42.861599 205.699997 -4.403232
v -42.742500 205.699997 -4.341932
v -43.126499 205.699997 -4.403232
v -42.993999 205.699997 -4.423632
v -43.340702 205.699997 -4.247532
v -43.245598 205.699997 -4.341932
v -43.401100 205.699997 -4.127932
v -42.773300 196.500000 -4.674930
v -42.574799 196.500000 -4.572730
v -42.416302 196.500000 -4.415430
v -42.315701 196.500000 -4.216030
v -42.279900 196.500000 -3.995630
v -42.315701 196.500000 -3.775230
v -42.416302 196.500000 -3.575830
v -42.574799 196.500000 -3.418630
v -42.773300 196.500000 -3.316430
v -42.993999 196.500000 -3.282330
v -43.214699 196.500000 -3.316430
v -43.413300 196.500000 -3.418630
v -43.571800 196.500000 -3.575830
v -43.672401 196.500000 -3.775230
v -43.708199 196.500000 -3.995630
v -43.340702 196.300003 -3.743730
v -43.401100 196.300003 -3.863430
v -43.422600 196.300003 -3.995630
v -43.126499 196.300003 -3.588130
v -43.245598 196.300003 -3.649430
v -42.861599 196.300003 -3.588130
v -42.993999 196.300003 -3.567630
v -43.214699 196.500000 -4.674930
v -42.993999 196.500000 -4.708930
v -43.571800 196.500000 -4.415430
v -43.413300 196.500000 -4.572730
v -43.672401 196.500000 -4.216030
v -42.647400 196.300003 -3.743730
v -42.742500 196.300003 -3.649430
v -42.565502 196.300003 -3.995630
v -42.587002 196.300003 -3.863430
v -42.647400 196.300003 -4.247530
v -42.587002 196.300003 -4.127930
v -42.861599 196.300003 -4.403230
v -42.742500 196.300003 -4.341930
v -43.126499 196.300003 -4.403230
v -42.993999 196.300003 -4.423630
v -43.340702 196.300003 -4.247530
v -43.245598 196.300003 -4.341930
v -43.401100 196.300003 -4.127930
v -42.773300 198.529694 -3.316430
v -42.993999 198.529694 -3.282330
v -43.214699 198.529694 -3.316430
v -43.413300 198.529694 -3.418630
v -43.413300 203.470306 -3.418630
v -43.571800 203.470306 -3.575830
v -42.574799 198.529694 -3.418630
v -42.574799 203.470306 -3.418630
v -42.416302 203.470306 -4.415430
v -42.315701 203.470306 -4.216030
v -42.574799 198.529694 -4.572730
v -42.773300 198.529694 -4.674930
v -42.574799 203.470306 -4.572730
v -42.993999 198.529694 -4.708930
v -43.413300 203.470306 -4.572730
v -43.672401 203.470306 -3.775230
v -43.672401 198.529694 -4.216030
v -43.808399 198.429703 -3.995630
v -43.767502 198.429703 -3.744330
v -43.652802 198.429703 -3.517030
v -43.652802 205.399994 -3.517030
v -43.767502 205.399994 -3.744332
v -43.808399 205.399994 -3.995631
v -43.245701 205.399994 -3.221231
v -43.472099 205.399994 -3.337730
v -42.742401 203.570297 -3.221230
v -42.993999 203.570297 -3.182330
v -43.245701 203.570297 -3.221230
v -42.742401 205.399994 -3.221231
v -42.993999 205.399994 -3.182332
v -42.335201 205.399994 -3.517030
v -42.515999 205.399994 -3.337730
v -42.179699 205.399994 -3.995631
v -42.220600 205.399994 -3.744332
v -42.335201 205.399994 -4.474332
v -42.220600 205.399994 -4.246932
v -42.742401 205.399994 -4.770132
v -42.515999 205.399994 -4.653631
v -43.245701 205.399994 -4.770132
v -42.993999 205.399994 -4.808932
v -43.652802 205.399994 -4.474332
v -43.472099 205.399994 -4.653631
v -43.652802 203.570297 -4.474331
v -43.767502 203.570297 -4.246930
v -43.808399 203.570297 -3.995630
v -43.767502 205.399994 -4.246932
v -42.179699 198.429703 -3.995630
v -42.220600 198.429703 -3.744330
v -42.335201 198.429703 -3.517030
v -42.179699 203.570297 -3.995630
v -42.220600 203.570297 -3.744330
v -42.335201 203.570297 -3.517030
v -42.335300 198.429703 -4.474330
v -42.220600 198.429703 -4.246930
v -43.245701 203.570297 -4.770130
v -42.993999 203.570297 -4.808931
v -42.742401 203.570297 -4.770130
v -43.245701 198.429703 -4.770130
v -43.472099 198.429703 -4.653630
v -43.652802 198.429703 -4.474330
v -42.742401 196.599991 -4.770130
v -42.515999 196.599991 -4.653630
v -42.335201 196.599991 -4.474330
v -42.220600 196.599991 -4.246930
v -42.179699 196.599991 -3.995630
v -42.220600 196.599991 -3.744330
v -42.335201 196.599991 -3.517030
v -42.515999 196.599991 -3.337730
v -42.742401 196.599991 -3.221230
v -42.993999 196.599991 -3.182330
v -43.245701 196.599991 -3.221230
v -43.472099 196.599991 -3.337730
v -43.652802 196.599991 -3.517030
v -43.767502 196.599991 -3.744330
v -43.808399 196.599991 -3.995630
v -43.245701 196.599991 -4.770130
v -42.993999 196.599991 -4.808930
v -43.652802 196.599991 -4.474330
v -43.472099 196.599991 -4.653630
v -43.767502 196.599991 -4.246930
v -42.742401 198.429703 -3.221230
v -42.993999 198.429703 -3.182330
v -43.245701 198.429703 -3.221230
v -43.472099 198.429703 -3.337730
v -43.472099 203.570297 -3.337730
v -43.652802 203.570297 -3.517030
v -42.515999 198.429703 -3.337730
v -42.515999 203.570297 -3.337730
v -42.335201 203.570297 -4.474331
v -42.220600 203.570297 -4.246930
v -42.515999 198.429703 -4.653630
v -42.742401 198.429703 -4.770130
v -42.515999 203.570297 -4.653630
v -42.993999 198.429703 -4.808930
v -43.472099 203.570297 -4.653630
v -43.767502 203.570297 -3.744330
v -43.767502 198.429703 -4.246930
v -43.085598 205.674103 -4.490632
v -42.230202 205.674103 -4.490632
v -43.085598 196.325897 -4.490630
v -42.230202 196.325897 -4.490630
vn 1.0000 -0.0000 0.0066
vn 1.0000 -0.0000 0.0067
vn -0.0000 -0.0000 1.0000
vn -0.0000 -1.0000 0.0066
vn -0.0000 -1.0000 0.0067
vn 1.0000 -0.0000 -0.0000
vn -0.0000 1.0000 0.0066
vn -0.0000 1.0000 0.0067
vn -1.0000 -0.0000 -0.0000
vn -0.0000 -1.0000 -0.0000
vn -0.0000 -0.0000 -1.0000
vn -1.0000 -0.0000 0.0067
vn -1.0000 -0.0000 0.0066
vn -0.0000 1.0000 -0.0000
vn -0.0000 -0.2651 0.9642
vn -0.0000 -0.0644 0.9979
vn -0.0000 0.5208 0.8537
vn -0.0000 0.5820 0.8132
vn -0.0000 0.7592 0.6509
vn -0.0000 0.9419 0.3359
vn -0.0000 0.9997 0.0238
vn -0.0000 -0.9866 -0.1634
vn -0.0000 -0.9915 -0.1299
vn -0.0000 -0.9997 0.0238
vn -0.0000 -0.9419 0.3359
vn -0.0000 -0.7593 0.6507
vn -0.0000 0.9915 -0.1300
vn -0.0000 0.9865 -0.1637
vn -0.0000 -0.5238 0.8518
vn -0.0000 -0.5238 0.8519
vn -0.0000 0.5209 0.8536
vn -0.0000 -0.9419 0.3358
vn -0.0000 0.9865 -0.1636
vn -0.3091 -0.0000 0.9510
vn -0.3092 -0.0000 0.9510
vn 0.3092 -0.0000 0.9510
vn -0.9510 -0.0000 -0.3091
vn -0.8091 -0.0000 -0.5877
vn -0.4640 0.8192 -0.3370
vn -0.5460 0.8188 -0.1774
vn -0.5459 0.8188 -0.1774
vn -0.5736 0.8192 -0.0000
vn -0.5736 0.8191 -0.0000
vn -0.5460 0.8187 -0.1776
vn -0.1772 0.8191 -0.5455
vn -0.3374 0.8188 -0.4645
vn -0.3374 0.8188 -0.4644
vn -0.3374 0.8189 -0.4643
vn -0.1772 0.8192 -0.5454
vn 0.1772 0.8192 -0.5455
vn -0.0000 0.8188 -0.5741
vn -0.0000 0.8189 -0.5739
vn 0.4640 0.8192 -0.3371
vn 0.3375 0.8188 -0.4643
vn 0.3374 0.8189 -0.4644
vn 0.3374 0.8189 -0.4643
vn 0.4639 0.8193 -0.3370
vn 0.5736 0.8191 -0.0000
vn 0.5461 0.8187 -0.1774
vn 0.5460 0.8188 -0.1774
vn 0.5460 0.8187 -0.1775
vn 0.5735 0.8192 -0.0000
vn 0.4640 0.8192 0.3371
vn 0.5461 0.8187 0.1774
vn 0.5460 0.8188 0.1774
vn 0.5458 0.8189 0.1774
vn 0.4644 0.8190 0.3371
vn 0.1772 0.8192 0.5454
vn 0.3375 0.8188 0.4644
vn 0.3373 0.8189 0.4644
vn 0.1773 0.8192 0.5454
vn -0.1772 0.8192 0.5454
vn -0.0000 0.8188 0.5740
vn -0.0000 0.8189 0.5739
vn -0.0000 0.8188 0.5741
vn -0.1773 0.8192 0.5454
vn -0.4640 0.8192 0.3370
vn -0.3375 0.8188 0.4645
vn -0.3375 0.8188 0.4644
vn -0.3374 0.8189 0.4643
vn -0.5459 0.8188 0.1774
vn -0.5459 0.8189 0.1774
vn -0.5460 0.8187 0.1776
vn -0.0000 1.0000 0.0001
vn -0.0000 1.0000 -0.0001
vn -0.5460 -0.8188 -0.1774
vn -0.4640 -0.8192 -0.3370
vn -0.5459 -0.8188 -0.1774
vn -0.5460 -0.8187 -0.1776
vn -0.5736 -0.8191 -0.0000
vn -0.5736 -0.8192 -0.0000
vn -0.3374 -0.8188 -0.4645
vn -0.1772 -0.8192 -0.5455
vn -0.1772 -0.8192 -0.5454
vn -0.3374 -0.8189 -0.4643
vn -0.0000 -0.8188 -0.5741
vn 0.1772 -0.8192 -0.5455
vn 0.1772 -0.8192 -0.5454
vn -0.0000 -0.8189 -0.5739
vn 0.3375 -0.8188 -0.4644
vn 0.4640 -0.8192 -0.3372
vn 0.3374 -0.8188 -0.4644
vn 0.4642 -0.8191 -0.3370
vn 0.3374 -0.8189 -0.4643
vn 0.5461 -0.8187 -0.1774
vn 0.5736 -0.8191 -0.0000
vn 0.5460 -0.8188 -0.1774
vn 0.5735 -0.8192 -0.0000
vn 0.5457 -0.8190 -0.1774
vn 0.5461 -0.8187 0.1774
vn 0.4640 -0.8192 0.3372
vn 0.5460 -0.8188 0.1774
vn 0.4639 -0.8192 0.3371
vn 0.5458 -0.8189 0.1774
vn 0.3375 -0.8188 0.4644
vn 0.1772 -0.8192 0.5454
vn 0.3375 -0.8188 0.4643
vn 0.1773 -0.8192 0.5454
vn 0.3373 -0.8189 0.4644
vn -0.0000 -0.8188 0.5740
vn -0.1772 -0.8192 0.5454
vn -0.0000 -0.8189 0.5739
vn -0.1773 -0.8192 0.5454
vn -0.0000 -0.8188 0.5741
vn -0.3375 -0.8188 0.4645
vn -0.4640 -0.8192 0.3370
vn -0.3375 -0.8188 0.4644
vn -0.4640 -0.8192 0.3371
vn -0.3373 -0.8189 0.4644
vn -0.5459 -0.8188 0.1774
vn -0.5459 -0.8189 0.1774
vn -0.5460 -0.8187 0.1775
vn -0.0000 -1.0000 -0.0001
vn -0.0000 -1.0000 -0.0003
vn -0.0000 -1.0000 0.0001
vn -0.9510 -0.0000 0.3092
vn -0.8090 -0.0000 0.5878
vn -0.5878 -0.0000 0.8090
vn 0.5877 -0.0000 0.8091
vn 0.8090 -0.0000 0.5877
vn 0.9511 -0.0000 0.3090
vn 0.9510 -0.0000 -0.3091
vn 0.9511 -0.0000 -0.3090
vn 0.9511 -0.0000 -0.3089
vn 0.8091 -0.0000 -0.5877
vn 0.8088 -0.0000 -0.5881
vn 0.5877 -0.0000 -0.8091
vn 0.3090 -0.0000 -0.9511
vn 0.5878 -0.0000 -0.8090
vn -0.3090 -0.0000 -0.9511
vn -0.5878 -0.0000 -0.8090
vn -0.7064 0.7078 -0.0000
vn -0.6727 0.7069 0.2186
vn -0.6725 0.7071 0.2184
vn -0.5718 0.7074 0.4154
vn -0.5717 0.7076 0.4153
vn -0.6722 0.7074 0.2184
vn -0.7066 0.7076 -0.0000
vn -0.7065 0.7077 -0.0000
vn -0.6728 0.7068 0.2187
vn -0.6726 0.7070 0.2185
vn -0.7068 0.7074 -0.0000
vn -0.4158 0.7067 0.5724
vn -0.4156 0.7070 0.5722
vn -0.2184 0.7075 0.6722
vn -0.2183 0.7076 0.6720
vn -0.4153 0.7075 0.5718
vn 0.2184 -0.7074 0.6722
vn -0.0000 -0.7071 0.7071
vn -0.0000 -0.7072 0.7071
vn -0.2184 -0.7076 0.6720
vn -0.2184 -0.7077 0.6719
vn -0.0000 -0.7072 0.7070
vn 0.2185 -0.7075 0.6721
vn -0.0000 0.7070 0.7072
vn -0.0000 0.7071 0.7071
vn 0.2185 0.7074 0.6722
vn 0.2185 0.7075 0.6721
vn -0.0000 0.7072 0.7070
vn 0.4156 0.7071 0.5722
vn 0.4155 0.7071 0.5722
vn 0.5716 0.7077 0.4152
vn 0.4154 0.7074 0.5718
vn 0.6728 0.7068 0.2185
vn 0.6726 0.7071 0.2183
vn 0.7065 0.7077 -0.0000
vn 0.7063 0.7079 -0.0000
vn 0.6722 0.7074 0.2184
vn 0.6730 0.7067 -0.2185
vn 0.6726 0.7070 -0.2184
vn 0.5715 0.7079 -0.4151
vn 0.5717 0.7076 -0.4152
vn 0.6723 0.7073 -0.2184
vn 0.4155 0.7072 -0.5721
vn 0.4157 0.7072 -0.5719
vn 0.2184 0.7075 -0.6722
vn 0.2185 0.7074 -0.6722
vn 0.4158 0.7069 -0.5723
vn -0.0000 0.7070 -0.7072
vn -0.0000 0.7071 -0.7071
vn -0.2184 0.7075 -0.6721
vn -0.2183 0.7076 -0.6721
vn -0.0000 0.7072 -0.7070
vn -0.4157 0.7070 -0.5721
vn -0.4157 0.7071 -0.5720
vn -0.5717 0.7076 -0.4152
vn -0.5717 0.7076 -0.4154
vn -0.4157 0.7069 -0.5722
vn -0.7064 -0.7078 -0.0000
vn -0.6728 -0.7068 -0.2186
vn -0.6725 -0.7071 -0.2185
vn -0.5718 -0.7074 -0.4155
vn -0.5717 -0.7076 -0.4154
vn -0.6724 -0.7073 -0.2183
vn -0.7067 -0.7075 -0.0000
vn -0.6729 0.7066 -0.2187
vn -0.6726 0.7070 -0.2186
vn -0.6720 0.7076 -0.2183
vn 0.5719 0.7075 0.4153
vn 0.6727 0.7069 0.2185
vn 0.6725 0.7071 0.2183
vn 0.7064 0.7078 -0.0000
vn 0.5712 0.7081 0.4151
vn 0.7064 -0.7078 -0.0000
vn 0.6727 -0.7069 0.2185
vn 0.6725 -0.7071 0.2183
vn 0.5716 -0.7077 0.4152
vn 0.5717 -0.7075 0.4155
vn 0.6726 -0.7070 0.2185
vn 0.7065 -0.7077 -0.0000
vn 0.6727 0.7070 -0.2185
vn 0.6725 0.7071 -0.2185
vn 0.5715 0.7077 -0.4154
vn -0.2183 -0.7076 -0.6720
vn -0.0000 -0.7071 -0.7071
vn -0.0000 -0.7072 -0.7070
vn 0.2183 -0.7074 -0.6722
vn 0.2185 -0.7074 -0.6722
vn -0.2183 -0.7077 -0.6720
vn -0.2183 0.7076 -0.6720
vn -0.4155 0.7074 -0.5718
vn -0.4156 0.7072 -0.5720
vn -0.5717 0.7077 -0.4153
vn -0.4157 0.7068 -0.5724
vn -0.2183 0.7077 -0.6720
vn 0.2184 -0.7075 -0.6721
vn 0.4157 -0.7071 -0.5720
vn 0.4156 -0.7072 -0.5720
vn 0.5714 -0.7079 -0.4151
vn 0.5716 -0.7077 -0.4153
vn 0.4159 -0.7069 -0.5721
vn 0.2184 -0.7077 -0.6719
vn 0.6728 -0.7069 -0.2185
vn 0.6725 -0.7071 -0.2184
vn 0.6725 -0.7071 -0.2183
vn 0.6726 -0.7070 0.2184
vn 0.5716 -0.7077 0.4153
vn 0.5713 -0.7080 0.4152
vn 0.6723 -0.7073 0.2184
vn 0.4156 -0.7070 0.5723
vn 0.4155 -0.7071 0.5721
vn 0.2184 -0.7075 0.6721
vn 0.2186 -0.7074 0.6722
vn 0.4155 -0.7075 0.5717
vn -0.2184 -0.7075 0.6721
vn -0.2183 -0.7075 0.6722
vn -0.4157 -0.7070 0.5721
vn -0.4156 -0.7072 0.5720
vn -0.5718 -0.7075 0.4155
vn -0.5717 -0.7075 0.4154
vn -0.4155 -0.7075 0.5717
vn -0.6725 -0.7070 0.2187
vn -0.6725 -0.7071 0.2185
vn -0.7066 -0.7076 -0.0000
vn -0.6723 -0.7073 0.2184
vn -0.2183 -0.7075 -0.6721
vn -0.2183 -0.7074 -0.6722
vn -0.5716 -0.7077 -0.4153
vn -0.4155 -0.7075 -0.5717
vn -0.4157 -0.7072 -0.5718
vn -0.4159 -0.7069 -0.5721
vn -0.5717 -0.7075 -0.4155
vn -0.6727 -0.7069 -0.2186
vn -0.6725 -0.7071 -0.2186
vn -0.6721 -0.7075 -0.2182
vn -0.2184 0.7076 0.6720
vn 0.2184 0.7074 0.6722
vn -0.2184 0.7077 0.6719
vn -0.4158 0.7069 0.5722
vn -0.4156 0.7071 0.5721
vn -0.4153 0.7074 0.5719
vn -0.4158 -0.7068 0.5723
vn -0.4155 -0.7071 0.5722
vn -0.5718 -0.7075 0.4154
vn -0.5717 -0.7076 0.4153
vn -0.4155 -0.7070 0.5723
vn 0.4157 0.7070 0.5721
vn 0.4156 0.7072 0.5720
vn 0.4154 0.7075 0.5717
vn 0.4158 -0.7070 0.5721
vn 0.4156 -0.7072 0.5720
vn 0.4157 -0.7071 0.5720
vn 0.5720 -0.7076 -0.4149
vn 0.6729 -0.7068 -0.2185
vn 0.6725 -0.7071 -0.2185
vn 0.4155 0.7074 -0.5717
vn 0.4157 0.7073 -0.5718
vn 0.2183 0.7075 -0.6722
vn 0.4158 0.7070 -0.5721
vn 0.4155 -0.7075 -0.5717
vn 0.4157 -0.7073 -0.5718
vn 0.4158 -0.7070 -0.5721
vn -0.0000 0.7072 -0.7071
vn -0.4157 -0.7071 -0.5720
vn -0.4157 -0.7072 -0.5719
vn -0.4157 -0.7068 -0.5724
vn -0.6727 -0.7069 0.2186
vn -0.6725 -0.7071 0.2184
vn -0.6722 -0.7074 0.2184
vn -0.6728 0.7068 -0.2186
vn -0.6725 0.7071 -0.2185
vn -0.6720 0.7076 -0.2182
vn -0.7071 -0.7071 -0.0000
vn 0.7071 -0.7071 -0.0000
vn 0.7071 0.7071 -0.0000
vn 0.7071 -0.0000 0.7071
vn -0.7071 -0.0000 0.7071
vn -0.7071 0.7071 -0.0000
vn -0.0000 -0.2652 0.9642
vn -0.0000 0.7592 0.6508
vn -0.0000 -0.9866 -0.1635
vn -0.0000 -0.7593 0.6508
vn -0.4642 0.8190 -0.3372
vn -0.5737 0.8191 -0.0000
vn -0.1771 0.8193 -0.5454
vn 0.1772 0.8193 -0.5454
vn 0.4642 0.8190 -0.3371
vn 0.4640 0.8191 0.3372
vn 0.1774 0.8191 0.5456
vn -0.1773 0.8191 0.5456
vn -0.4640 0.8191 0.3372
vn -0.4642 -0.8190 -0.3372
vn -0.5737 -0.8191 -0.0000
vn -0.1771 -0.8193 -0.5454
vn 0.1772 -0.8193 -0.5454
vn 0.4642 -0.8190 -0.3372
vn 0.4640 -0.8191 0.3372
vn 0.1774 -0.8191 0.5456
vn -0.1773 -0.8191 0.5456
vn -0.4640 -0.8192 0.3372
vn 0.8090 -0.0000 0.5878
vn -0.5715 0.7077 0.4153
vn -0.5719 0.7074 0.4153
vn -0.2185 0.7073 0.6723
vn 0.2185 -0.7074 0.6722
vn -0.2185 -0.7075 0.6721
vn 0.2181 0.7077 0.6721
vn 0.5720 0.7073 0.4154
vn 0.5716 0.7077 -0.4153
vn -0.2184 0.7074 -0.6723
vn -0.5716 0.7077 -0.4152
vn -0.7065 -0.7077 -0.0000
vn -0.5715 -0.7078 -0.4153
vn 0.5719 0.7074 0.4155
vn 0.5719 -0.7074 0.4155
vn 0.5719 0.7072 -0.4157
vn 0.2183 -0.7073 -0.6723
vn -0.5720 0.7076 -0.4150
vn 0.5714 -0.7079 -0.4152
vn 0.7063 -0.7079 -0.0000
vn 0.5717 -0.7074 0.4155
vn 0.2185 -0.7077 0.6719
vn -0.2185 -0.7076 0.6720
vn -0.7064 -0.7079 -0.0000
vn -0.2183 -0.7076 -0.6721
vn -0.5714 -0.7080 -0.4151
vn -0.2185 0.7075 0.6721
vn 0.2185 0.7073 0.6723
vn -0.5718 -0.7074 0.4155
vn 0.5715 -0.7078 -0.4152
vn 0.2184 0.7074 -0.6722
vn -0.5774 -0.5774 0.5774
vn 0.5774 0.5774 0.5774
vn 0.5774 -0.5774 0.5774
vn -0.5774 0.5774 0.5774
vt 0.845300 0.765300
vt 0.855300 0.558600
vt 0.855300 0.765300
vt 0.865200 0.558700
vt 0.865200 0.765300
vt 0.865200 0.971900
vt 0.855300 0.972000
vt 0.771500 0.812300
vt 0.767800 0.964100
vt 0.767800 0.812300
vt 0.764000 0.960300
vt 0.764000 0.812300
vt 0.764000 0.664400
vt 0.767800 0.660600
vt 0.869000 0.562400
vt 0.869000 0.765300
vt 0.872800 0.566200
vt 0.872800 0.765300
vt 0.872800 0.964400
vt 0.869000 0.968100
vt 0.791400 0.812300
vt 0.781500 0.967900
vt 0.781500 0.812300
vt 0.771500 0.967900
vt 0.771500 0.656800
vt 0.781500 0.656700
vt 0.874400 0.765300
vt 0.874400 0.566200
vt 0.876000 0.765300
vt 0.876000 0.964400
vt 0.874400 0.964400
vt 0.665200 0.812300
vt 0.675200 0.656700
vt 0.675200 0.812300
vt 0.685100 0.656800
vt 0.685100 0.812300
vt 0.685100 0.967900
vt 0.675200 0.967900
vt 0.942400 0.566200
vt 0.944100 0.765300
vt 0.942400 0.765300
vt 0.942400 0.964400
vt 0.940800 0.765300
vt 0.762300 0.960300
vt 0.762300 0.812300
vt 0.760700 0.812300
vt 0.762300 0.664400
vt 0.892000 0.765300
vt 0.876000 0.566200
vt 0.892000 0.550200
vt 0.908000 0.765300
vt 0.892000 0.980400
vt 0.947900 0.562400
vt 0.951600 0.765300
vt 0.947900 0.765300
vt 0.947900 0.968100
vt 0.944100 0.964400
vt 0.944100 0.566200
vt 0.961600 0.558600
vt 0.971500 0.765300
vt 0.961600 0.765300
vt 0.961600 0.972000
vt 0.951600 0.971900
vt 0.951600 0.558700
vt 0.692700 0.812300
vt 0.694300 0.664400
vt 0.694300 0.812300
vt 0.695900 0.812300
vt 0.694300 0.960300
vt 0.983600 0.765300
vt 0.971500 0.558500
vt 0.983600 0.546400
vt 0.995800 0.765300
vt 0.983700 0.984200
vt 0.971500 0.972100
vt 0.833200 0.765300
vt 0.845300 0.558500
vt 0.845400 0.972100
vt 0.833200 0.984200
vt 0.821000 0.765300
vt 0.833200 0.546400
vt 0.924800 0.765300
vt 0.940800 0.566200
vt 0.940800 0.964400
vt 0.924800 0.980400
vt 0.908800 0.765300
vt 0.924800 0.550200
vt 0.711900 0.812300
vt 0.695900 0.664400
vt 0.711900 0.648400
vt 0.727900 0.812300
vt 0.711900 0.976300
vt 0.695900 0.960300
vt 0.803500 0.812300
vt 0.791400 0.656700
vt 0.803500 0.644500
vt 0.815700 0.812300
vt 0.803500 0.980200
vt 0.791400 0.968000
vt 0.744700 0.812300
vt 0.760700 0.960300
vt 0.744700 0.976300
vt 0.728700 0.812300
vt 0.744700 0.648400
vt 0.760700 0.664400
vt 0.688900 0.660600
vt 0.688900 0.812300
vt 0.692700 0.664400
vt 0.692700 0.960300
vt 0.688900 0.964100
vt 0.653100 0.812300
vt 0.665200 0.968000
vt 0.653100 0.980200
vt 0.640900 0.812300
vt 0.653100 0.644500
vt 0.665200 0.656700
vt 0.586100 0.926000
vt 0.595200 0.928600
vt 0.587500 0.928600
vt 0.597900 0.931100
vt 0.588800 0.931100
vt 0.579700 0.928600
vt 0.579700 0.926000
vt 0.587500 0.826600
vt 0.597900 0.824100
vt 0.595200 0.826600
vt 0.586100 0.829100
vt 0.579700 0.829100
vt 0.579700 0.826600
vt 0.588800 0.824100
vt 0.597900 0.877600
vt 0.615900 0.824100
vt 0.615900 0.877600
vt 0.634000 0.877600
vt 0.615900 0.931100
vt 0.597900 0.960400
vt 0.615900 0.937900
vt 0.615900 0.960400
vt 0.634000 0.960400
vt 0.615900 0.983000
vt 0.597900 0.794800
vt 0.615900 0.772300
vt 0.615900 0.794800
vt 0.634000 0.794800
vt 0.615900 0.817400
vt 0.597900 0.934500
vt 0.615900 0.934500
vt 0.634000 0.934500
vt 0.634000 0.820700
vt 0.615900 0.820700
vt 0.597900 0.820700
vt 0.595200 0.877600
vt 0.592600 0.877600
vt 0.597900 0.766700
vt 0.615900 0.761200
vt 0.615900 0.766700
vt 0.634000 0.766700
vt 0.634000 0.988500
vt 0.615900 0.994000
vt 0.615900 0.988500
vt 0.597900 0.988500
vt 0.709100 0.581800
vt 0.711000 0.586700
vt 0.709100 0.586700
vt 0.709100 0.591500
vt 0.707200 0.586700
vt 0.711000 0.596200
vt 0.709100 0.596200
vt 0.709100 0.600700
vt 0.707200 0.596200
vt 0.711000 0.605000
vt 0.709100 0.605000
vt 0.709100 0.610500
vt 0.707200 0.605000
vt 0.709100 0.545600
vt 0.711000 0.554900
vt 0.709100 0.554900
vt 0.709100 0.562900
vt 0.707200 0.554900
vt 0.711000 0.568300
vt 0.709100 0.568300
vt 0.709100 0.572600
vt 0.707200 0.568300
vt 0.711000 0.618500
vt 0.709100 0.618500
vt 0.709200 0.627700
vt 0.707300 0.618500
vt 0.711000 0.577100
vt 0.709100 0.577100
vt 0.707200 0.577100
vt 0.569300 0.589200
vt 0.560200 0.602000
vt 0.560200 0.589200
vt 0.560200 0.576400
vt 0.569300 0.574900
vt 0.577100 0.589200
vt 0.569300 0.603500
vt 0.582300 0.603500
vt 0.582300 0.589200
vt 0.582300 0.574900
vt 0.585900 0.577000
vt 0.585900 0.589200
vt 0.585900 0.601400
vt 0.588600 0.598000
vt 0.588600 0.589200
vt 0.588600 0.580400
vt 0.591100 0.584300
vt 0.591100 0.589200
vt 0.591100 0.594100
vt 0.729100 0.581800
vt 0.731000 0.586700
vt 0.729100 0.586700
vt 0.729100 0.591600
vt 0.727200 0.586700
vt 0.719100 0.581800
vt 0.719100 0.586700
vt 0.719100 0.591500
vt 0.731000 0.596200
vt 0.729100 0.596200
vt 0.729100 0.600700
vt 0.727200 0.596200
vt 0.731000 0.605000
vt 0.729100 0.605000
vt 0.729200 0.610500
vt 0.727300 0.605000
vt 0.729200 0.545600
vt 0.731100 0.554900
vt 0.729200 0.554900
vt 0.729200 0.562900
vt 0.727300 0.554900
vt 0.719200 0.545600
vt 0.719100 0.554900
vt 0.719100 0.562900
vt 0.731000 0.568300
vt 0.729200 0.568300
vt 0.729100 0.572600
vt 0.727300 0.568300
vt 0.719100 0.568300
vt 0.719100 0.572600
vt 0.731000 0.618400
vt 0.729200 0.618400
vt 0.729200 0.627700
vt 0.727300 0.618400
vt 0.731000 0.577100
vt 0.729100 0.577100
vt 0.727300 0.577100
vt 0.719100 0.577100
vt 0.585400 0.783200
vt 0.577700 0.775100
vt 0.585400 0.775100
vt 0.585400 0.767000
vt 0.593200 0.775100
vt 0.570000 0.783200
vt 0.562300 0.775100
vt 0.570000 0.775100
vt 0.570000 0.767000
vt 0.141000 0.755900
vt 0.137600 0.752700
vt 0.141500 0.751200
vt 0.147400 0.755600
vt 0.148200 0.760600
vt 0.140500 0.760700
vt 0.135200 0.756700
vt 0.377700 0.739000
vt 0.371100 0.742300
vt 0.371400 0.737600
vt 0.367500 0.740200
vt 0.365700 0.735900
vt 0.371600 0.732800
vt 0.379200 0.734100
vt 0.386900 0.735400
vt 0.393800 0.740500
vt 0.385400 0.739900
vt 0.393200 0.744400
vt 0.383900 0.744400
vt 0.155200 0.755900
vt 0.163600 0.752700
vt 0.163600 0.756700
vt 0.155900 0.760600
vt 0.154500 0.751200
vt 0.498500 0.629300
vt 0.492900 0.610000
vt 0.498500 0.610000
vt 0.492900 0.590700
vt 0.498500 0.590700
vt 0.504100 0.590700
vt 0.504100 0.610000
vt 0.465000 0.629300
vt 0.459400 0.610000
vt 0.465000 0.610000
vt 0.465000 0.590700
vt 0.470600 0.610000
vt 0.470600 0.629300
vt 0.644500 0.568700
vt 0.639600 0.566200
vt 0.643100 0.565300
vt 0.642700 0.561600
vt 0.646200 0.561700
vt 0.646500 0.564400
vt 0.647600 0.566800
vt 0.650200 0.573400
vt 0.644700 0.574200
vt 0.647000 0.571500
vt 0.649300 0.568800
vt 0.651600 0.570100
vt 0.657700 0.574200
vt 0.653400 0.578000
vt 0.653900 0.574400
vt 0.654300 0.570800
vt 0.657100 0.570600
vt 0.665000 0.571100
vt 0.663000 0.576400
vt 0.661400 0.572900
vt 0.659700 0.569500
vt 0.661900 0.567700
vt 0.667300 0.562000
vt 0.670800 0.566700
vt 0.667000 0.565900
vt 0.666000 0.569900
vt 0.663200 0.565100
vt 0.663600 0.562300
vt 0.664700 0.554800
vt 0.670000 0.556900
vt 0.666500 0.558200
vt 0.663100 0.559500
vt 0.661800 0.557100
vt 0.658600 0.550600
vt 0.664100 0.549300
vt 0.662000 0.552200
vt 0.659900 0.555200
vt 0.657500 0.554000
vt 0.651300 0.550500
vt 0.655000 0.546400
vt 0.654900 0.550000
vt 0.654900 0.553600
vt 0.652300 0.553900
vt 0.645200 0.554700
vt 0.645900 0.549200
vt 0.647900 0.552200
vt 0.649900 0.555100
vt 0.648000 0.556900
vt 0.640100 0.556700
vt 0.643400 0.557900
vt 0.646800 0.559200
vt 0.654700 0.562100
vt 0.657400 0.566400
vt 0.654500 0.566400
vt 0.651800 0.566100
vt 0.654900 0.557800
vt 0.657600 0.558100
vt 0.652100 0.558000
vt 0.649400 0.558500
vt 0.651900 0.562000
vt 0.649100 0.561900
vt 0.649100 0.565300
vt 0.660300 0.565900
vt 0.657600 0.562200
vt 0.660600 0.562300
vt 0.660400 0.558700
vt 0.641700 0.505200
vt 0.647200 0.504600
vt 0.644600 0.507300
vt 0.649400 0.507400
vt 0.647500 0.509300
vt 0.646400 0.511700
vt 0.643000 0.510600
vt 0.649200 0.499400
vt 0.654100 0.502000
vt 0.650500 0.502800
vt 0.654300 0.505700
vt 0.651700 0.506200
vt 0.658800 0.498900
vt 0.661400 0.503900
vt 0.657900 0.502400
vt 0.659600 0.507100
vt 0.657000 0.506000
vt 0.667200 0.503800
vt 0.667200 0.509400
vt 0.664400 0.506400
vt 0.663100 0.511500
vt 0.661700 0.509100
vt 0.671100 0.515600
vt 0.666200 0.518800
vt 0.667200 0.515000
vt 0.662800 0.517200
vt 0.663400 0.514400
vt 0.667700 0.510900
vt 0.666900 0.524500
vt 0.661300 0.524600
vt 0.664200 0.522100
vt 0.659400 0.521500
vt 0.661400 0.519600
vt 0.658700 0.529500
vt 0.654100 0.526400
vt 0.657800 0.526000
vt 0.654200 0.522900
vt 0.656900 0.522500
vt 0.649200 0.529000
vt 0.647200 0.523900
vt 0.650400 0.525700
vt 0.649300 0.521100
vt 0.651700 0.522300
vt 0.641700 0.523300
vt 0.642900 0.517900
vt 0.644600 0.521200
vt 0.646300 0.516900
vt 0.647500 0.519200
vt 0.638800 0.514300
vt 0.642400 0.514300
vt 0.646000 0.514300
vt 0.658400 0.511200
vt 0.654500 0.514300
vt 0.655800 0.510100
vt 0.653000 0.509500
vt 0.653100 0.518300
vt 0.650500 0.517200
vt 0.655700 0.519000
vt 0.648200 0.515800
vt 0.649100 0.512500
vt 0.651800 0.513400
vt 0.650300 0.509300
vt 0.660900 0.512700
vt 0.660000 0.516200
vt 0.657200 0.515200
vt 0.658500 0.519400
vt 0.525400 0.996500
vt 0.520300 0.978600
vt 0.525400 0.978600
vt 0.525400 0.960600
vt 0.530600 0.978600
vt 0.535800 0.996500
vt 0.535800 0.978600
vt 0.535800 0.960600
vt 0.541000 0.978600
vt 0.487300 0.629300
vt 0.481700 0.610000
vt 0.487300 0.610000
vt 0.487300 0.590700
vt 0.546200 0.996500
vt 0.546200 0.978600
vt 0.546200 0.960600
vt 0.551400 0.978600
vt 0.556500 0.996500
vt 0.556500 0.978600
vt 0.556500 0.960600
vt 0.561700 0.978600
vt 0.509600 0.629300
vt 0.509600 0.610000
vt 0.509600 0.590700
vt 0.515200 0.610000
vt 0.566900 0.996500
vt 0.566900 0.978600
vt 0.566900 0.960600
vt 0.572100 0.978600
vt 0.520800 0.629300
vt 0.520800 0.610000
vt 0.520800 0.590700
vt 0.526400 0.590700
vt 0.526400 0.610000
vt 0.577300 0.996500
vt 0.577300 0.978600
vt 0.577300 0.960600
vt 0.582500 0.978600
vt 0.582500 0.996500
vt 0.531900 0.610000
vt 0.526400 0.629300
vt 0.531900 0.590700
vt 0.537500 0.610000
vt 0.531900 0.629300
vt 0.431600 0.629300
vt 0.426000 0.610000
vt 0.431600 0.610000
vt 0.431600 0.590700
vt 0.437100 0.610000
vt 0.484000 0.978600
vt 0.478800 0.996500
vt 0.478800 0.978600
vt 0.484000 0.960600
vt 0.489200 0.978600
vt 0.484000 0.996500
vt 0.442700 0.629300
vt 0.442700 0.610000
vt 0.442700 0.590700
vt 0.448300 0.610000
vt 0.448300 0.629300
vt 0.494300 0.996500
vt 0.494300 0.978600
vt 0.494300 0.960600
vt 0.499500 0.978600
vt 0.453900 0.629300
vt 0.453900 0.610000
vt 0.453900 0.590700
vt 0.504700 0.996500
vt 0.504700 0.978600
vt 0.504700 0.960600
vt 0.509900 0.978600
vt 0.476200 0.629300
vt 0.476200 0.610000
vt 0.470600 0.590700
vt 0.476200 0.590700
vt 0.515100 0.996500
vt 0.515100 0.978600
vt 0.515100 0.960600
vt 0.748400 0.620900
vt 0.747800 0.626500
vt 0.749200 0.626000
vt 0.751500 0.630600
vt 0.752700 0.629800
vt 0.750600 0.625600
vt 0.749900 0.620900
vt 0.637600 0.561300
vt 0.637200 0.555600
vt 0.638700 0.556100
vt 0.641200 0.551500
vt 0.642400 0.552500
vt 0.639100 0.561400
vt 0.644200 0.546700
vt 0.645100 0.548000
vt 0.649800 0.545700
vt 0.650200 0.547100
vt 0.665200 0.620300
vt 0.661000 0.624100
vt 0.660600 0.622600
vt 0.655500 0.623500
vt 0.655500 0.622000
vt 0.660100 0.621200
vt 0.664300 0.619100
vt 0.655000 0.543400
vt 0.655000 0.544900
vt 0.660200 0.545700
vt 0.659700 0.547200
vt 0.665800 0.546800
vt 0.664900 0.548000
vt 0.668800 0.551600
vt 0.667600 0.552600
vt 0.672900 0.555700
vt 0.671400 0.556300
vt 0.672700 0.561600
vt 0.671100 0.561700
vt 0.673900 0.567200
vt 0.672300 0.567000
vt 0.671200 0.572400
vt 0.669200 0.571400
vt 0.668600 0.575400
vt 0.664300 0.579200
vt 0.663600 0.577800
vt 0.658500 0.579400
vt 0.658300 0.577900
vt 0.667200 0.573700
vt 0.653000 0.581000
vt 0.653200 0.579500
vt 0.648100 0.578100
vt 0.648700 0.576800
vt 0.642700 0.576500
vt 0.643700 0.575300
vt 0.640200 0.571400
vt 0.641500 0.570600
vt 0.639800 0.612100
vt 0.637500 0.607000
vt 0.639000 0.607000
vt 0.639800 0.601900
vt 0.641200 0.602400
vt 0.640500 0.607000
vt 0.641200 0.611700
vt 0.636700 0.566900
vt 0.638100 0.566500
vt 0.778200 0.630600
vt 0.782000 0.626500
vt 0.780600 0.626000
vt 0.781400 0.621000
vt 0.779900 0.620900
vt 0.779200 0.625600
vt 0.777000 0.629800
vt 0.671200 0.601900
vt 0.673400 0.607000
vt 0.672000 0.607000
vt 0.671200 0.612100
vt 0.669800 0.611600
vt 0.670500 0.607000
vt 0.669800 0.602300
vt 0.782100 0.615500
vt 0.780700 0.615900
vt 0.779100 0.610800
vt 0.777100 0.612100
vt 0.779200 0.616300
vt 0.645700 0.593700
vt 0.649800 0.590000
vt 0.650300 0.591400
vt 0.655400 0.590500
vt 0.655400 0.592000
vt 0.650800 0.592800
vt 0.646600 0.594900
vt 0.759800 0.605300
vt 0.754300 0.606400
vt 0.755200 0.607600
vt 0.751500 0.611300
vt 0.752700 0.612100
vt 0.756100 0.608800
vt 0.760200 0.606700
vt 0.664100 0.499300
vt 0.669400 0.501500
vt 0.668300 0.502700
vt 0.672100 0.506700
vt 0.670200 0.507800
vt 0.663300 0.500700
vt 0.673500 0.510300
vt 0.674200 0.516200
vt 0.672600 0.515900
vt 0.671100 0.521000
vt 0.669600 0.520400
vt 0.671200 0.510500
vt 0.669200 0.526600
vt 0.668100 0.525500
vt 0.664000 0.529000
vt 0.663200 0.527700
vt 0.659500 0.532500
vt 0.659100 0.531000
vt 0.653800 0.531500
vt 0.653900 0.530000
vt 0.648200 0.531900
vt 0.648700 0.530500
vt 0.644100 0.527900
vt 0.645000 0.526700
vt 0.639200 0.525000
vt 0.640400 0.524100
vt 0.638100 0.519400
vt 0.639500 0.519000
vt 0.635800 0.514200
vt 0.637300 0.514200
vt 0.638100 0.509000
vt 0.639600 0.509500
vt 0.653900 0.496900
vt 0.659500 0.495900
vt 0.659100 0.497400
vt 0.654000 0.498400
vt 0.644100 0.500500
vt 0.648200 0.496600
vt 0.648700 0.498000
vt 0.645000 0.501700
vt 0.639200 0.503500
vt 0.640500 0.504300
vt 0.759800 0.636600
vt 0.764900 0.638900
vt 0.764900 0.637400
vt 0.770000 0.636600
vt 0.769500 0.635200
vt 0.764900 0.635900
vt 0.760300 0.635200
vt 0.754300 0.635500
vt 0.755200 0.634300
vt 0.756100 0.633100
vt 0.650000 0.624100
vt 0.650400 0.622700
vt 0.645800 0.620400
vt 0.646700 0.619200
vt 0.650900 0.621300
vt 0.775400 0.635500
vt 0.774600 0.634300
vt 0.773700 0.633100
vt 0.670000 0.617500
vt 0.668800 0.616700
vt 0.667600 0.615800
vt 0.665800 0.593000
vt 0.670200 0.596500
vt 0.668900 0.597300
vt 0.667600 0.598100
vt 0.664300 0.594800
vt 0.778900 0.610600
vt 0.775300 0.606300
vt 0.774500 0.607500
vt 0.769900 0.605200
vt 0.769500 0.606700
vt 0.773700 0.608800
vt 0.660800 0.589800
vt 0.660500 0.591200
vt 0.665500 0.592800
vt 0.660100 0.592700
vt 0.764800 0.603000
vt 0.764900 0.604500
vt 0.764900 0.606000
vt 0.640900 0.596500
vt 0.642100 0.597400
vt 0.643300 0.598200
vt 0.641000 0.617600
vt 0.642200 0.616700
vt 0.643400 0.615800
vt 0.747800 0.615400
vt 0.749200 0.615900
vt 0.750600 0.616300
vt 0.764900 0.620900
vt 0.655500 0.607000
vt 0.557900 0.620100
vt 0.560600 0.629000
vt 0.557900 0.629000
vt 0.557900 0.637800
vt 0.555400 0.633900
vt 0.555400 0.629000
vt 0.555400 0.624100
vt 0.564200 0.614700
vt 0.569400 0.629000
vt 0.564200 0.629000
vt 0.564200 0.643300
vt 0.560600 0.641200
vt 0.560600 0.616800
vt 0.577200 0.629000
vt 0.586300 0.616200
vt 0.586300 0.629000
vt 0.586300 0.641800
vt 0.577200 0.643300
vt 0.577200 0.614700
vt 0.803500 0.332700
vt 0.800900 0.365800
vt 0.800900 0.332700
vt 0.798300 0.332700
vt 0.800900 0.329000
vt 0.800900 0.587000
vt 0.803500 0.590200
vt 0.800900 0.590200
vt 0.800900 0.593400
vt 0.798300 0.590200
vt 0.789400 0.583400
vt 0.786800 0.579700
vt 0.789400 0.550200
vt 0.792000 0.583400
vt 0.789400 0.587000
vt 0.786800 0.583400
vt 0.795200 0.365800
vt 0.792000 0.332700
vt 0.795200 0.332700
vt 0.795200 0.329000
vt 0.798300 0.325900
vt 0.800900 0.325900
vt 0.800900 0.322700
vt 0.803500 0.325900
vt 0.803500 0.583400
vt 0.800900 0.583400
vt 0.798300 0.583400
vt 0.800900 0.550200
vt 0.803500 0.458000
vt 0.800900 0.458000
vt 0.798300 0.458000
vt 0.795200 0.587000
vt 0.795200 0.583400
vt 0.795200 0.550200
vt 0.792000 0.458000
vt 0.795200 0.458000
vt 0.734700 0.458000
vt 0.760700 0.336300
vt 0.760700 0.458000
vt 0.786800 0.458000
vt 0.760700 0.579700
vt 0.786800 0.332700
vt 0.789400 0.329000
vt 0.789400 0.332700
vt 0.789400 0.365800
vt 0.786800 0.336300
vt 0.789400 0.458000
vt 0.908000 0.534200
vt 0.908000 0.996400
vt 0.995800 0.534200
vt 0.995800 0.996400
vt 0.821000 0.996400
vt 0.821000 0.534200
vt 0.908800 0.996400
vt 0.908800 0.534200
vt 0.727900 0.632400
vt 0.727900 0.992300
vt 0.815700 0.632400
vt 0.815700 0.992300
vt 0.728700 0.992300
vt 0.728700 0.632400
vt 0.640900 0.992300
vt 0.640900 0.632400
vt 0.592600 0.926000
vt 0.579700 0.931100
vt 0.592600 0.829100
vt 0.579700 0.824100
vt 0.634000 0.824100
vt 0.634000 0.931100
vt 0.597900 0.937900
vt 0.634000 0.937900
vt 0.634000 0.983000
vt 0.597900 0.983000
vt 0.597900 0.772300
vt 0.634000 0.772300
vt 0.634000 0.817400
vt 0.597900 0.817400
vt 0.597900 0.761200
vt 0.634000 0.761200
vt 0.634000 0.994000
vt 0.597900 0.994000
vt 0.711000 0.581800
vt 0.711000 0.591500
vt 0.707200 0.591500
vt 0.707200 0.581800
vt 0.711000 0.600700
vt 0.707200 0.600700
vt 0.711000 0.610500
vt 0.707200 0.610500
vt 0.711000 0.545600
vt 0.711000 0.562900
vt 0.707200 0.562800
vt 0.707300 0.545600
vt 0.711000 0.572600
vt 0.707200 0.572600
vt 0.711100 0.627700
vt 0.707300 0.627700
vt 0.577100 0.574100
vt 0.577100 0.604300
vt 0.731000 0.581800
vt 0.731000 0.591600
vt 0.727200 0.591600
vt 0.727300 0.581800
vt 0.731000 0.600700
vt 0.727300 0.600700
vt 0.731000 0.610500
vt 0.727300 0.610500
vt 0.731100 0.545600
vt 0.731000 0.562900
vt 0.727300 0.562900
vt 0.727300 0.545600
vt 0.731000 0.572600
vt 0.727300 0.572600
vt 0.731100 0.627700
vt 0.727300 0.627700
vt 0.577700 0.783200
vt 0.577700 0.767000
vt 0.593200 0.767000
vt 0.593200 0.783200
vt 0.562300 0.783200
vt 0.562300 0.767000
vt 0.146700 0.750500
vt 0.132700 0.760700
vt 0.376100 0.743900
vt 0.364000 0.731600
vt 0.394500 0.736600
vt 0.163600 0.760600
vt 0.492900 0.629300
vt 0.504100 0.629300
vt 0.459400 0.629300
vt 0.459400 0.590700
vt 0.520300 0.996500
vt 0.520300 0.960600
vt 0.530600 0.960600
vt 0.530600 0.996500
vt 0.541000 0.960600
vt 0.541000 0.996500
vt 0.481700 0.629300
vt 0.481700 0.590700
vt 0.551400 0.960600
vt 0.551400 0.996500
vt 0.561700 0.960600
vt 0.561700 0.996500
vt 0.515200 0.590700
vt 0.515200 0.629300
vt 0.572100 0.960600
vt 0.572100 0.996500
vt 0.582500 0.960600
vt 0.537500 0.590700
vt 0.537500 0.629300
vt 0.426000 0.629300
vt 0.426000 0.590700
vt 0.437100 0.590700
vt 0.437100 0.629300
vt 0.478800 0.960600
vt 0.489200 0.960600
vt 0.489200 0.996500
vt 0.448300 0.590700
vt 0.499500 0.960600
vt 0.499500 0.996500
vt 0.509900 0.960600
vt 0.509900 0.996500
vt 0.746900 0.620900
vt 0.750300 0.631500
vt 0.636100 0.561200
vt 0.640000 0.550600
vt 0.649300 0.544200
vt 0.666100 0.621500
vt 0.655500 0.625000
vt 0.660600 0.544300
vt 0.670000 0.550700
vt 0.674200 0.561400
vt 0.672700 0.573100
vt 0.669600 0.576700
vt 0.658800 0.581000
vt 0.647500 0.579500
vt 0.638900 0.572200
vt 0.638400 0.612600
vt 0.638400 0.601500
vt 0.779400 0.631500
vt 0.782900 0.621000
vt 0.672600 0.601500
vt 0.672600 0.612500
vt 0.780500 0.610000
vt 0.644900 0.592500
vt 0.655300 0.589000
vt 0.759300 0.603900
vt 0.750300 0.610400
vt 0.664800 0.498000
vt 0.673500 0.505800
vt 0.675100 0.510200
vt 0.672500 0.521700
vt 0.664800 0.530300
vt 0.653700 0.533100
vt 0.643200 0.529100
vt 0.636600 0.519900
vt 0.636700 0.508600
vt 0.653800 0.495400
vt 0.643200 0.499300
vt 0.759300 0.638000
vt 0.770500 0.638000
vt 0.644900 0.621600
vt 0.666900 0.591800
vt 0.780000 0.609500
vt 0.770400 0.603800
vt 0.666300 0.591400
vt 0.569400 0.613900
vt 0.569400 0.644100
vt 0.803500 0.365800
vt 0.798300 0.365800
vt 0.798300 0.329000
vt 0.803500 0.329000
vt 0.803500 0.587000
vt 0.803500 0.593400
vt 0.798300 0.593400
vt 0.798300 0.587000
vt 0.792000 0.550200
vt 0.792000 0.587000
vt 0.786800 0.587000
vt 0.792000 0.365800
vt 0.792000 0.329000
vt 0.798300 0.322700
vt 0.803500 0.322700
vt 0.798300 0.550200
vt 0.803500 0.550200
vt 0.734700 0.336300
vt 0.734700 0.579700
vt 0.786800 0.329000
s 1
usemtl window.002
f 4724/4029/1947 4732/4030/1948 4556/4031/1948
f 4556/4031/1948 5089/4032/1948 4725/4033/1948
f 4556/4031/1948 5080/4034/1948 4726/4035/1948
f 4726/4035/1948 4724/4029/1947 4556/4031/1948
f 4752/4036/1949 4727/4037/1949 4557/4038/1949
f 4557/4038/1949 5083/4039/1949 4751/4040/1949
f 4557/4038/1949 5093/4041/1949 4760/4042/1949
f 4760/4042/1949 4752/4036/1949 4557/4038/1949
f 4725/4033/1949 4737/4043/1949 4558/4044/1949
f 4558/4044/1949 5081/4045/1949 4734/4046/1949
f 4558/4044/1949 5083/4047/1949 4727/4048/1949
f 4727/4048/1949 4725/4033/1949 4558/4044/1949
f 4765/4049/1950 4726/4050/1951 4559/4051/1950
f 4559/4051/1950 5080/4052/1951 4752/4036/1951
f 4559/4051/1950 5101/4053/1951 4758/4054/1951
f 4758/4054/1951 4765/4049/1950 4559/4051/1950
f 4560/4055/1952 5081/4045/1952 4731/4056/1952
f 4731/4056/1952 4738/4057/1952 4560/4055/1952
f 4560/4055/1952 5085/4058/1952 4730/4059/1952
f 4730/4059/1952 4734/4046/1952 4560/4055/1952
f 5051/4060/1953 4741/4061/1954 4561/4062/1954
f 4561/4062/1954 5098/4063/1954 4733/4064/1954
f 4561/4062/1954 5089/4065/1954 4732/4066/1954
f 4732/4066/1954 5051/4060/1953 4561/4062/1954
f 4749/4067/1955 4748/4068/1955 4562/4069/1955
f 4748/4068/1955 4762/4070/1955 4562/4069/1955
f 4762/4070/1955 4764/4071/1955 4562/4069/1955
f 4764/4071/1955 4749/4067/1955 4562/4069/1955
f 4751/4040/1956 4730/4072/1956 4563/4073/1956
f 4730/4072/1956 4729/4074/1956 4563/4073/1956
f 4729/4074/1956 4762/4075/1956 4563/4073/1956
f 4762/4075/1956 4751/4040/1956 4563/4073/1956
f 4564/4076/1957 5084/4077/1957 4747/4078/1957
f 4747/4078/1957 4745/4079/1957 4564/4076/1957
f 4745/4079/1957 4746/4080/1957 4564/4076/1957
f 4564/4076/1957 5085/4058/1957 4738/4057/1957
f 4763/4081/1949 4761/4082/1949 4565/4083/1949
f 4761/4082/1949 4760/4084/1949 4565/4083/1949
f 4565/4083/1949 5093/4085/1949 4748/4068/1949
f 4565/4083/1949 5094/4086/1949 4763/4081/1949
f 4741/4087/1958 4742/4088/1959 4566/4089/1958
f 4742/4088/1959 4758/4090/1958 4566/4089/1958
f 4566/4089/1958 5101/4091/1958 4761/4082/1958
f 4566/4089/1958 5098/4092/1958 4741/4087/1958
f 4735/4093/1960 4749/4094/1960 4567/4095/1960
f 4749/4094/1960 4736/4096/1960 4567/4095/1960
f 4736/4096/1960 4731/4097/1960 4567/4095/1960
f 4731/4097/1960 4735/4093/1960 4567/4095/1960
f 4568/4098/1949 5087/4099/1949 4739/4100/1949
f 4739/4100/1949 4728/4101/1949 4568/4098/1949
f 4728/4101/1949 4757/4102/1949 4568/4098/1949
f 4568/4098/1949 5086/4103/1949 4742/4088/1949
f 4569/4104/1949 5088/4105/1949 4724/4029/1949
f 4569/4104/1949 5079/4106/1949 4759/4107/1949
f 4759/4107/1949 4740/4108/1949 4569/4104/1949
f 4740/4108/1949 5050/4109/1949 4569/4104/1949
f 4570/4110/1957 5090/4111/1957 4764/4071/1957
f 4570/4110/1957 5097/4112/1957 4754/4113/1957
f 4754/4113/1957 4755/4114/1957 4570/4110/1957
f 4755/4114/1957 4756/4115/1957 4570/4110/1957
f 4571/4116/1957 5090/4117/1957 4756/4118/1957
f 4756/4118/1957 4744/4119/1957 4571/4116/1957
f 4744/4119/1957 4747/4120/1957 4571/4116/1957
f 4571/4116/1957 5084/4121/1957 4736/4096/1957
f 4572/4122/1949 5086/4123/1949 4757/4124/1949
f 4757/4124/1949 4743/4125/1949 4572/4122/1949
f 4743/4125/1949 4759/4126/1949 4572/4122/1949
f 4572/4122/1949 5079/4127/1949 4765/4049/1949
f 4573/4128/1957 5085/4129/1957 4746/4130/1957
f 4746/4130/1957 4753/4131/1957 4573/4128/1957
f 4753/4131/1957 4754/4132/1957 4573/4128/1957
f 4573/4128/1957 5097/4133/1957 4729/4074/1957
f 4733/4064/1949 4763/4134/1949 4574/4135/1949
f 4574/4135/1949 5094/4136/1949 4735/4093/1949
f 4574/4135/1949 5081/4137/1949 4737/4138/1949
f 4737/4138/1949 4733/4064/1949 4574/4135/1949
f 4709/4139/1949 5088/4140/1949 5050/4141/1949
f 5050/4141/1949 4750/4142/1949 4709/4139/1949
f 4750/4142/1949 4739/4143/1949 4709/4139/1949
f 4709/4139/1949 5087/4144/1949 5051/4060/1949
f 5039/4145/1955 5023/4146/1955 4694/4147/1955
f 4694/4147/1955 5245/4148/1955 5038/4149/1955
f 5038/4149/1955 5032/4150/1955 4694/4147/1955
f 4694/4147/1955 5252/4151/1955 5039/4145/1955
f 4695/4152/1955 5246/4153/1955 5022/4154/1955
f 5022/4154/1955 5036/4155/1955 4695/4152/1955
f 4695/4152/1955 5254/4156/1955 5030/4157/1955
f 5030/4157/1955 5037/4158/1955 4695/4152/1955
f 5024/4159/1949 5026/4160/1949 4696/4161/1949
f 5026/4160/1949 5025/4162/1949 4696/4161/1949
f 5025/4162/1949 5027/4163/1949 4696/4161/1949
f 5027/4163/1949 5024/4159/1949 4696/4161/1949
f 5032/4164/1949 5035/4165/1949 4697/4166/1949
f 5035/4165/1949 5033/4167/1949 4697/4166/1949
f 5033/4167/1949 5534/4168/1949 4697/4166/1949
f 5534/4168/1949 5032/4164/1949 4697/4166/1949
f 5030/4169/1949 5536/4170/1949 4698/4171/1949
f 5536/4170/1949 5031/4172/1949 4698/4171/1949
f 5031/4172/1949 5034/4173/1949 4698/4171/1949
f 5034/4173/1949 5030/4169/1949 4698/4171/1949
f 5038/4174/1956 5027/4163/1956 4699/4175/1956
f 5027/4163/1956 5040/4176/1956 4699/4175/1956
f 5040/4176/1956 5035/4165/1956 4699/4175/1956
f 5035/4165/1956 5038/4174/1956 4699/4175/1956
f 5041/4177/1960 5026/4160/1960 4700/4178/1960
f 5026/4160/1960 5037/4179/1960 4700/4178/1960
f 5037/4179/1960 5034/4173/1960 4700/4178/1960
f 5034/4173/1960 5041/4177/1960 4700/4178/1960
f 4701/4180/1955 5246/4153/1955 5024/4159/1955
f 4701/4180/1955 5245/4148/1955 5023/4146/1955
f 5023/4146/1955 5044/4181/1955 4701/4180/1955
f 5044/4181/1955 5022/4154/1955 4701/4180/1955
f 5036/4182/1956 5043/4183/1956 4702/4184/1956
f 5043/4183/1956 5045/4185/1956 4702/4184/1956
f 5045/4185/1956 5029/4170/1956 4702/4184/1956
f 5029/4170/1956 5036/4182/1956 4702/4184/1956
f 5046/4186/1960 5042/4187/1960 4703/4188/1960
f 5042/4187/1960 5039/4189/1960 4703/4188/1960
f 5039/4189/1960 5028/4168/1960 4703/4188/1960
f 5028/4168/1960 5046/4186/1960 4703/4188/1960
f 4793/4190/1961 4805/4191/1962 4575/4192/1962
f 4805/4191/1962 5308/4193/1949 4575/4192/1962
f 5308/4193/1949 5296/4194/1962 4575/4192/1962
f 5296/4194/1962 4793/4190/1961 4575/4192/1962
f 4780/4193/1963 5317/4195/1964 4576/4196/1964
f 5317/4195/1964 4782/4197/1965 4576/4196/1964
f 4782/4197/1965 5299/4198/1964 4576/4196/1964
f 5299/4198/1964 4780/4193/1963 4576/4196/1964
f 4782/4197/1965 5321/4199/1966 4577/4200/1966
f 5321/4199/1966 4783/4201/1967 4577/4200/1966
f 4783/4201/1967 5301/4202/1966 4577/4200/1966
f 5301/4202/1966 4782/4197/1965 4577/4200/1966
f 4784/4203/1968 4811/4204/1969 4578/4205/1969
f 4811/4204/1969 4785/4206/1970 4578/4205/1969
f 4785/4206/1970 5290/4207/1969 4578/4205/1969
f 5290/4207/1969 4784/4203/1968 4578/4205/1969
f 4785/4206/1970 4813/4208/1971 4579/4209/1971
f 4813/4208/1971 4787/4210/1972 4579/4209/1971
f 4787/4210/1972 5292/4211/1971 4579/4209/1971
f 5292/4211/1971 4785/4206/1970 4579/4209/1971
f 4783/4201/1967 5325/4212/1973 4580/4213/1973
f 5325/4212/1973 4801/4214/1974 4580/4213/1973
f 4801/4214/1974 5303/4215/1973 4580/4213/1973
f 5303/4215/1973 4783/4201/1967 4580/4213/1973
f 4787/4210/1972 4817/4216/1975 4581/4217/1976
f 4817/4216/1975 4793/4190/1961 4581/4217/1976
f 4793/4190/1961 5294/4218/1976 4581/4217/1976
f 5294/4218/1976 4787/4210/1972 4581/4217/1976
f 4582/4219/1955 5111/4220/1955 4788/4221/1955
f 4582/4219/1955 5112/4222/1955 4773/4223/1955
f 4773/4223/1955 4789/4224/1955 4582/4219/1955
f 4789/4224/1955 4779/4225/1955 4582/4219/1955
f 4778/4226/1955 4789/4224/1955 4583/4227/1955
f 4789/4224/1955 4774/4228/1955 4583/4227/1955
f 4583/4227/1955 5114/4229/1955 4790/4230/1955
f 4583/4227/1955 5117/4231/1955 4778/4226/1955
f 4777/4232/1955 4790/4230/1955 4584/4233/1955
f 4790/4230/1955 4775/4234/1955 4584/4233/1955
f 4584/4233/1955 5115/4235/1955 4776/4236/1955
f 4584/4233/1955 5116/4237/1955 4777/4232/1955
f 4781/4238/1961 5280/4239/1962 4585/4240/1962
f 5280/4239/1962 5312/4241/1949 4585/4240/1962
f 5312/4241/1949 4804/4242/1962 4585/4240/1962
f 4804/4242/1962 4781/4238/1961 4585/4240/1962
f 4794/4243/1961 4804/4242/1962 4586/4244/1962
f 4804/4242/1962 5313/4245/1949 4586/4244/1962
f 5313/4245/1949 4805/4191/1962 4586/4244/1962
f 4805/4191/1962 4794/4243/1961 4586/4244/1962
f 4791/4241/1977 5283/4246/1964 4587/4247/1964
f 5283/4246/1964 4795/4248/1965 4587/4247/1964
f 4795/4248/1965 5315/4249/1964 4587/4247/1964
f 5315/4249/1964 4791/4241/1977 4587/4247/1964
f 4795/4248/1965 5285/4250/1966 4588/4251/1966
f 5285/4250/1966 4796/4252/1967 4588/4251/1966
f 4796/4252/1967 5319/4253/1966 4588/4251/1966
f 5319/4253/1966 4795/4248/1965 4588/4251/1966
f 4797/4254/1968 5274/4255/1969 4589/4256/1969
f 5274/4255/1969 4799/4257/1970 4589/4256/1969
f 4799/4257/1970 4810/4258/1969 4589/4256/1969
f 4810/4258/1969 4797/4254/1968 4589/4256/1969
f 4798/4259/1968 4810/4258/1969 4590/4260/1969
f 4810/4258/1969 4800/4261/1970 4590/4260/1969
f 4800/4261/1970 4811/4204/1969 4590/4260/1969
f 4811/4204/1969 4798/4259/1968 4590/4260/1969
f 4799/4257/1970 5276/4262/1971 4591/4263/1978
f 5276/4262/1971 4802/4264/1972 4591/4263/1978
f 4802/4264/1972 4812/4265/1971 4591/4263/1978
f 4812/4265/1971 4799/4257/1970 4591/4263/1978
f 4800/4261/1970 4812/4265/1971 4592/4266/1971
f 4812/4265/1971 4803/4267/1972 4592/4266/1971
f 4803/4267/1972 4813/4208/1971 4592/4266/1971
f 4813/4208/1971 4800/4261/1970 4592/4266/1971
f 4796/4252/1967 5287/4268/1973 4593/4269/1973
f 5287/4268/1973 4786/4270/1979 4593/4269/1973
f 4786/4270/1979 5323/4271/1973 4593/4269/1973
f 5323/4271/1973 4796/4252/1967 4593/4269/1973
f 4802/4264/1972 5278/4272/1975 4594/4273/1975
f 5278/4272/1975 4781/4238/1961 4594/4273/1975
f 4781/4238/1961 4816/4274/1975 4594/4273/1975
f 4816/4274/1975 4802/4264/1972 4594/4273/1975
f 4803/4267/1972 4816/4274/1975 4595/4275/1975
f 4816/4274/1975 4794/4243/1961 4595/4275/1975
f 4794/4243/1961 4817/4216/1975 4595/4275/1975
f 4817/4216/1975 4803/4267/1972 4595/4275/1975
f 5332/4276/1960 4823/4277/1960 4596/4278/1960
f 4823/4277/1960 5327/4279/1960 4596/4278/1960
f 5327/4279/1960 4818/4280/1960 4596/4278/1960
f 4818/4280/1960 5332/4276/1960 4596/4278/1960
f 5330/4281/1960 4792/4282/1960 4597/4283/1960
f 4792/4282/1960 5331/4284/1960 4597/4283/1960
f 5331/4284/1960 4823/4277/1960 4597/4283/1960
f 4823/4277/1960 5330/4281/1960 4597/4283/1960
f 4598/4285/1955 5123/4286/1955 4808/4287/1955
f 4808/4287/1955 4824/4288/1955 4598/4285/1955
f 4598/4285/1955 5137/4289/1955 4821/4290/1955
f 4821/4290/1955 4806/4291/1955 4598/4285/1955
f 4825/4292/1952 4809/4293/1952 4599/4294/1952
f 4599/4294/1952 5124/4295/1952 4807/4296/1952
f 4807/4296/1952 4820/4297/1952 4599/4294/1952
f 4599/4294/1952 5138/4298/1952 4825/4292/1952
f 4822/4299/1952 4826/4300/1952 4600/4301/1952
f 4600/4301/1952 5131/4302/1952 4815/4303/1952
f 4815/4303/1952 4825/4292/1952 4600/4301/1952
f 4600/4301/1952 5138/4298/1952 4822/4299/1952
f 4601/4304/1955 5132/4305/1955 4827/4306/1955
f 4827/4306/1955 4819/4307/1955 4601/4304/1955
f 4601/4304/1955 5137/4289/1955 4824/4288/1955
f 4824/4288/1955 4814/4308/1955 4601/4304/1955
f 5466/4309/1949 4833/4310/1980 4602/4311/1949
f 4602/4311/1949 5464/4312/1981 5463/4313/1949
f 4602/4311/1949 5462/4314/1982 4835/4315/1982
f 4835/4315/1982 5466/4309/1949 4602/4311/1949
f 5482/4316/1983 4844/4317/1984 4603/4318/1983
f 4844/4317/1984 5480/4319/1983 4603/4318/1983
f 5480/4319/1983 4847/4320/1955 4603/4318/1983
f 4603/4318/1983 5459/4321/1955 5482/4316/1983
f 4862/4322/1985 5369/4323/1986 4604/4324/1987
f 5369/4323/1986 4861/4325/1988 4604/4324/1987
f 4604/4324/1987 5340/4326/1989 5396/4327/1990
f 4604/4324/1987 5394/4328/1985 4862/4322/1985
f 4863/4329/1991 5365/4330/1992 4605/4331/1993
f 5365/4330/1992 4862/4322/1985 4605/4331/1993
f 4605/4331/1993 5394/4328/1985 5395/4332/1994
f 4605/4331/1993 5392/4333/1995 4863/4329/1991
f 4864/4334/1996 5363/4335/1997 4606/4336/1997
f 5363/4335/1997 4863/4329/1991 4606/4336/1997
f 4606/4336/1997 5392/4333/1995 5393/4337/1998
f 4606/4336/1997 5390/4338/1996 4864/4334/1996
f 4865/4339/1999 5361/4340/2000 4607/4341/2001
f 5361/4340/2000 4864/4334/1996 4607/4341/2001
f 4607/4341/2001 5390/4338/1996 5391/4342/2002
f 4607/4341/2001 5388/4343/2003 4865/4339/1999
f 4866/4344/2004 5359/4345/2005 4608/4346/2006
f 5359/4345/2005 4865/4347/1999 4608/4346/2006
f 4608/4346/2006 5388/4343/2003 5389/4348/2007
f 4608/4346/2006 5386/4349/2008 4866/4344/2004
f 4867/4350/2009 5357/4351/2010 4609/4352/2011
f 5357/4351/2010 4866/4344/2004 4609/4352/2011
f 4609/4352/2011 5386/4349/2008 5387/4353/2012
f 4609/4352/2011 5384/4354/2013 4867/4350/2009
f 4868/4355/2014 5355/4356/2015 4610/4357/2015
f 5355/4356/2015 4867/4350/2009 4610/4357/2015
f 4610/4357/2015 5384/4354/2013 5385/4358/2016
f 4610/4357/2015 5334/4359/2017 4868/4355/2014
f 4869/4360/2018 5353/4361/2019 4611/4362/2020
f 5353/4361/2019 4868/4355/2014 4611/4362/2020
f 4611/4362/2020 5334/4359/2017 5335/4363/2021
f 4611/4362/2020 5336/4364/2022 4869/4360/2018
f 4870/4365/2023 5348/4366/2024 4612/4367/2025
f 5348/4366/2024 4869/4360/2018 4612/4367/2025
f 4612/4367/2025 5336/4364/2022 5337/4368/2026
f 4612/4367/2025 5338/4369/2023 4870/4365/2023
f 4861/4325/1988 5345/4370/2027 4613/4371/2028
f 5345/4370/2027 4870/4365/2023 4613/4371/2028
f 4613/4371/2028 5338/4369/2023 5339/4372/2029
f 4613/4371/2028 5340/4326/1989 4861/4325/1988
f 4875/4373/1960 4871/4374/1960 4614/4375/1960
f 4614/4375/1960 5170/4338/1960 4858/4337/1960
f 4614/4375/1960 5171/4333/1960 4872/4376/1960
f 4872/4376/1960 4875/4373/1960 4614/4375/1960
f 4615/4377/1960 5139/4359/2030 4873/4378/1960
f 4873/4378/1960 4875/4373/1960 4615/4377/1960
f 4875/4373/1960 4874/4379/1960 4615/4377/1960
f 4615/4377/1960 5141/4364/1960 4828/4363/1960
f 4829/4368/1960 4874/4379/1960 4616/4380/1960
f 4616/4380/1960 5174/4381/1960 4876/4382/1960
f 4876/4382/1960 4830/4372/1960 4616/4380/1960
f 4616/4380/1960 5142/4369/2030 4829/4368/1960
f 4617/4383/1960 5172/4328/2031 4860/4327/1960
f 4860/4327/1960 4876/4382/1960 4617/4383/1960
f 4617/4383/1960 5174/4381/1960 4872/4376/1960
f 4872/4376/1960 4859/4332/1960 4617/4383/1960
f 4618/4384/1960 5169/4343/2031 4857/4342/1960
f 4857/4342/1960 4871/4374/1960 4618/4384/1960
f 4618/4384/1960 5173/4385/1960 4877/4386/1960
f 4877/4386/1960 4856/4348/1960 4618/4384/1960
f 4619/4387/1960 5167/4354/2030 4855/4353/1960
f 4855/4353/1960 4877/4386/1960 4619/4387/1960
f 4619/4387/1960 5173/4385/1960 4873/4378/1960
f 4873/4378/1960 4854/4358/2030 4619/4387/1960
f 5423/4388/2032 4899/4389/2033 4620/4390/2034
f 4620/4390/2034 5434/4391/2033 5436/4392/2035
f 4620/4390/2034 5414/4393/2036 4898/4394/2037
f 4898/4394/2037 5423/4388/2032 4620/4390/2034
f 5422/4395/2038 4900/4396/2039 4621/4397/2038
f 4621/4397/2038 5432/4398/2040 5435/4399/2041
f 4621/4397/2038 5434/4391/2033 4899/4389/2033
f 4899/4389/2033 5422/4395/2038 4621/4397/2038
f 5420/4400/2042 4901/4401/2043 4622/4402/2042
f 4622/4402/2042 5430/4403/2044 5433/4404/2045
f 4622/4402/2042 5432/4398/2040 4900/4396/2039
f 4900/4396/2039 5420/4400/2042 4622/4402/2042
f 5398/4405/2046 4902/4406/2047 4623/4407/2048
f 4623/4407/2048 5428/4408/2049 5431/4409/2050
f 4623/4407/2048 5430/4403/2044 4901/4401/2043
f 4901/4401/2043 5398/4405/2046 4623/4407/2048
f 5400/4410/2051 4903/4411/2052 4624/4412/2053
f 4624/4412/2053 5426/4413/2054 5429/4414/2055
f 4624/4412/2053 5428/4408/2049 4902/4415/2047
f 4902/4415/2047 5400/4410/2051 4624/4412/2053
f 5402/4416/2056 4904/4417/2057 4625/4418/2058
f 4625/4418/2058 5424/4419/2059 5427/4420/2060
f 4625/4418/2058 5426/4413/2054 4903/4411/2052
f 4903/4411/2052 5402/4416/2056 4625/4418/2058
f 5404/4421/2061 4905/4422/2062 4626/4423/2063
f 4626/4423/2063 5417/4424/2064 5425/4425/2065
f 4626/4423/2063 5424/4419/2059 4904/4417/2057
f 4904/4417/2057 5404/4421/2061 4626/4423/2063
f 5406/4426/2066 4906/4427/2067 4627/4428/2068
f 4627/4428/2068 5415/4429/2069 5418/4430/2070
f 4627/4428/2068 5417/4424/2064 4905/4422/2062
f 4905/4422/2062 5406/4426/2066 4627/4428/2068
f 5408/4431/2071 4907/4432/2072 4628/4433/2073
f 4628/4433/2073 5412/4434/2074 5416/4435/2075
f 4628/4433/2073 5415/4429/2069 4906/4427/2067
f 4906/4427/2067 5408/4431/2071 4628/4433/2073
f 5410/4436/2076 4898/4394/2037 4629/4437/2077
f 4629/4437/2077 5414/4393/2036 5413/4438/2078
f 4629/4437/2077 5412/4434/2074 4907/4432/2072
f 4907/4432/2072 5410/4436/2076 4629/4437/2077
f 4908/4439/1956 4912/4440/1956 4630/4441/1956
f 4912/4440/1956 4909/4442/1956 4630/4441/1956
f 4630/4441/1956 5176/4398/1956 4895/4404/1956
f 4630/4441/1956 5177/4403/2079 4908/4439/1956
f 4631/4443/1956 5194/4424/1956 4887/4430/1956
f 4631/4443/1956 5192/4429/1956 4911/4444/1956
f 4911/4444/1956 4912/4440/1956 4631/4443/1956
f 4912/4440/1956 4910/4445/1956 4631/4443/1956
f 4911/4444/1956 4886/4435/1956 4632/4446/1956
f 4632/4446/1956 5191/4434/2080 4885/4438/1956
f 4885/4438/1956 4913/4447/1956 4632/4446/1956
f 4632/4446/1956 5196/4448/1956 4911/4444/1956
f 4633/4449/1956 5175/4391/2079 4896/4399/1956
f 4896/4399/1956 4909/4442/1956 4633/4449/1956
f 4633/4449/1956 5196/4448/1956 4913/4447/1956
f 4913/4447/1956 4897/4392/1956 4633/4449/1956
f 4634/4450/1956 5178/4408/2079 4893/4414/1956
f 4893/4414/1956 4914/4451/1956 4634/4450/1956
f 4634/4450/1956 5195/4452/1956 4908/4439/1956
f 4908/4439/1956 4894/4409/2079 4634/4450/1956
f 4635/4453/1956 5180/4419/2081 4891/4425/1956
f 4891/4425/1956 4910/4445/1956 4635/4453/1956
f 4635/4453/1956 5195/4452/1956 4914/4451/1956
f 4914/4451/1956 4892/4420/1956 4635/4453/1956
f 5455/4454/2082 4915/4455/1955 4636/4456/2082
f 4915/4455/1955 5510/4457/2082 4636/4456/2082
f 5510/4457/2082 4916/4458/2083 4636/4456/2082
f 4916/4458/2083 5455/4454/2082 4636/4456/2082
f 5520/4459/2084 4916/4458/2083 4637/4460/2084
f 4916/4458/2083 5508/4461/2084 4637/4460/2084
f 5508/4461/2084 4919/4462/1980 4637/4460/2084
f 4919/4462/1980 5520/4459/2084 4637/4460/2084
f 5461/4463/2084 4917/4464/2083 4638/4465/2084
f 4917/4464/2083 5521/4466/2084 4638/4465/2084
f 5521/4466/2084 4833/4310/1980 4638/4465/2084
f 4833/4310/1980 5461/4463/2084 4638/4465/2084
f 5518/4467/1949 4919/4462/1980 4639/4468/1949
f 4919/4462/1980 5506/4469/1949 4639/4468/1949
f 5506/4469/1949 4922/4470/1982 4639/4468/1949
f 4922/4470/1982 5518/4467/1949 4639/4468/1949
f 5523/4471/2085 4922/4470/1982 4640/4472/2085
f 4922/4470/1982 5504/4473/2085 4640/4472/2085
f 5504/4473/2085 4923/4474/2086 4640/4472/2085
f 4923/4474/2086 5523/4471/2085 4640/4472/2085
f 5468/4475/2085 4835/4315/1982 4641/4476/2085
f 4835/4315/1982 5524/4477/2085 4641/4476/2085
f 5524/4477/2085 4924/4478/2086 4641/4476/2085
f 4924/4478/2086 5468/4475/2085 4641/4476/2085
f 5484/4479/2087 4923/4474/2086 4642/4480/2087
f 4923/4474/2086 5502/4481/2087 4642/4480/2087
f 5502/4481/2087 4927/4482/1952 4642/4480/2087
f 4927/4482/1952 5484/4479/2087 4642/4480/2087
f 5470/4483/2087 4924/4478/2086 4643/4484/2087
f 4924/4478/2086 5487/4485/2087 4643/4484/2087
f 4643/4484/2087 5486/4486/1952 4928/4487/1952
f 4928/4487/1952 5470/4483/2087 4643/4484/2087
f 5490/4488/2088 4927/4482/1952 4644/4489/2089
f 4927/4482/1952 5500/4490/2090 4644/4489/2089
f 5500/4490/2090 4929/4491/2091 4644/4489/2089
f 4644/4489/2089 5489/4492/2091 5490/4488/2088
f 4645/4493/2090 5469/4494/1952 4928/4487/1952
f 4928/4487/1952 5526/4495/2090 4645/4493/2090
f 5526/4495/2090 4840/4496/2092 4645/4493/2090
f 4840/4496/2092 5472/4497/2090 4645/4493/2090
f 5474/4498/2093 4840/4499/2092 4646/4500/2093
f 4840/4499/2092 5529/4501/2093 4646/4500/2093
f 5529/4501/2093 4932/4502/2094 4646/4500/2093
f 4932/4502/2094 5474/4498/2093 4646/4500/2093
f 4647/4503/2093 5489/4504/2091 4929/4505/2091
f 4929/4505/2091 5498/4506/2093 4647/4503/2093
f 5498/4506/2093 4931/4507/2094 4647/4503/2093
f 4931/4507/2094 5527/4508/2095 4647/4503/2093
f 5476/4509/1957 4932/4502/2094 4648/4510/1957
f 4932/4502/2094 5492/4511/1957 4648/4510/1957
f 5492/4511/1957 4936/4512/2096 4648/4510/1957
f 4648/4510/1957 5475/4513/2096 5476/4509/1957
f 5530/4514/1957 4931/4507/2094 4649/4515/1957
f 4931/4507/2094 5513/4516/1957 4649/4515/1957
f 5513/4516/1957 4935/4517/2096 4649/4515/1957
f 4935/4517/2096 5530/4514/1957 4649/4515/1957
f 5478/4518/2097 4936/4512/2096 4650/4519/2097
f 4936/4512/2096 5531/4520/2097 4650/4519/2097
f 5531/4520/2097 4844/4317/1984 4650/4519/2097
f 4844/4317/1984 5478/4518/2097 4650/4519/2097
f 5495/4521/2097 4935/4517/2096 4651/4522/2097
f 4935/4517/2096 5515/4523/2097 4651/4522/2097
f 5515/4523/2097 4938/4524/1984 4651/4522/2097
f 4938/4524/1984 5495/4521/2097 4651/4522/2097
f 5458/4525/2082 4847/4320/1955 4652/4526/2082
f 4652/4526/2082 5481/4527/1955 5532/4528/2082
f 5532/4528/2082 4917/4464/2083 4652/4526/2082
f 4917/4464/2083 5458/4525/2082 4652/4526/2082
f 5533/4529/1983 4938/4524/1984 4653/4530/1983
f 4938/4524/1984 5516/4531/1983 4653/4530/1983
f 5516/4531/1983 4915/4455/1955 4653/4530/1983
f 4915/4455/1955 5533/4529/1983 4653/4530/1983
f 4983/4532/2098 4942/4533/2099 4654/4534/2100
f 4942/4533/2099 4982/4535/2101 4654/4534/2100
f 4654/4534/2100 5343/4536/2102 5342/4537/2103
f 4654/4534/2100 5341/4538/2104 4983/4532/2098
f 4985/4539/2105 4943/4540/2106 4655/4541/2107
f 4943/4540/2106 4984/4542/2101 4655/4541/2107
f 4655/4541/2107 5146/4543/2102 4832/4370/2103
f 4655/4541/2107 5140/4544/2108 4985/4539/2105
f 4984/4542/2101 4944/4545/2109 4656/4546/2110
f 4944/4545/2109 4986/4547/2111 4656/4546/2110
f 4656/4546/2110 5201/4548/2112 4834/4366/2113
f 4656/4546/2110 5146/4543/2102 4984/4542/2101
f 4988/4549/2114 4945/4550/2115 4657/4551/2116
f 4945/4550/2115 4987/4552/2117 4657/4551/2116
f 4657/4551/2116 5351/4553/2118 5350/4554/2119
f 4657/4551/2116 5349/4555/2120 4988/4549/2114
f 4986/4547/2111 4946/4556/2121 4658/4557/2122
f 4946/4556/2121 4989/4558/2123 4658/4557/2122
f 4658/4557/2122 5204/4559/2124 4837/4361/2125
f 4658/4557/2122 5201/4548/2112 4986/4547/2111
f 4989/4558/2123 4947/4560/2126 4659/4561/2127
f 4947/4560/2126 4990/4562/2128 4659/4561/2127
f 4659/4561/2127 5153/4563/2128 4838/4356/2129
f 4659/4561/2127 5204/4559/2124 4989/4558/2123
f 4990/4562/2128 4948/4564/2130 4660/4565/2131
f 4948/4564/2130 4991/4566/2132 4660/4565/2131
f 4660/4565/2131 5154/4567/2133 4839/4351/2134
f 4660/4565/2131 5153/4563/2128 4990/4562/2128
f 4991/4566/2132 4949/4568/2135 4661/4569/2136
f 4949/4568/2135 4992/4570/2137 4661/4569/2136
f 4661/4569/2136 5207/4571/2138 4841/4345/2139
f 4661/4569/2136 5154/4567/2133 4991/4566/2132
f 4992/4572/2137 4950/4573/2140 4662/4574/2141
f 4950/4573/2140 4993/4575/2142 4662/4574/2141
f 4662/4574/2141 5157/4576/2143 4842/4340/2144
f 4662/4574/2141 5207/4577/2138 4992/4572/2137
f 4993/4575/2142 4951/4578/2145 4663/4579/2146
f 4951/4578/2145 4994/4580/2147 4663/4579/2146
f 4663/4579/2146 5159/4581/2148 4843/4335/2149
f 4663/4579/2146 5157/4576/2143 4993/4575/2142
f 4994/4580/2147 4952/4582/2150 4664/4583/2151
f 4952/4582/2150 4995/4584/2152 4664/4583/2151
f 4664/4583/2151 5210/4585/2153 4845/4330/2154
f 4664/4583/2151 5159/4581/2148 4994/4580/2147
f 4997/4586/2155 4953/4587/2156 4665/4588/2157
f 4953/4587/2156 4996/4589/2158 4665/4588/2157
f 4665/4588/2157 5366/4590/2159 5367/4591/2160
f 4665/4588/2157 5368/4592/2161 4997/4586/2155
f 4995/4584/2152 4954/4593/2162 4666/4594/2163
f 4954/4593/2162 4985/4539/2105 4666/4594/2163
f 4666/4594/2163 5140/4544/2108 4848/4323/2164
f 4666/4594/2163 5210/4585/2153 4995/4584/2152
f 4999/4595/2165 4955/4596/2166 4667/4597/2167
f 4955/4596/2166 4998/4598/2168 4667/4597/2167
f 4667/4597/2167 5370/4599/2133 5371/4600/2134
f 4667/4597/2167 5372/4601/2169 4999/4595/2165
f 5001/4602/2170 4956/4603/2171 4668/4604/2172
f 4956/4603/2171 5000/4605/2173 4668/4604/2172
f 4668/4604/2172 5375/4606/2174 5374/4607/2175
f 4668/4604/2172 5373/4608/2176 5001/4602/2170
f 4998/4598/2168 4957/4609/2177 4669/4610/2178
f 4957/4609/2177 5002/4611/2138 4669/4610/2178
f 4669/4610/2178 5376/4612/2179 5377/4613/2178
f 4669/4610/2178 5370/4599/2133 4998/4598/2168
f 5004/4614/2180 4958/4615/2181 4670/4616/2182
f 4958/4615/2181 5003/4617/2183 4670/4616/2182
f 4670/4616/2182 5380/4618/2184 5379/4619/2182
f 4670/4616/2182 5378/4620/2185 5004/4614/2180
f 5006/4621/2186 4959/4622/2187 4671/4623/2188
f 4959/4622/2187 5005/4624/2189 4671/4623/2188
f 4671/4623/2188 5383/4625/2153 5382/4626/2190
f 4671/4623/2188 5381/4627/2191 5006/4621/2186
f 5008/4628/2192 4960/4629/2193 4672/4630/2194
f 4960/4629/2193 5007/4631/2195 4672/4630/2194
f 4672/4630/2194 5184/4632/2196 4878/4405/2197
f 4672/4630/2194 5183/4633/2198 5008/4628/2192
f 5007/4634/2195 4961/4635/2199 4673/4636/2200
f 4961/4635/2199 5009/4637/2170 4673/4636/2200
f 4673/4636/2200 5185/4638/2170 4879/4410/2201
f 4673/4636/2200 5184/4639/2196 5007/4634/2195
f 5009/4637/2170 4962/4640/2202 4674/4641/2172
f 4962/4640/2202 5010/4642/2203 4674/4641/2172
f 4674/4641/2172 5186/4643/2204 4880/4416/2205
f 4674/4641/2172 5185/4638/2170 5009/4637/2170
f 5010/4642/2203 4963/4644/2206 4675/4645/2207
f 4963/4644/2206 5011/4646/2208 4675/4645/2207
f 4675/4645/2207 5187/4647/2209 4881/4421/2210
f 4675/4645/2207 5186/4643/2204 5010/4642/2203
f 5011/4646/2208 4964/4648/2119 4676/4649/2119
f 4964/4648/2119 5012/4650/2211 4676/4649/2119
f 4676/4649/2119 5188/4651/2212 4882/4426/2119
f 4676/4649/2119 5187/4647/2209 5011/4646/2208
f 5012/4650/2211 4965/4652/2213 4677/4653/2214
f 4965/4652/2213 5013/4654/2215 4677/4653/2214
f 4677/4653/2214 5189/4655/2216 4883/4431/2217
f 4677/4653/2214 5188/4651/2212 5012/4650/2211
f 5013/4654/2215 4966/4656/2218 4678/4657/2219
f 4966/4656/2218 5014/4658/2155 4678/4657/2219
f 4678/4657/2219 5193/4659/2220 4884/4436/2221
f 4678/4657/2219 5189/4655/2216 5013/4654/2215
f 5015/4660/2222 4967/4661/2182 4679/4662/2182
f 4967/4661/2182 5008/4628/2192 4679/4662/2182
f 4679/4662/2182 5183/4633/2198 4888/4400/2182
f 4679/4662/2182 5182/4663/2223 5015/4660/2222
f 5016/4664/2224 4968/4665/2225 4680/4666/2226
f 4968/4665/2225 5015/4660/2222 4680/4666/2226
f 4680/4666/2226 5182/4663/2223 4889/4395/2227
f 4680/4666/2226 5181/4667/2228 5016/4664/2224
f 5014/4658/2155 4969/4668/2229 4681/4669/2230
f 4969/4668/2229 5016/4664/2224 4681/4669/2230
f 4681/4669/2230 5181/4667/2228 4890/4388/2231
f 4681/4669/2230 5193/4659/2220 5014/4658/2155
f 5018/4670/2232 4970/4671/2122 4682/4672/2125
f 4970/4671/2122 5017/4673/2233 4682/4672/2125
f 4682/4672/2125 5437/4674/2124 5438/4675/2125
f 4682/4672/2125 5439/4676/2234 5018/4670/2232
f 4982/4535/2101 4971/4677/2235 4683/4678/2236
f 4971/4677/2235 5018/4670/2232 4683/4678/2236
f 4683/4678/2236 5439/4676/2234 5440/4679/2237
f 4683/4678/2236 5343/4536/2102 4982/4535/2101
f 4987/4552/2117 4972/4680/2238 4684/4681/2239
f 4972/4680/2238 5019/4682/2240 4684/4681/2239
f 4684/4681/2239 5442/4683/2241 5441/4684/2242
f 4684/4681/2239 5351/4553/2118 4987/4552/2117
f 5017/4673/2233 4973/4685/2243 4685/4686/2244
f 4973/4685/2243 4999/4595/2165 4685/4686/2244
f 4685/4686/2244 5372/4601/2169 5443/4687/2245
f 4685/4686/2244 5437/4674/2124 5017/4673/2233
f 5000/4605/2173 4974/4688/2246 4686/4689/2247
f 4974/4688/2246 4988/4549/2114 4686/4689/2247
f 4686/4689/2247 5349/4555/2120 5444/4690/2248
f 4686/4689/2247 5375/4606/2174 5000/4605/2173
f 5020/4691/2249 4975/4692/2250 4687/4693/2251
f 4975/4692/2250 5001/4602/2170 4687/4693/2251
f 4687/4693/2251 5373/4608/2176 5446/4694/2251
f 4687/4693/2251 5445/4695/2196 5020/4691/2249
f 5002/4696/2138 4976/4697/2252 4688/4698/2253
f 4976/4697/2252 5021/4699/2254 4688/4698/2253
f 4688/4698/2253 5448/4700/2143 5447/4701/2255
f 4688/4698/2253 5376/4612/2179 5002/4696/2138
f 5003/4617/2183 4977/4702/2256 4689/4703/2257
f 4977/4702/2256 5020/4704/2249 4689/4703/2257
f 4689/4703/2257 5445/4695/2196 5449/4705/2258
f 4689/4703/2257 5380/4618/2184 5003/4617/2183
f 5021/4699/2254 4978/4706/2146 4690/4707/2259
f 4978/4706/2146 5006/4621/2186 4690/4707/2259
f 4690/4707/2259 5381/4627/2191 5450/4708/2149
f 4690/4707/2259 5448/4700/2143 5021/4699/2254
f 4996/4589/2158 4979/4709/2260 4691/4710/2261
f 4979/4709/2260 5004/4614/2180 4691/4710/2261
f 4691/4710/2261 5378/4620/2185 5451/4711/2262
f 4691/4710/2261 5366/4590/2159 4996/4589/2158
f 5019/4682/2240 4980/4712/2263 4692/4713/2264
f 4980/4712/2263 4997/4586/2155 4692/4713/2264
f 4692/4713/2264 5368/4592/2161 5452/4714/2265
f 4692/4713/2264 5442/4683/2241 5019/4682/2240
f 5005/4624/2189 4981/4715/2266 4693/4716/2267
f 4981/4715/2266 4983/4532/2098 4693/4716/2267
f 4693/4716/2267 5341/4538/2104 5453/4717/2268
f 4693/4716/2267 5383/4625/2153 5005/4624/2189
f 4704/4718/1960 5166/4625/1960 4941/4717/1960
f 4704/4718/1960 5144/4538/1960 4831/4537/1960
f 4704/4718/1960 5147/4536/1960 4920/4679/1960
f 4704/4718/1960 5145/4676/1960 4918/4675/1960
f 4704/4718/1960 5151/4674/1960 4925/4687/1960
f 4704/4718/1960 5238/4601/1960 4849/4600/1960
f 4704/4718/1960 5237/4599/1960 4851/4613/1960
f 4704/4718/1960 5164/4612/1960 4933/4701/1960
f 4704/4718/1960 5236/4700/1960 4937/4708/1960
f 4704/4718/1960 5242/4627/1960 4853/4626/1960
f 4705/4719/1956 5240/4606/1956 4926/4690/1956
f 4705/4719/1956 5202/4555/1956 4836/4554/1956
f 4705/4719/1956 5203/4553/1956 4921/4684/1956
f 4705/4719/1956 5234/4683/1956 4940/4714/1956
f 4705/4719/1956 5163/4592/1956 4846/4591/1956
f 4705/4719/1956 5211/4590/1956 4939/4711/1956
f 4705/4719/1956 5241/4620/1956 4852/4619/1956
f 4705/4719/1956 5165/4618/1956 4934/4705/1956
f 4705/4719/1956 5235/4695/1956 4930/4694/1956
f 4705/4719/1956 5239/4608/1956 4850/4607/1956
f 4768/4720/1952 5047/4721/1952 4706/4722/1952
f 5047/4721/1952 4770/4723/1952 4706/4722/1952
f 4706/4722/1952 5108/4724/1952 4769/4725/1952
f 4706/4722/1952 5107/4726/1952 4768/4720/1952
f 4767/4727/1952 5048/4728/1952 4707/4729/1952
f 5048/4728/1952 4771/4730/1952 4707/4729/1952
f 4707/4729/1952 5109/4731/1952 5047/4721/1952
f 4707/4729/1952 5106/4732/1952 4767/4727/1952
f 4708/4733/1952 5104/4734/1952 5049/4735/1952
f 4708/4733/1952 5103/4736/1952 4772/4737/1952
f 4772/4737/1952 5048/4728/1952 4708/4733/1952
f 5048/4728/1952 4766/4738/1952 4708/4733/1952
f 5054/4739/1956 5067/4740/1956 4552/4741/1956
f 5067/4740/1956 4718/4742/2115 4552/4741/1956
f 4718/4742/2115 4719/4743/2269 4552/4741/1956
f 4719/4743/2269 5054/4739/1956 4552/4741/1956
f 5052/4744/2270 5055/4745/1952 4553/4746/1952
f 5055/4745/1952 5053/4747/2271 4553/4746/1952
f 5053/4747/2271 4721/4748/2272 4553/4746/1952
f 4721/4748/2272 5052/4744/2270 4553/4746/1952
f 4554/4749/1960 5272/4750/1960 5068/4751/1960
f 5068/4751/1960 4723/4752/2122 4554/4749/1960
f 4723/4752/2122 5053/4753/2271 4554/4749/1960
f 5053/4753/2271 5057/4754/1960 4554/4749/1960
f 5070/4755/1949 5062/4756/2122 4555/4757/1949
f 5062/4756/2122 4722/4758/2273 4555/4757/1949
f 4722/4758/2273 4718/4742/2115 4555/4757/1949
f 4718/4742/2115 5070/4755/1949 4555/4757/1949
f 4719/4743/2269 4722/4759/2273 4710/4760/1955
f 4722/4759/2273 4720/4761/2274 4710/4760/1955
f 4720/4761/2274 5056/4762/1955 4710/4760/1955
f 5056/4762/1955 4719/4743/2269 4710/4760/1955
f 5064/4763/1956 5052/4744/2270 4711/4764/1956
f 5052/4744/2270 5060/4765/2115 4711/4764/1956
f 5060/4765/2115 5066/4766/1956 4711/4764/1956
f 5066/4766/1956 5064/4763/1956 4711/4764/1956
f 5065/4767/1956 5066/4766/1956 4712/4768/1956
f 5066/4766/1956 5061/4769/2115 4712/4768/1956
f 5061/4769/2115 5067/4740/1956 4712/4768/1956
f 5067/4740/1956 5065/4767/1956 4712/4768/1956
f 4721/4770/2272 4723/4752/2122 4713/4771/1949
f 4723/4752/2122 5069/4772/1949 4713/4771/1949
f 5069/4772/1949 5060/4765/2115 4713/4771/1949
f 5060/4765/2115 4721/4770/2272 4713/4771/1949
f 5069/4772/1949 5063/4773/2122 4714/4774/1949
f 5063/4773/2122 5070/4755/1949 4714/4774/1949
f 5070/4755/1949 5061/4769/2115 4714/4774/1949
f 5061/4769/2115 5069/4772/1949 4714/4774/1949
f 5058/4775/1960 5059/4776/1960 4715/4777/1960
f 5059/4776/1960 5072/4778/1960 4715/4777/1960
f 5072/4778/1960 5071/4779/1960 4715/4777/1960
f 5071/4779/1960 5058/4775/1960 4715/4777/1960
f 5073/4780/1960 4720/4781/2274 4716/4782/1960
f 4720/4781/2274 5062/4756/2122 4716/4782/1960
f 5062/4756/2122 5074/4783/1960 4716/4782/1960
f 4716/4782/1960 5265/4784/1960 5073/4780/1960
f 5072/4778/1960 5074/4783/1960 4717/4785/1960
f 5074/4783/1960 5063/4773/2122 4717/4785/1960
f 5063/4773/2122 5068/4751/1960 4717/4785/1960
f 5068/4751/1960 5072/4778/1960 4717/4785/1960
f 4724/4029/1947 5088/4105/1947 4732/4030/1948
f 4556/4031/1948 4732/4030/1948 5089/4032/1948
f 4556/4031/1948 4725/4033/1948 5080/4034/1948
f 4726/4035/1948 5079/4106/1947 4724/4029/1947
f 4752/4036/1949 5080/4052/1949 4727/4037/1949
f 4557/4038/1949 4727/4037/1949 5083/4039/1949
f 4557/4038/1949 4751/4040/1949 5093/4041/1949
f 4760/4042/1949 5101/4053/1949 4752/4036/1949
f 4725/4033/1949 5089/4032/1949 4737/4043/1949
f 4558/4044/1949 4737/4043/1949 5081/4045/1949
f 4558/4044/1949 4734/4046/1949 5083/4047/1949
f 4727/4048/1949 5080/4034/1949 4725/4033/1949
f 4765/4049/1950 5079/4127/1950 4726/4050/1951
f 4559/4051/1950 4726/4050/1951 5080/4052/1951
f 4559/4051/1950 4752/4036/1951 5101/4053/1951
f 4758/4054/1951 5086/4123/1950 4765/4049/1950
f 4560/4055/1952 4734/4046/1952 5081/4045/1952
f 4731/4056/1952 5084/4077/1952 4738/4057/1952
f 4560/4055/1952 4738/4057/1952 5085/4058/1952
f 4730/4059/1952 5083/4047/1952 4734/4046/1952
f 5051/4060/1953 5087/4144/1953 4741/4061/1954
f 4561/4062/1954 4741/4061/1954 5098/4063/1954
f 4561/4062/1954 4733/4064/1954 5089/4065/1954
f 4732/4066/1954 5088/4140/1953 5051/4060/1953
f 4749/4067/1955 5094/4086/1955 4748/4068/1955
f 4748/4068/1955 5093/4085/1955 4762/4070/1955
f 4762/4070/1955 5097/4112/1955 4764/4071/1955
f 4764/4071/1955 5090/4111/1955 4749/4067/1955
f 4751/4040/1956 5083/4039/1956 4730/4072/1956
f 4730/4072/1956 5085/4129/1956 4729/4074/1956
f 4729/4074/1956 5097/4133/1956 4762/4075/1956
f 4762/4075/1956 5093/4041/1956 4751/4040/1956
f 4564/4076/1957 4738/4057/1957 5084/4077/1957
f 4747/4078/1957 5095/4786/1957 4745/4079/1957
f 4745/4079/1957 5096/4787/1957 4746/4080/1957
f 4564/4076/1957 4746/4080/1957 5085/4058/1957
f 4763/4081/1949 5098/4092/1949 4761/4082/1949
f 4761/4082/1949 5101/4091/1949 4760/4084/1949
f 4565/4083/1949 4760/4084/1949 5093/4085/1949
f 4565/4083/1949 4748/4068/1949 5094/4086/1949
f 4741/4087/1958 5087/4099/1959 4742/4088/1959
f 4742/4088/1959 5086/4103/1959 4758/4090/1958
f 4566/4089/1958 4758/4090/1958 5101/4091/1958
f 4566/4089/1958 4761/4082/1958 5098/4092/1958
f 4735/4093/1960 5094/4136/1960 4749/4094/1960
f 4749/4094/1960 5090/4117/1960 4736/4096/1960
f 4736/4096/1960 5084/4121/1960 4731/4097/1960
f 4731/4097/1960 5081/4137/1960 4735/4093/1960
f 4568/4098/1949 4742/4088/1949 5087/4099/1949
f 4739/4100/1949 5082/4788/1949 4728/4101/1949
f 4728/4101/1949 5099/4789/1949 4757/4102/1949
f 4568/4098/1949 4757/4102/1949 5086/4103/1949
f 4569/4104/1949 5050/4109/1949 5088/4105/1949
f 4569/4104/1949 4724/4029/1949 5079/4106/1949
f 4759/4107/1949 5092/4790/1949 4740/4108/1949
f 4740/4108/1949 5091/4791/1949 5050/4109/1949
f 4570/4110/1957 4756/4115/1957 5090/4111/1957
f 4570/4110/1957 4764/4071/1957 5097/4112/1957
f 4754/4113/1957 5102/4792/1957 4755/4114/1957
f 4755/4114/1957 5100/4793/1957 4756/4115/1957
f 4571/4116/1957 4736/4096/1957 5090/4117/1957
f 4756/4118/1957 5100/4794/1957 4744/4119/1957
f 4744/4119/1957 5095/4795/1957 4747/4120/1957
f 4571/4116/1957 4747/4120/1957 5084/4121/1957
f 4572/4122/1949 4765/4049/1949 5086/4123/1949
f 4757/4124/1949 5099/4796/1949 4743/4125/1949
f 4743/4125/1949 5092/4797/1949 4759/4126/1949
f 4572/4122/1949 4759/4126/1949 5079/4127/1949
f 4573/4128/1957 4729/4074/1957 5085/4129/1957
f 4746/4130/1957 5096/4798/1957 4753/4131/1957
f 4753/4131/1957 5102/4799/1957 4754/4132/1957
f 4573/4128/1957 4754/4132/1957 5097/4133/1957
f 4733/4064/1949 5098/4063/1949 4763/4134/1949
f 4574/4135/1949 4763/4134/1949 5094/4136/1949
f 4574/4135/1949 4735/4093/1949 5081/4137/1949
f 4737/4138/1949 5089/4065/1949 4733/4064/1949
f 4709/4139/1949 5051/4060/1949 5088/4140/1949
f 5050/4141/1949 5091/4800/1949 4750/4142/1949
f 4750/4142/1949 5082/4801/1949 4739/4143/1949
f 4709/4139/1949 4739/4143/1949 5087/4144/1949
f 5039/4145/1955 5243/4802/1955 5023/4146/1955
f 4694/4147/1955 5023/4146/1955 5245/4148/1955
f 5038/4149/1955 5255/4803/1955 5032/4150/1955
f 4694/4147/1955 5032/4150/1955 5252/4151/1955
f 4695/4152/1955 5037/4158/1955 5246/4153/1955
f 5022/4154/1955 5244/4804/1955 5036/4155/1955
f 4695/4152/1955 5036/4155/1955 5254/4156/1955
f 5030/4157/1955 5256/4805/1955 5037/4158/1955
f 5024/4159/1949 5246/4153/1949 5026/4160/1949
f 5026/4160/1949 5248/4806/1949 5025/4162/1949
f 5025/4162/1949 5247/4807/1949 5027/4163/1949
f 5027/4163/1949 5245/4148/1949 5024/4159/1949
f 5032/4164/1949 5255/4808/1949 5035/4165/1949
f 5035/4165/1949 5257/4809/1949 5033/4167/1949
f 5033/4167/1949 5535/4810/1949 5534/4168/1949
f 5534/4168/1949 5252/4811/1949 5032/4164/1949
f 5030/4169/1949 5254/4812/1949 5536/4170/1949
f 5536/4170/1949 5537/4813/1949 5031/4172/1949
f 5031/4172/1949 5258/4814/1949 5034/4173/1949
f 5034/4173/1949 5256/4815/1949 5030/4169/1949
f 5038/4174/1956 5245/4148/1956 5027/4163/1956
f 5027/4163/1956 5247/4807/1956 5040/4176/1956
f 5040/4176/1956 5257/4809/1956 5035/4165/1956
f 5035/4165/1956 5255/4808/1956 5038/4174/1956
f 5041/4177/1960 5248/4806/1960 5026/4160/1960
f 5026/4160/1960 5246/4153/1960 5037/4179/1960
f 5037/4179/1960 5256/4815/1960 5034/4173/1960
f 5034/4173/1960 5258/4814/1960 5041/4177/1960
f 4701/4180/1955 5022/4154/1955 5246/4153/1955
f 4701/4180/1955 5024/4159/1955 5245/4148/1955
f 5023/4146/1955 5243/4802/1955 5044/4181/1955
f 5044/4181/1955 5244/4804/1955 5022/4154/1955
f 5036/4182/1956 5244/4816/1956 5043/4183/1956
f 5043/4183/1956 5250/4817/1956 5045/4185/1956
f 5045/4185/1956 5253/4813/1956 5029/4170/1956
f 5029/4170/1956 5254/4812/1956 5036/4182/1956
f 5046/4186/1960 5249/4818/1960 5042/4187/1960
f 5042/4187/1960 5243/4819/1960 5039/4189/1960
f 5039/4189/1960 5252/4811/1960 5028/4168/1960
f 5028/4168/1960 5251/4810/1960 5046/4186/1960
f 4793/4190/1961 5121/4820/1961 4805/4191/1962
f 4805/4191/1962 5305/4821/1949 5308/4193/1949
f 5308/4193/1949 5297/4822/1949 5296/4194/1962
f 5296/4194/1962 5295/4823/2275 4793/4190/1961
f 4780/4193/1963 5306/4821/1963 5317/4195/1964
f 5317/4195/1964 5316/4824/1965 4782/4197/1965
f 4782/4197/1965 5300/4825/2276 5299/4198/1964
f 5299/4198/1964 5298/4822/1963 4780/4193/1963
f 4782/4197/1965 5316/4824/1965 5321/4199/1966
f 5321/4199/1966 5320/4826/1967 4783/4201/1967
f 4783/4201/1967 5302/4827/1967 5301/4202/1966
f 5301/4202/1966 5300/4825/2276 4782/4197/1965
f 4784/4203/1968 5128/4828/1968 4811/4204/1969
f 4811/4204/1969 5130/4829/1970 4785/4206/1970
f 4785/4206/1970 5291/4830/1970 5290/4207/1969
f 5290/4207/1969 5289/4831/2277 4784/4203/1968
f 4785/4206/1970 5130/4829/1970 4813/4208/1971
f 4813/4208/1971 5134/4832/1972 4787/4210/1972
f 4787/4210/1972 5293/4833/1972 5292/4211/1971
f 5292/4211/1971 5291/4830/1970 4785/4206/1970
f 4783/4201/1967 5320/4826/1967 5325/4212/1973
f 5325/4212/1973 5324/4834/1974 4801/4214/1974
f 4801/4214/1974 5304/4835/1974 5303/4215/1973
f 5303/4215/1973 5302/4827/1967 4783/4201/1967
f 4787/4210/1972 5134/4832/1972 4817/4216/1975
f 4817/4216/1975 5121/4820/1961 4793/4190/1961
f 4793/4190/1961 5295/4823/2275 5294/4218/1976
f 5294/4218/1976 5293/4833/1972 4787/4210/1972
f 4582/4219/1955 4779/4225/1955 5111/4220/1955
f 4582/4219/1955 4788/4221/1955 5112/4222/1955
f 4773/4223/1955 5113/4836/1955 4789/4224/1955
f 4789/4224/1955 5118/4837/1955 4779/4225/1955
f 4778/4226/1955 5118/4837/1955 4789/4224/1955
f 4789/4224/1955 5113/4836/1955 4774/4228/1955
f 4583/4227/1955 4774/4228/1955 5114/4229/1955
f 4583/4227/1955 4790/4230/1955 5117/4231/1955
f 4777/4232/1955 5117/4231/1955 4790/4230/1955
f 4790/4230/1955 5114/4229/1955 4775/4234/1955
f 4584/4233/1955 4775/4234/1955 5115/4235/1955
f 4584/4233/1955 4776/4236/1955 5116/4237/1955
f 4781/4238/1961 5279/4838/1961 5280/4239/1962
f 5280/4239/1962 5281/4839/1949 5312/4241/1949
f 5312/4241/1949 5309/4840/1949 4804/4242/1962
f 4804/4242/1962 5122/4841/1961 4781/4238/1961
f 4794/4243/1961 5122/4841/1961 4804/4242/1962
f 4804/4242/1962 5309/4840/1949 5313/4245/1949
f 5313/4245/1949 5305/4821/1949 4805/4191/1962
f 4805/4191/1962 5121/4820/1961 4794/4243/1961
f 4791/4241/1977 5282/4839/1963 5283/4246/1964
f 5283/4246/1964 5284/4842/2276 4795/4248/1965
f 4795/4248/1965 5314/4843/2276 5315/4249/1964
f 5315/4249/1964 5310/4840/1977 4791/4241/1977
f 4795/4248/1965 5284/4842/2276 5285/4250/1966
f 5285/4250/1966 5286/4844/1967 4796/4252/1967
f 4796/4252/1967 5318/4845/1967 5319/4253/1966
f 5319/4253/1966 5314/4843/2276 4795/4248/1965
f 4797/4254/1968 5273/4846/1968 5274/4255/1969
f 5274/4255/1969 5275/4847/1970 4799/4257/1970
f 4799/4257/1970 5129/4848/1970 4810/4258/1969
f 4810/4258/1969 5127/4849/1968 4797/4254/1968
f 4798/4259/1968 5127/4849/1968 4810/4258/1969
f 4810/4258/1969 5129/4848/1970 4800/4261/1970
f 4800/4261/1970 5130/4829/1970 4811/4204/1969
f 4811/4204/1969 5128/4828/1968 4798/4259/1968
f 4799/4257/1970 5275/4847/1970 5276/4262/1971
f 5276/4262/1971 5277/4850/2278 4802/4264/1972
f 4802/4264/1972 5133/4851/1972 4812/4265/1971
f 4812/4265/1971 5129/4848/1970 4799/4257/1970
f 4800/4261/1970 5129/4848/1970 4812/4265/1971
f 4812/4265/1971 5133/4851/1972 4803/4267/1972
f 4803/4267/1972 5134/4832/1972 4813/4208/1971
f 4813/4208/1971 5130/4829/1970 4800/4261/1970
f 4796/4252/1967 5286/4844/1967 5287/4268/1973
f 5287/4268/1973 5288/4852/1979 4786/4270/1979
f 4786/4270/1979 5322/4853/1979 5323/4271/1973
f 5323/4271/1973 5318/4845/1967 4796/4252/1967
f 4802/4264/1972 5277/4850/2278 5278/4272/1975
f 5278/4272/1975 5279/4838/1961 4781/4238/1961
f 4781/4238/1961 5122/4841/1961 4816/4274/1975
f 4816/4274/1975 5133/4851/1972 4802/4264/1972
f 4803/4267/1972 5133/4851/1972 4816/4274/1975
f 4816/4274/1975 5122/4841/1961 4794/4243/1961
f 4794/4243/1961 5121/4820/1961 4817/4216/1975
f 4817/4216/1975 5134/4832/1972 4803/4267/1972
f 5332/4276/1960 5329/4854/1960 4823/4277/1960
f 4823/4277/1960 5326/4855/1960 5327/4279/1960
f 5327/4279/1960 5328/4856/1960 4818/4280/1960
f 4818/4280/1960 5333/4857/1960 5332/4276/1960
f 5330/4281/1960 5307/4858/1960 4792/4282/1960
f 4792/4282/1960 5311/4859/1960 5331/4284/1960
f 5331/4284/1960 5326/4855/1960 4823/4277/1960
f 4823/4277/1960 5329/4854/1960 5330/4281/1960
f 4598/4285/1955 4806/4291/1955 5123/4286/1955
f 4808/4287/1955 5125/4860/1955 4824/4288/1955
f 4598/4285/1955 4824/4288/1955 5137/4289/1955
f 4821/4290/1955 5119/4861/1955 4806/4291/1955
f 4825/4292/1952 5126/4862/1952 4809/4293/1952
f 4599/4294/1952 4809/4293/1952 5124/4295/1952
f 4807/4296/1952 5120/4863/1952 4820/4297/1952
f 4599/4294/1952 4820/4297/1952 5138/4298/1952
f 4822/4299/1952 5136/4864/1952 4826/4300/1952
f 4600/4301/1952 4826/4300/1952 5131/4302/1952
f 4815/4303/1952 5126/4862/1952 4825/4292/1952
f 4600/4301/1952 4825/4292/1952 5138/4298/1952
f 4601/4304/1955 4814/4308/1955 5132/4305/1955
f 4827/4306/1955 5135/4865/1955 4819/4307/1955
f 4601/4304/1955 4819/4307/1955 5137/4289/1955
f 4824/4288/1955 5125/4860/1955 4814/4308/1955
f 5466/4309/1949 5460/4866/1980 4833/4310/1980
f 4602/4311/1949 4833/4310/1980 5464/4312/1981
f 4602/4311/1949 5463/4313/1949 5462/4314/1982
f 4835/4315/1982 5465/4867/1982 5466/4309/1949
f 5482/4316/1983 5477/4868/1984 4844/4317/1984
f 4844/4317/1984 5479/4869/1984 5480/4319/1983
f 5480/4319/1983 5481/4527/1955 4847/4320/1955
f 4603/4318/1983 4847/4320/1955 5459/4321/1955
f 4862/4322/1985 5364/4585/2279 5369/4323/1986
f 5369/4323/1986 5346/4544/2280 4861/4325/1988
f 4604/4324/1987 4861/4325/1988 5340/4326/1989
f 4604/4324/1987 5396/4327/1990 5394/4328/1985
f 4863/4329/1991 5362/4581/2281 5365/4330/1992
f 5365/4330/1992 5364/4585/2279 4862/4322/1985
f 4605/4331/1993 4862/4322/1985 5394/4328/1985
f 4605/4331/1993 5395/4332/1994 5392/4333/1995
f 4864/4334/1996 5360/4576/2282 5363/4335/1997
f 5363/4335/1997 5362/4581/2281 4863/4329/1991
f 4606/4336/1997 4863/4329/1991 5392/4333/1995
f 4606/4336/1997 5393/4337/1998 5390/4338/1996
f 4865/4339/1999 5358/4577/2283 5361/4340/2000
f 5361/4340/2000 5360/4576/2282 4864/4334/1996
f 4607/4341/2001 4864/4334/1996 5390/4338/1996
f 4607/4341/2001 5391/4342/2002 5388/4343/2003
f 4866/4344/2004 5356/4567/2004 5359/4345/2005
f 5359/4345/2005 5358/4571/2283 4865/4347/1999
f 4608/4346/2006 4865/4347/1999 5388/4343/2003
f 4608/4346/2006 5389/4348/2007 5386/4349/2008
f 4867/4350/2009 5354/4563/2284 5357/4351/2010
f 5357/4351/2010 5356/4567/2004 4866/4344/2004
f 4609/4352/2011 4866/4344/2004 5386/4349/2008
f 4609/4352/2011 5387/4353/2012 5384/4354/2013
f 4868/4355/2014 5352/4559/2285 5355/4356/2015
f 5355/4356/2015 5354/4563/2284 4867/4350/2009
f 4610/4357/2015 4867/4350/2009 5384/4354/2013
f 4610/4357/2015 5385/4358/2016 5334/4359/2017
f 4869/4360/2018 5347/4548/2286 5353/4361/2019
f 5353/4361/2019 5352/4559/2285 4868/4355/2014
f 4611/4362/2020 4868/4355/2014 5334/4359/2017
f 4611/4362/2020 5335/4363/2021 5336/4364/2022
f 4870/4365/2023 5344/4543/2287 5348/4366/2024
f 5348/4366/2024 5347/4548/2286 4869/4360/2018
f 4612/4367/2025 4869/4360/2018 5336/4364/2022
f 4612/4367/2025 5337/4368/2026 5338/4369/2023
f 4861/4325/1988 5346/4544/2280 5345/4370/2027
f 5345/4370/2027 5344/4543/2287 4870/4365/2023
f 4613/4371/2028 4870/4365/2023 5338/4369/2023
f 4613/4371/2028 5339/4372/2029 5340/4326/1989
f 4875/4373/1960 5173/4385/1960 4871/4374/1960
f 4614/4375/1960 4871/4374/1960 5170/4338/1960
f 4614/4375/1960 4858/4337/1960 5171/4333/1960
f 4872/4376/1960 5174/4381/1960 4875/4373/1960
f 4615/4377/1960 4828/4363/1960 5139/4359/2030
f 4873/4378/1960 5173/4385/1960 4875/4373/1960
f 4875/4373/1960 5174/4381/1960 4874/4379/1960
f 4615/4377/1960 4874/4379/1960 5141/4364/1960
f 4829/4368/1960 5141/4364/1960 4874/4379/1960
f 4616/4380/1960 4874/4379/1960 5174/4381/1960
f 4876/4382/1960 5143/4326/1960 4830/4372/1960
f 4616/4380/1960 4830/4372/1960 5142/4369/2030
f 4617/4383/1960 4859/4332/1960 5172/4328/2031
f 4860/4327/1960 5143/4326/1960 4876/4382/1960
f 4617/4383/1960 4876/4382/1960 5174/4381/1960
f 4872/4376/1960 5171/4333/1960 4859/4332/1960
f 4618/4384/1960 4856/4348/1960 5169/4343/2031
f 4857/4342/1960 5170/4338/1960 4871/4374/1960
f 4618/4384/1960 4871/4374/1960 5173/4385/1960
f 4877/4386/1960 5168/4349/1960 4856/4348/1960
f 4619/4387/1960 4854/4358/2030 5167/4354/2030
f 4855/4353/1960 5168/4349/1960 4877/4386/1960
f 4619/4387/1960 4877/4386/1960 5173/4385/1960
f 4873/4378/1960 5139/4359/2030 4854/4358/2030
f 5423/4388/2032 5421/4667/2288 4899/4389/2033
f 4620/4390/2034 4899/4389/2033 5434/4391/2033
f 4620/4390/2034 5436/4392/2035 5414/4393/2036
f 4898/4394/2037 5411/4659/2289 5423/4388/2032
f 5422/4395/2038 5419/4663/2290 4900/4396/2039
f 4621/4397/2038 4900/4396/2039 5432/4398/2040
f 4621/4397/2038 5435/4399/2041 5434/4391/2033
f 4899/4389/2033 5421/4667/2288 5422/4395/2038
f 5420/4400/2042 5397/4633/2291 4901/4401/2043
f 4622/4402/2042 4901/4401/2043 5430/4403/2044
f 4622/4402/2042 5433/4404/2045 5432/4398/2040
f 4900/4396/2039 5419/4663/2290 5420/4400/2042
f 5398/4405/2046 5399/4632/2292 4902/4406/2047
f 4623/4407/2048 4902/4406/2047 5428/4408/2049
f 4623/4407/2048 5431/4409/2050 5430/4403/2044
f 4901/4401/2043 5397/4633/2291 5398/4405/2046
f 5400/4410/2051 5401/4638/2052 4903/4411/2052
f 4624/4412/2053 4903/4411/2052 5426/4413/2054
f 4624/4412/2053 5429/4414/2055 5428/4408/2049
f 4902/4415/2047 5399/4639/2292 5400/4410/2051
f 5402/4416/2056 5403/4643/2293 4904/4417/2057
f 4625/4418/2058 4904/4417/2057 5424/4419/2059
f 4625/4418/2058 5427/4420/2060 5426/4413/2054
f 4903/4411/2052 5401/4638/2052 5402/4416/2056
f 5404/4421/2061 5405/4647/2294 4905/4422/2062
f 4626/4423/2063 4905/4422/2062 5417/4424/2064
f 4626/4423/2063 5425/4425/2065 5424/4419/2059
f 4904/4417/2057 5403/4643/2293 5404/4421/2061
f 5406/4426/2066 5407/4651/2295 4906/4427/2067
f 4627/4428/2068 4906/4427/2067 5415/4429/2069
f 4627/4428/2068 5418/4430/2070 5417/4424/2064
f 4905/4422/2062 5405/4647/2294 5406/4426/2066
f 5408/4431/2071 5409/4655/2296 4907/4432/2072
f 4628/4433/2073 4907/4432/2072 5412/4434/2074
f 4628/4433/2073 5416/4435/2075 5415/4429/2069
f 4906/4427/2067 5407/4651/2295 5408/4431/2071
f 5410/4436/2076 5411/4659/2289 4898/4394/2037
f 4629/4437/2077 4898/4394/2037 5414/4393/2036
f 4629/4437/2077 5413/4438/2078 5412/4434/2074
f 4907/4432/2072 5409/4655/2296 5410/4436/2076
f 4908/4439/1956 5195/4452/1956 4912/4440/1956
f 4912/4440/1956 5196/4448/1956 4909/4442/1956
f 4630/4441/1956 4909/4442/1956 5176/4398/1956
f 4630/4441/1956 4895/4404/1956 5177/4403/2079
f 4631/4443/1956 4910/4445/1956 5194/4424/1956
f 4631/4443/1956 4887/4430/1956 5192/4429/1956
f 4911/4444/1956 5196/4448/1956 4912/4440/1956
f 4912/4440/1956 5195/4452/1956 4910/4445/1956
f 4911/4444/1956 5192/4429/1956 4886/4435/1956
f 4632/4446/1956 4886/4435/1956 5191/4434/2080
f 4885/4438/1956 5190/4393/1956 4913/4447/1956
f 4632/4446/1956 4913/4447/1956 5196/4448/1956
f 4633/4449/1956 4897/4392/1956 5175/4391/2079
f 4896/4399/1956 5176/4398/1956 4909/4442/1956
f 4633/4449/1956 4909/4442/1956 5196/4448/1956
f 4913/4447/1956 5190/4393/1956 4897/4392/1956
f 4634/4450/1956 4894/4409/2079 5178/4408/2079
f 4893/4414/1956 5179/4413/1956 4914/4451/1956
f 4634/4450/1956 4914/4451/1956 5195/4452/1956
f 4908/4439/1956 5177/4403/2079 4894/4409/2079
f 4635/4453/1956 4892/4420/1956 5180/4419/2081
f 4891/4425/1956 5194/4424/1956 4910/4445/1956
f 4635/4453/1956 4910/4445/1956 5195/4452/1956
f 4914/4451/1956 5179/4413/1956 4892/4420/1956
f 5455/4454/2082 5454/4870/1955 4915/4455/1955
f 4915/4455/1955 5511/4871/1955 5510/4457/2082
f 5510/4457/2082 5509/4872/2083 4916/4458/2083
f 4916/4458/2083 5456/4873/2083 5455/4454/2082
f 5520/4459/2084 5456/4873/2083 4916/4458/2083
f 4916/4458/2083 5509/4872/2083 5508/4461/2084
f 5508/4461/2084 5507/4874/1980 4919/4462/1980
f 4919/4462/1980 5519/4875/1981 5520/4459/2084
f 5461/4463/2084 5457/4876/2083 4917/4464/2083
f 4917/4464/2083 5522/4877/2083 5521/4466/2084
f 5521/4466/2084 5464/4312/1981 4833/4310/1980
f 4833/4310/1980 5460/4866/1980 5461/4463/2084
f 5518/4467/1949 5519/4875/1981 4919/4462/1980
f 4919/4462/1980 5507/4874/1980 5506/4469/1949
f 5506/4469/1949 5505/4878/1982 4922/4470/1982
f 4922/4470/1982 5517/4879/1982 5518/4467/1949
f 5523/4471/2085 5517/4879/1982 4922/4470/1982
f 4922/4470/1982 5505/4878/1982 5504/4473/2085
f 5504/4473/2085 5503/4880/2297 4923/4474/2086
f 4923/4474/2086 5485/4881/2086 5523/4471/2085
f 5468/4475/2085 5465/4867/1982 4835/4315/1982
f 4835/4315/1982 5462/4314/1982 5524/4477/2085
f 5524/4477/2085 5488/4882/2086 4924/4478/2086
f 4924/4478/2086 5467/4883/2297 5468/4475/2085
f 5484/4479/2087 5485/4881/2086 4923/4474/2086
f 4923/4474/2086 5503/4880/2297 5502/4481/2087
f 5502/4481/2087 5501/4884/1952 4927/4482/1952
f 4927/4482/1952 5483/4885/1952 5484/4479/2087
f 5470/4483/2087 5467/4883/2297 4924/4478/2086
f 4924/4478/2086 5488/4882/2086 5487/4485/2087
f 4643/4484/2087 5487/4485/2087 5486/4486/1952
f 4928/4487/1952 5469/4494/1952 5470/4483/2087
f 5490/4488/2088 5483/4885/1952 4927/4482/1952
f 4927/4482/1952 5501/4884/1952 5500/4490/2090
f 5500/4490/2090 5499/4886/2092 4929/4491/2091
f 4644/4489/2089 4929/4491/2091 5489/4492/2091
f 4645/4493/2090 5472/4497/2090 5469/4494/1952
f 4928/4487/1952 5486/4486/1952 5526/4495/2090
f 5526/4495/2090 5525/4887/2091 4840/4496/2092
f 4840/4496/2092 5471/4888/2091 5472/4497/2090
f 5474/4498/2093 5471/4889/2091 4840/4499/2092
f 4840/4499/2092 5525/4890/2091 5529/4501/2093
f 5529/4501/2093 5493/4891/2094 4932/4502/2094
f 4932/4502/2094 5473/4892/2094 5474/4498/2093
f 4647/4503/2093 5527/4508/2095 5489/4504/2091
f 4929/4505/2091 5499/4893/2092 5498/4506/2093
f 5498/4506/2093 5497/4894/2094 4931/4507/2094
f 4931/4507/2094 5528/4895/2094 5527/4508/2095
f 5476/4509/1957 5473/4892/2094 4932/4502/2094
f 4932/4502/2094 5493/4891/2094 5492/4511/1957
f 5492/4511/1957 5491/4896/2096 4936/4512/2096
f 4648/4510/1957 4936/4512/2096 5475/4513/2096
f 5530/4514/1957 5528/4895/2094 4931/4507/2094
f 4931/4507/2094 5497/4894/2094 5513/4516/1957
f 5513/4516/1957 5512/4897/2096 4935/4517/2096
f 4935/4517/2096 5494/4898/2096 5530/4514/1957
f 5478/4518/2097 5475/4513/2096 4936/4512/2096
f 4936/4512/2096 5491/4896/2096 5531/4520/2097
f 5531/4520/2097 5479/4869/1984 4844/4317/1984
f 4844/4317/1984 5477/4868/1984 5478/4518/2097
f 5495/4521/2097 5494/4898/2096 4935/4517/2096
f 4935/4517/2096 5512/4897/2096 5515/4523/2097
f 5515/4523/2097 5514/4899/1984 4938/4524/1984
f 4938/4524/1984 5496/4900/1984 5495/4521/2097
f 5458/4525/2082 5459/4321/1955 4847/4320/1955
f 4652/4526/2082 4847/4320/1955 5481/4527/1955
f 5532/4528/2082 5522/4877/2083 4917/4464/2083
f 4917/4464/2083 5457/4876/2083 5458/4525/2082
f 5533/4529/1983 5496/4900/1984 4938/4524/1984
f 4938/4524/1984 5514/4899/1984 5516/4531/1983
f 5516/4531/1983 5511/4871/1955 4915/4455/1955
f 4915/4455/1955 5454/4870/1955 5533/4529/1983
f 4983/4532/2098 5197/4901/2105 4942/4533/2099
f 4942/4533/2099 5198/4902/2298 4982/4535/2101
f 4654/4534/2100 4982/4535/2101 5343/4536/2102
f 4654/4534/2100 5342/4537/2103 5341/4538/2104
f 4985/4539/2105 5200/4903/2104 4943/4540/2106
f 4943/4540/2106 5199/4904/2299 4984/4542/2101
f 4655/4541/2107 4984/4542/2101 5146/4543/2102
f 4655/4541/2107 4832/4370/2103 5140/4544/2108
f 4984/4542/2101 5199/4904/2299 4944/4545/2109
f 4944/4545/2109 5148/4905/2300 4986/4547/2111
f 4656/4546/2110 4986/4547/2111 5201/4548/2112
f 4656/4546/2110 4834/4366/2113 5146/4543/2102
f 4988/4549/2114 5152/4906/2301 4945/4550/2115
f 4945/4550/2115 5149/4907/2302 4987/4552/2117
f 4657/4551/2116 4987/4552/2117 5351/4553/2118
f 4657/4551/2116 5350/4554/2119 5349/4555/2120
f 4986/4547/2111 5148/4905/2300 4946/4556/2121
f 4946/4556/2121 5150/4908/2303 4989/4558/2123
f 4658/4557/2122 4989/4558/2123 5204/4559/2124
f 4658/4557/2122 4837/4361/2125 5201/4548/2112
f 4989/4558/2123 5150/4908/2303 4947/4560/2126
f 4947/4560/2126 5205/4909/2304 4990/4562/2128
f 4659/4561/2127 4990/4562/2128 5153/4563/2128
f 4659/4561/2127 4838/4356/2129 5204/4559/2124
f 4990/4562/2128 5205/4909/2304 4948/4564/2130
f 4948/4564/2130 5206/4910/2132 4991/4566/2132
f 4660/4565/2131 4991/4566/2132 5154/4567/2133
f 4660/4565/2131 4839/4351/2134 5153/4563/2128
f 4991/4566/2132 5206/4910/2132 4949/4568/2135
f 4949/4568/2135 5155/4911/2305 4992/4570/2137
f 4661/4569/2136 4992/4570/2137 5207/4571/2138
f 4661/4569/2136 4841/4345/2139 5154/4567/2133
f 4992/4572/2137 5155/4912/2305 4950/4573/2140
f 4950/4573/2140 5208/4913/2142 4993/4575/2142
f 4662/4574/2141 4993/4575/2142 5157/4576/2143
f 4662/4574/2141 4842/4340/2144 5207/4577/2138
f 4993/4575/2142 5208/4913/2142 4951/4578/2145
f 4951/4578/2145 5209/4914/2306 4994/4580/2147
f 4663/4579/2146 4994/4580/2147 5159/4581/2148
f 4663/4579/2146 4843/4335/2149 5157/4576/2143
f 4994/4580/2147 5209/4914/2306 4952/4582/2150
f 4952/4582/2150 5160/4915/2307 4995/4584/2152
f 4664/4583/2151 4995/4584/2152 5210/4585/2153
f 4664/4583/2151 4845/4330/2154 5159/4581/2148
f 4997/4586/2155 5212/4916/2308 4953/4587/2156
f 4953/4587/2156 5161/4917/2309 4996/4589/2158
f 4665/4588/2157 4996/4589/2158 5366/4590/2159
f 4665/4588/2157 5367/4591/2160 5368/4592/2161
f 4995/4584/2152 5160/4915/2307 4954/4593/2162
f 4954/4593/2162 5200/4903/2104 4985/4539/2105
f 4666/4594/2163 4985/4539/2105 5140/4544/2108
f 4666/4594/2163 4848/4323/2164 5210/4585/2153
f 4999/4595/2165 5214/4918/2310 4955/4596/2166
f 4955/4596/2166 5213/4919/2168 4998/4598/2168
f 4667/4597/2167 4998/4598/2168 5370/4599/2133
f 4667/4597/2167 5371/4600/2134 5372/4601/2169
f 5001/4602/2170 5215/4920/2170 4956/4603/2171
f 4956/4603/2171 5216/4921/2311 5000/4605/2173
f 4668/4604/2172 5000/4605/2173 5375/4606/2174
f 4668/4604/2172 5374/4607/2175 5373/4608/2176
f 4998/4598/2168 5213/4919/2168 4957/4609/2177
f 4957/4609/2177 5217/4922/2312 5002/4611/2138
f 4669/4610/2178 5002/4611/2138 5376/4612/2179
f 4669/4610/2178 5377/4613/2178 5370/4599/2133
f 5004/4614/2180 5218/4923/2222 4958/4615/2181
f 4958/4615/2181 5219/4924/2313 5003/4617/2183
f 4670/4616/2182 5003/4617/2183 5380/4618/2184
f 4670/4616/2182 5379/4619/2182 5378/4620/2185
f 5006/4621/2186 5220/4925/2147 4959/4622/2187
f 4959/4622/2187 5221/4926/2314 5005/4624/2189
f 4671/4623/2188 5005/4624/2189 5383/4625/2153
f 4671/4623/2188 5382/4626/2190 5381/4627/2191
f 5008/4628/2192 5222/4927/2198 4960/4629/2193
f 4960/4629/2193 5223/4928/2315 5007/4631/2195
f 4672/4630/2194 5007/4631/2195 5184/4632/2196
f 4672/4630/2194 4878/4405/2197 5183/4633/2198
f 5007/4634/2195 5223/4929/2315 4961/4635/2199
f 4961/4635/2199 5224/4930/2316 5009/4637/2170
f 4673/4636/2200 5009/4637/2170 5185/4638/2170
f 4673/4636/2200 4879/4410/2201 5184/4639/2196
f 5009/4637/2170 5224/4930/2316 4962/4640/2202
f 4962/4640/2202 5225/4931/2317 5010/4642/2203
f 4674/4641/2172 5010/4642/2203 5186/4643/2204
f 4674/4641/2172 4880/4416/2205 5185/4638/2170
f 5010/4642/2203 5225/4931/2317 4963/4644/2206
f 4963/4644/2206 5226/4932/2318 5011/4646/2208
f 4675/4645/2207 5011/4646/2208 5187/4647/2209
f 4675/4645/2207 4881/4421/2210 5186/4643/2204
f 5011/4646/2208 5226/4932/2318 4964/4648/2119
f 4964/4648/2119 5227/4933/2319 5012/4650/2211
f 4676/4649/2119 5012/4650/2211 5188/4651/2212
f 4676/4649/2119 4882/4426/2119 5187/4647/2209
f 5012/4650/2211 5227/4933/2319 4965/4652/2213
f 4965/4652/2213 5228/4934/2216 5013/4654/2215
f 4677/4653/2214 5013/4654/2215 5189/4655/2216
f 4677/4653/2214 4883/4431/2217 5188/4651/2212
f 5013/4654/2215 5228/4934/2216 4966/4656/2218
f 4966/4656/2218 5229/4935/2320 5014/4658/2155
f 4678/4657/2219 5014/4658/2155 5193/4659/2220
f 4678/4657/2219 4884/4436/2221 5189/4655/2216
f 5015/4660/2222 5230/4936/2321 4967/4661/2182
f 4967/4661/2182 5222/4927/2198 5008/4628/2192
f 4679/4662/2182 5008/4628/2192 5183/4633/2198
f 4679/4662/2182 4888/4400/2182 5182/4663/2223
f 5016/4664/2224 5231/4937/2322 4968/4665/2225
f 4968/4665/2225 5230/4936/2321 5015/4660/2222
f 4680/4666/2226 5015/4660/2222 5182/4663/2223
f 4680/4666/2226 4889/4395/2227 5181/4667/2228
f 5014/4658/2155 5229/4935/2320 4969/4668/2229
f 4969/4668/2229 5231/4937/2322 5016/4664/2224
f 4681/4669/2230 5016/4664/2224 5181/4667/2228
f 4681/4669/2230 4890/4388/2231 5193/4659/2220
f 5018/4670/2232 5233/4938/2323 4970/4671/2122
f 4970/4671/2122 5232/4939/2324 5017/4673/2233
f 4682/4672/2125 5017/4673/2233 5437/4674/2124
f 4682/4672/2125 5438/4675/2125 5439/4676/2234
f 4982/4535/2101 5198/4902/2298 4971/4677/2235
f 4971/4677/2235 5233/4938/2323 5018/4670/2232
f 4683/4678/2236 5018/4670/2232 5439/4676/2234
f 4683/4678/2236 5440/4679/2237 5343/4536/2102
f 4987/4552/2117 5149/4907/2302 4972/4680/2238
f 4972/4680/2238 5162/4940/2325 5019/4682/2240
f 4684/4681/2239 5019/4682/2240 5442/4683/2241
f 4684/4681/2239 5441/4684/2242 5351/4553/2118
f 5017/4673/2233 5232/4939/2324 4973/4685/2243
f 4973/4685/2243 5214/4918/2310 4999/4595/2165
f 4685/4686/2244 4999/4595/2165 5372/4601/2169
f 4685/4686/2244 5443/4687/2245 5437/4674/2124
f 5000/4605/2173 5216/4921/2311 4974/4688/2246
f 4974/4688/2246 5152/4906/2301 4988/4549/2114
f 4686/4689/2247 4988/4549/2114 5349/4555/2120
f 4686/4689/2247 5444/4690/2248 5375/4606/2174
f 5020/4691/2249 5156/4941/2326 4975/4692/2250
f 4975/4692/2250 5215/4920/2170 5001/4602/2170
f 4687/4693/2251 5001/4602/2170 5373/4608/2176
f 4687/4693/2251 5446/4694/2251 5445/4695/2196
f 5002/4696/2138 5217/4942/2312 4976/4697/2252
f 4976/4697/2252 5158/4943/2327 5021/4699/2254
f 4688/4698/2253 5021/4699/2254 5448/4700/2143
f 4688/4698/2253 5447/4701/2255 5376/4612/2179
f 5003/4617/2183 5219/4924/2313 4977/4702/2256
f 4977/4702/2256 5156/4944/2326 5020/4704/2249
f 4689/4703/2257 5020/4704/2249 5445/4695/2196
f 4689/4703/2257 5449/4705/2258 5380/4618/2184
f 5021/4699/2254 5158/4943/2327 4978/4706/2146
f 4978/4706/2146 5220/4925/2147 5006/4621/2186
f 4690/4707/2259 5006/4621/2186 5381/4627/2191
f 4690/4707/2259 5450/4708/2149 5448/4700/2143
f 4996/4589/2158 5161/4917/2309 4979/4709/2260
f 4979/4709/2260 5218/4923/2222 5004/4614/2180
f 4691/4710/2261 5004/4614/2180 5378/4620/2185
f 4691/4710/2261 5451/4711/2262 5366/4590/2159
f 5019/4682/2240 5162/4940/2325 4980/4712/2263
f 4980/4712/2263 5212/4916/2308 4997/4586/2155
f 4692/4713/2264 4997/4586/2155 5368/4592/2161
f 4692/4713/2264 5452/4714/2265 5442/4683/2241
f 5005/4624/2189 5221/4926/2314 4981/4715/2266
f 4981/4715/2266 5197/4901/2105 4983/4532/2098
f 4693/4716/2267 4983/4532/2098 5341/4538/2104
f 4693/4716/2267 5453/4717/2268 5383/4625/2153
f 4704/4718/1960 4853/4626/1960 5166/4625/1960
f 4704/4718/1960 4941/4717/1960 5144/4538/1960
f 4704/4718/1960 4831/4537/1960 5147/4536/1960
f 4704/4718/1960 4920/4679/1960 5145/4676/1960
f 4704/4718/1960 4918/4675/1960 5151/4674/1960
f 4704/4718/1960 4925/4687/1960 5238/4601/1960
f 4704/4718/1960 4849/4600/1960 5237/4599/1960
f 4704/4718/1960 4851/4613/1960 5164/4612/1960
f 4704/4718/1960 4933/4701/1960 5236/4700/1960
f 4704/4718/1960 4937/4708/1960 5242/4627/1960
f 4705/4719/1956 4850/4607/1956 5240/4606/1956
f 4705/4719/1956 4926/4690/1956 5202/4555/1956
f 4705/4719/1956 4836/4554/1956 5203/4553/1956
f 4705/4719/1956 4921/4684/1956 5234/4683/1956
f 4705/4719/1956 4940/4714/1956 5163/4592/1956
f 4705/4719/1956 4846/4591/1956 5211/4590/1956
f 4705/4719/1956 4939/4711/1956 5241/4620/1956
f 4705/4719/1956 4852/4619/1956 5165/4618/1956
f 4705/4719/1956 4934/4705/1956 5235/4695/1956
f 4705/4719/1956 4930/4694/1956 5239/4608/1956
f 4768/4720/1952 5106/4732/1952 5047/4721/1952
f 5047/4721/1952 5109/4731/1952 4770/4723/1952
f 4706/4722/1952 4770/4723/1952 5108/4724/1952
f 4706/4722/1952 4769/4725/1952 5107/4726/1952
f 4767/4727/1952 5105/4945/1952 5048/4728/1952
f 5048/4728/1952 5110/4946/1952 4771/4730/1952
f 4707/4729/1952 4771/4730/1952 5109/4731/1952
f 4707/4729/1952 5047/4721/1952 5106/4732/1952
f 4708/4733/1952 4766/4738/1952 5104/4734/1952
f 4708/4733/1952 5049/4735/1952 5103/4736/1952
f 4772/4737/1952 5110/4946/1952 5048/4728/1952
f 5048/4728/1952 5105/4945/1952 4766/4738/1952
f 5054/4739/1956 5271/4947/1956 5067/4740/1956
f 5067/4740/1956 5267/4948/2115 4718/4742/2115
f 4718/4742/2115 5076/4949/2328 4719/4743/2269
f 4719/4743/2269 5259/4950/2269 5054/4739/1956
f 5052/4744/2270 5260/4951/2270 5055/4745/1952
f 5055/4745/1952 5262/4952/2271 5053/4747/2271
f 5053/4747/2271 5077/4953/2329 4721/4748/2272
f 4721/4748/2272 5075/4954/2330 5052/4744/2270
f 4554/4749/1960 5057/4754/1960 5272/4750/1960
f 5068/4751/1960 5269/4955/2122 4723/4752/2122
f 4723/4752/2122 5077/4956/2329 5053/4753/2271
f 5053/4753/2271 5262/4957/2271 5057/4754/1960
f 5070/4755/1949 5268/4958/2122 5062/4756/2122
f 5062/4756/2122 5078/4959/2331 4722/4758/2273
f 4722/4758/2273 5076/4949/2328 4718/4742/2115
f 4718/4742/2115 5267/4948/2115 5070/4755/1949
f 4719/4743/2269 5076/4949/2328 4722/4759/2273
f 4722/4759/2273 5078/4960/2331 4720/4761/2274
f 4720/4761/2274 5261/4961/2274 5056/4762/1955
f 5056/4762/1955 5259/4950/2269 4719/4743/2269
f 5064/4763/1956 5260/4951/2270 5052/4744/2270
f 5052/4744/2270 5075/4954/2330 5060/4765/2115
f 5060/4765/2115 5266/4962/2115 5066/4766/1956
f 5066/4766/1956 5270/4963/1956 5064/4763/1956
f 5065/4767/1956 5270/4963/1956 5066/4766/1956
f 5066/4766/1956 5266/4962/2115 5061/4769/2115
f 5061/4769/2115 5267/4948/2115 5067/4740/1956
f 5067/4740/1956 5271/4947/1956 5065/4767/1956
f 4721/4770/2272 5077/4956/2329 4723/4752/2122
f 4723/4752/2122 5269/4955/2122 5069/4772/1949
f 5069/4772/1949 5266/4962/2115 5060/4765/2115
f 5060/4765/2115 5075/4954/2330 4721/4770/2272
f 5069/4772/1949 5269/4955/2122 5063/4773/2122
f 5063/4773/2122 5268/4958/2122 5070/4755/1949
f 5070/4755/1949 5267/4948/2115 5061/4769/2115
f 5061/4769/2115 5266/4962/2115 5069/4772/1949
f 5058/4775/1960 5264/4964/1960 5059/4776/1960
f 5059/4776/1960 5265/4784/1960 5072/4778/1960
f 5072/4778/1960 5272/4750/1960 5071/4779/1960
f 5071/4779/1960 5263/4965/1960 5058/4775/1960
f 5073/4780/1960 5261/4966/2274 4720/4781/2274
f 4720/4781/2274 5078/4959/2331 5062/4756/2122
f 5062/4756/2122 5268/4958/2122 5074/4783/1960
f 4716/4782/1960 5074/4783/1960 5265/4784/1960
f 5072/4778/1960 5265/4784/1960 5074/4783/1960
f 5074/4783/1960 5268/4958/2122 5063/4773/2122
f 5063/4773/2122 5269/4955/2122 5068/4751/1960
f 5068/4751/1960 5272/4750/1960 5072/4778/1960
