# Blender 3.1.0
# www.blender.org
mtllib wineglass for subdivision.mtl
o wineglass
v 8.274632 0.149201 -0.000000
v 8.269358 0.000054 -0.000000
v 8.185837 1.652532 -0.000000
v 8.185837 1.303114 -0.000000
v 8.141678 0.535608 -0.000000
v 8.117600 0.919361 -0.000000
v 8.980527 0.014568 -0.000000
v 8.966013 0.000054 -0.000000
v 8.966013 0.083263 -0.000000
v 8.980527 0.068749 -0.000000
v 8.544683 2.007809 0.000000
v 8.639767 1.825180 0.000000
v 8.910249 2.586029 0.000000
v 8.990726 2.521759 0.000000
v 9.005176 3.296720 0.000000
v 9.071634 3.296868 0.000000
v 8.983057 3.958331 0.000000
v 9.019023 3.958411 0.000000
v 8.923912 4.611114 0.000000
v 8.925921 4.613318 0.000000
v 8.959878 4.611194 0.000000
v 8.957470 4.613389 0.000000
v 8.262832 0.149201 0.089637
v 8.257736 0.000054 0.088272
v 8.177061 1.652532 0.066655
v 8.177061 1.303114 0.066655
v 8.134407 0.535608 0.055226
v 8.111150 0.919361 0.048994
v 8.944674 0.014568 0.272336
v 8.930654 0.000054 0.268579
v 8.930654 0.083263 0.268579
v 8.944674 0.068749 0.272336
v 8.523681 2.007809 0.159531
v 8.615523 1.825180 0.184140
v 8.876790 2.586029 0.254147
v 8.954524 2.521759 0.274976
v 8.968481 3.296720 0.278715
v 9.032676 3.296868 0.295916
v 8.947117 3.958331 0.272991
v 8.981857 3.958411 0.282300
v 8.889987 4.611114 0.257683
v 8.891929 4.613318 0.258203
v 8.924727 4.611194 0.266992
v 8.922401 4.613389 0.266369
v 8.228233 0.149201 0.173165
v 8.223665 0.000054 0.170528
v 8.151333 1.652532 0.128767
v 8.151333 1.303114 0.128767
v 8.113091 0.535608 0.106688
v 8.092239 0.919361 0.094649
v 8.839556 0.014568 0.526112
v 8.826986 0.000054 0.518855
v 8.826986 0.083263 0.518855
v 8.839556 0.068749 0.526112
v 8.462104 2.007809 0.308190
v 8.544448 1.825180 0.355732
v 8.778693 2.586029 0.490974
v 8.848388 2.521759 0.531212
v 8.860901 3.296720 0.538437
v 8.918456 3.296868 0.571666
v 8.841746 3.958331 0.527377
v 8.872893 3.958411 0.545361
v 8.790525 4.611114 0.497805
v 8.792266 4.613318 0.498810
v 8.821672 4.611194 0.515788
v 8.819588 4.613389 0.514584
v 8.173195 0.149201 0.244893
v 8.169465 0.000054 0.241163
v 8.110406 1.652532 0.182104
v 8.110406 1.303114 0.182104
v 8.079182 0.535608 0.150879
v 8.062157 0.919361 0.133854
v 8.672338 0.014568 0.744035
v 8.662074 0.000054 0.733772
v 8.662074 0.083263 0.733772
v 8.672338 0.068749 0.744035
v 8.364149 2.007809 0.435847
v 8.431383 1.825180 0.503081
v 8.622643 2.586029 0.694341
v 8.679549 2.521759 0.751247
v 8.689766 3.296720 0.761464
v 8.736759 3.296868 0.808458
v 8.674126 3.958331 0.745824
v 8.699558 3.958411 0.771256
v 8.632304 4.611114 0.704003
v 8.633725 4.613318 0.705424
v 8.657736 4.611194 0.729434
v 8.656034 4.613389 0.727732
v 8.101467 0.149201 0.299931
v 8.098830 0.000054 0.295363
v 8.057069 1.652532 0.223031
v 8.057069 1.303114 0.223031
v 8.034989 0.535608 0.184788
v 8.022951 0.919361 0.163937
v 8.454414 0.014568 0.911253
v 8.447158 0.000054 0.898684
v 8.447158 0.083263 0.898684
v 8.454414 0.068749 0.911253
v 8.236493 2.007809 0.533802
v 8.284034 1.825180 0.616146
v 8.419275 2.586029 0.850391
v 8.459514 2.521759 0.920086
v 8.466739 3.296720 0.932599
v 8.499968 3.296868 0.990154
v 8.455679 3.958331 0.913444
v 8.473662 3.958411 0.944592
v 8.426106 4.611114 0.862223
v 8.427112 4.613318 0.863964
v 8.444090 4.611194 0.893371
v 8.442885 4.613389 0.891285
v 8.017940 0.149201 0.334529
v 8.016574 0.000054 0.329434
v 7.994957 1.652532 0.248759
v 7.994957 1.303114 0.248759
v 7.983528 0.535608 0.206104
v 7.977296 0.919361 0.182848
v 8.200638 0.014568 1.016371
v 8.196881 0.000054 1.002351
v 8.196881 0.083263 1.002351
v 8.200638 0.068749 1.016371
v 8.087833 2.007809 0.595378
v 8.112443 1.825180 0.687221
v 8.182448 2.586029 0.948488
v 8.203278 2.521759 1.026222
v 8.207017 3.296720 1.040179
v 8.224218 3.296868 1.104373
v 8.201292 3.958331 1.018814
v 8.210601 3.958411 1.053555
v 8.185985 4.611114 0.961685
v 8.186504 4.613318 0.963626
v 8.195293 4.611194 0.996426
v 8.194670 4.613389 0.994099
v 7.928302 0.149201 0.346330
v 7.928302 0.000054 0.341055
v 7.928302 1.652532 0.257534
v 7.928302 1.303114 0.257534
v 7.928302 0.535608 0.213375
v 7.928302 0.919361 0.189298
v 7.928302 0.014568 1.052224
v 7.928302 0.000054 1.037711
v 7.928302 0.083263 1.037711
v 7.928302 0.068749 1.052224
v 7.928302 2.007809 0.616381
v 7.928302 1.825180 0.711464
v 7.928302 2.586029 0.981947
v 7.928302 2.521759 1.062423
v 7.928302 3.296720 1.076873
v 7.928302 3.296868 1.143331
v 7.928302 3.958331 1.054754
v 7.928302 3.958411 1.090720
v 7.928302 4.611114 0.995610
v 7.928302 4.613318 0.997619
v 7.928302 4.611194 1.031576
v 7.928302 4.613389 1.029167
v 7.838665 0.149201 0.334529
v 7.840031 0.000054 0.329434
v 7.861648 1.652532 0.248759
v 7.861648 1.303114 0.248759
v 7.873077 0.535608 0.206104
v 7.879308 0.919361 0.182848
v 7.655967 0.014568 1.016371
v 7.659723 0.000054 1.002351
v 7.659723 0.083263 1.002351
v 7.655967 0.068749 1.016371
v 7.768771 2.007809 0.595378
v 7.744162 1.825180 0.687221
v 7.674156 2.586029 0.948488
v 7.653327 2.521759 1.026222
v 7.649587 3.296720 1.040179
v 7.632386 3.296868 1.104373
v 7.655312 3.958331 1.018814
v 7.646003 3.958411 1.053555
v 7.670619 4.611114 0.961685
v 7.670099 4.613318 0.963626
v 7.661310 4.611194 0.996425
v 7.661934 4.613389 0.994099
v 7.755137 0.149201 0.299931
v 7.757775 0.000054 0.295363
v 7.799535 1.652532 0.223031
v 7.799535 1.303114 0.223031
v 7.821615 0.535608 0.184788
v 7.833653 0.919361 0.163937
v 7.402190 0.014568 0.911253
v 7.409447 0.000054 0.898684
v 7.409447 0.083263 0.898684
v 7.402190 0.068749 0.911253
v 7.620112 2.007809 0.533802
v 7.572570 1.825180 0.616146
v 7.437329 2.586029 0.850391
v 7.397090 2.521759 0.920086
v 7.389866 3.296720 0.932599
v 7.356637 3.296868 0.990154
v 7.400925 3.958331 0.913444
v 7.382942 3.958411 0.944591
v 7.430497 4.611114 0.862223
v 7.429492 4.613318 0.863963
v 7.412514 4.611194 0.893370
v 7.413718 4.613389 0.891285
v 7.683410 0.149201 0.244893
v 7.687140 0.000054 0.241162
v 7.746198 1.652532 0.182104
v 7.746198 1.303114 0.182104
v 7.777423 0.535608 0.150879
v 7.794448 0.919361 0.133854
v 7.184268 0.014568 0.744035
v 7.194530 0.000054 0.733772
v 7.194530 0.083263 0.733772
v 7.184268 0.068749 0.744035
v 7.492455 2.007809 0.435847
v 7.425221 1.825180 0.503081
v 7.233961 2.586029 0.694341
v 7.177055 2.521759 0.751247
v 7.166838 3.296720 0.761464
v 7.119845 3.296868 0.808457
v 7.182478 3.958331 0.745824
v 7.157046 3.958411 0.771255
v 7.224300 4.611114 0.704002
v 7.222878 4.613318 0.705423
v 7.198868 4.611194 0.729434
v 7.200571 4.613389 0.727731
v 7.628371 0.149201 0.173165
v 7.632940 0.000054 0.170528
v 7.705271 1.652532 0.128767
v 7.705271 1.303114 0.128767
v 7.743514 0.535608 0.106687
v 7.764365 0.919361 0.094649
v 7.017049 0.014568 0.526112
v 7.029619 0.000054 0.518855
v 7.029619 0.083263 0.518855
v 7.017049 0.068749 0.526112
v 7.394501 2.007809 0.308190
v 7.312157 1.825180 0.355732
v 7.077911 2.586029 0.490973
v 7.008216 2.521759 0.531212
v 6.995703 3.296720 0.538436
v 6.938148 3.296868 0.571665
v 7.014858 3.958331 0.527377
v 6.983710 3.958411 0.545360
v 7.066079 4.611114 0.497804
v 7.064339 4.613318 0.498809
v 7.034931 4.611194 0.515787
v 7.037017 4.613389 0.514583
v 7.593773 0.149201 0.089637
v 7.598868 0.000054 0.088272
v 7.679543 1.652532 0.066655
v 7.679543 1.303114 0.066655
v 7.722198 0.535608 0.055226
v 7.745454 0.919361 0.048994
v 6.911932 0.014568 0.272336
v 6.925951 0.000054 0.268579
v 6.925951 0.083263 0.268579
v 6.911932 0.068749 0.272336
v 7.332924 2.007809 0.159531
v 7.241081 1.825180 0.184140
v 6.979815 2.586029 0.254146
v 6.902080 2.521759 0.274975
v 6.888123 3.296720 0.278715
v 6.823929 3.296868 0.295916
v 6.909488 3.958331 0.272990
v 6.874747 3.958411 0.282299
v 6.966617 4.611114 0.257682
v 6.964676 4.613318 0.258202
v 6.931877 4.611194 0.266991
v 6.934203 4.613389 0.266368
v 7.581972 0.149201 -0.000000
v 7.587247 0.000054 -0.000000
v 7.670768 1.652532 -0.000000
v 7.670768 1.303114 -0.000000
v 7.714927 0.535608 -0.000000
v 7.739004 0.919361 -0.000000
v 6.876078 0.014568 -0.000000
v 6.890592 0.000054 -0.000000
v 6.890592 0.083263 -0.000000
v 6.876078 0.068749 -0.000000
v 7.311921 2.007809 -0.000000
v 7.216838 1.825180 -0.000000
v 6.946356 2.586029 -0.000000
v 6.865879 2.521759 -0.000000
v 6.851430 3.296720 -0.000000
v 6.784971 3.296868 -0.000000
v 6.873549 3.958331 -0.000000
v 6.837582 3.958411 -0.000001
v 6.932693 4.611114 -0.000001
v 6.930683 4.613318 -0.000000
v 6.896727 4.611194 -0.000000
v 6.899135 4.613389 -0.000000
v 7.593773 0.149201 -0.089637
v 7.598868 0.000054 -0.088272
v 7.679543 1.652532 -0.066655
v 7.679543 1.303114 -0.066655
v 7.722198 0.535608 -0.055226
v 7.745454 0.919361 -0.048994
v 6.911932 0.014568 -0.272336
v 6.925951 0.000054 -0.268579
v 6.925951 0.083263 -0.268579
v 6.911932 0.068749 -0.272336
v 7.332924 2.007809 -0.159531
v 7.241081 1.825180 -0.184140
v 6.979815 2.586029 -0.254147
v 6.902080 2.521759 -0.274976
v 6.888124 3.296720 -0.278716
v 6.823929 3.296868 -0.295916
v 6.909488 3.958331 -0.272991
v 6.874748 3.958411 -0.282300
v 6.966618 4.611114 -0.257683
v 6.964676 4.613318 -0.258203
v 6.931877 4.611194 -0.266992
v 6.934203 4.613389 -0.266369
v 7.628371 0.149201 -0.173165
v 7.632940 0.000054 -0.170528
v 7.705271 1.652532 -0.128767
v 7.705271 1.303114 -0.128767
v 7.743514 0.535608 -0.106688
v 7.764365 0.919361 -0.094649
v 7.017049 0.014568 -0.526112
v 7.029619 0.000054 -0.518855
v 7.029619 0.083263 -0.518855
v 7.017049 0.068749 -0.526112
v 7.394501 2.007809 -0.308190
v 7.312157 1.825180 -0.355732
v 7.077912 2.586029 -0.490973
v 7.008217 2.521759 -0.531212
v 6.995704 3.296720 -0.538437
v 6.938148 3.296868 -0.571666
v 7.014859 3.958331 -0.527377
v 6.983711 3.958411 -0.545361
v 7.066079 4.611114 -0.497805
v 7.064339 4.613318 -0.498810
v 7.034932 4.611194 -0.515788
v 7.037017 4.613389 -0.514584
v 7.683410 0.149201 -0.244893
v 7.687140 0.000054 -0.241163
v 7.746198 1.652532 -0.182104
v 7.928302 0.000054 -0.000000
v 7.746198 1.303114 -0.182104
v 7.777423 0.535608 -0.150879
v 7.794448 0.919361 -0.133854
v 7.184268 0.014568 -0.744035
v 7.194530 0.000054 -0.733772
v 7.194530 0.083263 -0.733772
v 7.184268 0.068749 -0.744035
v 7.492455 2.007809 -0.435847
v 7.425221 1.825180 -0.503081
v 7.233962 2.586029 -0.694341
v 7.177055 2.521759 -0.751247
v 7.166839 3.296720 -0.761464
v 7.119845 3.296868 -0.808457
v 7.182479 3.958331 -0.745824
v 7.157047 3.958411 -0.771256
v 7.224300 4.611114 -0.704003
v 7.222879 4.613318 -0.705424
v 7.198869 4.611194 -0.729434
v 7.200572 4.613389 -0.727731
v 7.755137 0.149201 -0.299931
v 7.757775 0.000054 -0.295363
v 7.799535 1.652532 -0.223031
v 7.799535 1.303114 -0.223031
v 7.821615 0.535608 -0.184788
v 7.833653 0.919361 -0.163937
v 7.402190 0.014568 -0.911253
v 7.409447 0.000054 -0.898684
v 7.409447 0.083263 -0.898684
v 7.402190 0.068749 -0.911253
v 7.620112 2.007809 -0.533802
v 7.572570 1.825180 -0.616146
v 7.437329 2.586029 -0.850391
v 7.397090 2.521759 -0.920086
v 7.389866 3.296720 -0.932599
v 7.356637 3.296868 -0.990154
v 7.400926 3.958331 -0.913444
v 7.382943 3.958411 -0.944592
v 7.430498 4.611114 -0.862223
v 7.429493 4.613318 -0.863964
v 7.412515 4.611194 -0.893371
v 7.413719 4.613389 -0.891285
v 7.838665 0.149201 -0.334529
v 7.840031 0.000054 -0.329434
v 7.861648 1.652532 -0.248759
v 7.861648 1.303114 -0.248759
v 7.873077 0.535608 -0.206104
v 7.879308 0.919361 -0.182848
v 7.655967 0.014568 -1.016371
v 7.659723 0.000054 -1.002351
v 7.659723 0.083263 -1.002351
v 7.655967 0.068749 -1.016371
v 7.768771 2.007809 -0.595378
v 7.744162 1.825180 -0.687221
v 7.674156 2.586029 -0.948488
v 7.653327 2.521759 -1.026222
v 7.649588 3.296720 -1.040179
v 7.632387 3.296868 -1.104373
v 7.655313 3.958331 -1.018814
v 7.646004 3.958411 -1.053555
v 7.670620 4.611114 -0.961685
v 7.670100 4.613318 -0.963626
v 7.661311 4.611194 -0.996426
v 7.661935 4.613389 -0.994099
v 7.928302 0.149201 -0.346330
v 7.928302 0.000054 -0.341055
v 7.928302 1.652532 -0.257534
v 7.928302 1.303114 -0.257534
v 7.928302 0.535608 -0.213375
v 7.928302 0.919361 -0.189298
v 7.928302 0.014568 -1.052224
v 7.928302 0.000054 -1.037711
v 7.928302 0.083263 -1.037711
v 7.928302 0.068749 -1.052224
v 7.928302 2.007809 -0.616381
v 7.928302 1.825180 -0.711464
v 7.928303 2.586029 -0.981946
v 7.928302 2.521759 -1.062423
v 7.928303 3.296720 -1.076872
v 7.928303 3.296868 -1.143331
v 7.928303 3.958331 -1.054754
v 7.928303 3.958411 -1.090720
v 7.928303 4.611114 -0.995610
v 7.928303 4.613318 -0.997619
v 7.928303 4.611194 -1.031576
v 7.928303 4.613389 -1.029167
v 8.017940 0.149201 -0.334529
v 8.016574 0.000054 -0.329434
v 7.994957 1.652532 -0.248759
v 7.994957 1.303114 -0.248759
v 7.983528 0.535608 -0.206104
v 7.977296 0.919361 -0.182848
v 8.200638 0.014568 -1.016371
v 8.196881 0.000054 -1.002351
v 8.196881 0.083263 -1.002351
v 8.200638 0.068749 -1.016371
v 8.087833 2.007809 -0.595378
v 8.112443 1.825180 -0.687221
v 8.182449 2.586029 -0.948487
v 8.203278 2.521759 -1.026222
v 8.207018 3.296720 -1.040179
v 8.224218 3.296868 -1.104373
v 8.201293 3.958331 -1.018814
v 8.210602 3.958411 -1.053555
v 8.185986 4.611114 -0.961685
v 8.186505 4.613318 -0.963626
v 8.195294 4.611194 -0.996425
v 8.194671 4.613389 -0.994099
v 8.101467 0.149201 -0.299931
v 8.098830 0.000054 -0.295363
v 8.057070 1.652532 -0.223031
v 8.057070 1.303114 -0.223031
v 8.034989 0.535608 -0.184788
v 8.022951 0.919361 -0.163937
v 8.454414 0.014568 -0.911253
v 8.447158 0.000054 -0.898684
v 8.447158 0.083263 -0.898684
v 8.454414 0.068749 -0.911253
v 8.236493 2.007809 -0.533802
v 8.284034 1.825180 -0.616146
v 8.419275 2.586029 -0.850390
v 8.459515 2.521759 -0.920086
v 8.466739 3.296720 -0.932598
v 8.499969 3.296868 -0.990154
v 8.455680 3.958331 -0.913443
v 8.473662 3.958411 -0.944591
v 8.426107 4.611114 -0.862223
v 8.427113 4.613318 -0.863963
v 8.444091 4.611194 -0.893370
v 8.442886 4.613389 -0.891285
v 8.173195 0.149201 -0.244893
v 8.169465 0.000054 -0.241163
v 8.110406 1.652532 -0.182104
v 8.110406 1.303114 -0.182104
v 8.079182 0.535608 -0.150879
v 8.062156 0.919361 -0.133854
v 8.672338 0.014568 -0.744035
v 8.662074 0.000054 -0.733772
v 8.662074 0.083263 -0.733772
v 8.672338 0.068749 -0.744035
v 8.364149 2.007809 -0.435847
v 8.431383 1.825180 -0.503081
v 8.622643 2.586029 -0.694341
v 8.679549 2.521759 -0.751247
v 8.689766 3.296720 -0.761463
v 8.736759 3.296868 -0.808457
v 8.674126 3.958331 -0.745823
v 8.699558 3.958411 -0.771255
v 8.632305 4.611114 -0.704002
v 8.633726 4.613318 -0.705423
v 8.657737 4.611194 -0.729434
v 8.656034 4.613389 -0.727731
v 8.228233 0.149201 -0.173165
v 7.928302 1.652532 -0.000000
v 8.223665 0.000054 -0.170528
v 8.151333 1.652532 -0.128767
v 8.151333 1.303114 -0.128767
v 8.113091 0.535608 -0.106688
v 8.092239 0.919361 -0.094649
v 8.839555 0.014568 -0.526112
v 8.826986 0.000054 -0.518855
v 8.826986 0.083263 -0.518855
v 8.839555 0.068749 -0.526112
v 8.462104 2.007809 -0.308191
v 8.544448 1.825180 -0.355732
v 8.778693 2.586029 -0.490973
v 8.848388 2.521759 -0.531212
v 8.860901 3.296720 -0.538436
v 8.918456 3.296868 -0.571665
v 8.841746 3.958331 -0.527377
v 8.872894 3.958411 -0.545360
v 8.790525 4.611114 -0.497804
v 8.792266 4.613318 -0.498809
v 8.821673 4.611194 -0.515787
v 8.819588 4.613389 -0.514583
v 8.262832 0.149201 -0.089637
v 8.257736 0.000054 -0.088272
v 8.177061 1.652532 -0.066655
v 8.177061 1.303114 -0.066655
v 8.134407 0.535608 -0.055226
v 8.111150 0.919361 -0.048994
v 8.944673 0.014568 -0.272336
v 8.930654 0.000054 -0.268579
v 8.930654 0.083263 -0.268579
v 8.944673 0.068749 -0.272336
v 8.523681 2.007809 -0.159531
v 8.615523 1.825180 -0.184140
v 8.876790 2.586029 -0.254146
v 8.954525 2.521759 -0.274975
v 8.968481 3.296720 -0.278715
v 9.032676 3.296868 -0.295916
v 8.947117 3.958331 -0.272990
v 8.981857 3.958411 -0.282299
v 8.889987 4.611114 -0.257682
v 8.891929 4.613318 -0.258202
v 8.924728 4.611194 -0.266991
v 8.922401 4.613389 -0.266368
vn 0.9283 -0.3719 -0.0000
vn 0.8967 -0.3719 0.2403
vn 0.3953 -0.9124 0.1059
vn 0.4092 -0.9124 -0.0000
vn -0.0000 1.0000 -0.0000
vn -0.3930 0.9135 -0.1053
vn -0.4068 0.9135 -0.0000
vn 0.9964 0.0847 -0.0000
vn 0.9625 0.0847 0.2579
vn 0.9659 -0.0122 0.2588
vn 0.9999 -0.0122 -0.0000
vn 0.9283 0.3719 -0.0000
vn 0.8967 0.3719 0.2403
vn -0.9988 0.0493 -0.0000
vn -0.9648 0.0493 -0.2585
vn -0.9641 -0.0617 -0.2583
vn -0.9981 -0.0617 -0.0000
vn 0.4487 0.8937 -0.0000
vn 0.4334 0.8937 0.1161
vn -0.9121 0.3293 -0.2444
vn -0.9442 0.3293 -0.0000
vn 0.5894 0.8078 -0.0000
vn 0.5694 0.8078 0.1526
vn 0.9013 0.4332 -0.0000
vn 0.8706 0.4332 0.2333
vn 0.8980 -0.4401 -0.0000
vn 0.8674 -0.4401 0.2324
vn 0.9643 -0.0572 0.2584
vn 0.9984 -0.0572 -0.0000
vn 0.3859 0.9225 -0.0000
vn 0.3728 0.9225 0.0999
vn 0.8334 -0.5526 -0.0000
vn 0.8050 -0.5526 0.2157
vn -0.3762 0.9265 -0.0000
vn -0.3634 0.9265 -0.0974
vn -0.7564 0.6220 -0.2027
vn -0.7830 0.6220 -0.0000
vn 0.9802 0.1979 -0.0000
vn 0.9468 0.1979 0.2537
vn 0.9607 -0.2775 -0.0000
vn 0.9280 -0.2775 0.2487
vn -0.9099 0.3357 -0.2438
vn -0.9420 0.3357 -0.0000
vn -0.0000 -1.0000 -0.0000
vn 0.3886 0.8937 0.2243
vn 0.8039 0.3719 0.4641
vn -0.8644 -0.0617 -0.4990
vn -0.8177 0.3293 -0.4721
vn 0.5105 0.8078 0.2947
vn 0.7805 0.4332 0.4506
vn 0.8629 0.0847 0.4982
vn 0.7777 -0.4401 0.4490
vn 0.8646 -0.0572 0.4992
vn 0.3342 0.9225 0.1929
vn 0.7218 -0.5526 0.4167
vn -0.3258 0.9265 -0.1881
vn -0.3523 0.9135 -0.2034
vn -0.6781 0.6220 -0.3915
vn 0.8489 0.1979 0.4901
vn 0.8320 -0.2775 0.4804
vn -0.8158 0.3357 -0.4710
vn 0.8660 -0.0122 0.5000
vn -0.8650 0.0493 -0.4994
vn 0.3544 -0.9124 0.2046
vn 0.8039 -0.3719 0.4641
vn 0.4168 0.8078 0.4168
vn 0.3173 0.8937 0.3173
vn 0.6373 0.4332 0.6373
vn 0.7046 0.0847 0.7046
vn 0.6350 -0.4401 0.6350
vn 0.7059 -0.0572 0.7059
vn 0.2729 0.9225 0.2729
vn 0.5893 -0.5526 0.5893
vn -0.2660 0.9265 -0.2660
vn -0.2877 0.9135 -0.2877
vn -0.5537 0.6220 -0.5537
vn 0.6931 0.1979 0.6931
vn -0.6677 0.3293 -0.6677
vn 0.6793 -0.2775 0.6793
vn -0.6661 0.3357 -0.6661
vn 0.7071 -0.0122 0.7071
vn -0.7062 0.0493 -0.7062
vn 0.2894 -0.9124 0.2894
vn 0.6564 -0.3719 0.6564
vn 0.6564 0.3719 0.6564
vn -0.7058 -0.0617 -0.7058
vn 0.4490 -0.4401 0.7777
vn 0.4992 -0.0572 0.8646
vn 0.1929 0.9225 0.3342
vn 0.4506 0.4333 0.7805
vn 0.4167 -0.5526 0.7218
vn -0.1881 0.9265 -0.3258
vn -0.2034 0.9135 -0.3523
vn -0.3915 0.6220 -0.6781
vn 0.4901 0.1979 0.8489
vn 0.2947 0.8078 0.5105
vn -0.4721 0.3293 -0.8177
vn 0.4804 -0.2775 0.8320
vn -0.4710 0.3357 -0.8158
vn 0.5000 -0.0122 0.8660
vn -0.4994 0.0493 -0.8650
vn 0.2046 -0.9124 0.3544
vn 0.4641 -0.3719 0.8039
vn 0.4982 0.0847 0.8629
vn 0.4641 0.3719 0.8039
vn -0.4990 -0.0617 -0.8644
vn 0.2243 0.8937 0.3886
vn 0.2157 -0.5526 0.8050
vn 0.2324 -0.4401 0.8674
vn -0.0974 0.9265 -0.3634
vn 0.0999 0.9225 0.3727
vn -0.1053 0.9135 -0.3930
vn -0.2027 0.6220 -0.7564
vn 0.2537 0.1979 0.9468
vn 0.1526 0.8078 0.5694
vn -0.2444 0.3293 -0.9121
vn 0.2487 -0.2775 0.9280
vn -0.2438 0.3357 -0.9099
vn 0.2584 -0.0572 0.9643
vn 0.2588 -0.0122 0.9659
vn -0.2585 0.0493 -0.9648
vn 0.1059 -0.9124 0.3953
vn 0.2403 -0.3719 0.8967
vn 0.2579 0.0847 0.9625
vn 0.2403 0.3719 0.8967
vn -0.2583 -0.0617 -0.9641
vn 0.1161 0.8937 0.4334
vn 0.2333 0.4333 0.8706
vn -0.0000 0.9135 -0.4068
vn -0.0000 0.6220 -0.7830
vn -0.0000 0.1979 0.9802
vn -0.0000 0.8078 0.5894
vn -0.0000 0.3293 -0.9442
vn -0.0000 0.9265 -0.3762
vn -0.0000 -0.2775 0.9607
vn -0.0000 -0.5526 0.8334
vn -0.0000 0.3357 -0.9420
vn -0.0000 -0.0572 0.9984
vn -0.0000 -0.0122 0.9999
vn -0.0000 0.0493 -0.9988
vn -0.0000 -0.9124 0.4092
vn -0.0000 -0.3719 0.9283
vn -0.0000 0.0847 0.9964
vn -0.0000 0.3719 0.9283
vn -0.0000 -0.0617 -0.9981
vn -0.0000 0.8937 0.4487
vn -0.0000 0.4333 0.9013
vn -0.0000 -0.4401 0.8980
vn -0.0000 0.9225 0.3859
vn -0.2487 -0.2775 0.9280
vn -0.2157 -0.5526 0.8050
vn 0.2027 0.6220 -0.7564
vn 0.2438 0.3357 -0.9099
vn -0.2584 -0.0572 0.9643
vn -0.2537 0.1979 0.9468
vn -0.2588 -0.0122 0.9659
vn 0.2585 0.0493 -0.9648
vn -0.1059 -0.9124 0.3953
vn -0.2403 -0.3719 0.8967
vn 0.1053 0.9135 -0.3930
vn -0.2579 0.0847 0.9625
vn -0.2403 0.3719 0.8967
vn 0.2583 -0.0617 -0.9641
vn -0.1161 0.8937 0.4334
vn 0.2444 0.3293 -0.9120
vn -0.1526 0.8078 0.5694
vn -0.2333 0.4333 0.8706
vn -0.2324 -0.4401 0.8674
vn -0.0999 0.9225 0.3727
vn 0.0974 0.9266 -0.3634
vn -0.4804 -0.2775 0.8320
vn -0.4167 -0.5526 0.7218
vn 0.3915 0.6220 -0.6781
vn 0.4710 0.3357 -0.8158
vn -0.4992 -0.0572 0.8646
vn -0.4901 0.1979 0.8489
vn -0.5000 -0.0122 0.8660
vn 0.4994 0.0493 -0.8650
vn -0.2046 -0.9124 0.3544
vn -0.4641 -0.3719 0.8039
vn 0.2034 0.9135 -0.3523
vn -0.4982 0.0847 0.8629
vn -0.4641 0.3719 0.8039
vn 0.4990 -0.0617 -0.8644
vn -0.2243 0.8937 0.3886
vn 0.4721 0.3293 -0.8177
vn -0.2947 0.8078 0.5105
vn -0.4506 0.4333 0.7805
vn -0.4490 -0.4401 0.7777
vn -0.1929 0.9225 0.3342
vn 0.1881 0.9265 -0.3258
vn 0.5537 0.6220 -0.5537
vn 0.6661 0.3357 -0.6661
vn -0.7059 -0.0572 0.7059
vn -0.6931 0.1979 0.6931
vn -0.7071 -0.0122 0.7071
vn -0.6793 -0.2775 0.6793
vn 0.7062 0.0493 -0.7062
vn -0.2894 -0.9124 0.2894
vn -0.6564 -0.3719 0.6564
vn 0.2877 0.9135 -0.2877
vn -0.7046 0.0847 0.7046
vn -0.6564 0.3719 0.6564
vn 0.7058 -0.0617 -0.7058
vn -0.3173 0.8937 0.3173
vn 0.6677 0.3293 -0.6677
vn -0.4168 0.8078 0.4168
vn -0.6373 0.4332 0.6373
vn -0.6350 -0.4401 0.6350
vn -0.2729 0.9225 0.2729
vn -0.5893 -0.5526 0.5893
vn 0.2660 0.9265 -0.2660
vn -0.8660 -0.0122 0.5000
vn -0.8320 -0.2775 0.4804
vn 0.8158 0.3357 -0.4710
vn 0.8650 0.0493 -0.4994
vn -0.3544 -0.9124 0.2046
vn -0.8039 -0.3719 0.4641
vn 0.3523 0.9135 -0.2034
vn -0.8629 0.0847 0.4982
vn -0.8039 0.3719 0.4641
vn 0.8644 -0.0617 -0.4990
vn -0.3886 0.8937 0.2243
vn 0.8177 0.3293 -0.4721
vn -0.5105 0.8078 0.2947
vn -0.7806 0.4332 0.4506
vn -0.7777 -0.4401 0.4490
vn -0.8646 -0.0572 0.4992
vn -0.3342 0.9225 0.1929
vn -0.7218 -0.5526 0.4167
vn 0.3258 0.9265 -0.1881
vn 0.6781 0.6220 -0.3915
vn -0.8489 0.1979 0.4901
vn -0.9659 -0.0122 0.2588
vn -0.9280 -0.2775 0.2487
vn 0.9099 0.3357 -0.2438
vn 0.9648 0.0493 -0.2585
vn -0.3953 -0.9124 0.1059
vn -0.8967 -0.3719 0.2403
vn 0.3930 0.9135 -0.1053
vn -0.9625 0.0847 0.2579
vn -0.8967 0.3719 0.2403
vn 0.9641 -0.0617 -0.2583
vn -0.4334 0.8937 0.1161
vn 0.9121 0.3293 -0.2444
vn -0.5694 0.8078 0.1526
vn -0.8706 0.4332 0.2333
vn -0.8674 -0.4401 0.2324
vn -0.9643 -0.0572 0.2584
vn -0.3728 0.9225 0.0999
vn -0.8050 -0.5526 0.2157
vn 0.3634 0.9265 -0.0974
vn 0.7564 0.6220 -0.2027
vn -0.9468 0.1979 0.2537
vn 0.9420 0.3357 -0.0000
vn 0.9988 0.0493 -0.0000
vn -0.4092 -0.9124 -0.0000
vn -0.9283 -0.3719 -0.0000
vn 0.4068 0.9135 -0.0000
vn -0.9964 0.0847 -0.0000
vn -0.9999 -0.0122 -0.0000
vn -0.9283 0.3719 -0.0000
vn 0.9981 -0.0617 -0.0000
vn -0.4487 0.8937 -0.0000
vn 0.9442 0.3293 -0.0000
vn -0.5894 0.8078 -0.0000
vn -0.9013 0.4333 -0.0000
vn -0.8980 -0.4401 -0.0000
vn -0.9984 -0.0572 -0.0000
vn -0.3859 0.9226 -0.0000
vn -0.8334 -0.5526 -0.0000
vn 0.3762 0.9265 -0.0000
vn 0.7830 0.6220 -0.0000
vn -0.9802 0.1979 -0.0000
vn -0.9607 -0.2775 -0.0000
vn -0.8967 -0.3719 -0.2403
vn -0.3953 -0.9124 -0.1059
vn 0.3930 0.9135 0.1053
vn -0.9625 0.0847 -0.2579
vn -0.9659 -0.0122 -0.2588
vn -0.8967 0.3719 -0.2403
vn 0.9648 0.0493 0.2585
vn 0.9641 -0.0617 0.2583
vn -0.4334 0.8937 -0.1161
vn 0.9121 0.3293 0.2444
vn -0.5694 0.8078 -0.1526
vn -0.8706 0.4333 -0.2333
vn -0.8674 -0.4401 -0.2324
vn -0.9643 -0.0572 -0.2584
vn -0.3727 0.9226 -0.0999
vn -0.8050 -0.5526 -0.2157
vn 0.3634 0.9265 0.0974
vn 0.7564 0.6220 0.2027
vn -0.9468 0.1979 -0.2537
vn -0.9280 -0.2775 -0.2487
vn 0.9099 0.3357 0.2438
vn -0.8629 0.0847 -0.4982
vn -0.8660 -0.0122 -0.5000
vn -0.8039 0.3719 -0.4641
vn -0.8039 -0.3719 -0.4641
vn 0.8650 0.0493 0.4994
vn 0.8644 -0.0617 0.4990
vn -0.3886 0.8937 -0.2243
vn 0.8177 0.3293 0.4721
vn -0.5105 0.8078 -0.2947
vn -0.7805 0.4332 -0.4506
vn -0.7777 -0.4401 -0.4490
vn -0.8646 -0.0572 -0.4992
vn -0.3342 0.9225 -0.1929
vn -0.7218 -0.5526 -0.4167
vn 0.3258 0.9265 0.1881
vn 0.3523 0.9135 0.2034
vn 0.6781 0.6220 0.3915
vn -0.8489 0.1979 -0.4901
vn -0.8320 -0.2775 -0.4804
vn 0.8158 0.3357 0.4710
vn -0.3544 -0.9124 -0.2046
vn 0.7062 0.0493 0.7062
vn 0.7058 -0.0617 0.7058
vn -0.3173 0.8937 -0.3173
vn -0.6564 0.3719 -0.6564
vn 0.6677 0.3293 0.6677
vn -0.4168 0.8078 -0.4168
vn -0.6373 0.4333 -0.6373
vn -0.7046 0.0847 -0.7046
vn -0.6350 -0.4401 -0.6350
vn -0.7059 -0.0572 -0.7059
vn -0.2728 0.9226 -0.2729
vn -0.5893 -0.5526 -0.5893
vn 0.2660 0.9265 0.2660
vn 0.2877 0.9135 0.2877
vn 0.5537 0.6220 0.5537
vn -0.6931 0.1979 -0.6931
vn -0.6793 -0.2775 -0.6793
vn 0.6661 0.3357 0.6661
vn -0.7071 -0.0122 -0.7071
vn -0.2894 -0.9124 -0.2894
vn -0.6564 -0.3719 -0.6564
vn 0.4990 -0.0617 0.8644
vn 0.4721 0.3293 0.8177
vn -0.2947 0.8078 -0.5105
vn -0.2243 0.8937 -0.3886
vn -0.4506 0.4333 -0.7805
vn -0.4982 0.0847 -0.8629
vn -0.4490 -0.4401 -0.7777
vn -0.4992 -0.0572 -0.8646
vn -0.1929 0.9226 -0.3342
vn -0.4167 -0.5526 -0.7218
vn 0.1881 0.9265 0.3258
vn 0.2034 0.9135 0.3523
vn 0.3915 0.6220 0.6781
vn -0.4901 0.1979 -0.8489
vn -0.4804 -0.2775 -0.8320
vn 0.4710 0.3357 0.8158
vn -0.5000 -0.0122 -0.8660
vn 0.4994 0.0493 0.8650
vn -0.2046 -0.9124 -0.3544
vn -0.4641 -0.3719 -0.8039
vn -0.4641 0.3719 -0.8039
vn -0.2333 0.4333 -0.8706
vn -0.2579 0.0847 -0.9625
vn -0.2324 -0.4401 -0.8674
vn -0.2584 -0.0572 -0.9643
vn -0.0999 0.9226 -0.3727
vn -0.2157 -0.5526 -0.8050
vn 0.0974 0.9265 0.3634
vn 0.1053 0.9135 0.3930
vn 0.2027 0.6220 0.7564
vn -0.2537 0.1979 -0.9468
vn -0.1526 0.8078 -0.5694
vn 0.2444 0.3293 0.9120
vn -0.2487 -0.2775 -0.9280
vn 0.2438 0.3357 0.9099
vn -0.2588 -0.0122 -0.9659
vn 0.2585 0.0493 0.9648
vn -0.1059 -0.9124 -0.3953
vn -0.2403 -0.3719 -0.8967
vn -0.2403 0.3719 -0.8967
vn 0.2583 -0.0617 0.9641
vn -0.1161 0.8937 -0.4334
vn -0.0000 0.9225 -0.3859
vn -0.0000 0.4333 -0.9013
vn -0.0000 -0.5526 -0.8334
vn -0.0000 -0.4401 -0.8980
vn -0.0000 0.9265 0.3762
vn -0.0000 0.9135 0.4068
vn -0.0000 0.6220 0.7830
vn -0.0000 0.1979 -0.9802
vn -0.0000 0.8078 -0.5894
vn -0.0000 0.3293 0.9442
vn -0.0000 -0.2775 -0.9607
vn -0.0000 0.3357 0.9420
vn -0.0000 -0.0572 -0.9984
vn -0.0000 -0.0122 -0.9999
vn -0.0000 0.0493 0.9988
vn -0.0000 -0.9124 -0.4092
vn -0.0000 -0.3719 -0.9283
vn -0.0000 0.0847 -0.9964
vn -0.0000 0.3719 -0.9283
vn -0.0000 -0.0617 0.9981
vn -0.0000 0.8937 -0.4487
vn -0.0974 0.9265 0.3634
vn 0.0999 0.9226 -0.3727
vn -0.1053 0.9135 0.3930
vn -0.2027 0.6220 0.7564
vn 0.2537 0.1979 -0.9468
vn 0.1526 0.8078 -0.5694
vn -0.2444 0.3293 0.9120
vn 0.2487 -0.2775 -0.9280
vn 0.2157 -0.5526 -0.8050
vn -0.2438 0.3357 0.9099
vn 0.2584 -0.0572 -0.9643
vn 0.2588 -0.0122 -0.9659
vn -0.2585 0.0493 0.9648
vn 0.1059 -0.9124 -0.3953
vn 0.2403 -0.3719 -0.8967
vn 0.2579 0.0847 -0.9625
vn 0.2403 0.3719 -0.8967
vn -0.2583 -0.0617 0.9641
vn 0.1161 0.8937 -0.4334
vn 0.2333 0.4333 -0.8706
vn 0.2324 -0.4401 -0.8674
vn -0.4721 0.3293 0.8177
vn -0.1881 0.9265 0.3258
vn 0.4804 -0.2775 -0.8320
vn 0.4167 -0.5526 -0.7218
vn -0.3915 0.6220 0.6781
vn -0.4710 0.3357 0.8158
vn 0.4992 -0.0572 -0.8646
vn 0.4901 0.1979 -0.8489
vn 0.5000 -0.0122 -0.8660
vn -0.4994 0.0493 0.8650
vn 0.2046 -0.9124 -0.3544
vn 0.4641 -0.3719 -0.8039
vn -0.2034 0.9135 0.3523
vn 0.4982 0.0847 -0.8629
vn 0.4641 0.3719 -0.8039
vn -0.4990 -0.0617 0.8644
vn 0.2243 0.8937 -0.3886
vn 0.2947 0.8078 -0.5105
vn 0.4506 0.4333 -0.7805
vn 0.4490 -0.4401 -0.7777
vn 0.1929 0.9226 -0.3342
vn 0.6793 -0.2775 -0.6793
vn 0.5893 -0.5526 -0.5893
vn -0.5537 0.6220 0.5537
vn -0.6661 0.3357 0.6661
vn 0.7059 -0.0572 -0.7059
vn 0.6931 0.1979 -0.6931
vn 0.7071 -0.0122 -0.7071
vn -0.7062 0.0493 0.7062
vn 0.2894 -0.9124 -0.2894
vn 0.6564 -0.3719 -0.6564
vn -0.2877 0.9135 0.2877
vn 0.7046 0.0847 -0.7046
vn 0.6564 0.3719 -0.6564
vn -0.7058 -0.0617 0.7058
vn 0.3173 0.8937 -0.3173
vn -0.6677 0.3293 0.6677
vn 0.4168 0.8078 -0.4168
vn 0.6373 0.4333 -0.6373
vn 0.6350 -0.4401 -0.6350
vn 0.2728 0.9226 -0.2728
vn -0.2660 0.9265 0.2660
vn -0.6781 0.6220 0.3915
vn -0.8158 0.3357 0.4710
vn 0.8646 -0.0572 -0.4992
vn 0.8489 0.1979 -0.4901
vn 0.8660 -0.0122 -0.5000
vn 0.8320 -0.2775 -0.4804
vn -0.8650 0.0493 0.4994
vn 0.3544 -0.9124 -0.2046
vn 0.8039 -0.3719 -0.4641
vn -0.3523 0.9135 0.2034
vn 0.8629 0.0847 -0.4982
vn 0.8039 0.3719 -0.4641
vn -0.8644 -0.0617 0.4990
vn 0.3886 0.8937 -0.2243
vn -0.8177 0.3293 0.4721
vn 0.5105 0.8078 -0.2947
vn 0.7805 0.4333 -0.4506
vn 0.7777 -0.4401 -0.4490
vn 0.3341 0.9226 -0.1929
vn 0.7218 -0.5526 -0.4167
vn -0.3258 0.9265 0.1881
vn 0.9659 -0.0122 -0.2588
vn 0.9280 -0.2775 -0.2487
vn -0.9099 0.3357 0.2438
vn -0.9648 0.0493 0.2585
vn 0.3953 -0.9124 -0.1059
vn 0.8967 -0.3719 -0.2403
vn -0.3930 0.9135 0.1053
vn 0.9625 0.0847 -0.2579
vn 0.8967 0.3719 -0.2403
vn -0.9641 -0.0617 0.2583
vn 0.4334 0.8937 -0.1161
vn -0.9121 0.3293 0.2444
vn 0.5694 0.8078 -0.1526
vn 0.8706 0.4333 -0.2333
vn 0.8674 -0.4401 -0.2324
vn 0.9643 -0.0572 -0.2584
vn 0.3727 0.9226 -0.0999
vn 0.8050 -0.5526 -0.2157
vn -0.3634 0.9265 0.0974
vn -0.7564 0.6220 0.2027
vn 0.9468 0.1979 -0.2537
vt 0.662064 1.000000
vt 0.662064 0.000000
vt 0.662064 1.000000
vt 0.662064 1.000000
vt 0.662064 1.000000
vt 0.662064 1.000000
vt 1.000000 0.174428
vt 0.993103 0.000000
vt 0.993103 1.000000
vt 1.000000 0.825572
vt 0.662064 1.000000
vt 0.662064 1.000000
vt 0.662064 1.000000
vt 0.662064 1.000000
vt 0.662064 1.000000
vt 0.662064 1.000000
vt 0.662064 1.000000
vt 0.662064 1.000000
vt 0.662064 1.000000
vt 0.662064 1.000000
vt 0.662064 1.000000
vt 0.662064 1.000000
vt 0.662064 1.000000
vt 0.662064 0.000000
vt 0.662064 1.000000
vt 0.662064 1.000000
vt 0.662064 1.000000
vt 0.662064 1.000000
vt 1.000000 0.174428
vt 0.993103 0.000000
vt 0.993103 1.000000
vt 1.000000 0.825572
vt 0.662064 1.000000
vt 0.662064 1.000000
vt 0.662064 1.000000
vt 0.662064 1.000000
vt 0.662064 1.000000
vt 0.662064 1.000000
vt 0.662064 1.000000
vt 0.662064 1.000000
vt 0.662064 1.000000
vt 0.662064 1.000000
vt 0.662064 1.000000
vt 0.662064 1.000000
vt 0.662064 1.000000
vt 0.662064 0.000000
vt 0.662064 1.000000
vt 0.662064 1.000000
vt 0.662064 1.000000
vt 0.662064 1.000000
vt 1.000000 0.174428
vt 0.993103 0.000000
vt 0.993103 1.000000
vt 1.000000 0.825572
vt 0.662064 1.000000
vt 0.662064 1.000000
vt 0.662064 1.000000
vt 0.662064 1.000000
vt 0.662064 1.000000
vt 0.662064 1.000000
vt 0.662064 1.000000
vt 0.662064 1.000000
vt 0.662064 1.000000
vt 0.662064 1.000000
vt 0.662064 1.000000
vt 0.662064 1.000000
vt 0.662064 1.000000
vt 0.662064 0.000000
vt 0.662064 1.000000
vt 0.662064 1.000000
vt 0.662064 1.000000
vt 0.662064 1.000000
vt 1.000000 0.174428
vt 0.993103 0.000000
vt 0.993103 1.000000
vt 1.000000 0.825572
vt 0.662064 1.000000
vt 0.662064 1.000000
vt 0.662064 1.000000
vt 0.662064 1.000000
vt 0.662064 1.000000
vt 0.662064 1.000000
vt 0.662064 1.000000
vt 0.662064 1.000000
vt 0.662064 1.000000
vt 0.662064 1.000000
vt 0.662064 1.000000
vt 0.662064 1.000000
vt 0.662064 1.000000
vt 0.662064 0.000000
vt 0.662064 1.000000
vt 0.662064 1.000000
vt 0.662064 1.000000
vt 0.662064 1.000000
vt 1.000000 0.174428
vt 0.993103 0.000000
vt 0.993103 1.000000
vt 1.000000 0.825572
vt 0.662064 1.000000
vt 0.662064 1.000000
vt 0.662064 1.000000
vt 0.662064 1.000000
vt 0.662064 1.000000
vt 0.662064 1.000000
vt 0.662064 1.000000
vt 0.662064 1.000000
vt 0.662064 1.000000
vt 0.662064 1.000000
vt 0.662064 1.000000
vt 0.662064 1.000000
vt 0.662064 1.000000
vt 0.662064 0.000000
vt 0.662064 1.000000
vt 0.662064 1.000000
vt 0.662064 1.000000
vt 0.662064 1.000000
vt 1.000000 0.174428
vt 0.993103 0.000000
vt 0.993103 1.000000
vt 1.000000 0.825572
vt 0.662064 1.000000
vt 0.662064 1.000000
vt 0.662064 1.000000
vt 0.662064 1.000000
vt 0.662064 1.000000
vt 0.662064 1.000000
vt 0.662064 1.000000
vt 0.662064 1.000000
vt 0.662064 1.000000
vt 0.662064 1.000000
vt 0.662064 1.000000
vt 0.662064 1.000000
vt 0.662064 1.000000
vt 0.662064 0.000000
vt 0.662064 1.000000
vt 0.662064 1.000000
vt 0.662064 1.000000
vt 0.662064 1.000000
vt 1.000000 0.174428
vt 0.993103 0.000000
vt 0.993103 1.000000
vt 1.000000 0.825572
vt 0.662064 1.000000
vt 0.662064 1.000000
vt 0.662064 1.000000
vt 0.662064 1.000000
vt 0.662064 1.000000
vt 0.662064 1.000000
vt 0.662064 1.000000
vt 0.662064 1.000000
vt 0.662064 1.000000
vt 0.662064 1.000000
vt 0.662064 1.000000
vt 0.662064 1.000000
vt 0.662064 1.000000
vt 0.662064 0.000000
vt 0.662064 1.000000
vt 0.662064 1.000000
vt 0.662064 1.000000
vt 0.662064 1.000000
vt 1.000000 0.174428
vt 0.993103 0.000000
vt 0.993103 1.000000
vt 1.000000 0.825572
vt 0.662064 1.000000
vt 0.662064 1.000000
vt 0.662064 1.000000
vt 0.662064 1.000000
vt 0.662064 1.000000
vt 0.662064 1.000000
vt 0.662064 1.000000
vt 0.662064 1.000000
vt 0.662064 1.000000
vt 0.662064 1.000000
vt 0.662064 1.000000
vt 0.662064 1.000000
vt 0.662064 1.000000
vt 0.662064 0.000000
vt 0.662064 1.000000
vt 0.662064 1.000000
vt 0.662064 1.000000
vt 0.662064 1.000000
vt 1.000000 0.174428
vt 0.993103 0.000000
vt 0.993103 1.000000
vt 1.000000 0.825572
vt 0.662064 1.000000
vt 0.662064 1.000000
vt 0.662064 1.000000
vt 0.662064 1.000000
vt 0.662064 1.000000
vt 0.662064 1.000000
vt 0.662064 1.000000
vt 0.662064 1.000000
vt 0.662064 1.000000
vt 0.662064 1.000000
vt 0.662064 1.000000
vt 0.662064 1.000000
vt 0.662064 1.000000
vt 0.662064 0.000000
vt 0.662064 1.000000
vt 0.662064 1.000000
vt 0.662064 1.000000
vt 0.662064 1.000000
vt 1.000000 0.174428
vt 0.993103 0.000000
vt 0.993103 1.000000
vt 1.000000 0.825572
vt 0.662064 1.000000
vt 0.662064 1.000000
vt 0.662064 1.000000
vt 0.662064 1.000000
vt 0.662064 1.000000
vt 0.662064 1.000000
vt 0.662064 1.000000
vt 0.662064 1.000000
vt 0.662064 1.000000
vt 0.662064 1.000000
vt 0.662064 1.000000
vt 0.662064 1.000000
vt 0.662064 1.000000
vt 0.662064 0.000000
vt 0.662064 1.000000
vt 0.662064 1.000000
vt 0.662064 1.000000
vt 0.662064 1.000000
vt 1.000000 0.174428
vt 0.993103 0.000000
vt 0.993103 1.000000
vt 1.000000 0.825572
vt 0.662064 1.000000
vt 0.662064 1.000000
vt 0.662064 1.000000
vt 0.662064 1.000000
vt 0.662064 1.000000
vt 0.662064 1.000000
vt 0.662064 1.000000
vt 0.662064 1.000000
vt 0.662064 1.000000
vt 0.662064 1.000000
vt 0.662064 1.000000
vt 0.662064 1.000000
vt 0.662064 1.000000
vt 0.662064 0.000000
vt 0.662064 1.000000
vt 0.662064 1.000000
vt 0.662064 1.000000
vt 0.662064 1.000000
vt 1.000000 0.174428
vt 0.993103 0.000000
vt 0.993103 1.000000
vt 1.000000 0.825572
vt 0.662064 1.000000
vt 0.662064 1.000000
vt 0.662064 1.000000
vt 0.662064 1.000000
vt 0.662064 1.000000
vt 0.662064 1.000000
vt 0.662064 1.000000
vt 0.662064 1.000000
vt 0.662064 1.000000
vt 0.662064 1.000000
vt 0.662064 1.000000
vt 0.662064 1.000000
vt 0.662064 1.000000
vt 0.662064 0.000000
vt 0.662064 1.000000
vt 0.662064 1.000000
vt 0.662064 1.000000
vt 0.662064 1.000000
vt 1.000000 0.174428
vt 0.993103 0.000000
vt 0.993103 1.000000
vt 1.000000 0.825572
vt 0.662064 1.000000
vt 0.662064 1.000000
vt 0.662064 1.000000
vt 0.662064 1.000000
vt 0.662064 1.000000
vt 0.662064 1.000000
vt 0.662064 1.000000
vt 0.662064 1.000000
vt 0.662064 1.000000
vt 0.662064 1.000000
vt 0.662064 1.000000
vt 0.662064 1.000000
vt 0.662064 1.000000
vt 0.662064 0.000000
vt 0.662064 1.000000
vt 0.662064 1.000000
vt 0.662064 1.000000
vt 0.662064 1.000000
vt 1.000000 0.174428
vt 0.993103 0.000000
vt 0.993103 1.000000
vt 1.000000 0.825572
vt 0.662064 1.000000
vt 0.662064 1.000000
vt 0.662064 1.000000
vt 0.662064 1.000000
vt 0.662064 1.000000
vt 0.662064 1.000000
vt 0.662064 1.000000
vt 0.662064 1.000000
vt 0.662064 1.000000
vt 0.662064 1.000000
vt 0.662064 1.000000
vt 0.662064 1.000000
vt 0.662064 1.000000
vt 0.662064 0.000000
vt 0.662064 1.000000
vt 0.662064 1.000000
vt 0.662064 1.000000
vt 0.662064 1.000000
vt 1.000000 0.174428
vt 0.993103 0.000000
vt 0.993103 1.000000
vt 1.000000 0.825572
vt 0.662064 1.000000
vt 0.662064 1.000000
vt 0.662064 1.000000
vt 0.662064 1.000000
vt 0.662064 1.000000
vt 0.662064 1.000000
vt 0.662064 1.000000
vt 0.662064 1.000000
vt 0.662064 1.000000
vt 0.662064 1.000000
vt 0.662064 1.000000
vt 0.662064 1.000000
vt 0.662064 1.000000
vt 0.662064 0.000000
vt 0.662064 1.000000
vt 0.500000 0.000000
vt 0.662064 1.000000
vt 0.662064 1.000000
vt 0.662064 1.000000
vt 1.000000 0.174428
vt 0.993103 0.000000
vt 0.993103 1.000000
vt 1.000000 0.825572
vt 0.662064 1.000000
vt 0.662064 1.000000
vt 0.662064 1.000000
vt 0.662064 1.000000
vt 0.662064 1.000000
vt 0.662064 1.000000
vt 0.662064 1.000000
vt 0.662064 1.000000
vt 0.662064 1.000000
vt 0.662064 1.000000
vt 0.662064 1.000000
vt 0.662064 1.000000
vt 0.662064 1.000000
vt 0.662064 0.000000
vt 0.662064 1.000000
vt 0.662064 1.000000
vt 0.662064 1.000000
vt 0.662064 1.000000
vt 1.000000 0.174428
vt 0.993103 0.000000
vt 0.993103 1.000000
vt 1.000000 0.825572
vt 0.662064 1.000000
vt 0.662064 1.000000
vt 0.662064 1.000000
vt 0.662064 1.000000
vt 0.662064 1.000000
vt 0.662064 1.000000
vt 0.662064 1.000000
vt 0.662064 1.000000
vt 0.662064 1.000000
vt 0.662064 1.000000
vt 0.662064 1.000000
vt 0.662064 1.000000
vt 0.662064 1.000000
vt 0.662064 0.000000
vt 0.662064 1.000000
vt 0.662064 1.000000
vt 0.662064 1.000000
vt 0.662064 1.000000
vt 1.000000 0.174428
vt 0.993103 0.000000
vt 0.993103 1.000000
vt 1.000000 0.825572
vt 0.662064 1.000000
vt 0.662064 1.000000
vt 0.662064 1.000000
vt 0.662064 1.000000
vt 0.662064 1.000000
vt 0.662064 1.000000
vt 0.662064 1.000000
vt 0.662064 1.000000
vt 0.662064 1.000000
vt 0.662064 1.000000
vt 0.662064 1.000000
vt 0.662064 1.000000
vt 0.662064 1.000000
vt 0.662064 0.000000
vt 0.662064 1.000000
vt 0.662064 1.000000
vt 0.662064 1.000000
vt 0.662064 1.000000
vt 1.000000 0.174428
vt 0.993103 0.000000
vt 0.993103 1.000000
vt 1.000000 0.825572
vt 0.662064 1.000000
vt 0.662064 1.000000
vt 0.662064 1.000000
vt 0.662064 1.000000
vt 0.662064 1.000000
vt 0.662064 1.000000
vt 0.662064 1.000000
vt 0.662064 1.000000
vt 0.662064 1.000000
vt 0.662064 1.000000
vt 0.662064 1.000000
vt 0.662064 1.000000
vt 0.662064 1.000000
vt 0.662064 0.000000
vt 0.662064 1.000000
vt 0.662064 1.000000
vt 0.662064 1.000000
vt 0.662064 1.000000
vt 1.000000 0.174428
vt 0.993103 0.000000
vt 0.993103 1.000000
vt 1.000000 0.825572
vt 0.662064 1.000000
vt 0.662064 1.000000
vt 0.662064 1.000000
vt 0.662064 1.000000
vt 0.662064 1.000000
vt 0.662064 1.000000
vt 0.662064 1.000000
vt 0.662064 1.000000
vt 0.662064 1.000000
vt 0.662064 1.000000
vt 0.662064 1.000000
vt 0.662064 1.000000
vt 0.662064 1.000000
vt 0.662064 0.000000
vt 0.662064 1.000000
vt 0.662064 1.000000
vt 0.662064 1.000000
vt 0.662064 1.000000
vt 1.000000 0.174428
vt 0.993103 0.000000
vt 0.993103 1.000000
vt 1.000000 0.825572
vt 0.662064 1.000000
vt 0.662064 1.000000
vt 0.662064 1.000000
vt 0.662064 1.000000
vt 0.662064 1.000000
vt 0.662064 1.000000
vt 0.662064 1.000000
vt 0.662064 1.000000
vt 0.662064 1.000000
vt 0.662064 1.000000
vt 0.662064 1.000000
vt 0.662064 1.000000
vt 0.662064 1.000000
vt 0.662064 0.000000
vt 0.662064 1.000000
vt 0.662064 1.000000
vt 0.662064 1.000000
vt 0.662064 1.000000
vt 1.000000 0.174428
vt 0.993103 0.000000
vt 0.993103 1.000000
vt 1.000000 0.825572
vt 0.662064 1.000000
vt 0.662064 1.000000
vt 0.662064 1.000000
vt 0.662064 1.000000
vt 0.662064 1.000000
vt 0.662064 1.000000
vt 0.662064 1.000000
vt 0.662064 1.000000
vt 0.662064 1.000000
vt 0.662064 1.000000
vt 0.662064 1.000000
vt 0.662064 1.000000
vt 0.662064 1.000000
vt 0.500000 1.000000
vt 0.662064 0.000000
vt 0.662064 1.000000
vt 0.662064 1.000000
vt 0.662064 1.000000
vt 0.662064 1.000000
vt 1.000000 0.174428
vt 0.993103 0.000000
vt 0.993103 1.000000
vt 1.000000 0.825572
vt 0.662064 1.000000
vt 0.662064 1.000000
vt 0.662064 1.000000
vt 0.662064 1.000000
vt 0.662064 1.000000
vt 0.662064 1.000000
vt 0.662064 1.000000
vt 0.662064 1.000000
vt 0.662064 1.000000
vt 0.662064 1.000000
vt 0.662064 1.000000
vt 0.662064 1.000000
vt 0.662064 1.000000
vt 0.662064 0.000000
vt 0.662064 1.000000
vt 0.662064 1.000000
vt 0.662064 1.000000
vt 0.662064 1.000000
vt 1.000000 0.174428
vt 0.993103 0.000000
vt 0.993103 1.000000
vt 1.000000 0.825572
vt 0.662064 1.000000
vt 0.662064 1.000000
vt 0.662064 1.000000
vt 0.662064 1.000000
vt 0.662064 1.000000
vt 0.662064 1.000000
vt 0.662064 1.000000
vt 0.662064 1.000000
vt 0.662064 1.000000
vt 0.662064 1.000000
vt 0.662064 1.000000
vt 0.662064 1.000000
s 1
usemtl glass
f 7/7/1 29/29/2 30/30/3 8/8/4
f 487/487/5 25/25/6 3/3/7
f 18/18/8 40/40/9 38/38/10 16/16/11
f 10/10/12 32/32/13 29/29/2 7/7/1
f 15/15/14 37/37/15 39/39/16 17/17/17
f 9/9/18 31/31/19 32/32/13 10/10/12
f 17/17/17 39/39/16 41/41/20 19/19/21
f 1/1/22 23/23/23 31/31/19 9/9/18
f 21/21/24 43/43/25 40/40/9 18/18/8
f 4/4/26 26/26/27 28/28/28 6/6/29
f 22/22/30 44/44/31 43/43/25 21/21/24
f 12/12/32 34/34/33 26/26/27 4/4/26
f 20/20/34 42/42/35 44/44/31 22/22/30
f 3/3/7 25/25/6 33/33/36 11/11/37
f 5/5/38 27/27/39 23/23/23 1/1/22
f 19/19/21 41/41/20 42/42/35 20/20/34
f 14/14/40 36/36/41 34/34/33 12/12/32
f 11/11/37 33/33/36 35/35/42 13/13/43
f 6/6/29 28/28/28 27/27/39 5/5/38
f 16/16/11 38/38/10 36/36/41 14/14/40
f 13/13/43 35/35/42 37/37/15 15/15/14
f 8/8/4 30/30/3 24/24/44 2/2/44
f 2/2/44 24/24/44 334/334/44
f 31/31/19 53/53/45 54/54/46 32/32/13
f 39/39/16 61/61/47 63/63/48 41/41/20
f 23/23/23 45/45/49 53/53/45 31/31/19
f 43/43/25 65/65/50 62/62/51 40/40/9
f 26/26/27 48/48/52 50/50/53 28/28/28
f 44/44/31 66/66/54 65/65/50 43/43/25
f 34/34/33 56/56/55 48/48/52 26/26/27
f 42/42/35 64/64/56 66/66/54 44/44/31
f 25/25/6 47/47/57 55/55/58 33/33/36
f 27/27/39 49/49/59 45/45/49 23/23/23
f 41/41/20 63/63/48 64/64/56 42/42/35
f 36/36/41 58/58/60 56/56/55 34/34/33
f 33/33/36 55/55/58 57/57/61 35/35/42
f 28/28/28 50/50/53 49/49/59 27/27/39
f 38/38/10 60/60/62 58/58/60 36/36/41
f 35/35/42 57/57/61 59/59/63 37/37/15
f 30/30/3 52/52/64 46/46/44 24/24/44
f 24/24/44 46/46/44 334/334/44
f 29/29/2 51/51/65 52/52/64 30/30/3
f 487/487/5 47/47/57 25/25/6
f 40/40/9 62/62/51 60/60/62 38/38/10
f 32/32/13 54/54/46 51/51/65 29/29/2
f 37/37/15 59/59/63 61/61/47 39/39/16
f 45/45/49 67/67/66 75/75/67 53/53/45
f 65/65/50 87/87/68 84/84/69 62/62/51
f 48/48/52 70/70/70 72/72/71 50/50/53
f 66/66/54 88/88/72 87/87/68 65/65/50
f 56/56/55 78/78/73 70/70/70 48/48/52
f 64/64/56 86/86/74 88/88/72 66/66/54
f 47/47/57 69/69/75 77/77/76 55/55/58
f 49/49/59 71/71/77 67/67/66 45/45/49
f 63/63/48 85/85/78 86/86/74 64/64/56
f 58/58/60 80/80/79 78/78/73 56/56/55
f 55/55/58 77/77/76 79/79/80 57/57/61
f 50/50/53 72/72/71 71/71/77 49/49/59
f 60/60/62 82/82/81 80/80/79 58/58/60
f 57/57/61 79/79/80 81/81/82 59/59/63
f 52/52/64 74/74/83 68/68/44 46/46/44
f 46/46/44 68/68/44 334/334/44
f 51/51/65 73/73/84 74/74/83 52/52/64
f 487/487/5 69/69/75 47/47/57
f 62/62/51 84/84/69 82/82/81 60/60/62
f 54/54/46 76/76/85 73/73/84 51/51/65
f 59/59/63 81/81/82 83/83/86 61/61/47
f 53/53/45 75/75/67 76/76/85 54/54/46
f 61/61/47 83/83/86 85/85/78 63/63/48
f 70/70/70 92/92/87 94/94/88 72/72/71
f 88/88/72 110/110/89 109/109/90 87/87/68
f 78/78/73 100/100/91 92/92/87 70/70/70
f 86/86/74 108/108/92 110/110/89 88/88/72
f 69/69/75 91/91/93 99/99/94 77/77/76
f 71/71/77 93/93/95 89/89/96 67/67/66
f 85/85/78 107/107/97 108/108/92 86/86/74
f 80/80/79 102/102/98 100/100/91 78/78/73
f 77/77/76 99/99/94 101/101/99 79/79/80
f 72/72/71 94/94/88 93/93/95 71/71/77
f 82/82/81 104/104/100 102/102/98 80/80/79
f 79/79/80 101/101/99 103/103/101 81/81/82
f 74/74/83 96/96/102 90/90/44 68/68/44
f 68/68/44 90/90/44 334/334/44
f 73/73/84 95/95/103 96/96/102 74/74/83
f 487/487/5 91/91/93 69/69/75
f 84/84/69 106/106/104 104/104/100 82/82/81
f 76/76/85 98/98/105 95/95/103 73/73/84
f 81/81/82 103/103/101 105/105/106 83/83/86
f 75/75/67 97/97/107 98/98/105 76/76/85
f 83/83/86 105/105/106 107/107/97 85/85/78
f 67/67/66 89/89/96 97/97/107 75/75/67
f 87/87/68 109/109/90 106/106/104 84/84/69
f 100/100/91 122/122/108 114/114/109 92/92/87
f 108/108/92 130/130/110 132/132/111 110/110/89
f 91/91/93 113/113/112 121/121/113 99/99/94
f 93/93/95 115/115/114 111/111/115 89/89/96
f 107/107/97 129/129/116 130/130/110 108/108/92
f 102/102/98 124/124/117 122/122/108 100/100/91
f 99/99/94 121/121/113 123/123/118 101/101/99
f 94/94/88 116/116/119 115/115/114 93/93/95
f 104/104/100 126/126/120 124/124/117 102/102/98
f 101/101/99 123/123/118 125/125/121 103/103/101
f 96/96/102 118/118/122 112/112/44 90/90/44
f 90/90/44 112/112/44 334/334/44
f 95/95/103 117/117/123 118/118/122 96/96/102
f 487/487/5 113/113/112 91/91/93
f 106/106/104 128/128/124 126/126/120 104/104/100
f 98/98/105 120/120/125 117/117/123 95/95/103
f 103/103/101 125/125/121 127/127/126 105/105/106
f 97/97/107 119/119/127 120/120/125 98/98/105
f 105/105/106 127/127/126 129/129/116 107/107/97
f 89/89/96 111/111/115 119/119/127 97/97/107
f 109/109/90 131/131/128 128/128/124 106/106/104
f 92/92/87 114/114/109 116/116/119 94/94/88
f 110/110/89 132/132/111 131/131/128 109/109/90
f 113/113/112 135/135/129 143/143/130 121/121/113
f 115/115/114 137/137/131 133/133/132 111/111/115
f 129/129/116 151/151/133 152/152/134 130/130/110
f 124/124/117 146/146/135 144/144/136 122/122/108
f 121/121/113 143/143/130 145/145/137 123/123/118
f 116/116/119 138/138/138 137/137/131 115/115/114
f 126/126/120 148/148/139 146/146/135 124/124/117
f 123/123/118 145/145/137 147/147/140 125/125/121
f 118/118/122 140/140/141 134/134/44 112/112/44
f 112/112/44 134/134/44 334/334/44
f 117/117/123 139/139/142 140/140/141 118/118/122
f 487/487/5 135/135/129 113/113/112
f 128/128/124 150/150/143 148/148/139 126/126/120
f 120/120/125 142/142/144 139/139/142 117/117/123
f 125/125/121 147/147/140 149/149/145 127/127/126
f 119/119/127 141/141/146 142/142/144 120/120/125
f 127/127/126 149/149/145 151/151/133 129/129/116
f 111/111/115 133/133/132 141/141/146 119/119/127
f 131/131/128 153/153/147 150/150/143 128/128/124
f 114/114/109 136/136/148 138/138/138 116/116/119
f 132/132/111 154/154/149 153/153/147 131/131/128
f 122/122/108 144/144/136 136/136/148 114/114/109
f 130/130/110 152/152/134 154/154/149 132/132/111
f 146/146/135 168/168/150 166/166/151 144/144/136
f 143/143/130 165/165/152 167/167/153 145/145/137
f 138/138/138 160/160/154 159/159/155 137/137/131
f 148/148/139 170/170/156 168/168/150 146/146/135
f 145/145/137 167/167/153 169/169/157 147/147/140
f 140/140/141 162/162/158 156/156/44 134/134/44
f 134/134/44 156/156/44 334/334/44
f 139/139/142 161/161/159 162/162/158 140/140/141
f 487/487/5 157/157/160 135/135/129
f 150/150/143 172/172/161 170/170/156 148/148/139
f 142/142/144 164/164/162 161/161/159 139/139/142
f 147/147/140 169/169/157 171/171/163 149/149/145
f 141/141/146 163/163/164 164/164/162 142/142/144
f 149/149/145 171/171/163 173/173/165 151/151/133
f 133/133/132 155/155/166 163/163/164 141/141/146
f 153/153/147 175/175/167 172/172/161 150/150/143
f 136/136/148 158/158/168 160/160/154 138/138/138
f 154/154/149 176/176/169 175/175/167 153/153/147
f 144/144/136 166/166/151 158/158/168 136/136/148
f 152/152/134 174/174/170 176/176/169 154/154/149
f 135/135/129 157/157/160 165/165/152 143/143/130
f 137/137/131 159/159/155 155/155/166 133/133/132
f 151/151/133 173/173/165 174/174/170 152/152/134
f 168/168/150 190/190/171 188/188/172 166/166/151
f 165/165/152 187/187/173 189/189/174 167/167/153
f 160/160/154 182/182/175 181/181/176 159/159/155
f 170/170/156 192/192/177 190/190/171 168/168/150
f 167/167/153 189/189/174 191/191/178 169/169/157
f 162/162/158 184/184/179 178/178/44 156/156/44
f 156/156/44 178/178/44 334/334/44
f 161/161/159 183/183/180 184/184/179 162/162/158
f 487/487/5 179/179/181 157/157/160
f 172/172/161 194/194/182 192/192/177 170/170/156
f 164/164/162 186/186/183 183/183/180 161/161/159
f 169/169/157 191/191/178 193/193/184 171/171/163
f 163/163/164 185/185/185 186/186/183 164/164/162
f 171/171/163 193/193/184 195/195/186 173/173/165
f 155/155/166 177/177/187 185/185/185 163/163/164
f 175/175/167 197/197/188 194/194/182 172/172/161
f 158/158/168 180/180/189 182/182/175 160/160/154
f 176/176/169 198/198/190 197/197/188 175/175/167
f 166/166/151 188/188/172 180/180/189 158/158/168
f 174/174/170 196/196/191 198/198/190 176/176/169
f 157/157/160 179/179/181 187/187/173 165/165/152
f 159/159/155 181/181/176 177/177/187 155/155/166
f 173/173/165 195/195/186 196/196/191 174/174/170
f 187/187/173 209/209/192 211/211/193 189/189/174
f 182/182/175 204/204/194 203/203/195 181/181/176
f 192/192/177 214/214/196 212/212/197 190/190/171
f 189/189/174 211/211/193 213/213/198 191/191/178
f 184/184/179 206/206/199 200/200/44 178/178/44
f 178/178/44 200/200/44 334/334/44
f 183/183/180 205/205/200 206/206/199 184/184/179
f 487/487/5 201/201/201 179/179/181
f 194/194/182 216/216/202 214/214/196 192/192/177
f 186/186/183 208/208/203 205/205/200 183/183/180
f 191/191/178 213/213/198 215/215/204 193/193/184
f 185/185/185 207/207/205 208/208/203 186/186/183
f 193/193/184 215/215/204 217/217/206 195/195/186
f 177/177/187 199/199/207 207/207/205 185/185/185
f 197/197/188 219/219/208 216/216/202 194/194/182
f 180/180/189 202/202/209 204/204/194 182/182/175
f 198/198/190 220/220/210 219/219/208 197/197/188
f 188/188/172 210/210/211 202/202/209 180/180/189
f 196/196/191 218/218/212 220/220/210 198/198/190
f 179/179/181 201/201/201 209/209/192 187/187/173
f 181/181/176 203/203/195 199/199/207 177/177/187
f 195/195/186 217/217/206 218/218/212 196/196/191
f 190/190/171 212/212/197 210/210/211 188/188/172
f 214/214/196 236/236/213 234/234/214 212/212/197
f 211/211/193 233/233/215 235/235/216 213/213/198
f 206/206/199 228/228/217 222/222/44 200/200/44
f 200/200/44 222/222/44 334/334/44
f 205/205/200 227/227/218 228/228/217 206/206/199
f 487/487/5 223/223/219 201/201/201
f 216/216/202 238/238/220 236/236/213 214/214/196
f 208/208/203 230/230/221 227/227/218 205/205/200
f 213/213/198 235/235/216 237/237/222 215/215/204
f 207/207/205 229/229/223 230/230/221 208/208/203
f 215/215/204 237/237/222 239/239/224 217/217/206
f 199/199/207 221/221/225 229/229/223 207/207/205
f 219/219/208 241/241/226 238/238/220 216/216/202
f 202/202/209 224/224/227 226/226/228 204/204/194
f 220/220/210 242/242/229 241/241/226 219/219/208
f 210/210/211 232/232/230 224/224/227 202/202/209
f 218/218/212 240/240/231 242/242/229 220/220/210
f 201/201/201 223/223/219 231/231/232 209/209/192
f 203/203/195 225/225/233 221/221/225 199/199/207
f 217/217/206 239/239/224 240/240/231 218/218/212
f 212/212/197 234/234/214 232/232/230 210/210/211
f 209/209/192 231/231/232 233/233/215 211/211/193
f 204/204/194 226/226/228 225/225/233 203/203/195
f 236/236/213 258/258/234 256/256/235 234/234/214
f 233/233/215 255/255/236 257/257/237 235/235/216
f 228/228/217 250/250/238 244/244/44 222/222/44
f 222/222/44 244/244/44 334/334/44
f 227/227/218 249/249/239 250/250/238 228/228/217
f 487/487/5 245/245/240 223/223/219
f 238/238/220 260/260/241 258/258/234 236/236/213
f 230/230/221 252/252/242 249/249/239 227/227/218
f 235/235/216 257/257/237 259/259/243 237/237/222
f 229/229/223 251/251/244 252/252/242 230/230/221
f 237/237/222 259/259/243 261/261/245 239/239/224
f 221/221/225 243/243/246 251/251/244 229/229/223
f 241/241/226 263/263/247 260/260/241 238/238/220
f 224/224/227 246/246/248 248/248/249 226/226/228
f 242/242/229 264/264/250 263/263/247 241/241/226
f 232/232/230 254/254/251 246/246/248 224/224/227
f 240/240/231 262/262/252 264/264/250 242/242/229
f 223/223/219 245/245/240 253/253/253 231/231/232
f 225/225/233 247/247/254 243/243/246 221/221/225
f 239/239/224 261/261/245 262/262/252 240/240/231
f 234/234/214 256/256/235 254/254/251 232/232/230
f 231/231/232 253/253/253 255/255/236 233/233/215
f 226/226/228 248/248/249 247/247/254 225/225/233
f 255/255/236 277/277/255 279/279/256 257/257/237
f 250/250/238 272/272/257 266/266/44 244/244/44
f 244/244/44 266/266/44 334/334/44
f 249/249/239 271/271/258 272/272/257 250/250/238
f 487/487/5 267/267/259 245/245/240
f 260/260/241 282/282/260 280/280/261 258/258/234
f 252/252/242 274/274/262 271/271/258 249/249/239
f 257/257/237 279/279/256 281/281/263 259/259/243
f 251/251/244 273/273/264 274/274/262 252/252/242
f 259/259/243 281/281/263 283/283/265 261/261/245
f 243/243/246 265/265/266 273/273/264 251/251/244
f 263/263/247 285/285/267 282/282/260 260/260/241
f 246/246/248 268/268/268 270/270/269 248/248/249
f 264/264/250 286/286/270 285/285/267 263/263/247
f 254/254/251 276/276/271 268/268/268 246/246/248
f 262/262/252 284/284/272 286/286/270 264/264/250
f 245/245/240 267/267/259 275/275/273 253/253/253
f 247/247/254 269/269/274 265/265/266 243/243/246
f 261/261/245 283/283/265 284/284/272 262/262/252
f 256/256/235 278/278/275 276/276/271 254/254/251
f 253/253/253 275/275/273 277/277/255 255/255/236
f 248/248/249 270/270/269 269/269/274 247/247/254
f 258/258/234 280/280/261 278/278/275 256/256/235
f 271/271/258 293/293/276 294/294/277 272/272/257
f 487/487/5 289/289/278 267/267/259
f 282/282/260 304/304/279 302/302/280 280/280/261
f 274/274/262 296/296/281 293/293/276 271/271/258
f 279/279/256 301/301/282 303/303/283 281/281/263
f 273/273/264 295/295/284 296/296/281 274/274/262
f 281/281/263 303/303/283 305/305/285 283/283/265
f 265/265/266 287/287/286 295/295/284 273/273/264
f 285/285/267 307/307/287 304/304/279 282/282/260
f 268/268/268 290/290/288 292/292/289 270/270/269
f 286/286/270 308/308/290 307/307/287 285/285/267
f 276/276/271 298/298/291 290/290/288 268/268/268
f 284/284/272 306/306/292 308/308/290 286/286/270
f 267/267/259 289/289/278 297/297/293 275/275/273
f 269/269/274 291/291/294 287/287/286 265/265/266
f 283/283/265 305/305/285 306/306/292 284/284/272
f 278/278/275 300/300/295 298/298/291 276/276/271
f 275/275/273 297/297/293 299/299/296 277/277/255
f 270/270/269 292/292/289 291/291/294 269/269/274
f 280/280/261 302/302/280 300/300/295 278/278/275
f 277/277/255 299/299/296 301/301/282 279/279/256
f 272/272/257 294/294/277 288/288/44 266/266/44
f 266/266/44 288/288/44 334/334/44
f 304/304/279 326/326/297 324/324/298 302/302/280
f 296/296/281 318/318/299 315/315/300 293/293/276
f 301/301/282 323/323/301 325/325/302 303/303/283
f 295/295/284 317/317/303 318/318/299 296/296/281
f 303/303/283 325/325/302 327/327/304 305/305/285
f 287/287/286 309/309/305 317/317/303 295/295/284
f 307/307/287 329/329/306 326/326/297 304/304/279
f 290/290/288 312/312/307 314/314/308 292/292/289
f 308/308/290 330/330/309 329/329/306 307/307/287
f 298/298/291 320/320/310 312/312/307 290/290/288
f 306/306/292 328/328/311 330/330/309 308/308/290
f 289/289/278 311/311/312 319/319/313 297/297/293
f 291/291/294 313/313/314 309/309/305 287/287/286
f 305/305/285 327/327/304 328/328/311 306/306/292
f 300/300/295 322/322/315 320/320/310 298/298/291
f 297/297/293 319/319/313 321/321/316 299/299/296
f 292/292/289 314/314/308 313/313/314 291/291/294
f 302/302/280 324/324/298 322/322/315 300/300/295
f 299/299/296 321/321/316 323/323/301 301/301/282
f 294/294/277 316/316/317 310/310/44 288/288/44
f 288/288/44 310/310/44 334/334/44
f 293/293/276 315/315/300 316/316/317 294/294/277
f 487/487/5 311/311/312 289/289/278
f 323/323/301 346/346/318 348/348/319 325/325/302
f 317/317/303 340/340/320 341/341/321 318/318/299
f 325/325/302 348/348/319 350/350/322 327/327/304
f 309/309/305 331/331/323 340/340/320 317/317/303
f 329/329/306 352/352/324 349/349/325 326/326/297
f 312/312/307 335/335/326 337/337/327 314/314/308
f 330/330/309 353/353/328 352/352/324 329/329/306
f 320/320/310 343/343/329 335/335/326 312/312/307
f 328/328/311 351/351/330 353/353/328 330/330/309
f 311/311/312 333/333/331 342/342/332 319/319/313
f 313/313/314 336/336/333 331/331/323 309/309/305
f 327/327/304 350/350/322 351/351/330 328/328/311
f 322/322/315 345/345/334 343/343/329 320/320/310
f 319/319/313 342/342/332 344/344/335 321/321/316
f 314/314/308 337/337/327 336/336/333 313/313/314
f 324/324/298 347/347/336 345/345/334 322/322/315
f 321/321/316 344/344/335 346/346/318 323/323/301
f 316/316/317 339/339/337 332/332/44 310/310/44
f 310/310/44 332/332/44 334/334/44
f 315/315/300 338/338/338 339/339/337 316/316/317
f 487/487/5 333/333/331 311/311/312
f 326/326/297 349/349/325 347/347/336 324/324/298
f 318/318/299 341/341/321 338/338/338 315/315/300
f 348/348/319 370/370/339 372/372/340 350/350/322
f 331/331/323 354/354/341 362/362/342 340/340/320
f 352/352/324 374/374/343 371/371/344 349/349/325
f 335/335/326 357/357/345 359/359/346 337/337/327
f 353/353/328 375/375/347 374/374/343 352/352/324
f 343/343/329 365/365/348 357/357/345 335/335/326
f 351/351/330 373/373/349 375/375/347 353/353/328
f 333/333/331 356/356/350 364/364/351 342/342/332
f 336/336/333 358/358/352 354/354/341 331/331/323
f 350/350/322 372/372/340 373/373/349 351/351/330
f 345/345/334 367/367/353 365/365/348 343/343/329
f 342/342/332 364/364/351 366/366/354 344/344/335
f 337/337/327 359/359/346 358/358/352 336/336/333
f 347/347/336 369/369/355 367/367/353 345/345/334
f 344/344/335 366/366/354 368/368/356 346/346/318
f 339/339/337 361/361/357 355/355/44 332/332/44
f 332/332/44 355/355/44 334/334/44
f 338/338/338 360/360/358 361/361/357 339/339/337
f 487/487/5 356/356/350 333/333/331
f 349/349/325 371/371/344 369/369/355 347/347/336
f 341/341/321 363/363/359 360/360/358 338/338/338
f 346/346/318 368/368/356 370/370/339 348/348/319
f 340/340/320 362/362/342 363/363/359 341/341/321
f 374/374/343 396/396/360 393/393/361 371/371/344
f 357/357/345 379/379/362 381/381/363 359/359/346
f 375/375/347 397/397/364 396/396/360 374/374/343
f 365/365/348 387/387/365 379/379/362 357/357/345
f 373/373/349 395/395/366 397/397/364 375/375/347
f 356/356/350 378/378/367 386/386/368 364/364/351
f 358/358/352 380/380/369 376/376/370 354/354/341
f 372/372/340 394/394/371 395/395/366 373/373/349
f 367/367/353 389/389/372 387/387/365 365/365/348
f 364/364/351 386/386/368 388/388/373 366/366/354
f 359/359/346 381/381/363 380/380/369 358/358/352
f 369/369/355 391/391/374 389/389/372 367/367/353
f 366/366/354 388/388/373 390/390/375 368/368/356
f 361/361/357 383/383/376 377/377/44 355/355/44
f 355/355/44 377/377/44 334/334/44
f 360/360/358 382/382/377 383/383/376 361/361/357
f 487/487/5 378/378/367 356/356/350
f 371/371/344 393/393/361 391/391/374 369/369/355
f 363/363/359 385/385/378 382/382/377 360/360/358
f 368/368/356 390/390/375 392/392/379 370/370/339
f 362/362/342 384/384/380 385/385/378 363/363/359
f 370/370/339 392/392/379 394/394/371 372/372/340
f 354/354/341 376/376/370 384/384/380 362/362/342
f 397/397/364 419/419/381 418/418/382 396/396/360
f 387/387/365 409/409/383 401/401/384 379/379/362
f 395/395/366 417/417/385 419/419/381 397/397/364
f 378/378/367 400/400/386 408/408/387 386/386/368
f 380/380/369 402/402/388 398/398/389 376/376/370
f 394/394/371 416/416/390 417/417/385 395/395/366
f 389/389/372 411/411/391 409/409/383 387/387/365
f 386/386/368 408/408/387 410/410/392 388/388/373
f 381/381/363 403/403/393 402/402/388 380/380/369
f 391/391/374 413/413/394 411/411/391 389/389/372
f 388/388/373 410/410/392 412/412/395 390/390/375
f 383/383/376 405/405/396 399/399/44 377/377/44
f 377/377/44 399/399/44 334/334/44
f 382/382/377 404/404/397 405/405/396 383/383/376
f 487/487/5 400/400/386 378/378/367
f 393/393/361 415/415/398 413/413/394 391/391/374
f 385/385/378 407/407/399 404/404/397 382/382/377
f 390/390/375 412/412/395 414/414/400 392/392/379
f 384/384/380 406/406/401 407/407/399 385/385/378
f 392/392/379 414/414/400 416/416/390 394/394/371
f 376/376/370 398/398/389 406/406/401 384/384/380
f 396/396/360 418/418/382 415/415/398 393/393/361
f 379/379/362 401/401/384 403/403/393 381/381/363
f 417/417/385 439/439/402 441/441/403 419/419/381
f 400/400/386 422/422/404 430/430/405 408/408/387
f 402/402/388 424/424/406 420/420/407 398/398/389
f 416/416/390 438/438/408 439/439/402 417/417/385
f 411/411/391 433/433/409 431/431/410 409/409/383
f 408/408/387 430/430/405 432/432/411 410/410/392
f 403/403/393 425/425/412 424/424/406 402/402/388
f 413/413/394 435/435/413 433/433/409 411/411/391
f 410/410/392 432/432/411 434/434/414 412/412/395
f 405/405/396 427/427/415 421/421/44 399/399/44
f 399/399/44 421/421/44 334/334/44
f 404/404/397 426/426/416 427/427/415 405/405/396
f 487/487/5 422/422/404 400/400/386
f 415/415/398 437/437/417 435/435/413 413/413/394
f 407/407/399 429/429/418 426/426/416 404/404/397
f 412/412/395 434/434/414 436/436/419 414/414/400
f 406/406/401 428/428/420 429/429/418 407/407/399
f 414/414/400 436/436/419 438/438/408 416/416/390
f 398/398/389 420/420/407 428/428/420 406/406/401
f 418/418/382 440/440/421 437/437/417 415/415/398
f 401/401/384 423/423/422 425/425/412 403/403/393
f 419/419/381 441/441/403 440/440/421 418/418/382
f 409/409/383 431/431/410 423/423/422 401/401/384
f 438/438/408 460/460/423 461/461/424 439/439/402
f 433/433/409 455/455/425 453/453/426 431/431/410
f 430/430/405 452/452/427 454/454/428 432/432/411
f 425/425/412 447/447/429 446/446/430 424/424/406
f 435/435/413 457/457/431 455/455/425 433/433/409
f 432/432/411 454/454/428 456/456/432 434/434/414
f 427/427/415 449/449/433 443/443/44 421/421/44
f 421/421/44 443/443/44 334/334/44
f 426/426/416 448/448/434 449/449/433 427/427/415
f 487/487/5 444/444/435 422/422/404
f 437/437/417 459/459/436 457/457/431 435/435/413
f 429/429/418 451/451/437 448/448/434 426/426/416
f 434/434/414 456/456/432 458/458/438 436/436/419
f 428/428/420 450/450/439 451/451/437 429/429/418
f 436/436/419 458/458/438 460/460/423 438/438/408
f 420/420/407 442/442/440 450/450/439 428/428/420
f 440/440/421 462/462/441 459/459/436 437/437/417
f 423/423/422 445/445/442 447/447/429 425/425/412
f 441/441/403 463/463/443 462/462/441 440/440/421
f 431/431/410 453/453/426 445/445/442 423/423/422
f 439/439/402 461/461/424 463/463/443 441/441/403
f 422/422/404 444/444/435 452/452/427 430/430/405
f 424/424/406 446/446/430 442/442/440 420/420/407
f 455/455/425 477/477/444 475/475/445 453/453/426
f 452/452/427 474/474/446 476/476/447 454/454/428
f 447/447/429 469/469/448 468/468/449 446/446/430
f 457/457/431 479/479/450 477/477/444 455/455/425
f 454/454/428 476/476/447 478/478/451 456/456/432
f 449/449/433 471/471/452 465/465/44 443/443/44
f 443/443/44 465/465/44 334/334/44
f 448/448/434 470/470/453 471/471/452 449/449/433
f 487/487/5 466/466/454 444/444/435
f 459/459/436 481/481/455 479/479/450 457/457/431
f 451/451/437 473/473/456 470/470/453 448/448/434
f 456/456/432 478/478/451 480/480/457 458/458/438
f 450/450/439 472/472/458 473/473/456 451/451/437
f 458/458/438 480/480/457 482/482/459 460/460/423
f 442/442/440 464/464/460 472/472/458 450/450/439
f 462/462/441 484/484/461 481/481/455 459/459/436
f 445/445/442 467/467/462 469/469/448 447/447/429
f 463/463/443 485/485/463 484/484/461 462/462/441
f 453/453/426 475/475/445 467/467/462 445/445/442
f 461/461/424 483/483/464 485/485/463 463/463/443
f 444/444/435 466/466/454 474/474/446 452/452/427
f 446/446/430 468/468/449 464/464/460 442/442/440
f 460/460/423 482/482/459 483/483/464 461/461/424
f 474/474/446 497/497/465 499/499/466 476/476/447
f 469/469/448 492/492/467 491/491/468 468/468/449
f 479/479/450 502/502/469 500/500/470 477/477/444
f 476/476/447 499/499/466 501/501/471 478/478/451
f 471/471/452 494/494/472 488/488/44 465/465/44
f 465/465/44 488/488/44 334/334/44
f 470/470/453 493/493/473 494/494/472 471/471/452
f 487/487/5 489/489/474 466/466/454
f 481/481/455 504/504/475 502/502/469 479/479/450
f 473/473/456 496/496/476 493/493/473 470/470/453
f 478/478/451 501/501/471 503/503/477 480/480/457
f 472/472/458 495/495/478 496/496/476 473/473/456
f 480/480/457 503/503/477 505/505/479 482/482/459
f 464/464/460 486/486/480 495/495/478 472/472/458
f 484/484/461 507/507/481 504/504/475 481/481/455
f 467/467/462 490/490/482 492/492/467 469/469/448
f 485/485/463 508/508/483 507/507/481 484/484/461
f 475/475/445 498/498/484 490/490/482 467/467/462
f 483/483/464 506/506/485 508/508/483 485/485/463
f 466/466/454 489/489/474 497/497/465 474/474/446
f 468/468/449 491/491/468 486/486/480 464/464/460
f 482/482/459 505/505/479 506/506/485 483/483/464
f 477/477/444 500/500/470 498/498/484 475/475/445
f 502/502/469 524/524/486 522/522/487 500/500/470
f 499/499/466 521/521/488 523/523/489 501/501/471
f 494/494/472 516/516/490 510/510/44 488/488/44
f 488/488/44 510/510/44 334/334/44
f 493/493/473 515/515/491 516/516/490 494/494/472
f 487/487/5 511/511/492 489/489/474
f 504/504/475 526/526/493 524/524/486 502/502/469
f 496/496/476 518/518/494 515/515/491 493/493/473
f 501/501/471 523/523/489 525/525/495 503/503/477
f 495/495/478 517/517/496 518/518/494 496/496/476
f 503/503/477 525/525/495 527/527/497 505/505/479
f 486/486/480 509/509/498 517/517/496 495/495/478
f 507/507/481 529/529/499 526/526/493 504/504/475
f 490/490/482 512/512/500 514/514/501 492/492/467
f 508/508/483 530/530/502 529/529/499 507/507/481
f 498/498/484 520/520/503 512/512/500 490/490/482
f 506/506/485 528/528/504 530/530/502 508/508/483
f 489/489/474 511/511/492 519/519/505 497/497/465
f 491/491/468 513/513/506 509/509/498 486/486/480
f 505/505/479 527/527/497 528/528/504 506/506/485
f 500/500/470 522/522/487 520/520/503 498/498/484
f 497/497/465 519/519/505 521/521/488 499/499/466
f 492/492/467 514/514/501 513/513/506 491/491/468
f 524/524/486 16/16/11 14/14/40 522/522/487
f 521/521/488 13/13/43 15/15/14 523/523/489
f 516/516/490 8/8/4 2/2/44 510/510/44
f 510/510/44 2/2/44 334/334/44
f 515/515/491 7/7/1 8/8/4 516/516/490
f 487/487/5 3/3/7 511/511/492
f 526/526/493 18/18/8 16/16/11 524/524/486
f 518/518/494 10/10/12 7/7/1 515/515/491
f 523/523/489 15/15/14 17/17/17 525/525/495
f 517/517/496 9/9/18 10/10/12 518/518/494
f 525/525/495 17/17/17 19/19/21 527/527/497
f 509/509/498 1/1/22 9/9/18 517/517/496
f 529/529/499 21/21/24 18/18/8 526/526/493
f 512/512/500 4/4/26 6/6/29 514/514/501
f 530/530/502 22/22/30 21/21/24 529/529/499
f 520/520/503 12/12/32 4/4/26 512/512/500
f 528/528/504 20/20/34 22/22/30 530/530/502
f 511/511/492 3/3/7 11/11/37 519/519/505
f 513/513/506 5/5/38 1/1/22 509/509/498
f 527/527/497 19/19/21 20/20/34 528/528/504
f 522/522/487 14/14/40 12/12/32 520/520/503
f 519/519/505 11/11/37 13/13/43 521/521/488
f 514/514/501 6/6/29 5/5/38 513/513/506
o wineglass 2
v -5.723056 0.186439 0.000000
v -5.706480 -0.000253 0.000000
v -5.821707 0.438776 0.000000
v -5.002309 0.018823 0.000000
v -5.021386 -0.000253 0.000000
v -5.021386 0.096187 0.000000
v -5.002309 0.077111 0.000000
v -5.821707 2.757947 0.000000
v -5.821707 3.117113 0.000000
v -5.685409 2.894246 0.000000
v -5.659315 3.168992 0.000000
v -5.298615 3.104526 0.000000
v -5.356941 3.242667 0.000000
v -5.118289 3.365713 0.000000
v -5.145545 3.418926 0.000000
v -4.983690 3.706795 0.000000
v -4.996004 3.724035 0.000000
v -4.916110 4.034244 0.000000
v -4.936875 4.032033 0.000000
v -4.920236 4.430259 0.000000
v -4.941249 4.428023 0.000000
v -5.012125 4.904661 0.000000
v -5.031643 4.896049 0.000000
v -5.176709 5.812099 0.000000
v -5.184878 5.817522 0.000000
v -5.199991 5.811663 0.000000
v -5.196233 5.817311 0.000000
v -5.193568 5.795484 0.000000
v -5.170338 5.796153 0.000000
v -5.729230 0.186439 0.046893
v -5.713218 -0.000253 0.051184
v -5.824520 0.438776 0.021361
v -5.033042 0.018823 0.233436
v -5.051468 -0.000253 0.228499
v -5.051468 0.096187 0.228499
v -5.033042 0.077111 0.233436
v -5.824520 2.757947 0.021361
v -5.824520 3.117113 0.021361
v -5.692865 2.894246 0.056637
v -5.667661 3.168992 0.063391
v -5.319251 3.104526 0.156747
v -5.375589 3.242667 0.141651
v -5.145070 3.365713 0.203419
v -5.171396 3.418926 0.196365
v -5.015058 3.706795 0.238256
v -5.026952 3.724035 0.235068
v -4.949780 4.034244 0.255747
v -4.969837 4.032033 0.250372
v -4.953765 4.430259 0.254679
v -4.974062 4.428023 0.249240
v -5.042523 4.904661 0.230896
v -5.061376 4.896049 0.225845
v -5.201499 5.812099 0.188299
v -5.209389 5.817522 0.186185
v -5.223988 5.811663 0.182273
v -5.220357 5.817311 0.183246
v -5.217784 5.795484 0.183935
v -5.195345 5.796153 0.189948
v -5.747330 0.186439 0.090591
v -5.732974 -0.000253 0.098880
v -5.832765 0.438776 0.041266
v -5.123145 0.018823 0.450965
v -5.139666 -0.000253 0.441426
v -5.139666 0.096187 0.441426
v -5.123145 0.077111 0.450965
v -5.832765 2.757947 0.041266
v -5.832765 3.117113 0.041266
v -5.714726 2.894246 0.109415
v -5.692129 3.168992 0.122462
v -5.379753 3.104526 0.302812
v -5.430265 3.242667 0.273649
v -5.223587 3.365713 0.392975
v -5.247190 3.418926 0.379347
v -5.107021 3.706795 0.460274
v -5.117685 3.724035 0.454117
v -5.048494 4.034244 0.494064
v -5.066477 4.032033 0.483682
v -5.052067 4.430259 0.492002
v -5.070265 4.428023 0.481495
v -5.131646 4.904661 0.446057
v -5.148549 4.896049 0.436298
v -5.274180 5.812099 0.363765
v -5.281254 5.817522 0.359681
v -5.294343 5.811663 0.352124
v -5.291088 5.817311 0.354003
v -5.288780 5.795484 0.355335
v -5.268662 5.796153 0.366951
v -5.776124 0.186439 0.128115
v -5.764402 -0.000253 0.139837
v -5.845880 0.438776 0.058359
v -5.266479 0.018823 0.637760
v -5.279968 -0.000253 0.624271
v -5.279968 0.096187 0.624271
v -5.266479 0.077111 0.637760
v -5.845880 2.757947 0.058359
v -5.845880 3.117113 0.058359
v -5.749503 2.894246 0.154736
v -5.731052 3.168992 0.173187
v -5.475998 3.104526 0.428241
v -5.517241 3.242667 0.386998
v -5.348488 3.365713 0.555750
v -5.367761 3.418926 0.536478
v -5.253313 3.706795 0.650926
v -5.262020 3.724035 0.642219
v -5.205526 4.034244 0.698712
v -5.220209 4.032033 0.684030
v -5.208444 4.430259 0.695795
v -5.223302 4.428023 0.680937
v -5.273419 4.904661 0.630820
v -5.287220 4.896049 0.617018
v -5.389798 5.812099 0.514441
v -5.395574 5.817522 0.508665
v -5.406261 5.811663 0.497978
v -5.403603 5.817311 0.500636
v -5.401719 5.795484 0.502520
v -5.385293 5.796153 0.518946
v -5.813648 0.186439 0.156908
v -5.805359 -0.000253 0.171264
v -5.862973 0.438776 0.071474
v -5.453274 0.018823 0.781094
v -5.462812 -0.000253 0.764573
v -5.462812 0.096187 0.764573
v -5.453274 0.077111 0.781094
v -5.862973 2.757947 0.071474
v -5.862973 3.117113 0.071474
v -5.904239 3.117113 0.000000
v -5.794824 2.894246 0.189512
v -5.781777 3.168992 0.212110
v -5.601427 3.104526 0.524486
v -5.630590 3.242667 0.473974
v -5.511264 3.365713 0.680652
v -5.524891 3.418926 0.657049
v -5.443965 3.706795 0.797218
v -5.450121 3.724035 0.786554
v -5.410174 4.034244 0.855744
v -5.420557 4.032033 0.837762
v -5.412237 4.430259 0.852172
v -5.422744 4.428023 0.833974
v -5.458182 4.904661 0.772593
v -5.467941 4.896049 0.755690
v -5.540474 5.812099 0.630059
v -5.544559 5.817522 0.622985
v -5.552115 5.811663 0.609896
v -5.550236 5.817311 0.613151
v -5.548904 5.795484 0.615459
v -5.537289 5.796153 0.635577
v -5.857345 0.186439 0.175009
v -5.853055 -0.000253 0.191021
v -5.904239 -0.000253 0.000000
v -5.882878 0.438776 0.079719
v -5.670802 0.018823 0.871197
v -5.675740 -0.000253 0.852770
v -5.675740 0.096187 0.852770
v -5.670802 0.077111 0.871197
v -5.882878 2.757947 0.079719
v -5.882878 3.117113 0.079719
v -5.847601 2.894246 0.211374
v -5.840848 3.168992 0.236578
v -5.747492 3.104526 0.584988
v -5.762588 3.242667 0.528649
v -5.700820 3.365713 0.759169
v -5.707874 3.418926 0.732842
v -5.665984 3.706795 0.889181
v -5.669170 3.724035 0.877287
v -5.648492 4.034244 0.954459
v -5.653867 4.032033 0.934402
v -5.649560 4.430259 0.950474
v -5.654999 4.428023 0.930176
v -5.673343 4.904661 0.861716
v -5.678395 4.896049 0.842863
v -5.715940 5.812099 0.702739
v -5.718055 5.817522 0.694849
v -5.721966 5.811663 0.680251
v -5.720994 5.817311 0.683881
v -5.720304 5.795484 0.686455
v -5.714292 5.796153 0.708894
v -5.904239 0.186439 0.181182
v -5.904239 -0.000253 0.197759
v -5.904239 0.438776 0.082531
v -5.904239 0.018823 0.901929
v -5.904239 -0.000253 0.882853
v -5.904239 0.096187 0.882853
v -5.904239 0.077111 0.901929
v -5.904239 2.757947 0.082531
v -5.904239 3.117113 0.082531
v -5.904239 2.894246 0.218830
v -5.904239 3.168992 0.244923
v -5.904239 3.104526 0.605624
v -5.904239 3.242667 0.547298
v -5.904239 3.365713 0.785949
v -5.904239 3.418926 0.758694
v -5.904239 3.706795 0.920548
v -5.904239 3.724035 0.908234
v -5.904239 4.034244 0.988129
v -5.904239 4.032033 0.967364
v -5.904239 4.430259 0.984003
v -5.904239 4.428023 0.962990
v -5.904239 4.904661 0.892114
v -5.904239 4.896049 0.872596
v -5.904239 5.812099 0.727529
v -5.904239 5.817522 0.719361
v -5.904239 5.811663 0.704247
v -5.904239 5.817311 0.708006
v -5.904239 5.795484 0.710670
v -5.904239 5.796153 0.733901
v -5.951132 0.186439 0.175009
v -5.955422 -0.000253 0.191021
v -5.925600 0.438776 0.079719
v -6.137675 0.018823 0.871197
v -6.132738 -0.000253 0.852770
v -6.132738 0.096187 0.852770
v -6.137675 0.077111 0.871197
v -5.925600 2.757947 0.079719
v -5.925600 3.117113 0.079719
v -5.960876 2.894246 0.211374
v -5.967629 3.168992 0.236578
v -6.060986 3.104526 0.584988
v -6.045890 3.242667 0.528649
v -6.107657 3.365713 0.759169
v -6.100603 3.418926 0.732842
v -6.142494 3.706795 0.889181
v -6.139307 3.724035 0.877287
v -6.159985 4.034244 0.954459
v -6.154611 4.032033 0.934402
v -6.158917 4.430259 0.950474
v -6.153479 4.428023 0.930176
v -6.135135 4.904661 0.861715
v -6.130083 4.896049 0.842863
v -6.092537 5.812099 0.702739
v -6.090423 5.817522 0.694849
v -6.086512 5.811663 0.680250
v -6.087484 5.817311 0.683881
v -6.088174 5.795484 0.686455
v -6.094186 5.796153 0.708894
v -5.994830 0.186439 0.156908
v -6.003118 -0.000253 0.171264
v -5.945504 0.438776 0.071474
v -6.355203 0.018823 0.781093
v -6.345665 -0.000253 0.764573
v -6.345665 0.096187 0.764573
v -6.355203 0.077111 0.781093
v -5.945504 2.757947 0.071474
v -5.945504 3.117113 0.071474
v -6.013654 2.894246 0.189512
v -6.026700 3.168992 0.212110
v -6.207051 3.104526 0.524486
v -6.177888 3.242667 0.473974
v -6.297214 3.365713 0.680652
v -6.283586 3.418926 0.657049
v -6.364513 3.706795 0.797218
v -6.358356 3.724035 0.786554
v -6.398303 4.034244 0.855744
v -6.387921 4.032033 0.837762
v -6.396240 4.430259 0.852171
v -6.385734 4.428023 0.833973
v -6.350296 4.904661 0.772593
v -6.340537 4.896049 0.755690
v -6.268003 5.812099 0.630058
v -6.263919 5.817522 0.622985
v -6.256362 5.811663 0.609896
v -6.258242 5.817311 0.613151
v -6.259574 5.795484 0.615458
v -6.271189 5.796153 0.635577
v -6.032354 0.186439 0.128115
v -6.044075 -0.000253 0.139837
v -5.962597 0.438776 0.058359
v -6.541999 0.018823 0.637760
v -6.528510 -0.000253 0.624271
v -6.528510 0.096187 0.624271
v -6.541999 0.077111 0.637760
v -5.962597 2.757947 0.058359
v -5.962597 3.117113 0.058359
v -6.058975 2.894246 0.154736
v -6.077425 3.168992 0.173187
v -6.332479 3.104526 0.428241
v -6.291237 3.242667 0.386998
v -6.459989 3.365713 0.555750
v -6.440717 3.418926 0.536478
v -6.555164 3.706795 0.650926
v -6.546457 3.724035 0.642219
v -6.602951 4.034244 0.698712
v -6.588268 4.032033 0.684029
v -6.600034 4.430259 0.695795
v -6.585175 4.428023 0.680936
v -6.535058 4.904661 0.630819
v -6.521257 4.896049 0.617018
v -6.418680 5.812099 0.514440
v -6.412904 5.817522 0.508665
v -6.402217 5.811663 0.497978
v -6.404875 5.817311 0.500636
v -6.406759 5.795484 0.502519
v -6.423185 5.796153 0.518946
v -6.061147 0.186439 0.090591
v -6.075503 -0.000253 0.098880
v -5.975713 0.438776 0.041266
v -6.685332 0.018823 0.450965
v -6.668811 -0.000253 0.441426
v -6.668811 0.096187 0.441426
v -6.685332 0.077111 0.450965
v -5.975713 2.757947 0.041266
v -5.975713 3.117113 0.041266
v -6.093751 2.894246 0.109415
v -6.116349 3.168992 0.122462
v -6.428724 3.104526 0.302812
v -6.378212 3.242667 0.273649
v -6.584891 3.365713 0.392975
v -6.561287 3.418926 0.379347
v -6.701457 3.706795 0.460274
v -6.690793 3.724035 0.454117
v -6.759983 4.034244 0.494064
v -6.742001 4.032033 0.483682
v -6.756410 4.430259 0.492001
v -6.738212 4.428023 0.481494
v -6.676832 4.904661 0.446056
v -6.659929 4.896049 0.436298
v -6.534297 5.812099 0.363764
v -6.527224 5.817522 0.359680
v -6.514135 5.811663 0.352123
v -6.517390 5.817311 0.354003
v -6.519697 5.795484 0.355335
v -6.539815 5.796153 0.366950
v -6.079247 0.186439 0.046893
v -6.095259 -0.000253 0.051184
v -5.983958 0.438776 0.021361
v -6.775435 0.018823 0.233436
v -6.757009 -0.000253 0.228499
v -6.757009 0.096187 0.228499
v -6.775435 0.077111 0.233436
v -5.983958 2.757947 0.021361
v -5.983958 3.117113 0.021361
v -6.115613 2.894246 0.056637
v -6.140817 3.168992 0.063391
v -6.489226 3.104526 0.156747
v -6.432888 3.242667 0.141651
v -6.663408 3.365713 0.203419
v -6.637081 3.418926 0.196365
v -6.793420 3.706795 0.238255
v -6.781526 3.724035 0.235068
v -6.858697 4.034244 0.255746
v -6.838640 4.032033 0.250372
v -6.854712 4.430259 0.254679
v -6.834415 4.428023 0.249240
v -6.765954 4.904661 0.230896
v -6.747101 4.896049 0.225844
v -6.606978 5.812099 0.188298
v -6.599088 5.817522 0.186184
v -6.584489 5.811663 0.182272
v -6.588120 5.817311 0.183245
v -6.590693 5.795484 0.183935
v -6.613132 5.796153 0.189947
v -6.085421 0.186439 0.000000
v -6.101998 -0.000253 -0.000000
v -5.986770 0.438776 0.000000
v -6.806168 0.018823 -0.000000
v -6.787091 -0.000253 -0.000000
v -6.787091 0.096187 -0.000000
v -6.806168 0.077111 -0.000000
v -5.986770 2.757947 0.000000
v -5.986770 3.117113 0.000000
v -6.123069 2.894246 -0.000000
v -6.149162 3.168992 -0.000000
v -6.509862 3.104526 0.000000
v -6.451537 3.242667 -0.000000
v -6.690188 3.365713 -0.000000
v -6.662933 3.418926 0.000000
v -6.824787 3.706795 -0.000000
v -6.812473 3.724035 -0.000000
v -6.892367 4.034244 0.000000
v -6.871603 4.032033 -0.000000
v -6.888242 4.430259 -0.000000
v -6.867228 4.428023 -0.000000
v -6.796352 4.904661 -0.000000
v -6.776834 4.896049 -0.000000
v -6.631768 5.812099 -0.000000
v -6.623600 5.817522 -0.000000
v -6.608486 5.811663 -0.000000
v -6.612245 5.817311 -0.000000
v -6.614909 5.795484 -0.000000
v -6.638140 5.796153 -0.000000
v -6.079247 0.186439 -0.046893
v -6.095259 -0.000253 -0.051184
v -5.983958 0.438776 -0.021361
v -6.775435 0.018823 -0.233436
v -6.757009 -0.000253 -0.228499
v -6.757009 0.096187 -0.228499
v -6.775435 0.077111 -0.233436
v -5.983958 2.757947 -0.021361
v -5.983958 3.117113 -0.021361
v -6.115613 2.894246 -0.056637
v -6.140817 3.168992 -0.063391
v -6.489226 3.104526 -0.156747
v -6.432888 3.242667 -0.141651
v -6.663408 3.365713 -0.203419
v -6.637081 3.418926 -0.196364
v -6.793419 3.706795 -0.238256
v -6.781526 3.724035 -0.235068
v -6.858697 4.034244 -0.255746
v -6.838640 4.032033 -0.250372
v -6.854712 4.430259 -0.254679
v -6.834415 4.428023 -0.249240
v -6.765954 4.904661 -0.230896
v -6.747101 4.896049 -0.225845
v -6.606977 5.812099 -0.188299
v -6.599088 5.817522 -0.186184
v -6.584489 5.811663 -0.182273
v -6.588120 5.817311 -0.183246
v -6.590693 5.795484 -0.183935
v -6.613132 5.796153 -0.189948
v -6.061147 0.186439 -0.090591
v -6.075503 -0.000253 -0.098880
v -5.975713 0.438776 -0.041266
v -6.685332 0.018823 -0.450965
v -6.668811 -0.000253 -0.441426
v -6.668811 0.096187 -0.441426
v -6.685332 0.077111 -0.450965
v -5.975713 2.757947 -0.041266
v -5.975713 3.117113 -0.041266
v -6.093751 2.894246 -0.109415
v -6.116348 3.168992 -0.122462
v -6.428724 3.104526 -0.302812
v -6.378212 3.242667 -0.273649
v -6.584891 3.365713 -0.392975
v -6.561287 3.418926 -0.379347
v -6.701456 3.706795 -0.460274
v -6.690793 3.724035 -0.454117
v -6.759983 4.034244 -0.494064
v -6.742000 4.032033 -0.483682
v -6.756410 4.430259 -0.492002
v -6.738212 4.428023 -0.481495
v -6.676831 4.904661 -0.446057
v -6.659928 4.896049 -0.436298
v -6.534297 5.812099 -0.363765
v -6.527224 5.817522 -0.359681
v -6.514134 5.811663 -0.352124
v -6.517390 5.817311 -0.354003
v -6.519697 5.795484 -0.355335
v -6.539815 5.796153 -0.366951
v -6.032354 0.186439 -0.128115
v -6.044075 -0.000253 -0.139837
v -5.962597 0.438776 -0.058359
v -6.541999 0.018823 -0.637760
v -6.528510 -0.000253 -0.624271
v -6.528510 0.096187 -0.624271
v -6.541999 0.077111 -0.637760
v -5.962597 2.757947 -0.058359
v -5.962597 3.117113 -0.058359
v -6.058975 2.894246 -0.154736
v -6.077425 3.168992 -0.173187
v -6.332479 3.104526 -0.428241
v -6.291236 3.242667 -0.386998
v -6.459989 3.365713 -0.555750
v -6.440717 3.418926 -0.536478
v -6.555164 3.706795 -0.650926
v -6.546457 3.724035 -0.642219
v -6.602951 4.034244 -0.698712
v -6.588268 4.032033 -0.684029
v -6.600034 4.430259 -0.695795
v -6.585175 4.428023 -0.680936
v -6.535058 4.904661 -0.630820
v -6.521257 4.896049 -0.617018
v -6.418679 5.812099 -0.514441
v -6.412904 5.817522 -0.508665
v -6.402216 5.811663 -0.497978
v -6.404874 5.817311 -0.500636
v -6.406758 5.795484 -0.502520
v -6.423185 5.796153 -0.518946
v -5.994830 0.186439 -0.156908
v -6.003118 -0.000253 -0.171264
v -5.945504 0.438776 -0.071474
v -6.355203 0.018823 -0.781093
v -6.345665 -0.000253 -0.764573
v -6.345665 0.096187 -0.764573
v -6.355203 0.077111 -0.781093
v -5.945504 2.757947 -0.071474
v -5.945504 3.117113 -0.071474
v -6.013654 2.894246 -0.189512
v -6.026700 3.168992 -0.212110
v -6.207051 3.104526 -0.524486
v -6.177887 3.242667 -0.473974
v -6.297214 3.365713 -0.680652
v -6.283586 3.418926 -0.657048
v -6.364512 3.706795 -0.797218
v -6.358356 3.724035 -0.786554
v -6.398303 4.034244 -0.855744
v -6.387920 4.032033 -0.837762
v -6.396240 4.430259 -0.852172
v -6.385733 4.428023 -0.833973
v -6.350295 4.904661 -0.772593
v -6.340536 4.896049 -0.755690
v -6.268003 5.812099 -0.630059
v -6.263919 5.817522 -0.622985
v -6.256362 5.811663 -0.609896
v -6.258241 5.817311 -0.613151
v -6.259573 5.795484 -0.615458
v -6.271189 5.796153 -0.635577
v -5.951132 0.186439 -0.175009
v -5.955422 -0.000253 -0.191021
v -5.925600 0.438776 -0.079719
v -6.137675 0.018823 -0.871197
v -6.132738 -0.000253 -0.852770
v -6.132738 0.096187 -0.852770
v -6.137675 0.077111 -0.871197
v -5.925600 2.757947 -0.079719
v -5.925600 3.117113 -0.079719
v -5.960876 2.894246 -0.211374
v -5.967629 3.168992 -0.236578
v -6.060986 3.104526 -0.584988
v -6.045890 3.242667 -0.528649
v -6.107657 3.365713 -0.759169
v -6.100603 3.418926 -0.732842
v -6.142494 3.706795 -0.889181
v -6.139307 3.724035 -0.877287
v -6.159985 4.034244 -0.954459
v -6.154611 4.032033 -0.934402
v -6.158917 4.430259 -0.950474
v -6.153479 4.428023 -0.930176
v -6.135134 4.904661 -0.861715
v -6.130083 4.896049 -0.842863
v -6.092537 5.812099 -0.702739
v -6.090423 5.817522 -0.694849
v -6.086511 5.811663 -0.680250
v -6.087484 5.817311 -0.683881
v -6.088173 5.795484 -0.686455
v -6.094186 5.796153 -0.708894
v -5.904239 0.186439 -0.181182
v -5.904239 -0.000253 -0.197759
v -5.904239 0.438776 -0.082531
v -5.904239 0.018823 -0.901929
v -5.904239 -0.000253 -0.882852
v -5.904239 0.096187 -0.882852
v -5.904239 0.077111 -0.901929
v -5.904239 2.757947 -0.082531
v -5.904239 3.117113 -0.082531
v -5.904239 2.894246 -0.218830
v -5.904239 3.168992 -0.244923
v -5.904239 3.104526 -0.605624
v -5.904239 3.242667 -0.547298
v -5.904239 3.365713 -0.785949
v -5.904239 3.418926 -0.758694
v -5.904238 3.706795 -0.920548
v -5.904239 3.724035 -0.908234
v -5.904239 4.034244 -0.988128
v -5.904239 4.032033 -0.967364
v -5.904239 4.430259 -0.984003
v -5.904238 4.428023 -0.962989
v -5.904238 4.904661 -0.892113
v -5.904238 4.896049 -0.872596
v -5.904238 5.812099 -0.727529
v -5.904239 5.817522 -0.719361
v -5.904239 5.811663 -0.704247
v -5.904238 5.817311 -0.708006
v -5.904239 5.795484 -0.710670
v -5.904239 5.796153 -0.733901
v -5.857345 0.186439 -0.175009
v -5.853055 -0.000253 -0.191021
v -5.882878 0.438776 -0.079719
v -5.670802 0.018823 -0.871197
v -5.675740 -0.000253 -0.852770
v -5.675740 0.096187 -0.852770
v -5.670802 0.077111 -0.871197
v -5.882878 2.757947 -0.079719
v -5.882878 3.117113 -0.079719
v -5.847601 2.894246 -0.211374
v -5.840848 3.168992 -0.236578
v -5.747492 3.104526 -0.584988
v -5.762588 3.242667 -0.528649
v -5.700820 3.365713 -0.759169
v -5.707874 3.418926 -0.732842
v -5.665983 3.706795 -0.889181
v -5.669170 3.724035 -0.877287
v -5.648492 4.034244 -0.954459
v -5.653867 4.032033 -0.934402
v -5.649560 4.430259 -0.950474
v -5.654998 4.428023 -0.930176
v -5.673342 4.904661 -0.861715
v -5.678394 4.896049 -0.842862
v -5.715940 5.812099 -0.702739
v -5.718054 5.817522 -0.694849
v -5.721966 5.811663 -0.680250
v -5.720993 5.817311 -0.683881
v -5.720304 5.795484 -0.686455
v -5.714291 5.796153 -0.708894
v -5.813648 0.186439 -0.156908
v -5.805359 -0.000253 -0.171264
v -5.862973 0.438776 -0.071474
v -5.453274 0.018823 -0.781093
v -5.462812 -0.000253 -0.764573
v -5.462812 0.096187 -0.764573
v -5.453274 0.077111 -0.781093
v -5.862973 2.757947 -0.071474
v -5.862973 3.117113 -0.071474
v -5.794824 2.894246 -0.189512
v -5.781777 3.168992 -0.212110
v -5.601427 3.104526 -0.524486
v -5.630590 3.242667 -0.473974
v -5.511264 3.365713 -0.680652
v -5.524891 3.418926 -0.657049
v -5.443964 3.706795 -0.797217
v -5.450121 3.724035 -0.786554
v -5.410174 4.034244 -0.855744
v -5.420557 4.032033 -0.837761
v -5.412237 4.430259 -0.852171
v -5.422744 4.428023 -0.833973
v -5.458182 4.904661 -0.772592
v -5.467941 4.896049 -0.755690
v -5.540474 5.812099 -0.630058
v -5.544558 5.817522 -0.622985
v -5.552115 5.811663 -0.609896
v -5.550235 5.817311 -0.613151
v -5.548903 5.795484 -0.615458
v -5.537288 5.796153 -0.635577
v -5.776124 0.186439 -0.128115
v -5.764402 -0.000253 -0.139837
v -5.845880 0.438776 -0.058359
v -5.266479 0.018823 -0.637760
v -5.279968 -0.000253 -0.624271
v -5.279968 0.096187 -0.624271
v -5.266479 0.077111 -0.637760
v -5.845880 2.757947 -0.058359
v -5.845880 3.117113 -0.058359
v -5.749502 2.894246 -0.154736
v -5.731052 3.168992 -0.173187
v -5.475998 3.104526 -0.428241
v -5.517241 3.242667 -0.386998
v -5.348488 3.365713 -0.555750
v -5.367761 3.418926 -0.536478
v -5.253313 3.706795 -0.650925
v -5.262020 3.724035 -0.642219
v -5.205526 4.034244 -0.698712
v -5.220209 4.032033 -0.684029
v -5.208444 4.430259 -0.695795
v -5.223302 4.428023 -0.680936
v -5.273419 4.904661 -0.630819
v -5.287220 4.896049 -0.617018
v -5.389798 5.812099 -0.514440
v -5.395574 5.817522 -0.508665
v -5.406261 5.811663 -0.497978
v -5.403603 5.817311 -0.500635
v -5.401719 5.795484 -0.502519
v -5.385293 5.796153 -0.518946
v -5.747330 0.186439 -0.090591
v -5.732974 -0.000253 -0.098880
v -5.832765 0.438776 -0.041266
v -5.123145 0.018823 -0.450965
v -5.139666 -0.000253 -0.441426
v -5.139666 0.096187 -0.441426
v -5.123145 0.077111 -0.450965
v -5.832765 2.757947 -0.041266
v -5.832765 3.117113 -0.041266
v -5.714726 2.894246 -0.109415
v -5.692129 3.168992 -0.122462
v -5.379753 3.104526 -0.302812
v -5.430265 3.242667 -0.273649
v -5.223587 3.365713 -0.392975
v -5.247190 3.418926 -0.379347
v -5.107021 3.706795 -0.460273
v -5.117685 3.724035 -0.454117
v -5.048494 4.034244 -0.494064
v -5.066477 4.032033 -0.483682
v -5.052067 4.430259 -0.492001
v -5.070265 4.428023 -0.481494
v -5.131646 4.904661 -0.446056
v -5.148549 4.896049 -0.436298
v -5.274180 5.812099 -0.363764
v -5.281254 5.817522 -0.359680
v -5.294343 5.811663 -0.352123
v -5.291088 5.817311 -0.354003
v -5.288780 5.795484 -0.355335
v -5.268662 5.796153 -0.366950
v -5.729230 0.186439 -0.046893
v -5.713218 -0.000253 -0.051184
v -5.824520 0.438776 -0.021361
v -5.033042 0.018823 -0.233436
v -5.051469 -0.000253 -0.228499
v -5.051469 0.096187 -0.228499
v -5.033042 0.077111 -0.233436
v -5.824520 2.757947 -0.021361
v -5.824520 3.117113 -0.021361
v -5.692865 2.894246 -0.056637
v -5.667661 3.168992 -0.063391
v -5.319251 3.104526 -0.156747
v -5.375590 3.242667 -0.141651
v -5.145070 3.365713 -0.203419
v -5.171396 3.418926 -0.196365
v -5.015058 3.706795 -0.238255
v -5.026952 3.724035 -0.235068
v -4.949780 4.034244 -0.255746
v -4.969837 4.032033 -0.250372
v -4.953765 4.430259 -0.254679
v -4.974063 4.428023 -0.249240
v -5.042523 4.904661 -0.230895
v -5.061376 4.896049 -0.225844
v -5.201499 5.812099 -0.188298
v -5.209390 5.817522 -0.186184
v -5.223989 5.811663 -0.182272
v -5.220357 5.817311 -0.183245
v -5.217784 5.795484 -0.183935
v -5.195345 5.796153 -0.189947
vn 0.9954 -0.0956 -0.0000
vn 0.9615 -0.0956 0.2576
vn 0.9262 -0.2837 0.2482
vn 0.9589 -0.2837 -0.0000
vn -0.9622 -0.2723 -0.0000
vn -0.9294 -0.2723 -0.2490
vn -0.9602 0.1087 -0.2573
vn -0.9941 0.1087 -0.0000
vn -0.9495 0.3139 -0.0000
vn -0.9171 0.3139 -0.2457
vn -0.9621 0.0885 -0.2578
vn -0.9961 0.0885 -0.0000
vn 0.5908 -0.8068 -0.0000
vn 0.5706 -0.8068 0.1529
vn 0.8876 -0.3944 0.2378
vn 0.9189 -0.3944 -0.0000
vn 0.9623 0.2721 -0.0000
vn 0.9295 0.2721 0.2491
vn 0.9497 0.1826 0.2545
vn 0.9832 0.1826 -0.0000
vn 0.9821 0.1881 -0.0000
vn 0.9487 0.1881 0.2542
vn 0.5677 0.8091 0.1521
vn 0.5877 0.8091 -0.0000
vn -0.1665 0.9860 -0.0000
vn -0.1608 0.9860 -0.0431
vn -0.2588 0.9634 -0.0694
vn -0.2680 0.9634 -0.0000
vn 0.4092 -0.9124 -0.0000
vn 0.3953 -0.9124 0.1059
vn -0.0000 -1.0000 -0.0000
vn 0.9950 0.1000 -0.0000
vn 0.9611 0.1000 0.2575
vn 0.9283 -0.3719 -0.0000
vn 0.8967 -0.3719 0.2403
vn -0.9611 -0.1000 -0.2575
vn -0.9950 -0.1000 -0.0000
vn 0.6790 -0.7342 -0.0000
vn 0.6558 -0.7342 0.1757
vn 0.9283 0.3719 -0.0000
vn 0.8967 0.3719 0.2403
vn -0.4491 0.8853 -0.1203
vn -0.4650 0.8853 -0.0000
vn 0.4621 0.8868 -0.0000
vn 0.4464 0.8868 0.1196
vn -0.9495 -0.1835 -0.2544
vn -0.9830 -0.1835 -0.0000
vn 0.8844 -0.4668 -0.0000
vn 0.8542 -0.4668 0.2289
vn -0.7659 0.6094 -0.2052
vn -0.7929 0.6094 -0.0000
vn 0.7855 0.6188 -0.0000
vn 0.7588 0.6188 0.2033
vn 0.3025 0.9532 -0.0000
vn 0.2922 0.9531 0.0783
vn -0.0000 1.0000 -0.0000
vn -0.4496 0.8932 -0.0000
vn -0.4343 0.8932 -0.1164
vn 0.7958 -0.3944 0.4595
vn 0.8506 0.1881 0.4911
vn 0.8617 0.1000 0.4975
vn 0.8621 -0.0956 0.4977
vn -0.8626 0.0885 -0.4980
vn -0.8617 -0.1000 -0.4975
vn -0.1442 0.9860 -0.0832
vn 0.8515 0.1826 0.4916
vn -0.8513 -0.1835 -0.4915
vn 0.5116 -0.8068 0.2954
vn -0.8333 -0.2723 -0.4811
vn -0.2321 0.9634 -0.1340
vn 0.6803 0.6188 0.3928
vn 0.8333 0.2721 0.4811
vn 0.5880 -0.7342 0.3395
vn 0.2620 0.9532 0.1512
vn -0.4027 0.8853 -0.2325
vn 0.5090 0.8091 0.2939
vn -0.3893 0.8932 -0.2248
vn 0.7659 -0.4668 0.4422
vn 0.3544 -0.9124 0.2046
vn -0.8609 0.1087 -0.4970
vn -0.6867 0.6094 -0.3964
vn 0.8039 -0.3719 0.4641
vn 0.8304 -0.2837 0.4795
vn 0.8039 0.3719 0.4641
vn -0.8223 0.3139 -0.4747
vn 0.4002 0.8868 0.2311
vn 0.4156 0.8091 0.4156
vn 0.3268 0.8868 0.3268
vn -0.6714 0.3139 -0.6714
vn -0.7043 0.0885 -0.7043
vn 0.6498 -0.3944 0.6498
vn 0.6945 0.1881 0.6945
vn 0.7036 0.1000 0.7036
vn 0.7039 -0.0956 0.7039
vn -0.7036 -0.1000 -0.7036
vn -0.1177 0.9860 -0.1177
vn 0.6952 0.1826 0.6952
vn -0.6951 -0.1835 -0.6951
vn 0.4177 -0.8068 0.4177
vn -0.6804 -0.2723 -0.6804
vn -0.1895 0.9634 -0.1895
vn 0.5554 0.6188 0.5555
vn 0.6804 0.2721 0.6804
vn 0.4801 -0.7342 0.4801
vn 0.2139 0.9532 0.2139
vn -0.3288 0.8853 -0.3288
vn -0.3179 0.8933 -0.3179
vn 0.6253 -0.4668 0.6253
vn 0.2894 -0.9124 0.2894
vn -0.7029 0.1087 -0.7029
vn -0.5607 0.6094 -0.5607
vn 0.6564 -0.3719 0.6564
vn 0.6780 -0.2837 0.6780
vn 0.6564 0.3719 0.6564
vn 0.2311 0.8868 0.4002
vn 0.4641 0.3719 0.8039
vn 0.4977 -0.0956 0.8621
vn 0.4795 -0.2837 0.8304
vn 0.2939 0.8091 0.5090
vn -0.4747 0.3139 -0.8223
vn -0.4980 0.0885 -0.8626
vn 0.4595 -0.3944 0.7958
vn 0.4911 0.1881 0.8506
vn 0.4975 0.1000 0.8617
vn -0.4975 -0.1000 -0.8617
vn -0.0832 0.9860 -0.1442
vn 0.4916 0.1826 0.8515
vn -0.4915 -0.1835 -0.8513
vn 0.2954 -0.8068 0.5116
vn -0.4811 -0.2723 -0.8333
vn -0.1340 0.9634 -0.2321
vn 0.3928 0.6188 0.6803
vn 0.4811 0.2721 0.8333
vn 0.3395 -0.7342 0.5880
vn 0.1512 0.9532 0.2620
vn -0.2325 0.8853 -0.4027
vn -0.2248 0.8933 -0.3893
vn 0.4422 -0.4668 0.7659
vn 0.2046 -0.9124 0.3544
vn -0.4970 0.1087 -0.8609
vn -0.3964 0.6094 -0.6867
vn 0.4641 -0.3719 0.8039
vn 0.2403 0.3719 0.8967
vn 0.2403 -0.3719 0.8967
vn 0.2491 0.2721 0.9295
vn 0.2545 0.1826 0.9497
vn -0.2052 0.6094 -0.7659
vn -0.2457 0.3139 -0.9171
vn 0.1196 0.8868 0.4464
vn 0.2576 -0.0956 0.9615
vn 0.2482 -0.2837 0.9262
vn 0.1521 0.8091 0.5677
vn -0.2578 0.0885 -0.9621
vn 0.2378 -0.3944 0.8876
vn 0.2542 0.1881 0.9487
vn 0.2575 0.1000 0.9611
vn -0.2575 -0.1000 -0.9611
vn -0.0431 0.9860 -0.1608
vn -0.2544 -0.1835 -0.9495
vn 0.1529 -0.8068 0.5706
vn -0.2490 -0.2723 -0.9294
vn -0.0694 0.9634 -0.2588
vn 0.2033 0.6188 0.7588
vn 0.1757 -0.7342 0.6558
vn 0.0783 0.9532 0.2922
vn -0.1203 0.8853 -0.4491
vn -0.1163 0.8933 -0.4342
vn 0.2289 -0.4668 0.8542
vn 0.1059 -0.9124 0.3953
vn -0.2573 0.1087 -0.9602
vn -0.0000 -0.3719 0.9283
vn -0.0000 -0.9124 0.4092
vn -0.0000 -0.2723 -0.9622
vn -0.0000 0.1087 -0.9941
vn -0.0000 -0.2837 0.9589
vn -0.0000 -0.4668 0.8844
vn -0.0000 0.3719 0.9283
vn -0.0000 0.2721 0.9623
vn -0.0000 0.1826 0.9832
vn -0.0000 0.6094 -0.7929
vn -0.0000 0.3139 -0.9495
vn -0.0000 0.8868 0.4621
vn -0.0000 -0.0956 0.9954
vn -0.0000 0.8091 0.5877
vn -0.0000 0.0885 -0.9961
vn -0.0000 -0.3944 0.9189
vn -0.0000 0.1881 0.9821
vn -0.0000 0.1000 0.9950
vn -0.0000 -0.1000 -0.9950
vn -0.0000 0.9860 -0.1665
vn -0.0000 -0.1835 -0.9830
vn -0.0000 -0.8068 0.5908
vn -0.0000 0.9634 -0.2680
vn -0.0000 0.6188 0.7855
vn -0.0000 -0.7342 0.6790
vn -0.0000 0.9532 0.3025
vn -0.0000 0.8853 -0.4650
vn -0.0000 0.8933 -0.4495
vn -0.1059 -0.9124 0.3953
vn 0.2573 0.1087 -0.9602
vn 0.1164 0.8933 -0.4342
vn 0.1203 0.8853 -0.4491
vn 0.2052 0.6094 -0.7659
vn -0.2403 -0.3719 0.8967
vn 0.2490 -0.2723 -0.9294
vn -0.2482 -0.2837 0.9262
vn -0.2289 -0.4668 0.8542
vn -0.2403 0.3719 0.8967
vn -0.2491 0.2721 0.9295
vn -0.2545 0.1826 0.9497
vn 0.2457 0.3139 -0.9171
vn -0.1196 0.8868 0.4464
vn -0.2576 -0.0956 0.9615
vn -0.1521 0.8091 0.5677
vn 0.2578 0.0885 -0.9621
vn -0.2378 -0.3944 0.8876
vn -0.2542 0.1881 0.9487
vn -0.2575 0.1000 0.9611
vn 0.2575 -0.1000 -0.9611
vn 0.0431 0.9860 -0.1608
vn 0.2544 -0.1835 -0.9495
vn -0.1529 -0.8068 0.5706
vn 0.0694 0.9634 -0.2588
vn -0.2033 0.6188 0.7588
vn -0.1757 -0.7342 0.6558
vn -0.0783 0.9532 0.2922
vn -0.4911 0.1881 0.8506
vn -0.2939 0.8091 0.5090
vn 0.2248 0.8933 -0.3893
vn -0.1512 0.9532 0.2620
vn -0.4422 -0.4668 0.7659
vn -0.3395 -0.7342 0.5880
vn -0.2046 -0.9124 0.3544
vn 0.4970 0.1087 -0.8609
vn 0.2325 0.8853 -0.4027
vn 0.3964 0.6094 -0.6867
vn -0.4641 -0.3719 0.8039
vn 0.4811 -0.2723 -0.8333
vn -0.4795 -0.2837 0.8304
vn -0.4641 0.3719 0.8039
vn -0.4811 0.2721 0.8333
vn -0.4916 0.1826 0.8515
vn 0.4747 0.3139 -0.8223
vn -0.2311 0.8868 0.4002
vn -0.4977 -0.0956 0.8621
vn 0.4980 0.0885 -0.8626
vn -0.4595 -0.3944 0.7958
vn -0.4975 0.1000 0.8617
vn 0.4975 -0.1000 -0.8617
vn 0.0832 0.9860 -0.1442
vn 0.4915 -0.1835 -0.8513
vn -0.2954 -0.8068 0.5116
vn 0.1340 0.9634 -0.2321
vn -0.3928 0.6188 0.6803
vn -0.2139 0.9532 0.2139
vn -0.5554 0.6188 0.5555
vn 0.1895 0.9634 -0.1895
vn 0.3288 0.8853 -0.3288
vn -0.6945 0.1881 0.6945
vn -0.4156 0.8091 0.4156
vn 0.3179 0.8933 -0.3179
vn -0.6253 -0.4668 0.6253
vn -0.4801 -0.7342 0.4801
vn -0.2894 -0.9124 0.2894
vn 0.7029 0.1087 -0.7029
vn 0.5607 0.6094 -0.5607
vn -0.6564 -0.3719 0.6564
vn 0.6804 -0.2723 -0.6804
vn -0.6780 -0.2837 0.6780
vn -0.6564 0.3719 0.6564
vn -0.6804 0.2721 0.6804
vn -0.6952 0.1826 0.6952
vn 0.6714 0.3139 -0.6714
vn -0.3268 0.8868 0.3268
vn -0.7039 -0.0956 0.7039
vn 0.7043 0.0885 -0.7043
vn -0.6498 -0.3944 0.6498
vn -0.7036 0.1000 0.7036
vn 0.7036 -0.1000 -0.7036
vn 0.1177 0.9860 -0.1177
vn 0.6951 -0.1835 -0.6951
vn -0.4177 -0.8068 0.4177
vn -0.6803 0.6188 0.3928
vn -0.8333 0.2721 0.4811
vn -0.5880 -0.7342 0.3395
vn -0.5116 -0.8068 0.2954
vn -0.2620 0.9532 0.1512
vn 0.2321 0.9634 -0.1340
vn 0.4027 0.8853 -0.2325
vn -0.8506 0.1881 0.4911
vn -0.5090 0.8091 0.2939
vn 0.3893 0.8933 -0.2248
vn -0.7659 -0.4668 0.4422
vn -0.3544 -0.9124 0.2046
vn 0.8609 0.1087 -0.4970
vn 0.6867 0.6094 -0.3964
vn -0.8039 -0.3719 0.4641
vn 0.8333 -0.2723 -0.4811
vn -0.8304 -0.2837 0.4795
vn -0.8039 0.3719 0.4641
vn -0.8515 0.1826 0.4916
vn 0.8223 0.3139 -0.4747
vn -0.4002 0.8868 0.2311
vn -0.8621 -0.0956 0.4977
vn 0.8626 0.0885 -0.4980
vn -0.7958 -0.3944 0.4595
vn -0.8617 0.1000 0.4975
vn 0.8617 -0.1000 -0.4975
vn 0.1442 0.9860 -0.0832
vn 0.8513 -0.1835 -0.4915
vn 0.9495 -0.1835 -0.2544
vn 0.9294 -0.2723 -0.2490
vn 0.1608 0.9860 -0.0431
vn 0.2588 0.9634 -0.0694
vn -0.7587 0.6188 0.2033
vn -0.9295 0.2721 0.2491
vn -0.6558 -0.7342 0.1757
vn -0.5706 -0.8068 0.1529
vn -0.2922 0.9532 0.0783
vn 0.4491 0.8853 -0.1203
vn -0.9487 0.1881 0.2542
vn -0.5677 0.8091 0.1521
vn 0.4342 0.8933 -0.1163
vn -0.8542 -0.4668 0.2289
vn -0.3953 -0.9124 0.1059
vn 0.9602 0.1087 -0.2573
vn 0.7659 0.6094 -0.2052
vn -0.8967 -0.3719 0.2403
vn -0.9262 -0.2837 0.2482
vn -0.8967 0.3719 0.2403
vn -0.9497 0.1826 0.2545
vn 0.9171 0.3139 -0.2457
vn -0.4464 0.8868 0.1196
vn -0.9615 -0.0956 0.2576
vn 0.9621 0.0885 -0.2578
vn -0.8876 -0.3944 0.2378
vn -0.9611 0.1000 0.2575
vn 0.9611 -0.1000 -0.2575
vn 0.9950 -0.1000 -0.0000
vn 0.9830 -0.1835 -0.0000
vn -0.5908 -0.8068 -0.0000
vn -0.9189 -0.3944 -0.0000
vn 0.9622 -0.2723 -0.0000
vn 0.1665 0.9860 -0.0000
vn 0.2680 0.9634 -0.0000
vn -0.7855 0.6188 -0.0000
vn -0.9623 0.2721 -0.0000
vn -0.6790 -0.7342 -0.0000
vn -0.3025 0.9532 -0.0000
vn 0.4650 0.8853 -0.0000
vn -0.9821 0.1881 -0.0000
vn -0.5877 0.8091 -0.0000
vn 0.4495 0.8933 -0.0000
vn -0.8844 -0.4668 -0.0000
vn -0.4092 -0.9124 -0.0000
vn 0.9941 0.1087 -0.0000
vn 0.7929 0.6094 -0.0000
vn -0.9283 -0.3719 -0.0000
vn -0.9589 -0.2837 -0.0000
vn -0.9283 0.3719 -0.0000
vn -0.9832 0.1826 -0.0000
vn 0.9495 0.3139 -0.0000
vn -0.4621 0.8868 -0.0000
vn -0.9954 -0.0956 -0.0000
vn 0.9961 0.0885 -0.0000
vn -0.9950 0.1000 -0.0000
vn -0.9497 0.1826 -0.2545
vn -0.9611 0.1000 -0.2575
vn 0.9611 -0.1000 0.2575
vn 0.9495 -0.1835 0.2544
vn -0.5706 -0.8068 -0.1529
vn -0.8876 -0.3944 -0.2378
vn 0.9294 -0.2723 0.2490
vn 0.1608 0.9860 0.0431
vn 0.2588 0.9634 0.0694
vn -0.7588 0.6188 -0.2033
vn -0.9295 0.2721 -0.2491
vn -0.6558 -0.7342 -0.1757
vn -0.2922 0.9532 -0.0783
vn 0.4491 0.8853 0.1203
vn -0.9487 0.1881 -0.2542
vn -0.5677 0.8091 -0.1521
vn 0.4342 0.8932 0.1164
vn -0.8542 -0.4668 -0.2289
vn -0.3953 -0.9124 -0.1059
vn 0.9602 0.1087 0.2573
vn 0.7659 0.6094 0.2052
vn -0.8967 -0.3719 -0.2403
vn -0.9262 -0.2837 -0.2482
vn -0.8967 0.3719 -0.2403
vn 0.9171 0.3139 0.2457
vn -0.4464 0.8868 -0.1196
vn -0.9615 -0.0956 -0.2576
vn 0.9621 0.0885 0.2578
vn 0.8626 0.0885 0.4980
vn 0.8617 -0.1000 0.4975
vn 0.1442 0.9860 0.0832
vn -0.8515 0.1826 -0.4916
vn -0.8617 0.1000 -0.4975
vn 0.8513 -0.1835 0.4915
vn -0.5116 -0.8068 -0.2954
vn -0.7958 -0.3944 -0.4595
vn 0.8333 -0.2723 0.4811
vn 0.2321 0.9634 0.1340
vn -0.6803 0.6188 -0.3928
vn -0.8333 0.2721 -0.4811
vn -0.5880 -0.7342 -0.3395
vn -0.2620 0.9532 -0.1512
vn 0.4027 0.8853 0.2325
vn -0.8506 0.1881 -0.4911
vn -0.5090 0.8091 -0.2939
vn 0.3893 0.8933 0.2248
vn -0.7659 -0.4668 -0.4422
vn -0.3544 -0.9124 -0.2046
vn 0.8609 0.1087 0.4970
vn 0.6867 0.6094 0.3964
vn -0.8039 -0.3719 -0.4641
vn -0.8304 -0.2837 -0.4795
vn -0.8039 0.3719 -0.4641
vn 0.8223 0.3139 0.4747
vn -0.4002 0.8868 -0.2311
vn -0.8621 -0.0956 -0.4977
vn -0.7036 0.1000 -0.7036
vn -0.7039 -0.0956 -0.7039
vn 0.7043 0.0885 0.7043
vn 0.7036 -0.1000 0.7036
vn 0.1177 0.9860 0.1177
vn -0.6952 0.1826 -0.6952
vn 0.6951 -0.1835 0.6951
vn -0.4177 -0.8068 -0.4177
vn -0.6498 -0.3944 -0.6498
vn 0.6804 -0.2723 0.6804
vn 0.1895 0.9634 0.1895
vn -0.5555 0.6188 -0.5554
vn -0.6804 0.2721 -0.6804
vn -0.4801 -0.7342 -0.4801
vn -0.2139 0.9532 -0.2139
vn 0.3288 0.8853 0.3288
vn -0.6945 0.1881 -0.6945
vn -0.4156 0.8091 -0.4156
vn 0.3179 0.8933 0.3179
vn -0.6253 -0.4668 -0.6253
vn -0.2894 -0.9124 -0.2894
vn 0.7029 0.1087 0.7029
vn 0.5607 0.6094 0.5607
vn -0.6564 -0.3719 -0.6564
vn -0.6780 -0.2837 -0.6781
vn -0.6564 0.3719 -0.6564
vn 0.6714 0.3139 0.6714
vn -0.3268 0.8868 -0.3268
vn 0.4747 0.3139 0.8223
vn 0.4980 0.0885 0.8626
vn -0.4595 -0.3944 -0.7958
vn -0.4911 0.1881 -0.8506
vn -0.4975 0.1000 -0.8617
vn -0.4977 -0.0956 -0.8621
vn 0.4975 -0.1000 0.8617
vn 0.0832 0.9860 0.1442
vn -0.4916 0.1826 -0.8515
vn 0.4915 -0.1835 0.8513
vn -0.2954 -0.8068 -0.5116
vn 0.4811 -0.2723 0.8333
vn 0.1340 0.9634 0.2321
vn -0.3928 0.6188 -0.6803
vn -0.4811 0.2721 -0.8333
vn -0.3395 -0.7342 -0.5880
vn -0.1512 0.9532 -0.2620
vn 0.2325 0.8853 0.4027
vn -0.2939 0.8091 -0.5090
vn 0.2248 0.8933 0.3893
vn -0.4422 -0.4668 -0.7659
vn -0.2046 -0.9124 -0.3544
vn 0.4970 0.1087 0.8609
vn 0.3964 0.6094 0.6867
vn -0.4641 -0.3719 -0.8039
vn -0.4795 -0.2837 -0.8304
vn -0.4641 0.3719 -0.8039
vn -0.2311 0.8868 -0.4002
vn -0.2576 -0.0956 -0.9615
vn -0.2482 -0.2837 -0.9262
vn -0.1521 0.8091 -0.5677
vn -0.1196 0.8868 -0.4464
vn 0.2457 0.3139 0.9171
vn 0.2578 0.0885 0.9621
vn -0.2378 -0.3944 -0.8876
vn -0.2542 0.1881 -0.9487
vn -0.2575 0.1000 -0.9611
vn 0.2575 -0.1000 0.9611
vn 0.0431 0.9860 0.1608
vn -0.2545 0.1826 -0.9497
vn 0.2544 -0.1835 0.9495
vn -0.1529 -0.8068 -0.5706
vn 0.2490 -0.2723 0.9294
vn 0.0694 0.9634 0.2588
vn -0.2033 0.6188 -0.7588
vn -0.2491 0.2721 -0.9295
vn -0.1757 -0.7342 -0.6558
vn -0.0783 0.9532 -0.2922
vn 0.1203 0.8853 0.4491
vn 0.1163 0.8933 0.4342
vn -0.2289 -0.4668 -0.8542
vn -0.1059 -0.9124 -0.3953
vn 0.2573 0.1087 0.9602
vn 0.2052 0.6094 0.7659
vn -0.2403 -0.3719 -0.8967
vn -0.2403 0.3719 -0.8967
vn -0.0000 0.2721 -0.9623
vn -0.0000 0.1826 -0.9832
vn -0.0000 0.6094 0.7929
vn -0.0000 0.3139 0.9495
vn -0.0000 0.8868 -0.4621
vn -0.0000 0.3719 -0.9283
vn -0.0000 -0.0956 -0.9954
vn -0.0000 -0.2837 -0.9589
vn -0.0000 0.8091 -0.5877
vn -0.0000 0.0885 0.9961
vn -0.0000 -0.3944 -0.9189
vn -0.0000 0.1881 -0.9821
vn -0.0000 0.1000 -0.9950
vn -0.0000 -0.1000 0.9950
vn -0.0000 0.9860 0.1665
vn -0.0000 -0.1835 0.9830
vn -0.0000 -0.8068 -0.5908
vn -0.0000 -0.2723 0.9622
vn -0.0000 0.9634 0.2680
vn -0.0000 0.6188 -0.7855
vn -0.0000 -0.7342 -0.6790
vn -0.0000 0.9532 -0.3025
vn -0.0000 0.8853 0.4650
vn -0.0000 0.8933 0.4495
vn -0.0000 -0.4668 -0.8844
vn -0.0000 -0.9124 -0.4092
vn -0.0000 0.1087 0.9941
vn -0.0000 -0.3719 -0.9283
vn -0.2490 -0.2723 0.9294
vn -0.2573 0.1087 0.9602
vn 0.2482 -0.2837 -0.9262
vn 0.2289 -0.4668 -0.8542
vn 0.2403 0.3719 -0.8967
vn 0.2403 -0.3719 -0.8967
vn 0.2491 0.2721 -0.9295
vn 0.2545 0.1826 -0.9497
vn -0.2052 0.6094 0.7659
vn -0.2457 0.3139 0.9171
vn 0.1196 0.8868 -0.4464
vn 0.2576 -0.0956 -0.9615
vn 0.1521 0.8091 -0.5677
vn -0.2578 0.0885 0.9621
vn 0.2378 -0.3944 -0.8876
vn 0.2542 0.1881 -0.9487
vn 0.2575 0.1000 -0.9611
vn -0.2575 -0.1000 0.9611
vn -0.0431 0.9860 0.1608
vn -0.2544 -0.1835 0.9495
vn 0.1529 -0.8068 -0.5706
vn -0.0694 0.9634 0.2588
vn 0.2033 0.6188 -0.7588
vn 0.1757 -0.7342 -0.6558
vn 0.0783 0.9532 -0.2922
vn -0.1203 0.8853 0.4491
vn -0.1164 0.8933 0.4342
vn 0.1059 -0.9124 -0.3953
vn -0.4970 0.1087 0.8609
vn -0.2248 0.8933 0.3893
vn -0.2325 0.8853 0.4027
vn -0.3964 0.6094 0.6867
vn 0.4641 -0.3719 -0.8039
vn 0.2046 -0.9124 -0.3544
vn -0.4811 -0.2723 0.8333
vn 0.4795 -0.2837 -0.8304
vn 0.4422 -0.4668 -0.7659
vn 0.4641 0.3719 -0.8039
vn 0.4811 0.2721 -0.8333
vn 0.4916 0.1826 -0.8515
vn -0.4747 0.3139 0.8223
vn 0.2311 0.8868 -0.4002
vn 0.4977 -0.0956 -0.8621
vn 0.2939 0.8091 -0.5090
vn -0.4980 0.0885 0.8626
vn 0.4595 -0.3944 -0.7958
vn 0.4911 0.1881 -0.8506
vn 0.4975 0.1000 -0.8617
vn -0.4975 -0.1000 0.8617
vn -0.0832 0.9860 0.1442
vn -0.4915 -0.1835 0.8513
vn 0.2954 -0.8068 -0.5116
vn -0.1340 0.9634 0.2321
vn 0.3928 0.6188 -0.6803
vn 0.3395 -0.7342 -0.5880
vn 0.1512 0.9532 -0.2620
vn -0.3179 0.8933 0.3179
vn 0.2139 0.9532 -0.2139
vn 0.6253 -0.4668 -0.6253
vn 0.4801 -0.7342 -0.4801
vn 0.2894 -0.9124 -0.2894
vn -0.7029 0.1087 0.7029
vn -0.3288 0.8853 0.3288
vn -0.5607 0.6094 0.5607
vn 0.6564 -0.3719 -0.6564
vn -0.6804 -0.2723 0.6804
vn 0.6780 -0.2837 -0.6780
vn 0.6564 0.3719 -0.6564
vn 0.6804 0.2721 -0.6804
vn 0.6952 0.1826 -0.6952
vn -0.6714 0.3139 0.6714
vn 0.3268 0.8868 -0.3268
vn 0.7039 -0.0956 -0.7039
vn 0.4156 0.8091 -0.4156
vn -0.7043 0.0885 0.7043
vn 0.6498 -0.3944 -0.6498
vn 0.6945 0.1881 -0.6945
vn 0.7036 0.1000 -0.7036
vn -0.7036 -0.1000 0.7036
vn -0.1177 0.9860 0.1177
vn -0.6951 -0.1835 0.6951
vn 0.4177 -0.8068 -0.4177
vn -0.1895 0.9634 0.1895
vn 0.5555 0.6188 -0.5554
vn 0.2620 0.9532 -0.1512
vn 0.6803 0.6188 -0.3928
vn -0.2321 0.9634 0.1340
vn -0.4027 0.8853 0.2325
vn 0.8506 0.1881 -0.4911
vn 0.5090 0.8091 -0.2939
vn -0.3893 0.8933 0.2248
vn 0.7659 -0.4668 -0.4422
vn 0.5880 -0.7342 -0.3395
vn 0.3544 -0.9124 -0.2046
vn -0.8609 0.1087 0.4970
vn -0.6867 0.6094 0.3964
vn 0.8039 -0.3719 -0.4641
vn -0.8333 -0.2723 0.4811
vn 0.8304 -0.2837 -0.4795
vn 0.8039 0.3719 -0.4641
vn 0.8333 0.2721 -0.4811
vn 0.8515 0.1826 -0.4916
vn -0.8223 0.3139 0.4747
vn 0.4002 0.8868 -0.2311
vn 0.8621 -0.0956 -0.4977
vn -0.8626 0.0885 0.4980
vn 0.7958 -0.3944 -0.4595
vn 0.8617 0.1000 -0.4975
vn -0.8617 -0.1000 0.4975
vn -0.1442 0.9860 0.0832
vn -0.8513 -0.1835 0.4915
vn 0.5116 -0.8068 -0.2954
vn 0.7588 0.6188 -0.2033
vn 0.9295 0.2721 -0.2491
vn 0.6558 -0.7342 -0.1757
vn 0.5706 -0.8068 -0.1529
vn 0.2922 0.9532 -0.0783
vn -0.2588 0.9634 0.0694
vn -0.4491 0.8853 0.1203
vn 0.9487 0.1881 -0.2542
vn 0.5677 0.8091 -0.1521
vn -0.4342 0.8933 0.1164
vn 0.8542 -0.4668 -0.2289
vn 0.3953 -0.9124 -0.1059
vn -0.9602 0.1087 0.2573
vn -0.7659 0.6094 0.2052
vn 0.8967 -0.3719 -0.2403
vn -0.9294 -0.2723 0.2490
vn 0.9262 -0.2837 -0.2482
vn 0.8967 0.3719 -0.2403
vn 0.9497 0.1826 -0.2545
vn -0.9171 0.3139 0.2457
vn 0.4464 0.8868 -0.1196
vn 0.9615 -0.0956 -0.2576
vn -0.9621 0.0885 0.2578
vn 0.8876 -0.3944 -0.2378
vn 0.9611 0.1000 -0.2575
vn -0.9611 -0.1000 0.2575
vn -0.1608 0.9860 0.0431
vn -0.9495 -0.1835 0.2544
vt 0.609631 1.000000
vt 0.609631 0.000000
vt 0.609631 1.000000
vt 1.000000 0.197806
vt 0.989425 0.000000
vt 0.989425 1.000000
vt 1.000000 0.802194
vt 0.609631 1.000000
vt 0.609631 1.000000
vt 0.609631 1.000000
vt 0.609631 1.000000
vt 0.609631 1.000000
vt 0.609631 1.000000
vt 0.609631 1.000000
vt 0.609631 1.000000
vt 0.609631 1.000000
vt 0.609631 1.000000
vt 0.609631 1.000000
vt 0.609631 1.000000
vt 0.609631 1.000000
vt 0.609631 1.000000
vt 0.609631 1.000000
vt 0.609631 1.000000
vt 0.609631 1.000000
vt 0.609631 1.000000
vt 0.609631 1.000000
vt 0.609631 1.000000
vt 0.609631 1.000000
vt 0.609631 1.000000
vt 0.609631 1.000000
vt 0.609631 0.000000
vt 0.609631 1.000000
vt 1.000000 0.197806
vt 0.989425 0.000000
vt 0.989425 1.000000
vt 1.000000 0.802194
vt 0.609631 1.000000
vt 0.609631 1.000000
vt 0.609631 1.000000
vt 0.609631 1.000000
vt 0.609631 1.000000
vt 0.609631 1.000000
vt 0.609631 1.000000
vt 0.609631 1.000000
vt 0.609631 1.000000
vt 0.609631 1.000000
vt 0.609631 1.000000
vt 0.609631 1.000000
vt 0.609631 1.000000
vt 0.609631 1.000000
vt 0.609631 1.000000
vt 0.609631 1.000000
vt 0.609631 1.000000
vt 0.609631 1.000000
vt 0.609631 1.000000
vt 0.609631 1.000000
vt 0.609631 1.000000
vt 0.609631 1.000000
vt 0.609631 1.000000
vt 0.609631 0.000000
vt 0.609631 1.000000
vt 1.000000 0.197806
vt 0.989425 0.000000
vt 0.989425 1.000000
vt 1.000000 0.802194
vt 0.609631 1.000000
vt 0.609631 1.000000
vt 0.609631 1.000000
vt 0.609631 1.000000
vt 0.609631 1.000000
vt 0.609631 1.000000
vt 0.609631 1.000000
vt 0.609631 1.000000
vt 0.609631 1.000000
vt 0.609631 1.000000
vt 0.609631 1.000000
vt 0.609631 1.000000
vt 0.609631 1.000000
vt 0.609631 1.000000
vt 0.609631 1.000000
vt 0.609631 1.000000
vt 0.609631 1.000000
vt 0.609631 1.000000
vt 0.609631 1.000000
vt 0.609631 1.000000
vt 0.609631 1.000000
vt 0.609631 1.000000
vt 0.609631 1.000000
vt 0.609631 0.000000
vt 0.609631 1.000000
vt 1.000000 0.197806
vt 0.989425 0.000000
vt 0.989425 1.000000
vt 1.000000 0.802194
vt 0.609631 1.000000
vt 0.609631 1.000000
vt 0.609631 1.000000
vt 0.609631 1.000000
vt 0.609631 1.000000
vt 0.609631 1.000000
vt 0.609631 1.000000
vt 0.609631 1.000000
vt 0.609631 1.000000
vt 0.609631 1.000000
vt 0.609631 1.000000
vt 0.609631 1.000000
vt 0.609631 1.000000
vt 0.609631 1.000000
vt 0.609631 1.000000
vt 0.609631 1.000000
vt 0.609631 1.000000
vt 0.609631 1.000000
vt 0.609631 1.000000
vt 0.609631 1.000000
vt 0.609631 1.000000
vt 0.609631 1.000000
vt 0.609631 1.000000
vt 0.609631 0.000000
vt 0.609631 1.000000
vt 1.000000 0.197806
vt 0.989425 0.000000
vt 0.989425 1.000000
vt 1.000000 0.802194
vt 0.609631 1.000000
vt 0.609631 1.000000
vt 0.500000 1.000000
vt 0.609631 1.000000
vt 0.609631 1.000000
vt 0.609631 1.000000
vt 0.609631 1.000000
vt 0.609631 1.000000
vt 0.609631 1.000000
vt 0.609631 1.000000
vt 0.609631 1.000000
vt 0.609631 1.000000
vt 0.609631 1.000000
vt 0.609631 1.000000
vt 0.609631 1.000000
vt 0.609631 1.000000
vt 0.609631 1.000000
vt 0.609631 1.000000
vt 0.609631 1.000000
vt 0.609631 1.000000
vt 0.609631 1.000000
vt 0.609631 1.000000
vt 0.609631 1.000000
vt 0.609631 1.000000
vt 0.609631 0.000000
vt 0.500000 0.000000
vt 0.609631 1.000000
vt 1.000000 0.197806
vt 0.989425 0.000000
vt 0.989425 1.000000
vt 1.000000 0.802194
vt 0.609631 1.000000
vt 0.609631 1.000000
vt 0.609631 1.000000
vt 0.609631 1.000000
vt 0.609631 1.000000
vt 0.609631 1.000000
vt 0.609631 1.000000
vt 0.609631 1.000000
vt 0.609631 1.000000
vt 0.609631 1.000000
vt 0.609631 1.000000
vt 0.609631 1.000000
vt 0.609631 1.000000
vt 0.609631 1.000000
vt 0.609631 1.000000
vt 0.609631 1.000000
vt 0.609631 1.000000
vt 0.609631 1.000000
vt 0.609631 1.000000
vt 0.609631 1.000000
vt 0.609631 1.000000
vt 0.609631 1.000000
vt 0.609631 1.000000
vt 0.609631 0.000000
vt 0.609631 1.000000
vt 1.000000 0.197806
vt 0.989425 0.000000
vt 0.989425 1.000000
vt 1.000000 0.802194
vt 0.609631 1.000000
vt 0.609631 1.000000
vt 0.609631 1.000000
vt 0.609631 1.000000
vt 0.609631 1.000000
vt 0.609631 1.000000
vt 0.609631 1.000000
vt 0.609631 1.000000
vt 0.609631 1.000000
vt 0.609631 1.000000
vt 0.609631 1.000000
vt 0.609631 1.000000
vt 0.609631 1.000000
vt 0.609631 1.000000
vt 0.609631 1.000000
vt 0.609631 1.000000
vt 0.609631 1.000000
vt 0.609631 1.000000
vt 0.609631 1.000000
vt 0.609631 1.000000
vt 0.609631 1.000000
vt 0.609631 1.000000
vt 0.609631 1.000000
vt 0.609631 0.000000
vt 0.609631 1.000000
vt 1.000000 0.197806
vt 0.989425 0.000000
vt 0.989425 1.000000
vt 1.000000 0.802194
vt 0.609631 1.000000
vt 0.609631 1.000000
vt 0.609631 1.000000
vt 0.609631 1.000000
vt 0.609631 1.000000
vt 0.609631 1.000000
vt 0.609631 1.000000
vt 0.609631 1.000000
vt 0.609631 1.000000
vt 0.609631 1.000000
vt 0.609631 1.000000
vt 0.609631 1.000000
vt 0.609631 1.000000
vt 0.609631 1.000000
vt 0.609631 1.000000
vt 0.609631 1.000000
vt 0.609631 1.000000
vt 0.609631 1.000000
vt 0.609631 1.000000
vt 0.609631 1.000000
vt 0.609631 1.000000
vt 0.609631 1.000000
vt 0.609631 1.000000
vt 0.609631 0.000000
vt 0.609631 1.000000
vt 1.000000 0.197806
vt 0.989425 0.000000
vt 0.989425 1.000000
vt 1.000000 0.802194
vt 0.609631 1.000000
vt 0.609631 1.000000
vt 0.609631 1.000000
vt 0.609631 1.000000
vt 0.609631 1.000000
vt 0.609631 1.000000
vt 0.609631 1.000000
vt 0.609631 1.000000
vt 0.609631 1.000000
vt 0.609631 1.000000
vt 0.609631 1.000000
vt 0.609631 1.000000
vt 0.609631 1.000000
vt 0.609631 1.000000
vt 0.609631 1.000000
vt 0.609631 1.000000
vt 0.609631 1.000000
vt 0.609631 1.000000
vt 0.609631 1.000000
vt 0.609631 1.000000
vt 0.609631 1.000000
vt 0.609631 1.000000
vt 0.609631 1.000000
vt 0.609631 0.000000
vt 0.609631 1.000000
vt 1.000000 0.197806
vt 0.989425 0.000000
vt 0.989425 1.000000
vt 1.000000 0.802194
vt 0.609631 1.000000
vt 0.609631 1.000000
vt 0.609631 1.000000
vt 0.609631 1.000000
vt 0.609631 1.000000
vt 0.609631 1.000000
vt 0.609631 1.000000
vt 0.609631 1.000000
vt 0.609631 1.000000
vt 0.609631 1.000000
vt 0.609631 1.000000
vt 0.609631 1.000000
vt 0.609631 1.000000
vt 0.609631 1.000000
vt 0.609631 1.000000
vt 0.609631 1.000000
vt 0.609631 1.000000
vt 0.609631 1.000000
vt 0.609631 1.000000
vt 0.609631 1.000000
vt 0.609631 1.000000
vt 0.609631 1.000000
vt 0.609631 1.000000
vt 0.609631 0.000000
vt 0.609631 1.000000
vt 1.000000 0.197806
vt 0.989425 0.000000
vt 0.989425 1.000000
vt 1.000000 0.802194
vt 0.609631 1.000000
vt 0.609631 1.000000
vt 0.609631 1.000000
vt 0.609631 1.000000
vt 0.609631 1.000000
vt 0.609631 1.000000
vt 0.609631 1.000000
vt 0.609631 1.000000
vt 0.609631 1.000000
vt 0.609631 1.000000
vt 0.609631 1.000000
vt 0.609631 1.000000
vt 0.609631 1.000000
vt 0.609631 1.000000
vt 0.609631 1.000000
vt 0.609631 1.000000
vt 0.609631 1.000000
vt 0.609631 1.000000
vt 0.609631 1.000000
vt 0.609631 1.000000
vt 0.609631 1.000000
vt 0.609631 1.000000
vt 0.609631 1.000000
vt 0.609631 0.000000
vt 0.609631 1.000000
vt 1.000000 0.197806
vt 0.989425 0.000000
vt 0.989425 1.000000
vt 1.000000 0.802194
vt 0.609631 1.000000
vt 0.609631 1.000000
vt 0.609631 1.000000
vt 0.609631 1.000000
vt 0.609631 1.000000
vt 0.609631 1.000000
vt 0.609631 1.000000
vt 0.609631 1.000000
vt 0.609631 1.000000
vt 0.609631 1.000000
vt 0.609631 1.000000
vt 0.609631 1.000000
vt 0.609631 1.000000
vt 0.609631 1.000000
vt 0.609631 1.000000
vt 0.609631 1.000000
vt 0.609631 1.000000
vt 0.609631 1.000000
vt 0.609631 1.000000
vt 0.609631 1.000000
vt 0.609631 1.000000
vt 0.609631 1.000000
vt 0.609631 1.000000
vt 0.609631 0.000000
vt 0.609631 1.000000
vt 1.000000 0.197806
vt 0.989425 0.000000
vt 0.989425 1.000000
vt 1.000000 0.802194
vt 0.609631 1.000000
vt 0.609631 1.000000
vt 0.609631 1.000000
vt 0.609631 1.000000
vt 0.609631 1.000000
vt 0.609631 1.000000
vt 0.609631 1.000000
vt 0.609631 1.000000
vt 0.609631 1.000000
vt 0.609631 1.000000
vt 0.609631 1.000000
vt 0.609631 1.000000
vt 0.609631 1.000000
vt 0.609631 1.000000
vt 0.609631 1.000000
vt 0.609631 1.000000
vt 0.609631 1.000000
vt 0.609631 1.000000
vt 0.609631 1.000000
vt 0.609631 1.000000
vt 0.609631 1.000000
vt 0.609631 1.000000
vt 0.609631 1.000000
vt 0.609631 0.000000
vt 0.609631 1.000000
vt 1.000000 0.197806
vt 0.989425 0.000000
vt 0.989425 1.000000
vt 1.000000 0.802194
vt 0.609631 1.000000
vt 0.609631 1.000000
vt 0.609631 1.000000
vt 0.609631 1.000000
vt 0.609631 1.000000
vt 0.609631 1.000000
vt 0.609631 1.000000
vt 0.609631 1.000000
vt 0.609631 1.000000
vt 0.609631 1.000000
vt 0.609631 1.000000
vt 0.609631 1.000000
vt 0.609631 1.000000
vt 0.609631 1.000000
vt 0.609631 1.000000
vt 0.609631 1.000000
vt 0.609631 1.000000
vt 0.609631 1.000000
vt 0.609631 1.000000
vt 0.609631 1.000000
vt 0.609631 1.000000
vt 0.609631 1.000000
vt 0.609631 1.000000
vt 0.609631 0.000000
vt 0.609631 1.000000
vt 1.000000 0.197806
vt 0.989425 0.000000
vt 0.989425 1.000000
vt 1.000000 0.802194
vt 0.609631 1.000000
vt 0.609631 1.000000
vt 0.609631 1.000000
vt 0.609631 1.000000
vt 0.609631 1.000000
vt 0.609631 1.000000
vt 0.609631 1.000000
vt 0.609631 1.000000
vt 0.609631 1.000000
vt 0.609631 1.000000
vt 0.609631 1.000000
vt 0.609631 1.000000
vt 0.609631 1.000000
vt 0.609631 1.000000
vt 0.609631 1.000000
vt 0.609631 1.000000
vt 0.609631 1.000000
vt 0.609631 1.000000
vt 0.609631 1.000000
vt 0.609631 1.000000
vt 0.609631 1.000000
vt 0.609631 1.000000
vt 0.609631 1.000000
vt 0.609631 0.000000
vt 0.609631 1.000000
vt 1.000000 0.197806
vt 0.989425 0.000000
vt 0.989425 1.000000
vt 1.000000 0.802194
vt 0.609631 1.000000
vt 0.609631 1.000000
vt 0.609631 1.000000
vt 0.609631 1.000000
vt 0.609631 1.000000
vt 0.609631 1.000000
vt 0.609631 1.000000
vt 0.609631 1.000000
vt 0.609631 1.000000
vt 0.609631 1.000000
vt 0.609631 1.000000
vt 0.609631 1.000000
vt 0.609631 1.000000
vt 0.609631 1.000000
vt 0.609631 1.000000
vt 0.609631 1.000000
vt 0.609631 1.000000
vt 0.609631 1.000000
vt 0.609631 1.000000
vt 0.609631 1.000000
vt 0.609631 1.000000
vt 0.609631 1.000000
vt 0.609631 1.000000
vt 0.609631 0.000000
vt 0.609631 1.000000
vt 1.000000 0.197806
vt 0.989425 0.000000
vt 0.989425 1.000000
vt 1.000000 0.802194
vt 0.609631 1.000000
vt 0.609631 1.000000
vt 0.609631 1.000000
vt 0.609631 1.000000
vt 0.609631 1.000000
vt 0.609631 1.000000
vt 0.609631 1.000000
vt 0.609631 1.000000
vt 0.609631 1.000000
vt 0.609631 1.000000
vt 0.609631 1.000000
vt 0.609631 1.000000
vt 0.609631 1.000000
vt 0.609631 1.000000
vt 0.609631 1.000000
vt 0.609631 1.000000
vt 0.609631 1.000000
vt 0.609631 1.000000
vt 0.609631 1.000000
vt 0.609631 1.000000
vt 0.609631 1.000000
vt 0.609631 1.000000
vt 0.609631 1.000000
vt 0.609631 0.000000
vt 0.609631 1.000000
vt 1.000000 0.197806
vt 0.989425 0.000000
vt 0.989425 1.000000
vt 1.000000 0.802194
vt 0.609631 1.000000
vt 0.609631 1.000000
vt 0.609631 1.000000
vt 0.609631 1.000000
vt 0.609631 1.000000
vt 0.609631 1.000000
vt 0.609631 1.000000
vt 0.609631 1.000000
vt 0.609631 1.000000
vt 0.609631 1.000000
vt 0.609631 1.000000
vt 0.609631 1.000000
vt 0.609631 1.000000
vt 0.609631 1.000000
vt 0.609631 1.000000
vt 0.609631 1.000000
vt 0.609631 1.000000
vt 0.609631 1.000000
vt 0.609631 1.000000
vt 0.609631 1.000000
vt 0.609631 1.000000
vt 0.609631 1.000000
vt 0.609631 1.000000
vt 0.609631 0.000000
vt 0.609631 1.000000
vt 1.000000 0.197806
vt 0.989425 0.000000
vt 0.989425 1.000000
vt 1.000000 0.802194
vt 0.609631 1.000000
vt 0.609631 1.000000
vt 0.609631 1.000000
vt 0.609631 1.000000
vt 0.609631 1.000000
vt 0.609631 1.000000
vt 0.609631 1.000000
vt 0.609631 1.000000
vt 0.609631 1.000000
vt 0.609631 1.000000
vt 0.609631 1.000000
vt 0.609631 1.000000
vt 0.609631 1.000000
vt 0.609631 1.000000
vt 0.609631 1.000000
vt 0.609631 1.000000
vt 0.609631 1.000000
vt 0.609631 1.000000
vt 0.609631 1.000000
vt 0.609631 1.000000
vt 0.609631 1.000000
vt 0.609631 1.000000
vt 0.609631 1.000000
vt 0.609631 0.000000
vt 0.609631 1.000000
vt 1.000000 0.197806
vt 0.989425 0.000000
vt 0.989425 1.000000
vt 1.000000 0.802194
vt 0.609631 1.000000
vt 0.609631 1.000000
vt 0.609631 1.000000
vt 0.609631 1.000000
vt 0.609631 1.000000
vt 0.609631 1.000000
vt 0.609631 1.000000
vt 0.609631 1.000000
vt 0.609631 1.000000
vt 0.609631 1.000000
vt 0.609631 1.000000
vt 0.609631 1.000000
vt 0.609631 1.000000
vt 0.609631 1.000000
vt 0.609631 1.000000
vt 0.609631 1.000000
vt 0.609631 1.000000
vt 0.609631 1.000000
vt 0.609631 1.000000
vt 0.609631 1.000000
vt 0.609631 1.000000
vt 0.609631 1.000000
vt 0.609631 1.000000
vt 0.609631 0.000000
vt 0.609631 1.000000
vt 1.000000 0.197806
vt 0.989425 0.000000
vt 0.989425 1.000000
vt 1.000000 0.802194
vt 0.609631 1.000000
vt 0.609631 1.000000
vt 0.609631 1.000000
vt 0.609631 1.000000
vt 0.609631 1.000000
vt 0.609631 1.000000
vt 0.609631 1.000000
vt 0.609631 1.000000
vt 0.609631 1.000000
vt 0.609631 1.000000
vt 0.609631 1.000000
vt 0.609631 1.000000
vt 0.609631 1.000000
vt 0.609631 1.000000
vt 0.609631 1.000000
vt 0.609631 1.000000
vt 0.609631 1.000000
vt 0.609631 1.000000
vt 0.609631 1.000000
vt 0.609631 1.000000
vt 0.609631 1.000000
vt 0.609631 1.000000
vt 0.609631 1.000000
vt 0.609631 0.000000
vt 0.609631 1.000000
vt 1.000000 0.197806
vt 0.989425 0.000000
vt 0.989425 1.000000
vt 1.000000 0.802194
vt 0.609631 1.000000
vt 0.609631 1.000000
vt 0.609631 1.000000
vt 0.609631 1.000000
vt 0.609631 1.000000
vt 0.609631 1.000000
vt 0.609631 1.000000
vt 0.609631 1.000000
vt 0.609631 1.000000
vt 0.609631 1.000000
vt 0.609631 1.000000
vt 0.609631 1.000000
vt 0.609631 1.000000
vt 0.609631 1.000000
vt 0.609631 1.000000
vt 0.609631 1.000000
vt 0.609631 1.000000
vt 0.609631 1.000000
vt 0.609631 1.000000
vt 0.609631 1.000000
vt 0.609631 1.000000
vt 0.609631 1.000000
vt 0.609631 1.000000
vt 0.609631 0.000000
vt 0.609631 1.000000
vt 1.000000 0.197806
vt 0.989425 0.000000
vt 0.989425 1.000000
vt 1.000000 0.802194
vt 0.609631 1.000000
vt 0.609631 1.000000
vt 0.609631 1.000000
vt 0.609631 1.000000
vt 0.609631 1.000000
vt 0.609631 1.000000
vt 0.609631 1.000000
vt 0.609631 1.000000
vt 0.609631 1.000000
vt 0.609631 1.000000
vt 0.609631 1.000000
vt 0.609631 1.000000
vt 0.609631 1.000000
vt 0.609631 1.000000
vt 0.609631 1.000000
vt 0.609631 1.000000
vt 0.609631 1.000000
vt 0.609631 1.000000
vt 0.609631 1.000000
vt 0.609631 1.000000
vt 0.609631 1.000000
vt 0.609631 1.000000
vt 0.609631 1.000000
vt 0.609631 0.000000
vt 0.609631 1.000000
vt 1.000000 0.197806
vt 0.989425 0.000000
vt 0.989425 1.000000
vt 1.000000 0.802194
vt 0.609631 1.000000
vt 0.609631 1.000000
vt 0.609631 1.000000
vt 0.609631 1.000000
vt 0.609631 1.000000
vt 0.609631 1.000000
vt 0.609631 1.000000
vt 0.609631 1.000000
vt 0.609631 1.000000
vt 0.609631 1.000000
vt 0.609631 1.000000
vt 0.609631 1.000000
vt 0.609631 1.000000
vt 0.609631 1.000000
vt 0.609631 1.000000
vt 0.609631 1.000000
vt 0.609631 1.000000
vt 0.609631 1.000000
vt 0.609631 1.000000
vt 0.609631 1.000000
vt 0.609631 1.000000
vt 0.609631 1.000000
s 1
usemtl glass
f 548/548/507 577/577/508 575/575/509 546/546/510
f 558/558/511 587/587/512 585/585/513 556/556/514
f 547/547/515 576/576/516 578/578/517 549/549/518
f 540/540/519 569/569/520 567/567/521 538/538/522
f 559/559/523 588/588/524 581/581/525 552/552/526
f 533/533/527 562/562/528 560/560/529 531/531/530
f 539/539/531 568/568/532 570/570/533 541/541/534
f 535/535/535 564/564/536 561/561/537 532/532/537
f 550/550/538 579/579/539 577/577/508 548/548/507
f 534/534/540 563/563/541 564/564/536 535/535/535
f 549/549/518 578/578/517 580/580/542 551/551/543
f 542/542/544 571/571/545 569/569/520 540/540/519
f 537/537/546 566/566/547 563/563/541 534/534/540
f 541/541/534 570/570/533 572/572/548 543/543/549
f 536/536/550 565/565/551 566/566/547 537/537/546
f 552/552/526 581/581/525 579/579/539 550/550/538
f 531/531/530 560/560/529 565/565/551 536/536/550
f 551/551/543 580/580/542 582/582/552 553/553/553
f 544/544/554 573/573/555 571/571/545 542/542/544
f 553/553/553 582/582/552 587/587/512 558/558/511
f 543/543/549 572/572/548 574/574/556 545/545/557
f 538/538/522 567/567/521 562/562/528 533/533/527
f 554/554/558 583/583/559 588/588/524 559/559/523
f 555/555/560 584/584/561 583/583/559 554/554/558
f 532/532/537 561/561/537 679/679/537
f 546/546/510 575/575/509 573/573/555 544/544/554
f 656/656/562 568/568/532 539/539/531
f 557/557/563 586/586/564 584/584/561 555/555/560
f 545/545/557 574/574/556 576/576/516 547/547/515
f 556/556/514 585/585/513 586/586/564 557/557/563
f 567/567/521 596/596/565 591/591/566 562/562/528
f 579/579/539 608/608/567 606/606/568 577/577/508
f 578/578/517 607/607/569 609/609/570 580/580/542
f 656/656/562 597/597/571 568/568/532
f 581/581/525 610/610/572 608/608/567 579/579/539
f 580/580/542 609/609/570 611/611/573 582/582/552
f 569/569/520 598/598/574 596/596/565 567/567/521
f 561/561/537 590/590/537 679/679/537
f 582/582/552 611/611/573 616/616/575 587/587/512
f 568/568/532 597/597/571 599/599/576 570/570/533
f 583/583/559 612/612/577 617/617/578 588/588/524
f 571/571/545 600/600/579 598/598/574 569/569/520
f 584/584/561 613/613/580 612/612/577 583/583/559
f 570/570/533 599/599/576 601/601/581 572/572/548
f 562/562/528 591/591/566 589/589/582 560/560/529
f 586/586/564 615/615/583 613/613/580 584/584/561
f 573/573/555 602/602/584 600/600/579 571/571/545
f 564/564/536 593/593/585 590/590/537 561/561/537
f 585/585/513 614/614/586 615/615/583 586/586/564
f 572/572/548 601/601/581 603/603/587 574/574/556
f 563/563/541 592/592/588 593/593/585 564/564/536
f 587/587/512 616/616/575 614/614/586 585/585/513
f 575/575/509 604/604/589 602/602/584 573/573/555
f 566/566/547 595/595/590 592/592/588 563/563/541
f 588/588/524 617/617/578 610/610/572 581/581/525
f 574/574/556 603/603/587 605/605/591 576/576/516
f 565/565/551 594/594/592 595/595/590 566/566/547
f 577/577/508 606/606/568 604/604/589 575/575/509
f 560/560/529 589/589/582 594/594/592 565/565/551
f 576/576/516 605/605/591 607/607/569 578/578/517
f 589/589/582 618/618/593 623/623/594 594/594/592
f 605/605/591 634/634/595 636/636/596 607/607/569
f 596/596/565 625/625/597 620/620/598 591/591/566
f 608/608/567 637/637/599 635/635/600 606/606/568
f 607/607/569 636/636/596 638/638/601 609/609/570
f 656/656/562 626/626/602 597/597/571
f 610/610/572 639/639/603 637/637/599 608/608/567
f 609/609/570 638/638/601 640/640/604 611/611/573
f 598/598/574 627/627/605 625/625/597 596/596/565
f 590/590/537 619/619/537 679/679/537
f 611/611/573 640/640/604 645/645/606 616/616/575
f 597/597/571 626/626/602 628/628/607 599/599/576
f 612/612/577 641/641/608 646/646/609 617/617/578
f 600/600/579 629/629/610 627/627/605 598/598/574
f 613/613/580 642/642/611 641/641/608 612/612/577
f 599/599/576 628/628/607 630/630/612 601/601/581
f 591/591/566 620/620/598 618/618/593 589/589/582
f 615/615/583 644/644/613 642/642/611 613/613/580
f 602/602/584 631/631/614 629/629/610 600/600/579
f 593/593/585 622/622/615 619/619/537 590/590/537
f 614/614/586 643/643/616 644/644/613 615/615/583
f 601/601/581 630/630/612 632/632/617 603/603/587
f 592/592/588 621/621/618 622/622/615 593/593/585
f 616/616/575 645/645/606 643/643/616 614/614/586
f 604/604/589 633/633/619 631/631/614 602/602/584
f 595/595/590 624/624/620 621/621/618 592/592/588
f 617/617/578 646/646/609 639/639/603 610/610/572
f 603/603/587 632/632/617 634/634/595 605/605/591
f 594/594/592 623/623/594 624/624/620 595/595/590
f 606/606/568 635/635/600 633/633/619 604/604/589
f 623/623/594 652/652/621 653/653/622 624/624/620
f 635/635/600 665/665/623 663/663/624 633/633/619
f 618/618/593 647/647/625 652/652/621 623/623/594
f 634/634/595 664/664/626 666/666/627 636/636/596
f 625/625/597 654/654/628 649/649/629 620/620/598
f 637/637/599 667/667/630 665/665/623 635/635/600
f 636/636/596 666/666/627 668/668/631 638/638/601
f 656/656/562 655/655/632 626/626/602
f 639/639/603 669/669/633 667/667/630 637/637/599
f 638/638/601 668/668/631 670/670/634 640/640/604
f 627/627/605 657/657/635 654/654/628 625/625/597
f 619/619/537 648/648/537 679/679/537
f 640/640/604 670/670/634 675/675/636 645/645/606
f 626/626/602 655/655/632 658/658/637 628/628/607
f 641/641/608 671/671/638 676/676/639 646/646/609
f 629/629/610 659/659/640 657/657/635 627/627/605
f 642/642/611 672/672/641 671/671/638 641/641/608
f 628/628/607 658/658/637 660/660/642 630/630/612
f 620/620/598 649/649/629 647/647/625 618/618/593
f 644/644/613 674/674/643 672/672/641 642/642/611
f 631/631/614 661/661/644 659/659/640 629/629/610
f 622/622/615 651/651/645 648/648/537 619/619/537
f 643/643/616 673/673/646 674/674/643 644/644/613
f 630/630/612 660/660/642 662/662/647 632/632/617
f 621/621/618 650/650/648 651/651/645 622/622/615
f 645/645/606 675/675/636 673/673/646 643/643/616
f 633/633/619 663/663/624 661/661/644 631/631/614
f 624/624/620 653/653/622 650/650/648 621/621/618
f 646/646/609 676/676/639 669/669/633 639/639/603
f 632/632/617 662/662/647 664/664/626 634/634/595
f 653/653/622 684/684/649 681/681/650 650/650/648
f 676/676/639 706/706/651 699/699/652 669/669/633
f 662/662/647 692/692/653 694/694/654 664/664/626
f 652/652/621 683/683/655 684/684/649 653/653/622
f 665/665/623 695/695/656 693/693/657 663/663/624
f 647/647/625 677/677/658 683/683/655 652/652/621
f 664/664/626 694/694/654 696/696/659 666/666/627
f 654/654/628 685/685/660 680/680/661 649/649/629
f 667/667/630 697/697/662 695/695/656 665/665/623
f 666/666/627 696/696/659 698/698/663 668/668/631
f 656/656/562 686/686/664 655/655/632
f 669/669/633 699/699/652 697/697/662 667/667/630
f 668/668/631 698/698/663 700/700/665 670/670/634
f 657/657/635 687/687/666 685/685/660 654/654/628
f 648/648/537 678/678/537 679/679/537
f 670/670/634 700/700/665 705/705/667 675/675/636
f 655/655/632 686/686/664 688/688/668 658/658/637
f 671/671/638 701/701/669 706/706/651 676/676/639
f 659/659/640 689/689/670 687/687/666 657/657/635
f 672/672/641 702/702/671 701/701/669 671/671/638
f 658/658/637 688/688/668 690/690/672 660/660/642
f 649/649/629 680/680/661 677/677/658 647/647/625
f 674/674/643 704/704/673 702/702/671 672/672/641
f 661/661/644 691/691/674 689/689/670 659/659/640
f 651/651/645 682/682/675 678/678/537 648/648/537
f 673/673/646 703/703/676 704/704/673 674/674/643
f 660/660/642 690/690/672 692/692/653 662/662/647
f 650/650/648 681/681/650 682/682/675 651/651/645
f 675/675/636 705/705/667 703/703/676 673/673/646
f 663/663/624 693/693/657 691/691/674 661/661/644
f 681/681/650 710/710/677 711/711/678 682/682/675
f 705/705/667 734/734/679 732/732/680 703/703/676
f 693/693/657 722/722/681 720/720/682 691/691/674
f 684/684/649 713/713/683 710/710/677 681/681/650
f 706/706/651 735/735/684 728/728/685 699/699/652
f 692/692/653 721/721/686 723/723/687 694/694/654
f 683/683/655 712/712/688 713/713/683 684/684/649
f 695/695/656 724/724/689 722/722/681 693/693/657
f 677/677/658 707/707/690 712/712/688 683/683/655
f 694/694/654 723/723/687 725/725/691 696/696/659
f 685/685/660 714/714/692 709/709/693 680/680/661
f 697/697/662 726/726/694 724/724/689 695/695/656
f 696/696/659 725/725/691 727/727/695 698/698/663
f 656/656/562 715/715/696 686/686/664
f 699/699/652 728/728/685 726/726/694 697/697/662
f 698/698/663 727/727/695 729/729/697 700/700/665
f 687/687/666 716/716/698 714/714/692 685/685/660
f 678/678/537 708/708/537 679/679/537
f 700/700/665 729/729/697 734/734/679 705/705/667
f 686/686/664 715/715/696 717/717/699 688/688/668
f 701/701/669 730/730/700 735/735/684 706/706/651
f 689/689/670 718/718/701 716/716/698 687/687/666
f 702/702/671 731/731/702 730/730/700 701/701/669
f 688/688/668 717/717/699 719/719/703 690/690/672
f 680/680/661 709/709/693 707/707/690 677/677/658
f 704/704/673 733/733/704 731/731/702 702/702/671
f 691/691/674 720/720/682 718/718/701 689/689/670
f 682/682/675 711/711/678 708/708/537 678/678/537
f 703/703/676 732/732/680 733/733/704 704/704/673
f 690/690/672 719/719/703 721/721/686 692/692/653
f 711/711/678 740/740/705 737/737/537 708/708/537
f 732/732/680 761/761/706 762/762/707 733/733/704
f 719/719/703 748/748/708 750/750/709 721/721/686
f 710/710/677 739/739/710 740/740/705 711/711/678
f 734/734/679 763/763/711 761/761/706 732/732/680
f 722/722/681 751/751/712 749/749/713 720/720/682
f 713/713/683 742/742/714 739/739/710 710/710/677
f 735/735/684 764/764/715 757/757/716 728/728/685
f 721/721/686 750/750/709 752/752/717 723/723/687
f 712/712/688 741/741/718 742/742/714 713/713/683
f 724/724/689 753/753/719 751/751/712 722/722/681
f 707/707/690 736/736/720 741/741/718 712/712/688
f 723/723/687 752/752/717 754/754/721 725/725/691
f 714/714/692 743/743/722 738/738/723 709/709/693
f 726/726/694 755/755/724 753/753/719 724/724/689
f 725/725/691 754/754/721 756/756/725 727/727/695
f 656/656/562 744/744/726 715/715/696
f 728/728/685 757/757/716 755/755/724 726/726/694
f 727/727/695 756/756/725 758/758/727 729/729/697
f 716/716/698 745/745/728 743/743/722 714/714/692
f 708/708/537 737/737/537 679/679/537
f 729/729/697 758/758/727 763/763/711 734/734/679
f 715/715/696 744/744/726 746/746/729 717/717/699
f 730/730/700 759/759/730 764/764/715 735/735/684
f 718/718/701 747/747/731 745/745/728 716/716/698
f 731/731/702 760/760/732 759/759/730 730/730/700
f 717/717/699 746/746/729 748/748/708 719/719/703
f 709/709/693 738/738/723 736/736/720 707/707/690
f 733/733/704 762/762/707 760/760/732 731/731/702
f 720/720/682 749/749/713 747/747/731 718/718/701
f 738/738/723 767/767/733 765/765/734 736/736/720
f 762/762/707 791/791/735 789/789/736 760/760/732
f 749/749/713 778/778/737 776/776/738 747/747/731
f 740/740/705 769/769/739 766/766/537 737/737/537
f 761/761/706 790/790/740 791/791/735 762/762/707
f 748/748/708 777/777/741 779/779/742 750/750/709
f 739/739/710 768/768/743 769/769/739 740/740/705
f 763/763/711 792/792/744 790/790/740 761/761/706
f 751/751/712 780/780/745 778/778/737 749/749/713
f 742/742/714 771/771/746 768/768/743 739/739/710
f 764/764/715 793/793/747 786/786/748 757/757/716
f 750/750/709 779/779/742 781/781/749 752/752/717
f 741/741/718 770/770/750 771/771/746 742/742/714
f 753/753/719 782/782/751 780/780/745 751/751/712
f 736/736/720 765/765/734 770/770/750 741/741/718
f 752/752/717 781/781/749 783/783/752 754/754/721
f 743/743/722 772/772/753 767/767/733 738/738/723
f 755/755/724 784/784/754 782/782/751 753/753/719
f 754/754/721 783/783/752 785/785/755 756/756/725
f 656/656/562 773/773/756 744/744/726
f 757/757/716 786/786/748 784/784/754 755/755/724
f 756/756/725 785/785/755 787/787/757 758/758/727
f 745/745/728 774/774/758 772/772/753 743/743/722
f 737/737/537 766/766/537 679/679/537
f 758/758/727 787/787/757 792/792/744 763/763/711
f 744/744/726 773/773/756 775/775/759 746/746/729
f 759/759/730 788/788/760 793/793/747 764/764/715
f 747/747/731 776/776/738 774/774/758 745/745/728
f 760/760/732 789/789/736 788/788/760 759/759/730
f 746/746/729 775/775/759 777/777/741 748/748/708
f 789/789/736 818/818/761 817/817/762 788/788/760
f 775/775/759 804/804/763 806/806/764 777/777/741
f 767/767/733 796/796/765 794/794/766 765/765/734
f 791/791/735 820/820/767 818/818/761 789/789/736
f 778/778/737 807/807/768 805/805/769 776/776/738
f 769/769/739 798/798/770 795/795/537 766/766/537
f 790/790/740 819/819/771 820/820/767 791/791/735
f 777/777/741 806/806/764 808/808/772 779/779/742
f 768/768/743 797/797/773 798/798/770 769/769/739
f 792/792/744 821/821/774 819/819/771 790/790/740
f 780/780/745 809/809/775 807/807/768 778/778/737
f 771/771/746 800/800/776 797/797/773 768/768/743
f 793/793/747 822/822/777 815/815/778 786/786/748
f 779/779/742 808/808/772 810/810/779 781/781/749
f 770/770/750 799/799/780 800/800/776 771/771/746
f 782/782/751 811/811/781 809/809/775 780/780/745
f 765/765/734 794/794/766 799/799/780 770/770/750
f 781/781/749 810/810/779 812/812/782 783/783/752
f 772/772/753 801/801/783 796/796/765 767/767/733
f 784/784/754 813/813/784 811/811/781 782/782/751
f 783/783/752 812/812/782 814/814/785 785/785/755
f 656/656/562 802/802/786 773/773/756
f 786/786/748 815/815/778 813/813/784 784/784/754
f 785/785/755 814/814/785 816/816/787 787/787/757
f 774/774/758 803/803/788 801/801/783 772/772/753
f 766/766/537 795/795/537 679/679/537
f 787/787/757 816/816/787 821/821/774 792/792/744
f 773/773/756 802/802/786 804/804/763 775/775/759
f 788/788/760 817/817/762 822/822/777 793/793/747
f 776/776/738 805/805/769 803/803/788 774/774/758
f 817/817/762 846/846/789 851/851/790 822/822/777
f 805/805/769 834/834/791 832/832/792 803/803/788
f 818/818/761 847/847/793 846/846/789 817/817/762
f 804/804/763 833/833/794 835/835/795 806/806/764
f 796/796/765 825/825/796 823/823/797 794/794/766
f 820/820/767 849/849/798 847/847/793 818/818/761
f 807/807/768 836/836/799 834/834/791 805/805/769
f 798/798/770 827/827/800 824/824/537 795/795/537
f 819/819/771 848/848/801 849/849/798 820/820/767
f 806/806/764 835/835/795 837/837/802 808/808/772
f 797/797/773 826/826/803 827/827/800 798/798/770
f 821/821/774 850/850/804 848/848/801 819/819/771
f 809/809/775 838/838/805 836/836/799 807/807/768
f 800/800/776 829/829/806 826/826/803 797/797/773
f 822/822/777 851/851/790 844/844/807 815/815/778
f 808/808/772 837/837/802 839/839/808 810/810/779
f 799/799/780 828/828/809 829/829/806 800/800/776
f 811/811/781 840/840/810 838/838/805 809/809/775
f 794/794/766 823/823/797 828/828/809 799/799/780
f 810/810/779 839/839/808 841/841/811 812/812/782
f 801/801/783 830/830/812 825/825/796 796/796/765
f 813/813/784 842/842/813 840/840/810 811/811/781
f 812/812/782 841/841/811 843/843/814 814/814/785
f 656/656/562 831/831/815 802/802/786
f 815/815/778 844/844/807 842/842/813 813/813/784
f 814/814/785 843/843/814 845/845/816 816/816/787
f 803/803/788 832/832/792 830/830/812 801/801/783
f 795/795/537 824/824/537 679/679/537
f 816/816/787 845/845/816 850/850/804 821/821/774
f 802/802/786 831/831/815 833/833/794 804/804/763
f 824/824/537 853/853/537 679/679/537
f 845/845/816 874/874/817 879/879/818 850/850/804
f 831/831/815 860/860/819 862/862/820 833/833/794
f 846/846/789 875/875/821 880/880/822 851/851/790
f 834/834/791 863/863/823 861/861/824 832/832/792
f 847/847/793 876/876/825 875/875/821 846/846/789
f 833/833/794 862/862/820 864/864/826 835/835/795
f 825/825/796 854/854/827 852/852/828 823/823/797
f 849/849/798 878/878/829 876/876/825 847/847/793
f 836/836/799 865/865/830 863/863/823 834/834/791
f 827/827/800 856/856/831 853/853/537 824/824/537
f 848/848/801 877/877/832 878/878/829 849/849/798
f 835/835/795 864/864/826 866/866/833 837/837/802
f 826/826/803 855/855/834 856/856/831 827/827/800
f 850/850/804 879/879/818 877/877/832 848/848/801
f 838/838/805 867/867/835 865/865/830 836/836/799
f 829/829/806 858/858/836 855/855/834 826/826/803
f 851/851/790 880/880/822 873/873/837 844/844/807
f 837/837/802 866/866/833 868/868/838 839/839/808
f 828/828/809 857/857/839 858/858/836 829/829/806
f 840/840/810 869/869/840 867/867/835 838/838/805
f 823/823/797 852/852/828 857/857/839 828/828/809
f 839/839/808 868/868/838 870/870/841 841/841/811
f 830/830/812 859/859/842 854/854/827 825/825/796
f 842/842/813 871/871/843 869/869/840 840/840/810
f 841/841/811 870/870/841 872/872/844 843/843/814
f 656/656/562 860/860/819 831/831/815
f 844/844/807 873/873/837 871/871/843 842/842/813
f 843/843/814 872/872/844 874/874/817 845/845/816
f 832/832/792 861/861/824 859/859/842 830/830/812
f 872/872/844 901/901/845 903/903/846 874/874/817
f 861/861/824 890/890/847 888/888/848 859/859/842
f 853/853/537 882/882/537 679/679/537
f 874/874/817 903/903/846 908/908/849 879/879/818
f 860/860/819 889/889/850 891/891/851 862/862/820
f 875/875/821 904/904/852 909/909/853 880/880/822
f 863/863/823 892/892/854 890/890/847 861/861/824
f 876/876/825 905/905/855 904/904/852 875/875/821
f 862/862/820 891/891/851 893/893/856 864/864/826
f 854/854/827 883/883/857 881/881/858 852/852/828
f 878/878/829 907/907/859 905/905/855 876/876/825
f 865/865/830 894/894/860 892/892/854 863/863/823
f 856/856/831 885/885/861 882/882/537 853/853/537
f 877/877/832 906/906/862 907/907/859 878/878/829
f 864/864/826 893/893/856 895/895/863 866/866/833
f 855/855/834 884/884/864 885/885/861 856/856/831
f 879/879/818 908/908/849 906/906/862 877/877/832
f 867/867/835 896/896/865 894/894/860 865/865/830
f 858/858/836 887/887/866 884/884/864 855/855/834
f 880/880/822 909/909/853 902/902/867 873/873/837
f 866/866/833 895/895/863 897/897/868 868/868/838
f 857/857/839 886/886/869 887/887/866 858/858/836
f 869/869/840 898/898/870 896/896/865 867/867/835
f 852/852/828 881/881/858 886/886/869 857/857/839
f 868/868/838 897/897/868 899/899/871 870/870/841
f 859/859/842 888/888/848 883/883/857 854/854/827
f 871/871/843 900/900/872 898/898/870 869/869/840
f 870/870/841 899/899/871 901/901/845 872/872/844
f 656/656/562 889/889/850 860/860/819
f 873/873/837 902/902/867 900/900/872 871/871/843
f 902/902/867 931/931/873 929/929/874 900/900/872
f 901/901/845 930/930/875 932/932/876 903/903/846
f 890/890/847 919/919/877 917/917/878 888/888/848
f 882/882/537 911/911/537 679/679/537
f 903/903/846 932/932/876 937/937/879 908/908/849
f 889/889/850 918/918/880 920/920/881 891/891/851
f 904/904/852 933/933/882 938/938/883 909/909/853
f 892/892/854 921/921/884 919/919/877 890/890/847
f 905/905/855 934/934/885 933/933/882 904/904/852
f 891/891/851 920/920/881 922/922/886 893/893/856
f 883/883/857 912/912/887 910/910/888 881/881/858
f 907/907/859 936/936/889 934/934/885 905/905/855
f 894/894/860 923/923/890 921/921/884 892/892/854
f 885/885/861 914/914/891 911/911/537 882/882/537
f 906/906/862 935/935/892 936/936/889 907/907/859
f 893/893/856 922/922/886 924/924/893 895/895/863
f 884/884/864 913/913/894 914/914/891 885/885/861
f 908/908/849 937/937/879 935/935/892 906/906/862
f 896/896/865 925/925/895 923/923/890 894/894/860
f 887/887/866 916/916/896 913/913/894 884/884/864
f 909/909/853 938/938/883 931/931/873 902/902/867
f 895/895/863 924/924/893 926/926/897 897/897/868
f 886/886/869 915/915/898 916/916/896 887/887/866
f 898/898/870 927/927/899 925/925/895 896/896/865
f 881/881/858 910/910/888 915/915/898 886/886/869
f 897/897/868 926/926/897 928/928/900 899/899/871
f 888/888/848 917/917/878 912/912/887 883/883/857
f 900/900/872 929/929/874 927/927/899 898/898/870
f 899/899/871 928/928/900 930/930/875 901/901/845
f 656/656/562 918/918/880 889/889/850
f 928/928/900 957/957/901 959/959/902 930/930/875
f 656/656/562 947/947/903 918/918/880
f 931/931/873 960/960/904 958/958/905 929/929/874
f 930/930/875 959/959/902 961/961/906 932/932/876
f 919/919/877 948/948/907 946/946/908 917/917/878
f 911/911/537 940/940/537 679/679/537
f 932/932/876 961/961/906 966/966/909 937/937/879
f 918/918/880 947/947/903 949/949/910 920/920/881
f 933/933/882 962/962/911 967/967/912 938/938/883
f 921/921/884 950/950/913 948/948/907 919/919/877
f 934/934/885 963/963/914 962/962/911 933/933/882
f 920/920/881 949/949/910 951/951/915 922/922/886
f 912/912/887 941/941/916 939/939/917 910/910/888
f 936/936/889 965/965/918 963/963/914 934/934/885
f 923/923/890 952/952/919 950/950/913 921/921/884
f 914/914/891 943/943/920 940/940/537 911/911/537
f 935/935/892 964/964/921 965/965/918 936/936/889
f 922/922/886 951/951/915 953/953/922 924/924/893
f 913/913/894 942/942/923 943/943/920 914/914/891
f 937/937/879 966/966/909 964/964/921 935/935/892
f 925/925/895 954/954/924 952/952/919 923/923/890
f 916/916/896 945/945/925 942/942/923 913/913/894
f 938/938/883 967/967/912 960/960/904 931/931/873
f 924/924/893 953/953/922 955/955/926 926/926/897
f 915/915/898 944/944/927 945/945/925 916/916/896
f 927/927/899 956/956/928 954/954/924 925/925/895
f 910/910/888 939/939/917 944/944/927 915/915/898
f 926/926/897 955/955/926 957/957/901 928/928/900
f 917/917/878 946/946/908 941/941/916 912/912/887
f 929/929/874 958/958/905 956/956/928 927/927/899
f 958/958/905 987/987/929 985/985/930 956/956/928
f 957/957/901 986/986/931 988/988/932 959/959/902
f 656/656/562 976/976/933 947/947/903
f 960/960/904 989/989/934 987/987/929 958/958/905
f 959/959/902 988/988/932 990/990/935 961/961/906
f 948/948/907 977/977/936 975/975/937 946/946/908
f 940/940/537 969/969/537 679/679/537
f 961/961/906 990/990/935 995/995/938 966/966/909
f 947/947/903 976/976/933 978/978/939 949/949/910
f 962/962/911 991/991/940 996/996/941 967/967/912
f 950/950/913 979/979/942 977/977/936 948/948/907
f 963/963/914 992/992/943 991/991/940 962/962/911
f 949/949/910 978/978/939 980/980/944 951/951/915
f 941/941/916 970/970/945 968/968/946 939/939/917
f 965/965/918 994/994/947 992/992/943 963/963/914
f 952/952/919 981/981/948 979/979/942 950/950/913
f 943/943/920 972/972/949 969/969/537 940/940/537
f 964/964/921 993/993/950 994/994/947 965/965/918
f 951/951/915 980/980/944 982/982/951 953/953/922
f 942/942/923 971/971/952 972/972/949 943/943/920
f 966/966/909 995/995/938 993/993/950 964/964/921
f 954/954/924 983/983/953 981/981/948 952/952/919
f 945/945/925 974/974/954 971/971/952 942/942/923
f 967/967/912 996/996/941 989/989/934 960/960/904
f 953/953/922 982/982/951 984/984/955 955/955/926
f 944/944/927 973/973/956 974/974/954 945/945/925
f 956/956/928 985/985/930 983/983/953 954/954/924
f 939/939/917 968/968/946 973/973/956 944/944/927
f 955/955/926 984/984/955 986/986/931 957/957/901
f 946/946/908 975/975/937 970/970/945 941/941/916
f 984/984/955 1013/1013/957 1015/1015/958 986/986/931
f 975/975/937 1004/1004/959 999/999/960 970/970/945
f 987/987/929 1016/1016/961 1014/1014/962 985/985/930
f 986/986/931 1015/1015/958 1017/1017/963 988/988/932
f 656/656/562 1005/1005/964 976/976/933
f 989/989/934 1018/1018/965 1016/1016/961 987/987/929
f 988/988/932 1017/1017/963 1019/1019/966 990/990/935
f 977/977/936 1006/1006/967 1004/1004/959 975/975/937
f 969/969/537 998/998/537 679/679/537
f 990/990/935 1019/1019/966 1024/1024/968 995/995/938
f 976/976/933 1005/1005/964 1007/1007/969 978/978/939
f 991/991/940 1020/1020/970 1025/1025/971 996/996/941
f 979/979/942 1008/1008/972 1006/1006/967 977/977/936
f 992/992/943 1021/1021/973 1020/1020/970 991/991/940
f 978/978/939 1007/1007/969 1009/1009/974 980/980/944
f 970/970/945 999/999/960 997/997/975 968/968/946
f 994/994/947 1023/1023/976 1021/1021/973 992/992/943
f 981/981/948 1010/1010/977 1008/1008/972 979/979/942
f 972/972/949 1001/1001/978 998/998/537 969/969/537
f 993/993/950 1022/1022/979 1023/1023/976 994/994/947
f 980/980/944 1009/1009/974 1011/1011/980 982/982/951
f 971/971/952 1000/1000/981 1001/1001/978 972/972/949
f 995/995/938 1024/1024/968 1022/1022/979 993/993/950
f 983/983/953 1012/1012/982 1010/1010/977 981/981/948
f 974/974/954 1003/1003/983 1000/1000/981 971/971/952
f 996/996/941 1025/1025/971 1018/1018/965 989/989/934
f 982/982/951 1011/1011/980 1013/1013/957 984/984/955
f 973/973/956 1002/1002/984 1003/1003/983 974/974/954
f 985/985/930 1014/1014/962 1012/1012/982 983/983/953
f 968/968/946 997/997/975 1002/1002/984 973/973/956
f 1014/1014/962 1043/1043/985 1041/1041/986 1012/1012/982
f 997/997/975 1026/1026/987 1031/1031/988 1002/1002/984
f 1013/1013/957 1042/1042/989 1044/1044/990 1015/1015/958
f 1004/1004/959 1033/1033/991 1028/1028/992 999/999/960
f 1016/1016/961 1045/1045/993 1043/1043/985 1014/1014/962
f 1015/1015/958 1044/1044/990 1046/1046/994 1017/1017/963
f 656/656/562 1034/1034/995 1005/1005/964
f 1018/1018/965 1047/1047/996 1045/1045/993 1016/1016/961
f 1017/1017/963 1046/1046/994 1048/1048/997 1019/1019/966
f 1006/1006/967 1035/1035/998 1033/1033/991 1004/1004/959
f 998/998/537 1027/1027/537 679/679/537
f 1019/1019/966 1048/1048/997 1053/1053/999 1024/1024/968
f 1005/1005/964 1034/1034/995 1036/1036/1000 1007/1007/969
f 1020/1020/970 1049/1049/1001 1054/1054/1002 1025/1025/971
f 1008/1008/972 1037/1037/1003 1035/1035/998 1006/1006/967
f 1021/1021/973 1050/1050/1004 1049/1049/1001 1020/1020/970
f 1007/1007/969 1036/1036/1000 1038/1038/1005 1009/1009/974
f 999/999/960 1028/1028/992 1026/1026/987 997/997/975
f 1023/1023/976 1052/1052/1006 1050/1050/1004 1021/1021/973
f 1010/1010/977 1039/1039/1007 1037/1037/1003 1008/1008/972
f 1001/1001/978 1030/1030/1008 1027/1027/537 998/998/537
f 1022/1022/979 1051/1051/1009 1052/1052/1006 1023/1023/976
f 1009/1009/974 1038/1038/1005 1040/1040/1010 1011/1011/980
f 1000/1000/981 1029/1029/1011 1030/1030/1008 1001/1001/978
f 1024/1024/968 1053/1053/999 1051/1051/1009 1022/1022/979
f 1012/1012/982 1041/1041/986 1039/1039/1007 1010/1010/977
f 1003/1003/983 1032/1032/1012 1029/1029/1011 1000/1000/981
f 1025/1025/971 1054/1054/1002 1047/1047/996 1018/1018/965
f 1011/1011/980 1040/1040/1010 1042/1042/989 1013/1013/957
f 1002/1002/984 1031/1031/988 1032/1032/1012 1003/1003/983
f 1054/1054/1002 1083/1083/1013 1076/1076/1014 1047/1047/996
f 1040/1040/1010 1069/1069/1015 1071/1071/1016 1042/1042/989
f 1031/1031/988 1060/1060/1017 1061/1061/1018 1032/1032/1012
f 1043/1043/985 1072/1072/1019 1070/1070/1020 1041/1041/986
f 1026/1026/987 1055/1055/1021 1060/1060/1017 1031/1031/988
f 1042/1042/989 1071/1071/1016 1073/1073/1022 1044/1044/990
f 1033/1033/991 1062/1062/1023 1057/1057/1024 1028/1028/992
f 1045/1045/993 1074/1074/1025 1072/1072/1019 1043/1043/985
f 1044/1044/990 1073/1073/1022 1075/1075/1026 1046/1046/994
f 656/656/562 1063/1063/1027 1034/1034/995
f 1047/1047/996 1076/1076/1014 1074/1074/1025 1045/1045/993
f 1046/1046/994 1075/1075/1026 1077/1077/1028 1048/1048/997
f 1035/1035/998 1064/1064/1029 1062/1062/1023 1033/1033/991
f 1027/1027/537 1056/1056/537 679/679/537
f 1048/1048/997 1077/1077/1028 1082/1082/1030 1053/1053/999
f 1034/1034/995 1063/1063/1027 1065/1065/1031 1036/1036/1000
f 1049/1049/1001 1078/1078/1032 1083/1083/1013 1054/1054/1002
f 1037/1037/1003 1066/1066/1033 1064/1064/1029 1035/1035/998
f 1050/1050/1004 1079/1079/1034 1078/1078/1032 1049/1049/1001
f 1036/1036/1000 1065/1065/1031 1067/1067/1035 1038/1038/1005
f 1028/1028/992 1057/1057/1024 1055/1055/1021 1026/1026/987
f 1052/1052/1006 1081/1081/1036 1079/1079/1034 1050/1050/1004
f 1039/1039/1007 1068/1068/1037 1066/1066/1033 1037/1037/1003
f 1030/1030/1008 1059/1059/1038 1056/1056/537 1027/1027/537
f 1051/1051/1009 1080/1080/1039 1081/1081/1036 1052/1052/1006
f 1038/1038/1005 1067/1067/1035 1069/1069/1015 1040/1040/1010
f 1029/1029/1011 1058/1058/1040 1059/1059/1038 1030/1030/1008
f 1053/1053/999 1082/1082/1030 1080/1080/1039 1051/1051/1009
f 1041/1041/986 1070/1070/1020 1068/1068/1037 1039/1039/1007
f 1032/1032/1012 1061/1061/1018 1058/1058/1040 1029/1029/1011
f 1082/1082/1030 1111/1111/1041 1109/1109/1042 1080/1080/1039
f 1070/1070/1020 1099/1099/1043 1097/1097/1044 1068/1068/1037
f 1061/1061/1018 1090/1090/1045 1087/1087/1046 1058/1058/1040
f 1083/1083/1013 1112/1112/1047 1105/1105/1048 1076/1076/1014
f 1069/1069/1015 1098/1098/1049 1100/1100/1050 1071/1071/1016
f 1060/1060/1017 1089/1089/1051 1090/1090/1045 1061/1061/1018
f 1072/1072/1019 1101/1101/1052 1099/1099/1043 1070/1070/1020
f 1055/1055/1021 1084/1084/1053 1089/1089/1051 1060/1060/1017
f 1071/1071/1016 1100/1100/1050 1102/1102/1054 1073/1073/1022
f 1062/1062/1023 1091/1091/1055 1086/1086/1056 1057/1057/1024
f 1074/1074/1025 1103/1103/1057 1101/1101/1052 1072/1072/1019
f 1073/1073/1022 1102/1102/1054 1104/1104/1058 1075/1075/1026
f 656/656/562 1092/1092/1059 1063/1063/1027
f 1076/1076/1014 1105/1105/1048 1103/1103/1057 1074/1074/1025
f 1075/1075/1026 1104/1104/1058 1106/1106/1060 1077/1077/1028
f 1064/1064/1029 1093/1093/1061 1091/1091/1055 1062/1062/1023
f 1056/1056/537 1085/1085/537 679/679/537
f 1077/1077/1028 1106/1106/1060 1111/1111/1041 1082/1082/1030
f 1063/1063/1027 1092/1092/1059 1094/1094/1062 1065/1065/1031
f 1078/1078/1032 1107/1107/1063 1112/1112/1047 1083/1083/1013
f 1066/1066/1033 1095/1095/1064 1093/1093/1061 1064/1064/1029
f 1079/1079/1034 1108/1108/1065 1107/1107/1063 1078/1078/1032
f 1065/1065/1031 1094/1094/1062 1096/1096/1066 1067/1067/1035
f 1057/1057/1024 1086/1086/1056 1084/1084/1053 1055/1055/1021
f 1081/1081/1036 1110/1110/1067 1108/1108/1065 1079/1079/1034
f 1068/1068/1037 1097/1097/1044 1095/1095/1064 1066/1066/1033
f 1059/1059/1038 1088/1088/1068 1085/1085/537 1056/1056/537
f 1080/1080/1039 1109/1109/1042 1110/1110/1067 1081/1081/1036
f 1067/1067/1035 1096/1096/1066 1098/1098/1049 1069/1069/1015
f 1058/1058/1040 1087/1087/1046 1088/1088/1068 1059/1059/1038
f 1109/1109/1042 1138/1138/1069 1139/1139/1070 1110/1110/1067
f 1096/1096/1066 1125/1125/1071 1127/1127/1072 1098/1098/1049
f 1087/1087/1046 1116/1116/1073 1117/1117/1074 1088/1088/1068
f 1111/1111/1041 1140/1140/1075 1138/1138/1069 1109/1109/1042
f 1099/1099/1043 1128/1128/1076 1126/1126/1077 1097/1097/1044
f 1090/1090/1045 1119/1119/1078 1116/1116/1073 1087/1087/1046
f 1112/1112/1047 1141/1141/1079 1134/1134/1080 1105/1105/1048
f 1098/1098/1049 1127/1127/1072 1129/1129/1081 1100/1100/1050
f 1089/1089/1051 1118/1118/1082 1119/1119/1078 1090/1090/1045
f 1101/1101/1052 1130/1130/1083 1128/1128/1076 1099/1099/1043
f 1084/1084/1053 1113/1113/1084 1118/1118/1082 1089/1089/1051
f 1100/1100/1050 1129/1129/1081 1131/1131/1085 1102/1102/1054
f 1091/1091/1055 1120/1120/1086 1115/1115/1087 1086/1086/1056
f 1103/1103/1057 1132/1132/1088 1130/1130/1083 1101/1101/1052
f 1102/1102/1054 1131/1131/1085 1133/1133/1089 1104/1104/1058
f 656/656/562 1121/1121/1090 1092/1092/1059
f 1105/1105/1048 1134/1134/1080 1132/1132/1088 1103/1103/1057
f 1104/1104/1058 1133/1133/1089 1135/1135/1091 1106/1106/1060
f 1093/1093/1061 1122/1122/1092 1120/1120/1086 1091/1091/1055
f 1085/1085/537 1114/1114/537 679/679/537
f 1106/1106/1060 1135/1135/1091 1140/1140/1075 1111/1111/1041
f 1092/1092/1059 1121/1121/1090 1123/1123/1093 1094/1094/1062
f 1107/1107/1063 1136/1136/1094 1141/1141/1079 1112/1112/1047
f 1095/1095/1064 1124/1124/1095 1122/1122/1092 1093/1093/1061
f 1108/1108/1065 1137/1137/1096 1136/1136/1094 1107/1107/1063
f 1094/1094/1062 1123/1123/1093 1125/1125/1071 1096/1096/1066
f 1086/1086/1056 1115/1115/1087 1113/1113/1084 1084/1084/1053
f 1110/1110/1067 1139/1139/1070 1137/1137/1096 1108/1108/1065
f 1097/1097/1044 1126/1126/1077 1124/1124/1095 1095/1095/1064
f 1088/1088/1068 1117/1117/1074 1114/1114/537 1085/1085/537
f 1139/1139/1070 1168/1168/1097 1166/1166/1098 1137/1137/1096
f 1126/1126/1077 1155/1155/1099 1153/1153/1100 1124/1124/1095
f 1117/1117/1074 1146/1146/1101 1143/1143/537 1114/1114/537
f 1138/1138/1069 1167/1167/1102 1168/1168/1097 1139/1139/1070
f 1125/1125/1071 1154/1154/1103 1156/1156/1104 1127/1127/1072
f 1116/1116/1073 1145/1145/1105 1146/1146/1101 1117/1117/1074
f 1140/1140/1075 1169/1169/1106 1167/1167/1102 1138/1138/1069
f 1128/1128/1076 1157/1157/1107 1155/1155/1099 1126/1126/1077
f 1119/1119/1078 1148/1148/1108 1145/1145/1105 1116/1116/1073
f 1141/1141/1079 1170/1170/1109 1163/1163/1110 1134/1134/1080
f 1127/1127/1072 1156/1156/1104 1158/1158/1111 1129/1129/1081
f 1118/1118/1082 1147/1147/1112 1148/1148/1108 1119/1119/1078
f 1130/1130/1083 1159/1159/1113 1157/1157/1107 1128/1128/1076
f 1113/1113/1084 1142/1142/1114 1147/1147/1112 1118/1118/1082
f 1129/1129/1081 1158/1158/1111 1160/1160/1115 1131/1131/1085
f 1120/1120/1086 1149/1149/1116 1144/1144/1117 1115/1115/1087
f 1132/1132/1088 1161/1161/1118 1159/1159/1113 1130/1130/1083
f 1131/1131/1085 1160/1160/1115 1162/1162/1119 1133/1133/1089
f 656/656/562 1150/1150/1120 1121/1121/1090
f 1134/1134/1080 1163/1163/1110 1161/1161/1118 1132/1132/1088
f 1133/1133/1089 1162/1162/1119 1164/1164/1121 1135/1135/1091
f 1122/1122/1092 1151/1151/1122 1149/1149/1116 1120/1120/1086
f 1114/1114/537 1143/1143/537 679/679/537
f 1135/1135/1091 1164/1164/1121 1169/1169/1106 1140/1140/1075
f 1121/1121/1090 1150/1150/1120 1152/1152/1123 1123/1123/1093
f 1136/1136/1094 1165/1165/1124 1170/1170/1109 1141/1141/1079
f 1124/1124/1095 1153/1153/1100 1151/1151/1122 1122/1122/1092
f 1137/1137/1096 1166/1166/1098 1165/1165/1124 1136/1136/1094
f 1123/1123/1093 1152/1152/1123 1154/1154/1103 1125/1125/1071
f 1115/1115/1087 1144/1144/1117 1142/1142/1114 1113/1113/1084
f 1166/1166/1098 1195/1195/1125 1194/1194/1126 1165/1165/1124
f 1152/1152/1123 1181/1181/1127 1183/1183/1128 1154/1154/1103
f 1144/1144/1117 1173/1173/1129 1171/1171/1130 1142/1142/1114
f 1168/1168/1097 1197/1197/1131 1195/1195/1125 1166/1166/1098
f 1155/1155/1099 1184/1184/1132 1182/1182/1133 1153/1153/1100
f 1146/1146/1101 1175/1175/1134 1172/1172/537 1143/1143/537
f 1167/1167/1102 1196/1196/1135 1197/1197/1131 1168/1168/1097
f 1154/1154/1103 1183/1183/1128 1185/1185/1136 1156/1156/1104
f 1145/1145/1105 1174/1174/1137 1175/1175/1134 1146/1146/1101
f 1169/1169/1106 1198/1198/1138 1196/1196/1135 1167/1167/1102
f 1157/1157/1107 1186/1186/1139 1184/1184/1132 1155/1155/1099
f 1148/1148/1108 1177/1177/1140 1174/1174/1137 1145/1145/1105
f 1170/1170/1109 1199/1199/1141 1192/1192/1142 1163/1163/1110
f 1156/1156/1104 1185/1185/1136 1187/1187/1143 1158/1158/1111
f 1147/1147/1112 1176/1176/1144 1177/1177/1140 1148/1148/1108
f 1159/1159/1113 1188/1188/1145 1186/1186/1139 1157/1157/1107
f 1142/1142/1114 1171/1171/1130 1176/1176/1144 1147/1147/1112
f 1158/1158/1111 1187/1187/1143 1189/1189/1146 1160/1160/1115
f 1149/1149/1116 1178/1178/1147 1173/1173/1129 1144/1144/1117
f 1161/1161/1118 1190/1190/1148 1188/1188/1145 1159/1159/1113
f 1160/1160/1115 1189/1189/1146 1191/1191/1149 1162/1162/1119
f 656/656/562 1179/1179/1150 1150/1150/1120
f 1163/1163/1110 1192/1192/1142 1190/1190/1148 1161/1161/1118
f 1162/1162/1119 1191/1191/1149 1193/1193/1151 1164/1164/1121
f 1151/1151/1122 1180/1180/1152 1178/1178/1147 1149/1149/1116
f 1143/1143/537 1172/1172/537 679/679/537
f 1164/1164/1121 1193/1193/1151 1198/1198/1138 1169/1169/1106
f 1150/1150/1120 1179/1179/1150 1181/1181/1127 1152/1152/1123
f 1165/1165/1124 1194/1194/1126 1199/1199/1141 1170/1170/1109
f 1153/1153/1100 1182/1182/1133 1180/1180/1152 1151/1151/1122
f 1194/1194/1126 1223/1223/1153 1228/1228/1154 1199/1199/1141
f 1182/1182/1133 1211/1211/1155 1209/1209/1156 1180/1180/1152
f 1195/1195/1125 1224/1224/1157 1223/1223/1153 1194/1194/1126
f 1181/1181/1127 1210/1210/1158 1212/1212/1159 1183/1183/1128
f 1173/1173/1129 1202/1202/1160 1200/1200/1161 1171/1171/1130
f 1197/1197/1131 1226/1226/1162 1224/1224/1157 1195/1195/1125
f 1184/1184/1132 1213/1213/1163 1211/1211/1155 1182/1182/1133
f 1175/1175/1134 1204/1204/1164 1201/1201/537 1172/1172/537
f 1196/1196/1135 1225/1225/1165 1226/1226/1162 1197/1197/1131
f 1183/1183/1128 1212/1212/1159 1214/1214/1166 1185/1185/1136
f 1174/1174/1137 1203/1203/1167 1204/1204/1164 1175/1175/1134
f 1198/1198/1138 1227/1227/1168 1225/1225/1165 1196/1196/1135
f 1186/1186/1139 1215/1215/1169 1213/1213/1163 1184/1184/1132
f 1177/1177/1140 1206/1206/1170 1203/1203/1167 1174/1174/1137
f 1199/1199/1141 1228/1228/1154 1221/1221/1171 1192/1192/1142
f 1185/1185/1136 1214/1214/1166 1216/1216/1172 1187/1187/1143
f 1176/1176/1144 1205/1205/1173 1206/1206/1170 1177/1177/1140
f 1188/1188/1145 1217/1217/1174 1215/1215/1169 1186/1186/1139
f 1171/1171/1130 1200/1200/1161 1205/1205/1173 1176/1176/1144
f 1187/1187/1143 1216/1216/1172 1218/1218/1175 1189/1189/1146
f 1178/1178/1147 1207/1207/1176 1202/1202/1160 1173/1173/1129
f 1190/1190/1148 1219/1219/1177 1217/1217/1174 1188/1188/1145
f 1189/1189/1146 1218/1218/1175 1220/1220/1178 1191/1191/1149
f 656/656/562 1208/1208/1179 1179/1179/1150
f 1192/1192/1142 1221/1221/1171 1219/1219/1177 1190/1190/1148
f 1191/1191/1149 1220/1220/1178 1222/1222/1180 1193/1193/1151
f 1180/1180/1152 1209/1209/1156 1207/1207/1176 1178/1178/1147
f 1172/1172/537 1201/1201/537 679/679/537
f 1193/1193/1151 1222/1222/1180 1227/1227/1168 1198/1198/1138
f 1179/1179/1150 1208/1208/1179 1210/1210/1158 1181/1181/1127
f 1222/1222/1180 553/553/553 558/558/511 1227/1227/1168
f 1208/1208/1179 539/539/531 541/541/534 1210/1210/1158
f 1223/1223/1153 554/554/558 559/559/523 1228/1228/1154
f 1211/1211/1155 542/542/544 540/540/519 1209/1209/1156
f 1224/1224/1157 555/555/560 554/554/558 1223/1223/1153
f 1210/1210/1158 541/541/534 543/543/549 1212/1212/1159
f 1202/1202/1160 533/533/527 531/531/530 1200/1200/1161
f 1226/1226/1162 557/557/563 555/555/560 1224/1224/1157
f 1213/1213/1163 544/544/554 542/542/544 1211/1211/1155
f 1204/1204/1164 535/535/535 532/532/537 1201/1201/537
f 1225/1225/1165 556/556/514 557/557/563 1226/1226/1162
f 1212/1212/1159 543/543/549 545/545/557 1214/1214/1166
f 1203/1203/1167 534/534/540 535/535/535 1204/1204/1164
f 1227/1227/1168 558/558/511 556/556/514 1225/1225/1165
f 1215/1215/1169 546/546/510 544/544/554 1213/1213/1163
f 1206/1206/1170 537/537/546 534/534/540 1203/1203/1167
f 1228/1228/1154 559/559/523 552/552/526 1221/1221/1171
f 1214/1214/1166 545/545/557 547/547/515 1216/1216/1172
f 1205/1205/1173 536/536/550 537/537/546 1206/1206/1170
f 1217/1217/1174 548/548/507 546/546/510 1215/1215/1169
f 1200/1200/1161 531/531/530 536/536/550 1205/1205/1173
f 1216/1216/1172 547/547/515 549/549/518 1218/1218/1175
f 1207/1207/1176 538/538/522 533/533/527 1202/1202/1160
f 1219/1219/1177 550/550/538 548/548/507 1217/1217/1174
f 1218/1218/1175 549/549/518 551/551/543 1220/1220/1178
f 656/656/562 539/539/531 1208/1208/1179
f 1221/1221/1171 552/552/526 550/550/538 1219/1219/1177
f 1220/1220/1178 551/551/543 553/553/553 1222/1222/1180
f 1209/1209/1156 540/540/519 538/538/522 1207/1207/1176
f 1201/1201/537 532/532/537 679/679/537
o wineglass 4
v 4.727944 0.183776 0.000000
v 4.744521 -0.002916 0.000000
v 4.629294 0.436113 0.000000
v 5.448690 0.016160 0.000000
v 5.429613 -0.002916 0.000000
v 5.429613 0.093524 0.000000
v 5.448690 0.074448 0.000000
v 4.629294 2.755284 0.000000
v 4.629294 3.114450 0.000000
v 4.765592 2.891583 0.000000
v 4.791685 3.166329 0.000000
v 5.152385 3.101863 0.000000
v 5.094059 3.240004 0.000000
v 5.476247 3.358191 0.000000
v 5.444015 3.421122 0.000000
v 5.694202 3.702008 0.000000
v 5.678853 3.723496 0.000000
v 5.796355 4.031873 0.000000
v 5.770097 4.029078 0.000000
v 5.776402 4.427876 0.000000
v 5.750143 4.425081 0.000000
v 5.651026 4.903022 0.000000
v 5.626866 4.892362 0.000000
v 5.372235 5.600780 0.000000
v 5.362967 5.606933 0.000000
v 5.345819 5.600285 0.000000
v 5.350084 5.606694 0.000000
v 5.353107 5.581928 0.000000
v 5.379465 5.582686 0.000000
v 4.721771 0.183776 0.046893
v 4.737782 -0.002916 0.051184
v 4.626482 0.436113 0.021361
v 5.417957 0.016160 0.233436
v 5.399531 -0.002916 0.228499
v 5.399531 0.093524 0.228499
v 5.417957 0.074448 0.233436
v 4.626482 2.755284 0.021361
v 4.626482 3.114450 0.021361
v 4.758136 2.891583 0.056637
v 4.783340 3.166329 0.063391
v 5.131749 3.101863 0.156747
v 5.075410 3.240004 0.141651
v 5.444576 3.358191 0.240568
v 5.413442 3.421122 0.232226
v 5.655104 3.702008 0.296979
v 5.640278 3.723496 0.293007
v 5.753777 4.031873 0.323419
v 5.728412 4.029078 0.316622
v 5.734503 4.427876 0.318254
v 5.709139 4.425081 0.311458
v 5.613399 4.903022 0.285805
v 5.590063 4.892362 0.279552
v 5.344108 5.600780 0.213649
v 5.335156 5.606933 0.211250
v 5.318592 5.600285 0.206811
v 5.322711 5.606694 0.207915
v 5.325631 5.581928 0.208698
v 5.351091 5.582686 0.215520
v 4.703671 0.183776 0.090591
v 4.718027 -0.002916 0.098879
v 4.618237 0.436113 0.041266
v 5.327855 0.016160 0.450964
v 5.311334 -0.002916 0.441425
v 5.311334 0.093524 0.441425
v 5.327855 0.074448 0.450964
v 4.618237 2.755284 0.041266
v 4.618237 3.114450 0.041266
v 4.736275 2.891583 0.109415
v 4.758872 3.166329 0.122461
v 5.071247 3.101863 0.302811
v 5.020735 3.240004 0.273648
v 5.351720 3.358191 0.464743
v 5.323805 3.421122 0.448626
v 5.540474 3.702008 0.573720
v 5.527182 3.723496 0.566045
v 5.628942 4.031873 0.624797
v 5.606201 4.029078 0.611667
v 5.611661 4.427876 0.614820
v 5.588921 4.425081 0.601690
v 5.503082 4.903022 0.552132
v 5.482160 4.892362 0.540052
v 5.261643 5.600780 0.412737
v 5.253617 5.606933 0.408103
v 5.238766 5.600285 0.399529
v 5.242459 5.606694 0.401661
v 5.245077 5.581928 0.403173
v 5.267903 5.582686 0.416351
v 4.674877 0.183776 0.128115
v 4.686599 -0.002916 0.139837
v 4.605121 0.436113 0.058358
v 5.184521 0.016160 0.637759
v 5.171032 -0.002916 0.624270
v 5.171032 0.093524 0.624270
v 5.184521 0.074448 0.637759
v 4.605121 2.755284 0.058358
v 4.605121 3.114450 0.058358
v 4.701499 2.891583 0.154736
v 4.719949 3.166329 0.173187
v 4.975002 3.101863 0.428240
v 4.933760 3.240004 0.386997
v 5.204008 3.358191 0.657245
v 5.181215 3.421122 0.634453
v 5.358125 3.702008 0.811363
v 5.347271 3.723496 0.800509
v 5.430358 4.031873 0.883596
v 5.411790 4.029078 0.865028
v 5.416249 4.427876 0.869487
v 5.397681 4.425081 0.850919
v 5.327594 4.903022 0.780832
v 5.310511 4.892362 0.763749
v 5.130460 5.600780 0.583698
v 5.123906 5.606933 0.577144
v 5.111781 5.600285 0.565019
v 5.114796 5.606694 0.568034
v 5.116934 5.581928 0.570172
v 5.135571 5.582686 0.588810
v 4.637353 0.183776 0.156908
v 4.645642 -0.002916 0.171264
v 4.588028 0.436113 0.071474
v 4.997726 0.016160 0.781092
v 4.988188 -0.002916 0.764571
v 4.988188 0.093524 0.764571
v 4.997726 0.074448 0.781092
v 4.588028 2.755284 0.071474
v 4.588028 3.114450 0.071474
v 4.546762 3.114450 0.000000
v 4.656178 2.891583 0.189512
v 4.669224 3.166329 0.212109
v 4.849574 3.101863 0.524485
v 4.820411 3.240004 0.473973
v 5.011505 3.358191 0.804958
v 4.995389 3.421122 0.777043
v 5.120482 3.702008 0.993712
v 5.112808 3.723496 0.980419
v 5.171559 4.031873 1.082179
v 5.158429 4.029078 1.059438
v 5.161582 4.427876 1.064899
v 5.148453 4.425081 1.042158
v 5.098894 4.903022 0.956320
v 5.086814 4.892362 0.935397
v 4.959498 5.600780 0.714881
v 4.954865 5.606933 0.706855
v 4.946290 5.600285 0.692003
v 4.948423 5.606694 0.695697
v 4.949934 5.581928 0.698315
v 4.963113 5.582686 0.721141
v 4.593656 0.183776 0.175008
v 4.597946 -0.002916 0.191020
v 4.546762 -0.002916 0.000000
v 4.568123 0.436113 0.079719
v 4.780199 0.016160 0.871195
v 4.775261 -0.002916 0.852768
v 4.775261 0.093524 0.852768
v 4.780199 0.074448 0.871195
v 4.568123 2.755284 0.079719
v 4.568123 3.114450 0.079719
v 4.603400 2.891583 0.211373
v 4.610153 3.166329 0.236577
v 4.703509 3.101863 0.584986
v 4.688413 3.240004 0.528648
v 4.787331 3.358191 0.897813
v 4.778988 3.421122 0.866679
v 4.843741 3.702008 1.108342
v 4.839769 3.723496 1.093516
v 4.870181 4.031873 1.207014
v 4.863384 4.029078 1.181650
v 4.865016 4.427876 1.187740
v 4.858220 4.425081 1.162376
v 4.832566 4.903022 1.066637
v 4.826313 4.892362 1.043300
v 4.760410 5.600780 0.797346
v 4.758011 5.606933 0.788394
v 4.753573 5.600285 0.771829
v 4.754677 5.606694 0.775949
v 4.755459 5.581928 0.778869
v 4.762281 5.582686 0.804329
v 4.546762 0.183776 0.181182
v 4.546762 -0.002916 0.197759
v 4.546762 0.436113 0.082531
v 4.546762 0.016160 0.901927
v 4.546762 -0.002916 0.882851
v 4.546762 0.093524 0.882851
v 4.546762 0.074448 0.901927
v 4.546762 2.755284 0.082531
v 4.546762 3.114450 0.082531
v 4.546762 2.891583 0.218830
v 4.546762 3.166329 0.244923
v 4.546762 3.101863 0.605623
v 4.546762 3.240004 0.547297
v 4.546762 3.358191 0.929485
v 4.546762 3.421122 0.897252
v 4.546762 3.702008 1.147439
v 4.546762 3.723496 1.132091
v 4.546762 4.031873 1.249593
v 4.546762 4.029078 1.223334
v 4.546762 4.427876 1.229639
v 4.546762 4.425081 1.203380
v 4.546762 4.903022 1.104263
v 4.546762 4.892362 1.080104
v 4.546762 5.600780 0.825473
v 4.546762 5.606933 0.816205
v 4.546762 5.600285 0.799057
v 4.546762 5.606694 0.803322
v 4.546762 5.581928 0.806344
v 4.546762 5.582686 0.832702
v 4.499869 0.183776 0.175008
v 4.495579 -0.002916 0.191020
v 4.525402 0.436113 0.079719
v 4.313326 0.016160 0.871195
v 4.318264 -0.002916 0.852768
v 4.318264 0.093524 0.852768
v 4.313326 0.074448 0.871195
v 4.525402 2.755284 0.079719
v 4.525402 3.114450 0.079719
v 4.490125 2.891583 0.211373
v 4.483372 3.166329 0.236577
v 4.390016 3.101863 0.584986
v 4.405112 3.240004 0.528648
v 4.306194 3.358191 0.897813
v 4.314537 3.421122 0.866679
v 4.249783 3.702008 1.108341
v 4.253756 3.723496 1.093516
v 4.223344 4.031873 1.207014
v 4.230140 4.029078 1.181650
v 4.228508 4.427876 1.187740
v 4.235304 4.425081 1.162376
v 4.260958 4.903022 1.066636
v 4.267211 4.892362 1.043300
v 4.333114 5.600780 0.797345
v 4.335513 5.606933 0.788393
v 4.339951 5.600285 0.771829
v 4.338847 5.606694 0.775949
v 4.338065 5.581928 0.778869
v 4.331243 5.582686 0.804329
v 4.456172 0.183776 0.156908
v 4.447883 -0.002916 0.171264
v 4.505497 0.436113 0.071474
v 4.095799 0.016160 0.781092
v 4.105337 -0.002916 0.764571
v 4.105337 0.093524 0.764571
v 4.095799 0.074448 0.781092
v 4.505497 2.755284 0.071474
v 4.505497 3.114450 0.071474
v 4.437347 2.891583 0.189512
v 4.424301 3.166329 0.212109
v 4.243951 3.101863 0.524485
v 4.273114 3.240004 0.473973
v 4.082020 3.358191 0.804957
v 4.098136 3.421122 0.777043
v 3.973042 3.702008 0.993712
v 3.980717 3.723496 0.980419
v 3.921966 4.031873 1.082179
v 3.935095 4.029078 1.059438
v 3.931942 4.427876 1.064899
v 3.945072 4.425081 1.042158
v 3.994631 4.903022 0.956320
v 4.006711 4.892362 0.935397
v 4.134026 5.600780 0.714880
v 4.138659 5.606933 0.706854
v 4.147234 5.600285 0.692003
v 4.145102 5.606694 0.695697
v 4.143590 5.581928 0.698314
v 4.130411 5.582686 0.721141
v 4.418648 0.183776 0.128115
v 4.406926 -0.002916 0.139837
v 4.488404 0.436113 0.058358
v 3.909004 0.016160 0.637759
v 3.922493 -0.002916 0.624270
v 3.922493 0.093524 0.624270
v 3.909004 0.074448 0.637759
v 4.488404 2.755284 0.058358
v 4.488404 3.114450 0.058358
v 4.392026 2.891583 0.154736
v 4.373576 3.166329 0.173187
v 4.118523 3.101863 0.428240
v 4.159765 3.240004 0.386997
v 3.889517 3.358191 0.657245
v 3.912309 3.421122 0.634453
v 3.735400 3.702008 0.811362
v 3.746253 3.723496 0.800509
v 3.663167 4.031873 0.883596
v 3.681735 4.029078 0.865028
v 3.677276 4.427876 0.869486
v 3.695844 4.425081 0.850918
v 3.765930 4.903022 0.780832
v 3.783014 4.892362 0.763749
v 3.963065 5.600780 0.583697
v 3.969618 5.606933 0.577144
v 3.981744 5.600285 0.565018
v 3.978728 5.606694 0.568034
v 3.976591 5.581928 0.570171
v 3.957953 5.582686 0.588809
v 4.389854 0.183776 0.090591
v 4.375498 -0.002916 0.098879
v 4.475288 0.436113 0.041266
v 3.765671 0.016160 0.450964
v 3.782192 -0.002916 0.441425
v 3.782192 0.093524 0.441425
v 3.765671 0.074448 0.450964
v 4.475288 2.755284 0.041266
v 4.475288 3.114450 0.041266
v 4.357250 2.891583 0.109415
v 4.334653 3.166329 0.122461
v 4.022278 3.101863 0.302811
v 4.072790 3.240004 0.273648
v 3.741805 3.358191 0.464742
v 3.769719 3.421122 0.448626
v 3.553051 3.702008 0.573719
v 3.566343 3.723496 0.566045
v 3.464583 4.031873 0.624796
v 3.487324 4.029078 0.611667
v 3.481863 4.427876 0.614820
v 3.504604 4.425081 0.601690
v 3.590442 4.903022 0.552131
v 3.611365 4.892362 0.540052
v 3.831882 5.600780 0.412736
v 3.839908 5.606933 0.408102
v 3.854759 5.600285 0.399528
v 3.851065 5.606694 0.401660
v 3.848448 5.581928 0.403172
v 3.825621 5.582686 0.416351
v 4.371754 0.183776 0.046893
v 4.355742 -0.002916 0.051184
v 4.467043 0.436113 0.021361
v 3.675568 0.016160 0.233436
v 3.693995 -0.002916 0.228498
v 3.693995 0.093524 0.228498
v 3.675568 0.074448 0.233436
v 4.467043 2.755284 0.021361
v 4.467043 3.114450 0.021361
v 4.335389 2.891583 0.056637
v 4.310185 3.166329 0.063391
v 3.961776 3.101863 0.156747
v 4.018115 3.240004 0.141651
v 3.648949 3.358191 0.240568
v 3.680084 3.421122 0.232226
v 3.438421 3.702008 0.296979
v 3.453247 3.723496 0.293007
v 3.339748 4.031873 0.323418
v 3.365113 4.029078 0.316622
v 3.359022 4.427876 0.318254
v 3.384386 4.425081 0.311457
v 3.480126 4.903022 0.285804
v 3.503462 4.892362 0.279551
v 3.749417 5.600780 0.213648
v 3.758369 5.606933 0.211249
v 3.774933 5.600285 0.206811
v 3.770813 5.606694 0.207914
v 3.767894 5.581928 0.208697
v 3.742434 5.582686 0.215519
v 4.365581 0.183776 0.000000
v 4.349004 -0.002916 -0.000000
v 4.464231 0.436113 0.000000
v 3.644835 0.016160 -0.000000
v 3.663912 -0.002916 -0.000000
v 3.663912 0.093524 -0.000000
v 3.644835 0.074448 -0.000000
v 4.464231 2.755284 0.000000
v 4.464231 3.114450 0.000000
v 4.327933 2.891583 -0.000000
v 4.301840 3.166329 -0.000000
v 3.941140 3.101863 0.000000
v 3.999466 3.240004 -0.000000
v 3.617278 3.358191 -0.000000
v 3.649510 3.421122 0.000000
v 3.399323 3.702008 -0.000000
v 3.414672 3.723496 -0.000000
v 3.297170 4.031873 0.000000
v 3.323429 4.029078 -0.000000
v 3.317123 4.427876 -0.000000
v 3.343382 4.425081 -0.000000
v 3.442499 4.903022 -0.000000
v 3.466659 4.892362 -0.000000
v 3.721290 5.600780 -0.000000
v 3.730557 5.606933 -0.000000
v 3.747706 5.600285 -0.000000
v 3.743441 5.606694 -0.000000
v 3.740418 5.581928 -0.000000
v 3.714060 5.582686 -0.000000
v 4.371754 0.183776 -0.046893
v 4.355742 -0.002916 -0.051184
v 4.467043 0.436113 -0.021361
v 3.675568 0.016160 -0.233436
v 3.693995 -0.002916 -0.228499
v 3.693995 0.093524 -0.228499
v 3.675568 0.074448 -0.233436
v 4.467043 2.755284 -0.021361
v 4.467043 3.114450 -0.021361
v 4.335389 2.891583 -0.056637
v 4.310185 3.166329 -0.063391
v 3.961776 3.101863 -0.156747
v 4.018115 3.240004 -0.141651
v 3.648949 3.358191 -0.240568
v 3.680084 3.421122 -0.232226
v 3.438421 3.702008 -0.296980
v 3.453247 3.723496 -0.293007
v 3.339748 4.031873 -0.323418
v 3.365113 4.029078 -0.316622
v 3.359022 4.427876 -0.318254
v 3.384387 4.425081 -0.311458
v 3.480126 4.903022 -0.285805
v 3.503462 4.892362 -0.279552
v 3.749417 5.600780 -0.213649
v 3.758369 5.606933 -0.211250
v 3.774933 5.600285 -0.206811
v 3.770813 5.606694 -0.207915
v 3.767894 5.581928 -0.208698
v 3.742434 5.582686 -0.215520
v 4.389854 0.183776 -0.090591
v 4.375498 -0.002916 -0.098879
v 4.475288 0.436113 -0.041266
v 3.765671 0.016160 -0.450964
v 3.782192 -0.002916 -0.441425
v 3.782192 0.093524 -0.441425
v 3.765671 0.074448 -0.450964
v 4.475288 2.755284 -0.041266
v 4.475288 3.114450 -0.041266
v 4.357250 2.891583 -0.109415
v 4.334653 3.166329 -0.122461
v 4.022278 3.101863 -0.302811
v 4.072790 3.240004 -0.273648
v 3.741805 3.358191 -0.464742
v 3.769719 3.421122 -0.448626
v 3.553051 3.702008 -0.573720
v 3.566343 3.723496 -0.566045
v 3.464583 4.031873 -0.624796
v 3.487324 4.029078 -0.611667
v 3.481863 4.427876 -0.614820
v 3.504605 4.425081 -0.601690
v 3.590443 4.903022 -0.552132
v 3.611365 4.892362 -0.540052
v 3.831882 5.600780 -0.412737
v 3.839908 5.606933 -0.408103
v 3.854759 5.600285 -0.399528
v 3.851066 5.606694 -0.401661
v 3.848448 5.581928 -0.403172
v 3.825621 5.582686 -0.416351
v 4.418648 0.183776 -0.128115
v 4.406926 -0.002916 -0.139837
v 4.488404 0.436113 -0.058358
v 3.909004 0.016160 -0.637759
v 3.922493 -0.002916 -0.624270
v 3.922493 0.093524 -0.624270
v 3.909004 0.074448 -0.637759
v 4.488404 2.755284 -0.058358
v 4.488404 3.114450 -0.058358
v 4.392026 2.891583 -0.154736
v 4.373576 3.166329 -0.173187
v 4.118523 3.101863 -0.428240
v 4.159765 3.240004 -0.386997
v 3.889518 3.358191 -0.657245
v 3.912309 3.421122 -0.634453
v 3.735401 3.702008 -0.811363
v 3.746253 3.723496 -0.800509
v 3.663167 4.031873 -0.883596
v 3.681735 4.029078 -0.865028
v 3.677276 4.427876 -0.869487
v 3.695844 4.425081 -0.850919
v 3.765931 4.903022 -0.780832
v 3.783014 4.892362 -0.763749
v 3.963065 5.600780 -0.583698
v 3.969619 5.606933 -0.577144
v 3.981745 5.600285 -0.565018
v 3.978729 5.606694 -0.568034
v 3.976591 5.581928 -0.570172
v 3.957953 5.582686 -0.588810
v 4.456172 0.183776 -0.156908
v 4.447883 -0.002916 -0.171264
v 4.505497 0.436113 -0.071474
v 4.095799 0.016160 -0.781092
v 4.105337 -0.002916 -0.764571
v 4.105337 0.093524 -0.764571
v 4.095799 0.074448 -0.781092
v 4.505497 2.755284 -0.071474
v 4.505497 3.114450 -0.071474
v 4.437347 2.891583 -0.189512
v 4.424301 3.166329 -0.212109
v 4.243951 3.101863 -0.524485
v 4.273114 3.240004 -0.473973
v 4.082020 3.358191 -0.804958
v 4.098136 3.421122 -0.777043
v 3.973043 3.702008 -0.993712
v 3.980717 3.723496 -0.980419
v 3.921966 4.031873 -1.082179
v 3.935096 4.029078 -1.059438
v 3.931943 4.427876 -1.064899
v 3.945073 4.425081 -1.042158
v 3.994631 4.903022 -0.956320
v 4.006711 4.892362 -0.935397
v 4.134027 5.600780 -0.714881
v 4.138660 5.606933 -0.706854
v 4.147234 5.600285 -0.692003
v 4.145102 5.606694 -0.695697
v 4.143590 5.581928 -0.698315
v 4.130412 5.582686 -0.721141
v 4.499869 0.183776 -0.175008
v 4.495579 -0.002916 -0.191020
v 4.525402 0.436113 -0.079719
v 4.313326 0.016160 -0.871195
v 4.318264 -0.002916 -0.852768
v 4.318264 0.093524 -0.852768
v 4.313326 0.074448 -0.871195
v 4.525402 2.755284 -0.079719
v 4.525402 3.114450 -0.079719
v 4.490125 2.891583 -0.211373
v 4.483372 3.166329 -0.236577
v 4.390016 3.101863 -0.584987
v 4.405112 3.240004 -0.528648
v 4.306194 3.358191 -0.897813
v 4.314537 3.421122 -0.866679
v 4.249784 3.702008 -1.108341
v 4.253756 3.723496 -1.093516
v 4.223344 4.031873 -1.207014
v 4.230140 4.029078 -1.181650
v 4.228508 4.427876 -1.187740
v 4.235305 4.425081 -1.162376
v 4.260959 4.903022 -1.066636
v 4.267211 4.892362 -1.043300
v 4.333115 5.600780 -0.797346
v 4.335513 5.606933 -0.788393
v 4.339952 5.600285 -0.771829
v 4.338848 5.606694 -0.775949
v 4.338066 5.581928 -0.778869
v 4.331244 5.582686 -0.804329
v 4.546762 0.183776 -0.181182
v 4.546762 -0.002916 -0.197759
v 4.546762 0.436113 -0.082531
v 4.546762 0.016160 -0.901927
v 4.546762 -0.002916 -0.882851
v 4.546762 0.093524 -0.882851
v 4.546762 0.074448 -0.901927
v 4.546762 2.755284 -0.082531
v 4.546762 3.114450 -0.082531
v 4.546762 2.891583 -0.218830
v 4.546762 3.166329 -0.244923
v 4.546762 3.101863 -0.605623
v 4.546762 3.240004 -0.547297
v 4.546762 3.358191 -0.929485
v 4.546762 3.421122 -0.897252
v 4.546763 3.702008 -1.147439
v 4.546762 3.723496 -1.132091
v 4.546762 4.031873 -1.249593
v 4.546762 4.029078 -1.223334
v 4.546762 4.427876 -1.229639
v 4.546763 4.425081 -1.203380
v 4.546763 4.903022 -1.104263
v 4.546763 4.892362 -1.080104
v 4.546763 5.600780 -0.825473
v 4.546762 5.606933 -0.816205
v 4.546763 5.600285 -0.799056
v 4.546763 5.606694 -0.803321
v 4.546763 5.581928 -0.806344
v 4.546762 5.582686 -0.832702
v 4.593656 0.183776 -0.175008
v 4.597946 -0.002916 -0.191020
v 4.568123 0.436113 -0.079719
v 4.780199 0.016160 -0.871195
v 4.775261 -0.002916 -0.852768
v 4.775261 0.093524 -0.852768
v 4.780199 0.074448 -0.871195
v 4.568123 2.755284 -0.079719
v 4.568123 3.114450 -0.079719
v 4.603400 2.891583 -0.211373
v 4.610153 3.166329 -0.236577
v 4.703509 3.101863 -0.584987
v 4.688413 3.240004 -0.528648
v 4.787331 3.358191 -0.897813
v 4.778988 3.421122 -0.866679
v 4.843742 3.702008 -1.108341
v 4.839769 3.723496 -1.093516
v 4.870181 4.031873 -1.207014
v 4.863385 4.029078 -1.181650
v 4.865017 4.427876 -1.187740
v 4.858221 4.425081 -1.162376
v 4.832567 4.903022 -1.066636
v 4.826314 4.892362 -1.043300
v 4.760411 5.600780 -0.797345
v 4.758012 5.606933 -0.788393
v 4.753574 5.600285 -0.771829
v 4.754678 5.606694 -0.775949
v 4.755460 5.581928 -0.778869
v 4.762282 5.582686 -0.804329
v 4.637353 0.183776 -0.156908
v 4.645642 -0.002916 -0.171264
v 4.588028 0.436113 -0.071474
v 4.997726 0.016160 -0.781092
v 4.988188 -0.002916 -0.764571
v 4.988188 0.093524 -0.764571
v 4.997726 0.074448 -0.781092
v 4.588028 2.755284 -0.071474
v 4.588028 3.114450 -0.071474
v 4.656178 2.891583 -0.189512
v 4.669224 3.166329 -0.212109
v 4.849574 3.101863 -0.524485
v 4.820411 3.240004 -0.473973
v 5.011505 3.358191 -0.804957
v 4.995389 3.421122 -0.777043
v 5.120482 3.702008 -0.993711
v 5.112808 3.723496 -0.980419
v 5.171559 4.031873 -1.082179
v 5.158429 4.029078 -1.059438
v 5.161582 4.427876 -1.064899
v 5.148453 4.425081 -1.042158
v 5.098894 4.903022 -0.956319
v 5.086814 4.892362 -0.935397
v 4.959499 5.600780 -0.714880
v 4.954865 5.606933 -0.706854
v 4.946291 5.600285 -0.692003
v 4.948423 5.606694 -0.695696
v 4.949935 5.581928 -0.698314
v 4.963114 5.582686 -0.721141
v 4.674877 0.183776 -0.128115
v 4.686599 -0.002916 -0.139837
v 4.605121 0.436113 -0.058358
v 5.184521 0.016160 -0.637759
v 5.171032 -0.002916 -0.624270
v 5.171032 0.093524 -0.624270
v 5.184521 0.074448 -0.637759
v 4.605121 2.755284 -0.058358
v 4.605121 3.114450 -0.058358
v 4.701499 2.891583 -0.154736
v 4.719949 3.166329 -0.173187
v 4.975002 3.101863 -0.428240
v 4.933760 3.240004 -0.386997
v 5.204008 3.358191 -0.657245
v 5.181215 3.421122 -0.634453
v 5.358125 3.702008 -0.811362
v 5.347271 3.723496 -0.800509
v 5.430358 4.031873 -0.883596
v 5.411790 4.029078 -0.865027
v 5.416249 4.427876 -0.869486
v 5.397681 4.425081 -0.850918
v 5.327595 4.903022 -0.780831
v 5.310512 4.892362 -0.763749
v 5.130460 5.600780 -0.583697
v 5.123907 5.606933 -0.577144
v 5.111781 5.600285 -0.565018
v 5.114797 5.606694 -0.568034
v 5.116934 5.581928 -0.570171
v 5.135572 5.582686 -0.588809
v 4.703671 0.183776 -0.090591
v 4.718027 -0.002916 -0.098879
v 4.618237 0.436113 -0.041266
v 5.327854 0.016160 -0.450964
v 5.311333 -0.002916 -0.441425
v 5.311333 0.093524 -0.441425
v 5.327854 0.074448 -0.450964
v 4.618237 2.755284 -0.041266
v 4.618237 3.114450 -0.041266
v 4.736275 2.891583 -0.109415
v 4.758872 3.166329 -0.122461
v 5.071247 3.101863 -0.302811
v 5.020735 3.240004 -0.273648
v 5.351720 3.358191 -0.464742
v 5.323805 3.421122 -0.448626
v 5.540474 3.702008 -0.573719
v 5.527182 3.723496 -0.566045
v 5.628942 4.031873 -0.624796
v 5.606200 4.029078 -0.611667
v 5.611661 4.427876 -0.614820
v 5.588921 4.425081 -0.601690
v 5.503082 4.903022 -0.552131
v 5.482160 4.892362 -0.540052
v 5.261643 5.600780 -0.412736
v 5.253617 5.606933 -0.408102
v 5.238766 5.600285 -0.399528
v 5.242459 5.606694 -0.401660
v 5.245077 5.581928 -0.403172
v 5.267904 5.582686 -0.416351
v 4.721771 0.183776 -0.046893
v 4.737782 -0.002916 -0.051184
v 4.626482 0.436113 -0.021361
v 5.417957 0.016160 -0.233436
v 5.399530 -0.002916 -0.228499
v 5.399530 0.093524 -0.228499
v 5.417957 0.074448 -0.233436
v 4.626482 2.755284 -0.021361
v 4.626482 3.114450 -0.021361
v 4.758136 2.891583 -0.056637
v 4.783340 3.166329 -0.063391
v 5.131749 3.101863 -0.156747
v 5.075410 3.240004 -0.141651
v 5.444576 3.358191 -0.240568
v 5.413442 3.421122 -0.232226
v 5.655104 3.702008 -0.296979
v 5.640278 3.723496 -0.293007
v 5.753777 4.031873 -0.323418
v 5.728412 4.029078 -0.316622
v 5.734503 4.427876 -0.318254
v 5.709138 4.425081 -0.311457
v 5.613399 4.903022 -0.285804
v 5.590063 4.892362 -0.279551
v 5.344108 5.600780 -0.213648
v 5.335156 5.606933 -0.211249
v 5.318592 5.600285 -0.206811
v 5.322711 5.606694 -0.207914
v 5.325631 5.581928 -0.208697
v 5.351091 5.582686 -0.215519
vn 0.9924 -0.1229 -0.0000
vn 0.9586 -0.1229 0.2569
vn 0.8787 -0.4152 0.2355
vn 0.9097 -0.4152 -0.0000
vn -0.9294 -0.3690 -0.0000
vn -0.8978 -0.3690 -0.2406
vn -0.9602 0.1087 -0.2573
vn -0.9941 0.1087 -0.0000
vn -0.8923 0.4514 -0.0000
vn -0.8619 0.4514 -0.2309
vn -0.9592 0.1180 -0.2570
vn -0.9930 0.1180 -0.0000
vn 0.5908 -0.8068 -0.0000
vn 0.5706 -0.8068 0.1529
vn 0.8876 -0.3944 0.2378
vn 0.9189 -0.3944 -0.0000
vn 0.9286 0.3710 -0.0000
vn 0.8970 0.3710 0.2403
vn 0.9177 0.3122 0.2459
vn 0.9500 0.3122 -0.0000
vn 0.9821 0.1881 -0.0000
vn 0.9487 0.1881 0.2542
vn 0.5677 0.8091 0.1521
vn 0.5877 0.8091 -0.0000
vn -0.1665 0.9860 -0.0000
vn -0.1608 0.9860 -0.0431
vn -0.2588 0.9634 -0.0694
vn -0.2680 0.9634 -0.0000
vn 0.4092 -0.9124 -0.0000
vn 0.3953 -0.9124 0.1059
vn -0.0000 -1.0000 -0.0000
vn 0.9883 0.1523 -0.0000
vn 0.9547 0.1523 0.2558
vn 0.9283 -0.3719 -0.0000
vn 0.8967 -0.3719 0.2403
vn -0.9547 -0.1522 -0.2558
vn -0.9883 -0.1522 -0.0000
vn 0.5561 -0.8311 -0.0000
vn 0.5371 -0.8311 0.1439
vn 0.9283 0.3719 -0.0000
vn 0.8967 0.3719 0.2403
vn -0.3471 0.9332 -0.0930
vn -0.3593 0.9332 -0.0000
vn 0.4621 0.8868 -0.0000
vn 0.4464 0.8868 0.1196
vn -0.9180 -0.3111 -0.2460
vn -0.9504 -0.3111 -0.0000
vn 0.7492 -0.6624 -0.0000
vn 0.7237 -0.6624 0.1939
vn -0.6278 0.7600 -0.1682
vn -0.6500 0.7600 -0.0000
vn 0.7855 0.6188 -0.0000
vn 0.7588 0.6188 0.2033
vn 0.3025 0.9531 -0.0000
vn 0.2922 0.9531 0.0783
vn -0.0000 1.0000 -0.0000
vn -0.4496 0.8932 -0.0000
vn -0.4342 0.8933 -0.1163
vn 0.7958 -0.3944 0.4595
vn 0.8506 0.1881 0.4911
vn 0.8559 0.1523 0.4942
vn 0.8595 -0.1229 0.4962
vn -0.8600 0.1180 -0.4965
vn -0.8559 -0.1522 -0.4942
vn -0.1442 0.9860 -0.0832
vn 0.8227 0.3122 0.4750
vn -0.8230 -0.3111 -0.4752
vn 0.5116 -0.8068 0.2954
vn -0.8049 -0.3690 -0.4647
vn -0.2321 0.9634 -0.1340
vn 0.6803 0.6188 0.3928
vn 0.8042 0.3710 0.4643
vn 0.4816 -0.8311 0.2780
vn 0.2620 0.9531 0.1513
vn -0.3112 0.9332 -0.1797
vn 0.5090 0.8091 0.2939
vn -0.3893 0.8933 -0.2248
vn 0.6488 -0.6624 0.3746
vn 0.3544 -0.9124 0.2046
vn -0.8609 0.1087 -0.4970
vn -0.5629 0.7600 -0.3250
vn 0.8039 -0.3719 0.4641
vn 0.7879 -0.4152 0.4549
vn 0.8039 0.3719 0.4641
vn -0.7728 0.4514 -0.4461
vn 0.4002 0.8868 0.2311
vn 0.4156 0.8091 0.4156
vn 0.3268 0.8868 0.3268
vn -0.6309 0.4514 -0.6309
vn -0.7022 0.1180 -0.7022
vn 0.6498 -0.3944 0.6498
vn 0.6945 0.1881 0.6945
vn 0.6989 0.1523 0.6989
vn 0.7017 -0.1229 0.7017
vn -0.6989 -0.1522 -0.6989
vn -0.1177 0.9860 -0.1177
vn 0.6718 0.3122 0.6718
vn -0.6720 -0.3111 -0.6720
vn 0.4177 -0.8068 0.4177
vn -0.6572 -0.3690 -0.6572
vn -0.1895 0.9634 -0.1895
vn 0.5555 0.6188 0.5555
vn 0.6566 0.3710 0.6566
vn 0.3932 -0.8311 0.3932
vn 0.2139 0.9531 0.2139
vn -0.2541 0.9332 -0.2541
vn -0.3179 0.8933 -0.3179
vn 0.5298 -0.6624 0.5298
vn 0.2894 -0.9124 0.2894
vn -0.7029 0.1087 -0.7029
vn -0.4596 0.7600 -0.4596
vn 0.6564 -0.3719 0.6564
vn 0.6433 -0.4152 0.6433
vn 0.6564 0.3719 0.6564
vn 0.2311 0.8868 0.4002
vn 0.4641 0.3719 0.8039
vn 0.4962 -0.1229 0.8595
vn 0.4549 -0.4152 0.7879
vn 0.2939 0.8091 0.5090
vn -0.4461 0.4514 -0.7728
vn -0.4965 0.1180 -0.8600
vn 0.4595 -0.3944 0.7958
vn 0.4911 0.1881 0.8506
vn 0.4942 0.1523 0.8559
vn -0.4942 -0.1522 -0.8559
vn -0.0832 0.9860 -0.1442
vn 0.4750 0.3122 0.8227
vn -0.4752 -0.3111 -0.8230
vn 0.2954 -0.8068 0.5116
vn -0.4647 -0.3690 -0.8049
vn -0.1340 0.9634 -0.2321
vn 0.3928 0.6188 0.6803
vn 0.4643 0.3710 0.8042
vn 0.2780 -0.8311 0.4816
vn 0.1513 0.9531 0.2620
vn -0.1797 0.9332 -0.3112
vn -0.2248 0.8933 -0.3893
vn 0.3746 -0.6624 0.6488
vn 0.2046 -0.9124 0.3544
vn -0.4970 0.1087 -0.8609
vn -0.3250 0.7600 -0.5629
vn 0.4641 -0.3719 0.8039
vn 0.2403 0.3719 0.8967
vn 0.2403 -0.3719 0.8967
vn 0.2403 0.3710 0.8970
vn 0.2459 0.3122 0.9177
vn -0.1682 0.7600 -0.6278
vn -0.2309 0.4514 -0.8619
vn 0.1196 0.8868 0.4464
vn 0.2569 -0.1229 0.9586
vn 0.2355 -0.4152 0.8787
vn 0.1521 0.8091 0.5677
vn -0.2570 0.1180 -0.9592
vn 0.2378 -0.3944 0.8876
vn 0.2542 0.1881 0.9487
vn 0.2558 0.1523 0.9547
vn -0.2558 -0.1522 -0.9547
vn -0.0431 0.9860 -0.1608
vn -0.2460 -0.3111 -0.9180
vn 0.1529 -0.8068 0.5706
vn -0.2406 -0.3690 -0.8978
vn -0.0694 0.9634 -0.2588
vn 0.2033 0.6188 0.7588
vn 0.1439 -0.8311 0.5371
vn 0.0783 0.9531 0.2922
vn -0.0930 0.9332 -0.3471
vn -0.1163 0.8933 -0.4342
vn 0.1939 -0.6624 0.7237
vn 0.1059 -0.9124 0.3953
vn -0.2573 0.1087 -0.9602
vn -0.0000 -0.3719 0.9283
vn -0.0000 -0.9124 0.4092
vn -0.0000 -0.3690 -0.9294
vn -0.0000 0.1087 -0.9941
vn -0.0000 -0.4152 0.9097
vn -0.0000 -0.6624 0.7492
vn -0.0000 0.3719 0.9283
vn -0.0000 0.3710 0.9286
vn -0.0000 0.3122 0.9500
vn -0.0000 0.7600 -0.6500
vn -0.0000 0.4514 -0.8923
vn -0.0000 0.8868 0.4621
vn -0.0000 -0.1229 0.9924
vn -0.0000 0.8091 0.5877
vn -0.0000 0.1180 -0.9930
vn -0.0000 -0.3944 0.9189
vn -0.0000 0.1881 0.9821
vn -0.0000 0.1523 0.9883
vn -0.0000 -0.1522 -0.9883
vn -0.0000 0.9860 -0.1665
vn -0.0000 -0.3111 -0.9504
vn -0.0000 -0.8068 0.5908
vn -0.0000 0.9634 -0.2680
vn -0.0000 0.6188 0.7855
vn -0.0000 -0.8311 0.5561
vn -0.0000 0.9531 0.3025
vn -0.0000 0.9332 -0.3593
vn -0.0000 0.8933 -0.4495
vn -0.1059 -0.9124 0.3953
vn 0.2573 0.1087 -0.9602
vn 0.1164 0.8933 -0.4342
vn 0.0930 0.9332 -0.3471
vn 0.1682 0.7600 -0.6278
vn -0.2403 -0.3719 0.8967
vn 0.2406 -0.3690 -0.8978
vn -0.2355 -0.4152 0.8787
vn -0.1939 -0.6624 0.7237
vn -0.2403 0.3719 0.8967
vn -0.2403 0.3710 0.8970
vn -0.2459 0.3122 0.9177
vn 0.2309 0.4514 -0.8619
vn -0.1196 0.8868 0.4464
vn -0.2569 -0.1229 0.9586
vn -0.1521 0.8091 0.5677
vn 0.2570 0.1180 -0.9592
vn -0.2378 -0.3944 0.8876
vn -0.2542 0.1881 0.9487
vn -0.2558 0.1523 0.9547
vn 0.2558 -0.1522 -0.9547
vn 0.0431 0.9860 -0.1608
vn 0.2460 -0.3111 -0.9180
vn -0.1529 -0.8068 0.5706
vn 0.0694 0.9634 -0.2588
vn -0.2033 0.6188 0.7588
vn -0.1439 -0.8311 0.5371
vn -0.0783 0.9531 0.2922
vn -0.4911 0.1881 0.8506
vn -0.2939 0.8091 0.5090
vn 0.2248 0.8933 -0.3893
vn -0.1513 0.9531 0.2620
vn -0.3746 -0.6624 0.6488
vn -0.2780 -0.8311 0.4816
vn -0.2046 -0.9124 0.3544
vn 0.4970 0.1087 -0.8609
vn 0.1797 0.9332 -0.3112
vn 0.3250 0.7600 -0.5629
vn -0.4641 -0.3719 0.8039
vn 0.4647 -0.3690 -0.8049
vn -0.4549 -0.4152 0.7879
vn -0.4641 0.3719 0.8039
vn -0.4643 0.3710 0.8042
vn -0.4750 0.3122 0.8227
vn 0.4461 0.4514 -0.7728
vn -0.2311 0.8868 0.4002
vn -0.4962 -0.1229 0.8595
vn 0.4965 0.1180 -0.8600
vn -0.4595 -0.3944 0.7958
vn -0.4942 0.1523 0.8559
vn 0.4942 -0.1522 -0.8559
vn 0.0832 0.9860 -0.1442
vn 0.4752 -0.3111 -0.8230
vn -0.2954 -0.8068 0.5116
vn 0.1340 0.9634 -0.2321
vn -0.3928 0.6188 0.6803
vn -0.2139 0.9531 0.2139
vn -0.5555 0.6188 0.5555
vn 0.1895 0.9634 -0.1895
vn 0.2541 0.9332 -0.2541
vn -0.6945 0.1881 0.6945
vn -0.4156 0.8091 0.4156
vn 0.3179 0.8933 -0.3179
vn -0.5298 -0.6624 0.5298
vn -0.3932 -0.8311 0.3932
vn -0.2894 -0.9124 0.2894
vn 0.7029 0.1087 -0.7029
vn 0.4596 0.7600 -0.4596
vn -0.6564 -0.3719 0.6564
vn 0.6572 -0.3690 -0.6572
vn -0.6433 -0.4152 0.6433
vn -0.6564 0.3719 0.6564
vn -0.6566 0.3710 0.6566
vn -0.6718 0.3122 0.6718
vn 0.6310 0.4514 -0.6309
vn -0.3268 0.8868 0.3268
vn -0.7017 -0.1229 0.7017
vn 0.7022 0.1180 -0.7022
vn -0.6498 -0.3944 0.6498
vn -0.6989 0.1523 0.6989
vn 0.6989 -0.1522 -0.6989
vn 0.1177 0.9860 -0.1177
vn 0.6720 -0.3111 -0.6720
vn -0.4177 -0.8068 0.4177
vn -0.6803 0.6188 0.3928
vn -0.8042 0.3710 0.4643
vn -0.4816 -0.8311 0.2780
vn -0.5116 -0.8068 0.2954
vn -0.2620 0.9531 0.1513
vn 0.2321 0.9634 -0.1340
vn 0.3112 0.9332 -0.1797
vn -0.8506 0.1881 0.4911
vn -0.5090 0.8091 0.2939
vn 0.3893 0.8933 -0.2248
vn -0.6488 -0.6624 0.3746
vn -0.3544 -0.9124 0.2046
vn 0.8609 0.1087 -0.4971
vn 0.5629 0.7600 -0.3250
vn -0.8039 -0.3719 0.4641
vn 0.8049 -0.3690 -0.4647
vn -0.7879 -0.4152 0.4549
vn -0.8039 0.3719 0.4641
vn -0.8227 0.3122 0.4750
vn 0.7728 0.4514 -0.4461
vn -0.4002 0.8868 0.2311
vn -0.8595 -0.1229 0.4962
vn 0.8600 0.1180 -0.4965
vn -0.7958 -0.3944 0.4595
vn -0.8559 0.1523 0.4942
vn 0.8559 -0.1522 -0.4942
vn 0.1442 0.9860 -0.0832
vn 0.8230 -0.3111 -0.4752
vn 0.9180 -0.3111 -0.2460
vn 0.8978 -0.3690 -0.2406
vn 0.1608 0.9860 -0.0431
vn 0.2588 0.9634 -0.0694
vn -0.7588 0.6188 0.2033
vn -0.8970 0.3710 0.2403
vn -0.5371 -0.8311 0.1439
vn -0.5706 -0.8068 0.1529
vn -0.2922 0.9532 0.0783
vn 0.3471 0.9332 -0.0930
vn -0.9487 0.1881 0.2542
vn -0.5677 0.8091 0.1521
vn 0.4342 0.8933 -0.1164
vn -0.7237 -0.6624 0.1939
vn -0.3953 -0.9124 0.1059
vn 0.9602 0.1087 -0.2573
vn 0.6278 0.7600 -0.1682
vn -0.8967 -0.3719 0.2403
vn -0.8787 -0.4152 0.2355
vn -0.8967 0.3719 0.2403
vn -0.9177 0.3122 0.2459
vn 0.8619 0.4514 -0.2309
vn -0.4464 0.8868 0.1196
vn -0.9586 -0.1229 0.2569
vn 0.9592 0.1180 -0.2570
vn -0.8876 -0.3944 0.2378
vn -0.9547 0.1523 0.2558
vn 0.9547 -0.1522 -0.2558
vn 0.9883 -0.1522 -0.0000
vn 0.9504 -0.3111 -0.0000
vn -0.5908 -0.8068 -0.0000
vn -0.9189 -0.3944 -0.0000
vn 0.9294 -0.3690 -0.0000
vn 0.1665 0.9860 -0.0000
vn 0.2680 0.9634 -0.0000
vn -0.7855 0.6188 -0.0000
vn -0.9286 0.3710 -0.0000
vn -0.5561 -0.8311 -0.0000
vn -0.3025 0.9531 -0.0000
vn 0.3593 0.9332 -0.0000
vn -0.9821 0.1881 -0.0000
vn -0.5877 0.8091 -0.0000
vn 0.4495 0.8933 -0.0000
vn -0.7492 -0.6624 -0.0000
vn -0.4092 -0.9124 -0.0000
vn 0.9941 0.1087 -0.0000
vn 0.6500 0.7600 -0.0000
vn -0.9283 -0.3719 -0.0000
vn -0.9097 -0.4152 -0.0000
vn -0.9283 0.3719 -0.0000
vn -0.9500 0.3122 -0.0000
vn 0.8923 0.4514 -0.0000
vn -0.4621 0.8868 -0.0000
vn -0.9924 -0.1229 -0.0000
vn 0.9930 0.1180 -0.0000
vn -0.9883 0.1523 -0.0000
vn -0.9177 0.3122 -0.2459
vn -0.9547 0.1523 -0.2558
vn 0.9547 -0.1522 0.2558
vn 0.9180 -0.3111 0.2460
vn -0.5706 -0.8068 -0.1529
vn -0.8876 -0.3944 -0.2378
vn 0.8978 -0.3690 0.2406
vn 0.1608 0.9860 0.0431
vn 0.2588 0.9634 0.0694
vn -0.7588 0.6188 -0.2033
vn -0.8970 0.3710 -0.2403
vn -0.5371 -0.8311 -0.1439
vn -0.2922 0.9531 -0.0783
vn 0.3471 0.9332 0.0930
vn -0.9487 0.1881 -0.2542
vn -0.5677 0.8091 -0.1521
vn 0.4342 0.8933 0.1163
vn -0.7237 -0.6624 -0.1939
vn -0.3953 -0.9124 -0.1059
vn 0.9602 0.1087 0.2573
vn 0.6278 0.7600 0.1682
vn -0.8967 -0.3719 -0.2403
vn -0.8787 -0.4152 -0.2355
vn -0.8967 0.3719 -0.2403
vn 0.8619 0.4514 0.2309
vn -0.4464 0.8868 -0.1196
vn -0.9586 -0.1229 -0.2569
vn 0.9592 0.1180 0.2570
vn 0.8600 0.1180 0.4965
vn 0.8559 -0.1522 0.4942
vn 0.1442 0.9860 0.0832
vn -0.8227 0.3122 -0.4750
vn -0.8559 0.1523 -0.4942
vn 0.8230 -0.3111 0.4752
vn -0.5116 -0.8068 -0.2954
vn -0.7958 -0.3944 -0.4595
vn 0.8049 -0.3690 0.4647
vn 0.2321 0.9634 0.1340
vn -0.6803 0.6188 -0.3928
vn -0.8042 0.3710 -0.4643
vn -0.4816 -0.8311 -0.2780
vn -0.2620 0.9531 -0.1513
vn 0.3112 0.9332 0.1797
vn -0.8506 0.1881 -0.4911
vn -0.5090 0.8091 -0.2939
vn 0.3893 0.8933 0.2248
vn -0.6488 -0.6624 -0.3746
vn -0.3544 -0.9124 -0.2046
vn 0.8609 0.1087 0.4970
vn 0.5629 0.7600 0.3250
vn -0.8039 -0.3719 -0.4641
vn -0.7879 -0.4152 -0.4549
vn -0.8039 0.3719 -0.4641
vn 0.7728 0.4514 0.4461
vn -0.4002 0.8868 -0.2311
vn -0.8595 -0.1229 -0.4962
vn -0.6989 0.1523 -0.6989
vn -0.7017 -0.1229 -0.7017
vn 0.7022 0.1180 0.7022
vn 0.6989 -0.1522 0.6989
vn 0.1177 0.9860 0.1177
vn -0.6718 0.3122 -0.6718
vn 0.6720 -0.3111 0.6720
vn -0.4177 -0.8068 -0.4177
vn -0.6498 -0.3944 -0.6498
vn 0.6572 -0.3690 0.6572
vn 0.1895 0.9634 0.1895
vn -0.5555 0.6188 -0.5555
vn -0.6566 0.3710 -0.6566
vn -0.3932 -0.8311 -0.3932
vn -0.2139 0.9531 -0.2139
vn 0.2541 0.9332 0.2541
vn -0.6945 0.1881 -0.6945
vn -0.4156 0.8091 -0.4156
vn 0.3179 0.8933 0.3179
vn -0.5298 -0.6624 -0.5298
vn -0.2894 -0.9124 -0.2894
vn 0.7029 0.1087 0.7029
vn 0.4596 0.7600 0.4596
vn -0.6564 -0.3719 -0.6564
vn -0.6433 -0.4152 -0.6433
vn -0.6564 0.3719 -0.6564
vn 0.6310 0.4514 0.6309
vn -0.3268 0.8868 -0.3268
vn 0.4461 0.4514 0.7728
vn 0.4965 0.1180 0.8600
vn -0.4595 -0.3944 -0.7958
vn -0.4911 0.1881 -0.8506
vn -0.4942 0.1523 -0.8559
vn -0.4962 -0.1229 -0.8595
vn 0.4942 -0.1522 0.8559
vn 0.0832 0.9860 0.1442
vn -0.4750 0.3122 -0.8227
vn 0.4752 -0.3111 0.8230
vn -0.2954 -0.8068 -0.5116
vn 0.4647 -0.3690 0.8049
vn 0.1340 0.9634 0.2321
vn -0.3928 0.6188 -0.6803
vn -0.4643 0.3710 -0.8042
vn -0.2780 -0.8311 -0.4816
vn -0.1513 0.9531 -0.2620
vn 0.1797 0.9332 0.3112
vn -0.2939 0.8091 -0.5090
vn 0.2248 0.8933 0.3893
vn -0.3746 -0.6624 -0.6488
vn -0.2046 -0.9124 -0.3544
vn 0.4970 0.1087 0.8609
vn 0.3250 0.7600 0.5629
vn -0.4641 -0.3719 -0.8039
vn -0.4549 -0.4152 -0.7879
vn -0.4641 0.3719 -0.8039
vn -0.2311 0.8868 -0.4002
vn -0.2569 -0.1229 -0.9586
vn -0.2355 -0.4152 -0.8787
vn -0.1521 0.8091 -0.5677
vn -0.1196 0.8868 -0.4464
vn 0.2309 0.4514 0.8619
vn 0.2570 0.1180 0.9592
vn -0.2378 -0.3944 -0.8876
vn -0.2542 0.1881 -0.9487
vn -0.2558 0.1523 -0.9547
vn 0.2558 -0.1522 0.9547
vn 0.0431 0.9860 0.1608
vn -0.2459 0.3122 -0.9177
vn 0.2460 -0.3111 0.9180
vn -0.1529 -0.8068 -0.5706
vn 0.2406 -0.3690 0.8978
vn 0.0694 0.9634 0.2588
vn -0.2033 0.6188 -0.7588
vn -0.2403 0.3710 -0.8970
vn -0.1439 -0.8311 -0.5371
vn -0.0783 0.9531 -0.2922
vn 0.0930 0.9332 0.3471
vn 0.1163 0.8933 0.4342
vn -0.1939 -0.6624 -0.7237
vn -0.1059 -0.9124 -0.3953
vn 0.2573 0.1087 0.9602
vn 0.1682 0.7600 0.6278
vn -0.2403 -0.3719 -0.8967
vn -0.2403 0.3719 -0.8967
vn -0.0000 0.3710 -0.9286
vn -0.0000 0.3122 -0.9500
vn -0.0000 0.7600 0.6500
vn -0.0000 0.4514 0.8923
vn -0.0000 0.8868 -0.4621
vn -0.0000 0.3719 -0.9283
vn -0.0000 -0.1229 -0.9924
vn -0.0000 -0.4152 -0.9097
vn -0.0000 0.8091 -0.5877
vn -0.0000 0.1180 0.9930
vn -0.0000 -0.3944 -0.9189
vn -0.0000 0.1881 -0.9821
vn -0.0000 0.1523 -0.9883
vn -0.0000 -0.1522 0.9883
vn -0.0000 0.9860 0.1665
vn -0.0000 -0.3111 0.9504
vn -0.0000 -0.8068 -0.5908
vn -0.0000 -0.3690 0.9294
vn -0.0000 0.9634 0.2680
vn -0.0000 0.6188 -0.7855
vn -0.0000 -0.8311 -0.5561
vn -0.0000 0.9531 -0.3025
vn -0.0000 0.9332 0.3593
vn -0.0000 0.8933 0.4495
vn -0.0000 -0.6624 -0.7492
vn -0.0000 -0.9124 -0.4092
vn -0.0000 0.1087 0.9941
vn -0.0000 -0.3719 -0.9283
vn -0.2406 -0.3690 0.8978
vn -0.2573 0.1087 0.9602
vn 0.2355 -0.4152 -0.8787
vn 0.1939 -0.6624 -0.7237
vn 0.2403 0.3719 -0.8967
vn 0.2403 -0.3719 -0.8967
vn 0.2403 0.3710 -0.8970
vn 0.2459 0.3122 -0.9177
vn -0.1682 0.7600 0.6278
vn -0.2309 0.4514 0.8619
vn 0.1196 0.8868 -0.4464
vn 0.2569 -0.1229 -0.9586
vn 0.1521 0.8091 -0.5677
vn -0.2570 0.1180 0.9592
vn 0.2378 -0.3944 -0.8876
vn 0.2542 0.1881 -0.9487
vn 0.2558 0.1523 -0.9547
vn -0.2558 -0.1522 0.9547
vn -0.0431 0.9860 0.1608
vn -0.2460 -0.3111 0.9180
vn 0.1529 -0.8068 -0.5706
vn -0.0694 0.9634 0.2588
vn 0.2033 0.6188 -0.7588
vn 0.1439 -0.8311 -0.5371
vn 0.0783 0.9531 -0.2922
vn -0.0930 0.9332 0.3471
vn -0.1164 0.8933 0.4342
vn 0.1059 -0.9124 -0.3953
vn -0.4970 0.1087 0.8609
vn -0.2248 0.8933 0.3893
vn -0.1797 0.9332 0.3112
vn -0.3250 0.7600 0.5629
vn 0.4641 -0.3719 -0.8039
vn 0.2046 -0.9124 -0.3544
vn -0.4647 -0.3690 0.8049
vn 0.4549 -0.4152 -0.7879
vn 0.3746 -0.6624 -0.6488
vn 0.4641 0.3719 -0.8039
vn 0.4643 0.3710 -0.8042
vn 0.4750 0.3122 -0.8227
vn -0.4461 0.4514 0.7728
vn 0.2311 0.8868 -0.4002
vn 0.4962 -0.1229 -0.8595
vn 0.2939 0.8091 -0.5090
vn -0.4965 0.1180 0.8600
vn 0.4595 -0.3944 -0.7958
vn 0.4911 0.1881 -0.8506
vn 0.4942 0.1523 -0.8559
vn -0.4942 -0.1522 0.8559
vn -0.0832 0.9860 0.1442
vn -0.4752 -0.3111 0.8230
vn 0.2954 -0.8068 -0.5116
vn -0.1340 0.9634 0.2321
vn 0.3928 0.6188 -0.6803
vn 0.2780 -0.8311 -0.4816
vn 0.1513 0.9531 -0.2620
vn -0.3179 0.8933 0.3179
vn 0.2139 0.9531 -0.2139
vn 0.5298 -0.6624 -0.5298
vn 0.3932 -0.8311 -0.3932
vn 0.2894 -0.9124 -0.2894
vn -0.7029 0.1087 0.7029
vn -0.2541 0.9332 0.2541
vn -0.4596 0.7600 0.4596
vn 0.6564 -0.3719 -0.6564
vn -0.6572 -0.3690 0.6572
vn 0.6433 -0.4152 -0.6433
vn 0.6564 0.3719 -0.6564
vn 0.6566 0.3710 -0.6566
vn 0.6718 0.3122 -0.6718
vn -0.6310 0.4514 0.6310
vn 0.3268 0.8868 -0.3268
vn 0.7017 -0.1229 -0.7017
vn 0.4156 0.8091 -0.4156
vn -0.7022 0.1180 0.7022
vn 0.6498 -0.3944 -0.6498
vn 0.6945 0.1881 -0.6945
vn 0.6989 0.1523 -0.6989
vn -0.6989 -0.1522 0.6989
vn -0.1177 0.9860 0.1177
vn -0.6720 -0.3111 0.6720
vn 0.4177 -0.8068 -0.4177
vn -0.1895 0.9634 0.1895
vn 0.5555 0.6188 -0.5555
vn 0.2620 0.9531 -0.1513
vn 0.6803 0.6188 -0.3928
vn -0.2321 0.9634 0.1340
vn -0.3112 0.9332 0.1797
vn 0.8506 0.1881 -0.4911
vn 0.5090 0.8091 -0.2939
vn -0.3893 0.8933 0.2248
vn 0.6488 -0.6624 -0.3746
vn 0.4816 -0.8311 -0.2780
vn 0.3544 -0.9124 -0.2046
vn -0.8609 0.1087 0.4971
vn -0.5629 0.7600 0.3250
vn 0.8039 -0.3719 -0.4641
vn -0.8049 -0.3690 0.4647
vn 0.7879 -0.4152 -0.4549
vn 0.8039 0.3719 -0.4641
vn 0.8042 0.3710 -0.4643
vn 0.8227 0.3122 -0.4750
vn -0.7728 0.4514 0.4461
vn 0.4002 0.8868 -0.2311
vn 0.8595 -0.1229 -0.4962
vn -0.8600 0.1180 0.4965
vn 0.7958 -0.3944 -0.4595
vn 0.8559 0.1523 -0.4942
vn -0.8559 -0.1522 0.4942
vn -0.1442 0.9860 0.0832
vn -0.8230 -0.3111 0.4752
vn 0.5116 -0.8068 -0.2954
vn 0.7588 0.6188 -0.2033
vn 0.8970 0.3710 -0.2403
vn 0.5371 -0.8311 -0.1439
vn 0.5706 -0.8068 -0.1529
vn 0.2922 0.9531 -0.0783
vn -0.2588 0.9634 0.0694
vn -0.3471 0.9332 0.0930
vn 0.9487 0.1881 -0.2542
vn 0.5677 0.8091 -0.1521
vn -0.4342 0.8933 0.1164
vn 0.7237 -0.6624 -0.1939
vn 0.3953 -0.9124 -0.1059
vn -0.9602 0.1087 0.2573
vn -0.6278 0.7600 0.1682
vn 0.8967 -0.3719 -0.2403
vn -0.8978 -0.3690 0.2406
vn 0.8787 -0.4152 -0.2355
vn 0.8967 0.3719 -0.2403
vn 0.9177 0.3122 -0.2459
vn -0.8619 0.4514 0.2309
vn 0.4464 0.8868 -0.1196
vn 0.9586 -0.1229 -0.2569
vn -0.9592 0.1180 0.2570
vn 0.8876 -0.3944 -0.2378
vn 0.9547 0.1523 -0.2558
vn -0.9547 -0.1522 0.2558
vn -0.1608 0.9860 0.0431
vn -0.9180 -0.3111 0.2460
vt 0.609631 1.000000
vt 0.609631 0.000000
vt 0.609631 1.000000
vt 1.000000 0.197806
vt 0.989425 0.000000
vt 0.989425 1.000000
vt 1.000000 0.802194
vt 0.609631 1.000000
vt 0.609631 1.000000
vt 0.609631 1.000000
vt 0.609631 1.000000
vt 0.609631 1.000000
vt 0.609631 1.000000
vt 0.609631 1.000000
vt 0.609631 1.000000
vt 0.609631 1.000000
vt 0.609631 1.000000
vt 0.609631 1.000000
vt 0.609631 1.000000
vt 0.609631 1.000000
vt 0.609631 1.000000
vt 0.609631 1.000000
vt 0.609631 1.000000
vt 0.609631 1.000000
vt 0.609631 1.000000
vt 0.609631 1.000000
vt 0.609631 1.000000
vt 0.609631 1.000000
vt 0.609631 1.000000
vt 0.609631 1.000000
vt 0.609631 0.000000
vt 0.609631 1.000000
vt 1.000000 0.197806
vt 0.989425 0.000000
vt 0.989425 1.000000
vt 1.000000 0.802194
vt 0.609631 1.000000
vt 0.609631 1.000000
vt 0.609631 1.000000
vt 0.609631 1.000000
vt 0.609631 1.000000
vt 0.609631 1.000000
vt 0.609631 1.000000
vt 0.609631 1.000000
vt 0.609631 1.000000
vt 0.609631 1.000000
vt 0.609631 1.000000
vt 0.609631 1.000000
vt 0.609631 1.000000
vt 0.609631 1.000000
vt 0.609631 1.000000
vt 0.609631 1.000000
vt 0.609631 1.000000
vt 0.609631 1.000000
vt 0.609631 1.000000
vt 0.609631 1.000000
vt 0.609631 1.000000
vt 0.609631 1.000000
vt 0.609631 1.000000
vt 0.609631 0.000000
vt 0.609631 1.000000
vt 1.000000 0.197806
vt 0.989425 0.000000
vt 0.989425 1.000000
vt 1.000000 0.802194
vt 0.609631 1.000000
vt 0.609631 1.000000
vt 0.609631 1.000000
vt 0.609631 1.000000
vt 0.609631 1.000000
vt 0.609631 1.000000
vt 0.609631 1.000000
vt 0.609631 1.000000
vt 0.609631 1.000000
vt 0.609631 1.000000
vt 0.609631 1.000000
vt 0.609631 1.000000
vt 0.609631 1.000000
vt 0.609631 1.000000
vt 0.609631 1.000000
vt 0.609631 1.000000
vt 0.609631 1.000000
vt 0.609631 1.000000
vt 0.609631 1.000000
vt 0.609631 1.000000
vt 0.609631 1.000000
vt 0.609631 1.000000
vt 0.609631 1.000000
vt 0.609631 0.000000
vt 0.609631 1.000000
vt 1.000000 0.197806
vt 0.989425 0.000000
vt 0.989425 1.000000
vt 1.000000 0.802194
vt 0.609631 1.000000
vt 0.609631 1.000000
vt 0.609631 1.000000
vt 0.609631 1.000000
vt 0.609631 1.000000
vt 0.609631 1.000000
vt 0.609631 1.000000
vt 0.609631 1.000000
vt 0.609631 1.000000
vt 0.609631 1.000000
vt 0.609631 1.000000
vt 0.609631 1.000000
vt 0.609631 1.000000
vt 0.609631 1.000000
vt 0.609631 1.000000
vt 0.609631 1.000000
vt 0.609631 1.000000
vt 0.609631 1.000000
vt 0.609631 1.000000
vt 0.609631 1.000000
vt 0.609631 1.000000
vt 0.609631 1.000000
vt 0.609631 1.000000
vt 0.609631 0.000000
vt 0.609631 1.000000
vt 1.000000 0.197806
vt 0.989425 0.000000
vt 0.989425 1.000000
vt 1.000000 0.802194
vt 0.609631 1.000000
vt 0.609631 1.000000
vt 0.500000 1.000000
vt 0.609631 1.000000
vt 0.609631 1.000000
vt 0.609631 1.000000
vt 0.609631 1.000000
vt 0.609631 1.000000
vt 0.609631 1.000000
vt 0.609631 1.000000
vt 0.609631 1.000000
vt 0.609631 1.000000
vt 0.609631 1.000000
vt 0.609631 1.000000
vt 0.609631 1.000000
vt 0.609631 1.000000
vt 0.609631 1.000000
vt 0.609631 1.000000
vt 0.609631 1.000000
vt 0.609631 1.000000
vt 0.609631 1.000000
vt 0.609631 1.000000
vt 0.609631 1.000000
vt 0.609631 1.000000
vt 0.609631 0.000000
vt 0.500000 0.000000
vt 0.609631 1.000000
vt 1.000000 0.197806
vt 0.989425 0.000000
vt 0.989425 1.000000
vt 1.000000 0.802194
vt 0.609631 1.000000
vt 0.609631 1.000000
vt 0.609631 1.000000
vt 0.609631 1.000000
vt 0.609631 1.000000
vt 0.609631 1.000000
vt 0.609631 1.000000
vt 0.609631 1.000000
vt 0.609631 1.000000
vt 0.609631 1.000000
vt 0.609631 1.000000
vt 0.609631 1.000000
vt 0.609631 1.000000
vt 0.609631 1.000000
vt 0.609631 1.000000
vt 0.609631 1.000000
vt 0.609631 1.000000
vt 0.609631 1.000000
vt 0.609631 1.000000
vt 0.609631 1.000000
vt 0.609631 1.000000
vt 0.609631 1.000000
vt 0.609631 1.000000
vt 0.609631 0.000000
vt 0.609631 1.000000
vt 1.000000 0.197806
vt 0.989425 0.000000
vt 0.989425 1.000000
vt 1.000000 0.802194
vt 0.609631 1.000000
vt 0.609631 1.000000
vt 0.609631 1.000000
vt 0.609631 1.000000
vt 0.609631 1.000000
vt 0.609631 1.000000
vt 0.609631 1.000000
vt 0.609631 1.000000
vt 0.609631 1.000000
vt 0.609631 1.000000
vt 0.609631 1.000000
vt 0.609631 1.000000
vt 0.609631 1.000000
vt 0.609631 1.000000
vt 0.609631 1.000000
vt 0.609631 1.000000
vt 0.609631 1.000000
vt 0.609631 1.000000
vt 0.609631 1.000000
vt 0.609631 1.000000
vt 0.609631 1.000000
vt 0.609631 1.000000
vt 0.609631 1.000000
vt 0.609631 0.000000
vt 0.609631 1.000000
vt 1.000000 0.197806
vt 0.989425 0.000000
vt 0.989425 1.000000
vt 1.000000 0.802194
vt 0.609631 1.000000
vt 0.609631 1.000000
vt 0.609631 1.000000
vt 0.609631 1.000000
vt 0.609631 1.000000
vt 0.609631 1.000000
vt 0.609631 1.000000
vt 0.609631 1.000000
vt 0.609631 1.000000
vt 0.609631 1.000000
vt 0.609631 1.000000
vt 0.609631 1.000000
vt 0.609631 1.000000
vt 0.609631 1.000000
vt 0.609631 1.000000
vt 0.609631 1.000000
vt 0.609631 1.000000
vt 0.609631 1.000000
vt 0.609631 1.000000
vt 0.609631 1.000000
vt 0.609631 1.000000
vt 0.609631 1.000000
vt 0.609631 1.000000
vt 0.609631 0.000000
vt 0.609631 1.000000
vt 1.000000 0.197806
vt 0.989425 0.000000
vt 0.989425 1.000000
vt 1.000000 0.802194
vt 0.609631 1.000000
vt 0.609631 1.000000
vt 0.609631 1.000000
vt 0.609631 1.000000
vt 0.609631 1.000000
vt 0.609631 1.000000
vt 0.609631 1.000000
vt 0.609631 1.000000
vt 0.609631 1.000000
vt 0.609631 1.000000
vt 0.609631 1.000000
vt 0.609631 1.000000
vt 0.609631 1.000000
vt 0.609631 1.000000
vt 0.609631 1.000000
vt 0.609631 1.000000
vt 0.609631 1.000000
vt 0.609631 1.000000
vt 0.609631 1.000000
vt 0.609631 1.000000
vt 0.609631 1.000000
vt 0.609631 1.000000
vt 0.609631 1.000000
vt 0.609631 0.000000
vt 0.609631 1.000000
vt 1.000000 0.197806
vt 0.989425 0.000000
vt 0.989425 1.000000
vt 1.000000 0.802194
vt 0.609631 1.000000
vt 0.609631 1.000000
vt 0.609631 1.000000
vt 0.609631 1.000000
vt 0.609631 1.000000
vt 0.609631 1.000000
vt 0.609631 1.000000
vt 0.609631 1.000000
vt 0.609631 1.000000
vt 0.609631 1.000000
vt 0.609631 1.000000
vt 0.609631 1.000000
vt 0.609631 1.000000
vt 0.609631 1.000000
vt 0.609631 1.000000
vt 0.609631 1.000000
vt 0.609631 1.000000
vt 0.609631 1.000000
vt 0.609631 1.000000
vt 0.609631 1.000000
vt 0.609631 1.000000
vt 0.609631 1.000000
vt 0.609631 1.000000
vt 0.609631 0.000000
vt 0.609631 1.000000
vt 1.000000 0.197806
vt 0.989425 0.000000
vt 0.989425 1.000000
vt 1.000000 0.802194
vt 0.609631 1.000000
vt 0.609631 1.000000
vt 0.609631 1.000000
vt 0.609631 1.000000
vt 0.609631 1.000000
vt 0.609631 1.000000
vt 0.609631 1.000000
vt 0.609631 1.000000
vt 0.609631 1.000000
vt 0.609631 1.000000
vt 0.609631 1.000000
vt 0.609631 1.000000
vt 0.609631 1.000000
vt 0.609631 1.000000
vt 0.609631 1.000000
vt 0.609631 1.000000
vt 0.609631 1.000000
vt 0.609631 1.000000
vt 0.609631 1.000000
vt 0.609631 1.000000
vt 0.609631 1.000000
vt 0.609631 1.000000
vt 0.609631 1.000000
vt 0.609631 0.000000
vt 0.609631 1.000000
vt 1.000000 0.197806
vt 0.989425 0.000000
vt 0.989425 1.000000
vt 1.000000 0.802194
vt 0.609631 1.000000
vt 0.609631 1.000000
vt 0.609631 1.000000
vt 0.609631 1.000000
vt 0.609631 1.000000
vt 0.609631 1.000000
vt 0.609631 1.000000
vt 0.609631 1.000000
vt 0.609631 1.000000
vt 0.609631 1.000000
vt 0.609631 1.000000
vt 0.609631 1.000000
vt 0.609631 1.000000
vt 0.609631 1.000000
vt 0.609631 1.000000
vt 0.609631 1.000000
vt 0.609631 1.000000
vt 0.609631 1.000000
vt 0.609631 1.000000
vt 0.609631 1.000000
vt 0.609631 1.000000
vt 0.609631 1.000000
vt 0.609631 1.000000
vt 0.609631 0.000000
vt 0.609631 1.000000
vt 1.000000 0.197806
vt 0.989425 0.000000
vt 0.989425 1.000000
vt 1.000000 0.802194
vt 0.609631 1.000000
vt 0.609631 1.000000
vt 0.609631 1.000000
vt 0.609631 1.000000
vt 0.609631 1.000000
vt 0.609631 1.000000
vt 0.609631 1.000000
vt 0.609631 1.000000
vt 0.609631 1.000000
vt 0.609631 1.000000
vt 0.609631 1.000000
vt 0.609631 1.000000
vt 0.609631 1.000000
vt 0.609631 1.000000
vt 0.609631 1.000000
vt 0.609631 1.000000
vt 0.609631 1.000000
vt 0.609631 1.000000
vt 0.609631 1.000000
vt 0.609631 1.000000
vt 0.609631 1.000000
vt 0.609631 1.000000
vt 0.609631 1.000000
vt 0.609631 0.000000
vt 0.609631 1.000000
vt 1.000000 0.197806
vt 0.989425 0.000000
vt 0.989425 1.000000
vt 1.000000 0.802194
vt 0.609631 1.000000
vt 0.609631 1.000000
vt 0.609631 1.000000
vt 0.609631 1.000000
vt 0.609631 1.000000
vt 0.609631 1.000000
vt 0.609631 1.000000
vt 0.609631 1.000000
vt 0.609631 1.000000
vt 0.609631 1.000000
vt 0.609631 1.000000
vt 0.609631 1.000000
vt 0.609631 1.000000
vt 0.609631 1.000000
vt 0.609631 1.000000
vt 0.609631 1.000000
vt 0.609631 1.000000
vt 0.609631 1.000000
vt 0.609631 1.000000
vt 0.609631 1.000000
vt 0.609631 1.000000
vt 0.609631 1.000000
vt 0.609631 1.000000
vt 0.609631 0.000000
vt 0.609631 1.000000
vt 1.000000 0.197806
vt 0.989425 0.000000
vt 0.989425 1.000000
vt 1.000000 0.802194
vt 0.609631 1.000000
vt 0.609631 1.000000
vt 0.609631 1.000000
vt 0.609631 1.000000
vt 0.609631 1.000000
vt 0.609631 1.000000
vt 0.609631 1.000000
vt 0.609631 1.000000
vt 0.609631 1.000000
vt 0.609631 1.000000
vt 0.609631 1.000000
vt 0.609631 1.000000
vt 0.609631 1.000000
vt 0.609631 1.000000
vt 0.609631 1.000000
vt 0.609631 1.000000
vt 0.609631 1.000000
vt 0.609631 1.000000
vt 0.609631 1.000000
vt 0.609631 1.000000
vt 0.609631 1.000000
vt 0.609631 1.000000
vt 0.609631 1.000000
vt 0.609631 0.000000
vt 0.609631 1.000000
vt 1.000000 0.197806
vt 0.989425 0.000000
vt 0.989425 1.000000
vt 1.000000 0.802194
vt 0.609631 1.000000
vt 0.609631 1.000000
vt 0.609631 1.000000
vt 0.609631 1.000000
vt 0.609631 1.000000
vt 0.609631 1.000000
vt 0.609631 1.000000
vt 0.609631 1.000000
vt 0.609631 1.000000
vt 0.609631 1.000000
vt 0.609631 1.000000
vt 0.609631 1.000000
vt 0.609631 1.000000
vt 0.609631 1.000000
vt 0.609631 1.000000
vt 0.609631 1.000000
vt 0.609631 1.000000
vt 0.609631 1.000000
vt 0.609631 1.000000
vt 0.609631 1.000000
vt 0.609631 1.000000
vt 0.609631 1.000000
vt 0.609631 1.000000
vt 0.609631 0.000000
vt 0.609631 1.000000
vt 1.000000 0.197806
vt 0.989425 0.000000
vt 0.989425 1.000000
vt 1.000000 0.802194
vt 0.609631 1.000000
vt 0.609631 1.000000
vt 0.609631 1.000000
vt 0.609631 1.000000
vt 0.609631 1.000000
vt 0.609631 1.000000
vt 0.609631 1.000000
vt 0.609631 1.000000
vt 0.609631 1.000000
vt 0.609631 1.000000
vt 0.609631 1.000000
vt 0.609631 1.000000
vt 0.609631 1.000000
vt 0.609631 1.000000
vt 0.609631 1.000000
vt 0.609631 1.000000
vt 0.609631 1.000000
vt 0.609631 1.000000
vt 0.609631 1.000000
vt 0.609631 1.000000
vt 0.609631 1.000000
vt 0.609631 1.000000
vt 0.609631 1.000000
vt 0.609631 0.000000
vt 0.609631 1.000000
vt 1.000000 0.197806
vt 0.989425 0.000000
vt 0.989425 1.000000
vt 1.000000 0.802194
vt 0.609631 1.000000
vt 0.609631 1.000000
vt 0.609631 1.000000
vt 0.609631 1.000000
vt 0.609631 1.000000
vt 0.609631 1.000000
vt 0.609631 1.000000
vt 0.609631 1.000000
vt 0.609631 1.000000
vt 0.609631 1.000000
vt 0.609631 1.000000
vt 0.609631 1.000000
vt 0.609631 1.000000
vt 0.609631 1.000000
vt 0.609631 1.000000
vt 0.609631 1.000000
vt 0.609631 1.000000
vt 0.609631 1.000000
vt 0.609631 1.000000
vt 0.609631 1.000000
vt 0.609631 1.000000
vt 0.609631 1.000000
vt 0.609631 1.000000
vt 0.609631 0.000000
vt 0.609631 1.000000
vt 1.000000 0.197806
vt 0.989425 0.000000
vt 0.989425 1.000000
vt 1.000000 0.802194
vt 0.609631 1.000000
vt 0.609631 1.000000
vt 0.609631 1.000000
vt 0.609631 1.000000
vt 0.609631 1.000000
vt 0.609631 1.000000
vt 0.609631 1.000000
vt 0.609631 1.000000
vt 0.609631 1.000000
vt 0.609631 1.000000
vt 0.609631 1.000000
vt 0.609631 1.000000
vt 0.609631 1.000000
vt 0.609631 1.000000
vt 0.609631 1.000000
vt 0.609631 1.000000
vt 0.609631 1.000000
vt 0.609631 1.000000
vt 0.609631 1.000000
vt 0.609631 1.000000
vt 0.609631 1.000000
vt 0.609631 1.000000
vt 0.609631 1.000000
vt 0.609631 0.000000
vt 0.609631 1.000000
vt 1.000000 0.197806
vt 0.989425 0.000000
vt 0.989425 1.000000
vt 1.000000 0.802194
vt 0.609631 1.000000
vt 0.609631 1.000000
vt 0.609631 1.000000
vt 0.609631 1.000000
vt 0.609631 1.000000
vt 0.609631 1.000000
vt 0.609631 1.000000
vt 0.609631 1.000000
vt 0.609631 1.000000
vt 0.609631 1.000000
vt 0.609631 1.000000
vt 0.609631 1.000000
vt 0.609631 1.000000
vt 0.609631 1.000000
vt 0.609631 1.000000
vt 0.609631 1.000000
vt 0.609631 1.000000
vt 0.609631 1.000000
vt 0.609631 1.000000
vt 0.609631 1.000000
vt 0.609631 1.000000
vt 0.609631 1.000000
vt 0.609631 1.000000
vt 0.609631 0.000000
vt 0.609631 1.000000
vt 1.000000 0.197806
vt 0.989425 0.000000
vt 0.989425 1.000000
vt 1.000000 0.802194
vt 0.609631 1.000000
vt 0.609631 1.000000
vt 0.609631 1.000000
vt 0.609631 1.000000
vt 0.609631 1.000000
vt 0.609631 1.000000
vt 0.609631 1.000000
vt 0.609631 1.000000
vt 0.609631 1.000000
vt 0.609631 1.000000
vt 0.609631 1.000000
vt 0.609631 1.000000
vt 0.609631 1.000000
vt 0.609631 1.000000
vt 0.609631 1.000000
vt 0.609631 1.000000
vt 0.609631 1.000000
vt 0.609631 1.000000
vt 0.609631 1.000000
vt 0.609631 1.000000
vt 0.609631 1.000000
vt 0.609631 1.000000
vt 0.609631 1.000000
vt 0.609631 0.000000
vt 0.609631 1.000000
vt 1.000000 0.197806
vt 0.989425 0.000000
vt 0.989425 1.000000
vt 1.000000 0.802194
vt 0.609631 1.000000
vt 0.609631 1.000000
vt 0.609631 1.000000
vt 0.609631 1.000000
vt 0.609631 1.000000
vt 0.609631 1.000000
vt 0.609631 1.000000
vt 0.609631 1.000000
vt 0.609631 1.000000
vt 0.609631 1.000000
vt 0.609631 1.000000
vt 0.609631 1.000000
vt 0.609631 1.000000
vt 0.609631 1.000000
vt 0.609631 1.000000
vt 0.609631 1.000000
vt 0.609631 1.000000
vt 0.609631 1.000000
vt 0.609631 1.000000
vt 0.609631 1.000000
vt 0.609631 1.000000
vt 0.609631 1.000000
vt 0.609631 1.000000
vt 0.609631 0.000000
vt 0.609631 1.000000
vt 1.000000 0.197806
vt 0.989425 0.000000
vt 0.989425 1.000000
vt 1.000000 0.802194
vt 0.609631 1.000000
vt 0.609631 1.000000
vt 0.609631 1.000000
vt 0.609631 1.000000
vt 0.609631 1.000000
vt 0.609631 1.000000
vt 0.609631 1.000000
vt 0.609631 1.000000
vt 0.609631 1.000000
vt 0.609631 1.000000
vt 0.609631 1.000000
vt 0.609631 1.000000
vt 0.609631 1.000000
vt 0.609631 1.000000
vt 0.609631 1.000000
vt 0.609631 1.000000
vt 0.609631 1.000000
vt 0.609631 1.000000
vt 0.609631 1.000000
vt 0.609631 1.000000
vt 0.609631 1.000000
vt 0.609631 1.000000
vt 0.609631 1.000000
vt 0.609631 0.000000
vt 0.609631 1.000000
vt 1.000000 0.197806
vt 0.989425 0.000000
vt 0.989425 1.000000
vt 1.000000 0.802194
vt 0.609631 1.000000
vt 0.609631 1.000000
vt 0.609631 1.000000
vt 0.609631 1.000000
vt 0.609631 1.000000
vt 0.609631 1.000000
vt 0.609631 1.000000
vt 0.609631 1.000000
vt 0.609631 1.000000
vt 0.609631 1.000000
vt 0.609631 1.000000
vt 0.609631 1.000000
vt 0.609631 1.000000
vt 0.609631 1.000000
vt 0.609631 1.000000
vt 0.609631 1.000000
vt 0.609631 1.000000
vt 0.609631 1.000000
vt 0.609631 1.000000
vt 0.609631 1.000000
vt 0.609631 1.000000
vt 0.609631 1.000000
s 1
usemtl glass
f 1246/1246/1181 1275/1275/1182 1273/1273/1183 1244/1244/1184
f 1256/1256/1185 1285/1285/1186 1283/1283/1187 1254/1254/1188
f 1245/1245/1189 1274/1274/1190 1276/1276/1191 1247/1247/1192
f 1238/1238/1193 1267/1267/1194 1265/1265/1195 1236/1236/1196
f 1257/1257/1197 1286/1286/1198 1279/1279/1199 1250/1250/1200
f 1231/1231/1201 1260/1260/1202 1258/1258/1203 1229/1229/1204
f 1237/1237/1205 1266/1266/1206 1268/1268/1207 1239/1239/1208
f 1233/1233/1209 1262/1262/1210 1259/1259/1211 1230/1230/1211
f 1248/1248/1212 1277/1277/1213 1275/1275/1182 1246/1246/1181
f 1232/1232/1214 1261/1261/1215 1262/1262/1210 1233/1233/1209
f 1247/1247/1192 1276/1276/1191 1278/1278/1216 1249/1249/1217
f 1240/1240/1218 1269/1269/1219 1267/1267/1194 1238/1238/1193
f 1235/1235/1220 1264/1264/1221 1261/1261/1215 1232/1232/1214
f 1239/1239/1208 1268/1268/1207 1270/1270/1222 1241/1241/1223
f 1234/1234/1224 1263/1263/1225 1264/1264/1221 1235/1235/1220
f 1250/1250/1200 1279/1279/1199 1277/1277/1213 1248/1248/1212
f 1229/1229/1204 1258/1258/1203 1263/1263/1225 1234/1234/1224
f 1249/1249/1217 1278/1278/1216 1280/1280/1226 1251/1251/1227
f 1242/1242/1228 1271/1271/1229 1269/1269/1219 1240/1240/1218
f 1251/1251/1227 1280/1280/1226 1285/1285/1186 1256/1256/1185
f 1241/1241/1223 1270/1270/1222 1272/1272/1230 1243/1243/1231
f 1236/1236/1196 1265/1265/1195 1260/1260/1202 1231/1231/1201
f 1252/1252/1232 1281/1281/1233 1286/1286/1198 1257/1257/1197
f 1253/1253/1234 1282/1282/1235 1281/1281/1233 1252/1252/1232
f 1230/1230/1211 1259/1259/1211 1377/1377/1211
f 1244/1244/1184 1273/1273/1183 1271/1271/1229 1242/1242/1228
f 1354/1354/1236 1266/1266/1206 1237/1237/1205
f 1255/1255/1237 1284/1284/1238 1282/1282/1235 1253/1253/1234
f 1243/1243/1231 1272/1272/1230 1274/1274/1190 1245/1245/1189
f 1254/1254/1188 1283/1283/1187 1284/1284/1238 1255/1255/1237
f 1265/1265/1195 1294/1294/1239 1289/1289/1240 1260/1260/1202
f 1277/1277/1213 1306/1306/1241 1304/1304/1242 1275/1275/1182
f 1276/1276/1191 1305/1305/1243 1307/1307/1244 1278/1278/1216
f 1354/1354/1236 1295/1295/1245 1266/1266/1206
f 1279/1279/1199 1308/1308/1246 1306/1306/1241 1277/1277/1213
f 1278/1278/1216 1307/1307/1244 1309/1309/1247 1280/1280/1226
f 1267/1267/1194 1296/1296/1248 1294/1294/1239 1265/1265/1195
f 1259/1259/1211 1288/1288/1211 1377/1377/1211
f 1280/1280/1226 1309/1309/1247 1314/1314/1249 1285/1285/1186
f 1266/1266/1206 1295/1295/1245 1297/1297/1250 1268/1268/1207
f 1281/1281/1233 1310/1310/1251 1315/1315/1252 1286/1286/1198
f 1269/1269/1219 1298/1298/1253 1296/1296/1248 1267/1267/1194
f 1282/1282/1235 1311/1311/1254 1310/1310/1251 1281/1281/1233
f 1268/1268/1207 1297/1297/1250 1299/1299/1255 1270/1270/1222
f 1260/1260/1202 1289/1289/1240 1287/1287/1256 1258/1258/1203
f 1284/1284/1238 1313/1313/1257 1311/1311/1254 1282/1282/1235
f 1271/1271/1229 1300/1300/1258 1298/1298/1253 1269/1269/1219
f 1262/1262/1210 1291/1291/1259 1288/1288/1211 1259/1259/1211
f 1283/1283/1187 1312/1312/1260 1313/1313/1257 1284/1284/1238
f 1270/1270/1222 1299/1299/1255 1301/1301/1261 1272/1272/1230
f 1261/1261/1215 1290/1290/1262 1291/1291/1259 1262/1262/1210
f 1285/1285/1186 1314/1314/1249 1312/1312/1260 1283/1283/1187
f 1273/1273/1183 1302/1302/1263 1300/1300/1258 1271/1271/1229
f 1264/1264/1221 1293/1293/1264 1290/1290/1262 1261/1261/1215
f 1286/1286/1198 1315/1315/1252 1308/1308/1246 1279/1279/1199
f 1272/1272/1230 1301/1301/1261 1303/1303/1265 1274/1274/1190
f 1263/1263/1225 1292/1292/1266 1293/1293/1264 1264/1264/1221
f 1275/1275/1182 1304/1304/1242 1302/1302/1263 1273/1273/1183
f 1258/1258/1203 1287/1287/1256 1292/1292/1266 1263/1263/1225
f 1274/1274/1190 1303/1303/1265 1305/1305/1243 1276/1276/1191
f 1287/1287/1256 1316/1316/1267 1321/1321/1268 1292/1292/1266
f 1303/1303/1265 1332/1332/1269 1334/1334/1270 1305/1305/1243
f 1294/1294/1239 1323/1323/1271 1318/1318/1272 1289/1289/1240
f 1306/1306/1241 1335/1335/1273 1333/1333/1274 1304/1304/1242
f 1305/1305/1243 1334/1334/1270 1336/1336/1275 1307/1307/1244
f 1354/1354/1236 1324/1324/1276 1295/1295/1245
f 1308/1308/1246 1337/1337/1277 1335/1335/1273 1306/1306/1241
f 1307/1307/1244 1336/1336/1275 1338/1338/1278 1309/1309/1247
f 1296/1296/1248 1325/1325/1279 1323/1323/1271 1294/1294/1239
f 1288/1288/1211 1317/1317/1211 1377/1377/1211
f 1309/1309/1247 1338/1338/1278 1343/1343/1280 1314/1314/1249
f 1295/1295/1245 1324/1324/1276 1326/1326/1281 1297/1297/1250
f 1310/1310/1251 1339/1339/1282 1344/1344/1283 1315/1315/1252
f 1298/1298/1253 1327/1327/1284 1325/1325/1279 1296/1296/1248
f 1311/1311/1254 1340/1340/1285 1339/1339/1282 1310/1310/1251
f 1297/1297/1250 1326/1326/1281 1328/1328/1286 1299/1299/1255
f 1289/1289/1240 1318/1318/1272 1316/1316/1267 1287/1287/1256
f 1313/1313/1257 1342/1342/1287 1340/1340/1285 1311/1311/1254
f 1300/1300/1258 1329/1329/1288 1327/1327/1284 1298/1298/1253
f 1291/1291/1259 1320/1320/1289 1317/1317/1211 1288/1288/1211
f 1312/1312/1260 1341/1341/1290 1342/1342/1287 1313/1313/1257
f 1299/1299/1255 1328/1328/1286 1330/1330/1291 1301/1301/1261
f 1290/1290/1262 1319/1319/1292 1320/1320/1289 1291/1291/1259
f 1314/1314/1249 1343/1343/1280 1341/1341/1290 1312/1312/1260
f 1302/1302/1263 1331/1331/1293 1329/1329/1288 1300/1300/1258
f 1293/1293/1264 1322/1322/1294 1319/1319/1292 1290/1290/1262
f 1315/1315/1252 1344/1344/1283 1337/1337/1277 1308/1308/1246
f 1301/1301/1261 1330/1330/1291 1332/1332/1269 1303/1303/1265
f 1292/1292/1266 1321/1321/1268 1322/1322/1294 1293/1293/1264
f 1304/1304/1242 1333/1333/1274 1331/1331/1293 1302/1302/1263
f 1321/1321/1268 1350/1350/1295 1351/1351/1296 1322/1322/1294
f 1333/1333/1274 1363/1363/1297 1361/1361/1298 1331/1331/1293
f 1316/1316/1267 1345/1345/1299 1350/1350/1295 1321/1321/1268
f 1332/1332/1269 1362/1362/1300 1364/1364/1301 1334/1334/1270
f 1323/1323/1271 1352/1352/1302 1347/1347/1303 1318/1318/1272
f 1335/1335/1273 1365/1365/1304 1363/1363/1297 1333/1333/1274
f 1334/1334/1270 1364/1364/1301 1366/1366/1305 1336/1336/1275
f 1354/1354/1236 1353/1353/1306 1324/1324/1276
f 1337/1337/1277 1367/1367/1307 1365/1365/1304 1335/1335/1273
f 1336/1336/1275 1366/1366/1305 1368/1368/1308 1338/1338/1278
f 1325/1325/1279 1355/1355/1309 1352/1352/1302 1323/1323/1271
f 1317/1317/1211 1346/1346/1211 1377/1377/1211
f 1338/1338/1278 1368/1368/1308 1373/1373/1310 1343/1343/1280
f 1324/1324/1276 1353/1353/1306 1356/1356/1311 1326/1326/1281
f 1339/1339/1282 1369/1369/1312 1374/1374/1313 1344/1344/1283
f 1327/1327/1284 1357/1357/1314 1355/1355/1309 1325/1325/1279
f 1340/1340/1285 1370/1370/1315 1369/1369/1312 1339/1339/1282
f 1326/1326/1281 1356/1356/1311 1358/1358/1316 1328/1328/1286
f 1318/1318/1272 1347/1347/1303 1345/1345/1299 1316/1316/1267
f 1342/1342/1287 1372/1372/1317 1370/1370/1315 1340/1340/1285
f 1329/1329/1288 1359/1359/1318 1357/1357/1314 1327/1327/1284
f 1320/1320/1289 1349/1349/1319 1346/1346/1211 1317/1317/1211
f 1341/1341/1290 1371/1371/1320 1372/1372/1317 1342/1342/1287
f 1328/1328/1286 1358/1358/1316 1360/1360/1321 1330/1330/1291
f 1319/1319/1292 1348/1348/1322 1349/1349/1319 1320/1320/1289
f 1343/1343/1280 1373/1373/1310 1371/1371/1320 1341/1341/1290
f 1331/1331/1293 1361/1361/1298 1359/1359/1318 1329/1329/1288
f 1322/1322/1294 1351/1351/1296 1348/1348/1322 1319/1319/1292
f 1344/1344/1283 1374/1374/1313 1367/1367/1307 1337/1337/1277
f 1330/1330/1291 1360/1360/1321 1362/1362/1300 1332/1332/1269
f 1351/1351/1296 1382/1382/1323 1379/1379/1324 1348/1348/1322
f 1374/1374/1313 1404/1404/1325 1397/1397/1326 1367/1367/1307
f 1360/1360/1321 1390/1390/1327 1392/1392/1328 1362/1362/1300
f 1350/1350/1295 1381/1381/1329 1382/1382/1323 1351/1351/1296
f 1363/1363/1297 1393/1393/1330 1391/1391/1331 1361/1361/1298
f 1345/1345/1299 1375/1375/1332 1381/1381/1329 1350/1350/1295
f 1362/1362/1300 1392/1392/1328 1394/1394/1333 1364/1364/1301
f 1352/1352/1302 1383/1383/1334 1378/1378/1335 1347/1347/1303
f 1365/1365/1304 1395/1395/1336 1393/1393/1330 1363/1363/1297
f 1364/1364/1301 1394/1394/1333 1396/1396/1337 1366/1366/1305
f 1354/1354/1236 1384/1384/1338 1353/1353/1306
f 1367/1367/1307 1397/1397/1326 1395/1395/1336 1365/1365/1304
f 1366/1366/1305 1396/1396/1337 1398/1398/1339 1368/1368/1308
f 1355/1355/1309 1385/1385/1340 1383/1383/1334 1352/1352/1302
f 1346/1346/1211 1376/1376/1211 1377/1377/1211
f 1368/1368/1308 1398/1398/1339 1403/1403/1341 1373/1373/1310
f 1353/1353/1306 1384/1384/1338 1386/1386/1342 1356/1356/1311
f 1369/1369/1312 1399/1399/1343 1404/1404/1325 1374/1374/1313
f 1357/1357/1314 1387/1387/1344 1385/1385/1340 1355/1355/1309
f 1370/1370/1315 1400/1400/1345 1399/1399/1343 1369/1369/1312
f 1356/1356/1311 1386/1386/1342 1388/1388/1346 1358/1358/1316
f 1347/1347/1303 1378/1378/1335 1375/1375/1332 1345/1345/1299
f 1372/1372/1317 1402/1402/1347 1400/1400/1345 1370/1370/1315
f 1359/1359/1318 1389/1389/1348 1387/1387/1344 1357/1357/1314
f 1349/1349/1319 1380/1380/1349 1376/1376/1211 1346/1346/1211
f 1371/1371/1320 1401/1401/1350 1402/1402/1347 1372/1372/1317
f 1358/1358/1316 1388/1388/1346 1390/1390/1327 1360/1360/1321
f 1348/1348/1322 1379/1379/1324 1380/1380/1349 1349/1349/1319
f 1373/1373/1310 1403/1403/1341 1401/1401/1350 1371/1371/1320
f 1361/1361/1298 1391/1391/1331 1389/1389/1348 1359/1359/1318
f 1379/1379/1324 1408/1408/1351 1409/1409/1352 1380/1380/1349
f 1403/1403/1341 1432/1432/1353 1430/1430/1354 1401/1401/1350
f 1391/1391/1331 1420/1420/1355 1418/1418/1356 1389/1389/1348
f 1382/1382/1323 1411/1411/1357 1408/1408/1351 1379/1379/1324
f 1404/1404/1325 1433/1433/1358 1426/1426/1359 1397/1397/1326
f 1390/1390/1327 1419/1419/1360 1421/1421/1361 1392/1392/1328
f 1381/1381/1329 1410/1410/1362 1411/1411/1357 1382/1382/1323
f 1393/1393/1330 1422/1422/1363 1420/1420/1355 1391/1391/1331
f 1375/1375/1332 1405/1405/1364 1410/1410/1362 1381/1381/1329
f 1392/1392/1328 1421/1421/1361 1423/1423/1365 1394/1394/1333
f 1383/1383/1334 1412/1412/1366 1407/1407/1367 1378/1378/1335
f 1395/1395/1336 1424/1424/1368 1422/1422/1363 1393/1393/1330
f 1394/1394/1333 1423/1423/1365 1425/1425/1369 1396/1396/1337
f 1354/1354/1236 1413/1413/1370 1384/1384/1338
f 1397/1397/1326 1426/1426/1359 1424/1424/1368 1395/1395/1336
f 1396/1396/1337 1425/1425/1369 1427/1427/1371 1398/1398/1339
f 1385/1385/1340 1414/1414/1372 1412/1412/1366 1383/1383/1334
f 1376/1376/1211 1406/1406/1211 1377/1377/1211
f 1398/1398/1339 1427/1427/1371 1432/1432/1353 1403/1403/1341
f 1384/1384/1338 1413/1413/1370 1415/1415/1373 1386/1386/1342
f 1399/1399/1343 1428/1428/1374 1433/1433/1358 1404/1404/1325
f 1387/1387/1344 1416/1416/1375 1414/1414/1372 1385/1385/1340
f 1400/1400/1345 1429/1429/1376 1428/1428/1374 1399/1399/1343
f 1386/1386/1342 1415/1415/1373 1417/1417/1377 1388/1388/1346
f 1378/1378/1335 1407/1407/1367 1405/1405/1364 1375/1375/1332
f 1402/1402/1347 1431/1431/1378 1429/1429/1376 1400/1400/1345
f 1389/1389/1348 1418/1418/1356 1416/1416/1375 1387/1387/1344
f 1380/1380/1349 1409/1409/1352 1406/1406/1211 1376/1376/1211
f 1401/1401/1350 1430/1430/1354 1431/1431/1378 1402/1402/1347
f 1388/1388/1346 1417/1417/1377 1419/1419/1360 1390/1390/1327
f 1409/1409/1352 1438/1438/1379 1435/1435/1211 1406/1406/1211
f 1430/1430/1354 1459/1459/1380 1460/1460/1381 1431/1431/1378
f 1417/1417/1377 1446/1446/1382 1448/1448/1383 1419/1419/1360
f 1408/1408/1351 1437/1437/1384 1438/1438/1379 1409/1409/1352
f 1432/1432/1353 1461/1461/1385 1459/1459/1380 1430/1430/1354
f 1420/1420/1355 1449/1449/1386 1447/1447/1387 1418/1418/1356
f 1411/1411/1357 1440/1440/1388 1437/1437/1384 1408/1408/1351
f 1433/1433/1358 1462/1462/1389 1455/1455/1390 1426/1426/1359
f 1419/1419/1360 1448/1448/1383 1450/1450/1391 1421/1421/1361
f 1410/1410/1362 1439/1439/1392 1440/1440/1388 1411/1411/1357
f 1422/1422/1363 1451/1451/1393 1449/1449/1386 1420/1420/1355
f 1405/1405/1364 1434/1434/1394 1439/1439/1392 1410/1410/1362
f 1421/1421/1361 1450/1450/1391 1452/1452/1395 1423/1423/1365
f 1412/1412/1366 1441/1441/1396 1436/1436/1397 1407/1407/1367
f 1424/1424/1368 1453/1453/1398 1451/1451/1393 1422/1422/1363
f 1423/1423/1365 1452/1452/1395 1454/1454/1399 1425/1425/1369
f 1354/1354/1236 1442/1442/1400 1413/1413/1370
f 1426/1426/1359 1455/1455/1390 1453/1453/1398 1424/1424/1368
f 1425/1425/1369 1454/1454/1399 1456/1456/1401 1427/1427/1371
f 1414/1414/1372 1443/1443/1402 1441/1441/1396 1412/1412/1366
f 1406/1406/1211 1435/1435/1211 1377/1377/1211
f 1427/1427/1371 1456/1456/1401 1461/1461/1385 1432/1432/1353
f 1413/1413/1370 1442/1442/1400 1444/1444/1403 1415/1415/1373
f 1428/1428/1374 1457/1457/1404 1462/1462/1389 1433/1433/1358
f 1416/1416/1375 1445/1445/1405 1443/1443/1402 1414/1414/1372
f 1429/1429/1376 1458/1458/1406 1457/1457/1404 1428/1428/1374
f 1415/1415/1373 1444/1444/1403 1446/1446/1382 1417/1417/1377
f 1407/1407/1367 1436/1436/1397 1434/1434/1394 1405/1405/1364
f 1431/1431/1378 1460/1460/1381 1458/1458/1406 1429/1429/1376
f 1418/1418/1356 1447/1447/1387 1445/1445/1405 1416/1416/1375
f 1436/1436/1397 1465/1465/1407 1463/1463/1408 1434/1434/1394
f 1460/1460/1381 1489/1489/1409 1487/1487/1410 1458/1458/1406
f 1447/1447/1387 1476/1476/1411 1474/1474/1412 1445/1445/1405
f 1438/1438/1379 1467/1467/1413 1464/1464/1211 1435/1435/1211
f 1459/1459/1380 1488/1488/1414 1489/1489/1409 1460/1460/1381
f 1446/1446/1382 1475/1475/1415 1477/1477/1416 1448/1448/1383
f 1437/1437/1384 1466/1466/1417 1467/1467/1413 1438/1438/1379
f 1461/1461/1385 1490/1490/1418 1488/1488/1414 1459/1459/1380
f 1449/1449/1386 1478/1478/1419 1476/1476/1411 1447/1447/1387
f 1440/1440/1388 1469/1469/1420 1466/1466/1417 1437/1437/1384
f 1462/1462/1389 1491/1491/1421 1484/1484/1422 1455/1455/1390
f 1448/1448/1383 1477/1477/1416 1479/1479/1423 1450/1450/1391
f 1439/1439/1392 1468/1468/1424 1469/1469/1420 1440/1440/1388
f 1451/1451/1393 1480/1480/1425 1478/1478/1419 1449/1449/1386
f 1434/1434/1394 1463/1463/1408 1468/1468/1424 1439/1439/1392
f 1450/1450/1391 1479/1479/1423 1481/1481/1426 1452/1452/1395
f 1441/1441/1396 1470/1470/1427 1465/1465/1407 1436/1436/1397
f 1453/1453/1398 1482/1482/1428 1480/1480/1425 1451/1451/1393
f 1452/1452/1395 1481/1481/1426 1483/1483/1429 1454/1454/1399
f 1354/1354/1236 1471/1471/1430 1442/1442/1400
f 1455/1455/1390 1484/1484/1422 1482/1482/1428 1453/1453/1398
f 1454/1454/1399 1483/1483/1429 1485/1485/1431 1456/1456/1401
f 1443/1443/1402 1472/1472/1432 1470/1470/1427 1441/1441/1396
f 1435/1435/1211 1464/1464/1211 1377/1377/1211
f 1456/1456/1401 1485/1485/1431 1490/1490/1418 1461/1461/1385
f 1442/1442/1400 1471/1471/1430 1473/1473/1433 1444/1444/1403
f 1457/1457/1404 1486/1486/1434 1491/1491/1421 1462/1462/1389
f 1445/1445/1405 1474/1474/1412 1472/1472/1432 1443/1443/1402
f 1458/1458/1406 1487/1487/1410 1486/1486/1434 1457/1457/1404
f 1444/1444/1403 1473/1473/1433 1475/1475/1415 1446/1446/1382
f 1487/1487/1410 1516/1516/1435 1515/1515/1436 1486/1486/1434
f 1473/1473/1433 1502/1502/1437 1504/1504/1438 1475/1475/1415
f 1465/1465/1407 1494/1494/1439 1492/1492/1440 1463/1463/1408
f 1489/1489/1409 1518/1518/1441 1516/1516/1435 1487/1487/1410
f 1476/1476/1411 1505/1505/1442 1503/1503/1443 1474/1474/1412
f 1467/1467/1413 1496/1496/1444 1493/1493/1211 1464/1464/1211
f 1488/1488/1414 1517/1517/1445 1518/1518/1441 1489/1489/1409
f 1475/1475/1415 1504/1504/1438 1506/1506/1446 1477/1477/1416
f 1466/1466/1417 1495/1495/1447 1496/1496/1444 1467/1467/1413
f 1490/1490/1418 1519/1519/1448 1517/1517/1445 1488/1488/1414
f 1478/1478/1419 1507/1507/1449 1505/1505/1442 1476/1476/1411
f 1469/1469/1420 1498/1498/1450 1495/1495/1447 1466/1466/1417
f 1491/1491/1421 1520/1520/1451 1513/1513/1452 1484/1484/1422
f 1477/1477/1416 1506/1506/1446 1508/1508/1453 1479/1479/1423
f 1468/1468/1424 1497/1497/1454 1498/1498/1450 1469/1469/1420
f 1480/1480/1425 1509/1509/1455 1507/1507/1449 1478/1478/1419
f 1463/1463/1408 1492/1492/1440 1497/1497/1454 1468/1468/1424
f 1479/1479/1423 1508/1508/1453 1510/1510/1456 1481/1481/1426
f 1470/1470/1427 1499/1499/1457 1494/1494/1439 1465/1465/1407
f 1482/1482/1428 1511/1511/1458 1509/1509/1455 1480/1480/1425
f 1481/1481/1426 1510/1510/1456 1512/1512/1459 1483/1483/1429
f 1354/1354/1236 1500/1500/1460 1471/1471/1430
f 1484/1484/1422 1513/1513/1452 1511/1511/1458 1482/1482/1428
f 1483/1483/1429 1512/1512/1459 1514/1514/1461 1485/1485/1431
f 1472/1472/1432 1501/1501/1462 1499/1499/1457 1470/1470/1427
f 1464/1464/1211 1493/1493/1211 1377/1377/1211
f 1485/1485/1431 1514/1514/1461 1519/1519/1448 1490/1490/1418
f 1471/1471/1430 1500/1500/1460 1502/1502/1437 1473/1473/1433
f 1486/1486/1434 1515/1515/1436 1520/1520/1451 1491/1491/1421
f 1474/1474/1412 1503/1503/1443 1501/1501/1462 1472/1472/1432
f 1515/1515/1436 1544/1544/1463 1549/1549/1464 1520/1520/1451
f 1503/1503/1443 1532/1532/1465 1530/1530/1466 1501/1501/1462
f 1516/1516/1435 1545/1545/1467 1544/1544/1463 1515/1515/1436
f 1502/1502/1437 1531/1531/1468 1533/1533/1469 1504/1504/1438
f 1494/1494/1439 1523/1523/1470 1521/1521/1471 1492/1492/1440
f 1518/1518/1441 1547/1547/1472 1545/1545/1467 1516/1516/1435
f 1505/1505/1442 1534/1534/1473 1532/1532/1465 1503/1503/1443
f 1496/1496/1444 1525/1525/1474 1522/1522/1211 1493/1493/1211
f 1517/1517/1445 1546/1546/1475 1547/1547/1472 1518/1518/1441
f 1504/1504/1438 1533/1533/1469 1535/1535/1476 1506/1506/1446
f 1495/1495/1447 1524/1524/1477 1525/1525/1474 1496/1496/1444
f 1519/1519/1448 1548/1548/1478 1546/1546/1475 1517/1517/1445
f 1507/1507/1449 1536/1536/1479 1534/1534/1473 1505/1505/1442
f 1498/1498/1450 1527/1527/1480 1524/1524/1477 1495/1495/1447
f 1520/1520/1451 1549/1549/1464 1542/1542/1481 1513/1513/1452
f 1506/1506/1446 1535/1535/1476 1537/1537/1482 1508/1508/1453
f 1497/1497/1454 1526/1526/1483 1527/1527/1480 1498/1498/1450
f 1509/1509/1455 1538/1538/1484 1536/1536/1479 1507/1507/1449
f 1492/1492/1440 1521/1521/1471 1526/1526/1483 1497/1497/1454
f 1508/1508/1453 1537/1537/1482 1539/1539/1485 1510/1510/1456
f 1499/1499/1457 1528/1528/1486 1523/1523/1470 1494/1494/1439
f 1511/1511/1458 1540/1540/1487 1538/1538/1484 1509/1509/1455
f 1510/1510/1456 1539/1539/1485 1541/1541/1488 1512/1512/1459
f 1354/1354/1236 1529/1529/1489 1500/1500/1460
f 1513/1513/1452 1542/1542/1481 1540/1540/1487 1511/1511/1458
f 1512/1512/1459 1541/1541/1488 1543/1543/1490 1514/1514/1461
f 1501/1501/1462 1530/1530/1466 1528/1528/1486 1499/1499/1457
f 1493/1493/1211 1522/1522/1211 1377/1377/1211
f 1514/1514/1461 1543/1543/1490 1548/1548/1478 1519/1519/1448
f 1500/1500/1460 1529/1529/1489 1531/1531/1468 1502/1502/1437
f 1522/1522/1211 1551/1551/1211 1377/1377/1211
f 1543/1543/1490 1572/1572/1491 1577/1577/1492 1548/1548/1478
f 1529/1529/1489 1558/1558/1493 1560/1560/1494 1531/1531/1468
f 1544/1544/1463 1573/1573/1495 1578/1578/1496 1549/1549/1464
f 1532/1532/1465 1561/1561/1497 1559/1559/1498 1530/1530/1466
f 1545/1545/1467 1574/1574/1499 1573/1573/1495 1544/1544/1463
f 1531/1531/1468 1560/1560/1494 1562/1562/1500 1533/1533/1469
f 1523/1523/1470 1552/1552/1501 1550/1550/1502 1521/1521/1471
f 1547/1547/1472 1576/1576/1503 1574/1574/1499 1545/1545/1467
f 1534/1534/1473 1563/1563/1504 1561/1561/1497 1532/1532/1465
f 1525/1525/1474 1554/1554/1505 1551/1551/1211 1522/1522/1211
f 1546/1546/1475 1575/1575/1506 1576/1576/1503 1547/1547/1472
f 1533/1533/1469 1562/1562/1500 1564/1564/1507 1535/1535/1476
f 1524/1524/1477 1553/1553/1508 1554/1554/1505 1525/1525/1474
f 1548/1548/1478 1577/1577/1492 1575/1575/1506 1546/1546/1475
f 1536/1536/1479 1565/1565/1509 1563/1563/1504 1534/1534/1473
f 1527/1527/1480 1556/1556/1510 1553/1553/1508 1524/1524/1477
f 1549/1549/1464 1578/1578/1496 1571/1571/1511 1542/1542/1481
f 1535/1535/1476 1564/1564/1507 1566/1566/1512 1537/1537/1482
f 1526/1526/1483 1555/1555/1513 1556/1556/1510 1527/1527/1480
f 1538/1538/1484 1567/1567/1514 1565/1565/1509 1536/1536/1479
f 1521/1521/1471 1550/1550/1502 1555/1555/1513 1526/1526/1483
f 1537/1537/1482 1566/1566/1512 1568/1568/1515 1539/1539/1485
f 1528/1528/1486 1557/1557/1516 1552/1552/1501 1523/1523/1470
f 1540/1540/1487 1569/1569/1517 1567/1567/1514 1538/1538/1484
f 1539/1539/1485 1568/1568/1515 1570/1570/1518 1541/1541/1488
f 1354/1354/1236 1558/1558/1493 1529/1529/1489
f 1542/1542/1481 1571/1571/1511 1569/1569/1517 1540/1540/1487
f 1541/1541/1488 1570/1570/1518 1572/1572/1491 1543/1543/1490
f 1530/1530/1466 1559/1559/1498 1557/1557/1516 1528/1528/1486
f 1570/1570/1518 1599/1599/1519 1601/1601/1520 1572/1572/1491
f 1559/1559/1498 1588/1588/1521 1586/1586/1522 1557/1557/1516
f 1551/1551/1211 1580/1580/1211 1377/1377/1211
f 1572/1572/1491 1601/1601/1520 1606/1606/1523 1577/1577/1492
f 1558/1558/1493 1587/1587/1524 1589/1589/1525 1560/1560/1494
f 1573/1573/1495 1602/1602/1526 1607/1607/1527 1578/1578/1496
f 1561/1561/1497 1590/1590/1528 1588/1588/1521 1559/1559/1498
f 1574/1574/1499 1603/1603/1529 1602/1602/1526 1573/1573/1495
f 1560/1560/1494 1589/1589/1525 1591/1591/1530 1562/1562/1500
f 1552/1552/1501 1581/1581/1531 1579/1579/1532 1550/1550/1502
f 1576/1576/1503 1605/1605/1533 1603/1603/1529 1574/1574/1499
f 1563/1563/1504 1592/1592/1534 1590/1590/1528 1561/1561/1497
f 1554/1554/1505 1583/1583/1535 1580/1580/1211 1551/1551/1211
f 1575/1575/1506 1604/1604/1536 1605/1605/1533 1576/1576/1503
f 1562/1562/1500 1591/1591/1530 1593/1593/1537 1564/1564/1507
f 1553/1553/1508 1582/1582/1538 1583/1583/1535 1554/1554/1505
f 1577/1577/1492 1606/1606/1523 1604/1604/1536 1575/1575/1506
f 1565/1565/1509 1594/1594/1539 1592/1592/1534 1563/1563/1504
f 1556/1556/1510 1585/1585/1540 1582/1582/1538 1553/1553/1508
f 1578/1578/1496 1607/1607/1527 1600/1600/1541 1571/1571/1511
f 1564/1564/1507 1593/1593/1537 1595/1595/1542 1566/1566/1512
f 1555/1555/1513 1584/1584/1543 1585/1585/1540 1556/1556/1510
f 1567/1567/1514 1596/1596/1544 1594/1594/1539 1565/1565/1509
f 1550/1550/1502 1579/1579/1532 1584/1584/1543 1555/1555/1513
f 1566/1566/1512 1595/1595/1542 1597/1597/1545 1568/1568/1515
f 1557/1557/1516 1586/1586/1522 1581/1581/1531 1552/1552/1501
f 1569/1569/1517 1598/1598/1546 1596/1596/1544 1567/1567/1514
f 1568/1568/1515 1597/1597/1545 1599/1599/1519 1570/1570/1518
f 1354/1354/1236 1587/1587/1524 1558/1558/1493
f 1571/1571/1511 1600/1600/1541 1598/1598/1546 1569/1569/1517
f 1600/1600/1541 1629/1629/1547 1627/1627/1548 1598/1598/1546
f 1599/1599/1519 1628/1628/1549 1630/1630/1550 1601/1601/1520
f 1588/1588/1521 1617/1617/1551 1615/1615/1552 1586/1586/1522
f 1580/1580/1211 1609/1609/1211 1377/1377/1211
f 1601/1601/1520 1630/1630/1550 1635/1635/1553 1606/1606/1523
f 1587/1587/1524 1616/1616/1554 1618/1618/1555 1589/1589/1525
f 1602/1602/1526 1631/1631/1556 1636/1636/1557 1607/1607/1527
f 1590/1590/1528 1619/1619/1558 1617/1617/1551 1588/1588/1521
f 1603/1603/1529 1632/1632/1559 1631/1631/1556 1602/1602/1526
f 1589/1589/1525 1618/1618/1555 1620/1620/1560 1591/1591/1530
f 1581/1581/1531 1610/1610/1561 1608/1608/1562 1579/1579/1532
f 1605/1605/1533 1634/1634/1563 1632/1632/1559 1603/1603/1529
f 1592/1592/1534 1621/1621/1564 1619/1619/1558 1590/1590/1528
f 1583/1583/1535 1612/1612/1565 1609/1609/1211 1580/1580/1211
f 1604/1604/1536 1633/1633/1566 1634/1634/1563 1605/1605/1533
f 1591/1591/1530 1620/1620/1560 1622/1622/1567 1593/1593/1537
f 1582/1582/1538 1611/1611/1568 1612/1612/1565 1583/1583/1535
f 1606/1606/1523 1635/1635/1553 1633/1633/1566 1604/1604/1536
f 1594/1594/1539 1623/1623/1569 1621/1621/1564 1592/1592/1534
f 1585/1585/1540 1614/1614/1570 1611/1611/1568 1582/1582/1538
f 1607/1607/1527 1636/1636/1557 1629/1629/1547 1600/1600/1541
f 1593/1593/1537 1622/1622/1567 1624/1624/1571 1595/1595/1542
f 1584/1584/1543 1613/1613/1572 1614/1614/1570 1585/1585/1540
f 1596/1596/1544 1625/1625/1573 1623/1623/1569 1594/1594/1539
f 1579/1579/1532 1608/1608/1562 1613/1613/1572 1584/1584/1543
f 1595/1595/1542 1624/1624/1571 1626/1626/1574 1597/1597/1545
f 1586/1586/1522 1615/1615/1552 1610/1610/1561 1581/1581/1531
f 1598/1598/1546 1627/1627/1548 1625/1625/1573 1596/1596/1544
f 1597/1597/1545 1626/1626/1574 1628/1628/1549 1599/1599/1519
f 1354/1354/1236 1616/1616/1554 1587/1587/1524
f 1626/1626/1574 1655/1655/1575 1657/1657/1576 1628/1628/1549
f 1354/1354/1236 1645/1645/1577 1616/1616/1554
f 1629/1629/1547 1658/1658/1578 1656/1656/1579 1627/1627/1548
f 1628/1628/1549 1657/1657/1576 1659/1659/1580 1630/1630/1550
f 1617/1617/1551 1646/1646/1581 1644/1644/1582 1615/1615/1552
f 1609/1609/1211 1638/1638/1211 1377/1377/1211
f 1630/1630/1550 1659/1659/1580 1664/1664/1583 1635/1635/1553
f 1616/1616/1554 1645/1645/1577 1647/1647/1584 1618/1618/1555
f 1631/1631/1556 1660/1660/1585 1665/1665/1586 1636/1636/1557
f 1619/1619/1558 1648/1648/1587 1646/1646/1581 1617/1617/1551
f 1632/1632/1559 1661/1661/1588 1660/1660/1585 1631/1631/1556
f 1618/1618/1555 1647/1647/1584 1649/1649/1589 1620/1620/1560
f 1610/1610/1561 1639/1639/1590 1637/1637/1591 1608/1608/1562
f 1634/1634/1563 1663/1663/1592 1661/1661/1588 1632/1632/1559
f 1621/1621/1564 1650/1650/1593 1648/1648/1587 1619/1619/1558
f 1612/1612/1565 1641/1641/1594 1638/1638/1211 1609/1609/1211
f 1633/1633/1566 1662/1662/1595 1663/1663/1592 1634/1634/1563
f 1620/1620/1560 1649/1649/1589 1651/1651/1596 1622/1622/1567
f 1611/1611/1568 1640/1640/1597 1641/1641/1594 1612/1612/1565
f 1635/1635/1553 1664/1664/1583 1662/1662/1595 1633/1633/1566
f 1623/1623/1569 1652/1652/1598 1650/1650/1593 1621/1621/1564
f 1614/1614/1570 1643/1643/1599 1640/1640/1597 1611/1611/1568
f 1636/1636/1557 1665/1665/1586 1658/1658/1578 1629/1629/1547
f 1622/1622/1567 1651/1651/1596 1653/1653/1600 1624/1624/1571
f 1613/1613/1572 1642/1642/1601 1643/1643/1599 1614/1614/1570
f 1625/1625/1573 1654/1654/1602 1652/1652/1598 1623/1623/1569
f 1608/1608/1562 1637/1637/1591 1642/1642/1601 1613/1613/1572
f 1624/1624/1571 1653/1653/1600 1655/1655/1575 1626/1626/1574
f 1615/1615/1552 1644/1644/1582 1639/1639/1590 1610/1610/1561
f 1627/1627/1548 1656/1656/1579 1654/1654/1602 1625/1625/1573
f 1656/1656/1579 1685/1685/1603 1683/1683/1604 1654/1654/1602
f 1655/1655/1575 1684/1684/1605 1686/1686/1606 1657/1657/1576
f 1354/1354/1236 1674/1674/1607 1645/1645/1577
f 1658/1658/1578 1687/1687/1608 1685/1685/1603 1656/1656/1579
f 1657/1657/1576 1686/1686/1606 1688/1688/1609 1659/1659/1580
f 1646/1646/1581 1675/1675/1610 1673/1673/1611 1644/1644/1582
f 1638/1638/1211 1667/1667/1211 1377/1377/1211
f 1659/1659/1580 1688/1688/1609 1693/1693/1612 1664/1664/1583
f 1645/1645/1577 1674/1674/1607 1676/1676/1613 1647/1647/1584
f 1660/1660/1585 1689/1689/1614 1694/1694/1615 1665/1665/1586
f 1648/1648/1587 1677/1677/1616 1675/1675/1610 1646/1646/1581
f 1661/1661/1588 1690/1690/1617 1689/1689/1614 1660/1660/1585
f 1647/1647/1584 1676/1676/1613 1678/1678/1618 1649/1649/1589
f 1639/1639/1590 1668/1668/1619 1666/1666/1620 1637/1637/1591
f 1663/1663/1592 1692/1692/1621 1690/1690/1617 1661/1661/1588
f 1650/1650/1593 1679/1679/1622 1677/1677/1616 1648/1648/1587
f 1641/1641/1594 1670/1670/1623 1667/1667/1211 1638/1638/1211
f 1662/1662/1595 1691/1691/1624 1692/1692/1621 1663/1663/1592
f 1649/1649/1589 1678/1678/1618 1680/1680/1625 1651/1651/1596
f 1640/1640/1597 1669/1669/1626 1670/1670/1623 1641/1641/1594
f 1664/1664/1583 1693/1693/1612 1691/1691/1624 1662/1662/1595
f 1652/1652/1598 1681/1681/1627 1679/1679/1622 1650/1650/1593
f 1643/1643/1599 1672/1672/1628 1669/1669/1626 1640/1640/1597
f 1665/1665/1586 1694/1694/1615 1687/1687/1608 1658/1658/1578
f 1651/1651/1596 1680/1680/1625 1682/1682/1629 1653/1653/1600
f 1642/1642/1601 1671/1671/1630 1672/1672/1628 1643/1643/1599
f 1654/1654/1602 1683/1683/1604 1681/1681/1627 1652/1652/1598
f 1637/1637/1591 1666/1666/1620 1671/1671/1630 1642/1642/1601
f 1653/1653/1600 1682/1682/1629 1684/1684/1605 1655/1655/1575
f 1644/1644/1582 1673/1673/1611 1668/1668/1619 1639/1639/1590
f 1682/1682/1629 1711/1711/1631 1713/1713/1632 1684/1684/1605
f 1673/1673/1611 1702/1702/1633 1697/1697/1634 1668/1668/1619
f 1685/1685/1603 1714/1714/1635 1712/1712/1636 1683/1683/1604
f 1684/1684/1605 1713/1713/1632 1715/1715/1637 1686/1686/1606
f 1354/1354/1236 1703/1703/1638 1674/1674/1607
f 1687/1687/1608 1716/1716/1639 1714/1714/1635 1685/1685/1603
f 1686/1686/1606 1715/1715/1637 1717/1717/1640 1688/1688/1609
f 1675/1675/1610 1704/1704/1641 1702/1702/1633 1673/1673/1611
f 1667/1667/1211 1696/1696/1211 1377/1377/1211
f 1688/1688/1609 1717/1717/1640 1722/1722/1642 1693/1693/1612
f 1674/1674/1607 1703/1703/1638 1705/1705/1643 1676/1676/1613
f 1689/1689/1614 1718/1718/1644 1723/1723/1645 1694/1694/1615
f 1677/1677/1616 1706/1706/1646 1704/1704/1641 1675/1675/1610
f 1690/1690/1617 1719/1719/1647 1718/1718/1644 1689/1689/1614
f 1676/1676/1613 1705/1705/1643 1707/1707/1648 1678/1678/1618
f 1668/1668/1619 1697/1697/1634 1695/1695/1649 1666/1666/1620
f 1692/1692/1621 1721/1721/1650 1719/1719/1647 1690/1690/1617
f 1679/1679/1622 1708/1708/1651 1706/1706/1646 1677/1677/1616
f 1670/1670/1623 1699/1699/1652 1696/1696/1211 1667/1667/1211
f 1691/1691/1624 1720/1720/1653 1721/1721/1650 1692/1692/1621
f 1678/1678/1618 1707/1707/1648 1709/1709/1654 1680/1680/1625
f 1669/1669/1626 1698/1698/1655 1699/1699/1652 1670/1670/1623
f 1693/1693/1612 1722/1722/1642 1720/1720/1653 1691/1691/1624
f 1681/1681/1627 1710/1710/1656 1708/1708/1651 1679/1679/1622
f 1672/1672/1628 1701/1701/1657 1698/1698/1655 1669/1669/1626
f 1694/1694/1615 1723/1723/1645 1716/1716/1639 1687/1687/1608
f 1680/1680/1625 1709/1709/1654 1711/1711/1631 1682/1682/1629
f 1671/1671/1630 1700/1700/1658 1701/1701/1657 1672/1672/1628
f 1683/1683/1604 1712/1712/1636 1710/1710/1656 1681/1681/1627
f 1666/1666/1620 1695/1695/1649 1700/1700/1658 1671/1671/1630
f 1712/1712/1636 1741/1741/1659 1739/1739/1660 1710/1710/1656
f 1695/1695/1649 1724/1724/1661 1729/1729/1662 1700/1700/1658
f 1711/1711/1631 1740/1740/1663 1742/1742/1664 1713/1713/1632
f 1702/1702/1633 1731/1731/1665 1726/1726/1666 1697/1697/1634
f 1714/1714/1635 1743/1743/1667 1741/1741/1659 1712/1712/1636
f 1713/1713/1632 1742/1742/1664 1744/1744/1668 1715/1715/1637
f 1354/1354/1236 1732/1732/1669 1703/1703/1638
f 1716/1716/1639 1745/1745/1670 1743/1743/1667 1714/1714/1635
f 1715/1715/1637 1744/1744/1668 1746/1746/1671 1717/1717/1640
f 1704/1704/1641 1733/1733/1672 1731/1731/1665 1702/1702/1633
f 1696/1696/1211 1725/1725/1211 1377/1377/1211
f 1717/1717/1640 1746/1746/1671 1751/1751/1673 1722/1722/1642
f 1703/1703/1638 1732/1732/1669 1734/1734/1674 1705/1705/1643
f 1718/1718/1644 1747/1747/1675 1752/1752/1676 1723/1723/1645
f 1706/1706/1646 1735/1735/1677 1733/1733/1672 1704/1704/1641
f 1719/1719/1647 1748/1748/1678 1747/1747/1675 1718/1718/1644
f 1705/1705/1643 1734/1734/1674 1736/1736/1679 1707/1707/1648
f 1697/1697/1634 1726/1726/1666 1724/1724/1661 1695/1695/1649
f 1721/1721/1650 1750/1750/1680 1748/1748/1678 1719/1719/1647
f 1708/1708/1651 1737/1737/1681 1735/1735/1677 1706/1706/1646
f 1699/1699/1652 1728/1728/1682 1725/1725/1211 1696/1696/1211
f 1720/1720/1653 1749/1749/1683 1750/1750/1680 1721/1721/1650
f 1707/1707/1648 1736/1736/1679 1738/1738/1684 1709/1709/1654
f 1698/1698/1655 1727/1727/1685 1728/1728/1682 1699/1699/1652
f 1722/1722/1642 1751/1751/1673 1749/1749/1683 1720/1720/1653
f 1710/1710/1656 1739/1739/1660 1737/1737/1681 1708/1708/1651
f 1701/1701/1657 1730/1730/1686 1727/1727/1685 1698/1698/1655
f 1723/1723/1645 1752/1752/1676 1745/1745/1670 1716/1716/1639
f 1709/1709/1654 1738/1738/1684 1740/1740/1663 1711/1711/1631
f 1700/1700/1658 1729/1729/1662 1730/1730/1686 1701/1701/1657
f 1752/1752/1676 1781/1781/1687 1774/1774/1688 1745/1745/1670
f 1738/1738/1684 1767/1767/1689 1769/1769/1690 1740/1740/1663
f 1729/1729/1662 1758/1758/1691 1759/1759/1692 1730/1730/1686
f 1741/1741/1659 1770/1770/1693 1768/1768/1694 1739/1739/1660
f 1724/1724/1661 1753/1753/1695 1758/1758/1691 1729/1729/1662
f 1740/1740/1663 1769/1769/1690 1771/1771/1696 1742/1742/1664
f 1731/1731/1665 1760/1760/1697 1755/1755/1698 1726/1726/1666
f 1743/1743/1667 1772/1772/1699 1770/1770/1693 1741/1741/1659
f 1742/1742/1664 1771/1771/1696 1773/1773/1700 1744/1744/1668
f 1354/1354/1236 1761/1761/1701 1732/1732/1669
f 1745/1745/1670 1774/1774/1688 1772/1772/1699 1743/1743/1667
f 1744/1744/1668 1773/1773/1700 1775/1775/1702 1746/1746/1671
f 1733/1733/1672 1762/1762/1703 1760/1760/1697 1731/1731/1665
f 1725/1725/1211 1754/1754/1211 1377/1377/1211
f 1746/1746/1671 1775/1775/1702 1780/1780/1704 1751/1751/1673
f 1732/1732/1669 1761/1761/1701 1763/1763/1705 1734/1734/1674
f 1747/1747/1675 1776/1776/1706 1781/1781/1687 1752/1752/1676
f 1735/1735/1677 1764/1764/1707 1762/1762/1703 1733/1733/1672
f 1748/1748/1678 1777/1777/1708 1776/1776/1706 1747/1747/1675
f 1734/1734/1674 1763/1763/1705 1765/1765/1709 1736/1736/1679
f 1726/1726/1666 1755/1755/1698 1753/1753/1695 1724/1724/1661
f 1750/1750/1680 1779/1779/1710 1777/1777/1708 1748/1748/1678
f 1737/1737/1681 1766/1766/1711 1764/1764/1707 1735/1735/1677
f 1728/1728/1682 1757/1757/1712 1754/1754/1211 1725/1725/1211
f 1749/1749/1683 1778/1778/1713 1779/1779/1710 1750/1750/1680
f 1736/1736/1679 1765/1765/1709 1767/1767/1689 1738/1738/1684
f 1727/1727/1685 1756/1756/1714 1757/1757/1712 1728/1728/1682
f 1751/1751/1673 1780/1780/1704 1778/1778/1713 1749/1749/1683
f 1739/1739/1660 1768/1768/1694 1766/1766/1711 1737/1737/1681
f 1730/1730/1686 1759/1759/1692 1756/1756/1714 1727/1727/1685
f 1780/1780/1704 1809/1809/1715 1807/1807/1716 1778/1778/1713
f 1768/1768/1694 1797/1797/1717 1795/1795/1718 1766/1766/1711
f 1759/1759/1692 1788/1788/1719 1785/1785/1720 1756/1756/1714
f 1781/1781/1687 1810/1810/1721 1803/1803/1722 1774/1774/1688
f 1767/1767/1689 1796/1796/1723 1798/1798/1724 1769/1769/1690
f 1758/1758/1691 1787/1787/1725 1788/1788/1719 1759/1759/1692
f 1770/1770/1693 1799/1799/1726 1797/1797/1717 1768/1768/1694
f 1753/1753/1695 1782/1782/1727 1787/1787/1725 1758/1758/1691
f 1769/1769/1690 1798/1798/1724 1800/1800/1728 1771/1771/1696
f 1760/1760/1697 1789/1789/1729 1784/1784/1730 1755/1755/1698
f 1772/1772/1699 1801/1801/1731 1799/1799/1726 1770/1770/1693
f 1771/1771/1696 1800/1800/1728 1802/1802/1732 1773/1773/1700
f 1354/1354/1236 1790/1790/1733 1761/1761/1701
f 1774/1774/1688 1803/1803/1722 1801/1801/1731 1772/1772/1699
f 1773/1773/1700 1802/1802/1732 1804/1804/1734 1775/1775/1702
f 1762/1762/1703 1791/1791/1735 1789/1789/1729 1760/1760/1697
f 1754/1754/1211 1783/1783/1211 1377/1377/1211
f 1775/1775/1702 1804/1804/1734 1809/1809/1715 1780/1780/1704
f 1761/1761/1701 1790/1790/1733 1792/1792/1736 1763/1763/1705
f 1776/1776/1706 1805/1805/1737 1810/1810/1721 1781/1781/1687
f 1764/1764/1707 1793/1793/1738 1791/1791/1735 1762/1762/1703
f 1777/1777/1708 1806/1806/1739 1805/1805/1737 1776/1776/1706
f 1763/1763/1705 1792/1792/1736 1794/1794/1740 1765/1765/1709
f 1755/1755/1698 1784/1784/1730 1782/1782/1727 1753/1753/1695
f 1779/1779/1710 1808/1808/1741 1806/1806/1739 1777/1777/1708
f 1766/1766/1711 1795/1795/1718 1793/1793/1738 1764/1764/1707
f 1757/1757/1712 1786/1786/1742 1783/1783/1211 1754/1754/1211
f 1778/1778/1713 1807/1807/1716 1808/1808/1741 1779/1779/1710
f 1765/1765/1709 1794/1794/1740 1796/1796/1723 1767/1767/1689
f 1756/1756/1714 1785/1785/1720 1786/1786/1742 1757/1757/1712
f 1807/1807/1716 1836/1836/1743 1837/1837/1744 1808/1808/1741
f 1794/1794/1740 1823/1823/1745 1825/1825/1746 1796/1796/1723
f 1785/1785/1720 1814/1814/1747 1815/1815/1748 1786/1786/1742
f 1809/1809/1715 1838/1838/1749 1836/1836/1743 1807/1807/1716
f 1797/1797/1717 1826/1826/1750 1824/1824/1751 1795/1795/1718
f 1788/1788/1719 1817/1817/1752 1814/1814/1747 1785/1785/1720
f 1810/1810/1721 1839/1839/1753 1832/1832/1754 1803/1803/1722
f 1796/1796/1723 1825/1825/1746 1827/1827/1755 1798/1798/1724
f 1787/1787/1725 1816/1816/1756 1817/1817/1752 1788/1788/1719
f 1799/1799/1726 1828/1828/1757 1826/1826/1750 1797/1797/1717
f 1782/1782/1727 1811/1811/1758 1816/1816/1756 1787/1787/1725
f 1798/1798/1724 1827/1827/1755 1829/1829/1759 1800/1800/1728
f 1789/1789/1729 1818/1818/1760 1813/1813/1761 1784/1784/1730
f 1801/1801/1731 1830/1830/1762 1828/1828/1757 1799/1799/1726
f 1800/1800/1728 1829/1829/1759 1831/1831/1763 1802/1802/1732
f 1354/1354/1236 1819/1819/1764 1790/1790/1733
f 1803/1803/1722 1832/1832/1754 1830/1830/1762 1801/1801/1731
f 1802/1802/1732 1831/1831/1763 1833/1833/1765 1804/1804/1734
f 1791/1791/1735 1820/1820/1766 1818/1818/1760 1789/1789/1729
f 1783/1783/1211 1812/1812/1211 1377/1377/1211
f 1804/1804/1734 1833/1833/1765 1838/1838/1749 1809/1809/1715
f 1790/1790/1733 1819/1819/1764 1821/1821/1767 1792/1792/1736
f 1805/1805/1737 1834/1834/1768 1839/1839/1753 1810/1810/1721
f 1793/1793/1738 1822/1822/1769 1820/1820/1766 1791/1791/1735
f 1806/1806/1739 1835/1835/1770 1834/1834/1768 1805/1805/1737
f 1792/1792/1736 1821/1821/1767 1823/1823/1745 1794/1794/1740
f 1784/1784/1730 1813/1813/1761 1811/1811/1758 1782/1782/1727
f 1808/1808/1741 1837/1837/1744 1835/1835/1770 1806/1806/1739
f 1795/1795/1718 1824/1824/1751 1822/1822/1769 1793/1793/1738
f 1786/1786/1742 1815/1815/1748 1812/1812/1211 1783/1783/1211
f 1837/1837/1744 1866/1866/1771 1864/1864/1772 1835/1835/1770
f 1824/1824/1751 1853/1853/1773 1851/1851/1774 1822/1822/1769
f 1815/1815/1748 1844/1844/1775 1841/1841/1211 1812/1812/1211
f 1836/1836/1743 1865/1865/1776 1866/1866/1771 1837/1837/1744
f 1823/1823/1745 1852/1852/1777 1854/1854/1778 1825/1825/1746
f 1814/1814/1747 1843/1843/1779 1844/1844/1775 1815/1815/1748
f 1838/1838/1749 1867/1867/1780 1865/1865/1776 1836/1836/1743
f 1826/1826/1750 1855/1855/1781 1853/1853/1773 1824/1824/1751
f 1817/1817/1752 1846/1846/1782 1843/1843/1779 1814/1814/1747
f 1839/1839/1753 1868/1868/1783 1861/1861/1784 1832/1832/1754
f 1825/1825/1746 1854/1854/1778 1856/1856/1785 1827/1827/1755
f 1816/1816/1756 1845/1845/1786 1846/1846/1782 1817/1817/1752
f 1828/1828/1757 1857/1857/1787 1855/1855/1781 1826/1826/1750
f 1811/1811/1758 1840/1840/1788 1845/1845/1786 1816/1816/1756
f 1827/1827/1755 1856/1856/1785 1858/1858/1789 1829/1829/1759
f 1818/1818/1760 1847/1847/1790 1842/1842/1791 1813/1813/1761
f 1830/1830/1762 1859/1859/1792 1857/1857/1787 1828/1828/1757
f 1829/1829/1759 1858/1858/1789 1860/1860/1793 1831/1831/1763
f 1354/1354/1236 1848/1848/1794 1819/1819/1764
f 1832/1832/1754 1861/1861/1784 1859/1859/1792 1830/1830/1762
f 1831/1831/1763 1860/1860/1793 1862/1862/1795 1833/1833/1765
f 1820/1820/1766 1849/1849/1796 1847/1847/1790 1818/1818/1760
f 1812/1812/1211 1841/1841/1211 1377/1377/1211
f 1833/1833/1765 1862/1862/1795 1867/1867/1780 1838/1838/1749
f 1819/1819/1764 1848/1848/1794 1850/1850/1797 1821/1821/1767
f 1834/1834/1768 1863/1863/1798 1868/1868/1783 1839/1839/1753
f 1822/1822/1769 1851/1851/1774 1849/1849/1796 1820/1820/1766
f 1835/1835/1770 1864/1864/1772 1863/1863/1798 1834/1834/1768
f 1821/1821/1767 1850/1850/1797 1852/1852/1777 1823/1823/1745
f 1813/1813/1761 1842/1842/1791 1840/1840/1788 1811/1811/1758
f 1864/1864/1772 1893/1893/1799 1892/1892/1800 1863/1863/1798
f 1850/1850/1797 1879/1879/1801 1881/1881/1802 1852/1852/1777
f 1842/1842/1791 1871/1871/1803 1869/1869/1804 1840/1840/1788
f 1866/1866/1771 1895/1895/1805 1893/1893/1799 1864/1864/1772
f 1853/1853/1773 1882/1882/1806 1880/1880/1807 1851/1851/1774
f 1844/1844/1775 1873/1873/1808 1870/1870/1211 1841/1841/1211
f 1865/1865/1776 1894/1894/1809 1895/1895/1805 1866/1866/1771
f 1852/1852/1777 1881/1881/1802 1883/1883/1810 1854/1854/1778
f 1843/1843/1779 1872/1872/1811 1873/1873/1808 1844/1844/1775
f 1867/1867/1780 1896/1896/1812 1894/1894/1809 1865/1865/1776
f 1855/1855/1781 1884/1884/1813 1882/1882/1806 1853/1853/1773
f 1846/1846/1782 1875/1875/1814 1872/1872/1811 1843/1843/1779
f 1868/1868/1783 1897/1897/1815 1890/1890/1816 1861/1861/1784
f 1854/1854/1778 1883/1883/1810 1885/1885/1817 1856/1856/1785
f 1845/1845/1786 1874/1874/1818 1875/1875/1814 1846/1846/1782
f 1857/1857/1787 1886/1886/1819 1884/1884/1813 1855/1855/1781
f 1840/1840/1788 1869/1869/1804 1874/1874/1818 1845/1845/1786
f 1856/1856/1785 1885/1885/1817 1887/1887/1820 1858/1858/1789
f 1847/1847/1790 1876/1876/1821 1871/1871/1803 1842/1842/1791
f 1859/1859/1792 1888/1888/1822 1886/1886/1819 1857/1857/1787
f 1858/1858/1789 1887/1887/1820 1889/1889/1823 1860/1860/1793
f 1354/1354/1236 1877/1877/1824 1848/1848/1794
f 1861/1861/1784 1890/1890/1816 1888/1888/1822 1859/1859/1792
f 1860/1860/1793 1889/1889/1823 1891/1891/1825 1862/1862/1795
f 1849/1849/1796 1878/1878/1826 1876/1876/1821 1847/1847/1790
f 1841/1841/1211 1870/1870/1211 1377/1377/1211
f 1862/1862/1795 1891/1891/1825 1896/1896/1812 1867/1867/1780
f 1848/1848/1794 1877/1877/1824 1879/1879/1801 1850/1850/1797
f 1863/1863/1798 1892/1892/1800 1897/1897/1815 1868/1868/1783
f 1851/1851/1774 1880/1880/1807 1878/1878/1826 1849/1849/1796
f 1892/1892/1800 1921/1921/1827 1926/1926/1828 1897/1897/1815
f 1880/1880/1807 1909/1909/1829 1907/1907/1830 1878/1878/1826
f 1893/1893/1799 1922/1922/1831 1921/1921/1827 1892/1892/1800
f 1879/1879/1801 1908/1908/1832 1910/1910/1833 1881/1881/1802
f 1871/1871/1803 1900/1900/1834 1898/1898/1835 1869/1869/1804
f 1895/1895/1805 1924/1924/1836 1922/1922/1831 1893/1893/1799
f 1882/1882/1806 1911/1911/1837 1909/1909/1829 1880/1880/1807
f 1873/1873/1808 1902/1902/1838 1899/1899/1211 1870/1870/1211
f 1894/1894/1809 1923/1923/1839 1924/1924/1836 1895/1895/1805
f 1881/1881/1802 1910/1910/1833 1912/1912/1840 1883/1883/1810
f 1872/1872/1811 1901/1901/1841 1902/1902/1838 1873/1873/1808
f 1896/1896/1812 1925/1925/1842 1923/1923/1839 1894/1894/1809
f 1884/1884/1813 1913/1913/1843 1911/1911/1837 1882/1882/1806
f 1875/1875/1814 1904/1904/1844 1901/1901/1841 1872/1872/1811
f 1897/1897/1815 1926/1926/1828 1919/1919/1845 1890/1890/1816
f 1883/1883/1810 1912/1912/1840 1914/1914/1846 1885/1885/1817
f 1874/1874/1818 1903/1903/1847 1904/1904/1844 1875/1875/1814
f 1886/1886/1819 1915/1915/1848 1913/1913/1843 1884/1884/1813
f 1869/1869/1804 1898/1898/1835 1903/1903/1847 1874/1874/1818
f 1885/1885/1817 1914/1914/1846 1916/1916/1849 1887/1887/1820
f 1876/1876/1821 1905/1905/1850 1900/1900/1834 1871/1871/1803
f 1888/1888/1822 1917/1917/1851 1915/1915/1848 1886/1886/1819
f 1887/1887/1820 1916/1916/1849 1918/1918/1852 1889/1889/1823
f 1354/1354/1236 1906/1906/1853 1877/1877/1824
f 1890/1890/1816 1919/1919/1845 1917/1917/1851 1888/1888/1822
f 1889/1889/1823 1918/1918/1852 1920/1920/1854 1891/1891/1825
f 1878/1878/1826 1907/1907/1830 1905/1905/1850 1876/1876/1821
f 1870/1870/1211 1899/1899/1211 1377/1377/1211
f 1891/1891/1825 1920/1920/1854 1925/1925/1842 1896/1896/1812
f 1877/1877/1824 1906/1906/1853 1908/1908/1832 1879/1879/1801
f 1920/1920/1854 1251/1251/1227 1256/1256/1185 1925/1925/1842
f 1906/1906/1853 1237/1237/1205 1239/1239/1208 1908/1908/1832
f 1921/1921/1827 1252/1252/1232 1257/1257/1197 1926/1926/1828
f 1909/1909/1829 1240/1240/1218 1238/1238/1193 1907/1907/1830
f 1922/1922/1831 1253/1253/1234 1252/1252/1232 1921/1921/1827
f 1908/1908/1832 1239/1239/1208 1241/1241/1223 1910/1910/1833
f 1900/1900/1834 1231/1231/1201 1229/1229/1204 1898/1898/1835
f 1924/1924/1836 1255/1255/1237 1253/1253/1234 1922/1922/1831
f 1911/1911/1837 1242/1242/1228 1240/1240/1218 1909/1909/1829
f 1902/1902/1838 1233/1233/1209 1230/1230/1211 1899/1899/1211
f 1923/1923/1839 1254/1254/1188 1255/1255/1237 1924/1924/1836
f 1910/1910/1833 1241/1241/1223 1243/1243/1231 1912/1912/1840
f 1901/1901/1841 1232/1232/1214 1233/1233/1209 1902/1902/1838
f 1925/1925/1842 1256/1256/1185 1254/1254/1188 1923/1923/1839
f 1913/1913/1843 1244/1244/1184 1242/1242/1228 1911/1911/1837
f 1904/1904/1844 1235/1235/1220 1232/1232/1214 1901/1901/1841
f 1926/1926/1828 1257/1257/1197 1250/1250/1200 1919/1919/1845
f 1912/1912/1840 1243/1243/1231 1245/1245/1189 1914/1914/1846
f 1903/1903/1847 1234/1234/1224 1235/1235/1220 1904/1904/1844
f 1915/1915/1848 1246/1246/1181 1244/1244/1184 1913/1913/1843
f 1898/1898/1835 1229/1229/1204 1234/1234/1224 1903/1903/1847
f 1914/1914/1846 1245/1245/1189 1247/1247/1192 1916/1916/1849
f 1905/1905/1850 1236/1236/1196 1231/1231/1201 1900/1900/1834
f 1917/1917/1851 1248/1248/1212 1246/1246/1181 1915/1915/1848
f 1916/1916/1849 1247/1247/1192 1249/1249/1217 1918/1918/1852
f 1354/1354/1236 1237/1237/1205 1906/1906/1853
f 1919/1919/1845 1250/1250/1200 1248/1248/1212 1917/1917/1851
f 1918/1918/1852 1249/1249/1217 1251/1251/1227 1920/1920/1854
f 1907/1907/1830 1238/1238/1193 1236/1236/1196 1905/1905/1850
f 1899/1899/1211 1230/1230/1211 1377/1377/1211
o wineglass 3
v 0.539708 0.154792 0.000000
v 0.553633 -0.002027 0.000000
v 0.456843 0.366751 0.000000
v 1.145124 0.013997 0.000000
v 1.129100 -0.002027 0.000000
v 1.129100 0.078982 0.000000
v 1.145124 0.062958 0.000000
v 0.456843 2.314820 0.000000
v 0.456843 2.616513 0.000000
v 0.571332 2.429308 0.000000
v 0.593250 2.660091 0.000000
v 0.896232 2.605941 0.000000
v 0.847239 2.721977 0.000000
v 1.292011 2.821252 0.000000
v 1.260645 2.874113 0.000000
v 1.512878 3.110053 0.000000
v 1.497824 3.128103 0.000000
v 1.591376 3.387135 0.000000
v 1.566078 3.384787 0.000000
v 1.572579 3.719772 0.000000
v 1.547272 3.717424 0.000000
v 1.307087 4.232469 0.000000
v 1.296762 4.239323 0.000000
v 1.277659 4.231918 0.000000
v 1.282410 4.239057 0.000000
v 1.285778 4.211468 0.000000
v 1.315140 4.212313 0.000000
v 0.534523 0.154792 0.039390
v 0.547973 -0.002027 0.042994
v 0.454481 0.366751 0.017943
v 1.119309 0.013997 0.196083
v 1.103831 -0.002027 0.191935
v 1.103831 0.078982 0.191935
v 1.119309 0.062958 0.196083
v 0.454481 2.314820 0.017943
v 0.454481 2.616513 0.017943
v 0.565069 2.429308 0.047574
v 0.586240 2.660091 0.053247
v 0.878898 2.605941 0.131665
v 0.831575 2.721977 0.118985
v 1.261191 2.821252 0.234100
v 1.230894 2.874113 0.225982
v 1.474532 3.110053 0.291265
v 1.459991 3.128103 0.287368
v 1.550356 3.387135 0.311581
v 1.525920 3.384787 0.305034
v 1.532199 3.719772 0.306716
v 1.507754 3.717424 0.300166
v 1.275753 4.232469 0.238002
v 1.265781 4.239323 0.235330
v 1.247328 4.231918 0.230386
v 1.251918 4.239057 0.231615
v 1.255170 4.211468 0.232487
v 1.283532 4.212313 0.240087
v 0.519319 0.154792 0.076095
v 0.531378 -0.002027 0.083057
v 0.447556 0.366751 0.034662
v 1.043624 0.013997 0.378803
v 1.029747 -0.002027 0.370791
v 1.029747 0.078982 0.370791
v 1.043624 0.062958 0.378803
v 0.447556 2.314820 0.034662
v 0.447556 2.616513 0.034662
v 0.546706 2.429308 0.091907
v 0.565687 2.660091 0.102866
v 0.828077 2.605941 0.254357
v 0.785648 2.721977 0.229860
v 1.170832 2.821252 0.452246
v 1.143668 2.874113 0.436563
v 1.362108 3.110053 0.562680
v 1.349071 3.128103 0.555153
v 1.430090 3.387135 0.601929
v 1.408181 3.384787 0.589280
v 1.413811 3.719772 0.592530
v 1.391894 3.717424 0.579877
v 1.183888 4.232469 0.459785
v 1.174947 4.239323 0.454622
v 1.158403 4.231918 0.445071
v 1.162517 4.239057 0.447446
v 1.165434 4.211468 0.449130
v 1.190862 4.212313 0.463811
v 0.495133 0.154792 0.107615
v 0.504979 -0.002027 0.117461
v 0.436539 0.366751 0.049020
v 0.923226 0.013997 0.535708
v 0.911895 -0.002027 0.524377
v 0.911895 0.078982 0.524377
v 0.923226 0.062958 0.535708
v 0.436539 2.314820 0.049020
v 0.436539 2.616513 0.049020
v 0.517494 2.429308 0.129976
v 0.532992 2.660091 0.145474
v 0.747233 2.605941 0.359715
v 0.712590 2.721977 0.325072
v 1.027091 2.821252 0.639573
v 1.004912 2.874113 0.617394
v 1.183267 3.110053 0.795749
v 1.172623 3.128103 0.785105
v 1.238774 3.387135 0.851256
v 1.220886 3.384787 0.833368
v 1.225482 3.719772 0.837964
v 1.207588 3.717424 0.820069
v 1.037751 4.232469 0.650233
v 1.030451 4.239323 0.642933
v 1.016943 4.231918 0.629425
v 1.020302 4.239057 0.632784
v 1.022683 4.211468 0.635166
v 1.043446 4.212313 0.655928
v 0.463613 0.154792 0.131800
v 0.470576 -0.002027 0.143859
v 0.422181 0.366751 0.060037
v 0.766321 0.013997 0.656105
v 0.758309 -0.002027 0.642228
v 0.758309 0.078982 0.642228
v 0.766321 0.062958 0.656105
v 0.422181 2.314820 0.060037
v 0.422181 2.616513 0.060037
v 0.387518 2.616513 0.000000
v 0.479425 2.429308 0.159187
v 0.490384 2.660091 0.178169
v 0.641875 2.605941 0.440559
v 0.617379 2.721977 0.398130
v 0.839765 2.821252 0.783313
v 0.824082 2.874113 0.756150
v 0.950198 3.110053 0.974590
v 0.942671 3.128103 0.961553
v 0.989447 3.387135 1.042571
v 0.976798 3.384787 1.020663
v 0.980048 3.719772 1.026292
v 0.967395 3.717424 1.004376
v 0.847302 4.232469 0.796370
v 0.842140 4.239323 0.787428
v 0.832589 4.231918 0.770885
v 0.834964 4.239057 0.774999
v 0.836648 4.211468 0.777916
v 0.851329 4.212313 0.803344
v 0.426908 0.154792 0.147004
v 0.430512 -0.002027 0.160454
v 0.387518 -0.002027 0.000000
v 0.405461 0.366751 0.066963
v 0.583601 0.013997 0.731790
v 0.579454 -0.002027 0.716312
v 0.579454 0.078982 0.716312
v 0.583601 0.062958 0.731790
v 0.405461 2.314820 0.066963
v 0.405461 2.616513 0.066963
v 0.435093 2.429308 0.177550
v 0.440766 2.660091 0.198721
v 0.519183 2.605941 0.491380
v 0.506503 2.721977 0.444056
v 0.621618 2.821252 0.873672
v 0.613500 2.874113 0.843375
v 0.678782 3.110053 1.087013
v 0.674887 3.128103 1.072473
v 0.699100 3.387135 1.162837
v 0.692552 3.384787 1.138402
v 0.694234 3.719772 1.144680
v 0.687684 3.717424 1.120236
v 0.625520 4.232469 0.888235
v 0.622848 4.239323 0.878262
v 0.617904 4.231918 0.859810
v 0.619133 4.239057 0.864399
v 0.620005 4.211468 0.867652
v 0.627604 4.212313 0.896014
v 0.387518 0.154792 0.152190
v 0.387518 -0.002027 0.166114
v 0.387518 0.366751 0.069325
v 0.387518 0.013997 0.757605
v 0.387518 -0.002027 0.741581
v 0.387518 0.078982 0.741581
v 0.387518 0.062958 0.757605
v 0.387518 2.314820 0.069325
v 0.387518 2.616513 0.069325
v 0.387518 2.429308 0.183814
v 0.387518 2.660091 0.205731
v 0.387518 2.605941 0.508714
v 0.387518 2.721977 0.459721
v 0.387518 2.821252 0.904492
v 0.387518 2.874113 0.873126
v 0.387518 3.110053 1.125359
v 0.387518 3.128103 1.110306
v 0.387518 3.387135 1.203858
v 0.387518 3.384787 1.178560
v 0.387518 3.719772 1.185060
v 0.387518 3.717424 1.159753
v 0.387518 4.232469 0.919568
v 0.387518 4.239323 0.909244
v 0.387518 4.231918 0.890141
v 0.387518 4.239057 0.894892
v 0.387518 4.211468 0.898259
v 0.387518 4.212313 0.927622
v 0.348129 0.154792 0.147004
v 0.344525 -0.002027 0.160454
v 0.369576 0.366751 0.066963
v 0.191436 0.013997 0.731790
v 0.195583 -0.002027 0.716312
v 0.195583 0.078982 0.716312
v 0.191436 0.062958 0.731790
v 0.369576 2.314820 0.066963
v 0.369576 2.616513 0.066963
v 0.339944 2.429308 0.177550
v 0.334271 2.660091 0.198721
v 0.255854 2.605941 0.491380
v 0.268534 2.721977 0.444056
v 0.153419 2.821252 0.873672
v 0.161537 2.874113 0.843375
v 0.096254 3.110053 1.087013
v 0.100150 3.128103 1.072473
v 0.075937 3.387135 1.162837
v 0.082485 3.384787 1.138401
v 0.080802 3.719772 1.144680
v 0.087352 3.717424 1.120235
v 0.149516 4.232469 0.888235
v 0.152188 4.239323 0.878262
v 0.157133 4.231918 0.859810
v 0.155903 4.239057 0.864399
v 0.155031 4.211468 0.867652
v 0.147432 4.212313 0.896014
v 0.311423 0.154792 0.131800
v 0.304461 -0.002027 0.143859
v 0.352856 0.366751 0.060037
v 0.008716 0.013997 0.656105
v 0.016728 -0.002027 0.642228
v 0.016728 0.078982 0.642228
v 0.008716 0.062958 0.656105
v 0.352856 2.314820 0.060037
v 0.352856 2.616513 0.060037
v 0.295612 2.429308 0.159187
v 0.284653 2.660091 0.178169
v 0.133162 2.605941 0.440559
v 0.157658 2.721977 0.398130
v -0.064728 2.821252 0.783313
v -0.049045 2.874113 0.756150
v -0.175161 3.110053 0.974589
v -0.167634 3.128103 0.961553
v -0.214410 3.387135 1.042571
v -0.201762 3.384787 1.020663
v -0.205012 3.719772 1.026292
v -0.192358 3.717424 1.004375
v -0.072266 4.232469 0.796369
v -0.067104 4.239323 0.787428
v -0.057552 4.231918 0.770884
v -0.059928 4.239057 0.774999
v -0.061611 4.211468 0.777915
v -0.076293 4.212313 0.803344
v 0.279904 0.154792 0.107615
v 0.270058 -0.002027 0.117461
v 0.338498 0.366751 0.049020
v -0.148189 0.013997 0.535708
v -0.136859 -0.002027 0.524377
v -0.136859 0.078982 0.524377
v -0.148189 0.062958 0.535708
v 0.338498 2.314820 0.049020
v 0.338498 2.616513 0.049020
v 0.257543 2.429308 0.129976
v 0.242044 2.660091 0.145474
v 0.027803 2.605941 0.359715
v 0.062447 2.721977 0.325072
v -0.252054 2.821252 0.639573
v -0.229875 2.874113 0.617394
v -0.408231 3.110053 0.795749
v -0.397586 3.128103 0.785105
v -0.463738 3.387135 0.851256
v -0.445849 3.384787 0.833368
v -0.450446 3.719772 0.837964
v -0.432551 3.717424 0.820069
v -0.262715 4.232469 0.650233
v -0.255414 4.239323 0.642932
v -0.241906 4.231918 0.629424
v -0.245266 4.239057 0.632784
v -0.247647 4.211468 0.635165
v -0.268409 4.212313 0.655927
v 0.255718 0.154792 0.076095
v 0.243659 -0.002027 0.083057
v 0.327481 0.366751 0.034663
v -0.268587 0.013997 0.378803
v -0.254710 -0.002027 0.370790
v -0.254710 0.078982 0.370790
v -0.268587 0.062958 0.378803
v 0.327481 2.314820 0.034663
v 0.327481 2.616513 0.034663
v 0.228331 2.429308 0.091907
v 0.209350 2.660091 0.102866
v -0.053041 2.605941 0.254357
v -0.010612 2.721977 0.229860
v -0.395795 2.821252 0.452246
v -0.368631 2.874113 0.436563
v -0.587071 3.110053 0.562679
v -0.574035 3.128103 0.555153
v -0.655053 3.387135 0.601929
v -0.633144 3.384787 0.589280
v -0.638774 3.719772 0.592530
v -0.616857 3.717424 0.579876
v -0.408851 4.232469 0.459784
v -0.399910 4.239323 0.454622
v -0.383366 4.231918 0.445070
v -0.387481 4.239057 0.447445
v -0.390397 4.211468 0.449129
v -0.415826 4.212313 0.463811
v 0.240514 0.154792 0.039390
v 0.227064 -0.002027 0.042994
v 0.320556 0.366751 0.017943
v -0.344272 0.013997 0.196083
v -0.328794 -0.002027 0.191935
v -0.328794 0.078982 0.191935
v -0.344272 0.062958 0.196083
v 0.320556 2.314820 0.017943
v 0.320556 2.616513 0.017943
v 0.209968 2.429308 0.047574
v 0.188797 2.660091 0.053247
v -0.103861 2.605941 0.131665
v -0.056538 2.721977 0.118984
v -0.486154 2.821252 0.234100
v -0.455857 2.874113 0.225982
v -0.699495 3.110053 0.291264
v -0.684954 3.128103 0.287368
v -0.775319 3.387135 0.311581
v -0.750883 3.384787 0.305034
v -0.757162 3.719772 0.306716
v -0.732717 3.717424 0.300166
v -0.500716 4.232469 0.238001
v -0.490744 4.239323 0.235329
v -0.472292 4.231918 0.230385
v -0.476881 4.239057 0.231615
v -0.480133 4.211468 0.232486
v -0.508495 4.212313 0.240086
v 0.235328 0.154792 0.000000
v 0.221404 -0.002027 -0.000000
v 0.318193 0.366751 0.000000
v -0.370087 0.013997 -0.000000
v -0.354063 -0.002027 -0.000000
v -0.354063 0.078982 -0.000000
v -0.370087 0.062958 -0.000000
v 0.318193 2.314820 0.000000
v 0.318193 2.616513 0.000000
v 0.203705 2.429308 -0.000000
v 0.181787 2.660091 -0.000000
v -0.121195 2.605941 0.000000
v -0.072202 2.721977 -0.000000
v -0.516974 2.821252 -0.000000
v -0.485608 2.874113 -0.000000
v -0.737841 3.110053 -0.000000
v -0.722787 3.128103 -0.000000
v -0.816339 3.387135 0.000000
v -0.791041 3.384787 -0.000000
v -0.797542 3.719772 -0.000000
v -0.772235 3.717424 -0.000000
v -0.532050 4.232469 -0.000001
v -0.521726 4.239323 -0.000000
v -0.502622 4.231918 -0.000000
v -0.507373 4.239057 -0.000001
v -0.510741 4.211468 -0.000000
v -0.540103 4.212313 -0.000000
v 0.240514 0.154792 -0.039390
v 0.227064 -0.002027 -0.042994
v 0.320556 0.366751 -0.017943
v -0.344272 0.013997 -0.196083
v -0.328794 -0.002027 -0.191935
v -0.328794 0.078982 -0.191935
v -0.344272 0.062958 -0.196083
v 0.320556 2.314820 -0.017943
v 0.320556 2.616513 -0.017943
v 0.209968 2.429308 -0.047574
v 0.188797 2.660091 -0.053247
v -0.103861 2.605941 -0.131665
v -0.056538 2.721977 -0.118985
v -0.486154 2.821252 -0.234100
v -0.455857 2.874113 -0.225982
v -0.699495 3.110053 -0.291265
v -0.684954 3.128103 -0.287368
v -0.775319 3.387135 -0.311581
v -0.750883 3.384787 -0.305034
v -0.757162 3.719772 -0.306716
v -0.732717 3.717424 -0.300167
v -0.500716 4.232469 -0.238002
v -0.490744 4.239323 -0.235330
v -0.472291 4.231918 -0.230386
v -0.476881 4.239057 -0.231616
v -0.480133 4.211468 -0.232487
v -0.508495 4.212313 -0.240086
v 0.255718 0.154792 -0.076095
v 0.243659 -0.002027 -0.083057
v 0.327481 0.366751 -0.034662
v -0.268587 0.013997 -0.378803
v -0.254710 -0.002027 -0.370791
v -0.254710 0.078982 -0.370791
v -0.268587 0.062958 -0.378803
v 0.327481 2.314820 -0.034662
v 0.327481 2.616513 -0.034662
v 0.228331 2.429308 -0.091907
v 0.209350 2.660091 -0.102866
v -0.053041 2.605941 -0.254357
v -0.010611 2.721977 -0.229860
v -0.395795 2.821252 -0.452246
v -0.368631 2.874113 -0.436563
v -0.587071 3.110053 -0.562680
v -0.574035 3.128103 -0.555153
v -0.655053 3.387135 -0.601929
v -0.633144 3.384787 -0.589280
v -0.638774 3.719772 -0.592530
v -0.616857 3.717424 -0.579877
v -0.408851 4.232469 -0.459784
v -0.399910 4.239323 -0.454622
v -0.383366 4.231918 -0.445071
v -0.387480 4.239057 -0.447446
v -0.390397 4.211468 -0.449130
v -0.415825 4.212313 -0.463811
v 0.279904 0.154792 -0.107615
v 0.270058 -0.002027 -0.117461
v 0.338498 0.366751 -0.049020
v -0.148189 0.013997 -0.535708
v -0.136859 -0.002027 -0.524377
v -0.136859 0.078982 -0.524377
v -0.148189 0.062958 -0.535708
v 0.338498 2.314820 -0.049020
v 0.338498 2.616513 -0.049020
v 0.257543 2.429308 -0.129976
v 0.242044 2.660091 -0.145474
v 0.027803 2.605941 -0.359715
v 0.062447 2.721977 -0.325072
v -0.252054 2.821252 -0.639573
v -0.229875 2.874113 -0.617393
v -0.408230 3.110053 -0.795749
v -0.397586 3.128103 -0.785105
v -0.463738 3.387135 -0.851256
v -0.445849 3.384787 -0.833368
v -0.450446 3.719772 -0.837964
v -0.432551 3.717424 -0.820069
v -0.262714 4.232469 -0.650233
v -0.255414 4.239323 -0.642933
v -0.241906 4.231918 -0.629425
v -0.245265 4.239057 -0.632784
v -0.247647 4.211468 -0.635165
v -0.268409 4.212313 -0.655928
v 0.311423 0.154792 -0.131800
v 0.304461 -0.002027 -0.143859
v 0.352856 0.366751 -0.060037
v 0.008716 0.013997 -0.656105
v 0.016728 -0.002027 -0.642228
v 0.016728 0.078982 -0.642228
v 0.008716 0.062958 -0.656105
v 0.352856 2.314820 -0.060037
v 0.352856 2.616513 -0.060037
v 0.295612 2.429308 -0.159187
v 0.284653 2.660091 -0.178169
v 0.133161 2.605941 -0.440559
v 0.157658 2.721977 -0.398130
v -0.064728 2.821252 -0.783313
v -0.049045 2.874113 -0.756150
v -0.175161 3.110053 -0.974590
v -0.167634 3.128103 -0.961553
v -0.214410 3.387135 -1.042571
v -0.201761 3.384787 -1.020663
v -0.205012 3.719772 -1.026292
v -0.192358 3.717424 -1.004376
v -0.072265 4.232469 -0.796369
v -0.067103 4.239323 -0.787428
v -0.057552 4.231918 -0.770884
v -0.059927 4.239057 -0.774999
v -0.061611 4.211468 -0.777915
v -0.076292 4.212313 -0.803344
v 0.348129 0.154792 -0.147004
v 0.344525 -0.002027 -0.160454
v 0.369576 0.366751 -0.066963
v 0.191436 0.013997 -0.731790
v 0.195583 -0.002027 -0.716312
v 0.195583 0.078982 -0.716312
v 0.191436 0.062958 -0.731790
v 0.369576 2.314820 -0.066963
v 0.369576 2.616513 -0.066963
v 0.339944 2.429308 -0.177550
v 0.334271 2.660091 -0.198721
v 0.255854 2.605941 -0.491380
v 0.268534 2.721977 -0.444056
v 0.153419 2.821252 -0.873672
v 0.161537 2.874113 -0.843375
v 0.096255 3.110053 -1.087013
v 0.100150 3.128103 -1.072473
v 0.075937 3.387135 -1.162837
v 0.082485 3.384787 -1.138401
v 0.080802 3.719772 -1.144680
v 0.087353 3.717424 -1.120235
v 0.149517 4.232469 -0.888235
v 0.152189 4.239323 -0.878262
v 0.157133 4.231918 -0.859810
v 0.155904 4.239057 -0.864399
v 0.155032 4.211468 -0.867652
v 0.147432 4.212313 -0.896014
v 0.387518 0.154792 -0.152190
v 0.387518 -0.002027 -0.166114
v 0.387518 0.366751 -0.069325
v 0.387518 0.013997 -0.757605
v 0.387518 -0.002027 -0.741581
v 0.387518 0.078982 -0.741581
v 0.387518 0.062958 -0.757605
v 0.387518 2.314820 -0.069325
v 0.387518 2.616513 -0.069325
v 0.387518 2.429308 -0.183814
v 0.387518 2.660091 -0.205731
v 0.387518 2.605941 -0.508714
v 0.387518 2.721977 -0.459721
v 0.387518 2.821252 -0.904492
v 0.387518 2.874113 -0.873126
v 0.387519 3.110053 -1.125359
v 0.387518 3.128103 -1.110306
v 0.387518 3.387135 -1.203858
v 0.387518 3.384787 -1.178560
v 0.387519 3.719772 -1.185060
v 0.387519 3.717424 -1.159753
v 0.387519 4.232469 -0.919568
v 0.387519 4.239323 -0.909244
v 0.387519 4.231918 -0.890140
v 0.387519 4.239057 -0.894892
v 0.387519 4.211468 -0.898259
v 0.387519 4.212313 -0.927622
v 0.426908 0.154792 -0.147004
v 0.430512 -0.002027 -0.160454
v 0.405461 0.366751 -0.066963
v 0.583601 0.013997 -0.731790
v 0.579454 -0.002027 -0.716312
v 0.579454 0.078982 -0.716312
v 0.583601 0.062958 -0.731790
v 0.405461 2.314820 -0.066963
v 0.405461 2.616513 -0.066963
v 0.435093 2.429308 -0.177550
v 0.440766 2.660091 -0.198721
v 0.519183 2.605941 -0.491380
v 0.506503 2.721977 -0.444056
v 0.621618 2.821252 -0.873672
v 0.613500 2.874113 -0.843375
v 0.678783 3.110053 -1.087013
v 0.674887 3.128103 -1.072473
v 0.699100 3.387135 -1.162837
v 0.692552 3.384787 -1.138401
v 0.694235 3.719772 -1.144680
v 0.687685 3.717424 -1.120235
v 0.625521 4.232469 -0.888234
v 0.622848 4.239323 -0.878262
v 0.617904 4.231918 -0.859810
v 0.619134 4.239057 -0.864399
v 0.620005 4.211468 -0.867652
v 0.627605 4.212313 -0.896014
v 0.463613 0.154792 -0.131800
v 0.470576 -0.002027 -0.143859
v 0.422181 0.366751 -0.060037
v 0.766321 0.013997 -0.656105
v 0.758309 -0.002027 -0.642228
v 0.758309 0.078982 -0.642228
v 0.766321 0.062958 -0.656105
v 0.422181 2.314820 -0.060037
v 0.422181 2.616513 -0.060037
v 0.479425 2.429308 -0.159187
v 0.490384 2.660091 -0.178169
v 0.641875 2.605941 -0.440559
v 0.617379 2.721977 -0.398130
v 0.839765 2.821252 -0.783313
v 0.824082 2.874113 -0.756150
v 0.950198 3.110053 -0.974589
v 0.942671 3.128103 -0.961553
v 0.989447 3.387135 -1.042571
v 0.976798 3.384787 -1.020663
v 0.980049 3.719772 -1.026292
v 0.967395 3.717424 -1.004375
v 0.847303 4.232469 -0.796369
v 0.842140 4.239323 -0.787428
v 0.832589 4.231918 -0.770884
v 0.834965 4.239057 -0.774999
v 0.836648 4.211468 -0.777915
v 0.851329 4.212313 -0.803344
v 0.495133 0.154792 -0.107615
v 0.504979 -0.002027 -0.117461
v 0.436539 0.366751 -0.049020
v 0.923226 0.013997 -0.535708
v 0.911895 -0.002027 -0.524377
v 0.911895 0.078982 -0.524377
v 0.923226 0.062958 -0.535708
v 0.436539 2.314820 -0.049020
v 0.436539 2.616513 -0.049020
v 0.517494 2.429308 -0.129976
v 0.532992 2.660091 -0.145474
v 0.747233 2.605941 -0.359715
v 0.712590 2.721977 -0.325072
v 1.027091 2.821252 -0.639573
v 1.004912 2.874113 -0.617394
v 1.183267 3.110053 -0.795748
v 1.172623 3.128103 -0.785105
v 1.238774 3.387135 -0.851256
v 1.220886 3.384787 -0.833367
v 1.225483 3.719772 -0.837964
v 1.207588 3.717424 -0.820069
v 1.037752 4.232469 -0.650232
v 1.030451 4.239323 -0.642932
v 1.016943 4.231918 -0.629424
v 1.020303 4.239057 -0.632784
v 1.022684 4.211468 -0.635165
v 1.043446 4.212313 -0.655927
v 0.519319 0.154792 -0.076095
v 0.531378 -0.002027 -0.083057
v 0.447556 0.366751 -0.034663
v 1.043624 0.013997 -0.378803
v 1.029746 -0.002027 -0.370790
v 1.029746 0.078982 -0.370790
v 1.043624 0.062958 -0.378803
v 0.447556 2.314820 -0.034663
v 0.447556 2.616513 -0.034663
v 0.546706 2.429308 -0.091907
v 0.565687 2.660091 -0.102866
v 0.828078 2.605941 -0.254357
v 0.785648 2.721977 -0.229860
v 1.170832 2.821252 -0.452246
v 1.143668 2.874113 -0.436563
v 1.362108 3.110053 -0.562679
v 1.349071 3.128103 -0.555153
v 1.430090 3.387135 -0.601929
v 1.408181 3.384787 -0.589280
v 1.413811 3.719772 -0.592530
v 1.391894 3.717424 -0.579876
v 1.183888 4.232469 -0.459784
v 1.174947 4.239323 -0.454622
v 1.158403 4.231918 -0.445070
v 1.162518 4.239057 -0.447445
v 1.165434 4.211468 -0.449129
v 1.190862 4.212313 -0.463811
v 0.534523 0.154792 -0.039390
v 0.547973 -0.002027 -0.042994
v 0.454481 0.366751 -0.017943
v 1.119309 0.013997 -0.196083
v 1.103831 -0.002027 -0.191935
v 1.103831 0.078982 -0.191935
v 1.119309 0.062958 -0.196083
v 0.454481 2.314820 -0.017943
v 0.454481 2.616513 -0.017943
v 0.565069 2.429308 -0.047574
v 0.586240 2.660091 -0.053247
v 0.878898 2.605941 -0.131665
v 0.831575 2.721977 -0.118984
v 1.261191 2.821252 -0.234100
v 1.230894 2.874113 -0.225982
v 1.474531 3.110053 -0.291264
v 1.459991 3.128103 -0.287368
v 1.550356 3.387135 -0.311581
v 1.525919 3.384787 -0.305034
v 1.532199 3.719772 -0.306716
v 1.507754 3.717424 -0.300166
v 1.275753 4.232469 -0.238001
v 1.265780 4.239323 -0.235329
v 1.247328 4.231918 -0.230385
v 1.251917 4.239057 -0.231614
v 1.255170 4.211468 -0.232486
v 1.283532 4.212313 -0.240086
vn 0.9941 -0.1081 -0.0000
vn 0.9603 -0.1081 0.2573
vn 0.8665 -0.4418 0.2322
vn 0.8971 -0.4418 -0.0000
vn -0.9072 -0.4207 -0.0000
vn -0.8763 -0.4207 -0.2348
vn -0.9602 0.1087 -0.2573
vn -0.9941 0.1087 -0.0000
vn -0.8795 0.4759 -0.0000
vn -0.8495 0.4759 -0.2276
vn -0.9611 0.1002 -0.2575
vn -0.9950 0.1002 -0.0000
vn 0.5908 -0.8068 -0.0000
vn 0.5707 -0.8068 0.1529
vn 0.8876 -0.3944 0.2378
vn 0.9189 -0.3944 -0.0000
vn -0.9317 -0.2638 -0.2496
vn -0.9646 -0.2638 -0.0000
vn 0.9821 0.1881 -0.0000
vn 0.9487 0.1881 0.2542
vn 0.5677 0.8091 0.1521
vn 0.5877 0.8091 -0.0000
vn -0.1665 0.9860 -0.0000
vn -0.1608 0.9860 -0.0431
vn -0.2588 0.9634 -0.0694
vn -0.2680 0.9634 -0.0000
vn 0.4092 -0.9124 -0.0000
vn 0.3953 -0.9124 0.1059
vn -0.0000 -1.0000 -0.0000
vn 0.9652 0.2614 -0.0000
vn 0.9323 0.2614 0.2498
vn 0.9283 -0.3719 -0.0000
vn 0.8967 -0.3719 0.2403
vn 0.4778 -0.8785 -0.0000
vn 0.4615 -0.8785 0.1237
vn 0.9283 0.3719 -0.0000
vn 0.8967 0.3719 0.2403
vn -0.2858 0.9552 -0.0766
vn -0.2958 0.9552 -0.0000
vn 0.4621 0.8868 -0.0000
vn 0.4464 0.8868 0.1196
vn 0.8769 0.4193 0.2350
vn 0.7862 0.4193 0.4539
vn 0.8359 0.2614 0.4826
vn 0.6602 -0.7511 -0.0000
vn 0.6377 -0.7511 0.1709
vn -0.5469 0.8243 -0.1465
vn -0.5662 0.8243 -0.0000
vn 0.7855 0.6188 -0.0000
vn 0.7588 0.6188 0.2033
vn 0.9079 0.4193 -0.0000
vn 0.3025 0.9531 -0.0000
vn 0.2922 0.9531 0.0783
vn -0.0000 1.0000 -0.0000
vn -0.4495 0.8933 -0.0000
vn -0.4342 0.8933 -0.1164
vn 0.7958 -0.3944 0.4595
vn 0.8506 0.1881 0.4911
vn 0.8609 -0.1081 0.4971
vn -0.8617 0.1002 -0.4975
vn -0.8353 -0.2638 -0.4823
vn -0.1442 0.9860 -0.0832
vn -0.7856 -0.4207 -0.4536
vn 0.6420 0.4193 0.6420
vn 0.6825 0.2614 0.6825
vn 0.5116 -0.8068 0.2954
vn -0.2321 0.9634 -0.1340
vn 0.6803 0.6188 0.3928
vn 0.4138 -0.8785 0.2389
vn 0.2620 0.9531 0.1513
vn -0.2562 0.9552 -0.1479
vn 0.5090 0.8091 0.2939
vn -0.3893 0.8933 -0.2248
vn 0.5717 -0.7511 0.3301
vn 0.3544 -0.9124 0.2046
vn -0.8609 0.1087 -0.4970
vn -0.4904 0.8243 -0.2831
vn 0.8039 -0.3719 0.4641
vn 0.7769 -0.4418 0.4485
vn 0.8039 0.3719 0.4641
vn -0.7617 0.4759 -0.4397
vn 0.4002 0.8868 0.2311
vn 0.4156 0.8091 0.4156
vn 0.3268 0.8868 0.3268
vn -0.6219 0.4759 -0.6219
vn -0.7035 0.1002 -0.7035
vn 0.6498 -0.3944 0.6498
vn 0.6945 0.1881 0.6945
vn 0.7030 -0.1081 0.7030
vn -0.6821 -0.2638 -0.6821
vn -0.1177 0.9860 -0.1177
vn -0.6415 -0.4207 -0.6415
vn 0.4539 0.4193 0.7862
vn 0.4826 0.2614 0.8359
vn 0.4177 -0.8068 0.4177
vn -0.1895 0.9634 -0.1895
vn 0.5555 0.6188 0.5555
vn 0.3378 -0.8785 0.3378
vn 0.2139 0.9531 0.2139
vn -0.2092 0.9552 -0.2092
vn -0.3179 0.8933 -0.3179
vn 0.4668 -0.7511 0.4668
vn 0.2894 -0.9124 0.2894
vn -0.7029 0.1087 -0.7029
vn -0.4004 0.8243 -0.4004
vn 0.6564 -0.3719 0.6564
vn 0.6343 -0.4418 0.6343
vn 0.6564 0.3719 0.6564
vn 0.2311 0.8868 0.4002
vn 0.4641 0.3719 0.8039
vn 0.4971 -0.1081 0.8609
vn 0.4485 -0.4418 0.7769
vn 0.2939 0.8091 0.5090
vn -0.4397 0.4759 -0.7617
vn -0.4975 0.1002 -0.8617
vn 0.4595 -0.3944 0.7958
vn 0.4911 0.1881 0.8506
vn -0.4823 -0.2638 -0.8353
vn -0.0832 0.9860 -0.1442
vn -0.4536 -0.4207 -0.7856
vn 0.2498 0.2614 0.9323
vn 0.2350 0.4193 0.8769
vn 0.2954 -0.8068 0.5116
vn -0.1340 0.9634 -0.2321
vn 0.3928 0.6188 0.6803
vn 0.2389 -0.8785 0.4138
vn 0.1513 0.9531 0.2620
vn -0.1479 0.9552 -0.2562
vn -0.2248 0.8933 -0.3893
vn 0.3301 -0.7511 0.5717
vn 0.2046 -0.9124 0.3544
vn -0.4970 0.1087 -0.8609
vn -0.2831 0.8243 -0.4904
vn 0.4641 -0.3719 0.8039
vn 0.2403 0.3719 0.8967
vn 0.2403 -0.3719 0.8967
vn -0.2496 -0.2638 -0.9317
vn -0.2348 -0.4207 -0.8763
vn -0.1465 0.8243 -0.5469
vn -0.2276 0.4759 -0.8495
vn 0.1196 0.8868 0.4464
vn 0.2573 -0.1081 0.9603
vn 0.2322 -0.4418 0.8665
vn 0.1521 0.8091 0.5677
vn -0.2575 0.1002 -0.9611
vn 0.2378 -0.3944 0.8876
vn 0.2542 0.1881 0.9487
vn -0.0431 0.9860 -0.1608
vn -0.0000 0.2614 0.9652
vn -0.0000 0.4193 0.9079
vn 0.1529 -0.8068 0.5706
vn -0.0694 0.9634 -0.2588
vn 0.2033 0.6188 0.7588
vn 0.1237 -0.8785 0.4615
vn 0.0783 0.9531 0.2922
vn -0.0766 0.9552 -0.2858
vn -0.1164 0.8933 -0.4342
vn 0.1709 -0.7511 0.6377
vn 0.1059 -0.9124 0.3953
vn -0.2573 0.1087 -0.9602
vn -0.0000 -0.3719 0.9283
vn -0.0000 -0.9124 0.4092
vn -0.0000 -0.4207 -0.9072
vn -0.0000 0.1087 -0.9941
vn -0.0000 -0.4418 0.8971
vn -0.0000 -0.7511 0.6602
vn -0.0000 0.3719 0.9283
vn -0.0000 -0.2638 -0.9646
vn -0.0000 0.8243 -0.5662
vn -0.0000 0.4759 -0.8795
vn -0.0000 0.8868 0.4621
vn -0.0000 -0.1081 0.9941
vn -0.0000 0.8091 0.5877
vn -0.0000 0.1002 -0.9950
vn -0.0000 -0.3944 0.9189
vn -0.0000 0.1881 0.9821
vn -0.0000 0.9860 -0.1665
vn -0.2498 0.2614 0.9323
vn -0.2350 0.4193 0.8769
vn -0.0000 -0.8068 0.5908
vn -0.0000 0.9634 -0.2680
vn -0.0000 0.6188 0.7855
vn -0.0000 -0.8785 0.4778
vn -0.0000 0.9531 0.3025
vn -0.0000 0.9552 -0.2958
vn -0.0000 0.8933 -0.4495
vn -0.1059 -0.9124 0.3953
vn 0.2573 0.1087 -0.9602
vn 0.1163 0.8933 -0.4342
vn 0.0766 0.9552 -0.2858
vn 0.1465 0.8243 -0.5469
vn -0.2403 -0.3719 0.8967
vn 0.2348 -0.4207 -0.8763
vn -0.2322 -0.4418 0.8665
vn -0.1709 -0.7511 0.6377
vn -0.2403 0.3719 0.8967
vn 0.2496 -0.2638 -0.9317
vn 0.2276 0.4759 -0.8495
vn -0.1196 0.8868 0.4464
vn -0.2573 -0.1081 0.9603
vn -0.1521 0.8091 0.5677
vn 0.2575 0.1002 -0.9611
vn -0.2378 -0.3944 0.8876
vn -0.2542 0.1881 0.9487
vn 0.0431 0.9860 -0.1608
vn -0.4826 0.2614 0.8359
vn -0.4539 0.4193 0.7862
vn -0.1529 -0.8068 0.5706
vn 0.0694 0.9634 -0.2588
vn -0.2033 0.6188 0.7588
vn -0.1237 -0.8785 0.4615
vn -0.0783 0.9531 0.2922
vn -0.4911 0.1881 0.8506
vn -0.2939 0.8091 0.5090
vn 0.2248 0.8933 -0.3893
vn -0.1513 0.9531 0.2620
vn -0.3301 -0.7511 0.5717
vn -0.2389 -0.8785 0.4138
vn -0.2046 -0.9124 0.3544
vn 0.4970 0.1087 -0.8609
vn 0.1479 0.9552 -0.2562
vn 0.2831 0.8243 -0.4904
vn -0.4641 -0.3719 0.8039
vn 0.4536 -0.4207 -0.7856
vn -0.4485 -0.4418 0.7769
vn -0.4641 0.3719 0.8039
vn 0.4823 -0.2638 -0.8353
vn 0.4397 0.4759 -0.7617
vn -0.2311 0.8868 0.4002
vn -0.4971 -0.1081 0.8609
vn 0.4975 0.1002 -0.8617
vn -0.4595 -0.3944 0.7958
vn 0.0832 0.9860 -0.1442
vn -0.6825 0.2614 0.6825
vn -0.6420 0.4193 0.6420
vn -0.2954 -0.8068 0.5116
vn 0.1340 0.9634 -0.2321
vn -0.3928 0.6188 0.6803
vn -0.2139 0.9531 0.2139
vn -0.5555 0.6188 0.5555
vn 0.1895 0.9634 -0.1895
vn 0.2092 0.9552 -0.2092
vn -0.6945 0.1881 0.6945
vn -0.4156 0.8091 0.4156
vn 0.3179 0.8933 -0.3179
vn -0.4668 -0.7511 0.4668
vn -0.3378 -0.8785 0.3378
vn -0.2894 -0.9124 0.2894
vn 0.7029 0.1087 -0.7029
vn 0.4004 0.8243 -0.4004
vn -0.6564 -0.3719 0.6564
vn 0.6415 -0.4207 -0.6415
vn -0.6343 -0.4418 0.6343
vn -0.6564 0.3719 0.6564
vn 0.6821 -0.2638 -0.6821
vn 0.6219 0.4759 -0.6219
vn -0.3268 0.8868 0.3268
vn -0.7030 -0.1081 0.7030
vn 0.7035 0.1002 -0.7035
vn -0.6498 -0.3944 0.6498
vn 0.1177 0.9860 -0.1177
vn -0.8359 0.2614 0.4826
vn -0.7862 0.4193 0.4539
vn -0.4177 -0.8068 0.4177
vn -0.6803 0.6188 0.3928
vn -0.4138 -0.8785 0.2389
vn -0.5116 -0.8068 0.2954
vn -0.2620 0.9531 0.1513
vn 0.2321 0.9634 -0.1340
vn 0.2562 0.9552 -0.1479
vn -0.8506 0.1881 0.4911
vn -0.5090 0.8091 0.2939
vn 0.3893 0.8933 -0.2248
vn -0.5717 -0.7511 0.3301
vn -0.3544 -0.9124 0.2046
vn 0.8609 0.1087 -0.4970
vn 0.4904 0.8243 -0.2831
vn -0.8039 -0.3719 0.4641
vn 0.7856 -0.4207 -0.4536
vn -0.7769 -0.4418 0.4485
vn -0.8039 0.3719 0.4641
vn 0.8353 -0.2638 -0.4823
vn 0.7617 0.4759 -0.4397
vn -0.4002 0.8868 0.2311
vn -0.8609 -0.1081 0.4971
vn 0.8617 0.1002 -0.4975
vn -0.7958 -0.3944 0.4595
vn 0.1442 0.9860 -0.0832
vn 0.9317 -0.2638 -0.2496
vn 0.8763 -0.4207 -0.2348
vn -0.9323 0.2614 0.2498
vn -0.8769 0.4193 0.2350
vn 0.1608 0.9860 -0.0431
vn 0.2588 0.9634 -0.0694
vn -0.7588 0.6188 0.2033
vn -0.4615 -0.8785 0.1237
vn -0.5706 -0.8068 0.1529
vn -0.2922 0.9531 0.0783
vn 0.2858 0.9552 -0.0766
vn -0.9487 0.1881 0.2542
vn -0.5677 0.8091 0.1521
vn 0.4342 0.8933 -0.1164
vn -0.6377 -0.7511 0.1709
vn -0.3953 -0.9124 0.1059
vn 0.9602 0.1087 -0.2573
vn 0.5469 0.8243 -0.1465
vn -0.8967 -0.3719 0.2403
vn -0.8665 -0.4418 0.2322
vn -0.8967 0.3719 0.2403
vn 0.9646 -0.2638 -0.0000
vn 0.9072 -0.4207 -0.0000
vn 0.8495 0.4759 -0.2276
vn -0.4464 0.8868 0.1196
vn -0.9603 -0.1081 0.2573
vn 0.9611 0.1002 -0.2575
vn -0.8876 -0.3944 0.2378
vn -0.9652 0.2614 -0.0000
vn -0.9079 0.4193 -0.0000
vn -0.5908 -0.8068 -0.0000
vn -0.9189 -0.3944 -0.0000
vn 0.1665 0.9860 -0.0000
vn 0.2680 0.9634 -0.0000
vn -0.7855 0.6188 -0.0000
vn -0.4778 -0.8785 -0.0000
vn -0.3025 0.9531 -0.0000
vn 0.2958 0.9552 -0.0000
vn -0.9821 0.1881 -0.0000
vn -0.5877 0.8091 -0.0000
vn 0.4495 0.8933 -0.0000
vn -0.6602 -0.7511 -0.0000
vn -0.4092 -0.9124 -0.0000
vn 0.9941 0.1087 -0.0000
vn 0.5662 0.8243 -0.0000
vn -0.9283 -0.3719 -0.0000
vn -0.8971 -0.4418 -0.0000
vn -0.9283 0.3719 -0.0000
vn -0.8769 0.4193 -0.2350
vn -0.9323 0.2614 -0.2498
vn 0.8795 0.4759 -0.0000
vn -0.4621 0.8868 -0.0000
vn -0.9941 -0.1081 -0.0000
vn 0.9950 0.1002 -0.0000
vn 0.9317 -0.2638 0.2496
vn 0.8763 -0.4207 0.2348
vn -0.7862 0.4193 -0.4539
vn -0.8359 0.2614 -0.4826
vn -0.5707 -0.8068 -0.1529
vn -0.8876 -0.3944 -0.2378
vn 0.1608 0.9860 0.0431
vn 0.2588 0.9634 0.0694
vn -0.7588 0.6188 -0.2033
vn -0.4615 -0.8785 -0.1237
vn -0.2922 0.9531 -0.0783
vn 0.2858 0.9552 0.0766
vn -0.9487 0.1881 -0.2542
vn -0.5677 0.8091 -0.1521
vn 0.4342 0.8933 0.1164
vn -0.6377 -0.7511 -0.1709
vn -0.3953 -0.9124 -0.1059
vn 0.9602 0.1087 0.2573
vn 0.5469 0.8243 0.1465
vn -0.8967 -0.3719 -0.2403
vn -0.8665 -0.4418 -0.2322
vn -0.8967 0.3719 -0.2403
vn 0.8495 0.4759 0.2276
vn -0.4464 0.8868 -0.1196
vn -0.9603 -0.1081 -0.2573
vn 0.9611 0.1002 0.2575
vn 0.8617 0.1002 0.4975
vn 0.8353 -0.2638 0.4823
vn 0.1442 0.9860 0.0832
vn 0.7856 -0.4207 0.4536
vn -0.6420 0.4193 -0.6420
vn -0.6825 0.2614 -0.6825
vn -0.5116 -0.8068 -0.2954
vn -0.7958 -0.3944 -0.4595
vn 0.2321 0.9634 0.1340
vn -0.6803 0.6188 -0.3928
vn -0.4138 -0.8785 -0.2389
vn -0.2620 0.9531 -0.1513
vn 0.2562 0.9552 0.1479
vn -0.8506 0.1881 -0.4911
vn -0.5090 0.8091 -0.2939
vn 0.3893 0.8933 0.2248
vn -0.5717 -0.7511 -0.3301
vn -0.3544 -0.9124 -0.2046
vn 0.8609 0.1087 0.4970
vn 0.4904 0.8243 0.2831
vn -0.8039 -0.3719 -0.4641
vn -0.7769 -0.4418 -0.4485
vn -0.8039 0.3719 -0.4641
vn 0.7617 0.4759 0.4397
vn -0.4002 0.8868 -0.2311
vn -0.8609 -0.1081 -0.4971
vn -0.7030 -0.1081 -0.7030
vn 0.7035 0.1002 0.7035
vn 0.6821 -0.2638 0.6821
vn 0.1177 0.9860 0.1177
vn 0.6415 -0.4207 0.6415
vn -0.4539 0.4193 -0.7862
vn -0.4826 0.2614 -0.8359
vn -0.4177 -0.8068 -0.4177
vn -0.6498 -0.3944 -0.6498
vn 0.1895 0.9634 0.1895
vn -0.5555 0.6188 -0.5555
vn -0.3378 -0.8785 -0.3378
vn -0.2139 0.9531 -0.2139
vn 0.2092 0.9552 0.2092
vn -0.6945 0.1881 -0.6945
vn -0.4156 0.8091 -0.4156
vn 0.3179 0.8933 0.3179
vn -0.4668 -0.7511 -0.4668
vn -0.2894 -0.9124 -0.2894
vn 0.7029 0.1087 0.7029
vn 0.4004 0.8243 0.4004
vn -0.6564 -0.3719 -0.6564
vn -0.6343 -0.4418 -0.6343
vn -0.6564 0.3719 -0.6564
vn 0.6219 0.4759 0.6219
vn -0.3268 0.8868 -0.3268
vn 0.4397 0.4759 0.7617
vn 0.4975 0.1002 0.8617
vn -0.4595 -0.3944 -0.7958
vn -0.4911 0.1881 -0.8506
vn -0.4971 -0.1081 -0.8609
vn 0.4823 -0.2638 0.8353
vn 0.0832 0.9860 0.1442
vn 0.4536 -0.4207 0.7856
vn -0.2350 0.4193 -0.8769
vn -0.2498 0.2614 -0.9323
vn -0.2954 -0.8068 -0.5116
vn 0.1340 0.9634 0.2321
vn -0.3928 0.6188 -0.6803
vn -0.2389 -0.8785 -0.4138
vn -0.1513 0.9531 -0.2620
vn 0.1479 0.9552 0.2562
vn -0.2939 0.8091 -0.5090
vn 0.2248 0.8933 0.3893
vn -0.3301 -0.7511 -0.5717
vn -0.2046 -0.9124 -0.3544
vn 0.4970 0.1087 0.8609
vn 0.2831 0.8243 0.4904
vn -0.4641 -0.3719 -0.8039
vn -0.4485 -0.4418 -0.7769
vn -0.4641 0.3719 -0.8039
vn -0.2311 0.8868 -0.4002
vn -0.2573 -0.1081 -0.9603
vn -0.2322 -0.4418 -0.8665
vn -0.1521 0.8091 -0.5677
vn -0.1196 0.8868 -0.4464
vn 0.2276 0.4759 0.8495
vn 0.2575 0.1002 0.9611
vn -0.2378 -0.3944 -0.8876
vn -0.2542 0.1881 -0.9487
vn 0.2496 -0.2638 0.9317
vn 0.0431 0.9860 0.1608
vn 0.2348 -0.4208 0.8763
vn -0.0000 0.2614 -0.9652
vn -0.0000 0.4193 -0.9079
vn -0.1529 -0.8068 -0.5706
vn 0.0694 0.9634 0.2588
vn -0.2033 0.6188 -0.7588
vn -0.1237 -0.8785 -0.4615
vn -0.0783 0.9531 -0.2922
vn 0.0766 0.9552 0.2858
vn 0.1163 0.8933 0.4342
vn -0.1709 -0.7511 -0.6377
vn -0.1059 -0.9124 -0.3953
vn 0.2573 0.1087 0.9602
vn 0.1465 0.8243 0.5469
vn -0.2403 -0.3719 -0.8967
vn -0.2403 0.3719 -0.8967
vn -0.0000 -0.2638 0.9646
vn -0.0000 -0.4207 0.9072
vn -0.0000 0.8243 0.5662
vn -0.0000 0.4759 0.8795
vn -0.0000 0.8868 -0.4621
vn -0.0000 0.3719 -0.9283
vn -0.0000 -0.1081 -0.9941
vn -0.0000 -0.4418 -0.8971
vn -0.0000 0.8091 -0.5877
vn -0.0000 0.1002 0.9950
vn -0.0000 -0.3944 -0.9189
vn -0.0000 0.1881 -0.9821
vn -0.0000 0.9860 0.1665
vn 0.2498 0.2614 -0.9323
vn 0.2350 0.4193 -0.8769
vn -0.0000 -0.8068 -0.5908
vn -0.0000 0.9634 0.2680
vn -0.0000 0.6188 -0.7855
vn -0.0000 -0.8785 -0.4778
vn -0.0000 0.9531 -0.3025
vn -0.0000 0.9552 0.2958
vn -0.0000 0.8933 0.4495
vn -0.0000 -0.7511 -0.6602
vn -0.0000 -0.9124 -0.4092
vn -0.0000 0.1087 0.9941
vn -0.0000 -0.3719 -0.9283
vn -0.2348 -0.4207 0.8763
vn -0.2573 0.1087 0.9602
vn 0.2322 -0.4418 -0.8665
vn 0.1709 -0.7511 -0.6377
vn 0.2403 0.3719 -0.8967
vn 0.2403 -0.3719 -0.8967
vn -0.2496 -0.2638 0.9317
vn -0.1465 0.8243 0.5469
vn -0.2276 0.4759 0.8495
vn 0.1196 0.8868 -0.4464
vn 0.2573 -0.1081 -0.9603
vn 0.1521 0.8091 -0.5677
vn -0.2575 0.1002 0.9611
vn 0.2378 -0.3944 -0.8876
vn 0.2542 0.1881 -0.9487
vn -0.0431 0.9860 0.1608
vn 0.4826 0.2614 -0.8359
vn 0.4539 0.4193 -0.7862
vn 0.1529 -0.8068 -0.5706
vn -0.0694 0.9634 0.2588
vn 0.2033 0.6188 -0.7588
vn 0.1237 -0.8785 -0.4615
vn 0.0783 0.9531 -0.2922
vn -0.0766 0.9552 0.2858
vn -0.1164 0.8933 0.4342
vn 0.1059 -0.9124 -0.3953
vn -0.4970 0.1087 0.8609
vn -0.2248 0.8933 0.3893
vn -0.1479 0.9552 0.2562
vn -0.2831 0.8243 0.4904
vn 0.4641 -0.3719 -0.8039
vn 0.2046 -0.9124 -0.3544
vn -0.4536 -0.4207 0.7856
vn 0.4485 -0.4418 -0.7769
vn 0.3301 -0.7511 -0.5717
vn 0.4641 0.3719 -0.8039
vn -0.4823 -0.2638 0.8353
vn -0.4397 0.4759 0.7617
vn 0.2311 0.8868 -0.4002
vn 0.4971 -0.1081 -0.8609
vn 0.2939 0.8091 -0.5090
vn -0.4975 0.1002 0.8617
vn 0.4595 -0.3944 -0.7958
vn 0.4911 0.1881 -0.8506
vn -0.0832 0.9860 0.1442
vn 0.6825 0.2614 -0.6825
vn 0.6420 0.4193 -0.6420
vn 0.2954 -0.8068 -0.5116
vn -0.1340 0.9634 0.2321
vn 0.3928 0.6188 -0.6803
vn 0.2389 -0.8785 -0.4138
vn 0.1513 0.9531 -0.2620
vn -0.3179 0.8933 0.3179
vn 0.2139 0.9531 -0.2139
vn 0.4668 -0.7511 -0.4668
vn 0.3378 -0.8785 -0.3378
vn 0.2894 -0.9124 -0.2894
vn -0.7029 0.1087 0.7029
vn -0.2092 0.9552 0.2092
vn -0.4004 0.8243 0.4004
vn 0.6564 -0.3719 -0.6564
vn -0.6415 -0.4207 0.6415
vn 0.6343 -0.4418 -0.6343
vn 0.6564 0.3719 -0.6564
vn -0.6821 -0.2638 0.6821
vn -0.6219 0.4759 0.6219
vn 0.3268 0.8868 -0.3268
vn 0.7030 -0.1081 -0.7030
vn 0.4156 0.8091 -0.4156
vn -0.7035 0.1002 0.7035
vn 0.6498 -0.3944 -0.6498
vn 0.6945 0.1881 -0.6945
vn -0.1177 0.9860 0.1177
vn 0.8359 0.2614 -0.4826
vn 0.7862 0.4193 -0.4539
vn 0.4177 -0.8068 -0.4177
vn -0.1895 0.9634 0.1895
vn 0.5555 0.6188 -0.5555
vn 0.2620 0.9531 -0.1513
vn 0.6803 0.6188 -0.3928
vn -0.2321 0.9634 0.1340
vn -0.2562 0.9552 0.1479
vn 0.8506 0.1881 -0.4911
vn 0.5090 0.8091 -0.2939
vn -0.3893 0.8933 0.2248
vn 0.5717 -0.7511 -0.3301
vn 0.4138 -0.8785 -0.2389
vn 0.3544 -0.9124 -0.2046
vn -0.8609 0.1087 0.4970
vn -0.4904 0.8243 0.2831
vn 0.8039 -0.3719 -0.4641
vn -0.7856 -0.4208 0.4536
vn 0.7769 -0.4418 -0.4485
vn 0.8039 0.3719 -0.4641
vn -0.8353 -0.2638 0.4823
vn -0.7617 0.4759 0.4397
vn 0.4002 0.8868 -0.2311
vn 0.8609 -0.1081 -0.4971
vn -0.8617 0.1002 0.4975
vn 0.7958 -0.3944 -0.4595
vn -0.1442 0.9860 0.0832
vn 0.9323 0.2614 -0.2498
vn 0.8769 0.4193 -0.2350
vn 0.5116 -0.8068 -0.2954
vn 0.7588 0.6188 -0.2033
vn 0.4615 -0.8785 -0.1237
vn 0.5706 -0.8068 -0.1529
vn 0.2922 0.9531 -0.0783
vn -0.2588 0.9634 0.0694
vn -0.2858 0.9552 0.0766
vn 0.9487 0.1881 -0.2542
vn 0.5677 0.8091 -0.1521
vn -0.4342 0.8933 0.1163
vn 0.6377 -0.7511 -0.1709
vn 0.3953 -0.9124 -0.1059
vn -0.9602 0.1087 0.2573
vn -0.5469 0.8243 0.1465
vn 0.8967 -0.3719 -0.2403
vn -0.8763 -0.4208 0.2348
vn 0.8665 -0.4418 -0.2322
vn 0.8967 0.3719 -0.2403
vn -0.9317 -0.2638 0.2496
vn -0.8495 0.4759 0.2276
vn 0.4464 0.8868 -0.1196
vn 0.9603 -0.1081 -0.2573
vn -0.9611 0.1002 0.2575
vn 0.8876 -0.3944 -0.2378
vn -0.1608 0.9860 0.0431
vt 0.609631 1.000000
vt 0.609631 0.000000
vt 0.609631 1.000000
vt 1.000000 0.197806
vt 0.989425 0.000000
vt 0.989425 1.000000
vt 1.000000 0.802194
vt 0.609631 1.000000
vt 0.609631 1.000000
vt 0.609631 1.000000
vt 0.609631 1.000000
vt 0.609631 1.000000
vt 0.609631 1.000000
vt 0.609631 1.000000
vt 0.609631 1.000000
vt 0.609631 1.000000
vt 0.609631 1.000000
vt 0.609631 1.000000
vt 0.609631 1.000000
vt 0.609631 1.000000
vt 0.609631 1.000000
vt 0.609631 1.000000
vt 0.609631 1.000000
vt 0.609631 1.000000
vt 0.609631 1.000000
vt 0.609631 1.000000
vt 0.609631 1.000000
vt 0.609631 1.000000
vt 0.609631 0.000000
vt 0.609631 1.000000
vt 1.000000 0.197806
vt 0.989425 0.000000
vt 0.989425 1.000000
vt 1.000000 0.802194
vt 0.609631 1.000000
vt 0.609631 1.000000
vt 0.609631 1.000000
vt 0.609631 1.000000
vt 0.609631 1.000000
vt 0.609631 1.000000
vt 0.609631 1.000000
vt 0.609631 1.000000
vt 0.609631 1.000000
vt 0.609631 1.000000
vt 0.609631 1.000000
vt 0.609631 1.000000
vt 0.609631 1.000000
vt 0.609631 1.000000
vt 0.609631 1.000000
vt 0.609631 1.000000
vt 0.609631 1.000000
vt 0.609631 1.000000
vt 0.609631 1.000000
vt 0.609631 1.000000
vt 0.609631 1.000000
vt 0.609631 0.000000
vt 0.609631 1.000000
vt 1.000000 0.197806
vt 0.989425 0.000000
vt 0.989425 1.000000
vt 1.000000 0.802194
vt 0.609631 1.000000
vt 0.609631 1.000000
vt 0.609631 1.000000
vt 0.609631 1.000000
vt 0.609631 1.000000
vt 0.609631 1.000000
vt 0.609631 1.000000
vt 0.609631 1.000000
vt 0.609631 1.000000
vt 0.609631 1.000000
vt 0.609631 1.000000
vt 0.609631 1.000000
vt 0.609631 1.000000
vt 0.609631 1.000000
vt 0.609631 1.000000
vt 0.609631 1.000000
vt 0.609631 1.000000
vt 0.609631 1.000000
vt 0.609631 1.000000
vt 0.609631 1.000000
vt 0.609631 1.000000
vt 0.609631 0.000000
vt 0.609631 1.000000
vt 1.000000 0.197806
vt 0.989425 0.000000
vt 0.989425 1.000000
vt 1.000000 0.802194
vt 0.609631 1.000000
vt 0.609631 1.000000
vt 0.609631 1.000000
vt 0.609631 1.000000
vt 0.609631 1.000000
vt 0.609631 1.000000
vt 0.609631 1.000000
vt 0.609631 1.000000
vt 0.609631 1.000000
vt 0.609631 1.000000
vt 0.609631 1.000000
vt 0.609631 1.000000
vt 0.609631 1.000000
vt 0.609631 1.000000
vt 0.609631 1.000000
vt 0.609631 1.000000
vt 0.609631 1.000000
vt 0.609631 1.000000
vt 0.609631 1.000000
vt 0.609631 1.000000
vt 0.609631 1.000000
vt 0.609631 0.000000
vt 0.609631 1.000000
vt 1.000000 0.197806
vt 0.989425 0.000000
vt 0.989425 1.000000
vt 1.000000 0.802194
vt 0.609631 1.000000
vt 0.609631 1.000000
vt 0.500000 1.000000
vt 0.609631 1.000000
vt 0.609631 1.000000
vt 0.609631 1.000000
vt 0.609631 1.000000
vt 0.609631 1.000000
vt 0.609631 1.000000
vt 0.609631 1.000000
vt 0.609631 1.000000
vt 0.609631 1.000000
vt 0.609631 1.000000
vt 0.609631 1.000000
vt 0.609631 1.000000
vt 0.609631 1.000000
vt 0.609631 1.000000
vt 0.609631 1.000000
vt 0.609631 1.000000
vt 0.609631 1.000000
vt 0.609631 1.000000
vt 0.609631 1.000000
vt 0.609631 0.000000
vt 0.500000 0.000000
vt 0.609631 1.000000
vt 1.000000 0.197806
vt 0.989425 0.000000
vt 0.989425 1.000000
vt 1.000000 0.802194
vt 0.609631 1.000000
vt 0.609631 1.000000
vt 0.609631 1.000000
vt 0.609631 1.000000
vt 0.609631 1.000000
vt 0.609631 1.000000
vt 0.609631 1.000000
vt 0.609631 1.000000
vt 0.609631 1.000000
vt 0.609631 1.000000
vt 0.609631 1.000000
vt 0.609631 1.000000
vt 0.609631 1.000000
vt 0.609631 1.000000
vt 0.609631 1.000000
vt 0.609631 1.000000
vt 0.609631 1.000000
vt 0.609631 1.000000
vt 0.609631 1.000000
vt 0.609631 1.000000
vt 0.609631 1.000000
vt 0.609631 0.000000
vt 0.609631 1.000000
vt 1.000000 0.197806
vt 0.989425 0.000000
vt 0.989425 1.000000
vt 1.000000 0.802194
vt 0.609631 1.000000
vt 0.609631 1.000000
vt 0.609631 1.000000
vt 0.609631 1.000000
vt 0.609631 1.000000
vt 0.609631 1.000000
vt 0.609631 1.000000
vt 0.609631 1.000000
vt 0.609631 1.000000
vt 0.609631 1.000000
vt 0.609631 1.000000
vt 0.609631 1.000000
vt 0.609631 1.000000
vt 0.609631 1.000000
vt 0.609631 1.000000
vt 0.609631 1.000000
vt 0.609631 1.000000
vt 0.609631 1.000000
vt 0.609631 1.000000
vt 0.609631 1.000000
vt 0.609631 1.000000
vt 0.609631 0.000000
vt 0.609631 1.000000
vt 1.000000 0.197806
vt 0.989425 0.000000
vt 0.989425 1.000000
vt 1.000000 0.802194
vt 0.609631 1.000000
vt 0.609631 1.000000
vt 0.609631 1.000000
vt 0.609631 1.000000
vt 0.609631 1.000000
vt 0.609631 1.000000
vt 0.609631 1.000000
vt 0.609631 1.000000
vt 0.609631 1.000000
vt 0.609631 1.000000
vt 0.609631 1.000000
vt 0.609631 1.000000
vt 0.609631 1.000000
vt 0.609631 1.000000
vt 0.609631 1.000000
vt 0.609631 1.000000
vt 0.609631 1.000000
vt 0.609631 1.000000
vt 0.609631 1.000000
vt 0.609631 1.000000
vt 0.609631 1.000000
vt 0.609631 0.000000
vt 0.609631 1.000000
vt 1.000000 0.197806
vt 0.989425 0.000000
vt 0.989425 1.000000
vt 1.000000 0.802194
vt 0.609631 1.000000
vt 0.609631 1.000000
vt 0.609631 1.000000
vt 0.609631 1.000000
vt 0.609631 1.000000
vt 0.609631 1.000000
vt 0.609631 1.000000
vt 0.609631 1.000000
vt 0.609631 1.000000
vt 0.609631 1.000000
vt 0.609631 1.000000
vt 0.609631 1.000000
vt 0.609631 1.000000
vt 0.609631 1.000000
vt 0.609631 1.000000
vt 0.609631 1.000000
vt 0.609631 1.000000
vt 0.609631 1.000000
vt 0.609631 1.000000
vt 0.609631 1.000000
vt 0.609631 1.000000
vt 0.609631 0.000000
vt 0.609631 1.000000
vt 1.000000 0.197806
vt 0.989425 0.000000
vt 0.989425 1.000000
vt 1.000000 0.802194
vt 0.609631 1.000000
vt 0.609631 1.000000
vt 0.609631 1.000000
vt 0.609631 1.000000
vt 0.609631 1.000000
vt 0.609631 1.000000
vt 0.609631 1.000000
vt 0.609631 1.000000
vt 0.609631 1.000000
vt 0.609631 1.000000
vt 0.609631 1.000000
vt 0.609631 1.000000
vt 0.609631 1.000000
vt 0.609631 1.000000
vt 0.609631 1.000000
vt 0.609631 1.000000
vt 0.609631 1.000000
vt 0.609631 1.000000
vt 0.609631 1.000000
vt 0.609631 1.000000
vt 0.609631 1.000000
vt 0.609631 0.000000
vt 0.609631 1.000000
vt 1.000000 0.197806
vt 0.989425 0.000000
vt 0.989425 1.000000
vt 1.000000 0.802194
vt 0.609631 1.000000
vt 0.609631 1.000000
vt 0.609631 1.000000
vt 0.609631 1.000000
vt 0.609631 1.000000
vt 0.609631 1.000000
vt 0.609631 1.000000
vt 0.609631 1.000000
vt 0.609631 1.000000
vt 0.609631 1.000000
vt 0.609631 1.000000
vt 0.609631 1.000000
vt 0.609631 1.000000
vt 0.609631 1.000000
vt 0.609631 1.000000
vt 0.609631 1.000000
vt 0.609631 1.000000
vt 0.609631 1.000000
vt 0.609631 1.000000
vt 0.609631 1.000000
vt 0.609631 1.000000
vt 0.609631 0.000000
vt 0.609631 1.000000
vt 1.000000 0.197806
vt 0.989425 0.000000
vt 0.989425 1.000000
vt 1.000000 0.802194
vt 0.609631 1.000000
vt 0.609631 1.000000
vt 0.609631 1.000000
vt 0.609631 1.000000
vt 0.609631 1.000000
vt 0.609631 1.000000
vt 0.609631 1.000000
vt 0.609631 1.000000
vt 0.609631 1.000000
vt 0.609631 1.000000
vt 0.609631 1.000000
vt 0.609631 1.000000
vt 0.609631 1.000000
vt 0.609631 1.000000
vt 0.609631 1.000000
vt 0.609631 1.000000
vt 0.609631 1.000000
vt 0.609631 1.000000
vt 0.609631 1.000000
vt 0.609631 1.000000
vt 0.609631 1.000000
vt 0.609631 0.000000
vt 0.609631 1.000000
vt 1.000000 0.197806
vt 0.989425 0.000000
vt 0.989425 1.000000
vt 1.000000 0.802194
vt 0.609631 1.000000
vt 0.609631 1.000000
vt 0.609631 1.000000
vt 0.609631 1.000000
vt 0.609631 1.000000
vt 0.609631 1.000000
vt 0.609631 1.000000
vt 0.609631 1.000000
vt 0.609631 1.000000
vt 0.609631 1.000000
vt 0.609631 1.000000
vt 0.609631 1.000000
vt 0.609631 1.000000
vt 0.609631 1.000000
vt 0.609631 1.000000
vt 0.609631 1.000000
vt 0.609631 1.000000
vt 0.609631 1.000000
vt 0.609631 1.000000
vt 0.609631 1.000000
vt 0.609631 1.000000
vt 0.609631 0.000000
vt 0.609631 1.000000
vt 1.000000 0.197806
vt 0.989425 0.000000
vt 0.989425 1.000000
vt 1.000000 0.802194
vt 0.609631 1.000000
vt 0.609631 1.000000
vt 0.609631 1.000000
vt 0.609631 1.000000
vt 0.609631 1.000000
vt 0.609631 1.000000
vt 0.609631 1.000000
vt 0.609631 1.000000
vt 0.609631 1.000000
vt 0.609631 1.000000
vt 0.609631 1.000000
vt 0.609631 1.000000
vt 0.609631 1.000000
vt 0.609631 1.000000
vt 0.609631 1.000000
vt 0.609631 1.000000
vt 0.609631 1.000000
vt 0.609631 1.000000
vt 0.609631 1.000000
vt 0.609631 1.000000
vt 0.609631 1.000000
vt 0.609631 0.000000
vt 0.609631 1.000000
vt 1.000000 0.197806
vt 0.989425 0.000000
vt 0.989425 1.000000
vt 1.000000 0.802194
vt 0.609631 1.000000
vt 0.609631 1.000000
vt 0.609631 1.000000
vt 0.609631 1.000000
vt 0.609631 1.000000
vt 0.609631 1.000000
vt 0.609631 1.000000
vt 0.609631 1.000000
vt 0.609631 1.000000
vt 0.609631 1.000000
vt 0.609631 1.000000
vt 0.609631 1.000000
vt 0.609631 1.000000
vt 0.609631 1.000000
vt 0.609631 1.000000
vt 0.609631 1.000000
vt 0.609631 1.000000
vt 0.609631 1.000000
vt 0.609631 1.000000
vt 0.609631 1.000000
vt 0.609631 1.000000
vt 0.609631 0.000000
vt 0.609631 1.000000
vt 1.000000 0.197806
vt 0.989425 0.000000
vt 0.989425 1.000000
vt 1.000000 0.802194
vt 0.609631 1.000000
vt 0.609631 1.000000
vt 0.609631 1.000000
vt 0.609631 1.000000
vt 0.609631 1.000000
vt 0.609631 1.000000
vt 0.609631 1.000000
vt 0.609631 1.000000
vt 0.609631 1.000000
vt 0.609631 1.000000
vt 0.609631 1.000000
vt 0.609631 1.000000
vt 0.609631 1.000000
vt 0.609631 1.000000
vt 0.609631 1.000000
vt 0.609631 1.000000
vt 0.609631 1.000000
vt 0.609631 1.000000
vt 0.609631 1.000000
vt 0.609631 1.000000
vt 0.609631 1.000000
vt 0.609631 0.000000
vt 0.609631 1.000000
vt 1.000000 0.197806
vt 0.989425 0.000000
vt 0.989425 1.000000
vt 1.000000 0.802194
vt 0.609631 1.000000
vt 0.609631 1.000000
vt 0.609631 1.000000
vt 0.609631 1.000000
vt 0.609631 1.000000
vt 0.609631 1.000000
vt 0.609631 1.000000
vt 0.609631 1.000000
vt 0.609631 1.000000
vt 0.609631 1.000000
vt 0.609631 1.000000
vt 0.609631 1.000000
vt 0.609631 1.000000
vt 0.609631 1.000000
vt 0.609631 1.000000
vt 0.609631 1.000000
vt 0.609631 1.000000
vt 0.609631 1.000000
vt 0.609631 1.000000
vt 0.609631 1.000000
vt 0.609631 1.000000
vt 0.609631 0.000000
vt 0.609631 1.000000
vt 1.000000 0.197806
vt 0.989425 0.000000
vt 0.989425 1.000000
vt 1.000000 0.802194
vt 0.609631 1.000000
vt 0.609631 1.000000
vt 0.609631 1.000000
vt 0.609631 1.000000
vt 0.609631 1.000000
vt 0.609631 1.000000
vt 0.609631 1.000000
vt 0.609631 1.000000
vt 0.609631 1.000000
vt 0.609631 1.000000
vt 0.609631 1.000000
vt 0.609631 1.000000
vt 0.609631 1.000000
vt 0.609631 1.000000
vt 0.609631 1.000000
vt 0.609631 1.000000
vt 0.609631 1.000000
vt 0.609631 1.000000
vt 0.609631 1.000000
vt 0.609631 1.000000
vt 0.609631 1.000000
vt 0.609631 0.000000
vt 0.609631 1.000000
vt 1.000000 0.197806
vt 0.989425 0.000000
vt 0.989425 1.000000
vt 1.000000 0.802194
vt 0.609631 1.000000
vt 0.609631 1.000000
vt 0.609631 1.000000
vt 0.609631 1.000000
vt 0.609631 1.000000
vt 0.609631 1.000000
vt 0.609631 1.000000
vt 0.609631 1.000000
vt 0.609631 1.000000
vt 0.609631 1.000000
vt 0.609631 1.000000
vt 0.609631 1.000000
vt 0.609631 1.000000
vt 0.609631 1.000000
vt 0.609631 1.000000
vt 0.609631 1.000000
vt 0.609631 1.000000
vt 0.609631 1.000000
vt 0.609631 1.000000
vt 0.609631 1.000000
vt 0.609631 1.000000
vt 0.609631 0.000000
vt 0.609631 1.000000
vt 1.000000 0.197806
vt 0.989425 0.000000
vt 0.989425 1.000000
vt 1.000000 0.802194
vt 0.609631 1.000000
vt 0.609631 1.000000
vt 0.609631 1.000000
vt 0.609631 1.000000
vt 0.609631 1.000000
vt 0.609631 1.000000
vt 0.609631 1.000000
vt 0.609631 1.000000
vt 0.609631 1.000000
vt 0.609631 1.000000
vt 0.609631 1.000000
vt 0.609631 1.000000
vt 0.609631 1.000000
vt 0.609631 1.000000
vt 0.609631 1.000000
vt 0.609631 1.000000
vt 0.609631 1.000000
vt 0.609631 1.000000
vt 0.609631 1.000000
vt 0.609631 1.000000
vt 0.609631 1.000000
vt 0.609631 0.000000
vt 0.609631 1.000000
vt 1.000000 0.197806
vt 0.989425 0.000000
vt 0.989425 1.000000
vt 1.000000 0.802194
vt 0.609631 1.000000
vt 0.609631 1.000000
vt 0.609631 1.000000
vt 0.609631 1.000000
vt 0.609631 1.000000
vt 0.609631 1.000000
vt 0.609631 1.000000
vt 0.609631 1.000000
vt 0.609631 1.000000
vt 0.609631 1.000000
vt 0.609631 1.000000
vt 0.609631 1.000000
vt 0.609631 1.000000
vt 0.609631 1.000000
vt 0.609631 1.000000
vt 0.609631 1.000000
vt 0.609631 1.000000
vt 0.609631 1.000000
vt 0.609631 1.000000
vt 0.609631 1.000000
vt 0.609631 1.000000
vt 0.609631 0.000000
vt 0.609631 1.000000
vt 1.000000 0.197806
vt 0.989425 0.000000
vt 0.989425 1.000000
vt 1.000000 0.802194
vt 0.609631 1.000000
vt 0.609631 1.000000
vt 0.609631 1.000000
vt 0.609631 1.000000
vt 0.609631 1.000000
vt 0.609631 1.000000
vt 0.609631 1.000000
vt 0.609631 1.000000
vt 0.609631 1.000000
vt 0.609631 1.000000
vt 0.609631 1.000000
vt 0.609631 1.000000
vt 0.609631 1.000000
vt 0.609631 1.000000
vt 0.609631 1.000000
vt 0.609631 1.000000
vt 0.609631 1.000000
vt 0.609631 1.000000
vt 0.609631 1.000000
vt 0.609631 1.000000
vt 0.609631 1.000000
vt 0.609631 0.000000
vt 0.609631 1.000000
vt 1.000000 0.197806
vt 0.989425 0.000000
vt 0.989425 1.000000
vt 1.000000 0.802194
vt 0.609631 1.000000
vt 0.609631 1.000000
vt 0.609631 1.000000
vt 0.609631 1.000000
vt 0.609631 1.000000
vt 0.609631 1.000000
vt 0.609631 1.000000
vt 0.609631 1.000000
vt 0.609631 1.000000
vt 0.609631 1.000000
vt 0.609631 1.000000
vt 0.609631 1.000000
vt 0.609631 1.000000
vt 0.609631 1.000000
vt 0.609631 1.000000
vt 0.609631 1.000000
vt 0.609631 1.000000
vt 0.609631 1.000000
vt 0.609631 1.000000
vt 0.609631 1.000000
vt 0.609631 1.000000
vt 0.609631 0.000000
vt 0.609631 1.000000
vt 1.000000 0.197806
vt 0.989425 0.000000
vt 0.989425 1.000000
vt 1.000000 0.802194
vt 0.609631 1.000000
vt 0.609631 1.000000
vt 0.609631 1.000000
vt 0.609631 1.000000
vt 0.609631 1.000000
vt 0.609631 1.000000
vt 0.609631 1.000000
vt 0.609631 1.000000
vt 0.609631 1.000000
vt 0.609631 1.000000
vt 0.609631 1.000000
vt 0.609631 1.000000
vt 0.609631 1.000000
vt 0.609631 1.000000
vt 0.609631 1.000000
vt 0.609631 1.000000
vt 0.609631 1.000000
vt 0.609631 1.000000
vt 0.609631 1.000000
vt 0.609631 1.000000
s 1
usemtl glass
f 1944/1944/1855 1971/1971/1856 1969/1969/1857 1942/1942/1858
f 1952/1952/1859 1979/1979/1860 1977/1977/1861 1950/1950/1862
f 1943/1943/1863 1970/1970/1864 1972/1972/1865 1945/1945/1866
f 1936/1936/1867 1963/1963/1868 1961/1961/1869 1934/1934/1870
f 1974/1974/1871 1979/1979/1860 1952/1952/1859 1947/1947/1872
f 1929/1929/1873 1956/1956/1874 1954/1954/1875 1927/1927/1876
f 1935/1935/1877 1962/1962/1878 1964/1964/1879 1937/1937/1880
f 1931/1931/1881 1958/1958/1882 1955/1955/1883 1928/1928/1883
f 1946/1946/1884 1973/1973/1885 1971/1971/1856 1944/1944/1855
f 1930/1930/1886 1957/1957/1887 1958/1958/1882 1931/1931/1881
f 1945/1945/1866 1972/1972/1865 1974/1974/1871 1947/1947/1872
f 1938/1938/1888 1965/1965/1889 1963/1963/1868 1936/1936/1867
f 1933/1933/1890 1960/1960/1891 1957/1957/1887 1930/1930/1886
f 1937/1937/1880 1964/1964/1879 1966/1966/1892 1939/1939/1893
f 1932/1932/1894 1959/1959/1895 1960/1960/1891 1933/1933/1890
f 1927/1927/1876 1954/1954/1875 1959/1959/1895 1932/1932/1894
f 1980/1980/1896 2007/2007/1897 2000/2000/1898 1973/1973/1885
f 1940/1940/1899 1967/1967/1900 1965/1965/1889 1938/1938/1888
f 1939/1939/1893 1966/1966/1892 1968/1968/1901 1941/1941/1902
f 1934/1934/1870 1961/1961/1869 1956/1956/1874 1929/1929/1873
f 1948/1948/1903 1975/1975/1904 1980/1980/1896 1953/1953/1905
f 1949/1949/1906 1976/1976/1907 1975/1975/1904 1948/1948/1903
f 1928/1928/1883 1955/1955/1883 2065/2065/1883
f 1942/1942/1858 1969/1969/1857 1967/1967/1900 1940/1940/1899
f 2044/2044/1908 1962/1962/1878 1935/1935/1877
f 1951/1951/1909 1978/1978/1910 1976/1976/1907 1949/1949/1906
f 1941/1941/1902 1968/1968/1901 1970/1970/1864 1943/1943/1863
f 1950/1950/1862 1977/1977/1861 1978/1978/1910 1951/1951/1909
f 1961/1961/1869 1988/1988/1911 1983/1983/1912 1956/1956/1874
f 1973/1973/1885 2000/2000/1898 1998/1998/1913 1971/1971/1856
f 1972/1972/1865 1999/1999/1914 2001/2001/1915 1974/1974/1871
f 2044/2044/1908 1989/1989/1916 1962/1962/1878
f 2001/2001/1915 2006/2006/1917 1979/1979/1860 1974/1974/1871
f 2007/2007/1897 2034/2034/1918 2027/2027/1919 2000/2000/1898
f 1963/1963/1868 1990/1990/1920 1988/1988/1911 1961/1961/1869
f 1955/1955/1883 1982/1982/1883 2065/2065/1883
f 1962/1962/1878 1989/1989/1916 1991/1991/1921 1964/1964/1879
f 1975/1975/1904 2002/2002/1922 2007/2007/1897 1980/1980/1896
f 1965/1965/1889 1992/1992/1923 1990/1990/1920 1963/1963/1868
f 1976/1976/1907 2003/2003/1924 2002/2002/1922 1975/1975/1904
f 1964/1964/1879 1991/1991/1921 1993/1993/1925 1966/1966/1892
f 1956/1956/1874 1983/1983/1912 1981/1981/1926 1954/1954/1875
f 1978/1978/1910 2005/2005/1927 2003/2003/1924 1976/1976/1907
f 1967/1967/1900 1994/1994/1928 1992/1992/1923 1965/1965/1889
f 1958/1958/1882 1985/1985/1929 1982/1982/1883 1955/1955/1883
f 1977/1977/1861 2004/2004/1930 2005/2005/1927 1978/1978/1910
f 1966/1966/1892 1993/1993/1925 1995/1995/1931 1968/1968/1901
f 1957/1957/1887 1984/1984/1932 1985/1985/1929 1958/1958/1882
f 1979/1979/1860 2006/2006/1917 2004/2004/1930 1977/1977/1861
f 1969/1969/1857 1996/1996/1933 1994/1994/1928 1967/1967/1900
f 1960/1960/1891 1987/1987/1934 1984/1984/1932 1957/1957/1887
f 1968/1968/1901 1995/1995/1931 1997/1997/1935 1970/1970/1864
f 1959/1959/1895 1986/1986/1936 1987/1987/1934 1960/1960/1891
f 1971/1971/1856 1998/1998/1913 1996/1996/1933 1969/1969/1857
f 1954/1954/1875 1981/1981/1926 1986/1986/1936 1959/1959/1895
f 1970/1970/1864 1997/1997/1935 1999/1999/1914 1972/1972/1865
f 1981/1981/1926 2008/2008/1937 2013/2013/1938 1986/1986/1936
f 1997/1997/1935 2024/2024/1939 2026/2026/1940 1999/1999/1914
f 1988/1988/1911 2015/2015/1941 2010/2010/1942 1983/1983/1912
f 2000/2000/1898 2027/2027/1919 2025/2025/1943 1998/1998/1913
f 1999/1999/1914 2026/2026/1940 2028/2028/1944 2001/2001/1915
f 2044/2044/1908 2016/2016/1945 1989/1989/1916
f 2028/2028/1944 2033/2033/1946 2006/2006/1917 2001/2001/1915
f 2034/2034/1918 2062/2062/1947 2055/2055/1948 2027/2027/1919
f 1990/1990/1920 2017/2017/1949 2015/2015/1941 1988/1988/1911
f 1982/1982/1883 2009/2009/1883 2065/2065/1883
f 1989/1989/1916 2016/2016/1945 2018/2018/1950 1991/1991/1921
f 2002/2002/1922 2029/2029/1951 2034/2034/1918 2007/2007/1897
f 1992/1992/1923 2019/2019/1952 2017/2017/1949 1990/1990/1920
f 2003/2003/1924 2030/2030/1953 2029/2029/1951 2002/2002/1922
f 1991/1991/1921 2018/2018/1950 2020/2020/1954 1993/1993/1925
f 1983/1983/1912 2010/2010/1942 2008/2008/1937 1981/1981/1926
f 2005/2005/1927 2032/2032/1955 2030/2030/1953 2003/2003/1924
f 1994/1994/1928 2021/2021/1956 2019/2019/1952 1992/1992/1923
f 1985/1985/1929 2012/2012/1957 2009/2009/1883 1982/1982/1883
f 2004/2004/1930 2031/2031/1958 2032/2032/1955 2005/2005/1927
f 1993/1993/1925 2020/2020/1954 2022/2022/1959 1995/1995/1931
f 1984/1984/1932 2011/2011/1960 2012/2012/1957 1985/1985/1929
f 2006/2006/1917 2033/2033/1946 2031/2031/1958 2004/2004/1930
f 1996/1996/1933 2023/2023/1961 2021/2021/1956 1994/1994/1928
f 1987/1987/1934 2014/2014/1962 2011/2011/1960 1984/1984/1932
f 1995/1995/1931 2022/2022/1959 2024/2024/1939 1997/1997/1935
f 1986/1986/1936 2013/2013/1938 2014/2014/1962 1987/1987/1934
f 1998/1998/1913 2025/2025/1943 2023/2023/1961 1996/1996/1933
f 2013/2013/1938 2040/2040/1963 2041/2041/1964 2014/2014/1962
f 2025/2025/1943 2053/2053/1965 2051/2051/1966 2023/2023/1961
f 2008/2008/1937 2035/2035/1967 2040/2040/1963 2013/2013/1938
f 2024/2024/1939 2052/2052/1968 2054/2054/1969 2026/2026/1940
f 2015/2015/1941 2042/2042/1970 2037/2037/1971 2010/2010/1942
f 2027/2027/1919 2055/2055/1948 2053/2053/1965 2025/2025/1943
f 2026/2026/1940 2054/2054/1969 2056/2056/1972 2028/2028/1944
f 2044/2044/1908 2043/2043/1973 2016/2016/1945
f 2056/2056/1972 2061/2061/1974 2033/2033/1946 2028/2028/1944
f 2083/2083/1975 2055/2055/1948 2062/2062/1947 2090/2090/1976
f 2017/2017/1949 2045/2045/1977 2042/2042/1970 2015/2015/1941
f 2009/2009/1883 2036/2036/1883 2065/2065/1883
f 2016/2016/1945 2043/2043/1973 2046/2046/1978 2018/2018/1950
f 2029/2029/1951 2057/2057/1979 2062/2062/1947 2034/2034/1918
f 2019/2019/1952 2047/2047/1980 2045/2045/1977 2017/2017/1949
f 2030/2030/1953 2058/2058/1981 2057/2057/1979 2029/2029/1951
f 2018/2018/1950 2046/2046/1978 2048/2048/1982 2020/2020/1954
f 2010/2010/1942 2037/2037/1971 2035/2035/1967 2008/2008/1937
f 2032/2032/1955 2060/2060/1983 2058/2058/1981 2030/2030/1953
f 2021/2021/1956 2049/2049/1984 2047/2047/1980 2019/2019/1952
f 2012/2012/1957 2039/2039/1985 2036/2036/1883 2009/2009/1883
f 2031/2031/1958 2059/2059/1986 2060/2060/1983 2032/2032/1955
f 2020/2020/1954 2048/2048/1982 2050/2050/1987 2022/2022/1959
f 2011/2011/1960 2038/2038/1988 2039/2039/1985 2012/2012/1957
f 2033/2033/1946 2061/2061/1974 2059/2059/1986 2031/2031/1958
f 2023/2023/1961 2051/2051/1966 2049/2049/1984 2021/2021/1956
f 2014/2014/1962 2041/2041/1964 2038/2038/1988 2011/2011/1960
f 2022/2022/1959 2050/2050/1987 2052/2052/1968 2024/2024/1939
f 2041/2041/1964 2070/2070/1989 2067/2067/1990 2038/2038/1988
f 2084/2084/1991 2089/2089/1992 2061/2061/1974 2056/2056/1972
f 2050/2050/1987 2078/2078/1993 2080/2080/1994 2052/2052/1968
f 2040/2040/1963 2069/2069/1995 2070/2070/1989 2041/2041/1964
f 2053/2053/1965 2081/2081/1996 2079/2079/1997 2051/2051/1966
f 2035/2035/1967 2063/2063/1998 2069/2069/1995 2040/2040/1963
f 2052/2052/1968 2080/2080/1994 2082/2082/1999 2054/2054/1969
f 2042/2042/1970 2071/2071/2000 2066/2066/2001 2037/2037/1971
f 2055/2055/1948 2083/2083/1975 2081/2081/1996 2053/2053/1965
f 2054/2054/1969 2082/2082/1999 2084/2084/1991 2056/2056/1972
f 2044/2044/1908 2072/2072/2002 2043/2043/1973
f 2110/2110/2003 2083/2083/1975 2090/2090/1976 2117/2117/2004
f 2045/2045/1977 2073/2073/2005 2071/2071/2000 2042/2042/1970
f 2036/2036/1883 2064/2064/1883 2065/2065/1883
f 2043/2043/1973 2072/2072/2002 2074/2074/2006 2046/2046/1978
f 2057/2057/1979 2085/2085/2007 2090/2090/1976 2062/2062/1947
f 2047/2047/1980 2075/2075/2008 2073/2073/2005 2045/2045/1977
f 2058/2058/1981 2086/2086/2009 2085/2085/2007 2057/2057/1979
f 2046/2046/1978 2074/2074/2006 2076/2076/2010 2048/2048/1982
f 2037/2037/1971 2066/2066/2001 2063/2063/1998 2035/2035/1967
f 2060/2060/1983 2088/2088/2011 2086/2086/2009 2058/2058/1981
f 2049/2049/1984 2077/2077/2012 2075/2075/2008 2047/2047/1980
f 2039/2039/1985 2068/2068/2013 2064/2064/1883 2036/2036/1883
f 2059/2059/1986 2087/2087/2014 2088/2088/2011 2060/2060/1983
f 2048/2048/1982 2076/2076/2010 2078/2078/1993 2050/2050/1987
f 2038/2038/1988 2067/2067/1990 2068/2068/2013 2039/2039/1985
f 2061/2061/1974 2089/2089/1992 2087/2087/2014 2059/2059/1986
f 2051/2051/1966 2079/2079/1997 2077/2077/2012 2049/2049/1984
f 2067/2067/1990 2094/2094/2015 2095/2095/2016 2068/2068/2013
f 2089/2089/1992 2116/2116/2017 2114/2114/2018 2087/2087/2014
f 2079/2079/1997 2106/2106/2019 2104/2104/2020 2077/2077/2012
f 2070/2070/1989 2097/2097/2021 2094/2094/2015 2067/2067/1990
f 2111/2111/2022 2116/2116/2017 2089/2089/1992 2084/2084/1991
f 2078/2078/1993 2105/2105/2023 2107/2107/2024 2080/2080/1994
f 2069/2069/1995 2096/2096/2025 2097/2097/2021 2070/2070/1989
f 2081/2081/1996 2108/2108/2026 2106/2106/2019 2079/2079/1997
f 2063/2063/1998 2091/2091/2027 2096/2096/2025 2069/2069/1995
f 2080/2080/1994 2107/2107/2024 2109/2109/2028 2082/2082/1999
f 2071/2071/2000 2098/2098/2029 2093/2093/2030 2066/2066/2001
f 2083/2083/1975 2110/2110/2003 2108/2108/2026 2081/2081/1996
f 2082/2082/1999 2109/2109/2028 2111/2111/2022 2084/2084/1991
f 2044/2044/1908 2099/2099/2031 2072/2072/2002
f 2137/2137/2032 2110/2110/2003 2117/2117/2004 2144/2144/2033
f 2073/2073/2005 2100/2100/2034 2098/2098/2029 2071/2071/2000
f 2064/2064/1883 2092/2092/1883 2065/2065/1883
f 2072/2072/2002 2099/2099/2031 2101/2101/2035 2074/2074/2006
f 2085/2085/2007 2112/2112/2036 2117/2117/2004 2090/2090/1976
f 2075/2075/2008 2102/2102/2037 2100/2100/2034 2073/2073/2005
f 2086/2086/2009 2113/2113/2038 2112/2112/2036 2085/2085/2007
f 2074/2074/2006 2101/2101/2035 2103/2103/2039 2076/2076/2010
f 2066/2066/2001 2093/2093/2030 2091/2091/2027 2063/2063/1998
f 2088/2088/2011 2115/2115/2040 2113/2113/2038 2086/2086/2009
f 2077/2077/2012 2104/2104/2020 2102/2102/2037 2075/2075/2008
f 2068/2068/2013 2095/2095/2016 2092/2092/1883 2064/2064/1883
f 2087/2087/2014 2114/2114/2018 2115/2115/2040 2088/2088/2011
f 2076/2076/2010 2103/2103/2039 2105/2105/2023 2078/2078/1993
f 2095/2095/2016 2122/2122/2041 2119/2119/1883 2092/2092/1883
f 2114/2114/2018 2141/2141/2042 2142/2142/2043 2115/2115/2040
f 2103/2103/2039 2130/2130/2044 2132/2132/2045 2105/2105/2023
f 2094/2094/2015 2121/2121/2046 2122/2122/2041 2095/2095/2016
f 2116/2116/2017 2143/2143/2047 2141/2141/2042 2114/2114/2018
f 2106/2106/2019 2133/2133/2048 2131/2131/2049 2104/2104/2020
f 2097/2097/2021 2124/2124/2050 2121/2121/2046 2094/2094/2015
f 2138/2138/2051 2143/2143/2047 2116/2116/2017 2111/2111/2022
f 2105/2105/2023 2132/2132/2045 2134/2134/2052 2107/2107/2024
f 2096/2096/2025 2123/2123/2053 2124/2124/2050 2097/2097/2021
f 2108/2108/2026 2135/2135/2054 2133/2133/2048 2106/2106/2019
f 2091/2091/2027 2118/2118/2055 2123/2123/2053 2096/2096/2025
f 2107/2107/2024 2134/2134/2052 2136/2136/2056 2109/2109/2028
f 2098/2098/2029 2125/2125/2057 2120/2120/2058 2093/2093/2030
f 2110/2110/2003 2137/2137/2032 2135/2135/2054 2108/2108/2026
f 2109/2109/2028 2136/2136/2056 2138/2138/2051 2111/2111/2022
f 2044/2044/1908 2126/2126/2059 2099/2099/2031
f 2164/2164/2060 2137/2137/2032 2144/2144/2033 2171/2171/2061
f 2100/2100/2034 2127/2127/2062 2125/2125/2057 2098/2098/2029
f 2092/2092/1883 2119/2119/1883 2065/2065/1883
f 2099/2099/2031 2126/2126/2059 2128/2128/2063 2101/2101/2035
f 2112/2112/2036 2139/2139/2064 2144/2144/2033 2117/2117/2004
f 2102/2102/2037 2129/2129/2065 2127/2127/2062 2100/2100/2034
f 2113/2113/2038 2140/2140/2066 2139/2139/2064 2112/2112/2036
f 2101/2101/2035 2128/2128/2063 2130/2130/2044 2103/2103/2039
f 2093/2093/2030 2120/2120/2058 2118/2118/2055 2091/2091/2027
f 2115/2115/2040 2142/2142/2043 2140/2140/2066 2113/2113/2038
f 2104/2104/2020 2131/2131/2049 2129/2129/2065 2102/2102/2037
f 2120/2120/2058 2147/2147/2067 2145/2145/2068 2118/2118/2055
f 2142/2142/2043 2169/2169/2069 2167/2167/2070 2140/2140/2066
f 2131/2131/2049 2158/2158/2071 2156/2156/2072 2129/2129/2065
f 2122/2122/2041 2149/2149/2073 2146/2146/1883 2119/2119/1883
f 2141/2141/2042 2168/2168/2074 2169/2169/2069 2142/2142/2043
f 2130/2130/2044 2157/2157/2075 2159/2159/2076 2132/2132/2045
f 2121/2121/2046 2148/2148/2077 2149/2149/2073 2122/2122/2041
f 2143/2143/2047 2170/2170/2078 2168/2168/2074 2141/2141/2042
f 2133/2133/2048 2160/2160/2079 2158/2158/2071 2131/2131/2049
f 2124/2124/2050 2151/2151/2080 2148/2148/2077 2121/2121/2046
f 2165/2165/2081 2170/2170/2078 2143/2143/2047 2138/2138/2051
f 2132/2132/2045 2159/2159/2076 2161/2161/2082 2134/2134/2052
f 2123/2123/2053 2150/2150/2083 2151/2151/2080 2124/2124/2050
f 2135/2135/2054 2162/2162/2084 2160/2160/2079 2133/2133/2048
f 2118/2118/2055 2145/2145/2068 2150/2150/2083 2123/2123/2053
f 2134/2134/2052 2161/2161/2082 2163/2163/2085 2136/2136/2056
f 2125/2125/2057 2152/2152/2086 2147/2147/2067 2120/2120/2058
f 2137/2137/2032 2164/2164/2060 2162/2162/2084 2135/2135/2054
f 2136/2136/2056 2163/2163/2085 2165/2165/2081 2138/2138/2051
f 2044/2044/1908 2153/2153/2087 2126/2126/2059
f 2191/2191/2088 2164/2164/2060 2171/2171/2061 2198/2198/2089
f 2127/2127/2062 2154/2154/2090 2152/2152/2086 2125/2125/2057
f 2119/2119/1883 2146/2146/1883 2065/2065/1883
f 2126/2126/2059 2153/2153/2087 2155/2155/2091 2128/2128/2063
f 2139/2139/2064 2166/2166/2092 2171/2171/2061 2144/2144/2033
f 2129/2129/2065 2156/2156/2072 2154/2154/2090 2127/2127/2062
f 2140/2140/2066 2167/2167/2070 2166/2166/2092 2139/2139/2064
f 2128/2128/2063 2155/2155/2091 2157/2157/2075 2130/2130/2044
f 2167/2167/2070 2194/2194/2093 2193/2193/2094 2166/2166/2092
f 2155/2155/2091 2182/2182/2095 2184/2184/2096 2157/2157/2075
f 2147/2147/2067 2174/2174/2097 2172/2172/2098 2145/2145/2068
f 2169/2169/2069 2196/2196/2099 2194/2194/2093 2167/2167/2070
f 2158/2158/2071 2185/2185/2100 2183/2183/2101 2156/2156/2072
f 2149/2149/2073 2176/2176/2102 2173/2173/1883 2146/2146/1883
f 2168/2168/2074 2195/2195/2103 2196/2196/2099 2169/2169/2069
f 2157/2157/2075 2184/2184/2096 2186/2186/2104 2159/2159/2076
f 2148/2148/2077 2175/2175/2105 2176/2176/2102 2149/2149/2073
f 2170/2170/2078 2197/2197/2106 2195/2195/2103 2168/2168/2074
f 2160/2160/2079 2187/2187/2107 2185/2185/2100 2158/2158/2071
f 2151/2151/2080 2178/2178/2108 2175/2175/2105 2148/2148/2077
f 2192/2192/2109 2197/2197/2106 2170/2170/2078 2165/2165/2081
f 2159/2159/2076 2186/2186/2104 2188/2188/2110 2161/2161/2082
f 2150/2150/2083 2177/2177/2111 2178/2178/2108 2151/2151/2080
f 2162/2162/2084 2189/2189/2112 2187/2187/2107 2160/2160/2079
f 2145/2145/2068 2172/2172/2098 2177/2177/2111 2150/2150/2083
f 2161/2161/2082 2188/2188/2110 2190/2190/2113 2163/2163/2085
f 2152/2152/2086 2179/2179/2114 2174/2174/2097 2147/2147/2067
f 2164/2164/2060 2191/2191/2088 2189/2189/2112 2162/2162/2084
f 2163/2163/2085 2190/2190/2113 2192/2192/2109 2165/2165/2081
f 2044/2044/1908 2180/2180/2115 2153/2153/2087
f 2218/2218/2116 2191/2191/2088 2198/2198/2089 2225/2225/2117
f 2154/2154/2090 2181/2181/2118 2179/2179/2114 2152/2152/2086
f 2146/2146/1883 2173/2173/1883 2065/2065/1883
f 2153/2153/2087 2180/2180/2115 2182/2182/2095 2155/2155/2091
f 2166/2166/2092 2193/2193/2094 2198/2198/2089 2171/2171/2061
f 2156/2156/2072 2183/2183/2101 2181/2181/2118 2154/2154/2090
f 2193/2193/2094 2220/2220/2119 2225/2225/2117 2198/2198/2089
f 2183/2183/2101 2210/2210/2120 2208/2208/2121 2181/2181/2118
f 2194/2194/2093 2221/2221/2122 2220/2220/2119 2193/2193/2094
f 2182/2182/2095 2209/2209/2123 2211/2211/2124 2184/2184/2096
f 2174/2174/2097 2201/2201/2125 2199/2199/2126 2172/2172/2098
f 2196/2196/2099 2223/2223/2127 2221/2221/2122 2194/2194/2093
f 2185/2185/2100 2212/2212/2128 2210/2210/2120 2183/2183/2101
f 2176/2176/2102 2203/2203/2129 2200/2200/1883 2173/2173/1883
f 2195/2195/2103 2222/2222/2130 2223/2223/2127 2196/2196/2099
f 2184/2184/2096 2211/2211/2124 2213/2213/2131 2186/2186/2104
f 2175/2175/2105 2202/2202/2132 2203/2203/2129 2176/2176/2102
f 2197/2197/2106 2224/2224/2133 2222/2222/2130 2195/2195/2103
f 2187/2187/2107 2214/2214/2134 2212/2212/2128 2185/2185/2100
f 2178/2178/2108 2205/2205/2135 2202/2202/2132 2175/2175/2105
f 2219/2219/2136 2224/2224/2133 2197/2197/2106 2192/2192/2109
f 2186/2186/2104 2213/2213/2131 2215/2215/2137 2188/2188/2110
f 2177/2177/2111 2204/2204/2138 2205/2205/2135 2178/2178/2108
f 2189/2189/2112 2216/2216/2139 2214/2214/2134 2187/2187/2107
f 2172/2172/2098 2199/2199/2126 2204/2204/2138 2177/2177/2111
f 2188/2188/2110 2215/2215/2137 2217/2217/2140 2190/2190/2113
f 2179/2179/2114 2206/2206/2141 2201/2201/2125 2174/2174/2097
f 2191/2191/2088 2218/2218/2116 2216/2216/2139 2189/2189/2112
f 2190/2190/2113 2217/2217/2140 2219/2219/2136 2192/2192/2109
f 2044/2044/1908 2207/2207/2142 2180/2180/2115
f 2219/2219/2136 2246/2246/2143 2251/2251/2144 2224/2224/2133
f 2181/2181/2118 2208/2208/2121 2206/2206/2141 2179/2179/2114
f 2173/2173/1883 2200/2200/1883 2065/2065/1883
f 2180/2180/2115 2207/2207/2142 2209/2209/2123 2182/2182/2095
f 2200/2200/1883 2227/2227/1883 2065/2065/1883
f 2245/2245/2145 2218/2218/2116 2225/2225/2117 2252/2252/2146
f 2207/2207/2142 2234/2234/2147 2236/2236/2148 2209/2209/2123
f 2220/2220/2119 2247/2247/2149 2252/2252/2146 2225/2225/2117
f 2210/2210/2120 2237/2237/2150 2235/2235/2151 2208/2208/2121
f 2221/2221/2122 2248/2248/2152 2247/2247/2149 2220/2220/2119
f 2209/2209/2123 2236/2236/2148 2238/2238/2153 2211/2211/2124
f 2201/2201/2125 2228/2228/2154 2226/2226/2155 2199/2199/2126
f 2223/2223/2127 2250/2250/2156 2248/2248/2152 2221/2221/2122
f 2212/2212/2128 2239/2239/2157 2237/2237/2150 2210/2210/2120
f 2203/2203/2129 2230/2230/2158 2227/2227/1883 2200/2200/1883
f 2222/2222/2130 2249/2249/2159 2250/2250/2156 2223/2223/2127
f 2211/2211/2124 2238/2238/2153 2240/2240/2160 2213/2213/2131
f 2202/2202/2132 2229/2229/2161 2230/2230/2158 2203/2203/2129
f 2224/2224/2133 2251/2251/2144 2249/2249/2159 2222/2222/2130
f 2214/2214/2134 2241/2241/2162 2239/2239/2157 2212/2212/2128
f 2205/2205/2135 2232/2232/2163 2229/2229/2161 2202/2202/2132
f 2273/2273/2164 2278/2278/2165 2251/2251/2144 2246/2246/2143
f 2213/2213/2131 2240/2240/2160 2242/2242/2166 2215/2215/2137
f 2204/2204/2138 2231/2231/2167 2232/2232/2163 2205/2205/2135
f 2216/2216/2139 2243/2243/2168 2241/2241/2162 2214/2214/2134
f 2199/2199/2126 2226/2226/2155 2231/2231/2167 2204/2204/2138
f 2215/2215/2137 2242/2242/2166 2244/2244/2169 2217/2217/2140
f 2206/2206/2141 2233/2233/2170 2228/2228/2154 2201/2201/2125
f 2218/2218/2116 2245/2245/2145 2243/2243/2168 2216/2216/2139
f 2217/2217/2140 2244/2244/2169 2246/2246/2143 2219/2219/2136
f 2044/2044/1908 2234/2234/2147 2207/2207/2142
f 2208/2208/2121 2235/2235/2151 2233/2233/2170 2206/2206/2141
f 2272/2272/2171 2245/2245/2145 2252/2252/2146 2279/2279/2172
f 2235/2235/2151 2262/2262/2173 2260/2260/2174 2233/2233/2170
f 2227/2227/1883 2254/2254/1883 2065/2065/1883
f 2234/2234/2147 2261/2261/2175 2263/2263/2176 2236/2236/2148
f 2247/2247/2149 2274/2274/2177 2279/2279/2172 2252/2252/2146
f 2237/2237/2150 2264/2264/2178 2262/2262/2173 2235/2235/2151
f 2248/2248/2152 2275/2275/2179 2274/2274/2177 2247/2247/2149
f 2236/2236/2148 2263/2263/2176 2265/2265/2180 2238/2238/2153
f 2228/2228/2154 2255/2255/2181 2253/2253/2182 2226/2226/2155
f 2250/2250/2156 2277/2277/2183 2275/2275/2179 2248/2248/2152
f 2239/2239/2157 2266/2266/2184 2264/2264/2178 2237/2237/2150
f 2230/2230/2158 2257/2257/2185 2254/2254/1883 2227/2227/1883
f 2249/2249/2159 2276/2276/2186 2277/2277/2183 2250/2250/2156
f 2238/2238/2153 2265/2265/2180 2267/2267/2187 2240/2240/2160
f 2229/2229/2161 2256/2256/2188 2257/2257/2185 2230/2230/2158
f 2251/2251/2144 2278/2278/2165 2276/2276/2186 2249/2249/2159
f 2241/2241/2162 2268/2268/2189 2266/2266/2184 2239/2239/2157
f 2232/2232/2163 2259/2259/2190 2256/2256/2188 2229/2229/2161
f 2279/2279/2172 2306/2306/2191 2299/2299/2192 2272/2272/2171
f 2240/2240/2160 2267/2267/2187 2269/2269/2193 2242/2242/2166
f 2231/2231/2167 2258/2258/2194 2259/2259/2190 2232/2232/2163
f 2243/2243/2168 2270/2270/2195 2268/2268/2189 2241/2241/2162
f 2226/2226/2155 2253/2253/2182 2258/2258/2194 2231/2231/2167
f 2242/2242/2166 2269/2269/2193 2271/2271/2196 2244/2244/2169
f 2233/2233/2170 2260/2260/2174 2255/2255/2181 2228/2228/2154
f 2245/2245/2145 2272/2272/2171 2270/2270/2195 2243/2243/2168
f 2244/2244/2169 2271/2271/2196 2273/2273/2164 2246/2246/2143
f 2044/2044/1908 2261/2261/2175 2234/2234/2147
f 2300/2300/2197 2305/2305/2198 2278/2278/2165 2273/2273/2164
f 2306/2306/2191 2333/2333/2199 2326/2326/2200 2299/2299/2192
f 2262/2262/2173 2289/2289/2201 2287/2287/2202 2260/2260/2174
f 2254/2254/1883 2281/2281/1883 2065/2065/1883
f 2261/2261/2175 2288/2288/2203 2290/2290/2204 2263/2263/2176
f 2274/2274/2177 2301/2301/2205 2306/2306/2191 2279/2279/2172
f 2264/2264/2178 2291/2291/2206 2289/2289/2201 2262/2262/2173
f 2275/2275/2179 2302/2302/2207 2301/2301/2205 2274/2274/2177
f 2263/2263/2176 2290/2290/2204 2292/2292/2208 2265/2265/2180
f 2255/2255/2181 2282/2282/2209 2280/2280/2210 2253/2253/2182
f 2277/2277/2183 2304/2304/2211 2302/2302/2207 2275/2275/2179
f 2266/2266/2184 2293/2293/2212 2291/2291/2206 2264/2264/2178
f 2257/2257/2185 2284/2284/2213 2281/2281/1883 2254/2254/1883
f 2276/2276/2186 2303/2303/2214 2304/2304/2211 2277/2277/2183
f 2265/2265/2180 2292/2292/2208 2294/2294/2215 2267/2267/2187
f 2256/2256/2188 2283/2283/2216 2284/2284/2213 2257/2257/2185
f 2278/2278/2165 2305/2305/2198 2303/2303/2214 2276/2276/2186
f 2268/2268/2189 2295/2295/2217 2293/2293/2212 2266/2266/2184
f 2259/2259/2190 2286/2286/2218 2283/2283/2216 2256/2256/2188
f 2267/2267/2187 2294/2294/2215 2296/2296/2219 2269/2269/2193
f 2258/2258/2194 2285/2285/2220 2286/2286/2218 2259/2259/2190
f 2270/2270/2195 2297/2297/2221 2295/2295/2217 2268/2268/2189
f 2253/2253/2182 2280/2280/2210 2285/2285/2220 2258/2258/2194
f 2269/2269/2193 2296/2296/2219 2298/2298/2222 2271/2271/2196
f 2260/2260/2174 2287/2287/2202 2282/2282/2209 2255/2255/2181
f 2272/2272/2171 2299/2299/2192 2297/2297/2221 2270/2270/2195
f 2271/2271/2196 2298/2298/2222 2300/2300/2197 2273/2273/2164
f 2044/2044/1908 2288/2288/2203 2261/2261/2175
f 2298/2298/2222 2325/2325/2223 2327/2327/2224 2300/2300/2197
f 2044/2044/1908 2315/2315/2225 2288/2288/2203
f 2327/2327/2224 2332/2332/2226 2305/2305/2198 2300/2300/2197
f 2333/2333/2199 2360/2360/2227 2353/2353/2228 2326/2326/2200
f 2289/2289/2201 2316/2316/2229 2314/2314/2230 2287/2287/2202
f 2281/2281/1883 2308/2308/1883 2065/2065/1883
f 2288/2288/2203 2315/2315/2225 2317/2317/2231 2290/2290/2204
f 2301/2301/2205 2328/2328/2232 2333/2333/2199 2306/2306/2191
f 2291/2291/2206 2318/2318/2233 2316/2316/2229 2289/2289/2201
f 2302/2302/2207 2329/2329/2234 2328/2328/2232 2301/2301/2205
f 2290/2290/2204 2317/2317/2231 2319/2319/2235 2292/2292/2208
f 2282/2282/2209 2309/2309/2236 2307/2307/2237 2280/2280/2210
f 2304/2304/2211 2331/2331/2238 2329/2329/2234 2302/2302/2207
f 2293/2293/2212 2320/2320/2239 2318/2318/2233 2291/2291/2206
f 2284/2284/2213 2311/2311/2240 2308/2308/1883 2281/2281/1883
f 2303/2303/2214 2330/2330/2241 2331/2331/2238 2304/2304/2211
f 2292/2292/2208 2319/2319/2235 2321/2321/2242 2294/2294/2215
f 2283/2283/2216 2310/2310/2243 2311/2311/2240 2284/2284/2213
f 2305/2305/2198 2332/2332/2226 2330/2330/2241 2303/2303/2214
f 2295/2295/2217 2322/2322/2244 2320/2320/2239 2293/2293/2212
f 2286/2286/2218 2313/2313/2245 2310/2310/2243 2283/2283/2216
f 2294/2294/2215 2321/2321/2242 2323/2323/2246 2296/2296/2219
f 2285/2285/2220 2312/2312/2247 2313/2313/2245 2286/2286/2218
f 2297/2297/2221 2324/2324/2248 2322/2322/2244 2295/2295/2217
f 2280/2280/2210 2307/2307/2237 2312/2312/2247 2285/2285/2220
f 2296/2296/2219 2323/2323/2246 2325/2325/2223 2298/2298/2222
f 2287/2287/2202 2314/2314/2230 2309/2309/2236 2282/2282/2209
f 2299/2299/2192 2326/2326/2200 2324/2324/2248 2297/2297/2221
f 2326/2326/2200 2353/2353/2228 2351/2351/2249 2324/2324/2248
f 2325/2325/2223 2352/2352/2250 2354/2354/2251 2327/2327/2224
f 2044/2044/1908 2342/2342/2252 2315/2315/2225
f 2354/2354/2251 2359/2359/2253 2332/2332/2226 2327/2327/2224
f 2360/2360/2227 2387/2387/2254 2380/2380/2255 2353/2353/2228
f 2316/2316/2229 2343/2343/2256 2341/2341/2257 2314/2314/2230
f 2308/2308/1883 2335/2335/1883 2065/2065/1883
f 2315/2315/2225 2342/2342/2252 2344/2344/2258 2317/2317/2231
f 2328/2328/2232 2355/2355/2259 2360/2360/2227 2333/2333/2199
f 2318/2318/2233 2345/2345/2260 2343/2343/2256 2316/2316/2229
f 2329/2329/2234 2356/2356/2261 2355/2355/2259 2328/2328/2232
f 2317/2317/2231 2344/2344/2258 2346/2346/2262 2319/2319/2235
f 2309/2309/2236 2336/2336/2263 2334/2334/2264 2307/2307/2237
f 2331/2331/2238 2358/2358/2265 2356/2356/2261 2329/2329/2234
f 2320/2320/2239 2347/2347/2266 2345/2345/2260 2318/2318/2233
f 2311/2311/2240 2338/2338/2267 2335/2335/1883 2308/2308/1883
f 2330/2330/2241 2357/2357/2268 2358/2358/2265 2331/2331/2238
f 2319/2319/2235 2346/2346/2262 2348/2348/2269 2321/2321/2242
f 2310/2310/2243 2337/2337/2270 2338/2338/2267 2311/2311/2240
f 2332/2332/2226 2359/2359/2253 2357/2357/2268 2330/2330/2241
f 2322/2322/2244 2349/2349/2271 2347/2347/2266 2320/2320/2239
f 2313/2313/2245 2340/2340/2272 2337/2337/2270 2310/2310/2243
f 2321/2321/2242 2348/2348/2269 2350/2350/2273 2323/2323/2246
f 2312/2312/2247 2339/2339/2274 2340/2340/2272 2313/2313/2245
f 2324/2324/2248 2351/2351/2249 2349/2349/2271 2322/2322/2244
f 2307/2307/2237 2334/2334/2264 2339/2339/2274 2312/2312/2247
f 2323/2323/2246 2350/2350/2273 2352/2352/2250 2325/2325/2223
f 2314/2314/2230 2341/2341/2257 2336/2336/2263 2309/2309/2236
f 2350/2350/2273 2377/2377/2275 2379/2379/2276 2352/2352/2250
f 2341/2341/2257 2368/2368/2277 2363/2363/2278 2336/2336/2263
f 2353/2353/2228 2380/2380/2255 2378/2378/2279 2351/2351/2249
f 2352/2352/2250 2379/2379/2276 2381/2381/2280 2354/2354/2251
f 2044/2044/1908 2369/2369/2281 2342/2342/2252
f 2381/2381/2280 2386/2386/2282 2359/2359/2253 2354/2354/2251
f 2387/2387/2254 2414/2414/2283 2407/2407/2284 2380/2380/2255
f 2343/2343/2256 2370/2370/2285 2368/2368/2277 2341/2341/2257
f 2335/2335/1883 2362/2362/1883 2065/2065/1883
f 2342/2342/2252 2369/2369/2281 2371/2371/2286 2344/2344/2258
f 2355/2355/2259 2382/2382/2287 2387/2387/2254 2360/2360/2227
f 2345/2345/2260 2372/2372/2288 2370/2370/2285 2343/2343/2256
f 2356/2356/2261 2383/2383/2289 2382/2382/2287 2355/2355/2259
f 2344/2344/2258 2371/2371/2286 2373/2373/2290 2346/2346/2262
f 2336/2336/2263 2363/2363/2278 2361/2361/2291 2334/2334/2264
f 2358/2358/2265 2385/2385/2292 2383/2383/2289 2356/2356/2261
f 2347/2347/2266 2374/2374/2293 2372/2372/2288 2345/2345/2260
f 2338/2338/2267 2365/2365/2294 2362/2362/1883 2335/2335/1883
f 2357/2357/2268 2384/2384/2295 2385/2385/2292 2358/2358/2265
f 2346/2346/2262 2373/2373/2290 2375/2375/2296 2348/2348/2269
f 2337/2337/2270 2364/2364/2297 2365/2365/2294 2338/2338/2267
f 2359/2359/2253 2386/2386/2282 2384/2384/2295 2357/2357/2268
f 2349/2349/2271 2376/2376/2298 2374/2374/2293 2347/2347/2266
f 2340/2340/2272 2367/2367/2299 2364/2364/2297 2337/2337/2270
f 2348/2348/2269 2375/2375/2296 2377/2377/2275 2350/2350/2273
f 2339/2339/2274 2366/2366/2300 2367/2367/2299 2340/2340/2272
f 2351/2351/2249 2378/2378/2279 2376/2376/2298 2349/2349/2271
f 2334/2334/2264 2361/2361/2291 2366/2366/2300 2339/2339/2274
f 2378/2378/2279 2405/2405/2301 2403/2403/2302 2376/2376/2298
f 2361/2361/2291 2388/2388/2303 2393/2393/2304 2366/2366/2300
f 2377/2377/2275 2404/2404/2305 2406/2406/2306 2379/2379/2276
f 2368/2368/2277 2395/2395/2307 2390/2390/2308 2363/2363/2278
f 2380/2380/2255 2407/2407/2284 2405/2405/2301 2378/2378/2279
f 2379/2379/2276 2406/2406/2306 2408/2408/2309 2381/2381/2280
f 2044/2044/1908 2396/2396/2310 2369/2369/2281
f 2408/2408/2309 2413/2413/2311 2386/2386/2282 2381/2381/2280
f 2434/2434/2312 2407/2407/2284 2414/2414/2283 2441/2441/2313
f 2370/2370/2285 2397/2397/2314 2395/2395/2307 2368/2368/2277
f 2362/2362/1883 2389/2389/1883 2065/2065/1883
f 2369/2369/2281 2396/2396/2310 2398/2398/2315 2371/2371/2286
f 2382/2382/2287 2409/2409/2316 2414/2414/2283 2387/2387/2254
f 2372/2372/2288 2399/2399/2317 2397/2397/2314 2370/2370/2285
f 2383/2383/2289 2410/2410/2318 2409/2409/2316 2382/2382/2287
f 2371/2371/2286 2398/2398/2315 2400/2400/2319 2373/2373/2290
f 2363/2363/2278 2390/2390/2308 2388/2388/2303 2361/2361/2291
f 2385/2385/2292 2412/2412/2320 2410/2410/2318 2383/2383/2289
f 2374/2374/2293 2401/2401/2321 2399/2399/2317 2372/2372/2288
f 2365/2365/2294 2392/2392/2322 2389/2389/1883 2362/2362/1883
f 2384/2384/2295 2411/2411/2323 2412/2412/2320 2385/2385/2292
f 2373/2373/2290 2400/2400/2319 2402/2402/2324 2375/2375/2296
f 2364/2364/2297 2391/2391/2325 2392/2392/2322 2365/2365/2294
f 2386/2386/2282 2413/2413/2311 2411/2411/2323 2384/2384/2295
f 2376/2376/2298 2403/2403/2302 2401/2401/2321 2374/2374/2293
f 2367/2367/2299 2394/2394/2326 2391/2391/2325 2364/2364/2297
f 2375/2375/2296 2402/2402/2324 2404/2404/2305 2377/2377/2275
f 2366/2366/2300 2393/2393/2304 2394/2394/2326 2367/2367/2299
f 2435/2435/2327 2440/2440/2328 2413/2413/2311 2408/2408/2309
f 2402/2402/2324 2429/2429/2329 2431/2431/2330 2404/2404/2305
f 2393/2393/2304 2420/2420/2331 2421/2421/2332 2394/2394/2326
f 2405/2405/2301 2432/2432/2333 2430/2430/2334 2403/2403/2302
f 2388/2388/2303 2415/2415/2335 2420/2420/2331 2393/2393/2304
f 2404/2404/2305 2431/2431/2330 2433/2433/2336 2406/2406/2306
f 2395/2395/2307 2422/2422/2337 2417/2417/2338 2390/2390/2308
f 2407/2407/2284 2434/2434/2312 2432/2432/2333 2405/2405/2301
f 2406/2406/2306 2433/2433/2336 2435/2435/2327 2408/2408/2309
f 2044/2044/1908 2423/2423/2339 2396/2396/2310
f 2461/2461/2340 2434/2434/2312 2441/2441/2313 2468/2468/2341
f 2397/2397/2314 2424/2424/2342 2422/2422/2337 2395/2395/2307
f 2389/2389/1883 2416/2416/1883 2065/2065/1883
f 2396/2396/2310 2423/2423/2339 2425/2425/2343 2398/2398/2315
f 2409/2409/2316 2436/2436/2344 2441/2441/2313 2414/2414/2283
f 2399/2399/2317 2426/2426/2345 2424/2424/2342 2397/2397/2314
f 2410/2410/2318 2437/2437/2346 2436/2436/2344 2409/2409/2316
f 2398/2398/2315 2425/2425/2343 2427/2427/2347 2400/2400/2319
f 2390/2390/2308 2417/2417/2338 2415/2415/2335 2388/2388/2303
f 2412/2412/2320 2439/2439/2348 2437/2437/2346 2410/2410/2318
f 2401/2401/2321 2428/2428/2349 2426/2426/2345 2399/2399/2317
f 2392/2392/2322 2419/2419/2350 2416/2416/1883 2389/2389/1883
f 2411/2411/2323 2438/2438/2351 2439/2439/2348 2412/2412/2320
f 2400/2400/2319 2427/2427/2347 2429/2429/2329 2402/2402/2324
f 2391/2391/2325 2418/2418/2352 2419/2419/2350 2392/2392/2322
f 2413/2413/2311 2440/2440/2328 2438/2438/2351 2411/2411/2323
f 2403/2403/2302 2430/2430/2334 2428/2428/2349 2401/2401/2321
f 2394/2394/2326 2421/2421/2332 2418/2418/2352 2391/2391/2325
f 2440/2440/2328 2467/2467/2353 2465/2465/2354 2438/2438/2351
f 2430/2430/2334 2457/2457/2355 2455/2455/2356 2428/2428/2349
f 2421/2421/2332 2448/2448/2357 2445/2445/2358 2418/2418/2352
f 2462/2462/2359 2467/2467/2353 2440/2440/2328 2435/2435/2327
f 2429/2429/2329 2456/2456/2360 2458/2458/2361 2431/2431/2330
f 2420/2420/2331 2447/2447/2362 2448/2448/2357 2421/2421/2332
f 2432/2432/2333 2459/2459/2363 2457/2457/2355 2430/2430/2334
f 2415/2415/2335 2442/2442/2364 2447/2447/2362 2420/2420/2331
f 2431/2431/2330 2458/2458/2361 2460/2460/2365 2433/2433/2336
f 2422/2422/2337 2449/2449/2366 2444/2444/2367 2417/2417/2338
f 2434/2434/2312 2461/2461/2340 2459/2459/2363 2432/2432/2333
f 2433/2433/2336 2460/2460/2365 2462/2462/2359 2435/2435/2327
f 2044/2044/1908 2450/2450/2368 2423/2423/2339
f 2488/2488/2369 2461/2461/2340 2468/2468/2341 2495/2495/2370
f 2424/2424/2342 2451/2451/2371 2449/2449/2366 2422/2422/2337
f 2416/2416/1883 2443/2443/1883 2065/2065/1883
f 2423/2423/2339 2450/2450/2368 2452/2452/2372 2425/2425/2343
f 2436/2436/2344 2463/2463/2373 2468/2468/2341 2441/2441/2313
f 2426/2426/2345 2453/2453/2374 2451/2451/2371 2424/2424/2342
f 2437/2437/2346 2464/2464/2375 2463/2463/2373 2436/2436/2344
f 2425/2425/2343 2452/2452/2372 2454/2454/2376 2427/2427/2347
f 2417/2417/2338 2444/2444/2367 2442/2442/2364 2415/2415/2335
f 2439/2439/2348 2466/2466/2377 2464/2464/2375 2437/2437/2346
f 2428/2428/2349 2455/2455/2356 2453/2453/2374 2426/2426/2345
f 2419/2419/2350 2446/2446/2378 2443/2443/1883 2416/2416/1883
f 2438/2438/2351 2465/2465/2354 2466/2466/2377 2439/2439/2348
f 2427/2427/2347 2454/2454/2376 2456/2456/2360 2429/2429/2329
f 2418/2418/2352 2445/2445/2358 2446/2446/2378 2419/2419/2350
f 2465/2465/2354 2492/2492/2379 2493/2493/2380 2466/2466/2377
f 2454/2454/2376 2481/2481/2381 2483/2483/2382 2456/2456/2360
f 2445/2445/2358 2472/2472/2383 2473/2473/2384 2446/2446/2378
f 2467/2467/2353 2494/2494/2385 2492/2492/2379 2465/2465/2354
f 2457/2457/2355 2484/2484/2386 2482/2482/2387 2455/2455/2356
f 2448/2448/2357 2475/2475/2388 2472/2472/2383 2445/2445/2358
f 2489/2489/2389 2494/2494/2385 2467/2467/2353 2462/2462/2359
f 2456/2456/2360 2483/2483/2382 2485/2485/2390 2458/2458/2361
f 2447/2447/2362 2474/2474/2391 2475/2475/2388 2448/2448/2357
f 2459/2459/2363 2486/2486/2392 2484/2484/2386 2457/2457/2355
f 2442/2442/2364 2469/2469/2393 2474/2474/2391 2447/2447/2362
f 2458/2458/2361 2485/2485/2390 2487/2487/2394 2460/2460/2365
f 2449/2449/2366 2476/2476/2395 2471/2471/2396 2444/2444/2367
f 2461/2461/2340 2488/2488/2369 2486/2486/2392 2459/2459/2363
f 2460/2460/2365 2487/2487/2394 2489/2489/2389 2462/2462/2359
f 2044/2044/1908 2477/2477/2397 2450/2450/2368
f 2515/2515/2398 2488/2488/2369 2495/2495/2370 2522/2522/2399
f 2451/2451/2371 2478/2478/2400 2476/2476/2395 2449/2449/2366
f 2443/2443/1883 2470/2470/1883 2065/2065/1883
f 2450/2450/2368 2477/2477/2397 2479/2479/2401 2452/2452/2372
f 2463/2463/2373 2490/2490/2402 2495/2495/2370 2468/2468/2341
f 2453/2453/2374 2480/2480/2403 2478/2478/2400 2451/2451/2371
f 2464/2464/2375 2491/2491/2404 2490/2490/2402 2463/2463/2373
f 2452/2452/2372 2479/2479/2401 2481/2481/2381 2454/2454/2376
f 2444/2444/2367 2471/2471/2396 2469/2469/2393 2442/2442/2364
f 2466/2466/2377 2493/2493/2380 2491/2491/2404 2464/2464/2375
f 2455/2455/2356 2482/2482/2387 2480/2480/2403 2453/2453/2374
f 2446/2446/2378 2473/2473/2384 2470/2470/1883 2443/2443/1883
f 2493/2493/2380 2520/2520/2405 2518/2518/2406 2491/2491/2404
f 2482/2482/2387 2509/2509/2407 2507/2507/2408 2480/2480/2403
f 2473/2473/2384 2500/2500/2409 2497/2497/1883 2470/2470/1883
f 2492/2492/2379 2519/2519/2410 2520/2520/2405 2493/2493/2380
f 2481/2481/2381 2508/2508/2411 2510/2510/2412 2483/2483/2382
f 2472/2472/2383 2499/2499/2413 2500/2500/2409 2473/2473/2384
f 2494/2494/2385 2521/2521/2414 2519/2519/2410 2492/2492/2379
f 2484/2484/2386 2511/2511/2415 2509/2509/2407 2482/2482/2387
f 2475/2475/2388 2502/2502/2416 2499/2499/2413 2472/2472/2383
f 2516/2516/2417 2521/2521/2414 2494/2494/2385 2489/2489/2389
f 2483/2483/2382 2510/2510/2412 2512/2512/2418 2485/2485/2390
f 2474/2474/2391 2501/2501/2419 2502/2502/2416 2475/2475/2388
f 2486/2486/2392 2513/2513/2420 2511/2511/2415 2484/2484/2386
f 2469/2469/2393 2496/2496/2421 2501/2501/2419 2474/2474/2391
f 2485/2485/2390 2512/2512/2418 2514/2514/2422 2487/2487/2394
f 2476/2476/2395 2503/2503/2423 2498/2498/2424 2471/2471/2396
f 2488/2488/2369 2515/2515/2398 2513/2513/2420 2486/2486/2392
f 2487/2487/2394 2514/2514/2422 2516/2516/2417 2489/2489/2389
f 2044/2044/1908 2504/2504/2425 2477/2477/2397
f 2542/2542/2426 2515/2515/2398 2522/2522/2399 2549/2549/2427
f 2478/2478/2400 2505/2505/2428 2503/2503/2423 2476/2476/2395
f 2470/2470/1883 2497/2497/1883 2065/2065/1883
f 2477/2477/2397 2504/2504/2425 2506/2506/2429 2479/2479/2401
f 2490/2490/2402 2517/2517/2430 2522/2522/2399 2495/2495/2370
f 2480/2480/2403 2507/2507/2408 2505/2505/2428 2478/2478/2400
f 2491/2491/2404 2518/2518/2406 2517/2517/2430 2490/2490/2402
f 2479/2479/2401 2506/2506/2429 2508/2508/2411 2481/2481/2381
f 2471/2471/2396 2498/2498/2424 2496/2496/2421 2469/2469/2393
f 2518/2518/2406 2545/2545/2431 2544/2544/2432 2517/2517/2430
f 2506/2506/2429 2533/2533/2433 2535/2535/2434 2508/2508/2411
f 2498/2498/2424 2525/2525/2435 2523/2523/2436 2496/2496/2421
f 2520/2520/2405 2547/2547/2437 2545/2545/2431 2518/2518/2406
f 2509/2509/2407 2536/2536/2438 2534/2534/2439 2507/2507/2408
f 2500/2500/2409 2527/2527/2440 2524/2524/1883 2497/2497/1883
f 2519/2519/2410 2546/2546/2441 2547/2547/2437 2520/2520/2405
f 2508/2508/2411 2535/2535/2434 2537/2537/2442 2510/2510/2412
f 2499/2499/2413 2526/2526/2443 2527/2527/2440 2500/2500/2409
f 2521/2521/2414 2548/2548/2444 2546/2546/2441 2519/2519/2410
f 2511/2511/2415 2538/2538/2445 2536/2536/2438 2509/2509/2407
f 2502/2502/2416 2529/2529/2446 2526/2526/2443 2499/2499/2413
f 2543/2543/2447 2548/2548/2444 2521/2521/2414 2516/2516/2417
f 2510/2510/2412 2537/2537/2442 2539/2539/2448 2512/2512/2418
f 2501/2501/2419 2528/2528/2449 2529/2529/2446 2502/2502/2416
f 2513/2513/2420 2540/2540/2450 2538/2538/2445 2511/2511/2415
f 2496/2496/2421 2523/2523/2436 2528/2528/2449 2501/2501/2419
f 2512/2512/2418 2539/2539/2448 2541/2541/2451 2514/2514/2422
f 2503/2503/2423 2530/2530/2452 2525/2525/2435 2498/2498/2424
f 2515/2515/2398 2542/2542/2426 2540/2540/2450 2513/2513/2420
f 2514/2514/2422 2541/2541/2451 2543/2543/2447 2516/2516/2417
f 2044/2044/1908 2531/2531/2453 2504/2504/2425
f 2569/2569/2454 2542/2542/2426 2549/2549/2427 2576/2576/2455
f 2505/2505/2428 2532/2532/2456 2530/2530/2452 2503/2503/2423
f 2497/2497/1883 2524/2524/1883 2065/2065/1883
f 2504/2504/2425 2531/2531/2453 2533/2533/2433 2506/2506/2429
f 2517/2517/2430 2544/2544/2432 2549/2549/2427 2522/2522/2399
f 2507/2507/2408 2534/2534/2439 2532/2532/2456 2505/2505/2428
f 2544/2544/2432 2571/2571/2457 2576/2576/2455 2549/2549/2427
f 2534/2534/2439 2561/2561/2458 2559/2559/2459 2532/2532/2456
f 2545/2545/2431 2572/2572/2460 2571/2571/2457 2544/2544/2432
f 2533/2533/2433 2560/2560/2461 2562/2562/2462 2535/2535/2434
f 2525/2525/2435 2552/2552/2463 2550/2550/2464 2523/2523/2436
f 2547/2547/2437 2574/2574/2465 2572/2572/2460 2545/2545/2431
f 2536/2536/2438 2563/2563/2466 2561/2561/2458 2534/2534/2439
f 2527/2527/2440 2554/2554/2467 2551/2551/1883 2524/2524/1883
f 2546/2546/2441 2573/2573/2468 2574/2574/2465 2547/2547/2437
f 2535/2535/2434 2562/2562/2462 2564/2564/2469 2537/2537/2442
f 2526/2526/2443 2553/2553/2470 2554/2554/2467 2527/2527/2440
f 2548/2548/2444 2575/2575/2471 2573/2573/2468 2546/2546/2441
f 2538/2538/2445 2565/2565/2472 2563/2563/2466 2536/2536/2438
f 2529/2529/2446 2556/2556/2473 2553/2553/2470 2526/2526/2443
f 2570/2570/2474 2575/2575/2471 2548/2548/2444 2543/2543/2447
f 2537/2537/2442 2564/2564/2469 2566/2566/2475 2539/2539/2448
f 2528/2528/2449 2555/2555/2476 2556/2556/2473 2529/2529/2446
f 2540/2540/2450 2567/2567/2477 2565/2565/2472 2538/2538/2445
f 2523/2523/2436 2550/2550/2464 2555/2555/2476 2528/2528/2449
f 2539/2539/2448 2566/2566/2475 2568/2568/2478 2541/2541/2451
f 2530/2530/2452 2557/2557/2479 2552/2552/2463 2525/2525/2435
f 2542/2542/2426 2569/2569/2454 2567/2567/2477 2540/2540/2450
f 2541/2541/2451 2568/2568/2478 2570/2570/2474 2543/2543/2447
f 2044/2044/1908 2558/2558/2480 2531/2531/2453
f 2570/2570/2474 1947/1947/1872 1952/1952/1859 2575/2575/2471
f 2532/2532/2456 2559/2559/2459 2557/2557/2479 2530/2530/2452
f 2524/2524/1883 2551/2551/1883 2065/2065/1883
f 2531/2531/2453 2558/2558/2480 2560/2560/2461 2533/2533/2433
f 1946/1946/1884 2569/2569/2454 2576/2576/2455 1953/1953/1905
f 2558/2558/2480 1935/1935/1877 1937/1937/1880 2560/2560/2461
f 2571/2571/2457 1948/1948/1903 1953/1953/1905 2576/2576/2455
f 2561/2561/2458 1938/1938/1888 1936/1936/1867 2559/2559/2459
f 2572/2572/2460 1949/1949/1906 1948/1948/1903 2571/2571/2457
f 2560/2560/2461 1937/1937/1880 1939/1939/1893 2562/2562/2462
f 2552/2552/2463 1929/1929/1873 1927/1927/1876 2550/2550/2464
f 2574/2574/2465 1951/1951/1909 1949/1949/1906 2572/2572/2460
f 2563/2563/2466 1940/1940/1899 1938/1938/1888 2561/2561/2458
f 2554/2554/2467 1931/1931/1881 1928/1928/1883 2551/2551/1883
f 2573/2573/2468 1950/1950/1862 1951/1951/1909 2574/2574/2465
f 2562/2562/2462 1939/1939/1893 1941/1941/1902 2564/2564/2469
f 2553/2553/2470 1930/1930/1886 1931/1931/1881 2554/2554/2467
f 2575/2575/2471 1952/1952/1859 1950/1950/1862 2573/2573/2468
f 2565/2565/2472 1942/1942/1858 1940/1940/1899 2563/2563/2466
f 2556/2556/2473 1933/1933/1890 1930/1930/1886 2553/2553/2470
f 2564/2564/2469 1941/1941/1902 1943/1943/1863 2566/2566/2475
f 2555/2555/2476 1932/1932/1894 1933/1933/1890 2556/2556/2473
f 2567/2567/2477 1944/1944/1855 1942/1942/1858 2565/2565/2472
f 2550/2550/2464 1927/1927/1876 1932/1932/1894 2555/2555/2476
f 2566/2566/2475 1943/1943/1863 1945/1945/1866 2568/2568/2478
f 2557/2557/2479 1934/1934/1870 1929/1929/1873 2552/2552/2463
f 2569/2569/2454 1946/1946/1884 1944/1944/1855 2567/2567/2477
f 2568/2568/2478 1945/1945/1866 1947/1947/1872 2570/2570/2474
f 2044/2044/1908 1935/1935/1877 2558/2558/2480
f 2559/2559/2459 1936/1936/1867 1934/1934/1870 2557/2557/2479
f 2551/2551/1883 1928/1928/1883 2065/2065/1883
f 1973/1973/1885 1946/1946/1884 1953/1953/1905 1980/1980/1896
o glass
v 12.439070 0.433808 0.000000
v 12.515267 -0.001022 0.000000
v 12.411861 -0.001022 0.000000
v 12.515267 0.433808 0.000000
v 11.784035 0.433808 0.000000
v 12.439070 1.004311 0.000000
v 12.515267 1.004311 0.000000
v 12.515267 3.460952 0.000000
v 12.439070 3.460952 0.000000
v 12.439070 3.663107 0.000000
v 12.452080 3.676117 0.000000
v 12.515267 3.663107 0.000000
v 12.502257 3.676117 0.000000
v 12.416750 0.433808 -0.169535
v 12.490352 -0.001022 -0.189257
v 12.390469 -0.001022 -0.162493
v 12.490352 0.433808 -0.189257
v 12.416750 1.004311 -0.169535
v 12.490352 1.004311 -0.189257
v 12.490352 3.460952 -0.189257
v 12.416750 3.460952 -0.169535
v 12.416750 3.663107 -0.169535
v 12.429317 3.676117 -0.172903
v 12.490352 3.663107 -0.189257
v 12.477785 3.676117 -0.185890
v 12.351312 0.433808 -0.327517
v 12.417301 -0.001022 -0.365616
v 12.327748 -0.001022 -0.313913
v 12.417301 0.433808 -0.365616
v 12.351312 1.004311 -0.327517
v 12.417301 1.004311 -0.365616
v 12.417301 3.460952 -0.365616
v 12.351312 3.460952 -0.327517
v 12.351312 3.663107 -0.327517
v 12.362578 3.676117 -0.334022
v 12.417301 3.663107 -0.365616
v 12.406034 3.676117 -0.359111
v 12.247214 0.433808 -0.463180
v 12.301094 -0.001022 -0.517060
v 12.227975 -0.001022 -0.443940
v 12.301094 0.433808 -0.517060
v 11.784035 -0.001022 0.000000
v 12.247214 1.004311 -0.463180
v 12.301094 1.004311 -0.517060
v 12.301094 3.460952 -0.517060
v 12.247214 3.460952 -0.463180
v 12.247214 3.663107 -0.463180
v 12.256413 3.676117 -0.472379
v 12.301094 3.663107 -0.517060
v 12.291895 3.676117 -0.507860
v 12.111552 0.433808 -0.567277
v 12.149652 -0.001022 -0.633266
v 12.097948 -0.001022 -0.543713
v 12.149652 0.433808 -0.633266
v 12.111552 1.004311 -0.567277
v 12.149652 1.004311 -0.633266
v 12.149652 3.460952 -0.633266
v 12.111552 3.460952 -0.567277
v 12.111552 3.663107 -0.567277
v 12.118057 3.676117 -0.578544
v 12.149652 3.663107 -0.633266
v 12.143147 3.676117 -0.621999
v 11.953570 0.433808 -0.632715
v 11.973291 -0.001022 -0.706317
v 11.946528 -0.001022 -0.606434
v 11.973291 0.433808 -0.706317
v 11.953570 1.004311 -0.632715
v 11.973291 1.004311 -0.706317
v 11.973291 3.460952 -0.706317
v 11.953570 3.460952 -0.632715
v 11.953570 3.663107 -0.632715
v 11.956938 3.676117 -0.645282
v 11.973291 3.663107 -0.706317
v 11.969925 3.676117 -0.693750
v 11.784035 0.433808 -0.655035
v 11.784035 -0.001022 -0.731233
v 11.784035 -0.001022 -0.627826
v 11.784035 0.433808 -0.731233
v 11.784035 1.004311 -0.655035
v 11.784035 1.004311 -0.731233
v 11.784035 3.460952 -0.731233
v 11.784035 3.460952 -0.655035
v 11.784035 3.663107 -0.655035
v 11.784035 3.676117 -0.668045
v 11.784035 3.663107 -0.731233
v 11.784035 3.676117 -0.718223
v 11.614499 0.433808 -0.632715
v 11.594778 -0.001022 -0.706317
v 11.621541 -0.001022 -0.606434
v 11.594778 0.433808 -0.706317
v 11.614499 1.004311 -0.632715
v 11.594778 1.004311 -0.706317
v 11.594778 3.460952 -0.706317
v 11.614499 3.460952 -0.632715
v 11.614499 3.663107 -0.632715
v 11.611132 3.676117 -0.645282
v 11.594778 3.663107 -0.706317
v 11.598145 3.676117 -0.693750
v 11.456517 0.433808 -0.567277
v 11.418418 -0.001022 -0.633266
v 11.470121 -0.001022 -0.543713
v 11.418418 0.433808 -0.633266
v 11.456517 1.004311 -0.567277
v 11.418418 1.004311 -0.633266
v 11.418418 3.460952 -0.633266
v 11.456517 3.460952 -0.567277
v 11.456517 3.663107 -0.567277
v 11.450012 3.676117 -0.578544
v 11.418418 3.663107 -0.633266
v 11.424923 3.676117 -0.621999
v 11.320855 0.433808 -0.463179
v 11.266975 -0.001022 -0.517060
v 11.340095 -0.001022 -0.443940
v 11.266975 0.433808 -0.517060
v 11.320855 1.004311 -0.463179
v 11.266975 1.004311 -0.517060
v 11.266975 3.460952 -0.517060
v 11.320855 3.460952 -0.463179
v 11.320855 3.663107 -0.463179
v 11.311656 3.676117 -0.472379
v 11.266975 3.663107 -0.517060
v 11.276175 3.676117 -0.507860
v 11.216758 0.433808 -0.327517
v 11.150768 -0.001022 -0.365616
v 11.240321 -0.001022 -0.313913
v 11.150768 0.433808 -0.365616
v 11.216758 1.004311 -0.327517
v 11.150768 1.004311 -0.365616
v 11.150768 3.460952 -0.365616
v 11.216758 3.460952 -0.327517
v 11.216758 3.663107 -0.327517
v 11.205491 3.676117 -0.334022
v 11.150768 3.663107 -0.365616
v 11.162035 3.676117 -0.359111
v 11.151320 0.433808 -0.169535
v 11.077718 -0.001022 -0.189257
v 11.177601 -0.001022 -0.162493
v 11.077718 0.433808 -0.189257
v 11.151320 1.004311 -0.169535
v 11.077718 1.004311 -0.189257
v 11.077718 3.460952 -0.189257
v 11.151320 3.460952 -0.169535
v 11.151320 3.663107 -0.169535
v 11.138753 3.676117 -0.172903
v 11.077718 3.663107 -0.189257
v 11.090284 3.676117 -0.185890
v 11.129000 0.433808 0.000000
v 11.052802 -0.001022 0.000000
v 11.156209 -0.001022 0.000000
v 11.052802 0.433808 0.000000
v 11.129000 1.004311 0.000000
v 11.052802 1.004311 0.000000
v 11.052802 3.460952 0.000000
v 11.129000 3.460952 0.000000
v 11.129000 3.663107 0.000000
v 11.115990 3.676117 0.000000
v 11.052802 3.663107 0.000000
v 11.065812 3.676117 -0.000000
v 11.151320 0.433808 0.169535
v 11.077718 -0.001022 0.189257
v 11.177601 -0.001022 0.162493
v 11.077718 0.433808 0.189257
v 11.151320 1.004311 0.169535
v 11.077718 1.004311 0.189257
v 11.077718 3.460952 0.189257
v 11.151320 3.460952 0.169535
v 11.151320 3.663107 0.169535
v 11.138753 3.676117 0.172903
v 11.077718 3.663107 0.189257
v 11.090284 3.676117 0.185890
v 11.216759 0.433808 0.327517
v 11.150768 -0.001022 0.365617
v 11.240321 -0.001022 0.313913
v 11.150768 0.433808 0.365617
v 11.216759 1.004311 0.327517
v 11.150768 1.004311 0.365617
v 11.150768 3.460952 0.365617
v 11.216759 3.460952 0.327517
v 11.216759 3.663107 0.327517
v 11.205491 3.676117 0.334022
v 11.150768 3.663107 0.365617
v 11.162035 3.676117 0.359111
v 11.320855 0.433808 0.463179
v 11.266975 -0.001022 0.517060
v 11.340095 -0.001022 0.443940
v 11.266975 0.433808 0.517060
v 11.320855 1.004311 0.463179
v 11.266975 1.004311 0.517060
v 11.266975 3.460952 0.517060
v 11.320855 3.460952 0.463179
v 11.320855 3.663107 0.463179
v 11.311656 3.676117 0.472379
v 11.266975 3.663107 0.517060
v 11.276175 3.676117 0.507860
v 11.456517 0.433808 0.567277
v 11.418419 -0.001022 0.633266
v 11.470121 -0.001022 0.543713
v 11.418419 0.433808 0.633266
v 11.456517 1.004311 0.567277
v 11.418419 1.004311 0.633266
v 11.418419 3.460952 0.633266
v 11.456517 3.460952 0.567277
v 11.456517 3.663107 0.567277
v 11.450012 3.676117 0.578544
v 11.418419 3.663107 0.633266
v 11.424923 3.676117 0.621999
v 11.614499 0.433808 0.632715
v 11.594778 -0.001022 0.706317
v 11.621541 -0.001022 0.606433
v 11.594778 0.433808 0.706317
v 11.614499 1.004311 0.632715
v 11.594778 1.004311 0.706317
v 11.594778 3.460952 0.706317
v 11.614499 3.460952 0.632715
v 11.614499 3.663107 0.632715
v 11.611132 3.676117 0.645282
v 11.594778 3.663107 0.706317
v 11.598145 3.676117 0.693750
v 11.784035 0.433808 0.655034
v 11.784035 -0.001022 0.731233
v 11.784035 -0.001022 0.627826
v 11.784035 0.433808 0.731233
v 11.784035 1.004311 0.655034
v 11.784035 1.004311 0.731233
v 11.784035 3.460952 0.731233
v 11.784035 3.460952 0.655034
v 11.784035 3.663107 0.655034
v 11.784035 3.676117 0.668045
v 11.784035 3.663107 0.731233
v 11.784035 3.676117 0.718223
v 11.953570 0.433808 0.632715
v 11.973291 -0.001022 0.706317
v 11.946528 -0.001022 0.606433
v 11.973291 0.433808 0.706317
v 11.953570 1.004311 0.632715
v 11.973291 1.004311 0.706317
v 11.973291 3.460952 0.706317
v 11.953570 3.460952 0.632715
v 11.953570 3.663107 0.632715
v 11.956938 3.676117 0.645282
v 11.973291 3.663107 0.706317
v 11.969925 3.676117 0.693750
v 12.111552 0.433808 0.567276
v 12.149652 -0.001022 0.633266
v 12.097948 -0.001022 0.543713
v 12.149652 0.433808 0.633266
v 12.111552 1.004311 0.567276
v 12.149652 1.004311 0.633266
v 12.149652 3.460952 0.633266
v 12.111552 3.460952 0.567276
v 12.111552 3.663107 0.567276
v 12.118057 3.676117 0.578544
v 12.149652 3.663107 0.633266
v 12.143147 3.676117 0.621999
v 12.247214 0.433808 0.463179
v 12.301094 -0.001022 0.517060
v 12.227975 -0.001022 0.443940
v 12.301094 0.433808 0.517060
v 12.247214 1.004311 0.463179
v 12.301094 1.004311 0.517060
v 12.301094 3.460952 0.517060
v 12.247214 3.460952 0.463179
v 12.247214 3.663107 0.463179
v 12.256413 3.676117 0.472379
v 12.301094 3.663107 0.517060
v 12.291895 3.676117 0.507860
v 12.351311 0.433808 0.327517
v 12.417301 -0.001022 0.365616
v 12.327748 -0.001022 0.313913
v 12.417301 0.433808 0.365616
v 12.351311 1.004311 0.327517
v 12.417301 1.004311 0.365616
v 12.417301 3.460952 0.365616
v 12.351311 3.460952 0.327517
v 12.351311 3.663107 0.327517
v 12.362578 3.676117 0.334022
v 12.417301 3.663107 0.365616
v 12.406034 3.676117 0.359111
v 12.416749 0.433808 0.169535
v 12.490352 -0.001022 0.189257
v 12.390468 -0.001022 0.162493
v 12.490352 0.433808 0.189257
v 12.416749 1.004311 0.169535
v 12.490352 1.004311 0.189257
v 12.490352 3.460952 0.189257
v 12.416749 3.460952 0.169535
v 12.416749 3.663107 0.169535
v 12.429317 3.676117 0.172903
v 12.490352 3.663107 0.189257
v 12.477785 3.676117 0.185890
vn -0.0000 1.0000 -0.0000
vn -0.7343 0.6789 -0.0000
vn -0.7092 0.6789 0.1900
vn -1.0000 -0.0000 -0.0000
vn -0.9659 -0.0000 0.2588
vn 0.9283 0.3719 -0.0000
vn 1.0000 -0.0000 -0.0000
vn 0.9659 -0.0000 -0.2588
vn 0.8967 0.3719 -0.2403
vn 0.4092 0.9124 -0.0000
vn 0.3953 0.9124 -0.1059
vn 0.7343 -0.6789 -0.0000
vn -0.0000 -1.0000 -0.0000
vn 0.7092 -0.6789 -0.1900
vn -0.3548 0.9349 -0.0000
vn -0.3427 0.9349 0.0918
vn -0.9189 0.3944 -0.0000
vn -0.8876 0.3944 0.2378
vn -0.7958 0.3944 0.4595
vn -0.8660 -0.0000 0.5000
vn 0.6359 -0.6789 -0.3671
vn 0.8660 -0.0000 -0.5000
vn 0.8039 0.3719 -0.4641
vn -0.6359 0.6789 0.3671
vn 0.3544 0.9124 -0.2046
vn -0.3073 0.9349 0.1774
vn 0.7071 -0.0000 -0.7071
vn 0.6564 0.3719 -0.6564
vn -0.5192 0.6789 0.5192
vn 0.2894 0.9124 -0.2894
vn -0.2509 0.9349 0.2509
vn -0.6498 0.3944 0.6498
vn -0.7071 -0.0000 0.7071
vn 0.5192 -0.6789 -0.5192
vn 0.2046 0.9124 -0.3544
vn -0.1774 0.9349 0.3073
vn 0.5000 -0.0000 -0.8660
vn -0.4595 0.3944 0.7958
vn -0.5000 -0.0000 0.8660
vn -0.3671 0.6789 0.6359
vn 0.3671 -0.6789 -0.6359
vn 0.4641 0.3719 -0.8039
vn -0.0918 0.9349 0.3427
vn -0.2378 0.3944 0.8876
vn -0.2588 -0.0000 0.9659
vn -0.1900 0.6789 0.7092
vn 0.2588 -0.0000 -0.9659
vn 0.1900 -0.6789 -0.7092
vn 0.2403 0.3719 -0.8967
vn 0.1059 0.9124 -0.3953
vn -0.0000 -0.0000 -1.0000
vn -0.0000 -0.6789 -0.7343
vn -0.0000 0.3944 0.9189
vn -0.0000 -0.0000 1.0000
vn -0.0000 0.3719 -0.9283
vn -0.0000 0.6789 0.7343
vn -0.0000 0.9124 -0.4092
vn -0.0000 0.9349 0.3548
vn 0.2588 -0.0000 0.9659
vn -0.2588 -0.0000 -0.9659
vn -0.2403 0.3719 -0.8967
vn 0.1900 0.6789 0.7092
vn -0.1059 0.9124 -0.3953
vn 0.0918 0.9349 0.3427
vn 0.2378 0.3944 0.8876
vn -0.1900 -0.6789 -0.7092
vn 0.3671 0.6789 0.6359
vn -0.4641 0.3719 -0.8039
vn -0.2046 0.9124 -0.3544
vn 0.1774 0.9349 0.3073
vn -0.5000 -0.0000 -0.8660
vn 0.4595 0.3944 0.7958
vn 0.5000 -0.0000 0.8660
vn -0.3671 -0.6789 -0.6359
vn -0.2894 0.9124 -0.2894
vn 0.2509 0.9349 0.2509
vn -0.7071 -0.0000 -0.7071
vn 0.6498 0.3944 0.6498
vn 0.7071 -0.0000 0.7071
vn 0.5192 0.6789 0.5192
vn -0.5192 -0.6789 -0.5192
vn -0.6564 0.3719 -0.6564
vn 0.8660 -0.0000 0.5000
vn 0.6359 0.6789 0.3671
vn -0.8660 -0.0000 -0.5000
vn -0.6359 -0.6789 -0.3671
vn 0.7958 0.3944 0.4595
vn -0.8039 0.3719 -0.4641
vn -0.3544 0.9124 -0.2046
vn 0.3073 0.9349 0.1774
vn 0.8876 0.3944 0.2378
vn 0.9659 -0.0000 0.2588
vn -0.7092 -0.6789 -0.1900
vn -0.9659 -0.0000 -0.2588
vn -0.8967 0.3719 -0.2403
vn 0.7092 0.6789 0.1900
vn -0.3953 0.9124 -0.1059
vn 0.3427 0.9349 0.0918
vn -0.9283 0.3719 -0.0000
vn 0.7343 0.6789 -0.0000
vn -0.4092 0.9124 -0.0000
vn 0.3548 0.9349 -0.0000
vn 0.9189 0.3944 -0.0000
vn -0.7343 -0.6789 -0.0000
vn -0.8967 0.3719 0.2403
vn -0.3953 0.9124 0.1059
vn 0.3427 0.9349 -0.0918
vn 0.8876 0.3944 -0.2378
vn 0.7092 0.6789 -0.1900
vn -0.7092 -0.6789 0.1900
vn 0.3073 0.9349 -0.1774
vn 0.7958 0.3944 -0.4595
vn 0.6359 0.6789 -0.3671
vn -0.6359 -0.6789 0.3671
vn -0.8039 0.3719 0.4641
vn -0.3544 0.9124 0.2046
vn -0.5192 -0.6789 0.5192
vn 0.6498 0.3944 -0.6498
vn -0.6564 0.3719 0.6564
vn 0.5192 0.6789 -0.5192
vn -0.2894 0.9124 0.2894
vn 0.2509 0.9349 -0.2509
vn -0.3671 -0.6789 0.6359
vn -0.4641 0.3719 0.8039
vn 0.3671 0.6789 -0.6359
vn -0.2046 0.9124 0.3544
vn 0.1774 0.9349 -0.3073
vn 0.4595 0.3944 -0.7958
vn -0.2403 0.3719 0.8967
vn 0.1900 0.6789 -0.7092
vn -0.1059 0.9124 0.3953
vn 0.0918 0.9349 -0.3427
vn 0.2378 0.3944 -0.8876
vn -0.1900 -0.6789 0.7092
vn -0.0000 0.9124 0.4092
vn -0.0000 0.9349 -0.3548
vn -0.0000 0.3944 -0.9189
vn -0.0000 0.6789 -0.7343
vn -0.0000 -0.6789 0.7343
vn -0.0000 0.3719 0.9283
vn -0.0918 0.9349 -0.3427
vn -0.2378 0.3944 -0.8876
vn -0.1900 0.6789 -0.7092
vn 0.1900 -0.6789 0.7092
vn 0.2403 0.3719 0.8967
vn 0.1059 0.9124 0.3953
vn 0.3671 -0.6789 0.6359
vn -0.4595 0.3944 -0.7958
vn 0.4641 0.3719 0.8039
vn -0.3671 0.6789 -0.6359
vn 0.2046 0.9124 0.3544
vn -0.1774 0.9349 -0.3073
vn 0.6564 0.3719 0.6564
vn -0.5192 0.6789 -0.5192
vn 0.2894 0.9124 0.2894
vn -0.2509 0.9349 -0.2509
vn -0.6498 0.3944 -0.6498
vn 0.5192 -0.6789 0.5192
vn -0.6359 0.6789 -0.3671
vn 0.8039 0.3719 0.4641
vn 0.3544 0.9124 0.2046
vn -0.3073 0.9349 -0.1774
vn -0.7958 0.3944 -0.4595
vn 0.6359 -0.6789 0.3671
vn 0.3953 0.9124 0.1059
vn -0.3427 0.9349 -0.0918
vn -0.8876 0.3944 -0.2378
vn -0.7092 0.6789 -0.1900
vn 0.7092 -0.6789 0.1900
vn 0.8967 0.3719 0.2403
vt 0.929293 1.000000
vt 1.000000 0.000000
vt 0.929293 0.000000
vt 1.000000 1.000000
vt 0.500000 1.000000
vt 0.929293 1.000000
vt 1.000000 1.000000
vt 1.000000 1.000000
vt 0.929293 1.000000
vt 0.929293 1.000000
vt 0.941365 1.000000
vt 1.000000 1.000000
vt 0.987927 1.000000
vt 0.929293 1.000000
vt 1.000000 0.000000
vt 0.929293 0.000000
vt 1.000000 1.000000
vt 0.929293 1.000000
vt 1.000000 1.000000
vt 1.000000 1.000000
vt 0.929293 1.000000
vt 0.929293 1.000000
vt 0.941365 1.000000
vt 1.000000 1.000000
vt 0.987927 1.000000
vt 0.929293 1.000000
vt 1.000000 0.000000
vt 0.929293 0.000000
vt 1.000000 1.000000
vt 0.929293 1.000000
vt 1.000000 1.000000
vt 1.000000 1.000000
vt 0.929293 1.000000
vt 0.929293 1.000000
vt 0.941365 1.000000
vt 1.000000 1.000000
vt 0.987927 1.000000
vt 0.929293 1.000000
vt 1.000000 0.000000
vt 0.929293 0.000000
vt 1.000000 1.000000
vt 0.500000 0.000000
vt 0.929293 1.000000
vt 1.000000 1.000000
vt 1.000000 1.000000
vt 0.929293 1.000000
vt 0.929293 1.000000
vt 0.941365 1.000000
vt 1.000000 1.000000
vt 0.987927 1.000000
vt 0.929293 1.000000
vt 1.000000 0.000000
vt 0.929293 0.000000
vt 1.000000 1.000000
vt 0.929293 1.000000
vt 1.000000 1.000000
vt 1.000000 1.000000
vt 0.929293 1.000000
vt 0.929293 1.000000
vt 0.941365 1.000000
vt 1.000000 1.000000
vt 0.987927 1.000000
vt 0.929293 1.000000
vt 1.000000 0.000000
vt 0.929293 0.000000
vt 1.000000 1.000000
vt 0.929293 1.000000
vt 1.000000 1.000000
vt 1.000000 1.000000
vt 0.929293 1.000000
vt 0.929293 1.000000
vt 0.941365 1.000000
vt 1.000000 1.000000
vt 0.987927 1.000000
vt 0.929293 1.000000
vt 1.000000 0.000000
vt 0.929293 0.000000
vt 1.000000 1.000000
vt 0.929293 1.000000
vt 1.000000 1.000000
vt 1.000000 1.000000
vt 0.929293 1.000000
vt 0.929293 1.000000
vt 0.941365 1.000000
vt 1.000000 1.000000
vt 0.987927 1.000000
vt 0.929293 1.000000
vt 1.000000 0.000000
vt 0.929293 0.000000
vt 1.000000 1.000000
vt 0.929293 1.000000
vt 1.000000 1.000000
vt 1.000000 1.000000
vt 0.929293 1.000000
vt 0.929293 1.000000
vt 0.941365 1.000000
vt 1.000000 1.000000
vt 0.987927 1.000000
vt 0.929293 1.000000
vt 1.000000 0.000000
vt 0.929293 0.000000
vt 1.000000 1.000000
vt 0.929293 1.000000
vt 1.000000 1.000000
vt 1.000000 1.000000
vt 0.929293 1.000000
vt 0.929293 1.000000
vt 0.941365 1.000000
vt 1.000000 1.000000
vt 0.987927 1.000000
vt 0.929293 1.000000
vt 1.000000 0.000000
vt 0.929293 0.000000
vt 1.000000 1.000000
vt 0.929293 1.000000
vt 1.000000 1.000000
vt 1.000000 1.000000
vt 0.929293 1.000000
vt 0.929293 1.000000
vt 0.941365 1.000000
vt 1.000000 1.000000
vt 0.987927 1.000000
vt 0.929293 1.000000
vt 1.000000 0.000000
vt 0.929293 0.000000
vt 1.000000 1.000000
vt 0.929293 1.000000
vt 1.000000 1.000000
vt 1.000000 1.000000
vt 0.929293 1.000000
vt 0.929293 1.000000
vt 0.941365 1.000000
vt 1.000000 1.000000
vt 0.987927 1.000000
vt 0.929293 1.000000
vt 1.000000 0.000000
vt 0.929293 0.000000
vt 1.000000 1.000000
vt 0.929293 1.000000
vt 1.000000 1.000000
vt 1.000000 1.000000
vt 0.929293 1.000000
vt 0.929293 1.000000
vt 0.941365 1.000000
vt 1.000000 1.000000
vt 0.987927 1.000000
vt 0.929293 1.000000
vt 1.000000 0.000000
vt 0.929293 0.000000
vt 1.000000 1.000000
vt 0.929293 1.000000
vt 1.000000 1.000000
vt 1.000000 1.000000
vt 0.929293 1.000000
vt 0.929293 1.000000
vt 0.941365 1.000000
vt 1.000000 1.000000
vt 0.987927 1.000000
vt 0.929293 1.000000
vt 1.000000 0.000000
vt 0.929293 0.000000
vt 1.000000 1.000000
vt 0.929293 1.000000
vt 1.000000 1.000000
vt 1.000000 1.000000
vt 0.929293 1.000000
vt 0.929293 1.000000
vt 0.941365 1.000000
vt 1.000000 1.000000
vt 0.987927 1.000000
vt 0.929293 1.000000
vt 1.000000 0.000000
vt 0.929293 0.000000
vt 1.000000 1.000000
vt 0.929293 1.000000
vt 1.000000 1.000000
vt 1.000000 1.000000
vt 0.929293 1.000000
vt 0.929293 1.000000
vt 0.941365 1.000000
vt 1.000000 1.000000
vt 0.987927 1.000000
vt 0.929293 1.000000
vt 1.000000 0.000000
vt 0.929293 0.000000
vt 1.000000 1.000000
vt 0.929293 1.000000
vt 1.000000 1.000000
vt 1.000000 1.000000
vt 0.929293 1.000000
vt 0.929293 1.000000
vt 0.941365 1.000000
vt 1.000000 1.000000
vt 0.987927 1.000000
vt 0.929293 1.000000
vt 1.000000 0.000000
vt 0.929293 0.000000
vt 1.000000 1.000000
vt 0.929293 1.000000
vt 1.000000 1.000000
vt 1.000000 1.000000
vt 0.929293 1.000000
vt 0.929293 1.000000
vt 0.941365 1.000000
vt 1.000000 1.000000
vt 0.987927 1.000000
vt 0.929293 1.000000
vt 1.000000 0.000000
vt 0.929293 0.000000
vt 1.000000 1.000000
vt 0.929293 1.000000
vt 1.000000 1.000000
vt 1.000000 1.000000
vt 0.929293 1.000000
vt 0.929293 1.000000
vt 0.941365 1.000000
vt 1.000000 1.000000
vt 0.987927 1.000000
vt 0.929293 1.000000
vt 1.000000 0.000000
vt 0.929293 0.000000
vt 1.000000 1.000000
vt 0.929293 1.000000
vt 1.000000 1.000000
vt 1.000000 1.000000
vt 0.929293 1.000000
vt 0.929293 1.000000
vt 0.941365 1.000000
vt 1.000000 1.000000
vt 0.987927 1.000000
vt 0.929293 1.000000
vt 1.000000 0.000000
vt 0.929293 0.000000
vt 1.000000 1.000000
vt 0.929293 1.000000
vt 1.000000 1.000000
vt 1.000000 1.000000
vt 0.929293 1.000000
vt 0.929293 1.000000
vt 0.941365 1.000000
vt 1.000000 1.000000
vt 0.987927 1.000000
vt 0.929293 1.000000
vt 1.000000 0.000000
vt 0.929293 0.000000
vt 1.000000 1.000000
vt 0.929293 1.000000
vt 1.000000 1.000000
vt 1.000000 1.000000
vt 0.929293 1.000000
vt 0.929293 1.000000
vt 0.941365 1.000000
vt 1.000000 1.000000
vt 0.987927 1.000000
vt 0.929293 1.000000
vt 1.000000 0.000000
vt 0.929293 0.000000
vt 1.000000 1.000000
vt 0.929293 1.000000
vt 1.000000 1.000000
vt 1.000000 1.000000
vt 0.929293 1.000000
vt 0.929293 1.000000
vt 0.941365 1.000000
vt 1.000000 1.000000
vt 0.987927 1.000000
vt 0.929293 1.000000
vt 1.000000 0.000000
vt 0.929293 0.000000
vt 1.000000 1.000000
vt 0.929293 1.000000
vt 1.000000 1.000000
vt 1.000000 1.000000
vt 0.929293 1.000000
vt 0.929293 1.000000
vt 0.941365 1.000000
vt 1.000000 1.000000
vt 0.987927 1.000000
vt 0.929293 1.000000
vt 1.000000 0.000000
vt 0.929293 0.000000
vt 1.000000 1.000000
vt 0.929293 1.000000
vt 1.000000 1.000000
vt 1.000000 1.000000
vt 0.929293 1.000000
vt 0.929293 1.000000
vt 0.941365 1.000000
vt 1.000000 1.000000
vt 0.987927 1.000000
s 1
usemtl glass
f 2581/2581/2481 2577/2577/2482 2590/2590/2483
f 2582/2582/2484 2585/2585/2484 2597/2597/2485 2594/2594/2485
f 2588/2588/2486 2584/2584/2487 2596/2596/2488 2600/2600/2489
f 2589/2589/2490 2588/2588/2486 2600/2600/2489 2601/2601/2491
f 2583/2583/2487 2580/2580/2487 2593/2593/2488 2595/2595/2488
f 2578/2578/2492 2579/2579/2493 2592/2592/2493 2591/2591/2494
f 2587/2587/2495 2589/2589/2490 2601/2601/2491 2599/2599/2496
f 2577/2577/2482 2582/2582/2484 2594/2594/2485 2590/2590/2483
f 2580/2580/2487 2578/2578/2492 2591/2591/2494 2593/2593/2488
f 2586/2586/2497 2587/2587/2495 2599/2599/2496 2598/2598/2498
f 2584/2584/2487 2583/2583/2487 2595/2595/2488 2596/2596/2488
f 2579/2579/2493 2618/2618/2493 2592/2592/2493
f 2585/2585/2484 2586/2586/2497 2598/2598/2498 2597/2597/2485
f 2597/2597/2485 2598/2598/2498 2610/2610/2499 2609/2609/2500
f 2593/2593/2488 2591/2591/2494 2603/2603/2501 2605/2605/2502
f 2594/2594/2485 2597/2597/2485 2609/2609/2500 2606/2606/2500
f 2592/2592/2493 2618/2618/2493 2604/2604/2493
f 2600/2600/2489 2596/2596/2488 2608/2608/2502 2612/2612/2503
f 2581/2581/2481 2590/2590/2483 2602/2602/2504
f 2601/2601/2491 2600/2600/2489 2612/2612/2503 2613/2613/2505
f 2599/2599/2496 2601/2601/2491 2613/2613/2505 2611/2611/2506
f 2595/2595/2488 2593/2593/2488 2605/2605/2502 2607/2607/2502
f 2598/2598/2498 2599/2599/2496 2611/2611/2506 2610/2610/2499
f 2590/2590/2483 2594/2594/2485 2606/2606/2500 2602/2602/2504
f 2596/2596/2488 2595/2595/2488 2607/2607/2502 2608/2608/2502
f 2591/2591/2494 2592/2592/2493 2604/2604/2493 2603/2603/2501
f 2612/2612/2503 2608/2608/2502 2621/2621/2507 2625/2625/2508
f 2581/2581/2481 2602/2602/2504 2614/2614/2509
f 2613/2613/2505 2612/2612/2503 2625/2625/2508 2626/2626/2510
f 2611/2611/2506 2613/2613/2505 2626/2626/2510 2624/2624/2511
f 2607/2607/2502 2605/2605/2502 2617/2617/2507 2620/2620/2507
f 2610/2610/2499 2611/2611/2506 2624/2624/2511 2623/2623/2512
f 2602/2602/2504 2606/2606/2500 2619/2619/2513 2614/2614/2509
f 2608/2608/2502 2607/2607/2502 2620/2620/2507 2621/2621/2507
f 2603/2603/2501 2604/2604/2493 2616/2616/2493 2615/2615/2514
f 2609/2609/2500 2610/2610/2499 2623/2623/2512 2622/2622/2513
f 2605/2605/2502 2603/2603/2501 2615/2615/2514 2617/2617/2507
f 2606/2606/2500 2609/2609/2500 2622/2622/2513 2619/2619/2513
f 2604/2604/2493 2618/2618/2493 2616/2616/2493
f 2624/2624/2511 2626/2626/2510 2638/2638/2515 2636/2636/2516
f 2620/2620/2507 2617/2617/2507 2630/2630/2517 2632/2632/2517
f 2623/2623/2512 2624/2624/2511 2636/2636/2516 2635/2635/2518
f 2614/2614/2509 2619/2619/2513 2631/2631/2519 2627/2627/2520
f 2621/2621/2507 2620/2620/2507 2632/2632/2517 2633/2633/2517
f 2615/2615/2514 2616/2616/2493 2629/2629/2493 2628/2628/2521
f 2622/2622/2513 2623/2623/2512 2635/2635/2518 2634/2634/2519
f 2617/2617/2507 2615/2615/2514 2628/2628/2521 2630/2630/2517
f 2619/2619/2513 2622/2622/2513 2634/2634/2519 2631/2631/2519
f 2616/2616/2493 2618/2618/2493 2629/2629/2493
f 2625/2625/2508 2621/2621/2507 2633/2633/2517 2637/2637/2522
f 2581/2581/2481 2614/2614/2509 2627/2627/2520
f 2626/2626/2510 2625/2625/2508 2637/2637/2522 2638/2638/2515
f 2635/2635/2518 2636/2636/2516 2648/2648/2523 2647/2647/2524
f 2627/2627/2520 2631/2631/2519 2643/2643/2525 2639/2639/2526
f 2633/2633/2517 2632/2632/2517 2644/2644/2527 2645/2645/2527
f 2628/2628/2521 2629/2629/2493 2641/2641/2493 2640/2640/2528
f 2634/2634/2519 2635/2635/2518 2647/2647/2524 2646/2646/2525
f 2630/2630/2517 2628/2628/2521 2640/2640/2528 2642/2642/2527
f 2631/2631/2519 2634/2634/2519 2646/2646/2525 2643/2643/2525
f 2629/2629/2493 2618/2618/2493 2641/2641/2493
f 2637/2637/2522 2633/2633/2517 2645/2645/2527 2649/2649/2529
f 2581/2581/2481 2627/2627/2520 2639/2639/2526
f 2638/2638/2515 2637/2637/2522 2649/2649/2529 2650/2650/2530
f 2636/2636/2516 2638/2638/2515 2650/2650/2530 2648/2648/2523
f 2632/2632/2517 2630/2630/2517 2642/2642/2527 2644/2644/2527
f 2645/2645/2527 2644/2644/2527 2656/2656/2531 2657/2657/2531
f 2640/2640/2528 2641/2641/2493 2653/2653/2493 2652/2652/2532
f 2646/2646/2525 2647/2647/2524 2659/2659/2533 2658/2658/2534
f 2642/2642/2527 2640/2640/2528 2652/2652/2532 2654/2654/2531
f 2643/2643/2525 2646/2646/2525 2658/2658/2534 2655/2655/2534
f 2641/2641/2493 2618/2618/2493 2653/2653/2493
f 2649/2649/2529 2645/2645/2527 2657/2657/2531 2661/2661/2535
f 2581/2581/2481 2639/2639/2526 2651/2651/2536
f 2650/2650/2530 2649/2649/2529 2661/2661/2535 2662/2662/2537
f 2648/2648/2523 2650/2650/2530 2662/2662/2537 2660/2660/2538
f 2644/2644/2527 2642/2642/2527 2654/2654/2531 2656/2656/2531
f 2647/2647/2524 2648/2648/2523 2660/2660/2538 2659/2659/2533
f 2639/2639/2526 2643/2643/2525 2655/2655/2534 2651/2651/2536
f 2655/2655/2534 2658/2658/2534 2670/2670/2539 2667/2667/2539
f 2653/2653/2493 2618/2618/2493 2665/2665/2493
f 2661/2661/2535 2657/2657/2531 2669/2669/2540 2673/2673/2541
f 2581/2581/2481 2651/2651/2536 2663/2663/2542
f 2662/2662/2537 2661/2661/2535 2673/2673/2541 2674/2674/2543
f 2660/2660/2538 2662/2662/2537 2674/2674/2543 2672/2672/2544
f 2656/2656/2531 2654/2654/2531 2666/2666/2540 2668/2668/2540
f 2659/2659/2533 2660/2660/2538 2672/2672/2544 2671/2671/2545
f 2651/2651/2536 2655/2655/2534 2667/2667/2539 2663/2663/2542
f 2657/2657/2531 2656/2656/2531 2668/2668/2540 2669/2669/2540
f 2652/2652/2532 2653/2653/2493 2665/2665/2493 2664/2664/2546
f 2658/2658/2534 2659/2659/2533 2671/2671/2545 2670/2670/2539
f 2654/2654/2531 2652/2652/2532 2664/2664/2546 2666/2666/2540
f 2581/2581/2481 2663/2663/2542 2675/2675/2547
f 2674/2674/2543 2673/2673/2541 2685/2685/2548 2686/2686/2549
f 2672/2672/2544 2674/2674/2543 2686/2686/2549 2684/2684/2550
f 2668/2668/2540 2666/2666/2540 2678/2678/2551 2680/2680/2551
f 2671/2671/2545 2672/2672/2544 2684/2684/2550 2683/2683/2552
f 2663/2663/2542 2667/2667/2539 2679/2679/2553 2675/2675/2547
f 2669/2669/2540 2668/2668/2540 2680/2680/2551 2681/2681/2551
f 2664/2664/2546 2665/2665/2493 2677/2677/2493 2676/2676/2554
f 2670/2670/2539 2671/2671/2545 2683/2683/2552 2682/2682/2553
f 2666/2666/2540 2664/2664/2546 2676/2676/2554 2678/2678/2551
f 2667/2667/2539 2670/2670/2539 2682/2682/2553 2679/2679/2553
f 2665/2665/2493 2618/2618/2493 2677/2677/2493
f 2673/2673/2541 2669/2669/2540 2681/2681/2551 2685/2685/2548
f 2684/2684/2550 2686/2686/2549 2698/2698/2555 2696/2696/2556
f 2680/2680/2551 2678/2678/2551 2690/2690/2557 2692/2692/2557
f 2683/2683/2552 2684/2684/2550 2696/2696/2556 2695/2695/2558
f 2675/2675/2547 2679/2679/2553 2691/2691/2559 2687/2687/2560
f 2681/2681/2551 2680/2680/2551 2692/2692/2557 2693/2693/2557
f 2676/2676/2554 2677/2677/2493 2689/2689/2493 2688/2688/2561
f 2682/2682/2553 2683/2683/2552 2695/2695/2558 2694/2694/2559
f 2678/2678/2551 2676/2676/2554 2688/2688/2561 2690/2690/2557
f 2679/2679/2553 2682/2682/2553 2694/2694/2559 2691/2691/2559
f 2677/2677/2493 2618/2618/2493 2689/2689/2493
f 2685/2685/2548 2681/2681/2551 2693/2693/2557 2697/2697/2562
f 2581/2581/2481 2675/2675/2547 2687/2687/2560
f 2686/2686/2549 2685/2685/2548 2697/2697/2562 2698/2698/2555
f 2687/2687/2560 2691/2691/2559 2703/2703/2563 2699/2699/2564
f 2693/2693/2557 2692/2692/2557 2704/2704/2565 2705/2705/2565
f 2688/2688/2561 2689/2689/2493 2701/2701/2493 2700/2700/2566
f 2694/2694/2559 2695/2695/2558 2707/2707/2567 2706/2706/2563
f 2690/2690/2557 2688/2688/2561 2700/2700/2566 2702/2702/2565
f 2691/2691/2559 2694/2694/2559 2706/2706/2563 2703/2703/2563
f 2689/2689/2493 2618/2618/2493 2701/2701/2493
f 2697/2697/2562 2693/2693/2557 2705/2705/2565 2709/2709/2568
f 2581/2581/2481 2687/2687/2560 2699/2699/2564
f 2698/2698/2555 2697/2697/2562 2709/2709/2568 2710/2710/2569
f 2696/2696/2556 2698/2698/2555 2710/2710/2569 2708/2708/2570
f 2692/2692/2557 2690/2690/2557 2702/2702/2565 2704/2704/2565
f 2695/2695/2558 2696/2696/2556 2708/2708/2570 2707/2707/2567
f 2706/2706/2563 2707/2707/2567 2719/2719/2571 2718/2718/2572
f 2702/2702/2565 2700/2700/2566 2712/2712/2573 2714/2714/2574
f 2703/2703/2563 2706/2706/2563 2718/2718/2572 2715/2715/2572
f 2701/2701/2493 2618/2618/2493 2713/2713/2493
f 2709/2709/2568 2705/2705/2565 2717/2717/2574 2721/2721/2575
f 2581/2581/2481 2699/2699/2564 2711/2711/2576
f 2710/2710/2569 2709/2709/2568 2721/2721/2575 2722/2722/2577
f 2708/2708/2570 2710/2710/2569 2722/2722/2577 2720/2720/2578
f 2704/2704/2565 2702/2702/2565 2714/2714/2574 2716/2716/2574
f 2707/2707/2567 2708/2708/2570 2720/2720/2578 2719/2719/2571
f 2699/2699/2564 2703/2703/2563 2715/2715/2572 2711/2711/2576
f 2705/2705/2565 2704/2704/2565 2716/2716/2574 2717/2717/2574
f 2700/2700/2566 2701/2701/2493 2713/2713/2493 2712/2712/2573
f 2713/2713/2493 2618/2618/2493 2725/2725/2493
f 2721/2721/2575 2717/2717/2574 2729/2729/2484 2733/2733/2579
f 2581/2581/2481 2711/2711/2576 2723/2723/2580
f 2722/2722/2577 2721/2721/2575 2733/2733/2579 2734/2734/2581
f 2720/2720/2578 2722/2722/2577 2734/2734/2581 2732/2732/2582
f 2716/2716/2574 2714/2714/2574 2726/2726/2484 2728/2728/2484
f 2719/2719/2571 2720/2720/2578 2732/2732/2582 2731/2731/2583
f 2711/2711/2576 2715/2715/2572 2727/2727/2487 2723/2723/2580
f 2717/2717/2574 2716/2716/2574 2728/2728/2484 2729/2729/2484
f 2712/2712/2573 2713/2713/2493 2725/2725/2493 2724/2724/2584
f 2718/2718/2572 2719/2719/2571 2731/2731/2583 2730/2730/2487
f 2714/2714/2574 2712/2712/2573 2724/2724/2584 2726/2726/2484
f 2715/2715/2572 2718/2718/2572 2730/2730/2487 2727/2727/2487
f 2734/2734/2581 2733/2733/2579 2745/2745/2585 2746/2746/2586
f 2732/2732/2582 2734/2734/2581 2746/2746/2586 2744/2744/2587
f 2728/2728/2484 2726/2726/2484 2738/2738/2485 2740/2740/2485
f 2731/2731/2583 2732/2732/2582 2744/2744/2587 2743/2743/2588
f 2723/2723/2580 2727/2727/2487 2739/2739/2488 2735/2735/2589
f 2729/2729/2484 2728/2728/2484 2740/2740/2485 2741/2741/2485
f 2724/2724/2584 2725/2725/2493 2737/2737/2493 2736/2736/2590
f 2730/2730/2487 2731/2731/2583 2743/2743/2588 2742/2742/2488
f 2726/2726/2484 2724/2724/2584 2736/2736/2590 2738/2738/2485
f 2727/2727/2487 2730/2730/2487 2742/2742/2488 2739/2739/2488
f 2725/2725/2493 2618/2618/2493 2737/2737/2493
f 2733/2733/2579 2729/2729/2484 2741/2741/2485 2745/2745/2585
f 2581/2581/2481 2723/2723/2580 2735/2735/2589
f 2740/2740/2485 2738/2738/2485 2750/2750/2500 2752/2752/2500
f 2743/2743/2588 2744/2744/2587 2756/2756/2591 2755/2755/2592
f 2735/2735/2589 2739/2739/2488 2751/2751/2502 2747/2747/2593
f 2741/2741/2485 2740/2740/2485 2752/2752/2500 2753/2753/2500
f 2736/2736/2590 2737/2737/2493 2749/2749/2493 2748/2748/2594
f 2742/2742/2488 2743/2743/2588 2755/2755/2592 2754/2754/2502
f 2738/2738/2485 2736/2736/2590 2748/2748/2594 2750/2750/2500
f 2739/2739/2488 2742/2742/2488 2754/2754/2502 2751/2751/2502
f 2737/2737/2493 2618/2618/2493 2749/2749/2493
f 2745/2745/2585 2741/2741/2485 2753/2753/2500 2757/2757/2595
f 2581/2581/2481 2735/2735/2589 2747/2747/2593
f 2746/2746/2586 2745/2745/2585 2757/2757/2595 2758/2758/2596
f 2744/2744/2587 2746/2746/2586 2758/2758/2596 2756/2756/2591
f 2753/2753/2500 2752/2752/2500 2764/2764/2513 2765/2765/2513
f 2748/2748/2594 2749/2749/2493 2761/2761/2493 2760/2760/2597
f 2754/2754/2502 2755/2755/2592 2767/2767/2598 2766/2766/2507
f 2750/2750/2500 2748/2748/2594 2760/2760/2597 2762/2762/2513
f 2751/2751/2502 2754/2754/2502 2766/2766/2507 2763/2763/2507
f 2749/2749/2493 2618/2618/2493 2761/2761/2493
f 2757/2757/2595 2753/2753/2500 2765/2765/2513 2769/2769/2599
f 2581/2581/2481 2747/2747/2593 2759/2759/2600
f 2758/2758/2596 2757/2757/2595 2769/2769/2599 2770/2770/2601
f 2756/2756/2591 2758/2758/2596 2770/2770/2601 2768/2768/2602
f 2752/2752/2500 2750/2750/2500 2762/2762/2513 2764/2764/2513
f 2755/2755/2592 2756/2756/2591 2768/2768/2602 2767/2767/2598
f 2747/2747/2593 2751/2751/2502 2763/2763/2507 2759/2759/2600
f 2762/2762/2513 2760/2760/2597 2772/2772/2603 2774/2774/2519
f 2763/2763/2507 2766/2766/2507 2778/2778/2517 2775/2775/2517
f 2761/2761/2493 2618/2618/2493 2773/2773/2493
f 2769/2769/2599 2765/2765/2513 2777/2777/2519 2781/2781/2604
f 2581/2581/2481 2759/2759/2600 2771/2771/2605
f 2770/2770/2601 2769/2769/2599 2781/2781/2604 2782/2782/2606
f 2768/2768/2602 2770/2770/2601 2782/2782/2606 2780/2780/2607
f 2764/2764/2513 2762/2762/2513 2774/2774/2519 2776/2776/2519
f 2767/2767/2598 2768/2768/2602 2780/2780/2607 2779/2779/2608
f 2759/2759/2600 2763/2763/2507 2775/2775/2517 2771/2771/2605
f 2765/2765/2513 2764/2764/2513 2776/2776/2519 2777/2777/2519
f 2760/2760/2597 2761/2761/2493 2773/2773/2493 2772/2772/2603
f 2766/2766/2507 2767/2767/2598 2779/2779/2608 2778/2778/2517
f 2781/2781/2604 2777/2777/2519 2789/2789/2525 2793/2793/2609
f 2581/2581/2481 2771/2771/2605 2783/2783/2610
f 2782/2782/2606 2781/2781/2604 2793/2793/2609 2794/2794/2611
f 2780/2780/2607 2782/2782/2606 2794/2794/2611 2792/2792/2612
f 2776/2776/2519 2774/2774/2519 2786/2786/2525 2788/2788/2525
f 2779/2779/2608 2780/2780/2607 2792/2792/2612 2791/2791/2613
f 2771/2771/2605 2775/2775/2517 2787/2787/2527 2783/2783/2610
f 2777/2777/2519 2776/2776/2519 2788/2788/2525 2789/2789/2525
f 2772/2772/2603 2773/2773/2493 2785/2785/2493 2784/2784/2614
f 2778/2778/2517 2779/2779/2608 2791/2791/2613 2790/2790/2527
f 2774/2774/2519 2772/2772/2603 2784/2784/2614 2786/2786/2525
f 2775/2775/2517 2778/2778/2517 2790/2790/2527 2787/2787/2527
f 2773/2773/2493 2618/2618/2493 2785/2785/2493
f 2792/2792/2612 2794/2794/2611 2806/2806/2615 2804/2804/2616
f 2788/2788/2525 2786/2786/2525 2798/2798/2534 2800/2800/2534
f 2791/2791/2613 2792/2792/2612 2804/2804/2616 2803/2803/2617
f 2783/2783/2610 2787/2787/2527 2799/2799/2531 2795/2795/2618
f 2789/2789/2525 2788/2788/2525 2800/2800/2534 2801/2801/2534
f 2784/2784/2614 2785/2785/2493 2797/2797/2493 2796/2796/2619
f 2790/2790/2527 2791/2791/2613 2803/2803/2617 2802/2802/2531
f 2786/2786/2525 2784/2784/2614 2796/2796/2619 2798/2798/2534
f 2787/2787/2527 2790/2790/2527 2802/2802/2531 2799/2799/2531
f 2785/2785/2493 2618/2618/2493 2797/2797/2493
f 2793/2793/2609 2789/2789/2525 2801/2801/2534 2805/2805/2620
f 2581/2581/2481 2783/2783/2610 2795/2795/2618
f 2794/2794/2611 2793/2793/2609 2805/2805/2620 2806/2806/2615
f 2803/2803/2617 2804/2804/2616 2816/2816/2621 2815/2815/2622
f 2795/2795/2618 2799/2799/2531 2811/2811/2540 2807/2807/2623
f 2801/2801/2534 2800/2800/2534 2812/2812/2539 2813/2813/2539
f 2796/2796/2619 2797/2797/2493 2809/2809/2493 2808/2808/2624
f 2802/2802/2531 2803/2803/2617 2815/2815/2622 2814/2814/2540
f 2798/2798/2534 2796/2796/2619 2808/2808/2624 2810/2810/2539
f 2799/2799/2531 2802/2802/2531 2814/2814/2540 2811/2811/2540
f 2797/2797/2493 2618/2618/2493 2809/2809/2493
f 2805/2805/2620 2801/2801/2534 2813/2813/2539 2817/2817/2625
f 2581/2581/2481 2795/2795/2618 2807/2807/2623
f 2806/2806/2615 2805/2805/2620 2817/2817/2625 2818/2818/2626
f 2804/2804/2616 2806/2806/2615 2818/2818/2626 2816/2816/2621
f 2800/2800/2534 2798/2798/2534 2810/2810/2539 2812/2812/2539
f 2808/2808/2624 2809/2809/2493 2821/2821/2493 2820/2820/2627
f 2814/2814/2540 2815/2815/2622 2827/2827/2628 2826/2826/2551
f 2810/2810/2539 2808/2808/2624 2820/2820/2627 2822/2822/2553
f 2811/2811/2540 2814/2814/2540 2826/2826/2551 2823/2823/2551
f 2809/2809/2493 2618/2618/2493 2821/2821/2493
f 2817/2817/2625 2813/2813/2539 2825/2825/2553 2829/2829/2629
f 2581/2581/2481 2807/2807/2623 2819/2819/2630
f 2818/2818/2626 2817/2817/2625 2829/2829/2629 2830/2830/2631
f 2816/2816/2621 2818/2818/2626 2830/2830/2631 2828/2828/2632
f 2812/2812/2539 2810/2810/2539 2822/2822/2553 2824/2824/2553
f 2815/2815/2622 2816/2816/2621 2828/2828/2632 2827/2827/2628
f 2807/2807/2623 2811/2811/2540 2823/2823/2551 2819/2819/2630
f 2813/2813/2539 2812/2812/2539 2824/2824/2553 2825/2825/2553
f 2823/2823/2551 2826/2826/2551 2838/2838/2557 2835/2835/2557
f 2821/2821/2493 2618/2618/2493 2833/2833/2493
f 2829/2829/2629 2825/2825/2553 2837/2837/2559 2841/2841/2633
f 2581/2581/2481 2819/2819/2630 2831/2831/2634
f 2830/2830/2631 2829/2829/2629 2841/2841/2633 2842/2842/2635
f 2828/2828/2632 2830/2830/2631 2842/2842/2635 2840/2840/2636
f 2824/2824/2553 2822/2822/2553 2834/2834/2559 2836/2836/2559
f 2827/2827/2628 2828/2828/2632 2840/2840/2636 2839/2839/2637
f 2819/2819/2630 2823/2823/2551 2835/2835/2557 2831/2831/2634
f 2825/2825/2553 2824/2824/2553 2836/2836/2559 2837/2837/2559
f 2820/2820/2627 2821/2821/2493 2833/2833/2493 2832/2832/2638
f 2826/2826/2551 2827/2827/2628 2839/2839/2637 2838/2838/2557
f 2822/2822/2553 2820/2820/2627 2832/2832/2638 2834/2834/2559
f 2581/2581/2481 2831/2831/2634 2843/2843/2639
f 2842/2842/2635 2841/2841/2633 2853/2853/2640 2854/2854/2641
f 2840/2840/2636 2842/2842/2635 2854/2854/2641 2852/2852/2642
f 2836/2836/2559 2834/2834/2559 2846/2846/2563 2848/2848/2563
f 2839/2839/2637 2840/2840/2636 2852/2852/2642 2851/2851/2643
f 2831/2831/2634 2835/2835/2557 2847/2847/2565 2843/2843/2639
f 2837/2837/2559 2836/2836/2559 2848/2848/2563 2849/2849/2563
f 2832/2832/2638 2833/2833/2493 2845/2845/2493 2844/2844/2644
f 2838/2838/2557 2839/2839/2637 2851/2851/2643 2850/2850/2565
f 2834/2834/2559 2832/2832/2638 2844/2844/2644 2846/2846/2563
f 2835/2835/2557 2838/2838/2557 2850/2850/2565 2847/2847/2565
f 2833/2833/2493 2618/2618/2493 2845/2845/2493
f 2841/2841/2633 2837/2837/2559 2849/2849/2563 2853/2853/2640
f 2852/2852/2642 2854/2854/2641 2866/2866/2645 2864/2864/2646
f 2848/2848/2563 2846/2846/2563 2858/2858/2572 2860/2860/2572
f 2851/2851/2643 2852/2852/2642 2864/2864/2646 2863/2863/2647
f 2843/2843/2639 2847/2847/2565 2859/2859/2574 2855/2855/2648
f 2849/2849/2563 2848/2848/2563 2860/2860/2572 2861/2861/2572
f 2844/2844/2644 2845/2845/2493 2857/2857/2493 2856/2856/2649
f 2850/2850/2565 2851/2851/2643 2863/2863/2647 2862/2862/2574
f 2846/2846/2563 2844/2844/2644 2856/2856/2649 2858/2858/2572
f 2847/2847/2565 2850/2850/2565 2862/2862/2574 2859/2859/2574
f 2845/2845/2493 2618/2618/2493 2857/2857/2493
f 2853/2853/2640 2849/2849/2563 2861/2861/2572 2865/2865/2650
f 2581/2581/2481 2843/2843/2639 2855/2855/2648
f 2854/2854/2641 2853/2853/2640 2865/2865/2650 2866/2866/2645
f 2861/2861/2572 2860/2860/2572 2583/2583/2487 2584/2584/2487
f 2856/2856/2649 2857/2857/2493 2579/2579/2493 2578/2578/2492
f 2862/2862/2574 2863/2863/2647 2586/2586/2497 2585/2585/2484
f 2858/2858/2572 2856/2856/2649 2578/2578/2492 2580/2580/2487
f 2859/2859/2574 2862/2862/2574 2585/2585/2484 2582/2582/2484
f 2857/2857/2493 2618/2618/2493 2579/2579/2493
f 2865/2865/2650 2861/2861/2572 2584/2584/2487 2588/2588/2486
f 2581/2581/2481 2855/2855/2648 2577/2577/2482
f 2866/2866/2645 2865/2865/2650 2588/2588/2486 2589/2589/2490
f 2864/2864/2646 2866/2866/2645 2589/2589/2490 2587/2587/2495
f 2860/2860/2572 2858/2858/2572 2580/2580/2487 2583/2583/2487
f 2863/2863/2647 2864/2864/2646 2587/2587/2495 2586/2586/2497
f 2855/2855/2648 2859/2859/2574 2582/2582/2484 2577/2577/2482
o glass 2
v -1.974776 0.155208 -0.005681
v -2.074664 -0.000301 -0.005681
v -2.144056 -0.000301 -0.005681
v -1.929552 0.192734 -0.005681
v -2.565366 0.155208 -0.005681
v -1.733449 0.552186 -0.005681
v -1.669747 0.575576 -0.005681
v -1.765913 1.775930 -0.005681
v -1.822776 1.796865 -0.005681
v -1.858495 1.935040 -0.005681
v -1.844456 1.949080 -0.005681
v -1.804368 1.909185 -0.005681
v -1.817907 1.922724 -0.005681
v -1.994900 0.155208 -0.158537
v -2.091384 -0.000301 -0.132684
v -2.158412 -0.000301 -0.114724
v -1.951217 0.192734 -0.170242
v -1.761796 0.552186 -0.220997
v -1.700264 0.575576 -0.237485
v -1.793154 1.775930 -0.212595
v -1.848079 1.796865 -0.197878
v -1.882581 1.935040 -0.188633
v -1.869020 1.949080 -0.192267
v -1.830298 1.909185 -0.202642
v -1.843376 1.922724 -0.199138
v -2.053900 0.155208 -0.300976
v -2.140405 -0.000301 -0.251032
v -2.200501 -0.000301 -0.216336
v -2.014735 0.192734 -0.323588
v -1.844905 0.552186 -0.421640
v -1.789737 0.575576 -0.453491
v -1.873020 1.775930 -0.405408
v -1.922264 1.796865 -0.376976
v -1.953198 1.935040 -0.359117
v -1.941039 1.949080 -0.366136
v -1.906322 1.909185 -0.386180
v -1.918048 1.922724 -0.379411
v -2.147756 0.155208 -0.423292
v -2.218387 -0.000301 -0.352660
v -2.267455 -0.000301 -0.303592
v -2.115778 0.192734 -0.455269
v -2.565366 -0.000301 -0.005681
v -1.977112 0.552186 -0.593935
v -1.932068 0.575576 -0.638980
v -2.000067 1.775930 -0.570980
v -2.040276 1.796865 -0.530772
v -2.065533 1.935040 -0.505514
v -2.055605 1.949080 -0.515442
v -2.027259 1.909185 -0.543788
v -2.036833 1.922724 -0.534214
v -2.270071 0.155208 -0.517147
v -2.320015 -0.000301 -0.430642
v -2.354711 -0.000301 -0.370546
v -2.247459 0.192734 -0.556312
v -2.149408 0.552186 -0.726142
v -2.117556 0.575576 -0.781310
v -2.165640 1.775930 -0.698027
v -2.194071 1.796865 -0.648783
v -2.211931 1.935040 -0.617849
v -2.204911 1.949080 -0.630008
v -2.184867 1.909185 -0.664725
v -2.191637 1.922724 -0.652999
v -2.412510 0.155208 -0.576148
v -2.438363 -0.000301 -0.479663
v -2.456323 -0.000301 -0.412635
v -2.400805 0.192734 -0.619830
v -2.350050 0.552186 -0.809251
v -2.333563 0.575576 -0.870783
v -2.358452 1.775930 -0.777893
v -2.373169 1.796865 -0.722968
v -2.382414 1.935040 -0.688466
v -2.378781 1.949080 -0.702027
v -2.368405 1.909185 -0.740749
v -2.371909 1.922724 -0.727671
v -2.565366 0.155208 -0.596271
v -2.565366 -0.000301 -0.496383
v -2.565366 -0.000301 -0.426991
v -2.565366 0.192734 -0.641495
v -2.565366 0.552186 -0.837598
v -2.565366 0.575576 -0.901300
v -2.565366 1.775930 -0.805134
v -2.565366 1.796865 -0.748271
v -2.565366 1.935040 -0.712552
v -2.565366 1.949080 -0.726591
v -2.565366 1.909185 -0.766679
v -2.565366 1.922724 -0.753140
v -2.718222 0.155208 -0.576148
v -2.692369 -0.000301 -0.479663
v -2.674409 -0.000301 -0.412635
v -2.729927 0.192734 -0.619830
v -2.780682 0.552186 -0.809251
v -2.797169 0.575576 -0.870783
v -2.772280 1.775930 -0.777893
v -2.757562 1.796865 -0.722968
v -2.748317 1.935040 -0.688466
v -2.751951 1.949080 -0.702027
v -2.762327 1.909185 -0.740749
v -2.758822 1.922724 -0.727671
v -2.860661 0.155208 -0.517147
v -2.810717 -0.000301 -0.430642
v -2.776021 -0.000301 -0.370546
v -2.883273 0.192734 -0.556312
v -2.981324 0.552186 -0.726142
v -3.013175 0.575576 -0.781310
v -2.965092 1.775930 -0.698027
v -2.936661 1.796865 -0.648783
v -2.918801 1.935040 -0.617849
v -2.925821 1.949080 -0.630008
v -2.945865 1.909185 -0.664725
v -2.939095 1.922724 -0.652999
v -2.982976 0.155208 -0.423292
v -2.912344 -0.000301 -0.352660
v -2.863277 -0.000301 -0.303592
v -3.014954 0.192734 -0.455269
v -3.153620 0.552186 -0.593935
v -3.198664 0.575576 -0.638980
v -3.130664 1.775930 -0.570979
v -3.090456 1.796865 -0.530771
v -3.065199 1.935040 -0.505514
v -3.075126 1.949080 -0.515442
v -3.103473 1.909185 -0.543788
v -3.093899 1.922724 -0.534214
v -3.076832 0.155208 -0.300976
v -2.990326 -0.000301 -0.251032
v -2.930231 -0.000301 -0.216336
v -3.115997 0.192734 -0.323588
v -3.285826 0.552186 -0.421639
v -3.340995 0.575576 -0.453491
v -3.257712 1.775930 -0.405407
v -3.208467 1.796865 -0.376976
v -3.177534 1.935040 -0.359116
v -3.189692 1.949080 -0.366136
v -3.224410 1.909185 -0.386180
v -3.212684 1.922724 -0.379411
v -3.135832 0.155208 -0.158537
v -3.039347 -0.000301 -0.132684
v -2.972320 -0.000301 -0.114724
v -3.179515 0.192734 -0.170242
v -3.368935 0.552186 -0.220997
v -3.430468 0.575576 -0.237484
v -3.337578 1.775930 -0.212595
v -3.282652 1.796865 -0.197878
v -3.248150 1.935040 -0.188633
v -3.261712 1.949080 -0.192267
v -3.300434 1.909185 -0.202642
v -3.287355 1.922724 -0.199138
v -3.155956 0.155208 -0.005681
v -3.056068 -0.000301 -0.005681
v -2.986676 -0.000301 -0.005681
v -3.201179 0.192734 -0.005681
v -3.397282 0.552186 -0.005681
v -3.460985 0.575576 -0.005681
v -3.364818 1.775930 -0.005681
v -3.307956 1.796865 -0.005681
v -3.272236 1.935040 -0.005681
v -3.286276 1.949080 -0.005681
v -3.326364 1.909185 -0.005681
v -3.312824 1.922724 -0.005681
v -3.135832 0.155208 0.147175
v -3.039347 -0.000301 0.121322
v -2.972320 -0.000301 0.103362
v -3.179514 0.192734 0.158879
v -3.368935 0.552186 0.209635
v -3.430467 0.575576 0.226122
v -3.337578 1.775930 0.201232
v -3.282652 1.796865 0.186515
v -3.248150 1.935040 0.177270
v -3.261712 1.949080 0.180904
v -3.300433 1.909185 0.191280
v -3.287355 1.922724 0.187775
v -3.076832 0.155208 0.289614
v -2.990326 -0.000301 0.239670
v -2.930231 -0.000301 0.204974
v -3.115996 0.192734 0.312226
v -3.285826 0.552186 0.410277
v -3.340995 0.575576 0.442128
v -3.257712 1.775930 0.394045
v -3.208467 1.796865 0.365614
v -3.177533 1.935040 0.347754
v -3.189692 1.949080 0.354774
v -3.224409 1.909185 0.374818
v -3.212684 1.922724 0.368048
v -2.982976 0.155208 0.411929
v -2.912344 -0.000301 0.341297
v -2.863277 -0.000301 0.292230
v -3.014954 0.192734 0.443907
v -3.153619 0.552186 0.582572
v -3.198664 0.575576 0.627617
v -3.130664 1.775930 0.559617
v -3.090456 1.796865 0.519409
v -3.065199 1.935040 0.494152
v -3.075126 1.949080 0.504079
v -3.103472 1.909185 0.532426
v -3.093899 1.922724 0.522852
v -2.860661 0.155208 0.505785
v -2.810717 -0.000301 0.419279
v -2.776021 -0.000301 0.359184
v -2.883272 0.192734 0.544949
v -2.981324 0.552186 0.714779
v -3.013175 0.575576 0.769948
v -2.965092 1.775930 0.686665
v -2.936661 1.796865 0.637420
v -2.918801 1.935040 0.606486
v -2.925821 1.949080 0.618645
v -2.945865 1.909185 0.653362
v -2.939095 1.922724 0.641637
v -2.718222 0.155208 0.564785
v -2.692369 -0.000301 0.468300
v -2.674409 -0.000301 0.401273
v -2.729926 0.192734 0.608467
v -2.780681 0.552186 0.797888
v -2.797169 0.575576 0.859420
v -2.772279 1.775930 0.766531
v -2.757562 1.796865 0.711605
v -2.748317 1.935040 0.677103
v -2.751951 1.949080 0.690665
v -2.762326 1.909185 0.729386
v -2.758822 1.922724 0.716308
v -2.565366 0.155208 0.584909
v -2.565366 -0.000301 0.485021
v -2.565366 -0.000301 0.415628
v -2.565366 0.192734 0.630132
v -2.565366 0.552186 0.826235
v -2.565366 0.575576 0.889938
v -2.565366 1.775930 0.793771
v -2.565366 1.796865 0.736908
v -2.565366 1.935040 0.701189
v -2.565366 1.949080 0.715229
v -2.565366 1.909185 0.755317
v -2.565366 1.922724 0.741777
v -2.412510 0.155208 0.564785
v -2.438363 -0.000301 0.468300
v -2.456323 -0.000301 0.401273
v -2.400805 0.192734 0.608467
v -2.350050 0.552186 0.797888
v -2.333562 0.575576 0.859420
v -2.358452 1.775930 0.766530
v -2.373169 1.796865 0.711605
v -2.382414 1.935040 0.677103
v -2.378781 1.949080 0.690665
v -2.368405 1.909185 0.729386
v -2.371909 1.922724 0.716308
v -2.270071 0.155208 0.505785
v -2.320015 -0.000301 0.419279
v -2.354711 -0.000301 0.359184
v -2.247459 0.192734 0.544949
v -2.149408 0.552186 0.714779
v -2.117556 0.575576 0.769948
v -2.165639 1.775930 0.686665
v -2.194071 1.796865 0.637420
v -2.211931 1.935040 0.606486
v -2.204911 1.949080 0.618645
v -2.184867 1.909185 0.653362
v -2.191637 1.922724 0.641637
v -2.147756 0.155208 0.411929
v -2.218387 -0.000301 0.341297
v -2.267455 -0.000301 0.292230
v -2.115778 0.192734 0.443907
v -1.977112 0.552186 0.582572
v -1.932067 0.575576 0.627617
v -2.000067 1.775930 0.559617
v -2.040276 1.796865 0.519409
v -2.065533 1.935040 0.494151
v -2.055605 1.949080 0.504079
v -2.027259 1.909185 0.532425
v -2.036833 1.922724 0.522852
v -2.053900 0.155208 0.289614
v -2.140405 -0.000301 0.239670
v -2.200501 -0.000301 0.204973
v -2.014735 0.192734 0.312225
v -1.844905 0.552186 0.410277
v -1.789737 0.575576 0.442128
v -1.873020 1.775930 0.394045
v -1.922264 1.796865 0.365613
v -1.953198 1.935040 0.347754
v -1.941039 1.949080 0.354774
v -1.906322 1.909185 0.374818
v -1.918048 1.922724 0.368048
v -1.994900 0.155208 0.147175
v -2.091384 -0.000301 0.121322
v -2.158412 -0.000301 0.103362
v -1.951217 0.192734 0.158879
v -1.761797 0.552186 0.209634
v -1.700264 0.575576 0.226122
v -1.793154 1.775930 0.201232
v -1.848079 1.796865 0.186515
v -1.882581 1.935040 0.177270
v -1.869020 1.949080 0.180904
v -1.830298 1.909185 0.191279
v -1.843376 1.922724 0.187775
v -1.633062 0.919758 -0.005681
v -1.664829 0.919758 -0.246979
v -1.757967 0.919758 -0.471833
v -1.906127 0.919758 -0.664920
v -2.099214 0.919758 -0.813080
v -2.324068 0.919758 -0.906218
v -2.565366 0.919758 -0.937985
v -2.806664 0.919758 -0.906217
v -3.031518 0.919758 -0.813080
v -3.224604 0.919758 -0.664919
v -3.372765 0.919758 -0.471833
v -3.465902 0.919758 -0.246979
v -3.497669 0.919758 -0.005681
v -3.465902 0.919758 0.235617
v -3.372765 0.919758 0.460471
v -3.224604 0.919758 0.653557
v -3.031518 0.919758 0.801718
v -2.806664 0.919758 0.894855
v -2.565366 0.919758 0.926622
v -2.324068 0.919758 0.894855
v -2.099214 0.919758 0.801717
v -1.906127 0.919758 0.653557
v -1.757967 0.919758 0.460470
v -1.664830 0.919758 0.235616
v -1.699398 0.909417 -0.005681
v -1.728905 0.909417 -0.229810
v -1.815416 0.909417 -0.438665
v -1.953034 0.909417 -0.618013
v -2.132382 0.909417 -0.755631
v -2.341237 0.909417 -0.842142
v -2.565366 0.909417 -0.871649
v -2.789495 0.909417 -0.842142
v -2.998350 0.909417 -0.755631
v -3.177697 0.909417 -0.618013
v -3.315315 0.909417 -0.438665
v -3.401826 0.909417 -0.229810
v -3.431333 0.909417 -0.005681
v -3.401826 0.909417 0.218448
v -3.315315 0.909417 0.427302
v -3.177697 0.909417 0.606650
v -2.998349 0.909417 0.744268
v -2.789495 0.909417 0.830779
v -2.565366 0.909417 0.860286
v -2.341237 0.909417 0.830779
v -2.132382 0.909417 0.744268
v -1.953035 0.909417 0.606650
v -1.815416 0.909417 0.427302
v -1.728906 0.909417 0.218447
vn -0.0000 1.0000 -0.0000
vn -0.5200 0.8542 -0.0000
vn -0.5023 0.8542 0.1346
vn -0.9998 -0.0213 -0.0000
vn -0.9811 -0.1934 -0.0000
vn -0.9477 -0.1934 0.2539
vn -0.9657 -0.0213 0.2588
vn 0.8664 0.4994 -0.0000
vn 0.9767 0.2146 -0.0000
vn 0.9434 0.2146 -0.2528
vn 0.8369 0.4994 -0.2242
vn 0.7059 0.7083 -0.0000
vn 0.6818 0.7083 -0.1827
vn 0.9413 -0.3377 -0.0000
vn 0.8143 -0.5804 -0.0000
vn 0.7866 -0.5804 -0.2108
vn 0.9092 -0.3377 -0.2436
vn 0.4755 -0.8797 -0.0000
vn -0.0000 -1.0000 -0.0000
vn 0.4593 -0.8797 -0.1231
vn 0.0568 0.9984 -0.0000
vn 0.0549 0.9984 -0.0147
vn -0.9508 0.3097 -0.0000
vn -0.9184 0.3097 0.2461
vn -0.9617 0.2742 -0.0000
vn -0.9289 0.2742 0.2489
vn 0.9997 0.0236 -0.0000
vn 0.9657 0.0236 -0.2587
vn -0.8328 0.2742 0.4808
vn -0.8497 -0.1934 0.4906
vn 0.4118 -0.8797 -0.2378
vn 0.7052 -0.5804 -0.4072
vn -0.8658 -0.0213 0.4999
vn 0.8458 0.2146 -0.4883
vn 0.7503 0.4994 -0.4332
vn -0.4503 0.8542 0.2600
vn 0.6113 0.7083 -0.3529
vn 0.0492 0.9984 -0.0284
vn 0.8152 -0.3377 -0.4706
vn -0.8234 0.3097 0.4754
vn 0.8658 0.0236 -0.4999
vn 0.6906 0.2146 -0.6906
vn 0.6126 0.4994 -0.6126
vn -0.3677 0.8542 0.3677
vn 0.4991 0.7083 -0.4991
vn 0.0402 0.9984 -0.0402
vn 0.5758 -0.5804 -0.5758
vn 0.6656 -0.3377 -0.6656
vn -0.6800 0.2742 0.6800
vn -0.6723 0.3097 0.6723
vn 0.7069 0.0236 -0.7069
vn 0.3362 -0.8797 -0.3362
vn -0.6938 -0.1934 0.6938
vn -0.7069 -0.0213 0.7069
vn 0.3529 0.7083 -0.6113
vn 0.0284 0.9984 -0.0492
vn 0.4072 -0.5804 -0.7052
vn 0.4706 -0.3377 -0.8152
vn -0.4808 0.2742 0.8328
vn -0.4754 0.3097 0.8234
vn -0.2600 0.8542 0.4503
vn 0.4999 0.0236 -0.8658
vn 0.2378 -0.8797 -0.4118
vn -0.4906 -0.1934 0.8497
vn -0.4999 -0.0213 0.8658
vn 0.4883 0.2146 -0.8458
vn 0.4332 0.4994 -0.7503
vn 0.0147 0.9984 -0.0549
vn -0.2489 0.2742 0.9289
vn -0.2461 0.3097 0.9184
vn -0.1346 0.8542 0.5023
vn 0.2436 -0.3377 -0.9092
vn 0.2587 0.0236 -0.9657
vn 0.1231 -0.8797 -0.4593
vn -0.2539 -0.1934 0.9477
vn 0.2108 -0.5804 -0.7866
vn -0.2588 -0.0213 0.9657
vn 0.2528 0.2146 -0.9434
vn 0.2242 0.4994 -0.8369
vn 0.1827 0.7083 -0.6818
vn -0.0000 -0.3377 -0.9413
vn -0.0000 0.0236 -0.9997
vn -0.0000 -0.8797 -0.4755
vn -0.0000 0.2742 0.9617
vn -0.0000 -0.1934 0.9811
vn -0.0000 -0.5804 -0.8143
vn -0.0000 -0.0213 0.9998
vn -0.0000 0.2146 -0.9767
vn -0.0000 0.4994 -0.8664
vn -0.0000 0.8542 0.5200
vn -0.0000 0.7083 -0.7059
vn -0.0000 0.9984 -0.0568
vn -0.0000 0.3097 0.9508
vn 0.2539 -0.1934 0.9477
vn 0.2588 -0.0213 0.9657
vn -0.2528 0.2146 -0.9434
vn -0.2242 0.4994 -0.8369
vn 0.1346 0.8542 0.5023
vn -0.1827 0.7083 -0.6818
vn -0.0147 0.9984 -0.0549
vn -0.2108 -0.5804 -0.7866
vn -0.2436 -0.3377 -0.9092
vn 0.2489 0.2742 0.9289
vn 0.2461 0.3097 0.9184
vn -0.2587 0.0236 -0.9657
vn -0.1231 -0.8797 -0.4593
vn 0.2600 0.8542 0.4503
vn -0.4332 0.4994 -0.7503
vn -0.3529 0.7083 -0.6113
vn -0.0284 0.9984 -0.0492
vn -0.4072 -0.5804 -0.7052
vn -0.4706 -0.3377 -0.8152
vn 0.4808 0.2742 0.8328
vn 0.4754 0.3097 0.8234
vn -0.4999 0.0236 -0.8658
vn -0.2378 -0.8797 -0.4118
vn 0.4906 -0.1934 0.8497
vn 0.4999 -0.0213 0.8658
vn -0.4883 0.2146 -0.8458
vn -0.4991 0.7083 -0.4991
vn -0.0402 0.9984 -0.0402
vn -0.5758 -0.5804 -0.5758
vn -0.6656 -0.3377 -0.6656
vn 0.6800 0.2742 0.6800
vn 0.6723 0.3097 0.6723
vn 0.3677 0.8542 0.3677
vn -0.7069 0.0236 -0.7069
vn -0.3362 -0.8797 -0.3362
vn 0.6938 -0.1934 0.6938
vn 0.7069 -0.0213 0.7069
vn -0.6906 0.2146 -0.6906
vn -0.6126 0.4994 -0.6126
vn 0.8234 0.3097 0.4754
vn 0.4503 0.8542 0.2600
vn -0.8152 -0.3377 -0.4706
vn -0.8658 0.0236 -0.4999
vn -0.4118 -0.8797 -0.2378
vn 0.8328 0.2742 0.4808
vn 0.8497 -0.1934 0.4906
vn -0.7052 -0.5804 -0.4072
vn 0.8658 -0.0213 0.4999
vn -0.8458 0.2146 -0.4883
vn -0.7503 0.4994 -0.4332
vn -0.6113 0.7083 -0.3529
vn -0.0492 0.9984 -0.0284
vn 0.9289 0.2742 0.2489
vn 0.9477 -0.1934 0.2539
vn -0.4593 -0.8797 -0.1231
vn -0.7866 -0.5804 -0.2108
vn 0.9657 -0.0213 0.2588
vn -0.9434 0.2146 -0.2528
vn -0.8369 0.4994 -0.2242
vn 0.5023 0.8542 0.1346
vn -0.6818 0.7083 -0.1827
vn -0.0549 0.9984 -0.0147
vn -0.9092 -0.3377 -0.2436
vn 0.9184 0.3097 0.2461
vn -0.9657 0.0236 -0.2587
vn -0.9767 0.2146 -0.0000
vn -0.8664 0.4994 -0.0000
vn 0.5200 0.8542 -0.0000
vn -0.7059 0.7083 -0.0000
vn -0.0568 0.9984 -0.0000
vn -0.8143 -0.5804 -0.0000
vn -0.9413 -0.3377 -0.0000
vn 0.9617 0.2742 -0.0000
vn 0.9508 0.3097 -0.0000
vn -0.9997 0.0236 -0.0000
vn -0.4755 -0.8797 -0.0000
vn 0.9811 -0.1934 -0.0000
vn 0.9998 -0.0213 -0.0000
vn -0.8369 0.4994 0.2242
vn -0.6818 0.7083 0.1827
vn -0.0549 0.9984 0.0147
vn -0.7866 -0.5804 0.2108
vn -0.9092 -0.3377 0.2436
vn 0.9289 0.2742 -0.2489
vn 0.9184 0.3097 -0.2461
vn 0.5023 0.8542 -0.1346
vn -0.9657 0.0236 0.2587
vn -0.4593 -0.8797 0.1231
vn 0.9477 -0.1934 -0.2539
vn 0.9657 -0.0213 -0.2588
vn -0.9434 0.2146 0.2528
vn -0.7052 -0.5804 0.4072
vn -0.8152 -0.3377 0.4706
vn -0.0492 0.9984 0.0284
vn 0.8328 0.2742 -0.4808
vn 0.8234 0.3097 -0.4754
vn 0.4503 0.8542 -0.2600
vn -0.8658 0.0236 0.4999
vn -0.4118 -0.8797 0.2378
vn 0.8497 -0.1934 -0.4906
vn 0.8658 -0.0213 -0.4999
vn -0.8458 0.2146 0.4883
vn -0.7503 0.4994 0.4332
vn -0.6113 0.7083 0.3529
vn -0.6656 -0.3377 0.6656
vn -0.7069 0.0236 0.7069
vn -0.3362 -0.8797 0.3362
vn 0.6800 0.2742 -0.6800
vn 0.6938 -0.1934 -0.6938
vn -0.5758 -0.5804 0.5758
vn 0.7069 -0.0213 -0.7069
vn -0.6906 0.2146 0.6906
vn -0.6126 0.4994 0.6126
vn 0.3677 0.8542 -0.3677
vn -0.4991 0.7083 0.4991
vn -0.0402 0.9984 0.0402
vn 0.6723 0.3097 -0.6723
vn -0.2378 -0.8797 0.4118
vn -0.4072 -0.5804 0.7052
vn 0.4906 -0.1934 -0.8497
vn 0.4999 -0.0213 -0.8658
vn -0.4883 0.2146 0.8458
vn -0.4332 0.4994 0.7503
vn 0.2600 0.8542 -0.4503
vn -0.3529 0.7083 0.6113
vn -0.0284 0.9984 0.0492
vn -0.4706 -0.3377 0.8152
vn 0.4808 0.2742 -0.8328
vn 0.4754 0.3097 -0.8234
vn -0.4999 0.0236 0.8658
vn -0.2528 0.2146 0.9434
vn -0.2242 0.4994 0.8369
vn 0.1346 0.8542 -0.5023
vn -0.1827 0.7083 0.6818
vn -0.0147 0.9984 0.0549
vn -0.2108 -0.5804 0.7866
vn -0.2436 -0.3377 0.9092
vn 0.2489 0.2742 -0.9289
vn 0.2461 0.3097 -0.9184
vn -0.2587 0.0236 0.9657
vn -0.1231 -0.8797 0.4593
vn 0.2539 -0.1934 -0.9477
vn 0.2588 -0.0213 -0.9657
vn -0.0000 0.7083 0.7059
vn -0.0000 0.9984 0.0568
vn -0.0000 -0.5804 0.8143
vn -0.0000 -0.3377 0.9413
vn -0.0000 0.2742 -0.9617
vn -0.0000 0.3097 -0.9508
vn -0.0000 0.8542 -0.5200
vn -0.0000 0.0236 0.9997
vn -0.0000 -0.8797 0.4755
vn -0.0000 -0.1934 -0.9811
vn -0.0000 -0.0213 -0.9998
vn -0.0000 0.2146 0.9767
vn -0.0000 0.4994 0.8664
vn 0.0147 0.9984 0.0549
vn -0.2489 0.2742 -0.9289
vn -0.2461 0.3097 -0.9184
vn -0.1346 0.8542 -0.5023
vn 0.2436 -0.3377 0.9092
vn 0.2587 0.0236 0.9657
vn 0.1231 -0.8797 0.4593
vn -0.2539 -0.1934 -0.9477
vn 0.2108 -0.5804 0.7866
vn -0.2588 -0.0213 -0.9657
vn 0.2528 0.2146 0.9434
vn 0.2242 0.4994 0.8369
vn 0.1827 0.7083 0.6818
vn 0.2378 -0.8797 0.4118
vn -0.4808 0.2742 -0.8328
vn -0.4906 -0.1934 -0.8497
vn 0.4072 -0.5804 0.7052
vn -0.4999 -0.0213 -0.8658
vn 0.4883 0.2146 0.8458
vn 0.4332 0.4994 0.7503
vn -0.2600 0.8542 -0.4503
vn 0.3529 0.7083 0.6113
vn 0.0284 0.9984 0.0492
vn 0.4706 -0.3377 0.8152
vn -0.4754 0.3097 -0.8234
vn 0.4999 0.0236 0.8658
vn -0.6938 -0.1934 -0.6938
vn -0.7069 -0.0213 -0.7069
vn 0.6906 0.2146 0.6906
vn 0.6126 0.4994 0.6126
vn -0.3677 0.8542 -0.3677
vn 0.4991 0.7083 0.4991
vn 0.0402 0.9984 0.0402
vn 0.5758 -0.5804 0.5758
vn 0.6656 -0.3377 0.6656
vn -0.6800 0.2742 -0.6800
vn -0.6723 0.3097 -0.6723
vn 0.7069 0.0236 0.7069
vn 0.3362 -0.8797 0.3362
vn -0.4503 0.8542 -0.2600
vn 0.7503 0.4994 0.4332
vn 0.6113 0.7083 0.3529
vn 0.0492 0.9984 0.0284
vn 0.7052 -0.5804 0.4072
vn 0.8152 -0.3377 0.4706
vn -0.8328 0.2742 -0.4808
vn -0.8234 0.3097 -0.4754
vn 0.8658 0.0236 0.4999
vn 0.4118 -0.8797 0.2378
vn -0.8497 -0.1934 -0.4906
vn -0.8658 -0.0213 -0.4999
vn 0.8458 0.2146 0.4883
vn 0.6818 0.7083 0.1827
vn 0.0549 0.9984 0.0147
vn 0.7866 -0.5804 0.2108
vn 0.9092 -0.3377 0.2436
vn -0.9289 0.2742 -0.2489
vn -0.9184 0.3097 -0.2461
vn -0.5023 0.8542 -0.1346
vn 0.9657 0.0236 0.2587
vn 0.4593 -0.8797 0.1231
vn -0.9477 -0.1934 -0.2539
vn -0.9657 -0.0213 -0.2588
vn 0.9434 0.2146 0.2528
vn 0.8369 0.4994 0.2242
vt 0.929293 1.000000
vt 1.000000 0.000000
vt 0.929293 0.000000
vt 1.000000 1.000000
vt 0.500000 1.000000
vt 0.929293 1.000000
vt 1.000000 1.000000
vt 1.000000 1.000000
vt 0.929293 1.000000
vt 0.929293 1.000000
vt 0.941365 1.000000
vt 1.000000 1.000000
vt 0.987927 1.000000
vt 0.929293 1.000000
vt 1.000000 0.000000
vt 0.929293 0.000000
vt 1.000000 1.000000
vt 0.929293 1.000000
vt 1.000000 1.000000
vt 1.000000 1.000000
vt 0.929293 1.000000
vt 0.929293 1.000000
vt 0.941365 1.000000
vt 1.000000 1.000000
vt 0.987927 1.000000
vt 0.929293 1.000000
vt 1.000000 0.000000
vt 0.929293 0.000000
vt 1.000000 1.000000
vt 0.929293 1.000000
vt 1.000000 1.000000
vt 1.000000 1.000000
vt 0.929293 1.000000
vt 0.929293 1.000000
vt 0.941365 1.000000
vt 1.000000 1.000000
vt 0.987927 1.000000
vt 0.929293 1.000000
vt 1.000000 0.000000
vt 0.929293 0.000000
vt 1.000000 1.000000
vt 0.500000 0.000000
vt 0.929293 1.000000
vt 1.000000 1.000000
vt 1.000000 1.000000
vt 0.929293 1.000000
vt 0.929293 1.000000
vt 0.941365 1.000000
vt 1.000000 1.000000
vt 0.987927 1.000000
vt 0.929293 1.000000
vt 1.000000 0.000000
vt 0.929293 0.000000
vt 1.000000 1.000000
vt 0.929293 1.000000
vt 1.000000 1.000000
vt 1.000000 1.000000
vt 0.929293 1.000000
vt 0.929293 1.000000
vt 0.941365 1.000000
vt 1.000000 1.000000
vt 0.987927 1.000000
vt 0.929293 1.000000
vt 1.000000 0.000000
vt 0.929293 0.000000
vt 1.000000 1.000000
vt 0.929293 1.000000
vt 1.000000 1.000000
vt 1.000000 1.000000
vt 0.929293 1.000000
vt 0.929293 1.000000
vt 0.941365 1.000000
vt 1.000000 1.000000
vt 0.987927 1.000000
vt 0.929293 1.000000
vt 1.000000 0.000000
vt 0.929293 0.000000
vt 1.000000 1.000000
vt 0.929293 1.000000
vt 1.000000 1.000000
vt 1.000000 1.000000
vt 0.929293 1.000000
vt 0.929293 1.000000
vt 0.941365 1.000000
vt 1.000000 1.000000
vt 0.987927 1.000000
vt 0.929293 1.000000
vt 1.000000 0.000000
vt 0.929293 0.000000
vt 1.000000 1.000000
vt 0.929293 1.000000
vt 1.000000 1.000000
vt 1.000000 1.000000
vt 0.929293 1.000000
vt 0.929293 1.000000
vt 0.941365 1.000000
vt 1.000000 1.000000
vt 0.987927 1.000000
vt 0.929293 1.000000
vt 1.000000 0.000000
vt 0.929293 0.000000
vt 1.000000 1.000000
vt 0.929293 1.000000
vt 1.000000 1.000000
vt 1.000000 1.000000
vt 0.929293 1.000000
vt 0.929293 1.000000
vt 0.941365 1.000000
vt 1.000000 1.000000
vt 0.987927 1.000000
vt 0.929293 1.000000
vt 1.000000 0.000000
vt 0.929293 0.000000
vt 1.000000 1.000000
vt 0.929293 1.000000
vt 1.000000 1.000000
vt 1.000000 1.000000
vt 0.929293 1.000000
vt 0.929293 1.000000
vt 0.941365 1.000000
vt 1.000000 1.000000
vt 0.987927 1.000000
vt 0.929293 1.000000
vt 1.000000 0.000000
vt 0.929293 0.000000
vt 1.000000 1.000000
vt 0.929293 1.000000
vt 1.000000 1.000000
vt 1.000000 1.000000
vt 0.929293 1.000000
vt 0.929293 1.000000
vt 0.941365 1.000000
vt 1.000000 1.000000
vt 0.987927 1.000000
vt 0.929293 1.000000
vt 1.000000 0.000000
vt 0.929293 0.000000
vt 1.000000 1.000000
vt 0.929293 1.000000
vt 1.000000 1.000000
vt 1.000000 1.000000
vt 0.929293 1.000000
vt 0.929293 1.000000
vt 0.941365 1.000000
vt 1.000000 1.000000
vt 0.987927 1.000000
vt 0.929293 1.000000
vt 1.000000 0.000000
vt 0.929293 0.000000
vt 1.000000 1.000000
vt 0.929293 1.000000
vt 1.000000 1.000000
vt 1.000000 1.000000
vt 0.929293 1.000000
vt 0.929293 1.000000
vt 0.941365 1.000000
vt 1.000000 1.000000
vt 0.987927 1.000000
vt 0.929293 1.000000
vt 1.000000 0.000000
vt 0.929293 0.000000
vt 1.000000 1.000000
vt 0.929293 1.000000
vt 1.000000 1.000000
vt 1.000000 1.000000
vt 0.929293 1.000000
vt 0.929293 1.000000
vt 0.941365 1.000000
vt 1.000000 1.000000
vt 0.987927 1.000000
vt 0.929293 1.000000
vt 1.000000 0.000000
vt 0.929293 0.000000
vt 1.000000 1.000000
vt 0.929293 1.000000
vt 1.000000 1.000000
vt 1.000000 1.000000
vt 0.929293 1.000000
vt 0.929293 1.000000
vt 0.941365 1.000000
vt 1.000000 1.000000
vt 0.987927 1.000000
vt 0.929293 1.000000
vt 1.000000 0.000000
vt 0.929293 0.000000
vt 1.000000 1.000000
vt 0.929293 1.000000
vt 1.000000 1.000000
vt 1.000000 1.000000
vt 0.929293 1.000000
vt 0.929293 1.000000
vt 0.941365 1.000000
vt 1.000000 1.000000
vt 0.987927 1.000000
vt 0.929293 1.000000
vt 1.000000 0.000000
vt 0.929293 0.000000
vt 1.000000 1.000000
vt 0.929293 1.000000
vt 1.000000 1.000000
vt 1.000000 1.000000
vt 0.929293 1.000000
vt 0.929293 1.000000
vt 0.941365 1.000000
vt 1.000000 1.000000
vt 0.987927 1.000000
vt 0.929293 1.000000
vt 1.000000 0.000000
vt 0.929293 0.000000
vt 1.000000 1.000000
vt 0.929293 1.000000
vt 1.000000 1.000000
vt 1.000000 1.000000
vt 0.929293 1.000000
vt 0.929293 1.000000
vt 0.941365 1.000000
vt 1.000000 1.000000
vt 0.987927 1.000000
vt 0.929293 1.000000
vt 1.000000 0.000000
vt 0.929293 0.000000
vt 1.000000 1.000000
vt 0.929293 1.000000
vt 1.000000 1.000000
vt 1.000000 1.000000
vt 0.929293 1.000000
vt 0.929293 1.000000
vt 0.941365 1.000000
vt 1.000000 1.000000
vt 0.987927 1.000000
vt 0.929293 1.000000
vt 1.000000 0.000000
vt 0.929293 0.000000
vt 1.000000 1.000000
vt 0.929293 1.000000
vt 1.000000 1.000000
vt 1.000000 1.000000
vt 0.929293 1.000000
vt 0.929293 1.000000
vt 0.941365 1.000000
vt 1.000000 1.000000
vt 0.987927 1.000000
vt 0.929293 1.000000
vt 1.000000 0.000000
vt 0.929293 0.000000
vt 1.000000 1.000000
vt 0.929293 1.000000
vt 1.000000 1.000000
vt 1.000000 1.000000
vt 0.929293 1.000000
vt 0.929293 1.000000
vt 0.941365 1.000000
vt 1.000000 1.000000
vt 0.987927 1.000000
vt 0.929293 1.000000
vt 1.000000 0.000000
vt 0.929293 0.000000
vt 1.000000 1.000000
vt 0.929293 1.000000
vt 1.000000 1.000000
vt 1.000000 1.000000
vt 0.929293 1.000000
vt 0.929293 1.000000
vt 0.941365 1.000000
vt 1.000000 1.000000
vt 0.987927 1.000000
vt 0.929293 1.000000
vt 1.000000 0.000000
vt 0.929293 0.000000
vt 1.000000 1.000000
vt 0.929293 1.000000
vt 1.000000 1.000000
vt 1.000000 1.000000
vt 0.929293 1.000000
vt 0.929293 1.000000
vt 0.941365 1.000000
vt 1.000000 1.000000
vt 0.987927 1.000000
vt 0.929293 1.000000
vt 1.000000 0.000000
vt 0.929293 0.000000
vt 1.000000 1.000000
vt 0.929293 1.000000
vt 1.000000 1.000000
vt 1.000000 1.000000
vt 0.929293 1.000000
vt 0.929293 1.000000
vt 0.941365 1.000000
vt 1.000000 1.000000
vt 0.987927 1.000000
vt 1.000000 1.000000
vt 1.000000 1.000000
vt 1.000000 1.000000
vt 1.000000 1.000000
vt 1.000000 1.000000
vt 1.000000 1.000000
vt 1.000000 1.000000
vt 1.000000 1.000000
vt 1.000000 1.000000
vt 1.000000 1.000000
vt 1.000000 1.000000
vt 1.000000 1.000000
vt 1.000000 1.000000
vt 1.000000 1.000000
vt 1.000000 1.000000
vt 1.000000 1.000000
vt 1.000000 1.000000
vt 1.000000 1.000000
vt 1.000000 1.000000
vt 1.000000 1.000000
vt 1.000000 1.000000
vt 1.000000 1.000000
vt 1.000000 1.000000
vt 1.000000 1.000000
vt 0.929293 1.000000
vt 0.929293 1.000000
vt 0.929293 1.000000
vt 0.929293 1.000000
vt 0.929293 1.000000
vt 0.929293 1.000000
vt 0.929293 1.000000
vt 0.929293 1.000000
vt 0.929293 1.000000
vt 0.929293 1.000000
vt 0.929293 1.000000
vt 0.929293 1.000000
vt 0.929293 1.000000
vt 0.929293 1.000000
vt 0.929293 1.000000
vt 0.929293 1.000000
vt 0.929293 1.000000
vt 0.929293 1.000000
vt 0.929293 1.000000
vt 0.929293 1.000000
vt 0.929293 1.000000
vt 0.929293 1.000000
vt 0.929293 1.000000
vt 0.929293 1.000000
s 1
usemtl glass
f 2871/2871/2651 2867/2867/2652 2880/2880/2653
f 3181/3181/2654 2875/2875/2655 2887/2887/2656 3182/3182/2657
f 2878/2878/2658 2874/2874/2659 2886/2886/2660 2890/2890/2661
f 2879/2879/2662 2878/2878/2658 2890/2890/2661 2891/2891/2663
f 2873/2873/2664 2870/2870/2665 2883/2883/2666 2885/2885/2667
f 2868/2868/2668 2869/2869/2669 2882/2882/2669 2881/2881/2670
f 2877/2877/2671 2879/2879/2662 2891/2891/2663 2889/2889/2672
f 2867/2867/2652 2872/2872/2673 2884/2884/2674 2880/2880/2653
f 2870/2870/2665 2868/2868/2668 2881/2881/2670 2883/2883/2666
f 2876/2876/2675 2877/2877/2671 2889/2889/2672 2888/2888/2676
f 3157/3157/2677 2873/2873/2664 2885/2885/2667 3158/3158/2678
f 2869/2869/2669 2908/2908/2669 2882/2882/2669
f 2875/2875/2655 2876/2876/2675 2888/2888/2676 2887/2887/2656
f 2887/2887/2656 2888/2888/2676 2900/2900/2679 2899/2899/2680
f 2883/2883/2666 2881/2881/2670 2893/2893/2681 2895/2895/2682
f 3182/3182/2657 2887/2887/2656 2899/2899/2680 3183/3183/2683
f 2882/2882/2669 2908/2908/2669 2894/2894/2669
f 2890/2890/2661 2886/2886/2660 2898/2898/2684 2902/2902/2685
f 2871/2871/2651 2880/2880/2653 2892/2892/2686
f 2891/2891/2663 2890/2890/2661 2902/2902/2685 2903/2903/2687
f 2889/2889/2672 2891/2891/2663 2903/2903/2687 2901/2901/2688
f 2885/2885/2667 2883/2883/2666 2895/2895/2682 2897/2897/2689
f 2888/2888/2676 2889/2889/2672 2901/2901/2688 2900/2900/2679
f 2880/2880/2653 2884/2884/2674 2896/2896/2690 2892/2892/2686
f 3158/3158/2678 2885/2885/2667 2897/2897/2689 3159/3159/2691
f 2881/2881/2670 2882/2882/2669 2894/2894/2669 2893/2893/2681
f 2902/2902/2685 2898/2898/2684 2911/2911/2692 2915/2915/2693
f 2871/2871/2651 2892/2892/2686 2904/2904/2694
f 2903/2903/2687 2902/2902/2685 2915/2915/2693 2916/2916/2695
f 2901/2901/2688 2903/2903/2687 2916/2916/2695 2914/2914/2696
f 2897/2897/2689 2895/2895/2682 2907/2907/2697 2910/2910/2698
f 2900/2900/2679 2901/2901/2688 2914/2914/2696 2913/2913/2699
f 2892/2892/2686 2896/2896/2690 2909/2909/2700 2904/2904/2694
f 3159/3159/2691 2897/2897/2689 2910/2910/2698 3160/3160/2701
f 2893/2893/2681 2894/2894/2669 2906/2906/2669 2905/2905/2702
f 2899/2899/2680 2900/2900/2679 2913/2913/2699 2912/2912/2703
f 2895/2895/2682 2893/2893/2681 2905/2905/2702 2907/2907/2697
f 3183/3183/2683 2899/2899/2680 2912/2912/2703 3184/3184/2704
f 2894/2894/2669 2908/2908/2669 2906/2906/2669
f 2914/2914/2696 2916/2916/2695 2928/2928/2705 2926/2926/2706
f 2910/2910/2698 2907/2907/2697 2920/2920/2707 2922/2922/2708
f 2913/2913/2699 2914/2914/2696 2926/2926/2706 2925/2925/2709
f 2904/2904/2694 2909/2909/2700 2921/2921/2710 2917/2917/2711
f 3160/3160/2701 2910/2910/2698 2922/2922/2708 3161/3161/2712
f 2905/2905/2702 2906/2906/2669 2919/2919/2669 2918/2918/2713
f 2912/2912/2703 2913/2913/2699 2925/2925/2709 2924/2924/2714
f 2907/2907/2697 2905/2905/2702 2918/2918/2713 2920/2920/2707
f 3184/3184/2704 2912/2912/2703 2924/2924/2714 3185/3185/2715
f 2906/2906/2669 2908/2908/2669 2919/2919/2669
f 2915/2915/2693 2911/2911/2692 2923/2923/2716 2927/2927/2717
f 2871/2871/2651 2904/2904/2694 2917/2917/2711
f 2916/2916/2695 2915/2915/2693 2927/2927/2717 2928/2928/2705
f 2925/2925/2709 2926/2926/2706 2938/2938/2718 2937/2937/2719
f 2917/2917/2711 2921/2921/2710 2933/2933/2720 2929/2929/2721
f 3161/3161/2712 2922/2922/2708 2934/2934/2722 3162/3162/2723
f 2918/2918/2713 2919/2919/2669 2931/2931/2669 2930/2930/2724
f 2924/2924/2714 2925/2925/2709 2937/2937/2719 2936/2936/2725
f 2920/2920/2707 2918/2918/2713 2930/2930/2724 2932/2932/2726
f 3185/3185/2715 2924/2924/2714 2936/2936/2725 3186/3186/2727
f 2919/2919/2669 2908/2908/2669 2931/2931/2669
f 2927/2927/2717 2923/2923/2716 2935/2935/2728 2939/2939/2729
f 2871/2871/2651 2917/2917/2711 2929/2929/2721
f 2928/2928/2705 2927/2927/2717 2939/2939/2729 2940/2940/2730
f 2926/2926/2706 2928/2928/2705 2940/2940/2730 2938/2938/2718
f 2922/2922/2708 2920/2920/2707 2932/2932/2726 2934/2934/2722
f 3162/3162/2723 2934/2934/2722 2946/2946/2731 3163/3163/2732
f 2930/2930/2724 2931/2931/2669 2943/2943/2669 2942/2942/2733
f 2936/2936/2725 2937/2937/2719 2949/2949/2734 2948/2948/2735
f 2932/2932/2726 2930/2930/2724 2942/2942/2733 2944/2944/2736
f 3186/3186/2727 2936/2936/2725 2948/2948/2735 3187/3187/2737
f 2931/2931/2669 2908/2908/2669 2943/2943/2669
f 2939/2939/2729 2935/2935/2728 2947/2947/2738 2951/2951/2739
f 2871/2871/2651 2929/2929/2721 2941/2941/2740
f 2940/2940/2730 2939/2939/2729 2951/2951/2739 2952/2952/2741
f 2938/2938/2718 2940/2940/2730 2952/2952/2741 2950/2950/2742
f 2934/2934/2722 2932/2932/2726 2944/2944/2736 2946/2946/2731
f 2937/2937/2719 2938/2938/2718 2950/2950/2742 2949/2949/2734
f 2929/2929/2721 2933/2933/2720 2945/2945/2743 2941/2941/2740
f 3187/3187/2737 2948/2948/2735 2960/2960/2744 3188/3188/2745
f 2943/2943/2669 2908/2908/2669 2955/2955/2669
f 2951/2951/2739 2947/2947/2738 2959/2959/2746 2963/2963/2747
f 2871/2871/2651 2941/2941/2740 2953/2953/2748
f 2952/2952/2741 2951/2951/2739 2963/2963/2747 2964/2964/2749
f 2950/2950/2742 2952/2952/2741 2964/2964/2749 2962/2962/2750
f 2946/2946/2731 2944/2944/2736 2956/2956/2751 2958/2958/2752
f 2949/2949/2734 2950/2950/2742 2962/2962/2750 2961/2961/2753
f 2941/2941/2740 2945/2945/2743 2957/2957/2754 2953/2953/2748
f 3163/3163/2732 2946/2946/2731 2958/2958/2752 3164/3164/2755
f 2942/2942/2733 2943/2943/2669 2955/2955/2669 2954/2954/2756
f 2948/2948/2735 2949/2949/2734 2961/2961/2753 2960/2960/2744
f 2944/2944/2736 2942/2942/2733 2954/2954/2756 2956/2956/2751
f 2871/2871/2651 2953/2953/2748 2965/2965/2757
f 2964/2964/2749 2963/2963/2747 2975/2975/2758 2976/2976/2759
f 2962/2962/2750 2964/2964/2749 2976/2976/2759 2974/2974/2760
f 2958/2958/2752 2956/2956/2751 2968/2968/2761 2970/2970/2762
f 2961/2961/2753 2962/2962/2750 2974/2974/2760 2973/2973/2763
f 2953/2953/2748 2957/2957/2754 2969/2969/2764 2965/2965/2757
f 3164/3164/2755 2958/2958/2752 2970/2970/2762 3165/3165/2765
f 2954/2954/2756 2955/2955/2669 2967/2967/2669 2966/2966/2766
f 2960/2960/2744 2961/2961/2753 2973/2973/2763 2972/2972/2767
f 2956/2956/2751 2954/2954/2756 2966/2966/2766 2968/2968/2761
f 3188/3188/2745 2960/2960/2744 2972/2972/2767 3189/3189/2768
f 2955/2955/2669 2908/2908/2669 2967/2967/2669
f 2963/2963/2747 2959/2959/2746 2971/2971/2769 2975/2975/2758
f 2974/2974/2760 2976/2976/2759 2988/2988/2770 2986/2986/2771
f 2970/2970/2762 2968/2968/2761 2980/2980/2772 2982/2982/2773
f 2973/2973/2763 2974/2974/2760 2986/2986/2771 2985/2985/2774
f 2965/2965/2757 2969/2969/2764 2981/2981/2775 2977/2977/2776
f 3165/3165/2765 2970/2970/2762 2982/2982/2773 3166/3166/2777
f 2966/2966/2766 2967/2967/2669 2979/2979/2669 2978/2978/2778
f 2972/2972/2767 2973/2973/2763 2985/2985/2774 2984/2984/2779
f 2968/2968/2761 2966/2966/2766 2978/2978/2778 2980/2980/2772
f 3189/3189/2768 2972/2972/2767 2984/2984/2779 3190/3190/2780
f 2967/2967/2669 2908/2908/2669 2979/2979/2669
f 2975/2975/2758 2971/2971/2769 2983/2983/2781 2987/2987/2782
f 2871/2871/2651 2965/2965/2757 2977/2977/2776
f 2976/2976/2759 2975/2975/2758 2987/2987/2782 2988/2988/2770
f 2977/2977/2776 2981/2981/2775 2993/2993/2783 2989/2989/2784
f 3166/3166/2777 2982/2982/2773 2994/2994/2785 3167/3167/2786
f 2978/2978/2778 2979/2979/2669 2991/2991/2669 2990/2990/2787
f 2984/2984/2779 2985/2985/2774 2997/2997/2788 2996/2996/2789
f 2980/2980/2772 2978/2978/2778 2990/2990/2787 2992/2992/2790
f 3190/3190/2780 2984/2984/2779 2996/2996/2789 3191/3191/2791
f 2979/2979/2669 2908/2908/2669 2991/2991/2669
f 2987/2987/2782 2983/2983/2781 2995/2995/2792 2999/2999/2793
f 2871/2871/2651 2977/2977/2776 2989/2989/2784
f 2988/2988/2770 2987/2987/2782 2999/2999/2793 3000/3000/2794
f 2986/2986/2771 2988/2988/2770 3000/3000/2794 2998/2998/2795
f 2982/2982/2773 2980/2980/2772 2992/2992/2790 2994/2994/2785
f 2985/2985/2774 2986/2986/2771 2998/2998/2795 2997/2997/2788
f 2996/2996/2789 2997/2997/2788 3009/3009/2796 3008/3008/2797
f 2992/2992/2790 2990/2990/2787 3002/3002/2798 3004/3004/2799
f 3191/3191/2791 2996/2996/2789 3008/3008/2797 3192/3192/2800
f 2991/2991/2669 2908/2908/2669 3003/3003/2669
f 2999/2999/2793 2995/2995/2792 3007/3007/2801 3011/3011/2802
f 2871/2871/2651 2989/2989/2784 3001/3001/2803
f 3000/3000/2794 2999/2999/2793 3011/3011/2802 3012/3012/2804
f 2998/2998/2795 3000/3000/2794 3012/3012/2804 3010/3010/2805
f 2994/2994/2785 2992/2992/2790 3004/3004/2799 3006/3006/2806
f 2997/2997/2788 2998/2998/2795 3010/3010/2805 3009/3009/2796
f 2989/2989/2784 2993/2993/2783 3005/3005/2807 3001/3001/2803
f 3167/3167/2786 2994/2994/2785 3006/3006/2806 3168/3168/2808
f 2990/2990/2787 2991/2991/2669 3003/3003/2669 3002/3002/2798
f 3003/3003/2669 2908/2908/2669 3015/3015/2669
f 3011/3011/2802 3007/3007/2801 3019/3019/2809 3023/3023/2810
f 2871/2871/2651 3001/3001/2803 3013/3013/2811
f 3012/3012/2804 3011/3011/2802 3023/3023/2810 3024/3024/2812
f 3010/3010/2805 3012/3012/2804 3024/3024/2812 3022/3022/2813
f 3006/3006/2806 3004/3004/2799 3016/3016/2814 3018/3018/2815
f 3009/3009/2796 3010/3010/2805 3022/3022/2813 3021/3021/2816
f 3001/3001/2803 3005/3005/2807 3017/3017/2817 3013/3013/2811
f 3168/3168/2808 3006/3006/2806 3018/3018/2815 3169/3169/2818
f 3002/3002/2798 3003/3003/2669 3015/3015/2669 3014/3014/2819
f 3008/3008/2797 3009/3009/2796 3021/3021/2816 3020/3020/2820
f 3004/3004/2799 3002/3002/2798 3014/3014/2819 3016/3016/2814
f 3192/3192/2800 3008/3008/2797 3020/3020/2820 3193/3193/2821
f 3024/3024/2812 3023/3023/2810 3035/3035/2822 3036/3036/2823
f 3022/3022/2813 3024/3024/2812 3036/3036/2823 3034/3034/2824
f 3018/3018/2815 3016/3016/2814 3028/3028/2825 3030/3030/2826
f 3021/3021/2816 3022/3022/2813 3034/3034/2824 3033/3033/2827
f 3013/3013/2811 3017/3017/2817 3029/3029/2828 3025/3025/2829
f 3169/3169/2818 3018/3018/2815 3030/3030/2826 3170/3170/2830
f 3014/3014/2819 3015/3015/2669 3027/3027/2669 3026/3026/2831
f 3020/3020/2820 3021/3021/2816 3033/3033/2827 3032/3032/2832
f 3016/3016/2814 3014/3014/2819 3026/3026/2831 3028/3028/2825
f 3193/3193/2821 3020/3020/2820 3032/3032/2832 3194/3194/2833
f 3015/3015/2669 2908/2908/2669 3027/3027/2669
f 3023/3023/2810 3019/3019/2809 3031/3031/2834 3035/3035/2822
f 2871/2871/2651 3013/3013/2811 3025/3025/2829
f 3030/3030/2826 3028/3028/2825 3040/3040/2835 3042/3042/2836
f 3033/3033/2827 3034/3034/2824 3046/3046/2837 3045/3045/2838
f 3025/3025/2829 3029/3029/2828 3041/3041/2839 3037/3037/2840
f 3170/3170/2830 3030/3030/2826 3042/3042/2836 3171/3171/2841
f 3026/3026/2831 3027/3027/2669 3039/3039/2669 3038/3038/2842
f 3032/3032/2832 3033/3033/2827 3045/3045/2838 3044/3044/2843
f 3028/3028/2825 3026/3026/2831 3038/3038/2842 3040/3040/2835
f 3194/3194/2833 3032/3032/2832 3044/3044/2843 3195/3195/2844
f 3027/3027/2669 2908/2908/2669 3039/3039/2669
f 3035/3035/2822 3031/3031/2834 3043/3043/2845 3047/3047/2846
f 2871/2871/2651 3025/3025/2829 3037/3037/2840
f 3036/3036/2823 3035/3035/2822 3047/3047/2846 3048/3048/2847
f 3034/3034/2824 3036/3036/2823 3048/3048/2847 3046/3046/2837
f 3171/3171/2841 3042/3042/2836 3054/3054/2848 3172/3172/2849
f 3038/3038/2842 3039/3039/2669 3051/3051/2669 3050/3050/2850
f 3044/3044/2843 3045/3045/2838 3057/3057/2851 3056/3056/2852
f 3040/3040/2835 3038/3038/2842 3050/3050/2850 3052/3052/2853
f 3195/3195/2844 3044/3044/2843 3056/3056/2852 3196/3196/2854
f 3039/3039/2669 2908/2908/2669 3051/3051/2669
f 3047/3047/2846 3043/3043/2845 3055/3055/2855 3059/3059/2856
f 2871/2871/2651 3037/3037/2840 3049/3049/2857
f 3048/3048/2847 3047/3047/2846 3059/3059/2856 3060/3060/2858
f 3046/3046/2837 3048/3048/2847 3060/3060/2858 3058/3058/2859
f 3042/3042/2836 3040/3040/2835 3052/3052/2853 3054/3054/2848
f 3045/3045/2838 3046/3046/2837 3058/3058/2859 3057/3057/2851
f 3037/3037/2840 3041/3041/2839 3053/3053/2860 3049/3049/2857
f 3052/3052/2853 3050/3050/2850 3062/3062/2861 3064/3064/2862
f 3196/3196/2854 3056/3056/2852 3068/3068/2863 3197/3197/2864
f 3051/3051/2669 2908/2908/2669 3063/3063/2669
f 3059/3059/2856 3055/3055/2855 3067/3067/2865 3071/3071/2866
f 2871/2871/2651 3049/3049/2857 3061/3061/2867
f 3060/3060/2858 3059/3059/2856 3071/3071/2866 3072/3072/2868
f 3058/3058/2859 3060/3060/2858 3072/3072/2868 3070/3070/2869
f 3054/3054/2848 3052/3052/2853 3064/3064/2862 3066/3066/2870
f 3057/3057/2851 3058/3058/2859 3070/3070/2869 3069/3069/2871
f 3049/3049/2857 3053/3053/2860 3065/3065/2872 3061/3061/2867
f 3172/3172/2849 3054/3054/2848 3066/3066/2870 3173/3173/2873
f 3050/3050/2850 3051/3051/2669 3063/3063/2669 3062/3062/2861
f 3056/3056/2852 3057/3057/2851 3069/3069/2871 3068/3068/2863
f 3071/3071/2866 3067/3067/2865 3079/3079/2874 3083/3083/2875
f 2871/2871/2651 3061/3061/2867 3073/3073/2876
f 3072/3072/2868 3071/3071/2866 3083/3083/2875 3084/3084/2877
f 3070/3070/2869 3072/3072/2868 3084/3084/2877 3082/3082/2878
f 3066/3066/2870 3064/3064/2862 3076/3076/2879 3078/3078/2880
f 3069/3069/2871 3070/3070/2869 3082/3082/2878 3081/3081/2881
f 3061/3061/2867 3065/3065/2872 3077/3077/2882 3073/3073/2876
f 3173/3173/2873 3066/3066/2870 3078/3078/2880 3174/3174/2883
f 3062/3062/2861 3063/3063/2669 3075/3075/2669 3074/3074/2884
f 3068/3068/2863 3069/3069/2871 3081/3081/2881 3080/3080/2885
f 3064/3064/2862 3062/3062/2861 3074/3074/2884 3076/3076/2879
f 3197/3197/2864 3068/3068/2863 3080/3080/2885 3198/3198/2886
f 3063/3063/2669 2908/2908/2669 3075/3075/2669
f 3082/3082/2878 3084/3084/2877 3096/3096/2887 3094/3094/2888
f 3078/3078/2880 3076/3076/2879 3088/3088/2889 3090/3090/2890
f 3081/3081/2881 3082/3082/2878 3094/3094/2888 3093/3093/2891
f 3073/3073/2876 3077/3077/2882 3089/3089/2892 3085/3085/2893
f 3174/3174/2883 3078/3078/2880 3090/3090/2890 3175/3175/2894
f 3074/3074/2884 3075/3075/2669 3087/3087/2669 3086/3086/2895
f 3080/3080/2885 3081/3081/2881 3093/3093/2891 3092/3092/2896
f 3076/3076/2879 3074/3074/2884 3086/3086/2895 3088/3088/2889
f 3198/3198/2886 3080/3080/2885 3092/3092/2896 3199/3199/2897
f 3075/3075/2669 2908/2908/2669 3087/3087/2669
f 3083/3083/2875 3079/3079/2874 3091/3091/2898 3095/3095/2899
f 2871/2871/2651 3073/3073/2876 3085/3085/2893
f 3084/3084/2877 3083/3083/2875 3095/3095/2899 3096/3096/2887
f 3093/3093/2891 3094/3094/2888 3106/3106/2900 3105/3105/2901
f 3085/3085/2893 3089/3089/2892 3101/3101/2902 3097/3097/2903
f 3175/3175/2894 3090/3090/2890 3102/3102/2904 3176/3176/2905
f 3086/3086/2895 3087/3087/2669 3099/3099/2669 3098/3098/2906
f 3092/3092/2896 3093/3093/2891 3105/3105/2901 3104/3104/2907
f 3088/3088/2889 3086/3086/2895 3098/3098/2906 3100/3100/2908
f 3199/3199/2897 3092/3092/2896 3104/3104/2907 3200/3200/2909
f 3087/3087/2669 2908/2908/2669 3099/3099/2669
f 3095/3095/2899 3091/3091/2898 3103/3103/2910 3107/3107/2911
f 2871/2871/2651 3085/3085/2893 3097/3097/2903
f 3096/3096/2887 3095/3095/2899 3107/3107/2911 3108/3108/2912
f 3094/3094/2888 3096/3096/2887 3108/3108/2912 3106/3106/2900
f 3090/3090/2890 3088/3088/2889 3100/3100/2908 3102/3102/2904
f 3098/3098/2906 3099/3099/2669 3111/3111/2669 3110/3110/2913
f 3104/3104/2907 3105/3105/2901 3117/3117/2914 3116/3116/2915
f 3100/3100/2908 3098/3098/2906 3110/3110/2913 3112/3112/2916
f 3200/3200/2909 3104/3104/2907 3116/3116/2915 3201/3201/2917
f 3099/3099/2669 2908/2908/2669 3111/3111/2669
f 3107/3107/2911 3103/3103/2910 3115/3115/2918 3119/3119/2919
f 2871/2871/2651 3097/3097/2903 3109/3109/2920
f 3108/3108/2912 3107/3107/2911 3119/3119/2919 3120/3120/2921
f 3106/3106/2900 3108/3108/2912 3120/3120/2921 3118/3118/2922
f 3102/3102/2904 3100/3100/2908 3112/3112/2916 3114/3114/2923
f 3105/3105/2901 3106/3106/2900 3118/3118/2922 3117/3117/2914
f 3097/3097/2903 3101/3101/2902 3113/3113/2924 3109/3109/2920
f 3176/3176/2905 3102/3102/2904 3114/3114/2923 3177/3177/2925
f 3201/3201/2917 3116/3116/2915 3128/3128/2926 3202/3202/2927
f 3111/3111/2669 2908/2908/2669 3123/3123/2669
f 3119/3119/2919 3115/3115/2918 3127/3127/2928 3131/3131/2929
f 2871/2871/2651 3109/3109/2920 3121/3121/2930
f 3120/3120/2921 3119/3119/2919 3131/3131/2929 3132/3132/2931
f 3118/3118/2922 3120/3120/2921 3132/3132/2931 3130/3130/2932
f 3114/3114/2923 3112/3112/2916 3124/3124/2933 3126/3126/2934
f 3117/3117/2914 3118/3118/2922 3130/3130/2932 3129/3129/2935
f 3109/3109/2920 3113/3113/2924 3125/3125/2936 3121/3121/2930
f 3177/3177/2925 3114/3114/2923 3126/3126/2934 3178/3178/2937
f 3110/3110/2913 3111/3111/2669 3123/3123/2669 3122/3122/2938
f 3116/3116/2915 3117/3117/2914 3129/3129/2935 3128/3128/2926
f 3112/3112/2916 3110/3110/2913 3122/3122/2938 3124/3124/2933
f 2871/2871/2651 3121/3121/2930 3133/3133/2939
f 3132/3132/2931 3131/3131/2929 3143/3143/2940 3144/3144/2941
f 3130/3130/2932 3132/3132/2931 3144/3144/2941 3142/3142/2942
f 3126/3126/2934 3124/3124/2933 3136/3136/2943 3138/3138/2944
f 3129/3129/2935 3130/3130/2932 3142/3142/2942 3141/3141/2945
f 3121/3121/2930 3125/3125/2936 3137/3137/2946 3133/3133/2939
f 3178/3178/2937 3126/3126/2934 3138/3138/2944 3179/3179/2947
f 3122/3122/2938 3123/3123/2669 3135/3135/2669 3134/3134/2948
f 3128/3128/2926 3129/3129/2935 3141/3141/2945 3140/3140/2949
f 3124/3124/2933 3122/3122/2938 3134/3134/2948 3136/3136/2943
f 3202/3202/2927 3128/3128/2926 3140/3140/2949 3203/3203/2950
f 3123/3123/2669 2908/2908/2669 3135/3135/2669
f 3131/3131/2929 3127/3127/2928 3139/3139/2951 3143/3143/2940
f 3142/3142/2942 3144/3144/2941 3156/3156/2952 3154/3154/2953
f 3138/3138/2944 3136/3136/2943 3148/3148/2954 3150/3150/2955
f 3141/3141/2945 3142/3142/2942 3154/3154/2953 3153/3153/2956
f 3133/3133/2939 3137/3137/2946 3149/3149/2957 3145/3145/2958
f 3179/3179/2947 3138/3138/2944 3150/3150/2955 3180/3180/2959
f 3134/3134/2948 3135/3135/2669 3147/3147/2669 3146/3146/2960
f 3140/3140/2949 3141/3141/2945 3153/3153/2956 3152/3152/2961
f 3136/3136/2943 3134/3134/2948 3146/3146/2960 3148/3148/2954
f 3203/3203/2950 3140/3140/2949 3152/3152/2961 3204/3204/2962
f 3135/3135/2669 2908/2908/2669 3147/3147/2669
f 3143/3143/2940 3139/3139/2951 3151/3151/2963 3155/3155/2964
f 2871/2871/2651 3133/3133/2939 3145/3145/2958
f 3144/3144/2941 3143/3143/2940 3155/3155/2964 3156/3156/2952
f 3180/3180/2959 3150/3150/2955 2873/2873/2664 3157/3157/2677
f 3146/3146/2960 3147/3147/2669 2869/2869/2669 2868/2868/2668
f 3152/3152/2961 3153/3153/2956 2876/2876/2675 2875/2875/2655
f 3148/3148/2954 3146/3146/2960 2868/2868/2668 2870/2870/2665
f 3204/3204/2962 3152/3152/2961 2875/2875/2655 3181/3181/2654
f 3147/3147/2669 2908/2908/2669 2869/2869/2669
f 3155/3155/2964 3151/3151/2963 2874/2874/2659 2878/2878/2658
f 2871/2871/2651 3145/3145/2958 2867/2867/2652
f 3156/3156/2952 3155/3155/2964 2878/2878/2658 2879/2879/2662
f 3154/3154/2953 3156/3156/2952 2879/2879/2662 2877/2877/2671
f 3150/3150/2955 3148/3148/2954 2870/2870/2665 2873/2873/2664
f 3153/3153/2956 3154/3154/2953 2877/2877/2671 2876/2876/2675
f 3145/3145/2958 3149/3149/2957 2872/2872/2673 2867/2867/2652
f 3151/3151/2963 3180/3180/2959 3157/3157/2677 2874/2874/2659
f 3139/3139/2951 3179/3179/2947 3180/3180/2959 3151/3151/2963
f 3127/3127/2928 3178/3178/2937 3179/3179/2947 3139/3139/2951
f 3115/3115/2918 3177/3177/2925 3178/3178/2937 3127/3127/2928
f 3103/3103/2910 3176/3176/2905 3177/3177/2925 3115/3115/2918
f 3091/3091/2898 3175/3175/2894 3176/3176/2905 3103/3103/2910
f 3079/3079/2874 3174/3174/2883 3175/3175/2894 3091/3091/2898
f 3067/3067/2865 3173/3173/2873 3174/3174/2883 3079/3079/2874
f 3055/3055/2855 3172/3172/2849 3173/3173/2873 3067/3067/2865
f 3043/3043/2845 3171/3171/2841 3172/3172/2849 3055/3055/2855
f 3031/3031/2834 3170/3170/2830 3171/3171/2841 3043/3043/2845
f 3019/3019/2809 3169/3169/2818 3170/3170/2830 3031/3031/2834
f 3007/3007/2801 3168/3168/2808 3169/3169/2818 3019/3019/2809
f 2995/2995/2792 3167/3167/2786 3168/3168/2808 3007/3007/2801
f 2983/2983/2781 3166/3166/2777 3167/3167/2786 2995/2995/2792
f 2971/2971/2769 3165/3165/2765 3166/3166/2777 2983/2983/2781
f 2959/2959/2746 3164/3164/2755 3165/3165/2765 2971/2971/2769
f 2947/2947/2738 3163/3163/2732 3164/3164/2755 2959/2959/2746
f 2935/2935/2728 3162/3162/2723 3163/3163/2732 2947/2947/2738
f 2923/2923/2716 3161/3161/2712 3162/3162/2723 2935/2935/2728
f 2911/2911/2692 3160/3160/2701 3161/3161/2712 2923/2923/2716
f 2898/2898/2684 3159/3159/2691 3160/3160/2701 2911/2911/2692
f 2886/2886/2660 3158/3158/2678 3159/3159/2691 2898/2898/2684
f 2874/2874/2659 3157/3157/2677 3158/3158/2678 2886/2886/2660
f 3149/3149/2957 3204/3204/2962 3181/3181/2654 2872/2872/2673
f 3137/3137/2946 3203/3203/2950 3204/3204/2962 3149/3149/2957
f 3125/3125/2936 3202/3202/2927 3203/3203/2950 3137/3137/2946
f 3113/3113/2924 3201/3201/2917 3202/3202/2927 3125/3125/2936
f 3101/3101/2902 3200/3200/2909 3201/3201/2917 3113/3113/2924
f 3089/3089/2892 3199/3199/2897 3200/3200/2909 3101/3101/2902
f 3077/3077/2882 3198/3198/2886 3199/3199/2897 3089/3089/2892
f 3065/3065/2872 3197/3197/2864 3198/3198/2886 3077/3077/2882
f 3053/3053/2860 3196/3196/2854 3197/3197/2864 3065/3065/2872
f 3041/3041/2839 3195/3195/2844 3196/3196/2854 3053/3053/2860
f 3029/3029/2828 3194/3194/2833 3195/3195/2844 3041/3041/2839
f 3017/3017/2817 3193/3193/2821 3194/3194/2833 3029/3029/2828
f 3005/3005/2807 3192/3192/2800 3193/3193/2821 3017/3017/2817
f 2993/2993/2783 3191/3191/2791 3192/3192/2800 3005/3005/2807
f 2981/2981/2775 3190/3190/2780 3191/3191/2791 2993/2993/2783
f 2969/2969/2764 3189/3189/2768 3190/3190/2780 2981/2981/2775
f 2957/2957/2754 3188/3188/2745 3189/3189/2768 2969/2969/2764
f 2945/2945/2743 3187/3187/2737 3188/3188/2745 2957/2957/2754
f 2933/2933/2720 3186/3186/2727 3187/3187/2737 2945/2945/2743
f 2921/2921/2710 3185/3185/2715 3186/3186/2727 2933/2933/2720
f 2909/2909/2700 3184/3184/2704 3185/3185/2715 2921/2921/2710
f 2896/2896/2690 3183/3183/2683 3184/3184/2704 2909/2909/2700
f 2884/2884/2674 3182/3182/2657 3183/3183/2683 2896/2896/2690
f 2872/2872/2673 3181/3181/2654 3182/3182/2657 2884/2884/2674
