# Blender v2.79 (sub 0) OBJ File: 'aHatsuneMikuDivaBlank.blend'
# www.blender.org
mtllib ROOMITEMS022_ALL.mtl
o _5_0
v 0.440414 0.602869 -0.762818
v -0.440413 0.602869 -0.762818
v 0.000000 0.602869 0.000000
v -0.880827 0.602869 0.000000
v -0.440413 0.602869 0.762818
v 0.440413 0.602869 0.762818
v 0.880827 0.602869 0.000000
vt 1.869750 0.770337
vt 1.869750 0.770337
vt 1.869750 0.705971
vt 1.869750 0.770337
vt 1.869750 0.770337
vt 1.869750 0.770337
vt 1.869750 0.770337
usemtl Mdl_0_Mtl_luk_02
s off
f 1/1 2/2 3/3
f 2/2 4/4 3/3
f 4/4 5/5 3/3
f 5/5 6/6 3/3
f 6/6 7/7 3/3
f 7/7 1/1 3/3
o _6_0
v -0.346158 0.131180 0.770674
v 0.346158 0.131180 0.770674
v -0.346158 0.444990 0.770674
v 0.346158 0.444990 0.770674
v 0.440414 0.000000 -0.762818
v -0.440413 0.000000 -0.762818
v 0.440414 0.602869 -0.762818
v -0.440413 0.602869 -0.762818
v -0.880827 0.000000 0.000000
v -0.880827 0.602869 0.000000
v -0.440413 -0.000000 0.762818
v -0.440413 0.602869 0.762818
v 0.440413 -0.000000 0.762818
v 0.440413 0.602869 0.762818
v 0.880827 0.000000 0.000000
v 0.880827 0.602869 0.000000
vt 1.018170 0.828861
vt 1.295160 0.828861
vt 1.018170 0.960871
vt 1.295160 0.960871
vt 2.797910 0.767638
vt 2.797910 0.767638
vt 2.797910 0.814516
vt 2.797910 0.814516
vt 2.797910 0.767638
vt 2.797910 0.814516
vt 2.797910 0.767638
vt 2.797910 0.814516
vt 2.797910 0.767638
vt 2.797910 0.814516
vt 2.797910 0.767638
vt 2.797910 0.814516
usemtl Mdl_0_Mtl_test_test_test_lambert2
s off
f 8/8 9/9 10/10
f 10/10 9/9 11/11
s 1
f 12/12 13/13 14/14
f 14/14 13/13 15/15
f 13/13 16/16 15/15
f 15/15 16/16 17/17
f 16/16 18/18 17/17
f 17/17 18/18 19/19
f 18/18 20/20 19/19
f 19/19 20/20 21/21
f 20/20 22/22 21/21
f 21/21 22/22 23/23
f 23/23 12/12 14/14
f 22/22 12/12 23/23
o _4_0
v 0.346158 0.131180 0.770674
v -0.346158 0.131180 0.770674
v 0.366823 0.113162 0.770674
v -0.366823 0.113162 0.770674
v -0.346158 0.444990 0.770674
v -0.366823 0.463007 0.770674
v 0.346158 0.444990 0.770674
v 0.366823 0.463007 0.770674
vt 0.000000 0.000000
vt 0.000000 0.000000
vt 0.000000 0.000000
vt 0.000000 0.000000
vt 0.000000 0.000000
vt 0.000000 0.000000
vt 0.000000 0.000000
vt 0.000000 0.000000
usemtl Mdl_0_Mtl_test_test_test_lambert2
s off
f 24/24 25/25 26/26
f 26/26 25/25 27/27
f 25/25 28/28 27/27
f 27/27 28/28 29/29
f 28/28 30/30 29/29
f 29/29 30/30 31/31
f 30/30 24/24 31/31
f 31/31 24/24 26/26
o _3_0
v -0.576866 1.930870 0.542262
v -0.593737 1.975860 0.519104
v -0.520466 1.926140 0.393883
v -0.627926 2.040510 0.413184
v -0.648585 2.006910 0.349020
v -0.640605 2.019560 0.421951
v -0.658245 1.990340 0.366951
v -0.615290 2.011300 0.480621
v -0.640605 2.019560 0.421951
v -0.341646 1.875610 0.332651
v -0.327302 1.892860 0.373370
v -0.574332 1.785470 0.441484
v -0.552983 1.818680 0.507187
v -0.576008 1.828330 0.502960
v -0.594194 1.798680 0.446456
v -0.553372 1.937110 0.554051
v -0.328630 1.965030 0.397751
v -0.573117 1.991680 0.527714
v -0.339769 1.995640 0.382914
v -0.221487 1.989950 0.343994
v -0.232507 2.014540 0.326829
v -0.576866 1.930870 0.542262
v -0.593737 1.975860 0.519104
v -0.664204 1.943400 0.333404
v -0.659648 1.889130 0.322647
v -0.594194 1.798680 0.446456
v -0.576008 1.828330 0.502960
v -0.642045 1.839910 0.345897
v -0.228485 1.902790 0.292768
v -0.341646 1.875610 0.332651
v -0.243221 1.901290 0.256322
v -0.359105 1.878890 0.292352
v -0.656071 1.953320 0.309041
v -0.388017 1.974790 0.260130
v -0.386177 1.938920 0.250825
v -0.650089 1.888350 0.297460
v -0.354799 2.015240 0.354630
v -0.370859 2.020360 0.318359
v -0.598564 2.031200 0.481343
v -0.627926 2.040510 0.413184
v -0.547101 1.874650 0.544191
v -0.571918 1.878100 0.533083
v -0.374500 1.905440 0.265846
v -0.630051 1.831510 0.323596
v -0.664204 1.943400 0.333404
v -0.659648 1.889130 0.322647
v -0.383053 2.003490 0.282897
v -0.648585 2.006910 0.349020
v -0.324616 1.928550 0.393382
v -0.598564 2.031200 0.481343
v -0.354799 2.015240 0.354630
v -0.383053 2.003490 0.282897
v -0.216367 1.956430 0.343302
v -0.571918 1.878100 0.533083
v -0.658245 1.990340 0.366951
v -0.228485 1.902790 0.292768
v -0.217028 1.921920 0.328150
v -0.274046 1.950260 0.201432
v -0.277029 1.983800 0.207336
v -0.269463 2.011340 0.235652
v -0.259863 2.029760 0.266232
v -0.370859 2.020360 0.318359
v -0.642045 1.839910 0.345897
v -0.246076 2.028640 0.299342
v -0.257842 1.921860 0.228817
v -0.594194 1.798680 0.446456
v -0.618907 1.802890 0.387625
v -0.574332 1.785470 0.441484
v -0.602711 1.789830 0.373736
v -0.618907 1.802890 0.387625
v -0.615290 2.011300 0.480621
v 0.590417 2.005970 0.675910
v 0.568926 2.047250 0.701975
v 0.438289 2.010450 0.630549
v 0.466324 2.104530 0.754514
v 0.403553 2.067570 0.773669
v 0.475812 2.081730 0.762694
v 0.422000 2.049650 0.778970
v 0.532415 2.078240 0.732106
v 0.475812 2.081730 0.762694
v 0.363779 1.991460 0.450642
v 0.403489 2.011110 0.436571
v 0.488501 1.862780 0.655580
v 0.552753 1.899480 0.635562
v 0.550297 1.904970 0.660163
v 0.495018 1.872370 0.677013
v 0.600515 2.016250 0.653053
v 0.428507 2.082070 0.448605
v 0.576144 2.066450 0.683838
v 0.414778 2.110210 0.465940
v 0.367303 2.124960 0.351630
v 0.351193 2.147200 0.367973
v 0.590417 2.005970 0.675910
v 0.568926 2.047250 0.701975
v 0.388583 2.002240 0.779139
v 0.377068 1.949540 0.766042
v 0.495018 1.872370 0.677013
v 0.550297 1.904970 0.660163
v 0.398559 1.904220 0.738514
v 0.315992 2.037700 0.347139
v 0.363779 1.991460 0.450642
v 0.280705 2.033500 0.364017
v 0.324886 1.991490 0.471310
v 0.363777 2.013310 0.774652
v 0.295662 2.080770 0.518691
v 0.285946 2.045720 0.511341
v 0.351246 1.950320 0.758359
v 0.387829 2.126790 0.486167
v 0.352868 2.128890 0.505483
v 0.532084 2.100750 0.719077
v 0.466324 2.104530 0.754514
v 0.589699 1.955790 0.636785
v 0.580456 1.954830 0.662569
v 0.299796 2.014850 0.492972
v 0.375375 1.897930 0.726909
v 0.388583 2.002240 0.779139
v 0.377068 1.949540 0.766042
v 0.318248 2.110000 0.517132
v 0.403553 2.067570 0.773669
v 0.423551 2.046810 0.438657
v 0.532084 2.100750 0.719077
v 0.387829 2.126790 0.486167
v 0.318248 2.110000 0.517132
v 0.365958 2.092840 0.340841
v 0.580456 1.954830 0.662569
v 0.422000 2.049650 0.778970
v 0.315992 2.037700 0.347139
v 0.350606 2.058680 0.336615
v 0.237948 2.076930 0.401823
v 0.244335 2.109480 0.410138
v 0.262925 2.137240 0.410385
v 0.292879 2.157180 0.401916
v 0.352868 2.128890 0.505483
v 0.398559 1.904220 0.738514
v 0.324887 2.158610 0.385757
v 0.254511 2.051100 0.383955
v 0.495018 1.872370 0.677013
v 0.438180 1.871970 0.706318
v 0.488501 1.862780 0.655580
v 0.423039 1.861850 0.689163
v 0.438180 1.871970 0.706318
v 0.532415 2.078240 0.732106
v 0.367061 2.769720 0.230052
v 0.351872 2.861240 0.219137
v 0.277697 2.745220 0.108816
v 0.268721 2.839090 0.089090
v 0.391080 2.500730 0.269970
v 0.374777 2.640760 0.239070
v 0.322252 2.476700 0.206348
v 0.294998 2.612600 0.152110
v 0.349651 2.495190 0.364408
v 0.393571 2.501240 0.335393
v 0.348361 2.636130 0.361995
v 0.389614 2.646860 0.329564
v 0.304162 2.836530 0.398733
v 0.330380 2.757300 0.384558
v 0.248849 2.966970 0.077322
v 0.287196 2.978360 0.076893
v 0.346192 2.855750 0.086898
v 0.372162 2.768920 0.347105
v 0.330380 2.757300 0.384558
v 0.304162 2.836530 0.398733
v 0.342560 2.864880 0.357837
v 0.397124 2.387050 0.276834
v 0.349716 2.291110 0.410370
v 0.334187 2.374510 0.279031
v 0.378018 2.386800 0.316993
v 0.349716 2.291110 0.410370
v 0.352928 2.382330 0.384094
v 0.370837 2.860990 0.209406
v 0.306875 2.971250 0.212245
v 0.296780 2.959890 0.399511
v 0.401687 2.778010 0.213068
v 0.425587 2.504660 0.263782
v 0.422957 2.651660 0.226161
v 0.404114 2.389670 0.320025
v 0.253147 2.927620 0.436146
v 0.219223 3.046520 0.412948
v 0.172247 3.014220 0.447815
v 0.242775 3.061970 0.221881
v 0.221587 3.069120 0.086916
v 0.184593 3.058010 0.086972
v 0.365237 2.763620 0.104555
v 0.293090 2.963600 0.221966
v 0.253147 2.927620 0.436146
v 0.222137 3.050990 0.231091
v 0.172247 3.014220 0.447815
v 0.248849 2.966970 0.077322
v 0.184593 3.058010 0.086972
v 0.390294 2.489450 0.207200
v 0.402427 2.445450 0.228206
v 0.322252 2.476700 0.206348
v 0.329686 2.426440 0.232805
v 0.389771 2.449090 0.281757
v 0.334187 2.374510 0.279031
v 0.329686 2.426440 0.232805
v 0.349651 2.495190 0.364408
v 0.352422 2.436260 0.369355
v 0.392218 2.445310 0.340398
v 0.352422 2.436260 0.369355
v 0.423535 2.449610 0.280579
v 0.381918 2.634390 0.150180
v 0.294998 2.612600 0.152110
v 0.348361 2.636130 0.361995
v 0.352928 2.382330 0.384094
v 0.380859 2.386340 0.361423
v 0.213140 3.182590 0.123708
v 0.079970 3.245960 0.206089
v 0.234603 3.169740 0.392691
v 0.110882 3.229560 0.388660
v 0.046095 2.709290 0.676303
v 0.008770 2.770740 0.687158
v 0.020712 2.684580 0.749008
v -0.035252 2.739060 0.778970
v -0.180032 3.196740 0.480963
v -0.212689 3.174460 0.464566
v -0.203671 3.187740 0.484644
v -0.490913 2.836690 0.742612
v -0.529112 2.740230 0.750018
v -0.499983 2.809380 0.722975
v -0.532877 2.731280 0.728264
v -0.185153 3.117060 0.560536
v -0.121674 3.199570 0.559245
v -0.203671 3.187740 0.484644
v -0.180032 3.196740 0.480963
v -0.238871 3.160980 0.491024
v -0.238871 3.160980 0.491024
v -0.305713 3.176250 0.502272
v -0.307902 3.121100 0.601683
v -0.364936 3.126060 0.594092
v -0.326180 2.604500 0.657123
v -0.294465 2.620590 0.683441
v -0.351146 2.673010 0.678837
v -0.300127 2.682130 0.704217
v -0.207733 2.115470 0.487049
v -0.258588 2.219010 0.521314
v -0.271913 2.214210 0.533613
v -0.023595 2.820250 0.669987
v -0.079843 2.796360 0.796522
v 0.455407 2.539240 0.279073
v 0.403505 2.670370 0.382669
v 0.423668 2.529430 0.278539
v 0.348716 2.645040 0.394779
v -0.262389 3.160420 0.621067
v -0.307902 3.121100 0.601683
v -0.220365 3.054380 0.734764
v -0.270702 2.977100 0.690226
v -0.566990 2.854420 0.747532
v -0.599892 2.745470 0.764013
v -0.573939 2.831680 0.661038
v -0.605165 2.723810 0.692415
v -0.141910 2.877190 0.796225
v -0.233734 2.818450 0.645487
v -0.520254 2.964630 0.705015
v -0.430511 2.956520 0.702989
v -0.060825 2.885350 0.645487
v -0.130357 3.023450 0.620011
v -0.185153 3.117060 0.560536
v 0.083166 2.621350 0.675329
v 0.135723 2.560000 0.603001
v 0.092693 2.636690 0.648209
v -0.479845 2.300410 0.408940
v -0.372948 2.181350 0.450771
v -0.472379 2.299640 0.557083
v -0.349161 2.184510 0.511554
v 0.334481 2.783900 0.517112
v 0.227063 2.926820 0.619951
v 0.239975 2.743900 0.505495
v 0.098231 2.837540 0.618070
v -0.423914 2.943820 0.702300
v -0.390932 3.048380 0.660031
v -0.100856 3.258470 0.373615
v -0.214033 3.203920 0.395885
v 0.051113 2.595910 0.661262
v -0.466665 3.062810 0.646068
v -0.174615 2.749630 0.680534
v -0.305713 3.176250 0.502272
v -0.214033 3.203920 0.395885
v -0.350977 3.173280 0.478059
v -0.541058 2.942140 0.622249
v -0.283798 2.568360 0.662709
v -0.269009 2.502920 0.614461
v -0.266844 2.571600 0.641954
v -0.108131 2.695070 0.708102
v 0.483748 2.704820 0.287079
v 0.466420 2.548900 0.237303
v 0.373125 3.032510 0.373992
v 0.463832 2.875760 0.341755
v -0.026073 2.639960 0.691754
v -0.435503 2.305140 0.592070
v -0.367847 2.334240 0.599600
v -0.430038 2.490530 0.681207
v -0.508360 2.477140 0.662120
v 0.008222 3.142530 0.620092
v -0.130357 3.023450 0.620011
v -0.302449 2.201380 0.537675
v -0.332186 2.182040 0.533019
v -0.651043 2.911900 0.364847
v -0.678632 2.771040 0.382768
v -0.586170 2.927990 0.597720
v -0.613281 2.780100 0.621258
v -0.472355 2.656530 0.723276
v -0.553328 2.644090 0.683389
v -0.308768 2.559380 0.639981
v -0.365052 2.508800 0.647624
v -0.351146 2.673010 0.678837
v -0.212689 3.174460 0.464566
v -0.180032 3.196740 0.480963
v -0.214033 3.203920 0.395885
v 0.360173 3.028130 0.073763
v 0.434228 2.860360 0.087924
v -0.214033 3.203920 0.395885
v -0.230806 3.200970 0.330923
v -0.120596 3.259530 0.289828
v 0.443283 2.426160 0.198002
v -0.600674 2.631830 0.621679
v -0.534606 2.811120 0.694304
v 0.114341 3.055360 0.663247
v -0.060825 2.885350 0.645487
v 0.003103 3.261870 0.374834
v -0.214033 3.203920 0.395885
v -0.230806 3.200970 0.330923
v -0.355970 3.173250 0.431010
v -0.374255 3.185790 0.349403
v -0.541058 2.942140 0.622249
v -0.423914 2.943820 0.702300
v -0.452542 2.813490 0.726123
v -0.346125 2.794060 0.708090
v -0.297083 2.784780 0.727895
v -0.470370 3.133670 0.354014
v -0.598240 3.026210 0.362108
v -0.456523 3.124030 0.484370
v -0.528996 3.040900 0.546376
v 0.472852 2.688030 0.136643
v 0.477503 2.546990 0.172102
v -0.390932 3.048380 0.660031
v -0.314314 3.022600 0.681364
v -0.335386 2.905390 0.708716
v -0.608630 2.632700 0.750087
v -0.564528 2.638100 0.750716
v -0.364936 3.126060 0.594092
v -0.420682 3.127050 0.569090
v -0.613365 2.629390 0.712637
v -0.605790 2.526840 0.728044
v -0.277803 2.882620 0.718985
v -0.233734 2.818450 0.645487
v -0.270702 2.977100 0.690226
v -0.214033 3.203920 0.395885
v -0.313107 2.355610 0.551581
v -0.329909 2.350460 0.576960
v -0.350207 2.515200 0.595342
v -0.431349 3.118430 0.530434
v -0.497353 3.050920 0.580537
v -0.562631 2.465750 0.608791
v -0.582669 2.474530 0.397698
v -0.647069 2.630740 0.384644
v -0.335386 2.905390 0.708716
v -0.314314 3.022600 0.681364
v -0.259045 2.762120 0.650014
v -0.267442 2.618670 0.643265
v -0.431349 3.118430 0.530434
v -0.497353 3.050920 0.580537
v -0.023502 3.262440 0.258886
v -0.346125 2.794060 0.708090
v -0.350977 3.173280 0.478059
v -0.343474 2.666230 0.625128
v -0.307902 3.121100 0.601683
v -0.271941 2.681810 0.647600
v -0.214033 3.203920 0.395885
v -0.574348 2.625950 0.732194
v -0.828035 2.945020 0.067141
v -0.825372 2.991600 0.047701
v -0.948987 2.906890 0.042037
v -0.980269 2.960830 0.010577
v -0.903282 2.744720 -0.123555
v -0.839648 2.802230 -0.090057
v -0.910925 2.736740 -0.072404
v -0.852476 2.796530 -0.020065
v -0.914702 1.623310 -0.574389
v -0.873688 1.643610 -0.616121
v -0.657507 1.263020 -0.584571
v -0.624786 1.288780 -0.658643
v -0.428045 0.858041 -0.344497
v -0.489241 0.883794 -0.325397
v -0.493050 0.889403 -0.290169
v -1.054980 2.766680 -0.051453
v -1.084380 2.781820 -0.112519
v -0.989424 2.994710 -0.036830
v -0.901405 2.736530 -0.026565
v -0.867441 2.809340 0.033637
v -0.944544 2.738030 -0.001241
v -0.916370 2.867180 0.058622
v -0.818415 3.016470 0.011624
v -0.959574 2.974610 -0.096656
v -0.793525 3.000380 -0.031700
v -0.953250 2.769210 -0.222225
v -0.878448 2.872500 -0.145860
v -0.884688 2.740960 -0.175660
v -0.831648 2.817270 -0.125551
v -1.109640 2.409850 -0.164596
v -1.152810 2.419650 -0.225335
v -0.760491 2.899170 -0.062358
v -0.710122 2.861400 -0.018388
v -0.667801 1.333890 -0.010105
v -0.746059 1.298820 0.035924
v -0.638524 1.132520 0.002150
v -0.999978 2.788620 -0.220383
v -1.056820 2.781730 -0.187352
v -0.930943 2.936470 -0.146803
v -0.983253 2.420360 -0.276706
v -0.884688 2.740960 -0.175660
v -0.917754 2.428990 -0.316770
v -0.752736 2.818340 0.041790
v -0.867441 2.809340 0.033637
v -0.755226 2.840960 0.077523
v 1.020110 1.212490 -0.182483
v 1.041120 1.192950 -0.235868
v 1.163090 1.577970 -0.210722
v 1.223650 1.537510 -0.386839
v -1.002060 2.751070 -0.014511
v -0.725147 2.834650 -0.002526
v 0.727736 1.521520 -0.478928
v 0.656727 1.927540 -0.539402
v 0.622074 1.509750 -0.454335
v 0.626859 1.931530 -0.558365
v -0.901405 2.736530 -0.026565
v -0.942632 2.403170 -0.131156
v -1.025450 2.403120 -0.182804
v 1.003900 1.464380 -0.475295
v 0.991383 1.598160 -0.541532
v 0.727736 1.521520 -0.478928
v 0.771035 1.388370 -0.403288
v -0.831648 2.817270 -0.125551
v -0.710122 2.861400 -0.018388
v -1.050150 2.441310 -0.358334
v -0.984556 2.445470 -0.385003
v -1.047620 2.403640 -0.127149
v -1.085190 1.948180 -0.151094
v -1.137760 1.946190 -0.194417
v -0.800474 2.890810 0.078732
v -0.727184 2.917620 0.091446
v -0.743805 2.878390 0.096316
v -0.775637 2.955040 -0.070359
v -0.657507 1.263020 -0.584571
v -0.804837 1.638040 -0.523463
v -0.795089 1.256930 -0.449054
v -0.936216 1.624250 -0.423109
v 0.987265 1.199450 -0.190138
v 0.996051 1.215520 -0.159296
v 1.031680 1.567740 -0.241384
v 1.039840 1.593990 -0.067904
v -1.093270 1.540550 -0.175538
v -0.979267 1.568330 -0.105864
v -0.755226 2.840960 0.077523
v -0.686082 2.941970 0.010613
v -0.684819 2.921410 -0.020426
v 0.843026 2.064250 -0.228693
v 0.974080 1.759020 -0.065085
v 0.826662 2.072190 -0.168695
v 0.868778 1.772140 0.024316
v -1.113400 2.432790 -0.302322
v -0.978553 1.157390 -0.154764
v -0.778412 1.270480 -0.061727
v -0.698100 2.955120 0.033189
v -0.712492 2.948340 0.072290
v -0.699981 2.891750 -0.035755
v 0.209958 3.212400 -0.461399
v 0.205690 3.135920 -0.430054
v 0.144060 3.202200 -0.390592
v 0.155400 3.140910 -0.364733
v -0.461103 0.898147 -0.369149
v -0.455208 0.899468 -0.394775
v -1.017270 1.999210 -0.493520
v -1.086640 1.582170 -0.509805
v -1.136720 1.987540 -0.427733
v -0.426152 1.164390 -0.676507
v 0.527521 2.779320 -0.369022
v 0.576737 2.813650 -0.378875
v 0.340349 3.075950 -0.321446
v 0.380753 3.105160 -0.318190
v -0.790995 1.659480 -0.548244
v -0.958808 2.017380 -0.523792
v -0.891124 2.019220 -0.480829
v -0.738208 1.117480 -0.092145
v -0.493050 0.889403 -0.290169
v -0.515586 0.869547 -0.305124
v -0.868985 1.023840 -0.189767
v -0.912056 2.432310 -0.341084
v -0.562447 1.312830 -0.599035
v -0.426152 1.164390 -0.676507
v -0.918307 1.588040 -0.050668
v -0.918476 1.176530 -0.534229
v -1.211690 1.525710 -0.316160
v -1.077030 1.109710 -0.328266
v 1.039840 1.593990 -0.067904
v 0.996051 1.215520 -0.159296
v -1.228660 1.957110 -0.304385
v -1.005070 1.949960 -0.105264
v -0.991040 2.398510 -0.092197
v -0.428045 0.858041 -0.344497
v -0.964935 1.592870 -0.233065
v -0.848550 1.245270 -0.226088
v -0.504258 0.864575 -0.388644
v -0.455208 0.899468 -0.394775
v -0.734551 1.105740 -0.440797
v -0.787967 1.105810 -0.259868
v -0.912056 2.432310 -0.341084
v -0.778412 1.270480 -0.061727
v -0.667801 1.333890 -0.010105
v -0.638524 1.132520 0.002150
v -0.537396 0.839690 -0.353145
v 0.991876 1.719840 -0.240987
v -0.571213 1.153930 -0.536684
v -0.802211 1.052080 -0.510631
v -0.987503 1.990740 -0.377647
v -1.047050 1.964480 -0.241552
v -0.943782 1.968180 -0.168283
v -0.832855 1.616320 -0.092284
v -0.869498 1.610720 -0.142695
v -0.932911 2.394640 -0.110673
v -0.935450 1.960480 -0.133781
v -0.901890 2.015280 -0.457623
v -0.891124 2.019220 -0.480829
v -0.790995 1.659480 -0.548244
v -0.956787 0.955294 -0.343445
v -0.562447 1.312830 -0.599035
v -0.935450 1.960480 -0.133781
v -0.932911 2.394640 -0.110673
v -0.832855 1.616320 -0.092284
v 0.366354 2.957960 -0.577136
v 0.301482 3.060140 -0.522050
v 0.327501 3.097780 -0.543407
v 0.524155 2.783520 -0.392593
v 0.572680 2.801070 -0.474838
v 0.727138 2.397290 -0.352079
v 0.789060 2.406010 -0.461685
v 0.805834 2.426910 -0.321005
v 0.607261 2.830040 -0.435472
v 0.856893 2.438540 -0.396575
v 0.288204 3.139130 -0.258267
v 0.267222 3.103700 -0.297973
v 0.340349 3.075950 -0.321446
v 0.333306 3.064930 -0.366379
v 0.900241 2.055260 -0.348394
v 0.801086 2.003530 -0.507836
v 0.684420 2.357760 -0.558975
v 0.876630 1.629670 -0.417989
v -0.571213 1.153930 -0.536684
v 0.500995 2.765170 -0.541611
v 0.577510 2.318500 -0.595165
v 0.432592 2.730670 -0.549303
v 0.418722 2.722660 -0.568747
v 0.559428 2.309600 -0.611385
v -0.738208 1.117480 -0.092145
v 1.106470 2.067190 -0.521951
v 0.915992 1.997130 -0.645213
v 0.919585 2.444220 -0.596428
v 0.790769 2.392140 -0.668828
v 0.215362 3.304850 -0.298702
v 0.158248 3.274010 -0.247986
v 0.237751 3.266920 -0.264261
v 0.192382 3.243510 -0.226542
v 0.307072 3.050790 -0.409395
v 0.232477 3.079000 -0.355231
v 0.736433 1.940840 -0.631315
v 0.679937 1.927060 -0.652828
v 0.665219 1.501880 -0.533111
v 0.961349 1.135740 -0.183598
v 0.430068 3.166610 -0.484068
v 0.256411 3.324100 -0.396049
v 0.434704 3.161520 -0.415020
v 0.283023 3.307940 -0.345951
v 0.288204 3.139130 -0.258267
v 0.301196 3.217610 -0.264267
v 0.183906 3.318640 -0.337594
v 0.159900 3.275790 -0.373262
v 0.226171 3.273750 -0.433791
v 0.278536 3.021720 -0.446992
v 0.206913 3.075750 -0.384995
v 0.640680 2.848790 -0.496825
v 0.650127 2.854490 -0.570945
v 0.171453 3.096180 -0.324346
v 0.972957 1.591920 0.065724
v 0.962660 1.797810 0.034074
v 0.868778 1.772140 0.024316
v 0.385506 3.128860 -0.538339
v 0.278536 3.021720 -0.446992
v 0.240363 3.115880 -0.257033
v 0.183736 3.097750 -0.206660
v 0.187336 3.123000 -0.179741
v 0.260760 3.164270 -0.227041
v 0.413899 3.137310 -0.356954
v 0.298906 3.259730 -0.297974
v 0.197630 3.096290 -0.299125
v 0.142603 3.089120 -0.229547
v 0.127803 3.279120 -0.279851
v 0.104246 3.239880 -0.305563
v 0.735194 2.400000 -0.316792
v 0.171453 3.096180 -0.324346
v 0.114774 3.099400 -0.235410
v 0.516505 2.783070 -0.646204
v 0.454615 2.749420 -0.641400
v 0.886531 2.440730 -0.457635
v 0.138177 3.171100 -0.156658
v 0.208718 3.184700 -0.201530
v 0.169015 3.149930 -0.160101
v 0.206913 3.075750 -0.384995
v 0.964468 2.084920 -0.238928
v 1.048200 2.082180 -0.347184
v 0.125980 3.131250 -0.306679
v 0.114774 3.099400 -0.235410
v 0.253572 3.222700 -0.233698
v 0.260760 3.164270 -0.227041
v 0.187336 3.123000 -0.179741
v 0.103882 3.181430 -0.326874
v 0.069576 3.132970 -0.226000
v 0.071687 3.155210 -0.202237
v 1.213450 1.690480 -0.421253
v 0.588110 2.822180 -0.623426
v 1.163750 1.736740 -0.226668
v 0.974080 1.759020 -0.065085
v 0.081313 3.174690 -0.189517
v 0.107561 3.183790 -0.165169
v 0.087932 3.114090 -0.244401
v 0.946275 1.178860 -0.218563
v 0.934041 1.168860 -0.239623
v 0.667229 2.334510 -0.675272
v 0.541396 1.285500 -0.397093
v 0.961349 1.135740 -0.183598
v 0.601359 2.317620 -0.678893
v 0.559428 2.309600 -0.611385
v 0.626859 1.931530 -0.558365
v 0.418722 2.722660 -0.568747
v 0.541396 1.285500 -0.397093
v 0.922897 2.096840 -0.165992
v 0.991864 1.178660 -0.254497
v 0.934041 1.168860 -0.239623
v 0.942281 1.482110 -0.383844
v 0.622074 1.509750 -0.454335
v 0.972957 1.591920 0.065724
v 0.527521 2.779320 -0.369022
v 0.735194 2.400000 -0.316792
v 0.826662 2.072190 -0.168695
v 0.771035 1.388370 -0.403288
v -0.478727 2.430730 0.280995
v -0.463104 2.450870 0.385777
v -0.635516 2.505340 0.209837
v -0.530219 2.620310 0.471161
v -0.738544 2.882830 0.052754
v -0.730865 2.817260 0.194201
v -0.686483 2.938760 0.213114
v 0.339323 2.868260 0.226828
v 0.332676 2.677800 0.162171
v 0.345467 2.785080 -0.065810
v 0.303130 2.653680 0.061300
v -0.027103 2.200610 0.040482
v -0.174884 2.167920 0.104105
v -0.055592 2.215330 -0.045960
v -0.246866 2.155740 -0.012387
v 0.128392 2.262740 -0.117832
v 0.126731 2.253930 0.019354
v -0.055592 2.215330 -0.045960
v -0.027103 2.200610 0.040482
v 0.052285 2.998910 -0.356346
v 0.165371 2.930230 -0.316307
v 0.004748 2.898540 -0.402574
v 0.166994 2.796000 -0.349339
v 0.345467 2.785080 -0.065810
v 0.304420 2.989730 0.180648
v -0.489598 2.966950 0.501709
v -0.624076 2.965030 0.339591
v -0.571024 2.813110 0.471526
v -0.670106 2.845650 0.333885
v 0.243221 2.952450 -0.249739
v 0.286291 2.844080 -0.246079
v 0.165371 2.930230 -0.316307
v 0.166994 2.796000 -0.349339
v -0.034045 3.256710 -0.074819
v -0.022826 3.210190 -0.217711
v -0.132815 3.225160 -0.192545
v -0.738544 2.882830 0.052754
v -0.653413 3.022060 0.145281
v -0.597037 3.096160 0.083375
v 0.170899 3.183250 -0.027802
v 0.253583 3.097980 -0.082418
v 0.159063 3.138790 -0.198251
v 0.073165 3.229250 -0.058879
v 0.170899 3.183250 -0.027802
v 0.159063 3.138790 -0.198251
v -0.493335 2.411610 0.208611
v -0.618739 2.391070 0.093985
v -0.288153 1.981040 0.087269
v -0.174884 2.167920 0.104105
v -0.302388 2.162310 0.113626
v -0.302388 2.162310 0.113626
v -0.246866 2.155740 -0.012387
v 0.226383 2.313090 -0.034954
v 0.257479 2.352980 0.087856
v 0.147907 2.254310 0.146142
v -0.329636 2.229100 -0.129429
v -0.365136 2.268340 0.207200
v 0.128392 2.262740 -0.117832
v 0.095547 2.350340 -0.248901
v 0.226383 2.313090 -0.034954
v 0.265000 2.448020 0.030138
v 0.292416 2.146590 -0.075865
v -0.150094 2.177040 0.194122
v -0.365136 2.268340 0.207200
v -0.285017 2.198280 0.240293
v 0.288041 2.634430 -0.010948
v 0.333381 2.662570 -0.173551
v 0.332676 2.677800 0.162171
v 0.299242 2.603240 0.148635
v 0.303130 2.653680 0.061300
v -0.603036 2.657940 0.390748
v -0.635516 2.505340 0.209837
v 0.265000 2.448020 0.030138
v 0.226383 2.313090 -0.034954
v 0.126731 2.253930 0.019354
v -0.711196 2.725680 0.266039
v -0.635516 2.505340 0.209837
v -0.731371 2.666590 0.132407
v -0.302388 2.162310 0.113626
v -0.150094 2.177040 0.194122
v -0.043893 2.172690 0.158279
v -0.150094 2.177040 0.194122
v 0.147907 2.254310 0.146142
v -0.393126 2.927060 0.575862
v -0.478727 2.430730 0.280995
v -0.408777 2.401370 0.347578
v -0.463104 2.450870 0.385777
v -0.126784 2.316190 -0.196968
v 0.095547 2.350340 -0.248901
v -0.216290 2.513360 -0.315418
v -0.730865 2.817260 0.194201
v -0.711196 2.725680 0.266039
v -0.603036 2.657940 0.390748
v -0.507614 2.353400 -0.151273
v -0.461275 2.505870 -0.287216
v -0.329636 2.229100 -0.129429
v -0.216290 2.513360 -0.315418
v -0.222602 3.184520 0.343242
v -0.402890 3.128870 0.430786
v -0.154465 3.092120 0.551028
v -0.565615 3.093530 0.230606
v -0.597037 3.096160 0.083375
v 0.152677 2.541690 -0.336808
v 0.333381 2.662570 -0.173551
v 0.159063 3.138790 -0.198251
v 0.253583 3.097980 -0.082418
v 0.298077 2.960150 -0.156859
v -0.507614 2.353400 -0.151273
v -0.618739 2.391070 0.093985
v -0.607816 2.723870 -0.230451
v -0.649046 2.563300 -0.120038
v -0.738544 2.882830 0.052754
v -0.686483 2.938760 0.213114
v -0.653413 3.022060 0.145281
v 0.339323 2.868260 0.226828
v 0.304420 2.989730 0.180648
v 0.140037 3.079090 0.426050
v 0.243221 2.952450 -0.249739
v 0.159063 3.138790 -0.198251
v -0.393126 2.927060 0.575862
v -0.530219 2.620310 0.471161
v 0.018632 2.190520 0.140709
v 0.147907 2.254310 0.146142
v -0.022826 3.210190 -0.217711
v -0.059343 3.097410 -0.338405
v -0.132815 3.225160 -0.192545
v -0.125854 3.100280 0.542992
v -0.022360 3.237380 0.323862
v -0.222602 3.184520 0.343242
v -0.476152 2.708320 -0.331408
v -0.288045 2.720910 -0.360140
v -0.709007 2.560270 0.033590
v -0.618739 2.391070 0.093985
v -0.697851 2.684080 -0.073749
v -0.669156 2.793180 -0.153626
v -0.724325 2.882990 -0.014806
v -0.649046 2.563300 -0.120038
v -0.709007 2.560270 0.033590
v -0.697851 2.684080 -0.073749
v -0.732874 2.674110 0.024534
v -0.724325 2.882990 -0.014806
v -0.738544 2.882830 0.052754
v 0.052285 2.998910 -0.356346
v -0.059343 3.097410 -0.338405
v 0.114742 3.122150 -0.251171
v -0.565615 3.093530 0.230606
v -0.624076 2.965030 0.339591
v -0.489598 2.966950 0.501709
v 0.004748 2.898540 -0.402574
v 0.298077 2.960150 -0.156859
v 0.286291 2.844080 -0.246079
v 0.114742 3.122150 -0.251171
v -0.628098 2.935230 -0.178590
v -0.331629 2.922410 -0.310768
v -0.354342 3.118580 -0.193125
v -0.567066 3.101320 -0.070524
v 0.291234 3.065650 0.024060
v -0.288045 2.720910 -0.360140
v -0.331629 2.922410 -0.310768
v -0.131796 2.806520 -0.428170
v 0.114742 3.122150 -0.251171
v -0.021647 2.631240 -0.410747
v -0.216290 2.513360 -0.315418
v 0.152677 2.541690 -0.336808
v -0.331629 2.922410 -0.310768
v 0.333381 2.662570 -0.173551
v 0.345467 2.785080 -0.065810
v 0.298077 2.960150 -0.156859
v -0.651504 3.030920 -0.041059
v -0.738544 2.882830 0.052754
v -0.724325 2.882990 -0.014806
v -0.731371 2.666590 0.132407
v -0.730865 2.817260 0.194201
v 0.140037 3.079090 0.426050
v 0.304420 2.989730 0.180648
v 0.154330 3.150570 0.320772
v -0.607816 2.723870 -0.230451
v 0.291234 3.065650 0.024060
v 0.174081 3.192630 0.115318
v -0.607816 2.723870 -0.230451
v -0.126784 2.316190 -0.196968
v -0.216290 2.513360 -0.315418
v 0.140037 3.079090 0.426050
v 0.154330 3.150570 0.320772
v -0.724325 2.882990 -0.014806
v -0.651504 3.030920 -0.041059
v -0.628098 2.935230 -0.178590
v 0.174081 3.192630 0.115318
v 0.015819 3.259330 0.067228
v -0.393126 2.927060 0.575862
v -0.597037 3.096160 0.083375
v -0.281789 3.214390 0.162910
v -0.222602 3.184520 0.343242
v -0.724325 2.882990 -0.014806
v -0.669156 2.793180 -0.153626
v -0.565615 3.093530 0.230606
v -0.732874 2.674110 0.024534
v -0.738544 2.882830 0.052754
v -0.731371 2.666590 0.132407
v -0.567066 3.101320 -0.070524
v -0.331589 3.202790 -0.026086
v 0.004748 2.898540 -0.402574
v -0.628098 2.935230 -0.178590
v -0.331589 3.202790 -0.026086
v -0.034045 3.256710 -0.074819
v -0.281789 3.214390 0.162910
v 0.015819 3.259330 0.067228
v 0.073165 3.229250 -0.058879
v -0.059343 3.097410 -0.338405
v -0.331629 2.922410 -0.310768
v 0.159063 3.138790 -0.198251
v -0.034045 3.256710 -0.074819
v -0.354342 3.118580 -0.193125
v -0.222602 3.184520 0.343242
v 0.114742 3.122150 -0.251171
v 0.159063 3.138790 -0.198251
v 0.159063 3.138790 -0.198251
v 0.114742 3.122150 -0.251171
v 0.015819 3.259330 0.067228
v -0.567066 3.101320 -0.070524
v -0.738544 2.882830 0.052754
v -0.132815 3.225160 -0.192545
v 0.260690 2.805200 0.446628
v 0.292367 2.800350 0.418739
v 0.260009 2.813140 0.447009
v 0.233841 2.808320 0.470760
v 0.233326 2.819080 0.472837
v 0.121241 2.751640 0.571378
v 0.137455 2.767010 0.556971
v 0.121096 2.759190 0.575436
v 0.136163 2.776910 0.561357
v 0.192113 2.799890 0.507553
v 0.190924 2.813280 0.510924
v 0.178836 2.795480 0.519076
v 0.177092 2.807700 0.523632
v 0.151606 2.778150 0.543674
v 0.149322 2.789480 0.548245
v 0.163839 2.787160 0.532638
v 0.161380 2.799110 0.537217
v 0.104433 2.735350 0.583661
v 0.104788 2.740500 0.586596
v 0.077253 2.707370 0.603214
v 0.208440 2.817680 0.494756
v 0.209868 2.805630 0.491700
v -0.335852 2.635100 0.614253
v -0.339080 2.642310 0.615348
v -0.369904 2.611500 0.604830
v -0.306262 2.654300 0.622526
v -0.310172 2.664100 0.625557
v -0.148177 2.674810 0.647082
v -0.149821 2.681940 0.651562
v -0.174446 2.678070 0.644612
v -0.176251 2.687820 0.649144
v -0.239280 2.688970 0.640631
v -0.258191 2.685210 0.637122
v -0.236741 2.676970 0.635851
v -0.254096 2.672650 0.632935
v -0.196601 2.678850 0.641517
v -0.198306 2.690350 0.645924
v -0.215232 2.679070 0.639155
v -0.217104 2.691180 0.643566
v -0.123421 2.675420 0.650720
v -0.122056 2.670760 0.647303
v -0.079163 2.662770 0.647163
v -0.277450 2.666670 0.628633
v -0.280863 2.678160 0.632246
v -0.549960 1.952000 0.349915
v -0.614753 1.945380 0.362982
v -0.541852 1.961450 0.373921
v -0.619757 1.956020 0.383451
v -0.674148 1.866870 0.430356
v -0.613025 1.887000 0.396618
v -0.660410 1.867870 0.457535
v -0.660410 1.867870 0.457535
v -0.654760 1.882650 0.475624
v -0.713354 1.868020 0.482145
v -0.710242 1.876200 0.494183
v -0.692177 1.948800 0.343251
v -0.691070 1.963940 0.349298
v -0.681631 1.953680 0.335863
v -0.681402 1.964620 0.339703
v -0.683953 1.939650 0.356062
v -0.672212 1.947300 0.344231
v -0.653208 1.918570 0.372204
v -0.614428 1.926140 0.356076
v -0.725696 1.875240 0.489166
v -0.663987 1.864270 0.514657
v -0.673098 1.875340 0.510944
v -0.680572 1.860110 0.514481
v -0.677420 1.867300 0.499323
v -0.668350 1.856270 0.503016
v -0.680572 1.860110 0.514481
v -0.614428 1.926140 0.356076
v -0.547349 1.933930 0.344275
v -0.537388 1.915400 0.354968
v -0.744916 1.851110 0.427052
v -0.728620 1.850880 0.419374
v -0.730172 1.857770 0.433792
v -0.680572 1.860110 0.514481
v -0.673098 1.875340 0.510944
v -0.677420 1.867300 0.499323
v -0.731547 1.877150 0.466097
v -0.740986 1.864620 0.468824
v -0.724983 1.866650 0.472858
v -0.663987 1.864270 0.514657
v -0.649832 1.949070 0.387389
v -0.614753 1.945380 0.362982
v -0.740986 1.864620 0.468824
v -0.728704 1.857070 0.460090
v -0.724983 1.866650 0.472858
v -0.514644 1.939220 0.423302
v -0.520915 1.949250 0.415047
v -0.595276 1.929130 0.464958
v -0.667023 1.883850 0.448036
v -0.670179 1.886490 0.451565
v -0.658562 1.923720 0.404632
v -0.514644 1.939220 0.423302
v -0.587064 1.905310 0.468952
v -0.510185 1.921160 0.422196
v -0.643845 1.899230 0.489956
v -0.595276 1.929130 0.464958
v -0.654760 1.882650 0.475624
v -0.613025 1.887000 0.396618
v -0.685577 1.871780 0.403335
v -0.674301 1.898710 0.387320
v -0.739607 1.861970 0.413645
v -0.740922 1.868870 0.428884
v -0.693525 1.891960 0.395837
v -0.658562 1.923720 0.404632
v -0.681996 1.960020 0.364789
v -0.683953 1.939650 0.356062
v -0.649832 1.949070 0.387389
v -0.653208 1.918570 0.372204
v -0.681631 1.953680 0.335863
v -0.672212 1.947300 0.344231
v -0.692177 1.948800 0.343251
v -0.683953 1.939650 0.356062
v -0.587064 1.905310 0.468952
v -0.632513 1.882760 0.494423
v -0.639350 1.869620 0.479795
v -0.588736 1.881860 0.450081
v -0.587064 1.905310 0.468952
v -0.639350 1.869620 0.479795
v -0.530904 1.956680 0.396445
v -0.595276 1.929130 0.464958
v -0.683524 1.886850 0.423511
v -0.730172 1.857770 0.433792
v -0.685577 1.871780 0.403335
v -0.683524 1.886850 0.423511
v -0.616220 1.907060 0.366843
v -0.660410 1.867870 0.457535
v -0.613025 1.887000 0.396618
v -0.639350 1.869620 0.479795
v -0.654760 1.882650 0.475624
v -0.660410 1.867870 0.457535
v -0.693525 1.891960 0.395837
v -0.685577 1.871780 0.403335
v -0.674148 1.866870 0.430356
v -0.683524 1.886850 0.423511
v -0.735693 1.870690 0.454299
v -0.719036 1.879900 0.474919
v -0.595276 1.929130 0.464958
v -0.667023 1.883850 0.448036
v -0.674148 1.866870 0.430356
v -0.735693 1.870690 0.454299
v -0.660691 1.907500 0.381643
v -0.595276 1.929130 0.464958
v -0.643845 1.899230 0.489956
v -0.587064 1.905310 0.468952
v -0.632513 1.882760 0.494423
v -0.719036 1.879900 0.474919
v -0.658562 1.923720 0.404632
v -0.715760 1.887360 0.486961
v -0.614428 1.926140 0.356076
v -0.670179 1.886490 0.451565
v -0.725696 1.875240 0.489166
v -0.658562 1.923720 0.404632
v -0.674301 1.898710 0.387320
v -0.693525 1.891960 0.395837
v -0.614753 1.945380 0.362982
v -0.670804 1.961950 0.350373
v -0.681996 1.960020 0.364789
v -0.739607 1.861970 0.413645
v -0.744916 1.851110 0.427052
v -0.667023 1.883850 0.448036
v -0.658562 1.923720 0.404632
v -0.660410 1.867870 0.457535
v -0.667023 1.883850 0.448036
v -0.654760 1.882650 0.475624
v -0.643845 1.899230 0.489956
v -0.523779 1.905160 0.380234
v -0.619757 1.956020 0.383451
v -0.658562 1.923720 0.404632
v -0.639350 1.869620 0.479795
v -0.512294 1.904810 0.406840
v -0.683524 1.886850 0.423511
v -0.660691 1.907500 0.381643
v -0.658562 1.923720 0.404632
v -0.658562 1.923720 0.404632
v -0.654760 1.882650 0.475624
v -0.693525 1.891960 0.395837
v -0.710242 1.876200 0.494183
v -0.587064 1.905310 0.468952
v -0.654760 1.882650 0.475624
v -0.639350 1.869620 0.479795
v -0.632513 1.882760 0.494423
v -0.685577 1.871780 0.403335
v -0.632513 1.882760 0.494423
v -0.643845 1.899230 0.489956
v -0.654760 1.882650 0.475624
v -0.683524 1.886850 0.423511
v -0.667023 1.883850 0.448036
v -0.670804 1.961950 0.350373
v -0.681402 1.964620 0.339703
v -0.681996 1.960020 0.364789
v -0.691070 1.963940 0.349298
v -0.692177 1.948800 0.343251
v -0.683953 1.939650 0.356062
v -0.691070 1.963940 0.349298
v -0.681996 1.960020 0.364789
v 0.430710 1.946250 0.699765
v 0.413102 1.961700 0.702689
v 0.421516 1.982940 0.630786
v 0.399981 1.991440 0.644761
v 0.494829 1.984560 0.786525
v 0.521379 1.985400 0.771596
v 0.458556 2.005110 0.727017
v 0.554543 1.946070 0.806940
v 0.535944 1.972320 0.757653
v 0.544503 1.953710 0.814836
v 0.521379 1.985400 0.771596
v 0.385129 1.916320 0.752825
v 0.394486 1.910140 0.760585
v 0.383736 1.926160 0.758828
v 0.391827 1.923480 0.769643
v 0.410511 1.979370 0.712629
v 0.393436 1.934650 0.753078
v 0.427253 1.962980 0.748302
v 0.406444 1.932850 0.765878
v 0.549599 1.940030 0.821219
v 0.577867 1.975520 0.771027
v 0.578318 1.970660 0.787411
v 0.571702 1.962330 0.773733
v 0.562021 1.969150 0.782567
v 0.578318 1.970660 0.787411
v 0.568154 1.982300 0.779877
v 0.410511 1.979370 0.712629
v 0.398413 2.009040 0.652031
v 0.413012 2.027590 0.651634
v 0.493839 1.962650 0.855709
v 0.499226 1.963200 0.839040
v 0.486659 1.972570 0.842500
v 0.578318 1.970660 0.787411
v 0.562021 1.969150 0.782567
v 0.571702 1.962330 0.773733
v 0.526569 1.939950 0.827515
v 0.535537 1.950780 0.826428
v 0.531775 1.945170 0.841626
v 0.577867 1.975520 0.771027
v 0.435559 1.936110 0.728782
v 0.413102 1.961700 0.702689
v 0.531775 1.945170 0.841626
v 0.535537 1.950780 0.826428
v 0.525077 1.959430 0.835619
v 0.474967 2.005810 0.613667
v 0.516489 1.965420 0.684259
v 0.464642 1.995800 0.614874
v 0.508550 1.970460 0.770253
v 0.457716 1.949660 0.747276
v 0.511375 1.965960 0.771327
v 0.474967 2.005810 0.613667
v 0.477855 2.023460 0.618905
v 0.525660 1.988820 0.688634
v 0.546544 1.961120 0.738626
v 0.535944 1.972320 0.757653
v 0.516489 1.965420 0.684259
v 0.458556 2.005110 0.727017
v 0.445947 1.966070 0.774932
v 0.467202 1.979900 0.796518
v 0.457716 1.949660 0.747276
v 0.491866 1.949390 0.843266
v 0.455401 1.960370 0.794052
v 0.478495 1.958810 0.847007
v 0.427253 1.962980 0.748302
v 0.406444 1.932850 0.765878
v 0.435559 1.936110 0.728782
v 0.410605 1.915020 0.753234
v 0.383736 1.926160 0.758828
v 0.391827 1.923480 0.769643
v 0.393436 1.934650 0.753078
v 0.406444 1.932850 0.765878
v 0.525660 1.988820 0.688634
v 0.543079 1.990250 0.750439
v 0.554641 1.979830 0.736617
v 0.512263 2.011340 0.703535
v 0.543079 1.990250 0.750439
v 0.525660 1.988820 0.688634
v 0.444717 1.988120 0.621575
v 0.516489 1.965420 0.684259
v 0.483685 1.964350 0.785330
v 0.499226 1.963200 0.839040
v 0.467202 1.979900 0.796518
v 0.483685 1.964350 0.785330
v 0.425108 1.992410 0.722634
v 0.521379 1.985400 0.771596
v 0.543079 1.990250 0.750439
v 0.458556 2.005110 0.727017
v 0.535944 1.972320 0.757653
v 0.521379 1.985400 0.771596
v 0.455401 1.960370 0.794052
v 0.467202 1.979900 0.796518
v 0.494829 1.984560 0.786525
v 0.483685 1.964350 0.785330
v 0.516372 1.945570 0.835427
v 0.534792 1.942260 0.814519
v 0.516489 1.965420 0.684259
v 0.508550 1.970460 0.770253
v 0.494829 1.984560 0.786525
v 0.516372 1.945570 0.835427
v 0.438732 1.966670 0.759362
v 0.516489 1.965420 0.684259
v 0.525660 1.988820 0.688634
v 0.546544 1.961120 0.738626
v 0.554641 1.979830 0.736617
v 0.457716 1.949660 0.747276
v 0.534792 1.942260 0.814519
v 0.544994 1.935300 0.806836
v 0.410511 1.979370 0.712629
v 0.511375 1.965960 0.771327
v 0.549599 1.940030 0.821219
v 0.457716 1.949660 0.747276
v 0.455401 1.960370 0.794052
v 0.445947 1.966070 0.774932
v 0.413102 1.961700 0.702689
v 0.396297 1.921860 0.743995
v 0.410605 1.915020 0.753234
v 0.478495 1.958810 0.847007
v 0.493839 1.962650 0.855709
v 0.508550 1.970460 0.770253
v 0.457716 1.949660 0.747276
v 0.521379 1.985400 0.771596
v 0.508550 1.970460 0.770253
v 0.535944 1.972320 0.757653
v 0.546544 1.961120 0.738626
v 0.440111 2.038170 0.642575
v 0.430710 1.946250 0.699765
v 0.457716 1.949660 0.747276
v 0.543079 1.990250 0.750439
v 0.466352 2.039110 0.630313
v 0.483685 1.964350 0.785330
v 0.438732 1.966670 0.759362
v 0.457716 1.949660 0.747276
v 0.457716 1.949660 0.747276
v 0.535944 1.972320 0.757653
v 0.455401 1.960370 0.794052
v 0.554543 1.946070 0.806940
v 0.525660 1.988820 0.688634
v 0.535944 1.972320 0.757653
v 0.543079 1.990250 0.750439
v 0.554641 1.979830 0.736617
v 0.467202 1.979900 0.796518
v 0.554641 1.979830 0.736617
v 0.546544 1.961120 0.738626
v 0.535944 1.972320 0.757653
v 0.483685 1.964350 0.785330
v 0.508550 1.970460 0.770253
v 0.385129 1.916320 0.752825
v 0.396297 1.921860 0.743995
v 0.394486 1.910140 0.760585
v 0.410605 1.915020 0.753234
v 0.391827 1.923480 0.769643
v 0.394486 1.910140 0.760585
v 0.406444 1.932850 0.765878
v 0.410605 1.915020 0.753234
v 0.347557 1.583430 0.073135
v 0.254564 1.540930 0.002065
v 0.271577 1.715750 0.052775
v 0.347557 1.583430 0.073135
v 0.315748 1.717780 0.144173
v 0.350570 1.568550 0.199892
v 0.347557 1.583430 0.073135
v 0.271577 1.715750 0.052775
v 0.315748 1.717780 0.144173
v 0.179575 1.710470 0.013245
v 0.254564 1.540930 0.002065
v 0.162754 1.488160 0.068729
v 0.315748 1.717780 0.144173
v 0.282436 1.715200 0.226080
v 0.245647 1.513170 0.253781
v -0.088094 1.505830 0.180769
v -0.100144 1.555920 0.288226
v -0.071488 1.693900 0.219062
v -0.100144 1.555920 0.288226
v -0.016161 1.569950 0.343243
v -0.027316 1.695930 0.310459
v -0.071488 1.693900 0.219062
v -0.045366 1.696150 0.122277
v -0.088094 1.505830 0.180769
v 0.162754 1.488160 0.068729
v 0.016248 1.463400 0.147069
v 0.093397 1.558080 0.304702
v 0.057494 1.700880 0.335110
v -0.016161 1.569950 0.343243
v -0.027316 1.695930 0.310459
v 0.093397 1.558080 0.304702
v 0.245647 1.513170 0.253781
v 0.114398 1.486580 0.229925
v 0.151898 1.499380 0.176134
v 0.151898 1.499380 0.176134
v -0.088094 1.505830 0.180769
v 0.271577 1.715750 0.052775
v 0.114398 1.486580 0.229925
v -0.071488 1.693900 0.219062
v 0.041812 1.490160 0.493701
v -0.010264 1.483580 0.429422
v 0.030760 1.401700 0.465062
v 0.001757 1.401110 0.384404
v -0.072126 1.327950 0.386834
v -0.081576 1.312630 0.393372
v -0.046509 1.301630 0.375422
v -0.052267 1.282680 0.386012
v 0.150219 1.434420 0.312438
v 0.171560 1.399840 0.378129
v 0.083895 1.381550 0.327106
v 0.101210 1.358900 0.404810
v 0.163208 1.488030 0.329472
v 0.193633 1.449380 0.384443
v -0.072126 1.327950 0.386834
v -0.046509 1.301630 0.375422
v 0.087986 1.382320 0.543365
v 0.119195 1.348990 0.520287
v -0.071662 1.232910 0.406553
v -0.051407 1.226050 0.369509
v -0.038640 1.267280 0.351179
v 0.075877 1.475490 0.538148
v 0.082545 1.532810 0.485834
v 0.111450 1.498310 0.536512
v -0.107279 1.379000 0.354742
v -0.085640 1.417380 0.298933
v -0.129619 1.365940 0.338519
v -0.121402 1.396110 0.273105
v -0.042782 1.380670 0.261240
v -0.085640 1.417380 0.298933
v 0.151405 1.448510 0.403253
v 0.092523 1.496490 0.457163
v -0.042782 1.380670 0.261240
v -0.080004 1.356380 0.236681
v 0.192217 1.381780 0.426470
v 0.207878 1.386560 0.457351
v 0.167042 1.350630 0.448200
v 0.192217 1.381780 0.426470
v -0.143032 1.321320 0.361168
v -0.067136 1.251480 0.289790
v -0.119574 1.252490 0.407977
v -0.072496 1.209920 0.362559
v -0.115819 1.333840 0.380105
v -0.099279 1.269420 0.415734
v -0.076112 1.283190 0.259053
v -0.147668 1.349030 0.326345
v -0.027082 1.312870 0.279959
v -0.052835 1.295090 0.266607
v -0.024342 1.300760 0.305456
v -0.036918 1.268510 0.309814
v -0.143032 1.321320 0.361168
v -0.119574 1.252490 0.407977
v -0.076112 1.283190 0.259053
v -0.103894 1.343440 0.232153
v -0.067136 1.251480 0.289790
v 0.211656 1.412160 0.437871
v 0.192217 1.381780 0.426470
v 0.127806 1.545570 0.463238
v 0.069711 1.556650 0.416022
v 0.119039 1.560760 0.388912
v 0.172266 1.534150 0.431451
v 0.147617 1.343370 0.482060
v -0.029847 1.293860 0.345917
v 0.167042 1.350630 0.448200
v -0.024342 1.300760 0.305456
v -0.027082 1.312870 0.279959
v 0.192217 1.381780 0.426470
v 0.119195 1.348990 0.520287
v 0.147617 1.343370 0.482060
v 0.186060 1.423320 0.528937
v 0.203535 1.401290 0.491159
v -0.103894 1.343440 0.232153
v -0.137334 1.376150 0.260636
v 0.150851 1.529380 0.355763
v 0.191752 1.493640 0.403307
v -0.029847 1.293860 0.345917
v 0.192217 1.381780 0.426470
v 0.194571 1.474580 0.494251
v 0.154490 1.495010 0.522080
v -0.089258 1.217100 0.398427
v -0.072496 1.209920 0.362559
v 0.147580 1.449420 0.552957
v 0.108170 1.468360 0.556991
v -0.137334 1.376150 0.260636
v -0.103894 1.343440 0.232153
v -0.147668 1.349030 0.326345
v -0.076112 1.283190 0.259053
v -0.147668 1.349030 0.326345
v 0.087986 1.382320 0.543365
v 0.192217 1.381780 0.426470
v 0.075877 1.475490 0.538148
v 0.075877 1.475490 0.538148
v -0.107279 1.379000 0.354742
v 0.066480 1.424300 0.546031
v -0.096132 1.358420 0.376550
v -0.096132 1.358420 0.376550
v 0.210345 1.441940 0.462909
v -0.089258 1.217100 0.398427
v 0.075877 1.475490 0.538148
v 0.066480 1.424300 0.546031
v 0.025087 1.534540 0.432088
v 0.075877 1.475490 0.538148
v 0.230141 1.282440 0.129765
v 0.256759 1.342540 0.095299
v 0.291041 1.298080 0.214987
v 0.321680 1.360650 0.192101
v 0.093910 1.049040 0.271265
v 0.203172 1.188810 0.284167
v 0.076456 1.064100 0.301199
v 0.172163 1.208260 0.313739
v 0.113502 1.421870 0.174098
v 0.098868 1.361630 0.205912
v 0.167338 1.440570 0.263389
v 0.150953 1.377630 0.284845
v 0.105793 1.341170 0.164429
v 0.124560 1.400710 0.131157
v 0.184405 1.292600 0.116185
v 0.208355 1.353550 0.083212
v 0.054779 1.049430 0.331626
v 0.083041 1.020060 0.362895
v 0.090928 1.052410 0.315785
v 0.123546 1.016270 0.349679
v 0.067027 1.261900 0.224865
v 0.097649 1.249090 0.294027
v 0.183039 1.192130 0.160521
v 0.044804 1.021870 0.182140
v 0.090226 1.030690 0.236705
v 0.216856 1.178030 0.237538
v -0.046720 1.018280 0.226488
v -0.034925 1.052440 0.211842
v -0.003617 1.011330 0.174402
v 0.012218 1.032730 0.169360
v 0.092536 0.983403 0.235979
v 0.136407 0.984969 0.310488
v 0.008868 0.996242 0.328538
v 0.083354 0.992956 0.367170
v 0.137022 1.011990 0.305187
v 0.104739 1.040390 0.277765
v 0.102339 1.017380 0.238392
v -0.037934 0.993156 0.261023
v 0.028510 0.983075 0.189021
v 0.003169 1.062520 0.302415
v -0.034475 1.053880 0.245275
v 0.144814 1.212610 0.143163
v 0.012218 1.032730 0.169360
v 0.076660 1.253820 0.184409
v -0.034925 1.052440 0.211842
v 0.136407 0.984969 0.310488
v 0.092536 0.983403 0.235979
v 0.033569 1.009190 0.179787
v 0.044804 1.021870 0.182140
v 0.090226 1.030690 0.236705
v 0.018548 1.035110 0.328386
v 0.008868 0.996242 0.328538
v -0.040723 1.020460 0.260212
v -0.037934 0.993156 0.261023
v 0.273776 1.412390 0.280251
v 0.247407 1.349550 0.298185
v 0.308450 1.384790 0.240585
v 0.281256 1.321800 0.261667
v 0.132294 1.230540 0.309822
v 0.043163 1.068140 0.310790
v -0.043571 0.990922 0.226799
v -0.009702 0.985326 0.184127
v 0.217831 1.431730 0.282498
v 0.196660 1.368320 0.300356
v 0.003169 1.062520 0.302415
v 0.043163 1.068140 0.310790
v 0.121757 0.991938 0.355204
v 0.083354 0.992956 0.367170
v -0.043571 0.990922 0.226799
v -0.009702 0.985326 0.184127
v 0.028510 0.983075 0.189021
v 0.093910 1.049040 0.271265
v 0.076456 1.064100 0.301199
v -0.034475 1.053880 0.245275
v 0.121757 0.991938 0.355204
v -0.009702 0.985326 0.184127
v -0.083795 2.214530 0.216464
v -0.072374 2.221450 0.121066
v -0.037630 2.123030 0.206970
v -0.012422 2.129170 0.139716
v 0.264103 2.004030 0.122723
v 0.171727 2.107960 0.086306
v 0.302433 2.100480 0.216160
v 0.299099 2.169110 0.209162
v -0.009835 2.237300 0.089405
v 0.033919 2.142120 0.118660
v 0.046422 2.130480 0.293751
v 0.089156 2.153090 0.270437
v 0.041492 2.214280 0.305516
v 0.090126 2.240690 0.261326
v -0.009835 2.237300 0.089405
v 0.058391 2.259820 0.091644
v 0.033919 2.142120 0.118660
v 0.079522 2.162060 0.135543
v -0.029742 2.005890 0.300274
v -0.060310 2.088850 0.245353
v -0.124643 1.980730 0.259429
v -0.145334 2.026000 0.230039
v 0.270987 1.990160 0.225562
v 0.266725 2.075810 0.257040
v 0.373714 2.101950 0.393427
v 0.260567 2.192610 0.247905
v 0.343652 2.126270 0.417784
v -0.292195 1.917980 0.255183
v -0.307461 1.955650 0.229441
v -0.133817 1.925870 0.156168
v -0.158334 1.989610 0.123515
v -0.160692 2.030040 0.168125
v -0.298394 1.989580 0.253081
v -0.276709 1.991750 0.297902
v -0.263853 1.960380 0.319629
v -0.065368 2.099200 0.155050
v -0.037032 2.028810 0.084948
v 0.209905 1.417640 0.276524
v 0.286707 1.378270 0.242019
v 0.245647 1.513170 0.253781
v 0.350523 1.512900 0.205721
v 0.123714 1.389750 0.138568
v 0.162754 1.488160 0.068729
v 0.197536 1.348590 0.097293
v 0.251556 1.491160 0.015552
v 0.142980 2.176930 0.152433
v -0.271925 1.919110 0.296946
v -0.117650 1.921320 0.220895
v 0.114398 1.486580 0.229925
v 0.093397 1.558080 0.304702
v 0.144331 1.437280 0.317216
v 0.142162 1.524610 0.358680
v 0.074182 1.548350 0.409576
v -0.016161 1.569950 0.343243
v -0.000575 1.481780 0.422897
v -0.099232 1.503220 0.297498
v 0.010142 1.407010 0.382185
v -0.063318 1.443460 0.225038
v 0.081758 1.389180 0.331872
v 0.042257 1.432840 0.197664
v 0.107825 2.270790 0.172361
v 0.108418 2.175270 0.200342
v 0.016248 1.463400 0.147069
v 0.114398 1.486580 0.229925
v 0.179017 2.085040 0.301632
v 0.223931 2.117960 0.295189
v 0.142368 2.165180 0.248234
v 0.226319 2.169300 0.287091
v -0.088094 1.505830 0.180769
v -0.100144 1.555920 0.288226
v -0.002788 2.120200 0.274610
v -0.025119 2.205300 0.283574
v 0.151898 1.499380 0.176134
v 0.122039 1.422820 0.218280
v 0.162754 1.488160 0.068729
v 0.254564 1.540930 0.002065
v -0.036399 1.878280 0.230831
v -0.043283 1.892150 0.127992
v 0.351600 1.507400 0.076827
v 0.350570 1.568550 0.199892
v 0.347557 1.583430 0.073135
v -0.016161 1.569950 0.343243
v 0.307543 2.040260 0.405825
v 0.351980 2.055090 0.387987
v 0.245647 1.513170 0.253781
v 0.277414 2.072160 0.432930
v 0.295819 2.111290 0.437341
v 0.249814 1.339170 0.158692
v 0.551011 1.509780 0.111226
v 0.538678 1.496840 0.195546
v 0.562390 1.474660 0.110884
v 0.547860 1.460790 0.200566
v 0.487297 1.500100 0.277515
v 0.485070 1.469850 0.300854
v 0.428466 1.531330 0.297457
v 0.412721 1.514820 0.323836
v 0.547462 1.505150 -0.040249
v 0.531502 1.537950 -0.033237
v 0.353311 1.631580 0.282199
v 0.317283 1.614940 0.317665
v 0.240092 1.697520 -0.019619
v 0.246668 1.666710 -0.069709
v 0.203508 1.690740 -0.017248
v 0.208545 1.650240 -0.075772
v 0.302210 1.570060 -0.169613
v 0.323593 1.592980 -0.148277
v 0.383794 1.552860 -0.191237
v 0.394343 1.577220 -0.160856
v 0.469214 1.516220 -0.149170
v 0.460353 1.546780 -0.128658
v 0.255415 1.632990 -0.111444
v 0.222668 1.611440 -0.120100
v 0.060712 2.081510 0.364549
v 0.089109 2.084030 0.348281
v 0.084029 2.084140 0.372152
v 0.085280 2.132860 0.338199
v 0.045735 2.120870 0.362045
v 0.084029 2.084140 0.372152
v 0.062053 2.077590 0.384595
v 0.005552 2.098710 0.317056
v 0.037956 2.064640 0.347949
v 0.008461 2.103740 0.337700
v 0.041410 2.067980 0.371875
v 0.041410 2.067980 0.371875
v 0.037956 2.064640 0.347949
v 0.089109 2.084030 0.348281
v 0.091041 2.131120 0.317611
v 0.063939 2.073300 0.346703
v 0.070215 2.056090 0.386590
v 0.044060 2.042710 0.376332
v 0.096933 1.985250 0.414716
v 0.051439 1.968420 0.404226
v 0.098785 2.063460 0.376687
v 0.142238 2.002860 0.404814
v 0.043699 2.076180 0.361711
v 0.059537 2.084440 0.371102
v 0.142039 1.889420 0.442755
v 0.198727 1.908520 0.432954
v 0.147657 1.642830 0.480505
v 0.241081 1.646990 0.439751
v 0.147791 1.702960 0.474057
v 0.235034 1.708400 0.440453
v 0.085184 1.868920 0.437598
v 0.050717 1.967240 0.399486
v 0.042613 2.039690 0.364717
v 0.243454 1.580810 0.436555
v 0.142576 1.636870 0.477329
v 0.240698 1.578190 0.430528
v 0.318913 1.718050 0.398094
v 0.273203 1.809690 0.428207
v 0.202597 1.794310 0.450077
v 0.275451 1.810030 0.421638
v 0.321027 1.715320 0.390969
v 0.082525 1.868370 0.431803
v 0.125278 1.776370 0.456806
v 0.130048 1.777600 0.461734
v 0.076982 2.088800 0.361927
v 0.102012 2.062210 0.365103
v 0.081424 2.087580 0.351170
v 0.333359 1.648740 0.384862
v 0.332043 1.654280 0.391138
v 0.143620 2.002470 0.400087
v 0.200708 1.909580 0.426972
v 0.141605 1.699480 0.470616
v 0.041312 2.072380 0.350909
v 0.289421 2.926590 -0.243930
v -0.022985 3.090510 -0.389914
v 0.327936 2.973200 -0.286491
v 0.016553 3.132710 -0.432327
v 0.019939 3.388090 -0.172584
v -0.019821 3.346830 -0.129989
v 0.331349 3.235750 -0.027484
v 0.291902 3.193660 0.015169
v -0.750787 2.629960 0.048358
v -0.822188 2.645230 0.036682
v -0.675973 2.904310 -0.206433
v -0.745867 2.915300 -0.218093
v 0.327936 2.973200 -0.286491
v 0.289421 2.926590 -0.243930
v -0.748040 3.169090 0.043211
v -0.678351 3.159040 0.055051
v -0.828259 2.905080 0.298354
v -0.758362 2.894170 0.310283
v -0.822188 2.645230 0.036682
v -0.750787 2.629960 0.048358
v -0.046529 2.185490 0.109508
v 0.055448 2.217510 0.095468
v -0.049641 2.156280 0.081022
v 0.082553 2.201180 0.071921
v 0.119808 2.161360 0.322110
v 0.143615 2.201740 0.235475
v 0.083457 2.195540 0.297604
v 0.113051 2.224800 0.211498
v 0.061702 2.182040 0.321898
v 0.096125 2.140690 0.352661
v -0.028117 2.109700 0.329271
v -0.050275 2.061980 0.328766
v 0.008049 2.109730 0.356941
v -0.006761 2.042200 0.374719
v -0.093241 2.134830 0.172385
v -0.081319 2.172360 0.180555
v -0.058924 2.113430 0.288412
v -0.038526 2.166270 0.276171
v -0.112677 2.109600 0.168992
v -0.050129 2.145530 0.062360
v -0.080284 2.076510 0.286256
v -0.005613 2.167570 0.309867
v 0.025251 2.170590 0.326916
v 0.105790 2.205080 0.063978
v 0.147564 2.135090 0.329784
v 0.129925 2.091900 0.373085
v 0.165600 2.193330 0.248196
v 0.162383 2.167710 0.290190
v 0.172593 2.218750 0.174973
v 0.141836 2.218210 0.162495
v 0.108461 2.232470 0.156048
v -0.092061 2.078190 0.243116
v 0.054284 1.967390 0.164905
v -0.079600 2.042880 0.280282
v -0.060914 2.019920 0.082654
v -0.080614 2.070140 0.109754
v 0.009639 2.054070 0.050512
v 0.030399 1.987550 0.038225
v -0.060914 2.019920 0.082654
v -0.045080 1.939820 0.081013
v 0.170329 2.194010 0.213948
v 0.143181 2.001100 0.165484
v 0.174276 2.194550 0.161298
v -0.067294 1.877800 0.230755
v 0.000603 1.887220 0.370993
v -0.060268 1.918770 0.279302
v -0.010598 1.941610 0.366910
v 0.051099 2.107180 0.322331
v 0.083852 2.124450 0.317448
v 0.052751 2.136600 0.326841
v 0.081971 2.154580 0.305164
v -0.014607 2.108910 0.076756
v 0.101926 2.153100 0.077514
v 0.009639 2.054070 0.050512
v 0.120433 2.096080 0.051232
v 0.119052 2.048270 0.363949
v 0.201758 2.096530 0.307354
v 0.095804 2.096860 0.336564
v 0.180035 2.140610 0.287369
v 0.030399 1.987550 0.038225
v 0.020731 1.770340 0.019775
v 0.239126 1.814770 -0.006631
v 0.149134 2.032570 0.038997
v -0.024691 2.096670 0.292836
v -0.018261 2.062030 0.318727
v 0.051099 2.107180 0.322331
v 0.063184 2.075010 0.339648
v -0.057071 1.678410 0.457183
v 0.101408 1.663210 0.483207
v -0.014322 1.687790 0.426101
v 0.153062 1.668880 0.418158
v 0.021074 1.707890 0.402990
v 0.204663 1.680520 0.361599
v 0.054949 2.213020 0.096851
v 0.102741 2.224860 0.158133
v 0.067052 2.188640 0.086674
v 0.126644 2.210810 0.171342
v 0.100988 1.974520 0.385364
v 0.146424 1.991900 0.391256
v 0.119088 1.926640 0.393443
v 0.174919 1.947240 0.398450
v -0.012420 2.007790 0.343988
v 0.081371 2.026640 0.362959
v 0.036624 1.748240 0.389955
v 0.192391 1.758820 0.356081
v 0.119088 1.926640 0.393443
v 0.083852 2.124450 0.317448
v 0.139807 2.177910 0.252811
v 0.167901 2.176990 0.252348
v -0.079600 2.042880 0.280282
v -0.061411 2.101620 0.251503
v -0.092061 2.078190 0.243116
v -0.045080 1.939820 0.081013
v -0.061841 1.894700 0.125677
v 0.020731 1.770340 0.019775
v -0.086476 1.769670 0.113260
v 0.139807 2.177910 0.252811
v 0.125319 2.197380 0.222221
v 0.369032 1.757720 0.201280
v 0.353628 1.800720 0.218851
v 0.287816 1.706880 0.311461
v 0.261313 1.767120 0.327598
v 0.054122 2.176170 0.317889
v 0.076905 2.189040 0.290723
v 0.358533 1.570500 0.345118
v 0.322206 1.639160 0.325639
v 0.287643 1.543960 0.400912
v 0.243370 1.621660 0.377686
v -0.078421 1.728060 0.323575
v -0.067368 1.755750 0.309562
v 0.204663 1.680520 0.361599
v 0.180035 2.140610 0.287369
v 0.201758 2.096530 0.307354
v 0.192391 1.758820 0.356081
v -0.185245 1.589300 0.030642
v -0.203799 1.633310 0.114521
v -0.143373 1.642870 0.043403
v -0.167012 1.675470 0.113532
v 0.106922 2.216930 0.209546
v -0.197508 1.656070 0.204258
v -0.136272 1.653240 0.369975
v -0.162645 1.699420 0.202619
v -0.104794 1.697890 0.349831
v -0.080464 2.112670 0.187877
v -0.076109 2.138890 0.179870
v -0.021246 2.133890 0.095126
v -0.028885 2.156290 0.093723
v -0.106012 1.746580 0.120175
v 0.020731 1.666190 -0.014783
v 0.268803 1.991700 0.333700
v 0.238088 2.036390 0.340077
v 0.020731 1.770340 0.019775
v -0.031553 2.125590 0.280995
v -0.024691 2.096670 0.292836
v 0.041623 2.132700 0.327380
v 0.051099 2.107180 0.322331
v -0.118687 1.739800 0.201852
v 0.170329 2.194010 0.213948
v 0.147561 2.199130 0.189357
v 0.236796 2.046690 0.082846
v 0.198606 2.119950 0.087787
v 0.147561 2.199130 0.189357
v 0.090126 2.176120 0.095850
v 0.170329 2.194010 0.213948
v 0.174276 2.194550 0.161298
v 0.147561 2.199130 0.189357
v 0.090126 2.176120 0.095850
v -0.103834 1.761240 0.193535
v 0.181789 2.173670 0.121644
v -0.061841 1.894700 0.125677
v -0.162645 1.699420 0.202619
v -0.197508 1.656070 0.204258
v 0.303137 1.729090 -0.023148
v 0.296369 1.779810 0.021804
v 0.382944 1.728950 0.113421
v 0.359779 1.770300 0.133488
v -0.118687 1.739800 0.201852
v 0.292804 2.014330 0.233091
v 0.278749 2.023840 0.127891
v 0.298983 1.813130 0.039141
v 0.350936 1.809630 0.149231
v 0.258417 2.039710 0.282692
v 0.292804 2.014330 0.233091
v 0.100988 1.974520 0.385364
v -0.066698 1.995630 0.300953
v 0.227443 1.778720 -0.024474
v 0.020731 1.666190 -0.014783
v 0.020731 1.770340 0.019775
v 0.239126 1.814770 -0.006631
v 0.422628 1.688840 0.099073
v 0.330292 1.689680 -0.051570
v 0.172542 1.662990 -0.109723
v 0.193782 1.613440 -0.153074
v 0.114654 1.630550 -0.114873
v 0.150834 1.582580 -0.175663
v -0.061841 1.894700 0.125677
v -0.103834 1.761240 0.193535
v 0.278749 2.023840 0.127891
v -0.043705 2.182070 0.110628
v -0.072015 2.169500 0.180699
v -0.014607 2.108910 0.076756
v -0.080614 2.070140 0.109754
v 0.266282 1.663250 -0.113331
v 0.238578 1.701300 -0.083059
v -0.021246 2.133890 0.095126
v -0.093787 2.088810 0.146202
v -0.080464 2.112670 0.187877
v -0.100011 2.089730 0.201844
v -0.031659 2.164540 0.265705
v -0.028885 2.156290 0.093723
v -0.043705 2.182070 0.110628
v 0.063184 2.075010 0.339648
v 0.051099 2.107180 0.322331
v 0.081371 2.026640 0.362959
v 0.429363 1.649280 0.184141
v 0.393623 1.707260 0.185265
v 0.033477 2.169690 0.320731
v 0.001530 2.165370 0.301098
v -0.061411 2.101620 0.251503
v -0.100011 2.089730 0.201844
v -0.080464 2.112670 0.187877
v -0.067294 1.877800 0.230755
v -0.021246 2.133890 0.095126
v -0.021246 2.133890 0.095126
v -0.108513 1.616340 -0.006702
v -0.173368 1.561930 -0.018520
v 0.181789 2.173670 0.121644
v 0.198606 2.119950 0.087787
v 0.236796 2.046690 0.082846
v -0.100011 2.089730 0.201844
v -0.093787 2.088810 0.146202
v 0.258417 2.039710 0.282692
v 0.020731 1.666190 -0.014783
v 0.020731 1.666190 -0.014783
v 0.167901 2.176990 0.252348
v -0.060268 1.918770 0.279302
v -0.066698 1.995630 0.300953
v 0.161018 2.322790 0.573139
v 0.160494 2.321170 0.572782
v 0.162002 2.318440 0.569903
v 0.160986 2.319000 0.571162
v 0.034681 2.286770 0.608639
v 0.034539 2.282100 0.605716
v 0.035681 2.285580 0.607849
v 0.035611 2.283250 0.606389
v -0.139459 2.244960 0.580990
v -0.158900 2.301470 0.585830
v -0.233056 2.238700 0.535958
v -0.234624 2.299400 0.555635
v 0.102778 2.330270 0.634291
v 0.047098 2.317180 0.625661
v 0.105521 2.302630 0.616009
v 0.052251 2.288380 0.610127
v 0.052974 2.286390 0.607340
v 0.053945 2.288040 0.601120
v 0.103570 2.294670 0.600988
v 0.105548 2.295570 0.608936
v 0.053051 2.258990 0.587021
v 0.016806 2.267510 0.596312
v 0.040154 2.227040 0.562404
v -0.020887 2.235880 0.576563
v 0.060728 2.280220 0.601088
v 0.061468 2.285270 0.603430
v 0.103534 2.292320 0.598474
v 0.061534 2.289880 0.599119
v 0.102577 2.295260 0.598053
v 0.105764 2.262260 0.575910
v 0.104390 2.284810 0.593902
v 0.093914 2.375550 0.648707
v -0.213672 2.206630 0.514794
v -0.281400 2.228930 0.406199
v -0.170605 2.180540 0.467801
v -0.233076 2.192410 0.365109
v 0.011013 2.297180 0.613776
v 0.038131 2.287590 0.604112
v 0.038095 2.286420 0.603382
v 0.141729 2.303310 0.578328
v 0.139841 2.307620 0.581407
v 0.071042 2.190930 0.250306
v 0.240966 2.279330 0.317277
v 0.065488 2.186400 0.259568
v 0.227611 2.265860 0.368289
v 0.106168 2.232950 0.547591
v 0.031158 2.193500 0.512103
v 0.102419 2.198740 0.499540
v 0.146171 2.217700 0.435693
v 0.047449 2.176180 0.275791
v -0.123950 2.210420 0.553815
v -0.100100 2.185120 0.501669
v -0.041467 2.166110 0.253921
v -0.021819 2.164450 0.276400
v -0.185891 2.179680 0.327646
v -0.125745 2.174760 0.420319
v -0.084749 2.176790 0.456060
v 0.030508 2.184720 0.468194
v 0.014850 2.166880 0.284951
v -0.011085 2.164560 0.281084
v 0.293587 2.312910 0.337368
v 0.283228 2.339640 0.220033
v 0.237193 2.300320 0.208763
v -0.307746 2.354160 0.527144
v -0.328205 2.301120 0.427834
v 0.032477 2.170330 0.283885
v 0.094059 2.189120 0.460026
v 0.017366 2.366060 0.620613
v 0.093914 2.375550 0.648707
v 0.083566 2.394300 0.630910
v 0.256716 2.286870 0.401408
v 0.162656 2.230990 0.475151
v 0.320152 2.400470 0.237169
v 0.334697 2.363000 0.360708
v 0.343215 2.403020 0.374032
v 0.329020 2.488540 0.243159
v 0.324043 2.458700 0.398654
v 0.282848 2.427430 0.461702
v 0.294206 2.368630 0.459135
v 0.093914 2.375550 0.648707
v 0.140371 2.401140 0.586047
v 0.145329 2.345190 0.598057
v 0.175519 2.344090 0.567553
v 0.286799 2.327550 0.438400
v 0.148228 2.315750 0.583156
v 0.177447 2.313320 0.551172
v 0.210714 2.301920 0.511486
v -0.028574 2.355360 0.603037
v 0.170369 2.412100 0.547138
v 0.336247 2.537800 0.346189
v 0.164019 2.262360 0.527598
v 0.150905 2.286900 0.559525
v 0.093914 2.375550 0.648707
v 0.142806 2.313390 0.576150
v 0.147335 2.313290 0.580826
v 0.155924 2.321180 0.571013
v 0.135445 2.310950 0.578352
v 0.156170 2.320090 0.570203
v 0.073558 2.198910 0.221599
v 0.312806 2.868270 0.337018
v 0.319968 2.798080 0.345902
v 0.333340 2.819160 0.187859
v 0.333629 2.735730 0.204027
v 0.282330 2.513240 0.085175
v 0.272133 2.432100 0.025229
v 0.327278 2.699900 0.344878
v 0.338135 2.598210 0.335802
v 0.331793 2.655160 0.214833
v 0.326813 2.566990 0.228096
v -0.424043 2.585920 0.554962
v -0.325795 2.658850 0.613114
v -0.457658 2.648560 0.553510
v -0.353347 2.715230 0.615480
v -0.592241 2.736650 0.400954
v -0.576121 2.566860 0.283231
v -0.557530 2.648880 0.418375
v 0.240463 2.341880 0.086790
v 0.171163 2.286320 0.101225
v 0.319480 2.898960 0.171943
v 0.307792 2.818910 0.034860
v 0.307059 2.752890 0.045563
v 0.300359 2.659390 0.058048
v 0.287316 2.956260 0.308584
v 0.234559 2.882870 0.450285
v 0.200214 2.982340 0.415612
v 0.250169 3.042670 0.273910
v 0.162001 3.063630 0.375002
v 0.241184 2.820530 0.453798
v 0.182317 2.879970 0.498205
v 0.189602 2.812370 0.499913
v -0.041509 2.837280 0.635325
v -0.080403 2.948000 0.609265
v -0.164397 2.796770 0.643995
v -0.202556 2.906100 0.614089
v 0.288930 2.563850 0.081673
v 0.293017 2.989090 0.152205
v 0.295985 2.606470 0.075227
v -0.520631 2.575650 0.427818
v -0.471994 2.506000 0.430400
v -0.277543 2.214060 0.232345
v -0.200443 2.191970 0.242496
v -0.426144 2.895910 0.540266
v -0.528619 2.820590 0.492743
v -0.394177 2.812850 0.582630
v -0.496238 2.732830 0.528756
v 0.071540 2.864050 0.577698
v 0.086689 2.762760 0.582006
v -0.240194 3.000100 0.566287
v -0.367185 2.931790 0.555282
v -0.333907 2.849730 0.598321
v -0.124747 3.049760 0.554733
v -0.011190 3.065410 0.501938
v 0.030931 2.972680 0.548482
v -0.372463 2.367580 0.424586
v -0.414427 2.363290 0.279310
v -0.443603 2.395570 0.283045
v -0.425835 2.439120 0.427717
v -0.011433 2.732690 0.636224
v 0.108966 3.067570 0.421490
v 0.146061 2.986600 0.463454
v -0.343835 2.403740 0.527429
v -0.381565 2.497760 0.544058
v -0.050317 2.171220 0.231800
v -0.123489 2.702830 0.641064
v -0.262116 2.683560 0.626844
v -0.290900 2.745030 0.631171
v -0.537954 2.511930 0.283004
v -0.383077 2.323500 0.272149
v -0.332010 2.259820 0.262779
v -0.481101 2.436550 0.277631
v -0.055479 2.172010 0.150010
v 0.026699 2.558880 0.595546
v -0.014542 2.532790 0.593213
v 0.065002 2.430790 0.601870
v 0.014193 2.410380 0.601553
v -0.058128 2.510070 0.584126
v -0.053473 2.405740 0.572337
v -0.235113 2.340030 0.503145
v -0.208808 2.335120 0.538108
v -0.206707 2.337090 0.507107
v -0.344673 2.480460 0.555238
v -0.274583 2.568260 0.597539
v -0.296141 2.607640 0.608663
v -0.064386 2.365010 0.577289
v -0.225012 2.628150 0.620577
v -0.208688 2.586270 0.601345
v -0.088144 2.372300 0.556409
v -0.070285 2.403300 0.562204
v -0.166503 2.325460 0.565219
v -0.220477 2.321750 0.550903
v -0.330338 2.407520 0.537025
v -0.321187 2.474170 0.557748
v -0.317021 2.412490 0.540814
v -0.042437 2.579280 0.604910
v -0.073763 2.535270 0.590370
v -0.144291 2.624700 0.621282
v -0.134643 2.577150 0.603338
v -0.087780 2.632320 0.624663
v 0.005969 2.661270 0.625673
v -0.296911 2.360050 0.534034
v -0.287327 2.368000 0.533284
v -0.126688 2.547360 0.583172
v -0.194236 2.559080 0.584615
v -0.258195 2.545190 0.584114
v -0.176495 2.340060 0.509601
v -0.166908 2.337880 0.547716
v -0.099153 2.380490 0.508995
v 0.287604 2.585410 0.392391
v 0.320913 2.594400 0.361562
v 0.274464 2.619900 0.399673
v 0.301808 2.651820 0.382694
v 0.300523 2.470320 0.404507
v 0.279312 2.474310 0.400951
v 0.266573 2.448950 0.443529
v 0.252280 2.457420 0.429927
v -0.257012 2.383850 0.543826
v -0.286794 2.389480 0.488921
v -0.273565 2.425380 0.550073
v -0.298952 2.427760 0.489920
v 0.314499 2.668420 0.370017
v 0.301808 2.651820 0.382694
v 0.234077 2.685570 0.445790
v 0.241108 2.715310 0.452635
v 0.234077 2.685570 0.445790
v 0.227392 2.654060 0.436054
v 0.331155 2.596150 0.351153
v -0.300235 2.464550 0.490088
v -0.277478 2.462500 0.554765
v -0.260175 2.519640 0.495923
v -0.242584 2.520040 0.568110
v 0.179070 2.434440 0.508879
v 0.148755 2.463410 0.515512
v 0.157214 2.468170 0.498281
v 0.121032 2.556800 0.512997
v 0.106551 2.557030 0.537851
v 0.111653 2.438170 0.574165
v 0.181205 2.666140 0.479121
v 0.182763 2.642650 0.471594
v -0.127025 2.529160 0.578103
v -0.187459 2.537080 0.575625
v -0.144929 2.528540 0.513575
v -0.206530 2.534310 0.501469
v 0.317638 2.540510 0.363294
v 0.328844 2.538490 0.358202
v -0.086905 2.497240 0.512632
v -0.080529 2.499320 0.569638
v 0.317638 2.540510 0.363294
v 0.279312 2.474310 0.400951
v 0.287500 2.499390 0.392983
v 0.293014 2.540700 0.389275
v -0.080095 2.519250 0.577245
v 0.016335 2.612450 0.613026
v 0.137382 2.622660 0.508967
v 0.144114 2.606480 0.501918
v 0.114606 2.574770 0.522537
v 0.121032 2.556800 0.512997
v -0.080529 2.499320 0.569638
v 0.099057 2.550270 0.460378
v 0.131648 2.478990 0.452351
v 0.182572 2.449490 0.480340
v 0.163508 2.455510 0.435244
v 0.239691 2.458740 0.392656
v 0.261807 2.470690 0.375459
v 0.278999 2.486640 0.358683
v 0.281327 2.523920 0.344049
v 0.285208 2.552590 0.328195
v 0.205358 2.652390 0.365111
v 0.162006 2.639400 0.397914
v 0.258598 2.623910 0.333062
v 0.275674 2.591620 0.328455
v 0.068244 2.556390 0.569951
v 0.087558 2.682320 0.575396
v 0.108510 2.587240 0.539154
v 0.114606 2.574770 0.522537
v -0.262213 2.368920 0.496777
v -0.230923 2.351560 0.538653
v -0.235113 2.340030 0.503145
v -0.208808 2.335120 0.538108
v 0.071245 2.611700 0.572966
v -0.079341 2.418820 0.511638
v -0.086905 2.497240 0.512632
v 0.138266 2.654970 0.526651
v 0.137382 2.622660 0.508967
v -0.287327 2.368000 0.533284
v -0.317021 2.412490 0.540814
v -0.126688 2.547360 0.583172
v -0.194236 2.559080 0.584615
v -0.258195 2.545190 0.584114
v -0.321187 2.474170 0.557748
v 0.126122 2.605830 0.437413
v 0.099057 2.550270 0.460378
v -0.080095 2.519250 0.577245
v 0.181205 2.666140 0.479121
v 0.186403 2.698930 0.490329
v 0.242738 2.761300 0.457243
v 0.130566 2.703070 0.544050
v 0.186949 2.745620 0.504821
v 0.278999 2.486640 0.358683
v 0.320913 2.594400 0.361562
v -0.182535 2.454370 0.568311
v -0.363368 2.487940 0.476102
v -0.311736 2.341600 0.465968
v 0.201749 2.563980 0.468944
v 0.010932 2.546530 0.498068
v 0.091549 2.414290 0.461008
v 0.196964 2.379800 0.394208
v 0.289295 2.445450 0.329734
v 0.312086 2.600420 0.303752
v -0.307866 2.613680 0.495947
v -0.178885 2.276680 0.469040
v 0.125676 2.764280 0.407803
v 0.025445 2.696410 0.473844
v -0.182867 2.672010 0.511838
v -0.067827 2.327000 0.487514
v 0.239446 2.723900 0.338047
v -0.055679 2.611320 0.514673
v -0.006698 2.453250 0.505218
v 0.197507 2.040130 0.371431
v 0.186848 2.051110 0.364419
v 0.140996 2.015090 0.388394
v 0.134777 2.029090 0.381080
v 0.197232 2.033980 0.358758
v 0.138535 2.008190 0.376374
v 0.132252 2.022430 0.369289
v 0.187393 2.045610 0.351886
v 0.135380 2.125970 0.355692
v 0.150686 2.162170 0.317883
v 0.115229 2.153810 0.349341
v 0.132734 2.182480 0.309984
v 0.128225 2.173670 0.298433
v 0.148502 2.153990 0.305148
v 0.110351 2.144170 0.338893
v 0.132526 2.116850 0.344467
v -0.490472 2.256100 0.046196
v -0.544213 2.212920 0.069095
v -0.654993 2.522170 0.164549
v -0.713422 2.479370 0.188922
v -0.602562 2.507890 0.266544
v -0.632553 2.484220 0.277354
v -0.626598 2.519690 0.285621
v -0.626598 2.519690 0.285621
v -0.576462 2.499610 0.381543
v -0.642526 2.826690 0.360215
v -0.593853 2.809690 0.453910
v -0.573430 2.417640 0.433415
v -0.511717 2.460810 0.411621
v -0.576450 2.461860 0.384827
v -0.606484 2.441070 0.396162
v -0.573266 2.810180 0.444852
v -0.545444 2.484100 0.374410
v -0.621922 2.827270 0.351142
v -0.602562 2.507890 0.266544
v -0.365229 2.236640 0.321173
v -0.422475 2.193930 0.341528
v -0.390495 2.229060 0.235888
v -0.446278 2.185500 0.255710
v -0.576462 2.499610 0.381543
v -0.576450 2.461860 0.384827
v -0.545444 2.484100 0.374410
v -0.525828 2.371600 0.461910
v -0.464519 2.415770 0.440136
v -0.525828 2.371600 0.461910
v -0.442866 2.257210 0.433724
v -0.464519 2.415770 0.440136
v -0.385367 2.301950 0.412208
v -0.422475 2.193930 0.341528
v -0.365229 2.236640 0.321173
v -0.606484 2.441070 0.396162
v -0.446278 2.185500 0.255710
v -0.573430 2.417640 0.433415
v -0.446278 2.185500 0.255710
v -0.525828 2.371600 0.461910
v -0.525828 2.371600 0.461910
v -0.446278 2.185500 0.255710
v -0.442866 2.257210 0.433724
v -0.576450 2.461860 0.384827
v -0.545444 2.484100 0.374410
v -0.446278 2.185500 0.255710
v -0.422475 2.193930 0.341528
v -0.602562 2.507890 0.266544
v -0.654993 2.522170 0.164549
v -0.632553 2.484220 0.277354
v -0.713422 2.479370 0.188922
v -0.544213 2.212920 0.069095
v -0.490472 2.256100 0.046196
v -0.446278 2.185500 0.255710
v -0.390495 2.229060 0.235888
v -0.606484 2.441070 0.396162
v -0.576450 2.461860 0.384827
v -0.544213 2.212920 0.069095
v -0.446278 2.185500 0.255710
v -0.713422 2.479370 0.188922
v -0.713422 2.479370 0.188922
v -0.606484 2.441070 0.396162
v -0.597955 2.396030 0.360180
v -0.477423 2.214910 0.280146
v -0.589791 2.391230 0.372149
v -0.469251 2.215730 0.303096
v -0.465939 2.212460 0.267166
v -0.599274 2.414880 0.354472
v -0.479537 2.268160 0.398712
v -0.505373 2.307050 0.417512
v -0.468305 2.241870 0.368383
v -0.536554 2.346460 0.420752
v -0.453436 2.212270 0.299343
v -0.525495 2.358020 0.427184
v -0.491430 2.313150 0.423768
v -0.567644 2.375350 0.399184
v -0.561188 2.390750 0.404476
v -0.463818 2.222120 0.332615
v -0.447557 2.219170 0.332081
v -0.451635 2.241610 0.371467
v -0.586270 2.408450 0.374733
v -0.463433 2.269940 0.403626
v -0.661994 2.397420 0.192192
v -0.678888 2.424230 0.202116
v -0.653774 2.400710 0.179275
v -0.678122 2.439750 0.194602
v -0.629959 2.393400 0.230274
v -0.645257 2.392370 0.227110
v -0.661613 2.418470 0.236934
v -0.653617 2.431760 0.246078
v -0.591455 2.382140 0.309334
v -0.607864 2.380470 0.304568
v -0.617055 2.389330 0.257736
v -0.624533 2.385950 0.270602
v -0.641231 2.412800 0.281033
v -0.640681 2.427640 0.273495
v -0.624902 2.408050 0.315638
v -0.615956 2.421190 0.323900
v 0.271082 2.483030 -0.175948
v 0.321949 2.807180 -0.111038
v 0.341863 2.474970 -0.190176
v 0.396659 2.801920 -0.126255
v 0.343036 2.780650 -0.000550
v 0.364315 2.804870 0.005884
v 0.381331 2.776290 -0.010099
v 0.364315 2.804870 0.005884
v 0.266921 3.085910 0.113570
v 0.386732 2.773780 0.109077
v 0.287783 3.057940 0.214659
v 0.450093 2.707560 0.141003
v 0.406434 2.741610 0.105509
v 0.374167 2.711810 0.160100
v 0.443647 2.739820 0.096874
v 0.268190 3.047170 0.217158
v 0.368296 2.744280 0.115651
v 0.247270 3.075200 0.116076
v 0.343036 2.780650 -0.000550
v 0.330378 2.435880 0.117203
v 0.308759 2.432070 0.030674
v 0.402149 2.429660 0.099157
v 0.379619 2.424330 0.012749
v 0.386732 2.773780 0.109077
v 0.406434 2.741610 0.105509
v 0.368296 2.744280 0.115651
v 0.452467 2.647630 0.181005
v 0.376366 2.652940 0.200090
v 0.359854 2.512540 0.196023
v 0.433364 2.504840 0.178503
v 0.376366 2.652940 0.200090
v 0.452467 2.647630 0.181005
v 0.402149 2.429660 0.099157
v 0.330378 2.435880 0.117203
v 0.443647 2.739820 0.096874
v 0.450093 2.707560 0.141003
v 0.379619 2.424330 0.012749
v 0.452467 2.647630 0.181005
v 0.379619 2.424330 0.012749
v 0.452467 2.647630 0.181005
v 0.433364 2.504840 0.178503
v 0.379619 2.424330 0.012749
v 0.368296 2.744280 0.115651
v 0.406434 2.741610 0.105509
v 0.402149 2.429660 0.099157
v 0.379619 2.424330 0.012749
v 0.343036 2.780650 -0.000550
v 0.381331 2.776290 -0.010099
v 0.321949 2.807180 -0.111038
v 0.396659 2.801920 -0.126255
v 0.341863 2.474970 -0.190176
v 0.379619 2.424330 0.012749
v 0.271082 2.483030 -0.175948
v 0.308759 2.432070 0.030674
v 0.443647 2.739820 0.096874
v 0.406434 2.741610 0.105509
v 0.341863 2.474970 -0.190176
v 0.396659 2.801920 -0.126255
v 0.379619 2.424330 0.012749
v 0.396659 2.801920 -0.126255
v 0.443647 2.739820 0.096874
v 0.405715 2.467150 0.046985
v 0.400302 2.467850 0.023228
v 0.443301 2.685860 0.076183
v 0.440776 2.692660 0.062753
v 0.386647 2.458590 0.017393
v 0.429812 2.708910 0.060415
v 0.436619 2.528370 0.132394
v 0.425722 2.496690 0.107599
v 0.446097 2.576810 0.142280
v 0.451251 2.626550 0.136340
v 0.394130 2.455940 0.050989
v 0.436371 2.575890 0.155521
v 0.441070 2.631790 0.149232
v 0.439464 2.675030 0.117791
v 0.448760 2.664330 0.107490
v 0.413766 2.473360 0.075940
v 0.403257 2.462730 0.082997
v 0.415469 2.488590 0.118400
v 0.433866 2.699270 0.083030
v 0.426724 2.522520 0.144825
v 0.393181 2.750990 -0.110703
v 0.404969 2.738840 -0.107289
v 0.386607 2.703560 -0.118386
v 0.400631 2.706260 -0.111965
v 0.408799 2.697630 -0.074766
v 0.398950 2.691330 -0.064350
v 0.413036 2.729340 -0.070028
v 0.405602 2.737890 -0.056038
v 0.416919 2.671660 0.020206
v 0.405605 2.684590 -0.035238
v 0.427051 2.677780 0.007770
v 0.419119 2.686850 -0.028512
v 0.423551 2.719430 -0.023300
v 0.412233 2.731090 -0.026955
v 0.423213 2.719090 0.027164
v 0.431707 2.711230 0.013482
v 0.111844 1.516380 0.534968
v 0.186421 1.485260 0.503530
v 0.131541 1.549430 0.468627
v 0.194167 1.536780 0.442089
v -0.064222 1.514430 0.494808
v -0.053403 1.503890 0.469224
v -0.052876 1.590620 0.438368
v -0.047004 1.585330 0.420600
v -0.090923 1.581400 0.410650
v -0.123298 1.492570 0.398705
v -0.145053 1.507070 0.429919
v -0.109393 1.588060 0.433151
v 0.005470 1.541940 0.509841
v 0.016654 1.595160 0.461140
v -0.151269 1.592700 0.327762
v -0.171760 1.481070 0.304061
v -0.216503 1.498830 0.343341
v -0.162340 1.600420 0.348445
v -0.197267 1.584530 0.227942
v -0.214045 1.465980 0.204289
v 0.006545 1.529840 0.493681
v 0.016013 1.586310 0.447715
v -0.258555 1.503790 0.226476
v -0.208170 1.596970 0.239390
v -0.204401 1.560260 0.137457
v -0.217485 1.454620 0.107759
v -0.259125 1.477030 0.113136
v -0.236204 1.577250 0.138890
v 0.089372 1.533930 0.538100
v 0.143001 1.576550 0.485689
v -0.182919 1.414390 0.019856
v -0.179110 1.510660 0.031521
v -0.223364 1.430900 0.020419
v -0.217157 1.521650 0.030471
v -0.054294 1.470600 -0.079154
v -0.043126 1.375520 -0.082844
v -0.083935 1.377970 -0.091137
v -0.084713 1.471380 -0.074557
v -0.071968 1.703190 0.307343
v -0.065726 1.703990 0.296478
v -0.045339 1.743430 0.284181
v 0.066824 1.479630 -0.117864
v 0.078256 1.384340 -0.141718
v 0.049394 1.379970 -0.159318
v 0.078256 1.384340 -0.141718
v 0.040768 1.477450 -0.141305
v 0.066824 1.479630 -0.117864
v 0.207404 1.606870 0.352148
v 0.245189 1.617890 0.346818
v 0.258515 1.496210 0.411978
v 0.201979 1.436580 -0.167740
v 0.196356 1.534710 -0.150495
v 0.193221 1.541720 -0.167636
v 0.203081 1.427890 -0.204382
v 0.298471 1.485120 -0.142409
v 0.292947 1.589050 -0.103558
v 0.261296 1.436400 0.472805
v 0.242701 1.412900 0.403195
v 0.258515 1.496210 0.411978
v 0.250104 1.486250 0.393022
v 0.293706 1.595630 -0.135732
v 0.302497 1.490460 -0.182596
v 0.381087 1.526920 -0.084708
v 0.362555 1.625810 -0.048090
v 0.411535 1.544990 -0.117072
v 0.370304 1.638480 -0.065176
v 0.348730 1.505510 0.342562
v 0.369775 1.400930 0.334087
v 0.428503 1.529660 0.023213
v 0.403494 1.624450 0.058946
v 0.326321 1.731430 0.110521
v 0.330025 1.732580 0.103154
v 0.421512 1.640200 0.041065
v 0.345011 1.397500 0.326681
v 0.328717 1.509350 0.337831
v 0.457210 1.440930 0.244208
v 0.431244 1.551350 0.246632
v 0.404832 1.545030 0.251854
v 0.414677 1.434610 0.242671
v 0.484245 1.499930 0.119859
v 0.448917 1.603430 0.149323
v 0.418983 1.586910 0.166091
v 0.433455 1.464450 0.138010
v 0.465464 1.555010 -0.007651
v 0.326036 1.634210 0.290528
v 0.291332 1.728380 0.272423
v 0.313109 1.632370 0.289463
v 0.192514 1.698190 0.332404
v 0.230091 1.703480 0.313733
v 0.055424 1.671120 0.402787
v 0.152017 1.658690 0.390849
v -0.040841 1.680550 0.366139
v -0.104288 1.692920 0.160727
v -0.116875 1.693440 0.164008
v 0.179606 1.705850 -0.043469
v 0.182437 1.705860 -0.030520
v 0.250339 1.717840 -0.007452
v 0.250821 1.718620 -0.020396
v 0.291626 1.728380 0.039688
v 0.364500 1.718700 0.171485
v 0.355925 1.661850 0.230486
v 0.154714 1.631520 0.377464
v 0.154237 1.696230 0.346636
v 0.291332 1.728380 0.272423
v 0.230091 1.703480 0.313733
v 0.242177 1.614000 0.334472
v -0.065155 1.748090 0.223129
v -0.045339 1.743430 0.284181
v 0.280019 1.781240 0.073464
v 0.311798 1.777710 0.129313
v 0.311798 1.777710 0.129313
v 0.192514 1.698190 0.332404
v 0.230091 1.703480 0.313733
v 0.154237 1.696230 0.346636
v 0.280019 1.781240 0.073464
v 0.296126 1.729890 0.027109
v 0.366371 1.663230 0.227835
v 0.078406 1.683910 -0.022424
v 0.280019 1.781240 0.073464
v 0.018909 1.746280 0.049687
v -0.041465 1.750740 0.099271
v 0.097256 1.753780 0.015739
v 0.173620 1.771430 0.006058
v 0.235108 1.780840 0.027667
v -0.099224 1.701000 0.225057
v 0.235108 1.780840 0.027667
v -0.108915 1.700970 0.232187
v 0.173620 1.771430 0.006058
v 0.355625 1.719330 0.176162
v 0.173620 1.771430 0.006058
v -0.080437 1.687670 0.094131
v -0.096955 1.688450 0.094167
v 0.097256 1.753780 0.015739
v 0.005786 1.678860 0.029041
v -0.012841 1.678590 0.023284
v 0.090543 1.685410 -0.011146
v 0.097256 1.753780 0.015739
v 0.090543 1.685410 -0.011146
v 0.080076 1.708060 0.364062
v 0.154237 1.696230 0.346636
v 0.324197 1.755680 0.228480
v 0.022157 1.726620 0.359485
v 0.291332 1.728380 0.272423
v 0.080076 1.708060 0.364062
v 0.018909 1.746280 0.049687
v 0.097256 1.753780 0.015739
v 0.018909 1.746280 0.049687
v -0.068168 1.751680 0.159141
v 0.235108 1.780840 0.027667
v 0.245189 1.617890 0.346818
v -0.041465 1.750740 0.099271
v -0.004685 1.666650 0.396062
v -0.015162 1.666230 0.408804
v -0.041465 1.750740 0.099271
v 0.324197 1.755680 0.228480
v 0.328542 1.768120 0.182527
v 0.328542 1.768120 0.182527
v 0.311798 1.777710 0.129313
v -0.068168 1.751680 0.159141
v 0.261296 1.436400 0.472805
v -0.068168 1.751680 0.159141
v -0.065155 1.748090 0.223129
v -0.065155 1.748090 0.223129
v -0.045339 1.743430 0.284181
v 0.055530 1.672510 0.410663
v -0.016276 1.735000 0.332068
v -0.036370 1.681890 0.355384
v 0.324197 1.755680 0.228480
v -0.016276 1.735000 0.332068
v 0.022157 1.726620 0.359485
v 0.328542 1.768120 0.182527
v -0.016276 1.735000 0.332068
v 0.022157 1.726620 0.359485
v 0.080076 1.708060 0.364062
vt 0.705142 0.716593
vt 0.710401 0.711833
vt 0.705508 0.684670
vt 0.656708 0.618493
vt 0.656708 0.601682
vt 0.659837 0.618493
vt 0.659837 0.603447
vt 0.717125 0.699849
vt 0.721153 0.685868
vt 0.604978 0.692259
vt 0.604978 0.678811
vt 0.656708 0.723084
vt 0.656708 0.703045
vt 0.659837 0.704975
vt 0.659837 0.722452
vt 0.656708 0.671055
vt 0.604978 0.654378
vt 0.656708 0.657373
vt 0.604978 0.642527
vt 0.585138 0.652979
vt 0.585138 0.641495
vt 0.659837 0.671221
vt 0.659837 0.659204
vt 0.712132 0.658439
vt 0.706307 0.652447
vt 0.689230 0.687033
vt 0.692159 0.700481
vt 0.699782 0.657174
vt 0.585138 0.535872
vt 0.604978 0.535372
vt 0.585138 0.552882
vt 0.604978 0.552982
vt 0.656708 0.586270
vt 0.604978 0.592095
vt 0.604978 0.579979
vt 0.656708 0.573454
vt 0.995014 0.948012
vt 0.984828 0.948012
vt 0.995014 0.812030
vt 0.984828 0.812030
vt 0.656708 0.684869
vt 0.659837 0.684237
vt 0.604978 0.565665
vt 0.656708 0.558541
vt 0.659837 0.585471
vt 0.659837 0.573620
vt 0.976007 0.948012
vt 0.976007 0.812030
vt 0.604978 0.667859
vt 0.656708 0.639331
vt 0.604978 0.632108
vt 0.604978 0.605078
vt 0.585138 0.665429
vt 0.698817 0.712199
vt 0.718357 0.671454
vt 0.585138 0.688864
vt 0.585138 0.676215
vt 0.585138 0.579646
vt 0.585138 0.591696
vt 0.585138 0.605544
vt 0.585138 0.618493
vt 0.604978 0.618493
vt 0.659837 0.559739
vt 0.585138 0.630809
vt 0.585138 0.565931
vt 0.659837 0.509541
vt 0.659837 0.534341
vt 0.656708 0.509474
vt 0.656708 0.536571
vt 0.692825 0.670689
vt 0.659837 0.638033
vt 0.705142 0.716593
vt 0.710401 0.711833
vt 0.705508 0.684670
vt 0.656708 0.618493
vt 0.656708 0.601682
vt 0.659837 0.618493
vt 0.659837 0.603447
vt 0.717125 0.699849
vt 0.721153 0.685868
vt 0.604978 0.692259
vt 0.604978 0.678811
vt 0.656708 0.723084
vt 0.656708 0.703045
vt 0.659837 0.704975
vt 0.659837 0.722452
vt 0.656708 0.671055
vt 0.604978 0.654378
vt 0.656708 0.657373
vt 0.604978 0.642527
vt 0.585138 0.652979
vt 0.585138 0.641495
vt 0.659837 0.671221
vt 0.659837 0.659204
vt 0.712132 0.658439
vt 0.706307 0.652447
vt 0.689230 0.687033
vt 0.692159 0.700481
vt 0.699782 0.657174
vt 0.585138 0.535872
vt 0.604978 0.535372
vt 0.585138 0.552882
vt 0.604978 0.552982
vt 0.656708 0.586270
vt 0.604978 0.592095
vt 0.604978 0.579979
vt 0.656708 0.573454
vt 0.995014 0.948012
vt 0.984828 0.948012
vt 0.995014 0.812030
vt 0.984828 0.812030
vt 0.656708 0.684869
vt 0.659837 0.684237
vt 0.604978 0.565665
vt 0.656708 0.558541
vt 0.659837 0.585471
vt 0.659837 0.573620
vt 0.976007 0.948012
vt 0.976007 0.812030
vt 0.604978 0.667859
vt 0.656708 0.639331
vt 0.604978 0.632108
vt 0.604978 0.605078
vt 0.585138 0.665429
vt 0.698817 0.712199
vt 0.718357 0.671454
vt 0.585138 0.688864
vt 0.585138 0.676215
vt 0.585138 0.579646
vt 0.585138 0.591696
vt 0.585138 0.605544
vt 0.585138 0.618493
vt 0.604978 0.618493
vt 0.659837 0.559739
vt 0.585138 0.630809
vt 0.585138 0.565931
vt 0.659837 0.509541
vt 0.659837 0.534341
vt 0.656708 0.509474
vt 0.656708 0.536571
vt 0.692825 0.670689
vt 0.659837 0.638033
vt 0.415469 0.056689
vt 0.415269 0.043773
vt 0.437605 0.055091
vt 0.436940 0.040944
vt 0.415236 0.097134
vt 0.416900 0.075630
vt 0.429716 0.099265
vt 0.435175 0.076695
vt 0.481379 0.087081
vt 0.475021 0.085550
vt 0.482544 0.069205
vt 0.475987 0.067741
vt 0.389204 0.047901
vt 0.392733 0.060351
vt 0.439703 0.022635
vt 0.444762 0.023401
vt 0.446926 0.040678
vt 0.478650 0.052462
vt 0.485873 0.053261
vt 0.488170 0.041876
vt 0.480347 0.039612
vt 0.465268 0.096934
vt 0.476053 0.113013
vt 0.460774 0.102594
vt 0.411474 0.114844
vt 0.400922 0.133252
vt 0.400822 0.118206
vt 0.461839 0.041077
vt 0.461939 0.024866
vt 0.485174 0.025831
vt 0.462139 0.051729
vt 0.466033 0.084119
vt 0.463037 0.066809
vt 0.469995 0.097567
vt 0.493330 0.027329
vt 0.487770 0.010718
vt 0.496825 0.011317
vt 0.462971 0.009986
vt 0.445162 0.008222
vt 0.440135 0.006824
vt 0.448624 0.052095
vt 0.413072 0.027129
vt 0.381948 0.032722
vt 0.410043 0.010585
vt 0.377454 0.015279
vt 0.433944 0.021404
vt 0.430981 0.004493
vt 0.458410 0.085650
vt 0.461273 0.090144
vt 0.451120 0.089711
vt 0.455148 0.096002
vt 0.414703 0.104591
vt 0.420196 0.117807
vt 0.426487 0.108086
vt 0.400023 0.099864
vt 0.400988 0.109218
vt 0.474422 0.092241
vt 0.480048 0.094704
vt 0.467165 0.090144
vt 0.452818 0.068140
vt 0.442798 0.072834
vt 0.398259 0.078360
vt 0.478849 0.101762
vt 0.474921 0.099797
vt 0.399457 0.181420
vt 0.412473 0.159816
vt 0.436640 0.181753
vt 0.439170 0.162646
vt 0.330285 0.053227
vt 0.329818 0.066775
vt 0.339173 0.053227
vt 0.339173 0.066775
vt 0.322528 0.144404
vt 0.329219 0.149297
vt 0.327655 0.144504
vt 0.306916 0.046004
vt 0.303820 0.031823
vt 0.308581 0.043940
vt 0.308181 0.031390
vt 0.483676 0.140476
vt 0.470694 0.138811
vt 0.473323 0.125996
vt 0.466433 0.126062
vt 0.337109 0.144504
vt 0.482911 0.465634
vt 0.473590 0.464435
vt 0.482278 0.451353
vt 0.473590 0.451353
vt 0.164809 0.023967
vt 0.163644 0.029160
vt 0.155722 0.023967
vt 0.154457 0.030092
vt 0.429217 0.307615
vt 0.449589 0.324060
vt 0.446760 0.324060
vt 0.326057 0.079725
vt 0.339173 0.079725
vt 0.451187 0.266138
vt 0.455215 0.248695
vt 0.455148 0.266138
vt 0.463737 0.247763
vt 0.339173 0.132720
vt 0.346729 0.132720
vt 0.339173 0.110650
vt 0.347528 0.106555
vt 0.298960 0.046004
vt 0.298960 0.031390
vt 0.291670 0.046237
vt 0.291670 0.030358
vt 0.339173 0.090011
vt 0.357481 0.090011
vt 0.298960 0.060617
vt 0.306916 0.062082
vt 0.323094 0.086648
vt 0.324293 0.106089
vt 0.328620 0.125529
vt 0.339938 0.038181
vt 0.340371 0.025465
vt 0.333746 0.038181
vt 0.426421 0.343567
vt 0.426920 0.324060
vt 0.440335 0.343567
vt 0.434543 0.324060
vt 0.462538 0.229322
vt 0.469895 0.206087
vt 0.475254 0.229089
vt 0.487271 0.206087
vt 0.309413 0.061549
vt 0.306916 0.076030
vt 0.446027 0.130556
vt 0.456446 0.119171
vt 0.348926 0.038181
vt 0.298960 0.077461
vt 0.356083 0.079725
vt 0.306916 0.106356
vt 0.305518 0.121036
vt 0.299693 0.106356
vt 0.291670 0.061649
vt 0.171201 0.028128
vt 0.182752 0.026863
vt 0.172133 0.032356
vt 0.353686 0.066775
vt 0.443464 0.250493
vt 0.447492 0.266138
vt 0.439103 0.206087
vt 0.440701 0.229322
vt 0.351755 0.053227
vt 0.447925 0.343567
vt 0.456846 0.343567
vt 0.469795 0.364538
vt 0.460041 0.364538
vt 0.469362 0.161813
vt 0.488736 0.159816
vt 0.442898 0.324060
vt 0.438171 0.324060
vt 0.426720 0.419630
vt 0.427785 0.405183
vt 0.451719 0.420262
vt 0.452851 0.405183
vt 0.471892 0.386508
vt 0.461307 0.386508
vt 0.171201 0.023967
vt 0.477251 0.364538
vt 0.485207 0.386508
vt 0.482911 0.471393
vt 0.487138 0.475654
vt 0.473590 0.479415
vt 0.396461 0.206087
vt 0.407413 0.229322
vt 0.453351 0.119205
vt 0.439003 0.115909
vt 0.430781 0.128891
vt 0.451353 0.278155
vt 0.452219 0.386508
vt 0.465201 0.407280
vt 0.470461 0.178890
vt 0.495959 0.180888
vt 0.441334 0.144637
vt 0.443298 0.475188
vt 0.433744 0.475188
vt 0.443697 0.464435
vt 0.433345 0.464435
vt 0.458976 0.421727
vt 0.473124 0.421727
vt 0.473523 0.407047
vt 0.138878 0.023967
vt 0.138845 0.031457
vt 0.432712 0.453018
vt 0.427785 0.435542
vt 0.446959 0.451353
vt 0.450088 0.437805
vt 0.420795 0.251358
vt 0.437306 0.266138
vt 0.473590 0.438837
vt 0.485440 0.438870
vt 0.485640 0.421727
vt 0.299027 0.016610
vt 0.302789 0.016610
vt 0.306916 0.092241
vt 0.298960 0.093273
vt 0.295166 0.016610
vt 0.299360 0.006790
vt 0.125296 0.032156
vt 0.130955 0.046636
vt 0.111116 0.031457
vt 0.473590 0.475188
vt 0.464203 0.343567
vt 0.461573 0.343567
vt 0.480980 0.364005
vt 0.294833 0.094737
vt 0.291670 0.079325
vt 0.449722 0.364538
vt 0.427785 0.364538
vt 0.427785 0.386508
vt 0.123932 0.023967
vt 0.107454 0.023967
vt 0.138911 0.042974
vt 0.164943 0.036284
vt 0.454383 0.451353
vt 0.457079 0.439270
vt 0.423558 0.142207
vt 0.487105 0.407912
vt 0.450288 0.464435
vt 0.488003 0.383878
vt 0.092773 0.023967
vt 0.153958 0.039346
vt 0.444929 0.475188
vt 0.306117 0.015578
vt 0.240939 0.270732
vt 0.234814 0.269634
vt 0.238176 0.282882
vt 0.232717 0.282017
vt 0.399657 0.296963
vt 0.401455 0.286844
vt 0.393266 0.294833
vt 0.392134 0.283348
vt 0.150995 0.397094
vt 0.143871 0.393598
vt 0.126428 0.427186
vt 0.119271 0.423658
vt 0.341336 0.492031
vt 0.341603 0.485806
vt 0.337308 0.485174
vt 0.232051 0.298095
vt 0.225460 0.297729
vt 0.229155 0.281584
vt 0.253689 0.299393
vt 0.253289 0.286278
vt 0.247164 0.298461
vt 0.243569 0.283415
vt 0.231286 0.269434
vt 0.224894 0.280552
vt 0.228290 0.267536
vt 0.206519 0.290372
vt 0.213177 0.277589
vt 0.198663 0.282216
vt 0.205887 0.271797
vt 0.222231 0.335078
vt 0.212944 0.333979
vt 0.217105 0.260945
vt 0.213110 0.255519
vt 0.256784 0.465068
vt 0.245966 0.464369
vt 0.245134 0.487870
vt 0.211846 0.293002
vt 0.217704 0.296430
vt 0.219868 0.280352
vt 0.397593 0.334945
vt 0.406181 0.299759
vt 0.406315 0.335810
vt 0.392167 0.275159
vt 0.385343 0.279820
vt 0.387573 0.271930
vt 0.098965 0.259780
vt 0.102594 0.263509
vt 0.073999 0.287709
vt 0.089112 0.298395
vt 0.239009 0.298428
vt 0.399191 0.273828
vt 0.279420 0.297096
vt 0.278522 0.334146
vt 0.266970 0.296630
vt 0.274061 0.333780
vt 0.388206 0.291371
vt 0.377887 0.327388
vt 0.386209 0.332315
vt 0.112181 0.301823
vt 0.109751 0.315205
vt 0.141075 0.323927
vt 0.141075 0.303820
vt 0.406647 0.287776
vt 0.403352 0.271464
vt 0.192605 0.326057
vt 0.184849 0.322295
vt 0.232584 0.335977
vt 0.225094 0.384877
vt 0.216106 0.384245
vt 0.249062 0.271531
vt 0.244934 0.264973
vt 0.250659 0.270066
vt 0.223230 0.265339
vt 0.397926 0.449090
vt 0.398858 0.412040
vt 0.369465 0.439536
vt 0.379185 0.407180
vt 0.335777 0.260379
vt 0.340071 0.261012
vt 0.334878 0.295931
vt 0.351456 0.299992
vt 0.210314 0.421161
vt 0.225261 0.423225
vt 0.255087 0.275725
vt 0.230320 0.256585
vt 0.224695 0.255686
vt 0.334113 0.350257
vt 0.354918 0.320731
vt 0.341270 0.352887
vt 0.364771 0.325092
vt 0.203324 0.330484
vt 0.200228 0.450754
vt 0.229322 0.466133
vt 0.233716 0.259015
vt 0.239408 0.261711
vt 0.218902 0.256818
vt 0.047635 0.470760
vt 0.054326 0.473523
vt 0.046270 0.478350
vt 0.052328 0.482145
vt 0.346929 0.487038
vt 0.353220 0.489002
vt 0.169237 0.367368
vt 0.169803 0.404517
vt 0.185448 0.373992
vt 0.100996 0.440967
vt 0.017775 0.413471
vt 0.025265 0.414404
vt 0.013814 0.451719
vt 0.020339 0.452652
vt 0.133652 0.386308
vt 0.161747 0.362607
vt 0.152992 0.356016
vt 0.209049 0.477551
vt 0.169703 0.494927
vt 0.168538 0.491332
vt 0.193504 0.463404
vt 0.176860 0.316237
vt 0.410409 0.449522
vt 0.413072 0.472891
vt 0.239275 0.425156
vt 0.157752 0.435908
vt 0.192738 0.416234
vt 0.182951 0.441866
vt 0.058453 0.273528
vt 0.097800 0.256152
vt 0.201892 0.382280
vt 0.237843 0.385576
vt 0.242237 0.336709
vt 0.161414 0.496459
vt 0.357714 0.401355
vt 0.344831 0.432512
vt 0.157253 0.487870
vt 0.151627 0.488236
vt 0.365004 0.456213
vt 0.342501 0.450222
vt 0.409211 0.336676
vt 0.322462 0.425455
vt 0.312609 0.421094
vt 0.306217 0.442732
vt 0.164909 0.487571
vt 0.332548 0.313674
vt 0.126428 0.447292
vt 0.155322 0.449256
vt 0.389271 0.375789
vt 0.372727 0.371728
vt 0.361309 0.366535
vt 0.336110 0.393299
vt 0.343267 0.395929
vt 0.374458 0.326124
vt 0.356382 0.364838
vt 0.402586 0.378153
vt 0.405549 0.378885
vt 0.403319 0.412373
vt 0.178391 0.452718
vt 0.110683 0.418565
vt 0.247397 0.384012
vt 0.249727 0.337641
vt 0.254254 0.422925
vt 0.068307 0.448590
vt 0.060983 0.460741
vt 0.055657 0.458111
vt 0.299493 0.418798
vt 0.291171 0.413871
vt 0.316070 0.379651
vt 0.304653 0.374458
vt 0.029659 0.365537
vt 0.034919 0.415136
vt 0.042409 0.366236
vt 0.292037 0.466366
vt 0.285246 0.462838
vt 0.289174 0.454815
vt 0.284081 0.451353
vt 0.319666 0.344831
vt 0.298195 0.339006
vt 0.288108 0.370397
vt 0.307915 0.306650
vt 0.388772 0.465201
vt 0.279786 0.411241
vt 0.274793 0.368033
vt 0.271065 0.410342
vt 0.268169 0.409510
vt 0.271831 0.367301
vt 0.325924 0.446194
vt 0.074765 0.334878
vt 0.097700 0.346596
vt 0.065610 0.368832
vt 0.082088 0.377121
vt 0.033720 0.474788
vt 0.032688 0.481479
vt 0.028694 0.474222
vt 0.026563 0.480347
vt 0.277723 0.449223
vt 0.275925 0.459309
vt 0.116508 0.354019
vt 0.123632 0.357514
vt 0.148265 0.327422
vt 0.336043 0.254155
vt 0.042042 0.453351
vt 0.038347 0.469529
vt 0.035451 0.453018
vt 0.034786 0.469096
vt 0.014247 0.464835
vt 0.023934 0.467698
vt 0.036883 0.475421
vt 0.041277 0.476885
vt 0.042608 0.470561
vt 0.068839 0.468896
vt 0.061616 0.479315
vt 0.045271 0.416035
vt 0.054559 0.417133
vt 0.059219 0.487671
vt 0.022369 0.263242
vt 0.021537 0.286710
vt 0.010718 0.286045
vt 0.049799 0.454649
vt 0.271198 0.446427
vt 0.285579 0.468630
vt 0.285212 0.471027
vt 0.289806 0.474256
vt 0.292802 0.471293
vt 0.028527 0.452652
vt 0.029326 0.468197
vt 0.277623 0.467165
vt 0.278189 0.472358
vt 0.036217 0.481679
vt 0.039213 0.483576
vt 0.320997 0.381348
vt 0.272796 0.466699
vt 0.274028 0.474722
vt 0.074898 0.425056
vt 0.082687 0.428817
vt 0.051396 0.366868
vt 0.022569 0.486106
vt 0.018441 0.479582
vt 0.016877 0.481046
vt 0.270732 0.458377
vt 0.042275 0.327888
vt 0.057189 0.329952
vt 0.050398 0.490134
vt 0.054392 0.495593
vt 0.022236 0.473323
vt 0.014413 0.470660
vt 0.012416 0.475387
vt 0.044273 0.485773
vt 0.042841 0.495427
vt 0.037182 0.494528
vt 0.084551 0.309247
vt 0.064212 0.420628
vt 0.067275 0.300325
vt 0.038181 0.284979
vt 0.033787 0.492098
vt 0.028095 0.489402
vt 0.048600 0.494262
vt 0.330451 0.259148
vt 0.324160 0.257151
vt 0.098266 0.383745
vt 0.166507 0.310145
vt 0.106089 0.254621
vt 0.105756 0.388472
vt 0.114511 0.395097
vt 0.133851 0.364771
vt 0.090643 0.434876
vt 0.264307 0.273295
vt 0.028228 0.325957
vt 0.110250 0.263242
vt 0.115876 0.262876
vt 0.312375 0.289973
vt 0.156820 0.332548
vt 0.371162 0.303454
vt 0.302922 0.420063
vt 0.020106 0.367101
vt 0.013248 0.328154
vt 0.288608 0.280952
vt 0.181853 0.108885
vt 0.157919 0.111382
vt 0.191573 0.116342
vt 0.155988 0.131222
vt 0.214575 0.164377
vt 0.201992 0.163544
vt 0.202192 0.170535
vt 0.137979 0.131222
vt 0.136015 0.111382
vt 0.102394 0.116342
vt 0.112081 0.108885
vt 0.254587 0.033654
vt 0.245600 0.041809
vt 0.263242 0.047235
vt 0.252124 0.058154
vt 0.041809 0.058154
vt 0.048334 0.041809
vt 0.030724 0.047235
vt 0.039346 0.033654
vt 0.057987 0.149397
vt 0.062581 0.143472
vt 0.049233 0.139311
vt 0.055324 0.131122
vt 0.099165 0.120170
vt 0.118439 0.135949
vt 0.181686 0.183650
vt 0.187945 0.175761
vt 0.182386 0.168538
vt 0.188045 0.165808
vt 0.072967 0.141707
vt 0.072068 0.128525
vt 0.067641 0.142074
vt 0.063347 0.127860
vt 0.073400 0.191107
vt 0.066676 0.182452
vt 0.062381 0.193936
vt 0.219036 0.171534
vt 0.214841 0.183318
vt 0.220301 0.183650
vt 0.091742 0.170535
vt 0.091975 0.163544
vt 0.079392 0.164377
vt 0.084385 0.180688
vt 0.088912 0.176094
vt 0.078460 0.168138
vt 0.197232 0.096402
vt 0.204223 0.106089
vt 0.238343 0.056256
vt 0.235780 0.041776
vt 0.228889 0.048068
vt 0.230087 0.064379
vt 0.244368 0.064645
vt 0.064445 0.056223
vt 0.082854 0.045305
vt 0.074565 0.031357
vt 0.244534 0.077062
vt 0.219302 0.076762
vt 0.049566 0.064645
vt 0.049399 0.077062
vt 0.063846 0.064379
vt 0.074665 0.076762
vt 0.055624 0.056256
vt 0.223463 0.029759
vt 0.213110 0.073833
vt 0.211080 0.045305
vt 0.096701 0.096402
vt 0.089711 0.106089
vt 0.135316 0.103160
vt 0.130356 0.094305
vt 0.118106 0.098699
vt 0.175528 0.135949
vt 0.194769 0.120170
vt 0.080856 0.073833
vt 0.065044 0.048068
vt 0.058187 0.041776
vt 0.196333 0.145702
vt 0.197998 0.123965
vt 0.204256 0.136847
vt 0.229488 0.056223
vt 0.219402 0.031357
vt 0.251691 0.028228
vt 0.238509 0.028827
vt 0.070504 0.029759
vt 0.150695 0.179889
vt 0.175828 0.098699
vt 0.163611 0.094305
vt 0.158618 0.103160
vt 0.019040 0.078759
vt 0.030691 0.084318
vt 0.014646 0.110217
vt 0.202658 0.160382
vt 0.191040 0.154856
vt 0.183551 0.151161
vt 0.251292 0.106455
vt 0.260712 0.120004
vt 0.263276 0.084318
vt 0.275193 0.110417
vt 0.200494 0.226293
vt 0.182785 0.215773
vt 0.169570 0.239641
vt 0.211180 0.198197
vt 0.220534 0.191107
vt 0.057055 0.101196
vt 0.075464 0.102527
vt 0.078227 0.159284
vt 0.087947 0.152360
vt 0.083819 0.146834
vt 0.236911 0.101196
vt 0.218470 0.102527
vt 0.244734 0.139311
vt 0.238609 0.131122
vt 0.215474 0.168138
vt 0.205021 0.176094
vt 0.209582 0.180688
vt 0.140642 0.148598
vt 0.126994 0.159583
vt 0.141641 0.170602
vt 0.077960 0.143039
vt 0.077295 0.158119
vt 0.152326 0.170602
vt 0.153292 0.148598
vt 0.042275 0.028228
vt 0.055424 0.028827
vt 0.062581 0.176227
vt 0.052628 0.168038
vt 0.052928 0.183917
vt 0.124364 0.239641
vt 0.111149 0.215773
vt 0.093473 0.226293
vt 0.264674 0.144038
vt 0.278355 0.141574
vt 0.212944 0.131388
vt 0.209049 0.116342
vt 0.231352 0.143472
vt 0.235979 0.149397
vt 0.223263 0.158185
vt 0.230620 0.127860
vt 0.221865 0.128525
vt 0.226326 0.142074
vt 0.221000 0.141707
vt 0.220600 0.156887
vt 0.218836 0.157020
vt 0.056057 0.157586
vt 0.057921 0.167705
vt 0.067974 0.164543
vt 0.200461 0.193637
vt 0.193138 0.186280
vt 0.170701 0.202791
vt 0.045371 0.152726
vt 0.086748 0.141841
vt 0.080989 0.131388
vt 0.068706 0.168771
vt 0.246598 0.168405
vt 0.261045 0.168837
vt 0.251525 0.191706
vt 0.241006 0.183917
vt 0.097600 0.145702
vt 0.015612 0.141574
vt 0.025498 0.168072
vt 0.029293 0.144038
vt 0.070670 0.158185
vt 0.033221 0.120004
vt 0.018774 0.110417
vt 0.042675 0.106455
vt 0.268468 0.168072
vt 0.084884 0.116342
vt 0.095936 0.123965
vt 0.089711 0.136847
vt 0.227258 0.182452
vt 0.220234 0.172000
vt 0.222531 0.171867
vt 0.207185 0.141841
vt 0.205987 0.152360
vt 0.143272 0.179889
vt 0.108353 0.165076
vt 0.109052 0.180189
vt 0.248562 0.152726
vt 0.102461 0.165542
vt 0.102527 0.175495
vt 0.246665 0.146002
vt 0.274926 0.078759
vt 0.279320 0.110217
vt 0.141541 0.219568
vt 0.123232 0.202791
vt 0.225261 0.168771
vt 0.231352 0.176227
vt 0.236046 0.167705
vt 0.100796 0.186280
vt 0.093473 0.193637
vt 0.152393 0.219568
vt 0.220767 0.198564
vt 0.220101 0.215041
vt 0.203690 0.218337
vt 0.225960 0.164543
vt 0.237910 0.157586
vt 0.205820 0.195900
vt 0.215973 0.143039
vt 0.216639 0.158119
vt 0.210114 0.146834
vt 0.231552 0.193936
vt 0.236778 0.206386
vt 0.047302 0.146002
vt 0.241305 0.168038
vt 0.057155 0.206386
vt 0.073167 0.198564
vt 0.073833 0.215041
vt 0.082754 0.198197
vt 0.079125 0.183318
vt 0.047369 0.168405
vt 0.032888 0.168837
vt 0.074931 0.171534
vt 0.073633 0.183650
vt 0.042409 0.191706
vt 0.090277 0.218337
vt 0.073367 0.156887
vt 0.075097 0.157020
vt 0.073733 0.172000
vt 0.071403 0.171867
vt 0.088113 0.195900
vt 0.236279 0.188910
vt 0.215740 0.159284
vt 0.057655 0.188910
vt 0.172665 0.979269
vt 0.183917 0.974110
vt 0.173165 0.981533
vt 0.162945 0.983397
vt 0.163411 0.986559
vt 0.115976 0.981400
vt 0.123399 0.983697
vt 0.115843 0.983896
vt 0.123199 0.986859
vt 0.146767 0.986060
vt 0.147133 0.990088
vt 0.141508 0.986426
vt 0.141408 0.990254
vt 0.129790 0.984962
vt 0.129491 0.988590
vt 0.135150 0.985960
vt 0.134883 0.989755
vt 0.108819 0.978570
vt 0.108786 0.980301
vt 0.098166 0.974110
vt 0.154124 0.989156
vt 0.153891 0.985494
vt 0.017243 0.979236
vt 0.016743 0.981500
vt 0.005991 0.974110
vt 0.026963 0.983330
vt 0.026464 0.986493
vt 0.073866 0.981233
vt 0.074032 0.983697
vt 0.066476 0.983530
vt 0.066676 0.986692
vt 0.048500 0.990155
vt 0.042775 0.989988
vt 0.048367 0.986326
vt 0.043108 0.985960
vt 0.060085 0.984828
vt 0.060384 0.988424
vt 0.054725 0.985827
vt 0.054991 0.989622
vt 0.081089 0.980102
vt 0.081023 0.978370
vt 0.092008 0.974110
vt 0.036017 0.985428
vt 0.035784 0.989056
vt 0.830438 0.313041
vt 0.830006 0.341403
vt 0.843720 0.313041
vt 0.835165 0.345897
vt 0.801877 0.404584
vt 0.801877 0.356216
vt 0.797783 0.404584
vt 0.786598 0.419463
vt 0.782570 0.419463
vt 0.786598 0.480713
vt 0.782570 0.480713
vt 0.823414 0.430082
vt 0.823414 0.438304
vt 0.826078 0.430082
vt 0.827709 0.438304
vt 0.823414 0.408412
vt 0.826078 0.408412
vt 0.821351 0.369365
vt 0.826078 0.367567
vt 0.786598 0.488802
vt 0.757204 0.480713
vt 0.752711 0.480713
vt 0.752711 0.488802
vt 0.776844 0.480713
vt 0.773416 0.480713
vt 0.773416 0.488802
vt 0.826078 0.341403
vt 0.826011 0.313041
vt 0.813029 0.313041
vt 0.814759 0.488802
vt 0.814759 0.480713
vt 0.811531 0.480713
vt 0.874379 0.488802
vt 0.874379 0.480713
vt 0.869485 0.480713
vt 0.852641 0.480713
vt 0.852641 0.488802
vt 0.857501 0.480713
vt 0.767124 0.480713
vt 0.833334 0.369365
vt 0.830006 0.354485
vt 0.801877 0.488802
vt 0.801877 0.480713
vt 0.797783 0.480713
vt 0.874379 0.313041
vt 0.871050 0.313041
vt 0.874379 0.356216
vt 0.858800 0.413338
vt 0.858766 0.419463
vt 0.863560 0.416401
vt 0.752711 0.313041
vt 0.757204 0.356216
vt 0.767124 0.313041
vt 0.874379 0.413338
vt 0.874379 0.392833
vt 0.869485 0.413338
vt 0.815525 0.356216
vt 0.814759 0.404584
vt 0.817589 0.404584
vt 0.836863 0.480713
vt 0.841390 0.480713
vt 0.836863 0.419463
vt 0.841390 0.419463
vt 0.834400 0.408412
vt 0.835831 0.408412
vt 0.838960 0.379185
vt 0.836497 0.394264
vt 0.826078 0.417266
vt 0.826078 0.412440
vt 0.823414 0.417266
vt 0.823414 0.412440
vt 0.767124 0.392833
vt 0.767124 0.413338
vt 0.773416 0.408978
vt 0.776312 0.356216
vt 0.767124 0.374524
vt 0.773416 0.404584
vt 0.859033 0.313041
vt 0.853973 0.356216
vt 0.846117 0.419463
vt 0.846117 0.480713
vt 0.814759 0.419463
vt 0.811531 0.419463
vt 0.818854 0.345897
vt 0.786598 0.404584
vt 0.786598 0.356216
vt 0.782570 0.404584
vt 0.782570 0.413338
vt 0.786598 0.408978
vt 0.817589 0.413338
vt 0.814759 0.408978
vt 0.801877 0.419463
vt 0.805805 0.419463
vt 0.805805 0.480713
vt 0.790992 0.480713
vt 0.752711 0.356216
vt 0.797783 0.413338
vt 0.801877 0.408978
vt 0.847349 0.480713
vt 0.819620 0.387573
vt 0.752711 0.392833
vt 0.752711 0.413338
vt 0.757204 0.392833
vt 0.757204 0.413338
vt 0.858766 0.480713
vt 0.863560 0.419463
vt 0.863560 0.480713
vt 0.826078 0.354485
vt 0.790992 0.419463
vt 0.863560 0.488802
vt 0.841390 0.404584
vt 0.836863 0.404584
vt 0.836863 0.413338
vt 0.830006 0.367567
vt 0.830006 0.408412
vt 0.832535 0.408412
vt 0.817589 0.480713
vt 0.841390 0.488802
vt 0.857501 0.419463
vt 0.852641 0.419463
vt 0.786598 0.416401
vt 0.790992 0.413338
vt 0.869519 0.419463
vt 0.874379 0.419463
vt 0.797749 0.313041
vt 0.844453 0.356216
vt 0.842389 0.387573
vt 0.779707 0.404584
vt 0.782437 0.313041
vt 0.847349 0.419463
vt 0.836863 0.400189
vt 0.841889 0.396095
vt 0.863560 0.404584
vt 0.868853 0.413338
vt 0.817589 0.419463
vt 0.868254 0.480713
vt 0.767124 0.356216
vt 0.776844 0.419463
vt 0.773416 0.419463
vt 0.767124 0.419463
vt 0.807902 0.404584
vt 0.757204 0.419463
vt 0.752711 0.419463
vt 0.868254 0.419463
vt 0.807902 0.413338
vt 0.797783 0.419463
vt 0.830006 0.412440
vt 0.830006 0.417266
vt 0.832535 0.412440
vt 0.832535 0.417266
vt 0.835831 0.417266
vt 0.835831 0.412440
vt 0.834400 0.417266
vt 0.834400 0.412440
vt 0.835165 0.345897
vt 0.830006 0.341403
vt 0.843720 0.313041
vt 0.830438 0.313041
vt 0.801877 0.404584
vt 0.797783 0.404584
vt 0.801877 0.356216
vt 0.782570 0.480713
vt 0.782570 0.419463
vt 0.786598 0.480713
vt 0.786598 0.419463
vt 0.827709 0.438304
vt 0.823414 0.438304
vt 0.826078 0.430082
vt 0.823414 0.430082
vt 0.826078 0.367567
vt 0.826078 0.408412
vt 0.821351 0.369365
vt 0.823414 0.408412
vt 0.786598 0.488802
vt 0.757204 0.480713
vt 0.752711 0.488802
vt 0.752711 0.480713
vt 0.776844 0.480713
vt 0.773416 0.488802
vt 0.773416 0.480713
vt 0.826078 0.341403
vt 0.826011 0.313041
vt 0.813029 0.313041
vt 0.814759 0.488802
vt 0.811531 0.480713
vt 0.814759 0.480713
vt 0.874379 0.488802
vt 0.869485 0.480713
vt 0.874379 0.480713
vt 0.852641 0.480713
vt 0.857501 0.480713
vt 0.852641 0.488802
vt 0.767124 0.480713
vt 0.833334 0.369365
vt 0.830006 0.354485
vt 0.801877 0.488802
vt 0.797783 0.480713
vt 0.801877 0.480713
vt 0.874379 0.313041
vt 0.874379 0.356216
vt 0.871050 0.313041
vt 0.858800 0.413338
vt 0.863560 0.416401
vt 0.858766 0.419463
vt 0.752711 0.313041
vt 0.767124 0.313041
vt 0.757204 0.356216
vt 0.874379 0.413338
vt 0.869485 0.413338
vt 0.874379 0.392833
vt 0.815525 0.356216
vt 0.817589 0.404584
vt 0.814759 0.404584
vt 0.841390 0.419463
vt 0.841390 0.480713
vt 0.836863 0.419463
vt 0.836863 0.480713
vt 0.836497 0.394264
vt 0.835831 0.408412
vt 0.838960 0.379185
vt 0.834400 0.408412
vt 0.826078 0.417266
vt 0.823414 0.417266
vt 0.826078 0.412440
vt 0.823414 0.412440
vt 0.767124 0.392833
vt 0.773416 0.408978
vt 0.767124 0.413338
vt 0.776312 0.356216
vt 0.773416 0.404584
vt 0.767124 0.374524
vt 0.859033 0.313041
vt 0.853973 0.356216
vt 0.846117 0.419463
vt 0.846117 0.480713
vt 0.814759 0.419463
vt 0.811531 0.419463
vt 0.818854 0.345897
vt 0.786598 0.404584
vt 0.782570 0.404584
vt 0.786598 0.356216
vt 0.782570 0.413338
vt 0.786598 0.408978
vt 0.817589 0.413338
vt 0.814759 0.408978
vt 0.801877 0.419463
vt 0.805805 0.419463
vt 0.805805 0.480713
vt 0.790992 0.480713
vt 0.752711 0.356216
vt 0.797783 0.413338
vt 0.801877 0.408978
vt 0.847349 0.480713
vt 0.819620 0.387573
vt 0.752711 0.392833
vt 0.757204 0.392833
vt 0.752711 0.413338
vt 0.757204 0.413338
vt 0.863560 0.419463
vt 0.858766 0.480713
vt 0.863560 0.480713
vt 0.826078 0.354485
vt 0.790992 0.419463
vt 0.863560 0.488802
vt 0.841390 0.404584
vt 0.836863 0.413338
vt 0.836863 0.404584
vt 0.830006 0.367567
vt 0.830006 0.408412
vt 0.832535 0.408412
vt 0.817589 0.480713
vt 0.841390 0.488802
vt 0.857501 0.419463
vt 0.852641 0.419463
vt 0.786598 0.416401
vt 0.790992 0.413338
vt 0.869519 0.419463
vt 0.874379 0.419463
vt 0.797749 0.313041
vt 0.844453 0.356216
vt 0.842389 0.387573
vt 0.779707 0.404584
vt 0.782437 0.313041
vt 0.847349 0.419463
vt 0.836863 0.400189
vt 0.841889 0.396095
vt 0.863560 0.404584
vt 0.868853 0.413338
vt 0.817589 0.419463
vt 0.868254 0.480713
vt 0.767124 0.356216
vt 0.776844 0.419463
vt 0.773416 0.419463
vt 0.767124 0.419463
vt 0.807902 0.404584
vt 0.757204 0.419463
vt 0.752711 0.419463
vt 0.868254 0.419463
vt 0.807902 0.413338
vt 0.797783 0.419463
vt 0.830006 0.417266
vt 0.830006 0.412440
vt 0.832535 0.417266
vt 0.832535 0.412440
vt 0.835831 0.417266
vt 0.834400 0.417266
vt 0.835831 0.412440
vt 0.834400 0.412440
vt 1.083090 0.707538
vt 1.081860 0.693691
vt 1.090750 0.700382
vt 1.022780 0.711500
vt 1.013890 0.698950
vt 1.025570 0.687965
vt 0.674683 0.724249
vt 0.665995 0.737032
vt 0.665995 0.711500
vt 1.090750 0.660669
vt 1.077930 0.676814
vt 1.072410 0.660669
vt 1.013890 0.686401
vt 1.013890 0.672553
vt 1.026840 0.672553
vt 1.081860 0.551717
vt 1.083090 0.539167
vt 1.090750 0.545659
vt 1.033030 0.530046
vt 1.033430 0.553648
vt 1.024570 0.553648
vt 1.090750 0.568627
vt 1.090750 0.584006
vt 1.075370 0.575951
vt 1.068750 0.654977
vt 1.065150 0.596456
vt 1.026810 0.572123
vt 1.013890 0.572123
vt 1.025570 0.556743
vt 1.013890 0.558308
vt 1.024440 0.572123
vt 1.024510 0.672553
vt 1.037220 0.596889
vt 1.038260 0.632341
vt 1.068880 0.630876
vt 1.072710 0.584006
vt 1.090750 0.676048
vt 1.067020 0.613666
vt 1.024570 0.530046
vt 0.828507 0.678478
vt 0.828507 0.705774
vt 0.812995 0.678478
vt 0.812995 0.705774
vt 0.841024 0.543761
vt 0.842722 0.528748
vt 0.852009 0.548821
vt 0.852009 0.531444
vt 0.875510 0.705774
vt 0.875510 0.678478
vt 0.890989 0.705774
vt 0.890989 0.678478
vt 0.867987 0.705774
vt 0.867987 0.678478
vt 0.844486 0.574719
vt 0.852009 0.576650
vt 0.844486 0.652447
vt 0.852009 0.652447
vt 0.852009 0.514501
vt 0.859166 0.514501
vt 0.861463 0.527849
vt 0.828507 0.664430
vt 0.836497 0.678478
vt 0.836497 0.664430
vt 0.828507 0.529514
vt 0.813029 0.529514
vt 0.828507 0.514501
vt 0.812862 0.514501
vt 0.890989 0.566996
vt 0.812995 0.566996
vt 0.890989 0.652447
vt 0.812995 0.652447
vt 0.891289 0.529514
vt 0.891256 0.514501
vt 0.875510 0.658672
vt 0.867987 0.660436
vt 0.867987 0.656941
vt 0.883000 0.664430
vt 0.819320 0.538768
vt 0.817756 0.556577
vt 0.809500 0.541031
vt 0.808135 0.551750
vt 0.833501 0.517330
vt 0.844852 0.514501
vt 0.821883 0.556244
vt 0.823681 0.539267
vt 0.876476 0.529514
vt 0.875510 0.514501
vt 0.871582 0.536837
vt 0.870484 0.521491
vt 0.833501 0.506512
vt 0.844852 0.506512
vt 0.875510 0.506312
vt 0.891455 0.506312
vt 0.870484 0.506512
vt 0.867987 0.664430
vt 0.875510 0.664430
vt 0.844486 0.678478
vt 0.844486 0.705774
vt 0.852009 0.705774
vt 0.852009 0.678478
vt 0.859499 0.652447
vt 0.859499 0.574719
vt 0.867987 0.652447
vt 0.867987 0.571257
vt 0.875510 0.566996
vt 0.875510 0.652447
vt 0.852009 0.656941
vt 0.859499 0.656941
vt 0.852009 0.660436
vt 0.859499 0.660436
vt 0.848214 0.506312
vt 0.812263 0.506312
vt 0.859499 0.705774
vt 0.859499 0.678478
vt 0.862794 0.543794
vt 0.879006 0.652447
vt 0.852009 0.664430
vt 0.844486 0.664430
vt 0.852009 0.506512
vt 0.859166 0.506512
vt 0.844486 0.660436
vt 0.836497 0.660436
vt 0.833201 0.545492
vt 0.833035 0.551151
vt 0.826544 0.540033
vt 0.824679 0.555612
vt 0.828507 0.506312
vt 0.844486 0.656941
vt 0.875510 0.662433
vt 0.820751 0.664430
vt 0.828507 0.652447
vt 0.828507 0.566996
vt 0.836497 0.652447
vt 0.836497 0.570957
vt 0.832302 0.536271
vt 0.859499 0.664430
vt 0.806304 0.546524
vt 0.828507 0.658672
vt 0.836497 0.656941
vt 0.836497 0.705774
vt 0.828507 0.662433
vt 0.978504 0.678478
vt 0.978504 0.705774
vt 0.963458 0.678478
vt 0.963458 0.705774
vt 0.958930 0.581976
vt 0.955468 0.639498
vt 0.947978 0.587402
vt 0.947978 0.639498
vt 0.917487 0.705774
vt 0.917487 0.678478
vt 0.931967 0.705774
vt 0.931967 0.678478
vt 0.908998 0.678478
vt 0.908998 0.705774
vt 0.986992 0.678478
vt 0.986992 0.705774
vt 0.938525 0.527849
vt 0.940822 0.514501
vt 0.947978 0.531444
vt 0.947978 0.514501
vt 0.917487 0.639498
vt 0.931967 0.639498
vt 0.978504 0.639498
vt 0.978038 0.567562
vt 0.967352 0.574586
vt 0.963458 0.639498
vt 0.908698 0.514501
vt 0.908732 0.525586
vt 0.987125 0.514501
vt 0.986992 0.525586
vt 0.980667 0.538768
vt 0.990454 0.541031
vt 0.982232 0.556577
vt 0.991819 0.551750
vt 0.955135 0.514501
vt 0.957233 0.528748
vt 0.966487 0.517330
vt 0.970448 0.553914
vt 0.970082 0.541864
vt 0.929004 0.575085
vt 0.916821 0.567695
vt 0.986992 0.639498
vt 0.986992 0.568261
vt 0.908998 0.639498
vt 0.908732 0.568261
vt 0.955135 0.506512
vt 0.966487 0.506512
vt 0.978071 0.514501
vt 0.978038 0.524887
vt 0.967352 0.531910
vt 0.929470 0.521491
vt 0.929470 0.506512
vt 0.916921 0.514501
vt 0.917087 0.506312
vt 0.947978 0.705774
vt 0.947978 0.678478
vt 0.955468 0.705774
vt 0.955468 0.678478
vt 0.940455 0.639498
vt 0.937060 0.582009
vt 0.908532 0.506312
vt 0.944583 0.506312
vt 0.940455 0.705774
vt 0.940455 0.678478
vt 0.929004 0.532410
vt 0.937060 0.539334
vt 0.947978 0.506512
vt 0.940822 0.506512
vt 0.966953 0.551151
vt 0.966753 0.545492
vt 0.977971 0.506312
vt 0.958930 0.539301
vt 0.947978 0.544726
vt 0.916821 0.525020
vt 0.993683 0.546524
vt 0.987691 0.506312
vt 0.624984 0.188777
vt 0.549986 0.188777
vt 0.624984 0.166241
vt 0.549986 0.166241
vt 0.737331 0.037582
vt 0.524887 0.037582
vt 0.737365 0.080790
vt 0.524854 0.080790
vt 0.503016 0.188777
vt 0.503016 0.166241
vt 0.750014 0.166241
vt 0.793755 0.166241
vt 0.750014 0.188777
vt 0.793755 0.188777
vt 0.997012 0.188777
vt 0.950009 0.188777
vt 0.997012 0.166241
vt 0.950009 0.166241
vt 0.846383 0.037582
vt 0.888792 0.037582
vt 0.846350 0.080790
vt 0.888825 0.080790
vt 0.697086 0.037582
vt 0.697119 0.080790
vt 0.524854 0.143638
vt 0.568128 0.080790
vt 0.568128 0.143638
vt 0.762431 0.143638
vt 0.974942 0.143638
vt 0.762431 0.080790
vt 0.974942 0.080790
vt 0.931667 0.080790
vt 0.931667 0.143638
vt 0.888825 0.143638
vt 0.846350 0.143638
vt 0.931701 0.037582
vt 0.974942 0.037582
vt 0.853973 0.194203
vt 0.895050 0.194203
vt 0.853973 0.233117
vt 0.895050 0.233117
vt 0.770819 0.194203
vt 0.770819 0.233117
vt 0.979602 0.194203
vt 0.979602 0.233117
vt 0.568095 0.037582
vt 0.802676 0.143638
vt 0.802676 0.080790
vt 0.687499 0.233117
vt 0.646022 0.233117
vt 0.687499 0.194203
vt 0.646022 0.194203
vt 0.604945 0.194203
vt 0.604945 0.233117
vt 0.562502 0.194203
vt 0.562502 0.233117
vt 0.520426 0.194203
vt 0.520426 0.233117
vt 0.729176 0.194203
vt 0.729176 0.233117
vt 0.875011 0.188777
vt 0.875011 0.166241
vt 0.729176 0.247564
vt 0.687499 0.240340
vt 0.653479 0.037582
vt 0.653445 0.080790
vt 0.611003 0.037582
vt 0.611003 0.080790
vt 0.520426 0.247564
vt 0.562502 0.247564
vt 0.706240 0.166241
vt 0.706240 0.188777
vt 0.812496 0.233117
vt 0.812496 0.194203
vt 0.770819 0.240340
vt 0.979602 0.247564
vt 0.802709 0.037582
vt 0.762464 0.037582
vt 0.937493 0.233117
vt 0.895050 0.247564
vt 0.937493 0.247564
vt 0.582142 0.247564
vt 0.697119 0.143638
vt 0.737365 0.143638
vt 0.853973 0.240340
vt 0.653445 0.143638
vt 0.611003 0.143638
vt 0.937493 0.194203
vt 0.715994 0.980701
vt 0.729442 0.980701
vt 0.715994 0.993816
vt 0.729442 0.993816
vt 0.739362 0.980701
vt 0.739362 0.993816
vt 0.749282 0.980701
vt 0.749282 0.993816
vt 0.697086 0.993816
vt 0.697086 0.980701
vt 0.774481 0.980701
vt 0.774481 0.993816
vt 0.615663 0.980701
vt 0.625650 0.980701
vt 0.616129 0.993816
vt 0.625949 0.993816
vt 0.651448 0.993816
vt 0.651448 0.980701
vt 0.663232 0.993816
vt 0.663232 0.980701
vt 0.675748 0.993816
vt 0.675748 0.980701
vt 0.634138 0.980701
vt 0.634305 0.993816
vt 0.789694 0.712498
vt 0.787197 0.715528
vt 0.787596 0.711167
vt 0.785965 0.697319
vt 0.789760 0.700248
vt 0.787430 0.707771
vt 0.789694 0.708870
vt 0.795452 0.696820
vt 0.794221 0.706573
vt 0.793588 0.697719
vt 0.792124 0.707938
vt 0.791791 0.711167
vt 0.792190 0.715561
vt 0.785299 0.706440
vt 0.783935 0.696454
vt 0.789694 0.716060
vt 0.781838 0.677413
vt 0.778109 0.677612
vt 0.781838 0.657440
vt 0.776112 0.657473
vt 0.785566 0.677612
vt 0.787563 0.657473
vt 0.779208 0.682073
vt 0.781838 0.681940
vt 0.781838 0.625284
vt 0.790692 0.625317
vt 0.765493 0.548987
vt 0.781838 0.548954
vt 0.767257 0.567063
vt 0.781838 0.567029
vt 0.772950 0.625317
vt 0.775014 0.657507
vt 0.777344 0.677579
vt 0.781838 0.534074
vt 0.762231 0.548255
vt 0.781838 0.531478
vt 0.796385 0.567063
vt 0.793655 0.595191
vt 0.781838 0.595158
vt 0.796118 0.595224
vt 0.799514 0.567096
vt 0.771152 0.625383
vt 0.767524 0.595224
vt 0.770020 0.595191
vt 0.784434 0.682073
vt 0.786298 0.677579
vt 0.784933 0.682173
vt 0.801444 0.548255
vt 0.798149 0.548987
vt 0.788628 0.657507
vt 0.792490 0.625383
vt 0.764162 0.567096
vt 0.778742 0.682173
vt 0.997112 0.720587
vt 0.967585 0.720587
vt 0.997112 0.733670
vt 0.967585 0.733670
vt 0.938025 0.733670
vt 0.938025 0.720587
vt 0.906102 0.733670
vt 0.906102 0.720587
vt 0.997112 0.720587
vt 0.997112 0.733670
vt 0.967585 0.720587
vt 0.967585 0.733670
vt 0.876642 0.733670
vt 0.876642 0.720587
vt 0.938025 0.733670
vt 0.938025 0.720587
vt 0.906102 0.733670
vt 0.906102 0.720587
vt 0.876642 0.733670
vt 0.876642 0.720587
vt 0.714463 0.863527
vt 0.699483 0.863527
vt 0.715062 0.852874
vt 0.698850 0.852874
vt 0.669091 0.900010
vt 0.679876 0.875344
vt 0.676248 0.908099
vt 0.685202 0.882268
vt 0.673585 0.917586
vt 0.666228 0.910596
vt 0.744855 0.900010
vt 0.749315 0.892587
vt 0.747717 0.910596
vt 0.752544 0.904671
vt 0.725947 0.862395
vt 0.722818 0.870284
vt 0.740161 0.887361
vt 0.733470 0.895417
vt 0.728610 0.857002
vt 0.715860 0.846550
vt 0.744089 0.879405
vt 0.737697 0.908099
vt 0.740361 0.917586
vt 0.698052 0.846550
vt 0.664597 0.892587
vt 0.661368 0.904671
vt 0.676448 0.867954
vt 0.669823 0.879405
vt 0.685335 0.857002
vt 0.687998 0.862395
vt 0.691094 0.870284
vt 0.584606 0.962525
vt 0.581343 0.938425
vt 0.588034 0.958265
vt 0.573388 0.951474
vt 0.575218 0.958897
vt 0.630343 0.907667
vt 0.631176 0.888859
vt 0.642327 0.907001
vt 0.644824 0.889525
vt 0.587668 0.924910
vt 0.587668 0.898879
vt 0.591330 0.922779
vt 0.507244 0.882701
vt 0.523921 0.878606
vt 0.512870 0.891389
vt 0.525186 0.892354
vt 0.504980 0.972179
vt 0.510639 0.972013
vt 0.505979 0.981333
vt 0.512670 0.979935
vt 0.622587 0.925609
vt 0.614498 0.925376
vt 0.622587 0.907866
vt 0.614798 0.907667
vt 0.548788 0.911794
vt 0.567562 0.912926
vt 0.547523 0.926840
vt 0.564034 0.924644
vt 0.622587 0.889724
vt 0.622587 0.846583
vt 0.613733 0.867255
vt 0.613966 0.888859
vt 0.533708 0.941521
vt 0.531311 0.928172
vt 0.541897 0.932233
vt 0.541997 0.925676
vt 0.523189 0.784168
vt 0.541997 0.773848
vt 0.522989 0.803375
vt 0.541964 0.797616
vt 0.522956 0.815825
vt 0.541930 0.809999
vt 0.548721 0.992351
vt 0.536404 0.992351
vt 0.550119 0.981633
vt 0.535140 0.981167
vt 0.542862 0.891888
vt 0.550519 0.891256
vt 0.542763 0.877042
vt 0.551451 0.877641
vt 0.528282 0.912860
vt 0.541930 0.911295
vt 0.523522 0.827742
vt 0.541997 0.826277
vt 0.542063 0.877042
vt 0.546757 0.936561
vt 0.554713 0.948145
vt 0.562269 0.941587
vt 0.520826 0.924644
vt 0.530113 0.948145
vt 0.522557 0.941587
vt 0.574453 0.941354
vt 0.579845 0.933032
vt 0.631542 0.852342
vt 0.643426 0.832402
vt 0.524354 0.973344
vt 0.527317 0.981100
vt 0.569759 0.818122
vt 0.569393 0.829107
vt 0.551451 0.812862
vt 0.550785 0.826344
vt 0.507477 0.992351
vt 0.514035 0.992351
vt 0.551018 0.777377
vt 0.551417 0.798548
vt 0.542996 0.773848
vt 0.542862 0.797616
vt 0.507510 0.819986
vt 0.507677 0.830172
vt 0.542929 0.809999
vt 0.581011 0.918718
vt 0.578547 0.913592
vt 0.542829 0.826277
vt 0.628746 0.777943
vt 0.637900 0.782503
vt 0.629744 0.791458
vt 0.638665 0.796351
vt 0.527916 0.992351
vt 0.502584 0.802110
vt 0.508476 0.790992
vt 0.502883 0.805872
vt 0.508343 0.808701
vt 0.581643 0.973544
vt 0.578980 0.981167
vt 0.565764 0.970115
vt 0.564000 0.981633
vt 0.641761 0.821850
vt 0.630776 0.824346
vt 0.568361 0.880437
vt 0.566630 0.891888
vt 0.631675 0.837429
vt 0.595058 0.980568
vt 0.597388 0.972013
vt 0.608140 0.981333
vt 0.609106 0.972179
vt 0.503483 0.809766
vt 0.562868 0.958131
vt 0.557709 0.964456
vt 0.600318 0.889525
vt 0.602814 0.907001
vt 0.532476 0.973544
vt 0.548321 0.970115
vt 0.602415 0.955602
vt 0.602415 0.936461
vt 0.609072 0.961959
vt 0.615264 0.933232
vt 0.503716 0.811997
vt 0.602848 0.923379
vt 0.503183 0.824879
vt 0.650649 0.803708
vt 0.649384 0.787264
vt 0.594392 0.802876
vt 0.591896 0.820885
vt 0.576450 0.808302
vt 0.577349 0.819986
vt 0.653312 0.820851
vt 0.580411 0.893286
vt 0.589199 0.893486
vt 0.590598 0.830638
vt 0.577016 0.830172
vt 0.571956 0.891256
vt 0.577648 0.882101
vt 0.541964 0.891888
vt 0.517297 0.912926
vt 0.603380 0.821850
vt 0.614365 0.824346
vt 0.613466 0.837429
vt 0.601716 0.832402
vt 0.576317 0.790825
vt 0.595690 0.786864
vt 0.615397 0.791458
vt 0.616396 0.777943
vt 0.621921 0.787963
vt 0.621688 0.774980
vt 0.654011 0.881835
vt 0.654244 0.830638
vt 0.591230 0.880670
vt 0.565365 0.992351
vt 0.577715 0.992351
vt 0.630643 0.925376
vt 0.642327 0.923379
vt 0.607242 0.782404
vt 0.606476 0.796251
vt 0.629877 0.933232
vt 0.642760 0.936461
vt 0.636069 0.961959
vt 0.642760 0.955602
vt 0.593161 0.992351
vt 0.557043 0.980867
vt 0.557043 0.992351
vt 0.542862 0.925676
vt 0.542929 0.932233
vt 0.542929 0.911295
vt 0.569060 0.788429
vt 0.569193 0.806537
vt 0.606642 0.992351
vt 0.600084 0.992351
vt 0.589732 0.973344
vt 0.521957 0.958131
vt 0.527117 0.964456
vt 0.588600 0.932832
vt 0.622587 0.933465
vt 0.557043 0.970215
vt 0.623220 0.787963
vt 0.623453 0.774980
vt 0.593826 0.919384
vt 0.595657 0.911928
vt 0.594592 0.901808
vt 0.581343 0.964456
vt 0.577715 0.962292
vt 0.577582 0.901908
vt 0.618460 0.818388
vt 0.626682 0.818388
vt 0.584439 0.922979
vt 0.591430 0.941454
vt 0.590498 0.953138
vt 0.266371 0.633373
vt 0.264873 0.631342
vt 0.266604 0.628213
vt 0.264940 0.629711
vt 0.233616 0.633373
vt 0.233416 0.628213
vt 0.235114 0.631342
vt 0.235047 0.629711
vt 0.185581 0.629944
vt 0.185881 0.644990
vt 0.158817 0.632541
vt 0.165675 0.649750
vt 0.249994 0.640130
vt 0.238210 0.638998
vt 0.249994 0.635603
vt 0.238143 0.633805
vt 0.238276 0.631242
vt 0.238509 0.630610
vt 0.249994 0.630643
vt 0.249994 0.631342
vt 0.236512 0.622654
vt 0.227857 0.625650
vt 0.231252 0.613766
vt 0.215041 0.619591
vt 0.239475 0.627680
vt 0.239874 0.629378
vt 0.249994 0.629478
vt 0.240207 0.630144
vt 0.249994 0.630210
vt 0.249994 0.621289
vt 0.249994 0.627048
vt 0.250093 0.647686
vt 0.157619 0.621522
vt 0.116808 0.623985
vt 0.156787 0.604279
vt 0.114378 0.597355
vt 0.228523 0.635470
vt 0.235879 0.630510
vt 0.235846 0.630410
vt 0.260513 0.627680
vt 0.260146 0.629378
vt 0.339073 0.554580
vt 0.341935 0.586869
vt 0.320265 0.555112
vt 0.321130 0.590464
vt 0.249994 0.612268
vt 0.226193 0.599352
vt 0.249994 0.598687
vt 0.274727 0.587701
vt 0.278422 0.553981
vt 0.184050 0.618559
vt 0.182086 0.603047
vt 0.119071 0.554047
vt 0.160948 0.554580
vt 0.116941 0.581909
vt 0.158052 0.586869
vt 0.178890 0.590464
vt 0.225261 0.587701
vt 0.221599 0.553981
vt 0.179722 0.555112
vt 0.343200 0.604279
vt 0.385609 0.597355
vt 0.383079 0.581909
vt 0.146068 0.668924
vt 0.116375 0.649850
vt 0.249994 0.555978
vt 0.249994 0.588800
vt 0.233949 0.650882
vt 0.250393 0.647686
vt 0.249994 0.651914
vt 0.317935 0.603047
vt 0.273795 0.599352
vt 0.383179 0.623985
vt 0.342401 0.621522
vt 0.341203 0.632541
vt 0.383612 0.649850
vt 0.334312 0.649750
vt 0.314106 0.644990
vt 0.314406 0.629944
vt 0.248263 0.648852
vt 0.266072 0.650882
vt 0.261811 0.638998
vt 0.271464 0.635470
vt 0.315937 0.618559
vt 0.261878 0.633805
vt 0.272130 0.625650
vt 0.284946 0.619591
vt 0.221166 0.651581
vt 0.278821 0.651581
vt 0.353952 0.668924
vt 0.268768 0.613766
vt 0.263475 0.622654
vt 0.249894 0.647686
vt 0.261478 0.630610
vt 0.261711 0.631242
vt 0.264108 0.630510
vt 0.259780 0.630144
vt 0.264174 0.630410
vt 0.380916 0.554047
vt 0.358346 0.755007
vt 0.357248 0.739162
vt 0.390935 0.739196
vt 0.390536 0.720388
vt 0.411807 0.647520
vt 0.410609 0.624019
vt 0.357514 0.715062
vt 0.359578 0.686767
vt 0.389571 0.697852
vt 0.387906 0.672819
vt 0.142739 0.739162
vt 0.173364 0.749914
vt 0.141641 0.755007
vt 0.171267 0.764361
vt 0.110250 0.778476
vt 0.084119 0.738030
vt 0.108153 0.758969
vt 0.415402 0.597621
vt 0.409310 0.577282
vt 0.391834 0.758969
vt 0.415868 0.738030
vt 0.413705 0.722085
vt 0.414270 0.697253
vt 0.361209 0.774181
vt 0.328753 0.764361
vt 0.332082 0.786331
vt 0.362141 0.790259
vt 0.334679 0.801877
vt 0.326623 0.749914
vt 0.312708 0.767690
vt 0.310378 0.751745
vt 0.249994 0.773615
vt 0.249994 0.799380
vt 0.219535 0.772217
vt 0.218869 0.797716
vt 0.412306 0.663399
vt 0.389737 0.778476
vt 0.412972 0.676314
vt 0.109052 0.739196
vt 0.109451 0.720388
vt 0.084585 0.597621
vt 0.090676 0.577282
vt 0.165309 0.801877
vt 0.137879 0.790259
vt 0.167939 0.786331
vt 0.138811 0.774181
vt 0.280452 0.772217
vt 0.277456 0.747617
vt 0.217205 0.817789
vt 0.181387 0.807603
vt 0.184216 0.791658
vt 0.249994 0.823281
vt 0.282782 0.817789
vt 0.281118 0.797716
vt 0.112081 0.672819
vt 0.087680 0.663399
vt 0.087015 0.676314
vt 0.110417 0.697852
vt 0.249994 0.747351
vt 0.318600 0.807603
vt 0.315804 0.791658
vt 0.140409 0.686767
vt 0.142473 0.715062
vt 0.094504 0.555712
vt 0.222531 0.747617
vt 0.189609 0.751745
vt 0.187312 0.767690
vt 0.086282 0.722085
vt 0.088180 0.647520
vt 0.089378 0.624019
vt 0.085716 0.697253
vt 0.065078 0.560605
vt 0.249994 0.699882
vt 0.237111 0.695388
vt 0.249994 0.661934
vt 0.235647 0.661268
vt 0.223463 0.692060
vt 0.216772 0.665895
vt 0.175062 0.670223
vt 0.174030 0.661501
vt 0.178391 0.667327
vt 0.151294 0.707505
vt 0.177892 0.724116
vt 0.176261 0.735600
vt 0.211513 0.657440
vt 0.194136 0.735634
vt 0.194403 0.723284
vt 0.204256 0.661734
vt 0.211113 0.666927
vt 0.185049 0.652913
vt 0.170901 0.656242
vt 0.145835 0.687066
vt 0.156021 0.703710
vt 0.149497 0.687433
vt 0.233017 0.710135
vt 0.221599 0.700282
vt 0.212245 0.729242
vt 0.210714 0.716027
vt 0.225926 0.727545
vt 0.249994 0.728810
vt 0.150662 0.670655
vt 0.153325 0.672586
vt 0.208683 0.706706
vt 0.194436 0.714463
vt 0.178824 0.716293
vt 0.183284 0.665529
vt 0.184682 0.657806
vt 0.197831 0.668525
vt 0.478217 0.885530
vt 0.493163 0.884698
vt 0.478217 0.901475
vt 0.493163 0.904937
vt 0.329086 0.656242
vt 0.325957 0.661501
vt 0.314939 0.652913
vt 0.315305 0.657806
vt 0.457844 0.868520
vt 0.463836 0.874911
vt 0.456347 0.885530
vt 0.463836 0.885530
vt 0.348726 0.707505
vt 0.343966 0.703710
vt 0.321164 0.716293
vt 0.322096 0.724116
vt 0.490500 0.934264
vt 0.478217 0.933332
vt 0.354152 0.687066
vt 0.463836 0.901475
vt 0.456347 0.901475
vt 0.463836 0.933332
vt 0.456347 0.933332
vt 0.288508 0.657440
vt 0.283215 0.665895
vt 0.288874 0.666927
vt 0.285279 0.690295
vt 0.276524 0.692060
vt 0.264341 0.661268
vt 0.488603 0.954603
vt 0.478217 0.954603
vt 0.456347 0.975841
vt 0.456347 0.954603
vt 0.463836 0.975841
vt 0.463836 0.954603
vt 0.346662 0.672586
vt 0.349325 0.670655
vt 0.463836 0.991786
vt 0.456347 0.991786
vt 0.489568 0.866722
vt 0.478217 0.843021
vt 0.478217 0.853640
vt 0.476719 0.868520
vt 0.217105 0.695755
vt 0.249994 0.715594
vt 0.487804 0.975841
vt 0.478217 0.975841
vt 0.486972 0.991786
vt 0.478217 0.991786
vt 0.214708 0.690295
vt 0.295665 0.686034
vt 0.297163 0.673518
vt 0.295765 0.661734
vt 0.302156 0.668525
vt 0.316703 0.665529
vt 0.321630 0.667327
vt 0.470727 0.843021
vt 0.470727 0.848347
vt 0.470727 0.874911
vt 0.470727 0.933332
vt 0.470727 0.954603
vt 0.470727 0.901475
vt 0.470727 0.885530
vt 0.262909 0.695388
vt 0.274061 0.727545
vt 0.278388 0.700282
vt 0.282882 0.695755
vt 0.463836 0.848347
vt 0.456347 0.853640
vt 0.463836 0.843021
vt 0.456347 0.843021
vt 0.267004 0.710135
vt 0.202858 0.673518
vt 0.204322 0.686034
vt 0.289274 0.716027
vt 0.291337 0.706706
vt 0.444995 0.866722
vt 0.441400 0.884698
vt 0.446760 0.975841
vt 0.445961 0.954603
vt 0.444063 0.934264
vt 0.441400 0.904937
vt 0.470727 0.975841
vt 0.470727 0.991786
vt 0.447592 0.991786
vt 0.305551 0.714463
vt 0.305585 0.723284
vt 0.323760 0.735600
vt 0.287742 0.729242
vt 0.305851 0.735634
vt 0.324925 0.670223
vt 0.350524 0.687433
vt 0.562536 0.382280
vt 0.521358 0.412772
vt 0.520060 0.349159
vt 0.685402 0.378519
vt 0.633805 0.378086
vt 0.651515 0.324026
vt 0.685269 0.295565
vt 0.718490 0.317102
vt 0.728909 0.378153
vt 0.547223 0.459176
vt 0.546224 0.302556
vt 0.685402 0.461340
vt 0.652480 0.436074
vt 0.580977 0.457944
vt 0.580112 0.306484
vt 0.717125 0.436141
vt 0.603646 0.411541
vt 0.606742 0.347195
vt 0.151927 0.415435
vt 0.151927 0.425755
vt 0.133385 0.415435
vt 0.133385 0.425755
vt 0.154224 0.413238
vt 0.131055 0.413238
vt 0.131055 0.427952
vt 0.154224 0.427952
vt 0.175262 0.412539
vt 0.187012 0.412539
vt 0.175262 0.428118
vt 0.187012 0.428118
vt 0.187878 0.429516
vt 0.187878 0.411141
vt 0.174396 0.429516
vt 0.174396 0.411141
vt 0.682406 0.518961
vt 0.682373 0.503782
vt 0.712498 0.518961
vt 0.712532 0.503782
vt 0.508043 0.900144
vt 0.509042 0.907700
vt 0.506379 0.907500
vt 0.906035 0.792723
vt 0.905203 0.772517
vt 0.935928 0.792590
vt 0.935728 0.772916
vt 0.740927 0.503782
vt 0.741026 0.518961
vt 0.735767 0.511338
vt 0.735767 0.503782
vt 0.935862 0.768888
vt 0.905103 0.768722
vt 0.936095 0.796518
vt 0.905902 0.796684
vt 0.773083 0.515400
vt 0.773083 0.508309
vt 0.776179 0.518961
vt 0.776278 0.503782
vt 0.506379 0.930702
vt 0.509042 0.925509
vt 0.735833 0.518961
vt 0.747651 0.503782
vt 0.747684 0.518961
vt 0.754674 0.503782
vt 0.761299 0.503782
vt 0.754708 0.518961
vt 0.761332 0.518961
vt 0.765393 0.508975
vt 0.765393 0.515899
vt 0.666261 0.806970
vt 0.672420 0.810166
vt 0.668658 0.818388
vt 0.674716 0.819686
vt 0.673784 0.831570
vt 0.681640 0.837662
vt 0.685202 0.830338
vt 0.689297 0.838261
vt 0.509042 0.930835
vt 0.508376 0.937426
vt 0.690861 0.828041
vt 0.695655 0.833101
vt 0.724183 0.518961
vt 0.713530 0.518961
vt 0.724183 0.511205
vt 0.713564 0.503782
vt 0.800379 0.503782
vt 0.800313 0.518961
vt 0.780539 0.503782
vt 0.780473 0.518961
vt 0.732704 0.503782
vt 0.732738 0.511338
vt 0.699849 0.791758
vt 0.699949 0.800146
vt 0.679876 0.790359
vt 0.678012 0.790526
vt 0.671221 0.799314
vt 0.887328 0.538901
vt 0.911362 0.538701
vt 0.887660 0.541364
vt 0.911029 0.542696
vt 0.912793 0.536970
vt 0.885796 0.536970
vt 0.902807 0.555712
vt 0.897514 0.556044
vt 0.906668 0.552383
vt 0.892487 0.553514
vt 0.912793 0.543328
vt 0.891622 0.555612
vt 0.897447 0.558541
vt 0.889192 0.547423
vt 0.887694 0.548721
vt 0.909797 0.547523
vt 0.911328 0.549021
vt 0.907733 0.554546
vt 0.885930 0.541631
vt 0.903406 0.558175
vt 0.789594 0.984196
vt 0.787064 0.984029
vt 0.790459 0.982432
vt 0.786198 0.982298
vt 0.790459 0.992118
vt 0.789627 0.990221
vt 0.787130 0.990088
vt 0.786265 0.992118
vt 0.794687 0.992019
vt 0.793954 0.990021
vt 0.794687 0.982298
vt 0.793855 0.984096
vt 0.791291 0.984029
vt 0.790526 0.982332
vt 0.791291 0.990021
vt 0.790492 0.991885
vt 0.682406 0.518961
vt 0.712498 0.518961
vt 0.682373 0.503782
vt 0.712532 0.503782
vt 0.508043 0.900144
vt 0.506379 0.907500
vt 0.509042 0.907700
vt 0.906035 0.792723
vt 0.935928 0.792590
vt 0.905203 0.772517
vt 0.935728 0.772916
vt 0.740927 0.503782
vt 0.735767 0.511338
vt 0.741026 0.518961
vt 0.735767 0.503782
vt 0.935862 0.768888
vt 0.905103 0.768722
vt 0.936095 0.796518
vt 0.905902 0.796684
vt 0.773083 0.515400
vt 0.776179 0.518961
vt 0.773083 0.508309
vt 0.776278 0.503782
vt 0.506379 0.930702
vt 0.509042 0.925509
vt 0.735833 0.518961
vt 0.747651 0.503782
vt 0.747684 0.518961
vt 0.761332 0.518961
vt 0.761299 0.503782
vt 0.754708 0.518961
vt 0.754674 0.503782
vt 0.765393 0.508975
vt 0.765393 0.515899
vt 0.666261 0.806970
vt 0.668658 0.818388
vt 0.672420 0.810166
vt 0.673784 0.831570
vt 0.674716 0.819686
vt 0.681640 0.837662
vt 0.689297 0.838261
vt 0.685202 0.830338
vt 0.508376 0.937426
vt 0.509042 0.930835
vt 0.695655 0.833101
vt 0.690861 0.828041
vt 0.724183 0.518961
vt 0.724183 0.511205
vt 0.713530 0.518961
vt 0.713564 0.503782
vt 0.800379 0.503782
vt 0.780539 0.503782
vt 0.800313 0.518961
vt 0.780473 0.518961
vt 0.732704 0.503782
vt 0.732738 0.511338
vt 0.699849 0.791758
vt 0.679876 0.790359
vt 0.699949 0.800146
vt 0.678012 0.790526
vt 0.671221 0.799314
vt 0.911029 0.542696
vt 0.911362 0.538701
vt 0.887660 0.541364
vt 0.887328 0.538901
vt 0.912793 0.536970
vt 0.885796 0.536970
vt 0.902807 0.555712
vt 0.906668 0.552383
vt 0.897514 0.556044
vt 0.892487 0.553514
vt 0.912793 0.543328
vt 0.897447 0.558541
vt 0.891622 0.555612
vt 0.887694 0.548721
vt 0.889192 0.547423
vt 0.909797 0.547523
vt 0.911328 0.549021
vt 0.907733 0.554546
vt 0.885930 0.541631
vt 0.903406 0.558175
vt 0.786198 0.982298
vt 0.787064 0.984029
vt 0.790459 0.982432
vt 0.789594 0.984196
vt 0.789627 0.990221
vt 0.790459 0.992118
vt 0.787130 0.990088
vt 0.786265 0.992118
vt 0.794687 0.992019
vt 0.794687 0.982298
vt 0.793954 0.990021
vt 0.793855 0.984096
vt 0.791291 0.984029
vt 0.790526 0.982332
vt 0.790492 0.991885
vt 0.791291 0.990021
vt 0.950042 0.817656
vt 0.957233 0.817656
vt 0.950042 0.843254
vt 0.957233 0.843254
vt 0.900709 0.817656
vt 0.906934 0.817656
vt 0.900709 0.843254
vt 0.906934 0.843254
vt 0.885397 0.843254
vt 0.885397 0.817656
vt 0.879238 0.817656
vt 0.879238 0.843254
vt 0.922147 0.817656
vt 0.922147 0.843254
vt 0.863859 0.843254
vt 0.863859 0.817656
vt 0.857535 0.817656
vt 0.857535 0.843254
vt 0.842289 0.843487
vt 0.842289 0.817656
vt 0.928505 0.817656
vt 0.928505 0.843254
vt 0.836064 0.817656
vt 0.836064 0.843487
vt 0.820751 0.843487
vt 0.820751 0.817656
vt 0.814260 0.817656
vt 0.814260 0.843487
vt 0.943651 0.817656
vt 0.943651 0.843254
vt 0.799181 0.817656
vt 0.799181 0.843487
vt 0.792856 0.817656
vt 0.792856 0.843487
vt 0.777643 0.843487
vt 0.777643 0.817656
vt 0.770453 0.817656
vt 0.770453 0.843487
vt 0.857435 0.868853
vt 0.863859 0.868853
vt 0.863859 0.887960
vt 0.758869 0.843487
vt 0.758869 0.817689
vt 0.962892 0.904205
vt 0.969216 0.904205
vt 0.962892 0.930003
vt 0.969216 0.930003
vt 0.957233 0.868853
vt 0.965188 0.868853
vt 0.965188 0.843254
vt 0.947679 0.904205
vt 0.947679 0.930003
vt 0.941454 0.930003
vt 0.941454 0.904205
vt 0.926142 0.904205
vt 0.926142 0.930003
vt 0.790426 0.904205
vt 0.796851 0.904205
vt 0.790426 0.929803
vt 0.796851 0.929803
vt 0.919917 0.930003
vt 0.919917 0.904205
vt 0.904571 0.904205
vt 0.904571 0.930003
vt 0.898179 0.904205
vt 0.898179 0.930003
vt 0.811963 0.929803
vt 0.811963 0.904205
vt 0.883033 0.904205
vt 0.883033 0.929803
vt 0.883033 0.955402
vt 0.876609 0.955402
vt 0.876609 0.929803
vt 0.818388 0.904205
vt 0.818388 0.929803
vt 0.833667 0.904205
vt 0.833667 0.929803
vt 0.839925 0.929803
vt 0.839925 0.904205
vt 0.855071 0.904205
vt 0.855071 0.929803
vt 0.861496 0.929803
vt 0.861496 0.904205
vt 0.876609 0.904205
vt 0.811963 0.955402
vt 0.818388 0.974509
vt 0.818388 0.955402
vt 0.957233 0.887960
vt 0.965188 0.887960
vt 0.928505 0.868853
vt 0.943651 0.868853
vt 0.879238 0.868853
vt 0.820751 0.868853
vt 0.814260 0.868853
vt 0.941454 0.955402
vt 0.947679 0.955402
vt 0.926142 0.955402
vt 0.919917 0.955402
vt 0.904571 0.955402
vt 0.855071 0.955402
vt 0.839925 0.955402
vt 0.950042 0.868853
vt 0.950042 0.887960
vt 0.811963 0.974509
vt 0.796851 0.974509
vt 0.796851 0.955402
vt 0.768256 0.921781
vt 0.766825 0.917054
vt 0.782969 0.907900
vt 0.782071 0.902707
vt 0.883033 0.974509
vt 0.771485 0.897614
vt 0.773183 0.896249
vt 0.769954 0.899311
vt 0.898179 0.974509
vt 0.898179 0.955402
vt 0.833667 0.955402
vt 0.962892 0.955402
vt 0.904571 0.974509
vt 0.776278 0.926441
vt 0.772916 0.927273
vt 0.779607 0.923279
vt 0.782104 0.918652
vt 0.919917 0.974509
vt 0.842289 0.868853
vt 0.926142 0.974509
vt 0.836064 0.868853
vt 0.941454 0.974509
vt 0.861496 0.955402
vt 0.947679 0.974509
vt 0.799181 0.868853
vt 0.792856 0.868853
vt 0.962892 0.974509
vt 0.777643 0.868853
vt 0.770453 0.868853
vt 0.758869 0.868853
vt 0.969216 0.974509
vt 0.969216 0.955402
vt 0.928505 0.887960
vt 0.943651 0.887960
vt 0.779108 0.896215
vt 0.766192 0.908332
vt 0.776511 0.895283
vt 0.767490 0.903772
vt 0.770453 0.887993
vt 0.758869 0.887993
vt 0.777643 0.887960
vt 0.770220 0.925576
vt 0.783169 0.913392
vt 0.790426 0.955402
vt 0.792856 0.887960
vt 0.906934 0.868853
vt 0.900709 0.868853
vt 0.799181 0.887960
vt 0.839925 0.974509
vt 0.855071 0.974509
vt 0.861496 0.974509
vt 0.876609 0.974509
vt 0.814260 0.887960
vt 0.965188 0.817656
vt 0.820751 0.887960
vt 0.836064 0.887960
vt 0.842289 0.887960
vt 0.857535 0.887960
vt 0.922147 0.868853
vt 0.879238 0.887960
vt 0.885397 0.868853
vt 0.833667 0.974509
vt 0.885397 0.887960
vt 0.900709 0.887960
vt 0.780772 0.898579
vt 0.766059 0.912427
vt 0.906934 0.887960
vt 0.922147 0.887960
usemtl Mdl_0_Mtl_test_test_test_lambert2
s 1
f 32/32 33/33 34/34
f 35/35 36/36 37/37
f 37/37 36/36 38/38
f 33/33 39/39 34/34
f 40/40 34/34 39/39
f 41/41 42/42 43/43
f 43/43 42/42 44/44
f 44/44 45/45 43/43
f 43/43 45/45 46/46
f 47/47 48/48 49/49
f 49/49 48/48 50/50
f 51/51 50/50 48/48
f 52/52 50/50 51/51
f 47/47 49/49 53/53
f 53/53 49/49 54/54
f 34/34 55/55 56/56
f 57/57 58/58 34/34
f 56/56 59/59 34/34
f 60/60 61/61 62/62
f 62/62 61/61 63/63
f 64/64 36/36 65/65
f 65/65 66/66 64/64
f 64/64 66/66 67/67
f 68/68 69/69 70/70
f 70/70 69/69 71/71
f 47/47 72/72 48/48
f 47/47 53/53 72/72
f 44/44 73/73 45/45
f 72/72 53/53 73/73
f 72/72 73/73 44/44
f 74/74 63/63 75/75
f 66/66 75/75 67/67
f 74/74 75/75 66/66
f 76/76 36/36 64/64
f 38/38 36/36 76/76
f 77/77 64/64 67/67
f 76/76 64/64 77/77
f 67/67 75/75 77/77
f 69/69 78/78 71/71
f 71/71 78/78 79/79
f 42/42 80/80 44/44
f 44/44 80/80 72/72
f 48/48 72/72 80/80
f 37/37 81/81 35/35
f 49/49 50/50 81/81
f 52/52 82/82 50/50
f 81/81 50/50 82/82
f 65/65 36/36 83/83
f 51/51 48/48 84/84
f 84/84 48/48 80/80
f 34/34 85/85 32/32
f 58/58 85/85 34/34
f 86/86 34/34 40/40
f 86/86 55/55 34/34
f 41/41 87/87 42/42
f 88/88 80/80 42/42
f 84/84 80/80 88/88
f 42/42 87/87 88/88
f 89/89 74/74 66/66
f 90/90 66/66 65/65
f 89/89 66/66 90/90
f 83/83 91/91 65/65
f 65/65 91/91 90/90
f 91/91 83/83 92/92
f 92/92 83/83 93/93
f 77/77 75/75 94/94
f 92/92 93/93 95/95
f 95/95 82/82 52/52
f 95/95 93/93 82/82
f 62/62 63/63 96/96
f 96/96 63/63 74/74
f 96/96 74/74 89/89
f 97/97 98/98 99/99
f 99/99 98/98 100/100
f 75/75 63/63 100/100
f 75/75 100/100 94/94
f 63/63 61/61 100/100
f 94/94 100/100 98/98
f 100/100 61/61 99/99
f 34/34 59/59 101/101
f 34/34 101/101 57/57
f 102/102 49/49 81/81
f 54/54 49/49 102/102
f 102/102 81/81 37/37
f 103/103 104/104 105/105
f 106/106 107/107 108/108
f 108/108 107/107 109/109
f 104/104 110/110 105/105
f 111/111 105/105 110/110
f 112/112 113/113 114/114
f 114/114 113/113 115/115
f 115/115 116/116 114/114
f 114/114 116/116 117/117
f 118/118 119/119 120/120
f 120/120 119/119 121/121
f 122/122 121/121 119/119
f 123/123 121/121 122/122
f 118/118 120/120 124/124
f 124/124 120/120 125/125
f 105/105 126/126 127/127
f 128/128 129/129 105/105
f 127/127 130/130 105/105
f 131/131 132/132 133/133
f 133/133 132/132 134/134
f 135/135 107/107 136/136
f 136/136 137/137 135/135
f 135/135 137/137 138/138
f 139/139 140/140 141/141
f 141/141 140/140 142/142
f 118/118 124/124 143/143
f 118/118 143/143 119/119
f 143/143 124/124 144/144
f 143/143 144/144 115/115
f 115/115 144/144 116/116
f 145/145 146/146 137/137
f 137/137 146/146 138/138
f 145/145 134/134 146/146
f 147/147 107/107 135/135
f 109/109 107/107 147/147
f 148/148 135/135 138/138
f 147/147 135/135 148/148
f 138/138 146/146 148/148
f 140/140 149/149 142/142
f 142/142 149/149 150/150
f 115/115 151/151 143/143
f 119/119 143/143 151/151
f 113/113 151/151 115/115
f 108/108 152/152 106/106
f 120/120 121/121 152/152
f 123/123 153/153 121/121
f 152/152 121/121 153/153
f 136/136 107/107 154/154
f 122/122 119/119 155/155
f 155/155 119/119 151/151
f 129/129 156/156 105/105
f 105/105 156/156 103/103
f 157/157 105/105 111/111
f 157/157 126/126 105/105
f 112/112 158/158 113/113
f 113/113 158/158 159/159
f 159/159 151/151 113/113
f 155/155 151/151 159/159
f 160/160 145/145 137/137
f 160/160 137/137 161/161
f 161/161 137/137 136/136
f 154/154 162/162 136/136
f 136/136 162/162 161/161
f 162/162 154/154 163/163
f 163/163 154/154 164/164
f 148/148 146/146 165/165
f 166/166 153/153 123/123
f 163/163 164/164 166/166
f 166/166 164/164 153/153
f 133/133 134/134 167/167
f 167/167 145/145 160/160
f 167/167 134/134 145/145
f 168/168 169/169 170/170
f 165/165 171/171 169/169
f 146/146 171/171 165/165
f 170/170 169/169 171/171
f 171/171 132/132 170/170
f 134/134 132/132 171/171
f 146/146 134/134 171/171
f 105/105 172/172 128/128
f 105/105 130/130 172/172
f 173/173 120/120 152/152
f 125/125 120/120 173/173
f 173/173 152/152 108/108
f 174/174 175/175 176/176
f 176/176 175/175 177/177
f 178/178 179/179 180/180
f 181/181 174/174 176/176
f 179/179 174/174 181/181
f 180/180 179/179 181/181
f 182/182 183/183 184/184
f 184/184 183/183 185/185
f 175/175 174/174 186/186
f 186/186 174/174 187/187
f 188/188 189/189 177/177
f 177/177 189/189 190/190
f 191/191 184/184 185/185
f 192/192 184/184 191/191
f 192/192 191/191 193/193
f 193/193 191/191 194/194
f 195/195 196/196 197/197
f 198/198 199/199 200/200
f 194/194 191/191 201/201
f 201/201 202/202 194/194
f 190/190 202/202 201/201
f 189/189 202/202 190/190
f 194/194 202/202 203/203
f 203/203 193/193 194/194
f 201/201 191/191 204/204
f 191/191 185/185 204/204
f 183/183 205/205 185/185
f 185/185 205/205 206/206
f 204/204 185/185 206/206
f 207/207 196/196 195/195
f 208/208 193/193 203/203
f 203/203 209/209 208/208
f 208/208 209/209 210/210
f 203/203 211/211 209/209
f 202/202 189/189 211/211
f 202/202 211/211 203/203
f 189/189 188/188 212/212
f 211/211 189/189 212/212
f 212/212 188/188 213/213
f 204/204 214/214 201/201
f 201/201 214/214 190/190
f 176/176 177/177 214/214
f 214/214 177/177 190/190
f 175/175 186/186 215/215
f 215/215 177/177 175/175
f 215/215 186/186 216/216
f 215/215 216/216 217/217
f 217/217 216/216 218/218
f 219/219 177/177 215/215
f 215/215 217/217 219/219
f 219/219 217/217 220/220
f 205/205 221/221 206/206
f 221/221 205/205 222/222
f 221/221 222/222 223/223
f 223/223 222/222 224/224
f 197/197 224/224 195/195
f 195/195 224/224 222/222
f 198/198 225/225 226/226
f 226/226 199/199 198/198
f 180/180 227/227 178/178
f 178/178 227/227 225/225
f 226/226 225/225 227/227
f 178/178 225/225 228/228
f 228/228 225/225 229/229
f 198/198 229/229 225/225
f 200/200 229/229 198/198
f 183/183 182/182 230/230
f 230/230 182/182 231/231
f 230/230 207/207 232/232
f 232/232 183/183 230/230
f 222/222 205/205 232/232
f 232/232 195/195 222/222
f 207/207 195/195 232/232
f 205/205 183/183 232/232
f 233/233 204/204 206/206
f 233/233 176/176 214/214
f 206/206 221/221 233/233
f 214/214 204/204 233/233
f 234/234 176/176 233/233
f 234/234 221/221 223/223
f 233/233 221/221 234/234
f 187/187 174/174 235/235
f 179/179 178/178 235/235
f 235/235 174/174 179/179
f 235/235 178/178 228/228
f 236/236 237/237 231/231
f 237/237 196/196 207/207
f 237/237 207/207 230/230
f 231/231 237/237 230/230
f 236/236 196/196 237/237
f 238/238 239/239 240/240
f 240/240 239/239 241/241
f 242/242 243/243 244/244
f 244/244 243/243 245/245
f 246/246 247/247 248/248
f 249/249 250/250 251/251
f 251/251 250/250 252/252
f 253/253 254/254 255/255
f 255/255 254/254 256/256
f 257/257 248/248 247/247
f 258/258 259/259 260/260
f 260/260 259/259 261/261
f 262/262 263/263 264/264
f 264/264 263/263 265/265
f 266/266 267/267 268/268
f 269/269 245/245 243/243
f 270/270 245/245 269/269
f 271/271 272/272 273/273
f 273/273 272/272 274/274
f 257/257 275/275 248/248
f 257/257 276/276 275/275
f 275/275 276/276 277/277
f 277/277 276/276 278/278
f 279/279 250/250 249/249
f 280/280 250/250 279/279
f 279/279 281/281 280/280
f 280/280 281/281 282/282
f 277/277 278/278 283/283
f 284/284 283/283 278/278
f 279/279 249/249 285/285
f 279/279 285/285 281/281
f 285/285 249/249 286/286
f 270/270 287/287 283/283
f 269/269 287/287 270/270
f 288/288 283/283 287/287
f 277/277 283/283 288/288
f 275/275 277/277 289/289
f 289/289 277/277 288/288
f 289/289 248/248 275/275
f 244/244 290/290 242/242
f 290/290 291/291 292/292
f 242/242 290/290 292/292
f 293/293 294/294 295/295
f 294/294 266/266 296/296
f 295/295 294/294 296/296
f 272/272 297/297 274/274
f 297/297 298/298 299/299
f 274/274 297/297 299/299
f 299/299 298/298 300/300
f 301/301 249/249 251/251
f 286/286 249/249 301/301
f 302/302 286/286 301/301
f 254/254 303/303 256/256
f 304/304 256/256 303/303
f 305/305 291/291 290/290
f 302/302 306/306 286/286
f 286/286 306/306 285/285
f 284/284 307/307 283/283
f 283/283 307/307 270/270
f 308/308 309/309 310/310
f 306/306 311/311 285/285
f 281/281 285/285 311/311
f 262/262 312/312 263/263
f 312/312 313/313 314/314
f 270/270 315/315 245/245
f 307/307 315/315 270/270
f 271/271 316/316 272/272
f 317/317 316/316 271/271
f 318/318 240/240 298/298
f 240/240 318/318 238/238
f 298/298 297/297 318/318
f 272/272 319/319 297/297
f 318/318 297/297 319/319
f 316/316 319/319 272/272
f 290/290 320/320 305/305
f 244/244 320/320 290/290
f 315/315 320/320 245/245
f 245/245 320/320 244/244
f 296/296 321/321 295/295
f 322/322 323/323 321/321
f 321/321 323/323 324/324
f 325/325 240/240 241/241
f 326/326 254/254 253/253
f 325/325 254/254 326/326
f 266/266 268/268 327/327
f 266/266 327/327 328/328
f 327/327 322/322 328/328
f 328/328 321/321 296/296
f 266/266 328/328 296/296
f 328/328 322/322 321/321
f 329/329 330/330 331/331
f 331/331 330/330 332/332
f 323/323 333/333 324/324
f 324/324 333/333 334/334
f 335/335 312/312 262/262
f 335/335 313/313 312/312
f 323/323 336/336 333/333
f 322/322 336/336 323/323
f 333/333 336/336 337/337
f 258/258 338/338 259/259
f 339/339 340/340 338/338
f 318/318 319/319 341/341
f 238/238 318/318 341/341
f 341/341 319/319 342/342
f 319/319 316/316 342/342
f 343/343 303/303 344/344
f 344/344 303/303 345/345
f 346/346 271/271 273/273
f 271/271 346/346 317/317
f 347/347 324/324 334/334
f 347/347 334/334 332/332
f 332/332 334/334 348/348
f 348/348 331/331 332/332
f 333/333 348/348 334/334
f 326/326 349/349 325/325
f 349/349 240/240 325/325
f 298/298 240/240 349/349
f 298/298 349/349 300/300
f 350/350 349/349 326/326
f 300/300 349/349 350/350
f 351/351 303/303 254/254
f 239/239 351/351 241/241
f 351/351 325/325 241/241
f 254/254 325/325 351/351
f 352/352 353/353 354/354
f 354/354 353/353 355/355
f 356/356 331/331 348/348
f 357/357 356/356 358/358
f 348/348 358/358 356/356
f 358/358 348/348 333/333
f 337/337 358/358 333/333
f 264/264 265/265 359/359
f 359/359 265/265 360/360
f 361/361 354/354 355/355
f 361/361 362/362 363/363
f 363/363 354/354 361/361
f 329/329 364/364 362/362
f 363/363 362/362 364/364
f 356/356 364/364 331/331
f 331/331 364/364 329/329
f 317/317 365/365 316/316
f 342/342 316/316 365/365
f 366/366 365/365 317/317
f 346/346 366/366 317/317
f 261/261 367/367 260/260
f 260/260 367/367 368/368
f 367/367 357/357 368/368
f 368/368 357/357 369/369
f 357/357 358/358 369/369
f 280/280 282/282 370/370
f 280/280 371/371 250/250
f 371/371 252/252 250/250
f 370/370 371/371 280/280
f 308/308 310/310 372/372
f 302/302 373/373 306/306
f 372/372 310/310 373/373
f 372/372 373/373 302/302
f 370/370 282/282 374/374
f 375/375 371/371 370/370
f 370/370 374/374 375/375
f 376/376 359/359 360/360
f 376/376 360/360 377/377
f 378/378 376/376 377/377
f 259/259 338/338 379/379
f 267/267 380/380 268/268
f 268/268 381/381 327/327
f 381/381 336/336 322/322
f 268/268 380/380 381/381
f 327/327 381/381 322/322
f 381/381 382/382 336/336
f 380/380 382/382 381/381
f 383/383 373/373 310/310
f 373/373 384/384 306/306
f 384/384 311/311 306/306
f 383/383 384/384 373/373
f 385/385 324/324 347/347
f 385/385 321/321 324/324
f 295/295 321/321 385/385
f 385/385 347/347 386/386
f 295/295 386/386 293/293
f 385/385 386/386 295/295
f 386/386 347/347 387/387
f 347/347 332/332 387/387
f 387/387 332/332 330/330
f 388/388 359/359 376/376
f 378/378 388/388 376/376
f 389/389 388/388 378/378
f 265/265 390/390 360/360
f 377/377 360/360 390/390
f 263/263 312/312 391/391
f 391/391 312/312 314/314
f 363/363 364/364 392/392
f 393/393 364/364 356/356
f 392/392 364/364 393/393
f 394/394 303/303 351/351
f 345/345 303/303 394/394
f 394/394 351/351 239/239
f 395/395 358/358 337/337
f 369/369 358/358 395/395
f 354/354 363/363 396/396
f 396/396 363/363 392/392
f 382/382 397/397 336/336
f 336/336 397/397 337/337
f 398/398 389/389 378/378
f 265/265 263/263 399/399
f 399/399 263/263 391/391
f 399/399 390/390 265/265
f 400/400 354/354 396/396
f 401/401 252/252 371/371
f 375/375 401/401 371/371
f 402/402 403/403 404/404
f 404/404 403/403 405/405
f 406/406 407/407 408/408
f 408/408 407/407 409/409
f 410/410 411/411 412/412
f 412/412 411/411 413/413
f 414/414 415/415 416/416
f 417/417 404/404 405/405
f 418/418 417/417 419/419
f 419/419 417/417 405/405
f 420/420 421/421 422/422
f 422/422 421/421 423/423
f 404/404 423/423 402/402
f 419/419 405/405 424/424
f 424/424 405/405 403/403
f 419/419 424/424 425/425
f 419/419 425/425 418/418
f 425/425 424/424 426/426
f 427/427 428/428 429/429
f 429/429 428/428 430/430
f 417/417 418/418 431/431
f 431/431 418/418 432/432
f 428/428 433/433 430/430
f 430/430 433/433 434/434
f 435/435 436/436 437/437
f 438/438 428/428 427/427
f 418/418 425/425 439/439
f 418/418 439/439 432/432
f 440/440 428/428 438/438
f 438/438 439/439 440/440
f 440/440 439/439 425/425
f 406/406 441/441 442/442
f 442/442 441/441 443/443
f 444/444 445/445 409/409
f 446/446 445/445 444/444
f 447/447 448/448 449/449
f 449/449 448/448 450/450
f 451/451 404/404 417/417
f 451/451 423/423 404/404
f 422/422 423/423 451/451
f 452/452 409/409 407/407
f 444/444 409/409 452/452
f 453/453 454/454 455/455
f 455/455 454/454 456/456
f 408/408 409/409 457/457
f 457/457 409/409 445/445
f 457/457 458/458 408/408
f 406/406 459/459 441/441
f 408/408 459/459 406/406
f 408/408 458/458 459/459
f 448/448 460/460 450/450
f 461/461 450/450 460/460
f 461/461 460/460 462/462
f 462/462 460/460 463/463
f 442/442 464/464 406/406
f 406/406 464/464 407/407
f 407/407 465/465 452/452
f 464/464 465/465 407/407
f 438/438 427/427 466/466
f 438/438 466/466 439/439
f 466/466 427/427 467/467
f 468/468 417/417 431/431
f 451/451 417/417 468/468
f 468/468 431/431 469/469
f 431/431 432/432 470/470
f 469/469 431/431 470/470
f 402/402 423/423 471/471
f 421/421 471/471 423/423
f 402/402 471/471 472/472
f 472/472 471/471 473/473
f 440/440 425/425 474/474
f 474/474 425/425 426/426
f 440/440 474/474 428/428
f 428/428 474/474 433/433
f 475/475 476/476 477/477
f 477/477 476/476 478/478
f 479/479 480/480 481/481
f 481/481 480/480 482/482
f 483/483 469/469 470/470
f 484/484 469/469 483/483
f 471/471 485/485 473/473
f 485/485 471/471 421/421
f 426/426 486/486 474/474
f 474/474 486/486 487/487
f 474/474 487/487 433/433
f 488/488 489/489 490/490
f 490/490 489/489 491/491
f 439/439 466/466 492/492
f 432/432 439/439 492/492
f 483/483 493/493 484/484
f 484/484 493/493 494/494
f 437/437 436/436 494/494
f 426/426 495/495 486/486
f 424/424 495/495 426/426
f 424/424 403/403 495/495
f 403/403 402/402 496/496
f 495/495 403/403 496/496
f 496/496 402/402 472/472
f 434/434 433/433 497/497
f 433/433 487/487 497/497
f 498/498 499/499 500/500
f 500/500 499/499 501/501
f 414/414 502/502 415/415
f 414/414 503/503 502/502
f 466/466 467/467 504/504
f 410/410 505/505 504/504
f 504/504 505/505 506/506
f 492/492 506/506 432/432
f 492/492 466/466 506/506
f 506/506 466/466 504/504
f 507/507 412/412 413/413
f 508/508 509/509 510/510
f 510/510 509/509 511/511
f 512/512 413/413 411/411
f 513/513 410/410 504/504
f 411/411 410/410 513/513
f 513/513 512/512 411/411
f 504/504 467/467 513/513
f 513/513 467/467 514/514
f 514/514 512/512 513/513
f 494/494 493/493 515/515
f 516/516 515/515 517/517
f 515/515 493/493 518/518
f 517/517 515/515 518/518
f 514/514 467/467 519/519
f 429/429 519/519 427/427
f 427/427 519/519 467/467
f 520/520 476/476 475/475
f 521/521 520/520 475/475
f 484/484 494/494 522/522
f 522/522 494/494 436/436
f 505/505 410/410 523/523
f 523/523 410/410 412/412
f 505/505 523/523 524/524
f 470/470 524/524 483/483
f 483/483 525/525 493/493
f 524/524 525/525 483/483
f 525/525 518/518 493/493
f 524/524 523/523 525/525
f 449/449 526/526 447/447
f 447/447 526/526 527/527
f 506/506 505/505 528/528
f 470/470 432/432 528/528
f 528/528 524/524 470/470
f 432/432 506/506 528/528
f 528/528 505/505 524/524
f 529/529 484/484 522/522
f 469/469 529/529 468/468
f 469/469 484/484 529/529
f 451/451 530/530 422/422
f 422/422 530/530 420/420
f 468/468 529/529 530/530
f 468/468 530/530 451/451
f 531/531 516/516 517/517
f 478/478 532/532 477/477
f 477/477 532/532 533/533
f 531/531 534/534 535/535
f 502/502 536/536 415/415
f 536/536 475/475 477/477
f 502/502 503/503 536/536
f 536/536 477/477 537/537
f 537/537 477/477 533/533
f 415/415 536/536 537/537
f 415/415 537/537 416/416
f 442/442 443/443 538/538
f 539/539 540/540 541/541
f 531/531 517/517 542/542
f 534/534 531/531 542/542
f 517/517 518/518 542/542
f 489/489 543/543 482/482
f 482/482 543/543 481/481
f 488/488 543/543 489/489
f 535/535 534/534 544/544
f 544/544 534/534 545/545
f 544/544 545/545 412/412
f 542/542 545/545 534/534
f 412/412 545/545 523/523
f 441/441 546/546 443/443
f 441/441 459/459 546/546
f 546/546 547/547 478/478
f 546/546 459/459 547/547
f 478/478 547/547 532/532
f 547/547 548/548 532/532
f 548/548 459/459 458/458
f 547/547 459/459 548/548
f 540/540 539/539 549/549
f 533/533 550/550 539/539
f 549/549 539/539 550/550
f 532/532 548/548 550/550
f 532/532 550/550 533/533
f 458/458 551/551 548/548
f 457/457 551/551 458/458
f 550/550 552/552 549/549
f 548/548 551/551 552/552
f 548/548 552/552 550/550
f 476/476 553/553 478/478
f 443/443 553/553 538/538
f 478/478 553/553 546/546
f 443/443 546/546 553/553
f 538/538 553/553 554/554
f 555/555 553/553 476/476
f 554/554 553/553 555/555
f 555/555 476/476 520/520
f 545/545 556/556 523/523
f 523/523 556/556 525/525
f 556/556 545/545 542/542
f 556/556 518/518 525/525
f 542/542 518/518 556/556
f 507/507 413/413 557/557
f 557/557 413/413 512/512
f 529/529 558/558 530/530
f 420/420 530/530 559/559
f 530/530 558/558 559/559
f 560/560 529/529 522/522
f 436/436 560/560 522/522
f 558/558 529/529 560/560
f 435/435 560/560 436/436
f 561/561 562/562 563/563
f 562/562 499/499 563/563
f 563/563 499/499 498/498
f 564/564 565/565 566/566
f 566/566 565/565 567/567
f 509/509 568/568 569/569
f 569/569 568/568 570/570
f 571/571 572/572 573/573
f 573/573 572/572 574/574
f 564/564 574/574 565/565
f 573/573 574/574 564/564
f 567/567 575/575 566/566
f 566/566 575/575 488/488
f 575/575 543/543 488/488
f 575/575 567/567 576/576
f 567/567 565/565 577/577
f 576/576 567/567 577/577
f 575/575 578/578 543/543
f 576/576 454/454 578/578
f 543/543 578/578 481/481
f 578/578 454/454 453/453
f 576/576 578/578 575/575
f 503/503 579/579 536/536
f 579/579 475/475 536/536
f 577/577 565/565 580/580
f 576/576 581/581 454/454
f 577/577 581/581 576/576
f 581/581 456/456 454/454
f 577/577 582/582 581/581
f 580/580 582/582 577/577
f 582/582 583/583 581/581
f 581/581 583/583 584/584
f 584/584 456/456 581/581
f 585/585 533/533 539/539
f 416/416 537/537 585/585
f 537/537 533/533 585/585
f 586/586 587/587 588/588
f 588/588 587/587 589/589
f 590/590 591/591 592/592
f 592/592 591/591 593/593
f 565/565 594/594 580/580
f 574/574 594/594 565/565
f 594/594 574/574 595/595
f 595/595 574/574 572/572
f 462/462 596/596 461/461
f 461/461 596/596 587/587
f 596/596 462/462 597/597
f 597/597 462/462 598/598
f 480/480 479/479 599/599
f 600/600 601/601 602/602
f 602/602 601/601 603/603
f 510/510 511/511 604/604
f 604/604 511/511 605/605
f 590/590 603/603 606/606
f 606/606 603/603 601/601
f 606/606 601/601 607/607
f 600/600 608/608 601/601
f 500/500 608/608 498/498
f 607/607 608/608 500/500
f 607/607 601/601 608/608
f 562/562 609/609 499/499
f 562/562 561/561 609/609
f 499/499 609/609 610/610
f 499/499 610/610 501/501
f 569/569 570/570 611/611
f 602/602 611/611 600/600
f 602/602 569/569 611/611
f 588/588 589/589 612/612
f 600/600 611/611 612/612
f 501/501 610/610 613/613
f 614/614 615/615 616/616
f 617/617 608/608 600/600
f 600/600 612/612 617/617
f 617/617 498/498 608/608
f 563/563 498/498 617/617
f 580/580 618/618 582/582
f 594/594 618/618 580/580
f 618/618 583/583 582/582
f 571/571 619/619 572/572
f 620/620 619/619 621/621
f 621/621 619/619 622/622
f 622/622 619/619 571/571
f 509/509 623/623 511/511
f 623/623 569/569 602/602
f 623/623 605/605 511/511
f 569/569 623/623 509/509
f 624/624 605/605 623/623
f 624/624 602/602 603/603
f 623/623 602/602 624/624
f 592/592 605/605 624/624
f 590/590 624/624 603/603
f 592/592 624/624 590/590
f 572/572 625/625 595/595
f 619/619 625/625 572/572
f 619/619 620/620 625/625
f 625/625 620/620 626/626
f 606/606 607/607 627/627
f 590/590 627/627 591/591
f 606/606 627/627 590/590
f 607/607 500/500 628/628
f 627/627 607/607 628/628
f 629/629 488/488 490/490
f 566/566 488/488 629/629
f 625/625 630/630 595/595
f 626/626 630/630 625/625
f 631/631 630/630 626/626
f 563/563 632/632 561/561
f 563/563 617/617 632/632
f 609/609 561/561 633/633
f 561/561 632/632 633/633
f 588/588 612/612 634/634
f 634/634 612/612 611/611
f 634/634 586/586 588/588
f 611/611 570/570 634/634
f 635/635 636/636 593/593
f 637/637 636/636 635/635
f 595/595 630/630 638/638
f 594/594 638/638 618/618
f 595/595 638/638 594/594
f 570/570 568/568 639/639
f 639/639 640/640 570/570
f 640/640 586/586 634/634
f 570/570 640/640 634/634
f 613/613 641/641 501/501
f 642/642 641/641 613/613
f 643/643 593/593 636/636
f 592/592 593/593 643/643
f 643/643 605/605 592/592
f 644/644 605/605 643/643
f 643/643 636/636 644/644
f 604/604 605/605 644/644
f 637/637 645/645 636/636
f 644/644 636/636 645/645
f 641/641 646/646 501/501
f 501/501 646/646 500/500
f 628/628 500/500 646/646
f 641/641 647/647 646/646
f 647/647 648/648 646/646
f 646/646 648/648 628/628
f 649/649 449/449 450/450
f 649/649 450/450 461/461
f 649/649 587/587 586/586
f 640/640 649/649 586/586
f 461/461 587/587 649/649
f 617/617 612/612 650/650
f 632/632 617/617 650/650
f 650/650 589/589 632/632
f 612/612 589/589 650/650
f 449/449 651/651 526/526
f 651/651 449/449 649/649
f 640/640 639/639 651/651
f 651/651 649/649 640/640
f 651/651 639/639 652/652
f 652/652 615/615 614/614
f 526/526 651/651 652/652
f 648/648 653/653 628/628
f 628/628 653/653 627/627
f 653/653 591/591 627/627
f 654/654 591/591 653/653
f 654/654 593/593 591/591
f 635/635 593/593 654/654
f 655/655 641/641 642/642
f 655/655 647/647 641/641
f 479/479 656/656 599/599
f 656/656 657/657 599/599
f 587/587 658/658 589/589
f 596/596 658/658 587/587
f 658/658 633/633 632/632
f 632/632 589/589 658/658
f 598/598 462/462 659/659
f 448/448 447/447 660/660
f 447/447 527/527 660/660
f 597/597 661/661 596/596
f 596/596 661/661 658/658
f 661/661 633/633 658/658
f 661/661 662/662 633/633
f 661/661 597/597 662/662
f 598/598 663/663 597/597
f 662/662 597/597 663/663
f 664/664 609/609 633/633
f 633/633 662/662 664/664
f 453/453 455/455 665/665
f 639/639 568/568 666/666
f 615/615 652/652 666/666
f 666/666 652/652 639/639
f 448/448 660/660 667/667
f 667/667 460/460 448/448
f 667/667 463/463 460/460
f 668/668 667/667 660/660
f 668/668 463/463 667/667
f 669/669 479/479 481/481
f 656/656 479/479 669/669
f 656/656 669/669 657/657
f 481/481 578/578 669/669
f 578/578 453/453 669/669
f 670/670 598/598 659/659
f 670/670 663/663 598/598
f 671/671 491/491 489/489
f 672/672 566/566 629/629
f 672/672 573/573 564/564
f 564/564 566/566 672/672
f 509/509 673/673 568/568
f 508/508 673/673 509/509
f 674/674 615/615 666/666
f 616/616 615/615 674/674
f 673/673 674/674 568/568
f 568/568 674/674 666/666
f 657/657 669/669 675/675
f 669/669 453/453 675/675
f 676/676 677/677 678/678
f 678/678 677/677 679/679
f 680/680 681/681 682/682
f 683/683 684/684 685/685
f 685/685 684/684 686/686
f 687/687 688/688 689/689
f 689/689 688/688 690/690
f 691/691 692/692 693/693
f 693/693 692/692 694/694
f 695/695 696/696 697/697
f 697/697 696/696 698/698
f 699/699 700/700 683/683
f 701/701 702/702 703/703
f 704/704 682/682 681/681
f 702/702 682/682 704/704
f 703/703 702/702 704/704
f 705/705 706/706 707/707
f 707/707 706/706 708/708
f 709/709 710/710 711/711
f 712/712 713/713 714/714
f 715/715 716/716 717/717
f 718/718 719/719 720/720
f 676/676 678/678 721/721
f 721/721 678/678 722/722
f 690/690 688/688 723/723
f 723/723 724/724 725/725
f 726/726 727/727 723/723
f 728/728 729/729 730/730
f 726/726 731/731 727/727
f 732/732 731/731 726/726
f 733/733 734/734 735/735
f 735/735 734/734 736/736
f 737/737 733/733 735/735
f 692/692 691/691 737/737
f 738/738 725/725 724/724
f 722/722 739/739 721/721
f 739/739 726/726 740/740
f 686/686 741/741 685/685
f 685/685 741/741 742/742
f 743/743 744/744 745/745
f 679/679 746/746 747/747
f 729/729 735/735 748/748
f 742/742 741/741 748/748
f 749/749 750/750 737/737
f 746/746 751/751 752/752
f 752/752 751/751 753/753
f 754/754 755/755 740/740
f 687/687 756/756 688/688
f 688/688 756/756 757/757
f 750/750 749/749 758/758
f 759/759 701/701 703/703
f 760/760 761/761 762/762
f 693/693 763/763 691/691
f 691/691 763/763 764/764
f 764/764 763/763 765/765
f 704/704 766/766 767/767
f 703/703 704/704 768/768
f 768/768 704/704 767/767
f 769/769 770/770 771/771
f 771/771 770/770 772/772
f 773/773 774/774 775/775
f 776/776 777/777 713/713
f 734/734 778/778 736/736
f 736/736 778/778 779/779
f 779/779 708/708 706/706
f 778/778 708/708 779/779
f 780/780 781/781 782/782
f 732/732 783/783 731/731
f 784/784 783/783 732/732
f 785/785 770/770 786/786
f 786/786 770/770 769/769
f 787/787 788/788 789/789
f 790/790 791/791 792/792
f 782/782 793/793 794/794
f 795/795 703/703 796/796
f 796/796 703/703 768/768
f 694/694 692/692 797/797
f 797/797 692/692 798/798
f 799/799 800/800 801/801
f 802/802 803/803 804/804
f 805/805 806/806 770/770
f 770/770 806/806 772/772
f 753/753 807/807 752/752
f 752/752 807/807 808/808
f 786/786 809/809 785/785
f 785/785 809/809 810/810
f 811/811 810/810 809/809
f 784/784 812/812 783/783
f 813/813 812/812 784/784
f 812/812 813/813 814/814
f 814/814 813/813 815/815
f 814/814 815/815 816/816
f 816/816 815/815 817/817
f 818/818 819/819 820/820
f 789/789 788/788 821/821
f 821/821 822/822 774/774
f 821/821 788/788 822/822
f 774/774 822/822 823/823
f 800/800 818/818 824/824
f 793/793 825/825 826/826
f 827/827 819/819 799/799
f 805/805 828/828 829/829
f 829/829 828/828 830/830
f 830/830 828/828 831/831
f 825/825 781/781 832/832
f 833/833 834/834 835/835
f 696/696 695/695 836/836
f 837/837 833/833 835/835
f 698/698 837/837 697/697
f 838/838 833/833 837/837
f 838/838 837/837 764/764
f 839/839 837/837 698/698
f 764/764 837/837 839/839
f 805/805 840/840 806/806
f 841/841 826/826 842/842
f 842/842 832/832 700/700
f 843/843 832/832 842/842
f 842/842 826/826 843/843
f 844/844 845/845 714/714
f 846/846 845/845 844/844
f 847/847 751/751 848/848
f 849/849 850/850 851/851
f 852/852 828/828 805/805
f 716/716 715/715 853/853
f 853/853 715/715 854/854
f 853/853 854/854 850/850
f 850/850 854/854 851/851
f 855/855 805/805 770/770
f 771/771 856/856 690/690
f 690/690 856/856 689/689
f 857/857 856/856 771/771
f 858/858 803/803 802/802
f 859/859 803/803 858/858
f 860/860 861/861 862/862
f 859/859 863/863 803/803
f 864/864 719/719 718/718
f 863/863 719/719 864/864
f 803/803 863/863 864/864
f 775/775 774/774 865/865
f 865/865 774/774 823/823
f 866/866 776/776 867/867
f 867/867 776/776 868/868
f 869/869 862/862 870/870
f 868/868 871/871 774/774
f 807/807 847/847 872/872
f 873/873 872/872 874/874
f 777/777 875/875 844/844
f 875/875 866/866 876/876
f 876/876 866/866 867/867
f 837/837 835/835 877/877
f 878/878 852/852 870/870
f 831/831 878/878 861/861
f 879/879 880/880 711/711
f 881/881 880/880 879/879
f 880/880 881/881 882/882
f 709/709 882/882 883/883
f 835/835 884/884 824/824
f 885/885 884/884 835/835
f 886/886 887/887 883/883
f 888/888 884/884 885/885
f 801/801 884/884 888/888
f 882/882 881/881 889/889
f 890/890 705/705 707/707
f 891/891 705/705 890/890
f 887/887 892/892 710/710
f 710/710 892/892 893/893
f 889/889 803/803 894/894
f 830/830 895/895 876/876
f 896/896 874/874 848/848
f 879/879 897/897 888/888
f 898/898 899/899 900/900
f 900/900 901/901 898/898
f 902/902 901/901 900/900
f 903/903 904/904 905/905
f 905/905 904/904 906/906
f 907/907 908/908 909/909
f 909/909 908/908 910/910
f 904/904 911/911 906/906
f 906/906 911/911 912/912
f 911/911 913/913 912/912
f 912/912 913/913 914/914
f 914/914 909/909 910/910
f 913/913 909/909 914/914
f 915/915 903/903 916/916
f 916/916 903/903 905/905
f 917/917 915/915 916/916
f 908/908 907/907 918/918
f 902/902 919/919 901/901
f 918/918 907/907 919/919
f 918/918 919/919 902/902
f 920/920 921/921 922/922
f 920/920 923/923 921/921
f 921/921 923/923 924/924
f 925/925 926/926 927/927
f 927/927 926/926 928/928
f 929/929 930/930 931/931
f 931/931 930/930 932/932
f 927/927 928/928 933/933
f 933/933 928/928 934/934
f 933/933 934/934 935/935
f 935/935 936/936 931/931
f 931/931 936/936 929/929
f 935/935 934/934 936/936
f 925/925 937/937 926/926
f 938/938 937/937 925/925
f 939/939 937/937 938/938
f 923/923 940/940 924/924
f 941/941 932/932 930/930
f 940/940 932/932 941/941
f 924/924 940/940 941/941
f 942/942 943/943 944/944
f 944/944 943/943 945/945
f 946/946 947/947 948/948
f 949/949 950/950 951/951
f 951/951 950/950 952/952
f 953/953 954/954 955/955
f 955/955 954/954 956/956
f 957/957 958/958 959/959
f 959/959 958/958 960/960
f 952/952 961/961 951/951
f 962/962 963/963 964/964
f 965/965 966/966 967/967
f 968/968 942/942 969/969
f 943/943 942/942 968/968
f 969/969 970/970 968/968
f 971/971 972/972 973/973
f 974/974 975/975 976/976
f 977/977 978/978 979/979
f 966/966 980/980 967/967
f 981/981 945/945 982/982
f 983/983 984/984 985/985
f 986/986 987/987 988/988
f 989/989 990/990 991/991
f 992/992 993/993 994/994
f 995/995 996/996 997/997
f 998/998 999/999 1000/1000
f 1001/1001 1002/1002 1003/1003
f 1003/1003 1002/1002 1004/1004
f 1005/1005 1006/1006 1007/1007
f 1007/1007 1006/1006 1008/1008
f 1009/1009 1010/1010 1011/1011
f 1011/1011 1010/1010 1012/1012
f 1013/1013 1014/1014 1015/1015
f 1016/1016 1017/1017 1018/1018
f 1019/1019 988/988 987/987
f 1019/1019 944/944 1020/1020
f 1004/1004 1002/1002 1021/1021
f 1021/1021 1002/1002 1022/1022
f 972/972 1023/1023 973/973
f 973/973 1023/1023 1024/1024
f 1025/1025 968/968 970/970
f 998/998 1025/1025 970/970
f 1026/1026 1027/1027 1028/1028
f 1029/1029 1030/1030 1028/1028
f 1031/1031 1000/1000 1032/1032
f 1033/1033 985/985 984/984
f 1033/1033 984/984 1034/1034
f 1034/1034 984/984 1035/1035
f 984/984 983/983 1035/1035
f 961/961 1036/1036 951/951
f 993/993 992/992 1037/1037
f 1038/1038 1039/1039 948/948
f 1040/1040 978/978 977/977
f 998/998 1041/1041 1025/1025
f 1000/1000 1041/1041 998/998
f 1025/1025 1041/1041 959/959
f 1042/1042 1043/1043 1044/1044
f 1044/1044 1043/1043 1045/1045
f 990/990 1046/1046 1047/1047
f 1048/1048 1047/1047 1046/1046
f 959/959 1049/1049 1025/1025
f 1036/1036 1050/1050 951/951
f 951/951 1050/1050 949/949
f 1046/1046 1051/1051 1048/1048
f 1052/1052 1053/1053 1054/1054
f 960/960 958/958 1055/1055
f 1055/1055 958/958 1056/1056
f 1055/1055 1056/1056 981/981
f 981/981 1056/1056 1057/1057
f 971/971 1058/1058 972/972
f 1058/1058 1023/1023 972/972
f 1002/1002 1059/1059 1022/1022
f 1001/1001 1059/1059 1002/1002
f 1060/1060 977/977 979/979
f 1061/1061 977/977 1060/1060
f 1062/1062 1050/1050 1063/1063
f 976/976 975/975 1064/1064
f 1064/1064 975/975 1065/1065
f 970/970 1066/1066 998/998
f 1067/1067 1020/1020 944/944
f 1007/1007 1068/1068 1067/1067
f 1068/1068 1020/1020 1067/1067
f 1016/1016 1069/1069 1027/1027
f 1016/1016 1027/1027 1070/1070
f 1066/1066 1070/1070 1027/1027
f 1040/1040 977/977 1071/1071
f 1071/1071 977/977 1061/1061
f 1068/1068 1007/1007 1072/1072
f 1008/1008 1072/1072 1007/1007
f 1073/1073 1072/1072 1053/1053
f 1074/1074 1075/1075 996/996
f 1076/1076 1023/1023 1058/1058
f 1048/1048 1051/1051 1077/1077
f 1016/1016 1070/1070 1078/1078
f 1070/1070 994/994 1078/1078
f 965/965 1079/1079 966/966
f 966/966 1079/1079 1080/1080
f 1080/1080 980/980 966/966
f 1081/1081 980/980 1080/1080
f 947/947 946/946 1082/1082
f 962/962 1083/1083 963/963
f 963/963 1083/1083 1084/1084
f 1048/1048 1085/1085 1047/1047
f 1077/1077 1085/1085 1048/1048
f 1086/1086 1082/1082 1039/1039
f 1087/1087 985/985 1033/1033
f 1009/1009 1088/1088 1010/1010
f 1089/1089 1088/1088 1009/1009
f 1090/1090 1088/1088 1091/1091
f 1091/1091 1088/1088 1089/1089
f 1092/1092 1093/1093 1094/1094
f 1094/1094 1093/1093 1095/1095
f 1096/1096 1097/1097 1098/1098
f 1098/1098 1097/1097 1099/1099
f 1100/1100 1101/1101 1102/1102
f 1103/1103 1104/1104 1105/1105
f 1105/1105 1104/1104 1106/1106
f 1107/1107 1108/1108 1109/1109
f 1109/1109 1108/1108 1110/1110
f 1111/1111 1112/1112 1113/1113
f 1113/1113 1112/1112 1114/1114
f 1103/1103 1105/1105 1115/1115
f 1116/1116 1117/1117 1118/1118
f 1119/1119 1120/1120 1121/1121
f 1122/1122 1099/1099 1097/1097
f 1123/1123 1099/1099 1122/1122
f 1123/1123 1122/1122 1124/1124
f 1125/1125 1126/1126 1127/1127
f 1128/1128 1129/1129 1130/1130
f 1131/1131 1132/1132 1133/1133
f 1121/1121 1120/1120 1134/1134
f 1135/1135 1136/1136 1096/1096
f 1137/1137 1138/1138 1139/1139
f 1140/1140 1141/1141 1142/1142
f 1143/1143 1144/1144 1145/1145
f 1146/1146 1147/1147 1148/1148
f 1149/1149 1150/1150 1151/1151
f 1152/1152 1153/1153 1154/1154
f 1155/1155 1156/1156 1157/1157
f 1157/1157 1156/1156 1158/1158
f 1159/1159 1160/1160 1161/1161
f 1161/1161 1160/1160 1162/1162
f 1163/1163 1164/1164 1165/1165
f 1165/1165 1164/1164 1166/1166
f 1167/1167 1168/1168 1169/1169
f 1170/1170 1171/1171 1172/1172
f 1173/1173 1142/1142 1141/1141
f 1173/1173 1174/1174 1098/1098
f 1155/1155 1175/1175 1156/1156
f 1156/1156 1175/1175 1176/1176
f 1127/1127 1126/1126 1177/1177
f 1177/1177 1126/1126 1178/1178
f 1179/1179 1124/1124 1122/1122
f 1152/1152 1124/1124 1179/1179
f 1180/1180 1181/1181 1182/1182
f 1183/1183 1181/1181 1184/1184
f 1185/1185 1186/1186 1153/1153
f 1139/1139 1138/1138 1187/1187
f 1187/1187 1188/1188 1139/1139
f 1139/1139 1189/1189 1137/1137
f 1139/1139 1188/1188 1189/1189
f 1115/1115 1105/1105 1190/1190
f 1148/1148 1191/1191 1146/1146
f 1192/1192 1101/1101 1193/1193
f 1194/1194 1131/1131 1133/1133
f 1153/1153 1152/1152 1195/1195
f 1179/1179 1195/1195 1152/1152
f 1113/1113 1195/1195 1179/1179
f 1196/1196 1197/1197 1198/1198
f 1198/1198 1197/1197 1199/1199
f 1145/1145 1200/1200 1201/1201
f 1202/1202 1201/1201 1200/1200
f 1113/1113 1179/1179 1203/1203
f 1204/1204 1105/1105 1106/1106
f 1190/1190 1105/1105 1204/1204
f 1201/1201 1202/1202 1205/1205
f 1206/1206 1207/1207 1208/1208
f 1209/1209 1112/1112 1111/1111
f 1209/1209 1135/1135 1210/1210
f 1210/1210 1112/1112 1209/1209
f 1210/1210 1135/1135 1211/1211
f 1125/1125 1127/1127 1212/1212
f 1127/1127 1177/1177 1212/1212
f 1158/1158 1156/1156 1213/1213
f 1156/1156 1176/1176 1213/1213
f 1131/1131 1214/1214 1132/1132
f 1215/1215 1214/1214 1131/1131
f 1216/1216 1217/1217 1204/1204
f 1218/1218 1130/1130 1129/1129
f 1219/1219 1130/1130 1218/1218
f 1124/1124 1152/1152 1220/1220
f 1221/1221 1098/1098 1174/1174
f 1222/1222 1221/1221 1174/1174
f 1161/1161 1221/1221 1222/1222
f 1170/1170 1182/1182 1223/1223
f 1220/1220 1182/1182 1224/1224
f 1170/1170 1224/1224 1182/1182
f 1215/1215 1131/1131 1225/1225
f 1225/1225 1131/1131 1194/1194
f 1222/1222 1226/1226 1161/1161
f 1159/1159 1161/1161 1226/1226
f 1227/1227 1208/1208 1226/1226
f 1228/1228 1151/1151 1229/1229
f 1212/1212 1177/1177 1230/1230
f 1202/1202 1231/1231 1205/1205
f 1170/1170 1232/1232 1224/1224
f 1224/1224 1232/1232 1147/1147
f 1119/1119 1121/1121 1233/1233
f 1233/1233 1121/1121 1234/1234
f 1134/1134 1234/1234 1121/1121
f 1235/1235 1234/1234 1134/1134
f 1102/1102 1236/1236 1100/1100
f 1116/1116 1118/1118 1237/1237
f 1237/1237 1118/1118 1238/1238
f 1231/1231 1202/1202 1239/1239
f 1239/1239 1202/1202 1200/1200
f 1240/1240 1193/1193 1236/1236
f 1187/1187 1138/1138 1241/1241
f 1242/1242 1163/1163 1243/1243
f 1243/1243 1163/1163 1165/1165
f 1242/1242 1243/1243 1244/1244
f 1244/1244 1243/1243 1245/1245
f 1246/1246 1247/1247 1248/1248
f 1248/1248 1247/1247 1249/1249
f 1250/1250 1251/1251 1252/1252
f 1253/1253 1254/1254 1255/1255
f 1256/1256 1257/1257 1258/1258
f 1259/1259 1260/1260 1261/1261
f 1262/1262 1263/1263 1255/1255
f 1255/1255 1263/1263 1264/1264
f 1265/1265 1266/1266 1267/1267
f 1268/1268 1269/1269 1270/1270
f 1271/1271 1272/1272 1273/1273
f 1274/1274 1272/1272 1259/1259
f 1275/1275 1272/1272 1274/1274
f 1276/1276 1277/1277 1278/1278
f 1278/1278 1277/1277 1279/1279
f 1277/1277 1280/1280 1263/1263
f 1263/1263 1280/1280 1281/1281
f 1281/1281 1280/1280 1282/1282
f 1281/1281 1282/1282 1283/1283
f 1274/1274 1284/1284 1275/1275
f 1272/1272 1275/1275 1285/1285
f 1259/1259 1286/1286 1260/1260
f 1275/1275 1284/1284 1287/1287
f 1268/1268 1270/1270 1288/1288
f 1289/1289 1290/1290 1291/1291
f 1291/1291 1290/1290 1292/1292
f 1293/1293 1294/1294 1295/1295
f 1295/1295 1294/1294 1296/1296
f 1297/1297 1298/1298 1299/1299
f 1292/1292 1300/1300 1291/1291
f 1299/1299 1298/1298 1300/1300
f 1299/1299 1300/1300 1292/1292
f 1301/1301 1302/1302 1297/1297
f 1297/1297 1302/1302 1298/1298
f 1303/1303 1304/1304 1305/1305
f 1305/1305 1304/1304 1306/1306
f 1307/1307 1308/1308 1296/1296
f 1296/1296 1308/1308 1309/1309
f 1296/1296 1309/1309 1295/1295
f 1310/1310 1311/1311 1289/1289
f 1312/1312 1311/1311 1310/1310
f 1313/1313 1314/1314 1315/1315
f 1315/1315 1314/1314 1316/1316
f 1317/1317 1318/1318 1319/1319
f 1319/1319 1318/1318 1320/1320
f 1321/1321 1316/1316 1314/1314
f 1322/1322 1316/1316 1321/1321
f 1323/1323 1324/1324 1325/1325
f 1298/1298 1326/1326 1300/1300
f 1327/1327 1328/1328 1329/1329
f 1329/1329 1328/1328 1330/1330
f 1293/1293 1331/1331 1294/1294
f 1296/1296 1332/1332 1307/1307
f 1294/1294 1331/1331 1332/1332
f 1294/1294 1332/1332 1296/1296
f 1328/1328 1327/1327 1333/1333
f 1333/1333 1327/1327 1334/1334
f 1335/1335 1322/1322 1321/1321
f 1336/1336 1322/1322 1335/1335
f 1335/1335 1337/1337 1336/1336
f 1308/1308 1338/1338 1309/1309
f 1336/1336 1337/1337 1338/1338
f 1315/1315 1339/1339 1331/1331
f 1339/1339 1340/1340 1331/1331
f 1331/1331 1340/1340 1332/1332
f 1340/1340 1307/1307 1332/1332
f 1336/1336 1341/1341 1322/1322
f 1322/1322 1341/1341 1342/1342
f 1336/1336 1343/1343 1341/1341
f 1338/1338 1308/1308 1343/1343
f 1338/1338 1343/1343 1336/1336
f 1302/1302 1344/1344 1298/1298
f 1298/1298 1344/1344 1345/1345
f 1312/1312 1346/1346 1311/1311
f 1346/1346 1347/1347 1311/1311
f 1347/1347 1346/1346 1348/1348
f 1348/1348 1346/1346 1349/1349
f 1306/1306 1304/1304 1350/1350
f 1350/1350 1304/1304 1351/1351
f 1350/1350 1351/1351 1352/1352
f 1352/1352 1351/1351 1353/1353
f 1353/1353 1354/1354 1352/1352
f 1319/1319 1354/1354 1317/1317
f 1352/1352 1354/1354 1355/1355
f 1356/1356 1357/1357 1358/1358
f 1344/1344 1359/1359 1324/1324
f 1324/1324 1359/1359 1325/1325
f 1325/1325 1359/1359 1357/1357
f 1358/1358 1357/1357 1359/1359
f 1360/1360 1361/1361 1322/1322
f 1322/1322 1361/1361 1316/1316
f 1348/1348 1349/1349 1362/1362
f 1362/1362 1349/1349 1363/1363
f 1301/1301 1363/1363 1302/1302
f 1362/1362 1363/1363 1301/1301
f 1295/1295 1309/1309 1364/1364
f 1364/1364 1338/1338 1337/1337
f 1309/1309 1338/1338 1364/1364
f 1365/1365 1354/1354 1319/1319
f 1349/1349 1366/1366 1363/1363
f 1366/1366 1349/1349 1367/1367
f 1367/1367 1349/1349 1346/1346
f 1366/1366 1367/1367 1358/1358
f 1367/1367 1346/1346 1312/1312
f 1368/1368 1307/1307 1340/1340
f 1307/1307 1368/1368 1308/1308
f 1308/1308 1368/1368 1369/1369
f 1343/1343 1308/1308 1369/1369
f 1312/1312 1370/1370 1367/1367
f 1358/1358 1367/1367 1370/1370
f 1371/1371 1370/1370 1312/1312
f 1372/1372 1373/1373 1374/1374
f 1374/1374 1373/1373 1375/1375
f 1315/1315 1316/1316 1376/1376
f 1376/1376 1316/1316 1361/1361
f 1376/1376 1339/1339 1315/1315
f 1356/1356 1358/1358 1377/1377
f 1377/1377 1358/1358 1370/1370
f 1324/1324 1378/1378 1344/1344
f 1379/1379 1289/1289 1291/1291
f 1380/1380 1320/1320 1381/1381
f 1381/1381 1320/1320 1318/1318
f 1382/1382 1303/1303 1305/1305
f 1380/1380 1381/1381 1382/1382
f 1382/1382 1381/1381 1383/1383
f 1383/1383 1303/1303 1382/1382
f 1384/1384 1315/1315 1331/1331
f 1313/1313 1315/1315 1384/1384
f 1384/1384 1331/1331 1293/1293
f 1366/1366 1358/1358 1385/1385
f 1302/1302 1385/1385 1344/1344
f 1385/1385 1359/1359 1344/1344
f 1363/1363 1385/1385 1302/1302
f 1363/1363 1366/1366 1385/1385
f 1385/1385 1358/1358 1359/1359
f 1329/1329 1330/1330 1386/1386
f 1387/1387 1388/1388 1371/1371
f 1370/1370 1388/1388 1377/1377
f 1371/1371 1388/1388 1370/1370
f 1290/1290 1289/1289 1389/1389
f 1389/1389 1289/1289 1311/1311
f 1311/1311 1347/1347 1389/1389
f 1390/1390 1371/1371 1312/1312
f 1391/1391 1392/1392 1393/1393
f 1393/1393 1392/1392 1394/1394
f 1395/1395 1396/1396 1397/1397
f 1397/1397 1396/1396 1398/1398
f 1399/1399 1400/1400 1401/1401
f 1401/1401 1400/1400 1402/1402
f 1399/1399 1403/1403 1400/1400
f 1404/1404 1403/1403 1399/1399
f 1403/1403 1404/1404 1405/1405
f 1406/1406 1391/1391 1405/1405
f 1405/1405 1404/1404 1406/1406
f 1392/1392 1391/1391 1406/1406
f 1407/1407 1408/1408 1409/1409
f 1409/1409 1408/1408 1410/1410
f 1400/1400 1403/1403 1411/1411
f 1411/1411 1412/1412 1400/1400
f 1400/1400 1412/1412 1402/1402
f 1413/1413 1405/1405 1391/1391
f 1414/1414 1413/1413 1415/1415
f 1416/1416 1393/1393 1396/1396
f 1415/1415 1416/1416 1395/1395
f 1415/1415 1413/1413 1416/1416
f 1416/1416 1391/1391 1393/1393
f 1395/1395 1416/1416 1396/1396
f 1413/1413 1391/1391 1416/1416
f 1417/1417 1418/1418 1419/1419
f 1419/1419 1418/1418 1420/1420
f 1421/1421 1422/1422 1423/1423
f 1423/1423 1422/1422 1424/1424
f 1410/1410 1425/1425 1409/1409
f 1409/1409 1425/1425 1426/1426
f 1427/1427 1426/1426 1425/1425
f 1428/1428 1421/1421 1423/1423
f 1429/1429 1421/1421 1428/1428
f 1412/1412 1411/1411 1430/1430
f 1430/1430 1411/1411 1431/1431
f 1414/1414 1432/1432 1413/1413
f 1432/1432 1405/1405 1413/1413
f 1433/1433 1432/1432 1414/1414
f 1405/1405 1434/1434 1403/1403
f 1432/1432 1433/1433 1434/1434
f 1411/1411 1403/1403 1434/1434
f 1432/1432 1434/1434 1405/1405
f 1435/1435 1411/1411 1434/1434
f 1431/1431 1411/1411 1435/1435
f 1434/1434 1433/1433 1435/1435
f 1436/1436 1427/1427 1425/1425
f 1410/1410 1436/1436 1425/1425
f 1437/1437 1427/1427 1436/1436
f 1419/1419 1420/1420 1438/1438
f 1427/1427 1437/1437 1438/1438
f 1438/1438 1439/1439 1427/1427
f 1438/1438 1420/1420 1439/1439
f 1427/1427 1440/1440 1426/1426
f 1427/1427 1439/1439 1440/1440
f 1407/1407 1441/1441 1408/1408
f 1441/1441 1442/1442 1408/1408
f 1441/1441 1443/1443 1442/1442
f 1417/1417 1444/1444 1443/1443
f 1442/1442 1443/1443 1444/1444
f 1445/1445 1446/1446 1447/1447
f 1447/1447 1446/1446 1448/1448
f 1396/1396 1448/1448 1398/1398
f 1396/1396 1393/1393 1448/1448
f 1448/1448 1394/1394 1447/1447
f 1393/1393 1394/1394 1448/1448
f 1398/1398 1448/1448 1446/1446
f 1449/1449 1402/1402 1412/1412
f 1398/1398 1449/1449 1397/1397
f 1449/1449 1412/1412 1450/1450
f 1397/1397 1449/1449 1450/1450
f 1450/1450 1412/1412 1430/1430
f 1451/1451 1444/1444 1417/1417
f 1451/1451 1417/1417 1452/1452
f 1452/1452 1417/1417 1419/1419
f 1453/1453 1446/1446 1445/1445
f 1401/1401 1402/1402 1453/1453
f 1454/1454 1402/1402 1449/1449
f 1453/1453 1402/1402 1454/1454
f 1454/1454 1446/1446 1453/1453
f 1446/1446 1454/1454 1398/1398
f 1398/1398 1454/1454 1449/1449
f 1455/1455 1443/1443 1441/1441
f 1455/1455 1441/1441 1456/1456
f 1456/1456 1441/1441 1407/1407
f 1410/1410 1408/1408 1457/1457
f 1457/1457 1436/1436 1410/1410
f 1457/1457 1408/1408 1458/1458
f 1408/1408 1442/1442 1458/1458
f 1428/1428 1459/1459 1429/1429
f 1429/1429 1459/1459 1460/1460
f 1461/1461 1419/1419 1438/1438
f 1438/1438 1437/1437 1461/1461
f 1426/1426 1440/1440 1462/1462
f 1426/1426 1463/1463 1409/1409
f 1462/1462 1463/1463 1426/1426
f 1456/1456 1407/1407 1463/1463
f 1463/1463 1407/1407 1409/1409
f 1443/1443 1464/1464 1417/1417
f 1464/1464 1443/1443 1455/1455
f 1417/1417 1464/1464 1418/1418
f 1465/1465 1424/1424 1422/1422
f 1466/1466 1419/1419 1461/1461
f 1467/1467 1468/1468 1469/1469
f 1469/1469 1468/1468 1470/1470
f 1471/1471 1472/1472 1473/1473
f 1473/1473 1472/1472 1474/1474
f 1468/1468 1475/1475 1470/1470
f 1470/1470 1475/1475 1476/1476
f 1477/1477 1478/1478 1479/1479
f 1479/1479 1478/1478 1480/1480
f 1481/1481 1482/1482 1483/1483
f 1483/1483 1482/1482 1484/1484
f 1485/1485 1486/1486 1487/1487
f 1487/1487 1486/1486 1488/1488
f 1471/1471 1473/1473 1489/1489
f 1489/1489 1473/1473 1490/1490
f 1474/1474 1491/1491 1473/1473
f 1492/1492 1491/1491 1474/1474
f 1493/1493 1491/1491 1492/1492
f 1494/1494 1495/1495 1496/1496
f 1496/1496 1495/1495 1497/1497
f 1495/1495 1498/1498 1497/1497
f 1499/1499 1498/1498 1495/1495
f 1498/1498 1499/1499 1488/1488
f 1488/1488 1500/1500 1487/1487
f 1488/1488 1499/1499 1500/1500
f 1487/1487 1500/1500 1501/1501
f 1488/1488 1502/1502 1498/1498
f 1486/1486 1502/1502 1488/1488
f 1498/1498 1502/1502 1497/1497
f 1497/1497 1502/1502 1503/1503
f 1504/1504 1505/1505 1506/1506
f 1506/1506 1505/1505 1507/1507
f 1508/1508 1509/1509 1510/1510
f 1510/1510 1509/1509 1511/1511
f 1472/1472 1512/1512 1474/1474
f 1474/1474 1512/1512 1492/1492
f 1501/1501 1513/1513 1487/1487
f 1514/1514 1494/1494 1496/1496
f 1513/1513 1494/1494 1514/1514
f 1487/1487 1513/1513 1514/1514
f 1515/1515 1516/1516 1517/1517
f 1517/1517 1516/1516 1518/1518
f 1518/1518 1516/1516 1519/1519
f 1519/1519 1516/1516 1520/1520
f 1519/1519 1520/1520 1521/1521
f 1521/1521 1520/1520 1522/1522
f 1522/1522 1523/1523 1521/1521
f 1524/1524 1523/1523 1522/1522
f 1517/1517 1525/1525 1515/1515
f 1523/1523 1524/1524 1525/1525
f 1525/1525 1524/1524 1526/1526
f 1515/1515 1525/1525 1526/1526
f 1482/1482 1527/1527 1484/1484
f 1484/1484 1527/1527 1528/1528
f 1527/1527 1480/1480 1528/1528
f 1528/1528 1480/1480 1478/1478
f 1524/1524 1529/1529 1526/1526
f 1526/1526 1529/1529 1530/1530
f 1490/1490 1531/1531 1489/1489
f 1532/1532 1531/1531 1490/1490
f 1512/1512 1533/1533 1492/1492
f 1492/1492 1533/1533 1534/1534
f 1534/1534 1531/1531 1532/1532
f 1492/1492 1534/1534 1493/1493
f 1533/1533 1531/1531 1534/1534
f 1535/1535 1529/1529 1524/1524
f 1522/1522 1535/1535 1524/1524
f 1536/1536 1535/1535 1522/1522
f 1537/1537 1477/1477 1538/1538
f 1538/1538 1469/1469 1537/1537
f 1467/1467 1469/1469 1538/1538
f 1538/1538 1477/1477 1479/1479
f 1506/1506 1539/1539 1504/1504
f 1509/1509 1508/1508 1539/1539
f 1504/1504 1539/1539 1540/1540
f 1539/1539 1508/1508 1540/1540
f 1541/1541 1542/1542 1511/1511
f 1485/1485 1487/1487 1543/1543
f 1543/1543 1487/1487 1514/1514
f 1544/1544 1497/1497 1503/1503
f 1496/1496 1497/1497 1544/1544
f 1496/1496 1544/1544 1514/1514
f 1514/1514 1544/1544 1543/1543
f 1511/1511 1542/1542 1545/1545
f 1545/1545 1546/1546 1507/1507
f 1547/1547 1546/1546 1545/1545
f 1545/1545 1542/1542 1547/1547
f 1522/1522 1548/1548 1536/1536
f 1490/1490 1549/1549 1532/1532
f 1549/1549 1490/1490 1550/1550
f 1550/1550 1490/1490 1473/1473
f 1473/1473 1491/1491 1550/1550
f 1507/1507 1546/1546 1551/1551
f 1532/1532 1549/1549 1552/1552
f 1532/1532 1553/1553 1534/1534
f 1552/1552 1553/1553 1532/1532
f 1493/1493 1534/1534 1553/1553
f 1505/1505 1554/1554 1507/1507
f 1510/1510 1511/1511 1554/1554
f 1554/1554 1511/1511 1545/1545
f 1507/1507 1554/1554 1545/1545
f 1555/1555 1556/1556 1557/1557
f 1557/1557 1556/1556 1558/1558
f 1559/1559 1558/1558 1556/1556
f 1560/1560 1558/1558 1559/1559
f 1561/1561 1560/1560 1559/1559
f 1562/1562 1560/1560 1561/1561
f 1563/1563 1555/1555 1557/1557
f 1564/1564 1555/1555 1563/1563
f 1561/1561 1565/1565 1562/1562
f 1562/1562 1565/1565 1566/1566
f 1567/1567 1568/1568 1569/1569
f 1569/1569 1568/1568 1570/1570
f 1571/1571 1572/1572 1573/1573
f 1573/1573 1572/1572 1574/1574
f 1573/1573 1574/1574 1575/1575
f 1575/1575 1576/1576 1563/1563
f 1563/1563 1576/1576 1564/1564
f 1575/1575 1574/1574 1576/1576
f 1572/1572 1571/1571 1577/1577
f 1577/1577 1570/1570 1568/1568
f 1578/1578 1570/1570 1577/1577
f 1577/1577 1571/1571 1578/1578
f 1579/1579 1580/1580 1581/1581
f 1582/1582 1583/1583 1584/1584
f 1584/1584 1583/1583 1585/1585
f 1579/1579 1581/1581 1585/1585
f 1586/1586 1587/1587 1588/1588
f 1589/1589 1583/1583 1588/1588
f 1585/1585 1583/1583 1589/1589
f 1588/1588 1587/1587 1589/1589
f 1579/1579 1585/1585 1590/1590
f 1590/1590 1591/1591 1579/1579
f 1584/1584 1592/1592 1582/1582
f 1582/1582 1592/1592 1593/1593
f 1594/1594 1580/1580 1579/1579
f 1594/1594 1579/1579 1591/1591
f 1595/1595 1596/1596 1597/1597
f 1597/1597 1596/1596 1598/1598
f 1595/1595 1597/1597 1599/1599
f 1599/1599 1597/1597 1600/1600
f 1596/1596 1595/1595 1601/1601
f 1601/1601 1595/1595 1602/1602
f 1597/1597 1603/1603 1600/1600
f 1600/1600 1603/1603 1604/1604
f 1605/1605 1606/1606 1607/1607
f 1607/1607 1606/1606 1608/1608
f 1603/1603 1597/1597 1609/1609
f 1609/1609 1597/1597 1598/1598
f 1598/1598 1596/1596 1610/1610
f 1610/1610 1596/1596 1611/1611
f 1596/1596 1601/1601 1611/1611
f 1612/1612 1606/1606 1605/1605
f 1605/1605 1613/1613 1612/1612
f 1612/1612 1613/1613 1614/1614
f 1606/1606 1615/1615 1608/1608
f 1615/1615 1616/1616 1608/1608
f 1604/1604 1617/1617 1616/1616
f 1603/1603 1617/1617 1604/1604
f 1608/1608 1617/1617 1607/1607
f 1608/1608 1616/1616 1617/1617
f 1616/1616 1615/1615 1618/1618
f 1618/1618 1615/1615 1619/1619
f 1598/1598 1620/1620 1609/1609
f 1610/1610 1620/1620 1598/1598
f 1620/1620 1621/1621 1609/1609
f 1617/1617 1603/1603 1622/1622
f 1607/1607 1617/1617 1622/1622
f 1622/1622 1603/1603 1609/1609
f 1621/1621 1607/1607 1622/1622
f 1609/1609 1621/1621 1622/1622
f 1599/1599 1623/1623 1595/1595
f 1595/1595 1623/1623 1602/1602
f 1599/1599 1624/1624 1623/1623
f 1623/1623 1624/1624 1625/1625
f 1614/1614 1626/1626 1612/1612
f 1612/1612 1626/1626 1627/1627
f 1627/1627 1619/1619 1615/1615
f 1627/1627 1615/1615 1606/1606
f 1627/1627 1606/1606 1612/1612
f 1626/1626 1619/1619 1627/1627
f 1599/1599 1628/1628 1624/1624
f 1600/1600 1628/1628 1599/1599
f 1618/1618 1629/1629 1616/1616
f 1600/1600 1629/1629 1628/1628
f 1604/1604 1629/1629 1600/1600
f 1616/1616 1629/1629 1604/1604
f 1607/1607 1630/1630 1605/1605
f 1630/1630 1607/1607 1621/1621
f 1605/1605 1630/1630 1613/1613
f 1611/1611 1601/1601 1631/1631
f 1632/1632 1633/1633 1634/1634
f 1634/1634 1633/1633 1635/1635
f 1633/1633 1636/1636 1635/1635
f 1637/1637 1636/1636 1633/1633
f 1636/1636 1637/1637 1638/1638
f 1638/1638 1637/1637 1639/1639
f 1640/1640 1641/1641 1642/1642
f 1642/1642 1641/1641 1643/1643
f 1638/1638 1639/1639 1644/1644
f 1644/1644 1639/1639 1645/1645
f 1643/1643 1646/1646 1642/1642
f 1642/1642 1646/1646 1647/1647
f 1646/1646 1648/1648 1647/1647
f 1647/1647 1648/1648 1649/1649
f 1648/1648 1650/1650 1649/1649
f 1649/1649 1650/1650 1651/1651
f 1652/1652 1653/1653 1654/1654
f 1654/1654 1653/1653 1655/1655
f 1656/1656 1657/1657 1658/1658
f 1658/1658 1657/1657 1659/1659
f 1658/1658 1660/1660 1656/1656
f 1656/1656 1660/1660 1661/1661
f 1662/1662 1663/1663 1664/1664
f 1664/1664 1663/1663 1665/1665
f 1654/1654 1666/1666 1652/1652
f 1652/1652 1666/1666 1667/1667
f 1662/1662 1668/1668 1663/1663
f 1668/1668 1662/1662 1669/1669
f 1666/1666 1669/1669 1667/1667
f 1668/1668 1669/1669 1666/1666
f 1666/1666 1654/1654 1670/1670
f 1654/1654 1655/1655 1671/1671
f 1670/1670 1654/1654 1671/1671
f 1672/1672 1666/1666 1670/1670
f 1663/1663 1668/1668 1672/1672
f 1668/1668 1666/1666 1672/1672
f 1664/1664 1673/1673 1662/1662
f 1669/1669 1662/1662 1673/1673
f 1674/1674 1673/1673 1664/1664
f 1671/1671 1655/1655 1675/1675
f 1656/1656 1661/1661 1676/1676
f 1676/1676 1661/1661 1677/1677
f 1657/1657 1656/1656 1678/1678
f 1679/1679 1656/1656 1676/1676
f 1678/1678 1656/1656 1679/1679
f 1678/1678 1680/1680 1657/1657
f 1680/1680 1675/1675 1681/1681
f 1681/1681 1675/1675 1655/1655
f 1657/1657 1681/1681 1659/1659
f 1657/1657 1680/1680 1681/1681
f 1681/1681 1655/1655 1682/1682
f 1682/1682 1655/1655 1653/1653
f 1659/1659 1681/1681 1682/1682
f 1683/1683 1684/1684 1685/1685
f 1686/1686 1684/1684 1687/1687
f 1688/1688 1689/1689 1690/1690
f 1690/1690 1689/1689 1691/1691
f 1692/1692 1693/1693 1694/1694
f 1695/1695 1696/1696 1697/1697
f 1697/1697 1696/1696 1698/1698
f 1699/1699 1700/1700 1701/1701
f 1701/1701 1700/1700 1702/1702
f 1703/1703 1704/1704 1705/1705
f 1705/1705 1704/1704 1706/1706
f 1707/1707 1708/1708 1709/1709
f 1709/1709 1708/1708 1710/1710
f 1705/1705 1706/1706 1711/1711
f 1712/1712 1711/1711 1713/1713
f 1711/1711 1706/1706 1714/1714
f 1713/1713 1711/1711 1714/1714
f 1715/1715 1716/1716 1717/1717
f 1717/1717 1716/1716 1718/1718
f 1719/1719 1720/1720 1721/1721
f 1721/1721 1720/1720 1722/1722
f 1722/1722 1723/1723 1721/1721
f 1724/1724 1723/1723 1722/1722
f 1725/1725 1726/1726 1727/1727
f 1727/1727 1726/1726 1728/1728
f 1707/1707 1729/1729 1730/1730
f 1729/1729 1731/1731 1730/1730
f 1730/1730 1731/1731 1732/1732
f 1716/1716 1733/1733 1718/1718
f 1718/1718 1733/1733 1734/1734
f 1724/1724 1735/1735 1723/1723
f 1736/1736 1735/1735 1724/1724
f 1736/1736 1737/1737 1735/1735
f 1735/1735 1737/1737 1696/1696
f 1696/1696 1737/1737 1698/1698
f 1709/1709 1710/1710 1738/1738
f 1710/1710 1739/1739 1738/1738
f 1740/1740 1739/1739 1710/1710
f 1716/1716 1715/1715 1741/1741
f 1715/1715 1742/1742 1741/1741
f 1742/1742 1743/1743 1741/1741
f 1744/1744 1684/1684 1686/1686
f 1745/1745 1684/1684 1744/1744
f 1689/1689 1746/1746 1691/1691
f 1691/1691 1746/1746 1747/1747
f 1700/1700 1748/1748 1702/1702
f 1702/1702 1748/1748 1749/1749
f 1750/1750 1751/1751 1752/1752
f 1752/1752 1751/1751 1753/1753
f 1701/1701 1702/1702 1754/1754
f 1749/1749 1755/1755 1702/1702
f 1754/1754 1702/1702 1755/1755
f 1756/1756 1757/1757 1758/1758
f 1757/1757 1752/1752 1759/1759
f 1758/1758 1757/1757 1759/1759
f 1723/1723 1735/1735 1760/1760
f 1723/1723 1760/1760 1721/1721
f 1760/1760 1735/1735 1761/1761
f 1761/1761 1696/1696 1695/1695
f 1735/1735 1696/1696 1761/1761
f 1752/1752 1753/1753 1762/1762
f 1759/1759 1752/1752 1762/1762
f 1693/1693 1763/1763 1764/1764
f 1762/1762 1753/1753 1765/1765
f 1732/1732 1765/1765 1753/1753
f 1731/1731 1765/1765 1732/1732
f 1766/1766 1767/1767 1768/1768
f 1768/1768 1767/1767 1769/1769
f 1749/1749 1728/1728 1770/1770
f 1770/1770 1728/1728 1726/1726
f 1770/1770 1755/1755 1749/1749
f 1771/1771 1772/1772 1773/1773
f 1774/1774 1760/1760 1773/1773
f 1773/1773 1772/1772 1774/1774
f 1721/1721 1760/1760 1774/1774
f 1772/1772 1719/1719 1774/1774
f 1774/1774 1719/1719 1721/1721
f 1775/1775 1776/1776 1777/1777
f 1777/1777 1776/1776 1778/1778
f 1769/1769 1779/1779 1768/1768
f 1768/1768 1779/1779 1780/1780
f 1751/1751 1781/1781 1753/1753
f 1753/1753 1781/1781 1732/1732
f 1781/1781 1782/1782 1732/1732
f 1707/1707 1782/1782 1708/1708
f 1730/1730 1782/1782 1707/1707
f 1732/1732 1782/1782 1730/1730
f 1783/1783 1779/1779 1747/1747
f 1780/1780 1779/1779 1783/1783
f 1784/1784 1785/1785 1786/1786
f 1786/1786 1785/1785 1787/1787
f 1760/1760 1761/1761 1788/1788
f 1773/1773 1760/1760 1788/1788
f 1740/1740 1789/1789 1739/1739
f 1739/1739 1789/1789 1790/1790
f 1713/1713 1714/1714 1791/1791
f 1704/1704 1792/1792 1706/1706
f 1792/1792 1714/1714 1706/1706
f 1791/1791 1714/1714 1792/1792
f 1793/1793 1749/1749 1748/1748
f 1728/1728 1749/1749 1793/1793
f 1728/1728 1794/1794 1727/1727
f 1793/1793 1794/1794 1728/1728
f 1795/1795 1796/1796 1797/1797
f 1797/1797 1796/1796 1798/1798
f 1703/1703 1798/1798 1704/1704
f 1761/1761 1695/1695 1799/1799
f 1788/1788 1761/1761 1799/1799
f 1704/1704 1798/1798 1800/1800
f 1800/1800 1798/1798 1796/1796
f 1800/1800 1792/1792 1704/1704
f 1799/1799 1695/1695 1801/1801
f 1769/1769 1802/1802 1779/1779
f 1803/1803 1769/1769 1767/1767
f 1802/1802 1769/1769 1803/1803
f 1804/1804 1805/1805 1806/1806
f 1806/1806 1805/1805 1807/1807
f 1779/1779 1802/1802 1808/1808
f 1809/1809 1810/1810 1693/1693
f 1805/1805 1811/1811 1807/1807
f 1807/1807 1811/1811 1812/1812
f 1807/1807 1812/1812 1750/1750
f 1750/1750 1812/1812 1751/1751
f 1782/1782 1781/1781 1813/1813
f 1708/1708 1782/1782 1813/1813
f 1813/1813 1781/1781 1814/1814
f 1751/1751 1814/1814 1781/1781
f 1812/1812 1814/1814 1751/1751
f 1698/1698 1815/1815 1733/1733
f 1733/1733 1815/1815 1734/1734
f 1698/1698 1737/1737 1815/1815
f 1816/1816 1698/1698 1733/1733
f 1697/1697 1698/1698 1816/1816
f 1816/1816 1716/1716 1741/1741
f 1733/1733 1716/1716 1816/1816
f 1805/1805 1804/1804 1817/1817
f 1818/1818 1819/1819 1817/1817
f 1817/1817 1819/1819 1820/1820
f 1791/1791 1811/1811 1820/1820
f 1820/1820 1805/1805 1817/1817
f 1811/1811 1805/1805 1820/1820
f 1821/1821 1804/1804 1806/1806
f 1822/1822 1804/1804 1821/1821
f 1817/1817 1823/1823 1818/1818
f 1823/1823 1824/1824 1825/1825
f 1825/1825 1824/1824 1826/1826
f 1691/1691 1747/1747 1827/1827
f 1747/1747 1779/1779 1828/1828
f 1827/1827 1747/1747 1828/1828
f 1828/1828 1779/1779 1808/1808
f 1829/1829 1812/1812 1811/1811
f 1829/1829 1811/1811 1791/1791
f 1814/1814 1812/1812 1829/1829
f 1778/1778 1776/1776 1830/1830
f 1830/1830 1776/1776 1831/1831
f 1688/1688 1690/1690 1832/1832
f 1832/1832 1690/1690 1833/1833
f 1824/1824 1823/1823 1834/1834
f 1834/1834 1823/1823 1835/1835
f 1817/1817 1804/1804 1835/1835
f 1835/1835 1823/1823 1817/1817
f 1834/1834 1835/1835 1822/1822
f 1822/1822 1835/1835 1804/1804
f 1833/1833 1836/1836 1832/1832
f 1837/1837 1836/1836 1833/1833
f 1836/1836 1837/1837 1838/1838
f 1838/1838 1837/1837 1839/1839
f 1784/1784 1840/1840 1776/1776
f 1776/1776 1840/1840 1831/1831
f 1727/1727 1841/1841 1725/1725
f 1725/1725 1841/1841 1842/1842
f 1709/1709 1843/1843 1707/1707
f 1843/1843 1709/1709 1844/1844
f 1844/1844 1709/1709 1738/1738
f 1845/1845 1729/1729 1707/1707
f 1707/1707 1843/1843 1845/1845
f 1756/1756 1846/1846 1757/1757
f 1750/1750 1847/1847 1807/1807
f 1846/1846 1821/1821 1847/1847
f 1807/1807 1847/1847 1806/1806
f 1847/1847 1752/1752 1757/1757
f 1750/1750 1752/1752 1847/1847
f 1757/1757 1846/1846 1847/1847
f 1847/1847 1821/1821 1806/1806
f 1848/1848 1849/1849 1786/1786
f 1786/1786 1849/1849 1784/1784
f 1784/1784 1849/1849 1840/1840
f 1776/1776 1775/1775 1850/1850
f 1784/1784 1776/1776 1850/1850
f 1785/1785 1784/1784 1850/1850
f 1743/1743 1742/1742 1851/1851
f 1851/1851 1742/1742 1852/1852
f 1745/1745 1853/1853 1684/1684
f 1854/1854 1798/1798 1703/1703
f 1855/1855 1727/1727 1794/1794
f 1841/1841 1727/1727 1855/1855
f 1856/1856 1766/1766 1768/1768
f 1857/1857 1766/1766 1856/1856
f 1694/1694 1693/1693 1858/1858
f 1858/1858 1693/1693 1859/1859
f 1859/1859 1693/1693 1860/1860
f 1860/1860 1693/1693 1810/1810
f 1861/1861 1684/1684 1683/1683
f 1861/1861 1862/1862 1684/1684
f 1862/1862 1687/1687 1684/1684
f 1809/1809 1693/1693 1863/1863
f 1764/1764 1863/1863 1693/1693
f 1825/1825 1864/1864 1823/1823
f 1768/1768 1865/1865 1856/1856
f 1692/1692 1866/1866 1693/1693
f 1763/1763 1693/1693 1866/1866
f 1867/1867 1684/1684 1853/1853
f 1868/1868 1684/1684 1867/1867
f 1868/1868 1685/1685 1684/1684
f 1869/1869 1870/1870 1871/1871
f 1871/1871 1870/1870 1872/1872
f 1873/1873 1874/1874 1875/1875
f 1875/1875 1874/1874 1876/1876
f 1877/1877 1878/1878 1879/1879
f 1879/1879 1878/1878 1880/1880
f 1881/1881 1882/1882 1883/1883
f 1882/1882 1873/1873 1884/1884
f 1873/1873 1875/1875 1884/1884
f 1883/1883 1882/1882 1884/1884
f 1884/1884 1875/1875 1885/1885
f 1886/1886 1887/1887 1885/1885
f 1884/1884 1888/1888 1883/1883
f 1885/1885 1888/1888 1884/1884
f 1885/1885 1887/1887 1888/1888
f 1889/1889 1874/1874 1890/1890
f 1889/1889 1890/1890 1891/1891
f 1891/1891 1890/1890 1892/1892
f 1890/1890 1877/1877 1892/1892
f 1893/1893 1874/1874 1889/1889
f 1874/1874 1893/1893 1876/1876
f 1876/1876 1893/1893 1894/1894
f 1895/1895 1896/1896 1894/1894
f 1897/1897 1896/1896 1895/1895
f 1889/1889 1898/1898 1893/1893
f 1899/1899 1894/1894 1893/1893
f 1893/1893 1898/1898 1899/1899
f 1895/1895 1894/1894 1899/1899
f 1900/1900 1882/1882 1881/1881
f 1901/1901 1877/1877 1879/1879
f 1879/1879 1902/1902 1901/1901
f 1901/1901 1902/1902 1903/1903
f 1903/1903 1902/1902 1904/1904
f 1905/1905 1873/1873 1882/1882
f 1905/1905 1877/1877 1890/1890
f 1873/1873 1905/1905 1874/1874
f 1877/1877 1905/1905 1878/1878
f 1874/1874 1905/1905 1890/1890
f 1875/1875 1906/1906 1885/1885
f 1885/1885 1906/1906 1886/1886
f 1876/1876 1907/1907 1875/1875
f 1875/1875 1907/1907 1906/1906
f 1896/1896 1907/1907 1894/1894
f 1894/1894 1907/1907 1876/1876
f 1871/1871 1872/1872 1908/1908
f 1899/1899 1898/1898 1908/1908
f 1909/1909 1899/1899 1908/1908
f 1895/1895 1899/1899 1909/1909
f 1908/1908 1872/1872 1909/1909
f 1910/1910 1911/1911 1912/1912
f 1912/1912 1911/1911 1913/1913
f 1914/1914 1889/1889 1891/1891
f 1898/1898 1889/1889 1914/1914
f 1915/1915 1914/1914 1891/1891
f 1916/1916 1914/1914 1915/1915
f 1917/1917 1912/1912 1913/1913
f 1918/1918 1912/1912 1917/1917
f 1892/1892 1877/1877 1919/1919
f 1901/1901 1903/1903 1919/1919
f 1892/1892 1919/1919 1891/1891
f 1919/1919 1877/1877 1901/1901
f 1915/1915 1891/1891 1919/1919
f 1920/1920 1915/1915 1919/1919
f 1919/1919 1903/1903 1920/1920
f 1921/1921 1922/1922 1923/1923
f 1903/1903 1904/1904 1924/1924
f 1924/1924 1920/1920 1903/1903
f 1923/1923 1922/1922 1924/1924
f 1924/1924 1904/1904 1923/1923
f 1925/1925 1920/1920 1924/1924
f 1920/1920 1925/1925 1915/1915
f 1926/1926 1916/1916 1915/1915
f 1915/1915 1925/1925 1926/1926
f 1927/1927 1926/1926 1928/1928
f 1922/1922 1928/1928 1924/1924
f 1928/1928 1926/1926 1925/1925
f 1924/1924 1928/1928 1925/1925
f 1929/1929 1911/1911 1930/1930
f 1930/1930 1911/1911 1931/1931
f 1910/1910 1931/1931 1911/1911
f 1880/1880 1932/1932 1879/1879
f 1933/1933 1902/1902 1879/1879
f 1879/1879 1932/1932 1933/1933
f 1927/1927 1934/1934 1926/1926
f 1935/1935 1918/1918 1917/1917
f 1934/1934 1918/1918 1935/1935
f 1935/1935 1917/1917 1916/1916
f 1926/1926 1934/1934 1935/1935
f 1935/1935 1916/1916 1926/1926
f 1936/1936 1905/1905 1882/1882
f 1937/1937 1936/1936 1882/1882
f 1938/1938 1936/1936 1937/1937
f 1911/1911 1939/1939 1913/1913
f 1929/1929 1939/1939 1911/1911
f 1917/1917 1913/1913 1940/1940
f 1940/1940 1914/1914 1916/1916
f 1916/1916 1917/1917 1940/1940
f 1940/1940 1913/1913 1939/1939
f 1930/1930 1941/1941 1929/1929
f 1929/1929 1941/1941 1942/1942
f 1942/1942 1941/1941 1943/1943
f 1943/1943 1941/1941 1944/1944
f 1945/1945 1946/1946 1943/1943
f 1947/1947 1942/1942 1943/1943
f 1943/1943 1946/1946 1947/1947
f 1938/1938 1948/1948 1949/1949
f 1881/1881 1883/1883 1950/1950
f 1948/1948 1950/1950 1949/1949
f 1950/1950 1869/1869 1951/1951
f 1950/1950 1951/1951 1949/1949
f 1869/1869 1871/1871 1951/1951
f 1947/1947 1946/1946 1951/1951
f 1939/1939 1929/1929 1952/1952
f 1952/1952 1942/1942 1947/1947
f 1952/1952 1929/1929 1942/1942
f 1939/1939 1952/1952 1940/1940
f 1953/1953 1870/1870 1869/1869
f 1950/1950 1883/1883 1953/1953
f 1953/1953 1869/1869 1950/1950
f 1883/1883 1888/1888 1953/1953
f 1871/1871 1954/1954 1951/1951
f 1951/1951 1954/1954 1947/1947
f 1954/1954 1955/1955 1947/1947
f 1955/1955 1952/1952 1947/1947
f 1936/1936 1956/1956 1905/1905
f 1905/1905 1956/1956 1878/1878
f 1951/1951 1946/1946 1957/1957
f 1949/1949 1951/1951 1957/1957
f 1943/1943 1958/1958 1945/1945
f 1944/1944 1958/1958 1943/1943
f 1959/1959 1914/1914 1940/1940
f 1955/1955 1954/1954 1959/1959
f 1952/1952 1955/1955 1959/1959
f 1940/1940 1952/1952 1959/1959
f 1871/1871 1960/1960 1954/1954
f 1959/1959 1954/1954 1960/1960
f 1908/1908 1898/1898 1960/1960
f 1959/1959 1960/1960 1914/1914
f 1908/1908 1960/1960 1871/1871
f 1914/1914 1960/1960 1898/1898
f 1881/1881 1950/1950 1961/1961
f 1962/1962 1963/1963 1887/1887
f 1953/1953 1888/1888 1963/1963
f 1887/1887 1963/1963 1888/1888
f 1963/1963 1870/1870 1953/1953
f 1870/1870 1963/1963 1964/1964
f 1964/1964 1963/1963 1962/1962
f 1965/1965 1895/1895 1909/1909
f 1897/1897 1895/1895 1965/1965
f 1870/1870 1966/1966 1872/1872
f 1872/1872 1966/1966 1909/1909
f 1909/1909 1966/1966 1965/1965
f 1964/1964 1966/1966 1870/1870
f 1967/1967 1931/1931 1910/1910
f 1968/1968 1969/1969 1970/1970
f 1970/1970 1969/1969 1971/1971
f 1941/1941 1972/1972 1944/1944
f 1973/1973 1972/1972 1941/1941
f 1974/1974 1971/1971 1969/1969
f 1974/1974 1975/1975 1976/1976
f 1976/1976 1971/1971 1974/1974
f 1944/1944 1972/1972 1977/1977
f 1958/1958 1977/1977 1975/1975
f 1944/1944 1977/1977 1958/1958
f 1976/1976 1975/1975 1977/1977
f 1978/1978 1979/1979 1980/1980
f 1980/1980 1979/1979 1981/1981
f 1982/1982 1983/1983 1984/1984
f 1930/1930 1931/1931 1985/1985
f 1985/1985 1941/1941 1930/1930
f 1973/1973 1941/1941 1985/1985
f 1931/1931 1967/1967 1986/1986
f 1985/1985 1931/1931 1986/1986
f 1970/1970 1987/1987 1968/1968
f 1987/1987 1970/1970 1988/1988
f 1988/1988 1970/1970 1989/1989
f 1971/1971 1989/1989 1970/1970
f 1990/1990 1989/1989 1971/1971
f 1976/1976 1990/1990 1971/1971
f 1968/1968 1987/1987 1991/1991
f 1968/1968 1991/1991 1992/1992
f 1992/1992 1991/1991 1993/1993
f 1991/1991 1994/1994 1993/1993
f 1993/1993 1994/1994 1995/1995
f 1996/1996 1968/1968 1992/1992
f 1969/1969 1968/1968 1996/1996
f 1997/1997 1996/1996 1992/1992
f 1993/1993 1997/1997 1992/1992
f 1998/1998 1996/1996 1997/1997
f 1999/1999 2000/2000 2001/2001
f 2001/2001 2000/2000 2002/2002
f 1977/1977 1972/1972 2003/2003
f 1994/1994 1991/1991 2004/2004
f 2004/2004 1991/1991 1987/1987
f 1987/1987 1988/1988 2004/2004
f 2003/2003 2005/2005 1977/1977
f 1977/1977 2005/2005 1976/1976
f 2005/2005 1990/1990 1976/1976
f 1980/1980 1984/1984 2006/2006
f 1983/1983 2006/2006 1984/1984
f 1980/1980 2006/2006 1978/1978
f 1978/1978 2006/2006 2007/2007
f 2008/2008 2009/2009 1904/1904
f 2009/2009 1921/1921 1923/1923
f 1904/1904 2009/2009 1923/1923
f 2010/2010 2011/2011 2012/2012
f 2013/2013 1981/1981 2012/2012
f 2013/2013 1982/1982 1984/1984
f 2011/2011 1982/1982 2013/2013
f 2012/2012 2011/2011 2013/2013
f 1980/1980 1981/1981 2013/2013
f 2013/2013 1984/1984 1980/1980
f 1999/1999 2014/2014 2000/2000
f 1997/1997 2014/2014 1998/1998
f 1998/1998 2014/2014 2015/2015
f 1999/1999 2015/2015 2014/2014
f 2000/2000 2016/2016 2002/2002
f 2016/2016 2017/2017 2002/2002
f 2002/2002 2017/2017 2018/2018
f 2010/2010 2018/2018 2017/2017
f 2002/2002 2018/2018 2001/2001
f 2012/2012 2018/2018 2010/2010
f 2019/2019 2016/2016 2000/2000
f 2019/2019 2000/2000 2020/2020
f 2020/2020 2000/2000 2021/2021
f 2000/2000 2014/2014 2021/2021
f 1932/1932 2022/2022 1933/1933
f 2023/2023 2022/2022 2024/2024
f 2024/2024 2022/2022 2025/2025
f 2026/2026 2015/2015 1999/1999
f 2021/2021 2027/2027 2020/2020
f 2028/2028 2027/2027 2021/2021
f 2027/2027 2028/2028 1995/1995
f 1997/1997 2028/2028 2014/2014
f 2014/2014 2028/2028 2021/2021
f 2028/2028 1997/1997 1993/1993
f 1995/1995 2028/2028 1993/1993
f 2029/2029 2022/2022 1932/1932
f 2022/2022 2029/2029 2025/2025
f 2007/2007 2030/2030 1978/1978
f 2025/2025 2030/2030 2007/2007
f 2025/2025 2029/2029 2030/2030
f 2031/2031 1921/1921 2009/2009
f 2001/2001 2032/2032 1999/1999
f 1999/1999 2032/2032 2026/2026
f 2032/2032 2001/2001 2033/2033
f 1981/1981 1979/1979 2034/2034
f 2001/2001 2018/2018 2034/2034
f 2012/2012 2034/2034 2018/2018
f 1981/1981 2034/2034 2012/2012
f 2034/2034 1979/1979 2033/2033
f 2033/2033 2001/2001 2034/2034
f 2035/2035 2006/2006 1983/1983
f 2035/2035 2007/2007 2006/2006
f 2023/2023 2036/2036 2022/2022
f 2022/2022 2036/2036 1933/1933
f 2037/2037 1904/1904 1902/1902
f 1933/1933 2037/2037 1902/1902
f 2008/2008 1904/1904 2037/2037
f 2036/2036 2037/2037 1933/1933
f 2024/2024 2025/2025 2038/2038
f 2038/2038 2025/2025 2007/2007
f 2038/2038 2007/2007 2035/2035
f 2009/2009 2039/2039 2031/2031
f 2040/2040 2041/2041 2042/2042
f 2042/2042 2041/2041 2043/2043
f 1938/1938 2043/2043 1936/1936
f 1936/1936 2043/2043 1956/1956
f 2042/2042 2043/2043 1938/1938
f 2041/2041 2044/2044 2043/2043
f 2043/2043 2044/2044 2045/2045
f 2046/2046 2047/2047 2048/2048
f 2030/2030 2029/2029 2049/2049
f 2049/2049 2050/2050 2030/2030
f 1979/1979 2051/2051 2033/2033
f 2030/2030 2050/2050 2051/2051
f 2030/2030 2051/2051 1978/1978
f 1978/1978 2051/2051 1979/1979
f 2043/2043 2052/2052 1956/1956
f 1956/1956 2052/2052 1878/1878
f 2045/2045 2052/2052 2043/2043
f 2033/2033 2051/2051 2053/2053
f 2051/2051 2050/2050 2053/2053
f 2033/2033 2053/2053 2032/2032
f 2053/2053 2050/2050 2054/2054
f 2055/2055 2052/2052 2056/2056
f 2056/2056 2052/2052 2045/2045
f 1878/1878 2052/2052 2057/2057
f 2055/2055 2057/2057 2052/2052
f 2057/2057 1880/1880 1878/1878
f 2058/2058 1880/1880 2057/2057
f 2058/2058 2057/2057 2047/2047
f 2029/2029 1932/1932 2059/2059
f 2049/2049 2029/2029 2059/2059
f 2049/2049 2059/2059 2060/2060
f 2060/2060 2059/2059 2061/2061
f 2040/2040 2062/2062 2041/2041
f 2041/2041 2063/2063 2044/2044
f 2062/2062 2063/2063 2041/2041
f 2053/2053 2064/2064 2032/2032
f 2053/2053 2054/2054 2064/2064
f 2064/2064 2054/2054 2065/2065
f 2062/2062 2065/2065 2063/2063
f 2032/2032 2066/2066 2026/2026
f 2064/2064 2065/2065 2066/2066
f 2066/2066 2065/2065 2062/2062
f 2064/2064 2066/2066 2032/2032
f 2026/2026 2066/2066 2067/2067
f 2066/2066 2062/2062 2067/2067
f 2068/2068 1880/1880 2058/2058
f 2068/2068 2061/2061 2059/2059
f 1932/1932 1880/1880 2068/2068
f 2059/2059 1932/1932 2068/2068
f 2068/2068 2058/2058 2069/2069
f 2069/2069 2058/2058 2047/2047
f 2069/2069 2061/2061 2068/2068
f 2070/2070 2063/2063 2065/2065
f 2071/2071 2065/2065 2054/2054
f 2070/2070 2065/2065 2071/2071
f 2050/2050 2049/2049 2072/2072
f 2072/2072 2049/2049 2060/2060
f 2050/2050 2072/2072 2054/2054
f 2054/2054 2072/2072 2071/2071
f 2048/2048 2047/2047 2073/2073
f 2074/2074 2057/2057 2055/2055
f 2047/2047 2057/2057 2074/2074
f 2073/2073 2047/2047 2074/2074
f 2056/2056 2075/2075 2055/2055
f 2075/2075 2074/2074 2055/2055
f 2073/2073 2074/2074 2075/2075
f 2076/2076 2077/2077 2078/2078
f 2078/2078 2077/2077 2079/2079
f 2080/2080 2081/2081 2082/2082
f 1945/1945 2082/2082 1946/1946
f 2080/2080 2082/2082 1945/1945
f 2082/2082 2081/2081 2083/2083
f 2084/2084 2085/2085 2086/2086
f 2086/2086 2085/2085 2087/2087
f 2088/2088 1975/1975 1974/1974
f 2089/2089 2088/2088 2090/2090
f 2090/2090 2088/2088 2091/2091
f 2088/2088 1974/1974 2091/2091
f 2079/2079 2092/2092 2078/2078
f 2078/2078 2092/2092 2093/2093
f 2094/2094 1975/1975 2088/2088
f 2094/2094 1958/1958 1975/1975
f 2089/2089 2094/2094 2088/2088
f 2095/2095 2086/2086 2087/2087
f 2096/2096 2086/2086 2095/2095
f 2095/2095 2097/2097 2096/2096
f 2096/2096 2097/2097 2098/2098
f 1946/1946 2099/2099 1957/1957
f 2082/2082 2099/2099 1946/1946
f 2100/2100 2099/2099 2101/2101
f 2101/2101 2102/2102 2100/2100
f 2100/2100 2102/2102 2103/2103
f 2103/2103 2104/2104 2100/2100
f 2104/2104 1957/1957 2099/2099
f 2100/2100 2104/2104 2099/2099
f 1949/1949 1957/1957 2104/2104
f 2042/2042 1938/1938 2104/2104
f 2104/2104 1938/1938 1949/1949
f 2092/2092 2105/2105 2093/2093
f 2093/2093 2105/2105 2106/2106
f 2107/2107 2108/2108 2109/2109
f 2109/2109 2108/2108 2110/2110
f 2108/2108 2098/2098 2110/2110
f 2110/2110 2098/2098 2097/2097
f 2081/2081 2080/2080 2111/2111
f 2112/2112 1945/1945 1958/1958
f 2112/2112 1958/1958 2094/2094
f 2111/2111 2080/2080 2112/2112
f 2080/2080 1945/1945 2112/2112
f 2113/2113 2107/2107 2109/2109
f 2114/2114 2107/2107 2113/2113
f 2077/2077 2076/2076 2115/2115
f 2116/2116 2115/2115 2117/2117
f 2115/2115 2076/2076 2118/2118
f 2117/2117 2115/2115 2118/2118
f 2119/2119 2063/2063 2070/2070
f 2119/2119 2044/2044 2063/2063
f 2120/2120 2062/2062 2040/2040
f 2067/2067 2062/2062 2120/2120
f 2105/2105 2121/2121 2106/2106
f 2106/2106 2121/2121 2122/2122
f 2121/2121 2123/2123 2122/2122
f 2122/2122 2123/2123 2124/2124
f 2044/2044 2125/2125 2045/2045
f 2125/2125 2044/2044 2119/2119
f 2045/2045 2125/2125 2056/2056
f 2126/2126 2102/2102 2127/2127
f 2127/2127 2102/2102 2101/2101
f 2128/2128 2082/2082 2083/2083
f 2101/2101 2099/2099 2128/2128
f 2099/2099 2082/2082 2128/2128
f 2101/2101 2129/2129 2127/2127
f 2128/2128 2129/2129 2101/2101
f 2083/2083 2129/2129 2128/2128
f 2081/2081 2130/2130 2083/2083
f 2130/2130 2129/2129 2083/2083
f 2131/2131 2130/2130 2081/2081
f 2116/2116 2117/2117 2132/2132
f 2132/2132 2117/2117 2133/2133
f 2118/2118 2133/2133 2117/2117
f 2134/2134 2133/2133 2118/2118
f 2076/2076 2134/2134 2118/2118
f 2135/2135 2078/2078 2093/2093
f 2136/2136 2093/2093 2106/2106
f 2135/2135 2093/2093 2136/2136
f 2137/2137 2078/2078 2135/2135
f 2137/2137 2076/2076 2078/2078
f 2138/2138 2076/2076 2137/2137
f 2138/2138 2134/2134 2076/2076
f 2042/2042 2139/2139 2040/2040
f 2139/2139 2104/2104 2103/2103
f 2104/2104 2139/2139 2042/2042
f 2067/2067 2140/2140 2026/2026
f 2026/2026 2140/2140 2015/2015
f 2141/2141 2139/2139 2103/2103
f 2142/2142 2103/2103 2102/2102
f 2141/2141 2103/2103 2142/2142
f 2084/2084 2143/2143 2085/2085
f 2144/2144 2143/2143 2084/2084
f 2143/2143 2144/2144 2145/2145
f 2145/2145 2144/2144 2146/2146
f 2139/2139 2147/2147 2040/2040
f 2040/2040 2147/2147 2120/2120
f 2120/2120 2147/2147 2067/2067
f 2067/2067 2147/2147 2140/2140
f 2147/2147 2139/2139 2141/2141
f 2148/2148 2075/2075 2056/2056
f 2125/2125 2148/2148 2056/2056
f 2149/2149 2148/2148 2125/2125
f 2147/2147 2141/2141 2150/2150
f 2140/2140 2147/2147 2150/2150
f 2151/2151 2141/2141 2142/2142
f 2150/2150 2141/2141 2151/2151
f 2146/2146 2144/2144 2152/2152
f 2152/2152 2144/2144 2084/2084
f 2084/2084 2086/2086 2152/2152
f 2096/2096 2153/2153 2086/2086
f 2152/2152 2086/2086 2153/2153
f 2107/2107 2154/2154 2108/2108
f 2108/2108 2155/2155 2098/2098
f 2108/2108 2154/2154 2155/2155
f 2098/2098 2155/2155 2156/2156
f 2098/2098 2156/2156 2096/2096
f 2096/2096 2156/2156 2157/2157
f 2157/2157 2153/2153 2096/2096
f 2158/2158 2106/2106 2122/2122
f 2136/2136 2106/2106 2158/2158
f 2159/2159 2122/2122 2124/2124
f 2158/2158 2122/2122 2159/2159
f 2107/2107 2160/2160 2154/2154
f 2114/2114 2160/2160 2107/2107
f 2161/2161 2150/2150 2151/2151
f 2162/2162 2150/2150 2161/2161
f 2161/2161 2090/2090 2162/2162
f 2162/2162 2090/2090 2091/2091
f 1998/1998 2163/2163 1996/1996
f 2091/2091 1974/1974 2163/2163
f 2163/2163 1969/1969 1996/1996
f 1974/1974 1969/1969 2163/2163
f 2150/2150 2162/2162 2164/2164
f 2015/2015 2140/2140 2164/2164
f 2164/2164 2140/2140 2150/2150
f 1998/1998 2015/2015 2165/2165
f 2165/2165 2015/2015 2164/2164
f 2165/2165 2091/2091 2163/2163
f 2165/2165 2163/2163 1998/1998
f 2164/2164 2162/2162 2165/2165
f 2162/2162 2091/2091 2165/2165
f 2131/2131 2081/2081 2166/2166
f 2167/2167 2094/2094 2089/2089
f 2094/2094 2167/2167 2112/2112
f 2112/2112 2167/2167 2111/2111
f 2168/2168 2169/2169 2170/2170
f 2171/2171 2172/2172 2173/2173
f 2173/2173 2174/2174 2171/2171
f 2171/2171 2174/2174 2175/2175
f 2171/2171 2175/2175 2176/2176
f 2177/2177 2169/2169 2168/2168
f 2168/2168 2170/2170 2178/2178
f 2179/2179 2180/2180 2171/2171
f 2180/2180 2172/2172 2171/2171
f 2181/2181 2177/2177 2168/2168
f 2168/2168 2178/2178 2182/2182
f 2171/2171 2176/2176 2183/2183
f 2171/2171 2183/2183 2179/2179
f 2184/2184 2181/2181 2168/2168
f 2168/2168 2182/2182 2185/2185
f 2185/2185 2184/2184 2168/2168
f 2186/2186 2187/2187 2188/2188
f 2188/2188 2187/2187 2189/2189
f 2186/2186 2188/2188 2190/2190
f 2186/2186 2190/2190 2187/2187
f 2189/2189 2191/2191 2188/2188
f 2190/2190 2188/2188 2191/2191
f 2189/2189 2187/2187 2192/2192
f 2192/2192 2191/2191 2189/2189
f 2192/2192 2187/2187 2193/2193
f 2187/2187 2190/2190 2193/2193
f 2194/2194 2195/2195 2196/2196
f 2196/2196 2195/2195 2197/2197
f 2197/2197 2195/2195 2198/2198
f 2198/2198 2195/2195 2199/2199
f 2196/2196 2200/2200 2194/2194
f 2197/2197 2200/2200 2196/2196
f 2198/2198 2200/2200 2197/2197
f 2194/2194 2200/2200 2201/2201
f 2201/2201 2195/2195 2194/2194
f 2199/2199 2195/2195 2201/2201
f 2202/2202 2203/2203 2204/2204
f 2204/2204 2203/2203 2205/2205
f 2206/2206 2207/2207 2208/2208
f 2209/2209 2210/2210 2211/2211
f 2211/2211 2210/2210 2212/2212
f 2213/2213 2214/2214 2215/2215
f 2216/2216 2213/2213 2215/2215
f 2210/2210 2217/2217 2212/2212
f 2218/2218 2217/2217 2210/2210
f 2211/2211 2219/2219 2209/2209
f 2209/2209 2219/2219 2220/2220
f 2221/2221 2222/2222 2223/2223
f 2223/2223 2222/2222 2224/2224
f 2208/2208 2207/2207 2225/2225
f 2225/2225 2207/2207 2226/2226
f 2227/2227 2215/2215 2214/2214
f 2213/2213 2228/2228 2214/2214
f 2214/2214 2228/2228 2229/2229
f 2230/2230 2231/2231 2232/2232
f 2232/2232 2231/2231 2233/2233
f 2234/2234 2233/2233 2231/2231
f 2235/2235 2233/2233 2234/2234
f 2236/2236 2237/2237 2238/2238
f 2238/2238 2239/2239 2240/2240
f 2241/2241 2242/2242 2243/2243
f 2225/2225 2244/2244 2245/2245
f 2243/2243 2246/2246 2247/2247
f 2248/2248 2249/2249 2250/2250
f 2250/2250 2249/2249 2251/2251
f 2252/2252 2253/2253 2254/2254
f 2254/2254 2253/2253 2255/2255
f 2251/2251 2256/2256 2250/2250
f 2250/2250 2256/2256 2257/2257
f 2258/2258 2259/2259 2260/2260
f 2261/2261 2259/2259 2262/2262
f 2263/2263 2264/2264 2265/2265
f 2265/2265 2264/2264 2266/2266
f 2264/2264 2263/2263 2267/2267
f 2267/2267 2263/2263 2268/2268
f 2269/2269 2270/2270 2271/2271
f 2271/2271 2270/2270 2272/2272
f 2264/2264 2273/2273 2266/2266
f 2267/2267 2273/2273 2264/2264
f 2272/2272 2270/2270 2274/2274
f 2270/2270 2269/2269 2275/2275
f 2274/2274 2270/2270 2275/2275
f 2266/2266 2276/2276 2265/2265
f 2277/2277 2265/2265 2276/2276
f 2276/2276 2272/2272 2277/2277
f 2277/2277 2272/2272 2274/2274
f 2278/2278 2276/2276 2266/2266
f 2273/2273 2278/2278 2266/2266
f 2271/2271 2272/2272 2278/2278
f 2278/2278 2272/2272 2276/2276
f 2279/2279 2278/2278 2273/2273
f 2271/2271 2278/2278 2280/2280
f 2280/2280 2278/2278 2279/2279
f 2268/2268 2263/2263 2281/2281
f 2281/2281 2263/2263 2265/2265
f 2281/2281 2265/2265 2277/2277
f 2269/2269 2271/2271 2282/2282
f 2275/2275 2269/2269 2282/2282
f 2282/2282 2271/2271 2280/2280
f 2283/2283 2284/2284 2285/2285
f 2285/2285 2284/2284 2286/2286
f 2287/2287 2288/2288 2285/2285
f 2285/2285 2288/2288 2283/2283
f 2284/2284 2289/2289 2286/2286
f 2287/2287 2289/2289 2288/2288
f 2288/2288 2289/2289 2283/2283
f 2283/2283 2289/2289 2284/2284
f 2290/2290 2289/2289 2287/2287
f 2286/2286 2289/2289 2290/2290
f 2291/2291 2292/2292 2293/2293
f 2293/2293 2292/2292 2294/2294
f 2294/2294 2295/2295 2293/2293
f 2293/2293 2295/2295 2296/2296
f 2295/2295 2297/2297 2296/2296
f 2294/2294 2297/2297 2295/2295
f 2292/2292 2297/2297 2294/2294
f 2291/2291 2297/2297 2292/2292
f 2298/2298 2297/2297 2291/2291
f 2296/2296 2297/2297 2298/2298
f 2299/2299 2300/2300 2301/2301
f 2301/2301 2300/2300 2302/2302
f 2303/2303 2304/2304 2305/2305
f 2306/2306 2307/2307 2308/2308
f 2308/2308 2307/2307 2309/2309
f 2310/2310 2311/2311 2312/2312
f 2313/2313 2311/2311 2310/2310
f 2314/2314 2308/2308 2309/2309
f 2315/2315 2308/2308 2314/2314
f 2306/2306 2316/2316 2307/2307
f 2317/2317 2316/2316 2306/2306
f 2318/2318 2319/2319 2320/2320
f 2320/2320 2319/2319 2321/2321
f 2304/2304 2322/2322 2305/2305
f 2305/2305 2322/2322 2323/2323
f 2324/2324 2312/2312 2311/2311
f 2312/2312 2325/2325 2310/2310
f 2326/2326 2325/2325 2312/2312
f 2327/2327 2328/2328 2329/2329
f 2329/2329 2328/2328 2330/2330
f 2328/2328 2327/2327 2331/2331
f 2331/2331 2327/2327 2332/2332
f 2333/2333 2334/2334 2335/2335
f 2334/2334 2336/2336 2337/2337
f 2338/2338 2339/2339 2340/2340
f 2322/2322 2341/2341 2342/2342
f 2339/2339 2343/2343 2344/2344
f 2345/2345 2346/2346 2347/2347
f 2347/2347 2346/2346 2348/2348
f 2349/2349 2350/2350 2351/2351
f 2351/2351 2350/2350 2352/2352
f 2346/2346 2353/2353 2348/2348
f 2354/2354 2353/2353 2346/2346
f 2355/2355 2356/2356 2357/2357
f 2358/2358 2359/2359 2357/2357
f 2360/2360 2361/2361 2362/2362
f 2362/2362 2361/2361 2363/2363
f 2361/2361 2364/2364 2363/2363
f 2363/2363 2364/2364 2365/2365
f 2366/2366 2367/2367 2368/2368
f 2368/2368 2367/2367 2369/2369
f 2364/2364 2361/2361 2370/2370
f 2370/2370 2361/2361 2360/2360
f 2371/2371 2366/2366 2368/2368
f 2371/2371 2368/2368 2372/2372
f 2372/2372 2368/2368 2369/2369
f 2372/2372 2369/2369 2373/2373
f 2362/2362 2373/2373 2374/2374
f 2374/2374 2360/2360 2362/2362
f 2373/2373 2369/2369 2374/2374
f 2375/2375 2369/2369 2367/2367
f 2375/2375 2360/2360 2374/2374
f 2374/2374 2369/2369 2375/2375
f 2375/2375 2370/2370 2360/2360
f 2376/2376 2370/2370 2375/2375
f 2377/2377 2375/2375 2367/2367
f 2376/2376 2375/2375 2377/2377
f 2365/2365 2378/2378 2363/2363
f 2378/2378 2373/2373 2362/2362
f 2363/2363 2378/2378 2362/2362
f 2377/2377 2367/2367 2379/2379
f 2379/2379 2366/2366 2371/2371
f 2379/2379 2367/2367 2366/2366
f 2380/2380 2381/2381 2382/2382
f 2382/2382 2381/2381 2383/2383
f 2384/2384 2382/2382 2383/2383
f 2385/2385 2382/2382 2384/2384
f 2383/2383 2386/2386 2384/2384
f 2380/2380 2386/2386 2381/2381
f 2386/2386 2385/2385 2384/2384
f 2381/2381 2386/2386 2383/2383
f 2387/2387 2385/2385 2386/2386
f 2387/2387 2386/2386 2380/2380
f 2388/2388 2389/2389 2390/2390
f 2390/2390 2389/2389 2391/2391
f 2389/2389 2392/2392 2391/2391
f 2393/2393 2392/2392 2389/2389
f 2394/2394 2395/2395 2393/2393
f 2393/2393 2395/2395 2392/2392
f 2394/2394 2388/2388 2395/2395
f 2395/2395 2388/2388 2390/2390
f 2390/2390 2391/2391 2395/2395
f 2395/2395 2391/2391 2392/2392
f 2396/2396 2397/2397 2398/2398
f 2398/2398 2397/2397 2399/2399
f 2400/2400 2401/2401 2402/2402
f 2402/2402 2401/2401 2403/2403
f 2404/2404 2400/2400 2402/2402
f 2405/2405 2400/2400 2404/2404
f 2405/2405 2404/2404 2406/2406
f 2406/2406 2404/2404 2407/2407
f 2401/2401 2408/2408 2403/2403
f 2403/2403 2408/2408 2409/2409
f 2410/2410 2406/2406 2407/2407
f 2411/2411 2406/2406 2410/2410
f 2411/2411 2410/2410 2412/2412
f 2412/2412 2410/2410 2413/2413
f 2414/2414 2412/2412 2413/2413
f 2415/2415 2412/2412 2414/2414
f 2408/2408 2416/2416 2409/2409
f 2409/2409 2416/2416 2417/2417
f 2415/2415 2414/2414 2418/2418
f 2418/2418 2414/2414 2419/2419
f 2420/2420 2418/2418 2419/2419
f 2421/2421 2418/2418 2420/2420
f 2421/2421 2420/2420 2422/2422
f 2422/2422 2420/2420 2423/2423
f 2416/2416 2424/2424 2417/2417
f 2396/2396 2398/2398 2424/2424
f 2424/2424 2398/2398 2425/2425
f 2417/2417 2424/2424 2425/2425
f 2426/2426 2422/2422 2427/2427
f 2427/2427 2422/2422 2423/2423
f 2426/2426 2427/2427 2428/2428
f 2428/2428 2427/2427 2429/2429
f 2430/2430 2428/2428 2429/2429
f 2431/2431 2428/2428 2430/2430
f 2431/2431 2430/2430 2432/2432
f 2432/2432 2430/2430 2433/2433
f 2410/2410 2434/2434 2413/2413
f 2435/2435 2434/2434 2410/2410
f 2436/2436 2434/2434 2435/2435
f 2437/2437 2432/2432 2433/2433
f 2438/2438 2432/2432 2437/2437
f 2439/2439 2440/2440 2441/2441
f 2441/2441 2440/2440 2442/2442
f 2443/2443 2399/2399 2444/2444
f 2397/2397 2445/2445 2399/2399
f 2444/2444 2399/2399 2445/2445
f 2439/2439 2441/2441 2446/2446
f 2446/2446 2441/2441 2447/2447
f 2448/2448 2446/2446 2447/2447
f 2449/2449 2446/2446 2448/2448
f 2449/2449 2448/2448 2450/2450
f 2450/2450 2448/2448 2451/2451
f 2452/2452 2453/2453 2454/2454
f 2454/2454 2453/2453 2455/2455
f 2456/2456 2450/2450 2451/2451
f 2457/2457 2450/2450 2456/2456
f 2457/2457 2456/2456 2458/2458
f 2458/2458 2456/2456 2459/2459
f 2460/2460 2458/2458 2461/2461
f 2461/2461 2458/2458 2459/2459
f 2453/2453 2462/2462 2455/2455
f 2463/2463 2462/2462 2453/2453
f 2460/2460 2461/2461 2464/2464
f 2464/2464 2461/2461 2465/2465
f 2466/2466 2467/2467 2465/2465
f 2465/2465 2467/2467 2468/2468
f 2468/2468 2464/2464 2465/2465
f 2463/2463 2469/2469 2462/2462
f 2462/2462 2469/2469 2470/2470
f 2469/2469 2471/2471 2470/2470
f 2470/2470 2471/2471 2472/2472
f 2471/2471 2473/2473 2472/2472
f 2474/2474 2473/2473 2471/2471
f 2474/2474 2475/2475 2473/2473
f 2473/2473 2475/2475 2476/2476
f 2475/2475 2477/2477 2476/2476
f 2478/2478 2477/2477 2475/2475
f 2478/2478 2479/2479 2477/2477
f 2479/2479 2464/2464 2468/2468
f 2477/2477 2479/2479 2468/2468
f 2470/2470 2480/2480 2462/2462
f 2481/2481 2480/2480 2482/2482
f 2472/2472 2482/2482 2470/2470
f 2482/2482 2480/2480 2470/2470
f 2444/2444 2483/2483 2443/2443
f 2484/2484 2483/2483 2444/2444
f 2425/2425 2485/2485 2417/2417
f 2486/2486 2485/2485 2425/2425
f 2435/2435 2410/2410 2487/2487
f 2404/2404 2487/2487 2407/2407
f 2487/2487 2410/2410 2407/2407
f 2420/2420 2419/2419 2488/2488
f 2420/2420 2489/2489 2423/2423
f 2488/2488 2489/2489 2420/2420
f 2448/2448 2490/2490 2451/2451
f 2447/2447 2490/2490 2448/2448
f 2491/2491 2490/2490 2447/2447
f 2451/2451 2490/2490 2492/2492
f 2492/2492 2493/2493 2451/2451
f 2451/2451 2493/2493 2456/2456
f 2456/2456 2493/2493 2459/2459
f 2459/2459 2493/2493 2494/2494
f 2477/2477 2495/2495 2476/2476
f 2476/2476 2496/2496 2473/2473
f 2495/2495 2496/2496 2476/2476
f 2399/2399 2497/2497 2398/2398
f 2486/2486 2425/2425 2497/2497
f 2497/2497 2425/2425 2398/2398
f 2483/2483 2497/2497 2443/2443
f 2443/2443 2497/2497 2399/2399
f 2498/2498 2486/2486 2497/2497
f 2498/2498 2497/2497 2483/2483
f 2499/2499 2500/2500 2480/2480
f 2480/2480 2500/2500 2501/2501
f 2480/2480 2501/2501 2462/2462
f 2462/2462 2501/2501 2455/2455
f 2502/2502 2503/2503 2504/2504
f 2504/2504 2503/2503 2505/2505
f 2506/2506 2467/2467 2466/2466
f 2507/2507 2508/2508 2509/2509
f 2506/2506 2466/2466 2510/2510
f 2461/2461 2511/2511 2465/2465
f 2510/2510 2466/2466 2511/2511
f 2465/2465 2511/2511 2466/2466
f 2459/2459 2511/2511 2461/2461
f 2494/2494 2511/2511 2459/2459
f 2496/2496 2512/2512 2473/2473
f 2473/2473 2512/2512 2472/2472
f 2512/2512 2482/2482 2472/2472
f 2512/2512 2481/2481 2482/2482
f 2442/2442 2513/2513 2441/2441
f 2447/2447 2513/2513 2491/2491
f 2441/2441 2513/2513 2447/2447
f 2514/2514 2511/2511 2494/2494
f 2515/2515 2516/2516 2517/2517
f 2517/2517 2516/2516 2518/2518
f 2519/2519 2494/2494 2493/2493
f 2514/2514 2494/2494 2519/2519
f 2414/2414 2413/2413 2520/2520
f 2520/2520 2413/2413 2434/2434
f 2521/2521 2493/2493 2492/2492
f 2414/2414 2522/2522 2419/2419
f 2520/2520 2522/2522 2414/2414
f 2488/2488 2419/2419 2522/2522
f 2523/2523 2492/2492 2490/2490
f 2521/2521 2492/2492 2523/2523
f 2524/2524 2495/2495 2477/2477
f 2467/2467 2524/2524 2468/2468
f 2468/2468 2524/2524 2477/2477
f 2525/2525 2490/2490 2491/2491
f 2526/2526 2423/2423 2489/2489
f 2427/2427 2423/2423 2526/2526
f 2526/2526 2527/2527 2427/2427
f 2427/2427 2527/2527 2429/2429
f 2528/2528 2491/2491 2513/2513
f 2525/2525 2491/2491 2528/2528
f 2529/2529 2429/2429 2527/2527
f 2430/2430 2429/2429 2529/2529
f 2430/2430 2530/2530 2433/2433
f 2529/2529 2530/2530 2430/2430
f 2433/2433 2530/2530 2437/2437
f 2437/2437 2530/2530 2531/2531
f 2532/2532 2513/2513 2533/2533
f 2533/2533 2513/2513 2442/2442
f 2486/2486 2534/2534 2485/2485
f 2535/2535 2534/2534 2486/2486
f 2536/2536 2537/2537 2538/2538
f 2538/2538 2539/2539 2508/2508
f 2538/2538 2537/2537 2539/2539
f 2508/2508 2539/2539 2509/2509
f 2540/2540 2531/2531 2530/2530
f 2541/2541 2531/2531 2540/2540
f 2542/2542 2530/2530 2529/2529
f 2516/2516 2543/2543 2518/2518
f 2518/2518 2543/2543 2544/2544
f 2543/2543 2502/2502 2544/2544
f 2544/2544 2502/2502 2504/2504
f 2500/2500 2545/2545 2501/2501
f 2455/2455 2545/2545 2454/2454
f 2501/2501 2545/2545 2455/2455
f 2546/2546 2529/2529 2527/2527
f 2542/2542 2529/2529 2546/2546
f 2409/2409 2547/2547 2403/2403
f 2403/2403 2548/2548 2402/2402
f 2547/2547 2548/2548 2403/2403
f 2548/2548 2404/2404 2402/2402
f 2549/2549 2527/2527 2526/2526
f 2495/2495 2550/2550 2496/2496
f 2550/2550 2512/2512 2496/2496
f 2551/2551 2550/2550 2495/2495
f 2552/2552 2495/2495 2524/2524
f 2552/2552 2524/2524 2553/2553
f 2553/2553 2524/2524 2467/2467
f 2549/2549 2526/2526 2554/2554
f 2554/2554 2526/2526 2489/2489
f 2555/2555 2445/2445 2397/2397
f 2556/2556 2489/2489 2488/2488
f 2556/2556 2488/2488 2557/2557
f 2557/2557 2488/2488 2522/2522
f 2558/2558 2522/2522 2520/2520
f 2559/2559 2520/2520 2434/2434
f 2558/2558 2520/2520 2559/2559
f 2485/2485 2560/2560 2417/2417
f 2417/2417 2560/2560 2409/2409
f 2534/2534 2560/2560 2485/2485
f 2560/2560 2547/2547 2409/2409
f 2436/2436 2435/2435 2561/2561
f 2561/2561 2435/2435 2487/2487
f 2562/2562 2487/2487 2404/2404
f 2562/2562 2404/2404 2548/2548
f 2563/2563 2481/2481 2512/2512
f 2564/2564 2487/2487 2562/2562
f 2565/2565 2562/2562 2548/2548
f 2564/2564 2562/2562 2565/2565
f 2536/2536 2566/2566 2537/2537
f 2503/2503 2567/2567 2505/2505
f 2537/2537 2566/2566 2567/2567
f 2505/2505 2567/2567 2566/2566
f 2560/2560 2568/2568 2547/2547
f 2568/2568 2548/2548 2547/2547
f 2569/2569 2568/2568 2560/2560
o _2_0
v 1.078990 1.998130 -0.734423
v 0.852931 1.998130 -1.006070
v 1.078990 2.351540 -0.734421
v 0.852930 2.351540 -1.006070
v -0.617560 1.817050 -1.196330
v -0.869174 1.817050 -1.052380
v -0.617560 2.107330 -1.196330
v -0.869174 2.107330 -1.052380
v 1.287720 1.835000 0.234672
v 1.316890 1.736280 -0.009454
v 1.296580 2.080850 0.136309
v 1.325750 1.982130 -0.107817
v -0.051865 1.716080 -1.397470
v -0.394234 1.716080 -1.309840
v -0.051864 2.069490 -1.397470
v -0.394233 2.069490 -1.309840
v 0.774086 1.874470 1.078990
v 0.955748 1.775750 0.913316
v 0.845092 2.120320 1.010340
v 1.026750 2.021590 0.844671
v -1.086310 1.935890 0.794007
v -0.927308 1.935890 0.986214
v -1.086310 2.185340 0.794007
v -0.927308 2.185340 0.986214
v -0.157589 1.964230 1.312640
v 0.071339 1.964230 1.353820
v -0.157589 2.213680 1.312640
v 0.071339 2.213680 1.353820
vt 0.500015 0.000000
vt 1.000000 0.000000
vt 0.500015 1.000000
vt 1.000000 1.000000
vt 0.000000 0.000000
vt 0.500015 0.000000
vt 0.000000 1.000000
vt 0.500015 1.000000
vt 0.000000 0.000000
vt 0.500015 0.000000
vt 0.000000 1.000000
vt 0.500015 1.000000
vt 0.000000 0.000000
vt 0.500015 0.000000
vt 0.000000 1.000000
vt 0.500015 1.000000
vt 0.000000 0.000000
vt 0.500015 0.000000
vt 0.000000 1.000000
vt 0.500015 1.000000
vt 0.500015 0.000000
vt 1.000000 0.000000
vt 0.500015 1.000000
vt 1.000000 1.000000
vt 0.500015 0.000000
vt 1.000000 0.000000
vt 0.500015 1.000000
vt 1.000000 1.000000
usemtl Mdl_0_Mtl_test_test_lambert3
s off
f 2570/2570 2571/2571 2572/2572
f 2572/2572 2571/2571 2573/2573
f 2574/2574 2575/2575 2576/2576
f 2576/2576 2575/2575 2577/2577
f 2578/2578 2579/2579 2580/2580
f 2580/2580 2579/2579 2581/2581
f 2582/2582 2583/2583 2584/2584
f 2584/2584 2583/2583 2585/2585
f 2586/2586 2587/2587 2588/2588
f 2588/2588 2587/2587 2589/2589
f 2590/2590 2591/2591 2592/2592
f 2592/2592 2591/2591 2593/2593
f 2594/2594 2595/2595 2596/2596
f 2596/2596 2595/2595 2597/2597
o _1_0
v 0.641869 2.247170 -1.239520
v 0.301087 2.247170 -1.333140
v 0.641869 2.600570 -1.239519
v 0.301087 2.600570 -1.333140
v 1.357600 2.224780 -0.254120
v 1.272600 2.126050 -0.484823
v 1.320780 2.470630 -0.345758
v 1.235780 2.371900 -0.576461
v -1.333700 2.413590 0.111667
v -1.280190 2.413590 0.355313
v -1.333700 2.663040 0.111667
v -1.280190 2.663040 0.355313
v 0.337937 2.208590 1.268720
v 0.597902 2.208590 1.196860
v 0.337937 2.458040 1.268720
v 0.597902 2.458040 1.196860
v 1.153710 2.342440 0.675833
v 1.255010 2.342440 0.356109
v 1.153710 2.695850 0.675833
v 1.255000 2.695850 0.356109
v -1.140770 2.084040 -0.809352
v -1.293710 2.084040 -0.562637
v -1.140770 2.374310 -0.809352
v -1.293710 2.374310 -0.562637
v -0.607861 2.325550 1.167150
v -0.382724 2.226830 1.265950
v -0.516309 2.571400 1.204200
v -0.291172 2.472680 1.302990
vt 0.000000 0.000000
vt 0.500015 0.000000
vt 0.000000 1.000000
vt 0.500015 1.000000
vt 0.000000 0.000000
vt 0.500015 0.000000
vt 0.000000 1.000000
vt 0.500015 1.000000
vt 0.500015 0.000000
vt 1.000000 0.000000
vt 0.500015 1.000000
vt 1.000000 1.000000
vt 0.500015 0.000000
vt 1.000000 0.000000
vt 0.500015 1.000000
vt 1.000000 1.000000
vt 0.500015 0.000000
vt 1.000000 0.000000
vt 0.500015 1.000000
vt 1.000000 1.000000
vt 0.000000 0.000000
vt 0.500015 0.000000
vt 0.000000 1.000000
vt 0.500015 1.000000
vt 0.000000 0.000000
vt 0.500015 0.000000
vt 0.000000 1.000000
vt 0.500015 1.000000
usemtl Mdl_0_Mtl_test_test_lambert3
s off
f 2598/2598 2599/2599 2600/2600
f 2600/2600 2599/2599 2601/2601
f 2602/2602 2603/2603 2604/2604
f 2604/2604 2603/2603 2605/2605
f 2606/2606 2607/2607 2608/2608
f 2608/2608 2607/2607 2609/2609
f 2610/2610 2611/2611 2612/2612
f 2612/2612 2611/2611 2613/2613
f 2614/2614 2615/2615 2616/2616
f 2616/2616 2615/2615 2617/2617
f 2618/2618 2619/2619 2620/2620
f 2620/2620 2619/2619 2621/2621
f 2622/2622 2623/2623 2624/2624
f 2624/2624 2623/2623 2625/2625
o _0_0
v -2.058430 0.011798 1.861770
v 2.058430 0.011798 1.861770
v -2.058430 0.011798 -1.668640
v 2.058430 0.011798 -1.668640
vt 0.000000 0.000000
vt 1.000000 0.000000
vt 0.000000 1.000000
vt 1.000000 1.000000
usemtl Mdl_0_Mtl_test_kage
s off
f 2626/2626 2627/2627 2628/2628
f 2628/2628 2627/2627 2629/2629
