# Blender 4.4.3
# www.blender.org
mtllib window.mtl
o Plane.004_Plane.010
v 384.543823 190.283218 541.084229
v 384.543823 459.083160 541.084229
v 175.192520 190.283218 541.084229
v 175.192520 459.083160 541.084229
v 384.543823 190.283218 550.044189
v 384.543823 459.083160 550.044250
v 175.192520 190.283218 550.044250
v 175.192520 459.083160 550.044250
v 175.192520 190.283218 527.644226
v 384.543823 190.283218 527.644226
v 384.543823 459.083160 527.644226
v 175.192520 459.083160 527.644226
v 175.192520 190.283218 482.844238
v 384.543823 190.283218 482.844208
v 384.543823 459.083160 482.844208
v 175.192520 459.083160 482.844238
v 175.192520 459.083160 550.044250
v 175.192520 190.283218 550.044250
v 384.543823 459.083160 550.044250
v 384.543823 190.283218 550.044189
v 175.192520 190.283218 482.844238
v 384.543823 190.283218 482.844208
v 384.543823 459.083160 482.844208
v 175.192520 459.083160 482.844238
v -34.159027 548.683228 482.844269
v -34.159027 -11.316792 482.844238
v 593.895386 -11.316792 482.844177
v 593.895386 548.683228 482.844208
v 593.895386 -11.316795 550.044189
v -34.159027 -11.316795 550.044250
v 593.895386 548.683228 550.044189
v -34.159027 548.683228 550.044250
vn -0.0000 -1.0000 -0.0000
vn 1.0000 -0.0000 -0.0000
vn -0.0000 1.0000 -0.0000
vn -1.0000 -0.0000 -0.0000
vn -0.0000 -0.0000 1.0000
vn -0.0000 -0.0000 -1.0000
s 1
usemtl Material.006
f 6//1 4//1 2//1
f 8//2 3//2 4//2
f 3//3 5//3 1//3
f 1//4 6//4 2//4
f 10//3 13//3 9//3
f 13//2 12//2 9//2
f 11//4 14//4 10//4
f 16//1 11//1 12//1
f 20//5 31//5 19//5
f 18//5 32//5 30//5
f 31//5 17//5 19//5
f 20//5 30//5 29//5
f 28//6 24//6 25//6
f 21//6 27//6 26//6
f 25//6 21//6 26//6
f 22//6 28//6 27//6
f 6//1 8//1 4//1
f 8//2 7//2 3//2
f 3//3 7//3 5//3
f 1//4 5//4 6//4
f 10//3 14//3 13//3
f 13//2 16//2 12//2
f 11//4 15//4 14//4
f 16//1 15//1 11//1
f 20//5 29//5 31//5
f 18//5 17//5 32//5
f 31//5 32//5 17//5
f 20//5 18//5 30//5
f 28//6 23//6 24//6
f 21//6 22//6 27//6
f 25//6 24//6 21//6
f 22//6 23//6 28//6
o Plane
v 376.657227 199.492981 525.992493
v 376.652527 199.275925 525.985779
v 376.558441 199.492981 526.053162
v 376.658997 199.733536 525.994690
v 376.745697 199.492981 525.917236
v 376.739868 199.275925 525.911194
v 376.554626 199.275925 526.045776
v 376.559784 199.733536 526.055664
v 376.747711 199.733536 525.919006
v 375.519958 199.492981 525.166138
v 375.528046 199.275925 525.168579
v 375.564331 199.492981 525.058838
v 375.517517 199.733536 525.165222
v 375.492859 199.492981 525.278809
v 375.500916 199.275925 525.280151
v 375.571716 199.275925 525.062622
v 375.561859 199.733536 525.057495
v 375.489960 199.733536 525.278564
v 376.925781 199.492981 525.622864
v 376.917969 199.275925 525.620178
v 376.881439 199.492981 525.730164
v 376.928467 199.733536 525.623779
v 376.953125 199.492981 525.510010
v 376.944824 199.275925 525.508850
v 376.874054 199.275925 525.726379
v 376.883911 199.733536 525.731506
v 376.955811 199.733536 525.510437
v 375.788544 199.492981 524.796570
v 375.793457 199.275925 524.803284
v 375.887329 199.492981 524.735840
v 375.786987 199.733536 524.794312
v 375.700073 199.492981 524.871826
v 375.706116 199.275925 524.877625
v 375.891144 199.275925 524.743225
v 375.886230 199.733536 524.733398
v 375.698273 199.733536 524.869812
v 376.222900 199.492981 524.655396
v 376.222900 199.275925 524.663696
v 376.338684 199.492981 524.664368
v 376.222900 199.733536 524.652710
v 376.107056 199.492981 524.664368
v 376.108398 199.275925 524.672668
v 376.337341 199.275925 524.672668
v 376.339142 199.733536 524.661682
v 376.106873 199.733536 524.661682
v 376.657227 199.492981 524.796570
v 376.652527 199.275925 524.803284
v 376.745697 199.492981 524.871826
v 376.658997 199.733536 524.794312
v 376.558441 199.492981 524.735840
v 376.554626 199.275925 524.743225
v 376.739868 199.275925 524.877625
v 376.747711 199.733536 524.869812
v 376.559784 199.733536 524.733398
v 376.925781 199.492981 525.166138
v 376.917969 199.275925 525.168579
v 376.953125 199.492981 525.279053
v 376.928467 199.733536 525.165222
v 376.881439 199.492981 525.058838
v 376.874054 199.275925 525.062622
v 376.944824 199.275925 525.280151
v 376.955811 199.733536 525.278564
v 376.883911 199.733536 525.057495
v 375.788544 199.492981 525.992493
v 375.793457 199.275925 525.985779
v 375.700073 199.492981 525.917236
v 375.786987 199.733536 525.994690
v 375.887329 199.492981 526.053162
v 375.891144 199.275925 526.045776
v 375.706116 199.275925 525.911194
v 375.698273 199.733536 525.919006
v 375.886230 199.733536 526.055664
v 376.222900 199.492981 526.133606
v 376.222900 199.275925 526.125305
v 376.107056 199.492981 526.124634
v 376.222900 199.733536 526.136292
v 376.338684 199.492981 526.124634
v 376.337341 199.275925 526.116333
v 376.108398 199.275925 526.116333
v 376.106873 199.733536 526.127319
v 376.339142 199.733536 526.127319
v 375.519958 199.492981 525.622864
v 375.528046 199.275925 525.620178
v 375.492859 199.492981 525.510010
v 375.517517 199.733536 525.623779
v 375.564331 199.492981 525.730164
v 375.571716 199.275925 525.726379
v 375.500916 199.275925 525.508850
v 375.489960 199.733536 525.510437
v 375.561859 199.733536 525.731506
v 375.030762 206.767593 524.141113
v 375.335388 206.767593 524.019958
v 375.030762 203.500107 524.141113
v 374.718048 206.767593 524.280884
v 375.030762 210.034866 524.141113
v 375.335388 210.034866 524.019958
v 375.335388 203.500107 524.019958
v 374.718048 203.500107 524.280884
v 374.718048 210.034866 524.280884
v 376.167786 206.767593 523.852356
v 376.416199 206.767593 523.870972
v 376.167786 203.500107 523.852356
v 375.905457 206.767593 523.870972
v 376.167786 210.034866 523.852356
v 376.416199 210.034866 523.870972
v 376.416199 203.500107 523.870972
v 375.905457 203.500107 523.870972
v 375.905457 210.034866 523.870972
v 377.081238 206.767593 524.146729
v 377.265625 206.767593 524.303772
v 377.081238 203.500107 524.146729
v 376.874939 206.767593 524.019958
v 377.081238 210.034866 524.146729
v 377.265625 210.034866 524.303772
v 377.265625 203.500107 524.303711
v 376.874939 203.500107 524.019958
v 376.874939 210.034866 524.019958
v 375.030762 206.767593 526.647888
v 374.718048 206.767593 526.508118
v 375.030762 203.500107 526.647888
v 375.335388 206.767593 526.769104
v 375.030762 210.034866 526.647888
v 374.718048 210.034866 526.508118
v 374.718048 203.500107 526.508118
v 375.335388 203.500107 526.769104
v 375.335388 210.034866 526.769104
v 376.167786 206.767593 526.936646
v 375.905457 206.767593 526.918030
v 376.167786 203.500107 526.936646
v 376.416199 206.767593 526.918030
v 376.167786 210.034866 526.936646
v 375.905457 210.034866 526.918030
v 375.905457 203.500107 526.918030
v 376.416199 203.500107 526.918030
v 376.416199 210.034866 526.918030
v 377.081238 206.767593 526.642090
v 376.874939 206.767593 526.769104
v 377.081238 203.500107 526.642090
v 377.265625 206.767593 526.485046
v 377.081238 210.034866 526.642090
v 376.874939 210.034866 526.769104
v 376.874939 203.500107 526.769104
v 377.265625 203.500107 526.485046
v 377.265625 210.034866 526.485046
v 377.641479 206.767593 524.917969
v 377.698364 206.767593 525.153381
v 377.641479 203.500107 524.917969
v 377.549194 206.767593 524.693970
v 377.641479 210.034866 524.917969
v 377.698364 210.034866 525.153381
v 377.698364 203.500107 525.153381
v 377.549194 203.500107 524.693970
v 377.549194 210.034866 524.693970
v 377.641479 206.767593 525.871094
v 377.549194 206.767593 526.094849
v 377.641479 203.500107 525.871094
v 377.698364 206.767593 525.635620
v 377.641479 210.034866 525.871094
v 377.549194 210.034866 526.094849
v 377.549194 203.500107 526.094849
v 377.698364 203.500107 525.635620
v 377.698364 210.034866 525.635620
v 376.165771 213.631180 524.010315
v 376.166870 213.466751 523.931213
v 375.921814 213.631180 524.027100
v 376.164642 213.795609 524.089355
v 376.391541 213.631180 524.027100
v 376.403870 213.466751 523.948914
v 375.913544 213.466751 523.948914
v 375.929871 213.795609 524.105042
v 376.379242 213.795609 524.105042
v 377.491180 213.631180 525.822266
v 377.566437 213.466751 525.846680
v 377.542236 213.631180 525.611023
v 377.416138 213.795609 525.797852
v 377.408295 213.631180 526.023193
v 377.478851 213.466751 526.059021
v 377.620422 213.466751 525.623352
v 377.464294 213.795609 525.598694
v 377.337952 213.795609 525.987305
v 375.054260 213.631180 526.519531
v 375.042419 213.466751 526.583618
v 375.364746 213.631180 526.628174
v 375.065918 213.795609 526.455261
v 374.731049 213.631180 526.394104
v 374.724548 213.466751 526.451233
v 375.349976 213.466751 526.698547
v 375.379303 213.795609 526.557617
v 374.737549 213.795609 526.336975
v 376.988525 213.631180 524.274597
v 377.034882 213.466751 524.210815
v 376.803284 213.631180 524.160828
v 376.941925 213.795609 524.338684
v 377.153809 213.631180 524.415527
v 377.209839 213.466751 524.359741
v 376.839111 213.466751 524.090515
v 376.767426 213.795609 524.231140
v 377.098053 213.795609 524.471497
v 376.988525 213.631180 526.514404
v 377.034882 213.466751 526.578247
v 377.153809 213.631180 526.373474
v 376.941925 213.795609 526.450317
v 376.803284 213.631180 526.628174
v 376.839111 213.466751 526.698547
v 377.209839 213.466751 526.429260
v 377.098053 213.795609 526.317505
v 376.767426 213.795609 526.557617
v 377.491180 213.631180 524.966797
v 377.566437 213.466751 524.942383
v 377.408295 213.631180 524.765869
v 377.416138 213.795609 524.991211
v 377.542236 213.631180 525.178040
v 377.620422 213.466751 525.165710
v 377.478851 213.466751 524.730042
v 377.337952 213.795609 524.801697
v 377.464294 213.795609 525.190308
v 375.054260 213.631180 524.269470
v 375.042419 213.466751 524.205200
v 374.731049 213.631180 524.394897
v 375.065918 213.795609 524.333740
v 375.364746 213.631180 524.160828
v 375.349976 213.466751 524.090515
v 374.724548 213.466751 524.337769
v 374.737549 213.795609 524.452026
v 375.379303 213.795609 524.231140
v 376.165771 213.631180 526.778748
v 376.166870 213.466751 526.857788
v 376.391541 213.631180 526.761902
v 376.164642 213.795609 526.699646
v 375.921814 213.631180 526.761902
v 375.913544 213.466751 526.840088
v 376.403870 213.466751 526.840088
v 376.379242 213.795609 526.683960
v 375.929871 213.795609 526.683960
v 376.578156 198.464798 525.883606
v 376.586426 198.338928 525.895020
v 376.497284 198.464798 525.933350
v 376.574554 198.581970 525.878479
v 376.650513 198.464798 525.822021
v 376.660583 198.338928 525.832092
v 376.503784 198.338928 525.945862
v 376.494598 198.581970 525.927734
v 376.646027 198.581970 525.817505
v 375.647858 198.464798 525.207581
v 375.634644 198.338928 525.203308
v 375.684143 198.464798 525.119995
v 375.653931 198.581970 525.209595
v 375.625702 198.464798 525.299866
v 375.611816 198.338928 525.297852
v 375.671631 198.338928 525.113525
v 375.689758 198.581970 525.122681
v 375.631744 198.581970 525.300964
v 376.797913 198.464798 525.581238
v 376.811340 198.338928 525.585693
v 376.761597 198.464798 525.669006
v 376.791840 198.581970 525.579407
v 376.820068 198.464798 525.488953
v 376.834167 198.338928 525.491150
v 376.774139 198.338928 525.675537
v 376.755981 198.581970 525.666138
v 376.814026 198.581970 525.488037
v 375.867615 198.464798 524.905396
v 375.859314 198.338928 524.893982
v 375.948486 198.464798 524.855652
v 375.871216 198.581970 524.910583
v 375.795258 198.464798 524.966980
v 375.785400 198.338928 524.956909
v 375.941986 198.338928 524.843140
v 375.951416 198.581970 524.861267
v 375.799744 198.581970 524.971497
v 376.222900 198.464798 524.790039
v 376.222900 198.338928 524.775940
v 376.317627 198.464798 524.797241
v 376.222900 198.581970 524.796326
v 376.128357 198.464798 524.797241
v 376.126099 198.338928 524.783325
v 376.319641 198.338928 524.783325
v 376.316498 198.581970 524.803467
v 376.129272 198.581970 524.803467
v 376.578156 198.464798 524.905396
v 376.586426 198.338928 524.893982
v 376.650513 198.464798 524.966980
v 376.574554 198.581970 524.910583
v 376.497284 198.464798 524.855652
v 376.503784 198.338928 524.843140
v 376.660583 198.338928 524.956909
v 376.646027 198.581970 524.971497
v 376.494598 198.581970 524.861267
v 376.797913 198.464798 525.207581
v 376.811340 198.338928 525.203308
v 376.820068 198.464798 525.299866
v 376.791840 198.581970 525.209595
v 376.761597 198.464798 525.119995
v 376.774139 198.338928 525.113525
v 376.834167 198.338928 525.297852
v 376.814026 198.581970 525.300964
v 376.755981 198.581970 525.122681
v 375.867615 198.464798 525.883606
v 375.859314 198.338928 525.895020
v 375.795258 198.464798 525.822021
v 375.871216 198.581970 525.878479
v 375.948486 198.464798 525.933350
v 375.941986 198.338928 525.945862
v 375.785400 198.338928 525.832092
v 375.799744 198.581970 525.817505
v 375.951416 198.581970 525.927734
v 376.222900 198.464798 525.998962
v 376.222900 198.338928 526.013062
v 376.128113 198.464798 525.991821
v 376.222900 198.581970 525.992676
v 376.317627 198.464798 525.991821
v 376.319641 198.338928 526.005676
v 376.126099 198.338928 526.005676
v 376.129272 198.581970 525.985535
v 376.316498 198.581970 525.985535
v 375.647858 198.464798 525.581238
v 375.634644 198.338928 525.585693
v 375.625702 198.464798 525.488953
v 375.653931 198.581970 525.579407
v 375.684143 198.464798 525.669006
v 375.671631 198.338928 525.675537
v 375.611816 198.338928 525.491150
v 375.631744 198.581970 525.488037
v 375.689758 198.581970 525.666138
v 375.838928 200.109436 525.923035
v 375.812958 200.047821 525.958862
v 375.760773 200.109436 525.856506
v 375.864929 200.171021 525.887207
v 375.926331 200.109436 525.976807
v 375.906158 200.047821 526.016235
v 375.729431 200.047821 525.887878
v 375.792114 200.171021 525.825134
v 375.946472 200.171021 525.937378
v 375.601501 200.109436 525.596436
v 375.559387 200.047821 525.610107
v 375.577545 200.109436 525.496521
v 375.643616 200.171021 525.582764
v 375.640717 200.109436 525.691223
v 375.601288 200.047821 525.711365
v 375.533875 200.047821 525.503479
v 375.621216 200.171021 525.489807
v 375.680145 200.171021 525.671021
v 375.601501 200.109436 525.192566
v 375.559387 200.047821 525.178894
v 375.640717 200.109436 525.097839
v 375.643616 200.171021 525.206238
v 375.577545 200.109436 525.292236
v 375.533875 200.047821 525.285278
v 375.601288 200.047821 525.077637
v 375.680145 200.171021 525.117981
v 375.621216 200.171021 525.299194
v 375.838928 200.109436 524.865967
v 375.812958 200.047821 524.830139
v 375.926331 200.109436 524.812195
v 375.864929 200.171021 524.901794
v 375.760773 200.109436 524.932495
v 375.729431 200.047821 524.901123
v 375.906158 200.047821 524.772827
v 375.946472 200.171021 524.851624
v 375.792114 200.171021 524.963867
v 376.222900 200.109436 524.741211
v 376.222900 200.047821 524.696838
v 376.325256 200.109436 524.749023
v 376.222900 200.171021 524.785583
v 376.120514 200.109436 524.749023
v 376.113800 200.047821 524.705383
v 376.332214 200.047821 524.705383
v 376.318298 200.171021 524.792969
v 376.127472 200.171021 524.792969
v 376.606812 200.109436 524.865967
v 376.632812 200.047821 524.830139
v 376.684998 200.109436 524.932495
v 376.580841 200.171021 524.901794
v 376.519470 200.109436 524.812195
v 376.539612 200.047821 524.772827
v 376.716370 200.047821 524.901123
v 376.653625 200.171021 524.963867
v 376.499298 200.171021 524.851624
v 376.844269 200.109436 525.192566
v 376.886353 200.047821 525.178894
v 376.868225 200.109436 525.292236
v 376.802124 200.171021 525.206238
v 376.805054 200.109436 525.097839
v 376.844482 200.047821 525.077637
v 376.912140 200.047821 525.285278
v 376.824554 200.171021 525.299194
v 376.765625 200.171021 525.117981
v 376.222900 200.109436 526.047791
v 376.222900 200.047821 526.091919
v 376.120514 200.109436 526.039978
v 376.222900 200.171021 526.003479
v 376.325256 200.109436 526.039978
v 376.332214 200.047821 526.083618
v 376.113800 200.047821 526.083618
v 376.127472 200.171021 525.996033
v 376.318298 200.171021 525.996033
v 376.606812 200.109436 525.923035
v 376.632812 200.047821 525.958862
v 376.519470 200.109436 525.976807
v 376.580841 200.171021 525.887207
v 376.684998 200.109436 525.856506
v 376.716370 200.047821 525.887878
v 376.539612 200.047821 526.016235
v 376.499298 200.171021 525.937378
v 376.653625 200.171021 525.825134
v 376.844269 200.109436 525.596436
v 376.886353 200.047821 525.610107
v 376.805054 200.109436 525.691223
v 376.802124 200.171021 525.582764
v 376.868225 200.109436 525.496521
v 376.912140 200.047821 525.503479
v 376.844482 200.047821 525.711365
v 376.765625 200.171021 525.671021
v 376.824554 200.171021 525.489807
v 376.607483 198.860184 525.923950
v 376.626312 198.961868 525.949890
v 376.685669 198.860184 525.857178
v 376.590027 198.773697 525.899719
v 376.519897 198.860184 525.977722
v 376.534485 198.961868 526.006348
v 376.708527 198.961868 525.880005
v 376.664612 198.773697 525.836121
v 376.506470 198.773697 525.951050
v 375.600616 198.860184 525.192322
v 375.569946 198.961868 525.182251
v 375.576416 198.860184 525.292236
v 375.628845 198.773697 525.201538
v 375.639832 198.860184 525.097351
v 375.611145 198.961868 525.082825
v 375.544617 198.961868 525.287109
v 375.605774 198.773697 525.296753
v 375.666229 198.773697 525.110840
v 376.845154 198.860184 525.596680
v 376.875854 198.961868 525.606506
v 376.869354 198.860184 525.496765
v 376.816925 198.773697 525.587463
v 376.805969 198.860184 525.691650
v 376.834625 198.961868 525.706177
v 376.901154 198.961868 525.501892
v 376.839996 198.773697 525.492065
v 376.779541 198.773697 525.678223
v 375.838257 198.860184 524.865112
v 375.819458 198.961868 524.839111
v 375.760101 198.860184 524.931641
v 375.855743 198.773697 524.889282
v 375.925842 198.860184 524.811340
v 375.911316 198.961868 524.782654
v 375.737244 198.961868 524.908997
v 375.781158 198.773697 524.952881
v 375.939301 198.773697 524.837769
v 376.222900 198.860184 524.740112
v 376.222900 198.961868 524.708069
v 376.120514 198.860184 524.747925
v 376.222900 198.773697 524.769897
v 376.325256 198.860184 524.747925
v 376.330414 198.961868 524.716370
v 376.115356 198.961868 524.716370
v 376.125214 198.773697 524.777527
v 376.320770 198.773697 524.777527
v 376.607483 198.860184 524.865112
v 376.626312 198.961868 524.839111
v 376.519897 198.860184 524.811340
v 376.590027 198.773697 524.889282
v 376.685669 198.860184 524.931641
v 376.708527 198.961868 524.908997
v 376.534485 198.961868 524.782654
v 376.506470 198.773697 524.837769
v 376.664612 198.773697 524.952881
v 376.845154 198.860184 525.192322
v 376.875854 198.961868 525.182251
v 376.806183 198.860184 525.097351
v 376.816925 198.773697 525.201538
v 376.869354 198.860184 525.292236
v 376.901154 198.961868 525.287109
v 376.834625 198.961868 525.082825
v 376.779541 198.773697 525.110840
v 376.839996 198.773697 525.296753
v 375.838257 198.860184 525.923950
v 375.819458 198.961868 525.949890
v 375.925842 198.860184 525.977722
v 375.855743 198.773697 525.899719
v 375.760101 198.860184 525.857178
v 375.737244 198.961868 525.880005
v 375.911316 198.961868 526.006348
v 375.939301 198.773697 525.951050
v 375.781158 198.773697 525.836121
v 376.222900 198.860184 526.048950
v 376.222900 198.961868 526.080933
v 376.325256 198.860184 526.040833
v 376.222900 198.773697 526.019165
v 376.120514 198.860184 526.040833
v 376.115356 198.961868 526.072693
v 376.330414 198.961868 526.072693
v 376.320770 198.773697 526.011536
v 376.125000 198.773697 526.011536
v 375.600616 198.860184 525.596680
v 375.569946 198.961868 525.606506
v 375.639832 198.860184 525.691650
v 375.628845 198.773697 525.587463
v 375.576416 198.860184 525.496765
v 375.544617 198.961868 525.501892
v 375.611145 198.961868 525.706177
v 375.666229 198.773697 525.678223
v 375.605774 198.773697 525.492065
v 376.071686 200.232605 525.394409
v 375.067719 200.232605 525.104553
v 375.453430 200.232605 524.640198
v 376.118958 200.232605 524.465454
v 376.682526 200.232605 524.642883
v 377.019867 200.232605 525.107422
v 377.019867 200.232605 525.681580
v 376.682526 200.232605 526.145935
v 376.118958 200.232605 526.323547
v 375.453430 200.232605 526.148804
v 375.067719 200.232605 525.684448
v 374.819305 200.232605 525.394409
v 374.977448 200.232605 524.717041
v 375.729645 200.232605 524.316956
v 376.499298 200.232605 524.316956
v 377.065796 200.232605 524.728699
v 377.282166 200.232605 525.394409
v 377.065796 200.232605 526.060364
v 376.499298 200.232605 526.472046
v 375.729645 200.232605 526.472046
v 374.977448 200.232605 526.072021
v 375.983643 213.960007 525.394409
v 376.075500 213.960007 526.133179
v 376.537598 213.960007 525.992004
v 376.805725 213.960007 525.622681
v 376.805725 213.960007 525.166382
v 376.537598 213.960007 524.796997
v 376.075500 213.960007 524.655884
v 375.444031 213.960007 524.794739
v 375.037933 213.960007 525.163879
v 375.037933 213.960007 525.625122
v 375.444031 213.960007 525.994263
v 375.736816 213.960007 526.251221
v 376.405670 213.960007 526.251221
v 376.855927 213.960007 525.923950
v 377.027954 213.960007 525.394409
v 376.855927 213.960007 524.865112
v 376.405670 213.960007 524.537842
v 375.736816 213.960007 524.537842
v 374.968506 213.960007 524.855896
v 374.797363 213.960007 525.394409
v 374.968506 213.960007 525.933105
v 374.708191 433.993835 524.918030
v 374.800476 433.993835 524.694031
v 374.708191 431.286377 524.918030
v 374.651306 433.993835 525.153442
v 374.708191 436.701355 524.918030
v 374.800476 436.701355 524.694031
v 374.800476 431.286377 524.694031
v 374.651306 431.286377 525.153442
v 374.651306 436.701355 525.153442
v 374.708191 433.993835 525.871094
v 374.651306 433.993835 525.635681
v 374.708191 431.286377 525.871094
v 374.800476 433.993835 526.094910
v 374.708191 436.701355 525.871094
v 374.651306 436.701355 525.635681
v 374.651306 431.286377 525.635681
v 374.800476 431.286377 526.094910
v 374.800476 436.701355 526.094910
v 375.268433 433.993835 524.146790
v 375.474731 433.993835 524.019958
v 375.268433 431.286377 524.146790
v 375.083862 433.993835 524.303772
v 375.268433 436.701355 524.146790
v 375.474731 436.701355 524.019958
v 375.474731 431.286377 524.019958
v 375.083862 431.286377 524.303772
v 375.083862 436.701355 524.303772
v 376.174713 433.993835 523.852234
v 376.416199 433.993835 523.871033
v 376.174713 431.286377 523.852234
v 375.933258 433.993835 523.871033
v 376.174713 436.701355 523.852234
v 376.416199 436.701355 523.871033
v 376.416199 431.286377 523.871033
v 375.933258 431.286377 523.871033
v 375.933258 436.701355 523.871033
v 377.081238 433.993835 524.146790
v 377.265625 433.993835 524.303772
v 377.081238 431.286377 524.146790
v 376.874939 433.993835 524.019958
v 377.081238 436.701355 524.146790
v 377.265625 436.701355 524.303772
v 377.265625 431.286377 524.303772
v 376.874939 431.286377 524.019958
v 376.874939 436.701355 524.019958
v 375.268433 433.993835 526.642151
v 375.083862 433.993835 526.485107
v 375.268433 431.286377 526.642151
v 375.474731 433.993835 526.769165
v 375.268433 436.701355 526.642151
v 375.083862 436.701355 526.485107
v 375.083862 431.286377 526.485107
v 375.474731 431.286377 526.769165
v 375.474731 436.701355 526.769165
v 376.174713 433.993835 526.936707
v 375.933258 433.993835 526.918091
v 376.174713 431.286377 526.936707
v 376.416199 433.993835 526.918091
v 376.174713 436.701355 526.936707
v 375.933258 436.701355 526.918091
v 375.933258 431.286377 526.918091
v 376.416199 431.286377 526.918091
v 376.416199 436.701355 526.918091
v 377.081238 433.993835 526.642151
v 376.874939 433.993835 526.769165
v 377.081238 431.286377 526.642151
v 377.265625 433.993835 526.485107
v 377.081238 436.701355 526.642151
v 376.874939 436.701355 526.769165
v 376.874939 431.286377 526.769165
v 377.265625 431.286377 526.485107
v 377.265625 436.701355 526.485107
v 377.641479 433.993835 524.918030
v 377.698364 433.993835 525.153442
v 377.641479 431.286377 524.918030
v 377.549194 433.993835 524.694031
v 377.641479 436.701355 524.918030
v 377.698364 436.701355 525.153442
v 377.698364 431.286377 525.153442
v 377.549194 431.286377 524.694031
v 377.549194 436.701355 524.694031
v 377.641479 433.993835 525.871094
v 377.549194 433.993835 526.094910
v 377.641479 431.286377 525.871094
v 377.698364 433.993835 525.635681
v 377.641479 436.701355 525.871094
v 377.549194 436.701355 526.094910
v 377.549194 431.286377 526.094910
v 377.698364 431.286377 525.635681
v 377.698364 436.701355 525.635681
v 377.567993 428.517059 524.941772
v 377.604736 428.548004 524.929871
v 377.622009 428.517059 525.165527
v 377.531250 428.486115 524.953857
v 377.480194 428.517059 524.729187
v 377.514709 428.548004 524.711670
v 377.660278 428.548004 525.159485
v 377.583923 428.486115 525.171570
v 377.445923 428.486115 524.746643
v 376.174713 439.470642 523.929688
v 376.174713 439.439728 523.890991
v 375.945557 439.470642 523.947388
v 376.174713 439.501587 523.968262
v 376.404083 439.470642 523.947388
v 376.410156 439.439728 523.909119
v 375.939301 439.439728 523.909119
v 375.951599 439.501587 523.985474
v 376.398071 439.501587 523.985474
v 377.567993 439.470642 525.847168
v 377.604736 439.439728 525.859009
v 377.622009 439.470642 525.623596
v 377.531250 439.501587 525.835266
v 377.480194 439.470642 526.059937
v 377.514709 439.439728 526.077454
v 377.660278 439.439728 525.629639
v 377.583923 439.501587 525.617554
v 377.445923 439.501587 526.042236
v 374.781677 428.517059 524.941772
v 374.744934 428.548004 524.929871
v 374.869263 428.517059 524.729187
v 374.818420 428.486115 524.953857
v 374.727692 428.517059 525.165527
v 374.689392 428.548004 525.159485
v 374.834961 428.548004 524.711670
v 374.903748 428.486115 524.746643
v 374.765747 428.486115 525.171570
v 374.781677 439.470642 524.941772
v 374.744934 439.439728 524.929871
v 374.727692 439.470642 525.165527
v 374.818420 439.501587 524.953857
v 374.869263 439.470642 524.729187
v 374.834961 439.439728 524.711670
v 374.689392 439.439728 525.159485
v 374.765747 439.501587 525.171570
v 374.903748 439.501587 524.746643
v 374.781677 428.517059 525.847168
v 374.744934 428.548004 525.859009
v 374.727692 428.517059 525.623596
v 374.818420 428.486115 525.835266
v 374.869263 428.517059 526.059937
v 374.834961 428.548004 526.077454
v 374.689392 428.548004 525.629639
v 374.765747 428.486115 525.617554
v 374.903748 428.486115 526.042236
v 376.174713 439.470642 526.859436
v 376.174713 439.439728 526.898193
v 376.404083 439.470642 526.841736
v 376.174713 439.501587 526.820679
v 375.945557 439.470642 526.841736
v 375.939301 439.439728 526.879822
v 376.410156 439.439728 526.879822
v 376.398071 439.501587 526.803406
v 375.951599 439.501587 526.803406
v 377.035797 428.517059 526.579651
v 377.058624 428.548004 526.611023
v 376.839996 428.517059 526.700134
v 377.013153 428.486115 526.548279
v 377.210938 428.517059 526.430420
v 377.238281 428.548004 526.457764
v 376.857483 428.548004 526.734619
v 376.822327 428.486115 526.665649
v 377.183624 428.486115 526.403137
v 376.174713 428.517059 523.929688
v 376.174713 428.548004 523.890991
v 376.404083 428.517059 523.947388
v 376.174713 428.486115 523.968262
v 375.945343 428.517059 523.947388
v 375.939301 428.548004 523.909119
v 376.410156 428.548004 523.909119
v 376.398071 428.486115 523.985474
v 375.951599 428.486115 523.985474
v 377.035797 428.517059 524.209473
v 377.058624 428.548004 524.178101
v 377.210938 428.517059 524.358459
v 377.013153 428.486115 524.240601
v 376.839996 428.517059 524.088989
v 376.857483 428.548004 524.054504
v 377.238281 428.548004 524.331116
v 377.183624 428.486115 524.385803
v 376.822327 428.486115 524.123230
v 377.035797 439.470642 524.209473
v 377.058624 439.439728 524.178101
v 376.839996 439.470642 524.088989
v 377.013153 439.501587 524.240601
v 377.210938 439.470642 524.358459
v 377.238281 439.439728 524.331116
v 376.857483 439.439728 524.054504
v 376.822327 439.501587 524.123230
v 377.183624 439.501587 524.385803
v 375.313660 428.517059 524.209473
v 375.291046 428.548004 524.178101
v 375.509674 428.517059 524.088989
v 375.336517 428.486115 524.240601
v 375.138733 428.517059 524.358459
v 375.111176 428.548004 524.331116
v 375.492188 428.548004 524.054504
v 375.527344 428.486115 524.123230
v 375.166046 428.486115 524.385803
v 375.313660 439.470642 524.209473
v 375.291046 439.439728 524.178101
v 375.138733 439.470642 524.358459
v 375.336517 439.501587 524.240601
v 375.509674 439.470642 524.088989
v 375.492188 439.439728 524.054504
v 375.111176 439.439728 524.331116
v 375.166046 439.501587 524.385803
v 375.527344 439.501587 524.123230
v 374.781677 439.470642 525.847168
v 374.744934 439.439728 525.859009
v 374.869263 439.470642 526.059937
v 374.818420 439.501587 525.835266
v 374.727692 439.470642 525.623596
v 374.689392 439.439728 525.629639
v 374.834961 439.439728 526.077454
v 374.903748 439.501587 526.042236
v 374.765747 439.501587 525.617554
v 375.313904 428.517059 526.579651
v 375.291046 428.548004 526.611023
v 375.138733 428.517059 526.430420
v 375.336517 428.486115 526.548279
v 375.509674 428.517059 526.700134
v 375.492188 428.548004 526.734619
v 375.111389 428.548004 526.457764
v 375.166046 428.486115 526.403137
v 375.527344 428.486115 526.665649
v 375.313660 439.470642 526.579651
v 375.291046 439.439728 526.611023
v 375.509674 439.470642 526.700134
v 375.336517 439.501587 526.548279
v 375.138733 439.470642 526.430420
v 375.111176 439.439728 526.457764
v 375.492188 439.439728 526.734619
v 375.527344 439.501587 526.665649
v 375.166046 439.501587 526.403137
v 376.174713 428.517059 526.859436
v 376.174713 428.548004 526.898132
v 375.945557 428.517059 526.841736
v 376.174713 428.486115 526.820679
v 376.404083 428.517059 526.841736
v 376.410156 428.548004 526.879822
v 375.939301 428.548004 526.879822
v 375.951599 428.486115 526.803406
v 376.398071 428.486115 526.803406
v 377.035797 439.470642 526.579651
v 377.058624 439.439728 526.611023
v 377.210938 439.470642 526.430420
v 377.013153 439.501587 526.548279
v 376.839996 439.470642 526.700134
v 376.857483 439.439728 526.734619
v 377.238281 439.439728 526.457764
v 377.183624 439.501587 526.403137
v 376.822327 439.501587 526.665649
v 377.567993 439.470642 524.941772
v 377.604736 439.439728 524.929871
v 377.480194 439.470642 524.729187
v 377.531250 439.501587 524.953857
v 377.622009 439.470642 525.165527
v 377.660278 439.439728 525.159485
v 377.514709 439.439728 524.711670
v 377.445923 439.501587 524.746643
v 377.583923 439.501587 525.171570
v 377.567993 428.517059 525.847168
v 377.604736 428.548004 525.859009
v 377.480194 428.517059 526.059937
v 377.531250 428.486115 525.835266
v 377.622009 428.517059 525.623596
v 377.660278 428.548004 525.629639
v 377.514709 428.548004 526.077454
v 377.445923 428.486115 526.042236
v 377.583923 428.486115 525.617554
v 374.463806 319.753845 525.404297
v 374.463806 319.753845 524.284302
v 374.463806 381.913849 525.404297
v 374.463806 319.753845 526.524292
v 374.463806 257.593872 525.404297
v 374.463806 257.593872 524.284241
v 374.463806 381.913849 524.284302
v 374.463806 381.913849 526.524292
v 374.463806 257.593872 526.524292
v 372.223816 319.753845 527.644287
v 373.343811 319.753845 527.644287
v 372.223816 380.793884 527.644287
v 371.103821 319.753845 527.644287
v 372.223816 258.713867 527.644287
v 373.343811 258.153870 527.644287
v 373.343811 381.353851 527.644287
v 371.103821 380.233826 527.644287
v 371.103821 259.273865 527.644287
v 369.983826 319.753845 533.244263
v 369.983826 319.753845 530.444275
v 369.983826 379.673859 533.244324
v 369.983826 319.753845 536.044312
v 369.983826 259.833862 533.244263
v 369.983826 259.833862 530.444275
v 369.983826 379.673859 530.444275
v 369.983826 379.673859 536.044312
v 369.983826 259.833862 536.044250
v 356.640350 319.753845 540.569763
v 356.832550 319.753845 540.832764
v 356.640350 373.032257 540.569763
v 356.623108 319.753845 540.306763
v 356.640350 266.475464 540.569763
v 356.832550 266.380920 540.832703
v 356.832550 373.126801 540.832764
v 356.623108 373.023926 540.306763
v 356.623108 266.483734 540.306763
v 279.868164 319.753845 531.887939
v 279.868164 318.818634 531.887939
v 278.932953 319.753845 531.887939
v 279.868164 320.689056 531.887939
v 280.803375 319.753845 531.887939
v 280.803375 318.818634 531.887939
v 278.932953 318.818634 531.887939
v 278.932953 320.689056 531.887939
v 280.803375 320.689056 531.887939
v 279.868164 265.583466 531.887939
v 279.868164 291.733459 531.887939
v 280.803375 265.583466 531.887939
v 279.868164 239.433517 531.887939
v 278.932953 265.583466 531.887939
v 278.932953 291.733459 531.887939
v 280.803375 291.733459 531.887939
v 280.803375 239.433517 531.887939
v 278.932953 239.433517 531.887939
v 279.868164 373.924225 531.888000
v 279.868164 347.774231 531.888000
v 278.932953 373.924225 531.888000
v 279.868164 400.074219 531.888000
v 280.803375 373.924225 531.888000
v 280.803375 347.774231 531.888000
v 278.932953 347.774231 531.888000
v 278.932953 400.074219 531.888000
v 280.803375 400.074219 531.888000
v 241.110352 319.753845 531.888000
v 259.554047 319.753845 531.887939
v 241.110352 318.818634 531.888000
v 222.666626 319.753845 531.888000
v 241.110352 320.689056 531.888000
v 259.554047 320.689056 531.887939
v 259.554047 318.818634 531.887939
v 222.666626 318.818634 531.888000
v 222.666626 320.689056 531.888000
v 319.145905 319.753845 531.887939
v 300.442108 319.753845 531.887939
v 319.145905 320.689056 531.887939
v 337.849457 319.753845 531.887939
v 319.145905 318.818634 531.887939
v 300.442108 318.818634 531.887939
v 300.442108 320.689056 531.887939
v 337.849457 320.689056 531.887939
v 337.849457 318.818634 531.887939
v 367.743805 319.753845 538.844299
v 368.863831 319.753845 538.844299
v 367.743805 378.553864 538.844299
v 366.623810 319.753845 538.844299
v 367.743805 260.953857 538.844299
v 368.863831 260.393860 538.844299
v 368.863831 379.113831 538.844299
v 366.623810 377.993835 538.844299
v 366.623810 261.513855 538.844299
v 358.788513 319.753845 523.986816
v 359.906067 319.753845 523.575562
v 358.788513 265.416382 523.986816
v 357.670776 319.753845 524.398071
v 358.788513 374.091339 523.986816
v 359.906067 374.642578 523.575562
v 359.906067 264.865112 523.575562
v 357.670776 265.967438 524.398071
v 357.670776 373.540283 524.398071
v 369.311798 319.753845 523.164307
v 371.887817 319.753845 523.164307
v 369.311798 260.169861 523.164246
v 366.735809 319.753845 523.164307
v 369.311798 379.337860 523.164307
v 371.887817 380.625885 523.164307
v 371.887817 258.881836 523.164246
v 366.735809 261.457855 523.164246
v 366.735809 378.049866 523.164307
v 356.553223 319.753845 525.171753
v 356.553223 319.753845 524.990540
v 356.553223 266.518677 525.171753
v 356.553223 319.753845 525.352966
v 356.553223 372.989044 525.171753
v 356.553223 372.989044 524.990540
v 356.553223 266.518677 524.990540
v 356.553223 266.518677 525.352966
v 356.553223 372.989044 525.353027
v 362.591797 319.753845 523.164307
v 363.375793 319.753845 523.164307
v 362.591797 263.529846 523.164246
v 361.807800 319.753845 523.164307
v 362.591797 375.977844 523.164307
v 363.375793 376.369873 523.164307
v 363.375793 263.137878 523.164246
v 361.807800 263.921875 523.164246
v 361.807800 375.585846 523.164307
v 358.858398 319.753845 541.645874
v 358.858398 374.125824 541.645874
v 357.950317 319.753845 541.370117
v 358.858398 265.381897 541.645813
v 359.906067 319.753845 541.924255
v 359.906067 374.642578 541.924316
v 357.950317 373.678040 541.370117
v 357.950317 265.829681 541.370117
v 359.906067 264.865112 541.924255
v 365.503815 319.753845 539.964294
v 365.503815 319.753845 539.404297
v 365.503815 377.433868 539.964294
v 365.503815 319.753845 540.524292
v 365.503815 262.073853 539.964294
v 365.503815 262.073853 539.404297
v 365.503815 377.433868 539.404297
v 365.503815 377.433868 540.524292
v 365.503815 262.073853 540.524292
v 363.263794 319.753845 541.644287
v 364.383789 319.753845 541.364258
v 363.263794 376.313873 541.644287
v 362.143799 319.753845 541.924255
v 363.263794 263.193848 541.644287
v 364.383789 262.633850 541.364258
v 364.383789 376.873840 541.364319
v 362.143799 375.753845 541.924316
v 362.143799 263.753845 541.924255
v 277.661774 374.092224 532.286255
v 277.829773 374.008209 532.087097
v 277.661774 348.026245 532.286255
v 277.493774 374.176208 532.485413
v 277.661774 400.158203 532.286255
v 277.829773 400.116089 532.087097
v 277.829773 347.900116 532.087097
v 277.493774 348.152130 532.485352
v 277.493774 400.200104 532.485413
v 279.868164 319.753845 533.480591
v 279.868164 320.689056 533.480591
v 278.932953 319.753845 533.480591
v 279.868164 318.818634 533.480591
v 280.803375 319.753845 533.480591
v 280.803375 320.689056 533.480591
v 278.932953 320.689056 533.480591
v 278.932953 318.818634 533.480591
v 280.803375 318.818634 533.480591
v 279.868164 373.924225 533.480591
v 279.868164 347.774231 533.480591
v 280.803375 373.924225 533.480591
v 279.868164 400.074219 533.480652
v 278.932953 373.924225 533.480591
v 278.932953 347.774231 533.480591
v 280.803375 347.774231 533.480591
v 280.803375 400.074219 533.480652
v 278.932953 400.074219 533.480652
v 279.868164 265.583466 533.480591
v 279.868164 291.733459 533.480591
v 278.932953 265.583466 533.480591
v 279.868164 239.433517 533.480591
v 280.803375 265.583466 533.480591
v 280.803375 291.733459 533.480591
v 278.932953 291.733459 533.480591
v 278.932953 239.433517 533.480591
v 280.803375 239.433517 533.480591
v 241.110352 319.753845 533.480591
v 259.554047 319.753845 533.480591
v 241.110352 320.689056 533.480591
v 222.666626 319.753845 533.480591
v 241.110352 318.818634 533.480591
v 259.554047 318.818634 533.480591
v 259.554047 320.689056 533.480591
v 222.666626 320.689056 533.480591
v 222.666626 318.818634 533.480591
v 319.145905 319.753845 533.480591
v 300.442108 319.753845 533.480591
v 319.145905 318.818634 533.480591
v 337.849457 319.753845 533.480591
v 319.145905 320.689056 533.480591
v 300.442108 320.689056 533.480591
v 300.442108 318.818634 533.480591
v 337.849457 318.818634 533.480591
v 337.849457 320.689056 533.480591
v 282.074554 265.415497 532.286255
v 281.906555 265.499512 532.087097
v 282.074554 291.481445 532.286255
v 282.242554 265.331482 532.485352
v 282.074554 239.349503 532.286255
v 281.906555 239.391617 532.087097
v 281.906555 291.607574 532.087097
v 282.242554 291.355591 532.485352
v 282.242554 239.307632 532.485352
v 277.661774 265.415497 532.286255
v 277.829773 265.499512 532.087097
v 277.661774 239.349503 532.286255
v 277.493774 265.331482 532.485352
v 277.661774 291.481445 532.286255
v 277.829773 291.607574 532.087097
v 277.829773 239.391617 532.087097
v 277.493774 239.307632 532.485352
v 277.493774 291.355591 532.485352
v 282.074554 374.092224 532.286255
v 281.906555 374.008209 532.087097
v 282.074554 400.158203 532.286255
v 282.242554 374.176208 532.485413
v 282.074554 348.026245 532.286255
v 281.906555 347.900116 532.087097
v 281.906555 400.116089 532.087097
v 282.242554 400.200104 532.485413
v 282.242554 348.152130 532.485352
v 240.942337 317.547485 532.286255
v 241.026337 317.715454 532.087097
v 259.302063 317.547485 532.286255
v 240.858337 317.379456 532.485352
v 222.582626 317.547485 532.286255
v 222.624512 317.715454 532.087097
v 259.427948 317.715454 532.087097
v 259.175934 317.379456 532.485352
v 222.540527 317.379456 532.485352
v 240.942337 321.960236 532.286255
v 241.026337 321.792267 532.087097
v 222.582626 321.960236 532.286255
v 240.858337 322.128265 532.485352
v 259.302063 321.960236 532.286255
v 259.427948 321.792267 532.087097
v 222.624512 321.792267 532.087097
v 222.540527 322.128265 532.485352
v 259.176178 322.128265 532.485352
v 319.313904 321.960236 532.286255
v 319.229889 321.792267 532.087097
v 300.694122 321.960236 532.286255
v 319.397888 322.128265 532.485352
v 337.933441 321.960236 532.286255
v 337.891541 321.792267 532.087097
v 300.568237 321.792267 532.087097
v 300.820221 322.128265 532.485352
v 337.975555 322.128265 532.485352
v 319.313904 317.547485 532.286255
v 319.229889 317.715454 532.087097
v 337.933441 317.547485 532.286255
v 319.397888 317.379456 532.485352
v 300.694122 317.547485 532.286255
v 300.568237 317.715454 532.087097
v 337.891541 317.715454 532.087097
v 337.975555 317.379456 532.485352
v 300.820221 317.379456 532.485352
v 282.074554 374.092224 533.082581
v 281.906555 374.008209 533.281494
v 282.074554 348.026245 533.082581
v 282.242554 374.176208 532.883423
v 282.074554 400.158203 533.082581
v 281.906555 400.116089 533.281494
v 281.906555 347.900116 533.281494
v 282.242554 348.152130 532.883423
v 282.242554 400.200104 532.883423
v 277.661774 374.092224 533.082581
v 277.829773 374.008209 533.281494
v 277.661774 400.158203 533.082581
v 277.493774 374.176208 532.883423
v 277.661774 348.026245 533.082581
v 277.829773 347.900116 533.281494
v 277.829773 400.116089 533.281494
v 277.493774 400.200104 532.883423
v 277.493774 348.152130 532.883423
v 277.661774 265.415497 533.082520
v 277.829773 265.499512 533.281677
v 277.661774 291.481445 533.082581
v 277.493774 265.331482 532.883423
v 277.661774 239.349503 533.082520
v 277.829773 239.391617 533.281677
v 277.829773 291.607574 533.281494
v 277.493774 291.355591 532.883423
v 277.493774 239.307632 532.883423
v 282.074554 265.415497 533.082520
v 281.906555 265.499512 533.281677
v 282.074554 239.349503 533.082520
v 282.242554 265.331482 532.883423
v 282.074554 291.481445 533.082581
v 281.906555 291.607574 533.281494
v 281.906555 239.391617 533.281677
v 282.242554 239.307632 532.883423
v 282.242554 291.355591 532.883423
v 240.942337 321.960236 533.082581
v 241.026337 321.792267 533.281494
v 259.302063 321.960236 533.082581
v 240.858337 322.128265 532.883423
v 222.582626 321.960236 533.082581
v 222.624512 321.792267 533.281494
v 259.427948 321.792267 533.281494
v 259.175934 322.128265 532.883423
v 222.540527 322.128265 532.883423
v 240.942337 317.547485 533.082581
v 241.026337 317.715454 533.281494
v 222.582626 317.547485 533.082581
v 240.858337 317.379456 532.883423
v 259.302063 317.547485 533.082581
v 259.427948 317.715454 533.281494
v 222.624512 317.715454 533.281494
v 222.540527 317.379456 532.883423
v 259.176178 317.379456 532.883423
v 319.313904 317.547485 533.082581
v 319.229889 317.715454 533.281494
v 300.694122 317.547485 533.082581
v 319.397888 317.379456 532.883423
v 337.933441 317.547485 533.082581
v 337.891541 317.715454 533.281494
v 300.568237 317.715454 533.281494
v 300.820221 317.379456 532.883423
v 337.975555 317.379456 532.883423
v 319.313904 321.960236 533.082581
v 319.229889 321.792267 533.281494
v 337.933441 321.960236 533.082581
v 319.397888 322.128265 532.883423
v 300.694122 321.960236 533.082581
v 300.568237 321.792267 533.281494
v 337.891541 321.792267 533.281494
v 337.975555 322.128265 532.883423
v 300.820221 322.128265 532.883423
v 357.638062 319.753845 527.321716
v 357.638062 265.976166 527.321716
v 357.603088 319.753845 527.642029
v 357.638062 373.531555 527.321716
v 357.603088 319.753845 527.001404
v 357.603088 265.993835 527.001404
v 357.603088 265.993835 527.642029
v 357.603088 373.513824 527.642029
v 357.603088 373.513824 527.001404
v 357.638062 319.753845 538.267456
v 357.638062 265.976166 538.267700
v 357.603088 319.753845 538.587830
v 357.638062 373.531555 538.267517
v 357.603088 319.753845 537.947144
v 357.603088 265.993835 537.947388
v 357.603088 265.993835 538.588013
v 357.603088 373.513824 538.587830
v 357.603088 373.513824 537.947205
v 356.553223 319.753845 532.794739
v 356.553223 266.518677 532.794678
v 356.553223 319.753845 534.637329
v 356.553223 372.989044 532.794739
v 356.553223 319.753845 530.952087
v 356.553223 266.518677 530.952087
v 356.553223 266.518677 534.637329
v 356.553223 372.989044 534.637329
v 356.553223 372.989044 530.952087
v 202.098267 319.753845 538.267517
v 202.133224 319.753845 537.947205
v 202.098267 373.531555 538.267517
v 202.133224 319.753845 538.587830
v 202.098267 265.976166 538.267700
v 202.133224 265.993835 537.947388
v 202.133224 373.513824 537.947205
v 202.133224 373.513824 538.587830
v 202.133224 265.993835 538.588013
v 357.095520 319.753845 526.097534
v 357.323120 319.753845 526.387634
v 357.095520 373.260284 526.097595
v 356.833221 319.753845 525.814209
v 357.095520 266.247406 526.097534
v 357.323120 266.133636 526.387634
v 357.323120 373.374084 526.387634
v 356.833221 373.129028 525.814209
v 356.833221 266.378693 525.814209
v 357.113220 319.753845 539.490295
v 357.323120 319.753845 539.201538
v 357.113220 266.238678 539.490295
v 356.903107 319.753845 539.769409
v 357.113220 373.269012 539.490295
v 357.323120 373.374084 539.201599
v 357.323120 266.133636 539.201782
v 356.903107 266.343750 539.769409
v 356.903107 373.163971 539.769409
v 357.095520 319.753845 528.545898
v 357.323120 319.753845 528.255798
v 357.095520 266.247406 528.545898
v 356.833221 319.753845 528.829224
v 357.095520 373.260284 528.545898
v 357.323120 373.374084 528.255798
v 357.323120 266.133636 528.255798
v 356.833221 266.378693 528.829224
v 356.833221 373.129028 528.829224
v 357.095520 319.753845 537.043335
v 357.323120 319.753845 537.333374
v 357.095520 373.260284 537.043335
v 356.833221 319.753845 536.759949
v 357.095520 266.247406 537.043335
v 357.323120 266.133636 537.333374
v 357.323120 373.374084 537.333435
v 356.833221 373.129028 536.759949
v 356.833221 266.378693 536.759949
v 279.868164 426.224182 525.171814
v 279.868164 426.224182 524.990601
v 318.210693 426.224182 525.171814
v 279.868164 426.224182 525.353027
v 241.525635 426.224182 525.171814
v 241.525635 426.224182 524.990601
v 318.210693 426.224182 524.990601
v 318.210693 426.224182 525.353027
v 241.525635 426.224182 525.353027
v 279.868164 213.197296 540.569763
v 279.868164 213.008011 540.832703
v 318.254364 213.197296 540.569702
v 279.868164 213.213654 540.306763
v 241.481964 213.197296 540.569763
v 241.386093 213.008011 540.832703
v 318.350250 213.008011 540.832703
v 318.245636 213.213654 540.306763
v 241.490692 213.213654 540.306763
v 279.868164 212.740997 526.097534
v 279.868164 212.513641 526.387634
v 318.481964 212.740997 526.097534
v 279.868164 213.003540 525.814209
v 241.254364 212.740997 526.097534
v 241.140808 212.513641 526.387634
v 318.595764 212.513641 526.387634
v 318.350708 213.003540 525.814209
v 241.385635 213.003540 525.814209
v 279.868164 211.078705 523.986816
v 279.868164 209.976395 523.575500
v 240.408096 211.078705 523.986816
v 279.868164 212.181229 524.398071
v 319.328217 211.078705 523.986816
v 319.887115 209.976395 523.575500
v 239.849213 209.976395 523.575500
v 240.966766 212.181229 524.398071
v 318.769562 212.181229 524.398071
v 279.868164 437.353882 538.844299
v 279.868164 438.473846 538.844299
v 235.930344 437.353882 538.844299
v 279.868164 436.233826 538.844299
v 323.806000 437.353882 538.844299
v 324.365997 438.473846 538.844299
v 235.370346 438.473846 538.844299
v 236.490341 436.233826 538.844299
v 323.246002 436.233826 538.844299
v 279.868164 213.283524 525.171753
v 279.868164 213.283524 524.990540
v 241.525635 213.283524 525.171753
v 279.868164 213.283524 525.352966
v 318.210693 213.283524 525.171753
v 318.210693 213.283524 524.990540
v 241.525635 213.283524 524.990540
v 241.525635 213.283524 525.352966
v 318.210693 213.283524 525.352966
v 279.868164 212.198700 527.321716
v 318.753235 212.198700 527.321716
v 279.868164 212.233643 527.001404
v 240.983109 212.198700 527.321716
v 279.868164 212.233643 527.642029
v 318.735748 212.233643 527.642029
v 318.735748 212.233643 527.001404
v 241.000793 212.233643 527.001404
v 241.000793 212.233643 527.642029
v 279.868164 211.009933 541.645813
v 319.363190 211.009933 541.645813
v 279.868164 211.905487 541.370117
v 240.373154 211.009933 541.645813
v 279.868164 209.976395 541.924255
v 319.887115 209.976395 541.924255
v 318.909119 211.905487 541.370056
v 240.827209 211.905487 541.370117
v 239.849228 209.976395 541.924255
v 279.868164 207.305862 523.164246
v 279.868164 206.521866 523.164246
v 238.506348 207.305862 523.164246
v 279.868164 208.089859 523.164246
v 321.229980 207.305862 523.164246
v 321.621979 206.521866 523.164246
v 238.114349 206.521866 523.164246
v 238.898346 208.089859 523.164246
v 320.837982 208.089859 523.164246
v 279.868164 202.153870 538.844238
v 279.868164 201.033875 538.844238
v 323.806000 202.153870 538.844238
v 279.868164 203.273865 538.844238
v 235.930344 202.153870 538.844238
v 235.370346 201.033875 538.844238
v 324.365997 201.033875 538.844238
v 323.246002 203.273865 538.844238
v 236.490341 203.273865 538.844238
v 279.868164 427.309021 527.321777
v 240.983109 427.309021 527.321777
v 279.868164 427.274078 527.001465
v 318.753235 427.309021 527.321777
v 279.868164 427.274078 527.642090
v 241.000793 427.274078 527.642090
v 241.000793 427.274078 527.001465
v 318.735748 427.274078 527.001404
v 318.735748 427.274078 527.642090
v 202.640808 319.753845 537.043335
v 202.640808 266.247406 537.043335
v 202.903107 319.753845 536.759949
v 202.640808 373.260284 537.043335
v 202.413223 319.753845 537.333435
v 202.413223 266.133636 537.333374
v 202.903336 266.378693 536.759949
v 202.903107 373.129028 536.760010
v 202.413223 373.374084 537.333435
v 191.992523 319.753845 538.844299
v 191.992523 260.953857 538.844299
v 193.112518 319.753845 538.844299
v 191.992523 378.553864 538.844299
v 190.872513 319.753845 538.844299
v 190.872513 260.393860 538.844299
v 193.112518 261.513855 538.844299
v 193.112518 377.993835 538.844299
v 190.872513 379.113831 538.844299
v 279.868164 426.784210 539.490356
v 279.868164 426.994080 539.201599
v 318.490692 426.784210 539.490356
v 279.868164 426.574066 539.769409
v 241.245636 426.784210 539.490356
v 241.140808 426.994080 539.201599
v 318.595764 426.994080 539.201599
v 318.385651 426.574066 539.769409
v 241.350693 426.574066 539.769409
v 279.868164 432.201874 523.164307
v 279.868164 432.985870 523.164307
v 321.229980 432.201874 523.164307
v 279.868164 431.417847 523.164307
v 238.506348 432.201874 523.164307
v 238.114349 432.985870 523.164307
v 321.621979 432.985870 523.164307
v 320.837982 431.417847 523.164307
v 238.898346 431.417847 523.164307
v 279.868164 426.766724 526.097595
v 279.868164 426.994080 526.387695
v 241.254364 426.766724 526.097595
v 279.868164 426.504181 525.814209
v 318.481964 426.766724 526.097595
v 318.595764 426.994080 526.387695
v 241.140808 426.994080 526.387695
v 241.385635 426.504181 525.814209
v 318.350708 426.504181 525.814209
v 200.877930 319.753845 541.645874
v 199.830276 319.753845 541.924316
v 200.877930 265.381897 541.645874
v 201.786026 319.753845 541.370117
v 200.877930 374.125824 541.645874
v 199.830276 374.642578 541.924316
v 199.830276 264.865112 541.924316
v 201.786026 265.829681 541.370117
v 201.786026 373.678040 541.370117
v 279.868164 426.224182 532.794739
v 241.525635 426.224182 532.794739
v 279.868164 426.224182 530.951904
v 318.210693 426.224182 532.794739
v 279.868164 426.224182 534.637390
v 241.525635 426.224182 534.637390
v 241.525635 426.224182 530.951904
v 318.210693 426.224182 530.951904
v 318.210693 426.224182 534.637390
v 279.868164 426.310455 540.569763
v 279.868164 426.499695 540.832764
v 241.481964 426.310455 540.569763
v 279.868164 426.294067 540.306824
v 318.254364 426.310455 540.569763
v 318.350250 426.499695 540.832764
v 241.386093 426.499695 540.832764
v 241.490692 426.294067 540.306824
v 318.245636 426.294067 540.306824
v 194.232513 319.753845 539.964294
v 194.232513 262.073853 539.964294
v 194.232513 319.753845 540.524292
v 194.232513 377.433868 539.964294
v 194.232513 319.753845 539.404297
v 194.232513 262.073853 539.404297
v 194.232513 262.073853 540.524292
v 194.232513 377.433868 540.524292
v 194.232513 377.433868 539.404297
v 279.868164 438.921875 523.164307
v 279.868164 441.497833 523.164307
v 324.589996 438.921875 523.164307
v 279.868164 436.345856 523.164307
v 235.146347 438.921875 523.164307
v 233.858337 441.497833 523.164307
v 325.877991 441.497833 523.164307
v 323.302002 436.345856 523.164307
v 236.434341 436.345856 523.164307
v 189.752518 319.753845 533.244324
v 189.752518 259.833862 533.244263
v 189.752518 319.753845 536.044312
v 189.752518 379.673859 533.244324
v 189.752518 319.753845 530.444275
v 189.752518 259.833862 530.444275
v 189.752518 259.833862 536.044312
v 189.752518 379.673859 536.044312
v 189.752518 379.673859 530.444336
v 279.868164 426.766724 528.545898
v 279.868164 426.994080 528.255859
v 318.481964 426.766724 528.545898
v 279.868164 426.504181 528.829285
v 241.254364 426.766724 528.545898
v 241.140808 426.994080 528.255859
v 318.595764 426.994080 528.255859
v 318.350708 426.504181 528.829285
v 241.385635 426.504181 528.829285
v 279.868164 435.113831 539.964294
v 279.868164 435.113831 539.404297
v 237.050354 435.113831 539.964294
v 279.868164 435.113831 540.524292
v 322.685974 435.113831 539.964294
v 322.685974 435.113831 539.404297
v 237.050354 435.113831 539.404297
v 237.050354 435.113831 540.524292
v 322.685974 435.113831 540.524292
v 203.095978 319.753845 540.569763
v 203.095978 266.475464 540.569763
v 203.113220 319.753845 540.306763
v 203.095978 373.032257 540.569763
v 202.903778 319.753845 540.832764
v 202.903778 266.380920 540.832764
v 203.113220 266.483734 540.306763
v 203.113220 373.023926 540.306824
v 202.903778 373.126801 540.832764
v 202.098267 319.753845 527.321716
v 202.133224 319.753845 527.001404
v 202.098267 373.531555 527.321777
v 202.133224 319.753845 527.642029
v 202.098267 265.976166 527.321716
v 202.133224 265.993835 527.001404
v 202.133224 373.513824 527.001404
v 202.133224 373.513824 527.642090
v 202.133224 265.993835 527.642029
v 279.868164 195.433868 525.404236
v 279.868164 195.433868 524.284241
v 327.165985 195.433868 525.404236
v 279.868164 195.433868 526.524231
v 232.570343 195.433868 525.404236
v 232.570343 195.433868 524.284241
v 327.165985 195.433868 524.284241
v 327.165985 195.433868 526.524231
v 232.570343 195.433868 526.524292
v 203.183334 319.753845 532.794739
v 203.183334 319.753845 530.952087
v 203.183334 372.989044 532.794739
v 203.183334 319.753845 534.637329
v 203.183334 266.518677 532.794739
v 203.183334 266.518677 530.952087
v 203.183334 372.989044 530.952087
v 203.183334 372.989044 534.637390
v 203.183334 266.518677 534.637329
v 203.183334 319.753845 525.171753
v 203.183334 372.989044 525.171814
v 203.183334 319.753845 525.353027
v 203.183334 266.518677 525.171753
v 203.183334 319.753845 524.990540
v 203.183334 372.989044 524.990601
v 203.183334 372.989044 525.353027
v 203.183334 266.518677 525.352966
v 203.183334 266.518677 524.990540
v 279.868164 212.740997 537.043518
v 279.868164 212.513641 537.333618
v 318.481964 212.740997 537.043518
v 279.868164 213.003540 536.760193
v 241.254364 212.740997 537.043518
v 241.140808 212.513641 537.333618
v 318.595764 212.513641 537.333618
v 318.350708 213.003540 536.760193
v 241.385635 213.003540 536.760193
v 279.868164 204.393875 539.964294
v 279.868164 204.393875 539.404236
v 322.685974 204.393875 539.964233
v 279.868164 204.393875 540.524292
v 237.050354 204.393875 539.964294
v 237.050354 204.393875 539.404297
v 322.685974 204.393875 539.404236
v 322.685974 204.393875 540.524292
v 237.050354 204.393875 540.524292
v 279.868164 199.913864 533.244263
v 279.868164 199.913864 530.444275
v 324.925995 199.913864 533.244263
v 279.868164 199.913864 536.044250
v 234.810333 199.913864 533.244263
v 234.810333 199.913864 530.444275
v 324.925995 199.913864 530.444275
v 324.925995 199.913864 536.044250
v 234.810333 199.913864 536.044250
v 187.512512 319.753845 527.644287
v 187.512512 258.713867 527.644287
v 188.632523 319.753845 527.644287
v 187.512512 380.793884 527.644287
v 186.392517 319.753845 527.644287
v 186.392517 258.153870 527.644287
v 188.632523 259.273865 527.644287
v 188.632523 380.233826 527.644287
v 186.392517 381.353851 527.644287
v 279.868164 428.429016 523.986816
v 279.868164 429.531342 523.575562
v 319.328217 428.429016 523.986816
v 279.868164 427.326477 524.398132
v 240.408096 428.429016 523.986816
v 239.849213 429.531342 523.575562
v 319.887115 429.531342 523.575562
v 318.769562 427.326477 524.398132
v 240.966766 427.326477 524.398132
v 202.640808 319.753845 528.545898
v 202.640808 373.260284 528.545898
v 202.903107 319.753845 528.829285
v 202.640808 266.247406 528.545898
v 202.413223 319.753845 528.255798
v 202.413223 373.374084 528.255798
v 202.903336 373.129028 528.829285
v 202.903107 266.378693 528.829224
v 202.413223 266.133636 528.255798
v 202.640808 319.753845 526.097595
v 202.640808 266.247406 526.097595
v 202.903107 319.753845 525.814209
v 202.640808 373.260284 526.097595
v 202.413223 319.753845 526.387634
v 202.413223 266.133636 526.387634
v 202.903336 266.378693 525.814209
v 202.903107 373.129028 525.814209
v 202.413223 373.374084 526.387695
v 196.472519 319.753845 541.644287
v 196.472519 263.193848 541.644287
v 197.592514 319.753845 541.924316
v 196.472519 376.313873 541.644287
v 195.352524 319.753845 541.364319
v 195.352524 262.633850 541.364258
v 197.592514 263.753845 541.924316
v 197.592514 375.753845 541.924316
v 195.352524 376.873840 541.364319
v 279.868164 427.309021 538.267517
v 240.983109 427.309021 538.267517
v 279.868164 427.274078 537.947205
v 318.753235 427.309021 538.267517
v 279.868164 427.274078 538.587830
v 241.000809 427.274078 538.587830
v 241.000793 427.274078 537.947205
v 318.735748 427.274078 537.947205
v 318.735748 427.274078 538.587830
v 202.623337 319.753845 539.490295
v 202.623108 373.269012 539.490356
v 202.833221 319.753845 539.769409
v 202.623337 266.238678 539.490295
v 202.413223 319.753845 539.201599
v 202.413223 373.374084 539.201599
v 202.833221 373.163971 539.769409
v 202.833221 266.343750 539.769409
v 202.413223 266.133636 539.201782
v 279.868164 444.073883 525.404297
v 279.868164 444.073883 524.284302
v 232.570343 444.073883 525.404297
v 279.868164 444.073883 526.524292
v 327.165985 444.073883 525.404297
v 327.165985 444.073883 524.284302
v 232.570343 444.073883 524.284302
v 232.570343 444.073883 526.524292
v 327.165985 444.073883 526.524292
v 200.947815 319.753845 523.986816
v 200.947815 374.091339 523.986816
v 202.065567 319.753845 524.398071
v 200.947815 265.416382 523.986816
v 199.830276 319.753845 523.575562
v 199.830276 374.642578 523.575562
v 202.065567 373.540283 524.398071
v 202.065567 265.967438 524.398071
v 199.830276 264.865112 523.575562
v 279.868164 197.673874 527.644287
v 279.868164 196.553864 527.644287
v 326.045990 197.673874 527.644226
v 279.868164 198.793869 527.644287
v 233.690338 197.673874 527.644287
v 233.130341 196.553864 527.644287
v 326.605988 196.553864 527.644287
v 325.485992 198.793869 527.644226
v 234.250336 198.793869 527.644287
v 197.144516 319.753845 523.164307
v 197.144516 375.977844 523.164307
v 197.928513 319.753845 523.164307
v 197.144516 263.529846 523.164307
v 196.360519 319.753845 523.164307
v 196.360519 376.369873 523.164307
v 197.928513 375.585846 523.164307
v 197.928513 263.921875 523.164307
v 196.360519 263.137878 523.164307
v 279.868164 432.873840 541.644348
v 279.868164 431.753845 541.924316
v 321.565979 432.873840 541.644287
v 279.868164 433.993835 541.364319
v 238.170349 432.873840 541.644348
v 238.730347 431.753845 541.924316
v 321.005981 431.753845 541.924316
v 322.125977 433.993835 541.364319
v 237.610352 433.993835 541.364319
v 185.272522 319.753845 525.404297
v 185.272522 257.593872 525.404297
v 185.272522 319.753845 526.524292
v 185.272522 381.913849 525.404297
v 185.272522 319.753845 524.284302
v 185.272522 257.593872 524.284302
v 185.272522 257.593872 526.524292
v 185.272522 381.913849 526.524292
v 185.272522 381.913849 524.284302
v 190.424530 319.753845 523.164307
v 190.424530 379.337860 523.164307
v 193.000519 319.753845 523.164307
v 190.424530 260.169861 523.164307
v 187.848511 319.753845 523.164307
v 187.848511 380.625885 523.164307
v 193.000519 378.049866 523.164307
v 193.000519 261.457855 523.164307
v 187.848511 258.881836 523.164307
v 279.868164 428.497772 541.645874
v 240.373154 428.497772 541.645874
v 279.868164 427.602234 541.370117
v 319.363190 428.497772 541.645874
v 279.868164 429.531342 541.924316
v 239.849228 429.531342 541.924316
v 240.827209 427.602234 541.370117
v 318.909119 427.602234 541.370117
v 319.887115 429.531342 541.924316
v 279.868164 200.585876 523.164246
v 279.868164 198.009872 523.164246
v 235.146347 200.585876 523.164246
v 279.868164 203.161880 523.164246
v 324.589996 200.585876 523.164246
v 325.877991 198.009872 523.164246
v 233.858337 198.009872 523.164246
v 236.434341 203.161880 523.164246
v 323.302002 203.161880 523.164246
v 279.868164 441.833862 527.644287
v 279.868164 442.953827 527.644287
v 233.690338 441.833862 527.644348
v 279.868164 440.713837 527.644287
v 326.045990 441.833862 527.644287
v 326.605988 442.953827 527.644287
v 233.130341 442.953827 527.644348
v 234.250336 440.713837 527.644348
v 325.485992 440.713837 527.644287
v 279.868164 439.593872 533.244324
v 279.868164 439.593872 530.444336
v 234.810333 439.593872 533.244324
v 279.868164 439.593872 536.044312
v 324.925995 439.593872 533.244324
v 324.925995 439.593872 530.444336
v 234.810333 439.593872 530.444336
v 234.810333 439.593872 536.044312
v 324.925995 439.593872 536.044312
v 279.868164 206.633865 541.644287
v 279.868164 207.753876 541.924255
v 238.170349 206.633865 541.644287
v 279.868164 205.513870 541.364258
v 321.565979 206.633865 541.644287
v 321.005981 207.753876 541.924255
v 238.730347 207.753876 541.924255
v 237.610352 205.513870 541.364258
v 322.125977 205.513870 541.364258
v 279.868164 212.198700 538.267700
v 318.753235 212.198700 538.267700
v 279.868164 212.233643 537.947388
v 240.983109 212.198700 538.267700
v 279.868164 212.233643 538.588013
v 318.735748 212.233643 538.588013
v 318.735748 212.233643 537.947388
v 241.000793 212.233643 537.947388
v 241.000809 212.233643 538.588013
v 279.868164 213.283524 532.794678
v 318.210693 213.283524 532.794678
v 279.868164 213.283524 530.952087
v 241.525635 213.283524 532.794678
v 279.868164 213.283524 534.637329
v 318.210693 213.283524 534.637329
v 318.210693 213.283524 530.952087
v 241.525635 213.283524 530.952087
v 241.525635 213.283524 534.637329
v 279.868164 212.723526 539.490295
v 279.868164 212.513641 539.201782
v 241.245636 212.723526 539.490295
v 279.868164 212.933624 539.769409
v 318.490692 212.723526 539.490295
v 318.595764 212.513641 539.201782
v 241.140808 212.513641 539.201782
v 241.350693 212.933624 539.769409
v 318.385651 212.933624 539.769409
v 279.868164 212.740997 528.545837
v 279.868164 212.513641 528.255798
v 241.254364 212.740997 528.545837
v 279.868164 213.003540 528.829224
v 318.481964 212.740997 528.545837
v 318.595764 212.513641 528.255798
v 241.140808 212.513641 528.255798
v 241.385635 213.003540 528.829224
v 318.350708 213.003540 528.829224
v 279.868164 426.766724 537.043335
v 279.868164 426.994080 537.333435
v 241.254364 426.766724 537.043335
v 279.868164 426.504181 536.760010
v 318.481964 426.766724 537.043335
v 318.595764 426.994080 537.333435
v 241.140808 426.994080 537.333435
v 241.385635 426.504181 536.760010
v 318.350708 426.504181 536.760010
v 190.849213 324.444183 522.211853
v 190.849213 323.666443 522.211853
v 189.436005 324.435699 522.211853
v 190.849213 325.041168 522.211853
v 192.262436 324.435699 522.211853
v 192.359207 323.666443 522.211853
v 189.339233 323.666443 522.211853
v 189.614304 325.007324 522.211853
v 192.084137 325.007324 522.211853
v 187.865768 324.677826 522.688049
v 187.787369 324.807556 522.926208
v 188.242081 325.227966 522.688049
v 187.944397 324.548370 522.449951
v 187.661697 323.883942 522.688049
v 187.577698 323.992584 522.926208
v 188.173538 325.371979 522.926208
v 188.310852 325.083923 522.449951
v 187.745483 323.775116 522.449951
v 190.849213 325.869720 522.688049
v 190.849213 326.030792 522.926208
v 191.921509 325.798492 522.688049
v 190.849213 325.708893 522.449951
v 189.776932 325.798492 522.688049
v 189.748703 325.957550 522.926208
v 191.949738 325.957550 522.926208
v 191.893280 325.639435 522.449951
v 189.805161 325.639435 522.449951
v 190.849213 313.637970 522.688049
v 190.849213 313.476929 522.926208
v 189.776932 313.709229 522.688049
v 190.849213 313.798828 522.449951
v 191.921509 313.709229 522.688049
v 191.949738 313.550201 522.926208
v 189.748703 313.550201 522.926208
v 189.805161 313.868256 522.449951
v 191.893280 313.868256 522.449951
v 193.832672 314.829865 522.688049
v 193.911072 314.700195 522.926208
v 193.456360 314.279968 522.688049
v 193.754059 314.959381 522.449951
v 194.036743 315.623962 522.688049
v 194.120743 315.515106 522.926208
v 193.524902 314.135712 522.926208
v 193.387589 314.423981 522.449951
v 193.952972 315.732605 522.449951
v 190.849213 315.063721 522.211853
v 190.849213 314.466583 522.211853
v 189.436005 315.072052 522.211853
v 190.849213 315.841217 522.211853
v 192.262436 315.072052 522.211853
v 192.084137 314.500397 522.211853
v 189.614304 314.500397 522.211853
v 189.339233 315.841217 522.211853
v 192.359207 315.841217 522.211853
v 190.849213 319.753845 522.211853
v 190.849213 318.231537 522.211853
v 189.255463 319.753845 522.211853
v 190.849213 321.276154 522.211853
v 192.442978 319.753845 522.211853
v 192.433792 318.231537 522.211853
v 189.264648 318.231537 522.211853
v 189.264648 321.276154 522.211853
v 192.433792 321.276154 522.211853
v 187.865768 314.829865 522.688049
v 187.787369 314.700195 522.926208
v 187.661697 315.623962 522.688049
v 187.944397 314.959381 522.449951
v 188.242081 314.279968 522.688049
v 188.173538 314.135712 522.926208
v 187.577698 315.515106 522.926208
v 187.745483 315.732605 522.449951
v 188.310852 314.423981 522.449951
v 187.484512 319.753845 522.688049
v 187.395813 319.753845 522.926208
v 187.504227 321.360840 522.688049
v 187.572998 319.753845 522.449951
v 187.504227 318.146881 522.688049
v 187.416199 318.104523 522.926208
v 187.416199 321.403168 522.926208
v 187.592255 321.318512 522.449951
v 187.592255 318.189240 522.449951
v 193.832672 324.677826 522.688049
v 193.911072 324.807556 522.926208
v 194.036743 323.883942 522.688049
v 193.754059 324.548370 522.449951
v 193.456360 325.227966 522.688049
v 193.524902 325.371979 522.926208
v 194.120743 323.992584 522.926208
v 193.952972 323.775116 522.449951
v 193.387589 325.083923 522.449951
v 194.213928 319.753845 522.688049
v 194.302643 319.753845 522.926208
v 194.194427 318.146881 522.688049
v 194.125443 319.753845 522.449951
v 194.194427 321.360840 522.688049
v 194.282242 321.403168 522.926208
v 194.282242 318.104523 522.926208
v 194.106400 318.189240 522.449951
v 194.106400 321.318512 522.449951
v 375.933929 198.208786 525.961792
v 375.848816 198.208786 525.909607
v 375.772644 198.208786 525.844666
v 375.655487 198.208786 525.683594
v 375.617432 198.208786 525.591309
v 375.593872 198.208786 525.494080
v 375.593872 198.208786 525.294922
v 375.617432 198.208786 525.197754
v 375.655487 198.208786 525.105408
v 375.772644 198.208786 524.944397
v 375.848816 198.208786 524.879395
v 375.933929 198.208786 524.827026
v 376.123199 198.208786 524.765625
v 376.222900 198.208786 524.757812
v 376.322571 198.208786 524.765625
v 376.511841 198.208786 524.827026
v 376.597168 198.208786 524.879395
v 376.673126 198.208786 524.944397
v 376.790283 198.208786 525.105408
v 376.828339 198.208786 525.197754
v 376.851868 198.208786 525.294922
v 376.322571 198.208786 526.023376
v 376.222900 198.208786 526.031006
v 376.123199 198.208786 526.023376
v 376.673126 198.208786 525.844666
v 376.597168 198.208786 525.909607
v 376.511841 198.208786 525.961792
v 376.851868 198.208786 525.494080
v 376.828339 198.208786 525.591309
v 376.790283 198.208786 525.683594
v 375.886230 199.986221 526.055664
v 375.786987 199.986221 525.994690
v 375.698273 199.986221 525.919006
v 375.561859 199.986221 525.731506
v 375.517517 199.986221 525.623779
v 375.489960 199.986221 525.510437
v 375.489960 199.986221 525.278564
v 375.517517 199.986221 525.165222
v 375.561859 199.986221 525.057495
v 375.698273 199.986221 524.869812
v 375.786987 199.986221 524.794312
v 375.886230 199.986221 524.733398
v 376.106873 199.986221 524.661682
v 376.222900 199.986221 524.652710
v 376.339142 199.986221 524.661682
v 376.559784 199.986221 524.733398
v 376.658997 199.986221 524.794312
v 376.747711 199.986221 524.869812
v 376.883911 199.986221 525.057495
v 376.928467 199.986221 525.165222
v 376.955811 199.986221 525.278564
v 376.339142 199.986221 526.127319
v 376.222900 199.986221 526.136292
v 376.106873 199.986221 526.127319
v 376.747711 199.986221 525.919006
v 376.658997 199.986221 525.994690
v 376.559784 199.986221 526.055664
v 376.955811 199.986221 525.510437
v 376.928467 199.986221 525.623779
v 376.883911 199.986221 525.731506
v 376.448914 199.275925 526.089905
v 376.451355 199.492981 526.097778
v 376.452271 199.733536 526.100464
v 376.707153 198.581970 525.746277
v 376.712341 198.464798 525.750122
v 376.723755 198.338928 525.758423
v 375.631287 199.275925 524.964783
v 375.624573 199.492981 524.959839
v 375.622345 199.733536 524.958252
v 375.624359 198.581970 525.394409
v 375.617859 198.464798 525.394409
v 375.603973 198.338928 525.394409
v 376.821655 198.581970 525.394409
v 376.827911 198.464798 525.394409
v 376.842010 198.338928 525.394409
v 375.996887 199.275925 524.699097
v 375.994385 199.492981 524.691284
v 375.993500 199.733536 524.688599
v 376.448914 199.275925 524.699097
v 376.451355 199.492981 524.691284
v 376.452271 199.733536 524.688599
v 376.814484 199.275925 524.964783
v 376.821198 199.492981 524.959839
v 376.823425 199.733536 524.958252
v 375.631287 199.275925 525.824280
v 375.624573 199.492981 525.829163
v 375.622345 199.733536 525.830750
v 376.037842 198.581970 525.963806
v 376.036072 198.464798 525.969849
v 376.031586 198.338928 525.983276
v 374.401550 210.034866 524.429871
v 374.401550 206.767593 524.429871
v 374.401550 203.500107 524.429871
v 376.651611 210.034866 526.862305
v 376.651611 206.767593 526.862244
v 376.651611 203.500107 526.862244
v 375.628387 210.034866 523.926758
v 375.628387 206.767593 523.926758
v 375.628387 203.500107 523.926758
v 376.651611 210.034866 523.926758
v 376.651611 206.767593 523.926758
v 376.651611 203.500107 523.926758
v 377.423309 210.034866 524.487427
v 377.423309 206.767593 524.487427
v 377.423309 203.500107 524.487427
v 374.401550 210.034866 526.359192
v 374.401550 206.767593 526.359192
v 374.401550 203.500107 526.359192
v 375.628387 210.034866 526.862305
v 375.628387 206.767593 526.862244
v 375.628387 203.500107 526.862244
v 377.423309 210.034866 526.301575
v 377.423309 206.767593 526.301575
v 377.423309 203.500107 526.301575
v 377.718079 210.034866 525.394409
v 377.718079 206.767593 525.394409
v 377.718079 203.500107 525.394409
v 377.698364 200.232605 525.153381
v 377.641479 200.232605 524.917969
v 377.549194 200.232605 524.693970
v 375.905457 213.302338 523.870972
v 376.167786 213.302338 523.852417
v 376.416199 213.302338 523.870972
v 377.549194 213.302338 526.094849
v 377.641479 213.302338 525.871094
v 377.698364 213.302338 525.635620
v 376.416199 213.302338 526.918030
v 376.167786 213.302338 526.936646
v 375.905457 213.302338 526.918030
v 376.874939 200.232605 526.769104
v 377.081238 200.232605 526.642090
v 377.265625 200.232605 526.485046
v 375.905457 200.232605 523.870972
v 376.167786 200.232605 523.852356
v 376.416199 200.232605 523.870972
v 376.874939 200.232605 524.019958
v 377.081238 200.232605 524.146729
v 377.265625 200.232605 524.303711
v 376.874939 213.302338 524.019958
v 377.081238 213.302338 524.146729
v 377.265625 213.302338 524.303772
v 374.718048 200.232605 524.280884
v 375.030762 200.232605 524.141113
v 375.335388 200.232605 524.019958
v 374.718048 213.302338 524.280884
v 375.030762 213.302338 524.141113
v 375.335388 213.302338 524.019958
v 374.718048 200.232605 526.508118
v 375.030762 200.232605 526.647888
v 375.335388 200.232605 526.769104
v 375.335388 213.302338 526.769104
v 375.030762 213.302338 526.647888
v 374.718048 213.302338 526.508118
v 375.905457 200.232605 526.918030
v 376.167786 200.232605 526.936646
v 376.416199 200.232605 526.918030
v 377.265625 213.302338 526.485046
v 377.081238 213.302338 526.642090
v 376.874939 213.302338 526.769104
v 377.549194 213.302338 524.693970
v 377.641479 213.302338 524.917969
v 377.698364 213.302338 525.153381
v 377.698364 200.232605 525.635620
v 377.641479 200.232605 525.871094
v 377.549194 200.232605 526.094849
v 375.937958 213.960007 524.183228
v 376.163513 213.960007 524.168457
v 376.366699 213.960007 524.183228
v 377.267639 213.960007 525.951477
v 377.340881 213.960007 525.773438
v 377.386108 213.960007 525.586121
v 374.401550 213.960007 525.202637
v 374.401550 213.960007 525.010925
v 374.401550 213.960007 524.819397
v 376.366699 213.960007 526.605774
v 376.163513 213.960007 526.620605
v 375.937958 213.960007 526.605774
v 376.731598 213.960007 524.301758
v 376.895569 213.960007 524.402527
v 377.042053 213.960007 524.527283
v 374.744049 213.960007 524.509155
v 375.077789 213.960007 524.398071
v 375.393860 213.960007 524.301758
v 374.401550 213.960007 525.969604
v 374.401550 213.960007 525.777893
v 374.401550 213.960007 525.586121
v 375.393860 213.960007 526.487305
v 375.077789 213.960007 526.390991
v 374.744049 213.960007 526.279846
v 377.042053 213.960007 526.261719
v 376.895569 213.960007 526.386475
v 376.731598 213.960007 526.487305
v 377.267639 213.960007 524.837524
v 377.340881 213.960007 525.015625
v 377.386108 213.960007 525.202637
v 374.401550 213.466751 526.309692
v 374.401550 213.631180 526.260376
v 374.401550 213.795609 526.210876
v 375.642059 213.466751 524.002014
v 375.655945 213.631180 524.077271
v 375.669830 213.795609 524.152344
v 376.578369 213.795609 524.152344
v 376.602783 213.631180 524.077271
v 376.627197 213.466751 524.002014
v 377.639008 213.466751 525.394409
v 377.559937 213.631180 525.394409
v 377.480865 213.795609 525.394409
v 377.231323 213.795609 526.162048
v 377.295410 213.631180 526.208618
v 377.359253 213.466751 526.255005
v 375.642059 213.466751 526.786987
v 375.655945 213.631180 526.711731
v 375.669830 213.795609 526.636475
v 377.231323 213.795609 524.626770
v 377.295410 213.631180 524.580383
v 377.359253 213.466751 524.533813
v 374.401550 213.795609 524.578125
v 374.401550 213.631180 524.528625
v 374.401550 213.466751 524.479370
v 376.578369 213.795609 526.636475
v 376.602783 213.631180 526.711731
v 376.627197 213.466751 526.786987
v 374.401550 200.232605 525.635620
v 374.401550 200.232605 525.876892
v 374.401550 200.232605 526.117920
v 374.401550 200.232605 525.153381
v 374.401550 200.232605 524.912109
v 374.401550 200.232605 524.671082
v 376.407898 198.581970 525.963806
v 376.409912 198.464798 525.969849
v 376.414185 198.338928 525.983276
v 376.814484 199.275925 525.824280
v 376.821198 199.492981 525.829163
v 376.823425 199.733536 525.830750
v 375.738586 198.581970 525.042725
v 375.733459 198.464798 525.038879
v 375.722015 198.338928 525.030640
v 375.491760 199.275925 525.394409
v 375.483459 199.492981 525.394409
v 375.480530 199.733536 525.394409
v 376.954010 199.275925 525.394409
v 376.962311 199.492981 525.394409
v 376.965210 199.733536 525.394409
v 376.037842 198.581970 524.825195
v 376.036072 198.464798 524.819153
v 376.031586 198.338928 524.805725
v 376.407898 198.581970 524.825195
v 376.409912 198.464798 524.819153
v 376.414185 198.338928 524.805725
v 376.707153 198.581970 525.042725
v 376.712341 198.464798 525.038879
v 376.723755 198.338928 525.030640
v 375.738586 198.581970 525.746277
v 375.733459 198.464798 525.750122
v 375.722015 198.338928 525.758423
v 375.996887 199.275925 526.089905
v 375.994385 199.492981 526.097778
v 375.993500 199.733536 526.100464
v 376.496826 198.686356 525.932434
v 376.577698 198.686356 525.882690
v 376.649841 198.686356 525.821350
v 375.685059 198.686356 525.120422
v 375.648773 198.686356 525.208008
v 375.626587 198.686356 525.300110
v 376.760925 198.686356 525.668579
v 376.796997 198.686356 525.580994
v 376.819183 198.686356 525.488953
v 375.948914 198.686356 524.856567
v 375.868073 198.686356 524.906067
v 375.795959 198.686356 524.967651
v 376.317413 198.686356 524.798096
v 376.222900 198.686356 524.790955
v 376.128357 198.686356 524.798096
v 376.649841 198.686356 524.967651
v 376.577698 198.686356 524.906067
v 376.496826 198.686356 524.856567
v 376.819183 198.686356 525.300110
v 376.796997 198.686356 525.208008
v 376.760925 198.686356 525.120422
v 375.795959 198.686356 525.821350
v 375.868073 198.686356 525.882690
v 375.948914 198.686356 525.932434
v 376.128357 198.686356 525.990906
v 376.222900 198.686356 525.998047
v 376.317413 198.686356 525.990906
v 375.626587 198.686356 525.488953
v 375.648773 198.686356 525.580994
v 375.685059 198.686356 525.668579
v 375.966400 200.232605 525.897705
v 375.890930 200.232605 525.851379
v 375.823486 200.232605 525.793762
v 375.719543 200.232605 525.650879
v 375.685730 200.232605 525.568909
v 375.664917 200.232605 525.482849
v 375.664917 200.232605 525.306152
v 375.685730 200.232605 525.219910
v 375.719543 200.232605 525.137939
v 375.823486 200.232605 524.995239
v 375.890930 200.232605 524.937683
v 375.966400 200.232605 524.891052
v 376.134399 200.232605 524.836609
v 376.222900 200.232605 524.829712
v 376.311371 200.232605 524.836609
v 376.479370 200.232605 524.891052
v 376.554871 200.232605 524.937683
v 376.622253 200.232605 524.995239
v 376.726196 200.232605 525.137939
v 376.760040 200.232605 525.219910
v 376.780884 200.232605 525.306152
v 376.311371 200.232605 525.952393
v 376.222900 200.232605 525.959106
v 376.134399 200.232605 525.952393
v 376.622253 200.232605 525.793762
v 376.554871 200.232605 525.851379
v 376.479370 200.232605 525.897705
v 376.780884 200.232605 525.482849
v 376.760040 200.232605 525.568909
v 376.726196 200.232605 525.650879
v 376.547028 199.094925 526.031006
v 376.642670 199.094925 525.972290
v 376.727997 199.094925 525.899536
v 375.586487 199.094925 525.070068
v 375.543701 199.094925 525.173767
v 375.517273 199.094925 525.282837
v 376.859253 199.094925 525.718750
v 376.902069 199.094925 525.615234
v 376.928467 199.094925 525.506165
v 375.898743 199.094925 524.757996
v 375.803101 199.094925 524.816711
v 375.717773 199.094925 524.889526
v 376.334656 199.094925 524.689026
v 376.222900 199.094925 524.680298
v 376.111115 199.094925 524.689026
v 376.727997 199.094925 524.889526
v 376.642670 199.094925 524.816711
v 376.547028 199.094925 524.757996
v 376.928467 199.094925 525.282837
v 376.902069 199.094925 525.173767
v 376.859253 199.094925 525.070068
v 375.717773 199.094925 525.899536
v 375.803101 199.094925 525.972290
v 375.898743 199.094925 526.031006
v 376.111115 199.094925 526.099976
v 376.222900 199.094925 526.108765
v 376.334656 199.094925 526.099976
v 375.517273 199.094925 525.506165
v 375.543701 199.094925 525.615234
v 375.586487 199.094925 525.718750
v 375.658173 200.047821 525.804749
v 375.694031 200.109436 525.778809
v 375.729858 200.171021 525.752563
v 376.034485 200.171021 525.974121
v 376.020844 200.109436 526.016235
v 376.007172 200.047821 526.058350
v 375.524902 200.047821 525.394409
v 375.569244 200.109436 525.394409
v 375.613586 200.171021 525.394409
v 375.658173 200.047821 524.984253
v 375.694031 200.109436 525.010254
v 375.729858 200.171021 525.036194
v 376.007172 200.047821 524.730713
v 376.020844 200.109436 524.772827
v 376.034485 200.171021 524.814880
v 376.438599 200.047821 524.730713
v 376.424927 200.109436 524.772827
v 376.411255 200.171021 524.814880
v 376.787598 200.047821 524.984253
v 376.751770 200.109436 525.010254
v 376.715912 200.171021 525.036194
v 376.920868 200.047821 525.394409
v 376.876526 200.109436 525.394409
v 376.832153 200.171021 525.394409
v 376.411255 200.171021 525.974121
v 376.424927 200.109436 526.016235
v 376.438599 200.047821 526.058350
v 376.715912 200.171021 525.752563
v 376.751770 200.109436 525.778809
v 376.787598 200.047821 525.804749
v 376.778625 198.961868 525.798279
v 376.752625 198.860184 525.779480
v 376.728455 198.773697 525.761780
v 376.415955 198.773697 525.988892
v 376.425171 198.860184 526.017334
v 376.435242 198.961868 526.047791
v 375.535889 198.961868 525.394409
v 375.568115 198.860184 525.394409
v 375.597931 198.773697 525.394409
v 375.717316 198.773697 525.027283
v 375.693115 198.860184 525.009583
v 375.667145 198.961868 524.990723
v 376.909912 198.961868 525.394409
v 376.877625 198.860184 525.394409
v 376.847839 198.773697 525.394409
v 376.029785 198.773697 524.800110
v 376.020630 198.860184 524.771667
v 376.010529 198.961868 524.741211
v 376.415955 198.773697 524.800110
v 376.425171 198.860184 524.771667
v 376.435242 198.961868 524.741211
v 376.728455 198.773697 525.027283
v 376.752625 198.860184 525.009583
v 376.778625 198.961868 524.990723
v 376.010529 198.961868 526.047791
v 376.020630 198.860184 526.017334
v 376.029785 198.773697 525.988892
v 375.717316 198.773697 525.761780
v 375.693115 198.860184 525.779480
v 375.667145 198.961868 525.798279
v 374.926392 436.701355 524.487488
v 374.926392 433.993835 524.487488
v 374.926392 431.286377 524.487488
v 377.545593 428.455231 525.177612
v 377.494537 428.455231 524.965698
v 377.411438 428.455231 524.764343
v 375.957672 439.532501 524.023804
v 376.174713 439.532501 524.007019
v 376.391998 439.532501 524.023804
v 377.411438 439.532501 526.024780
v 377.494537 439.532501 525.823181
v 377.545593 439.532501 525.611511
v 374.631592 436.701355 525.394470
v 374.631592 433.993835 525.394470
v 374.631592 431.286377 525.394470
v 374.804077 428.455231 525.177612
v 374.855133 428.455231 524.965698
v 374.938232 428.455231 524.764343
v 374.804077 439.532501 525.177612
v 374.855133 439.532501 524.965698
v 374.938232 439.532501 524.764343
v 374.938232 428.455231 526.024780
v 374.855133 428.455231 525.823181
v 374.804077 428.455231 525.611511
v 376.651611 436.701355 526.862122
v 376.651611 433.993835 526.862122
v 376.651611 431.286377 526.862122
v 376.391998 439.532501 526.765320
v 376.174713 439.532501 526.782104
v 375.957672 439.532501 526.765320
v 376.804840 428.455231 526.631165
v 376.990295 428.455231 526.517151
v 377.156311 428.455231 526.375793
v 375.957672 428.455231 524.023804
v 376.174713 428.455231 524.007019
v 376.391998 428.455231 524.023804
v 376.804840 428.455231 524.157776
v 376.990295 428.455231 524.271973
v 377.156311 428.455231 524.413086
v 376.804840 439.532501 524.157776
v 376.990295 439.532501 524.271973
v 377.156311 439.532501 524.413086
v 375.193390 428.455231 524.413086
v 375.359131 428.455231 524.271973
v 375.544830 428.455231 524.157776
v 375.193390 439.532501 524.413086
v 375.359131 439.532501 524.271973
v 375.544830 439.532501 524.157776
v 374.938232 439.532501 526.024780
v 374.855133 439.532501 525.823181
v 374.804077 439.532501 525.611511
v 375.193390 428.455231 526.375793
v 375.359131 428.455231 526.517151
v 375.544830 428.455231 526.631165
v 375.544830 439.532501 526.631165
v 375.359131 439.532501 526.517151
v 375.193390 439.532501 526.375793
v 375.957672 428.455231 526.765320
v 376.174713 428.455231 526.782104
v 376.391998 428.455231 526.765320
v 377.156311 439.532501 526.375793
v 376.990295 439.532501 526.517151
v 376.804840 439.532501 526.631165
v 375.698059 436.701355 523.926819
v 375.698059 433.993835 523.926819
v 375.698059 431.286377 523.926819
v 376.651611 436.701355 523.926819
v 376.651611 433.993835 523.926819
v 376.651611 431.286377 523.926819
v 377.423309 436.701355 524.487488
v 377.423309 433.993835 524.487488
v 377.423309 431.286377 524.487488
v 377.411438 439.532501 524.764343
v 377.494537 439.532501 524.965698
v 377.545593 439.532501 525.177612
v 377.545593 428.455231 525.611511
v 377.494537 428.455231 525.823181
v 377.411438 428.455231 526.024780
v 374.926392 436.701355 526.301636
v 374.926392 433.993835 526.301636
v 374.926392 431.286377 526.301636
v 375.698059 436.701355 526.862122
v 375.698059 433.993835 526.862122
v 375.698059 431.286377 526.862122
v 377.423309 436.701355 526.301636
v 377.423309 433.993835 526.301636
v 377.423309 431.286377 526.301636
v 377.718079 436.701355 525.394470
v 377.718079 433.993835 525.394470
v 377.718079 431.286377 525.394470
v 377.698364 428.579132 525.153442
v 377.641479 428.579132 524.918030
v 377.549194 428.579132 524.694031
v 375.933258 439.408630 523.871033
v 376.174713 439.408630 523.852234
v 376.416199 439.408630 523.871033
v 377.549194 439.408630 526.094910
v 377.641479 439.408630 525.871094
v 377.698364 439.408630 525.635681
v 374.651306 428.579132 525.153442
v 374.708191 428.579132 524.918030
v 374.800476 428.579132 524.694031
v 374.651306 439.408630 525.153442
v 374.708191 439.408630 524.918030
v 374.800476 439.408630 524.694031
v 374.800476 428.579132 526.094910
v 374.708191 428.579132 525.871094
v 374.651306 428.579132 525.635681
v 376.416199 439.408630 526.918091
v 376.174713 439.408630 526.936707
v 375.933258 439.408630 526.918091
v 376.874939 428.579132 526.769165
v 377.081238 428.579132 526.642151
v 377.265625 428.579132 526.485107
v 375.933258 428.579132 523.871033
v 376.174713 428.579132 523.852234
v 376.416199 428.579132 523.871033
v 376.874939 428.579132 524.019958
v 377.081238 428.579132 524.146790
v 377.265625 428.579132 524.303772
v 376.874939 439.408630 524.019958
v 377.081238 439.408630 524.146790
v 377.265625 439.408630 524.303772
v 375.083862 428.579132 524.303772
v 375.268433 428.579132 524.146790
v 375.474731 428.579132 524.019958
v 375.083862 439.408630 524.303772
v 375.268433 439.408630 524.146790
v 375.474731 439.408630 524.019958
v 374.800476 439.408630 526.094910
v 374.708191 439.408630 525.871094
v 374.651306 439.408630 525.635681
v 375.083862 428.579132 526.485107
v 375.268433 428.579132 526.642151
v 375.474731 428.579132 526.769165
v 375.474731 439.408630 526.769165
v 375.268433 439.408630 526.642151
v 375.083862 439.408630 526.485107
v 375.933258 428.579132 526.918091
v 376.174713 428.579132 526.936707
v 376.416199 428.579132 526.918091
v 377.265625 439.408630 526.485107
v 377.081238 439.408630 526.642151
v 376.874939 439.408630 526.769165
v 377.549194 439.408630 524.694031
v 377.641479 439.408630 524.918030
v 377.698364 439.408630 525.153442
v 377.698364 428.579132 525.635681
v 377.641479 428.579132 525.871094
v 377.549194 428.579132 526.094910
v 377.679321 428.548004 525.394470
v 377.640564 428.517059 525.394470
v 377.602051 428.486115 525.394470
v 377.329468 428.486115 524.555542
v 377.360809 428.517059 524.532959
v 377.391937 428.548004 524.510071
v 375.709930 439.439728 523.963562
v 375.721802 439.470642 524.000488
v 375.733887 439.501587 524.037231
v 376.615784 439.501587 524.037231
v 376.627869 439.470642 524.000488
v 376.639740 439.439728 523.963562
v 377.679321 439.439728 525.394470
v 377.640564 439.470642 525.394470
v 377.602051 439.501587 525.394470
v 377.329468 439.501587 526.233337
v 377.360809 439.470642 526.256165
v 377.391937 439.439728 526.278809
v 374.957733 428.548004 524.510071
v 374.988861 428.517059 524.532959
v 375.020233 428.486115 524.555542
v 374.747620 428.486115 525.394470
v 374.708862 428.517059 525.394470
v 374.670349 428.548004 525.394470
v 374.670349 439.439728 525.394470
v 374.708862 439.470642 525.394470
v 374.747620 439.501587 525.394470
v 375.020233 439.501587 524.555542
v 374.988861 439.470642 524.532959
v 374.957733 439.439728 524.510071
v 375.020233 428.486115 526.233337
v 374.988861 428.517059 526.256165
v 374.957733 428.548004 526.278809
v 376.639740 439.439728 526.825378
v 376.627869 439.470642 526.788635
v 376.615784 439.501587 526.751892
v 375.733887 439.501587 526.751892
v 375.721802 439.470642 526.788635
v 375.709930 439.439728 526.825378
v 376.639740 428.548004 526.825378
v 376.627869 428.517059 526.788635
v 376.615784 428.486115 526.751892
v 377.329468 428.486115 526.233337
v 377.360809 428.517059 526.256165
v 377.391937 428.548004 526.278809
v 376.639740 428.548004 523.963562
v 376.627869 428.517059 524.000488
v 376.615784 428.486115 524.037231
v 375.733887 428.486115 524.037231
v 375.721802 428.517059 524.000488
v 375.709930 428.548004 523.963562
v 377.329468 439.501587 524.555542
v 377.360809 439.470642 524.532959
v 377.391937 439.439728 524.510071
v 374.957733 439.439728 526.278809
v 374.988861 439.470642 526.256165
v 375.020233 439.501587 526.233337
v 375.733887 428.486115 526.751892
v 375.721802 428.517059 526.788635
v 375.709930 428.548004 526.825378
v 374.463806 257.593872 523.164246
v 374.463806 319.753845 523.164307
v 374.463806 381.913849 523.164307
v 363.375793 206.521866 523.164246
v 362.591797 207.305862 523.164246
v 361.807800 208.089859 523.164246
v 366.735809 436.345856 523.164307
v 369.311798 438.921875 523.164307
v 371.887817 441.497833 523.164307
v 357.670776 212.181229 524.398071
v 358.788513 211.078705 523.986755
v 359.906067 209.976395 523.575500
v 359.906067 429.531342 523.575562
v 358.788513 428.429016 523.986816
v 357.670776 427.326477 524.398071
v 374.463806 257.593872 527.644287
v 374.463806 319.753845 527.644287
v 374.463806 381.913849 527.644287
v 374.463806 444.073883 526.524292
v 374.463806 444.073883 525.404297
v 374.463806 444.073883 524.284302
v 369.983826 259.833862 527.644287
v 369.983826 319.753845 527.644287
v 369.983826 379.673859 527.644287
v 371.103821 440.713837 527.644287
v 372.223816 441.833862 527.644287
v 373.343811 442.953827 527.644287
v 369.983826 259.833862 538.844299
v 369.983826 319.753845 538.844299
v 369.983826 379.673859 538.844299
v 369.983826 439.593872 536.044312
v 369.983826 439.593872 533.244324
v 369.983826 439.593872 530.444336
v 368.863831 438.473846 538.844299
v 367.743805 437.353882 538.844299
v 366.623810 436.233826 538.844299
v 365.503815 435.113831 540.524292
v 365.503815 435.113831 539.964294
v 365.503815 435.113831 539.404297
v 365.503815 204.393875 540.524231
v 365.503815 204.393875 539.964233
v 365.503815 204.393875 539.404236
v 357.251648 266.174164 541.098633
v 357.251648 319.753845 541.098633
v 357.251648 373.333527 541.098633
v 359.906067 429.531342 541.924316
v 358.858398 428.497772 541.645874
v 357.950317 427.602234 541.370117
v 364.383789 205.513870 541.364258
v 363.263794 206.633865 541.644287
v 362.143799 207.753876 541.924255
v 364.383789 433.993835 541.364319
v 363.263794 432.873840 541.644287
v 362.143799 431.753845 541.924316
v 363.375793 432.985870 523.164307
v 362.591797 432.201874 523.164307
v 361.807800 431.417847 523.164307
v 356.553223 426.224182 525.353027
v 356.553223 426.224182 525.171814
v 356.553223 426.224182 524.990601
v 356.553223 266.518677 525.534180
v 356.553223 319.753845 525.534180
v 356.553223 372.989044 525.534241
v 356.728149 266.431335 540.040894
v 356.728149 319.753845 540.040894
v 356.728149 373.076385 540.040894
v 357.603088 427.274078 537.947205
v 357.638062 427.309021 538.267517
v 357.603088 427.274078 538.587830
v 356.832550 426.499695 540.832764
v 356.640350 426.310455 540.569763
v 356.623108 426.294067 540.306824
v 237.722336 433.769867 523.164307
v 279.868164 433.769867 523.164307
v 322.013977 433.769867 523.164307
v 374.463806 195.433868 524.284241
v 374.463806 195.433868 525.404236
v 374.463806 195.433868 526.524231
v 202.833221 426.574066 539.769409
v 202.623337 426.784210 539.490356
v 202.413223 426.994080 539.201599
v 373.343811 196.553864 527.644226
v 372.223816 197.673874 527.644226
v 371.103821 198.793869 527.644226
v 369.983826 199.913864 530.444275
v 369.983826 199.913864 533.244263
v 369.983826 199.913864 536.044250
v 357.603088 212.233643 527.642029
v 357.638062 212.198700 527.321716
v 357.603088 212.233643 527.001404
v 356.832550 213.008011 540.832703
v 356.640350 213.197296 540.569702
v 356.623108 213.213654 540.306763
v 281.738556 320.689056 531.887939
v 281.738556 319.753845 531.887939
v 281.738556 318.818634 531.887939
v 277.997772 318.818634 531.887939
v 277.997772 319.753845 531.887939
v 277.997772 320.689056 531.887939
v 278.932953 321.624268 531.888000
v 279.868164 321.624268 531.888000
v 280.803375 321.624268 531.888000
v 278.932953 317.883453 531.887939
v 279.868164 317.883453 531.887939
v 280.803375 317.883453 531.887939
v 278.932953 213.283524 531.887939
v 279.868164 213.283524 531.887939
v 280.803375 213.283524 531.887939
v 281.738556 291.733459 531.887939
v 281.738556 265.583466 531.887939
v 281.738556 239.433517 531.887939
v 277.997772 239.433517 531.887939
v 277.997772 265.583466 531.887939
v 277.997772 291.733459 531.887939
v 278.932953 426.224182 531.888000
v 279.868164 426.224182 531.888000
v 280.803375 426.224182 531.888000
v 277.997772 347.774231 531.888000
v 277.997772 373.924225 531.888000
v 277.997772 400.074219 531.888000
v 281.738556 400.074219 531.888000
v 281.738556 373.924225 531.888000
v 281.738556 347.774231 531.888000
v 204.222916 318.818634 531.888000
v 204.222916 319.753845 531.888000
v 204.222916 320.689056 531.888000
v 259.554047 317.883453 531.887939
v 241.110352 317.883453 531.888000
v 222.666626 317.883453 531.888000
v 222.666626 321.624268 531.888000
v 241.110352 321.624268 531.888000
v 259.554047 321.624268 531.888000
v 356.553223 320.689056 531.887939
v 356.553223 319.753845 531.887939
v 356.553223 318.818634 531.887939
v 300.442108 321.624268 531.887939
v 319.145905 321.624268 531.887939
v 337.849457 321.624268 531.887939
v 337.849457 317.883453 531.887939
v 319.145905 317.883453 531.887939
v 300.442108 317.883453 531.887939
v 361.023804 264.313843 523.164246
v 361.023804 319.753845 523.164307
v 361.023804 375.193878 523.164307
v 202.238281 266.046265 537.633545
v 202.238281 319.753845 537.633606
v 202.238281 373.461426 537.633606
v 356.553223 266.518677 524.809326
v 356.553223 319.753845 524.809326
v 356.553223 372.989044 524.809326
v 357.950317 211.905487 541.370056
v 358.858398 211.009933 541.645813
v 359.906067 209.976395 541.924255
v 366.735809 203.161880 523.164246
v 369.311798 200.585876 523.164246
v 371.887817 198.009872 523.164246
v 202.238281 266.046265 538.901611
v 202.238281 319.753845 538.901428
v 202.238281 373.461426 538.901428
v 239.290344 208.873871 542.204285
v 279.868164 208.873871 542.204285
v 320.445984 208.873871 542.204285
v 361.023804 264.313843 542.204285
v 361.023804 319.753845 542.204285
v 361.023804 375.193878 542.204285
v 241.525635 426.224182 525.534241
v 279.868164 426.224182 525.534241
v 318.210693 426.224182 525.534241
v 202.133224 212.233643 537.947388
v 202.098267 212.198700 538.267700
v 202.133224 212.233643 538.588013
v 365.503815 262.073853 538.844299
v 365.503815 319.753845 538.844299
v 365.503815 377.433868 538.844299
v 203.183334 266.518677 529.109253
v 203.183334 319.753845 529.109253
v 203.183334 372.989044 529.109253
v 237.050354 435.113831 538.844299
v 279.868164 435.113831 538.844299
v 322.685974 435.113831 538.844299
v 194.232513 262.073853 541.084290
v 194.232513 319.753845 541.084290
v 194.232513 377.433868 541.084290
v 193.112518 203.273865 538.844299
v 191.992523 202.153870 538.844299
v 190.872513 201.033875 538.844299
v 241.525635 213.283524 525.534180
v 279.868164 213.283524 525.534180
v 318.210693 213.283524 525.534180
v 356.553223 213.283524 524.990540
v 356.553223 213.283524 525.171753
v 356.553223 213.283524 525.352966
v 364.159821 262.745850 523.164246
v 364.159821 319.753845 523.164307
v 364.159821 376.761871 523.164307
v 366.623810 203.273865 538.844238
v 367.743805 202.153870 538.844238
v 368.863831 201.033875 538.844238
v 365.503815 262.073853 541.084290
v 365.503815 319.753845 541.084290
v 365.503815 377.433868 541.084290
v 277.325775 348.278229 532.684265
v 277.325775 374.260223 532.684326
v 277.325775 400.242218 532.684326
v 281.906555 213.283524 532.087097
v 282.074554 213.283524 532.286194
v 282.242554 213.283524 532.485352
v 277.493774 213.283524 532.485352
v 277.661774 213.283524 532.286194
v 277.829773 213.283524 532.087097
v 277.829773 426.224182 532.087158
v 277.661774 426.224182 532.286255
v 277.493774 426.224182 532.485413
v 282.242554 426.224182 532.485413
v 282.074554 426.224182 532.286255
v 281.906555 426.224182 532.087158
v 277.829773 321.792267 532.087097
v 277.661774 321.960236 532.286255
v 277.493774 322.128265 532.485352
v 204.222916 317.715454 532.087097
v 204.222916 317.547485 532.286255
v 204.222916 317.379456 532.485352
v 356.553223 321.792267 532.087097
v 356.553223 321.960236 532.286255
v 356.553223 322.128265 532.485352
v 356.553223 317.379456 532.485352
v 356.553223 317.547485 532.286255
v 356.553223 317.715454 532.087097
v 281.738556 318.818634 533.480591
v 281.738556 319.753845 533.480591
v 281.738556 320.689056 533.480591
v 277.997772 320.689056 533.480591
v 277.997772 319.753845 533.480591
v 277.997772 318.818634 533.480591
v 278.932953 317.883453 533.480591
v 279.868164 317.883453 533.480591
v 280.803375 317.883453 533.480591
v 278.932953 321.624268 533.480591
v 279.868164 321.624268 533.480591
v 280.803375 321.624268 533.480591
v 278.932953 426.224182 533.480652
v 279.868164 426.224182 533.480652
v 280.803375 426.224182 533.480652
v 281.738556 347.774231 533.480591
v 281.738556 373.924225 533.480591
v 281.738556 400.074219 533.480652
v 277.997772 400.074219 533.480652
v 277.997772 373.924225 533.480591
v 277.997772 347.774231 533.480591
v 278.932953 213.283524 533.480591
v 279.868164 213.283524 533.480591
v 280.803375 213.283524 533.480591
v 277.997772 291.733459 533.480591
v 277.997772 265.583466 533.480591
v 277.997772 239.433517 533.480591
v 281.738556 239.433517 533.480591
v 281.738556 265.583466 533.480591
v 281.738556 291.733459 533.480591
v 204.222916 320.689056 533.480591
v 204.222916 319.753845 533.480591
v 204.222916 318.818634 533.480591
v 259.554047 321.624268 533.480591
v 241.110352 321.624268 533.480591
v 222.666626 321.624268 533.480591
v 222.666626 317.883453 533.480591
v 241.110352 317.883453 533.480591
v 259.554047 317.883453 533.480591
v 356.553223 318.818634 533.480591
v 356.553223 319.753845 533.480591
v 356.553223 320.689056 533.480591
v 300.442108 317.883453 533.480591
v 319.145905 317.883453 533.480591
v 337.849457 317.883453 533.480591
v 337.849457 321.624268 533.480591
v 319.145905 321.624268 533.480591
v 300.442108 321.624268 533.480591
v 281.906555 321.792267 533.281494
v 282.074554 321.960236 533.082581
v 282.242554 322.128265 532.883423
v 277.829773 317.715454 533.281494
v 277.661774 317.547485 533.082581
v 277.493774 317.379456 532.883423
v 282.242554 317.379456 532.883423
v 282.074554 317.547485 533.082581
v 281.906555 317.715454 533.281494
v 204.222916 321.792267 533.281494
v 204.222916 321.960236 533.082581
v 204.222916 322.128265 532.883423
v 282.410553 291.229492 532.684265
v 282.410553 265.247498 532.684265
v 282.410553 239.265503 532.684265
v 277.325775 239.265503 532.684265
v 277.325775 265.247498 532.684265
v 277.325775 291.229492 532.684265
v 282.410553 400.242218 532.684326
v 282.410553 374.260223 532.684326
v 282.410553 348.278229 532.684265
v 259.050049 317.211456 532.684265
v 240.774338 317.211456 532.684265
v 222.498627 317.211456 532.684265
v 222.498627 322.296265 532.684265
v 240.774338 322.296265 532.684265
v 259.050049 322.296265 532.684265
v 300.946106 322.296265 532.684265
v 319.481903 322.296265 532.684265
v 338.017456 322.296265 532.684265
v 338.017456 317.211456 532.684265
v 319.481903 317.211456 532.684265
v 300.946106 317.211456 532.684265
v 281.906555 317.715454 532.087097
v 282.074554 317.547485 532.286255
v 282.242554 317.379456 532.485352
v 277.493774 317.379456 532.485352
v 277.661774 317.547485 532.286255
v 277.829773 317.715454 532.087097
v 282.242554 322.128265 532.485352
v 282.074554 321.960236 532.286255
v 281.906555 321.792267 532.087097
v 204.222916 322.128265 532.485413
v 204.222916 321.960236 532.286255
v 204.222916 321.792267 532.087097
v 281.906555 426.224182 533.281494
v 282.074554 426.224182 533.082581
v 282.242554 426.224182 532.883423
v 277.493774 426.224182 532.883423
v 277.661774 426.224182 533.082581
v 277.829773 426.224182 533.281494
v 277.493774 322.128265 532.883423
v 277.661774 321.960236 533.082581
v 277.829773 321.792267 533.281494
v 277.829773 213.283524 533.281677
v 277.661774 213.283524 533.082520
v 277.493774 213.283524 532.883423
v 282.242554 213.283524 532.883423
v 282.074554 213.283524 533.082520
v 281.906555 213.283524 533.281677
v 204.222916 317.379456 532.883423
v 204.222916 317.547485 533.082581
v 204.222916 317.715454 533.281494
v 356.553223 317.715454 533.281494
v 356.553223 317.547485 533.082581
v 356.553223 317.379456 532.883423
v 356.553223 322.128265 532.883423
v 356.553223 321.960236 533.082581
v 356.553223 321.792267 533.281494
v 357.603088 427.274078 527.642090
v 357.638062 427.309021 527.321777
v 357.603088 427.274078 527.001404
v 356.553223 213.283524 530.952087
v 356.553223 213.283524 532.794678
v 356.553223 213.283524 534.637329
v 356.553223 266.518677 529.109253
v 356.553223 319.753845 529.109253
v 356.553223 372.989044 529.109253
v 241.525635 426.224182 536.479980
v 279.868164 426.224182 536.479980
v 318.210693 426.224182 536.479980
v 357.603088 212.233643 537.947388
v 357.638062 212.198700 538.267700
v 357.603088 212.233643 538.588013
v 356.553223 426.224182 534.637390
v 356.553223 426.224182 532.794739
v 356.553223 426.224182 530.951904
v 356.553223 266.518677 536.479980
v 356.553223 319.753845 536.479980
v 356.553223 372.989044 536.479980
v 357.498047 266.046265 526.687805
v 357.498047 319.753845 526.687805
v 357.498047 373.461426 526.687805
v 357.498047 266.046265 538.901611
v 357.498047 319.753845 538.901428
v 357.498047 373.461426 538.901428
v 357.498047 266.046265 527.955627
v 357.498047 319.753845 527.955627
v 357.498047 373.461426 527.955627
v 241.053223 427.169006 527.955688
v 279.868164 427.169006 527.955688
v 318.683105 427.169006 527.955688
v 357.498047 266.046265 537.633545
v 357.498047 319.753845 537.633545
v 357.498047 373.461426 537.633606
v 357.323120 426.994080 526.387695
v 357.095520 426.766724 526.097595
v 356.833221 426.504181 525.814209
v 356.833221 213.003540 525.814209
v 357.095520 212.740997 526.097534
v 357.323120 212.513641 526.387634
v 357.323120 212.513641 539.201782
v 357.113220 212.723526 539.490295
v 356.903107 212.933624 539.769409
v 356.903107 426.574066 539.769409
v 357.113220 426.784210 539.490295
v 357.323120 426.994080 539.201599
v 357.323120 212.513641 528.255798
v 357.095520 212.740997 528.545837
v 356.833221 213.003540 528.829224
v 356.833221 426.504181 528.829285
v 357.095520 426.766724 528.545898
v 357.323120 426.994080 528.255798
v 356.833221 426.504181 536.760010
v 357.095520 426.766724 537.043335
v 357.323120 426.994080 537.333435
v 189.752518 199.913864 530.444275
v 189.752518 199.913864 533.244263
v 189.752518 199.913864 536.044250
v 357.323120 212.513641 537.333618
v 357.095520 212.740997 537.043518
v 356.833221 213.003540 536.760132
v 202.903778 426.499695 540.832764
v 203.095978 426.310455 540.569763
v 203.113220 426.294067 540.306824
v 202.133224 427.274078 537.947205
v 202.098267 427.309021 538.267517
v 202.133224 427.274078 538.587830
v 195.352524 433.993835 541.364319
v 196.472519 432.873840 541.644348
v 197.592514 431.753845 541.924316
v 199.830276 429.531342 541.924316
v 200.877930 428.497772 541.645874
v 201.786026 427.602234 541.370117
v 194.232513 204.393875 540.524292
v 194.232513 204.393875 539.964294
v 194.232513 204.393875 539.404297
v 188.632523 440.713837 527.644348
v 187.512512 441.833862 527.644348
v 186.392517 442.953827 527.644348
v 189.752518 259.833862 527.644287
v 189.752518 319.753845 527.644287
v 189.752518 379.673859 527.644287
v 185.272522 444.073883 526.524353
v 185.272522 444.073883 525.404297
v 185.272522 444.073883 524.284302
v 185.272522 257.593872 523.164307
v 185.272522 319.753845 523.164307
v 185.272522 381.913849 523.164307
v 199.830276 209.976395 523.575562
v 200.947815 211.078705 523.986816
v 202.065567 212.181229 524.398071
v 202.133224 212.233643 527.001404
v 202.098267 212.198700 527.321716
v 202.133224 212.233643 527.642029
v 196.360519 206.521866 523.164246
v 197.144516 207.305862 523.164246
v 197.928513 208.089859 523.164246
v 202.903778 213.008011 540.832703
v 203.095978 213.197296 540.569763
v 203.113220 213.213654 540.306763
v 241.525635 426.224182 524.809387
v 279.868164 426.224182 524.809387
v 318.210693 426.224182 524.809387
v 239.290344 208.873871 523.164246
v 279.868164 208.873871 523.164246
v 320.445984 208.873871 523.164246
v 241.525635 213.283524 524.809326
v 279.868164 213.283524 524.809326
v 318.210693 213.283524 524.809326
v 234.810349 439.593872 538.844299
v 279.868164 439.593872 538.844299
v 324.925995 439.593872 538.844299
v 232.570343 195.433868 527.644287
v 279.868164 195.433868 527.644287
v 327.165985 195.433868 527.644287
v 241.176422 212.594498 541.098633
v 279.868164 212.594498 541.098633
v 318.559906 212.594498 541.098572
v 241.438278 213.108597 540.040894
v 279.868164 213.108597 540.040894
v 318.298065 213.108597 540.040894
v 237.722336 205.737869 523.164246
v 279.868164 205.737869 523.164246
v 322.013977 205.737869 523.164246
v 241.053223 212.338699 526.687805
v 279.868164 212.338699 526.687805
v 318.683105 212.338699 526.687805
v 241.525635 213.283524 536.480164
v 279.868164 213.283524 536.480164
v 318.210693 213.283524 536.480164
v 241.053223 212.338699 527.955627
v 279.868164 212.338699 527.955627
v 318.683105 212.338699 527.955627
v 190.872513 438.473846 538.844299
v 191.992523 437.353882 538.844299
v 193.112518 436.233826 538.844299
v 203.183334 213.283524 524.990540
v 203.183334 213.283524 525.171753
v 203.183334 213.283524 525.352966
v 199.830276 209.976395 541.924255
v 200.877930 211.009933 541.645813
v 201.786026 211.905487 541.370117
v 203.183334 426.224182 524.990601
v 203.183334 426.224182 525.171814
v 203.183334 426.224182 525.353027
v 202.413223 212.513641 526.387634
v 202.640808 212.740997 526.097534
v 202.903107 213.003540 525.814209
v 198.712509 264.313843 542.204285
v 198.712509 319.753845 542.204285
v 198.712509 375.193878 542.204285
v 194.232513 262.073853 538.844299
v 194.232513 319.753845 538.844299
v 194.232513 377.433868 538.844299
v 241.053223 427.169006 526.687866
v 279.868164 427.169006 526.687805
v 318.683105 427.169006 526.687805
v 232.570343 195.433868 523.164246
v 279.868164 195.433868 523.164246
v 327.165985 195.433868 523.164246
v 241.176422 426.913208 541.098633
v 279.868164 426.913208 541.098633
v 318.559906 426.913208 541.098633
v 202.238281 266.046265 527.955627
v 202.238281 319.753845 527.955627
v 202.238281 373.461426 527.955688
v 234.810349 199.913864 538.844238
v 279.868164 199.913864 538.844238
v 324.925995 199.913864 538.844238
v 239.290344 430.633850 523.164307
v 279.868164 430.633850 523.164307
v 320.445984 430.633850 523.164307
v 202.238281 266.046265 526.687805
v 202.238281 319.753845 526.687805
v 202.238281 373.461426 526.687805
v 237.050354 204.393875 538.844238
v 279.868164 204.393875 538.844238
v 322.685974 204.393875 538.844238
v 203.183334 266.518677 536.479980
v 203.183334 319.753845 536.479980
v 203.183334 372.989044 536.479980
v 234.810333 199.913864 527.644287
v 279.868164 199.913864 527.644287
v 324.925995 199.913864 527.644287
v 202.413223 212.513641 537.333618
v 202.640808 212.740997 537.043518
v 202.903107 213.003540 536.760193
v 239.290344 430.633850 542.204346
v 279.868164 430.633850 542.204346
v 320.445984 430.633850 542.204346
v 202.903107 426.504181 536.760010
v 202.640808 426.766724 537.043335
v 202.413223 426.994080 537.333435
v 234.810333 439.593872 527.644348
v 279.868164 439.593872 527.644287
v 324.925995 439.593872 527.644287
v 241.525635 213.283524 529.109253
v 279.868164 213.283524 529.109253
v 318.210693 213.283524 529.109253
v 241.053223 427.169006 537.633606
v 279.868164 427.169006 537.633606
v 318.683105 427.169006 537.633606
v 241.053223 212.338699 538.901611
v 279.868164 212.338699 538.901611
v 318.683105 212.338699 538.901611
v 237.050354 435.113831 541.084351
v 279.868164 435.113831 541.084290
v 322.685974 435.113831 541.084290
v 232.570343 444.073883 523.164307
v 279.868164 444.073883 523.164307
v 327.165985 444.073883 523.164307
v 237.050354 204.393875 541.084290
v 279.868164 204.393875 541.084290
v 322.685974 204.393875 541.084290
v 241.053223 212.338699 537.633789
v 279.868164 212.338699 537.633789
v 318.683105 212.338699 537.633789
v 199.830276 429.531342 523.575562
v 200.947815 428.429016 523.986877
v 202.065567 427.326477 524.398132
v 185.272522 257.593872 527.644287
v 185.272522 319.753845 527.644287
v 185.272522 381.913849 527.644287
v 193.000519 436.345856 523.164307
v 190.424530 438.921875 523.164307
v 187.848511 441.497833 523.164307
v 189.752518 259.833862 538.844299
v 189.752518 319.753845 538.844299
v 189.752518 379.673859 538.844299
v 202.413223 212.513641 539.201782
v 202.623337 212.723526 539.490295
v 202.833221 212.933624 539.769409
v 202.413223 212.513641 528.255798
v 202.640808 212.740997 528.545898
v 202.903107 213.003540 528.829224
v 202.413223 426.994080 526.387695
v 202.640808 426.766724 526.097595
v 202.903107 426.504181 525.814270
v 202.903107 426.504181 528.829285
v 202.640808 426.766724 528.545898
v 202.413223 426.994080 528.255859
v 202.133224 427.274078 527.642090
v 202.098267 427.309021 527.321777
v 202.133224 427.274078 527.001465
v 203.183334 213.283524 530.952087
v 203.183334 213.283524 532.794678
v 203.183334 213.283524 534.637329
v 195.576508 262.745850 523.164307
v 195.576508 319.753845 523.164307
v 195.576508 376.761871 523.164307
v 203.183334 426.224182 534.637390
v 203.183334 426.224182 532.794739
v 203.183334 426.224182 530.951904
v 194.232513 435.113831 540.524353
v 194.232513 435.113831 539.964355
v 194.232513 435.113831 539.404297
v 202.484680 266.174164 541.098633
v 202.484680 319.753845 541.098633
v 202.484680 373.333527 541.098633
v 189.752518 439.593872 536.044312
v 189.752518 439.593872 533.244324
v 189.752518 439.593872 530.444336
v 195.352524 205.513870 541.364258
v 196.472519 206.633865 541.644287
v 197.592514 207.753876 541.924255
v 241.525635 426.224182 529.109253
v 279.868164 426.224182 529.109253
v 318.210693 426.224182 529.109253
v 232.570343 444.073883 527.644348
v 279.868164 444.073883 527.644287
v 327.165985 444.073883 527.644287
v 241.053223 427.169006 538.901428
v 279.868164 427.169006 538.901428
v 318.683105 427.169006 538.901428
v 241.438278 426.399139 540.040894
v 279.868164 426.399139 540.040894
v 318.298065 426.399139 540.040894
v 203.183334 266.518677 525.534180
v 203.183334 319.753845 525.534241
v 203.183334 372.989044 525.534241
v 203.008163 266.431335 540.040894
v 203.008163 319.753845 540.040894
v 203.008163 373.076385 540.040894
v 196.360519 432.985870 523.164307
v 197.144516 432.201874 523.164307
v 197.928513 431.417847 523.164307
v 185.272522 195.433868 524.284241
v 185.272522 195.433868 525.404297
v 185.272522 195.433868 526.524292
v 198.712509 264.313843 523.164307
v 198.712509 319.753845 523.164307
v 198.712509 375.193878 523.164307
v 203.183334 266.518677 524.809326
v 203.183334 319.753845 524.809326
v 203.183334 372.989044 524.809387
v 186.392517 196.553864 527.644287
v 187.512512 197.673874 527.644287
v 188.632523 198.793869 527.644287
v 193.000519 203.161880 523.164246
v 190.424530 200.585876 523.164246
v 187.848511 198.009872 523.164246
v 194.204514 315.406464 523.164307
v 193.989700 314.570740 523.164307
v 193.593445 313.991699 523.164307
v 187.493927 324.101227 523.164307
v 187.708740 324.936981 523.164307
v 188.105011 325.516022 523.164307
v 189.720490 326.116577 523.164307
v 190.849213 326.191833 523.164307
v 191.977951 326.116577 523.164307
v 189.720490 313.391144 523.164307
v 190.849213 313.316101 523.164307
v 191.977951 313.391144 523.164307
v 193.868958 315.841217 522.211853
v 193.675659 315.089050 522.211853
v 193.319046 314.568024 522.211853
v 187.829468 323.666443 522.211853
v 188.022797 324.418854 522.211853
v 188.379395 324.939880 522.211853
v 189.833374 325.480408 522.211853
v 190.849213 325.548035 522.211853
v 191.865067 325.480408 522.211853
v 189.833374 314.027313 522.211853
v 190.849213 313.959869 522.211853
v 191.865067 314.027313 522.211853
v 188.804550 325.738007 522.926208
v 188.856964 325.584595 522.688049
v 188.909607 325.431152 522.449951
v 188.909607 314.076569 522.449951
v 188.856964 313.923126 522.688049
v 188.804550 313.769684 522.926208
v 192.893890 325.738007 522.926208
v 192.841476 325.584595 522.688049
v 192.789062 325.431152 522.449951
v 192.789062 314.076569 522.449951
v 192.841476 313.923126 522.688049
v 192.893890 313.769684 522.926208
v 194.204514 324.101227 523.164307
v 193.989700 324.936981 523.164307
v 193.593445 325.516022 523.164307
v 194.370285 318.062408 523.164307
v 194.391113 319.753845 523.164307
v 194.370285 321.445496 523.164307
v 187.493927 315.406464 523.164307
v 187.708740 314.570740 523.164307
v 188.105011 313.991699 523.164307
v 187.328156 321.445496 523.164307
v 187.307343 319.753845 523.164307
v 187.328156 318.062408 523.164307
v 193.868958 323.666443 522.211853
v 193.675659 324.418854 522.211853
v 193.319046 324.939880 522.211853
v 194.018372 318.231537 522.211853
v 194.036972 319.753845 522.211853
v 194.018372 321.276154 522.211853
v 187.829468 315.841217 522.211853
v 188.022797 315.089050 522.211853
v 188.379395 314.568024 522.211853
v 187.680298 321.276154 522.211853
v 187.661469 319.753845 522.211853
v 187.680298 318.231537 522.211853
v 189.292648 316.872772 522.211853
v 190.849213 316.872772 522.211853
v 192.405792 316.872772 522.211853
v 189.292648 322.634949 522.211853
v 190.849213 322.634949 522.211853
v 192.405792 322.634949 522.211853
v 187.476685 316.632629 522.926208
v 187.563141 316.712585 522.688049
v 187.649597 316.792786 522.449951
v 187.476685 322.875061 522.926208
v 187.563141 322.795074 522.688049
v 187.649597 322.715118 522.449951
v 194.221771 322.875061 522.926208
v 194.135300 322.795074 522.688049
v 194.048828 322.715118 522.449951
v 194.221771 316.632629 522.926208
v 194.135300 316.712585 522.688049
v 194.048828 316.792786 522.449951
v 376.738312 198.208786 525.768921
v 376.419800 198.208786 526.000305
v 376.025970 198.208786 526.000305
v 375.707458 198.208786 525.768921
v 375.585815 198.208786 525.394409
v 375.707458 198.208786 525.020081
v 376.025970 198.208786 524.788696
v 376.419800 198.208786 524.788696
v 376.738312 198.208786 525.020081
v 376.859924 198.208786 525.394409
v 376.823425 199.986221 525.830750
v 376.452271 199.986221 526.100464
v 375.993500 199.986221 526.100464
v 375.622345 199.986221 525.830750
v 375.480530 199.986221 525.394409
v 375.622345 199.986221 524.958252
v 375.993500 199.986221 524.688599
v 376.452271 199.986221 524.688599
v 376.823425 199.986221 524.958252
v 376.965210 199.986221 525.394409
v 374.401550 200.232605 524.429871
v 374.401550 213.302338 524.429871
v 376.651611 200.232605 526.862244
v 376.651611 213.302338 526.862305
v 377.718079 200.232605 525.394409
v 377.423309 200.232605 524.487427
v 375.628387 213.302338 523.926758
v 376.651611 213.302338 523.926758
v 377.423309 213.302338 526.301575
v 377.718079 213.302338 525.394409
v 374.401550 200.232605 526.359192
v 375.628387 213.302338 526.862305
v 377.423309 200.232605 526.301575
v 375.628387 200.232605 523.926758
v 376.651611 200.232605 523.926758
v 377.423309 213.302338 524.487427
v 374.401550 213.302338 526.359192
v 375.628387 200.232605 526.862244
v 374.401550 213.960007 524.627625
v 374.401550 213.960007 525.394409
v 376.553955 213.960007 526.561462
v 375.683502 213.960007 524.227600
v 376.553955 213.960007 524.227600
v 377.167480 213.960007 526.115662
v 377.401794 213.960007 525.394409
v 375.683502 213.960007 526.561462
v 377.167480 213.960007 524.673340
v 374.401550 213.960007 526.161377
v 374.401550 200.232605 525.394409
v 376.443726 199.094925 526.074036
v 376.711670 198.686356 525.749451
v 375.644745 199.094925 524.974426
v 375.618988 198.686356 525.394409
v 376.827026 198.686356 525.394409
v 376.002014 199.094925 524.714783
v 376.443726 199.094925 524.714783
v 376.801025 199.094925 524.974426
v 375.644745 199.094925 525.814636
v 376.036285 198.686356 525.968933
v 376.048157 200.232605 525.932007
v 375.765686 200.232605 525.726562
v 375.657715 200.232605 525.394409
v 375.765686 200.232605 525.062439
v 376.048157 200.232605 524.856995
v 376.397583 200.232605 524.856995
v 376.680054 200.232605 525.062439
v 376.788025 200.232605 525.394409
v 376.397583 200.232605 525.932007
v 376.680054 200.232605 525.726562
v 376.409485 198.686356 525.968933
v 376.801025 199.094925 525.814636
v 375.734344 198.686356 525.039368
v 375.508331 199.094925 525.394409
v 376.937439 199.094925 525.394409
v 376.036285 198.686356 524.820068
v 376.409485 198.686356 524.820068
v 376.711670 198.686356 525.039368
v 375.734344 198.686356 525.749451
v 376.002014 199.094925 526.074036
v 377.563293 428.455231 525.394470
v 376.603912 428.455231 524.073975
v 377.298096 428.455231 524.578430
v 375.745758 428.455231 524.073975
v 377.563293 439.532501 525.394470
v 374.926392 428.579132 524.487488
v 374.926392 439.408630 524.487488
v 374.631592 428.579132 525.394470
v 374.631592 439.408630 525.394470
v 375.051575 428.455231 526.210693
v 375.745758 439.532501 526.714905
v 376.651611 428.579132 526.862122
v 376.651611 439.408630 526.862122
v 377.298096 428.455231 526.210693
v 375.745758 439.532501 524.073975
v 376.603912 439.532501 524.073975
v 377.298096 439.532501 526.210693
v 377.298096 439.532501 524.578430
v 375.051575 439.532501 526.210693
v 375.745758 428.455231 526.714905
v 377.718079 428.579132 525.394470
v 377.423309 428.579132 524.487488
v 375.698059 439.408630 523.926819
v 376.651611 439.408630 523.926819
v 377.423309 439.408630 526.301636
v 377.718079 439.408630 525.394470
v 374.786377 428.455231 525.394470
v 375.051575 428.455231 524.578430
v 374.786377 439.532501 525.394470
v 375.051575 439.532501 524.578430
v 374.926392 428.579132 526.301636
v 376.603912 439.532501 526.714905
v 375.698059 439.408630 526.862122
v 376.603912 428.455231 526.714905
v 377.423309 428.579132 526.301636
v 375.698059 428.579132 523.926819
v 376.651611 428.579132 523.926819
v 377.423309 439.408630 524.487488
v 374.926392 439.408630 526.301636
v 375.698059 428.579132 526.862122
v 374.463806 444.073883 523.164307
v 361.023804 208.873871 523.164246
v 361.023804 430.633850 523.164307
v 202.238281 212.338699 537.633789
v 356.553223 213.283524 524.809326
v 356.553223 426.224182 524.809387
v 374.463806 444.073883 527.644287
v 369.983826 439.593872 527.644287
v 203.183334 426.224182 529.109253
v 203.183334 213.283524 529.109253
v 369.983826 439.593872 538.844299
v 365.503815 204.393875 538.844238
v 202.238281 427.169006 538.901428
v 202.238281 212.338699 538.901611
v 365.503815 435.113831 538.844299
v 365.503815 204.393875 541.084229
v 365.503815 435.113831 541.084290
v 361.023804 208.873871 542.204285
v 361.023804 430.633850 542.204285
v 357.251648 426.913208 541.098633
v 202.238281 427.169006 526.687866
v 364.159821 205.737869 523.164246
v 364.159821 433.769867 523.164307
v 356.553223 426.224182 525.534241
v 202.238281 427.169006 537.633606
v 356.728149 426.399139 540.040894
v 374.463806 195.433868 523.164246
v 189.752518 199.913864 538.844238
v 189.752518 199.913864 527.644287
v 185.272522 195.433868 523.164246
v 374.463806 195.433868 527.644226
v 203.008163 426.399139 540.040955
v 369.983826 199.913864 527.644226
v 369.983826 199.913864 538.844238
v 202.484680 426.913208 541.098633
v 198.712509 430.633850 542.204346
v 357.251648 212.594498 541.098572
v 356.553223 213.283524 525.534180
v 356.728149 213.108597 540.040894
v 277.997772 321.624268 531.888000
v 281.738556 321.624268 531.888000
v 281.738556 317.883453 531.887939
v 277.997772 317.883453 531.887939
v 281.738556 213.283524 531.887939
v 277.997772 213.283524 531.887939
v 277.997772 426.224182 531.888000
v 281.738556 426.224182 531.888000
v 204.222916 321.624268 531.888000
v 204.222916 317.883453 531.888000
v 356.553223 321.624268 531.887939
v 356.553223 317.883453 531.887939
v 277.325775 213.283524 532.684265
v 282.410553 213.283524 532.684265
v 277.325775 426.224182 532.684326
v 282.410553 426.224182 532.684326
v 277.325775 322.296265 532.684265
v 204.222916 317.211456 532.684265
v 356.553223 322.296265 532.684265
v 356.553223 317.211456 532.684265
v 277.997772 317.883453 533.480591
v 281.738556 317.883453 533.480591
v 281.738556 321.624268 533.480591
v 277.997772 321.624268 533.480591
v 281.738556 426.224182 533.480652
v 277.997772 426.224182 533.480652
v 277.997772 213.283524 533.480591
v 281.738556 213.283524 533.480591
v 204.222916 317.883453 533.480591
v 204.222916 321.624268 533.480591
v 356.553223 317.883453 533.480591
v 356.553223 321.624268 533.480591
v 282.410553 322.296265 532.684265
v 277.325775 317.211456 532.684265
v 282.410553 317.211456 532.684265
v 204.222916 322.296265 532.684326
v 194.232513 435.113831 541.084351
v 194.232513 204.393875 541.084290
v 194.232513 204.393875 538.844299
v 357.498047 427.169006 527.955688
v 357.498047 427.169006 537.633606
v 356.553223 213.283524 536.480164
v 357.498047 212.338699 527.955627
v 357.498047 212.338699 526.687805
v 357.498047 427.169006 526.687805
v 357.498047 212.338699 538.901611
v 357.498047 427.169006 538.901428
v 189.752518 439.593872 527.644348
v 185.272522 444.073883 527.644348
v 356.553223 213.283524 529.109192
v 356.553223 426.224182 529.109253
v 198.712509 430.633850 523.164307
v 356.553223 426.224182 536.479980
v 185.272522 444.073883 523.164307
v 357.498047 212.338699 537.633789
v 195.576508 433.769867 523.164307
v 198.712509 208.873871 542.204285
v 203.183334 426.224182 525.534241
v 194.232513 435.113831 538.844299
v 203.183334 213.283524 525.534180
v 203.183334 426.224182 536.479980
v 202.238281 427.169006 527.955688
v 203.183334 426.224182 524.809387
v 198.712509 208.873871 523.164246
v 203.183334 213.283524 524.809326
v 189.752518 439.593872 538.844299
v 185.272522 195.433868 527.644287
v 202.484680 212.594498 541.098633
v 203.008163 213.108597 540.040894
v 195.576508 205.737869 523.164246
v 203.183334 213.283524 536.480164
v 202.238281 212.338699 526.687805
v 202.238281 212.338699 527.955627
v 188.752136 325.891449 523.164307
v 192.946304 325.891449 523.164307
v 192.946304 313.616211 523.164307
v 188.752136 313.616211 523.164307
v 188.962021 325.277679 522.211853
v 192.736420 325.277679 522.211853
v 192.736420 314.230011 522.211853
v 188.962021 314.230011 522.211853
v 194.308228 322.955231 523.164307
v 194.308228 316.552673 523.164307
v 187.390228 316.552673 523.164307
v 187.390228 322.955231 523.164307
v 193.962372 322.634949 522.211853
v 193.962372 316.872772 522.211853
v 187.736053 316.872772 522.211853
v 187.736053 322.634949 522.211853
v 356.640350 319.753845 540.569763
v 356.640350 373.032257 540.569763
v 356.640350 426.310455 540.569763
v 356.640350 426.310455 540.569763
v 356.640350 426.310455 540.569763
v 356.640350 266.475464 540.569763
v 356.640350 213.197296 540.569702
v 356.640350 213.197296 540.569702
v 356.640350 213.197296 540.569702
v 279.868164 213.197296 540.569763
v 318.254364 213.197296 540.569702
v 241.481964 213.197296 540.569763
v 203.095978 213.197296 540.569763
v 203.095978 213.197296 540.569763
v 203.095978 213.197296 540.569763
v 279.868164 426.310455 540.569763
v 241.481964 426.310455 540.569763
v 203.095978 426.310455 540.569763
v 203.095978 426.310455 540.569763
v 203.095978 426.310455 540.569763
v 318.254364 426.310455 540.569763
v 203.095978 319.753845 540.569763
v 203.095978 266.475464 540.569763
v 203.095978 373.032257 540.569763
v 375.993500 199.986221 526.100464
v 375.886230 199.986221 526.055664
v 375.786987 199.986221 525.994690
v 375.698273 199.986221 525.919006
v 375.622345 199.986221 525.830750
v 375.561859 199.986221 525.731506
v 375.517517 199.986221 525.623779
v 375.489960 199.986221 525.510437
v 375.480530 199.986221 525.394409
v 375.489960 199.986221 525.278564
v 375.517517 199.986221 525.165222
v 375.561859 199.986221 525.057495
v 375.622345 199.986221 524.958252
v 375.698273 199.986221 524.869812
v 375.786987 199.986221 524.794312
v 375.886230 199.986221 524.733398
v 375.993500 199.986221 524.688599
v 376.106873 199.986221 524.661682
v 376.222900 199.986221 524.652710
v 376.339142 199.986221 524.661682
v 376.452271 199.986221 524.688599
v 376.559784 199.986221 524.733398
v 376.658997 199.986221 524.794312
v 376.747711 199.986221 524.869812
v 376.823425 199.986221 524.958252
v 376.883911 199.986221 525.057495
v 376.928467 199.986221 525.165222
v 376.955811 199.986221 525.278564
v 376.965210 199.986221 525.394409
v 376.452271 199.986221 526.100464
v 376.339142 199.986221 526.127319
v 376.222900 199.986221 526.136292
v 376.106873 199.986221 526.127319
v 376.823425 199.986221 525.830750
v 376.747711 199.986221 525.919006
v 376.658997 199.986221 525.994690
v 376.559784 199.986221 526.055664
v 376.955811 199.986221 525.510437
v 376.928467 199.986221 525.623779
v 376.883911 199.986221 525.731506
v 377.718079 200.232605 525.394409
v 377.698364 200.232605 525.153381
v 377.641479 200.232605 524.917969
v 377.549194 200.232605 524.693970
v 377.423309 200.232605 524.487427
v 375.628387 213.302338 523.926758
v 375.905457 213.302338 523.870972
v 376.167786 213.302338 523.852417
v 376.416199 213.302338 523.870972
v 376.651611 213.302338 523.926758
v 377.423309 213.302338 526.301575
v 377.549194 213.302338 526.094849
v 377.641479 213.302338 525.871094
v 377.698364 213.302338 525.635620
v 377.718079 213.302338 525.394409
v 376.651611 213.302338 526.862305
v 376.416199 213.302338 526.918030
v 376.167786 213.302338 526.936646
v 375.905457 213.302338 526.918030
v 375.628387 213.302338 526.862305
v 376.651611 200.232605 526.862244
v 376.874939 200.232605 526.769104
v 377.081238 200.232605 526.642090
v 377.265625 200.232605 526.485046
v 377.423309 200.232605 526.301575
v 375.628387 200.232605 523.926758
v 375.905457 200.232605 523.870972
v 376.167786 200.232605 523.852356
v 376.416199 200.232605 523.870972
v 376.651611 200.232605 523.926758
v 376.874939 200.232605 524.019958
v 377.081238 200.232605 524.146729
v 377.265625 200.232605 524.303711
v 376.874939 213.302338 524.019958
v 377.081238 213.302338 524.146729
v 377.265625 213.302338 524.303772
v 377.423309 213.302338 524.487427
v 374.401550 200.232605 524.429871
v 374.718048 200.232605 524.280884
v 375.030762 200.232605 524.141113
v 375.335388 200.232605 524.019958
v 374.401550 213.302338 524.429871
v 374.718048 213.302338 524.280884
v 375.030762 213.302338 524.141113
v 375.335388 213.302338 524.019958
v 374.401550 200.232605 526.359192
v 374.718048 200.232605 526.508118
v 375.030762 200.232605 526.647888
v 375.335388 200.232605 526.769104
v 375.628387 200.232605 526.862244
v 375.335388 213.302338 526.769104
v 375.030762 213.302338 526.647888
v 374.718048 213.302338 526.508118
v 374.401550 213.302338 526.359192
v 375.905457 200.232605 526.918030
v 376.167786 200.232605 526.936646
v 376.416199 200.232605 526.918030
v 377.265625 213.302338 526.485046
v 377.081238 213.302338 526.642090
v 376.874939 213.302338 526.769104
v 377.549194 213.302338 524.693970
v 377.641479 213.302338 524.917969
v 377.698364 213.302338 525.153381
v 377.698364 200.232605 525.635620
v 377.641479 200.232605 525.871094
v 377.549194 200.232605 526.094849
v 375.683502 213.960007 524.227600
v 375.937958 213.960007 524.183228
v 376.163513 213.960007 524.168457
v 376.366699 213.960007 524.183228
v 376.553955 213.960007 524.227600
v 377.167480 213.960007 526.115662
v 377.267639 213.960007 525.951477
v 377.340881 213.960007 525.773438
v 377.386108 213.960007 525.586121
v 377.401794 213.960007 525.394409
v 374.401550 213.960007 524.627625
v 376.553955 213.960007 526.561462
v 376.366699 213.960007 526.605774
v 376.163513 213.960007 526.620605
v 375.937958 213.960007 526.605774
v 375.683502 213.960007 526.561462
v 376.731598 213.960007 524.301758
v 376.895569 213.960007 524.402527
v 377.042053 213.960007 524.527283
v 377.167480 213.960007 524.673340
v 374.744049 213.960007 524.509155
v 375.077789 213.960007 524.398071
v 375.393860 213.960007 524.301758
v 374.401550 213.960007 526.161377
v 375.393860 213.960007 526.487305
v 375.077789 213.960007 526.390991
v 374.744049 213.960007 526.279846
v 377.042053 213.960007 526.261719
v 376.895569 213.960007 526.386475
v 376.731598 213.960007 526.487305
v 377.267639 213.960007 524.837524
v 377.340881 213.960007 525.015625
v 377.386108 213.960007 525.202637
v 376.409485 198.686356 525.968933
v 376.496826 198.686356 525.932434
v 376.577698 198.686356 525.882690
v 376.649841 198.686356 525.821350
v 376.711670 198.686356 525.749451
v 375.734344 198.686356 525.039368
v 375.685059 198.686356 525.120422
v 375.648773 198.686356 525.208008
v 375.626587 198.686356 525.300110
v 375.618988 198.686356 525.394409
v 376.760925 198.686356 525.668579
v 376.796997 198.686356 525.580994
v 376.819183 198.686356 525.488953
v 376.827026 198.686356 525.394409
v 376.036285 198.686356 524.820068
v 375.948914 198.686356 524.856567
v 375.868073 198.686356 524.906067
v 375.795959 198.686356 524.967651
v 376.409485 198.686356 524.820068
v 376.317413 198.686356 524.798096
v 376.222900 198.686356 524.790955
v 376.128357 198.686356 524.798096
v 376.711670 198.686356 525.039368
v 376.649841 198.686356 524.967651
v 376.577698 198.686356 524.906067
v 376.496826 198.686356 524.856567
v 376.819183 198.686356 525.300110
v 376.796997 198.686356 525.208008
v 376.760925 198.686356 525.120422
v 375.734344 198.686356 525.749451
v 375.795959 198.686356 525.821350
v 375.868073 198.686356 525.882690
v 375.948914 198.686356 525.932434
v 376.036285 198.686356 525.968933
v 376.128357 198.686356 525.990906
v 376.222900 198.686356 525.998047
v 376.317413 198.686356 525.990906
v 375.626587 198.686356 525.488953
v 375.648773 198.686356 525.580994
v 375.685059 198.686356 525.668579
v 376.443726 199.094925 526.074036
v 376.547028 199.094925 526.031006
v 376.642670 199.094925 525.972290
v 376.727997 199.094925 525.899536
v 376.801025 199.094925 525.814636
v 375.644745 199.094925 524.974426
v 375.586487 199.094925 525.070068
v 375.543701 199.094925 525.173767
v 375.517273 199.094925 525.282837
v 375.508331 199.094925 525.394409
v 376.859253 199.094925 525.718750
v 376.902069 199.094925 525.615234
v 376.928467 199.094925 525.506165
v 376.937439 199.094925 525.394409
v 376.002014 199.094925 524.714783
v 375.898743 199.094925 524.757996
v 375.803101 199.094925 524.816711
v 375.717773 199.094925 524.889526
v 376.443726 199.094925 524.714783
v 376.334656 199.094925 524.689026
v 376.222900 199.094925 524.680298
v 376.111115 199.094925 524.689026
v 376.801025 199.094925 524.974426
v 376.727997 199.094925 524.889526
v 376.642670 199.094925 524.816711
v 376.547028 199.094925 524.757996
v 376.928467 199.094925 525.282837
v 376.902069 199.094925 525.173767
v 376.859253 199.094925 525.070068
v 375.644745 199.094925 525.814636
v 375.717773 199.094925 525.899536
v 375.803101 199.094925 525.972290
v 375.898743 199.094925 526.031006
v 376.002014 199.094925 526.074036
v 376.111115 199.094925 526.099976
v 376.222900 199.094925 526.108765
v 376.334656 199.094925 526.099976
v 375.517273 199.094925 525.506165
v 375.543701 199.094925 525.615234
v 375.586487 199.094925 525.718750
v 377.718079 428.579132 525.394470
v 377.698364 428.579132 525.153442
v 377.641479 428.579132 524.918030
v 377.549194 428.579132 524.694031
v 377.423309 428.579132 524.487488
v 375.698059 439.408630 523.926819
v 375.933258 439.408630 523.871033
v 376.174713 439.408630 523.852234
v 376.416199 439.408630 523.871033
v 376.651611 439.408630 523.926819
v 377.423309 439.408630 526.301636
v 377.549194 439.408630 526.094910
v 377.641479 439.408630 525.871094
v 377.698364 439.408630 525.635681
v 377.718079 439.408630 525.394470
v 374.631592 428.579132 525.394470
v 374.651306 428.579132 525.153442
v 374.708191 428.579132 524.918030
v 374.800476 428.579132 524.694031
v 374.926392 428.579132 524.487488
v 374.631592 439.408630 525.394470
v 374.651306 439.408630 525.153442
v 374.708191 439.408630 524.918030
v 374.800476 439.408630 524.694031
v 374.926392 439.408630 524.487488
v 374.926392 428.579132 526.301636
v 374.800476 428.579132 526.094910
v 374.708191 428.579132 525.871094
v 374.651306 428.579132 525.635681
v 376.651611 439.408630 526.862122
v 376.416199 439.408630 526.918091
v 376.174713 439.408630 526.936707
v 375.933258 439.408630 526.918091
v 375.698059 439.408630 526.862122
v 376.651611 428.579132 526.862122
v 376.874939 428.579132 526.769165
v 377.081238 428.579132 526.642151
v 377.265625 428.579132 526.485107
v 377.423309 428.579132 526.301636
v 375.698059 428.579132 523.926819
v 375.933258 428.579132 523.871033
v 376.174713 428.579132 523.852234
v 376.416199 428.579132 523.871033
v 376.651611 428.579132 523.926819
v 376.874939 428.579132 524.019958
v 377.081238 428.579132 524.146790
v 377.265625 428.579132 524.303772
v 376.874939 439.408630 524.019958
v 377.081238 439.408630 524.146790
v 377.265625 439.408630 524.303772
v 377.423309 439.408630 524.487488
v 375.083862 428.579132 524.303772
v 375.268433 428.579132 524.146790
v 375.474731 428.579132 524.019958
v 375.083862 439.408630 524.303772
v 375.268433 439.408630 524.146790
v 375.474731 439.408630 524.019958
v 374.926392 439.408630 526.301636
v 374.800476 439.408630 526.094910
v 374.708191 439.408630 525.871094
v 374.651306 439.408630 525.635681
v 375.083862 428.579132 526.485107
v 375.268433 428.579132 526.642151
v 375.474731 428.579132 526.769165
v 375.698059 428.579132 526.862122
v 375.474731 439.408630 526.769165
v 375.268433 439.408630 526.642151
v 375.083862 439.408630 526.485107
v 375.933258 428.579132 526.918091
v 376.174713 428.579132 526.936707
v 376.416199 428.579132 526.918091
v 377.265625 439.408630 526.485107
v 377.081238 439.408630 526.642151
v 376.874939 439.408630 526.769165
v 377.549194 439.408630 524.694031
v 377.641479 439.408630 524.918030
v 377.698364 439.408630 525.153442
v 377.698364 428.579132 525.635681
v 377.641479 428.579132 525.871094
v 377.549194 428.579132 526.094910
v 374.463806 195.433868 523.164246
v 374.463806 195.433868 523.164246
v 374.463806 195.433868 523.164246
v 374.463806 257.593872 523.164246
v 374.463806 319.753845 523.164307
v 374.463806 381.913849 523.164307
v 374.463806 444.073883 523.164307
v 374.463806 444.073883 523.164307
v 374.463806 444.073883 523.164307
v 364.159821 205.737869 523.164246
v 364.159821 205.737869 523.164246
v 364.159821 205.737869 523.164246
v 363.375793 206.521866 523.164246
v 362.591797 207.305862 523.164246
v 361.807800 208.089859 523.164246
v 361.023804 208.873871 523.164246
v 361.023804 208.873871 523.164246
v 361.023804 208.873871 523.164246
v 364.159821 433.769867 523.164307
v 364.159821 433.769867 523.164307
v 364.159821 433.769867 523.164307
v 366.735809 436.345856 523.164307
v 369.311798 438.921875 523.164307
v 371.887817 441.497833 523.164307
v 356.553223 213.283524 524.809326
v 356.553223 213.283524 524.809326
v 356.553223 213.283524 524.809326
v 357.670776 212.181229 524.398071
v 358.788513 211.078705 523.986755
v 359.906067 209.976395 523.575500
v 361.023804 430.633850 523.164307
v 361.023804 430.633850 523.164307
v 361.023804 430.633850 523.164307
v 359.906067 429.531342 523.575562
v 358.788513 428.429016 523.986816
v 357.670776 427.326477 524.398071
v 356.553223 426.224182 524.809387
v 356.553223 426.224182 524.809387
v 356.553223 426.224182 524.809387
v 374.463806 195.433868 527.644226
v 374.463806 195.433868 527.644226
v 374.463806 195.433868 527.644226
v 374.463806 257.593872 527.644287
v 374.463806 319.753845 527.644287
v 374.463806 381.913849 527.644287
v 374.463806 444.073883 527.644287
v 374.463806 444.073883 527.644287
v 374.463806 444.073883 527.644287
v 374.463806 444.073883 526.524292
v 374.463806 444.073883 525.404297
v 374.463806 444.073883 524.284302
v 369.983826 199.913864 527.644226
v 369.983826 199.913864 527.644226
v 369.983826 199.913864 527.644226
v 369.983826 259.833862 527.644287
v 369.983826 319.753845 527.644287
v 369.983826 379.673859 527.644287
v 369.983826 439.593872 527.644287
v 369.983826 439.593872 527.644287
v 369.983826 439.593872 527.644287
v 371.103821 440.713837 527.644287
v 372.223816 441.833862 527.644287
v 373.343811 442.953827 527.644287
v 369.983826 199.913864 538.844238
v 369.983826 199.913864 538.844238
v 369.983826 259.833862 538.844299
v 369.983826 319.753845 538.844299
v 369.983826 379.673859 538.844299
v 369.983826 439.593872 538.844299
v 369.983826 439.593872 538.844299
v 369.983826 439.593872 536.044312
v 369.983826 439.593872 533.244324
v 369.983826 439.593872 530.444336
v 365.503815 435.113831 541.084290
v 365.503815 435.113831 541.084290
v 365.503815 435.113831 540.524292
v 365.503815 435.113831 539.964294
v 365.503815 435.113831 539.404297
v 365.503815 435.113831 538.844299
v 365.503815 435.113831 538.844299
v 365.503815 204.393875 541.084229
v 365.503815 204.393875 541.084229
v 365.503815 204.393875 540.524231
v 365.503815 204.393875 539.964233
v 365.503815 204.393875 539.404236
v 365.503815 204.393875 538.844238
v 365.503815 204.393875 538.844238
v 357.251648 212.594498 541.098572
v 357.251648 212.594498 541.098572
v 357.251648 266.174164 541.098633
v 357.251648 319.753845 541.098633
v 357.251648 373.333527 541.098633
v 357.251648 426.913208 541.098633
v 357.251648 426.913208 541.098633
v 363.375793 432.985870 523.164307
v 362.591797 432.201874 523.164307
v 361.807800 431.417847 523.164307
v 356.553223 426.224182 525.534241
v 356.553223 426.224182 525.534241
v 356.553223 426.224182 525.534241
v 356.553223 426.224182 525.353027
v 356.553223 426.224182 525.171814
v 356.553223 426.224182 524.990601
v 356.553223 213.283524 525.534180
v 356.553223 213.283524 525.534180
v 356.553223 213.283524 525.534180
v 356.553223 266.518677 525.534180
v 356.553223 319.753845 525.534180
v 356.553223 372.989044 525.534241
v 356.728149 213.108597 540.040894
v 356.728149 213.108597 540.040894
v 356.728149 213.108597 540.040894
v 356.728149 266.431335 540.040894
v 356.728149 319.753845 540.040894
v 356.728149 373.076385 540.040894
v 356.728149 426.399139 540.040894
v 356.728149 426.399139 540.040894
v 356.728149 426.399139 540.040894
v 357.498047 427.169006 537.633606
v 357.498047 427.169006 537.633606
v 357.498047 427.169006 537.633606
v 357.603088 427.274078 537.947205
v 357.638062 427.309021 538.267517
v 357.603088 427.274078 538.587830
v 357.498047 427.169006 538.901428
v 357.498047 427.169006 538.901428
v 357.498047 427.169006 538.901428
v 356.832550 426.499695 540.832764
v 356.623108 426.294067 540.306824
v 195.576508 433.769867 523.164307
v 237.722336 433.769867 523.164307
v 279.868164 433.769867 523.164307
v 322.013977 433.769867 523.164307
v 374.463806 195.433868 524.284241
v 374.463806 195.433868 525.404236
v 374.463806 195.433868 526.524231
v 203.008163 426.399139 540.040955
v 203.008163 426.399139 540.040955
v 203.008163 426.399139 540.040955
v 202.833221 426.574066 539.769409
v 202.623337 426.784210 539.490356
v 202.413223 426.994080 539.201599
v 202.238281 427.169006 538.901428
v 202.238281 427.169006 538.901428
v 202.238281 427.169006 538.901428
v 373.343811 196.553864 527.644226
v 372.223816 197.673874 527.644226
v 371.103821 198.793869 527.644226
v 369.983826 199.913864 530.444275
v 369.983826 199.913864 533.244263
v 369.983826 199.913864 536.044250
v 357.498047 212.338699 527.955627
v 357.498047 212.338699 527.955627
v 357.498047 212.338699 527.955627
v 357.603088 212.233643 527.642029
v 357.638062 212.198700 527.321716
v 357.603088 212.233643 527.001404
v 357.498047 212.338699 526.687805
v 357.498047 212.338699 526.687805
v 357.498047 212.338699 526.687805
v 356.832550 213.008011 540.832703
v 356.623108 213.213654 540.306763
v 281.738556 321.624268 531.888000
v 281.738556 321.624268 531.888000
v 281.738556 321.624268 531.888000
v 281.738556 321.624268 531.888000
v 281.738556 320.689056 531.887939
v 281.738556 319.753845 531.887939
v 281.738556 318.818634 531.887939
v 281.738556 317.883453 531.887939
v 281.738556 317.883453 531.887939
v 281.738556 317.883453 531.887939
v 281.738556 317.883453 531.887939
v 277.997772 317.883453 531.887939
v 277.997772 317.883453 531.887939
v 277.997772 317.883453 531.887939
v 277.997772 317.883453 531.887939
v 277.997772 318.818634 531.887939
v 277.997772 319.753845 531.887939
v 277.997772 320.689056 531.887939
v 277.997772 321.624268 531.888000
v 277.997772 321.624268 531.888000
v 277.997772 321.624268 531.888000
v 277.997772 321.624268 531.888000
v 278.932953 321.624268 531.888000
v 279.868164 321.624268 531.888000
v 280.803375 321.624268 531.888000
v 278.932953 317.883453 531.887939
v 279.868164 317.883453 531.887939
v 280.803375 317.883453 531.887939
v 277.997772 213.283524 531.887939
v 281.738556 213.283524 531.887939
v 281.738556 291.733459 531.887939
v 281.738556 265.583466 531.887939
v 281.738556 239.433517 531.887939
v 277.997772 239.433517 531.887939
v 277.997772 265.583466 531.887939
v 277.997772 291.733459 531.887939
v 277.997772 426.224182 531.888000
v 281.738556 426.224182 531.888000
v 277.997772 347.774231 531.888000
v 277.997772 373.924225 531.888000
v 277.997772 400.074219 531.888000
v 281.738556 400.074219 531.888000
v 281.738556 373.924225 531.888000
v 281.738556 347.774231 531.888000
v 204.222916 317.883453 531.888000
v 204.222916 321.624268 531.888000
v 259.554047 317.883453 531.887939
v 241.110352 317.883453 531.888000
v 222.666626 317.883453 531.888000
v 222.666626 321.624268 531.888000
v 241.110352 321.624268 531.888000
v 259.554047 321.624268 531.888000
v 356.553223 321.624268 531.887939
v 356.553223 317.883453 531.887939
v 300.442108 321.624268 531.887939
v 319.145905 321.624268 531.887939
v 337.849457 321.624268 531.887939
v 337.849457 317.883453 531.887939
v 319.145905 317.883453 531.887939
v 300.442108 317.883453 531.887939
v 361.023804 264.313843 523.164246
v 361.023804 319.753845 523.164307
v 361.023804 375.193878 523.164307
v 202.238281 212.338699 537.633789
v 202.238281 212.338699 537.633789
v 202.238281 212.338699 537.633789
v 202.238281 266.046265 537.633545
v 202.238281 319.753845 537.633606
v 202.238281 373.461426 537.633606
v 202.238281 427.169006 537.633606
v 202.238281 427.169006 537.633606
v 202.238281 427.169006 537.633606
v 356.553223 266.518677 524.809326
v 356.553223 319.753845 524.809326
v 356.553223 372.989044 524.809326
v 366.735809 203.161880 523.164246
v 369.311798 200.585876 523.164246
v 371.887817 198.009872 523.164246
v 202.238281 212.338699 538.901611
v 202.238281 212.338699 538.901611
v 202.238281 212.338699 538.901611
v 202.238281 266.046265 538.901611
v 202.238281 319.753845 538.901428
v 202.238281 373.461426 538.901428
v 203.183334 426.224182 525.534241
v 203.183334 426.224182 525.534241
v 203.183334 426.224182 525.534241
v 241.525635 426.224182 525.534241
v 279.868164 426.224182 525.534241
v 318.210693 426.224182 525.534241
v 202.133224 212.233643 537.947388
v 202.098267 212.198700 538.267700
v 202.133224 212.233643 538.588013
v 365.503815 262.073853 538.844299
v 365.503815 319.753845 538.844299
v 365.503815 377.433868 538.844299
v 203.183334 213.283524 529.109253
v 203.183334 213.283524 529.109253
v 203.183334 213.283524 529.109253
v 203.183334 266.518677 529.109253
v 203.183334 319.753845 529.109253
v 203.183334 372.989044 529.109253
v 203.183334 426.224182 529.109253
v 203.183334 426.224182 529.109253
v 203.183334 426.224182 529.109253
v 194.232513 435.113831 538.844299
v 194.232513 435.113831 538.844299
v 237.050354 435.113831 538.844299
v 279.868164 435.113831 538.844299
v 322.685974 435.113831 538.844299
v 194.232513 204.393875 541.084290
v 194.232513 204.393875 541.084290
v 194.232513 262.073853 541.084290
v 194.232513 319.753845 541.084290
v 194.232513 377.433868 541.084290
v 194.232513 435.113831 541.084351
v 194.232513 435.113831 541.084351
v 203.183334 213.283524 525.534180
v 203.183334 213.283524 525.534180
v 203.183334 213.283524 525.534180
v 241.525635 213.283524 525.534180
v 279.868164 213.283524 525.534180
v 318.210693 213.283524 525.534180
v 356.553223 213.283524 524.990540
v 356.553223 213.283524 525.171753
v 356.553223 213.283524 525.352966
v 364.159821 262.745850 523.164246
v 364.159821 319.753845 523.164307
v 364.159821 376.761871 523.164307
v 365.503815 262.073853 541.084290
v 365.503815 319.753845 541.084290
v 365.503815 377.433868 541.084290
v 277.325775 322.296265 532.684265
v 277.325775 322.296265 532.684265
v 277.325775 322.296265 532.684265
v 277.325775 348.278229 532.684265
v 277.325775 374.260223 532.684326
v 277.325775 400.242218 532.684326
v 277.325775 426.224182 532.684326
v 282.410553 213.283524 532.684265
v 277.325775 213.283524 532.684265
v 282.410553 426.224182 532.684326
v 277.829773 321.792267 532.087097
v 277.661774 321.960236 532.286255
v 277.493774 322.128265 532.485352
v 204.222916 317.211456 532.684265
v 356.553223 322.296265 532.684265
v 356.553223 317.211456 532.684265
v 281.738556 317.883453 533.480591
v 281.738556 317.883453 533.480591
v 281.738556 317.883453 533.480591
v 281.738556 317.883453 533.480591
v 281.738556 318.818634 533.480591
v 281.738556 319.753845 533.480591
v 281.738556 320.689056 533.480591
v 281.738556 321.624268 533.480591
v 281.738556 321.624268 533.480591
v 281.738556 321.624268 533.480591
v 281.738556 321.624268 533.480591
v 277.997772 321.624268 533.480591
v 277.997772 321.624268 533.480591
v 277.997772 321.624268 533.480591
v 277.997772 321.624268 533.480591
v 277.997772 320.689056 533.480591
v 277.997772 319.753845 533.480591
v 277.997772 318.818634 533.480591
v 277.997772 317.883453 533.480591
v 277.997772 317.883453 533.480591
v 277.997772 317.883453 533.480591
v 277.997772 317.883453 533.480591
v 278.932953 317.883453 533.480591
v 279.868164 317.883453 533.480591
v 280.803375 317.883453 533.480591
v 278.932953 321.624268 533.480591
v 279.868164 321.624268 533.480591
v 280.803375 321.624268 533.480591
v 277.997772 426.224182 533.480652
v 281.738556 426.224182 533.480652
v 281.738556 347.774231 533.480591
v 281.738556 373.924225 533.480591
v 281.738556 400.074219 533.480652
v 277.997772 400.074219 533.480652
v 277.997772 373.924225 533.480591
v 277.997772 347.774231 533.480591
v 277.997772 213.283524 533.480591
v 281.738556 213.283524 533.480591
v 277.997772 291.733459 533.480591
v 277.997772 265.583466 533.480591
v 277.997772 239.433517 533.480591
v 281.738556 239.433517 533.480591
v 281.738556 265.583466 533.480591
v 281.738556 291.733459 533.480591
v 204.222916 321.624268 533.480591
v 204.222916 317.883453 533.480591
v 259.554047 321.624268 533.480591
v 241.110352 321.624268 533.480591
v 222.666626 321.624268 533.480591
v 222.666626 317.883453 533.480591
v 241.110352 317.883453 533.480591
v 259.554047 317.883453 533.480591
v 356.553223 317.883453 533.480591
v 356.553223 321.624268 533.480591
v 300.442108 317.883453 533.480591
v 319.145905 317.883453 533.480591
v 337.849457 317.883453 533.480591
v 337.849457 321.624268 533.480591
v 319.145905 321.624268 533.480591
v 300.442108 321.624268 533.480591
v 281.906555 321.792267 533.281494
v 282.074554 321.960236 533.082581
v 282.242554 322.128265 532.883423
v 282.410553 322.296265 532.684265
v 282.410553 322.296265 532.684265
v 282.410553 322.296265 532.684265
v 277.829773 317.715454 533.281494
v 277.661774 317.547485 533.082581
v 277.493774 317.379456 532.883423
v 277.325775 317.211456 532.684265
v 277.325775 317.211456 532.684265
v 277.325775 317.211456 532.684265
v 282.410553 317.211456 532.684265
v 282.410553 317.211456 532.684265
v 282.410553 317.211456 532.684265
v 282.242554 317.379456 532.883423
v 282.074554 317.547485 533.082581
v 281.906555 317.715454 533.281494
v 204.222916 322.296265 532.684326
v 282.410553 291.229492 532.684265
v 282.410553 265.247498 532.684265
v 282.410553 239.265503 532.684265
v 277.325775 239.265503 532.684265
v 277.325775 265.247498 532.684265
v 277.325775 291.229492 532.684265
v 282.410553 400.242218 532.684326
v 282.410553 374.260223 532.684326
v 282.410553 348.278229 532.684265
v 259.050049 317.211456 532.684265
v 240.774338 317.211456 532.684265
v 222.498627 317.211456 532.684265
v 222.498627 322.296265 532.684265
v 240.774338 322.296265 532.684265
v 259.050049 322.296265 532.684265
v 300.946106 322.296265 532.684265
v 319.481903 322.296265 532.684265
v 338.017456 322.296265 532.684265
v 338.017456 317.211456 532.684265
v 319.481903 317.211456 532.684265
v 300.946106 317.211456 532.684265
v 281.906555 317.715454 532.087097
v 282.074554 317.547485 532.286255
v 282.242554 317.379456 532.485352
v 277.493774 317.379456 532.485352
v 277.661774 317.547485 532.286255
v 277.829773 317.715454 532.087097
v 282.242554 322.128265 532.485352
v 282.074554 321.960236 532.286255
v 281.906555 321.792267 532.087097
v 277.493774 322.128265 532.883423
v 277.661774 321.960236 533.082581
v 277.829773 321.792267 533.281494
v 357.498047 427.169006 527.955688
v 357.498047 427.169006 527.955688
v 357.498047 427.169006 527.955688
v 357.603088 427.274078 527.642090
v 357.638062 427.309021 527.321777
v 357.603088 427.274078 527.001404
v 357.498047 427.169006 526.687805
v 357.498047 427.169006 526.687805
v 357.498047 427.169006 526.687805
v 356.553223 213.283524 529.109192
v 356.553223 213.283524 529.109192
v 356.553223 213.283524 529.109192
v 356.553223 213.283524 530.952087
v 356.553223 213.283524 532.794678
v 356.553223 213.283524 534.637329
v 356.553223 213.283524 536.480164
v 356.553223 213.283524 536.480164
v 356.553223 213.283524 536.480164
v 356.553223 266.518677 529.109253
v 356.553223 319.753845 529.109253
v 356.553223 372.989044 529.109253
v 356.553223 426.224182 529.109253
v 356.553223 426.224182 529.109253
v 356.553223 426.224182 529.109253
v 203.183334 426.224182 536.479980
v 203.183334 426.224182 536.479980
v 203.183334 426.224182 536.479980
v 241.525635 426.224182 536.479980
v 279.868164 426.224182 536.479980
v 318.210693 426.224182 536.479980
v 356.553223 426.224182 536.479980
v 356.553223 426.224182 536.479980
v 356.553223 426.224182 536.479980
v 357.498047 212.338699 537.633789
v 357.498047 212.338699 537.633789
v 357.498047 212.338699 537.633789
v 357.603088 212.233643 537.947388
v 357.638062 212.198700 538.267700
v 357.603088 212.233643 538.588013
v 357.498047 212.338699 538.901611
v 357.498047 212.338699 538.901611
v 357.498047 212.338699 538.901611
v 356.553223 426.224182 534.637390
v 356.553223 426.224182 532.794739
v 356.553223 426.224182 530.951904
v 356.553223 266.518677 536.479980
v 356.553223 319.753845 536.479980
v 356.553223 372.989044 536.479980
v 357.498047 266.046265 526.687805
v 357.498047 319.753845 526.687805
v 357.498047 373.461426 526.687805
v 357.498047 266.046265 538.901611
v 357.498047 319.753845 538.901428
v 357.498047 373.461426 538.901428
v 357.498047 266.046265 527.955627
v 357.498047 319.753845 527.955627
v 357.498047 373.461426 527.955627
v 202.238281 427.169006 527.955688
v 202.238281 427.169006 527.955688
v 202.238281 427.169006 527.955688
v 241.053223 427.169006 527.955688
v 279.868164 427.169006 527.955688
v 318.683105 427.169006 527.955688
v 357.498047 266.046265 537.633545
v 357.498047 319.753845 537.633545
v 357.498047 373.461426 537.633606
v 357.323120 426.994080 526.387695
v 357.095520 426.766724 526.097595
v 356.833221 426.504181 525.814209
v 356.833221 213.003540 525.814209
v 357.095520 212.740997 526.097534
v 357.323120 212.513641 526.387634
v 357.323120 212.513641 539.201782
v 357.113220 212.723526 539.490295
v 356.903107 212.933624 539.769409
v 356.903107 426.574066 539.769409
v 357.113220 426.784210 539.490295
v 357.323120 426.994080 539.201599
v 357.323120 212.513641 528.255798
v 357.095520 212.740997 528.545837
v 356.833221 213.003540 528.829224
v 356.833221 426.504181 528.829285
v 357.095520 426.766724 528.545898
v 357.323120 426.994080 528.255798
v 356.833221 426.504181 536.760010
v 357.095520 426.766724 537.043335
v 357.323120 426.994080 537.333435
v 189.752518 199.913864 527.644287
v 189.752518 199.913864 527.644287
v 189.752518 199.913864 527.644287
v 189.752518 199.913864 530.444275
v 189.752518 199.913864 533.244263
v 189.752518 199.913864 536.044250
v 189.752518 199.913864 538.844238
v 189.752518 199.913864 538.844238
v 357.323120 212.513641 537.333618
v 357.095520 212.740997 537.043518
v 356.833221 213.003540 536.760132
v 202.484680 426.913208 541.098633
v 202.484680 426.913208 541.098633
v 202.903778 426.499695 540.832764
v 203.113220 426.294067 540.306824
v 202.133224 427.274078 537.947205
v 202.098267 427.309021 538.267517
v 202.133224 427.274078 538.587830
v 194.232513 204.393875 540.524292
v 194.232513 204.393875 539.964294
v 194.232513 204.393875 539.404297
v 194.232513 204.393875 538.844299
v 194.232513 204.393875 538.844299
v 189.752518 259.833862 527.644287
v 189.752518 319.753845 527.644287
v 189.752518 379.673859 527.644287
v 189.752518 439.593872 527.644348
v 189.752518 439.593872 527.644348
v 185.272522 444.073883 527.644348
v 185.272522 444.073883 527.644348
v 185.272522 444.073883 526.524353
v 185.272522 444.073883 525.404297
v 185.272522 444.073883 524.284302
v 185.272522 444.073883 523.164307
v 185.272522 444.073883 523.164307
v 185.272522 195.433868 523.164246
v 185.272522 195.433868 523.164246
v 185.272522 195.433868 523.164246
v 185.272522 257.593872 523.164307
v 185.272522 319.753845 523.164307
v 185.272522 381.913849 523.164307
v 198.712509 208.873871 523.164246
v 198.712509 208.873871 523.164246
v 198.712509 208.873871 523.164246
v 199.830276 209.976395 523.575562
v 200.947815 211.078705 523.986816
v 202.065567 212.181229 524.398071
v 203.183334 213.283524 524.809326
v 203.183334 213.283524 524.809326
v 203.183334 213.283524 524.809326
v 202.238281 212.338699 526.687805
v 202.238281 212.338699 526.687805
v 202.238281 212.338699 526.687805
v 202.133224 212.233643 527.001404
v 202.098267 212.198700 527.321716
v 202.133224 212.233643 527.642029
v 202.238281 212.338699 527.955627
v 202.238281 212.338699 527.955627
v 202.238281 212.338699 527.955627
v 195.576508 205.737869 523.164246
v 195.576508 205.737869 523.164246
v 195.576508 205.737869 523.164246
v 196.360519 206.521866 523.164246
v 197.144516 207.305862 523.164246
v 197.928513 208.089859 523.164246
v 202.484680 212.594498 541.098633
v 202.484680 212.594498 541.098633
v 202.903778 213.008011 540.832703
v 203.113220 213.213654 540.306763
v 203.008163 213.108597 540.040894
v 203.008163 213.108597 540.040894
v 203.008163 213.108597 540.040894
v 203.183334 426.224182 524.809387
v 203.183334 426.224182 524.809387
v 241.525635 426.224182 524.809387
v 279.868164 426.224182 524.809387
v 318.210693 426.224182 524.809387
v 239.290344 208.873871 523.164246
v 279.868164 208.873871 523.164246
v 320.445984 208.873871 523.164246
v 241.525635 213.283524 524.809326
v 279.868164 213.283524 524.809326
v 318.210693 213.283524 524.809326
v 189.752518 439.593872 538.844299
v 189.752518 439.593872 538.844299
v 234.810349 439.593872 538.844299
v 279.868164 439.593872 538.844299
v 324.925995 439.593872 538.844299
v 185.272522 195.433868 527.644287
v 185.272522 195.433868 527.644287
v 185.272522 195.433868 527.644287
v 232.570343 195.433868 527.644287
v 279.868164 195.433868 527.644287
v 327.165985 195.433868 527.644287
v 241.176422 212.594498 541.098633
v 279.868164 212.594498 541.098633
v 318.559906 212.594498 541.098572
v 241.438278 213.108597 540.040894
v 279.868164 213.108597 540.040894
v 318.298065 213.108597 540.040894
v 237.722336 205.737869 523.164246
v 279.868164 205.737869 523.164246
v 322.013977 205.737869 523.164246
v 241.053223 212.338699 526.687805
v 279.868164 212.338699 526.687805
v 318.683105 212.338699 526.687805
v 203.183334 213.283524 536.480164
v 203.183334 213.283524 536.480164
v 203.183334 213.283524 536.480164
v 241.525635 213.283524 536.480164
v 279.868164 213.283524 536.480164
v 318.210693 213.283524 536.480164
v 241.053223 212.338699 527.955627
v 279.868164 212.338699 527.955627
v 318.683105 212.338699 527.955627
v 203.183334 213.283524 524.990540
v 203.183334 213.283524 525.171753
v 203.183334 213.283524 525.352966
v 203.183334 426.224182 524.990601
v 203.183334 426.224182 525.171814
v 203.183334 426.224182 525.353027
v 202.413223 212.513641 526.387634
v 202.640808 212.740997 526.097534
v 202.903107 213.003540 525.814209
v 194.232513 262.073853 538.844299
v 194.232513 319.753845 538.844299
v 194.232513 377.433868 538.844299
v 202.238281 427.169006 526.687866
v 202.238281 427.169006 526.687866
v 202.238281 427.169006 526.687866
v 241.053223 427.169006 526.687866
v 279.868164 427.169006 526.687805
v 318.683105 427.169006 526.687805
v 232.570343 195.433868 523.164246
v 279.868164 195.433868 523.164246
v 327.165985 195.433868 523.164246
v 241.176422 426.913208 541.098633
v 279.868164 426.913208 541.098633
v 318.559906 426.913208 541.098633
v 202.238281 266.046265 527.955627
v 202.238281 319.753845 527.955627
v 202.238281 373.461426 527.955688
v 234.810349 199.913864 538.844238
v 279.868164 199.913864 538.844238
v 324.925995 199.913864 538.844238
v 198.712509 430.633850 523.164307
v 239.290344 430.633850 523.164307
v 279.868164 430.633850 523.164307
v 320.445984 430.633850 523.164307
v 202.238281 266.046265 526.687805
v 202.238281 319.753845 526.687805
v 202.238281 373.461426 526.687805
v 237.050354 204.393875 538.844238
v 279.868164 204.393875 538.844238
v 322.685974 204.393875 538.844238
v 203.183334 266.518677 536.479980
v 203.183334 319.753845 536.479980
v 203.183334 372.989044 536.479980
v 234.810333 199.913864 527.644287
v 279.868164 199.913864 527.644287
v 324.925995 199.913864 527.644287
v 202.413223 212.513641 537.333618
v 202.640808 212.740997 537.043518
v 202.903107 213.003540 536.760193
v 202.903107 426.504181 536.760010
v 202.640808 426.766724 537.043335
v 202.413223 426.994080 537.333435
v 234.810333 439.593872 527.644348
v 279.868164 439.593872 527.644287
v 324.925995 439.593872 527.644287
v 241.525635 213.283524 529.109253
v 279.868164 213.283524 529.109253
v 318.210693 213.283524 529.109253
v 241.053223 427.169006 537.633606
v 279.868164 427.169006 537.633606
v 318.683105 427.169006 537.633606
v 241.053223 212.338699 538.901611
v 279.868164 212.338699 538.901611
v 318.683105 212.338699 538.901611
v 237.050354 435.113831 541.084351
v 279.868164 435.113831 541.084290
v 322.685974 435.113831 541.084290
v 232.570343 444.073883 523.164307
v 279.868164 444.073883 523.164307
v 327.165985 444.073883 523.164307
v 237.050354 204.393875 541.084290
v 279.868164 204.393875 541.084290
v 322.685974 204.393875 541.084290
v 241.053223 212.338699 537.633789
v 279.868164 212.338699 537.633789
v 318.683105 212.338699 537.633789
v 185.272522 257.593872 527.644287
v 185.272522 319.753845 527.644287
v 185.272522 381.913849 527.644287
v 189.752518 259.833862 538.844299
v 189.752518 319.753845 538.844299
v 189.752518 379.673859 538.844299
v 202.413223 212.513641 539.201782
v 202.623337 212.723526 539.490295
v 202.833221 212.933624 539.769409
v 202.413223 212.513641 528.255798
v 202.640808 212.740997 528.545898
v 202.903107 213.003540 528.829224
v 202.413223 426.994080 526.387695
v 202.640808 426.766724 526.097595
v 202.903107 426.504181 525.814270
v 202.903107 426.504181 528.829285
v 202.640808 426.766724 528.545898
v 202.413223 426.994080 528.255859
v 202.133224 427.274078 527.642090
v 202.098267 427.309021 527.321777
v 202.133224 427.274078 527.001465
v 203.183334 213.283524 530.952087
v 203.183334 213.283524 532.794678
v 203.183334 213.283524 534.637329
v 195.576508 262.745850 523.164307
v 195.576508 319.753845 523.164307
v 195.576508 376.761871 523.164307
v 203.183334 426.224182 534.637390
v 203.183334 426.224182 532.794739
v 203.183334 426.224182 530.951904
v 194.232513 435.113831 540.524353
v 194.232513 435.113831 539.964355
v 194.232513 435.113831 539.404297
v 202.484680 266.174164 541.098633
v 202.484680 319.753845 541.098633
v 202.484680 373.333527 541.098633
v 189.752518 439.593872 536.044312
v 189.752518 439.593872 533.244324
v 189.752518 439.593872 530.444336
v 241.525635 426.224182 529.109253
v 279.868164 426.224182 529.109253
v 318.210693 426.224182 529.109253
v 232.570343 444.073883 527.644348
v 279.868164 444.073883 527.644287
v 327.165985 444.073883 527.644287
v 241.053223 427.169006 538.901428
v 279.868164 427.169006 538.901428
v 318.683105 427.169006 538.901428
v 241.438278 426.399139 540.040894
v 279.868164 426.399139 540.040894
v 318.298065 426.399139 540.040894
v 203.183334 266.518677 525.534180
v 203.183334 319.753845 525.534241
v 203.183334 372.989044 525.534241
v 203.008163 266.431335 540.040894
v 203.008163 319.753845 540.040894
v 203.008163 373.076385 540.040894
v 185.272522 195.433868 524.284241
v 185.272522 195.433868 525.404297
v 185.272522 195.433868 526.524292
v 198.712509 264.313843 523.164307
v 198.712509 319.753845 523.164307
v 198.712509 375.193878 523.164307
v 203.183334 266.518677 524.809326
v 203.183334 319.753845 524.809326
v 203.183334 372.989044 524.809387
v 186.392517 196.553864 527.644287
v 187.512512 197.673874 527.644287
v 188.632523 198.793869 527.644287
v 193.000519 203.161880 523.164246
v 190.424530 200.585876 523.164246
v 187.848511 198.009872 523.164246
v 193.962372 316.872772 522.211853
v 193.868958 315.841217 522.211853
v 193.675659 315.089050 522.211853
v 193.319046 314.568024 522.211853
v 192.736420 314.230011 522.211853
v 187.736053 322.634949 522.211853
v 187.829468 323.666443 522.211853
v 188.022797 324.418854 522.211853
v 188.379395 324.939880 522.211853
v 188.962021 325.277679 522.211853
v 189.833374 325.480408 522.211853
v 190.849213 325.548035 522.211853
v 191.865067 325.480408 522.211853
v 192.736420 325.277679 522.211853
v 188.962021 314.230011 522.211853
v 189.833374 314.027313 522.211853
v 190.849213 313.959869 522.211853
v 191.865067 314.027313 522.211853
v 193.962372 322.634949 522.211853
v 193.868958 323.666443 522.211853
v 193.675659 324.418854 522.211853
v 193.319046 324.939880 522.211853
v 194.018372 318.231537 522.211853
v 194.036972 319.753845 522.211853
v 194.018372 321.276154 522.211853
v 187.736053 316.872772 522.211853
v 187.829468 315.841217 522.211853
v 188.022797 315.089050 522.211853
v 188.379395 314.568024 522.211853
v 187.680298 321.276154 522.211853
v 187.661469 319.753845 522.211853
v 187.680298 318.231537 522.211853
vn 1.0000 -0.0000 -0.0000
vn -0.0000 -0.0000 1.0000
vn -0.8074 -0.0000 0.5901
vn -0.6835 -0.0000 0.7300
vn -0.8074 -0.0000 0.5900
vn -0.5357 -0.0000 0.8444
vn -0.6309 -0.0000 0.7758
vn -0.9979 -0.0000 0.0655
vn -0.9880 -0.0000 -0.1548
vn -0.9880 -0.0000 -0.1544
vn -0.9300 -0.0000 -0.3675
vn -0.9849 -0.0000 -0.1729
vn -0.9849 -0.0000 -0.1728
vn -0.0000 -0.0000 -1.0000
vn -0.3453 -0.0000 -0.9385
vn -0.3454 -0.0000 -0.9385
vn -1.0000 -0.0000 -0.0000
vn -0.2499 -0.0000 0.9683
vn -0.2737 -0.0000 0.9618
vn -0.1352 -0.1369 0.9813
vn -0.0002 -0.0000 1.0000
vn -0.1252 -0.1268 0.9840
vn -0.3266 -0.0000 0.9452
vn -0.3622 -0.0000 0.9321
vn -0.1586 -0.1605 0.9742
vn -0.1869 -0.1902 0.9638
vn -0.1586 0.1605 0.9742
vn -0.1352 0.1369 0.9813
vn -0.1869 0.1902 0.9638
vn -0.1252 0.1268 0.9840
vn 0.2425 -0.0000 0.9701
vn 0.1231 -0.1231 0.9847
vn 0.1231 0.1231 0.9847
vn 0.0607 0.0609 0.9963
vn 0.0607 -0.0609 0.9963
vn -0.7643 -0.0000 -0.6448
vn -0.7642 -0.0000 -0.6450
vn -0.7640 -0.0000 -0.6452
vn -0.7641 -0.0000 -0.6450
vn 0.7643 -0.0000 -0.6448
vn 0.7642 -0.0000 -0.6450
vn 0.7640 -0.0000 -0.6453
vn 0.7640 -0.0000 -0.6452
vn -0.7640 -0.0000 -0.6453
vn -0.7643 -0.0000 -0.6449
vn -0.0000 -0.7643 -0.6448
vn -0.0000 -0.7644 -0.6448
vn -0.0000 -0.7643 -0.6449
vn -0.0000 -0.7644 -0.6447
vn -0.0000 -0.7641 -0.6451
vn -0.0000 -0.7639 -0.6453
vn -0.0000 -0.7640 -0.6453
vn -0.0000 -0.7642 -0.6450
vn -0.0000 -0.7639 -0.6454
vn -0.0000 -0.7641 -0.6450
vn -0.0000 -0.7646 -0.6445
vn -0.0000 -0.7640 -0.6452
vn -0.0000 0.7643 -0.6449
vn -0.0000 0.7644 -0.6448
vn -0.0000 0.7643 -0.6448
vn -0.0000 0.7644 -0.6447
vn -0.0000 0.7641 -0.6451
vn -0.0000 0.7640 -0.6452
vn -0.0000 0.7642 -0.6450
vn -0.0000 0.7638 -0.6454
vn -0.0000 0.7641 -0.6450
vn -0.0000 0.7639 -0.6453
vn 0.7642 -0.0000 0.6450
vn 0.7643 -0.0000 0.6448
vn 0.7641 -0.0000 0.6450
vn 0.7641 -0.0000 0.6451
vn -0.7642 -0.0000 0.6450
vn -0.7643 -0.0000 0.6448
vn -0.7641 -0.0000 0.6451
vn -0.7640 -0.0000 0.6452
vn 0.7640 -0.0000 0.6453
vn 0.7640 -0.0000 0.6452
vn -0.0000 0.7641 0.6451
vn -0.0000 0.7642 0.6450
vn -0.0000 0.7643 0.6449
vn -0.0000 0.7644 0.6448
vn -0.0000 0.7644 0.6447
vn -0.0000 0.7641 0.6450
vn -0.0000 0.7643 0.6448
vn -0.0000 0.7642 0.6449
vn -0.0000 -0.7641 0.6451
vn -0.0000 -0.7642 0.6450
vn -0.0000 -0.7641 0.6450
vn -0.0000 -0.7644 0.6448
vn -0.0000 -0.7643 0.6449
vn -0.0000 -0.7643 0.6448
vn -0.0000 -0.7645 0.6446
vn -0.0000 -0.7642 0.6449
vn -0.0000 -0.7646 0.6445
vn -0.9768 -0.0000 0.2143
vn -0.9799 -0.0000 0.1994
vn -0.9482 -0.0000 0.3176
vn -0.9768 -0.0000 -0.2143
vn -0.9482 -0.0000 -0.3176
vn -0.9799 -0.0000 -0.1994
vn -0.9768 -0.0000 0.2142
vn -0.9483 -0.0000 0.3174
vn 0.9768 -0.0000 0.2142
vn 0.9768 -0.0000 0.2143
vn 0.9483 -0.0000 0.3174
vn 0.9482 -0.0000 0.3176
vn 0.9799 -0.0000 0.1994
vn 0.9768 -0.0000 -0.2143
vn 0.9482 -0.0000 -0.3176
vn 0.9799 -0.0000 -0.1994
vn -0.7609 -0.0000 0.6488
vn -0.8273 -0.0000 0.5617
vn -0.8640 -0.0000 0.5036
vn -0.7707 -0.0000 0.6372
vn -0.8400 -0.0000 0.5426
vn -0.7206 -0.0000 0.6933
vn -0.7071 -0.0000 0.7071
vn -0.7258 -0.0000 0.6879
vn -0.8039 -0.0000 -0.5947
vn -0.8375 -0.0000 -0.5465
vn -0.8640 -0.0000 -0.5036
vn -0.8056 -0.0000 -0.5924
vn -0.8463 -0.0000 -0.5327
vn -0.8038 -0.0000 -0.5949
vn -0.8375 0.0003 -0.5465
vn -0.8055 -0.0000 -0.5926
vn -0.8463 -0.0000 -0.5328
vn -0.8203 -0.0000 -0.5719
vn -0.8406 -0.0000 -0.5417
vn -0.8134 -0.0000 -0.5816
vn -0.7609 -0.0000 -0.6488
vn -0.8273 -0.0000 -0.5617
vn -0.7707 -0.0000 -0.6372
vn -0.8400 -0.0000 -0.5426
vn -0.7206 -0.0000 -0.6933
vn -0.7071 -0.0000 -0.7071
vn -0.7258 -0.0000 -0.6879
vn -0.0000 -1.0000 -0.0000
vn -0.0000 0.8116 0.5842
vn -0.0000 0.6883 0.7254
vn -0.0000 0.5409 0.8411
vn -0.0000 0.8117 0.5841
vn -0.0000 0.6351 0.7724
vn -0.0000 0.5408 0.8411
vn -0.0000 0.9981 0.0622
vn -0.0000 0.9877 -0.1564
vn -0.0000 0.9300 -0.3676
vn -0.0000 0.9981 0.0621
vn -0.0000 0.9847 -0.1741
vn -0.0000 0.9300 -0.3675
vn -0.0000 0.9981 0.0620
vn -0.0000 0.9300 -0.3674
vn -0.0000 0.7610 0.6488
vn -0.0000 0.8274 0.5615
vn -0.0000 0.7609 0.6488
vn -0.0000 0.8275 0.5615
vn -0.0000 0.8640 0.5036
vn -0.0000 0.7708 0.6371
vn -0.0000 0.8398 0.5429
vn -0.0000 0.8640 0.5035
vn -0.0000 0.8399 0.5428
vn -0.0000 0.7204 0.6935
vn -0.0000 0.7205 0.6935
vn -0.0000 0.7071 0.7071
vn -0.0000 0.7072 0.7071
vn -0.0000 0.7256 0.6882
vn -0.0000 0.7255 0.6882
vn -0.0000 0.7071 0.7072
vn -0.0000 0.3495 -0.9369
vn -0.0000 0.3496 -0.9369
vn -0.0000 1.0000 -0.0000
vn -0.0000 0.9768 -0.2143
vn -0.0000 0.9799 -0.1994
vn -0.0000 0.9482 -0.3177
vn -0.0000 0.9481 -0.3180
vn -0.0000 0.9768 0.2143
vn -0.0000 0.9482 0.3177
vn -0.0000 0.9799 0.1994
vn -0.0000 0.9482 0.3176
vn -0.0000 0.2531 0.9674
vn -0.0000 0.2772 0.9608
vn -0.0000 0.0019 1.0000
vn -0.0000 0.3307 0.9437
vn -0.0000 0.3666 0.9304
vn 0.1586 0.1605 0.9742
vn 0.1352 0.1369 0.9813
vn 0.1869 0.1902 0.9638
vn 0.1252 0.1268 0.9840
vn -0.0000 -0.9768 -0.2143
vn -0.0000 -0.9799 -0.1996
vn -0.0000 -0.9768 -0.2142
vn -0.0000 -0.9482 -0.3176
vn -0.0000 -0.9481 -0.3179
vn -0.0000 -0.9768 0.2143
vn -0.0000 -0.9768 0.2142
vn -0.0000 -0.9482 0.3176
vn -0.0000 -0.9482 0.3177
vn -0.0000 -0.9799 0.1996
vn -0.0000 -0.9481 0.3179
vn -0.0000 -0.9799 0.1995
vn -0.0000 -0.9482 -0.3177
vn -0.0000 -0.9799 -0.1995
vn 0.8273 -0.0000 0.5617
vn 0.7608 -0.0000 0.6490
vn 0.7609 -0.0000 0.6488
vn 0.7707 -0.0000 0.6372
vn 0.8640 -0.0000 0.5036
vn 0.8400 -0.0000 0.5426
vn 0.7205 -0.0000 0.6935
vn 0.7071 -0.0000 0.7071
vn 0.7068 -0.0000 0.7074
vn 0.7257 -0.0000 0.6880
vn -0.0000 -0.8039 -0.5947
vn -0.0000 -0.8373 -0.5468
vn -0.0000 -0.8371 -0.5470
vn -0.0000 -0.8640 -0.5035
vn -0.0000 -0.8055 -0.5926
vn -0.0000 -0.8462 -0.5328
vn -0.0000 -0.8039 -0.5948
vn -0.0004 -0.8376 -0.5463
vn -0.0000 -0.8056 -0.5924
vn -0.0000 -0.8639 -0.5036
vn -0.0000 -0.8464 -0.5326
vn -0.0000 -0.8203 -0.5720
vn -0.0000 -0.8203 -0.5719
vn -0.0000 -0.8406 -0.5417
vn -0.0000 -0.8406 -0.5416
vn -0.0000 -0.8135 -0.5816
vn -0.0000 -0.7609 0.6488
vn -0.0000 -0.8275 0.5614
vn -0.0000 -0.8274 0.5616
vn -0.0000 -0.8640 0.5035
vn -0.0000 -0.7709 0.6369
vn -0.0000 -0.8402 0.5423
vn -0.0000 -0.8639 0.5036
vn -0.0000 -0.7610 0.6488
vn -0.0000 -0.7708 0.6371
vn -0.0000 -0.8401 0.5424
vn -0.0000 -0.7205 0.6935
vn -0.0000 -0.7204 0.6935
vn -0.0000 -0.7071 0.7072
vn -0.0000 -0.7072 0.7071
vn -0.0000 -0.7256 0.6881
vn -0.0000 -0.7070 0.7072
vn -0.0000 -0.7071 0.7071
vn 0.2737 -0.0000 0.9618
vn 0.2499 -0.0000 0.9683
vn 0.0002 -0.0000 1.0000
vn 0.1352 -0.1369 0.9813
vn 0.1252 -0.1268 0.9840
vn 0.3266 -0.0000 0.9452
vn 0.3622 -0.0000 0.9321
vn 0.1586 -0.1605 0.9742
vn 0.1869 -0.1902 0.9638
vn -0.0000 -0.8117 0.5841
vn -0.0000 -0.6884 0.7253
vn -0.0000 -0.8118 0.5840
vn -0.0000 -0.6884 0.7254
vn -0.0000 -0.5408 0.8411
vn -0.0000 -0.8115 0.5843
vn -0.0000 -0.6351 0.7724
vn -0.0000 -0.8117 0.5840
vn -0.0000 -0.8116 0.5843
vn -0.0000 -0.6350 0.7725
vn -0.0000 -0.9980 0.0626
vn -0.0000 -0.9877 -0.1564
vn -0.0000 -0.9877 -0.1565
vn -0.0000 -0.9301 -0.3674
vn -0.0000 -0.9981 0.0621
vn -0.0000 -0.9848 -0.1738
vn -0.0000 -0.9300 -0.3675
vn -0.0000 -0.9847 -0.1743
vn -0.0000 -0.9981 0.0622
vn -0.0000 -0.7610 -0.6488
vn -0.0000 -0.8275 -0.5614
vn -0.0000 -0.7609 -0.6488
vn -0.0000 -0.8274 -0.5616
vn -0.0000 -0.7708 -0.6370
vn -0.0000 -0.8401 -0.5424
vn -0.0000 -0.7709 -0.6370
vn -0.0000 -0.8402 -0.5423
vn -0.0000 -0.7204 -0.6935
vn -0.0000 -0.7070 -0.7072
vn -0.0000 -0.7072 -0.7071
vn -0.0000 -0.7256 -0.6881
vn -0.0000 -0.7071 -0.7071
vn -0.0000 -0.7205 -0.6935
vn -0.0000 -0.7071 -0.7072
vn 0.6835 -0.0000 0.7300
vn 0.8074 -0.0000 0.5901
vn 0.8074 -0.0000 0.5900
vn 0.5357 -0.0000 0.8444
vn 0.6309 -0.0000 0.7758
vn 0.9979 -0.0000 0.0655
vn 0.9880 -0.0000 -0.1548
vn 0.9880 -0.0000 -0.1544
vn 0.9300 -0.0000 -0.3675
vn 0.9849 -0.0000 -0.1729
vn 0.9849 -0.0000 -0.1728
vn -0.0000 0.8401 0.5424
vn -0.0000 -0.3495 -0.9369
vn 0.1781 -0.1803 -0.9673
vn 0.1781 -0.1803 -0.9674
vn -0.0000 -0.3496 -0.9369
vn 0.1776 -0.1808 -0.9673
vn 0.8273 -0.0000 -0.5617
vn 0.7608 -0.0000 -0.6490
vn 0.7609 -0.0000 -0.6488
vn 0.7707 -0.0000 -0.6372
vn 0.8640 -0.0000 -0.5036
vn 0.8400 -0.0000 -0.5426
vn 0.7205 -0.0000 -0.6935
vn 0.7071 -0.0000 -0.7071
vn 0.7068 -0.0000 -0.7074
vn 0.7257 -0.0000 -0.6880
vn -0.2425 -0.0000 0.9701
vn -0.1231 -0.1231 0.9847
vn -0.0607 -0.0609 0.9963
vn -0.1231 0.1231 0.9847
vn -0.0607 0.0609 0.9963
vn -0.0000 -0.9481 0.3180
vn -0.0000 -0.9482 -0.3178
vn 0.8373 -0.0000 -0.5467
vn 0.8039 -0.0000 -0.5947
vn 0.8375 -0.0000 -0.5465
vn 0.8055 -0.0000 -0.5926
vn 0.8462 -0.0000 -0.5328
vn 0.8203 -0.0000 -0.5719
vn 0.8205 -0.0000 -0.5717
vn 0.8406 -0.0000 -0.5417
vn 0.8136 -0.0000 -0.5814
vn 0.8204 -0.0000 -0.5717
vn 0.8038 -0.0000 -0.5949
vn 0.8137 -0.0000 -0.5813
vn 0.8054 -0.0000 -0.5928
vn 0.8372 -0.0000 -0.5468
vn 0.8462 -0.0000 -0.5329
vn 0.3453 -0.0000 -0.9385
vn 0.3454 -0.0000 -0.9385
vn -0.0000 0.2425 0.9701
vn -0.0000 -0.0019 1.0000
vn -0.0000 0.2426 0.9701
vn -0.0000 -0.2531 0.9674
vn -0.0000 -0.2772 0.9608
vn -0.0000 -0.3307 0.9437
vn -0.0000 -0.3666 0.9304
vn -0.0000 -0.2425 0.9701
vn -0.0000 0.9482 -0.3176
vn -0.0000 0.9799 0.1993
vn -0.0000 0.9484 0.3170
vn -0.0000 0.8038 -0.5949
vn -0.0000 0.8374 -0.5466
vn -0.0000 0.8039 -0.5948
vn -0.0000 0.8640 -0.5036
vn -0.0000 0.8055 -0.5926
vn -0.0000 0.8463 -0.5327
vn -0.0000 0.8640 -0.5035
vn -0.0000 0.8055 -0.5925
vn -0.0000 0.8202 -0.5720
vn -0.0000 0.8203 -0.5719
vn -0.0000 0.8405 -0.5418
vn -0.0000 0.8135 -0.5816
vn -0.0000 0.8406 -0.5417
vn -0.0000 0.8203 -0.5720
vn -0.0000 0.8134 -0.5817
vn -0.0000 0.7610 -0.6488
vn -0.0000 0.8274 -0.5615
vn -0.0000 0.7609 -0.6488
vn -0.0000 0.8275 -0.5615
vn -0.0000 0.7708 -0.6371
vn -0.0000 0.8401 -0.5424
vn -0.0000 0.7205 -0.6935
vn -0.0000 0.7071 -0.7071
vn -0.0000 0.7072 -0.7071
vn -0.0000 0.7256 -0.6882
vn -0.0000 0.7071 -0.7072
vn -0.0000 -0.8275 0.5615
vn -0.0000 -0.8640 0.5036
vn -0.8085 0.3623 -0.4638
vn -0.9073 0.1558 -0.3907
vn -0.8084 0.3624 -0.4638
vn -0.9021 0.1718 -0.3958
vn -0.7907 0.3892 -0.4727
vn -0.9072 0.1558 -0.3908
vn -0.9314 0.0612 -0.3588
vn -0.9307 0.0653 -0.3599
vn -0.5762 0.6151 -0.5382
vn -0.5762 0.6152 -0.5380
vn -0.3047 0.7686 -0.5624
vn -0.5589 0.6284 -0.5410
vn -0.3047 0.7687 -0.5623
vn -0.5761 0.6152 -0.5382
vn -0.8084 0.3625 -0.4637
vn -0.5908 0.6038 -0.5352
vn -0.8238 0.3379 -0.4552
vn -0.3046 0.7686 -0.5625
vn -0.3065 0.7680 -0.5624
vn -0.9072 0.1557 -0.3907
vn -0.9119 0.1403 -0.3857
vn -0.1215 0.8187 -0.5613
vn -0.0000 0.8284 -0.5602
vn -0.0000 0.8285 -0.5600
vn -0.1216 0.8187 -0.5612
vn -0.0000 0.8284 -0.5601
vn -0.1223 0.8186 -0.5612
vn 0.1215 0.8187 -0.5613
vn 0.1216 0.8187 -0.5612
vn 0.3047 0.7687 -0.5624
vn 0.1223 0.8186 -0.5612
vn 0.3047 0.7687 -0.5623
vn -0.0000 0.8287 -0.5597
vn 0.1210 0.8188 -0.5612
vn 0.3047 0.7685 -0.5626
vn 0.3065 0.7678 -0.5626
vn -0.1210 0.8188 -0.5612
vn 0.1215 -0.8187 -0.5612
vn -0.0000 -0.8285 -0.5601
vn -0.0000 -0.8285 -0.5600
vn -0.0000 -0.8286 -0.5599
vn 0.3047 -0.7687 -0.5624
vn 0.1222 -0.8186 -0.5613
vn -0.1216 -0.8187 -0.5612
vn -0.1215 -0.8187 -0.5612
vn -0.3047 -0.7686 -0.5625
vn -0.1225 -0.8183 -0.5616
vn -0.3047 -0.7687 -0.5624
vn -0.0000 -0.8285 -0.5599
vn -0.1210 -0.8190 -0.5609
vn -0.0000 -0.8283 -0.5603
vn -0.3066 -0.7680 -0.5623
vn 0.3048 -0.7686 -0.5625
vn 0.1209 -0.8187 -0.5614
vn 0.3066 -0.7679 -0.5625
vn 0.8084 -0.3624 -0.4638
vn 0.9072 -0.1558 -0.3907
vn 0.8084 -0.3625 -0.4638
vn 0.9021 -0.1718 -0.3959
vn 0.7907 -0.3892 -0.4726
vn 0.9072 -0.1557 -0.3908
vn 0.9314 -0.0612 -0.3588
vn 0.9307 -0.0653 -0.3598
vn 0.5762 -0.6150 -0.5384
vn 0.5762 -0.6151 -0.5382
vn 0.5590 -0.6284 -0.5410
vn 0.5761 -0.6151 -0.5383
vn 0.5908 -0.6037 -0.5352
vn 0.8237 -0.3379 -0.4553
vn 0.9073 -0.1558 -0.3906
vn 0.9119 -0.1403 -0.3856
vn -0.5762 -0.6150 -0.5384
vn -0.8084 -0.3625 -0.4638
vn -0.8084 -0.3624 -0.4638
vn -0.5762 -0.6152 -0.5381
vn -0.7907 -0.3892 -0.4726
vn -0.5590 -0.6284 -0.5410
vn -0.9072 -0.1558 -0.3907
vn -0.9072 -0.1557 -0.3908
vn -0.9314 -0.0612 -0.3588
vn -0.9021 -0.1718 -0.3958
vn -0.9307 -0.0653 -0.3598
vn -0.9073 -0.1558 -0.3907
vn -0.8237 -0.3379 -0.4553
vn -0.9119 -0.1403 -0.3857
vn -0.5761 -0.6152 -0.5383
vn -0.5908 -0.6037 -0.5352
vn -0.9362 -0.0250 -0.3506
vn -0.9372 -0.0000 -0.3487
vn -0.9362 -0.0250 -0.3505
vn -0.9374 -0.0000 -0.3483
vn -0.9361 -0.0263 -0.3507
vn -0.9362 0.0250 -0.3506
vn -0.9361 0.0263 -0.3507
vn -0.9362 0.0250 -0.3505
vn -0.9363 0.0236 -0.3503
vn -0.9321 0.0571 -0.3577
vn -0.9363 -0.0236 -0.3503
vn -0.9321 -0.0571 -0.3576
vn 0.5762 0.6151 -0.5382
vn 0.8084 0.3624 -0.4638
vn 0.8085 0.3623 -0.4638
vn 0.5762 0.6152 -0.5380
vn 0.7907 0.3892 -0.4726
vn 0.5589 0.6284 -0.5410
vn 0.9073 0.1558 -0.3907
vn 0.9072 0.1558 -0.3908
vn 0.9314 0.0612 -0.3588
vn 0.9314 0.0612 -0.3587
vn 0.9021 0.1718 -0.3958
vn 0.9307 0.0653 -0.3599
vn 0.8084 0.3625 -0.4638
vn 0.9073 0.1557 -0.3907
vn 0.8238 0.3379 -0.4552
vn 0.9314 0.0613 -0.3588
vn 0.9119 0.1403 -0.3857
vn 0.5761 0.6151 -0.5382
vn 0.5908 0.6038 -0.5352
vn 0.9363 0.0250 -0.3502
vn 0.9373 -0.0000 -0.3486
vn 0.9372 -0.0000 -0.3487
vn 0.9374 -0.0000 -0.3483
vn 0.9361 0.0263 -0.3508
vn 0.9363 -0.0250 -0.3502
vn 0.9361 -0.0263 -0.3508
vn 0.9362 -0.0250 -0.3505
vn 0.9363 -0.0236 -0.3503
vn 0.9321 -0.0572 -0.3577
vn 0.9362 0.0250 -0.3505
vn 0.9363 0.0236 -0.3503
vn 0.9321 0.0572 -0.3577
vn -0.7056 0.0249 -0.7081
vn -0.5865 0.0648 -0.8073
vn -0.5872 0.0249 -0.8091
vn -0.7027 0.0916 -0.7056
vn -0.5853 0.0916 -0.8056
vn -0.8090 0.0249 -0.5873
vn -0.7048 0.0644 -0.7065
vn -0.8057 0.0914 -0.5852
vn -0.4544 0.0648 -0.8884
vn -0.4553 0.0249 -0.8900
vn -0.3082 0.0649 -0.9491
vn -0.3089 0.0248 -0.9508
vn -0.3077 0.0916 -0.9471
vn -0.4553 0.0059 -0.8903
vn -0.5879 0.0058 -0.8089
vn -0.5880 -0.0000 -0.8089
vn -0.3089 0.0059 -0.9511
vn -0.4553 -0.0000 -0.8903
vn -0.7058 0.0059 -0.7084
vn -0.7056 -0.0000 -0.7086
vn -0.8091 0.0057 -0.5877
vn 0.9508 0.0246 0.3089
vn 0.9853 0.0646 0.1581
vn 0.9489 0.0647 0.3090
vn 0.9471 0.0914 0.3076
vn 0.9997 0.0251 -0.0001
vn 0.9871 0.0246 0.1581
vn 0.9979 0.0645 -0.0000
vn 0.9833 0.0912 0.1576
vn 0.8917 0.0249 0.4520
vn 0.8075 0.0646 0.5864
vn 0.8088 0.0249 0.5875
vn 0.8902 0.0646 0.4510
vn 0.8883 0.0909 0.4502
vn 0.9510 0.0058 0.3093
vn 0.8921 0.0058 0.4519
vn 0.9509 -0.0000 0.3093
vn 0.8091 0.0057 0.5877
vn 0.8921 -0.0000 0.4519
vn 0.9873 0.0057 0.1588
vn 0.9873 -0.0000 0.1586
vn 1.0000 0.0061 0.0001
vn -0.9506 0.0249 -0.3094
vn -0.9854 0.0647 -0.1576
vn -0.9489 0.0647 -0.3087
vn -0.9833 0.0914 -0.1573
vn -0.9468 0.0916 -0.3084
vn -0.9872 0.0248 -0.1577
vn -0.9979 0.0647 0.0001
vn -0.8900 0.0647 -0.4513
vn -0.8916 0.0250 -0.4522
vn -0.8075 0.0646 -0.5863
vn -0.9510 0.0059 -0.3093
vn -0.8917 0.0058 -0.4527
vn -0.9510 -0.0000 -0.3093
vn -0.8917 -0.0000 -0.4527
vn -0.9874 0.0059 -0.1581
vn -0.9997 0.0250 -0.0000
vn -0.9874 -0.0000 -0.1581
vn -1.0000 0.0059 -0.0000
vn 0.5873 0.0249 0.8090
vn 0.7041 0.0648 0.7071
vn 0.5864 0.0647 0.8074
vn 0.5852 0.0912 0.8058
vn 0.7054 0.0249 0.7083
vn 0.8055 0.0911 0.5855
vn 0.7027 0.0914 0.7056
vn 0.4552 0.0247 0.8900
vn 0.3083 0.0644 0.9491
vn 0.3090 0.0248 0.9507
vn 0.4540 0.0911 0.8863
vn 0.4548 0.0648 0.8882
vn 0.5880 0.0057 0.8088
vn 0.4556 0.0057 0.8902
vn 0.5880 -0.0000 0.8088
vn 0.3091 0.0058 0.9510
vn 0.4556 -0.0000 0.8902
vn 0.7056 0.0056 0.7086
vn 0.7056 -0.0000 0.7086
vn -0.0000 0.0248 0.9997
vn 0.1544 0.0646 0.9859
vn -0.0000 0.0646 0.9979
vn 0.1537 0.0912 0.9839
vn -0.0000 0.0912 0.9958
vn 0.1550 0.0250 0.9876
vn 0.3079 0.0910 0.9471
vn -0.1544 0.0646 0.9859
vn -0.1550 0.0249 0.9876
vn -0.3089 0.0248 0.9508
vn -0.1537 0.0912 0.9839
vn -0.3078 0.0910 0.9471
vn -0.3083 0.0644 0.9491
vn 0.0001 0.0056 1.0000
vn -0.1546 0.0057 0.9880
vn 0.0001 -0.0000 1.0000
vn -0.3089 0.0059 0.9511
vn -0.1545 -0.0000 0.9880
vn 0.1543 0.0056 0.9880
vn 0.1543 -0.0000 0.9880
vn -0.5872 0.0249 0.8091
vn -0.4545 0.0648 0.8884
vn -0.5861 0.0648 0.8076
vn -0.5856 0.0911 0.8054
vn -0.4552 0.0249 0.8900
vn -0.4538 0.0913 0.8864
vn -0.7055 0.0249 0.7083
vn -0.7044 0.0649 0.7068
vn -0.8091 0.0249 0.5871
vn -0.7023 0.0918 0.7059
vn -0.8057 0.0914 0.5853
vn -0.8079 0.0646 0.5858
vn -0.5878 0.0058 0.8090
vn -0.7061 0.0058 0.7081
vn -0.5880 -0.0000 0.8089
vn -0.8093 0.0051 0.5874
vn -0.7061 -0.0000 0.7081
vn -0.4553 0.0059 0.8903
vn -0.4553 -0.0000 0.8903
vn -0.9506 0.0249 0.3094
vn -0.8899 0.0646 0.4515
vn -0.9489 0.0648 0.3089
vn -0.9471 0.0913 0.3078
vn -0.8916 0.0250 0.4522
vn -0.8883 0.0910 0.4502
vn -0.9854 0.0648 0.1576
vn -0.9871 0.0250 0.1579
vn -0.9832 0.0912 0.1581
vn -0.9874 0.0058 0.1582
vn -0.9510 0.0059 0.3093
vn -0.9510 -0.0000 0.3093
vn -0.9874 -0.0000 0.1582
vn -0.8917 0.0058 0.4527
vn -0.8917 -0.0000 0.4527
vn 0.4553 0.0247 -0.8900
vn 0.5870 0.0647 -0.8070
vn 0.5875 0.0249 -0.8088
vn 0.4533 0.0914 -0.8867
vn 0.5854 0.0909 -0.8056
vn 0.3082 0.0649 -0.9491
vn 0.4548 0.0649 -0.8882
vn 0.3077 0.0916 -0.9471
vn 0.7042 0.0647 -0.7070
vn 0.7054 0.0250 -0.7083
vn 0.8089 0.0249 -0.5874
vn 0.8056 0.0910 -0.5854
vn 0.8071 0.0646 -0.5869
vn 0.7057 0.0055 -0.7085
vn 0.5880 0.0056 -0.8088
vn 0.5880 -0.0000 -0.8089
vn 0.8087 0.0057 -0.5882
vn 0.7057 -0.0000 -0.7085
vn 0.4556 0.0057 -0.8902
vn 0.3090 0.0248 -0.9507
vn 0.4556 -0.0000 -0.8902
vn 0.3091 0.0058 -0.9510
vn -0.0000 0.0248 -0.9997
vn -0.1546 0.0647 -0.9859
vn -0.0000 0.0646 -0.9979
vn -0.1547 0.0912 -0.9838
vn -0.0000 0.0912 -0.9958
vn -0.1550 0.0249 -0.9876
vn 0.1546 0.0647 -0.9859
vn 0.1549 0.0250 -0.9876
vn 0.1541 0.0910 -0.9839
vn 0.1543 0.0056 -0.9880
vn 0.0001 0.0056 -1.0000
vn 0.0001 -0.0000 -1.0000
vn 0.1543 -0.0000 -0.9880
vn -0.1546 0.0057 -0.9880
vn -0.1545 -0.0000 -0.9880
vn 0.9508 0.0248 -0.3089
vn 0.8903 0.0647 -0.4508
vn 0.9490 0.0648 -0.3086
vn 0.9470 0.0908 -0.3081
vn 0.8916 0.0248 -0.4521
vn 0.8881 0.0918 -0.4505
vn 0.9853 0.0645 -0.1582
vn 0.9872 0.0249 -0.1576
vn 0.9833 0.0910 -0.1577
vn 0.9873 0.0059 -0.1588
vn 0.9510 0.0056 -0.3090
vn 0.9509 -0.0000 -0.3093
vn 0.9873 -0.0000 -0.1590
vn 0.8921 0.0058 -0.4519
vn 0.8921 -0.0000 -0.4519
vn -0.3889 -0.0000 -0.9213
vn -0.3366 -0.0000 -0.9417
vn -0.2506 -0.0000 -0.9681
vn -0.4170 -0.0000 -0.9089
vn -0.4258 -0.0000 -0.9048
vn 0.0020 -0.0000 -1.0000
vn 0.1534 -0.0000 -0.9882
vn 0.1531 -0.0000 -0.9882
vn 0.3088 -0.0000 -0.9511
vn -0.1343 -0.0000 -0.9909
vn 0.5878 -0.0000 -0.8090
vn 0.8090 -0.0000 -0.5878
vn 0.4557 -0.0000 -0.8901
vn -0.3889 -0.0000 0.9213
vn -0.4170 -0.0000 0.9089
vn -0.4263 -0.0000 0.9046
vn -0.4258 -0.0000 0.9048
vn -0.3366 -0.0000 0.9417
vn -0.2506 -0.0000 0.9681
vn 0.0020 -0.0000 1.0000
vn -0.1343 -0.0000 0.9909
vn 0.1531 -0.0000 0.9882
vn 0.3088 -0.0000 0.9511
vn 0.5881 -0.0000 0.8088
vn 0.4561 -0.0000 0.8899
vn 0.5877 -0.0000 0.8091
vn 0.5876 -0.0000 0.8092
vn 0.7055 -0.0000 0.7087
vn 0.8089 -0.0000 0.5879
vn 0.9511 -0.0000 -0.3089
vn 0.9873 -0.0000 -0.1587
vn 0.8920 -0.0000 -0.4521
vn 0.9511 -0.0000 0.3090
vn 0.8920 -0.0000 0.4520
vn 0.9873 -0.0000 0.1587
vn 0.1380 0.4332 -0.8907
vn 0.0020 0.4328 -0.9015
vn 0.0022 0.4331 -0.9013
vn 0.1382 0.4332 -0.8906
vn 0.0019 0.4324 -0.9017
vn 0.2786 0.4331 -0.8572
vn 0.2786 0.4336 -0.8570
vn 0.1382 0.4329 -0.8908
vn -0.1190 0.4301 -0.8949
vn -0.1156 0.4302 -0.8953
vn -0.2202 0.4203 -0.8803
vn -0.2109 0.4200 -0.8827
vn -0.1205 0.4304 -0.8946
vn -0.2247 0.4223 -0.8782
vn 0.0025 0.4331 -0.9013
vn -0.1118 0.4300 -0.8959
vn 0.0027 0.4332 -0.9013
vn -0.2014 0.4202 -0.8848
vn -0.1096 0.4290 -0.8966
vn 0.1375 0.4334 -0.8907
vn 0.2784 0.4332 -0.8572
vn 0.1369 0.4340 -0.8905
vn 0.2786 0.4333 -0.8571
vn 0.8038 0.4334 0.4075
vn 0.8572 0.4332 0.2785
vn 0.8572 0.4331 0.2786
vn 0.8038 0.4331 0.4078
vn 0.8572 0.4331 0.2784
vn 0.7291 0.4335 0.5296
vn 0.7292 0.4331 0.5299
vn 0.8039 0.4330 0.4077
vn 0.8898 0.4333 0.1430
vn 0.8899 0.4332 0.1428
vn 0.9011 0.4335 -0.0000
vn 0.8901 0.4329 0.1429
vn 0.9012 0.4333 -0.0000
vn 0.8899 0.4332 0.1429
vn 0.8573 0.4331 0.2785
vn 0.8897 0.4335 0.1431
vn 0.8571 0.4337 0.2780
vn 0.9013 0.4332 -0.0000
vn 0.8039 0.4328 0.4079
vn 0.7292 0.4331 0.5298
vn 0.8040 0.4331 0.4075
vn -0.3231 0.3635 0.8737
vn -0.3732 0.3167 0.8720
vn -0.3433 0.3620 0.8666
vn -0.3859 0.3223 0.8644
vn -0.3543 0.3677 0.8598
vn -0.3503 0.3192 0.8806
vn -0.3766 0.2743 0.8848
vn -0.3920 0.2794 0.8765
vn -0.2793 0.3982 0.8737
vn -0.2949 0.3976 0.8689
vn -0.2110 0.4204 0.8825
vn -0.3031 0.4018 0.8641
vn -0.2202 0.4203 0.8803
vn -0.2638 0.3987 0.8783
vn -0.3032 0.3651 0.8802
vn -0.2545 0.3944 0.8830
vn -0.2915 0.3602 0.8862
vn -0.2016 0.4203 0.8847
vn -0.1955 0.4172 0.8875
vn -0.3273 0.3213 0.8886
vn -0.3523 0.2768 0.8940
vn -0.3140 0.3156 0.8954
vn -0.3285 0.2794 0.9022
vn 0.6361 0.4332 -0.6386
vn 0.5297 0.4331 -0.7293
vn 0.5299 0.4331 -0.7291
vn 0.6360 0.4333 -0.6386
vn 0.5298 0.4328 -0.7293
vn 0.7292 0.4334 -0.5296
vn 0.6360 0.4332 -0.6386
vn 0.7291 0.4333 -0.5298
vn 0.4106 0.4328 -0.8026
vn 0.4107 0.4333 -0.8022
vn 0.4106 0.4337 -0.8021
vn 0.4110 0.4334 -0.8020
vn 0.5298 0.4335 -0.7289
vn 0.4111 0.4336 -0.8019
vn 0.5299 0.4327 -0.7294
vn 0.6359 0.4333 -0.6386
vn 0.6358 0.4332 -0.6388
vn 0.7291 0.4333 -0.5299
vn 0.4105 0.4332 0.8024
vn 0.5298 0.4327 0.7294
vn 0.5298 0.4332 0.7292
vn 0.4108 0.4332 0.8022
vn 0.5299 0.4328 0.7293
vn 0.2785 0.4336 0.8570
vn 0.2786 0.4336 0.8570
vn 0.4110 0.4337 0.8019
vn 0.6361 0.4332 0.6385
vn 0.6363 0.4328 0.6386
vn 0.6362 0.4329 0.6386
vn 0.6361 0.4333 0.6385
vn 0.5296 0.4334 0.7292
vn 0.6358 0.4332 0.6388
vn 0.5299 0.4327 0.7293
vn 0.4108 0.4333 0.8022
vn 0.2788 0.4331 0.8571
vn 0.4110 0.4329 0.8023
vn 0.2787 0.4331 0.8572
vn 0.8898 0.4333 -0.1430
vn 0.8572 0.4332 -0.2785
vn 0.8572 0.4331 -0.2786
vn 0.8899 0.4332 -0.1429
vn 0.8574 0.4328 -0.2786
vn 0.8900 0.4329 -0.1429
vn 0.8039 0.4333 -0.4074
vn 0.8038 0.4333 -0.4075
vn 0.8039 0.4333 -0.4075
vn 0.8040 0.4329 -0.4077
vn 0.8573 0.4330 -0.2785
vn 0.8040 0.4331 -0.4075
vn 0.8571 0.4336 -0.2781
vn 0.8899 0.4331 -0.1429
vn 0.8899 0.4331 -0.1430
vn -0.2793 0.3978 -0.8739
vn -0.3433 0.3620 -0.8666
vn -0.3233 0.3639 -0.8735
vn -0.2948 0.3975 -0.8690
vn -0.3542 0.3672 -0.8601
vn -0.3031 0.4018 -0.8641
vn -0.3732 0.3172 -0.8719
vn -0.3502 0.3192 -0.8806
vn -0.3766 0.2743 -0.8848
vn -0.3523 0.2768 -0.8940
vn -0.3859 0.3226 -0.8643
vn -0.3920 0.2794 -0.8765
vn -0.3034 0.3652 -0.8801
vn -0.3273 0.3213 -0.8886
vn -0.2915 0.3602 -0.8862
vn -0.3284 0.2797 -0.9022
vn -0.3140 0.3156 -0.8954
vn -0.2640 0.3988 -0.8782
vn -0.2546 0.3953 -0.8825
vn -0.1954 0.4182 -0.8871
vn 0.0022 0.4331 0.9013
vn -0.1190 0.4301 0.8949
vn 0.0020 0.4327 0.9015
vn -0.1205 0.4309 0.8943
vn 0.0019 0.4324 0.9017
vn -0.1156 0.4302 0.8953
vn -0.2247 0.4223 0.8782
vn 0.1381 0.4333 0.8906
vn 0.1382 0.4332 0.8906
vn 0.1382 0.4329 0.8908
vn 0.1378 0.4333 0.8907
vn 0.0025 0.4331 0.9013
vn 0.1369 0.4335 0.8907
vn 0.0027 0.4332 0.9013
vn -0.1121 0.4301 0.8958
vn -0.1097 0.4294 0.8964
vn -0.7029 -0.0832 -0.7064
vn -0.5826 -0.1245 -0.8032
vn -0.5859 -0.0825 -0.8062
vn -0.7001 -0.1241 -0.7032
vn -0.5817 -0.1369 -0.8018
vn -0.8064 -0.0833 -0.5854
vn -0.8031 -0.1239 -0.5828
vn -0.6998 -0.1363 -0.7012
vn -0.4525 -0.1237 -0.8832
vn -0.4544 -0.0826 -0.8870
vn -0.3085 -0.0830 -0.9476
vn -0.4514 -0.1370 -0.8817
vn -0.3067 -0.1238 -0.9437
vn -0.4557 -0.0015 -0.8901
vn -0.5884 -0.0015 -0.8086
vn -0.5869 0.0515 -0.8080
vn -0.3089 -0.0012 -0.9511
vn -0.4551 0.0511 -0.8890
vn -0.7058 -0.0014 -0.7084
vn -0.7045 0.0517 -0.7078
vn -0.8091 -0.0012 -0.5877
vn 0.9840 -0.0819 0.1585
vn 0.9437 -0.1242 0.3065
vn 0.9478 -0.0821 0.3081
vn 0.9781 -0.1369 0.1569
vn 0.9420 -0.1374 0.3063
vn 0.9966 -0.0826 -0.0004
vn 0.9797 -0.1244 0.1573
vn 0.9923 -0.1240 0.0001
vn 0.8890 -0.0823 0.4505
vn 0.8853 -0.1244 0.4480
vn 0.8062 -0.0829 0.5858
vn 0.8834 -0.1369 0.4482
vn 0.8012 -0.1369 0.5826
vn 0.8027 -0.1241 0.5834
vn 0.9509 -0.0012 0.3096
vn 0.8908 0.0514 0.4515
vn 0.9496 0.0512 0.3093
vn 0.8918 -0.0019 0.4525
vn 0.8089 -0.0017 0.5879
vn 0.9874 -0.0012 0.1582
vn 0.9987 0.0513 -0.0000
vn 1.0000 -0.0016 -0.0003
vn -0.9478 -0.0828 -0.3080
vn -0.9797 -0.1244 -0.1571
vn -0.9435 -0.1243 -0.3072
vn -0.9781 -0.1365 -0.1569
vn -0.9422 -0.1366 -0.3059
vn -0.9966 -0.0828 -0.0001
vn -0.9840 -0.0828 -0.1578
vn -0.9906 -0.1364 0.0001
vn -0.8889 -0.0830 -0.4506
vn -0.8849 -0.1243 -0.4489
vn -0.8835 -0.1370 -0.4479
vn -0.8012 -0.1369 -0.5825
vn -0.9508 -0.0010 -0.3098
vn -0.8907 0.0519 -0.4517
vn -0.9499 0.0511 -0.3083
vn -0.8918 -0.0006 -0.4525
vn -0.8078 0.0514 -0.5872
vn -0.9873 -0.0009 -0.1587
vn -1.0000 -0.0009 -0.0001
vn -0.9987 0.0515 -0.0000
vn 0.5857 -0.0826 0.8063
vn 0.6999 -0.1240 0.7034
vn 0.5833 -0.1242 0.8027
vn 0.5827 -0.1367 0.8011
vn 0.7030 -0.0827 0.7063
vn 0.6992 -0.1368 0.7017
vn 0.4525 -0.1244 0.8830
vn 0.4542 -0.0829 0.8870
vn 0.3064 -0.1243 0.9437
vn 0.3079 -0.0829 0.9478
vn 0.4515 -0.1370 0.8817
vn 0.4555 -0.0012 0.8902
vn 0.5880 -0.0007 0.8089
vn 0.5871 0.0520 0.8078
vn 0.3092 -0.0012 0.9510
vn 0.4546 0.0510 0.8893
vn 0.7058 -0.0013 0.7084
vn 0.7049 0.0518 0.7074
vn 0.8082 0.0518 0.5867
vn 0.1536 -0.0827 0.9847
vn -0.0001 -0.1248 0.9922
vn -0.0001 -0.0826 0.9966
vn 0.1530 -0.1242 0.9804
vn -0.0000 -0.1368 0.9906
vn 0.1537 -0.1364 0.9787
vn -0.1528 -0.1241 0.9804
vn -0.1538 -0.0826 0.9846
vn -0.3065 -0.1240 0.9438
vn -0.3085 -0.0830 0.9476
vn -0.1537 -0.1364 0.9787
vn -0.1541 -0.0011 0.9881
vn -0.0001 -0.0011 1.0000
vn -0.0000 0.0518 0.9987
vn -0.3091 -0.0015 0.9510
vn -0.3091 0.0517 0.9496
vn -0.1541 0.0522 0.9867
vn 0.1543 -0.0011 0.9880
vn 0.3091 0.0516 0.9496
vn -0.5859 -0.0825 0.8062
vn -0.4524 -0.1245 0.8831
vn -0.5827 -0.1248 0.8030
vn -0.5825 -0.1368 0.8012
vn -0.4544 -0.0826 0.8870
vn -0.4510 -0.1370 0.8819
vn -0.7029 -0.0833 0.7064
vn -0.7001 -0.1241 0.7031
vn -0.8062 -0.0827 0.5858
vn -0.6998 -0.1361 0.7012
vn -0.8031 -0.1239 0.5828
vn -0.5885 -0.0008 0.8085
vn -0.7043 0.0508 0.7081
vn -0.5874 0.0517 0.8076
vn -0.8087 -0.0004 0.5883
vn -0.7057 -0.0010 0.7085
vn -0.8079 0.0513 0.5870
vn -0.4555 -0.0013 0.8903
vn -0.4543 0.0503 0.8894
vn -0.9477 -0.0831 0.3081
vn -0.8849 -0.1243 0.4490
vn -0.9436 -0.1242 0.3070
vn -0.8835 -0.1370 0.4479
vn -0.9421 -0.1365 0.3063
vn -0.8889 -0.0826 0.4506
vn -0.8012 -0.1369 0.5825
vn -0.9839 -0.0827 0.1585
vn -0.9797 -0.1244 0.1573
vn -0.9781 -0.1365 0.1570
vn -0.9923 -0.1241 0.0001
vn -0.9510 -0.0009 0.3093
vn -0.9873 -0.0009 0.1591
vn -0.9499 0.0511 0.3083
vn -0.9861 0.0506 0.1582
vn -0.8920 -0.0007 0.4520
vn -0.8910 0.0513 0.4511
vn 0.5857 -0.0827 -0.8063
vn 0.4523 -0.1239 -0.8832
vn 0.5833 -0.1242 -0.8027
vn 0.5822 -0.1363 -0.8015
vn 0.4542 -0.0829 -0.8870
vn 0.3068 -0.1240 -0.9437
vn 0.4513 -0.1364 -0.8819
vn 0.6999 -0.1240 -0.7034
vn 0.7030 -0.0827 -0.7063
vn 0.8027 -0.1241 -0.5834
vn 0.8063 -0.0831 -0.5856
vn 0.6990 -0.1364 -0.7020
vn 0.5879 -0.0015 -0.8089
vn 0.7059 -0.0016 -0.7083
vn 0.5871 0.0509 -0.8079
vn 0.8079 0.0515 -0.5871
vn 0.7051 0.0516 -0.7073
vn 0.4556 -0.0015 -0.8902
vn 0.3089 -0.0012 -0.9511
vn 0.3082 -0.0830 -0.9477
vn 0.4553 0.0509 -0.8889
vn -0.0000 -0.0826 -0.9966
vn -0.1525 -0.1238 -0.9805
vn -0.0000 -0.1240 -0.9923
vn -0.0000 -0.1364 -0.9907
vn -0.1533 -0.0828 -0.9847
vn -0.1529 -0.1368 -0.9787
vn 0.1525 -0.1238 -0.9805
vn 0.1536 -0.0829 -0.9847
vn 0.1530 -0.1368 -0.9787
vn 0.1542 -0.0011 -0.9880
vn -0.0000 -0.0010 -1.0000
vn -0.0000 0.0518 -0.9987
vn 0.3091 0.0517 -0.9496
vn 0.1541 0.0522 -0.9867
vn -0.1541 -0.0011 -0.9881
vn -0.3091 0.0516 -0.9496
vn 0.8890 -0.0827 -0.4504
vn 0.9437 -0.1242 -0.3066
vn 0.9479 -0.0820 -0.3080
vn 0.8836 -0.1374 -0.4476
vn 0.9420 -0.1374 -0.3063
vn 0.8853 -0.1244 -0.4480
vn 0.8011 -0.1369 -0.5826
vn 0.9797 -0.1244 -0.1571
vn 0.9841 -0.0822 -0.1576
vn 0.9781 -0.1368 -0.1569
vn 0.9875 -0.0009 -0.1575
vn 0.9508 -0.0013 -0.3100
vn 0.9496 0.0510 -0.3093
vn 0.9862 0.0500 -0.1575
vn 0.8091 -0.0019 -0.5876
vn 0.8908 0.0514 -0.4515
vn 0.8920 -0.0019 -0.4520
vn 0.3702 -0.5836 -0.7227
vn 0.4772 -0.5836 -0.6570
vn 0.4774 -0.5837 -0.6568
vn 0.3702 -0.5832 -0.7231
vn 0.4772 -0.5838 -0.6569
vn 0.2512 -0.5836 -0.7722
vn 0.2510 -0.5834 -0.7724
vn 0.3700 -0.5829 -0.7234
vn 0.5725 -0.5842 -0.5752
vn 0.5734 -0.5829 -0.5756
vn 0.6567 -0.5842 -0.4769
vn 0.5737 -0.5831 -0.5752
vn 0.6571 -0.5833 -0.4773
vn 0.5728 -0.5842 -0.5750
vn 0.4775 -0.5839 -0.6566
vn 0.5726 -0.5843 -0.5751
vn 0.4776 -0.5837 -0.6566
vn 0.6567 -0.5841 -0.4770
vn 0.6566 -0.5839 -0.4774
vn 0.3702 -0.5840 -0.7224
vn 0.2512 -0.5834 -0.7724
vn 0.3707 -0.5846 -0.7217
vn 0.2507 -0.5840 -0.7720
vn 0.7240 -0.5838 -0.3674
vn 0.7731 -0.5827 -0.2508
vn 0.7724 -0.5835 -0.2508
vn 0.7244 -0.5837 -0.3668
vn 0.7726 -0.5833 -0.2509
vn 0.7242 -0.5840 -0.3668
vn 0.8016 -0.5839 -0.1285
vn 0.8023 -0.5832 -0.1277
vn 0.8117 -0.5841 -0.0000
vn 0.8008 -0.5848 -0.1292
vn 0.8114 -0.5845 -0.0000
vn 0.8021 -0.5833 -0.1280
vn 0.7720 -0.5839 -0.2510
vn 0.7720 -0.5842 -0.2505
vn 0.8123 -0.5832 0.0001
vn 0.8122 -0.5834 -0.0000
vn 0.8019 -0.5834 -0.1288
vn 0.7239 -0.5837 -0.3677
vn 0.7242 -0.5839 -0.3669
vn 0.8021 -0.5833 0.1279
vn 0.7730 -0.5826 0.2510
vn 0.7723 -0.5836 0.2510
vn 0.8016 -0.5838 0.1287
vn 0.7724 -0.5835 0.2508
vn 0.8009 -0.5847 0.1294
vn 0.7242 -0.5837 0.3673
vn 0.7244 -0.5834 0.3673
vn 0.6570 -0.5837 0.4771
vn 0.7243 -0.5836 0.3670
vn 0.6572 -0.5835 0.4772
vn 0.7242 -0.5836 0.3673
vn 0.7722 -0.5837 0.2512
vn 0.7721 -0.5838 0.2511
vn 0.6565 -0.5843 0.4771
vn 0.6563 -0.5843 0.4774
vn 0.7245 -0.5831 0.3675
vn 0.8021 -0.5833 0.1280
vn 0.8019 -0.5835 0.1285
vn 0.5725 -0.5841 0.5754
vn 0.4773 -0.5835 0.6570
vn 0.4774 -0.5837 0.6568
vn 0.5730 -0.5838 0.5753
vn 0.4773 -0.5836 0.6569
vn 0.5730 -0.5835 0.5756
vn 0.3702 -0.5837 0.7227
vn 0.3702 -0.5832 0.7231
vn 0.2512 -0.5836 0.7722
vn 0.3700 -0.5829 0.7234
vn 0.2510 -0.5834 0.7724
vn 0.3702 -0.5834 0.7229
vn 0.4777 -0.5837 0.6566
vn 0.3703 -0.5834 0.7228
vn 0.4783 -0.5838 0.6561
vn 0.2507 -0.5839 0.7722
vn 0.2508 -0.5839 0.7721
vn 0.5724 -0.5844 0.5753
vn 0.5726 -0.5843 0.5751
vn 0.0002 -0.5843 0.8116
vn 0.1255 -0.5831 0.8026
vn 0.0002 -0.5831 0.8124
vn -0.0000 -0.5832 0.8124
vn 0.1252 -0.5839 0.8021
vn 0.1253 -0.5838 0.8021
vn -0.1254 -0.5839 0.8021
vn -0.1261 -0.5837 0.8021
vn -0.2511 -0.5837 0.7722
vn -0.1253 -0.5839 0.8021
vn -0.2510 -0.5836 0.7723
vn -0.1249 -0.5843 0.8019
vn -0.0000 -0.5836 0.8120
vn -0.1253 -0.5838 0.8022
vn -0.0000 -0.5830 0.8124
vn -0.2511 -0.5840 0.7719
vn -0.2510 -0.5840 0.7720
vn 0.1249 -0.5842 0.8019
vn 0.1253 -0.5838 0.8022
vn -0.3702 -0.5836 0.7227
vn -0.4768 -0.5841 0.6569
vn -0.4775 -0.5836 0.6568
vn -0.3699 -0.5838 0.7227
vn -0.4769 -0.5840 0.6569
vn -0.3699 -0.5839 0.7227
vn -0.5728 -0.5839 0.5753
vn -0.5724 -0.5840 0.5755
vn -0.6570 -0.5837 0.4772
vn -0.5730 -0.5841 0.5748
vn -0.6572 -0.5836 0.4770
vn -0.5724 -0.5843 0.5752
vn -0.4777 -0.5836 0.6566
vn -0.5726 -0.5843 0.5750
vn -0.4779 -0.5836 0.6565
vn -0.6565 -0.5844 0.4771
vn -0.6563 -0.5843 0.4774
vn -0.3702 -0.5834 0.7229
vn -0.3705 -0.5831 0.7230
vn -0.7242 -0.5837 0.3672
vn -0.7721 -0.5837 0.2514
vn -0.7723 -0.5836 0.2510
vn -0.7241 -0.5836 0.3676
vn -0.7722 -0.5835 0.2514
vn -0.7240 -0.5837 0.3677
vn -0.8014 -0.5842 0.1282
vn -0.8016 -0.5840 0.1283
vn -0.8114 -0.5845 -0.0000
vn -0.8021 -0.5833 0.1281
vn -0.8117 -0.5841 -0.0000
vn -0.7722 -0.5837 0.2511
vn -0.8015 -0.5840 0.1288
vn -0.7723 -0.5835 0.2512
vn -0.8123 -0.5832 0.0001
vn -0.8120 -0.5837 -0.0000
vn -0.7242 -0.5836 0.3673
vn -0.1251 -0.5839 -0.8021
vn -0.0000 -0.5834 -0.8122
vn -0.1253 -0.5833 -0.8025
vn 0.0001 -0.5838 -0.8119
vn -0.2511 -0.5837 -0.7722
vn -0.2510 -0.5836 -0.7723
vn -0.1256 -0.5833 -0.8025
vn 0.1251 -0.5838 -0.8022
vn 0.1251 -0.5832 -0.8027
vn 0.1255 -0.5833 -0.8025
vn 0.1252 -0.5840 -0.8021
vn -0.0000 -0.5838 -0.8119
vn 0.1253 -0.5837 -0.8022
vn -0.0000 -0.5844 -0.8114
vn -0.1249 -0.5843 -0.8019
vn -0.2506 -0.5840 -0.7721
vn -0.1255 -0.5838 -0.8022
vn -0.2507 -0.5840 -0.7721
vn -0.5725 -0.5843 -0.5752
vn -0.4768 -0.5841 -0.6569
vn -0.4774 -0.5836 -0.6569
vn -0.5730 -0.5837 -0.5752
vn -0.4768 -0.5844 -0.6566
vn -0.6566 -0.5843 -0.4770
vn -0.6572 -0.5834 -0.4772
vn -0.5740 -0.5831 -0.5750
vn -0.3702 -0.5836 -0.7227
vn -0.3701 -0.5835 -0.7229
vn -0.3699 -0.5837 -0.7228
vn -0.3702 -0.5840 -0.7224
vn -0.4775 -0.5838 -0.6566
vn -0.3704 -0.5842 -0.7221
vn -0.4777 -0.5837 -0.6566
vn -0.5729 -0.5839 -0.5751
vn -0.6567 -0.5841 -0.4770
vn -0.5727 -0.5843 -0.5750
vn -0.6566 -0.5839 -0.4774
vn -0.8016 -0.5840 -0.1280
vn -0.7722 -0.5836 -0.2512
vn -0.7724 -0.5835 -0.2508
vn -0.8015 -0.5841 -0.1282
vn -0.7722 -0.5836 -0.2513
vn -0.8019 -0.5836 -0.1281
vn -0.7240 -0.5838 -0.3673
vn -0.7241 -0.5836 -0.3676
vn -0.7240 -0.5837 -0.3677
vn -0.7240 -0.5838 -0.3675
vn -0.7720 -0.5840 -0.2510
vn -0.7241 -0.5839 -0.3670
vn -0.7719 -0.5842 -0.2508
vn -0.8021 -0.5833 -0.1281
vn -0.4329 0.3137 -0.8451
vn -0.5684 0.2524 -0.7831
vn -0.5585 0.3134 -0.7681
vn -0.4459 0.2034 -0.8717
vn -0.5752 0.2037 -0.7923
vn -0.2931 0.3139 -0.9031
vn -0.4411 0.2521 -0.8613
vn -0.2992 0.2518 -0.9204
vn -0.6697 0.3141 -0.6729
vn -0.6826 0.2521 -0.6859
vn -0.7681 0.3144 -0.5579
vn -0.6912 0.2032 -0.6936
vn -0.7832 0.2519 -0.5684
vn -0.5642 0.2810 -0.7763
vn -0.6775 0.2802 -0.6801
vn -0.5716 0.2334 -0.7867
vn -0.7763 0.2802 -0.5646
vn -0.7866 0.2328 -0.5719
vn -0.6859 0.2327 -0.6894
vn -0.4377 0.2807 -0.8542
vn -0.2965 0.2810 -0.9128
vn -0.4435 0.2331 -0.8654
vn 0.8471 0.3133 0.4293
vn 0.9204 0.2517 0.2992
vn 0.9031 0.3133 0.2937
vn 0.8630 0.2523 0.4377
vn 0.9310 0.2033 0.3030
vn 0.7684 0.3141 0.5575
vn 0.7831 0.2521 0.5685
vn 0.8734 0.2035 0.4424
vn 0.9555 0.2520 0.1534
vn 0.9377 0.3133 0.1504
vn 0.9495 0.3138 0.0001
vn 0.9668 0.2032 0.1551
vn 0.9676 0.2525 0.0001
vn 0.9478 0.2805 0.1518
vn 0.9128 0.2807 0.2967
vn 0.9247 0.2330 0.3009
vn 0.9598 0.2808 -0.0000
vn 0.9724 0.2332 -0.0000
vn 0.9600 0.2340 0.1538
vn 0.8557 0.2808 0.4347
vn 0.7765 0.2810 0.5640
vn 0.8673 0.2334 0.4396
vn -0.9031 0.3131 -0.2938
vn -0.8632 0.2519 -0.4376
vn -0.9201 0.2525 -0.2995
vn -0.9310 0.2033 -0.3033
vn -0.8472 0.3131 -0.4292
vn -0.8733 0.2036 -0.4426
vn -0.9376 0.3135 -0.1504
vn -0.9553 0.2526 -0.1535
vn -0.9495 0.3138 0.0001
vn -0.9668 0.2032 -0.1550
vn -0.9676 0.2524 0.0006
vn -0.9478 0.2804 -0.1520
vn -0.9130 0.2801 -0.2965
vn -0.9599 0.2337 -0.1548
vn -0.9249 0.2336 -0.2999
vn -0.9601 0.2797 -0.0000
vn -0.9724 0.2334 -0.0000
vn -0.8561 0.2796 -0.4347
vn -0.8674 0.2332 -0.4395
vn 0.4325 0.3131 0.8455
vn 0.5683 0.2522 0.7832
vn 0.5580 0.3131 0.7685
vn 0.4463 0.2038 0.8714
vn 0.5751 0.2037 0.7923
vn 0.2938 0.3136 0.9029
vn 0.4418 0.2519 0.8610
vn 0.2991 0.2521 0.9203
vn 0.6698 0.3139 0.6730
vn 0.6829 0.2520 0.6857
vn 0.6911 0.2032 0.6936
vn 0.5650 0.2803 0.7760
vn 0.6860 0.2332 0.6892
vn 0.5721 0.2327 0.7865
vn 0.6775 0.2810 0.6798
vn 0.7870 0.2326 0.5714
vn 0.4371 0.2803 0.8546
vn 0.2965 0.2807 0.9129
vn 0.3007 0.2339 0.9246
vn -0.1466 0.3132 0.9383
vn -0.0001 0.2519 0.9678
vn 0.0002 0.3131 0.9497
vn -0.1511 0.2040 0.9673
vn -0.0002 0.2041 0.9789
vn -0.2938 0.3137 0.9029
vn -0.1494 0.2516 0.9562
vn -0.2991 0.2521 0.9203
vn 0.1465 0.3135 0.9382
vn 0.1495 0.2517 0.9562
vn 0.1514 0.2031 0.9674
vn 0.1480 0.2807 0.9483
vn 0.0005 0.2809 0.9597
vn 0.0005 0.2339 0.9723
vn 0.1497 0.2325 0.9610
vn -0.1488 0.2807 0.9482
vn -0.1505 0.2330 0.9608
vn -0.3006 0.2337 0.9247
vn -0.2965 0.2808 0.9128
vn -0.6698 0.3140 0.6729
vn -0.5683 0.2522 0.7832
vn -0.5580 0.3132 0.7684
vn -0.6829 0.2520 0.6856
vn -0.5752 0.2037 0.7923
vn -0.7681 0.3139 0.5581
vn -0.7832 0.2520 0.5685
vn -0.6912 0.2032 0.6936
vn -0.4328 0.3129 0.8454
vn -0.4412 0.2521 0.8613
vn -0.4463 0.2038 0.8714
vn -0.4371 0.2803 0.8546
vn -0.5651 0.2803 0.7760
vn -0.5722 0.2327 0.7864
vn -0.4423 0.2351 0.8655
vn -0.6773 0.2807 0.6800
vn -0.6857 0.2337 0.6893
vn -0.7866 0.2330 0.5718
vn -0.7766 0.2798 0.5644
vn -0.9032 0.3136 0.2929
vn -0.9555 0.2519 0.1534
vn -0.9204 0.2518 0.2992
vn -0.9311 0.2033 0.3030
vn -0.9376 0.3134 0.1504
vn -0.9668 0.2032 0.1551
vn -0.8471 0.3134 0.4292
vn -0.8630 0.2517 0.4379
vn -0.8732 0.2041 0.4426
vn -0.8561 0.2802 0.4342
vn -0.9130 0.2800 0.2969
vn -0.8677 0.2332 0.4390
vn -0.9248 0.2337 0.3002
vn -0.9478 0.2801 0.1521
vn 0.6697 0.3140 -0.6729
vn 0.5685 0.2524 -0.7830
vn 0.5584 0.3133 -0.7681
vn 0.6827 0.2525 -0.6857
vn 0.5751 0.2036 -0.7923
vn 0.7681 0.3144 -0.5579
vn 0.7834 0.2512 -0.5684
vn 0.6912 0.2032 -0.6936
vn 0.4329 0.3137 -0.8451
vn 0.4412 0.2521 -0.8613
vn 0.2934 0.3137 -0.9031
vn 0.4459 0.2034 -0.8717
vn 0.2992 0.2518 -0.9204
vn 0.4377 0.2807 -0.8542
vn 0.5641 0.2808 -0.7765
vn 0.5713 0.2337 -0.7868
vn 0.2967 0.2813 -0.9126
vn 0.4435 0.2331 -0.8654
vn 0.7761 0.2811 -0.5645
vn 0.6867 0.2331 -0.6886
vn 0.6777 0.2803 -0.6798
vn 0.7868 0.2333 -0.5715
vn 0.1462 0.3131 -0.9384
vn -0.0000 0.2523 -0.9677
vn -0.0000 0.3129 -0.9498
vn 0.1516 0.2036 -0.9673
vn -0.0000 0.2044 -0.9789
vn 0.1491 0.2523 -0.9561
vn -0.1464 0.3133 -0.9383
vn -0.1486 0.2521 -0.9562
vn -0.1516 0.2035 -0.9673
vn -0.0000 0.2810 -0.9597
vn -0.1505 0.2330 -0.9608
vn -0.0000 0.2344 -0.9721
vn -0.1489 0.2796 -0.9485
vn -0.3011 0.2333 -0.9246
vn 0.1486 0.2799 -0.9485
vn 0.1504 0.2330 -0.9608
vn 0.3011 0.2333 -0.9246
vn 0.9376 0.3134 -0.1504
vn 0.9203 0.2520 -0.2993
vn 0.9031 0.3135 -0.2935
vn 0.9668 0.2032 -0.1550
vn 0.9312 0.2032 -0.3028
vn 0.9553 0.2524 -0.1540
vn 0.8632 0.2522 -0.4374
vn 0.8472 0.3131 -0.4292
vn 0.8733 0.2036 -0.4426
vn 0.8558 0.2806 -0.4345
vn 0.9129 0.2803 -0.2968
vn 0.8675 0.2337 -0.4392
vn 0.9246 0.2336 -0.3009
vn 0.9478 0.2806 -0.1517
vn 0.9601 0.2334 -0.1542
vn -0.0000 1.0000 0.0001
vn -0.0000 1.0000 -0.0001
vn -0.9511 -0.0000 -0.3088
vn -0.8920 -0.0000 -0.4521
vn -0.8092 -0.0000 -0.5876
vn -0.9873 -0.0000 -0.1587
vn -0.9511 -0.0000 0.3090
vn -0.9873 -0.0000 0.1587
vn -0.8920 -0.0000 0.4520
vn -0.8091 -0.0000 0.5876
vn -0.5875 -0.0000 -0.8092
vn -0.4557 -0.0000 -0.8901
vn -0.3089 -0.0000 -0.9511
vn -0.5881 -0.0000 -0.8088
vn -0.7058 -0.0000 -0.7084
vn -0.7058 -0.0000 -0.7085
vn 0.1546 -0.0000 -0.9880
vn 0.1541 -0.0000 -0.9881
vn -0.1547 -0.0000 -0.9880
vn 0.5877 -0.0000 -0.8090
vn -0.5878 -0.0000 0.8090
vn -0.7056 -0.0000 0.7087
vn -0.7055 -0.0000 0.7087
vn -0.4557 -0.0000 0.8901
vn -0.3090 -0.0000 0.9511
vn -0.3089 -0.0000 0.9511
vn -0.1547 -0.0000 0.9880
vn 0.1546 -0.0000 0.9880
vn 0.1541 -0.0000 0.9881
vn 0.4557 -0.0000 0.8901
vn 0.5878 -0.0000 0.8090
vn 0.5945 -0.7806 -0.1931
vn 0.5573 -0.7808 -0.2823
vn 0.5949 -0.7802 -0.1934
vn 0.5944 -0.7805 -0.1935
vn 0.5059 -0.7806 -0.3670
vn 0.5580 -0.7800 -0.2831
vn 0.5058 -0.7805 -0.3674
vn 0.5568 -0.7810 -0.2828
vn 0.6169 -0.7808 -0.0992
vn 0.6181 -0.7799 -0.0984
vn 0.6248 -0.7808 -0.0000
vn 0.6175 -0.7803 -0.0989
vn 0.6253 -0.7804 -0.0000
vn 0.5941 -0.7809 -0.1928
vn 0.6165 -0.7811 -0.0989
vn 0.5951 -0.7801 -0.1933
vn 0.6166 -0.7810 -0.0991
vn 0.6246 -0.7809 -0.0000
vn 0.5576 -0.7803 -0.2832
vn 0.5047 -0.7815 -0.3668
vn 0.5571 -0.7811 -0.2822
vn 0.5050 -0.7812 -0.3670
vn 0.0964 0.7810 -0.6171
vn -0.0000 0.7806 -0.6250
vn 0.0966 0.7801 -0.6182
vn 0.1928 0.7815 -0.5934
vn 0.1932 0.7808 -0.5942
vn 0.0968 0.7800 -0.6182
vn -0.0964 0.7811 -0.6169
vn -0.0967 0.7804 -0.6177
vn -0.1928 0.7816 -0.5933
vn -0.0968 0.7801 -0.6182
vn -0.1932 0.7806 -0.5944
vn -0.0965 0.7807 -0.6174
vn -0.0000 0.7807 -0.6249
vn -0.0961 0.7816 -0.6164
vn -0.0000 0.7800 -0.6258
vn -0.1928 0.7806 -0.5945
vn -0.1934 0.7801 -0.5950
vn 0.0965 0.7810 -0.6171
vn 0.1928 0.7808 -0.5943
vn 0.0962 0.7808 -0.6173
vn 0.1934 0.7804 -0.5947
vn 0.5947 0.7805 0.1930
vn 0.5574 0.7808 0.2823
vn 0.5945 0.7806 0.1928
vn 0.5946 0.7806 0.1926
vn 0.5050 0.7808 0.3678
vn 0.5578 0.7804 0.2824
vn 0.5059 0.7807 0.3668
vn 0.5580 0.7804 0.2822
vn 0.6165 0.7812 0.0989
vn 0.6180 0.7800 0.0986
vn 0.6249 0.7807 -0.0000
vn 0.6179 0.7800 0.0990
vn 0.6168 0.7809 0.0989
vn 0.5944 0.7807 0.1929
vn 0.5947 0.7803 0.1934
vn 0.6250 0.7806 -0.0000
vn 0.6251 0.7806 -0.0000
vn 0.6171 0.7806 0.0990
vn 0.5575 0.7805 0.2829
vn 0.5050 0.7811 0.3671
vn 0.5577 0.7806 0.2823
vn -0.6169 -0.7808 -0.0992
vn -0.5949 -0.7803 -0.1929
vn -0.5941 -0.7810 -0.1927
vn -0.6171 -0.7806 -0.0993
vn -0.5944 -0.7807 -0.1929
vn -0.6249 -0.7807 -0.0000
vn -0.6252 -0.7805 -0.0003
vn -0.6175 -0.7803 -0.0989
vn -0.5581 -0.7800 -0.2830
vn -0.5577 -0.7797 -0.2846
vn -0.5059 -0.7806 -0.3671
vn -0.5570 -0.7811 -0.2823
vn -0.5071 -0.7797 -0.3673
vn -0.5573 -0.7809 -0.2822
vn -0.5941 -0.7810 -0.1926
vn -0.5571 -0.7810 -0.2822
vn -0.5952 -0.7800 -0.1934
vn -0.5050 -0.7812 -0.3670
vn -0.6242 -0.7813 -0.0000
vn -0.6163 -0.7813 -0.0990
vn -0.6167 -0.7809 -0.0993
vn -0.6248 -0.7808 -0.0000
vn -0.5573 0.7803 -0.2839
vn -0.5945 0.7805 -0.1933
vn -0.5942 0.7808 -0.1931
vn -0.5576 0.7808 -0.2820
vn -0.5947 0.7803 -0.1934
vn -0.5058 0.7808 -0.3668
vn -0.5059 0.7807 -0.3668
vn -0.5573 0.7809 -0.2823
vn -0.6166 0.7810 -0.0992
vn -0.6179 0.7802 -0.0979
vn -0.6247 0.7809 -0.0000
vn -0.6177 0.7802 -0.0989
vn -0.6260 0.7798 -0.0012
vn -0.5943 0.7808 -0.1929
vn -0.6167 0.7809 -0.0993
vn -0.5954 0.7797 -0.1937
vn -0.6240 0.7815 -0.0000
vn -0.6168 0.7809 -0.0990
vn -0.6251 0.7805 -0.0000
vn -0.5570 0.7810 -0.2825
vn -0.5573 0.7808 -0.2826
vn -0.5053 0.7809 -0.3673
vn -0.5050 0.7816 -0.3660
vn -0.5577 -0.7804 0.2827
vn -0.5946 -0.7806 0.1928
vn -0.5949 -0.7803 0.1931
vn -0.5580 -0.7803 0.2824
vn -0.5940 -0.7810 0.1928
vn -0.5053 -0.7808 0.3675
vn -0.5058 -0.7804 0.3676
vn -0.5576 -0.7804 0.2829
vn -0.6168 -0.7808 0.0992
vn -0.6183 -0.7798 0.0979
vn -0.6174 -0.7804 0.0989
vn -0.6170 -0.7807 0.0988
vn -0.5944 -0.7805 0.1937
vn -0.5941 -0.7808 0.1931
vn -0.6164 -0.7812 0.0989
vn -0.5571 -0.7809 0.2826
vn -0.5046 -0.7815 0.3668
vn -0.5573 -0.7807 0.2826
vn -0.0963 0.7809 0.6172
vn -0.0000 0.7799 0.6260
vn -0.0000 0.7815 0.6240
vn -0.0961 0.7809 0.6172
vn -0.0000 0.7793 0.6266
vn -0.1931 0.7808 0.5942
vn -0.1931 0.7802 0.5950
vn -0.0962 0.7813 0.6167
vn 0.0964 0.7808 0.6173
vn 0.0973 0.7803 0.6178
vn 0.1930 0.7807 0.5943
vn 0.0963 0.7812 0.6169
vn 0.1929 0.7800 0.5953
vn 0.0964 0.7812 0.6168
vn -0.0000 0.7810 0.6245
vn 0.0966 0.7800 0.6183
vn -0.0000 0.7800 0.6258
vn 0.1929 0.7812 0.5937
vn 0.1928 0.7814 0.5935
vn -0.0964 0.7812 0.6168
vn -0.1926 0.7814 0.5936
vn -0.0968 0.7802 0.6180
vn -0.1928 0.7811 0.5938
vn 0.4409 -0.7806 0.4430
vn 0.3676 -0.7805 0.5057
vn 0.3672 -0.7807 0.5056
vn 0.4410 -0.7804 0.4433
vn 0.3678 -0.7804 0.5057
vn 0.5059 -0.7807 0.3668
vn 0.5056 -0.7803 0.3681
vn 0.4409 -0.7807 0.4428
vn 0.2849 -0.7809 0.5559
vn 0.2837 -0.7802 0.5574
vn 0.1931 -0.7806 0.5944
vn 0.2846 -0.7813 0.5555
vn 0.1951 -0.7789 0.5961
vn 0.2846 -0.7811 0.5557
vn 0.3673 -0.7809 0.5054
vn 0.2848 -0.7805 0.5565
vn 0.3670 -0.7810 0.5053
vn 0.1928 -0.7816 0.5932
vn 0.5047 -0.7817 0.3664
vn 0.4406 -0.7810 0.4427
vn 0.4408 -0.7809 0.4426
vn 0.5049 -0.7812 0.3672
vn -0.0959 -0.7814 -0.6166
vn -0.0000 -0.7803 -0.6254
vn -0.0000 -0.7802 -0.6255
vn -0.0967 -0.7800 -0.6183
vn -0.0000 -0.7814 -0.6240
vn -0.1924 -0.7814 -0.5936
vn -0.1928 -0.7806 -0.5945
vn -0.0967 -0.7803 -0.6178
vn 0.0965 -0.7812 -0.6167
vn 0.0975 -0.7804 -0.6176
vn 0.1927 -0.7809 -0.5942
vn 0.0968 -0.7806 -0.6175
vn 0.1919 -0.7797 -0.5961
vn 0.0964 -0.7810 -0.6170
vn -0.0000 -0.7809 -0.6247
vn 0.0962 -0.7815 -0.6165
vn -0.0000 -0.7808 -0.6248
vn 0.1928 -0.7807 -0.5944
vn 0.1929 -0.7809 -0.5941
vn -0.0964 -0.7812 -0.6168
vn -0.1928 -0.7807 -0.5944
vn -0.0962 -0.7813 -0.6167
vn -0.1929 -0.7805 -0.5946
vn 0.2851 -0.7805 -0.5564
vn 0.3677 -0.7803 -0.5058
vn 0.3674 -0.7806 -0.5056
vn 0.2852 -0.7805 -0.5564
vn 0.3673 -0.7807 -0.5056
vn 0.2847 -0.7809 -0.5560
vn 0.4409 -0.7806 -0.4431
vn 0.4425 -0.7798 -0.4428
vn 0.4410 -0.7806 -0.4429
vn 0.4407 -0.7809 -0.4427
vn 0.3673 -0.7807 -0.5055
vn 0.4416 -0.7805 -0.4426
vn 0.3670 -0.7817 -0.5043
vn 0.2848 -0.7808 -0.5561
vn 0.2849 -0.7810 -0.5557
vn 0.4408 0.7809 -0.4427
vn 0.3673 0.7806 -0.5056
vn 0.3672 0.7807 -0.5057
vn 0.4413 0.7805 -0.4429
vn 0.3675 0.7806 -0.5055
vn 0.5057 0.7808 -0.3669
vn 0.4425 0.7799 -0.4427
vn 0.5056 0.7807 -0.3673
vn 0.2850 0.7806 -0.5563
vn 0.2847 0.7803 -0.5568
vn 0.3675 0.7808 -0.5052
vn 0.2852 0.7807 -0.5560
vn 0.3671 0.7812 -0.5050
vn 0.2849 0.7807 -0.5562
vn 0.4414 0.7805 -0.4428
vn 0.5048 0.7813 -0.3670
vn 0.4416 0.7800 -0.4434
vn 0.5054 0.7807 -0.3675
vn -0.4400 -0.7813 -0.4427
vn -0.3677 -0.7802 -0.5060
vn -0.3674 -0.7806 -0.5057
vn -0.4408 -0.7805 -0.4432
vn -0.3673 -0.7808 -0.5054
vn -0.4409 -0.7804 -0.4433
vn -0.2851 -0.7804 -0.5565
vn -0.2843 -0.7803 -0.5571
vn -0.2849 -0.7810 -0.5557
vn -0.3672 -0.7805 -0.5059
vn -0.2845 -0.7814 -0.5554
vn -0.3672 -0.7815 -0.5045
vn -0.2848 -0.7806 -0.5564
vn -0.4407 -0.7809 -0.4426
vn -0.5041 -0.7816 -0.3674
vn -0.2850 0.7806 -0.5562
vn -0.3676 0.7802 -0.5062
vn -0.3673 0.7808 -0.5054
vn -0.2851 0.7806 -0.5562
vn -0.3674 0.7803 -0.5061
vn -0.2850 0.7807 -0.5561
vn -0.4402 0.7814 -0.4423
vn -0.4415 0.7805 -0.4426
vn -0.4412 0.7804 -0.4430
vn -0.4409 0.7807 -0.4428
vn -0.3674 0.7805 -0.5058
vn -0.4415 0.7801 -0.4433
vn -0.2848 0.7805 -0.5565
vn -0.2847 0.7810 -0.5558
vn -0.6167 0.7809 0.0992
vn -0.5943 0.7807 0.1932
vn -0.5942 0.7808 0.1931
vn -0.6178 0.7801 0.0989
vn -0.5946 0.7805 0.1931
vn -0.6181 0.7800 0.0981
vn -0.5572 0.7810 0.2822
vn -0.5577 0.7797 0.2848
vn -0.5055 0.7808 0.3671
vn -0.5578 0.7804 0.2826
vn -0.5071 0.7801 0.3664
vn -0.5572 0.7810 0.2821
vn -0.5940 0.7810 0.1930
vn -0.5575 0.7805 0.2827
vn -0.5949 0.7802 0.1934
vn -0.5051 0.7810 0.3673
vn -0.6168 0.7809 0.0989
vn -0.2856 -0.7815 0.5548
vn -0.3679 -0.7802 0.5060
vn -0.3668 -0.7812 0.5051
vn -0.2853 -0.7811 0.5554
vn -0.3678 -0.7799 0.5064
vn -0.1931 -0.7806 0.5944
vn -0.1935 -0.7801 0.5949
vn -0.2846 -0.7816 0.5551
vn -0.4410 -0.7806 0.4430
vn -0.4418 -0.7802 0.4428
vn -0.4403 -0.7813 0.4424
vn -0.3676 -0.7805 0.5057
vn -0.4405 -0.7811 0.4426
vn -0.3679 -0.7800 0.5061
vn -0.4407 -0.7808 0.4429
vn -0.5051 -0.7811 0.3671
vn -0.2847 -0.7811 0.5558
vn -0.2845 -0.7813 0.5556
vn -0.1926 -0.7816 0.5933
vn -0.1930 -0.7816 0.5932
vn -0.4403 0.7814 0.4423
vn -0.3675 0.7802 0.5062
vn -0.3669 0.7807 0.5059
vn -0.4408 0.7807 0.4429
vn -0.3678 0.7800 0.5062
vn -0.4412 0.7804 0.4430
vn -0.2845 0.7813 0.5555
vn -0.2839 0.7804 0.5572
vn -0.2848 0.7809 0.5560
vn -0.3673 0.7807 0.5055
vn -0.2851 0.7808 0.5560
vn -0.3680 0.7798 0.5065
vn -0.2837 0.7815 0.5557
vn -0.4409 0.7808 0.4428
vn -0.4406 0.7810 0.4426
vn -0.5055 0.7805 0.3678
vn 0.0965 -0.7813 0.6166
vn -0.0000 -0.7799 0.6260
vn -0.0000 -0.7805 0.6252
vn 0.0962 -0.7811 0.6170
vn -0.0000 -0.7801 0.6257
vn 0.0962 -0.7818 0.6161
vn -0.0964 -0.7810 0.6171
vn -0.0977 -0.7804 0.6176
vn -0.0962 -0.7818 0.6161
vn -0.0964 -0.7812 0.6168
vn -0.0000 -0.7809 0.6246
vn -0.0967 -0.7804 0.6178
vn -0.0000 -0.7807 0.6249
vn 0.0964 -0.7815 0.6164
vn 0.1919 -0.7816 0.5935
vn 0.0968 -0.7807 0.6174
vn 0.2846 0.7814 0.5554
vn 0.3674 0.7803 0.5061
vn 0.3667 0.7812 0.5053
vn 0.2850 0.7808 0.5559
vn 0.3678 0.7799 0.5065
vn 0.2847 0.7809 0.5560
vn 0.4408 0.7809 0.4426
vn 0.4426 0.7801 0.4421
vn 0.4412 0.7808 0.4422
vn 0.3673 0.7807 0.5055
vn 0.4408 0.7808 0.4428
vn 0.3676 0.7804 0.5058
vn 0.4412 0.7809 0.4422
vn 0.5055 0.7806 0.3676
vn 0.2847 0.7806 0.5564
vn 0.2851 0.7804 0.5565
vn 0.6169 0.7808 -0.0985
vn 0.5946 0.7805 -0.1931
vn 0.5944 0.7807 -0.1929
vn 0.6172 0.7805 -0.0991
vn 0.5948 0.7803 -0.1932
vn 0.6180 0.7800 -0.0987
vn 0.5571 0.7810 -0.2822
vn 0.5578 0.7802 -0.2832
vn 0.5574 0.7809 -0.2819
vn 0.5575 0.7806 -0.2827
vn 0.5943 0.7809 -0.1925
vn 0.5573 0.7807 -0.2826
vn 0.5954 0.7797 -0.1938
vn 0.6167 0.7809 -0.0992
vn 0.6168 0.7809 -0.0991
vn 0.6169 -0.7808 0.0991
vn 0.5948 -0.7803 0.1931
vn 0.5948 -0.7803 0.1932
vn 0.6175 -0.7804 0.0988
vn 0.5941 -0.7810 0.1927
vn 0.6184 -0.7797 0.0983
vn 0.5576 -0.7806 0.2825
vn 0.5573 -0.7806 0.2828
vn 0.5577 -0.7803 0.2829
vn 0.5573 -0.7807 0.2826
vn 0.5942 -0.7808 0.1931
vn 0.5574 -0.7808 0.2823
vn 0.5942 -0.7808 0.1930
vn 0.6166 -0.7810 0.0990
vn -0.5353 -0.0000 0.8447
vn -0.0000 0.7645 -0.6446
vn -0.0000 0.7645 0.6446
vn -0.0000 -0.7644 0.6447
vn -0.0000 0.9980 0.0627
vn -0.0000 -0.8639 -0.5037
vn -0.0000 -0.8640 -0.5034
vn -0.0000 -0.8640 0.5034
vn -0.0000 -0.9300 -0.3676
vn -0.0000 -0.9300 -0.3674
vn 0.1795 -0.1789 -0.9674
vn -0.0000 0.8638 -0.5039
vn -0.3026 0.7695 -0.5624
vn 0.3026 0.7694 -0.5625
vn 0.3026 -0.7694 -0.5626
vn -0.3026 -0.7694 -0.5625
vn -0.4532 0.0915 -0.8867
vn -0.8087 -0.0000 -0.5883
vn 0.9958 0.0917 -0.0000
vn 0.8090 -0.0000 0.5877
vn 1.0000 -0.0000 0.0001
vn -0.9958 0.0912 0.0001
vn -0.8883 0.0915 -0.4501
vn -1.0000 -0.0000 0.0001
vn 0.3091 -0.0000 0.9510
vn -0.8090 -0.0000 0.5878
vn 0.7027 0.0906 -0.7057
vn 0.3090 -0.0000 -0.9510
vn -0.4264 -0.0000 -0.9045
vn 0.2783 0.4337 -0.8570
vn 0.7288 0.4340 0.5296
vn 0.9012 0.4334 -0.0000
vn -0.3145 0.2737 0.9089
vn 0.7291 0.4334 -0.5297
vn 0.2783 0.4337 0.8570
vn -0.3145 0.2737 -0.9090
vn -0.3067 -0.1365 -0.9420
vn 0.9906 -0.1371 -0.0000
vn 0.9861 0.0504 0.1581
vn -0.9861 0.0501 -0.1587
vn 0.3057 -0.1364 0.9423
vn -0.3057 -0.1365 0.9423
vn 0.1541 0.0522 0.9867
vn 0.3067 -0.1364 -0.9420
vn -0.1541 0.0522 -0.9867
vn 0.2510 -0.5837 -0.7722
vn 0.6563 -0.5846 -0.4769
vn 0.8122 -0.5833 -0.0000
vn 0.6567 -0.5839 0.4772
vn 0.2510 -0.5837 0.7722
vn -0.2509 -0.5837 0.7722
vn -0.6574 -0.5837 0.4767
vn -0.8114 -0.5845 0.0001
vn -0.7244 -0.5829 0.3681
vn -0.2509 -0.5837 -0.7723
vn -0.6571 -0.5836 -0.4771
vn -0.8014 -0.5839 -0.1295
vn -0.3027 0.2028 -0.9313
vn -0.7918 0.2036 -0.5759
vn 0.7918 0.2039 0.5757
vn 0.9792 0.2028 0.0001
vn -0.9792 0.2028 0.0001
vn 0.3025 0.2043 0.9310
vn 0.4427 0.2348 0.8654
vn -0.3025 0.2038 0.9311
vn -0.7917 0.2035 0.5760
vn -0.9597 0.2347 0.1545
vn 0.7921 0.2040 -0.5753
vn 0.3027 0.2028 -0.9313
vn -0.0000 -1.0000 0.0001
vn -0.0000 -1.0000 -0.0001
vn -0.8089 -0.0000 -0.5880
vn 0.5054 -0.7804 -0.3681
vn 0.6237 -0.7817 -0.0000
vn 0.1931 0.7803 -0.5949
vn -0.1930 0.7800 -0.5952
vn 0.5053 0.7810 0.3669
vn 0.6239 0.7815 -0.0000
vn -0.6237 -0.7817 -0.0000
vn -0.5054 -0.7804 -0.3680
vn -0.5060 0.7806 -0.3670
vn -0.6242 0.7813 -0.0000
vn -0.5051 -0.7809 0.3676
vn -0.1934 0.7798 0.5955
vn 0.1934 0.7800 0.5951
vn 0.5048 -0.7809 0.3678
vn 0.1931 -0.7798 0.5955
vn 0.1928 -0.7802 -0.5951
vn 0.5058 0.7804 -0.3675
vn -0.4411 -0.7805 -0.4430
vn -0.5052 0.7813 0.3666
vn -0.6169 0.7808 0.0991
vn -0.1933 -0.7803 0.5948
vn 0.6164 -0.7812 0.0989
vt 0.321700 0.189600
vt 0.325100 0.377800
vt 0.321700 0.377800
vt 0.325100 0.189600
vt 0.328500 0.377800
vt 0.321700 0.001500
vt 0.325100 0.001500
vt 0.328500 0.189600
vt 0.321700 0.565900
vt 0.325100 0.565900
vt 0.321700 0.754100
vt 0.328500 0.565900
vt 0.325100 0.754100
vt 0.318300 0.377800
vt 0.318300 0.565900
vt 0.314900 0.377800
vt 0.318300 0.754100
vt 0.314900 0.565900
vt 0.318300 0.189600
vt 0.314900 0.189600
vt 0.318300 0.001500
vt 0.308100 0.193000
vt 0.311500 0.377800
vt 0.308100 0.377800
vt 0.311500 0.191300
vt 0.308100 0.008200
vt 0.311500 0.004900
vt 0.308100 0.562500
vt 0.311500 0.564200
vt 0.308100 0.747300
vt 0.311500 0.750700
vt 0.304800 0.560800
vt 0.304800 0.377800
vt 0.301400 0.559100
vt 0.301400 0.377800
vt 0.304800 0.743900
vt 0.301400 0.740500
vt 0.304800 0.194700
vt 0.304800 0.011600
vt 0.301400 0.196400
vt 0.301400 0.015000
vt 0.284400 0.196400
vt 0.292900 0.377800
vt 0.284400 0.377800
vt 0.292900 0.196400
vt 0.292900 0.015000
vt 0.284400 0.559100
vt 0.292900 0.740500
vt 0.284400 0.740500
vt 0.292900 0.559100
vt 0.275900 0.377800
vt 0.275900 0.559100
vt 0.267500 0.377800
vt 0.275900 0.740500
vt 0.267500 0.559100
vt 0.275900 0.196400
vt 0.284400 0.015000
vt 0.267500 0.196400
vt 0.275900 0.015000
vt 0.217800 0.216500
vt 0.219100 0.377800
vt 0.217800 0.377800
vt 0.219100 0.216200
vt 0.220900 0.377800
vt 0.217800 0.055200
vt 0.219100 0.054700
vt 0.220900 0.215600
vt 0.217800 0.539000
vt 0.219100 0.539300
vt 0.217800 0.700300
vt 0.220900 0.540000
vt 0.219100 0.700900
vt 0.216800 0.539000
vt 0.216800 0.377800
vt 0.215800 0.377800
vt 0.216800 0.700300
vt 0.215800 0.539200
vt 0.216800 0.216500
vt 0.216800 0.055300
vt 0.215800 0.216400
vt 0.440100 0.009600
vt 0.442900 0.012500
vt 0.440100 0.012500
vt 0.442900 0.009600
vt 0.445700 0.012500
vt 0.440100 0.006800
vt 0.442900 0.006800
vt 0.445700 0.009600
vt 0.440100 0.015300
vt 0.442900 0.015300
vt 0.440100 0.018100
vt 0.445700 0.015300
vt 0.442900 0.018100
vt 0.437300 0.012500
vt 0.437300 0.015300
vt 0.434400 0.012500
vt 0.437300 0.018100
vt 0.434400 0.015300
vt 0.437300 0.009600
vt 0.434400 0.009600
vt 0.437300 0.006800
vt 0.746300 0.165100
vt 0.749200 0.086000
vt 0.749200 0.165100
vt 0.746300 0.086000
vt 0.749200 0.006800
vt 0.743500 0.165100
vt 0.743500 0.086000
vt 0.746300 0.006800
vt 0.752000 0.165100
vt 0.752000 0.086000
vt 0.754800 0.165100
vt 0.752000 0.006800
vt 0.754800 0.086000
vt 0.749200 0.244300
vt 0.752000 0.244300
vt 0.749200 0.323400
vt 0.754800 0.244300
vt 0.752000 0.323400
vt 0.746300 0.244300
vt 0.746300 0.323400
vt 0.743500 0.244300
vt 0.737900 0.165100
vt 0.735100 0.244300
vt 0.735100 0.165100
vt 0.737900 0.244300
vt 0.735100 0.323400
vt 0.740700 0.165100
vt 0.740700 0.244300
vt 0.737900 0.323400
vt 0.732200 0.165100
vt 0.732200 0.244300
vt 0.729400 0.165100
vt 0.732200 0.323400
vt 0.729400 0.244300
vt 0.735100 0.086000
vt 0.732200 0.086000
vt 0.735100 0.006800
vt 0.729400 0.086000
vt 0.732200 0.006800
vt 0.737900 0.086000
vt 0.737900 0.006800
vt 0.740700 0.086000
vt 0.518600 0.730000
vt 0.462800 0.727100
vt 0.518600 0.727100
vt 0.462800 0.730000
vt 0.406900 0.727100
vt 0.518600 0.732800
vt 0.462800 0.732800
vt 0.406900 0.730000
vt 0.518600 0.724300
vt 0.462800 0.724300
vt 0.518600 0.721500
vt 0.406900 0.724300
vt 0.462800 0.721500
vt 0.574400 0.727100
vt 0.574400 0.724300
vt 0.630300 0.727100
vt 0.574400 0.721500
vt 0.630300 0.724300
vt 0.574400 0.730000
vt 0.630300 0.730000
vt 0.574400 0.732800
vt 0.520200 0.710200
vt 0.576800 0.713100
vt 0.520200 0.713100
vt 0.576800 0.710200
vt 0.633400 0.713100
vt 0.520200 0.707400
vt 0.576800 0.707400
vt 0.633400 0.710200
vt 0.520200 0.715900
vt 0.576800 0.715900
vt 0.520200 0.718700
vt 0.633400 0.715900
vt 0.576800 0.718700
vt 0.463600 0.713100
vt 0.463600 0.715900
vt 0.406900 0.713100
vt 0.463600 0.718700
vt 0.406900 0.715900
vt 0.463600 0.710200
vt 0.406900 0.710200
vt 0.463600 0.707400
vt 0.260700 0.199800
vt 0.264100 0.377800
vt 0.260700 0.377800
vt 0.264100 0.198100
vt 0.260700 0.021800
vt 0.264100 0.018400
vt 0.260700 0.555800
vt 0.264100 0.557500
vt 0.260700 0.733700
vt 0.264100 0.737100
vt 0.257300 0.554100
vt 0.257300 0.377800
vt 0.253900 0.552400
vt 0.253900 0.377800
vt 0.257300 0.730400
vt 0.253900 0.727000
vt 0.257300 0.201500
vt 0.257300 0.025200
vt 0.253900 0.203200
vt 0.253900 0.028600
vt 0.376400 0.542200
vt 0.372800 0.377800
vt 0.376400 0.377800
vt 0.372800 0.543900
vt 0.369200 0.377800
vt 0.376400 0.706700
vt 0.372800 0.710100
vt 0.369200 0.545600
vt 0.376400 0.213300
vt 0.372800 0.211600
vt 0.376400 0.048800
vt 0.369200 0.210000
vt 0.372800 0.045500
vt 0.380000 0.215000
vt 0.380000 0.377800
vt 0.383600 0.216600
vt 0.383600 0.377800
vt 0.380000 0.052200
vt 0.383600 0.055500
vt 0.380000 0.540600
vt 0.380000 0.703400
vt 0.383600 0.538900
vt 0.383600 0.700000
vt 0.344100 0.558100
vt 0.336300 0.377800
vt 0.344100 0.377800
vt 0.336300 0.562000
vt 0.344100 0.738500
vt 0.336300 0.746300
vt 0.344100 0.197400
vt 0.336300 0.193500
vt 0.344100 0.017100
vt 0.336300 0.009300
vt 0.351900 0.201300
vt 0.351900 0.377800
vt 0.359700 0.205200
vt 0.359700 0.377800
vt 0.351900 0.024900
vt 0.359700 0.032700
vt 0.351900 0.554200
vt 0.351900 0.730700
vt 0.359700 0.550300
vt 0.359700 0.722900
vt 0.384700 0.538900
vt 0.384100 0.377800
vt 0.384700 0.377800
vt 0.384100 0.538900
vt 0.384700 0.700000
vt 0.384100 0.700000
vt 0.384700 0.216600
vt 0.384100 0.216600
vt 0.384700 0.055500
vt 0.384100 0.055500
vt 0.385200 0.377800
vt 0.385200 0.216600
vt 0.385800 0.377800
vt 0.385200 0.055500
vt 0.385800 0.216600
vt 0.385200 0.700000
vt 0.385200 0.538900
vt 0.385800 0.700000
vt 0.364400 0.548000
vt 0.362100 0.377800
vt 0.364400 0.377800
vt 0.362100 0.549100
vt 0.364400 0.718100
vt 0.362100 0.720500
vt 0.364400 0.207600
vt 0.362000 0.206400
vt 0.364400 0.037400
vt 0.362000 0.035000
vt 0.366800 0.208800
vt 0.366800 0.377800
vt 0.366800 0.039800
vt 0.369200 0.042200
vt 0.366800 0.546800
vt 0.366800 0.715800
vt 0.369200 0.713400
vt 0.229700 0.377800
vt 0.226300 0.542400
vt 0.226300 0.377800
vt 0.229700 0.543900
vt 0.226300 0.706900
vt 0.233100 0.377800
vt 0.233100 0.545600
vt 0.229700 0.710100
vt 0.223400 0.541000
vt 0.223400 0.377800
vt 0.223400 0.704200
vt 0.220900 0.702100
vt 0.223400 0.214600
vt 0.226300 0.213200
vt 0.223400 0.051300
vt 0.226300 0.048600
vt 0.220900 0.053400
vt 0.229700 0.211600
vt 0.229700 0.045500
vt 0.233100 0.210000
vt 0.250500 0.203200
vt 0.252200 0.377800
vt 0.250500 0.377800
vt 0.252200 0.203200
vt 0.250500 0.028600
vt 0.252200 0.028600
vt 0.250500 0.552400
vt 0.252200 0.552400
vt 0.250500 0.727000
vt 0.252200 0.727000
vt 0.248800 0.377800
vt 0.248800 0.552400
vt 0.247100 0.377800
vt 0.248800 0.727000
vt 0.247100 0.552400
vt 0.248800 0.203200
vt 0.247100 0.203200
vt 0.248800 0.028600
vt 0.240100 0.206600
vt 0.243600 0.377800
vt 0.240100 0.377800
vt 0.243600 0.204900
vt 0.240100 0.035400
vt 0.243600 0.032000
vt 0.240100 0.549000
vt 0.243600 0.550700
vt 0.240100 0.720200
vt 0.243600 0.723600
vt 0.236600 0.547300
vt 0.236600 0.377800
vt 0.236600 0.716800
vt 0.233100 0.713400
vt 0.236600 0.208300
vt 0.236600 0.038800
vt 0.233100 0.042200
vt 0.725100 0.164600
vt 0.725800 0.085900
vt 0.725800 0.164900
vt 0.726600 0.086000
vt 0.726600 0.165100
vt 0.725100 0.085700
vt 0.725800 0.006800
vt 0.726600 0.006800
vt 0.725100 0.243500
vt 0.725800 0.243900
vt 0.725100 0.322400
vt 0.726600 0.244300
vt 0.725800 0.322900
vt 0.724300 0.243100
vt 0.724300 0.164400
vt 0.723500 0.242800
vt 0.723500 0.164100
vt 0.724300 0.321900
vt 0.723500 0.321400
vt 0.724300 0.085600
vt 0.725100 0.006800
vt 0.723500 0.085500
vt 0.724300 0.006800
vt 0.365000 0.011500
vt 0.367800 0.014400
vt 0.365000 0.014400
vt 0.367800 0.011500
vt 0.370600 0.014400
vt 0.365000 0.008700
vt 0.367800 0.008700
vt 0.370600 0.011500
vt 0.365000 0.017200
vt 0.367800 0.017200
vt 0.365000 0.020000
vt 0.370600 0.017200
vt 0.367800 0.020000
vt 0.362100 0.014400
vt 0.362100 0.017200
vt 0.359300 0.014400
vt 0.362100 0.020000
vt 0.359300 0.017200
vt 0.362100 0.011500
vt 0.359300 0.011500
vt 0.362100 0.008700
vt 0.769200 0.165100
vt 0.766400 0.244300
vt 0.766400 0.165100
vt 0.769200 0.244300
vt 0.766400 0.323400
vt 0.772100 0.165100
vt 0.772100 0.244300
vt 0.769200 0.323400
vt 0.763600 0.165100
vt 0.763600 0.244300
vt 0.760700 0.165100
vt 0.763600 0.323400
vt 0.760700 0.244300
vt 0.766400 0.086000
vt 0.763600 0.086000
vt 0.766400 0.006800
vt 0.760700 0.086000
vt 0.763600 0.006800
vt 0.769200 0.086000
vt 0.769200 0.006800
vt 0.772100 0.086000
vt 0.782800 0.165400
vt 0.785700 0.086300
vt 0.785600 0.165400
vt 0.782800 0.086300
vt 0.785700 0.007100
vt 0.780000 0.165400
vt 0.780000 0.086300
vt 0.782900 0.007100
vt 0.788500 0.165400
vt 0.788500 0.086300
vt 0.791300 0.165400
vt 0.788500 0.007100
vt 0.791300 0.086300
vt 0.785600 0.244600
vt 0.788400 0.244600
vt 0.785600 0.323700
vt 0.791300 0.244600
vt 0.788400 0.323700
vt 0.782800 0.244600
vt 0.782700 0.323700
vt 0.779900 0.244600
vt 0.518600 0.698600
vt 0.462800 0.695800
vt 0.518600 0.695800
vt 0.462800 0.698600
vt 0.406900 0.695800
vt 0.518600 0.701500
vt 0.462800 0.701500
vt 0.406900 0.698600
vt 0.518600 0.693000
vt 0.462800 0.693000
vt 0.518600 0.690100
vt 0.406900 0.693000
vt 0.462800 0.690100
vt 0.574400 0.695800
vt 0.574400 0.693000
vt 0.630300 0.695800
vt 0.574400 0.690100
vt 0.630300 0.693000
vt 0.574400 0.698600
vt 0.630300 0.698600
vt 0.574400 0.701500
vt 0.520200 0.672600
vt 0.576800 0.675400
vt 0.520200 0.675400
vt 0.576800 0.672600
vt 0.633400 0.675400
vt 0.520200 0.669700
vt 0.576800 0.669700
vt 0.633400 0.672600
vt 0.520200 0.678200
vt 0.576800 0.678200
vt 0.520200 0.681100
vt 0.633400 0.678200
vt 0.576800 0.681100
vt 0.463600 0.675400
vt 0.463600 0.678200
vt 0.406900 0.675400
vt 0.463600 0.681100
vt 0.406900 0.678200
vt 0.463600 0.672600
vt 0.406900 0.672600
vt 0.463600 0.669700
vt 0.719100 0.165600
vt 0.718300 0.244400
vt 0.718300 0.165400
vt 0.717600 0.244300
vt 0.717600 0.165100
vt 0.719100 0.244500
vt 0.718300 0.323400
vt 0.717600 0.323400
vt 0.719100 0.086700
vt 0.718300 0.086400
vt 0.719100 0.007900
vt 0.717600 0.086000
vt 0.718300 0.007300
vt 0.719900 0.087100
vt 0.719900 0.165900
vt 0.720700 0.087500
vt 0.720700 0.166100
vt 0.719900 0.008400
vt 0.720700 0.008900
vt 0.719900 0.244700
vt 0.719100 0.323400
vt 0.720700 0.244800
vt 0.719900 0.323400
vt 0.167300 0.968000
vt 0.246000 0.967300
vt 0.246200 0.968000
vt 0.167000 0.967300
vt 0.245700 0.966500
vt 0.088400 0.968000
vt 0.087900 0.967300
vt 0.166600 0.966500
vt 0.325000 0.967300
vt 0.325100 0.968100
vt 0.404000 0.967300
vt 0.404000 0.968100
vt 0.324900 0.966500
vt 0.404000 0.966500
vt 0.246500 0.968800
vt 0.325300 0.968800
vt 0.246800 0.969600
vt 0.404000 0.968800
vt 0.325400 0.969600
vt 0.167700 0.968800
vt 0.089000 0.968800
vt 0.168100 0.969600
vt 0.089500 0.969600
vt 0.713200 0.243500
vt 0.712400 0.164900
vt 0.713200 0.164600
vt 0.712400 0.243900
vt 0.711600 0.165100
vt 0.713200 0.322400
vt 0.712400 0.322900
vt 0.711600 0.244300
vt 0.712400 0.085900
vt 0.713200 0.085700
vt 0.712400 0.006800
vt 0.713200 0.006800
vt 0.711600 0.086000
vt 0.711600 0.006800
vt 0.714000 0.164400
vt 0.714000 0.085600
vt 0.714800 0.164100
vt 0.714000 0.006800
vt 0.714800 0.085500
vt 0.714000 0.243100
vt 0.714000 0.321900
vt 0.714800 0.242800
vt 0.714800 0.321400
vt 0.519100 0.754900
vt 0.574600 0.755700
vt 0.518900 0.755700
vt 0.574400 0.756500
vt 0.518600 0.756500
vt 0.574700 0.754900
vt 0.630300 0.755700
vt 0.630300 0.756500
vt 0.463500 0.754900
vt 0.463200 0.755700
vt 0.408000 0.754900
vt 0.462800 0.756500
vt 0.407500 0.755700
vt 0.463900 0.754100
vt 0.519400 0.754100
vt 0.464300 0.753300
vt 0.519600 0.753300
vt 0.408500 0.754100
vt 0.409000 0.753300
vt 0.574800 0.754100
vt 0.630300 0.754900
vt 0.574900 0.753300
vt 0.630300 0.754100
vt 0.463500 0.749000
vt 0.518900 0.748200
vt 0.519100 0.749000
vt 0.463200 0.748200
vt 0.518600 0.747400
vt 0.408000 0.749000
vt 0.407500 0.748200
vt 0.462800 0.747400
vt 0.574600 0.748200
vt 0.574700 0.749000
vt 0.630300 0.748200
vt 0.630300 0.749000
vt 0.574400 0.747400
vt 0.630300 0.747400
vt 0.519400 0.749800
vt 0.574800 0.749800
vt 0.519600 0.750600
vt 0.630300 0.749800
vt 0.574900 0.750600
vt 0.463900 0.749800
vt 0.408500 0.749800
vt 0.464300 0.750600
vt 0.409000 0.750600
vt 0.519700 0.743100
vt 0.463400 0.742300
vt 0.519900 0.742300
vt 0.463600 0.741500
vt 0.520200 0.741500
vt 0.463300 0.743100
vt 0.406900 0.742300
vt 0.406900 0.741500
vt 0.576000 0.743100
vt 0.576400 0.742300
vt 0.632400 0.743100
vt 0.576800 0.741500
vt 0.632900 0.742300
vt 0.575600 0.743900
vt 0.519400 0.743900
vt 0.575200 0.744700
vt 0.519100 0.744700
vt 0.631900 0.743900
vt 0.631400 0.744700
vt 0.463200 0.743900
vt 0.406900 0.743100
vt 0.463000 0.744700
vt 0.406900 0.743900
vt 0.576000 0.737200
vt 0.519900 0.737900
vt 0.519700 0.737200
vt 0.576400 0.737900
vt 0.520200 0.738700
vt 0.632400 0.737200
vt 0.632900 0.737900
vt 0.576800 0.738700
vt 0.463400 0.737900
vt 0.463300 0.737200
vt 0.406900 0.737900
vt 0.406900 0.737200
vt 0.463600 0.738700
vt 0.406900 0.738700
vt 0.519400 0.736400
vt 0.463200 0.736400
vt 0.519200 0.735600
vt 0.406900 0.736400
vt 0.463000 0.735600
vt 0.575600 0.736400
vt 0.631900 0.736400
vt 0.575300 0.735600
vt 0.631400 0.735600
vt 0.759200 0.164600
vt 0.760000 0.085800
vt 0.760000 0.164900
vt 0.759200 0.085700
vt 0.760000 0.006800
vt 0.760700 0.006800
vt 0.759200 0.243500
vt 0.760000 0.243900
vt 0.759200 0.322400
vt 0.760000 0.322900
vt 0.758400 0.243100
vt 0.758400 0.164400
vt 0.757600 0.242700
vt 0.757600 0.164100
vt 0.758400 0.321900
vt 0.757600 0.321400
vt 0.758400 0.085600
vt 0.759200 0.006800
vt 0.757600 0.085500
vt 0.758400 0.006800
vt 0.773600 0.243500
vt 0.772900 0.164900
vt 0.773600 0.164600
vt 0.772900 0.243900
vt 0.773600 0.322400
vt 0.772900 0.322900
vt 0.772900 0.085800
vt 0.773600 0.085700
vt 0.772900 0.006800
vt 0.773600 0.006800
vt 0.772100 0.006800
vt 0.774400 0.164400
vt 0.774400 0.085600
vt 0.775200 0.164100
vt 0.774400 0.006800
vt 0.775200 0.085500
vt 0.774400 0.243100
vt 0.774400 0.321900
vt 0.775200 0.242700
vt 0.775200 0.321400
vt 0.792900 0.165900
vt 0.792000 0.244700
vt 0.792100 0.165700
vt 0.792800 0.244800
vt 0.792000 0.323700
vt 0.791200 0.323700
vt 0.792900 0.087000
vt 0.792100 0.086600
vt 0.792900 0.008100
vt 0.792100 0.007600
vt 0.793700 0.087400
vt 0.793700 0.166200
vt 0.794500 0.087800
vt 0.794400 0.166400
vt 0.793700 0.008600
vt 0.794500 0.009100
vt 0.793600 0.244900
vt 0.792800 0.323700
vt 0.794400 0.245100
vt 0.793600 0.323700
vt 0.778400 0.087000
vt 0.779200 0.165700
vt 0.778400 0.165900
vt 0.779200 0.086600
vt 0.778400 0.008100
vt 0.779200 0.007600
vt 0.779100 0.244700
vt 0.778400 0.244800
vt 0.779100 0.323700
vt 0.778300 0.323700
vt 0.779900 0.323700
vt 0.777600 0.166200
vt 0.777600 0.244900
vt 0.776800 0.166400
vt 0.777500 0.323700
vt 0.776800 0.245100
vt 0.777600 0.087400
vt 0.777700 0.008600
vt 0.776800 0.087800
vt 0.776900 0.009100
vt 0.519100 0.688600
vt 0.574600 0.689400
vt 0.518900 0.689400
vt 0.574700 0.688600
vt 0.630300 0.689400
vt 0.630300 0.690100
vt 0.463500 0.688600
vt 0.463200 0.689400
vt 0.408000 0.688600
vt 0.407500 0.689400
vt 0.463900 0.687800
vt 0.519400 0.687800
vt 0.464300 0.687000
vt 0.519600 0.687000
vt 0.408500 0.687800
vt 0.409000 0.687000
vt 0.574800 0.687800
vt 0.630300 0.688600
vt 0.574900 0.687000
vt 0.630300 0.687800
vt 0.463500 0.703000
vt 0.518900 0.702300
vt 0.519100 0.703000
vt 0.463200 0.702300
vt 0.408000 0.703000
vt 0.407500 0.702300
vt 0.574600 0.702300
vt 0.574700 0.703000
vt 0.630300 0.702300
vt 0.630300 0.703000
vt 0.630300 0.701500
vt 0.519400 0.703800
vt 0.574800 0.703800
vt 0.519600 0.704600
vt 0.630300 0.703800
vt 0.574900 0.704600
vt 0.463900 0.703800
vt 0.408500 0.703800
vt 0.464300 0.704600
vt 0.409000 0.704600
vt 0.519700 0.682600
vt 0.463400 0.681900
vt 0.519900 0.681900
vt 0.463300 0.682600
vt 0.406900 0.681900
vt 0.406900 0.681100
vt 0.576000 0.682600
vt 0.576400 0.681900
vt 0.632400 0.682600
vt 0.632900 0.681900
vt 0.575600 0.683400
vt 0.519400 0.683400
vt 0.575300 0.684200
vt 0.519200 0.684200
vt 0.631900 0.683400
vt 0.631400 0.684200
vt 0.463200 0.683400
vt 0.406900 0.682600
vt 0.463000 0.684200
vt 0.406900 0.683400
vt 0.576000 0.668200
vt 0.519900 0.669000
vt 0.519700 0.668200
vt 0.576400 0.669000
vt 0.632400 0.668200
vt 0.632900 0.669000
vt 0.463400 0.669000
vt 0.463300 0.668200
vt 0.406900 0.669000
vt 0.406900 0.668200
vt 0.406900 0.669700
vt 0.519400 0.667400
vt 0.463200 0.667400
vt 0.519200 0.666600
vt 0.406900 0.667400
vt 0.463000 0.666600
vt 0.575600 0.667400
vt 0.631900 0.667400
vt 0.575300 0.666600
vt 0.631400 0.666600
vt 0.392600 0.377800
vt 0.391500 0.215000
vt 0.392600 0.215000
vt 0.391500 0.052300
vt 0.392600 0.052200
vt 0.391500 0.377800
vt 0.390500 0.215200
vt 0.390500 0.052600
vt 0.393700 0.215000
vt 0.393700 0.377800
vt 0.394700 0.215200
vt 0.394700 0.377800
vt 0.393700 0.052300
vt 0.394700 0.052600
vt 0.393600 0.540500
vt 0.392600 0.540600
vt 0.393600 0.703200
vt 0.392600 0.703300
vt 0.394700 0.540300
vt 0.394700 0.702900
vt 0.391500 0.540500
vt 0.390500 0.540300
vt 0.390500 0.377800
vt 0.391500 0.703200
vt 0.390500 0.702900
vt 0.209300 0.377800
vt 0.208200 0.215000
vt 0.209300 0.215000
vt 0.208200 0.052300
vt 0.209300 0.052200
vt 0.208200 0.377800
vt 0.207100 0.215200
vt 0.207100 0.052600
vt 0.210300 0.215000
vt 0.210300 0.377800
vt 0.211400 0.215200
vt 0.211400 0.377800
vt 0.210300 0.052300
vt 0.211400 0.052600
vt 0.210300 0.540500
vt 0.209300 0.540600
vt 0.210300 0.703200
vt 0.209300 0.703300
vt 0.211400 0.540300
vt 0.211400 0.702900
vt 0.208200 0.540500
vt 0.207100 0.540300
vt 0.207100 0.377800
vt 0.208200 0.703200
vt 0.207100 0.702900
vt 0.192900 0.377800
vt 0.193900 0.215000
vt 0.193900 0.377800
vt 0.195000 0.215200
vt 0.195000 0.377800
vt 0.192900 0.215000
vt 0.193900 0.052300
vt 0.195000 0.052600
vt 0.193900 0.540500
vt 0.192900 0.540600
vt 0.193900 0.703200
vt 0.192900 0.703300
vt 0.195000 0.540300
vt 0.195000 0.702900
vt 0.191800 0.540500
vt 0.191800 0.377800
vt 0.190700 0.540300
vt 0.190700 0.377800
vt 0.191800 0.703200
vt 0.190700 0.702900
vt 0.191800 0.215000
vt 0.191800 0.052300
vt 0.192900 0.052200
vt 0.190700 0.215200
vt 0.190700 0.052600
vt 0.388200 0.215800
vt 0.389300 0.377800
vt 0.388200 0.377800
vt 0.389300 0.215500
vt 0.388200 0.053900
vt 0.389300 0.053200
vt 0.388200 0.539700
vt 0.389300 0.540100
vt 0.388200 0.701700
vt 0.389300 0.702400
vt 0.387000 0.539300
vt 0.387000 0.377800
vt 0.385800 0.538900
vt 0.387000 0.700900
vt 0.387000 0.216200
vt 0.387000 0.054700
vt 0.385800 0.055500
vt 0.213700 0.539800
vt 0.212500 0.377800
vt 0.213700 0.377800
vt 0.212500 0.540100
vt 0.213700 0.701700
vt 0.212500 0.702400
vt 0.213700 0.215800
vt 0.212500 0.215500
vt 0.213700 0.053800
vt 0.212500 0.053200
vt 0.214800 0.216100
vt 0.214800 0.377800
vt 0.214800 0.054400
vt 0.215800 0.055000
vt 0.214800 0.539400
vt 0.214800 0.701100
vt 0.215800 0.700600
vt 0.397000 0.539700
vt 0.395900 0.377800
vt 0.397000 0.377800
vt 0.395900 0.540100
vt 0.397000 0.701700
vt 0.395900 0.702400
vt 0.397000 0.215800
vt 0.395900 0.215500
vt 0.397000 0.053900
vt 0.395900 0.053200
vt 0.398200 0.216200
vt 0.398200 0.377800
vt 0.399400 0.216600
vt 0.399400 0.377800
vt 0.398200 0.054600
vt 0.399400 0.055500
vt 0.398200 0.539300
vt 0.398200 0.700900
vt 0.399400 0.538900
vt 0.399400 0.700000
vt 0.204800 0.215800
vt 0.206000 0.377800
vt 0.204800 0.377800
vt 0.206000 0.215500
vt 0.204800 0.053900
vt 0.206000 0.053200
vt 0.204800 0.539700
vt 0.206000 0.540100
vt 0.204800 0.701700
vt 0.206000 0.702400
vt 0.203600 0.539300
vt 0.203600 0.377800
vt 0.202400 0.538900
vt 0.202400 0.377800
vt 0.203600 0.700900
vt 0.202400 0.700100
vt 0.203600 0.216200
vt 0.203600 0.054700
vt 0.202400 0.216600
vt 0.202400 0.055500
vt 0.586800 0.404900
vt 0.586200 0.288800
vt 0.586800 0.288800
vt 0.586200 0.404900
vt 0.585700 0.288800
vt 0.586800 0.520900
vt 0.586200 0.520900
vt 0.585700 0.404900
vt 0.586800 0.172700
vt 0.586200 0.172700
vt 0.586800 0.056700
vt 0.585700 0.172700
vt 0.586200 0.056700
vt 0.587300 0.288800
vt 0.587300 0.172700
vt 0.587900 0.288800
vt 0.587300 0.056700
vt 0.587900 0.172700
vt 0.587300 0.404900
vt 0.587900 0.404900
vt 0.587300 0.520900
vt 0.406600 0.778100
vt 0.290400 0.779400
vt 0.290400 0.778100
vt 0.406900 0.779400
vt 0.290400 0.781200
vt 0.522800 0.778100
vt 0.523400 0.779400
vt 0.407500 0.781200
vt 0.174200 0.778100
vt 0.173900 0.779400
vt 0.058000 0.778100
vt 0.173300 0.781200
vt 0.057400 0.779400
vt 0.174200 0.777100
vt 0.290400 0.777100
vt 0.290400 0.776200
vt 0.058100 0.777100
vt 0.174100 0.776200
vt 0.406600 0.777100
vt 0.522700 0.777100
vt 0.406700 0.776200
vt 0.407300 0.948200
vt 0.290400 0.949300
vt 0.290400 0.948200
vt 0.407600 0.949300
vt 0.290400 0.950400
vt 0.524200 0.948200
vt 0.524900 0.949300
vt 0.407900 0.950400
vt 0.173500 0.948200
vt 0.173200 0.949300
vt 0.056700 0.948200
vt 0.172900 0.950400
vt 0.056000 0.949300
vt 0.173900 0.947000
vt 0.290400 0.947000
vt 0.174400 0.945800
vt 0.290400 0.945800
vt 0.057400 0.947000
vt 0.058300 0.945800
vt 0.406900 0.947000
vt 0.523400 0.947000
vt 0.406500 0.945800
vt 0.522500 0.945800
vt 0.171000 0.936500
vt 0.290400 0.932900
vt 0.290400 0.936500
vt 0.169300 0.932900
vt 0.290400 0.929300
vt 0.051500 0.936500
vt 0.048100 0.932900
vt 0.167600 0.929300
vt 0.409900 0.936500
vt 0.411600 0.932900
vt 0.529300 0.936500
vt 0.413200 0.929300
vt 0.532700 0.932900
vt 0.408200 0.940000
vt 0.290400 0.940000
vt 0.406500 0.943600
vt 0.290400 0.943600
vt 0.525900 0.940000
vt 0.522500 0.943600
vt 0.172700 0.940000
vt 0.054900 0.940000
vt 0.174400 0.943600
vt 0.058300 0.943600
vt 0.463000 0.155800
vt 0.466300 0.288800
vt 0.463000 0.288800
vt 0.466300 0.154100
vt 0.469700 0.288800
vt 0.463000 0.022800
vt 0.466300 0.019400
vt 0.469700 0.152400
vt 0.463000 0.421800
vt 0.466300 0.423500
vt 0.463000 0.554800
vt 0.469700 0.425200
vt 0.466300 0.558200
vt 0.459600 0.420100
vt 0.459600 0.288800
vt 0.456200 0.418400
vt 0.456200 0.288800
vt 0.459600 0.551400
vt 0.456200 0.548000
vt 0.459600 0.157500
vt 0.459600 0.026200
vt 0.456200 0.159200
vt 0.456200 0.029600
vt 0.174400 0.944700
vt 0.290400 0.944100
vt 0.290400 0.944700
vt 0.174400 0.944100
vt 0.058300 0.944700
vt 0.058300 0.944100
vt 0.406500 0.944700
vt 0.406500 0.944100
vt 0.522500 0.944700
vt 0.522500 0.944100
vt 0.290400 0.945200
vt 0.406500 0.945200
vt 0.522500 0.945200
vt 0.174400 0.945200
vt 0.058300 0.945200
vt 0.290400 0.952600
vt 0.172800 0.953600
vt 0.172700 0.952600
vt 0.055100 0.953600
vt 0.055000 0.952600
vt 0.290400 0.953600
vt 0.172900 0.954700
vt 0.055400 0.954700
vt 0.172800 0.951500
vt 0.290400 0.951500
vt 0.055100 0.951500
vt 0.055400 0.950400
vt 0.408100 0.951500
vt 0.408100 0.952600
vt 0.525700 0.951500
vt 0.525800 0.952600
vt 0.525400 0.950400
vt 0.408100 0.953600
vt 0.407900 0.954700
vt 0.290400 0.954700
vt 0.525700 0.953600
vt 0.525400 0.954700
vt 0.290400 0.789900
vt 0.170900 0.786600
vt 0.290400 0.786600
vt 0.169300 0.789900
vt 0.051300 0.786600
vt 0.290400 0.793300
vt 0.167600 0.793300
vt 0.048100 0.789900
vt 0.172200 0.783600
vt 0.290400 0.783600
vt 0.054100 0.783600
vt 0.056200 0.781200
vt 0.408600 0.783600
vt 0.410000 0.786600
vt 0.526800 0.783600
vt 0.529500 0.786600
vt 0.524600 0.781200
vt 0.411500 0.789900
vt 0.532700 0.789900
vt 0.413200 0.793300
vt 0.165200 0.924600
vt 0.290400 0.922200
vt 0.290400 0.924600
vt 0.164000 0.922200
vt 0.290400 0.919800
vt 0.040000 0.924600
vt 0.037600 0.922200
vt 0.162800 0.919800
vt 0.415600 0.924600
vt 0.416800 0.922200
vt 0.540800 0.924600
vt 0.418000 0.919800
vt 0.543200 0.922200
vt 0.414400 0.927000
vt 0.290400 0.927000
vt 0.538400 0.927000
vt 0.536100 0.929300
vt 0.166400 0.927000
vt 0.042400 0.927000
vt 0.044800 0.929300
vt 0.423400 0.820800
vt 0.290400 0.824200
vt 0.290400 0.820800
vt 0.425100 0.824200
vt 0.290400 0.827600
vt 0.556400 0.820800
vt 0.559800 0.824200
vt 0.426800 0.827600
vt 0.157400 0.820800
vt 0.155700 0.824200
vt 0.024400 0.820800
vt 0.154000 0.827600
vt 0.021000 0.824200
vt 0.159100 0.817500
vt 0.290400 0.817500
vt 0.160800 0.814100
vt 0.290400 0.814100
vt 0.027800 0.817500
vt 0.031200 0.814100
vt 0.421700 0.817500
vt 0.553000 0.817500
vt 0.420000 0.814100
vt 0.549600 0.814100
vt 0.594700 0.288800
vt 0.595800 0.406500
vt 0.594700 0.406500
vt 0.595700 0.524100
vt 0.594700 0.524200
vt 0.595800 0.288800
vt 0.596800 0.406300
vt 0.596800 0.523800
vt 0.593600 0.406500
vt 0.593600 0.288800
vt 0.592600 0.406300
vt 0.592600 0.288800
vt 0.593600 0.524100
vt 0.592600 0.523800
vt 0.593600 0.171200
vt 0.594700 0.171100
vt 0.593600 0.053500
vt 0.594700 0.053400
vt 0.592600 0.171300
vt 0.592600 0.053800
vt 0.595800 0.171200
vt 0.596800 0.171300
vt 0.596800 0.288800
vt 0.595800 0.053500
vt 0.596800 0.053800
vt 0.196100 0.377800
vt 0.197300 0.215800
vt 0.197300 0.377800
vt 0.196100 0.215500
vt 0.197300 0.053900
vt 0.196100 0.053200
vt 0.198500 0.216200
vt 0.198500 0.377800
vt 0.199700 0.216600
vt 0.199700 0.377800
vt 0.198500 0.054600
vt 0.199700 0.055500
vt 0.198500 0.539300
vt 0.197300 0.539700
vt 0.198500 0.700900
vt 0.197300 0.701700
vt 0.199700 0.538900
vt 0.199700 0.700000
vt 0.196100 0.540100
vt 0.196100 0.702400
vt 0.138000 0.377800
vt 0.141400 0.199800
vt 0.141400 0.377800
vt 0.138000 0.198100
vt 0.141400 0.021800
vt 0.134700 0.377800
vt 0.134700 0.196400
vt 0.138000 0.018400
vt 0.144800 0.201500
vt 0.144800 0.377800
vt 0.148200 0.203200
vt 0.148200 0.377800
vt 0.144800 0.025200
vt 0.148200 0.028600
vt 0.144800 0.554100
vt 0.141400 0.555800
vt 0.144800 0.730400
vt 0.141400 0.733700
vt 0.148200 0.552400
vt 0.148200 0.727000
vt 0.138000 0.557500
vt 0.138000 0.737100
vt 0.134700 0.559100
vt 0.416100 0.405700
vt 0.415000 0.288800
vt 0.416100 0.288800
vt 0.415000 0.406000
vt 0.413900 0.288800
vt 0.416100 0.522600
vt 0.415000 0.523300
vt 0.413900 0.406300
vt 0.416100 0.171900
vt 0.415000 0.171600
vt 0.416100 0.055000
vt 0.413900 0.171300
vt 0.415000 0.054400
vt 0.417200 0.172200
vt 0.417200 0.288800
vt 0.418300 0.172500
vt 0.418300 0.288800
vt 0.417200 0.055600
vt 0.418300 0.056200
vt 0.417200 0.405400
vt 0.417200 0.522000
vt 0.418300 0.405100
vt 0.418300 0.521500
vt 0.566700 0.414000
vt 0.564300 0.288800
vt 0.566700 0.288800
vt 0.564300 0.415200
vt 0.561900 0.288800
vt 0.566700 0.539200
vt 0.564300 0.541600
vt 0.561900 0.416400
vt 0.566700 0.163600
vt 0.564300 0.162400
vt 0.566700 0.038400
vt 0.561900 0.161200
vt 0.564300 0.036000
vt 0.569100 0.164800
vt 0.569100 0.288800
vt 0.571400 0.166000
vt 0.571400 0.288800
vt 0.569100 0.040800
vt 0.571400 0.043200
vt 0.569100 0.412800
vt 0.569100 0.536800
vt 0.571400 0.411600
vt 0.571400 0.534500
vt 0.590300 0.171900
vt 0.591400 0.288800
vt 0.590300 0.288800
vt 0.591400 0.171600
vt 0.590300 0.055000
vt 0.591400 0.054400
vt 0.590300 0.405700
vt 0.591400 0.406000
vt 0.590300 0.522600
vt 0.591400 0.523300
vt 0.589100 0.405300
vt 0.589100 0.288800
vt 0.589100 0.521800
vt 0.587900 0.520900
vt 0.589100 0.172300
vt 0.589100 0.055800
vt 0.587900 0.056700
vt 0.175800 0.542400
vt 0.172500 0.377800
vt 0.175800 0.377800
vt 0.172500 0.543900
vt 0.169000 0.377800
vt 0.175800 0.706900
vt 0.172500 0.710100
vt 0.169000 0.545600
vt 0.175800 0.213200
vt 0.172500 0.211600
vt 0.175800 0.048600
vt 0.169000 0.210000
vt 0.172500 0.045500
vt 0.178800 0.214600
vt 0.178800 0.377800
vt 0.181200 0.215600
vt 0.181200 0.377800
vt 0.178800 0.051300
vt 0.181200 0.053400
vt 0.178800 0.541000
vt 0.178800 0.704200
vt 0.181200 0.540000
vt 0.181200 0.702100
vt 0.420200 0.172600
vt 0.421500 0.288800
vt 0.420200 0.288800
vt 0.421500 0.172300
vt 0.423300 0.288800
vt 0.420200 0.056400
vt 0.421500 0.055800
vt 0.423300 0.171700
vt 0.420200 0.405000
vt 0.421500 0.405300
vt 0.420200 0.521200
vt 0.423300 0.405900
vt 0.421500 0.521800
vt 0.419200 0.405000
vt 0.419200 0.288800
vt 0.419200 0.521100
vt 0.419200 0.172600
vt 0.419200 0.056500
vt 0.149900 0.377800
vt 0.151600 0.203200
vt 0.151600 0.377800
vt 0.149900 0.203200
vt 0.151600 0.028600
vt 0.149900 0.028600
vt 0.153300 0.377800
vt 0.153300 0.203200
vt 0.155000 0.377800
vt 0.153300 0.028600
vt 0.155000 0.203200
vt 0.151600 0.552400
vt 0.153300 0.552400
vt 0.151600 0.727000
vt 0.155000 0.552400
vt 0.153300 0.727000
vt 0.149900 0.552400
vt 0.149900 0.727000
vt 0.546400 0.424200
vt 0.538600 0.288800
vt 0.546400 0.288800
vt 0.538600 0.428100
vt 0.530800 0.288800
vt 0.546400 0.559500
vt 0.538600 0.567300
vt 0.530800 0.432000
vt 0.546400 0.153400
vt 0.538600 0.149500
vt 0.546400 0.018100
vt 0.530800 0.145600
vt 0.538600 0.010300
vt 0.554200 0.157300
vt 0.554200 0.288800
vt 0.554200 0.025900
vt 0.561900 0.033700
vt 0.554200 0.420300
vt 0.554200 0.551800
vt 0.562000 0.544000
vt 0.109200 0.377800
vt 0.117700 0.196400
vt 0.117700 0.377800
vt 0.109200 0.196400
vt 0.117700 0.015000
vt 0.100800 0.377800
vt 0.100800 0.196400
vt 0.109200 0.015000
vt 0.126200 0.377800
vt 0.126200 0.196400
vt 0.126200 0.015000
vt 0.117700 0.559100
vt 0.126200 0.559100
vt 0.117700 0.740500
vt 0.126200 0.740500
vt 0.109200 0.559100
vt 0.109200 0.740500
vt 0.100800 0.559100
vt 0.599100 0.405700
vt 0.598000 0.288800
vt 0.599100 0.288800
vt 0.598000 0.406000
vt 0.599100 0.522600
vt 0.598000 0.523300
vt 0.599100 0.171900
vt 0.598000 0.171600
vt 0.599100 0.055000
vt 0.598000 0.054400
vt 0.600300 0.172300
vt 0.600300 0.288800
vt 0.601500 0.172700
vt 0.601500 0.288800
vt 0.600300 0.055800
vt 0.601500 0.056700
vt 0.600300 0.405300
vt 0.600300 0.521800
vt 0.601500 0.404900
vt 0.601500 0.520900
vt 0.452800 0.159200
vt 0.454500 0.288800
vt 0.452800 0.288800
vt 0.454500 0.159200
vt 0.452800 0.029600
vt 0.454500 0.029600
vt 0.452800 0.418400
vt 0.454500 0.418400
vt 0.452800 0.548000
vt 0.454500 0.548000
vt 0.451100 0.288800
vt 0.451100 0.418400
vt 0.449400 0.288800
vt 0.451100 0.548000
vt 0.449400 0.418400
vt 0.451100 0.159200
vt 0.449400 0.159200
vt 0.451100 0.029600
vt 0.183000 0.377800
vt 0.184300 0.216500
vt 0.184300 0.377800
vt 0.183000 0.216200
vt 0.184300 0.055200
vt 0.183000 0.054700
vt 0.185400 0.216500
vt 0.185400 0.377800
vt 0.186300 0.377800
vt 0.185400 0.055300
vt 0.186300 0.216400
vt 0.185400 0.539000
vt 0.184300 0.539000
vt 0.185400 0.700300
vt 0.184300 0.700300
vt 0.186300 0.539200
vt 0.183000 0.539300
vt 0.183000 0.700900
vt 0.009500 0.377800
vt 0.010600 0.215100
vt 0.010600 0.377800
vt 0.011700 0.215200
vt 0.011700 0.377800
vt 0.009500 0.215000
vt 0.010600 0.052300
vt 0.011700 0.052600
vt 0.010600 0.540500
vt 0.009500 0.540600
vt 0.010600 0.703200
vt 0.009500 0.703300
vt 0.011700 0.540300
vt 0.011700 0.702900
vt 0.008500 0.540500
vt 0.008500 0.377800
vt 0.007400 0.540300
vt 0.007400 0.377800
vt 0.008500 0.703200
vt 0.007400 0.702900
vt 0.008500 0.215100
vt 0.008500 0.052300
vt 0.009500 0.052200
vt 0.007400 0.215200
vt 0.007400 0.052600
vt 0.433600 0.881900
vt 0.290400 0.885300
vt 0.290400 0.881900
vt 0.433600 0.885300
vt 0.290400 0.888600
vt 0.576800 0.881900
vt 0.576800 0.885300
vt 0.433600 0.888600
vt 0.147200 0.881900
vt 0.147200 0.885300
vt 0.004100 0.881900
vt 0.147200 0.888600
vt 0.004100 0.885300
vt 0.290400 0.878500
vt 0.147200 0.878500
vt 0.290400 0.875100
vt 0.004100 0.878500
vt 0.147200 0.875100
vt 0.433600 0.878500
vt 0.433600 0.875100
vt 0.576800 0.878500
vt 0.018000 0.377800
vt 0.017400 0.538900
vt 0.017400 0.377800
vt 0.018000 0.538900
vt 0.017400 0.700100
vt 0.018500 0.377800
vt 0.018500 0.538900
vt 0.018000 0.700100
vt 0.016900 0.377800
vt 0.016900 0.538900
vt 0.016300 0.377800
vt 0.016900 0.700100
vt 0.016300 0.538900
vt 0.017400 0.216600
vt 0.016900 0.216600
vt 0.017400 0.055500
vt 0.016300 0.216600
vt 0.016900 0.055500
vt 0.018000 0.216600
vt 0.018000 0.055500
vt 0.018500 0.216600
vt 0.407300 0.765200
vt 0.290400 0.766300
vt 0.290400 0.765200
vt 0.407600 0.766300
vt 0.290400 0.767500
vt 0.524200 0.765200
vt 0.524900 0.766300
vt 0.407900 0.767500
vt 0.173500 0.765200
vt 0.173200 0.766300
vt 0.056700 0.765200
vt 0.172900 0.767500
vt 0.056000 0.766300
vt 0.173900 0.764000
vt 0.290400 0.764000
vt 0.174400 0.762800
vt 0.290400 0.762800
vt 0.057400 0.764000
vt 0.058300 0.762800
vt 0.406900 0.764000
vt 0.523400 0.764000
vt 0.406500 0.762800
vt 0.522500 0.762800
vt 0.420000 0.810700
vt 0.290400 0.812400
vt 0.290400 0.810700
vt 0.420000 0.812400
vt 0.549600 0.810700
vt 0.549600 0.812400
vt 0.160800 0.810700
vt 0.160800 0.812400
vt 0.031200 0.810700
vt 0.031200 0.812400
vt 0.290400 0.809000
vt 0.160800 0.809000
vt 0.290400 0.807300
vt 0.031200 0.809000
vt 0.160800 0.807300
vt 0.420000 0.809000
vt 0.420000 0.807300
vt 0.549600 0.809000
vt 0.426800 0.844600
vt 0.290400 0.853100
vt 0.290400 0.844600
vt 0.426800 0.853100
vt 0.290400 0.861500
vt 0.563200 0.844600
vt 0.563200 0.853000
vt 0.426800 0.861500
vt 0.154000 0.844600
vt 0.154000 0.853100
vt 0.017600 0.844600
vt 0.154000 0.861500
vt 0.017600 0.853100
vt 0.290400 0.836100
vt 0.154000 0.836100
vt 0.017600 0.836100
vt 0.426800 0.836100
vt 0.563200 0.836100
vt 0.090600 0.377800
vt 0.094000 0.193000
vt 0.094000 0.377800
vt 0.090600 0.191300
vt 0.094000 0.008300
vt 0.087200 0.377800
vt 0.087200 0.189600
vt 0.090600 0.004900
vt 0.097400 0.194700
vt 0.097400 0.377800
vt 0.097400 0.011600
vt 0.100800 0.015000
vt 0.097400 0.560800
vt 0.094000 0.562500
vt 0.097400 0.743900
vt 0.094000 0.747300
vt 0.100800 0.740500
vt 0.090600 0.564200
vt 0.090600 0.750700
vt 0.087200 0.565900
vt 0.578600 0.408200
vt 0.575000 0.288800
vt 0.578600 0.288800
vt 0.575000 0.409900
vt 0.578600 0.527700
vt 0.575000 0.531100
vt 0.578600 0.169400
vt 0.575000 0.167700
vt 0.578600 0.049900
vt 0.575000 0.046500
vt 0.582100 0.171100
vt 0.582100 0.288800
vt 0.582100 0.053300
vt 0.585700 0.056700
vt 0.582100 0.406600
vt 0.582100 0.524300
vt 0.585700 0.520900
vt 0.006300 0.377800
vt 0.005100 0.539700
vt 0.005100 0.377800
vt 0.006300 0.540100
vt 0.005100 0.701700
vt 0.006300 0.702400
vt 0.003900 0.539300
vt 0.003900 0.377800
vt 0.002700 0.538900
vt 0.002700 0.377800
vt 0.003900 0.700900
vt 0.002700 0.700100
vt 0.003900 0.216200
vt 0.005100 0.215800
vt 0.003900 0.054700
vt 0.005100 0.053900
vt 0.002700 0.216600
vt 0.002700 0.055500
vt 0.006300 0.215500
vt 0.006300 0.053200
vt 0.012800 0.377800
vt 0.014000 0.215800
vt 0.014000 0.377800
vt 0.012800 0.215500
vt 0.014000 0.053900
vt 0.012800 0.053200
vt 0.015100 0.216200
vt 0.015100 0.377800
vt 0.015100 0.054700
vt 0.016300 0.055500
vt 0.015100 0.539300
vt 0.014000 0.539700
vt 0.015100 0.700900
vt 0.014000 0.701700
vt 0.016300 0.700100
vt 0.012800 0.540100
vt 0.012800 0.702400
vt 0.158500 0.377800
vt 0.162000 0.206600
vt 0.162000 0.377800
vt 0.158500 0.204900
vt 0.162000 0.035400
vt 0.158500 0.032000
vt 0.165500 0.208300
vt 0.165500 0.377800
vt 0.165500 0.038800
vt 0.169000 0.042200
vt 0.165500 0.547300
vt 0.162000 0.549000
vt 0.165500 0.716800
vt 0.162000 0.720200
vt 0.169000 0.713400
vt 0.158500 0.550700
vt 0.158500 0.723600
vt 0.411700 0.288800
vt 0.412800 0.406500
vt 0.411700 0.406500
vt 0.412800 0.524100
vt 0.411700 0.524200
vt 0.412800 0.288800
vt 0.413900 0.523800
vt 0.410700 0.406500
vt 0.410700 0.288800
vt 0.409600 0.406300
vt 0.409600 0.288800
vt 0.410700 0.524100
vt 0.409600 0.523800
vt 0.410700 0.171200
vt 0.411700 0.171100
vt 0.410700 0.053500
vt 0.411700 0.053400
vt 0.409600 0.171300
vt 0.409600 0.053800
vt 0.412800 0.171200
vt 0.412800 0.053500
vt 0.413900 0.053800
vt 0.189600 0.377800
vt 0.188500 0.539800
vt 0.188500 0.377800
vt 0.189600 0.540100
vt 0.188500 0.701700
vt 0.189600 0.702400
vt 0.187300 0.539400
vt 0.187300 0.377800
vt 0.187300 0.701100
vt 0.186300 0.700600
vt 0.187300 0.216100
vt 0.188500 0.215800
vt 0.187300 0.054400
vt 0.188500 0.053800
vt 0.186300 0.055000
vt 0.189600 0.215500
vt 0.189600 0.053200
vt 0.524000 0.145600
vt 0.527400 0.288800
vt 0.524000 0.288800
vt 0.527400 0.145600
vt 0.524000 0.002500
vt 0.527400 0.002500
vt 0.524000 0.432000
vt 0.527400 0.432000
vt 0.524000 0.575100
vt 0.527400 0.575100
vt 0.520600 0.288800
vt 0.520600 0.432000
vt 0.517200 0.288800
vt 0.520600 0.575100
vt 0.517200 0.432000
vt 0.520600 0.145600
vt 0.517200 0.145600
vt 0.520600 0.002500
vt 0.029300 0.377800
vt 0.025700 0.542300
vt 0.025700 0.377800
vt 0.029300 0.543900
vt 0.025700 0.706700
vt 0.032900 0.377800
vt 0.033000 0.545600
vt 0.029300 0.710100
vt 0.022100 0.540600
vt 0.022100 0.377800
vt 0.022100 0.703400
vt 0.018500 0.700100
vt 0.022100 0.215000
vt 0.025700 0.213300
vt 0.022100 0.052200
vt 0.025700 0.048800
vt 0.018500 0.055500
vt 0.029300 0.211600
vt 0.029300 0.045500
vt 0.032900 0.210000
vt 0.430200 0.868300
vt 0.290400 0.871700
vt 0.290400 0.868300
vt 0.431900 0.871700
vt 0.570000 0.868300
vt 0.573400 0.871700
vt 0.150600 0.868300
vt 0.148900 0.871700
vt 0.010900 0.868300
vt 0.007500 0.871700
vt 0.152300 0.864900
vt 0.290400 0.864900
vt 0.014200 0.864900
vt 0.017600 0.861500
vt 0.428500 0.864900
vt 0.566600 0.864900
vt 0.563200 0.861500
vt 0.040100 0.377800
vt 0.037700 0.548000
vt 0.037700 0.377800
vt 0.040100 0.549100
vt 0.037700 0.718100
vt 0.042400 0.377800
vt 0.042400 0.550300
vt 0.040100 0.720500
vt 0.035300 0.546800
vt 0.035300 0.377800
vt 0.035300 0.715800
vt 0.033000 0.713400
vt 0.035300 0.208800
vt 0.037700 0.207600
vt 0.035300 0.039800
vt 0.037700 0.037400
vt 0.032900 0.042200
vt 0.040100 0.206400
vt 0.040100 0.035000
vt 0.042400 0.205200
vt 0.442400 0.288800
vt 0.438900 0.413300
vt 0.438900 0.288800
vt 0.435400 0.411600
vt 0.435400 0.288800
vt 0.442400 0.415000
vt 0.438900 0.537900
vt 0.435400 0.534500
vt 0.438900 0.164300
vt 0.442400 0.162600
vt 0.438900 0.039800
vt 0.442400 0.036400
vt 0.435400 0.166000
vt 0.435400 0.043200
vt 0.445900 0.288800
vt 0.445900 0.160900
vt 0.445900 0.033000
vt 0.445900 0.416700
vt 0.442400 0.541200
vt 0.445900 0.544600
vt 0.077000 0.377800
vt 0.080400 0.189600
vt 0.080400 0.377800
vt 0.077000 0.189600
vt 0.080400 0.001500
vt 0.073600 0.377800
vt 0.073600 0.189600
vt 0.077000 0.001500
vt 0.083800 0.377800
vt 0.083800 0.189600
vt 0.083800 0.001500
vt 0.080400 0.565900
vt 0.083800 0.565900
vt 0.080400 0.754100
vt 0.083800 0.754100
vt 0.077000 0.565900
vt 0.077000 0.754100
vt 0.073600 0.565900
vt 0.065800 0.377800
vt 0.058000 0.558100
vt 0.058000 0.377800
vt 0.065800 0.562000
vt 0.058000 0.738500
vt 0.065800 0.746300
vt 0.050200 0.554200
vt 0.050200 0.377800
vt 0.050200 0.730700
vt 0.042400 0.722900
vt 0.050200 0.201300
vt 0.058000 0.197400
vt 0.050200 0.024900
vt 0.058000 0.017100
vt 0.042400 0.032700
vt 0.065800 0.193500
vt 0.065800 0.009300
vt 0.432000 0.288800
vt 0.428700 0.408400
vt 0.428700 0.288800
vt 0.432000 0.409900
vt 0.428700 0.527900
vt 0.432000 0.531100
vt 0.425800 0.407000
vt 0.425800 0.288800
vt 0.425800 0.525200
vt 0.423300 0.523000
vt 0.425800 0.170600
vt 0.428700 0.169300
vt 0.425800 0.052500
vt 0.428700 0.049700
vt 0.423300 0.054600
vt 0.432000 0.167700
vt 0.432000 0.046500
vt 0.155000 0.904200
vt 0.290400 0.896400
vt 0.290400 0.904200
vt 0.151100 0.896400
vt 0.019700 0.904200
vt 0.011900 0.896400
vt 0.425800 0.904200
vt 0.429700 0.896400
vt 0.561200 0.904200
vt 0.569000 0.896400
vt 0.421900 0.912000
vt 0.290400 0.912000
vt 0.553400 0.912000
vt 0.545600 0.919800
vt 0.158900 0.912000
vt 0.027500 0.912000
vt 0.035300 0.919800
vt 0.510400 0.149000
vt 0.513800 0.288800
vt 0.510400 0.288800
vt 0.513800 0.147300
vt 0.510400 0.009300
vt 0.513800 0.005900
vt 0.510400 0.428600
vt 0.513800 0.430300
vt 0.510400 0.568400
vt 0.513800 0.571800
vt 0.507000 0.426900
vt 0.507000 0.288800
vt 0.503600 0.425200
vt 0.503600 0.288800
vt 0.507000 0.565000
vt 0.503600 0.561600
vt 0.507000 0.150700
vt 0.507000 0.012600
vt 0.503600 0.152400
vt 0.503600 0.016000
vt 0.486700 0.152400
vt 0.495200 0.288800
vt 0.486700 0.288800
vt 0.495200 0.152400
vt 0.486700 0.016000
vt 0.495200 0.016000
vt 0.486700 0.425200
vt 0.495200 0.425200
vt 0.486700 0.561600
vt 0.495200 0.561600
vt 0.478200 0.288800
vt 0.478200 0.425200
vt 0.478200 0.561600
vt 0.478200 0.152400
vt 0.478200 0.016000
vt 0.290400 0.800300
vt 0.165900 0.796800
vt 0.290400 0.796800
vt 0.164200 0.800300
vt 0.041400 0.796800
vt 0.044800 0.793300
vt 0.414900 0.796800
vt 0.416600 0.800300
vt 0.539500 0.796800
vt 0.542800 0.800300
vt 0.536100 0.793300
vt 0.290400 0.803800
vt 0.418300 0.803800
vt 0.546200 0.803800
vt 0.162500 0.803800
vt 0.038000 0.800300
vt 0.034600 0.803800
vt 0.290400 0.769600
vt 0.172800 0.770700
vt 0.172700 0.769600
vt 0.055100 0.770700
vt 0.055000 0.769600
vt 0.290400 0.770700
vt 0.172900 0.771700
vt 0.055400 0.771700
vt 0.172800 0.768500
vt 0.290400 0.768500
vt 0.055100 0.768500
vt 0.055400 0.767500
vt 0.408100 0.768500
vt 0.408100 0.769600
vt 0.525700 0.768500
vt 0.525800 0.769600
vt 0.525400 0.767500
vt 0.408100 0.770700
vt 0.407900 0.771700
vt 0.290400 0.771700
vt 0.525700 0.770700
vt 0.525400 0.771700
vt 0.173500 0.774000
vt 0.290400 0.772900
vt 0.290400 0.774000
vt 0.173200 0.772900
vt 0.056600 0.774000
vt 0.056000 0.772900
vt 0.407300 0.774000
vt 0.407600 0.772900
vt 0.524200 0.774000
vt 0.524900 0.772900
vt 0.407000 0.775100
vt 0.290400 0.775100
vt 0.523600 0.775100
vt 0.523100 0.776200
vt 0.173800 0.775100
vt 0.057200 0.775100
vt 0.057800 0.776200
vt 0.173500 0.957000
vt 0.290400 0.955900
vt 0.290400 0.957000
vt 0.173200 0.955800
vt 0.056700 0.957000
vt 0.056000 0.955800
vt 0.407300 0.957000
vt 0.407600 0.955900
vt 0.524200 0.957000
vt 0.524900 0.955900
vt 0.406900 0.958200
vt 0.290400 0.958200
vt 0.406500 0.959400
vt 0.290400 0.959400
vt 0.523400 0.958200
vt 0.522500 0.959400
vt 0.173900 0.958200
vt 0.057400 0.958200
vt 0.174400 0.959400
vt 0.058300 0.959400
vt 0.407300 0.171900
vt 0.408400 0.288800
vt 0.407300 0.288800
vt 0.408400 0.171600
vt 0.407300 0.055000
vt 0.408400 0.054400
vt 0.407300 0.405700
vt 0.408400 0.406000
vt 0.407300 0.522600
vt 0.408400 0.523300
vt 0.406100 0.405300
vt 0.406100 0.288800
vt 0.404900 0.404900
vt 0.404900 0.288800
vt 0.406100 0.521800
vt 0.404900 0.520900
vt 0.406100 0.172300
vt 0.406100 0.055800
vt 0.404900 0.172700
vt 0.404900 0.056700
vt 0.183000 0.730600
vt 0.186000 0.736200
vt 0.183000 0.736200
vt 0.186000 0.730200
vt 0.190100 0.736200
vt 0.183100 0.725000
vt 0.186000 0.724300
vt 0.190100 0.730100
vt 0.183000 0.741800
vt 0.186000 0.742200
vt 0.183000 0.747400
vt 0.190100 0.742400
vt 0.186000 0.748200
vt 0.180700 0.741100
vt 0.180600 0.736200
vt 0.178800 0.740300
vt 0.178600 0.736200
vt 0.181000 0.746000
vt 0.179600 0.743700
vt 0.180700 0.731300
vt 0.181000 0.726400
vt 0.178800 0.732200
vt 0.179700 0.728700
vt 0.181700 0.749600
vt 0.184500 0.751000
vt 0.181000 0.750500
vt 0.183900 0.752000
vt 0.180400 0.751500
vt 0.185000 0.750100
vt 0.189000 0.751400
vt 0.188600 0.752400
vt 0.179000 0.748900
vt 0.178200 0.750000
vt 0.176800 0.748200
vt 0.177500 0.750900
vt 0.175800 0.749400
vt 0.180000 0.747500
vt 0.182300 0.748500
vt 0.178000 0.746400
vt 0.185500 0.749100
vt 0.189300 0.750400
vt 0.189700 0.749500
vt 0.176000 0.741600
vt 0.174800 0.736200
vt 0.176000 0.736200
vt 0.174800 0.741800
vt 0.173700 0.736200
vt 0.176100 0.746900
vt 0.174800 0.747500
vt 0.173700 0.742000
vt 0.176100 0.730800
vt 0.174800 0.730600
vt 0.176100 0.725500
vt 0.173700 0.730400
vt 0.174900 0.724900
vt 0.177400 0.731400
vt 0.177300 0.736200
vt 0.177700 0.726700
vt 0.177400 0.741000
vt 0.177700 0.745800
vt 0.226900 0.730900
vt 0.228200 0.736200
vt 0.227000 0.736200
vt 0.228100 0.730600
vt 0.229300 0.736200
vt 0.226800 0.725500
vt 0.228100 0.724900
vt 0.229300 0.730400
vt 0.226900 0.741600
vt 0.228200 0.741900
vt 0.226900 0.746900
vt 0.229300 0.742000
vt 0.228200 0.747500
vt 0.225600 0.741000
vt 0.225700 0.736200
vt 0.224200 0.740300
vt 0.224400 0.736200
vt 0.225300 0.745800
vt 0.223400 0.743700
vt 0.225600 0.731400
vt 0.225300 0.726700
vt 0.224100 0.732200
vt 0.223300 0.728700
vt 0.221300 0.722900
vt 0.218500 0.721400
vt 0.222000 0.721900
vt 0.219000 0.720400
vt 0.222600 0.720900
vt 0.218000 0.722400
vt 0.214000 0.721000
vt 0.214400 0.720100
vt 0.223900 0.723500
vt 0.224700 0.722500
vt 0.226200 0.724300
vt 0.225400 0.721500
vt 0.227100 0.723000
vt 0.223000 0.724900
vt 0.220600 0.723900
vt 0.222000 0.726400
vt 0.219900 0.725000
vt 0.225000 0.726000
vt 0.217500 0.723300
vt 0.213600 0.722000
vt 0.216900 0.724300
vt 0.213200 0.723000
vt 0.220000 0.736200
vt 0.222300 0.731300
vt 0.222400 0.736200
vt 0.220000 0.730600
vt 0.222300 0.741100
vt 0.220000 0.741800
vt 0.222000 0.746000
vt 0.219900 0.747400
vt 0.216900 0.736200
vt 0.216900 0.742200
vt 0.212900 0.736200
vt 0.217000 0.748200
vt 0.212900 0.742400
vt 0.216900 0.730200
vt 0.212900 0.730100
vt 0.201500 0.736200
vt 0.207500 0.730000
vt 0.207500 0.736200
vt 0.201500 0.729900
vt 0.207500 0.723700
vt 0.212900 0.723900
vt 0.207500 0.742500
vt 0.201500 0.742500
vt 0.207500 0.748700
vt 0.201500 0.748800
vt 0.212900 0.748500
vt 0.195500 0.742500
vt 0.195500 0.736200
vt 0.195500 0.748700
vt 0.190100 0.748500
vt 0.195500 0.730000
vt 0.195500 0.723700
vt 0.201500 0.723600
vt 0.190100 0.723900
vt 0.223900 0.748900
vt 0.222000 0.750500
vt 0.221300 0.749600
vt 0.224700 0.750000
vt 0.222600 0.751500
vt 0.226200 0.748200
vt 0.227100 0.749400
vt 0.225400 0.750900
vt 0.218500 0.751000
vt 0.218000 0.750100
vt 0.214000 0.751400
vt 0.213600 0.750400
vt 0.219000 0.752000
vt 0.214400 0.752400
vt 0.220600 0.748500
vt 0.217500 0.749100
vt 0.213200 0.749500
vt 0.223000 0.747500
vt 0.225000 0.746400
vt 0.207900 0.750700
vt 0.201500 0.751700
vt 0.201500 0.750700
vt 0.208100 0.751600
vt 0.201500 0.752700
vt 0.208300 0.752600
vt 0.195100 0.750700
vt 0.194900 0.751600
vt 0.194700 0.752600
vt 0.195300 0.749700
vt 0.201500 0.749800
vt 0.207700 0.749700
vt 0.179100 0.723500
vt 0.181000 0.721900
vt 0.181700 0.722900
vt 0.178300 0.722400
vt 0.180400 0.720900
vt 0.176800 0.724200
vt 0.175900 0.723000
vt 0.177600 0.721500
vt 0.184500 0.721400
vt 0.185000 0.722400
vt 0.189000 0.721000
vt 0.189400 0.722000
vt 0.184000 0.720400
vt 0.188600 0.720100
vt 0.182400 0.723900
vt 0.185500 0.723300
vt 0.189700 0.723000
vt 0.180000 0.724900
vt 0.178000 0.726000
vt 0.195100 0.721800
vt 0.201500 0.720700
vt 0.201500 0.721700
vt 0.194900 0.720800
vt 0.201500 0.719800
vt 0.194700 0.719800
vt 0.207900 0.721800
vt 0.208100 0.720800
vt 0.208300 0.719800
vt 0.207700 0.722700
vt 0.201500 0.722700
vt 0.195300 0.722700
vt 0.015700 0.023000
vt 0.017300 0.023900
vt 0.015700 0.023900
vt 0.018700 0.023000
vt 0.018700 0.023900
vt 0.015700 0.022100
vt 0.017300 0.023000
vt 0.018700 0.022100
vt 0.017300 0.024800
vt 0.015700 0.024800
vt 0.017300 0.025700
vt 0.015700 0.025700
vt 0.018700 0.025700
vt 0.014000 0.024800
vt 0.014000 0.023900
vt 0.012200 0.023900
vt 0.014000 0.025700
vt 0.012200 0.024800
vt 0.014000 0.023000
vt 0.012200 0.023000
vt 0.014000 0.022100
vt 0.015800 0.006100
vt 0.017300 0.005500
vt 0.017300 0.006100
vt 0.018700 0.006100
vt 0.015800 0.004800
vt 0.015800 0.005500
vt 0.017300 0.004800
vt 0.018700 0.005500
vt 0.015700 0.006700
vt 0.017300 0.007400
vt 0.015700 0.007400
vt 0.017300 0.006700
vt 0.018700 0.006700
vt 0.014000 0.006100
vt 0.014000 0.006700
vt 0.012300 0.006100
vt 0.014000 0.007400
vt 0.012200 0.006700
vt 0.014200 0.005500
vt 0.012500 0.005500
vt 0.014300 0.004800
vt 0.015700 0.020400
vt 0.017300 0.019600
vt 0.017300 0.020400
vt 0.018700 0.019600
vt 0.018700 0.020400
vt 0.015700 0.019600
vt 0.017300 0.018800
vt 0.017300 0.021200
vt 0.015700 0.021200
vt 0.017300 0.022100
vt 0.014000 0.020400
vt 0.014000 0.021200
vt 0.012200 0.020400
vt 0.012200 0.021200
vt 0.014000 0.019600
vt 0.015700 0.018800
vt 0.012200 0.019600
vt 0.014000 0.018800
vt 0.015700 0.008700
vt 0.017300 0.008100
vt 0.017300 0.008700
vt 0.018700 0.008700
vt 0.015700 0.008100
vt 0.018700 0.007400
vt 0.018700 0.008100
vt 0.015700 0.009400
vt 0.017300 0.010100
vt 0.015700 0.010100
vt 0.018700 0.009400
vt 0.017300 0.009400
vt 0.014000 0.008700
vt 0.014000 0.009400
vt 0.012200 0.008700
vt 0.014000 0.010100
vt 0.012200 0.009400
vt 0.014000 0.008100
vt 0.012200 0.008100
vt 0.015700 0.011500
vt 0.017300 0.010800
vt 0.017300 0.011500
vt 0.018700 0.010800
vt 0.018700 0.011500
vt 0.015700 0.010800
vt 0.018700 0.010100
vt 0.017300 0.012200
vt 0.015700 0.012200
vt 0.015700 0.012900
vt 0.018700 0.012200
vt 0.018700 0.012900
vt 0.017300 0.012900
vt 0.014000 0.011500
vt 0.014000 0.012200
vt 0.012200 0.011500
vt 0.014000 0.012900
vt 0.012200 0.012200
vt 0.014000 0.010800
vt 0.012200 0.010800
vt 0.015700 0.014300
vt 0.017300 0.013600
vt 0.017300 0.014300
vt 0.018700 0.014300
vt 0.015700 0.013600
vt 0.018700 0.013600
vt 0.015700 0.015100
vt 0.017300 0.015100
vt 0.015700 0.015800
vt 0.018700 0.015100
vt 0.018700 0.015800
vt 0.017300 0.015800
vt 0.014000 0.014300
vt 0.014000 0.015100
vt 0.012200 0.014300
vt 0.014000 0.015800
vt 0.012200 0.015100
vt 0.014000 0.013600
vt 0.012200 0.013600
vt 0.015700 0.017300
vt 0.017300 0.016500
vt 0.017300 0.017300
vt 0.018700 0.017300
vt 0.015700 0.016500
vt 0.018700 0.016500
vt 0.017300 0.018000
vt 0.015700 0.018000
vt 0.018700 0.018000
vt 0.014000 0.018000
vt 0.014000 0.017300
vt 0.012200 0.017300
vt 0.012200 0.018000
vt 0.014000 0.016500
vt 0.012200 0.016500
vt 0.015700 0.030500
vt 0.017300 0.031500
vt 0.015700 0.031500
vt 0.018700 0.030500
vt 0.018700 0.031500
vt 0.017300 0.029500
vt 0.017300 0.030500
vt 0.018700 0.029500
vt 0.017300 0.032500
vt 0.015700 0.032500
vt 0.015700 0.033500
vt 0.018700 0.033500
vt 0.017300 0.033500
vt 0.014000 0.032500
vt 0.014000 0.031500
vt 0.012200 0.031500
vt 0.014000 0.033500
vt 0.012200 0.032500
vt 0.014000 0.030500
vt 0.015700 0.029500
vt 0.012200 0.030500
vt 0.014000 0.029500
vt 0.015700 0.027600
vt 0.017300 0.026600
vt 0.017300 0.027600
vt 0.018700 0.026600
vt 0.018700 0.027600
vt 0.015700 0.026600
vt 0.017300 0.028500
vt 0.015700 0.028500
vt 0.018700 0.028500
vt 0.014000 0.028500
vt 0.014000 0.027600
vt 0.012200 0.027600
vt 0.012200 0.028500
vt 0.014000 0.026600
vt 0.012200 0.026600
vt 0.015800 0.035500
vt 0.017300 0.034500
vt 0.017300 0.035500
vt 0.018700 0.035500
vt 0.015700 0.034500
vt 0.018700 0.034500
vt 0.017300 0.036500
vt 0.015800 0.036500
vt 0.017300 0.037500
vt 0.015800 0.037500
vt 0.018700 0.036500
vt 0.014200 0.036500
vt 0.014000 0.035500
vt 0.012300 0.035500
vt 0.014300 0.037500
vt 0.012500 0.036500
vt 0.014000 0.034500
vt 0.012200 0.034500
vt 0.395800 0.037300
vt 0.405700 0.036300
vt 0.405700 0.037300
vt 0.395800 0.036300
vt 0.405700 0.035400
vt 0.385900 0.036300
vt 0.385900 0.035400
vt 0.395800 0.035400
vt 0.415600 0.037300
vt 0.415600 0.036300
vt 0.425500 0.037300
vt 0.415600 0.035400
vt 0.425500 0.036300
vt 0.405700 0.038300
vt 0.415600 0.038300
vt 0.405700 0.039400
vt 0.425500 0.038300
vt 0.415600 0.039400
vt 0.395800 0.038300
vt 0.385900 0.037300
vt 0.395800 0.039400
vt 0.385900 0.038300
vt 0.395800 0.033700
vt 0.405700 0.032900
vt 0.405700 0.033700
vt 0.395800 0.032900
vt 0.405700 0.032100
vt 0.385900 0.033700
vt 0.385900 0.032900
vt 0.395800 0.032100
vt 0.415600 0.032900
vt 0.415600 0.033700
vt 0.425500 0.033700
vt 0.415600 0.032100
vt 0.425500 0.032900
vt 0.415600 0.034500
vt 0.405700 0.034500
vt 0.425500 0.034500
vt 0.395800 0.034500
vt 0.385900 0.034500
vt 0.395800 0.030600
vt 0.405700 0.029800
vt 0.405700 0.030600
vt 0.395800 0.029800
vt 0.405700 0.029000
vt 0.385900 0.030600
vt 0.385900 0.029800
vt 0.395800 0.029000
vt 0.415600 0.030600
vt 0.415600 0.029800
vt 0.425500 0.030600
vt 0.415600 0.029000
vt 0.425500 0.029800
vt 0.405700 0.031300
vt 0.415600 0.031300
vt 0.425500 0.031300
vt 0.385900 0.031300
vt 0.395800 0.031300
vt 0.395800 0.014600
vt 0.405700 0.013600
vt 0.405700 0.014600
vt 0.395800 0.013600
vt 0.405700 0.012500
vt 0.385900 0.014600
vt 0.385900 0.013600
vt 0.395800 0.012500
vt 0.415600 0.014600
vt 0.415600 0.013600
vt 0.425500 0.014600
vt 0.415600 0.012500
vt 0.425500 0.013600
vt 0.405700 0.015600
vt 0.415600 0.015600
vt 0.405700 0.016600
vt 0.425500 0.015600
vt 0.415600 0.016600
vt 0.395800 0.015600
vt 0.395800 0.016600
vt 0.385900 0.015600
vt 0.405700 0.018300
vt 0.395800 0.017400
vt 0.405700 0.017400
vt 0.385900 0.018300
vt 0.395800 0.018300
vt 0.385900 0.017400
vt 0.415600 0.018300
vt 0.415600 0.017400
vt 0.425500 0.018300
vt 0.425500 0.017400
vt 0.405700 0.019100
vt 0.415600 0.019100
vt 0.405700 0.019800
vt 0.425500 0.019100
vt 0.415600 0.019800
vt 0.395800 0.019100
vt 0.395800 0.019800
vt 0.385900 0.019100
vt 0.395800 0.021400
vt 0.405700 0.020600
vt 0.405700 0.021400
vt 0.395800 0.020600
vt 0.385900 0.021400
vt 0.385900 0.020600
vt 0.415600 0.021400
vt 0.415600 0.020600
vt 0.425500 0.021400
vt 0.425500 0.020600
vt 0.405700 0.022100
vt 0.415600 0.022100
vt 0.405700 0.022900
vt 0.425500 0.022100
vt 0.415600 0.022900
vt 0.395800 0.022100
vt 0.395800 0.022900
vt 0.385900 0.022100
vt 0.395800 0.027500
vt 0.405700 0.026700
vt 0.405700 0.027500
vt 0.395800 0.026700
vt 0.405700 0.026000
vt 0.385900 0.027500
vt 0.385900 0.026700
vt 0.395800 0.026000
vt 0.415600 0.026700
vt 0.415600 0.027500
vt 0.425500 0.027500
vt 0.415600 0.026000
vt 0.425500 0.026700
vt 0.405700 0.028300
vt 0.415600 0.028300
vt 0.425500 0.028300
vt 0.395800 0.028300
vt 0.385900 0.029000
vt 0.385900 0.028300
vt 0.395800 0.024400
vt 0.405700 0.023700
vt 0.405700 0.024400
vt 0.395800 0.023700
vt 0.385900 0.024400
vt 0.385900 0.023700
vt 0.415600 0.024400
vt 0.415600 0.023700
vt 0.425500 0.024400
vt 0.425500 0.023700
vt 0.405700 0.025200
vt 0.415600 0.025200
vt 0.425500 0.025200
vt 0.395800 0.025200
vt 0.385900 0.025200
vt 0.162200 0.007800
vt 0.160600 0.008000
vt 0.161300 0.008700
vt 0.161600 0.007100
vt 0.160000 0.007300
vt 0.163200 0.007100
vt 0.162700 0.006300
vt 0.161000 0.006300
vt 0.159700 0.009100
vt 0.160500 0.009700
vt 0.158800 0.010400
vt 0.159600 0.011000
vt 0.159000 0.008500
vt 0.158000 0.009900
vt 0.162000 0.009400
vt 0.161200 0.010300
vt 0.162700 0.010000
vt 0.160500 0.011500
vt 0.162000 0.011000
vt 0.162800 0.008600
vt 0.163700 0.007900
vt 0.163400 0.009300
vt 0.164200 0.008700
vt 0.174500 0.010200
vt 0.174700 0.008600
vt 0.173900 0.009200
vt 0.175300 0.009800
vt 0.175400 0.008100
vt 0.174900 0.011400
vt 0.175800 0.011100
vt 0.176200 0.009400
vt 0.173200 0.008300
vt 0.173800 0.007600
vt 0.172300 0.007400
vt 0.174500 0.006900
vt 0.172800 0.006700
vt 0.172500 0.008900
vt 0.173100 0.009700
vt 0.171800 0.009600
vt 0.172400 0.010300
vt 0.171700 0.008200
vt 0.171100 0.009000
vt 0.173700 0.010700
vt 0.174100 0.011700
vt 0.172800 0.011100
vt 0.173200 0.012000
vt 0.169400 0.022800
vt 0.168600 0.024700
vt 0.170100 0.023500
vt 0.169200 0.025400
vt 0.170800 0.024200
vt 0.167900 0.024000
vt 0.167000 0.025800
vt 0.167600 0.026600
vt 0.170800 0.021600
vt 0.171500 0.022300
vt 0.172100 0.020500
vt 0.172200 0.023000
vt 0.172800 0.021200
vt 0.170100 0.021000
vt 0.168700 0.022100
vt 0.169400 0.020300
vt 0.168000 0.021400
vt 0.171300 0.019900
vt 0.170600 0.019300
vt 0.167200 0.023300
vt 0.166300 0.025100
vt 0.166500 0.022600
vt 0.165600 0.024400
vt 0.166600 0.005900
vt 0.165200 0.005300
vt 0.165400 0.006200
vt 0.166400 0.004100
vt 0.164900 0.004300
vt 0.167800 0.005900
vt 0.166500 0.005000
vt 0.167800 0.004900
vt 0.164300 0.006600
vt 0.163900 0.005700
vt 0.163600 0.004800
vt 0.164600 0.007400
vt 0.165700 0.007100
vt 0.165000 0.008300
vt 0.165900 0.008000
vt 0.166700 0.006900
vt 0.167800 0.006800
vt 0.166800 0.007800
vt 0.167700 0.007700
vt 0.175200 0.014900
vt 0.176200 0.013700
vt 0.175300 0.013700
vt 0.176100 0.015000
vt 0.177100 0.013700
vt 0.174900 0.016100
vt 0.175800 0.016300
vt 0.177000 0.015100
vt 0.175200 0.012500
vt 0.176100 0.012400
vt 0.177000 0.012200
vt 0.174300 0.012700
vt 0.174300 0.013800
vt 0.173400 0.012900
vt 0.173400 0.013800
vt 0.174300 0.014800
vt 0.174000 0.015900
vt 0.173300 0.014700
vt 0.173100 0.015600
vt 0.171300 0.006800
vt 0.170500 0.005400
vt 0.170200 0.006300
vt 0.171700 0.006000
vt 0.170800 0.004500
vt 0.172100 0.005100
vt 0.169000 0.006000
vt 0.169200 0.005100
vt 0.169300 0.004200
vt 0.168800 0.006900
vt 0.169800 0.007200
vt 0.168600 0.007800
vt 0.169500 0.008100
vt 0.170800 0.007600
vt 0.170400 0.008500
vt 0.158900 0.012500
vt 0.157300 0.013600
vt 0.158100 0.014100
vt 0.158000 0.012000
vt 0.156400 0.013100
vt 0.157200 0.011400
vt 0.156500 0.015400
vt 0.157400 0.015900
vt 0.155800 0.017200
vt 0.156700 0.017700
vt 0.155700 0.014900
vt 0.155000 0.016800
vt 0.159000 0.014600
vt 0.158200 0.016400
vt 0.159800 0.015100
vt 0.157500 0.018200
vt 0.159100 0.016800
vt 0.159700 0.013000
vt 0.160500 0.013500
vt 0.161300 0.012100
vt 0.173900 0.018300
vt 0.173900 0.020000
vt 0.174700 0.018800
vt 0.174600 0.020500
vt 0.175500 0.019300
vt 0.173100 0.019400
vt 0.173500 0.021800
vt 0.174500 0.017200
vt 0.175400 0.017600
vt 0.176200 0.017900
vt 0.173600 0.016900
vt 0.173000 0.017900
vt 0.172700 0.016500
vt 0.172200 0.017400
vt 0.172300 0.018900
vt 0.171500 0.018300
vt 0.024400 0.023000
vt 0.025500 0.023900
vt 0.024400 0.023900
vt 0.025500 0.023000
vt 0.026700 0.023900
vt 0.024400 0.022100
vt 0.025500 0.022100
vt 0.026700 0.023000
vt 0.025500 0.024800
vt 0.024400 0.024800
vt 0.024400 0.025700
vt 0.026700 0.024800
vt 0.025500 0.025700
vt 0.023300 0.024800
vt 0.023300 0.023900
vt 0.022300 0.023900
vt 0.023300 0.025700
vt 0.022300 0.024800
vt 0.023300 0.023000
vt 0.022300 0.023000
vt 0.023300 0.022100
vt 0.024400 0.005500
vt 0.025500 0.006100
vt 0.024400 0.006100
vt 0.026700 0.005500
vt 0.026700 0.006100
vt 0.024400 0.004800
vt 0.025500 0.005500
vt 0.025500 0.004800
vt 0.024400 0.006700
vt 0.025500 0.006700
vt 0.024400 0.007400
vt 0.026700 0.006700
vt 0.026700 0.007400
vt 0.025500 0.007400
vt 0.023300 0.006100
vt 0.022300 0.006700
vt 0.022300 0.006100
vt 0.023300 0.006700
vt 0.023300 0.007400
vt 0.023300 0.005500
vt 0.022300 0.004800
vt 0.023300 0.004800
vt 0.024400 0.020400
vt 0.025500 0.019600
vt 0.025500 0.020400
vt 0.026700 0.019600
vt 0.026700 0.020400
vt 0.024400 0.018800
vt 0.024400 0.019600
vt 0.026700 0.018800
vt 0.024400 0.021200
vt 0.025500 0.021200
vt 0.026700 0.021200
vt 0.026700 0.022100
vt 0.023300 0.020400
vt 0.022300 0.021200
vt 0.022300 0.020400
vt 0.023300 0.021200
vt 0.022300 0.022100
vt 0.023300 0.019600
vt 0.023300 0.018800
vt 0.022300 0.018800
vt 0.024400 0.008700
vt 0.025500 0.008100
vt 0.025500 0.008700
vt 0.026700 0.008700
vt 0.024400 0.008100
vt 0.026700 0.008100
vt 0.025500 0.009400
vt 0.024400 0.009400
vt 0.025500 0.010100
vt 0.024400 0.010100
vt 0.026700 0.009400
vt 0.023300 0.009400
vt 0.023300 0.008700
vt 0.022300 0.008700
vt 0.023300 0.010100
vt 0.022300 0.009400
vt 0.023300 0.008100
vt 0.022300 0.008100
vt 0.022300 0.007400
vt 0.024400 0.010800
vt 0.025500 0.011500
vt 0.024400 0.011500
vt 0.025500 0.010800
vt 0.026700 0.011500
vt 0.026700 0.010800
vt 0.025500 0.012200
vt 0.024400 0.012200
vt 0.025500 0.012900
vt 0.024400 0.012900
vt 0.026700 0.012200
vt 0.023300 0.012200
vt 0.023300 0.011500
vt 0.022300 0.011500
vt 0.023300 0.012900
vt 0.022300 0.012900
vt 0.022300 0.012200
vt 0.023300 0.010800
vt 0.022300 0.010100
vt 0.024400 0.014300
vt 0.025500 0.013600
vt 0.025500 0.014300
vt 0.026700 0.014300
vt 0.024400 0.013600
vt 0.026700 0.013600
vt 0.024400 0.015100
vt 0.025500 0.015100
vt 0.024400 0.015800
vt 0.026700 0.015100
vt 0.025500 0.015800
vt 0.023300 0.014300
vt 0.022300 0.015100
vt 0.022300 0.014300
vt 0.023300 0.015800
vt 0.023300 0.015100
vt 0.022300 0.015800
vt 0.023300 0.013600
vt 0.022300 0.013600
vt 0.024400 0.017300
vt 0.025500 0.016500
vt 0.025500 0.017300
vt 0.026700 0.016500
vt 0.026700 0.017300
vt 0.024400 0.016500
vt 0.026700 0.015800
vt 0.024400 0.018000
vt 0.025500 0.018000
vt 0.026700 0.018000
vt 0.025500 0.018800
vt 0.023300 0.017300
vt 0.023300 0.018000
vt 0.022300 0.017300
vt 0.022300 0.018000
vt 0.023300 0.016500
vt 0.022300 0.016500
vt 0.024400 0.031500
vt 0.025500 0.030500
vt 0.025500 0.031500
vt 0.026700 0.031500
vt 0.024400 0.030500
vt 0.025500 0.029500
vt 0.026700 0.030500
vt 0.025500 0.032500
vt 0.024400 0.032500
vt 0.025500 0.033500
vt 0.024400 0.033500
vt 0.026700 0.032500
vt 0.023300 0.031500
vt 0.023300 0.032500
vt 0.022300 0.031500
vt 0.022300 0.033500
vt 0.022300 0.032500
vt 0.023300 0.030500
vt 0.023300 0.029500
vt 0.024400 0.029500
vt 0.022300 0.030500
vt 0.024400 0.027600
vt 0.025500 0.026600
vt 0.025500 0.027600
vt 0.026700 0.027600
vt 0.024400 0.026600
vt 0.026700 0.026600
vt 0.025500 0.028500
vt 0.024400 0.028500
vt 0.026700 0.028500
vt 0.023300 0.028500
vt 0.023300 0.027600
vt 0.022300 0.027600
vt 0.022300 0.029500
vt 0.022300 0.028500
vt 0.023300 0.026600
vt 0.022300 0.025700
vt 0.024400 0.034500
vt 0.025500 0.035500
vt 0.024400 0.035500
vt 0.026700 0.034500
vt 0.026700 0.035500
vt 0.025500 0.034500
vt 0.026700 0.033500
vt 0.025500 0.036500
vt 0.024400 0.036500
vt 0.024400 0.037500
vt 0.026700 0.036500
vt 0.025500 0.037500
vt 0.023300 0.036500
vt 0.023300 0.035500
vt 0.022300 0.035500
vt 0.023300 0.037500
vt 0.022300 0.037500
vt 0.022300 0.036500
vt 0.023300 0.033500
vt 0.022300 0.034500
vt 0.023300 0.034500
vt 0.011100 0.030500
vt 0.011700 0.031500
vt 0.011100 0.031500
vt 0.011700 0.030500
vt 0.011100 0.029500
vt 0.011700 0.029500
vt 0.011100 0.032500
vt 0.011700 0.032500
vt 0.011100 0.033500
vt 0.011700 0.033500
vt 0.010600 0.032500
vt 0.010600 0.031500
vt 0.010000 0.032500
vt 0.010000 0.031500
vt 0.010600 0.033500
vt 0.010000 0.033500
vt 0.010600 0.030500
vt 0.010600 0.029500
vt 0.010000 0.030500
vt 0.010000 0.029500
vt 0.011100 0.034500
vt 0.011700 0.035500
vt 0.011100 0.035500
vt 0.011700 0.034500
vt 0.011800 0.036500
vt 0.011200 0.036500
vt 0.011200 0.037500
vt 0.012000 0.037500
vt 0.010600 0.036500
vt 0.010600 0.035500
vt 0.010000 0.035500
vt 0.010600 0.037500
vt 0.010000 0.037500
vt 0.010000 0.036500
vt 0.010600 0.034500
vt 0.010000 0.034500
vt 0.011200 0.005500
vt 0.011700 0.006100
vt 0.011100 0.006100
vt 0.011800 0.005500
vt 0.011200 0.004800
vt 0.012000 0.004800
vt 0.011100 0.006700
vt 0.011700 0.006700
vt 0.011100 0.007400
vt 0.011700 0.007400
vt 0.010600 0.006700
vt 0.010600 0.006100
vt 0.010000 0.006100
vt 0.010600 0.007400
vt 0.010000 0.007400
vt 0.010000 0.006700
vt 0.010600 0.005500
vt 0.010600 0.004800
vt 0.010000 0.005500
vt 0.010000 0.004800
vt 0.011100 0.008100
vt 0.011700 0.008700
vt 0.011100 0.008700
vt 0.011700 0.008100
vt 0.011100 0.009400
vt 0.011700 0.009400
vt 0.011100 0.010100
vt 0.011700 0.010100
vt 0.010600 0.009400
vt 0.010600 0.008700
vt 0.010000 0.009400
vt 0.010000 0.008700
vt 0.010600 0.010100
vt 0.010000 0.010100
vt 0.010600 0.008100
vt 0.010000 0.008100
vt 0.011100 0.011500
vt 0.011700 0.010800
vt 0.011700 0.011500
vt 0.011100 0.010800
vt 0.011100 0.012200
vt 0.011700 0.012200
vt 0.011100 0.012900
vt 0.011700 0.012900
vt 0.010600 0.012200
vt 0.010600 0.011500
vt 0.010000 0.012200
vt 0.010000 0.011500
vt 0.010600 0.012900
vt 0.010000 0.012900
vt 0.010600 0.010800
vt 0.010000 0.010800
vt 0.011100 0.013600
vt 0.011700 0.014300
vt 0.011100 0.014300
vt 0.011700 0.013600
vt 0.011100 0.015100
vt 0.011700 0.015100
vt 0.011100 0.015800
vt 0.011700 0.015800
vt 0.010600 0.015100
vt 0.010600 0.014300
vt 0.010000 0.015100
vt 0.010000 0.014300
vt 0.010600 0.015800
vt 0.010000 0.015800
vt 0.010600 0.013600
vt 0.010000 0.013600
vt 0.011100 0.016500
vt 0.011700 0.017300
vt 0.011100 0.017300
vt 0.011700 0.016500
vt 0.011100 0.018000
vt 0.011700 0.018000
vt 0.011100 0.018800
vt 0.011700 0.018800
vt 0.010600 0.018000
vt 0.010600 0.017300
vt 0.010000 0.018000
vt 0.010000 0.017300
vt 0.010600 0.018800
vt 0.010000 0.018800
vt 0.010600 0.016500
vt 0.011100 0.026600
vt 0.011700 0.027600
vt 0.011100 0.027600
vt 0.011700 0.026600
vt 0.011100 0.025700
vt 0.011700 0.025700
vt 0.011100 0.028500
vt 0.011700 0.028500
vt 0.010600 0.028500
vt 0.010600 0.027600
vt 0.010000 0.028500
vt 0.010000 0.027600
vt 0.010600 0.026600
vt 0.010600 0.025700
vt 0.010000 0.026600
vt 0.010000 0.025700
vt 0.011100 0.023000
vt 0.011700 0.023900
vt 0.011100 0.023900
vt 0.011700 0.023000
vt 0.011100 0.022100
vt 0.011700 0.022100
vt 0.011100 0.024800
vt 0.011700 0.024800
vt 0.010600 0.024800
vt 0.010600 0.023900
vt 0.010000 0.024800
vt 0.010000 0.023900
vt 0.010600 0.023000
vt 0.010600 0.022100
vt 0.010000 0.023000
vt 0.010000 0.022100
vt 0.011100 0.019600
vt 0.011700 0.020400
vt 0.011100 0.020400
vt 0.011700 0.019600
vt 0.011100 0.021200
vt 0.011700 0.021200
vt 0.010600 0.021200
vt 0.010600 0.020400
vt 0.010000 0.021200
vt 0.010000 0.020400
vt 0.010600 0.019600
vt 0.020700 0.024800
vt 0.019800 0.023900
vt 0.020700 0.023900
vt 0.018700 0.024800
vt 0.020700 0.025700
vt 0.019800 0.024800
vt 0.019800 0.025700
vt 0.020700 0.023000
vt 0.019800 0.023000
vt 0.020700 0.022100
vt 0.019800 0.022100
vt 0.021500 0.023900
vt 0.021500 0.023000
vt 0.021500 0.022100
vt 0.021500 0.024800
vt 0.021500 0.025700
vt 0.020700 0.006700
vt 0.019800 0.006100
vt 0.020700 0.006100
vt 0.019800 0.006700
vt 0.020700 0.007400
vt 0.019800 0.007400
vt 0.019800 0.005500
vt 0.020700 0.005500
vt 0.020700 0.004800
vt 0.019800 0.004800
vt 0.021500 0.005500
vt 0.021500 0.006100
vt 0.021500 0.004800
vt 0.022300 0.005500
vt 0.021500 0.006700
vt 0.021500 0.007400
vt 0.020700 0.020400
vt 0.019800 0.021200
vt 0.019800 0.020400
vt 0.020700 0.021200
vt 0.018700 0.021200
vt 0.020700 0.019600
vt 0.019800 0.019600
vt 0.020700 0.018800
vt 0.019800 0.018800
vt 0.021500 0.019600
vt 0.021500 0.020400
vt 0.022300 0.019600
vt 0.021500 0.018800
vt 0.021500 0.021200
vt 0.020700 0.009400
vt 0.019800 0.008700
vt 0.020700 0.008700
vt 0.020700 0.010100
vt 0.019800 0.009400
vt 0.019800 0.010100
vt 0.020700 0.008100
vt 0.019800 0.008100
vt 0.021500 0.008700
vt 0.021500 0.008100
vt 0.021500 0.009400
vt 0.021500 0.010100
vt 0.020700 0.012200
vt 0.019800 0.011500
vt 0.020700 0.011500
vt 0.020700 0.012900
vt 0.019800 0.012200
vt 0.019800 0.012900
vt 0.020700 0.010800
vt 0.019800 0.010800
vt 0.021500 0.010800
vt 0.021500 0.011500
vt 0.022300 0.010800
vt 0.021500 0.012200
vt 0.021500 0.012900
vt 0.020700 0.015100
vt 0.019800 0.014300
vt 0.020700 0.014300
vt 0.019800 0.015100
vt 0.020700 0.015800
vt 0.019800 0.015800
vt 0.020700 0.013600
vt 0.019800 0.013600
vt 0.021500 0.013600
vt 0.021500 0.014300
vt 0.021500 0.015100
vt 0.021500 0.015800
vt 0.020700 0.017300
vt 0.019800 0.018000
vt 0.019800 0.017300
vt 0.020700 0.018000
vt 0.020700 0.016500
vt 0.019800 0.016500
vt 0.021500 0.016500
vt 0.021500 0.017300
vt 0.021500 0.018000
vt 0.020700 0.032500
vt 0.019800 0.031500
vt 0.020700 0.031500
vt 0.019800 0.032500
vt 0.020700 0.033500
vt 0.019800 0.033500
vt 0.018700 0.032500
vt 0.020700 0.030500
vt 0.019800 0.030500
vt 0.020700 0.029500
vt 0.019800 0.029500
vt 0.021500 0.030500
vt 0.021500 0.031500
vt 0.021500 0.029500
vt 0.021500 0.033500
vt 0.021500 0.032500
vt 0.020700 0.028500
vt 0.019800 0.027600
vt 0.020700 0.027600
vt 0.019800 0.028500
vt 0.020700 0.026600
vt 0.019800 0.026600
vt 0.021500 0.027600
vt 0.022300 0.026600
vt 0.021500 0.026600
vt 0.021500 0.028500
vt 0.020700 0.036500
vt 0.019800 0.035500
vt 0.020700 0.035500
vt 0.020700 0.037500
vt 0.019800 0.036500
vt 0.019800 0.037500
vt 0.019800 0.034500
vt 0.020700 0.034500
vt 0.021500 0.034500
vt 0.021500 0.035500
vt 0.021500 0.036500
vt 0.021500 0.037500
vt 0.577900 0.027500
vt 0.577300 0.025800
vt 0.580500 0.025700
vt 0.575400 0.026600
vt 0.575200 0.025900
vt 0.575900 0.028000
vt 0.576900 0.026900
vt 0.575700 0.027300
vt 0.578000 0.024100
vt 0.576700 0.024800
vt 0.576300 0.023100
vt 0.575000 0.025200
vt 0.575500 0.023800
vt 0.579700 0.023000
vt 0.578600 0.021400
vt 0.579300 0.021100
vt 0.577100 0.022300
vt 0.578500 0.022900
vt 0.577800 0.021600
vt 0.581500 0.023000
vt 0.580700 0.022200
vt 0.582200 0.021100
vt 0.580800 0.020700
vt 0.581500 0.020900
vt 0.583000 0.024000
vt 0.582700 0.022800
vt 0.584600 0.022900
vt 0.583700 0.021600
vt 0.584100 0.022200
vt 0.583500 0.025700
vt 0.584000 0.024600
vt 0.585500 0.025600
vt 0.585500 0.024100
vt 0.585500 0.024900
vt 0.583000 0.027300
vt 0.584000 0.026700
vt 0.584600 0.028400
vt 0.585500 0.027200
vt 0.585000 0.027800
vt 0.581500 0.028400
vt 0.582700 0.028500
vt 0.582200 0.030100
vt 0.583700 0.029700
vt 0.583000 0.029900
vt 0.579400 0.028500
vt 0.579700 0.030500
vt 0.578700 0.030300
vt 0.581500 0.030400
vt 0.580500 0.029200
vt 0.580800 0.030600
vt 0.578000 0.028700
vt 0.576100 0.028700
vt 0.577600 0.030200
vt 0.576300 0.029400
vt 0.167500 0.018700
vt 0.170000 0.016400
vt 0.166700 0.014600
vt 0.169400 0.018100
vt 0.170800 0.014100
vt 0.171400 0.015400
vt 0.170200 0.012000
vt 0.171500 0.012700
vt 0.168400 0.010700
vt 0.170000 0.010400
vt 0.166200 0.010600
vt 0.167500 0.009500
vt 0.164200 0.011900
vt 0.164900 0.010300
vt 0.162600 0.014900
vt 0.162600 0.012900
vt 0.162700 0.017800
vt 0.161200 0.017100
vt 0.160000 0.020000
vt 0.159200 0.019300
vt 0.164700 0.019300
vt 0.162900 0.019600
vt 0.163300 0.022500
vt 0.161500 0.021300
vt 0.162400 0.021900
vt 0.165800 0.020600
vt 0.164100 0.023100
vt 0.198400 0.042700
vt 0.206300 0.042000
vt 0.206300 0.042800
vt 0.198100 0.042000
vt 0.206300 0.041200
vt 0.190400 0.042700
vt 0.189900 0.042000
vt 0.198100 0.041200
vt 0.214300 0.042700
vt 0.214600 0.042000
vt 0.222300 0.042700
vt 0.214600 0.041200
vt 0.222800 0.042000
vt 0.206300 0.043500
vt 0.213600 0.043500
vt 0.206300 0.044300
vt 0.220800 0.043500
vt 0.212600 0.044300
vt 0.199100 0.043500
vt 0.200100 0.044300
vt 0.191900 0.043500
vt 0.198400 0.015200
vt 0.206400 0.014500
vt 0.206400 0.015200
vt 0.199200 0.014500
vt 0.206400 0.013700
vt 0.190500 0.015200
vt 0.192000 0.014500
vt 0.200200 0.013700
vt 0.214300 0.015200
vt 0.213500 0.014500
vt 0.222200 0.015200
vt 0.212500 0.013700
vt 0.220700 0.014500
vt 0.206400 0.016000
vt 0.214500 0.016000
vt 0.206400 0.016800
vt 0.222700 0.016000
vt 0.214500 0.016800
vt 0.198200 0.016000
vt 0.198200 0.016800
vt 0.190000 0.016000
vt 0.198100 0.039700
vt 0.206300 0.038900
vt 0.206300 0.039700
vt 0.198100 0.038900
vt 0.206300 0.038200
vt 0.189900 0.039700
vt 0.189900 0.038900
vt 0.198100 0.038200
vt 0.214600 0.039700
vt 0.214600 0.038900
vt 0.222800 0.039700
vt 0.214600 0.038200
vt 0.222800 0.038900
vt 0.206300 0.040400
vt 0.214600 0.040400
vt 0.222800 0.040400
vt 0.198100 0.040400
vt 0.189900 0.040400
vt 0.198100 0.036600
vt 0.206300 0.035900
vt 0.206300 0.036600
vt 0.198100 0.035900
vt 0.206400 0.035100
vt 0.189900 0.036600
vt 0.189900 0.035900
vt 0.198100 0.035100
vt 0.214600 0.036600
vt 0.214600 0.035900
vt 0.222800 0.036600
vt 0.214600 0.035100
vt 0.222800 0.035900
vt 0.206300 0.037400
vt 0.214600 0.037400
vt 0.222800 0.037400
vt 0.198100 0.037400
vt 0.189900 0.037400
vt 0.198100 0.033600
vt 0.206400 0.032800
vt 0.206400 0.033600
vt 0.198100 0.032800
vt 0.206400 0.032000
vt 0.189900 0.033600
vt 0.189900 0.032800
vt 0.198100 0.032000
vt 0.214600 0.033600
vt 0.214600 0.032800
vt 0.222800 0.033600
vt 0.214600 0.032000
vt 0.222800 0.032800
vt 0.206400 0.034300
vt 0.214600 0.034300
vt 0.222800 0.034300
vt 0.198100 0.034300
vt 0.189900 0.034300
vt 0.206400 0.018300
vt 0.198200 0.017500
vt 0.206400 0.017500
vt 0.190000 0.018300
vt 0.198200 0.018300
vt 0.190000 0.017500
vt 0.214500 0.018300
vt 0.214500 0.017500
vt 0.222700 0.018300
vt 0.222700 0.017500
vt 0.206400 0.019100
vt 0.214500 0.019100
vt 0.206400 0.019800
vt 0.222700 0.019100
vt 0.214500 0.019800
vt 0.198200 0.019100
vt 0.198200 0.019800
vt 0.190000 0.019100
vt 0.198200 0.021300
vt 0.206400 0.020600
vt 0.206400 0.021300
vt 0.198200 0.020600
vt 0.190000 0.021300
vt 0.190000 0.020600
vt 0.214500 0.021300
vt 0.214500 0.020600
vt 0.222700 0.021300
vt 0.222700 0.020600
vt 0.206400 0.022100
vt 0.214500 0.022100
vt 0.206400 0.022900
vt 0.222700 0.022100
vt 0.214500 0.022900
vt 0.198200 0.022100
vt 0.198200 0.022900
vt 0.190000 0.022100
vt 0.198200 0.024400
vt 0.206400 0.023600
vt 0.206400 0.024400
vt 0.198200 0.023600
vt 0.190000 0.024400
vt 0.190000 0.023600
vt 0.214500 0.024400
vt 0.214500 0.023600
vt 0.222700 0.024400
vt 0.222700 0.023600
vt 0.206400 0.025200
vt 0.214500 0.025200
vt 0.206400 0.025900
vt 0.222700 0.025200
vt 0.214500 0.025900
vt 0.198200 0.025200
vt 0.198200 0.025900
vt 0.190000 0.025200
vt 0.198200 0.030500
vt 0.206400 0.029700
vt 0.206400 0.030500
vt 0.198200 0.029700
vt 0.206400 0.029000
vt 0.190000 0.030500
vt 0.190000 0.029700
vt 0.198200 0.029000
vt 0.214600 0.030500
vt 0.214600 0.029700
vt 0.222800 0.030500
vt 0.214600 0.029000
vt 0.222800 0.029700
vt 0.206400 0.031300
vt 0.214600 0.031300
vt 0.222800 0.031300
vt 0.198100 0.031300
vt 0.189900 0.031300
vt 0.198200 0.027400
vt 0.206400 0.026700
vt 0.206400 0.027400
vt 0.198200 0.026700
vt 0.190000 0.027400
vt 0.190000 0.026700
vt 0.214500 0.027400
vt 0.214500 0.026700
vt 0.222700 0.027400
vt 0.222700 0.026700
vt 0.206400 0.028200
vt 0.214500 0.028200
vt 0.222700 0.028200
vt 0.198200 0.028200
vt 0.190000 0.028200
vt 0.223100 0.030500
vt 0.222900 0.031300
vt 0.222900 0.030500
vt 0.223100 0.032000
vt 0.223100 0.031300
vt 0.222900 0.032000
vt 0.223100 0.029700
vt 0.222900 0.029700
vt 0.223100 0.029000
vt 0.222900 0.029000
vt 0.223200 0.030500
vt 0.223400 0.029700
vt 0.223400 0.030500
vt 0.223200 0.029000
vt 0.223200 0.029700
vt 0.223400 0.029000
vt 0.223200 0.031300
vt 0.223200 0.032000
vt 0.223400 0.031300
vt 0.223400 0.032000
vt 0.189600 0.035900
vt 0.189800 0.036600
vt 0.189600 0.036600
vt 0.189800 0.035900
vt 0.189600 0.035100
vt 0.189800 0.035100
vt 0.189600 0.037400
vt 0.189800 0.037400
vt 0.189600 0.038200
vt 0.189700 0.038200
vt 0.189400 0.037400
vt 0.189400 0.036600
vt 0.189300 0.037400
vt 0.189300 0.036600
vt 0.189400 0.038200
vt 0.189300 0.038200
vt 0.189400 0.035900
vt 0.189400 0.035100
vt 0.189300 0.035900
vt 0.189300 0.035100
vt 0.189600 0.027400
vt 0.189800 0.026700
vt 0.189800 0.027400
vt 0.189700 0.025900
vt 0.189700 0.026700
vt 0.189800 0.025900
vt 0.189600 0.028200
vt 0.189800 0.028200
vt 0.189600 0.029000
vt 0.189800 0.029000
vt 0.189500 0.028200
vt 0.189500 0.027400
vt 0.189300 0.027400
vt 0.189500 0.029000
vt 0.189300 0.029000
vt 0.189300 0.028200
vt 0.189500 0.026700
vt 0.189500 0.025900
vt 0.189300 0.026700
vt 0.222900 0.043500
vt 0.222700 0.042700
vt 0.223000 0.042700
vt 0.221900 0.043500
vt 0.222600 0.044200
vt 0.220900 0.044200
vt 0.223100 0.042000
vt 0.222900 0.042000
vt 0.223100 0.041200
vt 0.222900 0.041200
vt 0.223300 0.041900
vt 0.223300 0.042700
vt 0.223400 0.041900
vt 0.223400 0.042700
vt 0.223400 0.041200
vt 0.223300 0.044200
vt 0.223400 0.043400
vt 0.223300 0.043400
vt 0.223400 0.044100
vt 0.189600 0.042000
vt 0.190000 0.042700
vt 0.189600 0.042700
vt 0.189700 0.042000
vt 0.189600 0.041200
vt 0.189700 0.041200
vt 0.189800 0.043500
vt 0.190700 0.043500
vt 0.190100 0.044200
vt 0.191700 0.044200
vt 0.189400 0.042700
vt 0.189300 0.043400
vt 0.189300 0.042700
vt 0.189400 0.044200
vt 0.189400 0.043400
vt 0.189200 0.044100
vt 0.189400 0.041900
vt 0.189300 0.041900
vt 0.189300 0.041200
vt 0.189400 0.041200
vt 0.223000 0.016000
vt 0.222600 0.015300
vt 0.223000 0.015300
vt 0.222900 0.016000
vt 0.223000 0.016800
vt 0.222900 0.016800
vt 0.222800 0.014500
vt 0.221900 0.014500
vt 0.222600 0.013800
vt 0.220900 0.013800
vt 0.223200 0.014600
vt 0.223200 0.015300
vt 0.223400 0.015300
vt 0.223200 0.013800
vt 0.223400 0.013900
vt 0.223400 0.014600
vt 0.223200 0.016000
vt 0.223200 0.016800
vt 0.223400 0.016100
vt 0.189700 0.020600
vt 0.189800 0.021300
vt 0.189700 0.021300
vt 0.189800 0.020600
vt 0.189700 0.019800
vt 0.189800 0.019800
vt 0.189700 0.022100
vt 0.189800 0.022100
vt 0.189700 0.022900
vt 0.189800 0.022900
vt 0.189500 0.022100
vt 0.189500 0.021300
vt 0.189400 0.022100
vt 0.189400 0.021300
vt 0.189500 0.022900
vt 0.189300 0.022900
vt 0.189500 0.020600
vt 0.189500 0.019800
vt 0.189400 0.020600
vt 0.189400 0.019800
vt 0.223000 0.025200
vt 0.222900 0.024400
vt 0.223000 0.024400
vt 0.222900 0.025200
vt 0.223100 0.025900
vt 0.222900 0.025900
vt 0.223000 0.023600
vt 0.222900 0.023600
vt 0.223000 0.022900
vt 0.222900 0.022900
vt 0.223200 0.023600
vt 0.223200 0.024400
vt 0.223400 0.023600
vt 0.223400 0.024400
vt 0.223400 0.022900
vt 0.223200 0.025900
vt 0.223400 0.025100
vt 0.223200 0.025200
vt 0.223400 0.025900
vt 0.223100 0.037400
vt 0.222900 0.036600
vt 0.223100 0.036600
vt 0.222900 0.037400
vt 0.223100 0.038100
vt 0.222900 0.038200
vt 0.223100 0.035900
vt 0.222900 0.035900
vt 0.223100 0.035100
vt 0.222900 0.035100
vt 0.223300 0.035900
vt 0.223300 0.036600
vt 0.223400 0.035800
vt 0.223400 0.036600
vt 0.223300 0.035100
vt 0.223400 0.035100
vt 0.223300 0.037400
vt 0.223300 0.038100
vt 0.223400 0.037400
vt 0.223400 0.038100
vt 0.223100 0.034300
vt 0.222900 0.033600
vt 0.223100 0.033600
vt 0.222900 0.034300
vt 0.223100 0.032800
vt 0.222900 0.032800
vt 0.223200 0.032800
vt 0.223300 0.033600
vt 0.223400 0.032800
vt 0.223400 0.033600
vt 0.223300 0.034300
vt 0.223400 0.034300
vt 0.189600 0.032800
vt 0.189800 0.033600
vt 0.189600 0.033600
vt 0.189600 0.032000
vt 0.189800 0.032800
vt 0.189800 0.032000
vt 0.189600 0.034300
vt 0.189800 0.034300
vt 0.189500 0.033600
vt 0.189300 0.034300
vt 0.189300 0.033600
vt 0.189500 0.034300
vt 0.189500 0.032800
vt 0.189500 0.032000
vt 0.189300 0.032800
vt 0.189300 0.032000
vt 0.223100 0.040400
vt 0.222900 0.039700
vt 0.223100 0.039700
vt 0.222900 0.040400
vt 0.223100 0.038900
vt 0.222900 0.038900
vt 0.223200 0.039700
vt 0.223400 0.038900
vt 0.223400 0.039700
vt 0.223200 0.038900
vt 0.223200 0.040400
vt 0.223200 0.041200
vt 0.189600 0.038900
vt 0.189700 0.039700
vt 0.189600 0.039700
vt 0.189700 0.038900
vt 0.189600 0.040400
vt 0.189700 0.040400
vt 0.189400 0.040400
vt 0.189400 0.039700
vt 0.189300 0.039700
vt 0.189300 0.040400
vt 0.189400 0.038900
vt 0.189300 0.038900
vt 0.189900 0.014500
vt 0.190100 0.015300
vt 0.189700 0.015300
vt 0.190100 0.013800
vt 0.190800 0.014500
vt 0.191800 0.013800
vt 0.189700 0.016000
vt 0.189800 0.016000
vt 0.189700 0.016800
vt 0.189800 0.016800
vt 0.189500 0.016000
vt 0.189500 0.015300
vt 0.189400 0.016100
vt 0.189300 0.015300
vt 0.189500 0.016800
vt 0.189500 0.014600
vt 0.189500 0.013800
vt 0.189300 0.013900
vt 0.223000 0.019100
vt 0.222900 0.018300
vt 0.223000 0.018300
vt 0.222900 0.019100
vt 0.223000 0.019800
vt 0.222900 0.019800
vt 0.223000 0.017500
vt 0.222900 0.017500
vt 0.223200 0.018300
vt 0.223300 0.017500
vt 0.223300 0.018300
vt 0.223200 0.017500
vt 0.223300 0.016800
vt 0.223200 0.019100
vt 0.223300 0.019100
vt 0.223300 0.019800
vt 0.223200 0.019800
vt 0.189700 0.017500
vt 0.189800 0.018300
vt 0.189700 0.018300
vt 0.189800 0.017500
vt 0.189700 0.019100
vt 0.189800 0.019100
vt 0.189500 0.018300
vt 0.189400 0.019100
vt 0.189400 0.018300
vt 0.189500 0.019100
vt 0.189500 0.017500
vt 0.189400 0.017500
vt 0.189400 0.016800
vt 0.223000 0.022100
vt 0.222900 0.021300
vt 0.223000 0.021300
vt 0.222900 0.022100
vt 0.223000 0.020600
vt 0.222900 0.020600
vt 0.223200 0.020600
vt 0.223200 0.021300
vt 0.223400 0.020600
vt 0.223400 0.021300
vt 0.223200 0.022100
vt 0.223200 0.022900
vt 0.223400 0.022100
vt 0.189700 0.023600
vt 0.189800 0.024400
vt 0.189700 0.024400
vt 0.189800 0.023600
vt 0.189700 0.025200
vt 0.189800 0.025200
vt 0.189500 0.024400
vt 0.189300 0.025200
vt 0.189300 0.024400
vt 0.189500 0.025200
vt 0.189300 0.025900
vt 0.189500 0.023600
vt 0.189300 0.023600
vt 0.189600 0.029700
vt 0.189800 0.030500
vt 0.189600 0.030500
vt 0.189800 0.029700
vt 0.189800 0.031300
vt 0.189600 0.031300
vt 0.189500 0.031300
vt 0.189500 0.030500
vt 0.189300 0.031300
vt 0.189300 0.030500
vt 0.189300 0.029700
vt 0.189500 0.029700
vt 0.223100 0.028200
vt 0.222900 0.027400
vt 0.223100 0.027400
vt 0.222900 0.028200
vt 0.222900 0.026700
vt 0.223100 0.026700
vt 0.223200 0.026700
vt 0.223200 0.027400
vt 0.223400 0.026700
vt 0.223400 0.027400
vt 0.223200 0.028200
vt 0.698000 0.328500
vt 0.692400 0.489600
vt 0.692400 0.328500
vt 0.698000 0.489600
vt 0.692400 0.650800
vt 0.703600 0.328500
vt 0.703600 0.489600
vt 0.698000 0.650800
vt 0.686800 0.328500
vt 0.686800 0.489600
vt 0.681300 0.328500
vt 0.686800 0.650800
vt 0.681300 0.489600
vt 0.692400 0.167300
vt 0.686800 0.167300
vt 0.692400 0.006200
vt 0.681300 0.167300
vt 0.686800 0.006200
vt 0.698000 0.167300
vt 0.698000 0.006200
vt 0.703600 0.167300
vt 0.673200 0.238300
vt 0.667600 0.354400
vt 0.667600 0.238300
vt 0.673200 0.354400
vt 0.667600 0.470500
vt 0.678800 0.238300
vt 0.678800 0.354400
vt 0.673200 0.470500
vt 0.662100 0.238300
vt 0.662100 0.354400
vt 0.656500 0.238300
vt 0.662100 0.470500
vt 0.656500 0.354400
vt 0.667600 0.122300
vt 0.662100 0.122300
vt 0.667600 0.006200
vt 0.656500 0.122300
vt 0.662100 0.006200
vt 0.673200 0.122300
vt 0.673200 0.006200
vt 0.678800 0.122300
vt 0.617400 0.166300
vt 0.623000 0.327500
vt 0.617400 0.327500
vt 0.623000 0.166300
vt 0.628500 0.327500
vt 0.617400 0.005200
vt 0.623000 0.005200
vt 0.628500 0.166300
vt 0.617400 0.488600
vt 0.623000 0.488600
vt 0.617400 0.649700
vt 0.628500 0.488600
vt 0.623000 0.649700
vt 0.611800 0.327500
vt 0.611800 0.488600
vt 0.606200 0.327500
vt 0.611800 0.649700
vt 0.606200 0.488600
vt 0.611800 0.166300
vt 0.606200 0.166300
vt 0.611800 0.005200
vt 0.636400 0.237300
vt 0.642000 0.121300
vt 0.642000 0.237300
vt 0.636400 0.121300
vt 0.642000 0.005200
vt 0.630800 0.237300
vt 0.630800 0.121300
vt 0.636400 0.005200
vt 0.647500 0.237300
vt 0.647500 0.121300
vt 0.653100 0.237300
vt 0.647500 0.005200
vt 0.653100 0.121300
vt 0.642000 0.353400
vt 0.647500 0.353400
vt 0.642000 0.469500
vt 0.653100 0.353400
vt 0.647500 0.469500
vt 0.636400 0.353400
vt 0.636400 0.469500
vt 0.630800 0.353400
vt 0.328500 0.001500
vt 0.328500 0.754100
vt 0.314900 0.754100
vt 0.314900 0.001500
vt 0.267500 0.740500
vt 0.267500 0.015000
vt 0.445700 0.006800
vt 0.445700 0.018100
vt 0.434400 0.018100
vt 0.434400 0.006800
vt 0.743500 0.006800
vt 0.754800 0.006800
vt 0.754800 0.323400
vt 0.743500 0.323400
vt 0.740700 0.323400
vt 0.729400 0.323400
vt 0.729400 0.006800
vt 0.740700 0.006800
vt 0.406900 0.732800
vt 0.406900 0.721500
vt 0.630300 0.721500
vt 0.630300 0.732800
vt 0.633400 0.707400
vt 0.633400 0.718700
vt 0.406900 0.718700
vt 0.406900 0.707400
vt 0.247100 0.727000
vt 0.247100 0.028600
vt 0.726600 0.323400
vt 0.723500 0.006800
vt 0.370600 0.008700
vt 0.370600 0.020000
vt 0.359300 0.020000
vt 0.359300 0.008700
vt 0.772100 0.323400
vt 0.760700 0.323400
vt 0.780000 0.007100
vt 0.791300 0.007100
vt 0.406900 0.701500
vt 0.406900 0.690100
vt 0.633400 0.669700
vt 0.633400 0.681100
vt 0.717600 0.006800
vt 0.720700 0.323400
vt 0.087400 0.966500
vt 0.404000 0.969600
vt 0.711600 0.323400
vt 0.714800 0.006800
vt 0.406900 0.756500
vt 0.630300 0.753300
vt 0.406900 0.747400
vt 0.630300 0.750600
vt 0.633400 0.741500
vt 0.406900 0.744700
vt 0.633400 0.738700
vt 0.406900 0.735600
vt 0.757600 0.006800
vt 0.775200 0.006800
vt 0.794400 0.323700
vt 0.776800 0.323700
vt 0.630300 0.687000
vt 0.630300 0.704600
vt 0.406900 0.684200
vt 0.406900 0.666600
vt 0.469700 0.016000
vt 0.469700 0.561600
vt 0.563200 0.827600
vt 0.017600 0.827600
vt 0.134700 0.015000
vt 0.134700 0.740500
vt 0.155000 0.028600
vt 0.155000 0.727000
vt 0.530800 0.575100
vt 0.530800 0.002500
vt 0.449400 0.548000
vt 0.449400 0.029600
vt 0.576800 0.888600
vt 0.004100 0.888700
vt 0.004100 0.875100
vt 0.576800 0.875100
vt 0.031200 0.807300
vt 0.549600 0.807300
vt 0.087200 0.001500
vt 0.087200 0.754100
vt 0.517200 0.575100
vt 0.517200 0.002500
vt 0.073600 0.001500
vt 0.073600 0.754100
vt 0.175000 0.750300
vt 0.173700 0.747800
vt 0.173700 0.724600
vt 0.229300 0.724600
vt 0.229300 0.747800
vt 0.227900 0.722100
vt 0.227900 0.750300
vt 0.175100 0.722100
vt 0.012200 0.025700
vt 0.012200 0.022100
vt 0.018700 0.004800
vt 0.012200 0.007400
vt 0.013000 0.004800
vt 0.018700 0.018800
vt 0.012200 0.018800
vt 0.012200 0.010100
vt 0.012200 0.012900
vt 0.012200 0.015800
vt 0.012200 0.033500
vt 0.012200 0.029500
vt 0.018700 0.037500
vt 0.013000 0.037500
vt 0.425500 0.035400
vt 0.425500 0.039400
vt 0.385900 0.039400
vt 0.385900 0.032100
vt 0.425500 0.032100
vt 0.425500 0.029000
vt 0.385900 0.012500
vt 0.425500 0.012500
vt 0.425500 0.016600
vt 0.385900 0.016600
vt 0.425500 0.019800
vt 0.385900 0.019800
vt 0.425500 0.022900
vt 0.385900 0.022900
vt 0.385900 0.026000
vt 0.425500 0.026000
vt 0.162200 0.005500
vt 0.176700 0.010800
vt 0.173400 0.005900
vt 0.165000 0.023700
vt 0.167900 0.004000
vt 0.176700 0.016600
vt 0.158400 0.018600
vt 0.026700 0.025700
vt 0.026700 0.004800
vt 0.026700 0.010100
vt 0.026700 0.012900
vt 0.026700 0.029500
vt 0.026700 0.037500
vt 0.010000 0.016500
vt 0.010000 0.019600
vt 0.574800 0.024500
vt 0.580000 0.020900
vt 0.583000 0.021400
vt 0.585000 0.023500
vt 0.585500 0.026400
vt 0.584100 0.029000
vt 0.576600 0.030100
vt 0.160800 0.020600
vt 0.189900 0.041200
vt 0.222800 0.041200
vt 0.217800 0.044300
vt 0.194900 0.044300
vt 0.195000 0.013700
vt 0.217700 0.013700
vt 0.222700 0.016800
vt 0.190000 0.016800
vt 0.189900 0.038100
vt 0.222800 0.038200
vt 0.189900 0.035100
vt 0.222800 0.035100
vt 0.189900 0.032000
vt 0.222800 0.032000
vt 0.222700 0.019800
vt 0.190000 0.019800
vt 0.222700 0.022900
vt 0.190000 0.022900
vt 0.222700 0.025900
vt 0.190000 0.025900
vt 0.190000 0.029000
vt 0.222700 0.029000
vt 0.223400 0.040400
vt 0.189300 0.014600
vt 0.223400 0.028200
vt 0.703600 0.650800
vt 0.681300 0.650800
vt 0.681300 0.006200
vt 0.703600 0.006200
vt 0.678800 0.470500
vt 0.656500 0.470500
vt 0.656500 0.006200
vt 0.678800 0.006200
vt 0.628500 0.005200
vt 0.628500 0.649700
vt 0.606200 0.649700
vt 0.606200 0.005200
vt 0.630800 0.005200
vt 0.653100 0.005200
vt 0.653100 0.469500
vt 0.630800 0.469500
s 1
usemtl window.001
f 853/1/7 850/2/7 849/3/7
f 854/4/7 3784/5/7 850/2/7
f 3914/6/7 854/4/7 853/1/7
f 3913/7/7 3783/8/7 854/4/7
f 850/2/7 851/9/7 849/3/7
f 855/10/7 3829/11/7 851/9/7
f 3784/5/7 855/10/7 850/2/7
f 3785/12/7 3830/13/7 855/10/7
f 851/9/7 852/14/7 849/3/7
f 856/15/7 3823/16/7 852/14/7
f 3829/11/7 856/15/7 851/9/7
f 3828/17/7 3824/18/7 856/15/7
f 852/14/7 853/1/7 849/3/7
f 857/19/7 3914/6/7 853/1/7
f 3823/16/7 857/19/7 852/14/7
f 3822/20/7 3915/21/7 857/19/7
f 862/22/8 859/23/8 858/24/8
f 863/25/8 2500/16/8 859/23/8
f 3926/26/8 863/25/8 862/22/8
f 3925/27/8 2499/20/8 863/25/8
f 859/23/8 860/28/8 858/24/8
f 864/29/8 3841/30/8 860/28/8
f 2500/16/8 864/29/8 859/23/8
f 2501/18/8 3842/31/8 864/29/8
f 858/24/8 865/32/8 861/33/8
f 861/33/8 3836/34/8 3835/35/8
f 860/28/8 3840/36/8 865/32/8
f 865/32/8 3837/37/8 3836/34/8
f 858/24/8 866/38/8 862/22/8
f 862/22/8 3927/39/8 3926/26/8
f 861/33/8 3834/40/8 866/38/8
f 866/38/8 3831/41/8 3927/39/8
f 871/42/7 868/43/7 867/44/7
f 872/45/7 2506/35/7 868/43/7
f 871/42/7 3928/46/7 872/45/7
f 872/45/7 3832/41/7 2505/40/7
f 868/43/7 869/47/7 867/44/7
f 869/47/7 3852/48/7 3851/49/7
f 2506/35/7 873/50/7 868/43/7
f 2507/34/7 3852/48/7 873/50/7
f 869/47/7 870/51/7 867/44/7
f 874/52/7 3846/53/7 870/51/7
f 3851/49/7 874/52/7 869/47/7
f 3850/54/7 3847/55/7 874/52/7
f 870/51/7 871/42/7 867/44/7
f 875/56/7 3929/57/7 871/42/7
f 3846/53/7 875/56/7 870/51/7
f 3845/58/7 3930/59/7 875/56/7
f 3462/60/9 877/61/10 3457/62/11
f 881/63/10 3870/64/12 877/61/10
f 3463/65/11 881/63/10 3462/60/9
f 3940/66/13 3869/67/12 881/63/10
f 877/61/10 3458/68/9 3457/62/11
f 882/69/10 3459/70/9 3458/68/9
f 3870/64/12 882/69/10 877/61/10
f 3871/71/12 3907/72/13 882/69/10
f 876/62/14 883/73/15 879/74/16
f 883/73/15 3893/75/17 879/74/16
f 878/68/14 3908/76/18 883/73/15
f 3908/76/18 3894/77/17 883/73/15
f 876/62/14 884/78/15 880/60/14
f 880/60/14 3941/79/19 3465/65/14
f 3893/75/17 884/78/15 879/74/16
f 3892/80/17 3941/79/19 884/78/15
f 889/81/20 886/82/20 885/83/20
f 890/84/20 3968/85/20 886/82/20
f 3947/86/20 890/84/20 889/81/20
f 3948/87/20 3969/88/20 890/84/20
f 886/82/20 887/89/20 885/83/20
f 891/90/20 3958/91/20 887/89/20
f 3968/85/20 891/90/20 886/82/20
f 3967/92/20 3957/93/20 891/90/20
f 887/89/20 888/94/20 885/83/20
f 892/95/20 3965/96/20 888/94/20
f 3958/91/20 892/95/20 887/89/20
f 3959/97/20 3964/98/20 892/95/20
f 888/94/20 889/81/20 885/83/20
f 893/99/20 3947/86/20 889/81/20
f 3965/96/20 893/99/20 888/94/20
f 3966/100/20 3946/101/20 893/99/20
f 898/102/20 895/103/20 894/104/20
f 899/105/20 2587/106/20 895/103/20
f 3976/107/20 899/105/20 898/102/20
f 3977/108/20 2586/109/20 899/105/20
f 895/103/20 896/110/20 894/104/20
f 900/111/20 3973/112/20 896/110/20
f 2587/106/20 900/111/20 895/103/20
f 2588/113/20 3972/114/20 900/111/20
f 896/110/20 897/115/20 894/104/20
f 901/116/20 2590/117/20 897/115/20
f 3973/112/20 901/116/20 896/110/20
f 3974/118/20 2591/119/20 901/116/20
f 897/115/20 898/102/20 894/104/20
f 902/120/20 3976/107/20 898/102/20
f 2590/117/20 902/120/20 897/115/20
f 2589/121/20 3975/122/20 902/120/20
f 907/123/20 904/124/20 903/125/20
f 908/126/20 2584/127/20 904/124/20
f 3984/128/20 908/126/20 907/123/20
f 3985/129/20 2585/130/20 908/126/20
f 904/124/20 905/131/20 903/125/20
f 909/132/20 3981/133/20 905/131/20
f 2584/127/20 909/132/20 904/124/20
f 2583/134/20 3980/135/20 909/132/20
f 905/131/20 906/136/20 903/125/20
f 910/137/20 2599/138/20 906/136/20
f 3981/133/20 910/137/20 905/131/20
f 3982/139/20 2598/140/20 910/137/20
f 906/136/20 907/123/20 903/125/20
f 911/141/20 3984/128/20 907/123/20
f 2599/138/20 911/141/20 906/136/20
f 2600/142/20 3983/143/20 911/141/20
f 916/144/20 913/145/20 912/146/20
f 917/147/20 2581/148/20 913/145/20
f 3992/149/20 917/147/20 916/144/20
f 3993/150/20 2582/151/20 917/147/20
f 913/145/20 914/152/20 912/146/20
f 918/153/20 3989/154/20 914/152/20
f 2581/148/20 918/153/20 913/145/20
f 2580/155/20 3988/156/20 918/153/20
f 914/152/20 915/157/20 912/146/20
f 919/158/20 2608/159/20 915/157/20
f 3989/154/20 919/158/20 914/152/20
f 3990/160/20 2607/161/20 919/158/20
f 915/157/20 916/144/20 912/146/20
f 920/162/20 3992/149/20 916/144/20
f 2608/159/20 920/162/20 915/157/20
f 2609/163/20 3991/164/20 920/162/20
f 925/165/20 922/166/20 921/167/20
f 926/168/20 2578/169/20 922/166/20
f 4000/170/20 926/168/20 925/165/20
f 4001/171/20 2579/172/20 926/168/20
f 922/166/20 923/173/20 921/167/20
f 927/174/20 3997/175/20 923/173/20
f 2578/169/20 927/174/20 922/166/20
f 2577/176/20 3996/177/20 927/174/20
f 923/173/20 924/178/20 921/167/20
f 928/179/20 2617/180/20 924/178/20
f 3997/175/20 928/179/20 923/173/20
f 3998/181/20 2616/182/20 928/179/20
f 924/178/20 925/165/20 921/167/20
f 929/183/20 4000/170/20 925/165/20
f 2617/180/20 929/183/20 924/178/20
f 2618/184/20 3999/185/20 929/183/20
f 934/186/8 931/187/8 930/188/8
f 935/189/8 2512/53/8 931/187/8
f 2680/190/8 935/189/8 934/186/8
f 2681/191/8 2511/58/8 935/189/8
f 931/187/8 932/192/8 930/188/8
f 936/193/8 2518/194/8 932/192/8
f 2512/53/8 936/193/8 931/187/8
f 2513/55/8 2517/195/8 936/193/8
f 930/188/8 937/196/8 933/197/8
f 933/197/8 4037/198/8 4036/199/8
f 932/192/8 2519/200/8 937/196/8
f 937/196/8 3858/201/8 4037/198/8
f 930/188/8 938/202/8 934/186/8
f 934/186/8 2679/203/8 2680/190/8
f 933/197/8 4035/204/8 938/202/8
f 938/202/8 3866/205/8 2679/203/8
f 943/206/21 940/207/21 939/208/21
f 944/209/21 4003/210/21 940/207/21
f 3814/211/21 944/209/21 943/206/21
f 3813/212/21 4004/213/21 944/209/21
f 940/207/21 941/214/21 939/208/21
f 945/215/21 3808/216/22 941/214/21
f 4003/210/21 945/215/21 940/207/21
f 4002/217/21 3809/218/21 945/215/21
f 939/208/21 946/219/21 942/220/21
f 942/220/21 4014/221/22 4015/222/22
f 941/214/21 3807/223/21 946/219/21
f 946/219/21 3804/224/22 4014/221/22
f 939/208/21 947/225/21 943/206/21
f 943/206/21 3815/226/21 3814/211/21
f 942/220/21 4016/227/22 947/225/21
f 947/225/21 3816/228/22 3815/226/21
f 952/229/20 949/230/20 948/231/20
f 953/232/20 2485/5/20 949/230/20
f 3802/233/20 953/232/20 952/229/20
f 3803/234/20 2486/12/20 953/232/20
f 949/230/20 950/235/20 948/231/20
f 954/236/20 4018/237/20 950/235/20
f 2485/5/20 954/236/20 949/230/20
f 2484/8/20 4019/238/20 954/236/20
f 948/231/20 955/239/20 951/240/20
f 951/240/20 4068/241/20 4069/242/20
f 950/235/20 4017/243/20 955/239/20
f 955/239/20 3790/244/20 4068/241/20
f 948/231/20 956/245/20 952/229/20
f 952/229/20 3801/246/20 3802/233/20
f 951/240/20 4070/247/20 956/245/20
f 956/245/20 3798/248/20 3801/246/20
f 961/249/23 958/250/23 957/251/23
f 962/252/23 2632/222/23 958/250/23
f 3881/253/23 962/252/23 961/249/23
f 3882/254/23 2633/227/23 962/252/23
f 958/250/23 959/255/23 957/251/23
f 963/256/23 4066/257/23 959/255/23
f 2632/222/23 963/256/23 958/250/23
f 2631/221/23 4065/258/23 963/256/23
f 959/255/23 960/259/23 957/251/23
f 964/260/23 3887/261/23 960/259/23
f 4066/257/23 964/260/23 959/255/23
f 4067/262/23 3886/263/23 964/260/23
f 960/259/23 961/249/23 957/251/23
f 961/249/23 3880/264/23 3881/253/23
f 3887/261/23 965/265/23 960/259/23
f 965/265/23 3877/266/23 3880/264/23
f 970/267/20 967/268/20 966/269/20
f 971/270/20 2677/242/20 967/268/20
f 3875/271/20 971/270/20 970/267/20
f 3874/272/20 2678/247/20 971/270/20
f 967/268/20 968/273/20 966/269/20
f 972/274/20 3793/275/20 968/273/20
f 2677/242/20 972/274/20 967/268/20
f 2676/241/20 3792/276/20 972/274/20
f 966/269/20 973/277/20 969/278/20
f 969/278/20 2625/217/20 2626/210/20
f 968/273/20 3794/279/20 973/277/20
f 973/277/20 3795/280/20 2625/217/20
f 966/269/20 974/281/20 970/267/20
f 970/267/20 3876/282/20 3875/271/20
f 969/278/20 2627/213/20 974/281/20
f 974/281/20 3811/283/20 3876/282/20
f 979/284/24 976/285/25 975/286/25
f 980/287/24 2530/288/26 976/285/25
f 2647/289/27 980/287/24 979/284/24
f 2648/290/27 2529/291/28 980/287/24
f 975/286/25 981/292/29 977/293/29
f 977/293/29 2528/71/30 2527/64/30
f 976/285/25 2531/294/31 981/292/29
f 981/292/29 3873/295/32 2528/71/30
f 975/286/25 982/296/29 978/297/25
f 978/297/25 2634/298/33 2635/299/34
f 977/293/29 2526/67/30 982/296/29
f 982/296/29 3868/300/35 2634/298/33
f 978/297/25 979/284/24 975/286/25
f 983/301/24 2647/289/27 979/284/24
f 2635/299/34 983/301/24 978/297/25
f 2636/302/36 2646/303/27 983/301/24
f 988/304/7 985/305/7 984/306/7
f 989/307/7 2656/199/7 985/305/7
f 3863/308/7 989/307/7 988/304/7
f 3864/309/7 2655/204/7 989/307/7
f 985/305/7 986/310/7 984/306/7
f 990/311/7 3856/312/7 986/310/7
f 2656/199/7 990/311/7 985/305/7
f 2657/198/7 3857/313/7 990/311/7
f 986/310/7 987/314/7 984/306/7
f 991/315/7 4072/316/7 987/314/7
f 3856/312/7 991/315/7 986/310/7
f 3855/317/7 4073/318/7 991/315/7
f 987/314/7 988/304/7 984/306/7
f 992/319/7 3863/308/7 988/304/7
f 4072/316/7 992/319/7 987/314/7
f 4071/320/7 3862/321/7 992/319/7
f 997/322/37 994/323/37 993/324/37
f 998/325/37 2683/316/37 994/323/37
f 2533/326/38 998/325/37 997/322/37
f 2532/327/38 2682/320/37 998/325/37
f 994/323/37 995/328/37 993/324/37
f 999/329/37 2536/330/39 995/328/37
f 2683/316/37 999/329/37 994/323/37
f 2684/318/37 2535/331/39 999/329/37
f 993/324/37 1000/332/37 996/333/37
f 996/333/37 2648/290/27 2647/289/27
f 995/328/37 2537/334/39 1000/332/37
f 1000/332/37 3347/335/40 2648/290/27
f 993/324/37 1001/336/37 997/322/37
f 997/322/37 2534/337/38 2533/326/38
f 996/333/37 2646/303/27 1001/336/37
f 1001/336/37 3346/338/41 2534/337/38
f 1002/339/42 1007/340/42 1003/341/42
f 1003/341/42 2603/342/42 2602/343/42
f 1006/344/42 2694/345/42 1007/340/42
f 1007/340/42 3374/346/42 2603/342/42
f 1003/341/42 1004/347/42 1002/339/42
f 1008/348/42 4085/349/42 1004/347/42
f 2602/343/42 1008/348/42 1003/341/42
f 2601/350/42 4084/351/42 1008/348/42
f 1002/339/42 1009/352/43 1005/353/43
f 1005/353/43 4077/354/44 4078/355/44
f 1004/347/42 4086/356/43 1009/352/43
f 1009/352/43 4074/357/44 4077/354/44
f 1005/353/43 1006/344/42 1002/339/42
f 1010/358/45 2695/359/42 1006/344/42
f 4078/355/44 1010/358/45 1005/353/43
f 4079/360/44 2696/361/43 1010/358/45
f 1015/362/8 1012/363/8 1011/364/8
f 1016/365/8 4116/366/8 1012/363/8
f 4095/367/8 1016/365/8 1015/362/8
f 4096/368/8 4117/369/8 1016/365/8
f 1012/363/8 1013/370/8 1011/364/8
f 1017/371/8 4106/372/8 1013/370/8
f 4116/366/8 1017/371/8 1012/363/8
f 4115/373/8 4105/374/8 1017/371/8
f 1013/370/8 1014/375/8 1011/364/8
f 1018/376/8 4113/377/8 1014/375/8
f 4106/372/8 1018/376/8 1013/370/8
f 4107/378/8 4112/379/8 1018/376/8
f 1014/375/8 1015/362/8 1011/364/8
f 1019/380/8 4095/367/8 1015/362/8
f 4113/377/8 1019/380/8 1014/375/8
f 4114/381/8 4094/382/8 1019/380/8
f 1024/383/8 1021/384/8 1020/385/8
f 1025/386/8 2722/387/8 1021/384/8
f 4124/388/8 1025/386/8 1024/383/8
f 4125/389/8 2721/390/8 1025/386/8
f 1021/384/8 1022/391/8 1020/385/8
f 1026/392/8 4121/393/8 1022/391/8
f 2722/387/8 1026/392/8 1021/384/8
f 2723/394/8 4120/395/8 1026/392/8
f 1022/391/8 1023/396/8 1020/385/8
f 1027/397/8 2725/398/8 1023/396/8
f 4121/393/8 1027/397/8 1022/391/8
f 4122/399/8 2726/400/8 1027/397/8
f 1023/396/8 1024/383/8 1020/385/8
f 1028/401/8 4124/388/8 1024/383/8
f 2725/398/8 1028/401/8 1023/396/8
f 2724/402/8 4123/403/8 1028/401/8
f 1033/404/8 1030/405/8 1029/406/8
f 1034/407/8 2719/408/8 1030/405/8
f 4132/409/8 1034/407/8 1033/404/8
f 4133/410/8 2720/411/8 1034/407/8
f 1030/405/8 1031/412/8 1029/406/8
f 1035/413/8 4129/414/8 1031/412/8
f 2719/408/8 1035/413/8 1030/405/8
f 2718/415/8 4128/416/8 1035/413/8
f 1031/412/8 1032/417/8 1029/406/8
f 1036/418/8 2734/419/8 1032/417/8
f 4129/414/8 1036/418/8 1031/412/8
f 4130/420/8 2733/421/8 1036/418/8
f 1032/417/8 1033/404/8 1029/406/8
f 1037/422/8 4132/409/8 1033/404/8
f 2734/419/8 1037/422/8 1032/417/8
f 2735/423/8 4131/424/8 1037/422/8
f 1042/425/8 1039/426/8 1038/427/8
f 1043/428/8 2716/429/8 1039/426/8
f 4140/430/8 1043/428/8 1042/425/8
f 4141/431/8 2717/432/8 1043/428/8
f 1039/426/8 1040/433/8 1038/427/8
f 1044/434/8 4137/435/8 1040/433/8
f 2716/429/8 1044/434/8 1039/426/8
f 2715/436/8 4136/437/8 1044/434/8
f 1040/433/8 1041/438/8 1038/427/8
f 1045/439/8 2743/440/8 1041/438/8
f 4137/435/8 1045/439/8 1040/433/8
f 4138/441/8 2742/442/8 1045/439/8
f 1041/438/8 1042/425/8 1038/427/8
f 1046/443/8 4140/430/8 1042/425/8
f 2743/440/8 1046/443/8 1041/438/8
f 2744/444/8 4139/445/8 1046/443/8
f 1051/446/8 1048/447/8 1047/448/8
f 1052/449/8 2713/450/8 1048/447/8
f 4148/451/8 1052/449/8 1051/446/8
f 4149/452/8 2714/453/8 1052/449/8
f 1048/447/8 1049/454/8 1047/448/8
f 1053/455/8 4145/456/8 1049/454/8
f 2713/450/8 1053/455/8 1048/447/8
f 2712/457/8 4144/458/8 1053/455/8
f 1049/454/8 1050/459/8 1047/448/8
f 1054/460/8 2752/461/8 1050/459/8
f 4145/456/8 1054/460/8 1049/454/8
f 4146/462/8 2751/463/8 1054/460/8
f 1050/459/8 1051/446/8 1047/448/8
f 1055/464/8 4148/451/8 1051/446/8
f 2752/461/8 1055/464/8 1050/459/8
f 2753/465/8 4147/466/8 1055/464/8
f 1056/467/46 1061/468/46 1057/469/46
f 1057/469/46 2594/470/46 2593/471/46
f 1060/472/46 2688/473/46 1061/468/46
f 1061/468/46 3372/474/46 2594/470/46
f 1057/469/46 1058/475/46 1056/467/46
f 1062/476/46 4191/477/46 1058/475/46
f 2593/471/46 1062/476/46 1057/469/46
f 2592/478/46 4190/479/46 1062/476/46
f 1056/467/46 1063/480/47 1059/481/47
f 1059/481/47 4169/482/48 4170/483/49
f 1058/475/46 4192/484/47 1063/480/47
f 1063/480/47 4163/485/49 4169/482/48
f 1059/481/47 1060/472/46 1056/467/46
f 1064/486/47 2689/487/46 1060/472/46
f 4170/483/49 1064/486/47 1059/481/47
f 4171/488/48 2690/489/47 1064/486/47
f 1069/490/42 1066/491/42 1065/492/42
f 1070/493/42 2596/494/42 1066/491/42
f 4194/495/42 1070/493/42 1069/490/42
f 4195/496/42 2597/497/42 1070/493/42
f 1065/492/42 1071/498/42 1067/499/42
f 1067/499/42 2693/500/42 2692/501/42
f 1066/491/42 2595/502/42 1071/498/42
f 1071/498/42 3373/503/42 2693/500/42
f 1067/499/42 1068/504/43 1065/492/42
f 1072/505/43 4173/506/44 1068/504/43
f 2692/501/42 1072/505/43 1067/499/42
f 2691/507/43 4172/508/50 1072/505/43
f 1065/492/42 1073/509/43 1069/490/42
f 1069/490/42 4193/510/43 4194/495/42
f 1068/504/43 4174/511/51 1073/509/43
f 1073/509/43 4160/512/44 4193/510/43
f 1078/513/46 1075/514/46 1074/515/46
f 1079/516/46 2605/517/46 1075/514/46
f 4197/518/46 1079/516/46 1078/513/46
f 4198/519/46 2606/520/46 1079/516/46
f 1074/515/46 1080/521/46 1076/522/46
f 1076/522/46 2699/523/46 2698/524/46
f 1075/514/46 2604/525/46 1080/521/46
f 1080/521/46 3375/526/46 2699/523/46
f 1076/522/46 1077/527/47 1074/515/46
f 1081/528/47 4176/529/49 1077/527/47
f 2698/524/46 1081/528/47 1076/522/46
f 2697/530/47 4175/531/49 1081/528/47
f 1074/515/46 1082/532/47 1078/513/46
f 1078/513/46 4196/533/47 4197/518/46
f 1077/527/47 4177/534/49 1082/532/47
f 1082/532/47 4154/535/49 4196/533/47
f 1083/536/52 1088/537/53 1084/538/53
f 1084/538/53 2612/539/53 2611/540/52
f 1087/541/53 2703/542/52 1088/537/53
f 1088/537/53 3377/543/54 2612/539/53
f 1084/538/53 1085/544/54 1083/536/52
f 1089/545/52 2797/546/52 1085/544/54
f 2611/540/52 1089/545/52 1084/538/53
f 2610/547/52 2798/548/55 1089/545/52
f 1083/536/52 1090/549/56 1086/550/56
f 1086/550/56 4178/551/57 4179/552/58
f 1085/544/54 2796/553/59 1090/549/56
f 1090/549/56 4161/554/60 4178/551/57
f 1086/550/56 1087/541/53 1083/536/52
f 1091/555/61 2704/556/62 1087/541/53
f 4179/552/58 1091/555/61 1086/550/56
f 4180/557/63 2705/558/56 1091/555/61
f 1096/559/64 1093/560/65 1092/561/66
f 1097/562/66 2614/563/65 1093/560/65
f 2701/564/66 1097/562/66 1096/559/64
f 2700/565/64 2615/566/66 1097/562/66
f 1092/561/66 1098/567/65 1094/568/66
f 1094/568/66 2804/569/65 2803/570/65
f 1093/560/65 2613/571/66 1098/567/65
f 1098/567/65 3376/572/67 2804/569/65
f 1094/568/66 1095/573/68 1092/561/66
f 1099/574/68 4182/575/64 1095/573/68
f 2803/570/65 1099/574/68 1094/568/66
f 2802/576/68 4181/577/69 1099/574/68
f 1092/561/66 1100/578/68 1096/559/64
f 1096/559/64 2702/579/70 2701/564/66
f 1095/573/68 4183/580/69 1100/578/68
f 1100/578/68 4075/581/71 2702/579/70
f 1101/582/66 1106/583/65 1102/584/66
f 1102/584/66 2621/585/66 2620/586/65
f 1105/587/66 2706/588/65 1106/583/65
f 1106/583/65 3378/589/65 2621/585/66
f 1102/584/66 1103/590/64 1101/582/66
f 1107/591/66 2800/592/65 1103/590/64
f 2620/586/65 1107/591/66 1102/584/66
f 2619/593/65 2801/594/64 1107/591/66
f 1101/582/66 1108/595/72 1104/596/68
f 1104/596/68 4184/597/69 4185/598/69
f 1103/590/64 2799/599/72 1108/595/72
f 1108/595/72 4155/600/69 4184/597/69
f 1104/596/68 1105/587/66 1101/582/66
f 1109/601/68 2707/602/66 1105/587/66
f 4185/598/69 1109/601/68 1104/596/68
f 4186/603/73 2708/604/68 1109/601/68
f 1114/605/53 1111/606/52 1110/607/52
f 1115/608/55 2623/609/54 1111/606/52
f 2794/610/54 1115/608/55 1114/605/53
f 2793/611/53 2624/612/52 1115/608/55
f 1110/607/52 1116/613/55 1112/614/52
f 1112/614/52 2711/615/52 2710/616/52
f 1111/606/52 2622/617/53 1116/613/55
f 1116/613/55 3379/618/54 2711/615/52
f 1112/614/52 1113/619/56 1110/607/52
f 1117/620/56 4188/621/60 1113/619/56
f 2710/616/52 1117/620/56 1112/614/52
f 2709/622/56 4187/623/63 1117/620/56
f 1110/607/52 1118/624/61 1114/605/53
f 1114/605/53 2795/625/59 2794/610/54
f 1113/619/56 4189/626/52 1118/624/61
f 1118/624/61 4164/627/53 2795/625/59
f 1119/628/74 1124/629/74 1120/630/74
f 1120/630/74 2729/399/75 2728/393/75
f 1123/631/76 2805/632/74 1124/629/74
f 1124/629/74 3392/633/75 2729/399/75
f 1120/630/74 1121/634/74 1119/628/74
f 1125/635/74 4151/636/77 1121/634/74
f 2728/393/75 1125/635/74 1120/630/74
f 2727/395/75 4150/637/74 1125/635/74
f 1119/628/74 1126/638/75 1122/639/75
f 1122/639/75 2780/640/75 2779/641/75
f 1121/634/74 4152/642/75 1126/638/75
f 1126/638/75 4153/643/75 2780/640/75
f 1122/639/75 1123/631/76 1119/628/74
f 1127/644/75 2806/645/74 1123/631/76
f 2779/641/75 1127/644/75 1122/639/75
f 2778/646/75 2807/647/75 1127/644/75
f 1132/648/78 1129/649/78 1128/650/78
f 1133/651/78 2731/388/79 1129/649/78
f 4200/652/80 1133/651/78 1132/648/78
f 4201/653/78 2732/389/79 1133/651/78
f 1128/650/78 1134/654/78 1130/655/78
f 1130/655/78 2810/656/78 2809/657/78
f 1129/649/78 2730/403/79 1134/654/78
f 1134/654/78 3393/658/79 2810/656/78
f 1130/655/78 1131/659/79 1128/650/78
f 1135/660/79 2686/661/79 1131/659/79
f 2809/657/78 1135/660/79 1130/655/78
f 2808/662/79 2687/663/79 1135/660/79
f 1128/650/78 1136/664/79 1132/648/78
f 1132/648/78 4199/665/79 4200/652/80
f 1131/659/79 2685/666/79 1136/664/79
f 1136/664/79 4076/667/79 4199/665/79
f 1137/668/79 1142/669/78 1138/670/78
f 1138/670/78 2738/420/81 2737/414/81
f 1141/671/79 2814/672/78 1142/669/78
f 1142/669/78 3394/673/81 2738/420/81
f 1138/670/78 1139/674/78 1137/668/79
f 1143/675/78 4157/676/80 1139/674/78
f 2737/414/81 1143/675/78 1138/670/78
f 2736/416/79 4156/677/78 1143/675/78
f 1137/668/79 1144/678/79 1140/679/79
f 1140/679/79 2777/680/79 2776/681/79
f 1139/674/78 4158/682/79 1144/678/79
f 1144/678/79 4159/683/79 2777/680/79
f 1140/679/79 1141/671/79 1137/668/79
f 1145/684/79 2815/685/79 1141/671/79
f 2776/681/79 1145/684/79 1140/679/79
f 2775/686/79 2816/687/79 1145/684/79
f 1150/688/74 1147/689/76 1146/690/75
f 1151/691/74 2740/409/82 1147/689/76
f 4166/692/77 1151/691/74 1150/688/74
f 4167/693/74 2741/410/75 1151/691/74
f 1146/690/75 1152/694/74 1148/695/75
f 1148/695/75 2819/696/74 2818/697/75
f 1147/689/76 2739/424/83 1152/694/74
f 1152/694/74 3395/698/83 2819/696/74
f 1148/695/75 1149/699/75 1146/690/75
f 1153/700/75 2773/701/75 1149/699/75
f 2818/697/75 1153/700/75 1148/695/75
f 2817/702/75 2774/703/75 1153/700/75
f 1146/690/75 1154/704/75 1150/688/74
f 1150/688/74 4165/705/75 4166/692/77
f 1149/699/75 2772/706/75 1154/704/75
f 1154/704/75 4162/707/75 4165/705/75
f 1155/708/84 1160/709/85 1156/710/85
f 1156/710/85 2747/441/86 2746/435/87
f 1159/711/85 2769/712/85 1160/709/85
f 1160/709/85 3397/713/88 2747/441/86
f 1156/710/85 1157/714/85 1155/708/84
f 1161/715/89 2812/716/84 1157/714/85
f 2746/435/87 1161/715/89 1156/710/85
f 2745/437/90 2813/717/85 1161/715/89
f 1155/708/84 1162/718/90 1158/719/91
f 1158/719/91 2786/720/87 2785/721/90
f 1157/714/85 2811/722/86 1162/718/90
f 1162/718/90 3384/723/84 2786/720/87
f 1158/719/91 1159/711/85 1155/708/84
f 1163/724/86 2770/725/85 1159/711/85
f 2785/721/90 1163/724/86 1158/719/91
f 2784/726/90 2771/727/86 1163/724/86
f 1168/728/92 1165/729/93 1164/730/94
f 1169/731/93 2749/430/95 1165/729/93
f 2764/732/92 1169/731/93 1168/728/92
f 2763/733/96 2750/431/96 1169/731/93
f 1164/730/94 1170/734/93 1166/735/93
f 1166/735/93 2822/736/93 2821/737/92
f 1165/729/93 2748/445/95 1170/734/93
f 1170/734/93 3396/738/96 2822/736/93
f 1166/735/93 1167/739/97 1164/730/94
f 1171/740/97 2782/741/97 1167/739/97
f 2821/737/92 1171/740/97 1166/735/93
f 2820/742/96 2783/743/97 1171/740/97
f 1164/730/94 1172/744/96 1168/728/92
f 1168/728/92 2765/745/96 2764/732/92
f 1167/739/97 2781/746/96 1172/744/96
f 1172/744/96 3401/747/98 2765/745/96
f 1173/748/94 1178/749/99 1174/750/94
f 1174/750/94 2756/462/95 2755/456/96
f 1177/751/93 2823/752/92 1178/749/99
f 1178/749/99 3398/753/96 2756/462/95
f 1174/750/94 1175/754/93 1173/748/94
f 1179/755/93 2767/756/92 1175/754/93
f 2755/456/96 1179/755/93 1174/750/94
f 2754/458/97 2768/757/96 1179/755/93
f 1173/748/94 1180/758/97 1176/759/96
f 1176/759/96 2792/760/96 2791/761/96
f 1175/754/93 2766/762/96 1180/758/97
f 1180/758/97 3402/763/100 2792/760/96
f 1176/759/96 1177/751/93 1173/748/94
f 1181/764/97 2824/765/93 1177/751/93
f 2791/761/96 1181/764/97 1176/759/96
f 2790/766/95 2825/767/97 1181/764/97
f 1186/768/84 1183/769/85 1182/770/89
f 1187/771/89 2758/451/90 1183/769/85
f 2761/772/84 1187/771/89 1186/768/84
f 2760/773/85 2759/452/90 1187/771/89
f 1182/770/89 1188/774/85 1184/775/85
f 1184/775/85 2828/776/85 2827/777/85
f 1183/769/85 2757/466/90 1188/774/85
f 1188/774/85 3399/778/87 2828/776/85
f 1184/775/85 1185/779/86 1182/770/89
f 1189/780/86 2788/781/90 1185/779/86
f 2827/777/85 1189/780/86 1184/775/85
f 2826/782/90 2789/783/90 1189/780/86
f 1182/770/89 1190/784/90 1186/768/84
f 1186/768/84 2762/785/86 2761/772/84
f 1185/779/86 2787/786/87 1190/784/90
f 1190/784/90 3400/787/88 2762/785/86
f 1191/788/23 1196/789/101 1192/790/23
f 1192/790/23 3936/791/102 3935/792/23
f 1195/793/101 4250/794/103 1196/789/101
f 1196/789/101 3937/795/103 3936/791/102
f 1191/788/23 1197/796/104 1193/797/104
f 1193/797/104 4256/798/105 4257/799/105
f 1192/790/23 3934/800/106 1197/796/104
f 1197/796/104 3931/801/105 4256/798/105
f 1191/788/23 1198/802/104 1194/803/23
f 1194/803/23 4205/804/106 4206/805/23
f 1193/797/104 4258/806/105 1198/802/104
f 1198/802/104 4202/807/105 4205/804/106
f 1191/788/23 1199/808/101 1195/793/101
f 1195/793/101 4252/809/103 4251/810/103
f 1194/803/23 4207/811/102 1199/808/101
f 1199/808/101 4208/812/103 4252/809/103
f 1200/813/23 1205/814/107 1201/815/23
f 1201/815/23 4238/816/102 4239/817/23
f 1204/818/101 4265/819/108 1205/814/107
f 1205/814/107 4235/820/103 4238/816/102
f 1200/813/23 1206/821/104 1202/822/104
f 1202/822/104 4253/823/105 4254/824/105
f 1201/815/23 4240/825/106 1206/821/104
f 1206/821/104 4241/826/105 4253/823/105
f 1200/813/23 1207/827/104 1203/828/23
f 1203/828/23 3903/829/106 3902/830/23
f 1202/822/104 4255/831/105 1207/827/104
f 1207/827/104 3904/832/105 3903/829/106
f 1200/813/23 1208/833/101 1204/818/101
f 1204/818/101 4267/834/103 4266/835/103
f 1203/828/23 3901/836/102 1208/833/101
f 1208/833/101 3898/837/103 4267/834/103
f 1218/838/7 1223/839/109 1219/840/110
f 1219/840/110 4008/841/111 4009/842/112
f 1222/843/7 4032/844/113 1223/839/109
f 1223/839/109 4005/845/112 4008/841/111
f 1218/838/7 1224/846/110 1220/847/7
f 1220/847/7 4304/848/113 4305/849/7
f 1219/840/110 4010/850/112 1224/846/110
f 1224/846/110 4011/851/112 4304/848/113
f 1218/838/7 1225/852/114 1221/853/114
f 1221/853/114 4025/854/115 4024/855/115
f 1220/847/7 4306/856/116 1225/852/114
f 1225/852/114 3923/857/115 4025/854/115
f 1218/838/7 1226/858/114 1222/843/7
f 1222/843/7 4034/859/116 4033/860/7
f 1221/853/114 4023/861/115 1226/858/114
f 1226/858/114 4020/862/115 4034/859/116
f 1231/863/117 1228/864/118 1227/865/117
f 1232/866/118 2851/810/119 1228/864/118
f 4272/867/120 1232/866/118 1231/863/117
f 4273/868/121 2850/794/119 1232/866/118
f 1228/864/118 1229/869/117 1227/865/117
f 1233/870/118 4269/871/120 1229/869/117
f 2851/810/119 1233/870/118 1228/864/118
f 2852/809/119 4268/872/121 1233/870/118
f 1227/865/117 1234/873/122 1230/874/122
f 1230/874/122 2546/875/123 2545/261/123
f 1229/869/117 4270/876/124 1234/873/122
f 1234/873/122 3879/266/123 2546/875/123
f 1227/865/117 1235/877/122 1231/863/117
f 1231/863/117 4271/878/124 4272/867/120
f 1230/874/122 2544/263/123 1235/877/122
f 1235/877/122 3885/879/123 4271/878/124
f 1240/880/125 1237/881/126 1236/882/125
f 1241/883/126 2854/824/127 1237/881/126
f 4278/884/128 1241/883/126 1240/880/125
f 4279/885/129 2855/831/127 1241/883/126
f 1237/881/126 1238/886/130 1236/882/125
f 1242/887/131 4275/888/132 1238/886/130
f 2854/824/127 1242/887/131 1237/881/126
f 2853/823/127 4274/889/133 1242/887/131
f 1236/882/125 1243/890/134 1239/891/134
f 1239/891/134 2547/80/135 2548/75/135
f 1238/886/130 4276/892/136 1243/890/134
f 1243/890/134 3890/893/135 2547/80/135
f 1236/882/125 1244/894/134 1240/880/125
f 1240/880/125 4277/895/136 4278/884/128
f 1239/891/134 2549/77/135 1244/894/134
f 1244/894/134 3896/896/135 4277/895/136
f 1249/897/137 1246/898/138 1245/899/137
f 1250/900/138 2857/799/127 1246/898/138
f 4284/901/139 1250/900/138 1249/897/137
f 4285/902/140 2858/806/127 1250/900/138
f 1246/898/138 1247/903/137 1245/899/137
f 1251/904/138 4281/905/139 1247/903/137
f 2857/799/127 1251/904/138 1246/898/138
f 2856/798/127 4280/906/140 1251/904/138
f 1245/899/137 1252/907/141 1248/908/141
f 1248/908/141 2835/909/142 2836/910/142
f 1247/903/137 4282/911/143 1252/907/141
f 1252/907/141 4212/912/142 2835/909/142
f 1245/899/137 1253/913/141 1249/897/137
f 1249/897/137 4283/914/143 4284/901/139
f 1248/908/141 2837/915/142 1253/913/141
f 1253/913/141 4224/916/142 4283/914/143
f 1258/917/117 1255/918/118 1254/919/117
f 1259/920/118 2863/835/119 1255/918/118
f 4298/921/120 1259/920/118 1258/917/117
f 4297/922/121 2862/819/119 1259/920/118
f 1255/918/118 1256/923/117 1254/919/117
f 1260/924/118 4287/925/120 1256/923/117
f 2863/835/119 1260/924/118 1255/918/118
f 2864/834/119 4288/926/121 1260/924/118
f 1254/919/117 1261/927/122 1257/928/122
f 1257/928/122 2849/929/123 2848/930/123
f 1256/923/117 4286/931/124 1261/927/122
f 1261/927/122 4234/932/123 2849/929/123
f 1254/919/117 1262/933/122 1258/917/117
f 1258/917/117 4299/934/124 4298/921/120
f 1257/928/122 2847/935/123 1262/933/122
f 1262/933/122 4218/936/123 4299/934/124
f 1267/937/144 1264/938/144 1263/939/144
f 1268/940/144 4364/941/144 1264/938/144
f 4408/942/144 1268/940/144 1267/937/144
f 4407/943/144 4363/944/144 1268/940/144
f 1264/938/144 1265/945/144 1263/939/144
f 1269/946/144 2542/947/144 1265/945/144
f 4364/941/144 1269/946/144 1264/938/144
f 4365/948/144 2543/949/144 1269/946/144
f 1265/945/144 1266/950/144 1263/939/144
f 1270/951/144 4030/952/144 1266/950/144
f 2542/947/144 1270/951/144 1265/945/144
f 2541/953/144 4031/954/144 1270/951/144
f 1266/950/144 1267/937/144 1263/939/144
f 1271/955/144 4408/942/144 1267/937/144
f 4030/952/144 1271/955/144 1266/950/144
f 4029/956/144 4409/957/144 1271/955/144
f 3468/958/145 1273/959/146 3466/960/145
f 1277/961/146 4384/962/147 1273/959/146
f 3469/963/148 1277/961/146 3468/958/145
f 4356/964/149 4383/965/150 1277/961/146
f 1273/959/146 3467/966/145 3466/960/145
f 1278/967/146 3464/968/148 3467/966/145
f 4384/962/147 1278/967/146 1273/959/146
f 4385/969/150 2574/970/149 1278/967/146
f 1272/960/151 1279/971/152 1275/972/152
f 1279/971/152 4387/973/153 1275/972/152
f 1274/966/154 2576/974/155 1279/971/152
f 2576/974/155 4388/975/156 1279/971/152
f 1272/960/151 1280/976/152 1276/958/157
f 1276/958/157 4357/977/155 3471/963/151
f 4387/973/153 1280/976/152 1275/972/152
f 4386/978/158 4357/977/155 1280/976/152
f 1285/979/159 1282/980/160 1281/981/161
f 1286/982/162 4393/983/163 1282/980/160
f 4411/984/164 1286/982/162 1285/979/159
f 4410/985/165 4392/986/166 1286/982/162
f 1282/980/160 1283/987/159 1281/981/161
f 1287/988/162 2869/989/164 1283/987/159
f 4393/983/163 1287/988/162 1282/980/160
f 4394/990/166 2870/991/167 1287/988/162
f 1281/981/161 1288/992/168 1284/993/169
f 1284/993/169 4064/994/170 4063/995/171
f 1283/987/159 2868/996/172 1288/992/168
f 1288/992/168 3884/997/170 4064/994/170
f 1281/981/161 1289/998/169 1285/979/159
f 1285/979/159 4412/999/173 4411/984/164
f 1284/993/169 4062/1000/170 1289/998/169
f 1289/998/169 4059/1001/174 4412/999/173
f 1294/1002/175 1291/1003/175 1290/1004/175
f 1295/1005/175 4367/1006/175 1291/1003/175
f 2494/1007/175 1295/1005/175 1294/1002/175
f 2495/1008/175 4368/1009/175 1295/1005/175
f 1291/1003/175 1292/1010/175 1290/1004/175
f 1296/1011/175 4334/1012/175 1292/1010/175
f 4367/1006/175 1296/1011/175 1291/1003/175
f 4366/1013/175 4333/1014/175 1296/1011/175
f 1290/1004/175 1297/1015/175 1293/1016/175
f 1293/1016/175 4369/1017/176 4370/1018/176
f 1292/1010/175 4335/1019/175 1297/1015/175
f 1297/1015/175 4336/1020/176 4369/1017/176
f 1290/1004/175 1298/1021/175 1294/1002/175
f 1294/1002/175 2493/1022/175 2494/1007/175
f 1293/1016/175 4371/1023/176 1298/1021/175
f 1298/1021/175 3806/1024/176 2493/1022/175
f 1303/1025/8 1300/1026/8 1299/1027/8
f 1304/1028/8 4375/1029/8 1300/1026/8
f 2518/1030/8 1304/1028/8 1303/1025/8
f 2517/1031/8 4376/1032/8 1304/1028/8
f 1300/1026/8 1301/1033/8 1299/1027/8
f 1305/1034/8 2965/1035/8 1301/1033/8
f 4375/1029/8 1305/1034/8 1300/1026/8
f 4374/1036/8 2964/1037/8 1305/1034/8
f 1299/1027/8 1306/1038/8 1302/1039/8
f 1302/1039/8 4049/1040/8 4050/1041/8
f 1301/1033/8 2966/1042/8 1306/1038/8
f 1306/1038/8 4047/1043/8 4049/1040/8
f 1299/1027/8 1307/1044/8 1303/1025/8
f 1303/1025/8 2519/1045/8 2518/1030/8
f 1302/1039/8 4051/1046/8 1307/1044/8
f 1307/1044/8 3858/1047/8 2519/1045/8
f 1312/1048/177 1309/1049/177 1308/1050/177
f 1313/1051/177 2938/1018/177 1309/1049/177
f 2674/1052/177 1313/1051/177 1312/1048/177
f 2673/1053/177 2939/1023/177 1313/1051/177
f 1309/1049/177 1310/1054/177 1308/1050/177
f 1314/1055/177 4405/1056/177 1310/1054/177
f 2938/1018/177 1314/1055/177 1309/1049/177
f 2937/1017/177 4404/1057/177 1314/1055/177
f 1310/1054/177 1311/1058/177 1308/1050/177
f 1315/1059/177 2671/995/177 1311/1058/177
f 4405/1056/177 1315/1059/177 1310/1054/177
f 4406/1060/177 2670/1000/177 1315/1059/177
f 1311/1058/177 1312/1048/177 1308/1050/177
f 1316/1061/177 2674/1052/177 1312/1048/177
f 2671/995/177 1316/1061/177 1311/1058/177
f 2672/994/177 2675/1062/177 1316/1061/177
f 1317/1063/177 1322/1064/178 1318/1065/177
f 1318/1065/177 2571/1066/179 2572/1067/177
f 1321/1068/178 4403/1069/180 1322/1064/178
f 1322/1064/178 3933/1070/181 2571/1066/179
f 1317/1063/177 1323/1071/182 1319/1072/182
f 1319/1072/182 2957/990/183 2956/983/183
f 1318/1065/177 2573/1073/184 1323/1071/182
f 1323/1071/182 3411/1074/185 2957/990/183
f 1317/1063/177 1324/1075/182 1320/1076/177
f 1320/1076/177 4342/1077/184 4343/1078/177
f 1319/1072/182 2955/986/183 1324/1075/182
f 1324/1075/182 4339/1079/183 4342/1077/184
f 1317/1063/177 1325/1080/178 1321/1068/178
f 1321/1068/178 4401/1081/180 4402/1082/180
f 1320/1076/177 4344/1083/179 1325/1080/178
f 1325/1080/178 4345/1084/180 4401/1081/180
f 1330/1085/186 1327/1086/187 1326/1087/187
f 1331/1088/186 2635/1089/34 1327/1086/187
f 2644/1090/188 1331/1088/186 1330/1085/186
f 2645/1091/188 2636/1092/36 1331/1088/186
f 1326/1087/187 1332/1093/189 1328/1094/189
f 1328/1094/189 2948/969/190 2947/962/190
f 1327/1086/187 2634/1095/33 1332/1093/189
f 1332/1093/189 3868/1096/35 2948/969/190
f 1326/1087/187 1333/1097/189 1329/1098/187
f 1329/1098/187 2972/1099/191 2971/1100/192
f 1328/1094/189 2946/965/190 1333/1097/189
f 1333/1097/189 4355/1101/193 2972/1099/191
f 1329/1098/187 1330/1085/186 1326/1087/187
f 1334/1102/186 2644/1090/188 1330/1085/186
f 2971/1100/192 1334/1102/186 1329/1098/187
f 2970/1103/194 2643/1104/188 1334/1102/186
f 1339/1105/20 1336/1106/20 1335/1107/20
f 1340/1108/20 4390/1109/20 1336/1106/20
f 2488/1110/20 1340/1108/20 1339/1105/20
f 2487/1111/20 4391/1112/20 1340/1108/20
f 1336/1106/20 1337/1113/20 1335/1107/20
f 1341/1114/20 4352/1115/20 1337/1113/20
f 4390/1109/20 1341/1114/20 1336/1106/20
f 4389/1116/20 4351/1117/20 1341/1114/20
f 1335/1107/20 1342/1118/20 1338/1119/20
f 1338/1119/20 2934/1013/20 2935/1006/20
f 1337/1113/20 4353/1120/20 1342/1118/20
f 1342/1118/20 4331/1121/20 2934/1013/20
f 1335/1107/20 1343/1122/20 1339/1105/20
f 1339/1105/20 2489/1123/20 2488/1110/20
f 1338/1119/20 2936/1009/20 1343/1122/20
f 1343/1122/20 3330/1124/20 2489/1123/20
f 1348/1125/8 1345/1126/8 1344/1127/8
f 1349/1128/8 4432/1129/8 1345/1126/8
f 2668/1130/8 1349/1128/8 1348/1125/8
f 2669/1131/8 4431/1132/8 1349/1128/8
f 1345/1126/8 1346/1133/8 1344/1127/8
f 1350/1134/8 2680/1135/8 1346/1133/8
f 4432/1129/8 1350/1134/8 1345/1126/8
f 4433/1136/8 2681/1137/8 1350/1134/8
f 1344/1127/8 1351/1138/8 1347/1139/8
f 1347/1139/8 4443/1140/8 4442/1141/8
f 1346/1133/8 2679/1142/8 1351/1138/8
f 1351/1138/8 3866/1143/8 4443/1140/8
f 1344/1127/8 1352/1144/8 1348/1125/8
f 1348/1125/8 2667/1145/8 2668/1130/8
f 1347/1139/8 4441/1146/8 1352/1144/8
f 1352/1144/8 4310/1147/8 2667/1145/8
f 1353/1148/144 1358/1149/195 1354/1150/144
f 1354/1150/144 4498/1151/196 4499/1152/144
f 1357/1153/197 4262/1154/198 1358/1149/195
f 1358/1149/195 4259/1155/199 4498/1151/196
f 1353/1148/144 1359/1156/200 1355/1157/201
f 1355/1157/201 4419/1158/202 4420/1159/203
f 1354/1150/144 4500/1160/204 1359/1156/200
f 1359/1156/200 4416/1161/205 4419/1158/202
f 1353/1148/144 1360/1162/200 1356/1163/144
f 1356/1163/144 2831/1164/206 2830/1165/144
f 1355/1157/201 4421/1166/203 1360/1162/200
f 1360/1162/200 4210/1167/202 2831/1164/206
f 1353/1148/144 1361/1168/195 1357/1153/197
f 1357/1153/197 4264/1169/207 4263/1170/207
f 1356/1163/144 2829/1171/208 1361/1168/195
f 1361/1168/195 4203/1172/198 4264/1169/207
f 1366/1173/209 1363/1174/210 1362/1175/211
f 1367/1176/209 4451/1177/212 1363/1174/210
f 2629/842/213 1367/1176/209 1366/1173/209
f 2628/841/213 4450/1178/214 1367/1176/209
f 1362/1175/211 1368/1179/215 1364/1180/215
f 1364/1180/215 4444/1181/216 4445/1182/217
f 1363/1174/210 4452/1183/218 1368/1179/215
f 1368/1179/215 4396/1184/217 4444/1181/216
f 1362/1175/211 1369/1185/215 1365/1186/211
f 1365/1186/211 4453/1187/218 4454/1188/212
f 1364/1180/215 4446/1189/217 1369/1185/215
f 1369/1185/215 4227/1190/217 4453/1187/218
f 1365/1186/211 1366/1173/209 1362/1175/211
f 1370/1191/209 2629/842/213 1366/1173/209
f 4454/1188/212 1370/1191/209 1365/1186/211
f 4455/1192/214 2630/850/213 1370/1191/209
f 1375/1193/8 1372/1194/8 1371/1195/8
f 1376/1196/8 2668/1197/8 1372/1194/8
f 4484/1198/8 1376/1196/8 1375/1193/8
f 4483/1199/8 2669/1200/8 1376/1196/8
f 1371/1195/8 1377/1201/8 1373/1202/8
f 1373/1202/8 4413/1203/8 4414/1204/8
f 1372/1194/8 2667/1205/8 1377/1201/8
f 1377/1201/8 4310/1206/8 4413/1203/8
f 1371/1195/8 1378/1207/8 1374/1208/8
f 1374/1208/8 2966/1209/8 2965/1210/8
f 1373/1202/8 4415/1211/8 1378/1207/8
f 1378/1207/8 4047/1212/8 2966/1209/8
f 1374/1208/8 1375/1193/8 1371/1195/8
f 1379/1213/8 4484/1198/8 1375/1193/8
f 2965/1210/8 1379/1213/8 1374/1208/8
f 2964/1214/8 4485/1215/8 1379/1213/8
f 1384/1216/219 1381/1217/220 1380/1218/219
f 1385/1219/221 4526/1220/222 1381/1217/220
f 3920/1221/223 1385/1219/221 1384/1216/219
f 3921/1222/224 4525/1223/222 1385/1219/221
f 1381/1217/220 1382/1224/225 1380/1218/219
f 1386/1225/226 2875/1226/227 1382/1224/225
f 4526/1220/222 1386/1225/226 1381/1217/220
f 4527/1227/228 2876/1228/229 1386/1225/226
f 1380/1218/219 1387/1229/230 1383/1230/231
f 1383/1230/231 4530/1231/232 4529/1232/233
f 1382/1224/225 2874/1233/234 1387/1229/230
f 1387/1229/230 3897/1234/233 4530/1231/232
f 1380/1218/219 1388/1235/230 1384/1216/219
f 1384/1216/219 3919/1236/234 3920/1221/223
f 1383/1230/231 4528/1237/232 1388/1235/230
f 1388/1235/230 3916/1238/233 3919/1236/234
f 1393/1239/20 1390/1240/20 1389/1241/20
f 1394/1242/20 3911/1243/20 1390/1240/20
f 3115/1244/20 1394/1242/20 1393/1239/20
f 3114/1245/20 3910/1246/20 1394/1242/20
f 1390/1240/20 1391/1247/20 1389/1241/20
f 1395/1248/20 2539/1249/20 1391/1247/20
f 3911/1243/20 1395/1248/20 1390/1240/20
f 3912/1250/20 2538/1251/20 1395/1248/20
f 1389/1241/20 1396/1252/20 1392/1253/20
f 1392/1253/20 4437/1254/20 4436/1255/20
f 1391/1247/20 2540/1256/20 1396/1252/20
f 1396/1252/20 3812/1257/20 4437/1254/20
f 1389/1241/20 1397/1258/20 1393/1239/20
f 1393/1239/20 3116/1259/20 3115/1244/20
f 1392/1253/20 4435/1260/20 1397/1258/20
f 1397/1258/20 4434/1261/20 3116/1259/20
f 1402/1262/235 1399/1263/236 1398/1264/235
f 1403/1265/237 2986/1159/238 1399/1263/236
f 2866/1266/239 1403/1265/237 1402/1262/235
f 2865/1267/240 2987/1166/241 1403/1265/237
f 1399/1263/236 1400/1268/242 1398/1264/235
f 1404/1269/237 4493/1270/243 1400/1268/242
f 2986/1159/238 1404/1269/237 1399/1263/236
f 2985/1158/238 4492/1271/244 1404/1269/237
f 1398/1264/235 1405/1272/245 1401/1273/246
f 1401/1273/246 2649/956/247 2650/952/248
f 1400/1268/242 4494/1274/249 1405/1272/245
f 1405/1272/245 4027/1275/250 2649/956/247
f 1398/1264/235 1406/1276/246 1402/1262/235
f 1402/1262/235 2867/1277/249 2866/1266/239
f 1401/1273/246 2651/954/250 1406/1276/246
f 1406/1276/246 3352/1278/251 2867/1277/249
f 1411/1279/252 1408/1280/253 1407/1281/252
f 1412/1282/253 2980/1283/254 1408/1280/253
f 2902/1284/255 1412/1282/253 1411/1279/252
f 2901/1285/256 2981/1286/254 1412/1282/253
f 1408/1280/253 1409/1287/252 1407/1281/252
f 1413/1288/253 2971/1289/192 1409/1287/252
f 2980/1283/254 1413/1288/253 1408/1280/253
f 2979/1290/254 2970/1291/194 1413/1288/253
f 1407/1281/252 1414/1292/257 1410/1293/257
f 1410/1293/257 4513/1294/258 4514/1295/258
f 1409/1287/252 2972/1296/191 1414/1292/257
f 1414/1292/257 4355/1297/193 4513/1294/258
f 1407/1281/252 1415/1298/257 1411/1279/252
f 1411/1279/252 2903/1299/259 2902/1284/255
f 1410/1293/257 4515/1300/258 1415/1298/257
f 1415/1298/257 4301/1301/260 2903/1299/259
f 3477/1302/261 1426/1303/262 3472/1304/263
f 1430/1305/264 4426/1306/265 1426/1303/262
f 3460/1307/266 1430/1305/264 3477/1302/261
f 2553/1308/267 4427/1309/265 1430/1305/264
f 1426/1303/262 3473/1310/268 3472/1304/263
f 1431/1311/262 3474/1312/269 3473/1310/268
f 4426/1306/265 1431/1311/262 1426/1303/262
f 4425/1313/265 4302/1314/270 1431/1311/262
f 1425/1304/271 1432/1315/272 1428/1316/273
f 1432/1315/272 3106/1232/274 1428/1316/273
f 1427/1310/275 4303/1317/276 1432/1315/272
f 4303/1317/276 3105/1237/277 1432/1315/272
f 1425/1304/271 1433/1318/273 1429/1302/275
f 1429/1302/275 2555/1319/278 2554/1307/279
f 3106/1232/274 1433/1318/273 1428/1316/273
f 3107/1231/277 2555/1319/278 1433/1318/273
f 1438/1320/23 1435/1321/23 1434/1322/23
f 1439/1323/23 4308/1324/23 1435/1321/23
f 2983/1204/23 1439/1323/23 1438/1320/23
f 2982/1203/23 4309/1325/23 1439/1323/23
f 1435/1321/23 1436/1326/23 1434/1322/23
f 1440/1327/23 4055/1328/23 1436/1326/23
f 4308/1324/23 1440/1327/23 1435/1321/23
f 4307/1329/23 4054/1330/23 1440/1327/23
f 1436/1326/23 1437/1331/23 1434/1322/23
f 1441/1332/23 4511/1333/23 1437/1331/23
f 4055/1328/23 1441/1332/23 1436/1326/23
f 4056/1334/23 4510/1335/23 1441/1332/23
f 1437/1331/23 1438/1320/23 1434/1322/23
f 1442/1336/23 2983/1204/23 1438/1320/23
f 4511/1333/23 1442/1336/23 1437/1331/23
f 4512/1337/23 2984/1211/23 1442/1336/23
f 1447/1338/20 1444/1339/20 1443/1340/20
f 1448/1341/20 4472/1342/20 1444/1339/20
f 3055/1343/20 1448/1341/20 1447/1338/20
f 3056/1344/20 4471/1345/20 1448/1341/20
f 1444/1339/20 1445/1346/20 1443/1340/20
f 1449/1347/20 2491/1348/20 1445/1346/20
f 4472/1342/20 1449/1347/20 1444/1339/20
f 4473/1349/20 2492/1350/20 1449/1347/20
f 1443/1340/20 1450/1351/20 1446/1352/20
f 1446/1352/20 2558/1250/20 2557/1243/20
f 1445/1346/20 2490/1353/20 1450/1351/20
f 1450/1351/20 3351/1354/20 2558/1250/20
f 1443/1340/20 1451/1355/20 1447/1338/20
f 1447/1338/20 3054/1356/20 3055/1343/20
f 1446/1352/20 2556/1246/20 1451/1355/20
f 1451/1355/20 3423/1357/20 3054/1356/20
f 1456/1358/23 1453/1359/23 1452/1360/23
f 1457/1361/23 4293/1362/23 1453/1359/23
f 4313/1363/23 1457/1361/23 1456/1358/23
f 4312/1364/23 4292/1365/23 1457/1361/23
f 1453/1359/23 1454/1366/23 1452/1360/23
f 1458/1367/23 3058/1198/23 1454/1366/23
f 4293/1362/23 1458/1367/23 1453/1359/23
f 4294/1368/23 3057/1199/23 1458/1367/23
f 1454/1366/23 1455/1369/23 1452/1360/23
f 1459/1370/23 4517/1371/23 1455/1369/23
f 3058/1198/23 1459/1370/23 1454/1366/23
f 3059/1215/23 4516/1372/23 1459/1370/23
f 1455/1369/23 1456/1358/23 1452/1360/23
f 1460/1373/23 4313/1363/23 1456/1358/23
f 4517/1371/23 1460/1373/23 1455/1369/23
f 4518/1374/23 4314/1375/23 1460/1373/23
f 1465/1376/280 1462/1377/281 1461/1378/282
f 1466/1379/283 2860/1170/222 1462/1377/281
f 4496/1380/284 1466/1379/283 1465/1376/280
f 4497/1381/285 2859/1154/228 1466/1379/283
f 1462/1377/281 1463/1382/282 1461/1378/282
f 1467/1383/283 2881/1384/286 1463/1382/282
f 2860/1170/222 1467/1383/283 1462/1377/281
f 2861/1169/228 2882/1385/287 1467/1383/283
f 1461/1378/282 1468/1386/288 1464/1387/288
f 1464/1387/288 3098/1388/289 3097/1389/290
f 1463/1382/282 2880/1390/291 1468/1386/288
f 1468/1386/288 3418/1391/292 3098/1388/289
f 1461/1378/282 1469/1392/293 1465/1376/280
f 1465/1376/280 4495/1393/291 4496/1380/284
f 1464/1387/288 3096/1394/294 1469/1392/293
f 1469/1392/293 4045/1395/289 4495/1393/291
f 1474/1396/177 1471/1397/177 1470/1398/177
f 1475/1399/177 2662/1041/177 1471/1397/177
f 2521/1400/177 1475/1399/177 1474/1396/177
f 2522/1401/177 2663/1046/177 1475/1399/177
f 1471/1397/177 1472/1402/177 1470/1398/177
f 1476/1403/177 3085/1404/177 1472/1402/177
f 2662/1041/177 1476/1403/177 1471/1397/177
f 2661/1040/177 3086/1405/177 1476/1403/177
f 1472/1402/177 1473/1406/177 1470/1398/177
f 1477/1407/177 4469/1408/177 1473/1406/177
f 3085/1404/177 1477/1407/177 1472/1402/177
f 3084/1409/177 4468/1410/177 1477/1407/177
f 1473/1406/177 1474/1396/177 1470/1398/177
f 1478/1411/177 2521/1400/177 1474/1396/177
f 4469/1408/177 1478/1411/177 1473/1406/177
f 4470/1412/177 2520/1413/177 1478/1411/177
f 1483/1414/295 3479/1415/296 3478/1416/297
f 1484/1417/295 3470/1418/297 3479/1415/296
f 3088/1295/298 1484/1417/295 1483/1414/295
f 3087/1294/298 2928/1419/299 1484/1417/295
f 1479/1416/300 1485/1420/301 1481/1421/302
f 1485/1420/301 4535/1422/303 1481/1421/302
f 1480/1415/300 2930/1423/304 1485/1420/301
f 2930/1423/304 4534/1424/303 1485/1420/301
f 1479/1416/300 1486/1425/301 3480/1426/300
f 3480/1426/300 2894/1427/305 3475/1428/300
f 4535/1422/303 1486/1425/301 1481/1421/302
f 4536/1429/303 2894/1427/305 1486/1425/301
f 1482/1426/297 1483/1414/295 3478/1416/297
f 1487/1430/295 3088/1295/298 1483/1414/295
f 2893/1428/296 1487/1430/295 1482/1426/297
f 2892/1431/299 3089/1300/298 1487/1430/295
f 1488/1432/7 1493/1433/110 1489/1434/110
f 1489/1434/110 4438/1435/112 4439/1436/112
f 1492/1437/7 2922/1438/113 1493/1433/110
f 1493/1433/110 4341/1439/112 4438/1435/112
f 1488/1432/7 1494/1440/110 1490/1441/7
f 1490/1441/7 3074/1442/113 3073/1443/7
f 1489/1434/110 4440/1444/112 1494/1440/110
f 1494/1440/110 4417/1445/112 3074/1442/113
f 1488/1432/7 1495/1446/114 1491/1447/114
f 1491/1447/114 4430/1448/115 4429/1449/115
f 1490/1441/7 3072/1450/116 1495/1446/114
f 1495/1446/114 4260/1451/115 4430/1448/115
f 1488/1432/7 1496/1452/114 1492/1437/7
f 1492/1437/7 2924/1453/116 2923/1454/7
f 1491/1447/114 4428/1455/115 1496/1452/114
f 1496/1452/114 4346/1456/115 2924/1453/116
f 1501/1457/144 1498/1458/144 1497/1459/144
f 1502/1460/144 4423/1461/144 1498/1458/144
f 4538/1462/144 1502/1460/144 1501/1457/144
f 4537/1463/144 4422/1464/144 1502/1460/144
f 1498/1458/144 1499/1465/144 1497/1459/144
f 1503/1466/144 2560/1467/144 1499/1465/144
f 4423/1461/144 1503/1466/144 1498/1458/144
f 4424/1468/144 2559/1469/144 1503/1466/144
f 1499/1465/144 1500/1470/144 1497/1459/144
f 1504/1471/144 4381/1472/144 1500/1470/144
f 2560/1467/144 1504/1471/144 1499/1465/144
f 2561/1473/144 4382/1474/144 1504/1471/144
f 1500/1470/144 1501/1457/144 1497/1459/144
f 1505/1475/144 4538/1462/144 1501/1457/144
f 4381/1472/144 1505/1475/144 1500/1470/144
f 4380/1476/144 4539/1477/144 1505/1475/144
f 1519/1478/7 1516/1479/7 1515/1480/7
f 1520/1481/7 2974/1482/7 1516/1479/7
f 4544/1483/7 1520/1481/7 1519/1478/7
f 4545/1484/7 2973/1485/7 1520/1481/7
f 1516/1479/7 1517/1486/7 1515/1480/7
f 1521/1487/7 4532/1488/7 1517/1486/7
f 2974/1482/7 1521/1487/7 1516/1479/7
f 2975/1489/7 4533/1490/7 1521/1487/7
f 1517/1486/7 1518/1491/7 1515/1480/7
f 1522/1492/7 2968/1493/7 1518/1491/7
f 4532/1488/7 1522/1492/7 1517/1486/7
f 4531/1494/7 2969/1495/7 1522/1492/7
f 1518/1491/7 1519/1478/7 1515/1480/7
f 1523/1496/7 4544/1483/7 1519/1478/7
f 2968/1493/7 1523/1496/7 1518/1491/7
f 2967/1497/7 4543/1498/7 1523/1496/7
f 1528/1499/159 1525/1500/160 1524/1501/159
f 1529/1502/162 4478/1503/163 1525/1500/160
f 3016/1504/164 1529/1502/162 1528/1499/159
f 3015/1505/165 4477/1506/166 1529/1502/162
f 1525/1500/160 1526/1507/159 1524/1501/159
f 1530/1508/162 2890/1509/164 1526/1507/159
f 4478/1503/163 1530/1508/162 1525/1500/160
f 4479/1510/166 2889/1511/306 1530/1508/162
f 1524/1501/159 1531/1512/168 1527/1513/169
f 1527/1513/169 4400/1514/170 4399/1515/171
f 1526/1507/159 2891/1516/172 1531/1512/168
f 1531/1512/168 4219/1517/170 4400/1514/170
f 1524/1501/159 1532/1518/169 1528/1499/159
f 1528/1499/159 3017/1519/173 3016/1504/164
f 1527/1513/169 4398/1520/170 1532/1518/169
f 1532/1518/169 4395/1521/174 3017/1519/173
f 1537/1522/144 1534/1523/144 1533/1524/144
f 1538/1525/144 3007/1141/144 1534/1523/144
f 2905/1526/144 1538/1525/144 1537/1522/144
f 2906/1527/144 3006/1146/144 1538/1525/144
f 1534/1523/144 1535/1528/144 1533/1524/144
f 1539/1529/144 2524/1530/144 1535/1528/144
f 3007/1141/144 1539/1529/144 1534/1523/144
f 3008/1140/144 2525/1531/144 1539/1529/144
f 1535/1528/144 1536/1532/144 1533/1524/144
f 1540/1533/144 4475/1534/144 1536/1532/144
f 2524/1530/144 1540/1533/144 1535/1528/144
f 2523/1535/144 4476/1536/144 1540/1533/144
f 1536/1532/144 1537/1522/144 1533/1524/144
f 1541/1537/144 2905/1526/144 1537/1522/144
f 4475/1534/144 1541/1537/144 1536/1532/144
f 4474/1538/144 2904/1539/144 1541/1537/144
f 1546/1540/144 1543/1541/144 1542/1542/144
f 1547/1543/144 4448/1544/144 1543/1541/144
f 2887/1545/144 1547/1543/144 1546/1540/144
f 2886/1546/144 4447/1547/144 1547/1543/144
f 1543/1541/144 1544/1548/144 1542/1542/144
f 1548/1549/144 2569/1550/144 1544/1548/144
f 4448/1544/144 1548/1549/144 1543/1541/144
f 4449/1551/144 2568/1552/144 1548/1549/144
f 1544/1548/144 1545/1553/144 1542/1542/144
f 1549/1554/144 2998/1129/144 1545/1553/144
f 2569/1550/144 1549/1554/144 1544/1548/144
f 2570/1555/144 2999/1136/144 1549/1554/144
f 1545/1553/144 1546/1540/144 1542/1542/144
f 1550/1556/144 2887/1545/144 1546/1540/144
f 2998/1129/144 1550/1556/144 1545/1553/144
f 2997/1132/144 2888/1557/144 1550/1556/144
f 1555/1558/8 1552/1559/8 1551/1560/8
f 1556/1561/8 4547/1562/8 1552/1559/8
f 4481/1563/8 1556/1561/8 1555/1558/8
f 4480/1564/8 4546/1565/8 1556/1561/8
f 1551/1560/8 1557/1566/8 1553/1567/8
f 1553/1567/8 2910/1364/8 2911/1363/8
f 1552/1559/8 4548/1568/8 1557/1566/8
f 1557/1566/8 4291/1569/8 2910/1364/8
f 1551/1560/8 1558/1570/8 1554/1571/8
f 1554/1571/8 2907/1572/8 2908/1573/8
f 1553/1567/8 2912/1375/8 1558/1570/8
f 1558/1570/8 4315/1574/8 2907/1572/8
f 1554/1571/8 1555/1558/8 1551/1560/8
f 1559/1575/8 4481/1563/8 1555/1558/8
f 2908/1573/8 1559/1575/8 1554/1571/8
f 2909/1576/8 4482/1577/8 1559/1575/8
f 1564/1578/307 1561/1579/307 1560/1580/307
f 1565/1581/307 3001/1255/307 1561/1579/307
f 3049/1582/308 1565/1581/307 1564/1578/307
f 3048/1583/309 3000/1260/307 1565/1581/307
f 1561/1579/307 1562/1584/307 1560/1580/307
f 1566/1585/307 2497/1586/307 1562/1584/307
f 3001/1255/307 1566/1585/307 1561/1579/307
f 3002/1254/307 2496/1587/307 1566/1585/307
f 1560/1580/307 1567/1588/307 1563/1589/307
f 1563/1589/307 2933/948/307 2932/941/310
f 1562/1584/307 2498/1590/307 1567/1588/307
f 1567/1588/307 3334/1591/310 2933/948/307
f 1560/1580/307 1568/1592/307 1564/1578/307
f 1564/1578/307 3050/1593/309 3049/1582/308
f 1563/1589/307 2931/944/310 1568/1592/307
f 1568/1592/307 4362/1594/311 3050/1593/309
f 1573/1595/312 1570/1596/313 1569/1597/314
f 1574/1598/312 3070/1599/315 1570/1596/313
f 2995/1449/316 1574/1598/312 1573/1595/312
f 2996/1448/316 3071/1600/317 1574/1598/312
f 1569/1597/314 1575/1601/318 1571/1602/318
f 1571/1602/318 2660/1603/319 2659/1604/320
f 1570/1596/313 3069/1605/321 1575/1601/318
f 1575/1601/318 3337/1606/320 2660/1603/319
f 1569/1597/314 1576/1607/318 1572/1608/314
f 1572/1608/314 4491/1609/321 4490/1610/315
f 1571/1602/318 2658/1611/320 1576/1607/318
f 1576/1607/318 4040/1612/320 4491/1609/321
f 1572/1608/314 1573/1595/312 1569/1597/314
f 1577/1613/312 2995/1449/316 1573/1595/312
f 4490/1610/315 1577/1613/312 1572/1608/314
f 4489/1614/317 2994/1455/316 1577/1613/312
f 1582/1615/209 1579/1616/210 1578/1617/211
f 1583/1618/209 2977/1619/212 1579/1616/210
f 3004/1436/213 1583/1618/209 1582/1615/209
f 3003/1435/213 2976/1620/214 1583/1618/209
f 1578/1617/211 1584/1621/215 1580/1622/215
f 1580/1622/215 3108/1494/216 3109/1488/217
f 1579/1616/210 2978/1623/218 1584/1621/215
f 1584/1621/215 3427/1624/217 3108/1494/216
f 1578/1617/211 1585/1625/215 1581/1626/211
f 1581/1626/211 3068/1627/218 3067/1628/212
f 1580/1622/215 3110/1490/217 1585/1625/215
f 1585/1625/215 3425/1629/217 3068/1627/218
f 1581/1626/211 1582/1615/209 1578/1617/211
f 1586/1630/209 3004/1436/213 1582/1615/209
f 3067/1628/212 1586/1630/209 1581/1626/211
f 3066/1631/214 3005/1444/213 1586/1630/209
f 1591/1632/322 1588/1633/322 1587/1634/322
f 1592/1635/322 3094/1636/323 1588/1633/322
f 2665/1328/322 1592/1635/322 1591/1632/322
f 2664/1330/322 3093/1637/323 1592/1635/322
f 1587/1634/322 1593/1638/322 1589/1639/322
f 1589/1639/322 2979/1290/254 2980/1283/254
f 1588/1633/322 3095/1640/323 1593/1638/322
f 1593/1638/322 3424/1641/324 2979/1290/254
f 1587/1634/322 1594/1642/322 1590/1643/322
f 1590/1643/322 2900/1644/325 2899/1645/325
f 1589/1639/322 2981/1286/254 1594/1642/322
f 1594/1642/322 3364/1646/326 2900/1644/325
f 1590/1643/322 1591/1632/322 1587/1634/322
f 1595/1647/322 2665/1328/322 1591/1632/322
f 2899/1645/325 1595/1647/322 1590/1643/322
f 2898/1648/325 2666/1334/322 1595/1647/322
f 1596/1649/144 1601/1650/195 1597/1651/144
f 1597/1651/144 2897/1652/196 2896/1653/144
f 1600/1654/197 3102/1223/198 1601/1650/195
f 1601/1650/195 3341/1655/199 2897/1652/196
f 1596/1649/144 1602/1656/201 1598/1657/201
f 1598/1657/201 4462/1658/202 4463/1659/327
f 1597/1651/144 2895/1660/204 1602/1656/201
f 1602/1656/201 4013/1661/205 4462/1658/202
f 1596/1649/144 1603/1662/200 1599/1663/144
f 1599/1663/144 2550/1664/206 2551/1665/144
f 1598/1657/201 4464/1666/203 1603/1662/200
f 1603/1662/200 3900/1667/202 2550/1664/206
f 1596/1649/144 1604/1668/195 1600/1654/197
f 1600/1654/197 3104/1227/328 3103/1220/207
f 1599/1663/144 2552/1669/208 1604/1668/195
f 1604/1668/195 3414/1670/198 3104/1227/328
f 1609/1671/329 1606/1672/330 1605/1673/330
f 1610/1674/331 2563/1675/332 1606/1672/330
f 2641/855/316 1610/1674/331 1609/1671/329
f 2642/854/316 2564/1676/333 1610/1674/331
f 1605/1673/330 1611/1677/334 1607/1678/335
f 1607/1678/335 3113/1429/336 3112/1422/336
f 1606/1672/330 2562/1679/337 1611/1677/334
f 1611/1677/334 3360/1680/336 3113/1429/336
f 1605/1673/330 1612/1681/338 1608/1682/339
f 1608/1682/339 4488/1683/340 4487/1684/341
f 1607/1678/335 3111/1424/336 1612/1681/338
f 1612/1681/338 4359/1685/336 4488/1683/340
f 1608/1682/339 1609/1671/329 1605/1673/330
f 1613/1686/342 2641/855/316 1609/1671/329
f 4487/1684/341 1613/1686/342 1608/1682/339
f 4486/1687/343 2640/861/316 1613/1686/342
f 1618/1688/177 1615/1689/177 1614/1690/177
f 1619/1691/177 3040/1342/177 1615/1689/177
f 2503/1692/177 1619/1691/177 1618/1688/177
f 2504/1693/177 3041/1349/177 1619/1691/177
f 1615/1689/177 1616/1694/177 1614/1690/177
f 1620/1695/177 4320/1696/177 1616/1694/177
f 3040/1342/177 1620/1695/177 1615/1689/177
f 3039/1345/177 4321/1697/177 1620/1695/177
f 1616/1694/177 1617/1698/177 1614/1690/177
f 1621/1699/177 4523/1700/177 1617/1698/177
f 4320/1696/177 1621/1699/177 1616/1694/177
f 4319/1701/177 4522/1702/177 1621/1699/177
f 1617/1698/177 1618/1688/177 1614/1690/177
f 1622/1703/177 2503/1692/177 1618/1688/177
f 4523/1700/177 1622/1703/177 1617/1698/177
f 4524/1704/177 2502/1705/177 1622/1703/177
f 1627/1706/344 1624/1707/344 1623/1708/344
f 1628/1709/344 3049/1710/308 1624/1707/344
f 4541/1711/344 1628/1709/344 1627/1706/344
f 4542/1712/344 3048/1713/309 1628/1709/344
f 1623/1708/344 1629/1714/344 1625/1715/344
f 1625/1715/344 3125/1484/344 3124/1483/344
f 1624/1707/344 3050/1716/309 1629/1714/344
f 1629/1714/344 4362/1717/311 3125/1484/344
f 1623/1708/344 1630/1718/344 1626/1719/344
f 1626/1719/344 2921/1720/344 2920/1721/345
f 1625/1715/344 3123/1498/344 1630/1718/344
f 1630/1718/344 3432/1722/344 2921/1720/344
f 1626/1719/344 1627/1706/344 1623/1708/344
f 1631/1723/344 4541/1711/344 1627/1706/344
f 2920/1721/345 1631/1723/344 1626/1719/344
f 2919/1724/344 4540/1725/344 1631/1723/344
f 1636/1726/8 1633/1727/8 1632/1728/8
f 1637/1729/8 2944/1472/8 1633/1727/8
f 3127/1730/8 1637/1729/8 1636/1726/8
f 3126/1731/8 2943/1476/8 1637/1729/8
f 1633/1727/8 1634/1732/8 1632/1728/8
f 1638/1733/8 2566/1734/8 1634/1732/8
f 2944/1472/8 1638/1733/8 1633/1727/8
f 2945/1474/8 2565/1735/8 1638/1733/8
f 1632/1728/8 1639/1736/8 1635/1737/8
f 1635/1737/8 3014/1551/8 3013/1544/8
f 1634/1732/8 2567/1738/8 1639/1736/8
f 1639/1736/8 3361/1739/8 3014/1551/8
f 1632/1728/8 1640/1740/8 1636/1726/8
f 1636/1726/8 3128/1741/8 3127/1730/8
f 1635/1737/8 3012/1547/8 1640/1740/8
f 1640/1740/8 3357/1742/8 3128/1741/8
f 1645/1743/20 1642/1744/20 1641/1745/20
f 1646/1746/20 3115/1747/20 1642/1744/20
f 4505/1748/20 1646/1746/20 1645/1743/20
f 4506/1749/20 3114/1750/20 1646/1746/20
f 1641/1745/20 1647/1751/20 1643/1752/20
f 1643/1752/20 3122/1712/20 3121/1711/20
f 1642/1744/20 3116/1753/20 1647/1751/20
f 1647/1751/20 4434/1754/20 3122/1712/20
f 1641/1745/20 1648/1755/20 1644/1756/20
f 1644/1756/20 2927/1757/20 2926/1758/20
f 1643/1752/20 3120/1725/20 1648/1755/20
f 1648/1755/20 3431/1759/20 2927/1757/20
f 1644/1756/20 1645/1743/20 1641/1745/20
f 1649/1760/20 4505/1748/20 1645/1743/20
f 2926/1758/20 1649/1760/20 1644/1756/20
f 2925/1761/20 4504/1762/20 1649/1760/20
f 1650/1763/346 1655/1764/346 1651/1765/346
f 1651/1765/346 3018/1766/347 3019/1767/347
f 1654/1768/346 2900/1769/325 1655/1764/346
f 1655/1764/346 3364/1770/326 3018/1766/347
f 1650/1763/346 1656/1771/346 1652/1772/346
f 1652/1772/346 2537/1773/39 2536/1774/39
f 1651/1765/346 3020/1775/347 1656/1771/346
f 1656/1771/346 3347/1776/40 2537/1773/39
f 1652/1772/346 1653/1777/346 1650/1763/346
f 1657/1778/346 3037/1408/346 1653/1777/346
f 2536/1774/39 1657/1778/346 1652/1772/346
f 2535/1779/39 3038/1412/346 1657/1778/346
f 1653/1777/346 1654/1768/346 1650/1763/346
f 1658/1780/346 2899/1781/325 1654/1768/346
f 3037/1408/346 1658/1780/346 1653/1777/346
f 3036/1410/348 2898/1782/325 1658/1780/346
f 1663/1783/23 1660/1784/23 1659/1785/23
f 1664/1786/23 3118/1787/23 1660/1784/23
f 4328/1788/23 1664/1786/23 1663/1783/23
f 4327/1789/23 3117/1790/23 1664/1786/23
f 1660/1784/23 1661/1791/23 1659/1785/23
f 1665/1792/23 3052/1563/23 1661/1791/23
f 3118/1787/23 1665/1792/23 1660/1784/23
f 3119/1793/23 3051/1564/23 1665/1792/23
f 1661/1791/23 1662/1794/23 1659/1785/23
f 1666/1795/23 2914/1796/23 1662/1794/23
f 3052/1563/23 1666/1795/23 1661/1791/23
f 3053/1577/23 2913/1797/23 1666/1795/23
f 1659/1785/23 1667/1798/23 1663/1783/23
f 1667/1798/23 4328/1788/23 1663/1783/23
f 2914/1796/23 1667/1798/23 1662/1794/23
f 2915/1799/23 4329/1800/23 1667/1798/23
f 1672/1801/20 1669/1802/20 1668/1803/20
f 1673/1804/20 3055/1805/20 1669/1802/20
f 2917/1788/20 1673/1804/20 1672/1801/20
f 2918/1800/20 3056/1806/20 1673/1804/20
f 1668/1803/20 1674/1807/20 1670/1808/20
f 1670/1808/20 3080/1749/20 3079/1748/20
f 1669/1802/20 3054/1809/20 1674/1807/20
f 1674/1807/20 3423/1810/20 3080/1749/20
f 1668/1803/20 1675/1811/20 1671/1812/20
f 1671/1812/20 4549/1813/20 4550/1814/20
f 1670/1808/20 3078/1762/20 1675/1811/20
f 1675/1811/20 4350/1815/20 4549/1813/20
f 1671/1812/20 1672/1801/20 1668/1803/20
f 1676/1816/20 2917/1788/20 1672/1801/20
f 4550/1814/20 1676/1816/20 1671/1812/20
f 4551/1817/20 2916/1789/20 1676/1816/20
f 1681/1818/349 1678/1819/350 1677/1820/350
f 1682/1821/349 2902/1822/255 1678/1819/350
f 3019/1767/347 1682/1821/349 1681/1818/349
f 3018/1766/347 2901/1823/256 1682/1821/349
f 1677/1820/350 1683/1824/351 1679/1825/351
f 1679/1825/351 2991/1313/352 2992/1306/352
f 1678/1819/350 2903/1826/259 1683/1824/351
f 1683/1824/351 4301/1827/260 2991/1313/352
f 1677/1820/350 1684/1828/351 1680/1829/350
f 1680/1829/350 2531/1830/31 2530/1831/26
f 1679/1825/351 2993/1309/352 1684/1828/351
f 1684/1828/351 3873/1832/32 2531/1830/31
f 1680/1829/350 1681/1818/349 1677/1820/350
f 1685/1833/349 3019/1767/347 1681/1818/349
f 2530/1831/26 1685/1833/349 1680/1829/350
f 2529/1834/28 3020/1775/347 1685/1833/349
f 1690/1835/20 1687/1836/20 1686/1837/20
f 1691/1838/20 2989/1461/20 1687/1836/20
f 2638/1839/20 1691/1838/20 1690/1835/20
f 2639/1840/20 2990/1468/20 1691/1838/20
f 1687/1836/20 1688/1841/20 1686/1837/20
f 1692/1842/20 3130/1843/20 1688/1841/20
f 2989/1461/20 1692/1842/20 1687/1836/20
f 2988/1464/20 3131/1844/20 1692/1842/20
f 1686/1837/20 1693/1845/20 1689/1846/20
f 1689/1846/20 2952/1116/20 2953/1109/20
f 1688/1841/20 3129/1847/20 1693/1845/20
f 1693/1845/20 3437/1848/20 2952/1116/20
f 1686/1837/20 1694/1849/20 1690/1835/20
f 1690/1835/20 2637/1850/20 2638/1839/20
f 1689/1846/20 2954/1112/20 1694/1849/20
f 1694/1849/20 3350/1851/20 2637/1850/20
f 1699/1852/8 1696/1853/8 1695/1854/8
f 1700/1855/8 3100/1700/8 1696/1853/8
f 2509/1856/8 1700/1855/8 1699/1852/8
f 2510/1857/8 3101/1704/8 1700/1855/8
f 1696/1853/8 1697/1858/8 1695/1854/8
f 1701/1859/8 2908/1860/8 1697/1858/8
f 3100/1700/8 1701/1859/8 1696/1853/8
f 3099/1702/8 2909/1861/8 1701/1859/8
f 1695/1854/8 1702/1862/8 1698/1863/8
f 1698/1863/8 4456/1864/8 4457/1865/8
f 1697/1858/8 2907/1866/8 1702/1862/8
f 1702/1862/8 4315/1867/8 4456/1864/8
f 1695/1854/8 1703/1868/8 1699/1852/8
f 1699/1852/8 2508/1869/8 2509/1856/8
f 1698/1863/8 4458/1870/8 1703/1868/8
f 1703/1868/8 3839/1871/8 2508/1869/8
f 1708/1872/177 1705/1873/177 1704/1874/177
f 1709/1875/177 3025/1865/177 1705/1873/177
f 2515/1876/177 1709/1875/177 1708/1872/177
f 2516/1877/177 3026/1870/177 1709/1875/177
f 1705/1873/177 1706/1878/177 1704/1874/177
f 1710/1879/177 3091/1880/177 1706/1878/177
f 3025/1865/177 1710/1879/177 1705/1873/177
f 3024/1864/177 3092/1881/177 1710/1879/177
f 1706/1878/177 1707/1882/177 1704/1874/177
f 1711/1883/177 2941/1029/177 1707/1882/177
f 3091/1880/177 1711/1883/177 1706/1878/177
f 3090/1884/177 2940/1036/177 1711/1883/177
f 1707/1882/177 1708/1872/177 1704/1874/177
f 1712/1885/177 2515/1876/177 1708/1872/177
f 2941/1029/177 1712/1885/177 1707/1882/177
f 2942/1032/177 2514/1886/177 1712/1885/177
f 1713/1887/353 1718/1888/353 1714/1889/353
f 1714/1889/353 2645/1091/188 2644/1090/188
f 1717/1890/353 2534/1891/38 1718/1888/353
f 1718/1888/353 3346/1892/41 2645/1091/188
f 1713/1887/353 1719/1893/353 1715/1894/353
f 1715/1894/353 3095/1895/323 3094/1896/323
f 1714/1889/353 2643/1104/188 1719/1893/353
f 1719/1893/353 3424/1897/324 3095/1895/323
f 1715/1894/353 1716/1898/353 1713/1887/353
f 1720/1899/353 3043/1534/353 1716/1898/353
f 3094/1896/323 1720/1899/353 1715/1894/353
f 3093/1900/323 3042/1538/353 1720/1899/353
f 1716/1898/353 1717/1890/353 1713/1887/353
f 1721/1901/353 2533/1902/38 1717/1890/353
f 3043/1534/353 1721/1901/353 1716/1898/353
f 3044/1536/353 2532/1903/38 1721/1901/353
f 1722/1904/177 1727/1905/178 1723/1906/177
f 1723/1906/177 2843/1907/179 2842/1908/177
f 1726/1909/178 4467/1910/354 1727/1905/178
f 1727/1905/178 4243/1911/180 2843/1907/179
f 1722/1904/177 1728/1912/182 1724/1913/182
f 1724/1913/182 3047/1510/183 3046/1503/183
f 1723/1906/177 2841/1914/355 1728/1912/182
f 1728/1912/182 3422/1915/356 3047/1510/183
f 1722/1904/177 1729/1916/182 1725/1917/177
f 1725/1917/177 2652/1918/184 2653/1919/177
f 1724/1913/182 3045/1506/183 1729/1916/182
f 1729/1916/182 3332/1920/183 2652/1918/184
f 1722/1904/177 1730/1921/178 1726/1909/178
f 1726/1909/178 4465/1922/180 4466/1923/180
f 1725/1917/177 2654/1924/179 1730/1921/178
f 1730/1921/178 4021/1925/180 4465/1922/180
f 1744/1926/357 1741/1927/358 1740/1928/359
f 1745/1929/358 3034/1923/360 1741/1927/358
f 2872/1930/361 1745/1929/358 1744/1926/357
f 2871/1931/362 3035/1910/363 1745/1929/358
f 1741/1927/358 1742/1932/357 1740/1928/359
f 1746/1933/358 3061/1934/364 1742/1932/357
f 3034/1923/360 1746/1933/358 1741/1927/358
f 3033/1922/363 3060/1935/362 1746/1933/358
f 1740/1928/359 1747/1936/365 1743/1937/366
f 1743/1937/366 2949/978/367 2950/973/367
f 1742/1932/357 3062/1938/368 1747/1936/365
f 1747/1936/365 3436/1939/369 2949/978/367
f 1740/1928/359 1748/1940/370 1744/1926/357
f 1744/1926/357 2873/1941/371 2872/1930/361
f 1743/1937/366 2951/975/369 1748/1940/370
f 1748/1940/370 3367/1942/367 2873/1941/371
f 1753/1943/372 1750/1944/373 1749/1945/374
f 1754/1946/375 2962/1082/360 1750/1944/373
f 2878/1947/376 1754/1946/375 1753/1943/372
f 2877/1948/377 2963/1069/363 1754/1946/375
f 1750/1944/373 1751/1949/374 1749/1945/374
f 1755/1950/375 3064/1951/376 1751/1949/374
f 2962/1082/360 1755/1950/375 1750/1944/373
f 2961/1081/363 3063/1952/377 1755/1950/375
f 1749/1945/374 1756/1953/378 1752/1954/378
f 1752/1954/378 3027/1955/379 3028/1956/380
f 1751/1949/374 3065/1957/381 1756/1953/378
f 1756/1953/378 3338/1958/382 3027/1955/379
f 1749/1945/374 1757/1959/378 1753/1943/372
f 1753/1943/372 2879/1960/381 2878/1947/376
f 1752/1954/378 3029/1961/379 1757/1959/378
f 1757/1959/378 3417/1962/379 2879/1960/381
f 1762/1963/242 1759/1964/383 1758/1965/235
f 1763/1966/237 3031/1659/238 1759/1964/383
f 2884/1967/239 1763/1966/237 1762/1963/242
f 2885/1968/240 3032/1666/384 1763/1966/237
f 1759/1964/383 1760/1969/235 1758/1965/235
f 1764/1970/237 3022/1971/243 1760/1969/235
f 3031/1659/238 1764/1970/237 1759/1964/383
f 3030/1658/238 3023/1972/244 1764/1970/237
f 1758/1965/235 1765/1973/246 1761/1974/246
f 1761/1974/246 2838/1975/247 2839/1976/251
f 1760/1969/235 3021/1977/249 1765/1973/246
f 1765/1973/246 4228/1978/250 2838/1975/247
f 1758/1965/235 1766/1979/245 1762/1963/242
f 1762/1963/242 2883/1980/249 2884/1967/239
f 1761/1974/246 2840/1981/251 1766/1979/245
f 1766/1979/245 3420/1982/251 2883/1980/249
f 1771/1983/20 1768/1984/20 1767/1985/20
f 1772/1986/20 3196/1987/20 1768/1984/20
f 4572/1988/20 1772/1986/20 1771/1983/20
f 4571/1989/20 3197/1990/20 1772/1986/20
f 1768/1984/20 1769/1991/20 1767/1985/20
f 1773/1992/20 4559/1993/20 1769/1991/20
f 3196/1987/20 1773/1992/20 1768/1984/20
f 3195/1994/20 4558/1995/20 1773/1992/20
f 1767/1985/20 1774/1996/20 1770/1997/20
f 1770/1997/20 4562/1998/20 4563/1999/20
f 1769/1991/20 4560/2000/20 1774/1996/20
f 1774/1996/20 4561/2001/20 4562/1998/20
f 1767/1985/20 1775/2002/20 1771/1983/20
f 1771/1983/20 4573/2003/20 4572/1988/20
f 1770/1997/20 4564/2004/20 1775/2002/20
f 1775/2002/20 4565/2005/20 4573/2003/20
f 1776/2006/385 1781/2007/386 1777/2008/387
f 1777/2008/387 3135/2009/388 3136/2010/389
f 1780/2011/390 3201/2012/391 1781/2007/386
f 1781/2007/386 3452/2013/392 3135/2009/388
f 1777/2008/387 1778/2014/393 1776/2006/385
f 1782/2015/394 3157/2016/395 1778/2014/393
f 3136/2010/389 1782/2015/394 1777/2008/387
f 3137/2017/396 3156/2018/397 1782/2015/394
f 1776/2006/385 1783/2019/398 1779/2020/399
f 1779/2020/399 3149/2000/400 3148/1993/401
f 1778/2014/393 3158/2021/402 1783/2019/398
f 1783/2019/398 3445/2001/403 3149/2000/400
f 1779/2020/399 1780/2011/390 1776/2006/385
f 1784/2022/404 3202/2023/391 1780/2011/390
f 3148/1993/401 1784/2022/404 1779/2020/399
f 3147/1995/405 3203/2024/391 1784/2022/404
f 1789/2025/406 1786/2026/407 1785/2027/408
f 1790/2028/409 3139/2029/410 1786/2026/407
f 3157/2030/395 1790/2028/409 1789/2025/406
f 3156/2031/397 3138/2032/411 1790/2028/409
f 1786/2026/407 1787/2033/412 1785/2027/408
f 1791/2034/413 3163/2035/414 1787/2033/412
f 3139/2029/410 1791/2034/413 1786/2026/407
f 3140/2036/415 3162/2037/416 1791/2034/413
f 1785/2027/408 1792/2038/412 1788/2039/417
f 1788/2039/417 3152/2004/418 3151/1999/417
f 1787/2033/412 3164/2040/419 1792/2038/412
f 1792/2038/412 3446/2005/420 3152/2004/418
f 1785/2027/408 1793/2041/409 1789/2025/406
f 1789/2025/406 3158/2042/402 3157/2030/395
f 1788/2039/417 3150/1998/421 1793/2041/409
f 1793/2041/409 3445/2001/403 3158/2042/402
f 1798/2043/422 1795/2044/423 1794/2045/424
f 1799/2046/422 3142/2047/425 1795/2044/423
f 3166/2048/426 1799/2046/422 1798/2043/422
f 3167/2049/426 3143/2050/427 1799/2046/422
f 1795/2044/423 1796/2051/428 1794/2045/424
f 1800/2052/429 3160/2053/430 1796/2051/428
f 3142/2047/425 1800/2052/429 1795/2044/423
f 3141/2054/431 3161/2055/432 1800/2052/429
f 1794/2045/424 1801/2056/428 1797/2057/433
f 1797/2057/433 4567/2058/434 4568/2059/435
f 1796/2051/428 3159/2060/430 1801/2056/428
f 1801/2056/428 4566/2061/436 4567/2058/434
f 1794/2045/424 1802/2062/422 1798/2043/422
f 1798/2043/422 3165/2063/437 3166/2048/426
f 1797/2057/433 4569/2064/438 1802/2062/422
f 1802/2062/422 4556/2065/439 3165/2063/437
f 1803/2066/440 1808/2067/441 1804/2068/442
f 1804/2068/442 3132/2069/443 3133/2070/444
f 1807/2071/445 3207/2072/446 1808/2067/441
f 1808/2067/441 3450/2073/447 3132/2069/443
f 1804/2068/442 1805/2074/448 1803/2066/440
f 1809/2075/449 3166/2076/426 1805/2074/448
f 3133/2070/444 1809/2075/449 1804/2068/442
f 3134/2077/450 3167/2078/426 1809/2075/449
f 1803/2066/440 1810/2079/451 1806/2080/442
f 1806/2080/442 4555/2081/452 4554/2082/453
f 1805/2074/448 3165/2083/437 1810/2079/451
f 1810/2079/451 4556/2065/439 4555/2081/452
f 1806/2080/442 1807/2071/445 1803/2066/440
f 1811/2084/454 3208/2085/446 1807/2071/445
f 4554/2082/453 1811/2084/454 1806/2080/442
f 4553/2086/455 3209/2087/446 1811/2084/454
f 1812/2088/20 1817/2089/20 1813/2090/20
f 1813/2090/20 3155/2064/20 3154/2059/20
f 1816/2091/20 3146/2081/20 1817/2089/20
f 1817/2089/20 3447/2065/20 3155/2064/20
f 1812/2088/20 1818/2092/20 1814/2093/20
f 1814/2093/20 4580/2094/20 4579/2095/20
f 1813/2090/20 3153/2058/20 1818/2092/20
f 1818/2092/20 3448/2061/20 4580/2094/20
f 1814/2093/20 1815/2096/20 1812/2088/20
f 1819/2097/20 3193/2098/20 1815/2096/20
f 4579/2095/20 1819/2097/20 1814/2093/20
f 4578/2099/20 3192/2100/20 1819/2097/20
f 1815/2096/20 1816/2091/20 1812/2088/20
f 1820/2101/20 3145/2082/20 1816/2091/20
f 3193/2098/20 1820/2101/20 1815/2096/20
f 3194/2102/20 3144/2086/20 1820/2101/20
f 1821/2103/20 1826/2104/20 1822/2105/20
f 1822/2105/20 3194/2102/20 3193/2098/20
f 1825/2106/20 4574/2107/20 1826/2104/20
f 1826/2104/20 3454/2108/20 3194/2102/20
f 1821/2103/20 1827/2109/20 1823/2110/20
f 1823/2110/20 4583/2111/20 4582/2112/20
f 1822/2105/20 3192/2100/20 1827/2109/20
f 1827/2109/20 4577/2113/20 4583/2111/20
f 1821/2103/20 1828/2114/20 1824/2115/20
f 1824/2115/20 3195/1994/20 3196/1987/20
f 1823/2110/20 4581/2116/20 1828/2114/20
f 1828/2114/20 4557/2117/20 3195/1994/20
f 1821/2103/20 1829/2118/20 1825/2106/20
f 1825/2106/20 4576/2119/20 4575/2120/20
f 1824/2115/20 3197/1990/20 1829/2118/20
f 1829/2118/20 4570/2121/20 4576/2119/20
f 1834/2122/456 1831/2123/457 1830/2124/458
f 1835/2125/459 3175/2126/460 1831/2123/457
f 3160/2127/430 1835/2125/459 1834/2122/456
f 3161/2128/432 3176/2129/461 1835/2125/459
f 1830/2124/458 1836/2130/462 1832/2131/463
f 1832/2131/463 3198/2132/464 3199/2133/464
f 1831/2123/457 3174/2134/465 1836/2130/462
f 1836/2130/462 3451/2135/466 3198/2132/464
f 1832/2131/463 1833/2136/457 1830/2124/458
f 1837/2137/467 3187/2095/468 1833/2136/457
f 3199/2133/464 1837/2137/467 1832/2131/463
f 3200/2138/464 3186/2099/469 1837/2137/467
f 1830/2124/458 1838/2139/470 1834/2122/456
f 1834/2122/456 3159/2140/430 3160/2127/430
f 1833/2136/457 3188/2094/471 1838/2139/470
f 1838/2139/470 4566/2061/436 3159/2140/430
f 1843/2141/472 1840/2142/473 1839/2143/473
f 1844/2144/474 3178/2145/475 1840/2142/473
f 3199/2133/464 1844/2144/474 1843/2141/472
f 3198/2132/464 3179/2146/476 1844/2144/474
f 1840/2142/473 1841/2147/477 1839/2143/473
f 1845/2148/477 3202/2023/391 1841/2147/477
f 3178/2145/475 1845/2148/477 1840/2142/473
f 3177/2149/478 3201/2012/391 1845/2148/477
f 1839/2143/473 1846/2150/479 1842/2151/475
f 1842/2151/475 3189/2116/480 3190/2112/475
f 1841/2147/477 3203/2024/391 1846/2150/479
f 1846/2150/479 3456/2117/481 3189/2116/480
f 1839/2143/473 1847/2152/472 1843/2141/472
f 1843/2141/472 3200/2138/464 3199/2133/464
f 1842/2151/475 3191/2111/482 1847/2152/472
f 1847/2152/472 3455/2113/483 3200/2138/464
f 1852/2153/484 1849/2154/485 1848/2155/486
f 1853/2156/487 3169/2157/488 1849/2154/485
f 3163/2158/414 1853/2156/487 1852/2153/484
f 3162/2159/416 3170/2160/489 1853/2156/487
f 1848/2155/486 1854/2161/490 1850/2162/491
f 1850/2162/491 3204/2163/492 3205/2164/493
f 1849/2154/485 3168/2165/494 1854/2161/490
f 1854/2161/490 3449/2166/495 3204/2163/492
f 1850/2162/491 1851/2167/496 1848/2155/486
f 1855/2168/497 3181/1988/498 1851/2167/496
f 3205/2164/493 1855/2168/497 1850/2162/491
f 3206/2169/499 3180/1989/500 1855/2168/497
f 1848/2155/486 1856/2170/501 1852/2153/484
f 1852/2153/484 3164/2171/419 3163/2158/414
f 1851/2167/496 3182/2003/502 1856/2170/501
f 1856/2170/501 3446/2005/420 3164/2171/419
f 1861/2172/503 1858/2173/504 1857/2174/505
f 1862/2175/503 3172/2176/506 1858/2173/504
f 3205/2164/493 1862/2175/503 1861/2172/503
f 3204/2163/492 3173/2177/507 1862/2175/503
f 1858/2173/504 1859/2178/508 1857/2174/505
f 1863/2179/508 3208/2085/446 1859/2178/508
f 3172/2176/506 1863/2179/508 1858/2173/504
f 3171/2180/509 3207/2072/446 1863/2179/508
f 1857/2174/505 1864/2181/510 1860/2182/506
f 1860/2182/506 3183/2107/511 3184/2120/506
f 1859/2178/508 3209/2087/446 1864/2181/510
f 1864/2181/510 4552/2108/512 3183/2107/511
f 1857/2174/505 1865/2183/513 1861/2172/503
f 1861/2172/503 3206/2169/499 3205/2164/493
f 1860/2182/506 3185/2119/514 1865/2183/513
f 1865/2183/513 3453/2121/515 3206/2169/499
f 37/2184/516 34/2185/517 33/2186/518
f 34/2185/517 3663/2187/519 3662/2188/520
f 2098/2189/521 38/2190/522 37/2184/516
f 38/2190/522 3664/2191/523 3663/2187/519
f 33/2186/518 39/2192/524 35/2193/525
f 35/2193/525 1926/2194/526 1927/2195/527
f 3662/2188/520 39/2192/524 34/2185/517
f 39/2192/524 3660/2196/528 1926/2194/526
f 33/2186/518 40/2197/529 36/2198/530
f 40/2197/529 3516/2199/531 36/2198/530
f 35/2193/525 1928/2200/532 40/2197/529
f 1928/2200/532 3517/2201/533 40/2197/529
f 36/2198/530 37/2184/516 33/2186/518
f 41/2202/534 2098/2189/521 37/2184/516
f 3516/2199/531 41/2202/534 36/2198/530
f 3515/2203/535 2099/2204/536 41/2202/534
f 42/2205/537 47/2206/538 43/2207/539
f 47/2206/538 3667/2208/540 43/2207/539
f 2104/2209/541 47/2206/538 46/2210/542
f 2103/2211/543 3668/2212/544 47/2206/538
f 43/2207/539 44/2213/545 42/2205/537
f 44/2213/545 1932/2214/546 1933/2215/547
f 3667/2208/540 48/2216/548 43/2207/539
f 3666/2217/549 1932/2214/546 48/2216/548
f 44/2213/545 45/2218/550 42/2205/537
f 49/2219/551 3491/2220/552 45/2218/550
f 1933/2215/547 49/2219/551 44/2213/545
f 1934/2221/553 3492/2222/554 49/2219/551
f 45/2218/550 46/2210/542 42/2205/537
f 50/2223/555 2104/2209/541 46/2210/542
f 3491/2220/552 50/2223/555 45/2218/550
f 3490/2224/556 2105/2225/557 50/2223/555
f 51/2226/558 56/2227/559 52/2228/560
f 52/2228/560 3672/2229/561 3671/2230/562
f 55/2231/563 2106/2232/564 56/2227/559
f 2106/2232/564 3672/2229/561 56/2227/559
f 51/2226/558 57/2233/565 53/2234/566
f 53/2234/566 2097/2235/567 2098/2189/521
f 3671/2230/562 57/2233/565 52/2228/560
f 57/2233/565 3664/2191/523 2097/2235/567
f 53/2234/566 54/2236/568 51/2226/558
f 58/2237/569 3519/2238/570 54/2236/568
f 2098/2189/521 58/2237/569 53/2234/566
f 2099/2204/536 3520/2239/571 58/2237/569
f 51/2226/558 59/2240/572 55/2231/563
f 59/2240/572 2107/2241/573 55/2231/563
f 3519/2238/570 59/2240/572 54/2236/568
f 3518/2242/574 2108/2243/575 59/2240/572
f 60/2244/576 65/2245/577 61/2246/578
f 65/2245/577 3676/2247/579 61/2246/578
f 64/2248/580 1932/2214/546 65/2245/577
f 65/2245/577 3665/2249/581 3677/2250/582
f 61/2246/578 62/2251/583 60/2244/576
f 62/2251/583 1941/2252/584 1942/2253/585
f 61/2246/578 3675/2254/586 66/2255/587
f 3675/2254/586 1941/2252/584 66/2255/587
f 62/2251/583 63/2256/588 60/2244/576
f 67/2257/589 3495/2258/590 63/2256/588
f 1942/2253/585 67/2257/589 62/2251/583
f 1943/2259/591 3496/2260/592 67/2257/589
f 60/2244/576 68/2261/593 64/2248/580
f 64/2248/580 1934/2221/553 1933/2215/547
f 3495/2258/590 68/2261/593 63/2256/588
f 3494/2262/594 1934/2221/553 68/2261/593
f 69/2263/595 74/2264/596 70/2265/597
f 70/2265/597 3681/2266/598 3680/2267/599
f 1942/2253/585 74/2264/596 73/2268/600
f 74/2264/596 3674/2269/601 3681/2266/598
f 69/2263/595 75/2270/602 71/2271/603
f 75/2270/602 1945/2272/604 71/2271/603
f 70/2265/597 3679/2273/605 75/2270/602
f 75/2270/602 3678/2274/606 1944/2275/607
f 71/2271/603 72/2276/608 69/2263/595
f 76/2277/609 3499/2278/610 72/2276/608
f 1945/2272/604 76/2277/609 71/2271/603
f 1946/2279/611 3500/2280/612 76/2277/609
f 69/2263/595 77/2281/613 73/2268/600
f 73/2268/600 1943/2259/591 1942/2253/585
f 3499/2278/610 77/2281/613 72/2276/608
f 3498/2282/614 1943/2259/591 77/2281/613
f 78/2283/615 83/2284/616 79/2285/617
f 83/2284/616 3684/2286/618 79/2285/617
f 82/2287/619 1944/2275/607 83/2284/616
f 1944/2275/607 3685/2288/620 83/2284/616
f 79/2285/617 80/2289/621 78/2283/615
f 84/2290/622 1948/2291/623 80/2289/621
f 79/2285/617 3683/2292/624 84/2290/622
f 84/2290/622 3682/2293/625 1947/2294/626
f 80/2289/621 81/2295/627 78/2283/615
f 85/2296/628 3503/2297/629 81/2295/627
f 1948/2291/623 85/2296/628 80/2289/621
f 1949/2298/630 3504/2299/631 85/2296/628
f 78/2283/615 86/2300/632 82/2287/619
f 82/2287/619 1946/2279/611 1945/2272/604
f 3503/2297/629 86/2300/632 81/2295/627
f 3502/2301/633 1946/2279/611 86/2300/632
f 87/2302/634 92/2303/635 88/2304/636
f 92/2303/635 3687/2305/637 88/2304/636
f 91/2306/638 1947/2294/626 92/2303/635
f 1947/2294/626 3688/2307/639 92/2303/635
f 87/2302/634 93/2308/640 89/2309/641
f 89/2309/641 2106/2232/564 2107/2241/573
f 3687/2305/637 93/2308/640 88/2304/636
f 3686/2310/642 2106/2232/564 93/2308/640
f 87/2302/634 94/2311/643 90/2312/644
f 94/2311/643 3507/2313/645 90/2312/644
f 89/2309/641 2108/2243/575 94/2311/643
f 2108/2243/575 3508/2314/646 94/2311/643
f 90/2312/644 91/2306/638 87/2302/634
f 95/2315/647 1948/2291/623 91/2306/638
f 3507/2313/645 95/2315/647 90/2312/644
f 3506/2316/648 1949/2298/630 95/2315/647
f 100/2317/649 97/2318/650 96/2319/651
f 97/2318/650 3692/2320/652 3691/2321/653
f 100/2317/649 2121/2322/654 101/2323/655
f 101/2323/655 3693/2324/656 3692/2320/652
f 96/2319/651 102/2325/657 98/2326/658
f 102/2325/657 1951/2327/659 98/2326/658
f 3691/2321/653 102/2325/657 97/2318/650
f 102/2325/657 3689/2328/660 1950/2329/661
f 96/2319/651 103/2330/662 99/2331/663
f 103/2330/662 3483/2332/664 99/2331/663
f 1951/2327/659 103/2330/662 98/2326/658
f 1952/2333/665 3484/2334/666 103/2330/662
f 99/2331/663 100/2317/649 96/2319/651
f 104/2335/667 2122/2336/668 100/2317/649
f 3483/2332/664 104/2335/667 99/2331/663
f 3482/2337/669 2123/2338/670 104/2335/667
f 105/2339/671 110/2340/672 106/2341/673
f 106/2341/673 3696/2342/674 3695/2343/675
f 1927/2195/527 110/2340/672 109/2344/676
f 110/2340/672 3660/2196/528 3696/2342/674
f 105/2339/671 111/2345/677 107/2346/678
f 111/2345/677 2122/2336/668 107/2346/678
f 106/2341/673 3694/2347/679 111/2345/677
f 111/2345/677 3693/2324/656 2121/2322/654
f 105/2339/671 112/2348/680 108/2349/681
f 112/2348/680 3512/2350/682 108/2349/681
f 107/2346/678 2123/2338/670 112/2348/680
f 2123/2338/670 3513/2351/683 112/2348/680
f 108/2349/681 109/2344/676 105/2339/671
f 113/2352/684 1927/2195/527 109/2344/676
f 3512/2350/682 113/2352/684 108/2349/681
f 3511/2353/685 1928/2200/532 113/2352/684
f 114/2354/686 119/2355/687 115/2356/688
f 119/2355/687 3698/2357/689 115/2356/688
f 118/2358/690 1950/2329/661 119/2355/687
f 119/2355/687 3689/2328/660 3699/2359/691
f 114/2354/686 120/2360/692 116/2361/693
f 116/2361/693 2103/2362/543 2104/2363/541
f 115/2356/688 3697/2364/694 120/2360/692
f 3697/2364/694 2103/2362/543 120/2360/692
f 114/2354/686 121/2365/695 117/2366/696
f 121/2365/695 3487/2367/697 117/2366/696
f 2104/2363/541 121/2365/695 116/2361/693
f 2105/2368/557 3488/2369/698 121/2365/695
f 117/2366/696 118/2358/690 114/2354/686
f 122/2370/699 1951/2327/659 118/2358/690
f 3487/2367/697 122/2370/699 117/2366/696
f 3486/2371/700 1952/2333/665 122/2370/699
f 127/2372/701 124/2373/702 123/2374/701
f 128/2375/702 1963/2376/703 124/2373/702
f 127/2372/701 3565/2377/702 128/2375/702
f 128/2375/702 3526/2378/703 1962/2379/703
f 124/2373/702 125/2380/701 123/2374/701
f 129/2381/702 3560/2382/701 125/2380/701
f 1963/2376/703 129/2381/702 124/2373/702
f 1964/2383/703 3561/2384/702 129/2381/702
f 125/2380/701 126/2385/704 123/2374/701
f 130/2386/704 1957/2387/705 126/2385/704
f 3560/2382/701 130/2386/704 125/2380/701
f 3559/2388/704 1958/2389/705 130/2386/704
f 126/2385/704 127/2372/701 123/2374/701
f 131/2390/704 3564/2391/701 127/2372/701
f 1957/2387/705 131/2390/704 126/2385/704
f 1956/2392/705 3563/2393/704 131/2390/704
f 136/2394/706 133/2395/707 132/2396/706
f 137/2397/708 1966/2398/709 133/2395/707
f 3528/2399/706 137/2397/708 136/2394/706
f 3529/2400/708 1965/2401/709 137/2397/708
f 132/2396/706 138/2402/708 134/2403/706
f 138/2402/708 3548/2404/706 134/2403/706
f 1966/2398/709 138/2402/708 133/2395/707
f 1967/2405/709 3549/2406/708 138/2402/708
f 132/2396/706 139/2407/710 135/2408/710
f 135/2408/710 1964/2383/703 1963/2376/703
f 3548/2404/706 139/2407/710 134/2403/706
f 3547/2409/710 1964/2383/703 139/2407/710
f 135/2408/710 136/2394/706 132/2396/706
f 140/2410/710 3528/2399/706 136/2394/706
f 1963/2376/703 140/2410/710 135/2408/710
f 1962/2379/703 3527/2411/710 140/2410/710
f 145/2412/711 142/2413/666 141/2414/711
f 146/2415/666 1969/2416/712 142/2413/666
f 3555/2417/711 146/2415/666 145/2412/711
f 3556/2418/666 1968/2419/712 146/2415/666
f 142/2413/666 143/2420/711 141/2414/711
f 147/2421/666 3552/2422/711 143/2420/711
f 142/2413/666 1970/2423/712 147/2421/666
f 1970/2423/712 3553/2424/666 147/2421/666
f 143/2420/711 144/2425/713 141/2414/711
f 148/2426/713 1966/2398/709 144/2425/713
f 3552/2422/711 148/2426/713 143/2420/711
f 3551/2427/713 1967/2405/709 148/2426/713
f 144/2425/713 145/2412/711 141/2414/711
f 145/2412/711 3554/2428/713 3555/2417/711
f 1966/2398/709 149/2429/713 144/2425/713
f 1965/2401/709 3554/2428/713 149/2429/713
f 154/2430/714 151/2431/715 150/2432/714
f 155/2433/715 1972/2434/716 151/2431/715
f 3572/2435/714 155/2433/715 154/2430/714
f 3573/2436/715 1971/2437/717 155/2433/715
f 151/2431/715 152/2438/714 150/2432/714
f 156/2439/715 3568/2440/714 152/2438/714
f 1972/2434/716 156/2439/715 151/2431/715
f 1973/2441/717 3567/2442/715 156/2439/715
f 152/2438/714 153/2443/718 150/2432/714
f 157/2444/718 1975/2445/719 153/2443/718
f 3568/2440/714 157/2444/718 152/2438/714
f 3569/2446/718 1976/2447/719 157/2444/718
f 153/2443/718 154/2430/714 150/2432/714
f 158/2448/718 3572/2435/714 154/2430/714
f 1975/2445/719 158/2448/718 153/2443/718
f 1974/2449/719 3571/2450/718 158/2448/718
f 159/2451/720 164/2452/721 160/2453/721
f 164/2452/721 1975/2445/719 160/2453/721
f 3538/2454/720 164/2452/721 163/2455/720
f 3539/2456/721 1974/2449/719 164/2452/721
f 160/2453/721 161/2457/720 159/2451/720
f 165/2458/721 3576/2459/720 161/2457/720
f 1975/2445/719 165/2458/721 160/2453/721
f 1976/2447/719 3575/2460/721 165/2458/721
f 161/2457/720 162/2461/722 159/2451/720
f 166/2462/722 1960/2463/723 162/2461/722
f 3576/2459/720 166/2462/722 161/2457/720
f 3577/2464/722 1961/2465/723 166/2462/722
f 159/2451/720 167/2466/722 163/2455/720
f 167/2466/722 3538/2454/720 163/2455/720
f 1960/2463/723 167/2466/722 162/2461/722
f 1959/2467/723 3537/2468/722 167/2466/722
f 172/2469/724 169/2470/725 168/2471/724
f 173/2472/725 1960/2463/723 169/2470/725
f 3579/2473/726 173/2472/725 172/2469/724
f 3580/2474/725 1959/2467/723 173/2472/725
f 169/2470/725 170/2475/727 168/2471/724
f 174/2476/725 3543/2477/724 170/2475/727
f 1960/2463/723 174/2476/725 169/2470/725
f 1961/2465/723 3542/2478/725 174/2476/725
f 170/2475/727 171/2479/728 168/2471/724
f 175/2480/728 1978/2481/729 171/2479/728
f 3543/2477/724 175/2480/728 170/2475/727
f 3544/2482/728 1979/2483/729 175/2480/728
f 168/2471/724 176/2484/728 172/2469/724
f 176/2484/728 3579/2473/726 172/2469/724
f 1978/2481/729 176/2484/728 171/2479/728
f 1977/2485/729 3578/2486/728 176/2484/728
f 181/2487/730 178/2488/731 177/2489/730
f 182/2490/731 1981/2491/7 178/2488/731
f 3582/2492/730 182/2490/731 181/2487/730
f 3583/2493/731 1980/2494/7 182/2490/731
f 177/2489/730 183/2495/731 179/2496/730
f 183/2495/731 3523/2497/730 179/2496/730
f 1981/2491/7 183/2495/731 178/2488/731
f 1982/2498/7 3522/2499/731 183/2495/731
f 179/2496/730 180/2500/732 177/2489/730
f 184/2501/732 1969/2416/712 180/2500/732
f 3523/2497/730 184/2501/732 179/2496/730
f 3524/2502/732 1970/2423/712 184/2501/732
f 180/2500/732 181/2487/730 177/2489/730
f 185/2503/732 3582/2492/730 181/2487/730
f 1969/2416/712 185/2503/732 180/2500/732
f 185/2503/732 3557/2504/712 3581/2505/732
f 190/2506/733 187/2507/734 186/2508/733
f 191/2509/734 1978/2481/729 187/2507/734
f 3533/2510/733 191/2509/734 190/2506/733
f 3532/2511/734 1977/2485/729 191/2509/734
f 187/2507/734 188/2512/733 186/2508/733
f 192/2513/734 3585/2514/733 188/2512/733
f 1978/2481/729 192/2513/734 187/2507/734
f 1979/2483/729 3586/2515/734 192/2513/734
f 188/2512/733 189/2516/735 186/2508/733
f 193/2517/735 1981/2491/7 189/2516/735
f 3585/2514/733 193/2517/735 188/2512/733
f 3584/2518/735 1982/2498/7 193/2517/735
f 186/2508/733 194/2519/735 190/2506/733
f 194/2519/735 3533/2510/733 190/2506/733
f 1981/2491/7 194/2519/735 189/2516/735
f 1980/2494/7 3534/2520/556 194/2519/735
f 199/2521/736 196/2522/737 195/2523/738
f 200/2524/739 1987/2525/740 196/2522/737
f 2068/2526/741 200/2524/739 199/2521/736
f 2069/2527/742 1988/2528/743 200/2524/739
f 195/2523/738 201/2529/744 197/2530/745
f 197/2530/745 2064/2531/746 2065/2532/747
f 196/2522/737 1986/2533/748 201/2529/744
f 201/2529/744 3236/2534/749 2064/2531/746
f 197/2530/745 198/2535/750 195/2523/738
f 202/2536/751 3589/2537/752 198/2535/750
f 2065/2532/747 202/2536/751 197/2530/745
f 2066/2538/753 3588/2539/754 202/2536/751
f 195/2523/738 203/2540/755 199/2521/736
f 199/2521/736 2067/2541/756 2068/2526/741
f 198/2535/750 3590/2542/757 203/2540/755
f 203/2540/755 3591/2543/758 2067/2541/756
f 208/2544/759 205/2545/760 204/2546/761
f 209/2547/762 1990/2548/763 205/2545/760
f 2074/2549/764 209/2547/762 208/2544/759
f 2075/2550/765 1989/2551/766 209/2547/762
f 205/2545/760 206/2552/767 204/2546/761
f 210/2553/768 2071/2554/769 206/2552/767
f 1990/2548/763 210/2553/768 205/2545/760
f 1991/2555/770 2070/2556/771 210/2553/768
f 204/2546/761 211/2557/772 207/2558/773
f 207/2558/773 3595/2559/774 3594/2560/775
f 206/2552/767 2072/2561/771 211/2557/772
f 211/2557/772 3596/2562/776 3595/2559/774
f 204/2546/761 212/2563/777 208/2544/759
f 208/2544/759 2073/2564/778 2074/2549/764
f 207/2558/773 3593/2565/779 212/2563/777
f 212/2563/777 3592/2566/764 2073/2564/778
f 213/2567/780 218/2568/781 214/2569/782
f 214/2569/782 2018/2570/783 2017/2571/784
f 217/2572/785 2061/2573/786 218/2568/781
f 218/2568/781 3246/2574/787 2018/2570/783
f 214/2569/782 215/2575/788 213/2567/780
f 219/2576/789 2077/2577/790 215/2575/788
f 2017/2571/784 219/2576/789 214/2569/782
f 2016/2578/791 2076/2579/792 219/2576/789
f 213/2567/780 220/2580/793 216/2581/794
f 216/2581/794 3611/2582/795 3612/2583/796
f 215/2575/788 2078/2584/797 220/2580/793
f 220/2580/793 3602/2585/798 3611/2582/795
f 216/2581/794 217/2572/785 213/2567/780
f 221/2586/799 2062/2587/800 217/2572/785
f 3612/2583/796 221/2586/799 216/2581/794
f 3613/2588/801 2063/2589/802 221/2586/799
f 226/2590/803 223/2591/804 222/2592/805
f 223/2591/804 2006/2593/806 2005/2594/807
f 2080/2595/808 227/2596/809 226/2590/803
f 2081/2597/810 2006/2593/806 227/2596/809
f 223/2591/804 224/2598/811 222/2592/805
f 228/2599/812 2068/2526/741 224/2598/811
f 2005/2594/807 228/2599/812 223/2591/804
f 2004/2600/813 2069/2527/742 228/2599/812
f 222/2592/805 229/2601/814 225/2602/815
f 225/2602/815 3603/2603/816 3604/2604/817
f 224/2598/811 2067/2541/756 229/2601/814
f 229/2601/814 3591/2543/758 3603/2603/816
f 222/2592/805 230/2605/818 226/2590/803
f 226/2590/803 2079/2606/810 2080/2595/808
f 225/2602/815 3605/2607/819 230/2605/818
f 230/2605/818 3606/2608/820 2079/2606/810
f 235/2609/821 232/2610/822 231/2611/823
f 236/2612/824 2023/2613/825 232/2610/822
f 2086/2614/826 236/2612/824 235/2609/821
f 2087/2615/827 2024/2616/828 236/2612/824
f 232/2610/822 233/2617/829 231/2611/823
f 237/2618/830 2074/2549/764 233/2617/829
f 2023/2613/825 237/2618/830 232/2610/822
f 2022/2619/831 2075/2550/765 237/2618/830
f 231/2611/823 238/2620/832 234/2621/833
f 234/2621/833 3614/2622/834 3615/2623/835
f 233/2617/829 2073/2564/778 238/2620/832
f 238/2620/832 3592/2566/764 3614/2622/834
f 231/2611/823 239/2624/836 235/2609/821
f 235/2609/821 2085/2625/837 2086/2614/826
f 234/2621/833 3616/2626/838 239/2624/836
f 239/2624/836 3598/2627/839 2085/2625/837
f 244/2628/840 241/2629/841 240/2630/842
f 245/2631/843 2026/2632/844 241/2629/841
f 2071/2554/769 245/2631/843 244/2628/840
f 2070/2556/771 2027/2633/845 245/2631/843
f 241/2629/841 242/2634/846 240/2630/842
f 246/2635/847 2080/2595/808 242/2634/846
f 2026/2632/844 246/2635/847 241/2629/841
f 2025/2636/848 2081/2597/810 246/2635/847
f 240/2630/842 247/2637/849 243/2638/850
f 243/2638/850 3617/2639/851 3618/2640/852
f 242/2634/846 2079/2606/810 247/2637/849
f 247/2637/849 3606/2608/820 3617/2639/851
f 240/2630/842 248/2641/853 244/2628/840
f 244/2628/840 2072/2561/771 2071/2554/769
f 243/2638/850 3619/2642/854 248/2641/853
f 248/2641/853 3596/2562/776 2072/2561/771
f 253/2643/855 250/2644/856 249/2645/857
f 254/2646/858 2011/2647/859 250/2644/856
f 2065/2532/747 254/2646/858 253/2643/855
f 2064/2531/746 2012/2648/860 254/2646/858
f 249/2645/857 255/2649/861 251/2650/862
f 251/2650/862 2084/2651/863 2083/2652/864
f 250/2644/856 2010/2653/865 255/2649/861
f 255/2649/861 3231/2654/866 2084/2651/863
f 251/2650/862 252/2655/867 249/2645/857
f 256/2656/868 3608/2657/869 252/2655/867
f 2083/2652/864 256/2656/868 251/2650/862
f 2082/2658/870 3607/2659/871 256/2656/868
f 249/2645/857 257/2660/872 253/2643/855
f 253/2643/855 2066/2538/753 2065/2532/747
f 252/2655/867 3609/2661/873 257/2660/872
f 257/2660/872 3587/2662/874 2066/2538/753
f 258/2663/875 263/2664/876 259/2665/877
f 259/2665/877 1994/2666/878 1993/2667/879
f 262/2668/880 2076/2579/792 263/2664/876
f 263/2664/876 3241/2669/881 1994/2666/878
f 259/2665/877 260/2670/882 258/2663/875
f 264/2671/883 2086/2614/826 260/2670/882
f 1993/2667/879 264/2671/883 259/2665/877
f 1992/2672/884 2087/2615/827 264/2671/883
f 258/2663/875 265/2673/885 261/2674/886
f 261/2674/886 3599/2675/887 3600/2676/888
f 260/2670/882 2085/2625/837 265/2673/885
f 265/2673/885 3598/2627/839 3599/2675/887
f 261/2674/886 262/2668/880 258/2663/875
f 266/2677/889 2077/2577/790 262/2668/880
f 3600/2676/888 266/2677/889 261/2674/886
f 3601/2678/890 2078/2584/797 266/2677/889
f 271/2679/891 268/2680/892 267/2681/893
f 272/2682/894 1891/2683/895 268/2680/892
f 1930/2684/896 272/2682/894 271/2679/891
f 1931/2685/897 1890/2686/898 272/2682/894
f 267/2681/893 273/2687/899 269/2688/900
f 273/2687/899 2095/2689/901 269/2688/900
f 268/2680/892 1892/2690/902 273/2687/899
f 1892/2690/902 2096/2691/903 273/2687/899
f 267/2681/893 274/2692/904 270/2693/905
f 274/2692/904 3622/2694/906 270/2693/905
f 269/2688/900 2094/2695/907 274/2692/904
f 2094/2695/907 3621/2696/908 274/2692/904
f 270/2693/905 271/2679/891 267/2681/893
f 275/2697/909 1930/2684/896 271/2679/891
f 3622/2694/906 275/2697/909 270/2693/905
f 3623/2698/910 1929/2699/911 275/2697/909
f 280/2700/912 277/2701/913 276/2702/914
f 277/2701/913 1872/2703/915 1873/2704/916
f 1936/2705/917 281/2706/918 280/2700/912
f 1937/2707/919 1872/2703/915 281/2706/918
f 277/2701/913 278/2708/920 276/2702/914
f 282/2709/921 2101/2710/922 278/2708/920
f 277/2701/913 1874/2711/923 282/2709/921
f 282/2709/921 3215/2712/924 2102/2713/925
f 278/2708/920 279/2714/926 276/2702/914
f 279/2714/926 3626/2715/927 3627/2716/928
f 2101/2710/922 283/2717/929 278/2708/920
f 2100/2718/930 3626/2715/927 283/2717/929
f 279/2714/926 280/2700/912 276/2702/914
f 284/2719/931 1936/2705/917 280/2700/912
f 3627/2716/928 284/2719/931 279/2714/926
f 284/2719/931 3629/2720/932 1935/2721/933
f 285/2722/934 290/2723/935 286/2724/936
f 286/2724/936 1893/2725/937 1894/2726/938
f 1939/2727/939 290/2723/935 289/2728/940
f 290/2723/935 3219/2729/941 1893/2725/937
f 286/2724/936 287/2730/942 285/2722/934
f 291/2731/943 1930/2684/896 287/2730/942
f 286/2724/936 1895/2732/944 291/2731/943
f 291/2731/943 3210/2733/945 1931/2685/897
f 287/2730/942 288/2734/946 285/2722/934
f 288/2734/946 3630/2735/947 3631/2736/948
f 287/2730/942 1929/2699/911 292/2737/949
f 292/2737/949 3624/2738/950 3630/2735/947
f 285/2722/934 293/2739/951 289/2728/940
f 289/2728/940 1938/2740/952 1939/2727/939
f 3631/2736/948 293/2739/951 288/2734/946
f 293/2739/951 3633/2741/953 1938/2740/952
f 294/2742/954 299/2743/955 295/2744/956
f 299/2743/955 1876/2745/957 295/2744/956
f 298/2746/958 2102/2713/925 299/2743/955
f 2102/2713/925 1875/2747/959 299/2743/955
f 294/2742/954 300/2748/960 296/2749/961
f 296/2749/961 2111/2750/962 2110/2751/963
f 1876/2745/957 300/2748/960 295/2744/956
f 1877/2752/964 2111/2750/962 300/2748/960
f 294/2742/954 301/2753/965 297/2754/966
f 301/2753/965 3636/2755/967 297/2754/966
f 296/2749/961 2109/2756/968 301/2753/965
f 2109/2756/968 3635/2757/969 301/2753/965
f 297/2754/966 298/2746/958 294/2742/954
f 302/2758/970 2101/2710/922 298/2746/958
f 297/2754/966 3637/2759/971 302/2758/970
f 302/2758/970 3625/2760/972 2100/2718/930
f 307/2761/973 304/2762/974 303/2763/975
f 308/2764/976 1879/2765/977 304/2762/974
f 2110/2751/963 308/2764/976 307/2761/973
f 2111/2750/962 1878/2766/978 308/2764/976
f 303/2763/975 309/2767/979 305/2768/980
f 305/2768/980 2114/2769/981 2113/2770/982
f 1879/2765/977 309/2767/979 304/2762/974
f 1880/2771/983 2114/2769/981 309/2767/979
f 303/2763/975 310/2772/984 306/2773/985
f 310/2772/984 3640/2774/986 306/2773/985
f 305/2768/980 2112/2775/987 310/2772/984
f 310/2772/984 3638/2776/988 3639/2777/989
f 306/2773/985 307/2761/973 303/2763/975
f 311/2778/990 2110/2751/963 307/2761/973
f 3640/2774/986 311/2778/990 306/2773/985
f 311/2778/990 3634/2779/991 2109/2756/968
f 312/2780/992 317/2781/993 313/2782/994
f 317/2781/993 1882/2783/995 313/2782/994
f 2113/2770/982 317/2781/993 316/2784/996
f 2114/2769/981 1881/2785/997 317/2781/993
f 313/2782/994 314/2786/998 312/2780/992
f 318/2787/999 2116/2788/1000 314/2786/998
f 1882/2783/995 318/2787/999 313/2782/994
f 1883/2789/1001 2117/2790/1002 318/2787/999
f 314/2786/998 315/2791/1003 312/2780/992
f 315/2791/1003 3643/2792/1004 3644/2793/1005
f 314/2786/998 2115/2794/1006 319/2795/1007
f 319/2795/1007 3642/2796/1008 3643/2792/1004
f 312/2780/992 320/2797/1009 316/2784/996
f 316/2784/996 2112/2775/987 2113/2770/982
f 3644/2793/1005 320/2797/1009 315/2791/1003
f 3645/2798/1010 2112/2775/987 320/2797/1009
f 321/2799/1011 326/2800/1012 322/2801/1013
f 322/2801/1013 1884/2802/1014 1885/2803/1015
f 2116/2788/1000 326/2800/1012 325/2804/1016
f 326/2800/1012 3218/2805/1017 1884/2802/1014
f 322/2801/1013 323/2806/1018 321/2799/1011
f 327/2807/1019 1939/2727/939 323/2806/1018
f 322/2801/1013 1886/2808/1020 327/2807/1019
f 327/2807/1019 3219/2729/941 1940/2809/1021
f 323/2806/1018 324/2810/1022 321/2799/1011
f 328/2811/1023 3647/2812/1024 324/2810/1022
f 1939/2727/939 328/2811/1023 323/2806/1018
f 328/2811/1023 3633/2741/953 3646/2813/1025
f 324/2810/1022 325/2804/1016 321/2799/1011
f 329/2814/1026 2116/2788/1000 325/2804/1016
f 324/2810/1022 3648/2815/1027 329/2814/1026
f 329/2814/1026 3642/2796/1008 2115/2794/1006
f 330/2816/1028 335/2817/1029 331/2818/1030
f 335/2817/1029 1867/2819/1031 331/2818/1030
f 334/2820/1032 1955/2821/1033 335/2817/1029
f 1955/2821/1033 1866/2822/1034 335/2817/1029
f 330/2816/1028 336/2823/1035 332/2824/1036
f 332/2824/1036 2120/2825/1037 2119/2826/1038
f 1867/2819/1031 336/2823/1035 331/2818/1030
f 1868/2827/1039 2120/2825/1037 336/2823/1035
f 332/2824/1036 333/2828/1040 330/2816/1028
f 337/2829/1041 3651/2830/1042 333/2828/1040
f 2119/2826/1038 337/2829/1041 332/2824/1036
f 337/2829/1041 3649/2831/1043 3650/2832/1044
f 330/2816/1028 338/2833/1045 334/2820/1032
f 334/2820/1032 1953/2834/1046 1954/2835/1047
f 333/2828/1040 3652/2836/1048 338/2833/1045
f 3652/2836/1048 1953/2834/1046 338/2833/1045
f 339/2837/1049 344/2838/1050 340/2839/1051
f 344/2838/1050 1888/2840/1052 340/2839/1051
f 343/2841/1053 2096/2691/903 344/2838/1050
f 2096/2691/903 1887/2842/1054 344/2838/1050
f 339/2837/1049 345/2843/1055 341/2844/1056
f 341/2844/1056 1955/2821/1033 1954/2835/1047
f 1888/2840/1052 345/2843/1055 340/2839/1051
f 1889/2845/1057 1955/2821/1033 345/2843/1055
f 339/2837/1049 346/2846/1058 342/2847/1059
f 346/2846/1058 3655/2848/1060 342/2847/1059
f 1954/2835/1047 346/2846/1058 341/2844/1056
f 346/2846/1058 3653/2849/1061 3654/2850/1062
f 339/2837/1049 347/2851/1063 343/2841/1053
f 343/2841/1053 2094/2695/907 2095/2689/901
f 3655/2848/1060 347/2851/1063 342/2847/1059
f 347/2851/1063 3620/2852/1064 2094/2695/907
f 352/2853/1065 349/2854/1066 348/2855/1067
f 349/2854/1066 1869/2856/1068 1870/2857/1069
f 2119/2826/1038 353/2858/1070 352/2853/1065
f 353/2858/1070 3213/2859/1071 1869/2856/1068
f 348/2855/1067 354/2860/1072 350/2861/1073
f 354/2860/1072 1936/2862/917 350/2861/1073
f 349/2854/1066 1871/2863/1074 354/2860/1072
f 1871/2863/1074 1937/2864/919 354/2860/1072
f 348/2855/1067 355/2865/1075 351/2866/1076
f 355/2865/1075 3658/2867/1077 351/2866/1076
f 350/2861/1073 1935/2868/933 355/2865/1075
f 355/2865/1075 3629/2869/932 3657/2870/1078
f 351/2866/1076 352/2853/1065 348/2855/1067
f 352/2853/1065 2118/2871/1079 2119/2826/1038
f 351/2866/1076 3659/2872/1080 356/2873/1081
f 3659/2872/1080 2118/2871/1079 356/2873/1081
f 361/2874/1082 358/2875/1083 357/2876/1084
f 362/2877/1085 1897/2332/1086 358/2875/1083
f 2218/2878/1087 362/2877/1085 361/2874/1082
f 2219/2879/1088 1896/2337/1089 362/2877/1085
f 358/2875/1083 359/2880/1090 357/2876/1084
f 363/2881/1091 2215/2882/1092 359/2880/1090
f 1897/2332/1086 363/2881/1091 358/2875/1083
f 1898/2334/1093 2214/2883/1094 363/2881/1091
f 357/2876/1084 364/2884/1095 360/2885/1096
f 360/2885/1096 2156/2886/1097 2155/2887/1098
f 359/2880/1090 2216/2888/1099 364/2884/1095
f 364/2884/1095 3270/2889/1100 2156/2886/1097
f 357/2876/1084 365/2890/1101 361/2874/1082
f 361/2874/1082 2217/2891/1102 2218/2878/1087
f 360/2885/1096 2154/2892/1103 365/2890/1101
f 365/2890/1101 3269/2893/1104 2217/2891/1102
f 370/2894/1105 367/2895/1106 366/2896/1107
f 371/2897/1108 1900/2367/1109 367/2895/1106
f 2215/2882/1092 371/2897/1108 370/2894/1105
f 2214/2883/1094 1899/2371/1110 371/2897/1108
f 366/2896/1107 372/2898/1111 368/2899/1112
f 372/2898/1111 2221/2900/1113 368/2899/1112
f 1900/2367/1109 372/2898/1111 367/2895/1106
f 1901/2369/1114 2220/2901/1115 372/2898/1111
f 366/2896/1107 373/2902/1116 369/2903/1117
f 373/2902/1116 2158/2904/1118 369/2903/1117
f 368/2899/1112 2222/2905/1119 373/2902/1116
f 373/2902/1116 3271/2906/1120 2159/2907/1121
f 366/2896/1107 374/2908/1122 370/2894/1105
f 370/2894/1105 2216/2888/1099 2215/2882/1092
f 369/2903/1117 2157/2909/1123 374/2908/1122
f 374/2908/1122 3270/2889/1100 2216/2888/1099
f 379/2910/1124 376/2911/1125 375/2912/1126
f 380/2913/1127 1903/2220/1128 376/2911/1125
f 2221/2914/1113 380/2913/1127 379/2910/1124
f 2220/2915/1115 1902/2224/1129 380/2913/1127
f 376/2911/1125 377/2916/1130 375/2912/1126
f 381/2917/1131 2224/2918/1132 377/2916/1130
f 1903/2220/1128 381/2917/1131 376/2911/1125
f 1904/2222/1133 2223/2919/1134 381/2917/1131
f 375/2912/1126 382/2920/1135 378/2921/1136
f 382/2920/1135 2161/2922/1137 378/2921/1136
f 377/2916/1130 2225/2923/1138 382/2920/1135
f 382/2920/1135 3272/2924/1139 2162/2925/1140
f 375/2912/1126 383/2926/1141 379/2910/1124
f 379/2910/1124 2222/2927/1119 2221/2914/1113
f 378/2921/1136 2160/2928/1142 383/2926/1141
f 383/2926/1141 3271/2929/1120 2222/2927/1119
f 388/2930/1143 385/2931/1144 384/2932/1145
f 385/2931/1144 1905/2262/1146 1906/2258/1147
f 2224/2918/1132 389/2933/1148 388/2930/1143
f 2223/2919/1134 1905/2262/1146 389/2933/1148
f 385/2931/1144 386/2934/1149 384/2932/1145
f 390/2935/1150 2227/2936/1151 386/2934/1149
f 1906/2258/1147 390/2935/1150 385/2931/1144
f 1907/2260/1152 2226/2937/1153 390/2935/1150
f 384/2932/1145 391/2938/1154 387/2939/1155
f 387/2939/1155 2165/2940/1156 2164/2941/1157
f 386/2934/1149 2228/2942/1158 391/2938/1154
f 391/2938/1154 3273/2943/1159 2165/2940/1156
f 384/2932/1145 392/2944/1160 388/2930/1143
f 388/2930/1143 2225/2923/1138 2224/2918/1132
f 387/2939/1155 2163/2945/1161 392/2944/1160
f 392/2944/1160 3272/2924/1139 2225/2923/1138
f 393/2946/1162 398/2947/1163 394/2948/1164
f 398/2947/1163 1909/2278/1165 394/2948/1164
f 397/2949/1166 2226/2937/1153 398/2947/1163
f 2226/2937/1153 1908/2282/1167 398/2947/1163
f 394/2948/1164 395/2950/1168 393/2946/1162
f 399/2951/1169 2230/2952/1170 395/2950/1168
f 1909/2278/1165 399/2951/1169 394/2948/1164
f 1910/2280/1171 2229/2953/1172 399/2951/1169
f 393/2946/1162 400/2954/1173 396/2955/1174
f 396/2955/1174 2168/2956/1175 2167/2957/1176
f 395/2950/1168 2231/2958/1177 400/2954/1173
f 400/2954/1173 3274/2959/1178 2168/2956/1175
f 393/2946/1162 401/2960/1179 397/2949/1166
f 397/2949/1166 2228/2942/1158 2227/2936/1151
f 396/2955/1174 2166/2961/1180 401/2960/1179
f 401/2960/1179 3273/2943/1159 2228/2942/1158
f 406/2962/1181 403/2963/1182 402/2964/1183
f 403/2963/1182 1911/2301/1184 1912/2297/1185
f 2230/2952/1170 407/2965/1186 406/2962/1181
f 2229/2953/1172 1911/2301/1184 407/2965/1186
f 403/2963/1182 404/2966/1187 402/2964/1183
f 408/2967/1188 2233/2968/1189 404/2966/1187
f 1912/2297/1185 408/2967/1188 403/2963/1182
f 1913/2299/1190 2232/2969/1191 408/2967/1188
f 402/2964/1183 409/2970/1192 405/2971/1193
f 405/2971/1193 2171/2972/1194 2170/2973/1195
f 404/2966/1187 2234/2974/1196 409/2970/1192
f 409/2970/1192 3275/2975/1197 2171/2972/1194
f 402/2964/1183 410/2976/1198 406/2962/1181
f 406/2962/1181 2231/2958/1177 2230/2952/1170
f 405/2971/1193 2169/2977/1199 410/2976/1198
f 410/2976/1198 3274/2959/1178 2231/2958/1177
f 415/2978/1200 412/2979/1201 411/2980/1202
f 416/2981/1203 1915/2313/1204 412/2979/1201
f 2233/2968/1189 416/2981/1203 415/2978/1200
f 2232/2969/1191 1914/2316/1205 416/2981/1203
f 412/2979/1201 413/2982/1206 411/2980/1202
f 417/2983/1207 2236/2984/1208 413/2982/1206
f 1915/2313/1204 417/2983/1207 412/2979/1201
f 1916/2314/1209 2235/2985/1210 417/2983/1207
f 411/2980/1202 418/2986/1209 414/2987/1211
f 414/2987/1211 2174/2988/1212 2173/2989/1213
f 413/2982/1206 2237/2990/1214 418/2986/1209
f 418/2986/1209 3276/2991/1215 2174/2988/1212
f 411/2980/1202 419/2992/1216 415/2978/1200
f 415/2978/1200 2234/2974/1196 2233/2968/1189
f 2173/2989/1213 419/2992/1216 414/2987/1211
f 419/2992/1216 3275/2975/1197 2234/2974/1196
f 424/2993/1217 421/2994/1218 420/2995/1218
f 425/2996/1219 1918/2350/1220 421/2994/1218
f 2239/2997/1221 425/2996/1219 424/2993/1217
f 2240/2998/1222 1917/2353/1223 425/2996/1219
f 421/2994/1218 422/2999/1224 420/2995/1218
f 422/2999/1224 2219/2879/1088 2218/2878/1087
f 1918/2350/1220 426/3000/1225 421/2994/1218
f 1919/2351/1226 2219/2879/1088 426/3000/1225
f 420/2995/1218 427/3001/1227 423/3002/1228
f 423/3002/1228 2177/3003/1229 2176/3004/1230
f 422/2999/1224 2217/2891/1102 427/3001/1227
f 427/3001/1227 3269/2893/1104 2177/3003/1229
f 420/2995/1218 428/3005/1231 424/2993/1217
f 424/2993/1217 2238/3006/1232 2239/2997/1221
f 423/3002/1228 2175/3007/1233 428/3005/1231
f 428/3005/1231 3277/3008/1234 2238/3006/1232
f 433/3009/1235 430/3010/1236 429/3011/1237
f 434/3012/1238 1921/2199/1239 430/3010/1236
f 2242/3013/1240 434/3012/1238 433/3009/1235
f 2243/3014/1241 1920/2203/1242 434/3012/1238
f 430/3010/1236 431/3015/1243 429/3011/1237
f 435/3016/1244 2239/2997/1221 431/3015/1243
f 430/3010/1236 1922/2201/1245 435/3016/1244
f 1922/2201/1245 2240/2998/1222 435/3016/1244
f 429/3011/1237 436/3017/1246 432/3018/1247
f 432/3018/1247 2180/3019/1248 2179/3020/1249
f 431/3015/1243 2238/3006/1232 436/3017/1246
f 436/3017/1246 3277/3008/1234 2180/3019/1248
f 429/3011/1237 437/3021/1250 433/3009/1235
f 433/3009/1235 2241/3022/1251 2242/3013/1240
f 432/3018/1247 2178/3023/1252 437/3021/1250
f 437/3021/1250 3278/3024/1253 2241/3022/1251
f 442/3025/1254 439/3026/1255 438/3027/1256
f 443/3028/1257 1924/2238/1258 439/3026/1255
f 2236/2984/1208 443/3028/1257 442/3025/1254
f 2235/2985/1210 1923/2242/1259 443/3028/1257
f 439/3026/1255 440/3029/1260 438/3027/1256
f 444/3030/1261 2242/3013/1240 440/3029/1260
f 1924/2238/1258 444/3030/1261 439/3026/1255
f 1925/2239/1262 2243/3014/1241 444/3030/1261
f 438/3027/1256 445/3031/1263 441/3032/1264
f 441/3032/1264 2183/3033/1265 2182/3034/1266
f 440/3029/1260 2241/3022/1251 445/3031/1263
f 445/3031/1263 3278/3024/1253 2183/3033/1265
f 438/3027/1256 446/3035/1267 442/3025/1254
f 442/3025/1254 2237/2990/1214 2236/2984/1208
f 2182/3034/1266 446/3035/1267 441/3032/1264
f 446/3035/1267 3276/2991/1215 2237/2990/1214
f 451/3036/1268 448/3037/1269 447/3038/1270
f 448/3037/1269 2184/3039/1271 2185/2188/1272
f 2248/3040/1273 452/3041/1274 451/3036/1268
f 2249/3042/1275 2184/3039/1271 452/3041/1274
f 448/3037/1269 449/3043/1276 447/3038/1270
f 453/3044/1277 2245/3045/1278 449/3043/1276
f 2185/2188/1272 453/3044/1277 448/3037/1269
f 2186/2187/1279 2244/3046/1280 453/3044/1277
f 449/3043/1276 450/3047/1281 447/3038/1270
f 454/3048/1282 2125/2694/1283 450/3047/1281
f 449/3043/1276 2246/3049/1284 454/3048/1282
f 454/3048/1282 3260/2738/1285 2126/2698/1286
f 447/3038/1270 455/3050/1287 451/3036/1268
f 451/3036/1268 2247/3051/1288 2248/3040/1273
f 2125/2694/1283 455/3050/1287 450/3047/1281
f 2124/2696/1289 2247/3051/1288 455/3050/1287
f 460/3052/1290 457/3053/1291 456/3054/1292
f 461/3055/1293 2188/2208/1294 457/3053/1291
f 2254/3056/1295 461/3055/1293 460/3052/1290
f 2255/3057/1296 2187/2217/1297 461/3055/1293
f 456/3054/1292 462/3058/1298 458/3059/1299
f 462/3058/1298 2251/3060/1300 458/3059/1299
f 2188/2208/1294 462/3058/1298 457/3053/1291
f 2189/2212/1301 2250/3061/1302 462/3058/1298
f 456/3054/1292 463/3062/1303 459/3063/1304
f 463/3062/1303 2128/2716/1305 459/3063/1304
f 458/3059/1299 2252/3064/1306 463/3062/1303
f 463/3062/1303 3262/2720/1307 2129/3065/1308
f 456/3054/1292 464/3066/1309 460/3052/1290
f 460/3052/1290 2253/3067/1310 2254/3056/1295
f 459/3063/1304 2127/2715/1311 464/3066/1309
f 2127/2715/1311 2253/3067/1310 464/3066/1309
f 465/3068/1312 470/3069/1313 466/3070/1314
f 470/3069/1313 2191/2230/1315 466/3070/1314
f 2245/3045/1278 470/3069/1313 469/3071/1316
f 2244/3046/1280 2190/3072/1317 470/3069/1313
f 466/3070/1314 467/3073/1318 465/3068/1312
f 471/3074/1319 2257/3075/1320 467/3073/1318
f 466/3070/1314 2192/2229/1321 471/3074/1319
f 2192/2229/1321 2256/3076/1322 471/3074/1319
f 465/3068/1312 472/3077/1323 468/3078/1324
f 468/3078/1324 2132/3079/1325 2131/2736/1326
f 467/3073/1318 2258/3080/1327 472/3077/1323
f 472/3077/1323 3263/2741/1328 2132/3079/1325
f 465/3068/1312 473/3081/1329 469/3071/1316
f 469/3071/1316 2246/3049/1284 2245/3045/1278
f 468/3078/1324 2130/2735/1330 473/3081/1329
f 473/3081/1329 3260/2738/1285 2246/3049/1284
f 478/3082/1331 475/3083/1332 474/3084/1333
f 475/3083/1332 2193/2254/1334 2194/2247/1335
f 2260/3085/1336 479/3086/1337 478/3082/1331
f 2261/3087/1338 2193/2254/1334 479/3086/1337
f 475/3083/1332 476/3088/1339 474/3084/1333
f 480/3089/1340 2254/3056/1295 476/3088/1339
f 2194/2247/1335 480/3089/1340 475/3083/1332
f 2195/2250/1341 2255/3057/1296 480/3089/1340
f 476/3088/1339 477/3090/1342 474/3084/1333
f 477/3090/1342 2135/2759/1343 2134/2755/1344
f 2254/3056/1295 481/3091/1345 476/3088/1339
f 481/3091/1345 3281/2760/1346 2135/2759/1343
f 474/3084/1333 482/3092/1347 478/3082/1331
f 478/3082/1331 2259/3093/1348 2260/3085/1336
f 2134/2755/1344 482/3092/1347 477/3090/1342
f 482/3092/1347 3284/2779/1349 2259/3093/1348
f 487/3094/1350 484/3095/1351 483/3096/1352
f 484/3095/1351 2196/2273/1353 2197/2267/1354
f 2263/3097/1355 488/3098/1356 487/3094/1350
f 2264/3099/1357 2196/2273/1353 488/3098/1356
f 484/3095/1351 485/3100/1358 483/3096/1352
f 489/3101/1359 2260/3085/1336 485/3100/1358
f 2197/2267/1354 489/3101/1359 484/3095/1351
f 2198/2266/1360 2261/3087/1338 489/3101/1359
f 483/3096/1352 490/3102/1361 486/3103/1362
f 490/3102/1361 2137/2774/1363 486/3103/1362
f 485/3100/1358 2259/3093/1348 490/3102/1361
f 2259/3093/1348 2138/3104/1364 490/3102/1361
f 486/3103/1362 487/3094/1350 483/3096/1352
f 491/3105/1365 2263/3097/1355 487/3094/1350
f 486/3103/1362 2136/2777/1366 491/3105/1365
f 491/3105/1365 3285/2776/1367 2262/3106/1368
f 496/3107/1369 493/3108/1370 492/3109/1371
f 497/3110/1372 2200/2286/1373 493/3108/1370
f 2266/3111/1374 497/3110/1372 496/3107/1369
f 2267/3112/1375 2199/2292/1376 497/3110/1372
f 493/3108/1370 494/3113/1377 492/3109/1371
f 498/3114/1378 2263/3097/1355 494/3113/1377
f 493/3108/1370 2201/2288/1379 498/3114/1378
f 2201/2288/1379 2264/3099/1357 498/3114/1378
f 492/3109/1371 499/3115/1380 495/3116/1381
f 499/3115/1380 2140/2793/1382 495/3116/1381
f 494/3113/1377 2262/3106/1368 499/3115/1380
f 499/3115/1380 3285/2776/1367 2141/2798/1383
f 495/3116/1381 496/3107/1369 492/3109/1371
f 500/3117/1384 2266/3111/1374 496/3107/1369
f 495/3116/1381 2139/2792/1385 500/3117/1384
f 500/3117/1384 3286/2796/1386 2265/3118/1387
f 501/3119/1388 506/3120/1389 502/3121/1390
f 506/3120/1389 2203/2305/1391 502/3121/1390
f 2257/3075/1320 506/3120/1389 505/3122/1392
f 2256/3076/1322 2202/2310/1393 506/3120/1389
f 502/3121/1390 503/3123/1394 501/3119/1388
f 507/3124/1395 2266/3111/1374 503/3123/1394
f 2203/2305/1391 507/3124/1395 502/3121/1390
f 2204/2307/1396 2267/3112/1375 507/3124/1395
f 501/3119/1388 508/3125/1397 504/3126/1398
f 504/3126/1398 2144/2815/1399 2143/2812/1400
f 503/3123/1394 2265/3118/1387 508/3125/1397
f 508/3125/1397 3286/2796/1386 2144/2815/1399
f 501/3119/1388 509/3127/1401 505/3122/1392
f 505/3122/1392 2258/3080/1327 2257/3075/1320
f 2143/2812/1400 509/3127/1401 504/3126/1398
f 509/3127/1401 3263/2741/1328 2258/3080/1327
f 514/3128/1402 511/3129/1403 510/3130/1404
f 515/3131/1405 2206/2321/1406 511/3129/1403
f 2272/3132/1407 515/3131/1405 514/3128/1402
f 2273/3133/1408 2205/3134/1409 515/3131/1405
f 511/3129/1403 512/3135/1410 510/3130/1404
f 516/3136/1411 2269/3137/1412 512/3135/1410
f 511/3129/1403 2207/2320/1413 516/3136/1411
f 2207/2320/1413 2268/3138/1414 516/3136/1411
f 510/3130/1404 517/3139/1415 513/3140/1416
f 517/3139/1415 2146/2830/1417 513/3140/1416
f 512/3135/1410 2270/3141/1418 517/3139/1415
f 2270/3141/1418 2147/2836/1419 517/3139/1415
f 513/3140/1416 514/3128/1402 510/3130/1404
f 514/3128/1402 2271/3142/1420 2272/3132/1407
f 513/3140/1416 2145/2832/1421 518/3143/1422
f 518/3143/1422 3287/2831/1423 2271/3142/1420
f 523/3144/1424 520/3145/1425 519/3146/1426
f 520/3145/1425 2208/2347/1427 2209/2343/1428
f 2269/3137/1412 524/3147/1429 523/3144/1424
f 2268/3138/1414 2208/2347/1427 524/3147/1429
f 520/3145/1425 521/3148/1430 519/3146/1426
f 525/3149/1431 2248/3040/1273 521/3148/1430
f 520/3145/1425 2210/2342/1432 525/3149/1431
f 2210/2342/1432 2249/3042/1275 525/3149/1431
f 521/3148/1430 522/3150/1433 519/3146/1426
f 522/3150/1433 2150/3151/1434 2149/2848/1435
f 521/3148/1430 2247/3051/1288 526/3152/1436
f 526/3152/1436 3279/2852/1437 2150/3151/1434
f 522/3150/1433 523/3144/1424 519/3146/1426
f 527/3153/1438 2269/3137/1412 523/3144/1424
f 522/3150/1433 2148/2850/1439 527/3153/1438
f 527/3153/1438 3268/2849/1440 2270/3141/1418
f 532/3154/1441 529/3155/1442 528/3156/1443
f 529/3155/1442 2211/2364/1444 2212/2357/1445
f 2251/3157/1300 533/3158/1446 532/3154/1441
f 2250/3159/1302 2211/2364/1444 533/3158/1446
f 528/3156/1443 534/3160/1447 530/3161/1448
f 534/3160/1447 2272/3132/1407 530/3161/1448
f 2212/2357/1445 534/3160/1447 529/3155/1442
f 2213/2359/1449 2273/3133/1408 534/3160/1447
f 528/3156/1443 535/3162/1450 531/3163/1451
f 531/3163/1451 2153/2872/1452 2152/2867/1453
f 530/3161/1448 2271/3142/1420 535/3162/1450
f 535/3162/1450 3287/2831/1423 2153/2872/1452
f 528/3156/1443 536/3164/1454 532/3154/1441
f 532/3154/1441 2252/3165/1306 2251/3157/1300
f 531/3163/1451 2151/2870/1455 536/3164/1454
f 536/3164/1454 3262/2869/1307 2252/3165/1306
f 547/3166/144 538/3167/144 537/3168/144
f 538/3167/144 2091/3169/144 2092/3170/144
f 547/3166/144 2088/3171/144 548/3172/144
f 548/3172/144 3258/3173/144 2091/3169/144
f 538/3167/144 539/3174/144 537/3168/144
f 549/3175/144 2008/3176/144 539/3174/144
f 2092/3170/144 549/3175/144 538/3167/144
f 2093/3177/144 2007/3178/144 549/3175/144
f 539/3174/144 540/3179/144 537/3168/144
f 540/3179/144 1998/3180/144 1999/3181/144
f 539/3174/144 2009/3182/144 550/3183/144
f 550/3183/144 3243/3184/144 1998/3180/144
f 540/3179/144 541/3185/144 537/3168/144
f 551/3186/144 2002/3187/144 541/3185/144
f 1999/3181/144 551/3186/144 540/3179/144
f 551/3186/144 3244/3188/144 2001/3189/144
f 541/3185/144 542/3190/144 537/3168/144
f 552/3191/144 1984/3192/144 542/3190/144
f 2002/3187/144 552/3191/144 541/3185/144
f 552/3191/144 3235/3193/144 1985/3194/144
f 542/3190/144 543/3195/144 537/3168/144
f 553/3196/144 2029/3197/144 543/3195/144
f 1984/3192/144 553/3196/144 542/3190/144
f 553/3196/144 3234/3198/144 2028/3199/144
f 543/3195/144 544/3200/144 537/3168/144
f 554/3201/144 1996/3202/144 544/3200/144
f 2029/3197/144 554/3201/144 543/3195/144
f 554/3201/144 3242/3203/144 1997/3204/144
f 544/3200/144 545/3205/144 537/3168/144
f 555/3206/144 2020/3207/144 545/3205/144
f 1996/3202/144 555/3206/144 544/3200/144
f 555/3206/144 3232/3208/144 2021/3209/144
f 545/3205/144 546/3210/144 537/3168/144
f 546/3210/144 2015/3211/144 2014/3212/144
f 545/3205/144 2019/3213/144 556/3214/144
f 556/3214/144 3247/3215/144 2015/3211/144
f 546/3210/144 547/3166/144 537/3168/144
f 557/3216/144 2089/3217/144 547/3166/144
f 2014/3212/144 557/3216/144 546/3210/144
f 2013/3218/144 2090/3219/144 557/3216/144
f 568/3220/177 559/3221/177 558/3222/177
f 559/3221/177 2042/2678/177 2041/2676/177
f 568/3220/177 2052/2582/177 569/3223/1456
f 569/3223/1456 3255/2585/177 2042/2678/177
f 559/3221/177 560/3224/177 558/3222/177
f 560/3224/177 2057/2626/177 2056/2623/177
f 2041/2676/177 570/3225/177 559/3221/177
f 570/3225/177 3250/2627/1457 2057/2626/177
f 560/3224/177 561/3226/177 558/3222/177
f 571/3227/177 2035/2560/177 561/3226/177
f 2056/2623/177 571/3227/177 560/3224/177
f 571/3227/177 3253/2566/177 2034/2565/177
f 561/3226/177 562/3228/177 558/3222/177
f 572/3229/177 2059/2640/177 562/3228/177
f 2035/2560/177 572/3229/177 561/3226/177
f 572/3229/177 3254/2562/177 2060/2642/177
f 562/3228/177 563/3230/177 558/3222/177
f 573/3231/177 2044/2604/177 563/3230/177
f 2059/2640/177 573/3231/177 562/3228/177
f 573/3231/177 3256/2608/177 2045/2607/177
f 563/3230/177 564/3232/177 558/3222/177
f 574/3233/177 2032/2537/177 564/3232/177
f 563/3230/177 2043/2603/177 574/3233/177
f 574/3233/177 3252/2543/1456 2033/2542/177
f 564/3232/177 565/3234/177 558/3222/177
f 565/3234/177 2048/2661/177 2047/2657/177
f 564/3232/177 2031/2539/177 575/3235/1457
f 575/3235/1457 3251/2662/177 2048/2661/177
f 565/3234/177 566/3236/177 558/3222/177
f 576/3237/177 2038/3238/177 566/3236/177
f 2047/2657/177 576/3237/177 565/3234/177
f 2046/2659/177 2039/3239/177 576/3237/177
f 566/3236/177 567/3240/177 558/3222/177
f 577/3241/177 2050/3242/177 567/3240/177
f 2038/3238/177 577/3241/177 566/3236/177
f 577/3241/177 3249/3243/177 2051/3244/177
f 567/3240/177 568/3220/177 558/3222/177
f 578/3245/177 2053/2583/177 568/3220/177
f 2050/3242/177 578/3245/177 567/3240/177
f 2049/3246/177 2054/2588/177 578/3245/177
f 583/3247/1458 580/3248/1459 579/3249/1458
f 584/3250/1459 2275/3251/1460 580/3248/1459
f 3722/3252/1458 584/3250/1459 583/3247/1458
f 3723/3253/1459 2274/3254/1460 584/3250/1459
f 580/3248/1459 581/3255/1458 579/3249/1458
f 585/3256/1459 3717/3257/1458 581/3255/1458
f 2275/3251/1460 585/3256/1459 580/3248/1459
f 2276/3258/1460 3718/3259/1459 585/3256/1459
f 581/3255/1458 582/3260/1461 579/3249/1458
f 586/3261/1461 2287/3262/23 582/3260/1461
f 3717/3257/1458 586/3261/1461 581/3255/1458
f 3716/3263/1461 2288/3264/23 586/3261/1461
f 582/3260/1461 583/3247/1458 579/3249/1458
f 587/3265/1461 3722/3252/1458 583/3247/1458
f 2287/3262/23 587/3265/1461 582/3260/1461
f 2286/3266/23 3721/3267/1461 587/3265/1461
f 592/3268/1462 589/3269/1463 588/3270/1462
f 593/3271/1463 2287/3272/23 589/3269/1463
f 3759/3273/1462 593/3271/1463 592/3268/1462
f 3760/3274/1463 2286/3275/23 593/3271/1463
f 589/3269/1463 590/3276/1462 588/3270/1462
f 594/3277/1463 3727/3278/1462 590/3276/1462
f 2287/3272/23 594/3277/1463 589/3269/1463
f 2288/3279/23 3728/3280/1463 594/3277/1463
f 590/3276/1462 591/3281/1464 588/3270/1462
f 595/3282/1464 2353/3283/1465 591/3281/1464
f 3727/3278/1462 595/3282/1464 590/3276/1462
f 3726/3284/1464 2354/3285/1465 595/3282/1464
f 591/3281/1464 592/3268/1462 588/3270/1462
f 596/3286/1464 3759/3273/1462 592/3268/1462
f 2353/3283/1465 596/3286/1464 591/3281/1464
f 2352/3287/1465 3758/3288/1464 596/3286/1464
f 601/3289/1466 598/3290/1467 597/3291/531
f 602/3292/1467 2338/3293/1468 598/3290/1467
f 3755/3294/531 602/3292/1467 601/3289/1466
f 3756/3295/1467 2337/3296/1468 602/3292/1467
f 598/3290/1467 599/3297/1466 597/3291/531
f 603/3298/1467 3752/3299/1469 599/3297/1466
f 2338/3293/1468 603/3298/1467 598/3290/1467
f 2339/3300/1468 3753/3301/1467 603/3298/1467
f 599/3297/1466 600/3302/1470 597/3291/531
f 604/3303/1470 2275/3251/1460 600/3302/1470
f 3752/3299/1469 604/3303/1470 599/3297/1466
f 3751/3304/1471 2276/3258/1460 604/3303/1470
f 600/3302/1470 601/3289/1466 597/3291/531
f 605/3305/1470 3755/3294/531 601/3289/1466
f 2275/3251/1460 605/3305/1470 600/3302/1470
f 2274/3254/1460 3754/3306/1470 605/3305/1470
f 610/3307/20 607/3308/1472 606/3309/20
f 611/3310/1473 2341/3311/709 607/3308/1472
f 3707/3312/20 611/3310/1473 610/3307/20
f 3708/3313/1472 2340/3314/709 611/3310/1473
f 607/3308/1472 608/3315/20 606/3309/20
f 612/3316/1472 3741/3317/20 608/3315/20
f 2341/3311/709 612/3316/1472 607/3308/1472
f 2342/3318/709 3742/3319/1472 612/3316/1472
f 608/3315/20 609/3320/1474 606/3309/20
f 613/3321/1474 2338/3293/1468 609/3320/1474
f 3741/3317/20 613/3321/1474 608/3315/20
f 3740/3322/1474 2339/3300/1468 613/3321/1474
f 609/3320/1474 610/3307/20 606/3309/20
f 614/3323/1474 3707/3312/20 610/3307/20
f 2338/3293/1468 614/3323/1474 609/3320/1474
f 2337/3296/1468 3706/3324/1474 614/3323/1474
f 619/3325/711 616/3326/666 615/3327/711
f 620/3328/666 2344/3329/712 616/3326/666
f 3748/3330/711 620/3328/666 619/3325/711
f 3749/3331/666 2343/3332/712 620/3328/666
f 616/3326/666 617/3333/711 615/3327/711
f 621/3334/666 3745/3335/1475 617/3333/711
f 2344/3329/712 621/3334/666 616/3326/666
f 2345/3336/712 3746/3337/666 621/3334/666
f 617/3333/711 618/3338/713 615/3327/711
f 622/3339/713 2341/3311/709 618/3338/713
f 3745/3335/1475 622/3339/713 617/3333/711
f 3744/3340/713 2342/3318/709 622/3339/713
f 618/3338/713 619/3325/711 615/3327/711
f 623/3341/713 3748/3330/711 619/3325/711
f 2341/3311/709 623/3341/713 618/3338/713
f 2340/3314/709 3747/3342/713 623/3341/713
f 624/3343/1476 629/3344/1477 625/3345/1477
f 629/3344/1477 2353/3283/1465 625/3345/1477
f 3766/3346/1476 629/3344/1477 628/3347/1476
f 3767/3348/1478 2352/3287/1465 629/3344/1477
f 625/3345/1477 626/3349/1476 624/3343/1476
f 630/3350/1477 3762/3351/1476 626/3349/1476
f 2353/3283/1465 630/3350/1477 625/3345/1477
f 2354/3285/1465 3761/3352/1478 630/3350/1477
f 626/3349/1476 627/3353/1479 624/3343/1476
f 631/3354/1479 2356/3355/1480 627/3353/1479
f 3762/3351/1476 631/3354/1479 626/3349/1476
f 3763/3356/1479 2357/3357/1480 631/3354/1479
f 627/3353/1479 628/3347/1476 624/3343/1476
f 632/3358/1479 3766/3346/1476 628/3347/1476
f 2356/3355/1480 632/3358/1479 627/3353/1479
f 2355/3359/1481 3765/3360/1479 632/3358/1479
f 637/3361/8 634/3362/1482 633/3363/8
f 638/3364/1482 2356/3355/1480 634/3362/1482
f 3731/3365/8 638/3364/1482 637/3361/8
f 3732/3366/1482 2355/3359/1481 638/3364/1482
f 634/3362/1482 635/3367/8 633/3363/8
f 639/3368/1482 3769/3369/8 635/3367/8
f 2356/3355/1480 639/3368/1482 634/3362/1482
f 2357/3357/1480 3768/3370/1482 639/3368/1482
f 635/3367/8 636/3371/1483 633/3363/8
f 640/3372/1483 2299/3373/723 636/3371/1483
f 3769/3369/8 640/3372/1483 635/3367/8
f 3770/3374/1483 2300/3375/723 640/3372/1483
f 636/3371/1483 637/3361/8 633/3363/8
f 641/3376/1483 3731/3365/8 637/3361/8
f 2299/3373/723 641/3376/1483 636/3371/1483
f 2298/3377/723 3730/3378/1484 641/3376/1483
f 646/3379/724 643/3380/1485 642/3381/1486
f 647/3382/1485 2299/3373/723 643/3380/1485
f 3772/3383/724 647/3382/1485 646/3379/724
f 3773/3384/1485 2298/3377/723 647/3382/1485
f 643/3380/1485 644/3385/724 642/3381/1486
f 648/3386/1485 3736/3387/724 644/3385/724
f 2299/3373/723 648/3386/1485 643/3380/1485
f 2300/3375/723 3735/3388/1485 648/3386/1485
f 644/3385/724 645/3389/728 642/3381/1486
f 649/3390/728 2359/3391/729 645/3389/728
f 3736/3387/724 649/3390/728 644/3385/724
f 3737/3392/728 2360/3393/729 649/3390/728
f 645/3389/728 646/3379/724 642/3381/1486
f 650/3394/728 3772/3383/724 646/3379/724
f 2359/3391/729 650/3394/728 645/3389/728
f 2358/3395/729 3771/3396/728 650/3394/728
f 655/3397/730 652/3398/731 651/3399/730
f 656/3400/731 2362/3401/7 652/3398/731
f 3775/3402/730 656/3400/731 655/3397/730
f 3776/3403/731 2361/3404/7 656/3400/731
f 652/3398/731 653/3405/730 651/3399/730
f 657/3406/731 3702/3407/730 653/3405/730
f 2362/3401/7 657/3406/731 652/3398/731
f 2363/3408/7 3701/3409/731 657/3406/731
f 653/3405/730 654/3410/732 651/3399/730
f 658/3411/732 2344/3329/712 654/3410/732
f 3702/3407/730 658/3411/732 653/3405/730
f 3703/3412/732 2345/3336/712 658/3411/732
f 654/3410/732 655/3397/730 651/3399/730
f 659/3413/732 3775/3402/730 655/3397/730
f 2344/3329/712 659/3413/732 654/3410/732
f 2343/3332/712 3774/3414/732 659/3413/732
f 664/3415/733 661/3416/734 660/3417/733
f 665/3418/734 2359/3391/729 661/3416/734
f 3712/3419/733 665/3418/734 664/3415/733
f 3711/3420/734 2358/3395/729 665/3418/734
f 661/3416/734 662/3421/733 660/3417/733
f 666/3422/734 3778/3423/733 662/3421/733
f 2359/3391/729 666/3422/734 661/3416/734
f 2360/3393/729 3779/3424/734 666/3422/734
f 662/3421/733 663/3425/735 660/3417/733
f 667/3426/735 2362/3401/7 663/3425/735
f 3778/3423/733 667/3426/735 662/3421/733
f 3777/3427/735 2363/3408/7 667/3426/735
f 663/3425/735 664/3415/733 660/3417/733
f 668/3428/735 3712/3419/733 664/3415/733
f 2362/3401/7 668/3428/735 663/3425/735
f 2361/3404/7 3713/3429/735 668/3428/735
f 669/3430/1487 674/3431/1488 670/3432/1489
f 674/3431/1488 2365/3407/1490 670/3432/1489
f 2428/3433/1491 674/3431/1488 673/3434/1492
f 2429/3435/1493 2366/3412/1494 674/3431/1488
f 670/3432/1489 671/3436/1495 669/3430/1487
f 675/3437/1496 2425/3438/1497 671/3436/1495
f 2365/3407/1490 675/3437/1496 670/3432/1489
f 2364/3409/1498 2424/3439/1499 675/3437/1496
f 671/3436/1495 672/3440/1500 669/3430/1487
f 672/3440/1500 2277/3441/1501 2278/3442/1502
f 671/3436/1495 2426/3443/1497 676/3444/1503
f 676/3444/1503 3289/3445/1504 2277/3441/1501
f 669/3430/1487 677/3446/1505 673/3434/1492
f 673/3434/1492 2427/3447/1506 2428/3433/1491
f 672/3440/1500 2279/3448/1507 677/3446/1505
f 677/3446/1505 3291/3449/1508 2427/3447/1506
f 682/3450/1509 679/3451/1510 678/3452/1510
f 683/3453/1511 2368/3312/1510 679/3451/1510
f 2434/3454/1512 683/3453/1511 682/3450/1509
f 2435/3455/1513 2369/3313/1514 683/3453/1511
f 679/3451/1510 680/3456/1515 678/3452/1510
f 684/3457/1516 2431/3458/1517 680/3456/1515
f 2368/3312/1510 684/3457/1516 679/3451/1510
f 2367/3324/1518 2430/3459/1519 684/3457/1516
f 678/3452/1510 685/3460/1520 681/3461/1521
f 681/3461/1521 2280/3462/1522 2281/3463/1523
f 680/3456/1515 2432/3464/1524 685/3460/1520
f 685/3460/1520 3303/3465/1525 2280/3462/1522
f 678/3452/1510 686/3466/1526 682/3450/1509
f 682/3450/1509 2433/3467/1527 2434/3454/1512
f 681/3461/1521 2282/3468/1528 686/3466/1526
f 686/3466/1526 3304/3469/1529 2433/3467/1527
f 687/3470/1530 692/3471/1531 688/3472/1532
f 692/3471/1531 2371/3419/1533 688/3472/1532
f 2440/3473/1534 692/3471/1531 691/3474/1535
f 2441/3475/1536 2370/3420/1537 692/3471/1531
f 688/3472/1532 689/3476/1538 687/3470/1530
f 693/3477/1539 2437/3478/1540 689/3476/1538
f 688/3472/1532 2372/3429/1541 693/3477/1539
f 2372/3429/1541 2436/3479/1540 693/3477/1539
f 687/3470/1530 694/3480/1542 690/3481/1543
f 694/3480/1542 2284/3482/1544 690/3481/1543
f 689/3476/1538 2438/3483/1545 694/3480/1542
f 694/3480/1542 3293/3484/1546 2285/3485/1547
f 687/3470/1530 695/3486/1548 691/3474/1535
f 691/3474/1535 2439/3487/1549 2440/3473/1534
f 690/3481/1543 2283/3488/1550 695/3486/1548
f 2283/3488/1550 2439/3487/1549 695/3486/1548
f 700/3489/1551 697/3490/1552 696/3491/1553
f 701/3492/1554 2374/3257/1555 697/3490/1552
f 2446/3493/1556 701/3492/1554 700/3489/1551
f 2447/3494/1557 2373/3263/1558 701/3492/1554
f 697/3490/1552 698/3495/1559 696/3491/1553
f 702/3496/1560 2443/3497/1561 698/3495/1559
f 2374/3257/1555 702/3496/1560 697/3490/1552
f 2375/3259/1562 2442/3498/1563 702/3496/1560
f 696/3491/1553 703/3499/1564 699/3500/1565
f 699/3500/1565 2291/3501/1566 2290/3502/1567
f 2443/3497/1561 703/3499/1564 698/3495/1559
f 703/3499/1564 3316/3503/1568 2291/3501/1566
f 699/3500/1565 700/3489/1551 696/3491/1553
f 700/3489/1551 2445/3504/1569 2446/3493/1556
f 699/3500/1565 2289/3505/1570 704/3506/1571
f 704/3506/1571 3315/3507/1572 2445/3504/1569
f 709/3508/1573 706/3509/1574 705/3510/1575
f 710/3511/1576 2377/3252/1577 706/3509/1574
f 2452/3512/1578 710/3511/1576 709/3508/1573
f 2453/3513/1579 2378/3253/1580 710/3511/1576
f 706/3509/1574 707/3514/1581 705/3510/1575
f 711/3515/1582 2449/3516/1583 707/3514/1581
f 2377/3252/1577 711/3515/1582 706/3509/1574
f 2376/3267/1584 2448/3517/1585 711/3515/1582
f 707/3514/1581 708/3518/1586 705/3510/1575
f 708/3518/1586 2292/3519/1587 2293/3520/1588
f 707/3514/1581 2450/3521/1589 712/3522/1590
f 712/3522/1590 3317/3523/1591 2292/3519/1587
f 705/3510/1575 713/3524/1592 709/3508/1573
f 713/3524/1592 2452/3512/1578 709/3508/1573
f 708/3518/1586 2294/3525/1593 713/3524/1592
f 713/3524/1592 3318/3526/1594 2451/3527/1595
f 718/3528/1596 715/3529/1597 714/3530/1598
f 719/3531/1599 2380/3278/1600 715/3529/1597
f 2455/3532/1601 719/3531/1599 718/3528/1596
f 2456/3533/1602 2379/3284/1603 719/3531/1599
f 715/3529/1597 716/3534/1604 714/3530/1598
f 720/3535/1605 2446/3536/1556 716/3534/1604
f 715/3529/1597 2381/3280/1606 720/3535/1605
f 2381/3280/1606 2447/3537/1557 720/3535/1605
f 714/3530/1598 721/3538/1607 717/3539/1608
f 721/3538/1607 2296/3540/1609 717/3539/1608
f 716/3534/1604 2445/3541/1569 721/3538/1607
f 721/3538/1607 3315/3542/1572 2297/3543/1610
f 714/3530/1598 722/3544/1611 718/3528/1596
f 718/3528/1596 2454/3545/1612 2455/3532/1601
f 717/3539/1608 2295/3546/1613 722/3544/1611
f 2295/3546/1613 2454/3545/1612 722/3544/1611
f 727/3547/1614 724/3548/1615 723/3549/1616
f 728/3550/1617 2383/3365/1618 724/3548/1615
f 2461/3551/1619 728/3550/1617 727/3547/1614
f 2462/3552/1620 2384/3366/1621 728/3550/1617
f 724/3548/1615 725/3553/1622 723/3549/1616
f 729/3554/1623 2458/3555/1624 725/3553/1622
f 2383/3365/1618 729/3554/1623 724/3548/1615
f 2382/3378/1625 2457/3556/1626 729/3554/1623
f 723/3549/1616 730/3557/1627 726/3558/1628
f 726/3558/1628 2301/3559/1629 2302/3560/1630
f 725/3553/1622 2459/3561/1631 730/3557/1627
f 730/3557/1627 3320/3562/1632 2301/3559/1629
f 723/3549/1616 731/3563/1633 727/3547/1614
f 727/3547/1614 2460/3564/1634 2461/3551/1619
f 726/3558/1628 2303/3565/1635 731/3563/1633
f 731/3563/1633 3299/3566/1636 2460/3564/1634
f 736/3567/1637 733/3568/1638 732/3569/1639
f 737/3570/1640 2386/3387/1641 733/3568/1638
f 2467/3571/1642 737/3570/1640 736/3567/1637
f 2468/3572/1643 2387/3392/1644 737/3570/1640
f 733/3568/1638 734/3573/1645 732/3569/1639
f 738/3574/1646 2464/3575/1647 734/3573/1645
f 2386/3387/1641 738/3574/1646 733/3568/1638
f 2385/3388/1648 2463/3576/1649 738/3574/1646
f 732/3569/1639 739/3577/1650 735/3578/1651
f 735/3578/1651 2304/3579/1652 2305/3580/1653
f 2464/3575/1647 739/3577/1650 734/3573/1645
f 739/3577/1650 3322/3581/1654 2304/3579/1652
f 735/3578/1651 736/3567/1637 732/3569/1639
f 736/3567/1637 2466/3582/1655 2467/3571/1642
f 735/3578/1651 2306/3583/1656 740/3584/1657
f 740/3584/1657 3302/3585/1658 2466/3582/1655
f 745/3586/1659 742/3587/1660 741/3588/1661
f 746/3589/1662 2389/3317/1663 742/3587/1660
f 2473/3590/1664 746/3589/1662 745/3586/1659
f 2474/3591/1665 2388/3322/1666 746/3589/1662
f 742/3587/1660 743/3592/1667 741/3588/1661
f 747/3593/1668 2470/3594/1669 743/3592/1667
f 2389/3317/1663 747/3593/1668 742/3587/1660
f 2390/3319/1670 2469/3595/1671 747/3593/1668
f 741/3588/1661 748/3596/1672 744/3597/1673
f 744/3597/1673 2309/3598/1674 2308/3599/1675
f 743/3592/1667 2471/3600/1676 748/3596/1672
f 748/3596/1672 3290/3601/1677 2309/3598/1674
f 741/3588/1661 749/3602/1678 745/3586/1659
f 745/3586/1659 2472/3603/1679 2473/3590/1664
f 744/3597/1673 2307/3604/1680 749/3602/1678
f 749/3602/1678 3292/3605/1681 2472/3603/1679
f 754/3606/1682 751/3607/1683 750/3608/1684
f 755/3609/1685 2392/3335/1686 751/3607/1683
f 2470/3594/1669 755/3609/1685 754/3606/1682
f 2469/3595/1671 2391/3340/1687 755/3609/1685
f 751/3607/1683 752/3610/1688 750/3608/1684
f 756/3611/1689 2428/3433/1491 752/3610/1688
f 751/3607/1683 2393/3337/1690 756/3611/1689
f 2393/3337/1690 2429/3435/1493 756/3611/1689
f 750/3608/1684 757/3612/1691 753/3613/1692
f 753/3613/1692 2312/3614/1693 2311/3615/1694
f 752/3610/1688 2427/3447/1506 757/3612/1691
f 757/3612/1691 3291/3449/1508 2312/3614/1693
f 753/3613/1692 754/3606/1682 750/3608/1684
f 758/3616/1695 2470/3594/1669 754/3606/1682
f 753/3613/1692 2310/3617/1696 758/3616/1695
f 758/3616/1695 3290/3601/1677 2471/3600/1676
f 763/3618/1697 760/3619/1698 759/3620/1699
f 760/3619/1698 2396/3331/1700 2395/3330/1701
f 2476/3621/1702 764/3622/1703 763/3618/1697
f 2477/3623/1704 2396/3331/1700 764/3622/1703
f 760/3619/1698 761/3624/1705 759/3620/1699
f 765/3625/1706 2434/3454/1512 761/3624/1705
f 2395/3330/1701 765/3625/1706 760/3619/1698
f 2394/3342/1705 2435/3455/1513 765/3625/1706
f 761/3624/1705 762/3626/1707 759/3620/1699
f 762/3626/1707 2313/3627/1708 2314/3628/1709
f 2434/3454/1512 766/3629/1710 761/3624/1705
f 766/3629/1710 3304/3469/1529 2313/3627/1708
f 759/3620/1699 767/3630/1711 763/3618/1697
f 763/3618/1697 2475/3631/1712 2476/3621/1702
f 762/3626/1707 2315/3632/1713 767/3630/1711
f 767/3630/1711 3306/3633/1714 2475/3631/1712
f 772/3634/1715 769/3635/1716 768/3636/1717
f 773/3637/1718 2398/3299/1719 769/3635/1716
f 2443/3497/1561 773/3637/1718 772/3634/1715
f 2442/3498/1563 2397/3304/1720 773/3637/1718
f 769/3635/1716 770/3638/1721 768/3636/1717
f 774/3639/1722 2473/3590/1664 770/3638/1721
f 2398/3299/1719 774/3639/1722 769/3635/1716
f 2399/3301/1723 2474/3591/1665 774/3639/1722
f 770/3638/1721 771/3640/1724 768/3636/1717
f 771/3640/1724 2318/3641/1725 2317/3642/1726
f 2473/3590/1664 775/3643/1727 770/3638/1721
f 775/3643/1727 3292/3605/1681 2318/3641/1725
f 768/3636/1717 776/3644/1728 772/3634/1715
f 772/3634/1715 2444/3645/1729 2443/3497/1561
f 2317/3642/1726 776/3644/1728 771/3640/1724
f 776/3644/1728 3316/3503/1568 2444/3645/1729
f 781/3646/1730 778/3647/1731 777/3648/1732
f 782/3649/1733 2401/3294/1734 778/3647/1731
f 2431/3458/1517 782/3649/1733 781/3646/1730
f 2430/3459/1519 2402/3295/1735 782/3649/1733
f 778/3647/1731 779/3650/1736 777/3648/1732
f 783/3651/1737 2452/3512/1578 779/3650/1736
f 778/3647/1731 2400/3306/1738 783/3651/1737
f 2400/3306/1738 2453/3513/1579 783/3651/1737
f 777/3648/1732 784/3652/1739 780/3653/1732
f 784/3652/1739 2320/3654/1740 780/3653/1732
f 779/3650/1736 2451/3527/1595 784/3652/1739
f 784/3652/1739 3318/3526/1594 2319/3655/1741
f 780/3653/1732 781/3646/1730 777/3648/1732
f 785/3656/1742 2431/3458/1517 781/3646/1730
f 780/3653/1732 2321/3657/1743 785/3656/1742
f 785/3656/1742 3303/3465/1525 2432/3464/1524
f 790/3658/1744 787/3659/1745 786/3660/1746
f 787/3659/1745 2405/3274/1747 2404/3273/1748
f 2449/3661/1583 791/3662/1749 790/3658/1744
f 2448/3663/1585 2405/3274/1747 791/3662/1749
f 787/3659/1745 788/3664/1750 786/3660/1746
f 792/3665/1751 2479/3666/1752 788/3664/1750
f 2404/3273/1748 792/3665/1751 787/3659/1745
f 2403/3288/1753 2478/3667/1754 792/3665/1751
f 786/3660/1746 793/3668/1755 789/3669/1756
f 789/3669/1756 2322/3670/1757 2323/3671/1758
f 788/3664/1750 2480/3672/1759 793/3668/1755
f 2480/3672/1759 2322/3670/1757 793/3668/1755
f 786/3660/1746 794/3673/1760 790/3658/1744
f 790/3658/1744 2450/3674/1589 2449/3661/1583
f 2323/3671/1758 794/3673/1760 789/3669/1756
f 794/3673/1760 3317/3675/1591 2450/3674/1589
f 799/3676/1761 796/3677/1762 795/3678/1763
f 800/3679/1764 2407/3351/1765 796/3677/1762
f 2482/3680/1766 800/3679/1764 799/3676/1761
f 2483/3681/1767 2408/3356/1768 800/3679/1764
f 796/3677/1762 797/3682/1769 795/3678/1763
f 801/3683/1770 2455/3532/1601 797/3682/1769
f 2407/3351/1765 801/3683/1770 796/3677/1762
f 2406/3352/1771 2456/3533/1602 801/3683/1770
f 797/3682/1769 798/3684/1772 795/3678/1763
f 798/3684/1772 2325/3685/1773 2326/3686/1774
f 797/3682/1769 2454/3545/1612 802/3687/1775
f 802/3687/1775 3298/3688/1776 2325/3685/1773
f 795/3678/1763 803/3689/1777 799/3676/1761
f 803/3689/1777 2482/3680/1766 799/3676/1761
f 798/3684/1772 2327/3690/1778 803/3689/1777
f 803/3689/1777 3308/3691/1779 2481/3692/1780
f 808/3693/1781 805/3694/1782 804/3695/1783
f 809/3696/1784 2410/3346/1785 805/3694/1782
f 2479/3666/1752 809/3696/1784 808/3693/1781
f 2478/3667/1754 2411/3348/1786 809/3696/1784
f 805/3694/1782 806/3697/1787 804/3695/1783
f 810/3698/1788 2461/3551/1619 806/3697/1787
f 2410/3346/1785 810/3698/1788 805/3694/1782
f 2409/3360/1789 2462/3552/1620 810/3698/1788
f 806/3697/1787 807/3699/1790 804/3695/1783
f 807/3699/1790 2328/3700/1791 2329/3701/1792
f 2461/3551/1619 811/3702/1793 806/3697/1787
f 811/3702/1793 3299/3566/1636 2328/3700/1791
f 804/3695/1783 812/3703/1794 808/3693/1781
f 808/3693/1781 2480/3672/1759 2479/3666/1752
f 807/3699/1790 2330/3704/1795 812/3703/1794
f 812/3703/1794 3307/3705/1796 2480/3672/1759
f 817/3706/1797 814/3707/1798 813/3708/1799
f 818/3709/1800 2413/3369/1801 814/3707/1798
f 2464/3575/1647 818/3709/1800 817/3706/1797
f 2463/3576/1649 2414/3374/1802 818/3709/1800
f 814/3707/1798 815/3710/1803 813/3708/1799
f 819/3711/1804 2482/3680/1766 815/3710/1803
f 2413/3369/1801 819/3711/1804 814/3707/1798
f 2412/3370/1805 2483/3681/1767 819/3711/1804
f 813/3708/1799 820/3712/1806 816/3713/1807
f 816/3713/1807 2331/3714/1808 2332/3715/1809
f 815/3710/1803 2481/3692/1780 820/3712/1806
f 820/3712/1806 3308/3691/1779 2331/3714/1808
f 813/3708/1799 821/3716/1810 817/3706/1797
f 817/3706/1797 2465/3717/1811 2464/3575/1647
f 816/3713/1807 2333/3718/1812 821/3716/1810
f 821/3716/1810 3322/3581/1654 2465/3717/1811
f 826/3719/1813 823/3720/1814 822/3721/1815
f 827/3722/1816 2416/3383/1817 823/3720/1814
f 2458/3555/1624 827/3722/1816 826/3719/1813
f 2457/3556/1626 2417/3384/1818 827/3722/1816
f 823/3720/1814 824/3723/1819 822/3721/1815
f 828/3724/1820 2440/3473/1534 824/3723/1819
f 2416/3383/1817 828/3724/1820 823/3720/1814
f 2415/3396/1821 2441/3475/1536 828/3724/1820
f 824/3723/1819 825/3725/1822 822/3721/1815
f 825/3725/1822 2334/3726/1823 2335/3727/1824
f 824/3723/1819 2439/3487/1549 829/3728/1825
f 829/3728/1825 3305/3729/1826 2334/3726/1823
f 822/3721/1815 830/3730/1827 826/3719/1813
f 830/3730/1827 2458/3555/1624 826/3719/1813
f 825/3725/1822 2336/3731/1828 830/3730/1827
f 830/3730/1827 3320/3562/1632 2459/3561/1631
f 835/3732/1829 832/3733/1830 831/3734/1831
f 836/3735/1832 2419/3402/1833 832/3733/1830
f 2437/3478/1540 836/3735/1832 835/3732/1829
f 2436/3479/1540 2420/3403/1834 836/3735/1832
f 831/3734/1831 837/3736/1835 833/3737/1836
f 837/3736/1835 2476/3621/1702 833/3737/1836
f 2419/3402/1833 837/3736/1835 832/3733/1830
f 2418/3414/1837 2477/3623/1704 837/3736/1835
f 831/3734/1831 838/3738/1838 834/3739/1839
f 834/3739/1839 2346/3740/1840 2347/3741/1841
f 833/3737/1836 2475/3631/1712 838/3738/1838
f 838/3738/1838 3306/3633/1714 2346/3740/1840
f 834/3739/1839 835/3732/1829 831/3734/1831
f 835/3732/1829 2438/3483/1545 2437/3478/1540
f 834/3739/1839 2348/3742/1842 839/3743/1843
f 839/3743/1843 3293/3484/1546 2438/3483/1545
f 844/3744/1844 841/3745/1845 840/3746/1846
f 841/3745/1845 2421/3427/1847 2422/3423/1848
f 2425/3438/1497 845/3747/1849 844/3744/1844
f 2424/3439/1499 2421/3427/1847 845/3747/1849
f 840/3746/1846 846/3748/1850 842/3749/1851
f 846/3748/1850 2467/3571/1642 842/3749/1851
f 2422/3423/1848 846/3748/1850 841/3745/1845
f 2423/3424/1852 2468/3572/1643 846/3748/1850
f 840/3746/1846 847/3750/1853 843/3751/1854
f 843/3751/1854 2351/3752/1855 2350/3753/1856
f 842/3749/1851 2466/3582/1655 847/3750/1853
f 2466/3582/1655 2351/3752/1855 847/3750/1853
f 840/3746/1846 848/3754/1857 844/3744/1844
f 844/3744/1844 2426/3443/1497 2425/3438/1497
f 2350/3753/1856 848/3754/1857 843/3751/1854
f 848/3754/1857 3289/3445/1504 2426/3443/1497
f 1213/3755/23 1210/3756/23 1209/3757/23
f 1214/3758/23 4215/3759/23 1210/3756/23
f 4221/3760/23 1214/3758/23 1213/3755/23
f 4220/3761/23 4214/3762/23 1214/3758/23
f 1210/3756/23 1211/3763/23 1209/3757/23
f 1215/3764/23 4248/3765/23 1211/3763/23
f 4215/3759/23 1215/3764/23 1210/3756/23
f 4216/3766/23 4247/3767/23 1215/3764/23
f 1211/3763/23 1212/3768/23 1209/3757/23
f 1216/3769/23 4245/3770/23 1212/3768/23
f 4248/3765/23 1216/3769/23 1211/3763/23
f 4249/3771/23 4244/3772/23 1216/3769/23
f 1212/3768/23 1213/3755/23 1209/3757/23
f 1217/3773/23 4221/3760/23 1213/3755/23
f 4245/3770/23 1217/3773/23 1212/3768/23
f 4246/3774/23 4222/3775/23 1217/3773/23
f 1420/3776/144 1417/3777/144 1416/3778/144
f 1421/3779/144 4508/3780/144 1417/3777/144
f 4230/3781/144 1421/3779/144 1420/3776/144
f 4229/3782/144 4507/3783/144 1421/3779/144
f 1417/3777/144 1418/3784/144 1416/3778/144
f 1422/3785/144 4520/3786/144 1418/3784/144
f 4508/3780/144 1422/3785/144 1417/3777/144
f 4509/3787/144 4519/3788/144 1422/3785/144
f 1418/3784/144 1419/3789/144 1416/3778/144
f 1423/3790/144 2845/3791/144 1419/3789/144
f 4520/3786/144 1423/3790/144 1418/3784/144
f 4521/3792/144 2846/3793/144 1423/3790/144
f 1419/3789/144 1420/3776/144 1416/3778/144
f 1424/3794/144 4230/3781/144 1420/3776/144
f 2845/3791/144 1424/3794/144 1419/3789/144
f 2844/3795/144 4231/3796/144 1424/3794/144
f 1510/3797/7 1507/3798/7 1506/3799/7
f 1511/3800/7 4042/3801/7 1507/3798/7
f 4502/3802/7 1511/3800/7 1510/3797/7
f 4501/3803/7 4041/3804/7 1511/3800/7
f 1507/3798/7 1508/3805/7 1506/3799/7
f 1512/3806/7 3082/3807/7 1508/3805/7
f 4042/3801/7 1512/3806/7 1507/3798/7
f 4043/3808/7 3083/3809/7 1512/3806/7
f 1508/3805/7 1509/3810/7 1506/3799/7
f 1513/3811/7 3010/3812/7 1509/3810/7
f 3082/3807/7 1513/3811/7 1508/3805/7
f 3081/3813/7 3011/3814/7 1513/3811/7
f 1509/3810/7 1510/3797/7 1506/3799/7
f 1514/3815/7 4502/3802/7 1510/3797/7
f 3010/3812/7 1514/3815/7 1509/3810/7
f 3009/3816/7 4503/3817/7 1514/3815/7
f 1735/3818/177 1732/3819/177 1731/3820/177
f 1736/3821/177 2833/3822/177 1732/3819/177
f 2959/3823/177 1736/3821/177 1735/3818/177
f 2960/3824/177 2834/3825/177 1736/3821/177
f 1732/3819/177 1733/3826/177 1731/3820/177
f 1737/3827/177 4460/3828/177 1733/3826/177
f 2833/3822/177 1737/3827/177 1732/3819/177
f 2832/3829/177 4461/3830/177 1737/3827/177
f 1733/3826/177 1734/3831/177 1731/3820/177
f 1738/3832/177 3076/3833/177 1734/3831/177
f 4460/3828/177 1738/3832/177 1733/3826/177
f 4459/3834/177 3075/3835/177 1738/3832/177
f 1734/3831/177 1735/3818/177 1731/3820/177
f 1739/3836/177 2959/3823/177 1735/3818/177
f 3076/3833/177 1739/3836/177 1734/3831/177
f 3077/3837/177 2958/3838/177 1739/3836/177
f 853/1/7 854/4/7 850/2/7
f 854/4/7 3783/8/7 3784/5/7
f 3914/6/7 3913/7/7 854/4/7
f 3913/7/7 3780/3839/7 3783/8/7
f 850/2/7 855/10/7 851/9/7
f 855/10/7 3830/13/7 3829/11/7
f 3784/5/7 3785/12/7 855/10/7
f 3785/12/7 3786/3840/7 3830/13/7
f 851/9/7 856/15/7 852/14/7
f 856/15/7 3824/18/7 3823/16/7
f 3829/11/7 3828/17/7 856/15/7
f 3828/17/7 3825/3841/7 3824/18/7
f 852/14/7 857/19/7 853/1/7
f 857/19/7 3915/21/7 3914/6/7
f 3823/16/7 3822/20/7 857/19/7
f 3822/20/7 3819/3842/7 3915/21/7
f 862/22/8 863/25/8 859/23/8
f 863/25/8 2499/20/8 2500/16/8
f 3926/26/8 3925/27/8 863/25/8
f 3925/27/8 3820/3842/8 2499/20/8
f 859/23/8 864/29/8 860/28/8
f 864/29/8 3842/31/8 3841/30/8
f 2500/16/8 2501/18/8 864/29/8
f 2501/18/8 3826/3841/8 3842/31/8
f 858/24/8 860/28/8 865/32/8
f 861/33/8 865/32/8 3836/34/8
f 860/28/8 3841/30/8 3840/36/8
f 865/32/8 3840/36/8 3837/37/8
f 858/24/8 861/33/8 866/38/8
f 862/22/8 866/38/8 3927/39/8
f 861/33/8 3835/35/8 3834/40/8
f 866/38/8 3834/40/8 3831/41/8
f 871/42/7 872/45/7 868/43/7
f 872/45/7 2505/40/7 2506/35/7
f 871/42/7 3929/57/7 3928/46/7
f 872/45/7 3928/46/7 3832/41/7
f 868/43/7 873/50/7 869/47/7
f 869/47/7 873/50/7 3852/48/7
f 2506/35/7 2507/34/7 873/50/7
f 2507/34/7 3838/37/7 3852/48/7
f 869/47/7 874/52/7 870/51/7
f 874/52/7 3847/55/7 3846/53/7
f 3851/49/7 3850/54/7 874/52/7
f 3850/54/7 3848/3843/7 3847/55/7
f 870/51/7 875/56/7 871/42/7
f 875/56/7 3930/59/7 3929/57/7
f 3846/53/7 3845/58/7 875/56/7
f 3845/58/7 3843/3844/7 3930/59/7
f 3462/60/9 881/63/10 877/61/10
f 881/63/10 3869/67/12 3870/64/12
f 3463/65/11 3940/66/13 881/63/10
f 3940/66/13 3867/300/1858 3869/67/12
f 877/61/10 882/69/10 3458/68/9
f 882/69/10 3907/72/13 3459/70/9
f 3870/64/12 3871/71/12 882/69/10
f 3871/71/12 3872/295/12 3907/72/13
f 876/62/14 878/68/14 883/73/15
f 883/73/15 3894/77/17 3893/75/17
f 878/68/14 3461/70/14 3908/76/18
f 3908/76/18 3895/896/17 3894/77/17
f 876/62/14 879/74/16 884/78/15
f 880/60/14 884/78/15 3941/79/19
f 3893/75/17 3892/80/17 884/78/15
f 3892/80/17 3889/893/17 3941/79/19
f 889/81/20 890/84/20 886/82/20
f 890/84/20 3969/88/20 3968/85/20
f 3947/86/20 3948/87/20 890/84/20
f 3948/87/20 3949/3845/20 3969/88/20
f 886/82/20 891/90/20 887/89/20
f 891/90/20 3957/93/20 3958/91/20
f 3968/85/20 3967/92/20 891/90/20
f 3967/92/20 3953/3846/20 3957/93/20
f 887/89/20 892/95/20 888/94/20
f 892/95/20 3964/98/20 3965/96/20
f 3958/91/20 3959/97/20 892/95/20
f 3959/97/20 3960/3847/20 3964/98/20
f 888/94/20 893/99/20 889/81/20
f 893/99/20 3946/101/20 3947/86/20
f 3965/96/20 3966/100/20 893/99/20
f 3966/100/20 3942/3848/20 3946/101/20
f 898/102/20 899/105/20 895/103/20
f 899/105/20 2586/109/20 2587/106/20
f 3976/107/20 3977/108/20 899/105/20
f 3977/108/20 3954/3849/20 2586/109/20
f 895/103/20 900/111/20 896/110/20
f 900/111/20 3972/114/20 3973/112/20
f 2587/106/20 2588/113/20 900/111/20
f 2588/113/20 3950/3850/20 3972/114/20
f 896/110/20 901/116/20 897/115/20
f 901/116/20 2591/119/20 2590/117/20
f 3973/112/20 3974/118/20 901/116/20
f 3974/118/20 3971/3851/20 2591/119/20
f 897/115/20 902/120/20 898/102/20
f 902/120/20 3975/122/20 3976/107/20
f 2590/117/20 2589/121/20 902/120/20
f 2589/121/20 3970/3852/20 3975/122/20
f 907/123/20 908/126/20 904/124/20
f 908/126/20 2585/130/20 2584/127/20
f 3984/128/20 3985/129/20 908/126/20
f 3985/129/20 3943/3853/20 2585/130/20
f 904/124/20 909/132/20 905/131/20
f 909/132/20 3980/135/20 3981/133/20
f 2584/127/20 2583/134/20 909/132/20
f 2583/134/20 3961/3854/20 3980/135/20
f 905/131/20 910/137/20 906/136/20
f 910/137/20 2598/140/20 2599/138/20
f 3981/133/20 3982/139/20 910/137/20
f 3982/139/20 3978/3855/20 2598/140/20
f 906/136/20 911/141/20 907/123/20
f 911/141/20 3983/143/20 3984/128/20
f 2599/138/20 2600/142/20 911/141/20
f 2600/142/20 3979/3856/20 3983/143/20
f 916/144/20 917/147/20 913/145/20
f 917/147/20 2582/151/20 2581/148/20
f 3992/149/20 3993/150/20 917/147/20
f 3993/150/20 3962/3857/20 2582/151/20
f 913/145/20 918/153/20 914/152/20
f 918/153/20 3988/156/20 3989/154/20
f 2581/148/20 2580/155/20 918/153/20
f 2580/155/20 3955/3858/20 3988/156/20
f 914/152/20 919/158/20 915/157/20
f 919/158/20 2607/161/20 2608/159/20
f 3989/154/20 3990/160/20 919/158/20
f 3990/160/20 3986/3859/20 2607/161/20
f 915/157/20 920/162/20 916/144/20
f 920/162/20 3991/164/20 3992/149/20
f 2608/159/20 2609/163/20 920/162/20
f 2609/163/20 3987/3860/20 3991/164/20
f 925/165/20 926/168/20 922/166/20
f 926/168/20 2579/172/20 2578/169/20
f 4000/170/20 4001/171/20 926/168/20
f 4001/171/20 3951/3861/20 2579/172/20
f 922/166/20 927/174/20 923/173/20
f 927/174/20 3996/177/20 3997/175/20
f 2578/169/20 2577/176/20 927/174/20
f 2577/176/20 3944/3862/20 3996/177/20
f 923/173/20 928/179/20 924/178/20
f 928/179/20 2616/182/20 2617/180/20
f 3997/175/20 3998/181/20 928/179/20
f 3998/181/20 3994/3863/20 2616/182/20
f 924/178/20 929/183/20 925/165/20
f 929/183/20 3999/185/20 4000/170/20
f 2617/180/20 2618/184/20 929/183/20
f 2618/184/20 3995/3864/20 3999/185/20
f 934/186/8 935/189/8 931/187/8
f 935/189/8 2511/58/8 2512/53/8
f 2680/190/8 2681/191/8 935/189/8
f 2681/191/8 3844/3844/8 2511/58/8
f 931/187/8 936/193/8 932/192/8
f 936/193/8 2517/195/8 2518/194/8
f 2512/53/8 2513/55/8 936/193/8
f 2513/55/8 3849/3843/8 2517/195/8
f 930/188/8 932/192/8 937/196/8
f 933/197/8 937/196/8 4037/198/8
f 932/192/8 2518/194/8 2519/200/8
f 937/196/8 2519/200/8 3858/201/8
f 930/188/8 933/197/8 938/202/8
f 934/186/8 938/202/8 2679/203/8
f 933/197/8 4036/199/8 4035/204/8
f 938/202/8 4035/204/8 3866/205/8
f 943/206/21 944/209/21 940/207/21
f 944/209/21 4004/213/21 4003/210/21
f 3814/211/21 3813/212/21 944/209/21
f 3813/212/21 3810/283/21 4004/213/21
f 940/207/21 945/215/21 941/214/21
f 945/215/21 3809/218/21 3808/216/22
f 4003/210/21 4002/217/21 945/215/21
f 4002/217/21 3796/280/21 3809/218/21
f 939/208/21 941/214/21 946/219/21
f 942/220/21 946/219/21 4014/221/22
f 941/214/21 3808/216/22 3807/223/21
f 946/219/21 3807/223/21 3804/224/22
f 939/208/21 942/220/21 947/225/21
f 943/206/21 947/225/21 3815/226/21
f 942/220/21 4015/222/22 4016/227/22
f 947/225/21 4016/227/22 3816/228/22
f 952/229/20 953/232/20 949/230/20
f 953/232/20 2486/12/20 2485/5/20
f 3802/233/20 3803/234/20 953/232/20
f 3803/234/20 3787/3840/20 2486/12/20
f 949/230/20 954/236/20 950/235/20
f 954/236/20 4019/238/20 4018/237/20
f 2485/5/20 2484/8/20 954/236/20
f 2484/8/20 3781/3839/20 4019/238/20
f 948/231/20 950/235/20 955/239/20
f 951/240/20 955/239/20 4068/241/20
f 950/235/20 4018/237/20 4017/243/20
f 955/239/20 4017/243/20 3790/244/20
f 948/231/20 951/240/20 956/245/20
f 952/229/20 956/245/20 3801/246/20
f 951/240/20 4069/242/20 4070/247/20
f 956/245/20 4070/247/20 3798/248/20
f 961/249/23 962/252/23 958/250/23
f 962/252/23 2633/227/23 2632/222/23
f 3881/253/23 3882/254/23 962/252/23
f 3882/254/23 3817/228/23 2633/227/23
f 958/250/23 963/256/23 959/255/23
f 963/256/23 4065/258/23 4066/257/23
f 2632/222/23 2631/221/23 963/256/23
f 2631/221/23 3805/224/23 4065/258/23
f 959/255/23 964/260/23 960/259/23
f 964/260/23 3886/263/23 3887/261/23
f 4066/257/23 4067/262/23 964/260/23
f 4067/262/23 3883/879/23 3886/263/23
f 960/259/23 965/265/23 961/249/23
f 961/249/23 965/265/23 3880/264/23
f 3887/261/23 3888/875/23 965/265/23
f 965/265/23 3888/875/23 3877/266/23
f 970/267/20 971/270/20 967/268/20
f 971/270/20 2678/247/20 2677/242/20
f 3875/271/20 3874/272/20 971/270/20
f 3874/272/20 3799/248/20 2678/247/20
f 967/268/20 972/274/20 968/273/20
f 972/274/20 3792/276/20 3793/275/20
f 2677/242/20 2676/241/20 972/274/20
f 2676/241/20 3789/244/20 3792/276/20
f 966/269/20 968/273/20 973/277/20
f 969/278/20 973/277/20 2625/217/20
f 968/273/20 3793/275/20 3794/279/20
f 973/277/20 3794/279/20 3795/280/20
f 966/269/20 969/278/20 974/281/20
f 970/267/20 974/281/20 3876/282/20
f 969/278/20 2626/210/20 2627/213/20
f 974/281/20 2627/213/20 3811/283/20
f 979/284/24 980/287/24 976/285/25
f 980/287/24 2529/291/28 2530/288/26
f 2647/289/27 2648/290/27 980/287/24
f 2648/290/27 3347/335/40 2529/291/28
f 975/286/25 976/285/25 981/292/29
f 977/293/29 981/292/29 2528/71/30
f 976/285/25 2530/288/26 2531/294/31
f 981/292/29 2531/294/31 3873/295/32
f 975/286/25 977/293/29 982/296/29
f 978/297/25 982/296/29 2634/298/33
f 977/293/29 2527/64/30 2526/67/30
f 982/296/29 2526/67/30 3868/300/35
f 978/297/25 983/301/24 979/284/24
f 983/301/24 2646/303/27 2647/289/27
f 2635/299/34 2636/302/36 983/301/24
f 2636/302/36 3346/338/41 2646/303/27
f 988/304/7 989/307/7 985/305/7
f 989/307/7 2655/204/7 2656/199/7
f 3863/308/7 3864/309/7 989/307/7
f 3864/309/7 3865/205/7 2655/204/7
f 985/305/7 990/311/7 986/310/7
f 990/311/7 3857/313/7 3856/312/7
f 2656/199/7 2657/198/7 990/311/7
f 2657/198/7 3859/201/7 3857/313/7
f 986/310/7 991/315/7 987/314/7
f 991/315/7 4073/318/7 4072/316/7
f 3856/312/7 3855/317/7 991/315/7
f 3855/317/7 3853/3865/7 4073/318/7
f 987/314/7 992/319/7 988/304/7
f 992/319/7 3862/321/7 3863/308/7
f 4072/316/7 4071/320/7 992/319/7
f 4071/320/7 3860/3866/7 3862/321/7
f 997/322/37 998/325/37 994/323/37
f 998/325/37 2682/320/37 2683/316/37
f 2533/326/38 2532/327/38 998/325/37
f 2532/327/38 3861/3866/38 2682/320/37
f 994/323/37 999/329/37 995/328/37
f 999/329/37 2535/331/39 2536/330/39
f 2683/316/37 2684/318/37 999/329/37
f 2684/318/37 3854/3865/39 2535/331/39
f 993/324/37 995/328/37 1000/332/37
f 996/333/37 1000/332/37 2648/290/27
f 995/328/37 2536/330/39 2537/334/39
f 1000/332/37 2537/334/39 3347/335/40
f 993/324/37 996/333/37 1001/336/37
f 997/322/37 1001/336/37 2534/337/38
f 996/333/37 2647/289/27 2646/303/27
f 1001/336/37 2646/303/27 3346/338/41
f 1002/339/42 1006/344/42 1007/340/42
f 1003/341/42 1007/340/42 2603/342/42
f 1006/344/42 2695/359/42 2694/345/42
f 1007/340/42 2694/345/42 3374/346/42
f 1003/341/42 1008/348/42 1004/347/42
f 1008/348/42 4084/351/42 4085/349/42
f 2602/343/42 2601/350/42 1008/348/42
f 2601/350/42 3963/3867/42 4084/351/42
f 1002/339/42 1004/347/42 1009/352/43
f 1005/353/43 1009/352/43 4077/354/44
f 1004/347/42 4085/349/42 4086/356/43
f 1009/352/43 4086/356/43 4074/357/44
f 1005/353/43 1010/358/45 1006/344/42
f 1010/358/45 2696/361/43 2695/359/42
f 4078/355/44 4079/360/44 1010/358/45
f 4079/360/44 4080/3868/44 2696/361/43
f 1015/362/8 1016/365/8 1012/363/8
f 1016/365/8 4117/369/8 4116/366/8
f 4095/367/8 4096/368/8 1016/365/8
f 4096/368/8 4097/3869/8 4117/369/8
f 1012/363/8 1017/371/8 1013/370/8
f 1017/371/8 4105/374/8 4106/372/8
f 4116/366/8 4115/373/8 1017/371/8
f 4115/373/8 4101/3870/8 4105/374/8
f 1013/370/8 1018/376/8 1014/375/8
f 1018/376/8 4112/379/8 4113/377/8
f 4106/372/8 4107/378/8 1018/376/8
f 4107/378/8 4108/3871/8 4112/379/8
f 1014/375/8 1019/380/8 1015/362/8
f 1019/380/8 4094/382/8 4095/367/8
f 4113/377/8 4114/381/8 1019/380/8
f 4114/381/8 4090/3872/8 4094/382/8
f 1024/383/8 1025/386/8 1021/384/8
f 1025/386/8 2721/390/8 2722/387/8
f 4124/388/8 4125/389/8 1025/386/8
f 4125/389/8 4102/3873/8 2721/390/8
f 1021/384/8 1026/392/8 1022/391/8
f 1026/392/8 4120/395/8 4121/393/8
f 2722/387/8 2723/394/8 1026/392/8
f 2723/394/8 4098/3874/8 4120/395/8
f 1022/391/8 1027/397/8 1023/396/8
f 1027/397/8 2726/400/8 2725/398/8
f 4121/393/8 4122/399/8 1027/397/8
f 4122/399/8 4119/633/8 2726/400/8
f 1023/396/8 1028/401/8 1024/383/8
f 1028/401/8 4123/403/8 4124/388/8
f 2725/398/8 2724/402/8 1028/401/8
f 2724/402/8 4118/658/8 4123/403/8
f 1033/404/8 1034/407/8 1030/405/8
f 1034/407/8 2720/411/8 2719/408/8
f 4132/409/8 4133/410/8 1034/407/8
f 4133/410/8 4091/3875/8 2720/411/8
f 1030/405/8 1035/413/8 1031/412/8
f 1035/413/8 4128/416/8 4129/414/8
f 2719/408/8 2718/415/8 1035/413/8
f 2718/415/8 4109/3876/8 4128/416/8
f 1031/412/8 1036/418/8 1032/417/8
f 1036/418/8 2733/421/8 2734/419/8
f 4129/414/8 4130/420/8 1036/418/8
f 4130/420/8 4126/673/8 2733/421/8
f 1032/417/8 1037/422/8 1033/404/8
f 1037/422/8 4131/424/8 4132/409/8
f 2734/419/8 2735/423/8 1037/422/8
f 2735/423/8 4127/698/8 4131/424/8
f 1042/425/8 1043/428/8 1039/426/8
f 1043/428/8 2717/432/8 2716/429/8
f 4140/430/8 4141/431/8 1043/428/8
f 4141/431/8 4110/3877/8 2717/432/8
f 1039/426/8 1044/434/8 1040/433/8
f 1044/434/8 4136/437/8 4137/435/8
f 2716/429/8 2715/436/8 1044/434/8
f 2715/436/8 4103/3878/8 4136/437/8
f 1040/433/8 1045/439/8 1041/438/8
f 1045/439/8 2742/442/8 2743/440/8
f 4137/435/8 4138/441/8 1045/439/8
f 4138/441/8 4134/713/8 2742/442/8
f 1041/438/8 1046/443/8 1042/425/8
f 1046/443/8 4139/445/8 4140/430/8
f 2743/440/8 2744/444/8 1046/443/8
f 2744/444/8 4135/738/8 4139/445/8
f 1051/446/8 1052/449/8 1048/447/8
f 1052/449/8 2714/453/8 2713/450/8
f 4148/451/8 4149/452/8 1052/449/8
f 4149/452/8 4099/3879/8 2714/453/8
f 1048/447/8 1053/455/8 1049/454/8
f 1053/455/8 4144/458/8 4145/456/8
f 2713/450/8 2712/457/8 1053/455/8
f 2712/457/8 4092/3880/8 4144/458/8
f 1049/454/8 1054/460/8 1050/459/8
f 1054/460/8 2751/463/8 2752/461/8
f 4145/456/8 4146/462/8 1054/460/8
f 4146/462/8 4142/753/8 2751/463/8
f 1050/459/8 1055/464/8 1051/446/8
f 1055/464/8 4147/466/8 4148/451/8
f 2752/461/8 2753/465/8 1055/464/8
f 2753/465/8 4143/778/8 4147/466/8
f 1056/467/46 1060/472/46 1061/468/46
f 1057/469/46 1061/468/46 2594/470/46
f 1060/472/46 2689/487/46 2688/473/46
f 1061/468/46 2688/473/46 3372/474/46
f 1057/469/46 1062/476/46 1058/475/46
f 1062/476/46 4190/479/46 4191/477/46
f 2593/471/46 2592/478/46 1062/476/46
f 2592/478/46 3952/3881/46 4190/479/46
f 1056/467/46 1058/475/46 1063/480/47
f 1059/481/47 1063/480/47 4169/482/48
f 1058/475/46 4191/477/46 4192/484/47
f 1063/480/47 4192/484/47 4163/485/49
f 1059/481/47 1064/486/47 1060/472/46
f 1064/486/47 2690/489/47 2689/487/46
f 4170/483/49 4171/488/48 1064/486/47
f 4171/488/48 4081/3882/49 2690/489/47
f 1069/490/42 1070/493/42 1066/491/42
f 1070/493/42 2597/497/42 2596/494/42
f 4194/495/42 4195/496/42 1070/493/42
f 4195/496/42 3956/3883/42 2597/497/42
f 1065/492/42 1066/491/42 1071/498/42
f 1067/499/42 1071/498/42 2693/500/42
f 1066/491/42 2596/494/42 2595/502/42
f 1071/498/42 2595/502/42 3373/503/42
f 1067/499/42 1072/505/43 1068/504/43
f 1072/505/43 4172/508/50 4173/506/44
f 2692/501/42 2691/507/43 1072/505/43
f 2691/507/43 4082/3884/44 4172/508/50
f 1065/492/42 1068/504/43 1073/509/43
f 1069/490/42 1073/509/43 4193/510/43
f 1068/504/43 4173/506/44 4174/511/51
f 1073/509/43 4174/511/51 4160/512/44
f 1078/513/46 1079/516/46 1075/514/46
f 1079/516/46 2606/520/46 2605/517/46
f 4197/518/46 4198/519/46 1079/516/46
f 4198/519/46 3945/3885/46 2606/520/46
f 1074/515/46 1075/514/46 1080/521/46
f 1076/522/46 1080/521/46 2699/523/46
f 1075/514/46 2605/517/46 2604/525/46
f 1080/521/46 2604/525/46 3375/526/46
f 1076/522/46 1081/528/47 1077/527/47
f 1081/528/47 4175/531/49 4176/529/49
f 2698/524/46 2697/530/47 1081/528/47
f 2697/530/47 4083/3886/49 4175/531/49
f 1074/515/46 1077/527/47 1082/532/47
f 1078/513/46 1082/532/47 4196/533/47
f 1077/527/47 4176/529/49 4177/534/49
f 1082/532/47 4177/534/49 4154/535/49
f 1083/536/52 1087/541/53 1088/537/53
f 1084/538/53 1088/537/53 2612/539/53
f 1087/541/53 2704/556/62 2703/542/52
f 1088/537/53 2703/542/52 3377/543/54
f 1084/538/53 1089/545/52 1085/544/54
f 1089/545/52 2798/548/55 2797/546/52
f 2611/540/52 2610/547/52 1089/545/52
f 2610/547/52 3371/3887/55 2798/548/55
f 1083/536/52 1085/544/54 1090/549/56
f 1086/550/56 1090/549/56 4178/551/57
f 1085/544/54 2797/546/52 2796/553/59
f 1090/549/56 2796/553/59 4161/554/60
f 1086/550/56 1091/555/61 1087/541/53
f 1091/555/61 2705/558/56 2704/556/62
f 4179/552/58 4180/557/63 1091/555/61
f 4180/557/63 4087/3888/63 2705/558/56
f 1096/559/64 1097/562/66 1093/560/65
f 1097/562/66 2615/566/66 2614/563/65
f 2701/564/66 2700/565/64 1097/562/66
f 2700/565/64 3368/3889/67 2615/566/66
f 1092/561/66 1093/560/65 1098/567/65
f 1094/568/66 1098/567/65 2804/569/65
f 1093/560/65 2614/563/65 2613/571/66
f 1098/567/65 2613/571/66 3376/572/67
f 1094/568/66 1099/574/68 1095/573/68
f 1099/574/68 4181/577/69 4182/575/64
f 2803/570/65 2802/576/68 1099/574/68
f 2802/576/68 3403/3890/1859 4181/577/69
f 1092/561/66 1095/573/68 1100/578/68
f 1096/559/64 1100/578/68 2702/579/70
f 1095/573/68 4182/575/64 4183/580/69
f 1100/578/68 4183/580/69 4075/581/71
f 1101/582/66 1105/587/66 1106/583/65
f 1102/584/66 1106/583/65 2621/585/66
f 1105/587/66 2707/602/66 2706/588/65
f 1106/583/65 2706/588/65 3378/589/65
f 1102/584/66 1107/591/66 1103/590/64
f 1107/591/66 2801/594/64 2800/592/65
f 2620/586/65 2619/593/65 1107/591/66
f 2619/593/65 3369/3891/70 2801/594/64
f 1101/582/66 1103/590/64 1108/595/72
f 1104/596/68 1108/595/72 4184/597/69
f 1103/590/64 2800/592/65 2799/599/72
f 1108/595/72 2799/599/72 4155/600/69
f 1104/596/68 1109/601/68 1105/587/66
f 1109/601/68 2708/604/68 2707/602/66
f 4185/598/69 4186/603/73 1109/601/68
f 4186/603/73 4088/3892/73 2708/604/68
f 1114/605/53 1115/608/55 1111/606/52
f 1115/608/55 2624/612/52 2623/609/54
f 2794/610/54 2793/611/53 1115/608/55
f 2793/611/53 3370/3893/53 2624/612/52
f 1110/607/52 1111/606/52 1116/613/55
f 1112/614/52 1116/613/55 2711/615/52
f 1111/606/52 2623/609/54 2622/617/53
f 1116/613/55 2622/617/53 3379/618/54
f 1112/614/52 1117/620/56 1113/619/56
f 1117/620/56 4187/623/63 4188/621/60
f 2710/616/52 2709/622/56 1117/620/56
f 2709/622/56 4089/3894/57 4187/623/63
f 1110/607/52 1113/619/56 1118/624/61
f 1114/605/53 1118/624/61 2795/625/59
f 1113/619/56 4188/621/60 4189/626/52
f 1118/624/61 4189/626/52 4164/627/53
f 1119/628/74 1123/631/76 1124/629/74
f 1120/630/74 1124/629/74 2729/399/75
f 1123/631/76 2806/645/74 2805/632/74
f 1124/629/74 2805/632/74 3392/633/75
f 1120/630/74 1125/635/74 1121/634/74
f 1125/635/74 4150/637/74 4151/636/77
f 2728/393/75 2727/395/75 1125/635/74
f 2727/395/75 4100/3874/75 4150/637/74
f 1119/628/74 1121/634/74 1126/638/75
f 1122/639/75 1126/638/75 2780/640/75
f 1121/634/74 4151/636/77 4152/642/75
f 1126/638/75 4152/642/75 4153/643/75
f 1122/639/75 1127/644/75 1123/631/76
f 1127/644/75 2807/647/75 2806/645/74
f 2779/641/75 2778/646/75 1127/644/75
f 2778/646/75 3383/3895/75 2807/647/75
f 1132/648/78 1133/651/78 1129/649/78
f 1133/651/78 2732/389/79 2731/388/79
f 4200/652/80 4201/653/78 1133/651/78
f 4201/653/78 4104/3873/79 2732/389/79
f 1128/650/78 1129/649/78 1134/654/78
f 1130/655/78 1134/654/78 2810/656/78
f 1129/649/78 2731/388/79 2730/403/79
f 1134/654/78 2730/403/79 3393/658/79
f 1130/655/78 1135/660/79 1131/659/79
f 1135/660/79 2687/663/79 2686/661/79
f 2809/657/78 2808/662/79 1135/660/79
f 2808/662/79 3382/3896/79 2687/663/79
f 1128/650/78 1131/659/79 1136/664/79
f 1132/648/78 1136/664/79 4199/665/79
f 1131/659/79 2686/661/79 2685/666/79
f 1136/664/79 2685/666/79 4076/667/79
f 1137/668/79 1141/671/79 1142/669/78
f 1138/670/78 1142/669/78 2738/420/81
f 1141/671/79 2815/685/79 2814/672/78
f 1142/669/78 2814/672/78 3394/673/81
f 1138/670/78 1143/675/78 1139/674/78
f 1143/675/78 4156/677/78 4157/676/80
f 2737/414/81 2736/416/79 1143/675/78
f 2736/416/79 4111/3876/79 4156/677/78
f 1137/668/79 1139/674/78 1144/678/79
f 1140/679/79 1144/678/79 2777/680/79
f 1139/674/78 4157/676/80 4158/682/79
f 1144/678/79 4158/682/79 4159/683/79
f 1140/679/79 1145/684/79 1141/671/79
f 1145/684/79 2816/687/79 2815/685/79
f 2776/681/79 2775/686/79 1145/684/79
f 2775/686/79 3380/3897/79 2816/687/79
f 1150/688/74 1151/691/74 1147/689/76
f 1151/691/74 2741/410/75 2740/409/82
f 4166/692/77 4167/693/74 1151/691/74
f 4167/693/74 4093/3875/75 2741/410/75
f 1146/690/75 1147/689/76 1152/694/74
f 1148/695/75 1152/694/74 2819/696/74
f 1147/689/76 2740/409/82 2739/424/83
f 1152/694/74 2739/424/83 3395/698/83
f 1148/695/75 1153/700/75 1149/699/75
f 1153/700/75 2774/703/75 2773/701/75
f 2818/697/75 2817/702/75 1153/700/75
f 2817/702/75 3381/3898/75 2774/703/75
f 1146/690/75 1149/699/75 1154/704/75
f 1150/688/74 1154/704/75 4165/705/75
f 1149/699/75 2773/701/75 2772/706/75
f 1154/704/75 2772/706/75 4162/707/75
f 1155/708/84 1159/711/85 1160/709/85
f 1156/710/85 1160/709/85 2747/441/86
f 1159/711/85 2770/725/85 2769/712/85
f 1160/709/85 2769/712/85 3397/713/88
f 1156/710/85 1161/715/89 1157/714/85
f 1161/715/89 2813/717/85 2812/716/84
f 2746/435/87 2745/437/90 1161/715/89
f 2745/437/90 3391/3878/1860 2813/717/85
f 1155/708/84 1157/714/85 1162/718/90
f 1158/719/91 1162/718/90 2786/720/87
f 1157/714/85 2812/716/84 2811/722/86
f 1162/718/90 2811/722/86 3384/723/84
f 1158/719/91 1163/724/86 1159/711/85
f 1163/724/86 2771/727/86 2770/725/85
f 2785/721/90 2784/726/90 1163/724/86
f 2784/726/90 4168/3899/91 2771/727/86
f 1168/728/92 1169/731/93 1165/729/93
f 1169/731/93 2750/431/96 2749/430/95
f 2764/732/92 2763/733/96 1169/731/93
f 2763/733/96 3388/3877/1861 2750/431/96
f 1164/730/94 1165/729/93 1170/734/93
f 1166/735/93 1170/734/93 2822/736/93
f 1165/729/93 2749/430/95 2748/445/95
f 1170/734/93 2748/445/95 3396/738/96
f 1166/735/93 1171/740/97 1167/739/97
f 1171/740/97 2783/743/97 2782/741/97
f 2821/737/92 2820/742/96 1171/740/97
f 2820/742/96 3385/3900/97 2783/743/97
f 1164/730/94 1167/739/97 1172/744/96
f 1168/728/92 1172/744/96 2765/745/96
f 1167/739/97 2782/741/97 2781/746/96
f 1172/744/96 2781/746/96 3401/747/98
f 1173/748/94 1177/751/93 1178/749/99
f 1174/750/94 1178/749/99 2756/462/95
f 1177/751/93 2824/765/93 2823/752/92
f 1178/749/99 2823/752/92 3398/753/96
f 1174/750/94 1179/755/93 1175/754/93
f 1179/755/93 2768/757/96 2767/756/92
f 2755/456/96 2754/458/97 1179/755/93
f 2754/458/97 3389/3880/93 2768/757/96
f 1173/748/94 1175/754/93 1180/758/97
f 1176/759/96 1180/758/97 2792/760/96
f 1175/754/93 2767/756/92 2766/762/96
f 1180/758/97 2766/762/96 3402/763/100
f 1176/759/96 1181/764/97 1177/751/93
f 1181/764/97 2825/767/97 2824/765/93
f 2791/761/96 2790/766/95 1181/764/97
f 2790/766/95 3387/3901/96 2825/767/97
f 1186/768/84 1187/771/89 1183/769/85
f 1187/771/89 2759/452/90 2758/451/90
f 2761/772/84 2760/773/85 1187/771/89
f 2760/773/85 3390/3879/85 2759/452/90
f 1182/770/89 1183/769/85 1188/774/85
f 1184/775/85 1188/774/85 2828/776/85
f 1183/769/85 2758/451/90 2757/466/90
f 1188/774/85 2757/466/90 3399/778/87
f 1184/775/85 1189/780/86 1185/779/86
f 1189/780/86 2789/783/90 2788/781/90
f 2827/777/85 2826/782/90 1189/780/86
f 2826/782/90 3386/3902/90 2789/783/90
f 1182/770/89 1185/779/86 1190/784/90
f 1186/768/84 1190/784/90 2762/785/86
f 1185/779/86 2788/781/90 2787/786/87
f 1190/784/90 2787/786/87 3400/787/88
f 1191/788/23 1195/793/101 1196/789/101
f 1192/790/23 1196/789/101 3936/791/102
f 1195/793/101 4251/810/103 4250/794/103
f 1196/789/101 4250/794/103 3937/795/103
f 1191/788/23 1192/790/23 1197/796/104
f 1193/797/104 1197/796/104 4256/798/105
f 1192/790/23 3935/792/23 3934/800/106
f 1197/796/104 3934/800/106 3931/801/105
f 1191/788/23 1193/797/104 1198/802/104
f 1194/803/23 1198/802/104 4205/804/106
f 1193/797/104 4257/799/105 4258/806/105
f 1198/802/104 4258/806/105 4202/807/105
f 1191/788/23 1194/803/23 1199/808/101
f 1195/793/101 1199/808/101 4252/809/103
f 1194/803/23 4206/805/23 4207/811/102
f 1199/808/101 4207/811/102 4208/812/103
f 1200/813/23 1204/818/101 1205/814/107
f 1201/815/23 1205/814/107 4238/816/102
f 1204/818/101 4266/835/103 4265/819/108
f 1205/814/107 4265/819/108 4235/820/103
f 1200/813/23 1201/815/23 1206/821/104
f 1202/822/104 1206/821/104 4253/823/105
f 1201/815/23 4239/817/23 4240/825/106
f 1206/821/104 4240/825/106 4241/826/105
f 1200/813/23 1202/822/104 1207/827/104
f 1203/828/23 1207/827/104 3903/829/106
f 1202/822/104 4254/824/105 4255/831/105
f 1207/827/104 4255/831/105 3904/832/105
f 1200/813/23 1203/828/23 1208/833/101
f 1204/818/101 1208/833/101 4267/834/103
f 1203/828/23 3902/830/23 3901/836/102
f 1208/833/101 3901/836/102 3898/837/103
f 1218/838/7 1222/843/7 1223/839/109
f 1219/840/110 1223/839/109 4008/841/111
f 1222/843/7 4033/860/7 4032/844/113
f 1223/839/109 4032/844/113 4005/845/112
f 1218/838/7 1219/840/110 1224/846/110
f 1220/847/7 1224/846/110 4304/848/113
f 1219/840/110 4009/842/112 4010/850/112
f 1224/846/110 4010/850/112 4011/851/112
f 1218/838/7 1220/847/7 1225/852/114
f 1221/853/114 1225/852/114 4025/854/115
f 1220/847/7 4305/849/7 4306/856/116
f 1225/852/114 4306/856/116 3923/857/115
f 1218/838/7 1221/853/114 1226/858/114
f 1222/843/7 1226/858/114 4034/859/116
f 1221/853/114 4024/855/115 4023/861/115
f 1226/858/114 4023/861/115 4020/862/115
f 1231/863/117 1232/866/118 1228/864/118
f 1232/866/118 2850/794/119 2851/810/119
f 4272/867/120 4273/868/121 1232/866/118
f 4273/868/121 3938/795/119 2850/794/119
f 1228/864/118 1233/870/118 1229/869/117
f 1233/870/118 4268/872/121 4269/871/120
f 2851/810/119 2852/809/119 1233/870/118
f 2852/809/119 4209/812/119 4268/872/121
f 1227/865/117 1229/869/117 1234/873/122
f 1230/874/122 1234/873/122 2546/875/123
f 1229/869/117 4269/871/120 4270/876/124
f 1234/873/122 4270/876/124 3879/266/123
f 1227/865/117 1230/874/122 1235/877/122
f 1231/863/117 1235/877/122 4271/878/124
f 1230/874/122 2545/261/123 2544/263/123
f 1235/877/122 2544/263/123 3885/879/123
f 1240/880/125 1241/883/126 1237/881/126
f 1241/883/126 2855/831/127 2854/824/127
f 4278/884/128 4279/885/129 1241/883/126
f 4279/885/129 3905/832/127 2855/831/127
f 1237/881/126 1242/887/131 1238/886/130
f 1242/887/131 4274/889/133 4275/888/132
f 2854/824/127 2853/823/127 1242/887/131
f 2853/823/127 4242/826/127 4274/889/133
f 1236/882/125 1238/886/130 1243/890/134
f 1239/891/134 1243/890/134 2547/80/135
f 1238/886/130 4275/888/132 4276/892/136
f 1243/890/134 4276/892/136 3890/893/135
f 1236/882/125 1239/891/134 1244/894/134
f 1240/880/125 1244/894/134 4277/895/136
f 1239/891/134 2548/75/135 2549/77/135
f 1244/894/134 2549/77/135 3896/896/135
f 1249/897/137 1250/900/138 1246/898/138
f 1250/900/138 2858/806/127 2857/799/127
f 4284/901/139 4285/902/140 1250/900/138
f 4285/902/140 4204/807/127 2858/806/127
f 1246/898/138 1251/904/138 1247/903/137
f 1251/904/138 4280/906/140 4281/905/139
f 2857/799/127 2856/798/127 1251/904/138
f 2856/798/127 3932/801/127 4280/906/140
f 1245/899/137 1247/903/137 1252/907/141
f 1248/908/141 1252/907/141 2835/909/142
f 1247/903/137 4281/905/139 4282/911/143
f 1252/907/141 4282/911/143 4212/912/142
f 1245/899/137 1248/908/141 1253/913/141
f 1249/897/137 1253/913/141 4283/914/143
f 1248/908/141 2836/910/142 2837/915/142
f 1253/913/141 2837/915/142 4224/916/142
f 1258/917/117 1259/920/118 1255/918/118
f 1259/920/118 2862/819/119 2863/835/119
f 4298/921/120 4297/922/121 1259/920/118
f 4297/922/121 4236/820/119 2862/819/119
f 1255/918/118 1260/924/118 1256/923/117
f 1260/924/118 4288/926/121 4287/925/120
f 2863/835/119 2864/834/119 1260/924/118
f 2864/834/119 3899/837/119 4288/926/121
f 1254/919/117 1256/923/117 1261/927/122
f 1257/928/122 1261/927/122 2849/929/123
f 1256/923/117 4287/925/120 4286/931/124
f 1261/927/122 4286/931/124 4234/932/123
f 1254/919/117 1257/928/122 1262/933/122
f 1258/917/117 1262/933/122 4299/934/124
f 1257/928/122 2848/930/123 2847/935/123
f 1262/933/122 2847/935/123 4218/936/123
f 1267/937/144 1268/940/144 1264/938/144
f 1268/940/144 4363/944/144 4364/941/144
f 4408/942/144 4407/943/144 1268/940/144
f 4407/943/144 4361/1594/144 4363/944/144
f 1264/938/144 1269/946/144 1265/945/144
f 1269/946/144 2543/949/144 2542/947/144
f 4364/941/144 4365/948/144 1269/946/144
f 4365/948/144 3818/1591/144 2543/949/144
f 1265/945/144 1270/951/144 1266/950/144
f 1270/951/144 4031/954/144 4030/952/144
f 2542/947/144 2541/953/144 1270/951/144
f 2541/953/144 3878/1278/144 4031/954/144
f 1266/950/144 1271/955/144 1267/937/144
f 1271/955/144 4409/957/144 4408/942/144
f 4030/952/144 4029/956/144 1271/955/144
f 4029/956/144 4026/1275/144 4409/957/144
f 3468/958/145 1277/961/146 1273/959/146
f 1277/961/146 4383/965/150 4384/962/147
f 3469/963/148 4356/964/149 1277/961/146
f 4356/964/149 4354/1101/147 4383/965/150
f 1273/959/146 1278/967/146 3467/966/145
f 1278/967/146 2574/970/149 3464/968/148
f 4384/962/147 4385/969/150 1278/967/146
f 4385/969/150 3365/1096/147 2574/970/149
f 1272/960/151 1274/966/154 1279/971/152
f 1279/971/152 4388/975/156 4387/973/153
f 1274/966/154 2575/968/1862 2576/974/155
f 2576/974/155 3891/1942/156 4388/975/156
f 1272/960/151 1275/972/152 1280/976/152
f 1276/958/157 1280/976/152 4357/977/155
f 4387/973/153 4386/978/158 1280/976/152
f 4386/978/158 4358/1939/158 4357/977/155
f 1285/979/159 1286/982/162 1282/980/160
f 1286/982/162 4392/986/166 4393/983/163
f 4411/984/164 4410/985/165 1286/982/162
f 4410/985/165 4340/1079/166 4392/986/166
f 1282/980/160 1287/988/162 1283/987/159
f 1287/988/162 2870/991/167 2869/989/164
f 4393/983/163 4394/990/166 1287/988/162
f 4394/990/166 3939/1074/166 2870/991/167
f 1281/981/161 1283/987/159 1288/992/168
f 1284/993/169 1288/992/168 4064/994/170
f 1283/987/159 2869/989/164 2868/996/172
f 1288/992/168 2868/996/172 3884/997/170
f 1281/981/161 1284/993/169 1289/998/169
f 1285/979/159 1289/998/169 4412/999/173
f 1284/993/169 4063/995/171 4062/1000/170
f 1289/998/169 4062/1000/170 4059/1001/174
f 1294/1002/175 1295/1005/175 1291/1003/175
f 1295/1005/175 4368/1009/175 4367/1006/175
f 2494/1007/175 2495/1008/175 1295/1005/175
f 2495/1008/175 3797/1124/175 4368/1009/175
f 1291/1003/175 1296/1011/175 1292/1010/175
f 1296/1011/175 4333/1014/175 4334/1012/175
f 4367/1006/175 4366/1013/175 1296/1011/175
f 4366/1013/175 4330/1121/175 4333/1014/175
f 1290/1004/175 1292/1010/175 1297/1015/175
f 1293/1016/175 1297/1015/175 4369/1017/176
f 1292/1010/175 4334/1012/175 4335/1019/175
f 1297/1015/175 4335/1019/175 4336/1020/176
f 1290/1004/175 1293/1016/175 1298/1021/175
f 1294/1002/175 1298/1021/175 2493/1022/175
f 1293/1016/175 4370/1018/176 4371/1023/176
f 1298/1021/175 4371/1023/176 3806/1024/176
f 1303/1025/8 1304/1028/8 1300/1026/8
f 1304/1028/8 4376/1032/8 4375/1029/8
f 2518/1030/8 2517/1031/8 1304/1028/8
f 2517/1031/8 3849/3903/8 4376/1032/8
f 1300/1026/8 1305/1034/8 1301/1033/8
f 1305/1034/8 2964/1037/8 2965/1035/8
f 4375/1029/8 4374/1036/8 1305/1034/8
f 4374/1036/8 4372/3904/8 2964/1037/8
f 1299/1027/8 1301/1033/8 1306/1038/8
f 1302/1039/8 1306/1038/8 4049/1040/8
f 1301/1033/8 2965/1035/8 2966/1042/8
f 1306/1038/8 2966/1042/8 4047/1043/8
f 1299/1027/8 1302/1039/8 1307/1044/8
f 1303/1025/8 1307/1044/8 2519/1045/8
f 1302/1039/8 4050/1041/8 4051/1046/8
f 1307/1044/8 4051/1046/8 3858/1047/8
f 1312/1048/177 1313/1051/177 1309/1049/177
f 1313/1051/177 2939/1023/177 2938/1018/177
f 2674/1052/177 2673/1053/177 1313/1051/177
f 2673/1053/177 3333/1024/177 2939/1023/177
f 1309/1049/177 1314/1055/177 1310/1054/177
f 1314/1055/177 4404/1057/177 4405/1056/177
f 2938/1018/177 2937/1017/177 1314/1055/177
f 2937/1017/177 4337/1020/177 4404/1057/177
f 1310/1054/177 1315/1059/177 1311/1058/177
f 1315/1059/177 2670/1000/177 2671/995/177
f 4405/1056/177 4406/1060/177 1315/1059/177
f 4406/1060/177 4060/1001/177 2670/1000/177
f 1311/1058/177 1316/1061/177 1312/1048/177
f 1316/1061/177 2675/1062/177 2674/1052/177
f 2671/995/177 2672/994/177 1316/1061/177
f 2672/994/177 3366/997/177 2675/1062/177
f 1317/1063/177 1321/1068/178 1322/1064/178
f 1318/1065/177 1322/1064/178 2571/1066/179
f 1321/1068/178 4402/1082/180 4403/1069/180
f 1322/1064/178 4403/1069/180 3933/1070/181
f 1317/1063/177 1318/1065/177 1323/1071/182
f 1319/1072/182 1323/1071/182 2957/990/183
f 1318/1065/177 2572/1067/177 2573/1073/184
f 1323/1071/182 2573/1073/184 3411/1074/185
f 1317/1063/177 1319/1072/182 1324/1075/182
f 1320/1076/177 1324/1075/182 4342/1077/184
f 1319/1072/182 2956/983/183 2955/986/183
f 1324/1075/182 2955/986/183 4339/1079/183
f 1317/1063/177 1320/1076/177 1325/1080/178
f 1321/1068/178 1325/1080/178 4401/1081/180
f 1320/1076/177 4343/1078/177 4344/1083/179
f 1325/1080/178 4344/1083/179 4345/1084/180
f 1330/1085/186 1331/1088/186 1327/1086/187
f 1331/1088/186 2636/1092/36 2635/1089/34
f 2644/1090/188 2645/1091/188 1331/1088/186
f 2645/1091/188 3346/1892/41 2636/1092/36
f 1326/1087/187 1327/1086/187 1332/1093/189
f 1328/1094/189 1332/1093/189 2948/969/190
f 1327/1086/187 2635/1089/34 2634/1095/33
f 1332/1093/189 2634/1095/33 3868/1096/35
f 1326/1087/187 1328/1094/189 1333/1097/189
f 1329/1098/187 1333/1097/189 2972/1099/191
f 1328/1094/189 2947/962/190 2946/965/190
f 1333/1097/189 2946/965/190 4355/1101/193
f 1329/1098/187 1334/1102/186 1330/1085/186
f 1334/1102/186 2643/1104/188 2644/1090/188
f 2971/1100/192 2970/1103/194 1334/1102/186
f 2970/1103/194 3424/1897/324 2643/1104/188
f 1339/1105/20 1340/1108/20 1336/1106/20
f 1340/1108/20 4391/1112/20 4390/1109/20
f 2488/1110/20 2487/1111/20 1340/1108/20
f 2487/1111/20 3791/1851/20 4391/1112/20
f 1336/1106/20 1341/1114/20 1337/1113/20
f 1341/1114/20 4351/1117/20 4352/1115/20
f 4390/1109/20 4389/1116/20 1341/1114/20
f 4389/1116/20 4348/1848/20 4351/1117/20
f 1335/1107/20 1337/1113/20 1342/1118/20
f 1338/1119/20 1342/1118/20 2934/1013/20
f 1337/1113/20 4352/1115/20 4353/1120/20
f 1342/1118/20 4353/1120/20 4331/1121/20
f 1335/1107/20 1338/1119/20 1343/1122/20
f 1339/1105/20 1343/1122/20 2489/1123/20
f 1338/1119/20 2935/1006/20 2936/1009/20
f 1343/1122/20 2936/1009/20 3330/1124/20
f 1348/1125/8 1349/1128/8 1345/1126/8
f 1349/1128/8 4431/1132/8 4432/1129/8
f 2668/1130/8 2669/1131/8 1349/1128/8
f 2669/1131/8 4295/3905/8 4431/1132/8
f 1345/1126/8 1350/1134/8 1346/1133/8
f 1350/1134/8 2681/1137/8 2680/1135/8
f 4432/1129/8 4433/1136/8 1350/1134/8
f 4433/1136/8 3844/3906/8 2681/1137/8
f 1344/1127/8 1346/1133/8 1351/1138/8
f 1347/1139/8 1351/1138/8 4443/1140/8
f 1346/1133/8 2680/1135/8 2679/1142/8
f 1351/1138/8 2679/1142/8 3866/1143/8
f 1344/1127/8 1347/1139/8 1352/1144/8
f 1348/1125/8 1352/1144/8 2667/1145/8
f 1347/1139/8 4442/1141/8 4441/1146/8
f 1352/1144/8 4441/1146/8 4310/1147/8
f 1353/1148/144 1357/1153/197 1358/1149/195
f 1354/1150/144 1358/1149/195 4498/1151/196
f 1357/1153/197 4263/1170/207 4262/1154/198
f 1358/1149/195 4262/1154/198 4259/1155/199
f 1353/1148/144 1354/1150/144 1359/1156/200
f 1355/1157/201 1359/1156/200 4419/1158/202
f 1354/1150/144 4499/1152/144 4500/1160/204
f 1359/1156/200 4500/1160/204 4416/1161/205
f 1353/1148/144 1355/1157/201 1360/1162/200
f 1356/1163/144 1360/1162/200 2831/1164/206
f 1355/1157/201 4420/1159/203 4421/1166/203
f 1360/1162/200 4421/1166/203 4210/1167/202
f 1353/1148/144 1356/1163/144 1361/1168/195
f 1357/1153/197 1361/1168/195 4264/1169/207
f 1356/1163/144 2830/1165/144 2829/1171/208
f 1361/1168/195 2829/1171/208 4203/1172/198
f 1366/1173/209 1367/1176/209 1363/1174/210
f 1367/1176/209 4450/1178/214 4451/1177/212
f 2629/842/213 2628/841/213 1367/1176/209
f 2628/841/213 4006/845/213 4450/1178/214
f 1362/1175/211 1363/1174/210 1368/1179/215
f 1364/1180/215 1368/1179/215 4444/1181/216
f 1363/1174/210 4451/1177/212 4452/1183/218
f 1368/1179/215 4452/1183/218 4396/1184/217
f 1362/1175/211 1364/1180/215 1369/1185/215
f 1365/1186/211 1369/1185/215 4453/1187/218
f 1364/1180/215 4445/1182/217 4446/1189/217
f 1369/1185/215 4446/1189/217 4227/1190/217
f 1365/1186/211 1370/1191/209 1366/1173/209
f 1370/1191/209 2630/850/213 2629/842/213
f 4454/1188/212 4455/1192/214 1370/1191/209
f 4455/1192/214 4012/851/213 2630/850/213
f 1375/1193/8 1376/1196/8 1372/1194/8
f 1376/1196/8 2669/1200/8 2668/1197/8
f 4484/1198/8 4483/1199/8 1376/1196/8
f 4483/1199/8 4295/3907/8 2669/1200/8
f 1371/1195/8 1372/1194/8 1377/1201/8
f 1373/1202/8 1377/1201/8 4413/1203/8
f 1372/1194/8 2668/1197/8 2667/1205/8
f 1377/1201/8 2667/1205/8 4310/1206/8
f 1371/1195/8 1373/1202/8 1378/1207/8
f 1374/1208/8 1378/1207/8 2966/1209/8
f 1373/1202/8 4414/1204/8 4415/1211/8
f 1378/1207/8 4415/1211/8 4047/1212/8
f 1374/1208/8 1379/1213/8 1375/1193/8
f 1379/1213/8 4485/1215/8 4484/1198/8
f 2965/1210/8 2964/1214/8 1379/1213/8
f 2964/1214/8 4372/3908/8 4485/1215/8
f 1384/1216/219 1385/1219/221 1381/1217/220
f 1385/1219/221 4525/1223/222 4526/1220/222
f 3920/1221/223 3921/1222/224 1385/1219/221
f 3921/1222/224 3922/1655/1863 4525/1223/222
f 1381/1217/220 1386/1225/226 1382/1224/225
f 1386/1225/226 2876/1228/229 2875/1226/227
f 4526/1220/222 4527/1227/228 1386/1225/226
f 4527/1227/228 3906/1670/1864 2876/1228/229
f 1380/1218/219 1382/1224/225 1387/1229/230
f 1383/1230/231 1387/1229/230 4530/1231/232
f 1382/1224/225 2875/1226/227 2874/1233/234
f 1387/1229/230 2874/1233/234 3897/1234/233
f 1380/1218/219 1383/1230/231 1388/1235/230
f 1384/1216/219 1388/1235/230 3919/1236/234
f 1383/1230/231 4529/1232/233 4528/1237/232
f 1388/1235/230 4528/1237/232 3916/1238/233
f 1393/1239/20 1394/1242/20 1390/1240/20
f 1394/1242/20 3910/1246/20 3911/1243/20
f 3115/1244/20 3114/1245/20 1394/1242/20
f 3114/1245/20 3909/1357/20 3910/1246/20
f 1390/1240/20 1395/1248/20 1391/1247/20
f 1395/1248/20 2538/1251/20 2539/1249/20
f 3911/1243/20 3912/1250/20 1395/1248/20
f 3912/1250/20 3800/1354/20 2538/1251/20
f 1389/1241/20 1391/1247/20 1396/1252/20
f 1392/1253/20 1396/1252/20 4437/1254/20
f 1391/1247/20 2539/1249/20 2540/1256/20
f 1396/1252/20 2540/1256/20 3812/1257/20
f 1389/1241/20 1392/1253/20 1397/1258/20
f 1393/1239/20 1397/1258/20 3116/1259/20
f 1392/1253/20 4436/1255/20 4435/1260/20
f 1397/1258/20 4435/1260/20 4434/1261/20
f 1402/1262/235 1403/1265/237 1399/1263/236
f 1403/1265/237 2987/1166/241 2986/1159/238
f 2866/1266/239 2865/1267/240 1403/1265/237
f 2865/1267/240 3412/1167/238 2987/1166/241
f 1399/1263/236 1404/1269/237 1400/1268/242
f 1404/1269/237 4492/1271/244 4493/1270/243
f 2986/1159/238 2985/1158/238 1404/1269/237
f 2985/1158/238 4418/1161/1865 4492/1271/244
f 1398/1264/235 1400/1268/242 1405/1272/245
f 1401/1273/246 1405/1272/245 2649/956/247
f 1400/1268/242 4493/1270/243 4494/1274/249
f 1405/1272/245 4494/1274/249 4027/1275/250
f 1398/1264/235 1401/1273/246 1406/1276/246
f 1402/1262/235 1406/1276/246 2867/1277/249
f 1401/1273/246 2650/952/248 2651/954/250
f 1406/1276/246 2651/954/250 3352/1278/251
f 1411/1279/252 1412/1282/253 1408/1280/253
f 1412/1282/253 2981/1286/254 2980/1283/254
f 2902/1284/255 2901/1285/256 1412/1282/253
f 2901/1285/256 3364/1646/326 2981/1286/254
f 1408/1280/253 1413/1288/253 1409/1287/252
f 1413/1288/253 2970/1291/194 2971/1289/192
f 2980/1283/254 2979/1290/254 1413/1288/253
f 2979/1290/254 3424/1641/324 2970/1291/194
f 1407/1281/252 1409/1287/252 1414/1292/257
f 1410/1293/257 1414/1292/257 4513/1294/258
f 1409/1287/252 2971/1289/192 2972/1296/191
f 1414/1292/257 2972/1296/191 4355/1297/193
f 1407/1281/252 1410/1293/257 1415/1298/257
f 1411/1279/252 1415/1298/257 2903/1299/259
f 1410/1293/257 4514/1295/258 4515/1300/258
f 1415/1298/257 4515/1300/258 4301/1301/260
f 3477/1302/261 1430/1305/264 1426/1303/262
f 1430/1305/264 4427/1309/265 4426/1306/265
f 3460/1307/266 2553/1308/267 1430/1305/264
f 2553/1308/267 3348/1832/265 4427/1309/265
f 1426/1303/262 1431/1311/262 3473/1310/268
f 1431/1311/262 4302/1314/270 3474/1312/269
f 4426/1306/265 4425/1313/265 1431/1311/262
f 4425/1313/265 4300/1827/265 4302/1314/270
f 1425/1304/271 1427/1310/275 1432/1315/272
f 1432/1315/272 3105/1237/277 3106/1232/274
f 1427/1310/275 3476/1312/279 4303/1317/276
f 4303/1317/276 3917/1238/1866 3105/1237/277
f 1425/1304/271 1428/1316/273 1433/1318/273
f 1429/1302/275 1433/1318/273 2555/1319/278
f 3106/1232/274 3107/1231/277 1433/1318/273
f 3107/1231/277 3354/1234/1867 2555/1319/278
f 1438/1320/23 1439/1323/23 1435/1321/23
f 1439/1323/23 4309/1325/23 4308/1324/23
f 2983/1204/23 2982/1203/23 1439/1323/23
f 2982/1203/23 4311/1206/23 4309/1325/23
f 1435/1321/23 1440/1327/23 1436/1326/23
f 1440/1327/23 4054/1330/23 4055/1328/23
f 4308/1324/23 4307/1329/23 1440/1327/23
f 4307/1329/23 4052/3909/23 4054/1330/23
f 1436/1326/23 1441/1332/23 1437/1331/23
f 1441/1332/23 4510/1335/23 4511/1333/23
f 4055/1328/23 4056/1334/23 1441/1332/23
f 4056/1334/23 4057/3910/23 4510/1335/23
f 1437/1331/23 1442/1336/23 1438/1320/23
f 1442/1336/23 2984/1211/23 2983/1204/23
f 4511/1333/23 4512/1337/23 1442/1336/23
f 4512/1337/23 4048/1212/23 2984/1211/23
f 1447/1338/20 1448/1341/20 1444/1339/20
f 1448/1341/20 4471/1345/20 4472/1342/20
f 3055/1343/20 3056/1344/20 1448/1341/20
f 3056/1344/20 3421/3911/20 4471/1345/20
f 1444/1339/20 1449/1347/20 1445/1346/20
f 1449/1347/20 2492/1350/20 2491/1348/20
f 4472/1342/20 4473/1349/20 1449/1347/20
f 4473/1349/20 3788/3912/20 2492/1350/20
f 1443/1340/20 1445/1346/20 1450/1351/20
f 1446/1352/20 1450/1351/20 2558/1250/20
f 1445/1346/20 2491/1348/20 2490/1353/20
f 1450/1351/20 2490/1353/20 3351/1354/20
f 1443/1340/20 1446/1352/20 1451/1355/20
f 1447/1338/20 1451/1355/20 3054/1356/20
f 1446/1352/20 2557/1243/20 2556/1246/20
f 1451/1355/20 2556/1246/20 3423/1357/20
f 1456/1358/23 1457/1361/23 1453/1359/23
f 1457/1361/23 4292/1365/23 4293/1362/23
f 4313/1363/23 4312/1364/23 1457/1361/23
f 4312/1364/23 4289/1569/23 4292/1365/23
f 1453/1359/23 1458/1367/23 1454/1366/23
f 1458/1367/23 3057/1199/23 3058/1198/23
f 4293/1362/23 4294/1368/23 1458/1367/23
f 4294/1368/23 4296/3907/23 3057/1199/23
f 1454/1366/23 1459/1370/23 1455/1369/23
f 1459/1370/23 4516/1372/23 4517/1371/23
f 3058/1198/23 3059/1215/23 1459/1370/23
f 3059/1215/23 4373/3908/23 4516/1372/23
f 1455/1369/23 1460/1373/23 1456/1358/23
f 1460/1373/23 4314/1375/23 4313/1363/23
f 4517/1371/23 4518/1374/23 1460/1373/23
f 4518/1374/23 4316/1574/23 4314/1375/23
f 1465/1376/280 1466/1379/283 1462/1377/281
f 1466/1379/283 2859/1154/228 2860/1170/222
f 4496/1380/284 4497/1381/285 1466/1379/283
f 4497/1381/285 4261/1155/222 2859/1154/228
f 1462/1377/281 1467/1383/283 1463/1382/282
f 1467/1383/283 2882/1385/287 2881/1384/286
f 2860/1170/222 2861/1169/228 1467/1383/283
f 2861/1169/228 3407/1172/1864 2882/1385/287
f 1461/1378/282 1463/1382/282 1468/1386/288
f 1464/1387/288 1468/1386/288 3098/1388/289
f 1463/1382/282 2881/1384/286 2880/1390/291
f 1468/1386/288 2880/1390/291 3418/1391/292
f 1461/1378/282 1464/1387/288 1469/1392/293
f 1465/1376/280 1469/1392/293 4495/1393/291
f 1464/1387/288 3097/1389/290 3096/1394/294
f 1469/1392/293 3096/1394/294 4045/1395/289
f 1474/1396/177 1475/1399/177 1471/1397/177
f 1475/1399/177 2663/1046/177 2662/1041/177
f 2521/1400/177 2522/1401/177 1475/1399/177
f 2522/1401/177 3343/1047/177 2663/1046/177
f 1471/1397/177 1476/1403/177 1472/1402/177
f 1476/1403/177 3086/1405/177 3085/1404/177
f 2662/1041/177 2661/1040/177 1476/1403/177
f 2661/1040/177 3426/1043/177 3086/1405/177
f 1472/1402/177 1477/1407/177 1473/1406/177
f 1477/1407/177 4468/1410/177 4469/1408/177
f 3085/1404/177 3084/1409/177 1477/1407/177
f 3084/1409/177 3404/3913/177 4468/1410/177
f 1473/1406/177 1478/1411/177 1474/1396/177
f 1478/1411/177 2520/1413/177 2521/1400/177
f 4469/1408/177 4470/1412/177 1478/1411/177
f 4470/1412/177 3345/3914/177 2520/1413/177
f 1483/1414/295 1484/1417/295 3479/1415/296
f 1484/1417/295 2928/1419/299 3470/1418/297
f 3088/1295/298 3087/1294/298 1484/1417/295
f 3087/1294/298 3435/1297/298 2928/1419/299
f 1479/1416/300 1480/1415/300 1485/1420/301
f 1485/1420/301 4534/1424/303 4535/1422/303
f 1480/1415/300 2929/1418/300 2930/1423/304
f 2930/1423/304 4360/1685/303 4534/1424/303
f 1479/1416/300 1481/1421/302 1486/1425/301
f 3480/1426/300 1486/1425/301 2894/1427/305
f 4535/1422/303 4536/1429/303 1486/1425/301
f 4536/1429/303 3918/1680/303 2894/1427/305
f 1482/1426/297 1487/1430/295 1483/1414/295
f 1487/1430/295 3089/1300/298 3088/1295/298
f 2893/1428/296 2892/1431/299 1487/1430/295
f 2892/1431/299 3363/1301/298 3089/1300/298
f 1488/1432/7 1492/1437/7 1493/1433/110
f 1489/1434/110 1493/1433/110 4438/1435/112
f 1492/1437/7 2923/1454/7 2922/1438/113
f 1493/1433/110 2922/1438/113 4341/1439/112
f 1488/1432/7 1489/1434/110 1494/1440/110
f 1490/1441/7 1494/1440/110 3074/1442/113
f 1489/1434/110 4439/1436/112 4440/1444/112
f 1494/1440/110 4440/1444/112 4417/1445/112
f 1488/1432/7 1490/1441/7 1495/1446/114
f 1491/1447/114 1495/1446/114 4430/1448/115
f 1490/1441/7 3073/1443/7 3072/1450/116
f 1495/1446/114 3072/1450/116 4260/1451/115
f 1488/1432/7 1491/1447/114 1496/1452/114
f 1492/1437/7 1496/1452/114 2924/1453/116
f 1491/1447/114 4429/1449/115 4428/1455/115
f 1496/1452/114 4428/1455/115 4346/1456/115
f 1501/1457/144 1502/1460/144 1498/1458/144
f 1502/1460/144 4422/1464/144 4423/1461/144
f 4538/1462/144 4537/1463/144 1502/1460/144
f 4537/1463/144 4325/3915/144 4422/1464/144
f 1498/1458/144 1503/1466/144 1499/1465/144
f 1503/1466/144 2559/1469/144 2560/1467/144
f 4423/1461/144 4424/1468/144 1503/1466/144
f 4424/1468/144 3782/3916/144 2559/1469/144
f 1499/1465/144 1504/1471/144 1500/1470/144
f 1504/1471/144 4382/1474/144 4381/1472/144
f 2560/1467/144 2561/1473/144 1504/1471/144
f 2561/1473/144 3821/3917/144 4382/1474/144
f 1500/1470/144 1505/1475/144 1501/1457/144
f 1505/1475/144 4539/1477/144 4538/1462/144
f 4381/1472/144 4380/1476/144 1505/1475/144
f 4380/1476/144 4377/3918/144 4539/1477/144
f 1519/1478/7 1520/1481/7 1516/1479/7
f 1520/1481/7 2973/1485/7 2974/1482/7
f 4544/1483/7 4545/1484/7 1520/1481/7
f 4545/1484/7 3430/1717/7 2973/1485/7
f 1516/1479/7 1521/1487/7 1517/1486/7
f 1521/1487/7 4533/1490/7 4532/1488/7
f 2974/1482/7 2975/1489/7 1521/1487/7
f 2975/1489/7 4028/1629/7 4533/1490/7
f 1517/1486/7 1522/1492/7 1518/1491/7
f 1522/1492/7 2969/1495/7 2968/1493/7
f 4532/1488/7 4531/1494/7 1522/1492/7
f 4531/1494/7 4061/1624/7 2969/1495/7
f 1518/1491/7 1523/1496/7 1519/1478/7
f 1523/1496/7 4543/1498/7 4544/1483/7
f 2968/1493/7 2967/1497/7 1523/1496/7
f 2967/1497/7 4338/1722/7 4543/1498/7
f 1528/1499/159 1529/1502/162 1525/1500/160
f 1529/1502/162 4477/1506/166 4478/1503/163
f 3016/1504/164 3015/1505/165 1529/1502/162
f 3015/1505/165 4007/1920/166 4477/1506/166
f 1525/1500/160 1530/1508/162 1526/1507/159
f 1530/1508/162 2889/1511/306 2890/1509/164
f 4478/1503/163 4479/1510/166 1530/1508/162
f 4479/1510/166 4237/1915/166 2889/1511/306
f 1524/1501/159 1526/1507/159 1531/1512/168
f 1527/1513/169 1531/1512/168 4400/1514/170
f 1526/1507/159 2890/1509/164 2891/1516/172
f 1531/1512/168 2891/1516/172 4219/1517/170
f 1524/1501/159 1527/1513/169 1532/1518/169
f 1528/1499/159 1532/1518/169 3017/1519/173
f 1527/1513/169 4399/1515/171 4398/1520/170
f 1532/1518/169 4398/1520/170 4395/1521/174
f 1537/1522/144 1538/1525/144 1534/1523/144
f 1538/1525/144 3006/1146/144 3007/1141/144
f 2905/1526/144 2906/1527/144 1538/1525/144
f 2906/1527/144 3406/1147/144 3006/1146/144
f 1534/1523/144 1539/1529/144 1535/1528/144
f 1539/1529/144 2525/1531/144 2524/1530/144
f 3007/1141/144 3008/1140/144 1539/1529/144
f 3008/1140/144 3340/1143/144 2525/1531/144
f 1535/1528/144 1540/1533/144 1536/1532/144
f 1540/1533/144 4476/1536/144 4475/1534/144
f 2524/1530/144 2523/1535/144 1540/1533/144
f 2523/1535/144 3344/3919/144 4476/1536/144
f 1536/1532/144 1541/1537/144 1537/1522/144
f 1541/1537/144 2904/1539/144 2905/1526/144
f 4475/1534/144 4474/1538/144 1541/1537/144
f 4474/1538/144 4053/3920/144 2904/1539/144
f 1546/1540/144 1547/1543/144 1543/1541/144
f 1547/1543/144 4447/1547/144 4448/1544/144
f 2887/1545/144 2886/1546/144 1547/1543/144
f 2886/1546/144 4290/1742/144 4447/1547/144
f 1543/1541/144 1548/1549/144 1544/1548/144
f 1548/1549/144 2568/1552/144 2569/1550/144
f 4448/1544/144 4449/1551/144 1548/1549/144
f 4449/1551/144 3833/1739/144 2568/1552/144
f 1544/1548/144 1549/1554/144 1545/1553/144
f 1549/1554/144 2999/1136/144 2998/1129/144
f 2569/1550/144 2570/1555/144 1549/1554/144
f 2570/1555/144 3362/3906/144 2999/1136/144
f 1545/1553/144 1550/1556/144 1546/1540/144
f 1550/1556/144 2888/1557/144 2887/1545/144
f 2998/1129/144 2997/1132/144 1550/1556/144
f 2997/1132/144 3356/3905/144 2888/1557/144
f 1555/1558/8 1556/1561/8 1552/1559/8
f 1556/1561/8 4546/1565/8 4547/1562/8
f 4481/1563/8 4480/1564/8 1556/1561/8
f 4480/1564/8 4378/3921/8 4546/1565/8
f 1551/1560/8 1552/1559/8 1557/1566/8
f 1553/1567/8 1557/1566/8 2910/1364/8
f 1552/1559/8 4547/1562/8 4548/1568/8
f 1557/1566/8 4548/1568/8 4291/1569/8
f 1551/1560/8 1553/1567/8 1558/1570/8
f 1554/1571/8 1558/1570/8 2907/1572/8
f 1553/1567/8 2911/1363/8 2912/1375/8
f 1558/1570/8 2912/1375/8 4315/1574/8
f 1554/1571/8 1559/1575/8 1555/1558/8
f 1559/1575/8 4482/1577/8 4481/1563/8
f 2908/1573/8 2909/1576/8 1559/1575/8
f 2909/1576/8 4317/3922/8 4482/1577/8
f 1564/1578/307 1565/1581/307 1561/1579/307
f 1565/1581/307 3000/1260/307 3001/1255/307
f 3049/1582/308 3048/1583/309 1565/1581/307
f 3048/1583/309 3419/1261/1868 3000/1260/307
f 1561/1579/307 1566/1585/307 1562/1584/307
f 1566/1585/307 2496/1587/307 2497/1586/307
f 3001/1255/307 3002/1254/307 1566/1585/307
f 3002/1254/307 3331/1257/307 2496/1587/307
f 1560/1580/307 1562/1584/307 1567/1588/307
f 1563/1589/307 1567/1588/307 2933/948/307
f 1562/1584/307 2497/1586/307 2498/1590/307
f 1567/1588/307 2498/1590/307 3334/1591/310
f 1560/1580/307 1563/1589/307 1568/1592/307
f 1564/1578/307 1568/1592/307 3050/1593/309
f 1563/1589/307 2932/941/310 2931/944/310
f 1568/1592/307 2931/944/310 4362/1594/311
f 1573/1595/312 1574/1598/312 1570/1596/313
f 1574/1598/312 3071/1600/317 3070/1599/315
f 2995/1449/316 2996/1448/316 1574/1598/312
f 2996/1448/316 3429/1451/316 3071/1600/317
f 1569/1597/314 1570/1596/313 1575/1601/318
f 1571/1602/318 1575/1601/318 2660/1603/319
f 1570/1596/313 3070/1599/315 3069/1605/321
f 1575/1601/318 3069/1605/321 3337/1606/320
f 1569/1597/314 1571/1602/318 1576/1607/318
f 1572/1608/314 1576/1607/318 4491/1609/321
f 1571/1602/318 2659/1604/320 2658/1611/320
f 1576/1607/318 2658/1611/320 4040/1612/320
f 1572/1608/314 1577/1613/312 1573/1595/312
f 1577/1613/312 2994/1455/316 2995/1449/316
f 4490/1610/315 4489/1614/317 1577/1613/312
f 4489/1614/317 4347/1456/316 2994/1455/316
f 1582/1615/209 1583/1618/209 1579/1616/210
f 1583/1618/209 2976/1620/214 2977/1619/212
f 3004/1436/213 3003/1435/213 1583/1618/209
f 3003/1435/213 3439/1439/213 2976/1620/214
f 1578/1617/211 1579/1616/210 1584/1621/215
f 1580/1622/215 1584/1621/215 3108/1494/216
f 1579/1616/210 2977/1619/212 2978/1623/218
f 1584/1621/215 2978/1623/218 3427/1624/217
f 1578/1617/211 1580/1622/215 1585/1625/215
f 1581/1626/211 1585/1625/215 3068/1627/218
f 1580/1622/215 3109/1488/217 3110/1490/217
f 1585/1625/215 3110/1490/217 3425/1629/217
f 1581/1626/211 1586/1630/209 1582/1615/209
f 1586/1630/209 3005/1444/213 3004/1436/213
f 3067/1628/212 3066/1631/214 1586/1630/209
f 3066/1631/214 3349/1445/213 3005/1444/213
f 1591/1632/322 1592/1635/322 1588/1633/322
f 1592/1635/322 3093/1637/323 3094/1636/323
f 2665/1328/322 2664/1330/322 1592/1635/322
f 2664/1330/322 3405/3909/323 3093/1637/323
f 1587/1634/322 1588/1633/322 1593/1638/322
f 1589/1639/322 1593/1638/322 2979/1290/254
f 1588/1633/322 3094/1636/323 3095/1640/323
f 1593/1638/322 3095/1640/323 3424/1641/324
f 1587/1634/322 1589/1639/322 1594/1642/322
f 1590/1643/322 1594/1642/322 2900/1644/325
f 1589/1639/322 2980/1283/254 2981/1286/254
f 1594/1642/322 2981/1286/254 3364/1646/326
f 1590/1643/322 1595/1647/322 1591/1632/322
f 1595/1647/322 2666/1334/322 2665/1328/322
f 2899/1645/325 2898/1648/325 1595/1647/322
f 2898/1648/325 4058/3910/325 2666/1334/322
f 1596/1649/144 1600/1654/197 1601/1650/195
f 1597/1651/144 1601/1650/195 2897/1652/196
f 1600/1654/197 3103/1220/207 3102/1223/198
f 1601/1650/195 3102/1223/198 3341/1655/199
f 1596/1649/144 1597/1651/144 1602/1656/201
f 1598/1657/201 1602/1656/201 4462/1658/202
f 1597/1651/144 2896/1653/144 2895/1660/204
f 1602/1656/201 2895/1660/204 4013/1661/205
f 1596/1649/144 1598/1657/201 1603/1662/200
f 1599/1663/144 1603/1662/200 2550/1664/206
f 1598/1657/201 4463/1659/327 4464/1666/203
f 1603/1662/200 4464/1666/203 3900/1667/202
f 1596/1649/144 1599/1663/144 1604/1668/195
f 1600/1654/197 1604/1668/195 3104/1227/328
f 1599/1663/144 2551/1665/144 2552/1669/208
f 1604/1668/195 2552/1669/208 3414/1670/198
f 1609/1671/329 1610/1674/331 1606/1672/330
f 1610/1674/331 2564/1676/333 2563/1675/332
f 2641/855/316 2642/854/316 1610/1674/331
f 2642/854/316 3924/857/316 2564/1676/333
f 1605/1673/330 1606/1672/330 1611/1677/334
f 1607/1678/335 1611/1677/334 3113/1429/336
f 1606/1672/330 2563/1675/332 2562/1679/337
f 1611/1677/334 2562/1679/337 3360/1680/336
f 1605/1673/330 1607/1678/335 1612/1681/338
f 1608/1682/339 1612/1681/338 4488/1683/340
f 1607/1678/335 3112/1422/336 3111/1424/336
f 1612/1681/338 3111/1424/336 4359/1685/336
f 1608/1682/339 1613/1686/342 1609/1671/329
f 1613/1686/342 2640/861/316 2641/855/316
f 4487/1684/341 4486/1687/343 1613/1686/342
f 4486/1687/343 4022/862/316 2640/861/316
f 1618/1688/177 1619/1691/177 1615/1689/177
f 1619/1691/177 3041/1349/177 3040/1342/177
f 2503/1692/177 2504/1693/177 1619/1691/177
f 2504/1693/177 3329/3912/177 3041/1349/177
f 1615/1689/177 1620/1695/177 1616/1694/177
f 1620/1695/177 4321/1697/177 4320/1696/177
f 3040/1342/177 3039/1345/177 1620/1695/177
f 3039/1345/177 4322/3911/177 4321/1697/177
f 1616/1694/177 1621/1699/177 1617/1698/177
f 1621/1699/177 4522/1702/177 4523/1700/177
f 4320/1696/177 4319/1701/177 1621/1699/177
f 4319/1701/177 4318/3923/177 4522/1702/177
f 1617/1698/177 1622/1703/177 1618/1688/177
f 1622/1703/177 2502/1705/177 2503/1692/177
f 4523/1700/177 4524/1704/177 1622/1703/177
f 4524/1704/177 3827/3924/177 2502/1705/177
f 1627/1706/344 1628/1709/344 1624/1707/344
f 1628/1709/344 3048/1713/309 3049/1710/308
f 4541/1711/344 4542/1712/344 1628/1709/344
f 4542/1712/344 3419/1754/1868 3048/1713/309
f 1623/1708/344 1624/1707/344 1629/1714/344
f 1625/1715/344 1629/1714/344 3125/1484/344
f 1624/1707/344 3049/1710/308 3050/1716/309
f 1629/1714/344 3050/1716/309 4362/1717/311
f 1623/1708/344 1625/1715/344 1630/1718/344
f 1626/1719/344 1630/1718/344 2921/1720/344
f 1625/1715/344 3124/1483/344 3123/1498/344
f 1630/1718/344 3123/1498/344 3432/1722/344
f 1626/1719/344 1631/1723/344 1627/1706/344
f 1631/1723/344 4540/1725/344 4541/1711/344
f 2920/1721/345 2919/1724/344 1631/1723/344
f 2919/1724/344 4332/1759/344 4540/1725/344
f 1636/1726/8 1637/1729/8 1633/1727/8
f 1637/1729/8 2943/1476/8 2944/1472/8
f 3127/1730/8 3126/1731/8 1637/1729/8
f 3126/1731/8 4379/3918/8 2943/1476/8
f 1633/1727/8 1638/1733/8 1634/1732/8
f 1638/1733/8 2565/1735/8 2566/1734/8
f 2944/1472/8 2945/1474/8 1638/1733/8
f 2945/1474/8 3359/3917/8 2565/1735/8
f 1632/1728/8 1634/1732/8 1639/1736/8
f 1635/1737/8 1639/1736/8 3014/1551/8
f 1634/1732/8 2566/1734/8 2567/1738/8
f 1639/1736/8 2567/1738/8 3361/1739/8
f 1632/1728/8 1635/1737/8 1640/1740/8
f 1636/1726/8 1640/1740/8 3128/1741/8
f 1635/1737/8 3013/1544/8 3012/1547/8
f 1640/1740/8 3012/1547/8 3357/1742/8
f 1645/1743/20 1646/1746/20 1642/1744/20
f 1646/1746/20 3114/1750/20 3115/1747/20
f 4505/1748/20 4506/1749/20 1646/1746/20
f 4506/1749/20 3909/1810/20 3114/1750/20
f 1641/1745/20 1642/1744/20 1647/1751/20
f 1643/1752/20 1647/1751/20 3122/1712/20
f 1642/1744/20 3115/1747/20 3116/1753/20
f 1647/1751/20 3116/1753/20 4434/1754/20
f 1641/1745/20 1643/1752/20 1648/1755/20
f 1644/1756/20 1648/1755/20 2927/1757/20
f 1643/1752/20 3121/1711/20 3120/1725/20
f 1648/1755/20 3120/1725/20 3431/1759/20
f 1644/1756/20 1649/1760/20 1645/1743/20
f 1649/1760/20 4504/1762/20 4505/1748/20
f 2926/1758/20 2925/1761/20 1649/1760/20
f 2925/1761/20 4349/1815/20 4504/1762/20
f 1650/1763/346 1654/1768/346 1655/1764/346
f 1651/1765/346 1655/1764/346 3018/1766/347
f 1654/1768/346 2899/1781/325 2900/1769/325
f 1655/1764/346 2900/1769/325 3364/1770/326
f 1650/1763/346 1651/1765/346 1656/1771/346
f 1652/1772/346 1656/1771/346 2537/1773/39
f 1651/1765/346 3019/1767/347 3020/1775/347
f 1656/1771/346 3020/1775/347 3347/1776/40
f 1652/1772/346 1657/1778/346 1653/1777/346
f 1657/1778/346 3038/1412/346 3037/1408/346
f 2536/1774/39 2535/1779/39 1657/1778/346
f 2535/1779/39 3854/3914/39 3038/1412/346
f 1653/1777/346 1658/1780/346 1654/1768/346
f 1658/1780/346 2898/1782/325 2899/1781/325
f 3037/1408/346 3036/1410/348 1658/1780/346
f 3036/1410/348 4058/3913/325 2898/1782/325
f 1663/1783/23 1664/1786/23 1660/1784/23
f 1664/1786/23 3117/1790/23 3118/1787/23
f 4328/1788/23 4327/1789/23 1664/1786/23
f 4327/1789/23 4324/3925/23 3117/1790/23
f 1660/1784/23 1665/1792/23 1661/1791/23
f 1665/1792/23 3051/1564/23 3052/1563/23
f 3118/1787/23 3119/1793/23 1665/1792/23
f 3119/1793/23 3434/3921/23 3051/1564/23
f 1661/1791/23 1666/1795/23 1662/1794/23
f 1666/1795/23 2913/1797/23 2914/1796/23
f 3052/1563/23 3053/1577/23 1666/1795/23
f 3053/1577/23 3416/3922/23 2913/1797/23
f 1659/1785/23 1662/1794/23 1667/1798/23
f 1667/1798/23 4329/1800/23 4328/1788/23
f 2914/1796/23 2915/1799/23 1667/1798/23
f 2915/1799/23 4323/3926/23 4329/1800/23
f 1672/1801/20 1673/1804/20 1669/1802/20
f 1673/1804/20 3056/1806/20 3055/1805/20
f 2917/1788/20 2918/1800/20 1673/1804/20
f 2918/1800/20 3421/3926/20 3056/1806/20
f 1668/1803/20 1669/1802/20 1674/1807/20
f 1670/1808/20 1674/1807/20 3080/1749/20
f 1669/1802/20 3055/1805/20 3054/1809/20
f 1674/1807/20 3054/1809/20 3423/1810/20
f 1668/1803/20 1670/1808/20 1675/1811/20
f 1671/1812/20 1675/1811/20 4549/1813/20
f 1670/1808/20 3079/1748/20 3078/1762/20
f 1675/1811/20 3078/1762/20 4350/1815/20
f 1671/1812/20 1676/1816/20 1672/1801/20
f 1676/1816/20 2916/1789/20 2917/1788/20
f 4550/1814/20 4551/1817/20 1676/1816/20
f 4551/1817/20 4326/3925/20 2916/1789/20
f 1681/1818/349 1682/1821/349 1678/1819/350
f 1682/1821/349 2901/1823/256 2902/1822/255
f 3019/1767/347 3018/1766/347 1682/1821/349
f 3018/1766/347 3364/1770/326 2901/1823/256
f 1677/1820/350 1678/1819/350 1683/1824/351
f 1679/1825/351 1683/1824/351 2991/1313/352
f 1678/1819/350 2902/1822/255 2903/1826/259
f 1683/1824/351 2903/1826/259 4301/1827/260
f 1677/1820/350 1679/1825/351 1684/1828/351
f 1680/1829/350 1684/1828/351 2531/1830/31
f 1679/1825/351 2992/1306/352 2993/1309/352
f 1684/1828/351 2993/1309/352 3873/1832/32
f 1680/1829/350 1685/1833/349 1681/1818/349
f 1685/1833/349 3020/1775/347 3019/1767/347
f 2530/1831/26 2529/1834/28 1685/1833/349
f 2529/1834/28 3347/1776/40 3020/1775/347
f 1690/1835/20 1691/1838/20 1687/1836/20
f 1691/1838/20 2990/1468/20 2989/1461/20
f 2638/1839/20 2639/1840/20 1691/1838/20
f 2639/1840/20 3355/3916/20 2990/1468/20
f 1687/1836/20 1692/1842/20 1688/1841/20
f 1692/1842/20 3131/1844/20 3130/1843/20
f 2989/1461/20 2988/1464/20 1692/1842/20
f 2988/1464/20 3358/3915/20 3131/1844/20
f 1686/1837/20 1688/1841/20 1693/1845/20
f 1689/1846/20 1693/1845/20 2952/1116/20
f 1688/1841/20 3130/1843/20 3129/1847/20
f 1693/1845/20 3129/1847/20 3437/1848/20
f 1686/1837/20 1689/1846/20 1694/1849/20
f 1690/1835/20 1694/1849/20 2637/1850/20
f 1689/1846/20 2953/1109/20 2954/1112/20
f 1694/1849/20 2954/1112/20 3350/1851/20
f 1699/1852/8 1700/1855/8 1696/1853/8
f 1700/1855/8 3101/1704/8 3100/1700/8
f 2509/1856/8 2510/1857/8 1700/1855/8
f 2510/1857/8 3335/3924/8 3101/1704/8
f 1696/1853/8 1701/1859/8 1697/1858/8
f 1701/1859/8 2909/1861/8 2908/1860/8
f 3100/1700/8 3099/1702/8 1701/1859/8
f 3099/1702/8 4317/3923/8 2909/1861/8
f 1695/1854/8 1697/1858/8 1702/1862/8
f 1698/1863/8 1702/1862/8 4456/1864/8
f 1697/1858/8 2908/1860/8 2907/1866/8
f 1702/1862/8 2907/1866/8 4315/1867/8
f 1695/1854/8 1698/1863/8 1703/1868/8
f 1699/1852/8 1703/1868/8 2508/1869/8
f 1698/1863/8 4457/1865/8 4458/1870/8
f 1703/1868/8 4458/1870/8 3839/1871/8
f 1708/1872/177 1709/1875/177 1705/1873/177
f 1709/1875/177 3026/1870/177 3025/1865/177
f 2515/1876/177 2516/1877/177 1709/1875/177
f 2516/1877/177 3336/1871/177 3026/1870/177
f 1705/1873/177 1710/1879/177 1706/1878/177
f 1710/1879/177 3092/1881/177 3091/1880/177
f 3025/1865/177 3024/1864/177 1710/1879/177
f 3024/1864/177 3415/1867/177 3092/1881/177
f 1706/1878/177 1711/1883/177 1707/1882/177
f 1711/1883/177 2940/1036/177 2941/1029/177
f 3091/1880/177 3090/1884/177 1711/1883/177
f 3090/1884/177 3433/3904/177 2940/1036/177
f 1707/1882/177 1712/1885/177 1708/1872/177
f 1712/1885/177 2514/1886/177 2515/1876/177
f 2941/1029/177 2942/1032/177 1712/1885/177
f 2942/1032/177 3339/3903/177 2514/1886/177
f 1713/1887/353 1717/1890/353 1718/1888/353
f 1714/1889/353 1718/1888/353 2645/1091/188
f 1717/1890/353 2533/1902/38 2534/1891/38
f 1718/1888/353 2534/1891/38 3346/1892/41
f 1713/1887/353 1714/1889/353 1719/1893/353
f 1715/1894/353 1719/1893/353 3095/1895/323
f 1714/1889/353 2644/1090/188 2643/1104/188
f 1719/1893/353 2643/1104/188 3424/1897/324
f 1715/1894/353 1720/1899/353 1716/1898/353
f 1720/1899/353 3042/1538/353 3043/1534/353
f 3094/1896/323 3093/1900/323 1720/1899/353
f 3093/1900/323 3405/3920/323 3042/1538/353
f 1716/1898/353 1721/1901/353 1717/1890/353
f 1721/1901/353 2532/1903/38 2533/1902/38
f 3043/1534/353 3044/1536/353 1721/1901/353
f 3044/1536/353 3861/3919/38 2532/1903/38
f 1722/1904/177 1726/1909/178 1727/1905/178
f 1723/1906/177 1727/1905/178 2843/1907/179
f 1726/1909/178 4466/1923/180 4467/1910/354
f 1727/1905/178 4467/1910/354 4243/1911/180
f 1722/1904/177 1723/1906/177 1728/1912/182
f 1724/1913/182 1728/1912/182 3047/1510/183
f 1723/1906/177 2842/1908/177 2841/1914/355
f 1728/1912/182 2841/1914/355 3422/1915/356
f 1722/1904/177 1724/1913/182 1729/1916/182
f 1725/1917/177 1729/1916/182 2652/1918/184
f 1724/1913/182 3046/1503/183 3045/1506/183
f 1729/1916/182 3045/1506/183 3332/1920/183
f 1722/1904/177 1725/1917/177 1730/1921/178
f 1726/1909/178 1730/1921/178 4465/1922/180
f 1725/1917/177 2653/1919/177 2654/1924/179
f 1730/1921/178 2654/1924/179 4021/1925/180
f 1744/1926/357 1745/1929/358 1741/1927/358
f 1745/1929/358 3035/1910/363 3034/1923/360
f 2872/1930/361 2871/1931/362 1745/1929/358
f 2871/1931/362 3413/1911/363 3035/1910/363
f 1741/1927/358 1746/1933/358 1742/1932/357
f 1746/1933/358 3060/1935/362 3061/1934/364
f 3034/1923/360 3033/1922/363 1746/1933/358
f 3033/1922/363 3342/1925/1869 3060/1935/362
f 1740/1928/359 1742/1932/357 1747/1936/365
f 1743/1937/366 1747/1936/365 2949/978/367
f 1742/1932/357 3061/1934/364 3062/1938/368
f 1747/1936/365 3062/1938/368 3436/1939/369
f 1740/1928/359 1743/1937/366 1748/1940/370
f 1744/1926/357 1748/1940/370 2873/1941/371
f 1743/1937/366 2950/973/367 2951/975/369
f 1748/1940/370 2951/975/369 3367/1942/367
f 1753/1943/372 1754/1946/375 1750/1944/373
f 1754/1946/375 2963/1069/363 2962/1082/360
f 2878/1947/376 2877/1948/377 1754/1946/375
f 2877/1948/377 3410/1070/363 2963/1069/363
f 1750/1944/373 1755/1950/375 1751/1949/374
f 1755/1950/375 3063/1952/377 3064/1951/376
f 2962/1082/360 2961/1081/363 1755/1950/375
f 2961/1081/363 3440/1084/1869 3063/1952/377
f 1749/1945/374 1751/1949/374 1756/1953/378
f 1752/1954/378 1756/1953/378 3027/1955/379
f 1751/1949/374 3064/1951/376 3065/1957/381
f 1756/1953/378 3065/1957/381 3338/1958/382
f 1749/1945/374 1752/1954/378 1757/1959/378
f 1753/1943/372 1757/1959/378 2879/1960/381
f 1752/1954/378 3028/1956/380 3029/1961/379
f 1757/1959/378 3029/1961/379 3417/1962/379
f 1762/1963/242 1763/1966/237 1759/1964/383
f 1763/1966/237 3032/1666/384 3031/1659/238
f 2884/1967/239 2885/1968/240 1763/1966/237
f 2885/1968/240 3408/1667/238 3032/1666/384
f 1759/1964/383 1764/1970/237 1760/1969/235
f 1764/1970/237 3023/1972/244 3022/1971/243
f 3031/1659/238 3030/1658/238 1764/1970/237
f 3030/1658/238 3353/1661/1865 3023/1972/244
f 1758/1965/235 1760/1969/235 1765/1973/246
f 1761/1974/246 1765/1973/246 2838/1975/247
f 1760/1969/235 3022/1971/243 3021/1977/249
f 1765/1973/246 3021/1977/249 4228/1978/250
f 1758/1965/235 1761/1974/246 1766/1979/245
f 1762/1963/242 1766/1979/245 2883/1980/249
f 1761/1974/246 2839/1976/251 2840/1981/251
f 1766/1979/245 2840/1981/251 3420/1982/251
f 1771/1983/20 1772/1986/20 1768/1984/20
f 1772/1986/20 3197/1990/20 3196/1987/20
f 4572/1988/20 4571/1989/20 1772/1986/20
f 4571/1989/20 4570/2121/20 3197/1990/20
f 1768/1984/20 1773/1992/20 1769/1991/20
f 1773/1992/20 4558/1995/20 4559/1993/20
f 3196/1987/20 3195/1994/20 1773/1992/20
f 3195/1994/20 4557/2117/20 4558/1995/20
f 1767/1985/20 1769/1991/20 1774/1996/20
f 1770/1997/20 1774/1996/20 4562/1998/20
f 1769/1991/20 4559/1993/20 4560/2000/20
f 1774/1996/20 4560/2000/20 4561/2001/20
f 1767/1985/20 1770/1997/20 1775/2002/20
f 1771/1983/20 1775/2002/20 4573/2003/20
f 1770/1997/20 4563/1999/20 4564/2004/20
f 1775/2002/20 4564/2004/20 4565/2005/20
f 1776/2006/385 1780/2011/390 1781/2007/386
f 1777/2008/387 1781/2007/386 3135/2009/388
f 1780/2011/390 3202/2023/391 3201/2012/391
f 1781/2007/386 3201/2012/391 3452/2013/392
f 1777/2008/387 1782/2015/394 1778/2014/393
f 1782/2015/394 3156/2018/397 3157/2016/395
f 3136/2010/389 3137/2017/396 1782/2015/394
f 3137/2017/396 3441/3927/1870 3156/2018/397
f 1776/2006/385 1778/2014/393 1783/2019/398
f 1779/2020/399 1783/2019/398 3149/2000/400
f 1778/2014/393 3157/2016/395 3158/2021/402
f 1783/2019/398 3158/2021/402 3445/2001/403
f 1779/2020/399 1784/2022/404 1780/2011/390
f 1784/2022/404 3203/2024/391 3202/2023/391
f 3148/1993/401 3147/1995/405 1784/2022/404
f 3147/1995/405 3456/2117/481 3203/2024/391
f 1789/2025/406 1790/2028/409 1786/2026/407
f 1790/2028/409 3138/2032/411 3139/2029/410
f 3157/2030/395 3156/2031/397 1790/2028/409
f 3156/2031/397 3441/3928/1870 3138/2032/411
f 1786/2026/407 1791/2034/413 1787/2033/412
f 1791/2034/413 3162/2037/416 3163/2035/414
f 3139/2029/410 3140/2036/415 1791/2034/413
f 3140/2036/415 3442/3929/1871 3162/2037/416
f 1785/2027/408 1787/2033/412 1792/2038/412
f 1788/2039/417 1792/2038/412 3152/2004/418
f 1787/2033/412 3163/2035/414 3164/2040/419
f 1792/2038/412 3164/2040/419 3446/2005/420
f 1785/2027/408 1788/2039/417 1793/2041/409
f 1789/2025/406 1793/2041/409 3158/2042/402
f 1788/2039/417 3151/1999/417 3150/1998/421
f 1793/2041/409 3150/1998/421 3445/2001/403
f 1798/2043/422 1799/2046/422 1795/2044/423
f 1799/2046/422 3143/2050/427 3142/2047/425
f 3166/2048/426 3167/2049/426 1799/2046/422
f 3167/2049/426 3443/3930/1872 3143/2050/427
f 1795/2044/423 1800/2052/429 1796/2051/428
f 1800/2052/429 3161/2055/432 3160/2053/430
f 3142/2047/425 3141/2054/431 1800/2052/429
f 3141/2054/431 3444/3931/1873 3161/2055/432
f 1794/2045/424 1796/2051/428 1801/2056/428
f 1797/2057/433 1801/2056/428 4567/2058/434
f 1796/2051/428 3160/2053/430 3159/2060/430
f 1801/2056/428 3159/2060/430 4566/2061/436
f 1794/2045/424 1797/2057/433 1802/2062/422
f 1798/2043/422 1802/2062/422 3165/2063/437
f 1797/2057/433 4568/2059/435 4569/2064/438
f 1802/2062/422 4569/2064/438 4556/2065/439
f 1803/2066/440 1807/2071/445 1808/2067/441
f 1804/2068/442 1808/2067/441 3132/2069/443
f 1807/2071/445 3208/2085/446 3207/2072/446
f 1808/2067/441 3207/2072/446 3450/2073/447
f 1804/2068/442 1809/2075/449 1805/2074/448
f 1809/2075/449 3167/2078/426 3166/2076/426
f 3133/2070/444 3134/2077/450 1809/2075/449
f 3134/2077/450 3443/3932/1872 3167/2078/426
f 1803/2066/440 1805/2074/448 1810/2079/451
f 1806/2080/442 1810/2079/451 4555/2081/452
f 1805/2074/448 3166/2076/426 3165/2083/437
f 1810/2079/451 3165/2083/437 4556/2065/439
f 1806/2080/442 1811/2084/454 1807/2071/445
f 1811/2084/454 3209/2087/446 3208/2085/446
f 4554/2082/453 4553/2086/455 1811/2084/454
f 4553/2086/455 4552/2108/512 3209/2087/446
f 1812/2088/20 1816/2091/20 1817/2089/20
f 1813/2090/20 1817/2089/20 3155/2064/20
f 1816/2091/20 3145/2082/20 3146/2081/20
f 1817/2089/20 3146/2081/20 3447/2065/20
f 1812/2088/20 1813/2090/20 1818/2092/20
f 1814/2093/20 1818/2092/20 4580/2094/20
f 1813/2090/20 3154/2059/20 3153/2058/20
f 1818/2092/20 3153/2058/20 3448/2061/20
f 1814/2093/20 1819/2097/20 1815/2096/20
f 1819/2097/20 3192/2100/20 3193/2098/20
f 4579/2095/20 4578/2099/20 1819/2097/20
f 4578/2099/20 4577/2113/20 3192/2100/20
f 1815/2096/20 1820/2101/20 1816/2091/20
f 1820/2101/20 3144/2086/20 3145/2082/20
f 3193/2098/20 3194/2102/20 1820/2101/20
f 3194/2102/20 3454/2108/20 3144/2086/20
f 1821/2103/20 1825/2106/20 1826/2104/20
f 1822/2105/20 1826/2104/20 3194/2102/20
f 1825/2106/20 4575/2120/20 4574/2107/20
f 1826/2104/20 4574/2107/20 3454/2108/20
f 1821/2103/20 1822/2105/20 1827/2109/20
f 1823/2110/20 1827/2109/20 4583/2111/20
f 1822/2105/20 3193/2098/20 3192/2100/20
f 1827/2109/20 3192/2100/20 4577/2113/20
f 1821/2103/20 1823/2110/20 1828/2114/20
f 1824/2115/20 1828/2114/20 3195/1994/20
f 1823/2110/20 4582/2112/20 4581/2116/20
f 1828/2114/20 4581/2116/20 4557/2117/20
f 1821/2103/20 1824/2115/20 1829/2118/20
f 1825/2106/20 1829/2118/20 4576/2119/20
f 1824/2115/20 3196/1987/20 3197/1990/20
f 1829/2118/20 3197/1990/20 4570/2121/20
f 1834/2122/456 1835/2125/459 1831/2123/457
f 1835/2125/459 3176/2129/461 3175/2126/460
f 3160/2127/430 3161/2128/432 1835/2125/459
f 3161/2128/432 3444/3933/1873 3176/2129/461
f 1830/2124/458 1831/2123/457 1836/2130/462
f 1832/2131/463 1836/2130/462 3198/2132/464
f 1831/2123/457 3175/2126/460 3174/2134/465
f 1836/2130/462 3174/2134/465 3451/2135/466
f 1832/2131/463 1837/2137/467 1833/2136/457
f 1837/2137/467 3186/2099/469 3187/2095/468
f 3199/2133/464 3200/2138/464 1837/2137/467
f 3200/2138/464 3455/2113/483 3186/2099/469
f 1830/2124/458 1833/2136/457 1838/2139/470
f 1834/2122/456 1838/2139/470 3159/2140/430
f 1833/2136/457 3187/2095/468 3188/2094/471
f 1838/2139/470 3188/2094/471 4566/2061/436
f 1843/2141/472 1844/2144/474 1840/2142/473
f 1844/2144/474 3179/2146/476 3178/2145/475
f 3199/2133/464 3198/2132/464 1844/2144/474
f 3198/2132/464 3451/2135/466 3179/2146/476
f 1840/2142/473 1845/2148/477 1841/2147/477
f 1845/2148/477 3201/2012/391 3202/2023/391
f 3178/2145/475 3177/2149/478 1845/2148/477
f 3177/2149/478 3452/2013/392 3201/2012/391
f 1839/2143/473 1841/2147/477 1846/2150/479
f 1842/2151/475 1846/2150/479 3189/2116/480
f 1841/2147/477 3202/2023/391 3203/2024/391
f 1846/2150/479 3203/2024/391 3456/2117/481
f 1839/2143/473 1842/2151/475 1847/2152/472
f 1843/2141/472 1847/2152/472 3200/2138/464
f 1842/2151/475 3190/2112/475 3191/2111/482
f 1847/2152/472 3191/2111/482 3455/2113/483
f 1852/2153/484 1853/2156/487 1849/2154/485
f 1853/2156/487 3170/2160/489 3169/2157/488
f 3163/2158/414 3162/2159/416 1853/2156/487
f 3162/2159/416 3442/3934/1871 3170/2160/489
f 1848/2155/486 1849/2154/485 1854/2161/490
f 1850/2162/491 1854/2161/490 3204/2163/492
f 1849/2154/485 3169/2157/488 3168/2165/494
f 1854/2161/490 3168/2165/494 3449/2166/495
f 1850/2162/491 1855/2168/497 1851/2167/496
f 1855/2168/497 3180/1989/500 3181/1988/498
f 3205/2164/493 3206/2169/499 1855/2168/497
f 3206/2169/499 3453/2121/515 3180/1989/500
f 1848/2155/486 1851/2167/496 1856/2170/501
f 1852/2153/484 1856/2170/501 3164/2171/419
f 1851/2167/496 3181/1988/498 3182/2003/502
f 1856/2170/501 3182/2003/502 3446/2005/420
f 1861/2172/503 1862/2175/503 1858/2173/504
f 1862/2175/503 3173/2177/507 3172/2176/506
f 3205/2164/493 3204/2163/492 1862/2175/503
f 3204/2163/492 3449/2166/495 3173/2177/507
f 1858/2173/504 1863/2179/508 1859/2178/508
f 1863/2179/508 3207/2072/446 3208/2085/446
f 3172/2176/506 3171/2180/509 1863/2179/508
f 3171/2180/509 3450/2073/447 3207/2072/446
f 1857/2174/505 1859/2178/508 1864/2181/510
f 1860/2182/506 1864/2181/510 3183/2107/511
f 1859/2178/508 3208/2085/446 3209/2087/446
f 1864/2181/510 3209/2087/446 4552/2108/512
f 1857/2174/505 1860/2182/506 1865/2183/513
f 1861/2172/503 1865/2183/513 3206/2169/499
f 1860/2182/506 3184/2120/506 3185/2119/514
f 1865/2183/513 3185/2119/514 3453/2121/515
f 37/2184/516 38/2190/522 34/2185/517
f 34/2185/517 38/2190/522 3663/2187/519
f 2098/2189/521 2097/2235/567 38/2190/522
f 38/2190/522 2097/2235/567 3664/2191/523
f 33/2186/518 34/2185/517 39/2192/524
f 35/2193/525 39/2192/524 1926/2194/526
f 3662/2188/520 3661/3039/1874 39/2192/524
f 39/2192/524 3661/3039/1874 3660/2196/528
f 33/2186/518 35/2193/525 40/2197/529
f 40/2197/529 3517/2201/533 3516/2199/531
f 35/2193/525 1927/2195/527 1928/2200/532
f 1928/2200/532 3510/3935/1468 3517/2201/533
f 36/2198/530 41/2202/534 37/2184/516
f 41/2202/534 2099/2204/536 2098/2189/521
f 3516/2199/531 3515/2203/535 41/2202/534
f 3515/2203/535 3514/3936/1875 2099/2204/536
f 42/2205/537 46/2210/542 47/2206/538
f 47/2206/538 3668/2212/544 3667/2208/540
f 2104/2209/541 2103/2211/543 47/2206/538
f 2103/2211/543 3669/3937/1876 3668/2212/544
f 43/2207/539 48/2216/548 44/2213/545
f 44/2213/545 48/2216/548 1932/2214/546
f 3667/2208/540 3666/2217/549 48/2216/548
f 3666/2217/549 3665/2249/581 1932/2214/546
f 44/2213/545 49/2219/551 45/2218/550
f 49/2219/551 3492/2222/554 3491/2220/552
f 1933/2215/547 1934/2221/553 49/2219/551
f 1934/2221/553 3493/3938/1877 3492/2222/554
f 45/2218/550 50/2223/555 46/2210/542
f 50/2223/555 2105/2225/557 2104/2209/541
f 3491/2220/552 3490/2224/556 50/2223/555
f 3490/2224/556 3489/3939/1878 2105/2225/557
f 51/2226/558 55/2231/563 56/2227/559
f 52/2228/560 56/2227/559 3672/2229/561
f 55/2231/563 2107/2241/573 2106/2232/564
f 2106/2232/564 3673/3940/1879 3672/2229/561
f 51/2226/558 52/2228/560 57/2233/565
f 53/2234/566 57/2233/565 2097/2235/567
f 3671/2230/562 3670/3072/1880 57/2233/565
f 57/2233/565 3670/3072/1880 3664/2191/523
f 53/2234/566 58/2237/569 54/2236/568
f 58/2237/569 3520/2239/571 3519/2238/570
f 2098/2189/521 2099/2204/536 58/2237/569
f 2099/2204/536 3514/3936/1875 3520/2239/571
f 51/2226/558 54/2236/568 59/2240/572
f 59/2240/572 2108/2243/575 2107/2241/573
f 3519/2238/570 3518/2242/574 59/2240/572
f 3518/2242/574 3509/3941/1881 2108/2243/575
f 60/2244/576 64/2248/580 65/2245/577
f 65/2245/577 3677/2250/582 3676/2247/579
f 64/2248/580 1933/2215/547 1932/2214/546
f 65/2245/577 1932/2214/546 3665/2249/581
f 61/2246/578 66/2255/587 62/2251/583
f 62/2251/583 66/2255/587 1941/2252/584
f 61/2246/578 3676/2247/579 3675/2254/586
f 3675/2254/586 3674/2269/601 1941/2252/584
f 62/2251/583 67/2257/589 63/2256/588
f 67/2257/589 3496/2260/592 3495/2258/590
f 1942/2253/585 1943/2259/591 67/2257/589
f 1943/2259/591 3497/3942/1882 3496/2260/592
f 60/2244/576 63/2256/588 68/2261/593
f 64/2248/580 68/2261/593 1934/2221/553
f 3495/2258/590 3494/2262/594 68/2261/593
f 3494/2262/594 3493/3938/1877 1934/2221/553
f 69/2263/595 73/2268/600 74/2264/596
f 70/2265/597 74/2264/596 3681/2266/598
f 1942/2253/585 1941/2252/584 74/2264/596
f 74/2264/596 1941/2252/584 3674/2269/601
f 69/2263/595 70/2265/597 75/2270/602
f 75/2270/602 1944/2275/607 1945/2272/604
f 70/2265/597 3680/2267/599 3679/2273/605
f 75/2270/602 3679/2273/605 3678/2274/606
f 71/2271/603 76/2277/609 72/2276/608
f 76/2277/609 3500/2280/612 3499/2278/610
f 1945/2272/604 1946/2279/611 76/2277/609
f 1946/2279/611 3501/3943/1481 3500/2280/612
f 69/2263/595 72/2276/608 77/2281/613
f 73/2268/600 77/2281/613 1943/2259/591
f 3499/2278/610 3498/2282/614 77/2281/613
f 3498/2282/614 3497/3942/1882 1943/2259/591
f 78/2283/615 82/2287/619 83/2284/616
f 83/2284/616 3685/2288/620 3684/2286/618
f 82/2287/619 1945/2272/604 1944/2275/607
f 1944/2275/607 3678/2274/606 3685/2288/620
f 79/2285/617 84/2290/622 80/2289/621
f 84/2290/622 1947/2294/626 1948/2291/623
f 79/2285/617 3684/2286/618 3683/2292/624
f 84/2290/622 3683/2292/624 3682/2293/625
f 80/2289/621 85/2296/628 81/2295/627
f 85/2296/628 3504/2299/631 3503/2297/629
f 1948/2291/623 1949/2298/630 85/2296/628
f 1949/2298/630 3505/3944/1883 3504/2299/631
f 78/2283/615 81/2295/627 86/2300/632
f 82/2287/619 86/2300/632 1946/2279/611
f 3503/2297/629 3502/2301/633 86/2300/632
f 3502/2301/633 3501/3943/1481 1946/2279/611
f 87/2302/634 91/2306/638 92/2303/635
f 92/2303/635 3688/2307/639 3687/2305/637
f 91/2306/638 1948/2291/623 1947/2294/626
f 1947/2294/626 3682/2293/625 3688/2307/639
f 87/2302/634 88/2304/636 93/2308/640
f 89/2309/641 93/2308/640 2106/2232/564
f 3687/2305/637 3686/2310/642 93/2308/640
f 3686/2310/642 3673/3940/1879 2106/2232/564
f 87/2302/634 89/2309/641 94/2311/643
f 94/2311/643 3508/2314/646 3507/2313/645
f 89/2309/641 2107/2241/573 2108/2243/575
f 2108/2243/575 3509/3941/1881 3508/2314/646
f 90/2312/644 95/2315/647 91/2306/638
f 95/2315/647 1949/2298/630 1948/2291/623
f 3507/2313/645 3506/2316/648 95/2315/647
f 3506/2316/648 3505/3944/1883 1949/2298/630
f 100/2317/649 101/2323/655 97/2318/650
f 97/2318/650 101/2323/655 3692/2320/652
f 100/2317/649 2122/2336/668 2121/2322/654
f 101/2323/655 2121/2322/654 3693/2324/656
f 96/2319/651 97/2318/650 102/2325/657
f 102/2325/657 1950/2329/661 1951/2327/659
f 3691/2321/653 3690/3134/1884 102/2325/657
f 102/2325/657 3690/3134/1884 3689/2328/660
f 96/2319/651 98/2326/658 103/2330/662
f 103/2330/662 3484/2334/666 3483/2332/664
f 1951/2327/659 1952/2333/665 103/2330/662
f 1952/2333/665 3485/3945/712 3484/2334/666
f 99/2331/663 104/2335/667 100/2317/649
f 104/2335/667 2123/2338/670 2122/2336/668
f 3483/2332/664 3482/2337/669 104/2335/667
f 3482/2337/669 3481/3946/1885 2123/2338/670
f 105/2339/671 109/2344/676 110/2340/672
f 106/2341/673 110/2340/672 3696/2342/674
f 1927/2195/527 1926/2194/526 110/2340/672
f 110/2340/672 1926/2194/526 3660/2196/528
f 105/2339/671 106/2341/673 111/2345/677
f 111/2345/677 2121/2322/654 2122/2336/668
f 106/2341/673 3695/2343/675 3694/2347/679
f 111/2345/677 3694/2347/679 3693/2324/656
f 105/2339/671 107/2346/678 112/2348/680
f 112/2348/680 3513/2351/683 3512/2350/682
f 107/2346/678 2122/2336/668 2123/2338/670
f 2123/2338/670 3481/3946/1885 3513/2351/683
f 108/2349/681 113/2352/684 109/2344/676
f 113/2352/684 1928/2200/532 1927/2195/527
f 3512/2350/682 3511/2353/685 113/2352/684
f 3511/2353/685 3510/3935/1468 1928/2200/532
f 114/2354/686 118/2358/690 119/2355/687
f 119/2355/687 3699/2359/691 3698/2357/689
f 118/2358/690 1951/2327/659 1950/2329/661
f 119/2355/687 1950/2329/661 3689/2328/660
f 114/2354/686 115/2356/688 120/2360/692
f 116/2361/693 120/2360/692 2103/2362/543
f 115/2356/688 3698/2357/689 3697/2364/694
f 3697/2364/694 3669/3947/1876 2103/2362/543
f 114/2354/686 116/2361/693 121/2365/695
f 121/2365/695 3488/2369/698 3487/2367/697
f 2104/2363/541 2105/2368/557 121/2365/695
f 2105/2368/557 3489/3948/1878 3488/2369/698
f 117/2366/696 122/2370/699 118/2358/690
f 122/2370/699 1952/2333/665 1951/2327/659
f 3487/2367/697 3486/2371/700 122/2370/699
f 3486/2371/700 3485/3945/712 1952/2333/665
f 127/2372/701 128/2375/702 124/2373/702
f 128/2375/702 1962/2379/703 1963/2376/703
f 127/2372/701 3564/2391/701 3565/2377/702
f 128/2375/702 3565/2377/702 3526/2378/703
f 124/2373/702 129/2381/702 125/2380/701
f 129/2381/702 3561/2384/702 3560/2382/701
f 1963/2376/703 1964/2383/703 129/2381/702
f 1964/2383/703 3546/3949/703 3561/2384/702
f 125/2380/701 130/2386/704 126/2385/704
f 130/2386/704 1958/2389/705 1957/2387/705
f 3560/2382/701 3559/2388/704 130/2386/704
f 3559/2388/704 3558/3950/705 1958/2389/705
f 126/2385/704 131/2390/704 127/2372/701
f 131/2390/704 3563/2393/704 3564/2391/701
f 1957/2387/705 1956/2392/705 131/2390/704
f 1956/2392/705 3562/3951/1886 3563/2393/704
f 136/2394/706 137/2397/708 133/2395/707
f 137/2397/708 1965/2401/709 1966/2398/709
f 3528/2399/706 3529/2400/708 137/2397/708
f 3529/2400/708 3530/3952/709 1965/2401/709
f 132/2396/706 133/2395/707 138/2402/708
f 138/2402/708 3549/2406/708 3548/2404/706
f 1966/2398/709 1967/2405/709 138/2402/708
f 1967/2405/709 3550/3953/709 3549/2406/708
f 132/2396/706 134/2403/706 139/2407/710
f 135/2408/710 139/2407/710 1964/2383/703
f 3548/2404/706 3547/2409/710 139/2407/710
f 3547/2409/710 3546/3949/703 1964/2383/703
f 135/2408/710 140/2410/710 136/2394/706
f 140/2410/710 3527/2411/710 3528/2399/706
f 1963/2376/703 1962/2379/703 140/2410/710
f 1962/2379/703 3526/2378/703 3527/2411/710
f 145/2412/711 146/2415/666 142/2413/666
f 146/2415/666 1968/2419/712 1969/2416/712
f 3555/2417/711 3556/2418/666 146/2415/666
f 3556/2418/666 3557/2504/712 1968/2419/712
f 142/2413/666 147/2421/666 143/2420/711
f 147/2421/666 3553/2424/666 3552/2422/711
f 142/2413/666 1969/2416/712 1970/2423/712
f 1970/2423/712 3525/3954/712 3553/2424/666
f 143/2420/711 148/2426/713 144/2425/713
f 148/2426/713 1967/2405/709 1966/2398/709
f 3552/2422/711 3551/2427/713 148/2426/713
f 3551/2427/713 3550/3953/709 1967/2405/709
f 144/2425/713 149/2429/713 145/2412/711
f 145/2412/711 149/2429/713 3554/2428/713
f 1966/2398/709 1965/2401/709 149/2429/713
f 1965/2401/709 3530/3952/709 3554/2428/713
f 154/2430/714 155/2433/715 151/2431/715
f 155/2433/715 1971/2437/717 1972/2434/716
f 3572/2435/714 3573/2436/715 155/2433/715
f 3573/2436/715 3574/3955/716 1971/2437/717
f 151/2431/715 156/2439/715 152/2438/714
f 156/2439/715 3567/2442/715 3568/2440/714
f 1972/2434/716 1973/2441/717 156/2439/715
f 1973/2441/717 3566/3956/717 3567/2442/715
f 152/2438/714 157/2444/718 153/2443/718
f 157/2444/718 1976/2447/719 1975/2445/719
f 3568/2440/714 3569/2446/718 157/2444/718
f 3569/2446/718 3570/3957/719 1976/2447/719
f 153/2443/718 158/2448/718 154/2430/714
f 158/2448/718 3571/2450/718 3572/2435/714
f 1975/2445/719 1974/2449/719 158/2448/718
f 1974/2449/719 3540/3958/719 3571/2450/718
f 159/2451/720 163/2455/720 164/2452/721
f 164/2452/721 1974/2449/719 1975/2445/719
f 3538/2454/720 3539/2456/721 164/2452/721
f 3539/2456/721 3540/3958/719 1974/2449/719
f 160/2453/721 165/2458/721 161/2457/720
f 165/2458/721 3575/2460/721 3576/2459/720
f 1975/2445/719 1976/2447/719 165/2458/721
f 1976/2447/719 3570/3957/719 3575/2460/721
f 161/2457/720 166/2462/722 162/2461/722
f 166/2462/722 1961/2465/723 1960/2463/723
f 3576/2459/720 3577/2464/722 166/2462/722
f 3577/2464/722 3541/3959/723 1961/2465/723
f 159/2451/720 162/2461/722 167/2466/722
f 167/2466/722 3537/2468/722 3538/2454/720
f 1960/2463/723 1959/2467/723 167/2466/722
f 1959/2467/723 3536/3960/723 3537/2468/722
f 172/2469/724 173/2472/725 169/2470/725
f 173/2472/725 1959/2467/723 1960/2463/723
f 3579/2473/726 3580/2474/725 173/2472/725
f 3580/2474/725 3536/3960/723 1959/2467/723
f 169/2470/725 174/2476/725 170/2475/727
f 174/2476/725 3542/2478/725 3543/2477/724
f 1960/2463/723 1961/2465/723 174/2476/725
f 1961/2465/723 3541/3959/723 3542/2478/725
f 170/2475/727 175/2480/728 171/2479/728
f 175/2480/728 1979/2483/729 1978/2481/729
f 3543/2477/724 3544/2482/728 175/2480/728
f 3544/2482/728 3545/3961/729 1979/2483/729
f 168/2471/724 171/2479/728 176/2484/728
f 176/2484/728 3578/2486/728 3579/2473/726
f 1978/2481/729 1977/2485/729 176/2484/728
f 1977/2485/729 3531/3962/729 3578/2486/728
f 181/2487/730 182/2490/731 178/2488/731
f 182/2490/731 1980/2494/7 1981/2491/7
f 3582/2492/730 3583/2493/731 182/2490/731
f 3583/2493/731 3535/3963/7 1980/2494/7
f 177/2489/730 178/2488/731 183/2495/731
f 183/2495/731 3522/2499/731 3523/2497/730
f 1981/2491/7 1982/2498/7 183/2495/731
f 1982/2498/7 3521/3964/7 3522/2499/731
f 179/2496/730 184/2501/732 180/2500/732
f 184/2501/732 1970/2423/712 1969/2416/712
f 3523/2497/730 3524/2502/732 184/2501/732
f 3524/2502/732 3525/3954/712 1970/2423/712
f 180/2500/732 185/2503/732 181/2487/730
f 185/2503/732 3581/2505/732 3582/2492/730
f 1969/2416/712 1968/2419/712 185/2503/732
f 185/2503/732 1968/2419/712 3557/2504/712
f 190/2506/733 191/2509/734 187/2507/734
f 191/2509/734 1977/2485/729 1978/2481/729
f 3533/2510/733 3532/2511/734 191/2509/734
f 3532/2511/734 3531/3962/729 1977/2485/729
f 187/2507/734 192/2513/734 188/2512/733
f 192/2513/734 3586/2515/734 3585/2514/733
f 1978/2481/729 1979/2483/729 192/2513/734
f 1979/2483/729 3545/3961/729 3586/2515/734
f 188/2512/733 193/2517/735 189/2516/735
f 193/2517/735 1982/2498/7 1981/2491/7
f 3585/2514/733 3584/2518/735 193/2517/735
f 3584/2518/735 3521/3964/7 1982/2498/7
f 186/2508/733 189/2516/735 194/2519/735
f 194/2519/735 3534/2520/556 3533/2510/733
f 1981/2491/7 1980/2494/7 194/2519/735
f 1980/2494/7 3535/3963/7 3534/2520/556
f 199/2521/736 200/2524/739 196/2522/737
f 200/2524/739 1988/2528/743 1987/2525/740
f 2068/2526/741 2069/2527/742 200/2524/739
f 2069/2527/742 3237/3965/1887 1988/2528/743
f 195/2523/738 196/2522/737 201/2529/744
f 197/2530/745 201/2529/744 2064/2531/746
f 196/2522/737 1987/2525/740 1986/2533/748
f 201/2529/744 1986/2533/748 3236/2534/749
f 197/2530/745 202/2536/751 198/2535/750
f 202/2536/751 3588/2539/754 3589/2537/752
f 2065/2532/747 2066/2538/753 202/2536/751
f 2066/2538/753 3587/2662/874 3588/2539/754
f 195/2523/738 198/2535/750 203/2540/755
f 199/2521/736 203/2540/755 2067/2541/756
f 198/2535/750 3589/2537/752 3590/2542/757
f 203/2540/755 3590/2542/757 3591/2543/758
f 208/2544/759 209/2547/762 205/2545/760
f 209/2547/762 1989/2551/766 1990/2548/763
f 2074/2549/764 2075/2550/765 209/2547/762
f 2075/2550/765 3238/3966/1888 1989/2551/766
f 205/2545/760 210/2553/768 206/2552/767
f 210/2553/768 2070/2556/771 2071/2554/769
f 1990/2548/763 1991/2555/770 210/2553/768
f 1991/2555/770 3239/3967/1889 2070/2556/771
f 204/2546/761 206/2552/767 211/2557/772
f 207/2558/773 211/2557/772 3595/2559/774
f 206/2552/767 2071/2554/769 2072/2561/771
f 211/2557/772 2072/2561/771 3596/2562/776
f 204/2546/761 207/2558/773 212/2563/777
f 208/2544/759 212/2563/777 2073/2564/778
f 207/2558/773 3594/2560/775 3593/2565/779
f 212/2563/777 3593/2565/779 3592/2566/764
f 213/2567/780 217/2572/785 218/2568/781
f 214/2569/782 218/2568/781 2018/2570/783
f 217/2572/785 2062/2587/800 2061/2573/786
f 218/2568/781 2061/2573/786 3246/2574/787
f 214/2569/782 219/2576/789 215/2575/788
f 219/2576/789 2076/2579/792 2077/2577/790
f 2017/2571/784 2016/2578/791 219/2576/789
f 2016/2578/791 3241/2669/881 2076/2579/792
f 213/2567/780 215/2575/788 220/2580/793
f 216/2581/794 220/2580/793 3611/2582/795
f 215/2575/788 2077/2577/790 2078/2584/797
f 220/2580/793 2078/2584/797 3602/2585/798
f 216/2581/794 221/2586/799 217/2572/785
f 221/2586/799 2063/2589/802 2062/2587/800
f 3612/2583/796 3613/2588/801 221/2586/799
f 3613/2588/801 3257/3968/1890 2063/2589/802
f 226/2590/803 227/2596/809 223/2591/804
f 223/2591/804 227/2596/809 2006/2593/806
f 2080/2595/808 2081/2597/810 227/2596/809
f 2081/2597/810 3245/3969/1891 2006/2593/806
f 223/2591/804 228/2599/812 224/2598/811
f 228/2599/812 2069/2527/742 2068/2526/741
f 2005/2594/807 2004/2600/813 228/2599/812
f 2004/2600/813 3237/3965/1887 2069/2527/742
f 222/2592/805 224/2598/811 229/2601/814
f 225/2602/815 229/2601/814 3603/2603/816
f 224/2598/811 2068/2526/741 2067/2541/756
f 229/2601/814 2067/2541/756 3591/2543/758
f 222/2592/805 225/2602/815 230/2605/818
f 226/2590/803 230/2605/818 2079/2606/810
f 225/2602/815 3604/2604/817 3605/2607/819
f 230/2605/818 3605/2607/819 3606/2608/820
f 235/2609/821 236/2612/824 232/2610/822
f 236/2612/824 2024/2616/828 2023/2613/825
f 2086/2614/826 2087/2615/827 236/2612/824
f 2087/2615/827 3233/3970/1892 2024/2616/828
f 232/2610/822 237/2618/830 233/2617/829
f 237/2618/830 2075/2550/765 2074/2549/764
f 2023/2613/825 2022/2619/831 237/2618/830
f 2022/2619/831 3238/3966/1888 2075/2550/765
f 231/2611/823 233/2617/829 238/2620/832
f 234/2621/833 238/2620/832 3614/2622/834
f 233/2617/829 2074/2549/764 2073/2564/778
f 238/2620/832 2073/2564/778 3592/2566/764
f 231/2611/823 234/2621/833 239/2624/836
f 235/2609/821 239/2624/836 2085/2625/837
f 234/2621/833 3615/2623/835 3616/2626/838
f 239/2624/836 3616/2626/838 3598/2627/839
f 244/2628/840 245/2631/843 241/2629/841
f 245/2631/843 2027/2633/845 2026/2632/844
f 2071/2554/769 2070/2556/771 245/2631/843
f 2070/2556/771 3239/3967/1889 2027/2633/845
f 241/2629/841 246/2635/847 242/2634/846
f 246/2635/847 2081/2597/810 2080/2595/808
f 2026/2632/844 2025/2636/848 246/2635/847
f 2025/2636/848 3245/3969/1891 2081/2597/810
f 240/2630/842 242/2634/846 247/2637/849
f 243/2638/850 247/2637/849 3617/2639/851
f 242/2634/846 2080/2595/808 2079/2606/810
f 247/2637/849 2079/2606/810 3606/2608/820
f 240/2630/842 243/2638/850 248/2641/853
f 244/2628/840 248/2641/853 2072/2561/771
f 243/2638/850 3618/2640/852 3619/2642/854
f 248/2641/853 3619/2642/854 3596/2562/776
f 253/2643/855 254/2646/858 250/2644/856
f 254/2646/858 2012/2648/860 2011/2647/859
f 2065/2532/747 2064/2531/746 254/2646/858
f 2064/2531/746 3236/2534/749 2012/2648/860
f 249/2645/857 250/2644/856 255/2649/861
f 251/2650/862 255/2649/861 2084/2651/863
f 250/2644/856 2011/2647/859 2010/2653/865
f 255/2649/861 2010/2653/865 3231/2654/866
f 251/2650/862 256/2656/868 252/2655/867
f 256/2656/868 3607/2659/871 3608/2657/869
f 2083/2652/864 2082/2658/870 256/2656/868
f 2082/2658/870 3248/3971/1893 3607/2659/871
f 249/2645/857 252/2655/867 257/2660/872
f 253/2643/855 257/2660/872 2066/2538/753
f 252/2655/867 3608/2657/869 3609/2661/873
f 257/2660/872 3609/2661/873 3587/2662/874
f 258/2663/875 262/2668/880 263/2664/876
f 259/2665/877 263/2664/876 1994/2666/878
f 262/2668/880 2077/2577/790 2076/2579/792
f 263/2664/876 2076/2579/792 3241/2669/881
f 259/2665/877 264/2671/883 260/2670/882
f 264/2671/883 2087/2615/827 2086/2614/826
f 1993/2667/879 1992/2672/884 264/2671/883
f 1992/2672/884 3233/3970/1892 2087/2615/827
f 258/2663/875 260/2670/882 265/2673/885
f 261/2674/886 265/2673/885 3599/2675/887
f 260/2670/882 2086/2614/826 2085/2625/837
f 265/2673/885 2085/2625/837 3598/2627/839
f 261/2674/886 266/2677/889 262/2668/880
f 266/2677/889 2078/2584/797 2077/2577/790
f 3600/2676/888 3601/2678/890 266/2677/889
f 3601/2678/890 3602/2585/798 2078/2584/797
f 271/2679/891 272/2682/894 268/2680/892
f 272/2682/894 1890/2686/898 1891/2683/895
f 1930/2684/896 1931/2685/897 272/2682/894
f 1931/2685/897 3210/2733/945 1890/2686/898
f 267/2681/893 268/2680/892 273/2687/899
f 273/2687/899 2096/2691/903 2095/2689/901
f 268/2680/892 1891/2683/895 1892/2690/902
f 1892/2690/902 3211/3972/1894 2096/2691/903
f 267/2681/893 269/2688/900 274/2692/904
f 274/2692/904 3621/2696/908 3622/2694/906
f 269/2688/900 2095/2689/901 2094/2695/907
f 2094/2695/907 3620/2852/1064 3621/2696/908
f 270/2693/905 275/2697/909 271/2679/891
f 275/2697/909 1929/2699/911 1930/2684/896
f 3622/2694/906 3623/2698/910 275/2697/909
f 3623/2698/910 3624/2738/950 1929/2699/911
f 280/2700/912 281/2706/918 277/2701/913
f 277/2701/913 281/2706/918 1872/2703/915
f 1936/2705/917 1937/2707/919 281/2706/918
f 1937/2707/919 3214/3973/1895 1872/2703/915
f 277/2701/913 282/2709/921 278/2708/920
f 282/2709/921 2102/2713/925 2101/2710/922
f 277/2701/913 1873/2704/916 1874/2711/923
f 282/2709/921 1874/2711/923 3215/2712/924
f 278/2708/920 283/2717/929 279/2714/926
f 279/2714/926 283/2717/929 3626/2715/927
f 2101/2710/922 2100/2718/930 283/2717/929
f 2100/2718/930 3625/2760/972 3626/2715/927
f 279/2714/926 284/2719/931 280/2700/912
f 284/2719/931 1935/2721/933 1936/2705/917
f 3627/2716/928 3628/3065/1896 284/2719/931
f 284/2719/931 3628/3065/1896 3629/2720/932
f 285/2722/934 289/2728/940 290/2723/935
f 286/2724/936 290/2723/935 1893/2725/937
f 1939/2727/939 1940/2809/1021 290/2723/935
f 290/2723/935 1940/2809/1021 3219/2729/941
f 286/2724/936 291/2731/943 287/2730/942
f 291/2731/943 1931/2685/897 1930/2684/896
f 286/2724/936 1894/2726/938 1895/2732/944
f 291/2731/943 1895/2732/944 3210/2733/945
f 287/2730/942 292/2737/949 288/2734/946
f 288/2734/946 292/2737/949 3630/2735/947
f 287/2730/942 1930/2684/896 1929/2699/911
f 292/2737/949 1929/2699/911 3624/2738/950
f 285/2722/934 288/2734/946 293/2739/951
f 289/2728/940 293/2739/951 1938/2740/952
f 3631/2736/948 3632/3079/1897 293/2739/951
f 293/2739/951 3632/3079/1897 3633/2741/953
f 294/2742/954 298/2746/958 299/2743/955
f 299/2743/955 1875/2747/959 1876/2745/957
f 298/2746/958 2101/2710/922 2102/2713/925
f 2102/2713/925 3215/2712/924 1875/2747/959
f 294/2742/954 295/2744/956 300/2748/960
f 296/2749/961 300/2748/960 2111/2750/962
f 1876/2745/957 1877/2752/964 300/2748/960
f 1877/2752/964 3216/3974/1898 2111/2750/962
f 294/2742/954 296/2749/961 301/2753/965
f 301/2753/965 3635/2757/969 3636/2755/967
f 296/2749/961 2110/2751/963 2109/2756/968
f 2109/2756/968 3634/2779/991 3635/2757/969
f 297/2754/966 302/2758/970 298/2746/958
f 302/2758/970 2100/2718/930 2101/2710/922
f 297/2754/966 3636/2755/967 3637/2759/971
f 302/2758/970 3637/2759/971 3625/2760/972
f 307/2761/973 308/2764/976 304/2762/974
f 308/2764/976 1878/2766/978 1879/2765/977
f 2110/2751/963 2111/2750/962 308/2764/976
f 2111/2750/962 3216/3974/1898 1878/2766/978
f 303/2763/975 304/2762/974 309/2767/979
f 305/2768/980 309/2767/979 2114/2769/981
f 1879/2765/977 1880/2771/983 309/2767/979
f 1880/2771/983 3217/3975/1899 2114/2769/981
f 303/2763/975 305/2768/980 310/2772/984
f 310/2772/984 3639/2777/989 3640/2774/986
f 305/2768/980 2113/2770/982 2112/2775/987
f 310/2772/984 2112/2775/987 3638/2776/988
f 306/2773/985 311/2778/990 307/2761/973
f 311/2778/990 2109/2756/968 2110/2751/963
f 3640/2774/986 3641/3104/1900 311/2778/990
f 311/2778/990 3641/3104/1900 3634/2779/991
f 312/2780/992 316/2784/996 317/2781/993
f 317/2781/993 1881/2785/997 1882/2783/995
f 2113/2770/982 2114/2769/981 317/2781/993
f 2114/2769/981 3217/3975/1899 1881/2785/997
f 313/2782/994 318/2787/999 314/2786/998
f 318/2787/999 2117/2790/1002 2116/2788/1000
f 1882/2783/995 1883/2789/1001 318/2787/999
f 1883/2789/1001 3218/2805/1017 2117/2790/1002
f 314/2786/998 319/2795/1007 315/2791/1003
f 315/2791/1003 319/2795/1007 3643/2792/1004
f 314/2786/998 2116/2788/1000 2115/2794/1006
f 319/2795/1007 2115/2794/1006 3642/2796/1008
f 312/2780/992 315/2791/1003 320/2797/1009
f 316/2784/996 320/2797/1009 2112/2775/987
f 3644/2793/1005 3645/2798/1010 320/2797/1009
f 3645/2798/1010 3638/2776/988 2112/2775/987
f 321/2799/1011 325/2804/1016 326/2800/1012
f 322/2801/1013 326/2800/1012 1884/2802/1014
f 2116/2788/1000 2117/2790/1002 326/2800/1012
f 326/2800/1012 2117/2790/1002 3218/2805/1017
f 322/2801/1013 327/2807/1019 323/2806/1018
f 327/2807/1019 1940/2809/1021 1939/2727/939
f 322/2801/1013 1885/2803/1015 1886/2808/1020
f 327/2807/1019 1886/2808/1020 3219/2729/941
f 323/2806/1018 328/2811/1023 324/2810/1022
f 328/2811/1023 3646/2813/1025 3647/2812/1024
f 1939/2727/939 1938/2740/952 328/2811/1023
f 328/2811/1023 1938/2740/952 3633/2741/953
f 324/2810/1022 329/2814/1026 325/2804/1016
f 329/2814/1026 2115/2794/1006 2116/2788/1000
f 324/2810/1022 3647/2812/1024 3648/2815/1027
f 329/2814/1026 3648/2815/1027 3642/2796/1008
f 330/2816/1028 334/2820/1032 335/2817/1029
f 335/2817/1029 1866/2822/1034 1867/2819/1031
f 334/2820/1032 1954/2835/1047 1955/2821/1033
f 1955/2821/1033 3212/3976/1901 1866/2822/1034
f 330/2816/1028 331/2818/1030 336/2823/1035
f 332/2824/1036 336/2823/1035 2120/2825/1037
f 1867/2819/1031 1868/2827/1039 336/2823/1035
f 1868/2827/1039 3213/2859/1071 2120/2825/1037
f 332/2824/1036 337/2829/1041 333/2828/1040
f 337/2829/1041 3650/2832/1044 3651/2830/1042
f 2119/2826/1038 2118/2871/1079 337/2829/1041
f 337/2829/1041 2118/2871/1079 3649/2831/1043
f 330/2816/1028 333/2828/1040 338/2833/1045
f 334/2820/1032 338/2833/1045 1953/2834/1046
f 333/2828/1040 3651/2830/1042 3652/2836/1048
f 3652/2836/1048 3653/2849/1061 1953/2834/1046
f 339/2837/1049 343/2841/1053 344/2838/1050
f 344/2838/1050 1887/2842/1054 1888/2840/1052
f 343/2841/1053 2095/2689/901 2096/2691/903
f 2096/2691/903 3211/3972/1894 1887/2842/1054
f 339/2837/1049 340/2839/1051 345/2843/1055
f 341/2844/1056 345/2843/1055 1955/2821/1033
f 1888/2840/1052 1889/2845/1057 345/2843/1055
f 1889/2845/1057 3212/3976/1901 1955/2821/1033
f 339/2837/1049 341/2844/1056 346/2846/1058
f 346/2846/1058 3654/2850/1062 3655/2848/1060
f 1954/2835/1047 1953/2834/1046 346/2846/1058
f 346/2846/1058 1953/2834/1046 3653/2849/1061
f 339/2837/1049 342/2847/1059 347/2851/1063
f 343/2841/1053 347/2851/1063 2094/2695/907
f 3655/2848/1060 3656/3151/1902 347/2851/1063
f 347/2851/1063 3656/3151/1902 3620/2852/1064
f 352/2853/1065 353/2858/1070 349/2854/1066
f 349/2854/1066 353/2858/1070 1869/2856/1068
f 2119/2826/1038 2120/2825/1037 353/2858/1070
f 353/2858/1070 2120/2825/1037 3213/2859/1071
f 348/2855/1067 349/2854/1066 354/2860/1072
f 354/2860/1072 1937/2864/919 1936/2862/917
f 349/2854/1066 1870/2857/1069 1871/2863/1074
f 1871/2863/1074 3214/3977/1895 1937/2864/919
f 348/2855/1067 350/2861/1073 355/2865/1075
f 355/2865/1075 3657/2870/1078 3658/2867/1077
f 350/2861/1073 1936/2862/917 1935/2868/933
f 355/2865/1075 1935/2868/933 3629/2869/932
f 351/2866/1076 356/2873/1081 352/2853/1065
f 352/2853/1065 356/2873/1081 2118/2871/1079
f 351/2866/1076 3658/2867/1077 3659/2872/1080
f 3659/2872/1080 3649/2831/1043 2118/2871/1079
f 361/2874/1082 362/2877/1085 358/2875/1083
f 362/2877/1085 1896/2337/1089 1897/2332/1086
f 2218/2878/1087 2219/2879/1088 362/2877/1085
f 2219/2879/1088 3222/3946/1903 1896/2337/1089
f 358/2875/1083 363/2881/1091 359/2880/1090
f 363/2881/1091 2214/2883/1094 2215/2882/1092
f 1897/2332/1086 1898/2334/1093 363/2881/1091
f 1898/2334/1093 3223/3945/1904 2214/2883/1094
f 357/2876/1084 359/2880/1090 364/2884/1095
f 360/2885/1096 364/2884/1095 2156/2886/1097
f 359/2880/1090 2215/2882/1092 2216/2888/1099
f 364/2884/1095 2216/2888/1099 3270/2889/1100
f 357/2876/1084 360/2885/1096 365/2890/1101
f 361/2874/1082 365/2890/1101 2217/2891/1102
f 360/2885/1096 2155/2887/1098 2154/2892/1103
f 365/2890/1101 2154/2892/1103 3269/2893/1104
f 370/2894/1105 371/2897/1108 367/2895/1106
f 371/2897/1108 1899/2371/1110 1900/2367/1109
f 2215/2882/1092 2214/2883/1094 371/2897/1108
f 2214/2883/1094 3223/3945/1904 1899/2371/1110
f 366/2896/1107 367/2895/1106 372/2898/1111
f 372/2898/1111 2220/2901/1115 2221/2900/1113
f 1900/2367/1109 1901/2369/1114 372/2898/1111
f 1901/2369/1114 3224/3948/1905 2220/2901/1115
f 366/2896/1107 368/2899/1112 373/2902/1116
f 373/2902/1116 2159/2907/1121 2158/2904/1118
f 368/2899/1112 2221/2900/1113 2222/2905/1119
f 373/2902/1116 2222/2905/1119 3271/2906/1120
f 366/2896/1107 369/2903/1117 374/2908/1122
f 370/2894/1105 374/2908/1122 2216/2888/1099
f 369/2903/1117 2158/2904/1118 2157/2909/1123
f 374/2908/1122 2157/2909/1123 3270/2889/1100
f 379/2910/1124 380/2913/1127 376/2911/1125
f 380/2913/1127 1902/2224/1129 1903/2220/1128
f 2221/2914/1113 2220/2915/1115 380/2913/1127
f 2220/2915/1115 3224/3939/1905 1902/2224/1129
f 376/2911/1125 381/2917/1131 377/2916/1130
f 381/2917/1131 2223/2919/1134 2224/2918/1132
f 1903/2220/1128 1904/2222/1133 381/2917/1131
f 1904/2222/1133 3225/3938/1906 2223/2919/1134
f 375/2912/1126 377/2916/1130 382/2920/1135
f 382/2920/1135 2162/2925/1140 2161/2922/1137
f 377/2916/1130 2224/2918/1132 2225/2923/1138
f 382/2920/1135 2225/2923/1138 3272/2924/1139
f 375/2912/1126 378/2921/1136 383/2926/1141
f 379/2910/1124 383/2926/1141 2222/2927/1119
f 378/2921/1136 2161/2922/1137 2160/2928/1142
f 383/2926/1141 2160/2928/1142 3271/2929/1120
f 388/2930/1143 389/2933/1148 385/2931/1144
f 385/2931/1144 389/2933/1148 1905/2262/1146
f 2224/2918/1132 2223/2919/1134 389/2933/1148
f 2223/2919/1134 3225/3938/1906 1905/2262/1146
f 385/2931/1144 390/2935/1150 386/2934/1149
f 390/2935/1150 2226/2937/1153 2227/2936/1151
f 1906/2258/1147 1907/2260/1152 390/2935/1150
f 1907/2260/1152 3226/3942/1907 2226/2937/1153
f 384/2932/1145 386/2934/1149 391/2938/1154
f 387/2939/1155 391/2938/1154 2165/2940/1156
f 386/2934/1149 2227/2936/1151 2228/2942/1158
f 391/2938/1154 2228/2942/1158 3273/2943/1159
f 384/2932/1145 387/2939/1155 392/2944/1160
f 388/2930/1143 392/2944/1160 2225/2923/1138
f 387/2939/1155 2164/2941/1157 2163/2945/1161
f 392/2944/1160 2163/2945/1161 3272/2924/1139
f 393/2946/1162 397/2949/1166 398/2947/1163
f 398/2947/1163 1908/2282/1167 1909/2278/1165
f 397/2949/1166 2227/2936/1151 2226/2937/1153
f 2226/2937/1153 3226/3942/1907 1908/2282/1167
f 394/2948/1164 399/2951/1169 395/2950/1168
f 399/2951/1169 2229/2953/1172 2230/2952/1170
f 1909/2278/1165 1910/2280/1171 399/2951/1169
f 1910/2280/1171 3227/3943/1908 2229/2953/1172
f 393/2946/1162 395/2950/1168 400/2954/1173
f 396/2955/1174 400/2954/1173 2168/2956/1175
f 395/2950/1168 2230/2952/1170 2231/2958/1177
f 400/2954/1173 2231/2958/1177 3274/2959/1178
f 393/2946/1162 396/2955/1174 401/2960/1179
f 397/2949/1166 401/2960/1179 2228/2942/1158
f 396/2955/1174 2167/2957/1176 2166/2961/1180
f 401/2960/1179 2166/2961/1180 3273/2943/1159
f 406/2962/1181 407/2965/1186 403/2963/1182
f 403/2963/1182 407/2965/1186 1911/2301/1184
f 2230/2952/1170 2229/2953/1172 407/2965/1186
f 2229/2953/1172 3227/3943/1908 1911/2301/1184
f 403/2963/1182 408/2967/1188 404/2966/1187
f 408/2967/1188 2232/2969/1191 2233/2968/1189
f 1912/2297/1185 1913/2299/1190 408/2967/1188
f 1913/2299/1190 3228/3944/1909 2232/2969/1191
f 402/2964/1183 404/2966/1187 409/2970/1192
f 405/2971/1193 409/2970/1192 2171/2972/1194
f 404/2966/1187 2233/2968/1189 2234/2974/1196
f 409/2970/1192 2234/2974/1196 3275/2975/1197
f 402/2964/1183 405/2971/1193 410/2976/1198
f 406/2962/1181 410/2976/1198 2231/2958/1177
f 405/2971/1193 2170/2973/1195 2169/2977/1199
f 410/2976/1198 2169/2977/1199 3274/2959/1178
f 415/2978/1200 416/2981/1203 412/2979/1201
f 416/2981/1203 1914/2316/1205 1915/2313/1204
f 2233/2968/1189 2232/2969/1191 416/2981/1203
f 2232/2969/1191 3228/3944/1909 1914/2316/1205
f 412/2979/1201 417/2983/1207 413/2982/1206
f 417/2983/1207 2235/2985/1210 2236/2984/1208
f 1915/2313/1204 1916/2314/1209 417/2983/1207
f 1916/2314/1209 3229/3941/1910 2235/2985/1210
f 411/2980/1202 413/2982/1206 418/2986/1209
f 414/2987/1211 418/2986/1209 2174/2988/1212
f 413/2982/1206 2236/2984/1208 2237/2990/1214
f 418/2986/1209 2237/2990/1214 3276/2991/1215
f 411/2980/1202 414/2987/1211 419/2992/1216
f 415/2978/1200 419/2992/1216 2234/2974/1196
f 2173/2989/1213 2172/3978/1911 419/2992/1216
f 419/2992/1216 2172/3978/1911 3275/2975/1197
f 424/2993/1217 425/2996/1219 421/2994/1218
f 425/2996/1219 1917/2353/1223 1918/2350/1220
f 2239/2997/1221 2240/2998/1222 425/2996/1219
f 2240/2998/1222 3221/3935/1912 1917/2353/1223
f 421/2994/1218 426/3000/1225 422/2999/1224
f 422/2999/1224 426/3000/1225 2219/2879/1088
f 1918/2350/1220 1919/2351/1226 426/3000/1225
f 1919/2351/1226 3222/3946/1903 2219/2879/1088
f 420/2995/1218 422/2999/1224 427/3001/1227
f 423/3002/1228 427/3001/1227 2177/3003/1229
f 422/2999/1224 2218/2878/1087 2217/2891/1102
f 427/3001/1227 2217/2891/1102 3269/2893/1104
f 420/2995/1218 423/3002/1228 428/3005/1231
f 424/2993/1217 428/3005/1231 2238/3006/1232
f 423/3002/1228 2176/3004/1230 2175/3007/1233
f 428/3005/1231 2175/3007/1233 3277/3008/1234
f 433/3009/1235 434/3012/1238 430/3010/1236
f 434/3012/1238 1920/2203/1242 1921/2199/1239
f 2242/3013/1240 2243/3014/1241 434/3012/1238
f 2243/3014/1241 3220/3936/1913 1920/2203/1242
f 430/3010/1236 435/3016/1244 431/3015/1243
f 435/3016/1244 2240/2998/1222 2239/2997/1221
f 430/3010/1236 1921/2199/1239 1922/2201/1245
f 1922/2201/1245 3221/3935/1912 2240/2998/1222
f 429/3011/1237 431/3015/1243 436/3017/1246
f 432/3018/1247 436/3017/1246 2180/3019/1248
f 431/3015/1243 2239/2997/1221 2238/3006/1232
f 436/3017/1246 2238/3006/1232 3277/3008/1234
f 429/3011/1237 432/3018/1247 437/3021/1250
f 433/3009/1235 437/3021/1250 2241/3022/1251
f 432/3018/1247 2179/3020/1249 2178/3023/1252
f 437/3021/1250 2178/3023/1252 3278/3024/1253
f 442/3025/1254 443/3028/1257 439/3026/1255
f 443/3028/1257 1923/2242/1259 1924/2238/1258
f 2236/2984/1208 2235/2985/1210 443/3028/1257
f 2235/2985/1210 3229/3941/1910 1923/2242/1259
f 439/3026/1255 444/3030/1261 440/3029/1260
f 444/3030/1261 2243/3014/1241 2242/3013/1240
f 1924/2238/1258 1925/2239/1262 444/3030/1261
f 1925/2239/1262 3220/3936/1913 2243/3014/1241
f 438/3027/1256 440/3029/1260 445/3031/1263
f 441/3032/1264 445/3031/1263 2183/3033/1265
f 440/3029/1260 2242/3013/1240 2241/3022/1251
f 445/3031/1263 2241/3022/1251 3278/3024/1253
f 438/3027/1256 441/3032/1264 446/3035/1267
f 442/3025/1254 446/3035/1267 2237/2990/1214
f 2182/3034/1266 2181/3979/1914 446/3035/1267
f 446/3035/1267 2181/3979/1914 3276/2991/1215
f 451/3036/1268 452/3041/1274 448/3037/1269
f 448/3037/1269 452/3041/1274 2184/3039/1271
f 2248/3040/1273 2249/3042/1275 452/3041/1274
f 2249/3042/1275 3259/2196/1915 2184/3039/1271
f 448/3037/1269 453/3044/1277 449/3043/1276
f 453/3044/1277 2244/3046/1280 2245/3045/1278
f 2185/2188/1272 2186/2187/1279 453/3044/1277
f 2186/2187/1279 3280/2191/1916 2244/3046/1280
f 449/3043/1276 454/3048/1282 450/3047/1281
f 454/3048/1282 2126/2698/1286 2125/2694/1283
f 449/3043/1276 2245/3045/1278 2246/3049/1284
f 454/3048/1282 2246/3049/1284 3260/2738/1285
f 447/3038/1270 450/3047/1281 455/3050/1287
f 451/3036/1268 455/3050/1287 2247/3051/1288
f 2125/2694/1283 2124/2696/1289 455/3050/1287
f 2124/2696/1289 3279/2852/1437 2247/3051/1288
f 460/3052/1290 461/3055/1293 457/3053/1291
f 461/3055/1293 2187/2217/1297 2188/2208/1294
f 2254/3056/1295 2255/3057/1296 461/3055/1293
f 2255/3057/1296 3261/2249/1917 2187/2217/1297
f 456/3054/1292 457/3053/1291 462/3058/1298
f 462/3058/1298 2250/3061/1302 2251/3060/1300
f 2188/2208/1294 2189/2212/1301 462/3058/1298
f 2189/2212/1301 3282/3937/1918 2250/3061/1302
f 456/3054/1292 458/3059/1299 463/3062/1303
f 463/3062/1303 2129/3065/1308 2128/2716/1305
f 458/3059/1299 2251/3060/1300 2252/3064/1306
f 463/3062/1303 2252/3064/1306 3262/2720/1307
f 456/3054/1292 459/3063/1304 464/3066/1309
f 460/3052/1290 464/3066/1309 2253/3067/1310
f 459/3063/1304 2128/2716/1305 2127/2715/1311
f 2127/2715/1311 3281/2760/1346 2253/3067/1310
f 465/3068/1312 469/3071/1316 470/3069/1313
f 470/3069/1313 2190/3072/1317 2191/2230/1315
f 2245/3045/1278 2244/3046/1280 470/3069/1313
f 2244/3046/1280 3280/2191/1916 2190/3072/1317
f 466/3070/1314 471/3074/1319 467/3073/1318
f 471/3074/1319 2256/3076/1322 2257/3075/1320
f 466/3070/1314 2191/2230/1315 2192/2229/1321
f 2192/2229/1321 3283/3940/1919 2256/3076/1322
f 465/3068/1312 467/3073/1318 472/3077/1323
f 468/3078/1324 472/3077/1323 2132/3079/1325
f 467/3073/1318 2257/3075/1320 2258/3080/1327
f 472/3077/1323 2258/3080/1327 3263/2741/1328
f 465/3068/1312 468/3078/1324 473/3081/1329
f 469/3071/1316 473/3081/1329 2246/3049/1284
f 468/3078/1324 2131/2736/1326 2130/2735/1330
f 473/3081/1329 2130/2735/1330 3260/2738/1285
f 478/3082/1331 479/3086/1337 475/3083/1332
f 475/3083/1332 479/3086/1337 2193/2254/1334
f 2260/3085/1336 2261/3087/1338 479/3086/1337
f 2261/3087/1338 3264/2269/1920 2193/2254/1334
f 475/3083/1332 480/3089/1340 476/3088/1339
f 480/3089/1340 2255/3057/1296 2254/3056/1295
f 2194/2247/1335 2195/2250/1341 480/3089/1340
f 2195/2250/1341 3261/2249/1917 2255/3057/1296
f 476/3088/1339 481/3091/1345 477/3090/1342
f 477/3090/1342 481/3091/1345 2135/2759/1343
f 2254/3056/1295 2253/3067/1310 481/3091/1345
f 481/3091/1345 2253/3067/1310 3281/2760/1346
f 474/3084/1333 477/3090/1342 482/3092/1347
f 478/3082/1331 482/3092/1347 2259/3093/1348
f 2134/2755/1344 2133/2757/1921 482/3092/1347
f 482/3092/1347 2133/2757/1921 3284/2779/1349
f 487/3094/1350 488/3098/1356 484/3095/1351
f 484/3095/1351 488/3098/1356 2196/2273/1353
f 2263/3097/1355 2264/3099/1357 488/3098/1356
f 2264/3099/1357 3265/2274/1922 2196/2273/1353
f 484/3095/1351 489/3101/1359 485/3100/1358
f 489/3101/1359 2261/3087/1338 2260/3085/1336
f 2197/2267/1354 2198/2266/1360 489/3101/1359
f 2198/2266/1360 3264/2269/1920 2261/3087/1338
f 483/3096/1352 485/3100/1358 490/3102/1361
f 490/3102/1361 2138/3104/1364 2137/2774/1363
f 485/3100/1358 2260/3085/1336 2259/3093/1348
f 2259/3093/1348 3284/2779/1349 2138/3104/1364
f 486/3103/1362 491/3105/1365 487/3094/1350
f 491/3105/1365 2262/3106/1368 2263/3097/1355
f 486/3103/1362 2137/2774/1363 2136/2777/1366
f 491/3105/1365 2136/2777/1366 3285/2776/1367
f 496/3107/1369 497/3110/1372 493/3108/1370
f 497/3110/1372 2199/2292/1376 2200/2286/1373
f 2266/3111/1374 2267/3112/1375 497/3110/1372
f 2267/3112/1375 3266/2293/1923 2199/2292/1376
f 493/3108/1370 498/3114/1378 494/3113/1377
f 498/3114/1378 2264/3099/1357 2263/3097/1355
f 493/3108/1370 2200/2286/1373 2201/2288/1379
f 2201/2288/1379 3265/2274/1922 2264/3099/1357
f 492/3109/1371 494/3113/1377 499/3115/1380
f 499/3115/1380 2141/2798/1383 2140/2793/1382
f 494/3113/1377 2263/3097/1355 2262/3106/1368
f 499/3115/1380 2262/3106/1368 3285/2776/1367
f 495/3116/1381 500/3117/1384 496/3107/1369
f 500/3117/1384 2265/3118/1387 2266/3111/1374
f 495/3116/1381 2140/2793/1382 2139/2792/1385
f 500/3117/1384 2139/2792/1385 3286/2796/1386
f 501/3119/1388 505/3122/1392 506/3120/1389
f 506/3120/1389 2202/2310/1393 2203/2305/1391
f 2257/3075/1320 2256/3076/1322 506/3120/1389
f 2256/3076/1322 3283/3940/1919 2202/2310/1393
f 502/3121/1390 507/3124/1395 503/3123/1394
f 507/3124/1395 2267/3112/1375 2266/3111/1374
f 2203/2305/1391 2204/2307/1396 507/3124/1395
f 2204/2307/1396 3266/2293/1923 2267/3112/1375
f 501/3119/1388 503/3123/1394 508/3125/1397
f 504/3126/1398 508/3125/1397 2144/2815/1399
f 503/3123/1394 2266/3111/1374 2265/3118/1387
f 508/3125/1397 2265/3118/1387 3286/2796/1386
f 501/3119/1388 504/3126/1398 509/3127/1401
f 505/3122/1392 509/3127/1401 2258/3080/1327
f 2143/2812/1400 2142/2813/1924 509/3127/1401
f 509/3127/1401 2142/2813/1924 3263/2741/1328
f 514/3128/1402 515/3131/1405 511/3129/1403
f 515/3131/1405 2205/3134/1409 2206/2321/1406
f 2272/3132/1407 2273/3133/1408 515/3131/1405
f 2273/3133/1408 3267/2328/1925 2205/3134/1409
f 511/3129/1403 516/3136/1411 512/3135/1410
f 516/3136/1411 2268/3138/1414 2269/3137/1412
f 511/3129/1403 2206/2321/1406 2207/2320/1413
f 2207/2320/1413 3288/2324/1926 2268/3138/1414
f 510/3130/1404 512/3135/1410 517/3139/1415
f 517/3139/1415 2147/2836/1419 2146/2830/1417
f 512/3135/1410 2269/3137/1412 2270/3141/1418
f 2270/3141/1418 3268/2849/1440 2147/2836/1419
f 513/3140/1416 518/3143/1422 514/3128/1402
f 514/3128/1402 518/3143/1422 2271/3142/1420
f 513/3140/1416 2146/2830/1417 2145/2832/1421
f 518/3143/1422 2145/2832/1421 3287/2831/1423
f 523/3144/1424 524/3147/1429 520/3145/1425
f 520/3145/1425 524/3147/1429 2208/2347/1427
f 2269/3137/1412 2268/3138/1414 524/3147/1429
f 2268/3138/1414 3288/2324/1926 2208/2347/1427
f 520/3145/1425 525/3149/1431 521/3148/1430
f 525/3149/1431 2249/3042/1275 2248/3040/1273
f 520/3145/1425 2209/2343/1428 2210/2342/1432
f 2210/2342/1432 3259/2196/1915 2249/3042/1275
f 521/3148/1430 526/3152/1436 522/3150/1433
f 522/3150/1433 526/3152/1436 2150/3151/1434
f 521/3148/1430 2248/3040/1273 2247/3051/1288
f 526/3152/1436 2247/3051/1288 3279/2852/1437
f 522/3150/1433 527/3153/1438 523/3144/1424
f 527/3153/1438 2270/3141/1418 2269/3137/1412
f 522/3150/1433 2149/2848/1435 2148/2850/1439
f 527/3153/1438 2148/2850/1439 3268/2849/1440
f 532/3154/1441 533/3158/1446 529/3155/1442
f 529/3155/1442 533/3158/1446 2211/2364/1444
f 2251/3157/1300 2250/3159/1302 533/3158/1446
f 2250/3159/1302 3282/3947/1918 2211/2364/1444
f 528/3156/1443 529/3155/1442 534/3160/1447
f 534/3160/1447 2273/3133/1408 2272/3132/1407
f 2212/2357/1445 2213/2359/1449 534/3160/1447
f 2213/2359/1449 3267/2328/1925 2273/3133/1408
f 528/3156/1443 530/3161/1448 535/3162/1450
f 531/3163/1451 535/3162/1450 2153/2872/1452
f 530/3161/1448 2272/3132/1407 2271/3142/1420
f 535/3162/1450 2271/3142/1420 3287/2831/1423
f 528/3156/1443 531/3163/1451 536/3164/1454
f 532/3154/1441 536/3164/1454 2252/3165/1306
f 531/3163/1451 2152/2867/1453 2151/2870/1455
f 536/3164/1454 2151/2870/1455 3262/2869/1307
f 547/3166/144 548/3172/144 538/3167/144
f 538/3167/144 548/3172/144 2091/3169/144
f 547/3166/144 2089/3217/144 2088/3171/144
f 548/3172/144 2088/3171/144 3258/3173/144
f 538/3167/144 549/3175/144 539/3174/144
f 549/3175/144 2007/3178/144 2008/3176/144
f 2092/3170/144 2093/3177/144 549/3175/144
f 2093/3177/144 3230/3980/144 2007/3178/144
f 539/3174/144 550/3183/144 540/3179/144
f 540/3179/144 550/3183/144 1998/3180/144
f 539/3174/144 2008/3176/144 2009/3182/144
f 550/3183/144 2009/3182/144 3243/3184/144
f 540/3179/144 551/3186/144 541/3185/144
f 551/3186/144 2001/3189/144 2002/3187/144
f 1999/3181/144 2000/3981/144 551/3186/144
f 551/3186/144 2000/3981/144 3244/3188/144
f 541/3185/144 552/3191/144 542/3190/144
f 552/3191/144 1985/3194/144 1984/3192/144
f 2002/3187/144 2003/3982/144 552/3191/144
f 552/3191/144 2003/3982/144 3235/3193/144
f 542/3190/144 553/3196/144 543/3195/144
f 553/3196/144 2028/3199/144 2029/3197/144
f 1984/3192/144 1983/3983/1927 553/3196/144
f 553/3196/144 1983/3983/1927 3234/3198/144
f 543/3195/144 554/3201/144 544/3200/144
f 554/3201/144 1997/3204/144 1996/3202/144
f 2029/3197/144 2030/3984/144 554/3201/144
f 554/3201/144 2030/3984/144 3242/3203/144
f 544/3200/144 555/3206/144 545/3205/144
f 555/3206/144 2021/3209/144 2020/3207/144
f 1996/3202/144 1995/3985/1928 555/3206/144
f 555/3206/144 1995/3985/1928 3232/3208/144
f 545/3205/144 556/3214/144 546/3210/144
f 546/3210/144 556/3214/144 2015/3211/144
f 545/3205/144 2020/3207/144 2019/3213/144
f 556/3214/144 2019/3213/144 3247/3215/144
f 546/3210/144 557/3216/144 547/3166/144
f 557/3216/144 2090/3219/144 2089/3217/144
f 2014/3212/144 2013/3218/144 557/3216/144
f 2013/3218/144 3240/3986/144 2090/3219/144
f 568/3220/177 569/3223/1456 559/3221/177
f 559/3221/177 569/3223/1456 2042/2678/177
f 568/3220/177 2053/2583/177 2052/2582/177
f 569/3223/1456 2052/2582/177 3255/2585/177
f 559/3221/177 570/3225/177 560/3224/177
f 560/3224/177 570/3225/177 2057/2626/177
f 2041/2676/177 2040/2675/177 570/3225/177
f 570/3225/177 2040/2675/177 3250/2627/1457
f 560/3224/177 571/3227/177 561/3226/177
f 571/3227/177 2034/2565/177 2035/2560/177
f 2056/2623/177 2055/2622/177 571/3227/177
f 571/3227/177 2055/2622/177 3253/2566/177
f 561/3226/177 572/3229/177 562/3228/177
f 572/3229/177 2060/2642/177 2059/2640/177
f 2035/2560/177 2036/2559/177 572/3229/177
f 572/3229/177 2036/2559/177 3254/2562/177
f 562/3228/177 573/3231/177 563/3230/177
f 573/3231/177 2045/2607/177 2044/2604/177
f 2059/2640/177 2058/2639/177 573/3231/177
f 573/3231/177 2058/2639/177 3256/2608/177
f 563/3230/177 574/3233/177 564/3232/177
f 574/3233/177 2033/2542/177 2032/2537/177
f 563/3230/177 2044/2604/177 2043/2603/177
f 574/3233/177 2043/2603/177 3252/2543/1456
f 564/3232/177 575/3235/1457 565/3234/177
f 565/3234/177 575/3235/1457 2048/2661/177
f 564/3232/177 2032/2537/177 2031/2539/177
f 575/3235/1457 2031/2539/177 3251/2662/177
f 565/3234/177 576/3237/177 566/3236/177
f 576/3237/177 2039/3239/177 2038/3238/177
f 2047/2657/177 2046/2659/177 576/3237/177
f 2046/2659/177 3597/3971/177 2039/3239/177
f 566/3236/177 577/3241/177 567/3240/177
f 577/3241/177 2051/3244/177 2050/3242/177
f 2038/3238/177 2037/3987/177 577/3241/177
f 577/3241/177 2037/3987/177 3249/3243/177
f 567/3240/177 578/3245/177 568/3220/177
f 578/3245/177 2054/2588/177 2053/2583/177
f 2050/3242/177 2049/3246/177 578/3245/177
f 2049/3246/177 3610/3968/177 2054/2588/177
f 583/3247/1458 584/3250/1459 580/3248/1459
f 584/3250/1459 2274/3254/1460 2275/3251/1460
f 3722/3252/1458 3723/3253/1459 584/3250/1459
f 3723/3253/1459 3724/3988/1460 2274/3254/1460
f 580/3248/1459 585/3256/1459 581/3255/1458
f 585/3256/1459 3718/3259/1459 3717/3257/1458
f 2275/3251/1460 2276/3258/1460 585/3256/1459
f 2276/3258/1460 3719/3989/1929 3718/3259/1459
f 581/3255/1458 586/3261/1461 582/3260/1461
f 586/3261/1461 2288/3264/23 2287/3262/23
f 3717/3257/1458 3716/3263/1461 586/3261/1461
f 3716/3263/1461 3715/3990/23 2288/3264/23
f 582/3260/1461 587/3265/1461 583/3247/1458
f 587/3265/1461 3721/3267/1461 3722/3252/1458
f 2287/3262/23 2286/3266/23 587/3265/1461
f 2286/3266/23 3720/3991/23 3721/3267/1461
f 592/3268/1462 593/3271/1463 589/3269/1463
f 593/3271/1463 2286/3275/23 2287/3272/23
f 3759/3273/1462 3760/3274/1463 593/3271/1463
f 3760/3274/1463 3720/3992/23 2286/3275/23
f 589/3269/1463 594/3277/1463 590/3276/1462
f 594/3277/1463 3728/3280/1463 3727/3278/1462
f 2287/3272/23 2288/3279/23 594/3277/1463
f 2288/3279/23 3715/3993/23 3728/3280/1463
f 590/3276/1462 595/3282/1464 591/3281/1464
f 595/3282/1464 2354/3285/1465 2353/3283/1465
f 3727/3278/1462 3726/3284/1464 595/3282/1464
f 3726/3284/1464 3725/3994/1465 2354/3285/1465
f 591/3281/1464 596/3286/1464 592/3268/1462
f 596/3286/1464 3758/3288/1464 3759/3273/1462
f 2353/3283/1465 2352/3287/1465 596/3286/1464
f 2352/3287/1465 3757/3995/1465 3758/3288/1464
f 601/3289/1466 602/3292/1467 598/3290/1467
f 602/3292/1467 2337/3296/1468 2338/3293/1468
f 3755/3294/531 3756/3295/1467 602/3292/1467
f 3756/3295/1467 3705/3996/1468 2337/3296/1468
f 598/3290/1467 603/3298/1467 599/3297/1466
f 603/3298/1467 3753/3301/1467 3752/3299/1469
f 2338/3293/1468 2339/3300/1468 603/3298/1467
f 2339/3300/1468 3739/3997/1468 3753/3301/1467
f 599/3297/1466 604/3303/1470 600/3302/1470
f 604/3303/1470 2276/3258/1460 2275/3251/1460
f 3752/3299/1469 3751/3304/1471 604/3303/1470
f 3751/3304/1471 3719/3989/1929 2276/3258/1460
f 600/3302/1470 605/3305/1470 601/3289/1466
f 605/3305/1470 3754/3306/1470 3755/3294/531
f 2275/3251/1460 2274/3254/1460 605/3305/1470
f 2274/3254/1460 3724/3988/1460 3754/3306/1470
f 610/3307/20 611/3310/1473 607/3308/1472
f 611/3310/1473 2340/3314/709 2341/3311/709
f 3707/3312/20 3708/3313/1472 611/3310/1473
f 3708/3313/1472 3709/3998/709 2340/3314/709
f 607/3308/1472 612/3316/1472 608/3315/20
f 612/3316/1472 3742/3319/1472 3741/3317/20
f 2341/3311/709 2342/3318/709 612/3316/1472
f 2342/3318/709 3743/3999/709 3742/3319/1472
f 608/3315/20 613/3321/1474 609/3320/1474
f 613/3321/1474 2339/3300/1468 2338/3293/1468
f 3741/3317/20 3740/3322/1474 613/3321/1474
f 3740/3322/1474 3739/3997/1468 2339/3300/1468
f 609/3320/1474 614/3323/1474 610/3307/20
f 614/3323/1474 3706/3324/1474 3707/3312/20
f 2338/3293/1468 2337/3296/1468 614/3323/1474
f 2337/3296/1468 3705/3996/1468 3706/3324/1474
f 619/3325/711 620/3328/666 616/3326/666
f 620/3328/666 2343/3332/712 2344/3329/712
f 3748/3330/711 3749/3331/666 620/3328/666
f 3749/3331/666 3750/4000/712 2343/3332/712
f 616/3326/666 621/3334/666 617/3333/711
f 621/3334/666 3746/3337/666 3745/3335/1475
f 2344/3329/712 2345/3336/712 621/3334/666
f 2345/3336/712 3704/4001/712 3746/3337/666
f 617/3333/711 622/3339/713 618/3338/713
f 622/3339/713 2342/3318/709 2341/3311/709
f 3745/3335/1475 3744/3340/713 622/3339/713
f 3744/3340/713 3743/3999/709 2342/3318/709
f 618/3338/713 623/3341/713 619/3325/711
f 623/3341/713 3747/3342/713 3748/3330/711
f 2341/3311/709 2340/3314/709 623/3341/713
f 2340/3314/709 3709/3998/709 3747/3342/713
f 624/3343/1476 628/3347/1476 629/3344/1477
f 629/3344/1477 2352/3287/1465 2353/3283/1465
f 3766/3346/1476 3767/3348/1478 629/3344/1477
f 3767/3348/1478 3757/3995/1465 2352/3287/1465
f 625/3345/1477 630/3350/1477 626/3349/1476
f 630/3350/1477 3761/3352/1478 3762/3351/1476
f 2353/3283/1465 2354/3285/1465 630/3350/1477
f 2354/3285/1465 3725/3994/1465 3761/3352/1478
f 626/3349/1476 631/3354/1479 627/3353/1479
f 631/3354/1479 2357/3357/1480 2356/3355/1480
f 3762/3351/1476 3763/3356/1479 631/3354/1479
f 3763/3356/1479 3764/4002/1480 2357/3357/1480
f 627/3353/1479 632/3358/1479 628/3347/1476
f 632/3358/1479 3765/3360/1479 3766/3346/1476
f 2356/3355/1480 2355/3359/1481 632/3358/1479
f 2355/3359/1481 3733/4003/1481 3765/3360/1479
f 637/3361/8 638/3364/1482 634/3362/1482
f 638/3364/1482 2355/3359/1481 2356/3355/1480
f 3731/3365/8 3732/3366/1482 638/3364/1482
f 3732/3366/1482 3733/4003/1481 2355/3359/1481
f 634/3362/1482 639/3368/1482 635/3367/8
f 639/3368/1482 3768/3370/1482 3769/3369/8
f 2356/3355/1480 2357/3357/1480 639/3368/1482
f 2357/3357/1480 3764/4002/1480 3768/3370/1482
f 635/3367/8 640/3372/1483 636/3371/1483
f 640/3372/1483 2300/3375/723 2299/3373/723
f 3769/3369/8 3770/3374/1483 640/3372/1483
f 3770/3374/1483 3734/4004/723 2300/3375/723
f 636/3371/1483 641/3376/1483 637/3361/8
f 641/3376/1483 3730/3378/1484 3731/3365/8
f 2299/3373/723 2298/3377/723 641/3376/1483
f 2298/3377/723 3729/4005/723 3730/3378/1484
f 646/3379/724 647/3382/1485 643/3380/1485
f 647/3382/1485 2298/3377/723 2299/3373/723
f 3772/3383/724 3773/3384/1485 647/3382/1485
f 3773/3384/1485 3729/4005/723 2298/3377/723
f 643/3380/1485 648/3386/1485 644/3385/724
f 648/3386/1485 3735/3388/1485 3736/3387/724
f 2299/3373/723 2300/3375/723 648/3386/1485
f 2300/3375/723 3734/4004/723 3735/3388/1485
f 644/3385/724 649/3390/728 645/3389/728
f 649/3390/728 2360/3393/729 2359/3391/729
f 3736/3387/724 3737/3392/728 649/3390/728
f 3737/3392/728 3738/4006/729 2360/3393/729
f 645/3389/728 650/3394/728 646/3379/724
f 650/3394/728 3771/3396/728 3772/3383/724
f 2359/3391/729 2358/3395/729 650/3394/728
f 2358/3395/729 3710/4007/729 3771/3396/728
f 655/3397/730 656/3400/731 652/3398/731
f 656/3400/731 2361/3404/7 2362/3401/7
f 3775/3402/730 3776/3403/731 656/3400/731
f 3776/3403/731 3714/4008/7 2361/3404/7
f 652/3398/731 657/3406/731 653/3405/730
f 657/3406/731 3701/3409/731 3702/3407/730
f 2362/3401/7 2363/3408/7 657/3406/731
f 2363/3408/7 3700/4009/7 3701/3409/731
f 653/3405/730 658/3411/732 654/3410/732
f 658/3411/732 2345/3336/712 2344/3329/712
f 3702/3407/730 3703/3412/732 658/3411/732
f 3703/3412/732 3704/4001/712 2345/3336/712
f 654/3410/732 659/3413/732 655/3397/730
f 659/3413/732 3774/3414/732 3775/3402/730
f 2344/3329/712 2343/3332/712 659/3413/732
f 2343/3332/712 3750/4000/712 3774/3414/732
f 664/3415/733 665/3418/734 661/3416/734
f 665/3418/734 2358/3395/729 2359/3391/729
f 3712/3419/733 3711/3420/734 665/3418/734
f 3711/3420/734 3710/4007/729 2358/3395/729
f 661/3416/734 666/3422/734 662/3421/733
f 666/3422/734 3779/3424/734 3778/3423/733
f 2359/3391/729 2360/3393/729 666/3422/734
f 2360/3393/729 3738/4006/729 3779/3424/734
f 662/3421/733 667/3426/735 663/3425/735
f 667/3426/735 2363/3408/7 2362/3401/7
f 3778/3423/733 3777/3427/735 667/3426/735
f 3777/3427/735 3700/4009/7 2363/3408/7
f 663/3425/735 668/3428/735 664/3415/733
f 668/3428/735 3713/3429/735 3712/3419/733
f 2362/3401/7 2361/3404/7 668/3428/735
f 2361/3404/7 3714/4008/7 3713/3429/735
f 669/3430/1487 673/3434/1492 674/3431/1488
f 674/3431/1488 2366/3412/1494 2365/3407/1490
f 2428/3433/1491 2429/3435/1493 674/3431/1488
f 2429/3435/1493 3310/4001/1930 2366/3412/1494
f 670/3432/1489 675/3437/1496 671/3436/1495
f 675/3437/1496 2424/3439/1499 2425/3438/1497
f 2365/3407/1490 2364/3409/1498 675/3437/1496
f 2364/3409/1498 3309/4009/1931 2424/3439/1499
f 671/3436/1495 676/3444/1503 672/3440/1500
f 672/3440/1500 676/3444/1503 2277/3441/1501
f 671/3436/1495 2425/3438/1497 2426/3443/1497
f 676/3444/1503 2426/3443/1497 3289/3445/1504
f 669/3430/1487 672/3440/1500 677/3446/1505
f 673/3434/1492 677/3446/1505 2427/3447/1506
f 672/3440/1500 2278/3442/1502 2279/3448/1507
f 677/3446/1505 2279/3448/1507 3291/3449/1508
f 682/3450/1509 683/3453/1511 679/3451/1510
f 683/3453/1511 2369/3313/1514 2368/3312/1510
f 2434/3454/1512 2435/3455/1513 683/3453/1511
f 2435/3455/1513 3312/3998/1932 2369/3313/1514
f 679/3451/1510 684/3457/1516 680/3456/1515
f 684/3457/1516 2430/3459/1519 2431/3458/1517
f 2368/3312/1510 2367/3324/1518 684/3457/1516
f 2367/3324/1518 3311/3996/1933 2430/3459/1519
f 678/3452/1510 680/3456/1515 685/3460/1520
f 681/3461/1521 685/3460/1520 2280/3462/1522
f 680/3456/1515 2431/3458/1517 2432/3464/1524
f 685/3460/1520 2432/3464/1524 3303/3465/1525
f 678/3452/1510 681/3461/1521 686/3466/1526
f 682/3450/1509 686/3466/1526 2433/3467/1527
f 681/3461/1521 2281/3463/1523 2282/3468/1528
f 686/3466/1526 2282/3468/1528 3304/3469/1529
f 687/3470/1530 691/3474/1535 692/3471/1531
f 692/3471/1531 2370/3420/1537 2371/3419/1533
f 2440/3473/1534 2441/3475/1536 692/3471/1531
f 2441/3475/1536 3313/4007/1934 2370/3420/1537
f 688/3472/1532 693/3477/1539 689/3476/1538
f 693/3477/1539 2436/3479/1540 2437/3478/1540
f 688/3472/1532 2371/3419/1533 2372/3429/1541
f 2372/3429/1541 3314/4008/1935 2436/3479/1540
f 687/3470/1530 689/3476/1538 694/3480/1542
f 694/3480/1542 2285/3485/1547 2284/3482/1544
f 689/3476/1538 2437/3478/1540 2438/3483/1545
f 694/3480/1542 2438/3483/1545 3293/3484/1546
f 687/3470/1530 690/3481/1543 695/3486/1548
f 691/3474/1535 695/3486/1548 2439/3487/1549
f 690/3481/1543 2284/3482/1544 2283/3488/1550
f 2283/3488/1550 3305/3729/1826 2439/3487/1549
f 700/3489/1551 701/3492/1554 697/3490/1552
f 701/3492/1554 2373/3263/1558 2374/3257/1555
f 2446/3493/1556 2447/3494/1557 701/3492/1554
f 2447/3494/1557 3296/3990/1936 2373/3263/1558
f 697/3490/1552 702/3496/1560 698/3495/1559
f 702/3496/1560 2442/3498/1563 2443/3497/1561
f 2374/3257/1555 2375/3259/1562 702/3496/1560
f 2375/3259/1562 3294/3989/1937 2442/3498/1563
f 696/3491/1553 698/3495/1559 703/3499/1564
f 699/3500/1565 703/3499/1564 2291/3501/1566
f 2443/3497/1561 2444/3645/1729 703/3499/1564
f 703/3499/1564 2444/3645/1729 3316/3503/1568
f 699/3500/1565 704/3506/1571 700/3489/1551
f 700/3489/1551 704/3506/1571 2445/3504/1569
f 699/3500/1565 2290/3502/1567 2289/3505/1570
f 704/3506/1571 2289/3505/1570 3315/3507/1572
f 709/3508/1573 710/3511/1576 706/3509/1574
f 710/3511/1576 2378/3253/1580 2377/3252/1577
f 2452/3512/1578 2453/3513/1579 710/3511/1576
f 2453/3513/1579 3295/3988/1938 2378/3253/1580
f 706/3509/1574 711/3515/1582 707/3514/1581
f 711/3515/1582 2448/3517/1585 2449/3516/1583
f 2377/3252/1577 2376/3267/1584 711/3515/1582
f 2376/3267/1584 3297/3991/1939 2448/3517/1585
f 707/3514/1581 712/3522/1590 708/3518/1586
f 708/3518/1586 712/3522/1590 2292/3519/1587
f 707/3514/1581 2449/3516/1583 2450/3521/1589
f 712/3522/1590 2450/3521/1589 3317/3523/1591
f 705/3510/1575 708/3518/1586 713/3524/1592
f 713/3524/1592 2451/3527/1595 2452/3512/1578
f 708/3518/1586 2293/3520/1588 2294/3525/1593
f 713/3524/1592 2294/3525/1593 3318/3526/1594
f 718/3528/1596 719/3531/1599 715/3529/1597
f 719/3531/1599 2379/3284/1603 2380/3278/1600
f 2455/3532/1601 2456/3533/1602 719/3531/1599
f 2456/3533/1602 3319/3994/1940 2379/3284/1603
f 715/3529/1597 720/3535/1605 716/3534/1604
f 720/3535/1605 2447/3537/1557 2446/3536/1556
f 715/3529/1597 2380/3278/1600 2381/3280/1606
f 2381/3280/1606 3296/3993/1936 2447/3537/1557
f 714/3530/1598 716/3534/1604 721/3538/1607
f 721/3538/1607 2297/3543/1610 2296/3540/1609
f 716/3534/1604 2446/3536/1556 2445/3541/1569
f 721/3538/1607 2445/3541/1569 3315/3542/1572
f 714/3530/1598 717/3539/1608 722/3544/1611
f 718/3528/1596 722/3544/1611 2454/3545/1612
f 717/3539/1608 2296/3540/1609 2295/3546/1613
f 2295/3546/1613 3298/3688/1776 2454/3545/1612
f 727/3547/1614 728/3550/1617 724/3548/1615
f 728/3550/1617 2384/3366/1621 2383/3365/1618
f 2461/3551/1619 2462/3552/1620 728/3550/1617
f 2462/3552/1620 3321/4003/1941 2384/3366/1621
f 724/3548/1615 729/3554/1623 725/3553/1622
f 729/3554/1623 2457/3556/1626 2458/3555/1624
f 2383/3365/1618 2382/3378/1625 729/3554/1623
f 2382/3378/1625 3301/4005/1942 2457/3556/1626
f 723/3549/1616 725/3553/1622 730/3557/1627
f 726/3558/1628 730/3557/1627 2301/3559/1629
f 725/3553/1622 2458/3555/1624 2459/3561/1631
f 730/3557/1627 2459/3561/1631 3320/3562/1632
f 723/3549/1616 726/3558/1628 731/3563/1633
f 727/3547/1614 731/3563/1633 2460/3564/1634
f 726/3558/1628 2302/3560/1630 2303/3565/1635
f 731/3563/1633 2303/3565/1635 3299/3566/1636
f 736/3567/1637 737/3570/1640 733/3568/1638
f 737/3570/1640 2387/3392/1644 2386/3387/1641
f 2467/3571/1642 2468/3572/1643 737/3570/1640
f 2468/3572/1643 3323/4006/1943 2387/3392/1644
f 733/3568/1638 738/3574/1646 734/3573/1645
f 738/3574/1646 2463/3576/1649 2464/3575/1647
f 2386/3387/1641 2385/3388/1648 738/3574/1646
f 2385/3388/1648 3300/4004/1944 2463/3576/1649
f 732/3569/1639 734/3573/1645 739/3577/1650
f 735/3578/1651 739/3577/1650 2304/3579/1652
f 2464/3575/1647 2465/3717/1811 739/3577/1650
f 739/3577/1650 2465/3717/1811 3322/3581/1654
f 735/3578/1651 740/3584/1657 736/3567/1637
f 736/3567/1637 740/3584/1657 2466/3582/1655
f 735/3578/1651 2305/3580/1653 2306/3583/1656
f 740/3584/1657 2306/3583/1656 3302/3585/1658
f 745/3586/1659 746/3589/1662 742/3587/1660
f 746/3589/1662 2388/3322/1666 2389/3317/1663
f 2473/3590/1664 2474/3591/1665 746/3589/1662
f 2474/3591/1665 3324/3997/1681 2388/3322/1666
f 742/3587/1660 747/3593/1668 743/3592/1667
f 747/3593/1668 2469/3595/1671 2470/3594/1669
f 2389/3317/1663 2390/3319/1670 747/3593/1668
f 2390/3319/1670 3325/3999/1945 2469/3595/1671
f 741/3588/1661 743/3592/1667 748/3596/1672
f 744/3597/1673 748/3596/1672 2309/3598/1674
f 743/3592/1667 2470/3594/1669 2471/3600/1676
f 748/3596/1672 2471/3600/1676 3290/3601/1677
f 741/3588/1661 744/3597/1673 749/3602/1678
f 745/3586/1659 749/3602/1678 2472/3603/1679
f 744/3597/1673 2308/3599/1675 2307/3604/1680
f 749/3602/1678 2307/3604/1680 3292/3605/1681
f 754/3606/1682 755/3609/1685 751/3607/1683
f 755/3609/1685 2391/3340/1687 2392/3335/1686
f 2470/3594/1669 2469/3595/1671 755/3609/1685
f 2469/3595/1671 3325/3999/1945 2391/3340/1687
f 751/3607/1683 756/3611/1689 752/3610/1688
f 756/3611/1689 2429/3435/1493 2428/3433/1491
f 751/3607/1683 2392/3335/1686 2393/3337/1690
f 2393/3337/1690 3310/4001/1930 2429/3435/1493
f 750/3608/1684 752/3610/1688 757/3612/1691
f 753/3613/1692 757/3612/1691 2312/3614/1693
f 752/3610/1688 2428/3433/1491 2427/3447/1506
f 757/3612/1691 2427/3447/1506 3291/3449/1508
f 753/3613/1692 758/3616/1695 754/3606/1682
f 758/3616/1695 2471/3600/1676 2470/3594/1669
f 753/3613/1692 2311/3615/1694 2310/3617/1696
f 758/3616/1695 2310/3617/1696 3290/3601/1677
f 763/3618/1697 764/3622/1703 760/3619/1698
f 760/3619/1698 764/3622/1703 2396/3331/1700
f 2476/3621/1702 2477/3623/1704 764/3622/1703
f 2477/3623/1704 3326/4000/1946 2396/3331/1700
f 760/3619/1698 765/3625/1706 761/3624/1705
f 765/3625/1706 2435/3455/1513 2434/3454/1512
f 2395/3330/1701 2394/3342/1705 765/3625/1706
f 2394/3342/1705 3312/3998/1932 2435/3455/1513
f 761/3624/1705 766/3629/1710 762/3626/1707
f 762/3626/1707 766/3629/1710 2313/3627/1708
f 2434/3454/1512 2433/3467/1527 766/3629/1710
f 766/3629/1710 2433/3467/1527 3304/3469/1529
f 759/3620/1699 762/3626/1707 767/3630/1711
f 763/3618/1697 767/3630/1711 2475/3631/1712
f 762/3626/1707 2314/3628/1709 2315/3632/1713
f 767/3630/1711 2315/3632/1713 3306/3633/1714
f 772/3634/1715 773/3637/1718 769/3635/1716
f 773/3637/1718 2397/3304/1720 2398/3299/1719
f 2443/3497/1561 2442/3498/1563 773/3637/1718
f 2442/3498/1563 3294/3989/1937 2397/3304/1720
f 769/3635/1716 774/3639/1722 770/3638/1721
f 774/3639/1722 2474/3591/1665 2473/3590/1664
f 2398/3299/1719 2399/3301/1723 774/3639/1722
f 2399/3301/1723 3324/3997/1681 2474/3591/1665
f 770/3638/1721 775/3643/1727 771/3640/1724
f 771/3640/1724 775/3643/1727 2318/3641/1725
f 2473/3590/1664 2472/3603/1679 775/3643/1727
f 775/3643/1727 2472/3603/1679 3292/3605/1681
f 768/3636/1717 771/3640/1724 776/3644/1728
f 772/3634/1715 776/3644/1728 2444/3645/1729
f 2317/3642/1726 2316/4010/1947 776/3644/1728
f 776/3644/1728 2316/4010/1947 3316/3503/1568
f 781/3646/1730 782/3649/1733 778/3647/1731
f 782/3649/1733 2402/3295/1735 2401/3294/1734
f 2431/3458/1517 2430/3459/1519 782/3649/1733
f 2430/3459/1519 3311/3996/1933 2402/3295/1735
f 778/3647/1731 783/3651/1737 779/3650/1736
f 783/3651/1737 2453/3513/1579 2452/3512/1578
f 778/3647/1731 2401/3294/1734 2400/3306/1738
f 2400/3306/1738 3295/3988/1938 2453/3513/1579
f 777/3648/1732 779/3650/1736 784/3652/1739
f 784/3652/1739 2319/3655/1741 2320/3654/1740
f 779/3650/1736 2452/3512/1578 2451/3527/1595
f 784/3652/1739 2451/3527/1595 3318/3526/1594
f 780/3653/1732 785/3656/1742 781/3646/1730
f 785/3656/1742 2432/3464/1524 2431/3458/1517
f 780/3653/1732 2320/3654/1740 2321/3657/1743
f 785/3656/1742 2321/3657/1743 3303/3465/1525
f 790/3658/1744 791/3662/1749 787/3659/1745
f 787/3659/1745 791/3662/1749 2405/3274/1747
f 2449/3661/1583 2448/3663/1585 791/3662/1749
f 2448/3663/1585 3297/3992/1939 2405/3274/1747
f 787/3659/1745 792/3665/1751 788/3664/1750
f 792/3665/1751 2478/3667/1754 2479/3666/1752
f 2404/3273/1748 2403/3288/1753 792/3665/1751
f 2403/3288/1753 3327/3995/1948 2478/3667/1754
f 786/3660/1746 788/3664/1750 793/3668/1755
f 789/3669/1756 793/3668/1755 2322/3670/1757
f 788/3664/1750 2479/3666/1752 2480/3672/1759
f 2480/3672/1759 3307/3705/1796 2322/3670/1757
f 786/3660/1746 789/3669/1756 794/3673/1760
f 790/3658/1744 794/3673/1760 2450/3674/1589
f 2323/3671/1758 2324/4011/1949 794/3673/1760
f 794/3673/1760 2324/4011/1949 3317/3675/1591
f 799/3676/1761 800/3679/1764 796/3677/1762
f 800/3679/1764 2408/3356/1768 2407/3351/1765
f 2482/3680/1766 2483/3681/1767 800/3679/1764
f 2483/3681/1767 3328/4002/1950 2408/3356/1768
f 796/3677/1762 801/3683/1770 797/3682/1769
f 801/3683/1770 2456/3533/1602 2455/3532/1601
f 2407/3351/1765 2406/3352/1771 801/3683/1770
f 2406/3352/1771 3319/3994/1940 2456/3533/1602
f 797/3682/1769 802/3687/1775 798/3684/1772
f 798/3684/1772 802/3687/1775 2325/3685/1773
f 797/3682/1769 2455/3532/1601 2454/3545/1612
f 802/3687/1775 2454/3545/1612 3298/3688/1776
f 795/3678/1763 798/3684/1772 803/3689/1777
f 803/3689/1777 2481/3692/1780 2482/3680/1766
f 798/3684/1772 2326/3686/1774 2327/3690/1778
f 803/3689/1777 2327/3690/1778 3308/3691/1779
f 808/3693/1781 809/3696/1784 805/3694/1782
f 809/3696/1784 2411/3348/1786 2410/3346/1785
f 2479/3666/1752 2478/3667/1754 809/3696/1784
f 2478/3667/1754 3327/3995/1948 2411/3348/1786
f 805/3694/1782 810/3698/1788 806/3697/1787
f 810/3698/1788 2462/3552/1620 2461/3551/1619
f 2410/3346/1785 2409/3360/1789 810/3698/1788
f 2409/3360/1789 3321/4003/1941 2462/3552/1620
f 806/3697/1787 811/3702/1793 807/3699/1790
f 807/3699/1790 811/3702/1793 2328/3700/1791
f 2461/3551/1619 2460/3564/1634 811/3702/1793
f 811/3702/1793 2460/3564/1634 3299/3566/1636
f 804/3695/1783 807/3699/1790 812/3703/1794
f 808/3693/1781 812/3703/1794 2480/3672/1759
f 807/3699/1790 2329/3701/1792 2330/3704/1795
f 812/3703/1794 2330/3704/1795 3307/3705/1796
f 817/3706/1797 818/3709/1800 814/3707/1798
f 818/3709/1800 2414/3374/1802 2413/3369/1801
f 2464/3575/1647 2463/3576/1649 818/3709/1800
f 2463/3576/1649 3300/4004/1944 2414/3374/1802
f 814/3707/1798 819/3711/1804 815/3710/1803
f 819/3711/1804 2483/3681/1767 2482/3680/1766
f 2413/3369/1801 2412/3370/1805 819/3711/1804
f 2412/3370/1805 3328/4002/1950 2483/3681/1767
f 813/3708/1799 815/3710/1803 820/3712/1806
f 816/3713/1807 820/3712/1806 2331/3714/1808
f 815/3710/1803 2482/3680/1766 2481/3692/1780
f 820/3712/1806 2481/3692/1780 3308/3691/1779
f 813/3708/1799 816/3713/1807 821/3716/1810
f 817/3706/1797 821/3716/1810 2465/3717/1811
f 816/3713/1807 2332/3715/1809 2333/3718/1812
f 821/3716/1810 2333/3718/1812 3322/3581/1654
f 826/3719/1813 827/3722/1816 823/3720/1814
f 827/3722/1816 2417/3384/1818 2416/3383/1817
f 2458/3555/1624 2457/3556/1626 827/3722/1816
f 2457/3556/1626 3301/4005/1942 2417/3384/1818
f 823/3720/1814 828/3724/1820 824/3723/1819
f 828/3724/1820 2441/3475/1536 2440/3473/1534
f 2416/3383/1817 2415/3396/1821 828/3724/1820
f 2415/3396/1821 3313/4007/1934 2441/3475/1536
f 824/3723/1819 829/3728/1825 825/3725/1822
f 825/3725/1822 829/3728/1825 2334/3726/1823
f 824/3723/1819 2440/3473/1534 2439/3487/1549
f 829/3728/1825 2439/3487/1549 3305/3729/1826
f 822/3721/1815 825/3725/1822 830/3730/1827
f 830/3730/1827 2459/3561/1631 2458/3555/1624
f 825/3725/1822 2335/3727/1824 2336/3731/1828
f 830/3730/1827 2336/3731/1828 3320/3562/1632
f 835/3732/1829 836/3735/1832 832/3733/1830
f 836/3735/1832 2420/3403/1834 2419/3402/1833
f 2437/3478/1540 2436/3479/1540 836/3735/1832
f 2436/3479/1540 3314/4008/1935 2420/3403/1834
f 831/3734/1831 832/3733/1830 837/3736/1835
f 837/3736/1835 2477/3623/1704 2476/3621/1702
f 2419/3402/1833 2418/3414/1837 837/3736/1835
f 2418/3414/1837 3326/4000/1946 2477/3623/1704
f 831/3734/1831 833/3737/1836 838/3738/1838
f 834/3739/1839 838/3738/1838 2346/3740/1840
f 833/3737/1836 2476/3621/1702 2475/3631/1712
f 838/3738/1838 2475/3631/1712 3306/3633/1714
f 834/3739/1839 839/3743/1843 835/3732/1829
f 835/3732/1829 839/3743/1843 2438/3483/1545
f 834/3739/1839 2347/3741/1841 2348/3742/1842
f 839/3743/1843 2348/3742/1842 3293/3484/1546
f 844/3744/1844 845/3747/1849 841/3745/1845
f 841/3745/1845 845/3747/1849 2421/3427/1847
f 2425/3438/1497 2424/3439/1499 845/3747/1849
f 2424/3439/1499 3309/4009/1931 2421/3427/1847
f 840/3746/1846 841/3745/1845 846/3748/1850
f 846/3748/1850 2468/3572/1643 2467/3571/1642
f 2422/3423/1848 2423/3424/1852 846/3748/1850
f 2423/3424/1852 3323/4006/1943 2468/3572/1643
f 840/3746/1846 842/3749/1851 847/3750/1853
f 843/3751/1854 847/3750/1853 2351/3752/1855
f 842/3749/1851 2467/3571/1642 2466/3582/1655
f 2466/3582/1655 3302/3585/1658 2351/3752/1855
f 840/3746/1846 843/3751/1854 848/3754/1857
f 844/3744/1844 848/3754/1857 2426/3443/1497
f 2350/3753/1856 2349/4012/1951 848/3754/1857
f 848/3754/1857 2349/4012/1951 3289/3445/1504
f 1213/3755/23 1214/3758/23 1210/3756/23
f 1214/3758/23 4214/3762/23 4215/3759/23
f 4221/3760/23 4220/3761/23 1214/3758/23
f 4220/3761/23 4211/4013/23 4214/3762/23
f 1210/3756/23 1215/3764/23 1211/3763/23
f 1215/3764/23 4247/3767/23 4248/3765/23
f 4215/3759/23 4216/3766/23 1215/3764/23
f 4216/3766/23 4217/4014/23 4247/3767/23
f 1211/3763/23 1216/3769/23 1212/3768/23
f 1216/3769/23 4244/3772/23 4245/3770/23
f 4248/3765/23 4249/3771/23 1216/3769/23
f 4249/3771/23 4233/4015/23 4244/3772/23
f 1212/3768/23 1217/3773/23 1213/3755/23
f 1217/3773/23 4222/3775/23 4221/3760/23
f 4245/3770/23 4246/3774/23 1217/3773/23
f 4246/3774/23 4223/4016/23 4222/3775/23
f 1420/3776/144 1421/3779/144 1417/3777/144
f 1421/3779/144 4507/3783/144 4508/3780/144
f 4230/3781/144 4229/3782/144 1421/3779/144
f 4229/3782/144 4226/4017/144 4507/3783/144
f 1417/3777/144 1422/3785/144 1418/3784/144
f 1422/3785/144 4519/3788/144 4520/3786/144
f 4508/3780/144 4509/3787/144 1422/3785/144
f 4509/3787/144 4046/4018/144 4519/3788/144
f 1418/3784/144 1423/3790/144 1419/3789/144
f 1423/3790/144 2846/3793/144 2845/3791/144
f 4520/3786/144 4521/3792/144 1423/3790/144
f 4521/3792/144 4225/4019/144 2846/3793/144
f 1419/3789/144 1424/3794/144 1420/3776/144
f 1424/3794/144 4231/3796/144 4230/3781/144
f 2845/3791/144 2844/3795/144 1424/3794/144
f 2844/3795/144 4232/4020/144 4231/3796/144
f 1510/3797/7 1511/3800/7 1507/3798/7
f 1511/3800/7 4041/3804/7 4042/3801/7
f 4502/3802/7 4501/3803/7 1511/3800/7
f 4501/3803/7 4038/4021/7 4041/3804/7
f 1507/3798/7 1512/3806/7 1508/3805/7
f 1512/3806/7 3083/3809/7 3082/3807/7
f 4042/3801/7 4043/3808/7 1512/3806/7
f 4043/3808/7 4044/4022/7 3083/3809/7
f 1508/3805/7 1513/3811/7 1509/3810/7
f 1513/3811/7 3011/3814/7 3010/3812/7
f 3082/3807/7 3081/3813/7 1513/3811/7
f 3081/3813/7 3428/4023/7 3011/3814/7
f 1509/3810/7 1514/3815/7 1510/3797/7
f 1514/3815/7 4503/3817/7 4502/3802/7
f 3010/3812/7 3009/3816/7 1514/3815/7
f 3009/3816/7 4397/4024/7 4503/3817/7
f 1735/3818/177 1736/3821/177 1732/3819/177
f 1736/3821/177 2834/3825/177 2833/3822/177
f 2959/3823/177 2960/3824/177 1736/3821/177
f 2960/3824/177 3409/4025/177 2834/3825/177
f 1732/3819/177 1737/3827/177 1733/3826/177
f 1737/3827/177 4461/3830/177 4460/3828/177
f 2833/3822/177 2832/3829/177 1737/3827/177
f 2832/3829/177 4213/4026/177 4461/3830/177
f 1733/3826/177 1738/3832/177 1734/3831/177
f 1738/3832/177 3075/3835/177 3076/3833/177
f 4460/3828/177 4459/3834/177 1738/3832/177
f 4459/3834/177 4039/4027/177 3075/3835/177
f 1734/3831/177 1739/3836/177 1735/3818/177
f 1739/3836/177 2958/3838/177 2959/3823/177
f 3076/3833/177 3077/3837/177 1739/3836/177
f 3077/3837/177 3438/4028/177 2958/3838/177
o Plane.001
v 387.684082 189.309708 480.604248
v 168.912003 192.036453 480.604279
v 172.052261 194.763214 480.604279
v 387.684082 192.036453 478.364258
v 370.364380 324.683197 533.415405
v 279.868164 442.663788 539.186340
v 368.124390 324.683197 539.186340
v 279.868164 444.903778 533.415466
v 365.922699 324.683197 540.135437
v 279.868164 204.462646 533.415405
v 193.813629 324.683197 540.135437
v 279.868164 440.462067 540.135437
v 375.233246 324.683197 541.084290
v 191.611938 324.683197 539.186340
v 189.371948 324.683197 533.415405
v 279.868164 208.904327 540.135376
v 182.263077 324.683197 527.644287
v 377.473267 324.683197 527.644287
v 184.503082 324.683197 541.084290
v 279.868164 199.593765 541.084229
v 279.868164 452.012604 527.644348
v 279.868164 449.772614 541.084290
v 279.868164 206.702637 539.186340
v 377.290710 202.619110 524.421997
v 377.290710 203.558121 524.678284
v 377.290710 204.138733 525.349121
v 377.290710 201.099518 526.732117
v 377.290710 201.099518 525.349121
v 377.290710 204.138733 526.732117
v 377.290710 201.679886 524.678284
v 377.491180 202.619110 526.732117
v 377.491180 202.619110 525.349121
v 377.491180 202.619110 524.678284
v 375.164490 202.619110 524.421997
v 376.227600 202.619110 524.421997
v 375.164490 203.558121 524.678284
v 375.164490 204.138733 525.349121
v 375.164490 201.099518 526.732117
v 376.227600 201.099518 526.732117
v 375.164490 201.099518 525.349121
v 376.227600 201.099518 525.349121
v 375.164490 204.138733 526.732117
v 375.164490 201.679886 524.678284
v 376.227600 201.679886 524.678284
v 376.227600 203.138123 526.880615
v 376.227600 203.138123 525.241638
v 375.364960 203.638321 525.295410
v 377.090210 203.638321 525.295410
v 377.090210 203.638321 526.806519
v 375.364960 203.638321 526.806519
v 376.174713 446.730042 523.572693
v 377.907379 446.730042 525.957336
v 377.390381 449.227203 525.789612
v 376.926239 449.227203 526.428650
v 376.174713 449.227203 526.672852
v 375.423431 449.227203 526.428650
v 374.959076 449.227203 525.789612
v 374.959076 449.227203 524.999512
v 375.423431 449.227203 524.360474
v 376.174713 449.227203 524.116333
v 376.926239 449.227203 524.360474
v 377.390381 449.227203 524.999512
v 376.174713 449.451202 525.873840
v 376.174713 449.451202 524.915100
v 376.786469 449.451202 525.006714
v 376.786469 449.451202 525.782227
v 375.563202 449.451202 525.782227
v 375.563202 449.451202 525.006714
v 377.390381 428.619171 525.789612
v 376.926239 428.619171 526.428650
v 376.174713 428.619171 526.672791
v 375.423431 428.619171 526.428650
v 374.959076 428.619171 525.789612
v 374.959076 428.619171 524.999512
v 375.423431 428.619171 524.360474
v 376.174713 428.619171 524.116333
v 376.926239 428.619171 524.360474
v 377.390381 428.619171 524.999512
v 376.174713 428.395203 525.873779
v 376.174713 428.395203 524.915100
v 376.786469 428.395203 525.006714
v 376.786469 428.395203 525.782166
v 375.563202 428.395203 525.782166
v 375.563202 428.395203 525.006714
v 377.907379 431.116364 524.831543
v 377.245667 431.116364 523.920776
v 377.245667 446.730042 523.920776
v 376.174713 431.116364 523.572632
v 375.104004 431.116364 523.920776
v 375.104004 446.730042 523.920776
v 374.442322 431.116364 524.831543
v 374.442322 446.730042 524.831543
v 374.442322 431.116364 525.957336
v 374.442322 446.730042 525.957336
v 375.104004 446.730042 526.868347
v 375.104004 431.116364 526.868347
v 376.174713 446.730042 527.216248
v 376.174713 431.116364 527.216248
v 377.245667 446.730042 526.868347
v 377.245667 431.116364 526.868347
v 377.907379 446.730042 524.831543
v 377.907379 431.116364 525.957336
v 377.800964 433.277740 524.866272
v 377.800964 448.891235 524.866272
v 377.179810 448.891235 524.011230
v 376.174713 444.568665 523.684631
v 376.174713 448.891235 523.684692
v 375.169861 448.891235 524.011230
v 374.548706 448.891235 524.866272
v 374.548706 448.891235 525.922852
v 375.169861 448.891235 526.777649
v 376.174713 448.891235 527.104248
v 377.179810 448.891235 526.777649
v 377.800964 444.568665 525.922852
v 377.800964 448.891235 525.922852
v 374.548706 433.277740 524.866272
v 374.548706 444.568665 524.866272
v 374.548706 433.277740 525.922852
v 376.174713 444.568665 527.104248
v 377.179810 433.277740 526.777649
v 375.169861 428.955200 526.777649
v 374.548706 428.955200 525.922852
v 374.548706 428.955200 524.866272
v 375.169861 428.955200 524.011230
v 376.174713 428.955200 523.684631
v 377.179810 428.955200 524.011230
v 377.800964 428.955200 524.866272
v 376.174713 428.955200 527.104248
v 377.179810 428.955200 526.777649
v 377.800964 428.955200 525.922852
v 376.174713 433.277740 523.684631
v 377.179810 433.277740 524.011230
v 377.179810 444.568665 524.011230
v 375.169861 433.277740 524.011230
v 375.169861 444.568665 524.011230
v 374.548706 444.568665 525.922852
v 375.169861 433.277740 526.777649
v 375.169861 444.568665 526.777649
v 376.174713 433.277740 527.104248
v 377.179810 444.568665 526.777649
v 377.800964 444.568665 524.866272
v 377.800964 433.277740 525.922852
v 378.296021 446.999756 526.973877
v 378.296021 430.846649 526.973877
v 376.379913 438.923187 527.216248
v 376.379913 446.999756 526.503235
v 376.379913 430.846649 526.503235
v 376.379913 444.606110 526.859619
v 376.379913 433.240326 526.859619
v 378.296021 438.923187 527.444519
v 376.379913 428.453217 527.087891
v 376.379913 449.393188 527.087891
v 376.174713 433.389709 525.394470
v 376.174713 444.456696 525.394470
v 374.963989 202.619110 524.678284
v 374.963989 202.619110 525.349121
v 374.963989 202.619110 526.732117
v 279.868164 197.353775 527.644287
v 390.824341 192.036453 480.604248
v 172.052261 189.309708 480.604279
v 279.868164 189.309708 480.604248
v 172.052261 192.036453 478.364258
v 279.868164 192.036453 478.364258
v 279.868164 194.763214 505.244263
v 387.684082 194.763214 480.604248
v 279.868164 194.763214 480.604248
v 387.684082 189.309708 478.364258
v 390.824341 189.309708 480.604248
v 390.824341 194.763214 480.604248
v 168.912003 192.036453 478.364258
v 390.824341 192.036453 478.364258
v 172.052261 194.763214 478.364258
v 370.402710 324.683197 527.644287
v 370.325867 324.683197 539.186340
v 370.364380 444.903778 533.415466
v 368.124390 442.663788 539.186340
v 175.192520 324.683197 527.644287
v 279.868164 440.462067 541.084290
v 365.922699 440.462067 540.135437
v 365.922699 208.904327 540.135376
v 370.364380 204.462646 533.415405
v 279.868164 204.501175 539.186340
v 365.922699 324.683197 539.186340
v 279.868164 208.904327 539.186340
v 279.868164 208.904327 541.084290
v 368.124390 206.702637 539.186279
v 365.922699 324.683197 541.084290
v 182.263077 197.353775 527.644287
v 384.543823 324.683197 527.644287
v 189.371948 204.462646 533.415405
v 189.333633 324.683197 527.644287
v 279.868164 459.083160 527.644348
v 279.868164 190.283218 541.084229
v 384.543823 324.683197 541.084290
v 375.233246 449.772614 541.084290
v 375.233246 199.593765 541.084229
v 193.813629 324.683197 539.186340
v 193.813629 208.904327 540.135437
v 279.868164 190.283218 527.644287
v 279.868164 440.462067 539.186340
v 279.868164 444.865234 539.186340
v 279.868164 459.083160 541.084351
v 184.503082 449.772614 541.084351
v 175.192520 324.683197 541.084290
v 184.503082 199.593765 541.084290
v 182.263077 452.012604 527.644348
v 189.371948 444.903778 533.415466
v 377.473267 452.012604 527.644287
v 191.611938 442.663788 539.186401
v 189.410461 324.683197 539.186340
v 193.813629 440.462067 540.135437
v 191.611938 206.702637 539.186340
v 193.813629 324.683197 541.084290
v 279.868164 444.942078 527.644287
v 374.963989 201.099518 526.732117
v 374.963989 201.099518 525.349121
v 374.963989 201.679886 524.678284
v 374.963989 202.619110 524.421997
v 374.963989 203.558121 524.678284
v 374.963989 204.138733 525.349121
v 374.963989 204.138733 526.732117
v 377.491180 201.099518 526.732117
v 377.491180 201.099518 525.349121
v 377.491180 201.679886 524.678284
v 377.491180 202.619110 524.421997
v 377.491180 203.558121 524.678284
v 377.491180 204.138733 525.349121
v 377.491180 204.138733 526.732117
v 377.290710 203.138123 524.421997
v 375.164490 202.124756 524.486084
v 377.290710 203.913391 524.974182
v 377.290710 204.218918 525.902222
v 377.290710 201.259888 527.700256
v 377.290710 201.019302 525.902222
v 375.164490 203.978119 527.700256
v 377.290710 201.324844 524.974182
v 377.491180 202.619110 527.700256
v 377.491180 202.619110 525.902222
v 377.491180 202.619110 524.974182
v 375.164490 203.138123 524.421997
v 376.227600 203.138123 524.421997
v 377.290710 202.124756 524.486084
v 376.227600 202.124756 524.486084
v 375.164490 203.913391 524.974182
v 375.164490 204.218918 525.902222
v 375.164490 201.259888 527.700256
v 376.227600 201.259888 527.700256
v 375.164490 201.019302 525.902222
v 376.227600 201.019302 525.902222
v 377.290710 203.978119 527.700256
v 375.164490 201.324844 524.974182
v 376.227600 201.324844 524.974182
v 375.364960 202.619110 524.421997
v 377.090210 202.619110 524.421997
v 375.364960 203.558121 524.678284
v 377.090210 203.558121 524.678284
v 375.364960 204.138733 525.349121
v 377.090210 204.138733 525.349121
v 375.364960 201.099518 526.732117
v 377.090210 201.099518 526.732117
v 375.364960 201.099518 525.349121
v 377.090210 201.099518 525.349121
v 375.364960 204.138733 526.732117
v 377.090210 204.138733 526.732117
v 375.364960 201.679886 524.678284
v 377.090210 201.679886 524.678284
v 376.227600 203.138123 527.700256
v 375.364960 203.138123 526.880615
v 377.090210 203.138123 525.241638
v 375.364960 203.138123 525.241638
v 377.090210 203.138123 526.880615
v 376.227600 203.138123 526.061218
v 375.364960 203.678650 525.981750
v 377.090210 203.678650 525.981750
v 377.090210 203.558121 527.700256
v 375.364960 203.558121 527.700256
v 376.174713 449.451202 524.435730
v 376.738312 449.451202 524.618958
v 377.086639 449.451202 525.098328
v 377.694336 433.389709 524.900757
v 377.694336 449.003204 524.900757
v 376.738525 446.730042 523.659790
v 377.113953 449.003204 524.101990
v 375.611145 446.730042 523.659790
v 376.174713 444.456696 523.796631
v 376.174713 449.003204 523.796631
v 375.235718 449.003204 524.101990
v 374.655334 449.003204 524.900757
v 374.699005 446.730042 526.466736
v 374.655334 449.003204 525.888123
v 375.235718 449.003204 526.687134
v 376.174713 449.003204 526.992249
v 377.650452 446.730042 526.466736
v 377.113953 449.003204 526.687134
v 377.694336 444.456696 525.888123
v 377.998962 446.730042 525.394470
v 377.694336 449.003204 525.888123
v 374.655334 433.389709 524.900757
v 374.655334 444.456696 524.900757
v 374.655334 433.389709 525.888123
v 376.174713 444.456696 526.992249
v 377.113953 433.389709 526.687134
v 375.611359 449.451202 524.618958
v 375.263062 449.451202 525.098328
v 375.263062 449.451202 525.690796
v 375.611359 449.451202 526.170166
v 376.174713 449.451202 526.353149
v 376.738312 449.451202 526.170166
v 377.086639 449.451202 525.690796
v 377.454651 449.227203 525.394470
v 377.210266 449.227203 526.146851
v 376.570312 449.227203 526.611694
v 375.779358 449.227203 526.611694
v 375.139404 449.227203 526.146851
v 374.895020 449.227203 525.394470
v 375.139404 449.227203 524.642273
v 375.779358 449.227203 524.177246
v 376.570312 449.227203 524.177246
v 377.210266 449.227203 524.642273
v 375.866272 449.451202 525.850952
v 376.483398 449.451202 525.850952
v 375.866272 449.451202 524.938171
v 376.483398 449.451202 524.938171
v 376.174713 449.451202 525.394470
v 376.810425 449.451202 525.394470
v 375.539246 449.451202 525.394470
v 375.235718 428.843201 526.687134
v 374.655334 428.843201 525.888123
v 374.655334 428.843201 524.900757
v 375.235718 428.843201 524.101990
v 376.174713 428.843201 523.796631
v 377.113953 428.843201 524.101990
v 377.694336 428.843201 524.900757
v 377.086639 428.395203 525.098328
v 376.738312 428.395203 524.618958
v 376.174713 428.395203 524.435730
v 376.174713 428.843201 526.992249
v 377.113953 428.843201 526.687134
v 377.694336 428.843201 525.888123
v 375.611359 428.395203 524.618958
v 375.263062 428.395203 525.098328
v 375.263062 428.395203 525.690796
v 375.611359 428.395203 526.170166
v 376.174713 428.395203 526.353149
v 376.738312 428.395203 526.170166
v 377.086639 428.395203 525.690796
v 377.454651 428.619171 525.394470
v 377.210266 428.619171 526.146851
v 376.570312 428.619171 526.611694
v 375.779358 428.619171 526.611694
v 375.139404 428.619171 526.146851
v 374.895020 428.619171 525.394470
v 375.139404 428.619171 524.642273
v 375.779358 428.619171 524.177246
v 376.570312 428.619171 524.177246
v 377.210266 428.619171 524.642273
v 375.866272 428.395203 525.850952
v 376.483398 428.395203 525.850952
v 375.866272 428.395203 524.938171
v 376.483398 428.395203 524.938171
v 376.174713 428.395203 525.394470
v 376.810425 428.395203 525.394470
v 375.539246 428.395203 525.394470
v 377.998962 431.116364 525.394470
v 377.650452 431.116364 524.322388
v 377.650452 446.730042 524.322388
v 376.174713 433.389709 523.796631
v 376.738525 431.116364 523.659790
v 377.113953 433.389709 524.101990
v 377.113953 444.456696 524.101990
v 375.611145 431.116364 523.659790
v 374.699005 431.116364 524.322388
v 374.699005 446.730042 524.322388
v 375.235718 433.389709 524.101990
v 375.235718 444.456696 524.101990
v 374.350708 431.116364 525.394470
v 374.350708 446.730042 525.394470
v 374.699005 431.116364 526.466736
v 374.655334 444.456696 525.888123
v 375.611145 431.116364 527.129333
v 375.611145 446.730042 527.129333
v 375.235718 433.389709 526.687134
v 375.235718 444.456696 526.687134
v 376.738525 431.116364 527.129333
v 376.738525 446.730042 527.129333
v 376.174713 433.389709 526.992249
v 377.650452 431.116364 526.466736
v 377.113953 444.456696 526.687134
v 377.694336 444.456696 524.900757
v 377.694336 433.389709 525.888123
v 377.907379 433.165741 524.831543
v 377.907379 448.779175 524.831543
v 377.245667 448.779175 523.920776
v 376.174713 444.680664 523.572632
v 376.174713 448.779175 523.572693
v 375.104004 448.779175 523.920776
v 374.442322 448.779175 524.831543
v 374.442322 448.779175 525.957397
v 375.104004 448.779175 526.868347
v 376.174713 448.779175 527.216248
v 377.245667 448.779175 526.868347
v 377.907379 444.680664 525.957336
v 377.907379 448.779175 525.957397
v 374.442322 433.165741 524.831543
v 374.442322 444.680664 524.831543
v 374.442322 433.165741 525.957336
v 376.174713 444.680664 527.216248
v 377.245667 433.165741 526.868347
v 375.104004 429.067169 526.868347
v 374.442322 429.067169 525.957336
v 374.442322 429.067169 524.831543
v 375.104004 429.067169 523.920776
v 376.174713 429.067169 523.572632
v 377.245667 429.067169 523.920776
v 377.907379 429.067169 524.831543
v 376.174713 429.067169 527.216248
v 377.245667 429.067169 526.868347
v 377.907379 429.067169 525.957336
v 376.174713 433.165741 523.572632
v 377.245667 433.165741 523.920776
v 377.245667 444.680664 523.920776
v 375.104004 433.165741 523.920776
v 375.104004 444.680664 523.920776
v 374.442322 444.680664 525.957336
v 375.104004 433.165741 526.868347
v 375.104004 444.680664 526.868347
v 376.174713 433.165741 527.216248
v 377.245667 444.680664 526.868347
v 377.907379 444.680664 524.831543
v 377.907379 433.165741 525.957336
v 377.559723 433.277740 524.388245
v 377.886749 433.277740 525.394470
v 377.559723 448.891235 524.388245
v 377.886749 448.891235 525.394470
v 376.703827 448.891235 523.766418
v 376.703827 444.568665 523.766418
v 375.645874 444.568665 523.766418
v 375.645874 448.891235 523.766418
v 374.789734 448.891235 524.388245
v 374.462921 448.891235 525.394470
v 374.789734 448.891235 526.400635
v 375.645874 448.891235 527.022705
v 376.703827 448.891235 527.022705
v 377.559723 448.891235 526.400635
v 377.559723 444.568665 526.400635
v 377.886749 444.568665 525.394470
v 374.462921 433.277740 525.394470
v 374.789734 433.277740 524.388245
v 374.789734 444.568665 524.388245
v 374.462921 444.568665 525.394470
v 374.789734 433.277740 526.400635
v 375.645874 444.568665 527.022705
v 376.703827 444.568665 527.022705
v 377.559723 433.277740 526.400635
v 376.703827 433.277740 527.022705
v 374.789734 428.955200 526.400635
v 375.645874 428.955200 527.022705
v 374.462921 428.955200 525.394470
v 374.789734 428.955200 524.388245
v 375.645874 428.955200 523.766418
v 376.703827 428.955200 523.766418
v 377.559723 428.955200 524.388245
v 377.886749 428.955200 525.394470
v 376.703827 428.955200 527.022705
v 377.559723 428.955200 526.400635
v 375.645874 433.277740 523.766418
v 376.703827 433.277740 523.766418
v 377.559723 444.568665 524.388245
v 374.789734 444.568665 526.400635
v 375.645874 433.277740 527.022705
v 378.296021 430.846649 527.444519
v 378.296021 446.999756 527.444519
v 378.296021 438.923187 527.216248
v 374.463806 438.923187 527.216248
v 376.379913 433.240326 527.216248
v 376.379913 444.606110 527.216248
v 376.379913 449.393188 526.503235
v 376.379913 428.453217 526.503235
v 378.296021 430.846649 526.503235
v 374.463806 430.846649 526.503235
v 378.296021 446.999756 526.503235
v 374.463806 446.999756 526.503235
v 376.379913 433.240326 526.503235
v 376.379913 444.606110 526.503235
v 378.296021 428.453217 527.087891
v 378.296021 433.240326 526.859619
v 378.296021 444.606110 526.859619
v 378.296021 449.393188 527.087891
v 374.463806 444.606110 526.859619
v 374.463806 433.240326 526.859619
v 376.379913 449.393188 527.672729
v 376.379913 428.453217 527.672729
v 378.296021 438.923187 527.672729
v 374.463806 428.453217 527.087891
v 374.463806 449.393188 527.087891
v 374.963989 202.619110 524.974182
v 374.963989 202.619110 525.902222
v 374.963989 202.619110 527.700256
v 377.473267 197.353775 527.644226
v 279.868164 204.424347 527.644287
v 168.912003 189.309708 480.604279
v 168.912003 194.763214 480.604279
v 387.684082 189.309708 482.844238
v 168.912003 192.036453 482.844269
v 390.824341 192.036453 482.844238
v 172.052261 194.763214 482.844269
v 279.868164 194.763214 527.644287
v 384.543823 194.763214 505.244263
v 172.052261 189.309708 478.364258
v 279.868164 189.309708 478.364258
v 387.684082 194.763214 478.364258
v 279.868164 194.763214 478.364258
v 172.052261 189.309708 482.844269
v 279.868164 189.309708 482.844269
v 200.576416 189.309708 480.604279
v 359.159912 189.309708 480.604248
v 200.576416 194.763214 480.604279
v 200.576416 192.036453 478.364258
v 359.159912 192.036453 478.364258
v 175.192520 194.763214 505.244263
v 279.868164 194.763214 482.844269
v 387.684082 194.763214 482.844238
v 359.159912 194.763214 480.604248
v 168.912003 189.309708 478.364258
v 390.824341 189.309708 478.364258
v 168.912003 194.763214 478.364258
v 390.824341 194.763214 478.364258
v 370.402710 444.942078 527.644287
v 370.325867 444.865234 539.186340
v 365.922699 208.904327 539.186279
v 175.192520 190.283218 527.644287
v 365.922699 440.462067 539.186340
v 365.922699 208.904327 541.084229
v 365.922699 440.462067 541.084290
v 189.333633 444.942078 527.644348
v 189.333633 204.424347 527.644287
v 370.402710 204.424347 527.644226
v 370.325867 204.501175 539.186279
v 193.813629 208.904327 541.084290
v 384.543823 190.283218 527.644226
v 384.543823 459.083160 527.644287
v 193.813629 440.462067 539.186401
v 193.813629 208.904327 539.186340
v 384.543823 190.283218 541.084229
v 384.543823 459.083160 541.084290
v 193.813629 440.462067 541.084351
v 189.410461 204.501175 539.186340
v 175.192520 459.083160 527.644348
v 175.192520 190.283218 541.084290
v 189.410461 444.865234 539.186401
v 175.192520 459.083160 541.084351
v 374.963989 203.978119 527.700256
v 374.963989 201.259888 527.700256
v 374.963989 201.019302 525.902222
v 374.963989 201.324844 524.974182
v 374.963989 202.124756 524.486084
v 374.963989 203.138123 524.421997
v 374.963989 203.913391 524.974182
v 374.963989 204.218918 525.902222
v 377.491180 203.978119 527.700256
v 377.491180 201.259888 527.700256
v 377.491180 201.019302 525.902222
v 377.491180 201.324844 524.974182
v 377.491180 202.124756 524.486084
v 377.491180 203.138123 524.421997
v 377.491180 203.913391 524.974182
v 377.491180 204.218918 525.902222
v 375.364960 203.138123 524.421997
v 377.090210 203.138123 524.421997
v 377.090210 202.124756 524.486084
v 375.364960 202.124756 524.486084
v 375.364960 203.913391 524.974182
v 377.090210 203.913391 524.974182
v 375.364960 204.218918 525.902222
v 377.090210 204.218918 525.902222
v 375.364960 201.259888 527.700256
v 377.090210 201.259888 527.700256
v 375.364960 201.019302 525.902222
v 377.090210 201.019302 525.902222
v 377.090210 203.978119 527.700256
v 375.364960 203.978119 527.700256
v 375.364960 201.324844 524.974182
v 377.090210 201.324844 524.974182
v 375.364960 203.138123 527.700256
v 377.090210 203.138123 527.700256
v 375.364960 203.138123 526.061218
v 377.090210 203.138123 526.061218
v 375.878143 449.451202 524.481628
v 377.774536 449.003204 525.394470
v 376.471527 449.451202 524.481628
v 376.951355 449.451202 524.830444
v 377.134796 449.451202 525.394470
v 377.774536 433.389709 525.394470
v 376.669098 433.389709 523.873047
v 377.468994 449.003204 524.454102
v 377.468994 433.389709 524.454102
v 376.738525 448.779175 523.659790
v 376.738525 444.680664 523.659790
v 375.611145 448.779175 523.659790
v 375.680359 433.389709 523.873047
v 375.611145 444.680664 523.659790
v 374.880676 449.003204 524.454102
v 374.575134 449.003204 525.394470
v 374.699005 448.779175 526.466736
v 374.699005 444.680664 526.466736
v 375.680359 449.003204 526.916077
v 375.611145 433.165741 527.129333
v 376.669098 449.003204 526.916077
v 377.650452 448.779175 526.466736
v 377.650452 444.680664 526.466736
v 377.650452 444.680664 524.322388
v 377.774536 444.456696 525.394470
v 374.880676 433.389709 526.334778
v 375.680359 444.456696 526.916077
v 377.468994 433.389709 526.334778
v 375.398346 449.451202 524.830200
v 375.214905 449.451202 525.394470
v 375.398346 449.451202 525.958740
v 375.878143 449.451202 526.307495
v 376.471527 449.451202 526.307495
v 376.951355 449.451202 525.958740
v 375.860229 449.451202 525.394470
v 376.489441 449.451202 525.394470
v 376.951355 428.395203 525.958679
v 376.471527 428.395203 526.307495
v 375.878143 428.395203 526.307495
v 375.398346 428.395203 525.958679
v 375.214905 428.395203 525.394470
v 375.398346 428.395203 524.830200
v 377.468994 428.843201 526.334778
v 376.669098 428.843201 526.916077
v 375.680359 428.843201 526.916077
v 374.880676 428.843201 526.334778
v 374.575134 428.843201 525.394470
v 374.880676 428.843201 524.454102
v 375.680359 428.843201 523.873047
v 376.669098 428.843201 523.873047
v 377.468994 428.843201 524.454102
v 377.134796 428.395203 525.394470
v 376.951355 428.395203 524.830200
v 376.471527 428.395203 524.481628
v 377.774536 428.843201 525.394470
v 375.878143 428.395203 524.481628
v 375.860229 428.395203 525.394470
v 376.489441 428.395203 525.394470
v 377.998962 433.165741 525.394470
v 377.650452 433.165741 524.322388
v 377.650452 448.779175 524.322388
v 377.998962 448.779175 525.394470
v 376.669098 449.003204 523.873047
v 375.680359 444.456696 523.873047
v 376.669098 444.456696 523.873047
v 375.680359 449.003204 523.873047
v 374.699005 448.779175 524.322388
v 374.350708 448.779175 525.394470
v 374.880676 449.003204 526.334778
v 375.611145 448.779175 527.129333
v 376.738525 448.779175 527.129333
v 377.468994 449.003204 526.334778
v 377.468994 444.456696 526.334778
v 377.998962 444.680664 525.394470
v 374.350708 433.165741 525.394470
v 374.699005 433.165741 524.322388
v 374.350708 444.680664 525.394470
v 374.699005 444.680664 524.322388
v 374.699219 433.165741 526.466736
v 376.738525 444.680664 527.129333
v 375.611145 444.680664 527.129333
v 376.738525 433.165741 527.129333
v 377.650452 433.165741 526.466736
v 375.611145 429.067169 527.129333
v 374.699005 429.067169 526.466736
v 374.350708 429.067169 525.394470
v 374.699005 429.067169 524.322388
v 375.611145 429.067169 523.659790
v 376.738525 429.067169 523.659790
v 377.650452 429.067169 524.322388
v 377.998962 429.067169 525.394470
v 376.738525 429.067169 527.129333
v 377.650452 429.067169 526.466736
v 375.611145 433.165741 523.659790
v 376.738525 433.165741 523.659790
v 377.468994 444.456696 524.454102
v 374.880676 444.456696 526.334778
v 375.680359 433.389709 526.916077
v 374.575134 433.389709 525.394470
v 374.880676 433.389709 524.454102
v 374.575134 444.456696 525.394470
v 374.880676 444.456696 524.454102
v 376.669098 444.456696 526.916077
v 376.669098 433.389709 526.916077
v 378.296021 449.393188 527.672729
v 378.296021 428.453217 527.672729
v 378.296021 444.606110 527.216248
v 378.296021 433.240326 527.216248
v 374.463806 444.606110 527.216248
v 374.463806 433.240326 527.216248
v 374.463806 449.393188 527.672729
v 374.463806 428.453217 527.672729
v 374.463806 449.393188 526.503235
v 378.296021 449.393188 526.503235
v 374.463806 428.453217 526.503235
v 378.296021 428.453217 526.503235
v 378.296021 444.606110 526.503235
v 378.296021 433.240326 526.503235
v 374.463806 444.606110 526.503235
v 374.463806 433.240326 526.503235
v 390.824341 189.309708 482.844238
v 168.912003 189.309708 482.844269
v 390.824341 194.763214 482.844238
v 168.912003 194.763214 482.844269
v 175.192520 194.763214 527.644287
v 384.543823 194.763214 527.644226
v 384.543823 194.763214 482.844238
v 200.576416 189.309708 478.364258
v 359.159912 189.309708 478.364258
v 359.159912 194.763214 478.364258
v 200.576416 194.763214 478.364258
v 200.576416 189.309708 482.844269
v 359.159912 189.309708 482.844238
v 175.192520 194.763214 482.844269
v 374.963989 201.259888 527.700256
v 374.963989 201.099518 526.732117
v 374.963989 201.019302 525.902222
v 374.963989 201.099518 525.349121
v 374.963989 201.324844 524.974182
v 374.963989 201.679886 524.678284
v 374.963989 202.124756 524.486084
v 374.963989 202.619110 524.421997
v 374.963989 203.138123 524.421997
v 374.963989 203.138123 524.421997
v 374.963989 203.558121 524.678284
v 374.963989 203.913391 524.974182
v 374.963989 204.138733 525.349121
v 374.963989 204.218918 525.902222
v 374.963989 204.138733 526.732117
v 374.963989 203.978119 527.700256
v 377.491180 201.259888 527.700256
v 377.491180 201.099518 526.732117
v 377.491180 201.019302 525.902222
v 377.491180 201.099518 525.349121
v 377.491180 201.324844 524.974182
v 377.491180 201.679886 524.678284
v 377.491180 202.124756 524.486084
v 377.491180 202.619110 524.421997
v 377.491180 203.138123 524.421997
v 377.491180 203.138123 524.421997
v 377.491180 203.558121 524.678284
v 377.491180 203.913391 524.974182
v 377.491180 204.138733 525.349121
v 377.491180 204.218918 525.902222
v 377.491180 204.138733 526.732117
v 377.491180 203.978119 527.700256
v 377.090210 203.138123 524.421997
v 377.090210 203.138123 524.421997
v 377.090210 203.138123 524.421997
v 377.290710 203.138123 524.421997
v 375.364960 203.138123 524.421997
v 375.364960 203.138123 524.421997
v 375.364960 203.138123 524.421997
v 375.164490 203.138123 524.421997
v 376.227600 203.138123 524.421997
v 375.364960 203.913391 524.974182
v 375.364960 203.558121 524.678284
v 377.090210 203.913391 524.974182
v 377.090210 203.558121 524.678284
v 375.364960 204.218918 525.902222
v 375.364960 204.138733 525.349121
v 377.090210 204.218918 525.902222
v 377.090210 204.138733 525.349121
v 375.364960 203.978119 527.700256
v 375.364960 204.138733 526.732117
v 377.090210 203.978119 527.700256
v 377.090210 204.138733 526.732117
v 375.364960 203.138123 526.061218
v 375.364960 203.138123 526.880615
v 375.364960 203.138123 527.700256
v 377.090210 203.138123 526.061218
v 377.090210 203.138123 525.241638
v 375.364960 203.138123 525.241638
v 377.090210 203.138123 526.880615
v 377.090210 203.138123 527.700256
v 375.878143 449.451202 524.481628
v 376.174713 449.451202 524.435730
v 376.471527 449.451202 524.481628
v 376.738312 449.451202 524.618958
v 376.951355 449.451202 524.830444
v 377.086639 449.451202 525.098328
v 377.134796 449.451202 525.394470
v 377.774536 433.389709 525.394470
v 377.694336 433.389709 524.900757
v 377.468994 433.389709 524.454102
v 377.468994 449.003204 524.454102
v 377.694336 449.003204 524.900757
v 377.774536 449.003204 525.394470
v 376.669098 449.003204 523.873047
v 377.113953 449.003204 524.101990
v 375.680359 444.456696 523.873047
v 376.174713 444.456696 523.796631
v 376.669098 444.456696 523.873047
v 375.680359 449.003204 523.873047
v 376.174713 449.003204 523.796631
v 374.880676 449.003204 524.454102
v 375.235718 449.003204 524.101990
v 374.575134 449.003204 525.394470
v 374.655334 449.003204 524.900757
v 374.880676 449.003204 526.334778
v 374.655334 449.003204 525.888123
v 375.680359 449.003204 526.916077
v 375.235718 449.003204 526.687134
v 376.669098 449.003204 526.916077
v 376.174713 449.003204 526.992249
v 377.468994 449.003204 526.334778
v 377.113953 449.003204 526.687134
v 377.468994 444.456696 526.334778
v 377.694336 444.456696 525.888123
v 377.774536 444.456696 525.394470
v 377.694336 449.003204 525.888123
v 374.575134 433.389709 525.394470
v 374.655334 433.389709 524.900757
v 374.880676 433.389709 524.454102
v 374.575134 444.456696 525.394470
v 374.655334 444.456696 524.900757
v 374.880676 444.456696 524.454102
v 374.880676 433.389709 526.334778
v 374.655334 433.389709 525.888123
v 376.669098 444.456696 526.916077
v 376.174713 444.456696 526.992249
v 375.680359 444.456696 526.916077
v 376.669098 433.389709 526.916077
v 377.113953 433.389709 526.687134
v 377.468994 433.389709 526.334778
v 375.398346 449.451202 524.830200
v 375.611359 449.451202 524.618958
v 375.214905 449.451202 525.394470
v 375.263062 449.451202 525.098328
v 375.398346 449.451202 525.958740
v 375.263062 449.451202 525.690796
v 375.878143 449.451202 526.307495
v 375.611359 449.451202 526.170166
v 376.471527 449.451202 526.307495
v 376.174713 449.451202 526.353149
v 376.951355 449.451202 525.958740
v 376.738312 449.451202 526.170166
v 377.086639 449.451202 525.690796
v 375.680359 428.843201 526.916077
v 375.235718 428.843201 526.687134
v 374.880676 428.843201 526.334778
v 374.655334 428.843201 525.888123
v 374.575134 428.843201 525.394470
v 374.655334 428.843201 524.900757
v 374.880676 428.843201 524.454102
v 375.235718 428.843201 524.101990
v 375.680359 428.843201 523.873047
v 376.174713 428.843201 523.796631
v 376.669098 428.843201 523.873047
v 377.113953 428.843201 524.101990
v 377.468994 428.843201 524.454102
v 377.694336 428.843201 524.900757
v 377.774536 428.843201 525.394470
v 376.951355 428.395203 524.830200
v 377.086639 428.395203 525.098328
v 377.134796 428.395203 525.394470
v 376.471527 428.395203 524.481628
v 376.738312 428.395203 524.618958
v 375.878143 428.395203 524.481628
v 376.174713 428.395203 524.435730
v 376.669098 428.843201 526.916077
v 376.174713 428.843201 526.992249
v 377.468994 428.843201 526.334778
v 377.113953 428.843201 526.687134
v 377.694336 428.843201 525.888123
v 375.398346 428.395203 524.830200
v 375.611359 428.395203 524.618958
v 375.214905 428.395203 525.394470
v 375.263062 428.395203 525.098328
v 375.398346 428.395203 525.958679
v 375.263062 428.395203 525.690796
v 375.878143 428.395203 526.307495
v 375.611359 428.395203 526.170166
v 376.471527 428.395203 526.307495
v 376.174713 428.395203 526.353149
v 376.951355 428.395203 525.958679
v 376.738312 428.395203 526.170166
v 377.086639 428.395203 525.690796
v 375.680359 433.389709 523.873047
v 376.174713 433.389709 523.796631
v 376.669098 433.389709 523.873047
v 377.113953 433.389709 524.101990
v 377.113953 444.456696 524.101990
v 377.468994 444.456696 524.454102
v 375.235718 433.389709 524.101990
v 375.235718 444.456696 524.101990
v 374.880676 444.456696 526.334778
v 374.655334 444.456696 525.888123
v 375.235718 433.389709 526.687134
v 375.680359 433.389709 526.916077
v 375.235718 444.456696 526.687134
v 376.174713 433.389709 526.992249
v 377.113953 444.456696 526.687134
v 377.694336 444.456696 524.900757
v 377.694336 433.389709 525.888123
v 377.998962 433.165741 525.394470
v 377.907379 433.165741 524.831543
v 377.650452 433.165741 524.322388
v 377.650452 448.779175 524.322388
v 377.907379 448.779175 524.831543
v 377.998962 448.779175 525.394470
v 376.738525 448.779175 523.659790
v 377.245667 448.779175 523.920776
v 375.611145 444.680664 523.659790
v 376.174713 444.680664 523.572632
v 376.738525 444.680664 523.659790
v 375.611145 448.779175 523.659790
v 376.174713 448.779175 523.572693
v 374.699005 448.779175 524.322388
v 375.104004 448.779175 523.920776
v 374.350708 448.779175 525.394470
v 374.442322 448.779175 524.831543
v 374.699005 448.779175 526.466736
v 374.442322 448.779175 525.957397
v 375.611145 448.779175 527.129333
v 375.104004 448.779175 526.868347
v 376.738525 448.779175 527.129333
v 376.174713 448.779175 527.216248
v 377.650452 448.779175 526.466736
v 377.245667 448.779175 526.868347
v 377.650452 444.680664 526.466736
v 377.907379 444.680664 525.957336
v 377.998962 444.680664 525.394470
v 377.907379 448.779175 525.957397
v 374.350708 433.165741 525.394470
v 374.442322 433.165741 524.831543
v 374.699005 433.165741 524.322388
v 374.350708 444.680664 525.394470
v 374.442322 444.680664 524.831543
v 374.699005 444.680664 524.322388
v 374.699219 433.165741 526.466736
v 374.442322 433.165741 525.957336
v 376.738525 444.680664 527.129333
v 376.174713 444.680664 527.216248
v 375.611145 444.680664 527.129333
v 376.738525 433.165741 527.129333
v 377.245667 433.165741 526.868347
v 377.650452 433.165741 526.466736
v 375.611145 429.067169 527.129333
v 375.104004 429.067169 526.868347
v 374.699005 429.067169 526.466736
v 374.442322 429.067169 525.957336
v 374.350708 429.067169 525.394470
v 374.442322 429.067169 524.831543
v 374.699005 429.067169 524.322388
v 375.104004 429.067169 523.920776
v 375.611145 429.067169 523.659790
v 376.174713 429.067169 523.572632
v 376.738525 429.067169 523.659790
v 377.245667 429.067169 523.920776
v 377.650452 429.067169 524.322388
v 377.907379 429.067169 524.831543
v 377.998962 429.067169 525.394470
v 376.738525 429.067169 527.129333
v 376.174713 429.067169 527.216248
v 377.650452 429.067169 526.466736
v 377.245667 429.067169 526.868347
v 377.907379 429.067169 525.957336
v 375.611145 433.165741 523.659790
v 376.174713 433.165741 523.572632
v 376.738525 433.165741 523.659790
v 377.245667 433.165741 523.920776
v 377.245667 444.680664 523.920776
v 377.650452 444.680664 524.322388
v 375.104004 433.165741 523.920776
v 375.104004 444.680664 523.920776
v 374.699005 444.680664 526.466736
v 374.442322 444.680664 525.957336
v 375.104004 433.165741 526.868347
v 375.611145 433.165741 527.129333
v 375.104004 444.680664 526.868347
v 376.174713 433.165741 527.216248
v 377.245667 444.680664 526.868347
v 377.907379 444.680664 524.831543
v 377.907379 433.165741 525.957336
v 376.379913 449.393188 526.503235
v 374.463806 449.393188 526.503235
v 376.379913 428.453217 526.503235
v 374.463806 428.453217 526.503235
vn -1.0000 -0.0000 -0.0066
vn -1.0000 -0.0000 -0.0067
vn -0.0000 -0.0000 -1.0000
vn -0.0000 -1.0000 -0.0066
vn -0.0000 -1.0000 -0.0067
vn -1.0000 -0.0000 -0.0000
vn -0.0000 1.0000 -0.0066
vn -0.0000 1.0000 -0.0067
vn 1.0000 -0.0000 -0.0000
vn -0.0000 -1.0000 -0.0000
vn -0.0000 -0.0000 1.0000
vn 1.0000 -0.0000 -0.0067
vn 1.0000 -0.0000 -0.0066
vn -0.0000 1.0000 -0.0000
vn -0.0000 -0.2651 -0.9642
vn -0.0000 -0.0644 -0.9979
vn -0.0000 0.5208 -0.8537
vn -0.0000 0.5820 -0.8132
vn -0.0000 0.7592 -0.6508
vn -0.0000 0.9419 -0.3359
vn -0.0000 0.9997 -0.0238
vn -0.0000 -0.9866 0.1634
vn -0.0000 -0.9915 0.1299
vn -0.0000 -0.9997 -0.0238
vn -0.0000 -0.9419 -0.3359
vn -0.0000 -0.7593 -0.6507
vn -0.0000 0.9915 0.1300
vn -0.0000 0.9865 0.1637
vn -0.0000 -0.5238 -0.8518
vn -0.0000 -0.5238 -0.8519
vn -0.0000 0.7592 -0.6509
vn 0.3091 -0.0000 -0.9510
vn -0.3092 -0.0000 -0.9510
vn 0.9510 -0.0000 0.3091
vn 0.8091 -0.0000 0.5877
vn 0.4640 0.8192 0.3371
vn 0.5460 0.8188 0.1774
vn 0.5459 0.8188 0.1774
vn 0.5736 0.8192 -0.0000
vn 0.5737 0.8191 -0.0000
vn 0.5461 0.8187 0.1775
vn 0.4640 0.8192 0.3370
vn 0.1772 0.8191 0.5455
vn 0.3374 0.8188 0.4644
vn 0.3374 0.8189 0.4642
vn 0.1772 0.8192 0.5454
vn -0.1772 0.8192 0.5455
vn -0.0000 0.8188 0.5740
vn -0.0000 0.8188 0.5741
vn -0.0000 0.8190 0.5738
vn -0.4640 0.8192 0.3371
vn -0.3374 0.8188 0.4644
vn -0.3375 0.8189 0.4642
vn -0.4639 0.8192 0.3371
vn -0.5736 0.8191 -0.0000
vn -0.5461 0.8187 0.1774
vn -0.5460 0.8188 0.1774
vn -0.5458 0.8189 0.1775
vn -0.5735 0.8192 -0.0000
vn -0.4640 0.8192 -0.3371
vn -0.5460 0.8188 -0.1774
vn -0.5458 0.8189 -0.1775
vn -0.4643 0.8190 -0.3371
vn -0.1772 0.8192 -0.5454
vn -0.3375 0.8188 -0.4644
vn -0.3373 0.8189 -0.4643
vn -0.1773 0.8192 -0.5454
vn 0.1772 0.8192 -0.5454
vn -0.0000 0.8189 -0.5740
vn -0.0000 0.8189 -0.5739
vn -0.0000 0.8188 -0.5741
vn 0.1773 0.8192 -0.5454
vn 0.4640 0.8192 -0.3370
vn 0.3375 0.8188 -0.4644
vn 0.3375 0.8189 -0.4643
vn 0.3374 0.8189 -0.4642
vn 0.5459 0.8189 -0.1774
vn 0.5460 0.8187 -0.1776
vn -0.0000 1.0000 -0.0001
vn -0.0000 1.0000 0.0001
vn 0.5461 -0.8188 0.1773
vn 0.4640 -0.8192 0.3371
vn 0.5459 -0.8188 0.1774
vn 0.4639 -0.8193 0.3370
vn 0.5460 -0.8188 0.1775
vn 0.5736 -0.8191 -0.0000
vn 0.5736 -0.8192 -0.0000
vn 0.3375 -0.8188 0.4645
vn 0.1772 -0.8191 0.5456
vn 0.3374 -0.8188 0.4644
vn 0.1772 -0.8192 0.5455
vn 0.3374 -0.8188 0.4645
vn -0.0000 -0.8188 0.5741
vn -0.1772 -0.8191 0.5455
vn -0.1772 -0.8192 0.5454
vn -0.0000 -0.8190 0.5738
vn -0.3375 -0.8188 0.4645
vn -0.4640 -0.8192 0.3371
vn -0.3374 -0.8188 0.4644
vn -0.4639 -0.8193 0.3371
vn -0.3374 -0.8190 0.4641
vn -0.5462 -0.8187 0.1774
vn -0.5736 -0.8191 -0.0000
vn -0.5460 -0.8188 0.1774
vn -0.5735 -0.8192 -0.0000
vn -0.5458 -0.8189 0.1775
vn -0.5461 -0.8187 -0.1774
vn -0.4640 -0.8192 -0.3372
vn -0.5460 -0.8188 -0.1774
vn -0.4639 -0.8192 -0.3371
vn -0.5458 -0.8189 -0.1774
vn -0.3375 -0.8188 -0.4645
vn -0.1772 -0.8192 -0.5455
vn -0.3375 -0.8188 -0.4643
vn -0.1773 -0.8192 -0.5454
vn -0.3373 -0.8190 -0.4642
vn -0.0000 -0.8188 -0.5741
vn 0.1772 -0.8192 -0.5455
vn -0.0000 -0.8189 -0.5739
vn 0.1773 -0.8192 -0.5454
vn 0.3375 -0.8187 -0.4645
vn 0.4641 -0.8192 -0.3371
vn 0.3375 -0.8188 -0.4644
vn 0.4639 -0.8192 -0.3371
vn 0.3373 -0.8190 -0.4643
vn 0.5460 -0.8188 -0.1774
vn 0.5459 -0.8188 -0.1774
vn -0.0000 -1.0000 0.0001
vn -0.0000 -1.0000 -0.0001
vn 0.9510 -0.0000 -0.3092
vn 0.8090 -0.0000 -0.5878
vn 0.5878 -0.0000 -0.8090
vn -0.5877 -0.0000 -0.8091
vn -0.8090 -0.0000 -0.5877
vn -0.9511 -0.0000 -0.3090
vn -0.9510 -0.0000 0.3091
vn -0.9511 -0.0000 0.3089
vn -0.8091 -0.0000 0.5877
vn -0.8087 -0.0000 0.5882
vn -0.5877 -0.0000 0.8091
vn -0.3090 -0.0000 0.9511
vn -0.5878 -0.0000 0.8090
vn 0.3090 -0.0000 0.9511
vn 0.5878 -0.0000 0.8090
vn 0.7064 0.7078 -0.0000
vn 0.6726 0.7070 -0.2186
vn 0.6725 0.7072 -0.2184
vn 0.5718 0.7075 -0.4154
vn 0.5716 0.7076 -0.4153
vn 0.6722 0.7075 -0.2184
vn 0.7063 0.7079 -0.0000
vn 0.7065 0.7077 -0.0000
vn 0.6728 0.7067 -0.2187
vn 0.6726 0.7070 -0.2185
vn 0.5718 0.7074 -0.4155
vn 0.6722 0.7074 -0.2185
vn 0.7068 0.7074 -0.0000
vn 0.4159 0.7067 -0.5724
vn 0.4156 0.7070 -0.5721
vn 0.2185 0.7075 -0.6721
vn 0.2183 0.7076 -0.6720
vn 0.4154 0.7075 -0.5717
vn -0.2184 -0.7074 -0.6722
vn -0.0000 -0.7072 -0.7071
vn -0.0000 -0.7072 -0.7070
vn 0.2184 -0.7075 -0.6721
vn 0.2186 -0.7079 -0.6717
vn -0.0000 -0.7074 -0.7068
vn -0.2185 -0.7075 -0.6721
vn -0.0000 0.7069 -0.7073
vn -0.0000 0.7070 -0.7072
vn -0.2185 0.7073 -0.6723
vn -0.2185 0.7075 -0.6721
vn -0.0000 0.7073 -0.7069
vn -0.4157 0.7069 -0.5723
vn -0.4156 0.7071 -0.5721
vn -0.5717 0.7076 -0.4153
vn -0.5712 0.7081 -0.4151
vn -0.4154 0.7073 -0.5720
vn -0.6729 0.7067 -0.2186
vn -0.6725 0.7072 -0.2181
vn -0.7065 0.7077 -0.0000
vn -0.7063 0.7079 -0.0000
vn -0.6722 0.7074 -0.2185
vn -0.6730 0.7066 0.2186
vn -0.6726 0.7070 0.2185
vn -0.5715 0.7078 0.4152
vn -0.5717 0.7077 0.4152
vn -0.6723 0.7074 0.2184
vn -0.4156 0.7076 0.5715
vn -0.4157 0.7071 0.5720
vn -0.2184 0.7074 0.6723
vn -0.2185 0.7074 0.6722
vn -0.4159 0.7070 0.5720
vn -0.0000 0.7069 0.7073
vn -0.0000 0.7070 0.7072
vn 0.2184 0.7075 0.6722
vn 0.2183 0.7076 0.6720
vn -0.0000 0.7073 0.7069
vn 0.4156 0.7072 0.5720
vn 0.4157 0.7071 0.5720
vn 0.5717 0.7076 0.4153
vn 0.5716 0.7076 0.4154
vn 0.4158 0.7070 0.5722
vn 0.7064 -0.7078 -0.0000
vn 0.6728 -0.7068 0.2186
vn 0.6725 -0.7071 0.2185
vn 0.5716 -0.7076 0.4153
vn 0.5716 -0.7076 0.4154
vn 0.6725 -0.7072 0.2183
vn 0.7067 -0.7075 -0.0000
vn 0.6730 0.7066 0.2187
vn 0.6726 0.7070 0.2187
vn 0.6720 0.7076 0.2183
vn -0.5716 0.7077 -0.4152
vn -0.6727 0.7069 -0.2185
vn -0.6725 0.7071 -0.2183
vn -0.7064 0.7078 -0.0000
vn -0.6722 0.7074 -0.2184
vn -0.5713 0.7081 -0.4150
vn -0.7064 -0.7078 -0.0000
vn -0.6727 -0.7069 -0.2185
vn -0.6725 -0.7071 -0.2183
vn -0.5716 -0.7077 -0.4153
vn -0.5712 -0.7080 -0.4152
vn -0.6722 -0.7074 -0.2185
vn -0.7063 -0.7079 -0.0000
vn -0.6729 0.7068 0.2185
vn -0.6725 0.7071 0.2185
vn -0.5714 0.7077 0.4155
vn 0.2183 -0.7075 0.6722
vn -0.0000 -0.7071 0.7071
vn -0.0000 -0.7072 0.7070
vn -0.2183 -0.7075 0.6722
vn -0.2185 -0.7074 0.6721
vn -0.0000 -0.7074 0.7068
vn 0.2183 -0.7075 0.6721
vn 0.4155 0.7074 0.5718
vn 0.4157 0.7072 0.5719
vn 0.5716 0.7077 0.4153
vn -0.2184 -0.7075 0.6721
vn -0.4153 -0.7074 0.5719
vn -0.4156 -0.7072 0.5720
vn -0.5714 -0.7079 0.4151
vn -0.5713 -0.7079 0.4153
vn -0.4159 -0.7069 0.5722
vn -0.2185 -0.7074 0.6722
vn -0.6728 -0.7069 0.2185
vn -0.6725 -0.7071 0.2185
vn -0.6721 -0.7075 0.2183
vn -0.6726 -0.7070 -0.2185
vn -0.6725 -0.7071 -0.2184
vn -0.5716 -0.7077 -0.4152
vn -0.5713 -0.7080 -0.4152
vn -0.6723 -0.7073 -0.2184
vn -0.4156 -0.7069 -0.5723
vn -0.4155 -0.7071 -0.5722
vn -0.2184 -0.7075 -0.6721
vn -0.2186 -0.7074 -0.6721
vn -0.4155 -0.7074 -0.5718
vn -0.0000 -0.7071 -0.7071
vn 0.2184 -0.7076 -0.6720
vn 0.4157 -0.7069 -0.5723
vn 0.4155 -0.7071 -0.5722
vn 0.5718 -0.7075 -0.4154
vn 0.5717 -0.7075 -0.4155
vn 0.4154 -0.7074 -0.5719
vn 0.6725 -0.7070 -0.2186
vn 0.6725 -0.7071 -0.2185
vn 0.6722 -0.7074 -0.2185
vn 0.2183 -0.7076 0.6720
vn 0.5716 -0.7077 0.4153
vn 0.4154 -0.7074 0.5718
vn 0.4156 -0.7072 0.5720
vn 0.4158 -0.7068 0.5723
vn 0.5717 -0.7075 0.4155
vn 0.6727 -0.7069 0.2187
vn 0.6725 -0.7071 0.2186
vn 0.6721 -0.7076 0.2183
vn 0.2184 0.7076 -0.6720
vn -0.0000 0.7071 -0.7071
vn -0.2184 0.7075 -0.6721
vn -0.2185 0.7075 -0.6720
vn -0.0000 0.7072 -0.7070
vn 0.2183 0.7077 -0.6719
vn 0.4158 0.7069 -0.5722
vn 0.4156 0.7072 -0.5720
vn 0.4154 0.7075 -0.5718
vn 0.4158 -0.7069 -0.5722
vn 0.4156 -0.7072 -0.5720
vn 0.5716 -0.7076 -0.4153
vn -0.4156 0.7068 -0.5724
vn -0.4155 0.7071 -0.5722
vn -0.4154 0.7075 -0.5717
vn -0.4157 -0.7069 -0.5722
vn -0.4156 -0.7072 -0.5720
vn -0.4156 -0.7073 -0.5719
vn -0.5718 -0.7077 0.4150
vn -0.6728 -0.7068 0.2185
vn -0.5717 -0.7076 0.4153
vn -0.4155 0.7073 0.5719
vn -0.4156 0.7072 0.5719
vn -0.2184 0.7076 0.6721
vn -0.2185 0.7075 0.6721
vn -0.4158 0.7070 0.5721
vn -0.4155 -0.7075 0.5717
vn -0.4157 -0.7073 0.5718
vn -0.4159 -0.7071 0.5720
vn -0.0000 0.7071 0.7071
vn -0.0000 0.7072 0.7070
vn 0.4155 -0.7074 0.5718
vn 0.4157 -0.7073 0.5718
vn 0.4157 -0.7069 0.5723
vn 0.6726 -0.7069 -0.2186
vn 0.6725 -0.7071 -0.2184
vn 0.6722 -0.7074 -0.2184
vn 0.6728 0.7068 0.2186
vn 0.6725 0.7071 0.2186
vn 0.6720 0.7077 0.2182
vn 0.7071 -0.7071 -0.0000
vn -0.7071 -0.7071 -0.0000
vn -0.7071 0.7071 -0.0000
vn -0.7071 -0.0000 -0.7071
vn 0.7071 -0.0000 -0.7071
vn 0.7071 0.7071 -0.0000
vn -0.0000 0.9865 0.1636
vn -0.0000 -0.7593 -0.6508
vn 0.4642 0.8190 0.3372
vn 0.1771 0.8193 0.5454
vn -0.1772 0.8193 0.5452
vn -0.4642 0.8191 0.3372
vn -0.4640 0.8192 -0.3372
vn -0.1774 0.8192 -0.5455
vn 0.1773 0.8191 -0.5455
vn 0.4640 0.8191 -0.3372
vn 0.4642 -0.8190 0.3373
vn 0.5737 -0.8191 -0.0000
vn 0.1771 -0.8192 0.5455
vn -0.4642 -0.8190 0.3373
vn -0.4640 -0.8191 -0.3373
vn -0.1774 -0.8190 -0.5456
vn 0.1773 -0.8190 -0.5457
vn 0.4641 -0.8191 -0.3373
vn -0.8090 -0.0000 -0.5878
vn -0.8088 -0.0000 0.5881
vn 0.5718 0.7074 -0.4154
vn 0.7066 0.7076 -0.0000
vn 0.5719 0.7074 -0.4153
vn 0.2186 0.7074 -0.6722
vn 0.2185 -0.7074 -0.6722
vn -0.2186 0.7072 -0.6723
vn -0.5720 0.7072 -0.4156
vn -0.7066 0.7076 -0.0000
vn -0.5716 0.7076 0.4154
vn -0.2184 0.7073 0.6723
vn 0.2184 0.7073 0.6723
vn 0.5716 0.7076 0.4153
vn 0.5715 -0.7077 0.4154
vn -0.5718 0.7074 -0.4154
vn -0.7064 0.7079 -0.0000
vn -0.7064 -0.7079 -0.0000
vn -0.5718 -0.7074 -0.4156
vn -0.5719 0.7072 0.4157
vn 0.2183 -0.7074 0.6722
vn -0.2184 -0.7075 0.6722
vn 0.2184 0.7075 0.6721
vn 0.5721 0.7075 0.4149
vn -0.2184 -0.7077 0.6719
vn -0.5714 -0.7077 0.4155
vn -0.5718 -0.7076 -0.4152
vn -0.2185 -0.7077 -0.6719
vn 0.2185 -0.7077 -0.6718
vn 0.5718 -0.7075 -0.4153
vn 0.7063 -0.7079 -0.0000
vn 0.2182 -0.7074 0.6723
vn 0.5714 -0.7079 0.4151
vn 0.2185 0.7076 -0.6720
vn 0.5718 -0.7073 -0.4156
vn -0.5714 -0.7078 0.4153
vn -0.2184 0.7076 0.6720
vn 0.5774 -0.5774 -0.5774
vn -0.5774 0.5774 -0.5774
vn -0.5774 -0.5774 -0.5774
vn 0.5774 0.5774 -0.5773
vt 0.845300 0.765300
vt 0.855300 0.558600
vt 0.855300 0.765300
vt 0.865200 0.558700
vt 0.865200 0.765300
vt 0.865200 0.971900
vt 0.855300 0.972000
vt 0.771500 0.812300
vt 0.767800 0.964100
vt 0.767800 0.812300
vt 0.764000 0.960300
vt 0.764000 0.812300
vt 0.764000 0.664400
vt 0.767800 0.660600
vt 0.869000 0.562400
vt 0.869000 0.765300
vt 0.872800 0.566200
vt 0.872800 0.765300
vt 0.872800 0.964400
vt 0.869000 0.968100
vt 0.791400 0.812300
vt 0.781500 0.967900
vt 0.781500 0.812300
vt 0.771500 0.967900
vt 0.771500 0.656800
vt 0.781500 0.656700
vt 0.874400 0.765300
vt 0.874400 0.566200
vt 0.876000 0.765300
vt 0.876000 0.964400
vt 0.874400 0.964400
vt 0.665200 0.812300
vt 0.675200 0.656700
vt 0.675200 0.812300
vt 0.685100 0.656800
vt 0.685100 0.812300
vt 0.685100 0.967900
vt 0.675200 0.967900
vt 0.942400 0.566200
vt 0.944100 0.765300
vt 0.942400 0.765300
vt 0.942400 0.964400
vt 0.940800 0.765300
vt 0.762300 0.960300
vt 0.762300 0.812300
vt 0.760700 0.812300
vt 0.762300 0.664400
vt 0.892000 0.765300
vt 0.876000 0.566200
vt 0.892000 0.550200
vt 0.908000 0.765300
vt 0.892000 0.980400
vt 0.947900 0.562400
vt 0.951600 0.765300
vt 0.947900 0.765300
vt 0.947900 0.968100
vt 0.944100 0.964400
vt 0.944100 0.566200
vt 0.961600 0.558600
vt 0.971500 0.765300
vt 0.961600 0.765300
vt 0.961600 0.972000
vt 0.951600 0.971900
vt 0.951600 0.558700
vt 0.692700 0.812300
vt 0.694300 0.664400
vt 0.694300 0.812300
vt 0.695900 0.812300
vt 0.694300 0.960300
vt 0.983600 0.765300
vt 0.971500 0.558500
vt 0.983600 0.546400
vt 0.995800 0.765300
vt 0.983700 0.984200
vt 0.971500 0.972100
vt 0.833200 0.765300
vt 0.845300 0.558500
vt 0.845400 0.972100
vt 0.833200 0.984200
vt 0.821000 0.765300
vt 0.833200 0.546400
vt 0.924800 0.765300
vt 0.940800 0.566200
vt 0.940800 0.964400
vt 0.924800 0.980400
vt 0.908800 0.765300
vt 0.924800 0.550200
vt 0.711900 0.812300
vt 0.695900 0.664400
vt 0.711900 0.648400
vt 0.727900 0.812300
vt 0.711900 0.976300
vt 0.695900 0.960300
vt 0.803500 0.812300
vt 0.791400 0.656700
vt 0.803500 0.644500
vt 0.815700 0.812300
vt 0.803500 0.980200
vt 0.791400 0.968000
vt 0.744700 0.812300
vt 0.760700 0.960300
vt 0.744700 0.976300
vt 0.728700 0.812300
vt 0.744700 0.648400
vt 0.760700 0.664400
vt 0.688900 0.660600
vt 0.688900 0.812300
vt 0.692700 0.664400
vt 0.692700 0.960300
vt 0.688900 0.964100
vt 0.653100 0.812300
vt 0.665200 0.968000
vt 0.653100 0.980200
vt 0.640900 0.812300
vt 0.653100 0.644500
vt 0.665200 0.656700
vt 0.586100 0.926000
vt 0.595200 0.928600
vt 0.587500 0.928600
vt 0.597900 0.931100
vt 0.588800 0.931100
vt 0.579700 0.928600
vt 0.579700 0.926000
vt 0.587500 0.826600
vt 0.597900 0.824100
vt 0.595200 0.826600
vt 0.586100 0.829100
vt 0.579700 0.829100
vt 0.579700 0.826600
vt 0.588800 0.824100
vt 0.597900 0.877600
vt 0.615900 0.824100
vt 0.615900 0.877600
vt 0.634000 0.877600
vt 0.615900 0.931100
vt 0.597900 0.960400
vt 0.615900 0.937900
vt 0.615900 0.960400
vt 0.634000 0.960400
vt 0.615900 0.983000
vt 0.597900 0.794800
vt 0.615900 0.772300
vt 0.615900 0.794800
vt 0.634000 0.794800
vt 0.615900 0.817400
vt 0.597900 0.934500
vt 0.615900 0.934500
vt 0.634000 0.934500
vt 0.634000 0.820700
vt 0.615900 0.820700
vt 0.597900 0.820700
vt 0.595200 0.877600
vt 0.592600 0.877600
vt 0.597900 0.766700
vt 0.615900 0.761200
vt 0.615900 0.766700
vt 0.634000 0.766700
vt 0.634000 0.988500
vt 0.615900 0.994000
vt 0.615900 0.988500
vt 0.597900 0.988500
vt 0.709100 0.581800
vt 0.711000 0.586700
vt 0.709100 0.586700
vt 0.709100 0.591500
vt 0.707200 0.586700
vt 0.711000 0.596200
vt 0.709100 0.596200
vt 0.709100 0.600700
vt 0.707200 0.596200
vt 0.711000 0.605000
vt 0.709100 0.605000
vt 0.709100 0.610500
vt 0.707200 0.605000
vt 0.709100 0.545600
vt 0.711000 0.554900
vt 0.709100 0.554900
vt 0.709100 0.562900
vt 0.707200 0.554900
vt 0.711000 0.568300
vt 0.709100 0.568300
vt 0.709100 0.572600
vt 0.707200 0.568300
vt 0.711000 0.618500
vt 0.709100 0.618500
vt 0.709200 0.627700
vt 0.707300 0.618500
vt 0.711000 0.577100
vt 0.709100 0.577100
vt 0.707200 0.577100
vt 0.569300 0.589200
vt 0.560200 0.602000
vt 0.560200 0.589200
vt 0.560200 0.576400
vt 0.569300 0.574900
vt 0.577100 0.589200
vt 0.569300 0.603500
vt 0.582300 0.603500
vt 0.582300 0.589200
vt 0.582300 0.574900
vt 0.585900 0.577000
vt 0.585900 0.589200
vt 0.585900 0.601400
vt 0.588600 0.598000
vt 0.588600 0.589200
vt 0.588600 0.580400
vt 0.591100 0.584300
vt 0.591100 0.589200
vt 0.591100 0.594100
vt 0.729100 0.581800
vt 0.731000 0.586700
vt 0.729100 0.586700
vt 0.729100 0.591600
vt 0.727200 0.586700
vt 0.719100 0.581800
vt 0.719100 0.586700
vt 0.719100 0.591500
vt 0.731000 0.596200
vt 0.729100 0.596200
vt 0.729100 0.600700
vt 0.727200 0.596200
vt 0.731000 0.605000
vt 0.729100 0.605000
vt 0.729200 0.610500
vt 0.727300 0.605000
vt 0.729200 0.545600
vt 0.731100 0.554900
vt 0.729200 0.554900
vt 0.729200 0.562900
vt 0.727300 0.554900
vt 0.719200 0.545600
vt 0.719100 0.554900
vt 0.719100 0.562900
vt 0.731000 0.568300
vt 0.729200 0.568300
vt 0.729100 0.572600
vt 0.727300 0.568300
vt 0.719100 0.568300
vt 0.719100 0.572600
vt 0.731000 0.618400
vt 0.729200 0.618400
vt 0.729200 0.627700
vt 0.727300 0.618400
vt 0.731000 0.577100
vt 0.729100 0.577100
vt 0.727300 0.577100
vt 0.719100 0.577100
vt 0.585400 0.783200
vt 0.577700 0.775100
vt 0.585400 0.775100
vt 0.585400 0.767000
vt 0.593200 0.775100
vt 0.570000 0.783200
vt 0.562300 0.775100
vt 0.570000 0.775100
vt 0.570000 0.767000
vt 0.141000 0.755900
vt 0.137600 0.752700
vt 0.141500 0.751200
vt 0.147400 0.755600
vt 0.148200 0.760600
vt 0.140500 0.760700
vt 0.135200 0.756700
vt 0.377700 0.739000
vt 0.371100 0.742300
vt 0.371400 0.737600
vt 0.367500 0.740200
vt 0.365700 0.735900
vt 0.371600 0.732800
vt 0.379200 0.734100
vt 0.386900 0.735400
vt 0.393800 0.740500
vt 0.385400 0.739900
vt 0.393200 0.744400
vt 0.383900 0.744400
vt 0.155200 0.755900
vt 0.163600 0.752700
vt 0.163600 0.756700
vt 0.155900 0.760600
vt 0.154500 0.751200
vt 0.498500 0.629300
vt 0.492900 0.610000
vt 0.498500 0.610000
vt 0.492900 0.590700
vt 0.498500 0.590700
vt 0.504100 0.590700
vt 0.504100 0.610000
vt 0.465000 0.629300
vt 0.459400 0.610000
vt 0.465000 0.610000
vt 0.465000 0.590700
vt 0.470600 0.610000
vt 0.470600 0.629300
vt 0.644500 0.568700
vt 0.639600 0.566200
vt 0.643100 0.565300
vt 0.642700 0.561600
vt 0.646200 0.561700
vt 0.646500 0.564400
vt 0.647600 0.566800
vt 0.650200 0.573400
vt 0.644700 0.574200
vt 0.647000 0.571500
vt 0.649300 0.568800
vt 0.651600 0.570100
vt 0.657700 0.574200
vt 0.653400 0.578000
vt 0.653900 0.574400
vt 0.654300 0.570800
vt 0.657100 0.570600
vt 0.665000 0.571100
vt 0.663000 0.576400
vt 0.661400 0.572900
vt 0.659700 0.569500
vt 0.661900 0.567700
vt 0.667300 0.562000
vt 0.670800 0.566700
vt 0.667000 0.565900
vt 0.666000 0.569900
vt 0.663200 0.565100
vt 0.663600 0.562300
vt 0.664700 0.554800
vt 0.670000 0.556900
vt 0.666500 0.558200
vt 0.663100 0.559500
vt 0.661800 0.557100
vt 0.658600 0.550600
vt 0.664100 0.549300
vt 0.662000 0.552200
vt 0.659900 0.555200
vt 0.657500 0.554000
vt 0.651300 0.550500
vt 0.655000 0.546400
vt 0.654900 0.550000
vt 0.654900 0.553600
vt 0.652300 0.553900
vt 0.645200 0.554700
vt 0.645900 0.549200
vt 0.647900 0.552200
vt 0.649900 0.555100
vt 0.648000 0.556900
vt 0.640100 0.556700
vt 0.643400 0.557900
vt 0.646800 0.559200
vt 0.654700 0.562100
vt 0.657400 0.566400
vt 0.654500 0.566400
vt 0.651800 0.566100
vt 0.654900 0.557800
vt 0.657600 0.558100
vt 0.652100 0.558000
vt 0.649400 0.558500
vt 0.651900 0.562000
vt 0.649100 0.561900
vt 0.649100 0.565300
vt 0.660300 0.565900
vt 0.657600 0.562200
vt 0.660600 0.562300
vt 0.660400 0.558700
vt 0.641700 0.505200
vt 0.647200 0.504600
vt 0.644600 0.507300
vt 0.649400 0.507400
vt 0.647500 0.509300
vt 0.646400 0.511700
vt 0.643000 0.510600
vt 0.649200 0.499400
vt 0.654100 0.502000
vt 0.650500 0.502800
vt 0.654300 0.505700
vt 0.651700 0.506200
vt 0.658800 0.498900
vt 0.661400 0.503900
vt 0.657900 0.502400
vt 0.659600 0.507100
vt 0.657000 0.506000
vt 0.667200 0.503800
vt 0.667200 0.509400
vt 0.664400 0.506400
vt 0.663100 0.511500
vt 0.661700 0.509100
vt 0.671100 0.515600
vt 0.666200 0.518800
vt 0.667200 0.515000
vt 0.662800 0.517200
vt 0.663400 0.514400
vt 0.667700 0.510900
vt 0.666900 0.524500
vt 0.661300 0.524600
vt 0.664200 0.522100
vt 0.659400 0.521500
vt 0.661400 0.519600
vt 0.658700 0.529500
vt 0.654100 0.526400
vt 0.657800 0.526000
vt 0.654200 0.522900
vt 0.656900 0.522500
vt 0.649200 0.529000
vt 0.647200 0.523900
vt 0.650400 0.525700
vt 0.649300 0.521100
vt 0.651700 0.522300
vt 0.641700 0.523300
vt 0.642900 0.517900
vt 0.644600 0.521200
vt 0.646300 0.516900
vt 0.647500 0.519200
vt 0.638800 0.514300
vt 0.642400 0.514300
vt 0.646000 0.514300
vt 0.658400 0.511200
vt 0.654500 0.514300
vt 0.655800 0.510100
vt 0.653000 0.509500
vt 0.653100 0.518300
vt 0.650500 0.517200
vt 0.655700 0.519000
vt 0.648200 0.515800
vt 0.649100 0.512500
vt 0.651800 0.513400
vt 0.650300 0.509300
vt 0.660900 0.512700
vt 0.660000 0.516200
vt 0.657200 0.515200
vt 0.658500 0.519400
vt 0.525400 0.996500
vt 0.520300 0.978600
vt 0.525400 0.978600
vt 0.525400 0.960600
vt 0.530600 0.978600
vt 0.535800 0.996500
vt 0.535800 0.978600
vt 0.535800 0.960600
vt 0.541000 0.978600
vt 0.487300 0.629300
vt 0.481700 0.610000
vt 0.487300 0.610000
vt 0.487300 0.590700
vt 0.546200 0.996500
vt 0.546200 0.978600
vt 0.546200 0.960600
vt 0.551400 0.978600
vt 0.556500 0.996500
vt 0.556500 0.978600
vt 0.556500 0.960600
vt 0.561700 0.978600
vt 0.509600 0.629300
vt 0.509600 0.610000
vt 0.509600 0.590700
vt 0.515200 0.610000
vt 0.566900 0.996500
vt 0.566900 0.978600
vt 0.566900 0.960600
vt 0.572100 0.978600
vt 0.520800 0.629300
vt 0.520800 0.610000
vt 0.520800 0.590700
vt 0.526400 0.590700
vt 0.526400 0.610000
vt 0.577300 0.996500
vt 0.577300 0.978600
vt 0.577300 0.960600
vt 0.582500 0.978600
vt 0.582500 0.996500
vt 0.531900 0.610000
vt 0.526400 0.629300
vt 0.531900 0.590700
vt 0.537500 0.610000
vt 0.531900 0.629300
vt 0.431600 0.629300
vt 0.426000 0.610000
vt 0.431600 0.610000
vt 0.431600 0.590700
vt 0.437100 0.610000
vt 0.484000 0.978600
vt 0.478800 0.996500
vt 0.478800 0.978600
vt 0.484000 0.960600
vt 0.489200 0.978600
vt 0.484000 0.996500
vt 0.442700 0.629300
vt 0.442700 0.610000
vt 0.442700 0.590700
vt 0.448300 0.610000
vt 0.448300 0.629300
vt 0.494300 0.996500
vt 0.494300 0.978600
vt 0.494300 0.960600
vt 0.499500 0.978600
vt 0.453900 0.629300
vt 0.453900 0.610000
vt 0.453900 0.590700
vt 0.504700 0.996500
vt 0.504700 0.978600
vt 0.504700 0.960600
vt 0.509900 0.978600
vt 0.476200 0.629300
vt 0.476200 0.610000
vt 0.470600 0.590700
vt 0.476200 0.590700
vt 0.515100 0.996500
vt 0.515100 0.978600
vt 0.515100 0.960600
vt 0.748400 0.620900
vt 0.747800 0.626500
vt 0.749200 0.626000
vt 0.751500 0.630600
vt 0.752700 0.629800
vt 0.750600 0.625600
vt 0.749900 0.620900
vt 0.637600 0.561300
vt 0.637200 0.555600
vt 0.638700 0.556100
vt 0.641200 0.551500
vt 0.642400 0.552500
vt 0.639100 0.561400
vt 0.644200 0.546700
vt 0.645100 0.548000
vt 0.649800 0.545700
vt 0.650200 0.547100
vt 0.665200 0.620300
vt 0.661000 0.624100
vt 0.660600 0.622600
vt 0.655500 0.623500
vt 0.655500 0.622000
vt 0.660100 0.621200
vt 0.664300 0.619100
vt 0.655000 0.543400
vt 0.655000 0.544900
vt 0.660200 0.545700
vt 0.659700 0.547200
vt 0.665800 0.546800
vt 0.664900 0.548000
vt 0.668800 0.551600
vt 0.667600 0.552600
vt 0.672900 0.555700
vt 0.671400 0.556300
vt 0.672700 0.561600
vt 0.671100 0.561700
vt 0.673900 0.567200
vt 0.672300 0.567000
vt 0.671200 0.572400
vt 0.669200 0.571400
vt 0.668600 0.575400
vt 0.664300 0.579200
vt 0.663600 0.577800
vt 0.658500 0.579400
vt 0.658300 0.577900
vt 0.667200 0.573700
vt 0.653000 0.581000
vt 0.653200 0.579500
vt 0.648100 0.578100
vt 0.648700 0.576800
vt 0.642700 0.576500
vt 0.643700 0.575300
vt 0.640200 0.571400
vt 0.641500 0.570600
vt 0.639800 0.612100
vt 0.637500 0.607000
vt 0.639000 0.607000
vt 0.639800 0.601900
vt 0.641200 0.602400
vt 0.640500 0.607000
vt 0.641200 0.611700
vt 0.636700 0.566900
vt 0.638100 0.566500
vt 0.778200 0.630600
vt 0.782000 0.626500
vt 0.780600 0.626000
vt 0.781400 0.621000
vt 0.779900 0.620900
vt 0.779200 0.625600
vt 0.777000 0.629800
vt 0.671200 0.601900
vt 0.673400 0.607000
vt 0.672000 0.607000
vt 0.671200 0.612100
vt 0.669800 0.611600
vt 0.670500 0.607000
vt 0.669800 0.602300
vt 0.782100 0.615500
vt 0.780700 0.615900
vt 0.779100 0.610800
vt 0.777100 0.612100
vt 0.779200 0.616300
vt 0.645700 0.593700
vt 0.649800 0.590000
vt 0.650300 0.591400
vt 0.655400 0.590500
vt 0.655400 0.592000
vt 0.650800 0.592800
vt 0.646600 0.594900
vt 0.759800 0.605300
vt 0.754300 0.606400
vt 0.755200 0.607600
vt 0.751500 0.611300
vt 0.752700 0.612100
vt 0.756100 0.608800
vt 0.760200 0.606700
vt 0.664100 0.499300
vt 0.669400 0.501500
vt 0.668300 0.502700
vt 0.672100 0.506700
vt 0.670200 0.507800
vt 0.663300 0.500700
vt 0.673500 0.510300
vt 0.674200 0.516200
vt 0.672600 0.515900
vt 0.671100 0.521000
vt 0.669600 0.520400
vt 0.671200 0.510500
vt 0.669200 0.526600
vt 0.668100 0.525500
vt 0.664000 0.529000
vt 0.663200 0.527700
vt 0.659500 0.532500
vt 0.659100 0.531000
vt 0.653800 0.531500
vt 0.653900 0.530000
vt 0.648200 0.531900
vt 0.648700 0.530500
vt 0.644100 0.527900
vt 0.645000 0.526700
vt 0.639200 0.525000
vt 0.640400 0.524100
vt 0.638100 0.519400
vt 0.639500 0.519000
vt 0.635800 0.514200
vt 0.637300 0.514200
vt 0.638100 0.509000
vt 0.639600 0.509500
vt 0.653900 0.496900
vt 0.659500 0.495900
vt 0.659100 0.497400
vt 0.654000 0.498400
vt 0.644100 0.500500
vt 0.648200 0.496600
vt 0.648700 0.498000
vt 0.645000 0.501700
vt 0.639200 0.503500
vt 0.640500 0.504300
vt 0.759800 0.636600
vt 0.764900 0.638900
vt 0.764900 0.637400
vt 0.770000 0.636600
vt 0.769500 0.635200
vt 0.764900 0.635900
vt 0.760300 0.635200
vt 0.754300 0.635500
vt 0.755200 0.634300
vt 0.756100 0.633100
vt 0.650000 0.624100
vt 0.650400 0.622700
vt 0.645800 0.620400
vt 0.646700 0.619200
vt 0.650900 0.621300
vt 0.775400 0.635500
vt 0.774600 0.634300
vt 0.773700 0.633100
vt 0.670000 0.617500
vt 0.668800 0.616700
vt 0.667600 0.615800
vt 0.665800 0.593000
vt 0.670200 0.596500
vt 0.668900 0.597300
vt 0.667600 0.598100
vt 0.664300 0.594800
vt 0.778900 0.610600
vt 0.775300 0.606300
vt 0.774500 0.607500
vt 0.769900 0.605200
vt 0.769500 0.606700
vt 0.773700 0.608800
vt 0.660800 0.589800
vt 0.660500 0.591200
vt 0.665500 0.592800
vt 0.660100 0.592700
vt 0.764800 0.603000
vt 0.764900 0.604500
vt 0.764900 0.606000
vt 0.640900 0.596500
vt 0.642100 0.597400
vt 0.643300 0.598200
vt 0.641000 0.617600
vt 0.642200 0.616700
vt 0.643400 0.615800
vt 0.747800 0.615400
vt 0.749200 0.615900
vt 0.750600 0.616300
vt 0.764900 0.620900
vt 0.655500 0.607000
vt 0.557900 0.620100
vt 0.560600 0.629000
vt 0.557900 0.629000
vt 0.557900 0.637800
vt 0.555400 0.633900
vt 0.555400 0.629000
vt 0.555400 0.624100
vt 0.564200 0.614700
vt 0.569400 0.629000
vt 0.564200 0.629000
vt 0.564200 0.643300
vt 0.560600 0.641200
vt 0.560600 0.616800
vt 0.577200 0.629000
vt 0.586300 0.616200
vt 0.586300 0.629000
vt 0.586300 0.641800
vt 0.577200 0.643300
vt 0.577200 0.614700
vt 0.803500 0.332700
vt 0.800900 0.365800
vt 0.800900 0.332700
vt 0.798300 0.332700
vt 0.800900 0.329000
vt 0.800900 0.587000
vt 0.803500 0.590200
vt 0.800900 0.590200
vt 0.800900 0.593400
vt 0.798300 0.590200
vt 0.789400 0.583400
vt 0.786800 0.579700
vt 0.789400 0.550200
vt 0.792000 0.583400
vt 0.789400 0.587000
vt 0.786800 0.583400
vt 0.795200 0.365800
vt 0.792000 0.332700
vt 0.795200 0.332700
vt 0.795200 0.329000
vt 0.798300 0.325900
vt 0.800900 0.325900
vt 0.800900 0.322700
vt 0.803500 0.325900
vt 0.803500 0.583400
vt 0.800900 0.583400
vt 0.798300 0.583400
vt 0.800900 0.550200
vt 0.803500 0.458000
vt 0.800900 0.458000
vt 0.798300 0.458000
vt 0.795200 0.587000
vt 0.795200 0.583400
vt 0.795200 0.550200
vt 0.792000 0.458000
vt 0.795200 0.458000
vt 0.734700 0.458000
vt 0.760700 0.336300
vt 0.760700 0.458000
vt 0.786800 0.458000
vt 0.760700 0.579700
vt 0.786800 0.332700
vt 0.789400 0.329000
vt 0.789400 0.332700
vt 0.789400 0.365800
vt 0.786800 0.336300
vt 0.789400 0.458000
vt 0.908000 0.534200
vt 0.908000 0.996400
vt 0.995800 0.534200
vt 0.995800 0.996400
vt 0.821000 0.996400
vt 0.821000 0.534200
vt 0.908800 0.996400
vt 0.908800 0.534200
vt 0.727900 0.632400
vt 0.727900 0.992300
vt 0.815700 0.632400
vt 0.815700 0.992300
vt 0.728700 0.992300
vt 0.728700 0.632400
vt 0.640900 0.992300
vt 0.640900 0.632400
vt 0.592600 0.926000
vt 0.579700 0.931100
vt 0.592600 0.829100
vt 0.579700 0.824100
vt 0.634000 0.824100
vt 0.634000 0.931100
vt 0.597900 0.937900
vt 0.634000 0.937900
vt 0.634000 0.983000
vt 0.597900 0.983000
vt 0.597900 0.772300
vt 0.634000 0.772300
vt 0.634000 0.817400
vt 0.597900 0.817400
vt 0.597900 0.761200
vt 0.634000 0.761200
vt 0.634000 0.994000
vt 0.597900 0.994000
vt 0.711000 0.581800
vt 0.711000 0.591500
vt 0.707200 0.591500
vt 0.707200 0.581800
vt 0.711000 0.600700
vt 0.707200 0.600700
vt 0.711000 0.610500
vt 0.707200 0.610500
vt 0.711000 0.545600
vt 0.711000 0.562900
vt 0.707200 0.562800
vt 0.707300 0.545600
vt 0.711000 0.572600
vt 0.707200 0.572600
vt 0.711100 0.627700
vt 0.707300 0.627700
vt 0.577100 0.574100
vt 0.577100 0.604300
vt 0.731000 0.581800
vt 0.731000 0.591600
vt 0.727200 0.591600
vt 0.727300 0.581800
vt 0.731000 0.600700
vt 0.727300 0.600700
vt 0.731000 0.610500
vt 0.727300 0.610500
vt 0.731100 0.545600
vt 0.731000 0.562900
vt 0.727300 0.562900
vt 0.727300 0.545600
vt 0.731000 0.572600
vt 0.727300 0.572600
vt 0.731100 0.627700
vt 0.727300 0.627700
vt 0.577700 0.783200
vt 0.577700 0.767000
vt 0.593200 0.767000
vt 0.593200 0.783200
vt 0.562300 0.783200
vt 0.562300 0.767000
vt 0.146700 0.750500
vt 0.132700 0.760700
vt 0.376100 0.743900
vt 0.364000 0.731600
vt 0.394500 0.736600
vt 0.163600 0.760600
vt 0.492900 0.629300
vt 0.504100 0.629300
vt 0.459400 0.629300
vt 0.459400 0.590700
vt 0.520300 0.996500
vt 0.520300 0.960600
vt 0.530600 0.960600
vt 0.530600 0.996500
vt 0.541000 0.960600
vt 0.541000 0.996500
vt 0.481700 0.629300
vt 0.481700 0.590700
vt 0.551400 0.960600
vt 0.551400 0.996500
vt 0.561700 0.960600
vt 0.561700 0.996500
vt 0.515200 0.590700
vt 0.515200 0.629300
vt 0.572100 0.960600
vt 0.572100 0.996500
vt 0.582500 0.960600
vt 0.537500 0.590700
vt 0.537500 0.629300
vt 0.426000 0.629300
vt 0.426000 0.590700
vt 0.437100 0.590700
vt 0.437100 0.629300
vt 0.478800 0.960600
vt 0.489200 0.960600
vt 0.489200 0.996500
vt 0.448300 0.590700
vt 0.499500 0.960600
vt 0.499500 0.996500
vt 0.509900 0.960600
vt 0.509900 0.996500
vt 0.746900 0.620900
vt 0.750300 0.631500
vt 0.636100 0.561200
vt 0.640000 0.550600
vt 0.649300 0.544200
vt 0.666100 0.621500
vt 0.655500 0.625000
vt 0.660600 0.544300
vt 0.670000 0.550700
vt 0.674200 0.561400
vt 0.672700 0.573100
vt 0.669600 0.576700
vt 0.658800 0.581000
vt 0.647500 0.579500
vt 0.638900 0.572200
vt 0.638400 0.612600
vt 0.638400 0.601500
vt 0.779400 0.631500
vt 0.782900 0.621000
vt 0.672600 0.601500
vt 0.672600 0.612500
vt 0.780500 0.610000
vt 0.644900 0.592500
vt 0.655300 0.589000
vt 0.759300 0.603900
vt 0.750300 0.610400
vt 0.664800 0.498000
vt 0.673500 0.505800
vt 0.675100 0.510200
vt 0.672500 0.521700
vt 0.664800 0.530300
vt 0.653700 0.533100
vt 0.643200 0.529100
vt 0.636600 0.519900
vt 0.636700 0.508600
vt 0.653800 0.495400
vt 0.643200 0.499300
vt 0.759300 0.638000
vt 0.770500 0.638000
vt 0.644900 0.621600
vt 0.666900 0.591800
vt 0.780000 0.609500
vt 0.770400 0.603800
vt 0.666300 0.591400
vt 0.569400 0.613900
vt 0.569400 0.644100
vt 0.803500 0.365800
vt 0.798300 0.365800
vt 0.798300 0.329000
vt 0.803500 0.329000
vt 0.803500 0.587000
vt 0.803500 0.593400
vt 0.798300 0.593400
vt 0.798300 0.587000
vt 0.792000 0.550200
vt 0.792000 0.587000
vt 0.786800 0.587000
vt 0.792000 0.365800
vt 0.792000 0.329000
vt 0.798300 0.322700
vt 0.803500 0.322700
vt 0.798300 0.550200
vt 0.803500 0.550200
vt 0.734700 0.336300
vt 0.734700 0.579700
vt 0.786800 0.329000
s 1
usemtl window.001
f 4756/4029/1952 4764/4030/1953 4588/4031/1953
f 4588/4031/1953 5121/4032/1953 4757/4033/1953
f 4588/4031/1953 5112/4034/1953 4758/4035/1953
f 4758/4035/1953 4756/4029/1952 4588/4031/1953
f 4784/4036/1954 4759/4037/1954 4589/4038/1954
f 4589/4038/1954 5115/4039/1954 4783/4040/1954
f 4589/4038/1954 5125/4041/1954 4792/4042/1954
f 4792/4042/1954 4784/4036/1954 4589/4038/1954
f 4757/4033/1954 4769/4043/1954 4590/4044/1954
f 4590/4044/1954 5113/4045/1954 4766/4046/1954
f 4590/4044/1954 5115/4047/1954 4759/4048/1954
f 4759/4048/1954 4757/4033/1954 4590/4044/1954
f 4797/4049/1955 4758/4050/1956 4591/4051/1956
f 4591/4051/1956 5112/4052/1956 4784/4036/1956
f 4591/4051/1956 5133/4053/1956 4790/4054/1956
f 4790/4054/1956 4797/4049/1955 4591/4051/1956
f 4592/4055/1957 5113/4045/1957 4763/4056/1957
f 4763/4056/1957 4770/4057/1957 4592/4055/1957
f 4592/4055/1957 5117/4058/1957 4762/4059/1957
f 4762/4059/1957 4766/4046/1957 4592/4055/1957
f 5083/4060/1958 4773/4061/1959 4593/4062/1959
f 4593/4062/1959 5130/4063/1959 4765/4064/1959
f 4593/4062/1959 5121/4065/1959 4764/4066/1959
f 4764/4066/1959 5083/4060/1958 4593/4062/1959
f 4781/4067/1960 4780/4068/1960 4594/4069/1960
f 4780/4068/1960 4794/4070/1960 4594/4069/1960
f 4794/4070/1960 4796/4071/1960 4594/4069/1960
f 4796/4071/1960 4781/4067/1960 4594/4069/1960
f 4783/4040/1961 4762/4072/1961 4595/4073/1961
f 4762/4072/1961 4761/4074/1961 4595/4073/1961
f 4761/4074/1961 4794/4075/1961 4595/4073/1961
f 4794/4075/1961 4783/4040/1961 4595/4073/1961
f 4596/4076/1962 5116/4077/1962 4779/4078/1962
f 4779/4078/1962 4777/4079/1962 4596/4076/1962
f 4777/4079/1962 4778/4080/1962 4596/4076/1962
f 4596/4076/1962 5117/4058/1962 4770/4057/1962
f 4795/4081/1954 4793/4082/1954 4597/4083/1954
f 4793/4082/1954 4792/4084/1954 4597/4083/1954
f 4597/4083/1954 5125/4085/1954 4780/4068/1954
f 4597/4083/1954 5126/4086/1954 4795/4081/1954
f 4773/4087/1963 4774/4088/1964 4598/4089/1963
f 4774/4088/1964 4790/4090/1963 4598/4089/1963
f 4598/4089/1963 5133/4091/1963 4793/4082/1963
f 4598/4089/1963 5130/4092/1963 4773/4087/1963
f 4767/4093/1965 4781/4094/1965 4599/4095/1965
f 4781/4094/1965 4768/4096/1965 4599/4095/1965
f 4768/4096/1965 4763/4097/1965 4599/4095/1965
f 4763/4097/1965 4767/4093/1965 4599/4095/1965
f 4600/4098/1954 5119/4099/1954 4771/4100/1954
f 4771/4100/1954 4760/4101/1954 4600/4098/1954
f 4760/4101/1954 4789/4102/1954 4600/4098/1954
f 4600/4098/1954 5118/4103/1954 4774/4088/1954
f 4601/4104/1954 5120/4105/1954 4756/4029/1954
f 4601/4104/1954 5111/4106/1954 4791/4107/1954
f 4791/4107/1954 4772/4108/1954 4601/4104/1954
f 4772/4108/1954 5082/4109/1954 4601/4104/1954
f 4602/4110/1962 5122/4111/1962 4796/4071/1962
f 4602/4110/1962 5129/4112/1962 4786/4113/1962
f 4786/4113/1962 4787/4114/1962 4602/4110/1962
f 4787/4114/1962 4788/4115/1962 4602/4110/1962
f 4603/4116/1962 5122/4117/1962 4788/4118/1962
f 4788/4118/1962 4776/4119/1962 4603/4116/1962
f 4776/4119/1962 4779/4120/1962 4603/4116/1962
f 4603/4116/1962 5116/4121/1962 4768/4096/1962
f 4604/4122/1954 5118/4123/1954 4789/4124/1954
f 4789/4124/1954 4775/4125/1954 4604/4122/1954
f 4775/4125/1954 4791/4126/1954 4604/4122/1954
f 4604/4122/1954 5111/4127/1954 4797/4049/1954
f 4605/4128/1962 5117/4129/1962 4778/4130/1962
f 4778/4130/1962 4785/4131/1962 4605/4128/1962
f 4785/4131/1962 4786/4132/1962 4605/4128/1962
f 4605/4128/1962 5129/4133/1962 4761/4074/1962
f 4765/4064/1954 4795/4134/1954 4606/4135/1954
f 4606/4135/1954 5126/4136/1954 4767/4093/1954
f 4606/4135/1954 5113/4137/1954 4769/4138/1954
f 4769/4138/1954 4765/4064/1954 4606/4135/1954
f 4741/4139/1954 5120/4140/1954 5082/4141/1954
f 5082/4141/1954 4782/4142/1954 4741/4139/1954
f 4782/4142/1954 4771/4143/1954 4741/4139/1954
f 4741/4139/1954 5119/4144/1954 5083/4060/1954
f 5071/4145/1960 5055/4146/1960 4726/4147/1960
f 4726/4147/1960 5277/4148/1960 5070/4149/1960
f 5070/4149/1960 5064/4150/1960 4726/4147/1960
f 4726/4147/1960 5284/4151/1960 5071/4145/1960
f 4727/4152/1960 5278/4153/1960 5054/4154/1960
f 5054/4154/1960 5068/4155/1960 4727/4152/1960
f 4727/4152/1960 5286/4156/1960 5062/4157/1960
f 5062/4157/1960 5069/4158/1960 4727/4152/1960
f 5056/4159/1954 5058/4160/1954 4728/4161/1954
f 5058/4160/1954 5057/4162/1954 4728/4161/1954
f 5057/4162/1954 5059/4163/1954 4728/4161/1954
f 5059/4163/1954 5056/4159/1954 4728/4161/1954
f 5064/4164/1954 5067/4165/1954 4729/4166/1954
f 5067/4165/1954 5065/4167/1954 4729/4166/1954
f 5065/4167/1954 5566/4168/1954 4729/4166/1954
f 5566/4168/1954 5064/4164/1954 4729/4166/1954
f 5062/4169/1954 5568/4170/1954 4730/4171/1954
f 5568/4170/1954 5063/4172/1954 4730/4171/1954
f 5063/4172/1954 5066/4173/1954 4730/4171/1954
f 5066/4173/1954 5062/4169/1954 4730/4171/1954
f 5070/4174/1961 5059/4163/1961 4731/4175/1961
f 5059/4163/1961 5072/4176/1961 4731/4175/1961
f 5072/4176/1961 5067/4165/1961 4731/4175/1961
f 5067/4165/1961 5070/4174/1961 4731/4175/1961
f 5073/4177/1965 5058/4160/1965 4732/4178/1965
f 5058/4160/1965 5069/4179/1965 4732/4178/1965
f 5069/4179/1965 5066/4173/1965 4732/4178/1965
f 5066/4173/1965 5073/4177/1965 4732/4178/1965
f 4733/4180/1960 5278/4153/1960 5056/4159/1960
f 4733/4180/1960 5277/4148/1960 5055/4146/1960
f 5055/4146/1960 5076/4181/1960 4733/4180/1960
f 5076/4181/1960 5054/4154/1960 4733/4180/1960
f 5068/4182/1961 5075/4183/1961 4734/4184/1961
f 5075/4183/1961 5077/4185/1961 4734/4184/1961
f 5077/4185/1961 5061/4170/1961 4734/4184/1961
f 5061/4170/1961 5068/4182/1961 4734/4184/1961
f 5078/4186/1965 5074/4187/1965 4735/4188/1965
f 5074/4187/1965 5071/4189/1965 4735/4188/1965
f 5071/4189/1965 5060/4168/1965 4735/4188/1965
f 5060/4168/1965 5078/4186/1965 4735/4188/1965
f 4825/4190/1966 4837/4191/1967 4607/4192/1967
f 4837/4191/1967 5340/4193/1954 4607/4192/1967
f 5340/4193/1954 5328/4194/1967 4607/4192/1967
f 5328/4194/1967 4825/4190/1966 4607/4192/1967
f 4812/4193/1968 5349/4195/1969 4608/4196/1969
f 5349/4195/1969 4814/4197/1970 4608/4196/1969
f 4814/4197/1970 5331/4198/1969 4608/4196/1969
f 5331/4198/1969 4812/4193/1968 4608/4196/1969
f 4814/4197/1970 5353/4199/1971 4609/4200/1971
f 5353/4199/1971 4815/4201/1972 4609/4200/1971
f 4815/4201/1972 5333/4202/1971 4609/4200/1971
f 5333/4202/1971 4814/4197/1970 4609/4200/1971
f 4816/4203/1973 4843/4204/1974 4610/4205/1974
f 4843/4204/1974 4817/4206/1975 4610/4205/1974
f 4817/4206/1975 5322/4207/1974 4610/4205/1974
f 5322/4207/1974 4816/4203/1973 4610/4205/1974
f 4817/4206/1975 4845/4208/1976 4611/4209/1976
f 4845/4208/1976 4819/4210/1977 4611/4209/1976
f 4819/4210/1977 5324/4211/1976 4611/4209/1976
f 5324/4211/1976 4817/4206/1975 4611/4209/1976
f 4815/4201/1972 5357/4212/1978 4612/4213/1978
f 5357/4212/1978 4833/4214/1979 4612/4213/1978
f 4833/4214/1979 5335/4215/1978 4612/4213/1978
f 5335/4215/1978 4815/4201/1972 4612/4213/1978
f 4819/4210/1977 4849/4216/1980 4613/4217/1981
f 4849/4216/1980 4825/4190/1966 4613/4217/1981
f 4825/4190/1966 5326/4218/1980 4613/4217/1981
f 5326/4218/1980 4819/4210/1977 4613/4217/1981
f 4614/4219/1960 5143/4220/1960 4820/4221/1960
f 4614/4219/1960 5144/4222/1960 4805/4223/1960
f 4805/4223/1960 4821/4224/1960 4614/4219/1960
f 4821/4224/1960 4811/4225/1960 4614/4219/1960
f 4810/4226/1960 4821/4224/1960 4615/4227/1960
f 4821/4224/1960 4806/4228/1960 4615/4227/1960
f 4615/4227/1960 5146/4229/1960 4822/4230/1960
f 4615/4227/1960 5149/4231/1960 4810/4226/1960
f 4809/4232/1960 4822/4230/1960 4616/4233/1960
f 4822/4230/1960 4807/4234/1960 4616/4233/1960
f 4616/4233/1960 5147/4235/1960 4808/4236/1960
f 4616/4233/1960 5148/4237/1960 4809/4232/1960
f 4813/4238/1966 5312/4239/1967 4617/4240/1967
f 5312/4239/1967 5344/4241/1954 4617/4240/1967
f 5344/4241/1954 4836/4242/1967 4617/4240/1967
f 4836/4242/1967 4813/4238/1966 4617/4240/1967
f 4826/4243/1966 4836/4242/1967 4618/4244/1967
f 4836/4242/1967 5345/4245/1954 4618/4244/1967
f 5345/4245/1954 4837/4191/1967 4618/4244/1967
f 4837/4191/1967 4826/4243/1966 4618/4244/1967
f 4823/4241/1968 5315/4246/1969 4619/4247/1969
f 5315/4246/1969 4827/4248/1982 4619/4247/1969
f 4827/4248/1982 5347/4249/1969 4619/4247/1969
f 5347/4249/1969 4823/4241/1968 4619/4247/1969
f 4827/4248/1982 5317/4250/1971 4620/4251/1971
f 5317/4250/1971 4828/4252/1972 4620/4251/1971
f 4828/4252/1972 5351/4253/1971 4620/4251/1971
f 5351/4253/1971 4827/4248/1982 4620/4251/1971
f 4829/4254/1973 5306/4255/1974 4621/4256/1974
f 5306/4255/1974 4831/4257/1975 4621/4256/1974
f 4831/4257/1975 4842/4258/1974 4621/4256/1974
f 4842/4258/1974 4829/4254/1973 4621/4256/1974
f 4830/4259/1973 4842/4258/1974 4622/4260/1974
f 4842/4258/1974 4832/4261/1975 4622/4260/1974
f 4832/4261/1975 4843/4204/1974 4622/4260/1974
f 4843/4204/1974 4830/4259/1973 4622/4260/1974
f 4831/4257/1975 5308/4262/1976 4623/4263/1976
f 5308/4262/1976 4834/4264/1977 4623/4263/1976
f 4834/4264/1977 4844/4265/1976 4623/4263/1976
f 4844/4265/1976 4831/4257/1975 4623/4263/1976
f 4832/4261/1975 4844/4265/1976 4624/4266/1976
f 4844/4265/1976 4835/4267/1977 4624/4266/1976
f 4835/4267/1977 4845/4208/1976 4624/4266/1976
f 4845/4208/1976 4832/4261/1975 4624/4266/1976
f 4828/4252/1972 5319/4268/1978 4625/4269/1978
f 5319/4268/1978 4818/4270/1979 4625/4269/1978
f 4818/4270/1979 5355/4271/1978 4625/4269/1978
f 5355/4271/1978 4828/4252/1972 4625/4269/1978
f 4834/4264/1977 5310/4272/1980 4626/4273/1980
f 5310/4272/1980 4813/4238/1966 4626/4273/1980
f 4813/4238/1966 4848/4274/1980 4626/4273/1980
f 4848/4274/1980 4834/4264/1977 4626/4273/1980
f 4835/4267/1977 4848/4274/1980 4627/4275/1980
f 4848/4274/1980 4826/4243/1966 4627/4275/1980
f 4826/4243/1966 4849/4216/1980 4627/4275/1980
f 4849/4216/1980 4835/4267/1977 4627/4275/1980
f 5364/4276/1965 4855/4277/1965 4628/4278/1965
f 4855/4277/1965 5359/4279/1965 4628/4278/1965
f 5359/4279/1965 4850/4280/1965 4628/4278/1965
f 4850/4280/1965 5364/4276/1965 4628/4278/1965
f 5362/4281/1965 4824/4282/1965 4629/4283/1965
f 4824/4282/1965 5363/4284/1965 4629/4283/1965
f 5363/4284/1965 4855/4277/1965 4629/4283/1965
f 4855/4277/1965 5362/4281/1965 4629/4283/1965
f 4630/4285/1960 5155/4286/1960 4840/4287/1960
f 4840/4287/1960 4856/4288/1960 4630/4285/1960
f 4630/4285/1960 5169/4289/1960 4853/4290/1960
f 4853/4290/1960 4838/4291/1960 4630/4285/1960
f 4857/4292/1957 4841/4293/1957 4631/4294/1957
f 4631/4294/1957 5156/4295/1957 4839/4296/1957
f 4839/4296/1957 4852/4297/1957 4631/4294/1957
f 4631/4294/1957 5170/4298/1957 4857/4292/1957
f 4854/4299/1957 4858/4300/1957 4632/4301/1957
f 4632/4301/1957 5163/4302/1957 4847/4303/1957
f 4847/4303/1957 4857/4292/1957 4632/4301/1957
f 4632/4301/1957 5170/4298/1957 4854/4299/1957
f 4633/4304/1960 5164/4305/1960 4859/4306/1960
f 4859/4306/1960 4851/4307/1960 4633/4304/1960
f 4633/4304/1960 5169/4289/1960 4856/4288/1960
f 4856/4288/1960 4846/4308/1960 4633/4304/1960
f 5498/4309/1954 4865/4310/1983 4634/4311/1954
f 4634/4311/1954 5496/4312/1983 5495/4313/1954
f 4634/4311/1954 5494/4314/1984 4867/4315/1984
f 4867/4315/1984 5498/4309/1954 4634/4311/1954
f 5514/4316/1985 4876/4317/1986 4635/4318/1985
f 4876/4317/1986 5512/4319/1985 4635/4318/1985
f 5512/4319/1985 4879/4320/1960 4635/4318/1985
f 4635/4318/1985 5491/4321/1960 5514/4316/1985
f 4894/4322/1987 5401/4323/1988 4636/4324/1989
f 5401/4323/1988 4893/4325/1990 4636/4324/1989
f 4636/4324/1989 5372/4326/1991 5428/4327/1992
f 4636/4324/1989 5426/4328/1993 4894/4322/1987
f 4895/4329/1994 5397/4330/1995 4637/4331/1995
f 5397/4330/1995 4894/4322/1987 4637/4331/1995
f 4637/4331/1995 5426/4328/1993 5427/4332/1996
f 4637/4331/1995 5424/4333/1997 4895/4329/1994
f 4896/4334/1998 5395/4335/1999 4638/4336/2000
f 5395/4335/1999 4895/4329/1994 4638/4336/2000
f 4638/4336/2000 5424/4333/1997 5425/4337/2001
f 4638/4336/2000 5422/4338/1998 4896/4334/1998
f 4897/4339/2002 5393/4340/2003 4639/4341/2003
f 5393/4340/2003 4896/4334/1998 4639/4341/2003
f 4639/4341/2003 5422/4338/1998 5423/4342/2004
f 4639/4341/2003 5420/4343/2005 4897/4339/2002
f 4898/4344/2006 5391/4345/2007 4640/4346/2008
f 5391/4345/2007 4897/4347/2002 4640/4346/2008
f 4640/4346/2008 5420/4343/2005 5421/4348/2009
f 4640/4346/2008 5418/4349/2010 4898/4344/2006
f 4899/4350/2011 5389/4351/2012 4641/4352/2012
f 5389/4351/2012 4898/4344/2006 4641/4352/2012
f 4641/4352/2012 5418/4349/2010 5419/4353/2013
f 4641/4352/2012 5416/4354/2014 4899/4350/2011
f 4900/4355/2015 5387/4356/2016 4642/4357/2016
f 5387/4356/2016 4899/4350/2011 4642/4357/2016
f 4642/4357/2016 5416/4354/2014 5417/4358/2017
f 4642/4357/2016 5366/4359/2018 4900/4355/2015
f 4901/4360/2019 5385/4361/2020 4643/4362/2021
f 5385/4361/2020 4900/4355/2015 4643/4362/2021
f 4643/4362/2021 5366/4359/2018 5367/4363/2022
f 4643/4362/2021 5368/4364/2023 4901/4360/2019
f 4902/4365/2024 5380/4366/2025 4644/4367/2026
f 5380/4366/2025 4901/4360/2019 4644/4367/2026
f 4644/4367/2026 5368/4364/2023 5369/4368/2027
f 4644/4367/2026 5370/4369/2024 4902/4365/2024
f 4893/4325/1990 5377/4370/2028 4645/4371/2028
f 5377/4370/2028 4902/4365/2024 4645/4371/2028
f 4645/4371/2028 5370/4369/2024 5371/4372/2029
f 4645/4371/2028 5372/4326/1991 4893/4325/1990
f 4907/4373/1965 4903/4374/1965 4646/4375/1965
f 4646/4375/1965 5202/4338/1965 4890/4337/1965
f 4646/4375/1965 5203/4333/1965 4904/4376/1965
f 4904/4376/1965 4907/4373/1965 4646/4375/1965
f 4647/4377/1965 5171/4359/1965 4905/4378/1965
f 4905/4378/1965 4907/4373/1965 4647/4377/1965
f 4907/4373/1965 4906/4379/1965 4647/4377/1965
f 4647/4377/1965 5173/4364/1965 4860/4363/1965
f 4861/4368/1965 4906/4379/1965 4648/4380/1965
f 4648/4380/1965 5206/4381/1965 4908/4382/1965
f 4908/4382/1965 4862/4372/1965 4648/4380/1965
f 4648/4380/1965 5174/4369/2030 4861/4368/1965
f 4649/4383/1965 5204/4328/2031 4892/4327/1965
f 4892/4327/1965 4908/4382/1965 4649/4383/1965
f 4649/4383/1965 5206/4381/1965 4904/4376/1965
f 4904/4376/1965 4891/4332/1965 4649/4383/1965
f 4650/4384/1965 5201/4343/2031 4889/4342/2031
f 4889/4342/2031 4903/4374/1965 4650/4384/1965
f 4650/4384/1965 5205/4385/1965 4909/4386/1965
f 4909/4386/1965 4888/4348/1965 4650/4384/1965
f 4651/4387/1965 5199/4354/2030 4887/4353/1965
f 4887/4353/1965 4909/4386/1965 4651/4387/1965
f 4651/4387/1965 5205/4385/1965 4905/4378/1965
f 4905/4378/1965 4886/4358/1965 4651/4387/1965
f 5455/4388/2032 4931/4389/2033 4652/4390/2034
f 4652/4390/2034 5466/4391/2035 5468/4392/2036
f 4652/4390/2034 5446/4393/2037 4930/4394/2038
f 4930/4394/2038 5455/4388/2032 4652/4390/2034
f 5454/4395/2039 4932/4396/2040 4653/4397/2041
f 4653/4397/2041 5464/4398/2042 5467/4399/2043
f 4653/4397/2041 5466/4391/2035 4931/4389/2033
f 4931/4389/2033 5454/4395/2039 4653/4397/2041
f 5452/4400/2044 4933/4401/2045 4654/4402/2044
f 4654/4402/2044 5462/4403/2046 5465/4404/2047
f 4654/4402/2044 5464/4398/2042 4932/4396/2040
f 4932/4396/2040 5452/4400/2044 4654/4402/2044
f 5430/4405/2048 4934/4406/2049 4655/4407/2050
f 4655/4407/2050 5460/4408/2051 5463/4409/2052
f 4655/4407/2050 5462/4403/2046 4933/4401/2045
f 4933/4401/2045 5430/4405/2048 4655/4407/2050
f 5432/4410/2053 4935/4411/2054 4656/4412/2055
f 4656/4412/2055 5458/4413/2056 5461/4414/2057
f 4656/4412/2055 5460/4408/2051 4934/4415/2049
f 4934/4415/2049 5432/4410/2053 4656/4412/2055
f 5434/4416/2058 4936/4417/2059 4657/4418/2060
f 4657/4418/2060 5456/4419/2061 5459/4420/2062
f 4657/4418/2060 5458/4413/2056 4935/4411/2054
f 4935/4411/2054 5434/4416/2058 4657/4418/2060
f 5436/4421/2063 4937/4422/2064 4658/4423/2065
f 4658/4423/2065 5449/4424/2066 5457/4425/2067
f 4658/4423/2065 5456/4419/2061 4936/4417/2059
f 4936/4417/2059 5436/4421/2063 4658/4423/2065
f 5438/4426/2068 4938/4427/2069 4659/4428/2070
f 4659/4428/2070 5447/4429/2071 5450/4430/2068
f 4659/4428/2070 5449/4424/2066 4937/4422/2064
f 4937/4422/2064 5438/4426/2068 4659/4428/2070
f 5440/4431/2072 4939/4432/2073 4660/4433/2074
f 4660/4433/2074 5444/4434/2075 5448/4435/2076
f 4660/4433/2074 5447/4429/2071 4938/4427/2069
f 4938/4427/2069 5440/4431/2072 4660/4433/2074
f 5442/4436/2077 4930/4394/2038 4661/4437/2078
f 4661/4437/2078 5446/4393/2037 5445/4438/2077
f 4661/4437/2078 5444/4434/2075 4939/4432/2073
f 4939/4432/2073 5442/4436/2077 4661/4437/2078
f 4940/4439/1961 4944/4440/1961 4662/4441/1961
f 4944/4440/1961 4941/4442/1961 4662/4441/1961
f 4662/4441/1961 5208/4398/1961 4927/4404/1961
f 4662/4441/1961 5209/4403/1961 4940/4439/1961
f 4663/4443/1961 5226/4424/1961 4919/4430/1961
f 4663/4443/1961 5224/4429/2079 4943/4444/1961
f 4943/4444/1961 4944/4440/1961 4663/4443/1961
f 4944/4440/1961 4942/4445/1961 4663/4443/1961
f 4943/4444/1961 4918/4435/2079 4664/4446/1961
f 4664/4446/1961 5223/4434/2079 4917/4438/1961
f 4917/4438/1961 4945/4447/1961 4664/4446/1961
f 4664/4446/1961 5228/4448/1961 4943/4444/1961
f 4665/4449/1961 5207/4391/2080 4928/4399/1961
f 4928/4399/1961 4941/4442/1961 4665/4449/1961
f 4665/4449/1961 5228/4448/1961 4945/4447/1961
f 4945/4447/1961 4929/4392/2080 4665/4449/1961
f 4666/4450/1961 5210/4408/1961 4925/4414/1961
f 4925/4414/1961 4946/4451/1961 4666/4450/1961
f 4666/4450/1961 5227/4452/1961 4940/4439/1961
f 4940/4439/1961 4926/4409/2079 4666/4450/1961
f 4667/4453/1961 5212/4419/1961 4923/4425/1961
f 4923/4425/1961 4942/4445/1961 4667/4453/1961
f 4667/4453/1961 5227/4452/1961 4946/4451/1961
f 4946/4451/1961 4924/4420/2079 4667/4453/1961
f 5487/4454/2081 4947/4455/1960 4668/4456/2081
f 4947/4455/1960 5542/4457/2081 4668/4456/2081
f 5542/4457/2081 4948/4458/2082 4668/4456/2081
f 4948/4458/2082 5487/4454/2081 4668/4456/2081
f 5552/4459/2083 4948/4458/2082 4669/4460/2083
f 4948/4458/2082 5540/4461/2083 4669/4460/2083
f 5540/4461/2083 4951/4462/1983 4669/4460/2083
f 4951/4462/1983 5552/4459/2083 4669/4460/2083
f 5493/4463/2083 4949/4464/2082 4670/4465/2083
f 4949/4464/2082 5553/4466/2083 4670/4465/2083
f 5553/4466/2083 4865/4310/1983 4670/4465/2083
f 4865/4310/1983 5493/4463/2083 4670/4465/2083
f 5550/4467/1954 4951/4462/1983 4671/4468/1954
f 4951/4462/1983 5538/4469/1954 4671/4468/1954
f 5538/4469/1954 4954/4470/1984 4671/4468/1954
f 4954/4470/1984 5550/4467/1954 4671/4468/1954
f 5555/4471/2084 4954/4470/1984 4672/4472/2084
f 4954/4470/1984 5536/4473/2084 4672/4472/2084
f 5536/4473/2084 4955/4474/2085 4672/4472/2084
f 4955/4474/2085 5555/4471/2084 4672/4472/2084
f 5500/4475/2084 4867/4315/1984 4673/4476/2084
f 4867/4315/1984 5556/4477/2084 4673/4476/2084
f 5556/4477/2084 4956/4478/2085 4673/4476/2084
f 4956/4478/2085 5500/4475/2084 4673/4476/2084
f 5516/4479/2086 4955/4474/2085 4674/4480/2086
f 4955/4474/2085 5534/4481/2086 4674/4480/2086
f 5534/4481/2086 4959/4482/1957 4674/4480/2086
f 4959/4482/1957 5516/4479/2086 4674/4480/2086
f 5502/4483/2086 4956/4478/2085 4675/4484/2086
f 4956/4478/2085 5519/4485/2086 4675/4484/2086
f 4675/4484/2086 5518/4486/1957 4960/4487/1957
f 4960/4487/1957 5502/4483/2086 4675/4484/2086
f 5522/4488/2087 4959/4482/1957 4676/4489/2088
f 4959/4482/1957 5532/4490/2088 4676/4489/2088
f 5532/4490/2088 4961/4491/2089 4676/4489/2088
f 4676/4489/2088 5521/4492/2089 5522/4488/2087
f 4677/4493/2088 5501/4494/1957 4960/4487/1957
f 4960/4487/1957 5558/4495/2088 4677/4493/2088
f 5558/4495/2088 4872/4496/2090 4677/4493/2088
f 4872/4496/2090 5504/4497/2088 4677/4493/2088
f 5506/4498/2091 4872/4499/2090 4678/4500/2091
f 4872/4499/2090 5561/4501/2091 4678/4500/2091
f 5561/4501/2091 4964/4502/2092 4678/4500/2091
f 4964/4502/2092 5506/4498/2091 4678/4500/2091
f 4679/4503/2091 5521/4504/2089 4961/4505/2089
f 4961/4505/2089 5530/4506/2091 4679/4503/2091
f 5530/4506/2091 4963/4507/2092 4679/4503/2091
f 4963/4507/2092 5559/4508/2093 4679/4503/2091
f 5508/4509/1962 4964/4502/2092 4680/4510/1962
f 4964/4502/2092 5524/4511/1962 4680/4510/1962
f 5524/4511/1962 4968/4512/2094 4680/4510/1962
f 4680/4510/1962 5507/4513/2094 5508/4509/1962
f 5562/4514/1962 4963/4507/2092 4681/4515/1962
f 4963/4507/2092 5545/4516/1962 4681/4515/1962
f 5545/4516/1962 4967/4517/2094 4681/4515/1962
f 4967/4517/2094 5562/4514/1962 4681/4515/1962
f 5510/4518/2095 4968/4512/2094 4682/4519/2095
f 4968/4512/2094 5563/4520/2095 4682/4519/2095
f 5563/4520/2095 4876/4317/1986 4682/4519/2095
f 4876/4317/1986 5510/4518/2095 4682/4519/2095
f 5527/4521/2095 4967/4517/2094 4683/4522/2095
f 4967/4517/2094 5547/4523/2095 4683/4522/2095
f 5547/4523/2095 4970/4524/1986 4683/4522/2095
f 4970/4524/1986 5527/4521/2095 4683/4522/2095
f 5490/4525/2081 4879/4320/1960 4684/4526/2081
f 4684/4526/2081 5513/4527/1960 5564/4528/2081
f 5564/4528/2081 4949/4464/2082 4684/4526/2081
f 4949/4464/2082 5490/4525/2081 4684/4526/2081
f 5565/4529/1985 4970/4524/1986 4685/4530/1985
f 4970/4524/1986 5548/4531/1985 4685/4530/1985
f 5548/4531/1985 4947/4455/1960 4685/4530/1985
f 4947/4455/1960 5565/4529/1985 4685/4530/1985
f 5015/4532/2096 4974/4533/2097 4686/4534/2098
f 4974/4533/2097 5014/4535/2099 4686/4534/2098
f 4686/4534/2098 5375/4536/2100 5374/4537/2101
f 4686/4534/2098 5373/4538/2102 5015/4532/2096
f 5017/4539/2103 4975/4540/2104 4687/4541/2105
f 4975/4540/2104 5016/4542/2106 4687/4541/2105
f 4687/4541/2105 5178/4543/2100 4864/4370/2107
f 4687/4541/2105 5172/4544/2108 5017/4539/2103
f 5016/4542/2106 4976/4545/2109 4688/4546/2110
f 4976/4545/2109 5018/4547/2111 4688/4546/2110
f 4688/4546/2110 5233/4548/2112 4866/4366/2113
f 4688/4546/2110 5178/4543/2100 5016/4542/2106
f 5020/4549/2114 4977/4550/2115 4689/4551/2116
f 4977/4550/2115 5019/4552/2117 4689/4551/2116
f 4689/4551/2116 5383/4553/2118 5382/4554/2119
f 4689/4551/2116 5381/4555/2120 5020/4549/2114
f 5018/4547/2111 4978/4556/2121 4690/4557/2122
f 4978/4556/2121 5021/4558/2123 4690/4557/2122
f 4690/4557/2122 5236/4559/2124 4869/4361/2125
f 4690/4557/2122 5233/4548/2112 5018/4547/2111
f 5021/4558/2123 4979/4560/2126 4691/4561/2127
f 4979/4560/2126 5022/4562/2128 4691/4561/2127
f 4691/4561/2127 5185/4563/2129 4870/4356/2130
f 4691/4561/2127 5236/4559/2124 5021/4558/2123
f 5022/4562/2128 4980/4564/2131 4692/4565/2132
f 4980/4564/2131 5023/4566/2133 4692/4565/2132
f 4692/4565/2132 5186/4567/2134 4871/4351/2135
f 4692/4565/2132 5185/4563/2129 5022/4562/2128
f 5023/4566/2133 4981/4568/2136 4693/4569/2137
f 4981/4568/2136 5024/4570/2138 4693/4569/2137
f 4693/4569/2137 5239/4571/2139 4873/4345/2140
f 4693/4569/2137 5186/4567/2134 5023/4566/2133
f 5024/4572/2138 4982/4573/2141 4694/4574/2142
f 4982/4573/2141 5025/4575/2143 4694/4574/2142
f 4694/4574/2142 5189/4576/2144 4874/4340/2145
f 4694/4574/2142 5239/4577/2139 5024/4572/2138
f 5025/4575/2143 4983/4578/2146 4695/4579/2147
f 4983/4578/2146 5026/4580/2148 4695/4579/2147
f 4695/4579/2147 5191/4581/2149 4875/4335/2150
f 4695/4579/2147 5189/4576/2144 5025/4575/2143
f 5026/4580/2148 4984/4582/2151 4696/4583/2152
f 4984/4582/2151 5027/4584/2153 4696/4583/2152
f 4696/4583/2152 5242/4585/2154 4877/4330/2155
f 4696/4583/2152 5191/4581/2149 5026/4580/2148
f 5029/4586/2156 4985/4587/2157 4697/4588/2158
f 4985/4587/2157 5028/4589/2159 4697/4588/2158
f 4697/4588/2158 5398/4590/2160 5399/4591/2161
f 4697/4588/2158 5400/4592/2162 5029/4586/2156
f 5027/4584/2153 4986/4593/2163 4698/4594/2164
f 4986/4593/2163 5017/4539/2103 4698/4594/2164
f 4698/4594/2164 5172/4544/2108 4880/4323/2165
f 4698/4594/2164 5242/4585/2154 5027/4584/2153
f 5031/4595/2166 4987/4596/2167 4699/4597/2168
f 4987/4596/2167 5030/4598/2169 4699/4597/2168
f 4699/4597/2168 5402/4599/2134 5403/4600/2170
f 4699/4597/2168 5404/4601/2171 5031/4595/2166
f 5033/4602/2172 4988/4603/2173 4700/4604/2174
f 4988/4603/2173 5032/4605/2175 4700/4604/2174
f 4700/4604/2174 5407/4606/2176 5406/4607/2177
f 4700/4604/2174 5405/4608/2178 5033/4602/2172
f 5030/4598/2169 4989/4609/2179 4701/4610/2180
f 4989/4609/2179 5034/4611/2139 4701/4610/2180
f 4701/4610/2180 5408/4612/2181 5409/4613/2180
f 4701/4610/2180 5402/4599/2134 5030/4598/2169
f 5036/4614/2182 4990/4615/2183 4702/4616/2184
f 4990/4615/2183 5035/4617/2185 4702/4616/2184
f 4702/4616/2184 5412/4618/2186 5411/4619/2187
f 4702/4616/2184 5410/4620/2188 5036/4614/2182
f 5038/4621/2149 4991/4622/2189 4703/4623/2190
f 4991/4622/2189 5037/4624/2191 4703/4623/2190
f 4703/4623/2190 5415/4625/2154 5414/4626/2155
f 4703/4623/2190 5413/4627/2149 5038/4621/2149
f 5040/4628/2192 4992/4629/2193 4704/4630/2194
f 4992/4629/2193 5039/4631/2195 4704/4630/2194
f 4704/4630/2194 5216/4632/2196 4910/4405/2197
f 4704/4630/2194 5215/4633/2198 5040/4628/2192
f 5039/4634/2195 4993/4635/2199 4705/4636/2200
f 4993/4635/2199 5041/4637/2172 4705/4636/2200
f 4705/4636/2200 5217/4638/2172 4911/4410/2201
f 4705/4636/2200 5216/4639/2196 5039/4634/2195
f 5041/4637/2172 4994/4640/2202 4706/4641/2203
f 4994/4640/2202 5042/4642/2204 4706/4641/2203
f 4706/4641/2203 5218/4643/2205 4912/4416/2206
f 4706/4641/2203 5217/4638/2172 5041/4637/2172
f 5042/4642/2204 4995/4644/2207 4707/4645/2208
f 4995/4644/2207 5043/4646/2209 4707/4645/2208
f 4707/4645/2208 5219/4647/2210 4913/4421/2211
f 4707/4645/2208 5218/4643/2205 5042/4642/2204
f 5043/4646/2209 4996/4648/2212 4708/4649/2212
f 4996/4648/2212 5044/4650/2213 4708/4649/2212
f 4708/4649/2212 5220/4651/2117 4914/4426/2116
f 4708/4649/2212 5219/4647/2210 5043/4646/2209
f 5044/4650/2213 4997/4652/2214 4709/4653/2215
f 4997/4652/2214 5045/4654/2216 4709/4653/2215
f 4709/4653/2215 5221/4655/2217 4915/4431/2218
f 4709/4653/2215 5220/4651/2117 5044/4650/2213
f 5045/4654/2216 4998/4656/2219 4710/4657/2220
f 4998/4656/2219 5046/4658/2156 4710/4657/2220
f 4710/4657/2220 5225/4659/2156 4916/4436/2221
f 4710/4657/2220 5221/4655/2217 5045/4654/2216
f 5047/4660/2222 4999/4661/2183 4711/4662/2183
f 4999/4661/2183 5040/4628/2192 4711/4662/2183
f 4711/4662/2183 5215/4633/2198 4920/4400/2184
f 4711/4662/2183 5214/4663/2188 5047/4660/2222
f 5048/4664/2223 5000/4665/2224 4712/4666/2225
f 5000/4665/2224 5047/4660/2222 4712/4666/2225
f 4712/4666/2225 5214/4663/2188 4921/4395/2226
f 4712/4666/2225 5213/4667/2227 5048/4664/2223
f 5046/4658/2156 5001/4668/2228 4713/4669/2229
f 5001/4668/2228 5048/4664/2223 4713/4669/2229
f 4713/4669/2229 5213/4667/2227 4922/4388/2230
f 4713/4669/2229 5225/4659/2156 5046/4658/2156
f 5050/4670/2231 5002/4671/2232 4714/4672/2232
f 5002/4671/2232 5049/4673/2233 4714/4672/2232
f 4714/4672/2232 5469/4674/2234 5470/4675/2235
f 4714/4672/2232 5471/4676/2236 5050/4670/2231
f 5014/4535/2099 5003/4677/2237 4715/4678/2238
f 5003/4677/2237 5050/4670/2231 4715/4678/2238
f 4715/4678/2238 5471/4676/2236 5472/4679/2239
f 4715/4678/2238 5375/4536/2100 5014/4535/2099
f 5019/4552/2117 5004/4680/2240 4716/4681/2241
f 5004/4680/2240 5051/4682/2217 4716/4681/2241
f 4716/4681/2241 5474/4683/2242 5473/4684/2215
f 4716/4681/2241 5383/4553/2118 5019/4552/2117
f 5049/4673/2233 5005/4685/2243 4717/4686/2244
f 5005/4685/2243 5031/4595/2166 4717/4686/2244
f 4717/4686/2244 5404/4601/2171 5475/4687/2245
f 4717/4686/2244 5469/4674/2234 5049/4673/2233
f 5032/4605/2175 5006/4688/2246 4718/4689/2247
f 5006/4688/2246 5020/4549/2114 4718/4689/2247
f 4718/4689/2247 5381/4555/2120 5476/4690/2248
f 4718/4689/2247 5407/4606/2176 5032/4605/2175
f 5052/4691/2249 5007/4692/2250 4719/4693/2200
f 5007/4692/2250 5033/4602/2172 4719/4693/2200
f 4719/4693/2200 5405/4608/2178 5478/4694/2200
f 4719/4693/2200 5477/4695/2251 5052/4691/2249
f 5034/4696/2139 5008/4697/2252 4720/4698/2253
f 5008/4697/2252 5053/4699/2254 4720/4698/2253
f 4720/4698/2253 5480/4700/2255 5479/4701/2256
f 4720/4698/2253 5408/4612/2181 5034/4696/2139
f 5035/4617/2185 5009/4702/2257 4721/4703/2258
f 5009/4702/2257 5052/4704/2249 4721/4703/2258
f 4721/4703/2258 5477/4695/2251 5481/4705/2259
f 4721/4703/2258 5412/4618/2186 5035/4617/2185
f 5053/4699/2254 5010/4706/2260 4722/4707/2260
f 5010/4706/2260 5038/4621/2149 4722/4707/2260
f 4722/4707/2260 5413/4627/2149 5482/4708/2261
f 4722/4707/2260 5480/4700/2255 5053/4699/2254
f 5028/4589/2159 5011/4709/2262 4723/4710/2263
f 5011/4709/2262 5036/4614/2182 4723/4710/2263
f 4723/4710/2263 5410/4620/2188 5483/4711/2264
f 4723/4710/2263 5398/4590/2160 5028/4589/2159
f 5051/4682/2217 5012/4712/2265 4724/4713/2266
f 5012/4712/2265 5029/4586/2156 4724/4713/2266
f 4724/4713/2266 5400/4592/2162 5484/4714/2267
f 4724/4713/2266 5474/4683/2242 5051/4682/2217
f 5037/4624/2191 5013/4715/2268 4725/4716/2269
f 5013/4715/2268 5015/4532/2096 4725/4716/2269
f 4725/4716/2269 5373/4538/2102 5485/4717/2270
f 4725/4716/2269 5415/4625/2154 5037/4624/2191
f 4736/4718/1965 5198/4625/1965 4973/4717/2031
f 4736/4718/1965 5176/4538/1965 4863/4537/2030
f 4736/4718/1965 5179/4536/1965 4952/4679/1965
f 4736/4718/1965 5177/4676/1965 4950/4675/1965
f 4736/4718/1965 5183/4674/1965 4957/4687/1965
f 4736/4718/1965 5270/4601/1965 4881/4600/1965
f 4736/4718/1965 5269/4599/1965 4883/4613/1965
f 4736/4718/1965 5196/4612/1965 4965/4701/1965
f 4736/4718/1965 5268/4700/1965 4969/4708/1965
f 4736/4718/1965 5274/4627/1965 4885/4626/1965
f 4737/4719/1961 5272/4606/1961 4958/4690/1961
f 4737/4719/1961 5234/4555/1961 4868/4554/1961
f 4737/4719/1961 5235/4553/1961 4953/4684/1961
f 4737/4719/1961 5266/4683/1961 4972/4714/1961
f 4737/4719/1961 5195/4592/1961 4878/4591/1961
f 4737/4719/1961 5243/4590/1961 4971/4711/1961
f 4737/4719/1961 5273/4620/1961 4884/4619/1961
f 4737/4719/1961 5197/4618/1961 4966/4705/1961
f 4737/4719/1961 5267/4695/1961 4962/4694/1961
f 4737/4719/1961 5271/4608/1961 4882/4607/1961
f 4800/4720/1957 5079/4721/1957 4738/4722/1957
f 5079/4721/1957 4802/4723/1957 4738/4722/1957
f 4738/4722/1957 5140/4724/1957 4801/4725/1957
f 4738/4722/1957 5139/4726/1957 4800/4720/1957
f 4799/4727/1957 5080/4728/1957 4739/4729/1957
f 5080/4728/1957 4803/4730/1957 4739/4729/1957
f 4739/4729/1957 5141/4731/1957 5079/4721/1957
f 4739/4729/1957 5138/4732/1957 4799/4727/1957
f 4740/4733/1957 5136/4734/1957 5081/4735/1957
f 4740/4733/1957 5135/4736/1957 4804/4737/1957
f 4804/4737/1957 5080/4728/1957 4740/4733/1957
f 5080/4728/1957 4798/4738/1957 4740/4733/1957
f 5086/4739/1961 5099/4740/1961 4584/4741/1961
f 5099/4740/1961 4750/4742/2212 4584/4741/1961
f 4750/4742/2212 4751/4743/2271 4584/4741/1961
f 4751/4743/2271 5086/4739/1961 4584/4741/1961
f 5084/4744/2272 5087/4745/1957 4585/4746/1957
f 5087/4745/1957 5085/4747/2273 4585/4746/1957
f 5085/4747/2273 4753/4748/2274 4585/4746/1957
f 4753/4748/2274 5084/4744/2272 4585/4746/1957
f 4586/4749/1965 5304/4750/1965 5100/4751/1965
f 5100/4751/1965 4755/4752/2232 4586/4749/1965
f 4755/4752/2232 5085/4753/2273 4586/4749/1965
f 5085/4753/2273 5089/4754/1965 4586/4749/1965
f 5102/4755/1954 5094/4756/2232 4587/4757/1954
f 5094/4756/2232 4754/4758/2275 4587/4757/1954
f 4754/4758/2275 4750/4742/2212 4587/4757/1954
f 4750/4742/2212 5102/4755/1954 4587/4757/1954
f 4751/4743/2271 4754/4759/2275 4742/4760/1960
f 4754/4759/2275 4752/4761/2276 4742/4760/1960
f 4752/4761/2276 5088/4762/1960 4742/4760/1960
f 5088/4762/1960 4751/4743/2271 4742/4760/1960
f 5096/4763/1961 5084/4744/2272 4743/4764/1961
f 5084/4744/2272 5092/4765/2212 4743/4764/1961
f 5092/4765/2212 5098/4766/1961 4743/4764/1961
f 5098/4766/1961 5096/4763/1961 4743/4764/1961
f 5097/4767/1961 5098/4766/1961 4744/4768/1961
f 5098/4766/1961 5093/4769/2212 4744/4768/1961
f 5093/4769/2212 5099/4740/1961 4744/4768/1961
f 5099/4740/1961 5097/4767/1961 4744/4768/1961
f 4753/4770/2274 4755/4752/2232 4745/4771/1954
f 4755/4752/2232 5101/4772/1954 4745/4771/1954
f 5101/4772/1954 5092/4765/2212 4745/4771/1954
f 5092/4765/2212 4753/4770/2274 4745/4771/1954
f 5101/4772/1954 5095/4773/2232 4746/4774/1954
f 5095/4773/2232 5102/4755/1954 4746/4774/1954
f 5102/4755/1954 5093/4769/2212 4746/4774/1954
f 5093/4769/2212 5101/4772/1954 4746/4774/1954
f 5090/4775/1965 5091/4776/1965 4747/4777/1965
f 5091/4776/1965 5104/4778/1965 4747/4777/1965
f 5104/4778/1965 5103/4779/1965 4747/4777/1965
f 5103/4779/1965 5090/4775/1965 4747/4777/1965
f 5105/4780/1965 4752/4781/2276 4748/4782/1965
f 4752/4781/2276 5094/4756/2232 4748/4782/1965
f 5094/4756/2232 5106/4783/1965 4748/4782/1965
f 4748/4782/1965 5297/4784/1965 5105/4780/1965
f 5104/4778/1965 5106/4783/1965 4749/4785/1965
f 5106/4783/1965 5095/4773/2232 4749/4785/1965
f 5095/4773/2232 5100/4751/1965 4749/4785/1965
f 5100/4751/1965 5104/4778/1965 4749/4785/1965
f 4756/4029/1952 5120/4105/1952 4764/4030/1953
f 4588/4031/1953 4764/4030/1953 5121/4032/1953
f 4588/4031/1953 4757/4033/1953 5112/4034/1953
f 4758/4035/1953 5111/4106/1952 4756/4029/1952
f 4784/4036/1954 5112/4052/1954 4759/4037/1954
f 4589/4038/1954 4759/4037/1954 5115/4039/1954
f 4589/4038/1954 4783/4040/1954 5125/4041/1954
f 4792/4042/1954 5133/4053/1954 4784/4036/1954
f 4757/4033/1954 5121/4032/1954 4769/4043/1954
f 4590/4044/1954 4769/4043/1954 5113/4045/1954
f 4590/4044/1954 4766/4046/1954 5115/4047/1954
f 4759/4048/1954 5112/4034/1954 4757/4033/1954
f 4797/4049/1955 5111/4127/1955 4758/4050/1956
f 4591/4051/1956 4758/4050/1956 5112/4052/1956
f 4591/4051/1956 4784/4036/1956 5133/4053/1956
f 4790/4054/1956 5118/4123/1955 4797/4049/1955
f 4592/4055/1957 4766/4046/1957 5113/4045/1957
f 4763/4056/1957 5116/4077/1957 4770/4057/1957
f 4592/4055/1957 4770/4057/1957 5117/4058/1957
f 4762/4059/1957 5115/4047/1957 4766/4046/1957
f 5083/4060/1958 5119/4144/1958 4773/4061/1959
f 4593/4062/1959 4773/4061/1959 5130/4063/1959
f 4593/4062/1959 4765/4064/1959 5121/4065/1959
f 4764/4066/1959 5120/4140/1958 5083/4060/1958
f 4781/4067/1960 5126/4086/1960 4780/4068/1960
f 4780/4068/1960 5125/4085/1960 4794/4070/1960
f 4794/4070/1960 5129/4112/1960 4796/4071/1960
f 4796/4071/1960 5122/4111/1960 4781/4067/1960
f 4783/4040/1961 5115/4039/1961 4762/4072/1961
f 4762/4072/1961 5117/4129/1961 4761/4074/1961
f 4761/4074/1961 5129/4133/1961 4794/4075/1961
f 4794/4075/1961 5125/4041/1961 4783/4040/1961
f 4596/4076/1962 4770/4057/1962 5116/4077/1962
f 4779/4078/1962 5127/4786/1962 4777/4079/1962
f 4777/4079/1962 5128/4787/1962 4778/4080/1962
f 4596/4076/1962 4778/4080/1962 5117/4058/1962
f 4795/4081/1954 5130/4092/1954 4793/4082/1954
f 4793/4082/1954 5133/4091/1954 4792/4084/1954
f 4597/4083/1954 4792/4084/1954 5125/4085/1954
f 4597/4083/1954 4780/4068/1954 5126/4086/1954
f 4773/4087/1963 5119/4099/1964 4774/4088/1964
f 4774/4088/1964 5118/4103/1964 4790/4090/1963
f 4598/4089/1963 4790/4090/1963 5133/4091/1963
f 4598/4089/1963 4793/4082/1963 5130/4092/1963
f 4767/4093/1965 5126/4136/1965 4781/4094/1965
f 4781/4094/1965 5122/4117/1965 4768/4096/1965
f 4768/4096/1965 5116/4121/1965 4763/4097/1965
f 4763/4097/1965 5113/4137/1965 4767/4093/1965
f 4600/4098/1954 4774/4088/1954 5119/4099/1954
f 4771/4100/1954 5114/4788/1954 4760/4101/1954
f 4760/4101/1954 5131/4789/1954 4789/4102/1954
f 4600/4098/1954 4789/4102/1954 5118/4103/1954
f 4601/4104/1954 5082/4109/1954 5120/4105/1954
f 4601/4104/1954 4756/4029/1954 5111/4106/1954
f 4791/4107/1954 5124/4790/1954 4772/4108/1954
f 4772/4108/1954 5123/4791/1954 5082/4109/1954
f 4602/4110/1962 4788/4115/1962 5122/4111/1962
f 4602/4110/1962 4796/4071/1962 5129/4112/1962
f 4786/4113/1962 5134/4792/1962 4787/4114/1962
f 4787/4114/1962 5132/4793/1962 4788/4115/1962
f 4603/4116/1962 4768/4096/1962 5122/4117/1962
f 4788/4118/1962 5132/4794/1962 4776/4119/1962
f 4776/4119/1962 5127/4795/1962 4779/4120/1962
f 4603/4116/1962 4779/4120/1962 5116/4121/1962
f 4604/4122/1954 4797/4049/1954 5118/4123/1954
f 4789/4124/1954 5131/4796/1954 4775/4125/1954
f 4775/4125/1954 5124/4797/1954 4791/4126/1954
f 4604/4122/1954 4791/4126/1954 5111/4127/1954
f 4605/4128/1962 4761/4074/1962 5117/4129/1962
f 4778/4130/1962 5128/4798/1962 4785/4131/1962
f 4785/4131/1962 5134/4799/1962 4786/4132/1962
f 4605/4128/1962 4786/4132/1962 5129/4133/1962
f 4765/4064/1954 5130/4063/1954 4795/4134/1954
f 4606/4135/1954 4795/4134/1954 5126/4136/1954
f 4606/4135/1954 4767/4093/1954 5113/4137/1954
f 4769/4138/1954 5121/4065/1954 4765/4064/1954
f 4741/4139/1954 5083/4060/1954 5120/4140/1954
f 5082/4141/1954 5123/4800/1954 4782/4142/1954
f 4782/4142/1954 5114/4801/1954 4771/4143/1954
f 4741/4139/1954 4771/4143/1954 5119/4144/1954
f 5071/4145/1960 5275/4802/1960 5055/4146/1960
f 4726/4147/1960 5055/4146/1960 5277/4148/1960
f 5070/4149/1960 5287/4803/1960 5064/4150/1960
f 4726/4147/1960 5064/4150/1960 5284/4151/1960
f 4727/4152/1960 5069/4158/1960 5278/4153/1960
f 5054/4154/1960 5276/4804/1960 5068/4155/1960
f 4727/4152/1960 5068/4155/1960 5286/4156/1960
f 5062/4157/1960 5288/4805/1960 5069/4158/1960
f 5056/4159/1954 5278/4153/1954 5058/4160/1954
f 5058/4160/1954 5280/4806/1954 5057/4162/1954
f 5057/4162/1954 5279/4807/1954 5059/4163/1954
f 5059/4163/1954 5277/4148/1954 5056/4159/1954
f 5064/4164/1954 5287/4808/1954 5067/4165/1954
f 5067/4165/1954 5289/4809/1954 5065/4167/1954
f 5065/4167/1954 5567/4810/1954 5566/4168/1954
f 5566/4168/1954 5284/4811/1954 5064/4164/1954
f 5062/4169/1954 5286/4812/1954 5568/4170/1954
f 5568/4170/1954 5569/4813/1954 5063/4172/1954
f 5063/4172/1954 5290/4814/1954 5066/4173/1954
f 5066/4173/1954 5288/4815/1954 5062/4169/1954
f 5070/4174/1961 5277/4148/1961 5059/4163/1961
f 5059/4163/1961 5279/4807/1961 5072/4176/1961
f 5072/4176/1961 5289/4809/1961 5067/4165/1961
f 5067/4165/1961 5287/4808/1961 5070/4174/1961
f 5073/4177/1965 5280/4806/1965 5058/4160/1965
f 5058/4160/1965 5278/4153/1965 5069/4179/1965
f 5069/4179/1965 5288/4815/1965 5066/4173/1965
f 5066/4173/1965 5290/4814/1965 5073/4177/1965
f 4733/4180/1960 5054/4154/1960 5278/4153/1960
f 4733/4180/1960 5056/4159/1960 5277/4148/1960
f 5055/4146/1960 5275/4802/1960 5076/4181/1960
f 5076/4181/1960 5276/4804/1960 5054/4154/1960
f 5068/4182/1961 5276/4816/1961 5075/4183/1961
f 5075/4183/1961 5282/4817/1961 5077/4185/1961
f 5077/4185/1961 5285/4813/1961 5061/4170/1961
f 5061/4170/1961 5286/4812/1961 5068/4182/1961
f 5078/4186/1965 5281/4818/1965 5074/4187/1965
f 5074/4187/1965 5275/4819/1965 5071/4189/1965
f 5071/4189/1965 5284/4811/1965 5060/4168/1965
f 5060/4168/1965 5283/4810/1965 5078/4186/1965
f 4825/4190/1966 5153/4820/1966 4837/4191/1967
f 4837/4191/1967 5337/4821/1954 5340/4193/1954
f 5340/4193/1954 5329/4822/1954 5328/4194/1967
f 5328/4194/1967 5327/4823/1966 4825/4190/1966
f 4812/4193/1968 5338/4821/1968 5349/4195/1969
f 5349/4195/1969 5348/4824/1970 4814/4197/1970
f 4814/4197/1970 5332/4825/1970 5331/4198/1969
f 5331/4198/1969 5330/4822/1968 4812/4193/1968
f 4814/4197/1970 5348/4824/1970 5353/4199/1971
f 5353/4199/1971 5352/4826/1972 4815/4201/1972
f 4815/4201/1972 5334/4827/1972 5333/4202/1971
f 5333/4202/1971 5332/4825/1970 4814/4197/1970
f 4816/4203/1973 5160/4828/1973 4843/4204/1974
f 4843/4204/1974 5162/4829/1975 4817/4206/1975
f 4817/4206/1975 5323/4830/1975 5322/4207/1974
f 5322/4207/1974 5321/4831/1973 4816/4203/1973
f 4817/4206/1975 5162/4829/1975 4845/4208/1976
f 4845/4208/1976 5166/4832/1977 4819/4210/1977
f 4819/4210/1977 5325/4833/1977 5324/4211/1976
f 5324/4211/1976 5323/4830/1975 4817/4206/1975
f 4815/4201/1972 5352/4826/1972 5357/4212/1978
f 5357/4212/1978 5356/4834/1979 4833/4214/1979
f 4833/4214/1979 5336/4835/2277 5335/4215/1978
f 5335/4215/1978 5334/4827/1972 4815/4201/1972
f 4819/4210/1977 5166/4832/1977 4849/4216/1980
f 4849/4216/1980 5153/4820/1966 4825/4190/1966
f 4825/4190/1966 5327/4823/1966 5326/4218/1980
f 5326/4218/1980 5325/4833/1977 4819/4210/1977
f 4614/4219/1960 4811/4225/1960 5143/4220/1960
f 4614/4219/1960 4820/4221/1960 5144/4222/1960
f 4805/4223/1960 5145/4836/1960 4821/4224/1960
f 4821/4224/1960 5150/4837/1960 4811/4225/1960
f 4810/4226/1960 5150/4837/1960 4821/4224/1960
f 4821/4224/1960 5145/4836/1960 4806/4228/1960
f 4615/4227/1960 4806/4228/1960 5146/4229/1960
f 4615/4227/1960 4822/4230/1960 5149/4231/1960
f 4809/4232/1960 5149/4231/1960 4822/4230/1960
f 4822/4230/1960 5146/4229/1960 4807/4234/1960
f 4616/4233/1960 4807/4234/1960 5147/4235/1960
f 4616/4233/1960 4808/4236/1960 5148/4237/1960
f 4813/4238/1966 5311/4838/1966 5312/4239/1967
f 5312/4239/1967 5313/4839/1954 5344/4241/1954
f 5344/4241/1954 5341/4840/1954 4836/4242/1967
f 4836/4242/1967 5154/4841/1966 4813/4238/1966
f 4826/4243/1966 5154/4841/1966 4836/4242/1967
f 4836/4242/1967 5341/4840/1954 5345/4245/1954
f 5345/4245/1954 5337/4821/1954 4837/4191/1967
f 4837/4191/1967 5153/4820/1966 4826/4243/1966
f 4823/4241/1968 5314/4839/1968 5315/4246/1969
f 5315/4246/1969 5316/4842/1982 4827/4248/1982
f 4827/4248/1982 5346/4843/1970 5347/4249/1969
f 5347/4249/1969 5342/4840/1968 4823/4241/1968
f 4827/4248/1982 5316/4842/1982 5317/4250/1971
f 5317/4250/1971 5318/4844/1972 4828/4252/1972
f 4828/4252/1972 5350/4845/1972 5351/4253/1971
f 5351/4253/1971 5346/4843/1970 4827/4248/1982
f 4829/4254/1973 5305/4846/1973 5306/4255/1974
f 5306/4255/1974 5307/4847/1975 4831/4257/1975
f 4831/4257/1975 5161/4848/1975 4842/4258/1974
f 4842/4258/1974 5159/4849/1973 4829/4254/1973
f 4830/4259/1973 5159/4849/1973 4842/4258/1974
f 4842/4258/1974 5161/4848/1975 4832/4261/1975
f 4832/4261/1975 5162/4829/1975 4843/4204/1974
f 4843/4204/1974 5160/4828/1973 4830/4259/1973
f 4831/4257/1975 5307/4847/1975 5308/4262/1976
f 5308/4262/1976 5309/4850/2278 4834/4264/1977
f 4834/4264/1977 5165/4851/1977 4844/4265/1976
f 4844/4265/1976 5161/4848/1975 4831/4257/1975
f 4832/4261/1975 5161/4848/1975 4844/4265/1976
f 4844/4265/1976 5165/4851/1977 4835/4267/1977
f 4835/4267/1977 5166/4832/1977 4845/4208/1976
f 4845/4208/1976 5162/4829/1975 4832/4261/1975
f 4828/4252/1972 5318/4844/1972 5319/4268/1978
f 5319/4268/1978 5320/4852/1979 4818/4270/1979
f 4818/4270/1979 5354/4853/1979 5355/4271/1978
f 5355/4271/1978 5350/4845/1972 4828/4252/1972
f 4834/4264/1977 5309/4850/2278 5310/4272/1980
f 5310/4272/1980 5311/4838/1966 4813/4238/1966
f 4813/4238/1966 5154/4841/1966 4848/4274/1980
f 4848/4274/1980 5165/4851/1977 4834/4264/1977
f 4835/4267/1977 5165/4851/1977 4848/4274/1980
f 4848/4274/1980 5154/4841/1966 4826/4243/1966
f 4826/4243/1966 5153/4820/1966 4849/4216/1980
f 4849/4216/1980 5166/4832/1977 4835/4267/1977
f 5364/4276/1965 5361/4854/1965 4855/4277/1965
f 4855/4277/1965 5358/4855/1965 5359/4279/1965
f 5359/4279/1965 5360/4856/1965 4850/4280/1965
f 4850/4280/1965 5365/4857/1965 5364/4276/1965
f 5362/4281/1965 5339/4858/1965 4824/4282/1965
f 4824/4282/1965 5343/4859/1965 5363/4284/1965
f 5363/4284/1965 5358/4855/1965 4855/4277/1965
f 4855/4277/1965 5361/4854/1965 5362/4281/1965
f 4630/4285/1960 4838/4291/1960 5155/4286/1960
f 4840/4287/1960 5157/4860/1960 4856/4288/1960
f 4630/4285/1960 4856/4288/1960 5169/4289/1960
f 4853/4290/1960 5151/4861/1960 4838/4291/1960
f 4857/4292/1957 5158/4862/1957 4841/4293/1957
f 4631/4294/1957 4841/4293/1957 5156/4295/1957
f 4839/4296/1957 5152/4863/1957 4852/4297/1957
f 4631/4294/1957 4852/4297/1957 5170/4298/1957
f 4854/4299/1957 5168/4864/1957 4858/4300/1957
f 4632/4301/1957 4858/4300/1957 5163/4302/1957
f 4847/4303/1957 5158/4862/1957 4857/4292/1957
f 4632/4301/1957 4857/4292/1957 5170/4298/1957
f 4633/4304/1960 4846/4308/1960 5164/4305/1960
f 4859/4306/1960 5167/4865/1960 4851/4307/1960
f 4633/4304/1960 4851/4307/1960 5169/4289/1960
f 4856/4288/1960 5157/4860/1960 4846/4308/1960
f 5498/4309/1954 5492/4866/1983 4865/4310/1983
f 4634/4311/1954 4865/4310/1983 5496/4312/1983
f 4634/4311/1954 5495/4313/1954 5494/4314/1984
f 4867/4315/1984 5497/4867/1984 5498/4309/1954
f 5514/4316/1985 5509/4868/1986 4876/4317/1986
f 4876/4317/1986 5511/4869/1986 5512/4319/1985
f 5512/4319/1985 5513/4527/1960 4879/4320/1960
f 4635/4318/1985 4879/4320/1960 5491/4321/1960
f 4894/4322/1987 5396/4585/2279 5401/4323/1988
f 5401/4323/1988 5378/4544/1991 4893/4325/1990
f 4636/4324/1989 4893/4325/1990 5372/4326/1991
f 4636/4324/1989 5428/4327/1992 5426/4328/1993
f 4895/4329/1994 5394/4581/2280 5397/4330/1995
f 5397/4330/1995 5396/4585/2279 4894/4322/1987
f 4637/4331/1995 4894/4322/1987 5426/4328/1993
f 4637/4331/1995 5427/4332/1996 5424/4333/1997
f 4896/4334/1998 5392/4576/2281 5395/4335/1999
f 5395/4335/1999 5394/4581/2280 4895/4329/1994
f 4638/4336/2000 4895/4329/1994 5424/4333/1997
f 4638/4336/2000 5425/4337/2001 5422/4338/1998
f 4897/4339/2002 5390/4577/2282 5393/4340/2003
f 5393/4340/2003 5392/4576/2281 4896/4334/1998
f 4639/4341/2003 4896/4334/1998 5422/4338/1998
f 4639/4341/2003 5423/4342/2004 5420/4343/2005
f 4898/4344/2006 5388/4567/2006 5391/4345/2007
f 5391/4345/2007 5390/4571/2282 4897/4347/2002
f 4640/4346/2008 4897/4347/2002 5420/4343/2005
f 4640/4346/2008 5421/4348/2009 5418/4349/2010
f 4899/4350/2011 5386/4563/2283 5389/4351/2012
f 5389/4351/2012 5388/4567/2006 4898/4344/2006
f 4641/4352/2012 4898/4344/2006 5418/4349/2010
f 4641/4352/2012 5419/4353/2013 5416/4354/2014
f 4900/4355/2015 5384/4559/2284 5387/4356/2016
f 5387/4356/2016 5386/4563/2283 4899/4350/2011
f 4642/4357/2016 4899/4350/2011 5416/4354/2014
f 4642/4357/2016 5417/4358/2017 5366/4359/2018
f 4901/4360/2019 5379/4548/2285 5385/4361/2020
f 5385/4361/2020 5384/4559/2284 4900/4355/2015
f 4643/4362/2021 4900/4355/2015 5366/4359/2018
f 4643/4362/2021 5367/4363/2022 5368/4364/2023
f 4902/4365/2024 5376/4543/2286 5380/4366/2025
f 5380/4366/2025 5379/4548/2285 4901/4360/2019
f 4644/4367/2026 4901/4360/2019 5368/4364/2023
f 4644/4367/2026 5369/4368/2027 5370/4369/2024
f 4893/4325/1990 5378/4544/1991 5377/4370/2028
f 5377/4370/2028 5376/4543/2286 4902/4365/2024
f 4645/4371/2028 4902/4365/2024 5370/4369/2024
f 4645/4371/2028 5371/4372/2029 5372/4326/1991
f 4907/4373/1965 5205/4385/1965 4903/4374/1965
f 4646/4375/1965 4903/4374/1965 5202/4338/1965
f 4646/4375/1965 4890/4337/1965 5203/4333/1965
f 4904/4376/1965 5206/4381/1965 4907/4373/1965
f 4647/4377/1965 4860/4363/1965 5171/4359/1965
f 4905/4378/1965 5205/4385/1965 4907/4373/1965
f 4907/4373/1965 5206/4381/1965 4906/4379/1965
f 4647/4377/1965 4906/4379/1965 5173/4364/1965
f 4861/4368/1965 5173/4364/1965 4906/4379/1965
f 4648/4380/1965 4906/4379/1965 5206/4381/1965
f 4908/4382/1965 5175/4326/2031 4862/4372/1965
f 4648/4380/1965 4862/4372/1965 5174/4369/2030
f 4649/4383/1965 4891/4332/1965 5204/4328/2031
f 4892/4327/1965 5175/4326/2031 4908/4382/1965
f 4649/4383/1965 4908/4382/1965 5206/4381/1965
f 4904/4376/1965 5203/4333/1965 4891/4332/1965
f 4650/4384/1965 4888/4348/1965 5201/4343/2031
f 4889/4342/2031 5202/4338/1965 4903/4374/1965
f 4650/4384/1965 4903/4374/1965 5205/4385/1965
f 4909/4386/1965 5200/4349/2030 4888/4348/1965
f 4651/4387/1965 4886/4358/1965 5199/4354/2030
f 4887/4353/1965 5200/4349/2030 4909/4386/1965
f 4651/4387/1965 4909/4386/1965 5205/4385/1965
f 4905/4378/1965 5171/4359/1965 4886/4358/1965
f 5455/4388/2032 5453/4667/2287 4931/4389/2033
f 4652/4390/2034 4931/4389/2033 5466/4391/2035
f 4652/4390/2034 5468/4392/2036 5446/4393/2037
f 4930/4394/2038 5443/4659/2288 5455/4388/2032
f 5454/4395/2039 5451/4663/2289 4932/4396/2040
f 4653/4397/2041 4932/4396/2040 5464/4398/2042
f 4653/4397/2041 5467/4399/2043 5466/4391/2035
f 4931/4389/2033 5453/4667/2287 5454/4395/2039
f 5452/4400/2044 5429/4633/2046 4933/4401/2045
f 4654/4402/2044 4933/4401/2045 5462/4403/2046
f 4654/4402/2044 5465/4404/2047 5464/4398/2042
f 4932/4396/2040 5451/4663/2289 5452/4400/2044
f 5430/4405/2048 5431/4632/2290 4934/4406/2049
f 4655/4407/2050 4934/4406/2049 5460/4408/2051
f 4655/4407/2050 5463/4409/2052 5462/4403/2046
f 4933/4401/2045 5429/4633/2046 5430/4405/2048
f 5432/4410/2053 5433/4638/2054 4935/4411/2054
f 4656/4412/2055 4935/4411/2054 5458/4413/2056
f 4656/4412/2055 5461/4414/2057 5460/4408/2051
f 4934/4415/2049 5431/4639/2290 5432/4410/2053
f 5434/4416/2058 5435/4643/2291 4936/4417/2059
f 4657/4418/2060 4936/4417/2059 5456/4419/2061
f 4657/4418/2060 5459/4420/2062 5458/4413/2056
f 4935/4411/2054 5433/4638/2054 5434/4416/2058
f 5436/4421/2063 5437/4647/2292 4937/4422/2064
f 4658/4423/2065 4937/4422/2064 5449/4424/2066
f 4658/4423/2065 5457/4425/2067 5456/4419/2061
f 4936/4417/2059 5435/4643/2291 5436/4421/2063
f 5438/4426/2068 5439/4651/2293 4938/4427/2069
f 4659/4428/2070 4938/4427/2069 5447/4429/2071
f 4659/4428/2070 5450/4430/2068 5449/4424/2066
f 4937/4422/2064 5437/4647/2292 5438/4426/2068
f 5440/4431/2072 5441/4655/2294 4939/4432/2073
f 4660/4433/2074 4939/4432/2073 5444/4434/2075
f 4660/4433/2074 5448/4435/2076 5447/4429/2071
f 4938/4427/2069 5439/4651/2293 5440/4431/2072
f 5442/4436/2077 5443/4659/2288 4930/4394/2038
f 4661/4437/2078 4930/4394/2038 5446/4393/2037
f 4661/4437/2078 5445/4438/2077 5444/4434/2075
f 4939/4432/2073 5441/4655/2294 5442/4436/2077
f 4940/4439/1961 5227/4452/1961 4944/4440/1961
f 4944/4440/1961 5228/4448/1961 4941/4442/1961
f 4662/4441/1961 4941/4442/1961 5208/4398/1961
f 4662/4441/1961 4927/4404/1961 5209/4403/1961
f 4663/4443/1961 4942/4445/1961 5226/4424/1961
f 4663/4443/1961 4919/4430/1961 5224/4429/2079
f 4943/4444/1961 5228/4448/1961 4944/4440/1961
f 4944/4440/1961 5227/4452/1961 4942/4445/1961
f 4943/4444/1961 5224/4429/2079 4918/4435/2079
f 4664/4446/1961 4918/4435/2079 5223/4434/2079
f 4917/4438/1961 5222/4393/1961 4945/4447/1961
f 4664/4446/1961 4945/4447/1961 5228/4448/1961
f 4665/4449/1961 4929/4392/2080 5207/4391/2080
f 4928/4399/1961 5208/4398/1961 4941/4442/1961
f 4665/4449/1961 4941/4442/1961 5228/4448/1961
f 4945/4447/1961 5222/4393/1961 4929/4392/2080
f 4666/4450/1961 4926/4409/2079 5210/4408/1961
f 4925/4414/1961 5211/4413/1961 4946/4451/1961
f 4666/4450/1961 4946/4451/1961 5227/4452/1961
f 4940/4439/1961 5209/4403/1961 4926/4409/2079
f 4667/4453/1961 4924/4420/2079 5212/4419/1961
f 4923/4425/1961 5226/4424/1961 4942/4445/1961
f 4667/4453/1961 4942/4445/1961 5227/4452/1961
f 4946/4451/1961 5211/4413/1961 4924/4420/2079
f 5487/4454/2081 5486/4870/1960 4947/4455/1960
f 4947/4455/1960 5543/4871/1960 5542/4457/2081
f 5542/4457/2081 5541/4872/2082 4948/4458/2082
f 4948/4458/2082 5488/4873/2082 5487/4454/2081
f 5552/4459/2083 5488/4873/2082 4948/4458/2082
f 4948/4458/2082 5541/4872/2082 5540/4461/2083
f 5540/4461/2083 5539/4874/1983 4951/4462/1983
f 4951/4462/1983 5551/4875/1983 5552/4459/2083
f 5493/4463/2083 5489/4876/2082 4949/4464/2082
f 4949/4464/2082 5554/4877/2082 5553/4466/2083
f 5553/4466/2083 5496/4312/1983 4865/4310/1983
f 4865/4310/1983 5492/4866/1983 5493/4463/2083
f 5550/4467/1954 5551/4875/1983 4951/4462/1983
f 4951/4462/1983 5539/4874/1983 5538/4469/1954
f 5538/4469/1954 5537/4878/1984 4954/4470/1984
f 4954/4470/1984 5549/4879/1984 5550/4467/1954
f 5555/4471/2084 5549/4879/1984 4954/4470/1984
f 4954/4470/1984 5537/4878/1984 5536/4473/2084
f 5536/4473/2084 5535/4880/2295 4955/4474/2085
f 4955/4474/2085 5517/4881/2085 5555/4471/2084
f 5500/4475/2084 5497/4867/1984 4867/4315/1984
f 4867/4315/1984 5494/4314/1984 5556/4477/2084
f 5556/4477/2084 5520/4882/2085 4956/4478/2085
f 4956/4478/2085 5499/4883/2085 5500/4475/2084
f 5516/4479/2086 5517/4881/2085 4955/4474/2085
f 4955/4474/2085 5535/4880/2295 5534/4481/2086
f 5534/4481/2086 5533/4884/1957 4959/4482/1957
f 4959/4482/1957 5515/4885/1957 5516/4479/2086
f 5502/4483/2086 5499/4883/2085 4956/4478/2085
f 4956/4478/2085 5520/4882/2085 5519/4485/2086
f 4675/4484/2086 5519/4485/2086 5518/4486/1957
f 4960/4487/1957 5501/4494/1957 5502/4483/2086
f 5522/4488/2087 5515/4885/1957 4959/4482/1957
f 4959/4482/1957 5533/4884/1957 5532/4490/2088
f 5532/4490/2088 5531/4886/2296 4961/4491/2089
f 4676/4489/2088 4961/4491/2089 5521/4492/2089
f 4677/4493/2088 5504/4497/2088 5501/4494/1957
f 4960/4487/1957 5518/4486/1957 5558/4495/2088
f 5558/4495/2088 5557/4887/2089 4872/4496/2090
f 4872/4496/2090 5503/4888/2089 5504/4497/2088
f 5506/4498/2091 5503/4889/2089 4872/4499/2090
f 4872/4499/2090 5557/4890/2089 5561/4501/2091
f 5561/4501/2091 5525/4891/2092 4964/4502/2092
f 4964/4502/2092 5505/4892/2092 5506/4498/2091
f 4679/4503/2091 5559/4508/2093 5521/4504/2089
f 4961/4505/2089 5531/4893/2296 5530/4506/2091
f 5530/4506/2091 5529/4894/2092 4963/4507/2092
f 4963/4507/2092 5560/4895/2092 5559/4508/2093
f 5508/4509/1962 5505/4892/2092 4964/4502/2092
f 4964/4502/2092 5525/4891/2092 5524/4511/1962
f 5524/4511/1962 5523/4896/2094 4968/4512/2094
f 4680/4510/1962 4968/4512/2094 5507/4513/2094
f 5562/4514/1962 5560/4895/2092 4963/4507/2092
f 4963/4507/2092 5529/4894/2092 5545/4516/1962
f 5545/4516/1962 5544/4897/2094 4967/4517/2094
f 4967/4517/2094 5526/4898/2094 5562/4514/1962
f 5510/4518/2095 5507/4513/2094 4968/4512/2094
f 4968/4512/2094 5523/4896/2094 5563/4520/2095
f 5563/4520/2095 5511/4869/1986 4876/4317/1986
f 4876/4317/1986 5509/4868/1986 5510/4518/2095
f 5527/4521/2095 5526/4898/2094 4967/4517/2094
f 4967/4517/2094 5544/4897/2094 5547/4523/2095
f 5547/4523/2095 5546/4899/1986 4970/4524/1986
f 4970/4524/1986 5528/4900/1986 5527/4521/2095
f 5490/4525/2081 5491/4321/1960 4879/4320/1960
f 4684/4526/2081 4879/4320/1960 5513/4527/1960
f 5564/4528/2081 5554/4877/2082 4949/4464/2082
f 4949/4464/2082 5489/4876/2082 5490/4525/2081
f 5565/4529/1985 5528/4900/1986 4970/4524/1986
f 4970/4524/1986 5546/4899/1986 5548/4531/1985
f 5548/4531/1985 5543/4871/1960 4947/4455/1960
f 4947/4455/1960 5486/4870/1960 5565/4529/1985
f 5015/4532/2096 5229/4901/2096 4974/4533/2097
f 4974/4533/2097 5230/4902/2297 5014/4535/2099
f 4686/4534/2098 5014/4535/2099 5375/4536/2100
f 4686/4534/2098 5374/4537/2101 5373/4538/2102
f 5017/4539/2103 5232/4903/2298 4975/4540/2104
f 4975/4540/2104 5231/4904/2299 5016/4542/2106
f 4687/4541/2105 5016/4542/2106 5178/4543/2100
f 4687/4541/2105 4864/4370/2107 5172/4544/2108
f 5016/4542/2106 5231/4904/2299 4976/4545/2109
f 4976/4545/2109 5180/4905/2300 5018/4547/2111
f 4688/4546/2110 5018/4547/2111 5233/4548/2112
f 4688/4546/2110 4866/4366/2113 5178/4543/2100
f 5020/4549/2114 5184/4906/2120 4977/4550/2115
f 4977/4550/2115 5181/4907/2301 5019/4552/2117
f 4689/4551/2116 5019/4552/2117 5383/4553/2118
f 4689/4551/2116 5382/4554/2119 5381/4555/2120
f 5018/4547/2111 5180/4905/2300 4978/4556/2121
f 4978/4556/2121 5182/4908/2302 5021/4558/2123
f 4690/4557/2122 5021/4558/2123 5236/4559/2124
f 4690/4557/2122 4869/4361/2125 5233/4548/2112
f 5021/4558/2123 5182/4908/2302 4979/4560/2126
f 4979/4560/2126 5237/4909/2303 5022/4562/2128
f 4691/4561/2127 5022/4562/2128 5185/4563/2129
f 4691/4561/2127 4870/4356/2130 5236/4559/2124
f 5022/4562/2128 5237/4909/2303 4980/4564/2131
f 4980/4564/2131 5238/4910/2304 5023/4566/2133
f 4692/4565/2132 5023/4566/2133 5186/4567/2134
f 4692/4565/2132 4871/4351/2135 5185/4563/2129
f 5023/4566/2133 5238/4910/2304 4981/4568/2136
f 4981/4568/2136 5187/4911/2305 5024/4570/2138
f 4693/4569/2137 5024/4570/2138 5239/4571/2139
f 4693/4569/2137 4873/4345/2140 5186/4567/2134
f 5024/4572/2138 5187/4912/2305 4982/4573/2141
f 4982/4573/2141 5240/4913/2306 5025/4575/2143
f 4694/4574/2142 5025/4575/2143 5189/4576/2144
f 4694/4574/2142 4874/4340/2145 5239/4577/2139
f 5025/4575/2143 5240/4913/2306 4983/4578/2146
f 4983/4578/2146 5241/4914/2307 5026/4580/2148
f 4695/4579/2147 5026/4580/2148 5191/4581/2149
f 4695/4579/2147 4875/4335/2150 5189/4576/2144
f 5026/4580/2148 5241/4914/2307 4984/4582/2151
f 4984/4582/2151 5192/4915/2308 5027/4584/2153
f 4696/4583/2152 5027/4584/2153 5242/4585/2154
f 4696/4583/2152 4877/4330/2155 5191/4581/2149
f 5029/4586/2156 5244/4916/2156 4985/4587/2157
f 4985/4587/2157 5193/4917/2309 5028/4589/2159
f 4697/4588/2158 5028/4589/2159 5398/4590/2160
f 4697/4588/2158 5399/4591/2161 5400/4592/2162
f 5027/4584/2153 5192/4915/2308 4986/4593/2163
f 4986/4593/2163 5232/4903/2298 5017/4539/2103
f 4698/4594/2164 5017/4539/2103 5172/4544/2108
f 4698/4594/2164 4880/4323/2165 5242/4585/2154
f 5031/4595/2166 5246/4918/2310 4987/4596/2167
f 4987/4596/2167 5245/4919/2311 5030/4598/2169
f 4699/4597/2168 5030/4598/2169 5402/4599/2134
f 4699/4597/2168 5403/4600/2170 5404/4601/2171
f 5033/4602/2172 5247/4920/2312 4988/4603/2173
f 4988/4603/2173 5248/4921/2313 5032/4605/2175
f 4700/4604/2174 5032/4605/2175 5407/4606/2176
f 4700/4604/2174 5406/4607/2177 5405/4608/2178
f 5030/4598/2169 5245/4919/2311 4989/4609/2179
f 4989/4609/2179 5249/4922/2314 5034/4611/2139
f 4701/4610/2180 5034/4611/2139 5408/4612/2181
f 4701/4610/2180 5409/4613/2180 5402/4599/2134
f 5036/4614/2182 5250/4923/2315 4990/4615/2183
f 4990/4615/2183 5251/4924/2316 5035/4617/2185
f 4702/4616/2184 5035/4617/2185 5412/4618/2186
f 4702/4616/2184 5411/4619/2187 5410/4620/2188
f 5038/4621/2149 5252/4925/2317 4991/4622/2189
f 4991/4622/2189 5253/4926/2318 5037/4624/2191
f 4703/4623/2190 5037/4624/2191 5415/4625/2154
f 4703/4623/2190 5414/4626/2155 5413/4627/2149
f 5040/4628/2192 5254/4927/2319 4992/4629/2193
f 4992/4629/2193 5255/4928/2320 5039/4631/2195
f 4704/4630/2194 5039/4631/2195 5216/4632/2196
f 4704/4630/2194 4910/4405/2197 5215/4633/2198
f 5039/4634/2195 5255/4929/2320 4993/4635/2199
f 4993/4635/2199 5256/4930/2178 5041/4637/2172
f 4705/4636/2200 5041/4637/2172 5217/4638/2172
f 4705/4636/2200 4911/4410/2201 5216/4639/2196
f 5041/4637/2172 5256/4930/2178 4994/4640/2202
f 4994/4640/2202 5257/4931/2321 5042/4642/2204
f 4706/4641/2203 5042/4642/2204 5218/4643/2205
f 4706/4641/2203 4912/4416/2206 5217/4638/2172
f 5042/4642/2204 5257/4931/2321 4995/4644/2207
f 4995/4644/2207 5258/4932/2322 5043/4646/2209
f 4707/4645/2208 5043/4646/2209 5219/4647/2210
f 4707/4645/2208 4913/4421/2211 5218/4643/2205
f 5043/4646/2209 5258/4932/2322 4996/4648/2212
f 4996/4648/2212 5259/4933/2323 5044/4650/2213
f 4708/4649/2212 5044/4650/2213 5220/4651/2117
f 4708/4649/2212 4914/4426/2116 5219/4647/2210
f 5044/4650/2213 5259/4933/2323 4997/4652/2214
f 4997/4652/2214 5260/4934/2324 5045/4654/2216
f 4709/4653/2215 5045/4654/2216 5221/4655/2217
f 4709/4653/2215 4915/4431/2218 5220/4651/2117
f 5045/4654/2216 5260/4934/2324 4998/4656/2219
f 4998/4656/2219 5261/4935/2325 5046/4658/2156
f 4710/4657/2220 5046/4658/2156 5225/4659/2156
f 4710/4657/2220 4916/4436/2221 5221/4655/2217
f 5047/4660/2222 5262/4936/2326 4999/4661/2183
f 4999/4661/2183 5254/4927/2319 5040/4628/2192
f 4711/4662/2183 5040/4628/2192 5215/4633/2198
f 4711/4662/2183 4920/4400/2184 5214/4663/2188
f 5048/4664/2223 5263/4937/2327 5000/4665/2224
f 5000/4665/2224 5262/4936/2326 5047/4660/2222
f 4712/4666/2225 5047/4660/2222 5214/4663/2188
f 4712/4666/2225 4921/4395/2226 5213/4667/2227
f 5046/4658/2156 5261/4935/2325 5001/4668/2228
f 5001/4668/2228 5263/4937/2327 5048/4664/2223
f 4713/4669/2229 5048/4664/2223 5213/4667/2227
f 4713/4669/2229 4922/4388/2230 5225/4659/2156
f 5050/4670/2231 5265/4938/2328 5002/4671/2232
f 5002/4671/2232 5264/4939/2123 5049/4673/2233
f 4714/4672/2232 5049/4673/2233 5469/4674/2234
f 4714/4672/2232 5470/4675/2235 5471/4676/2236
f 5014/4535/2099 5230/4902/2297 5003/4677/2237
f 5003/4677/2237 5265/4938/2328 5050/4670/2231
f 4715/4678/2238 5050/4670/2231 5471/4676/2236
f 4715/4678/2238 5472/4679/2239 5375/4536/2100
f 5019/4552/2117 5181/4907/2301 5004/4680/2240
f 5004/4680/2240 5194/4940/2329 5051/4682/2217
f 4716/4681/2241 5051/4682/2217 5474/4683/2242
f 4716/4681/2241 5473/4684/2215 5383/4553/2118
f 5049/4673/2233 5264/4939/2123 5005/4685/2243
f 5005/4685/2243 5246/4918/2310 5031/4595/2166
f 4717/4686/2244 5031/4595/2166 5404/4601/2171
f 4717/4686/2244 5475/4687/2245 5469/4674/2234
f 5032/4605/2175 5248/4921/2313 5006/4688/2246
f 5006/4688/2246 5184/4906/2120 5020/4549/2114
f 4718/4689/2247 5020/4549/2114 5381/4555/2120
f 4718/4689/2247 5476/4690/2248 5407/4606/2176
f 5052/4691/2249 5188/4941/2330 5007/4692/2250
f 5007/4692/2250 5247/4920/2312 5033/4602/2172
f 4719/4693/2200 5033/4602/2172 5405/4608/2178
f 4719/4693/2200 5478/4694/2200 5477/4695/2251
f 5034/4696/2139 5249/4942/2314 5008/4697/2252
f 5008/4697/2252 5190/4943/2331 5053/4699/2254
f 4720/4698/2253 5053/4699/2254 5480/4700/2255
f 4720/4698/2253 5479/4701/2256 5408/4612/2181
f 5035/4617/2185 5251/4924/2316 5009/4702/2257
f 5009/4702/2257 5188/4944/2330 5052/4704/2249
f 4721/4703/2258 5052/4704/2249 5477/4695/2251
f 4721/4703/2258 5481/4705/2259 5412/4618/2186
f 5053/4699/2254 5190/4943/2331 5010/4706/2260
f 5010/4706/2260 5252/4925/2317 5038/4621/2149
f 4722/4707/2260 5038/4621/2149 5413/4627/2149
f 4722/4707/2260 5482/4708/2261 5480/4700/2255
f 5028/4589/2159 5193/4917/2309 5011/4709/2262
f 5011/4709/2262 5250/4923/2315 5036/4614/2182
f 4723/4710/2263 5036/4614/2182 5410/4620/2188
f 4723/4710/2263 5483/4711/2264 5398/4590/2160
f 5051/4682/2217 5194/4940/2329 5012/4712/2265
f 5012/4712/2265 5244/4916/2156 5029/4586/2156
f 4724/4713/2266 5029/4586/2156 5400/4592/2162
f 4724/4713/2266 5484/4714/2267 5474/4683/2242
f 5037/4624/2191 5253/4926/2318 5013/4715/2268
f 5013/4715/2268 5229/4901/2096 5015/4532/2096
f 4725/4716/2269 5015/4532/2096 5373/4538/2102
f 4725/4716/2269 5485/4717/2270 5415/4625/2154
f 4736/4718/1965 4885/4626/1965 5198/4625/1965
f 4736/4718/1965 4973/4717/2031 5176/4538/1965
f 4736/4718/1965 4863/4537/2030 5179/4536/1965
f 4736/4718/1965 4952/4679/1965 5177/4676/1965
f 4736/4718/1965 4950/4675/1965 5183/4674/1965
f 4736/4718/1965 4957/4687/1965 5270/4601/1965
f 4736/4718/1965 4881/4600/1965 5269/4599/1965
f 4736/4718/1965 4883/4613/1965 5196/4612/1965
f 4736/4718/1965 4965/4701/1965 5268/4700/1965
f 4736/4718/1965 4969/4708/1965 5274/4627/1965
f 4737/4719/1961 4882/4607/1961 5272/4606/1961
f 4737/4719/1961 4958/4690/1961 5234/4555/1961
f 4737/4719/1961 4868/4554/1961 5235/4553/1961
f 4737/4719/1961 4953/4684/1961 5266/4683/1961
f 4737/4719/1961 4972/4714/1961 5195/4592/1961
f 4737/4719/1961 4878/4591/1961 5243/4590/1961
f 4737/4719/1961 4971/4711/1961 5273/4620/1961
f 4737/4719/1961 4884/4619/1961 5197/4618/1961
f 4737/4719/1961 4966/4705/1961 5267/4695/1961
f 4737/4719/1961 4962/4694/1961 5271/4608/1961
f 4800/4720/1957 5138/4732/1957 5079/4721/1957
f 5079/4721/1957 5141/4731/1957 4802/4723/1957
f 4738/4722/1957 4802/4723/1957 5140/4724/1957
f 4738/4722/1957 4801/4725/1957 5139/4726/1957
f 4799/4727/1957 5137/4945/1957 5080/4728/1957
f 5080/4728/1957 5142/4946/1957 4803/4730/1957
f 4739/4729/1957 4803/4730/1957 5141/4731/1957
f 4739/4729/1957 5079/4721/1957 5138/4732/1957
f 4740/4733/1957 4798/4738/1957 5136/4734/1957
f 4740/4733/1957 5081/4735/1957 5135/4736/1957
f 4804/4737/1957 5142/4946/1957 5080/4728/1957
f 5080/4728/1957 5137/4945/1957 4798/4738/1957
f 5086/4739/1961 5303/4947/1961 5099/4740/1961
f 5099/4740/1961 5299/4948/2212 4750/4742/2212
f 4750/4742/2212 5108/4949/2332 4751/4743/2271
f 4751/4743/2271 5291/4950/2271 5086/4739/1961
f 5084/4744/2272 5292/4951/2272 5087/4745/1957
f 5087/4745/1957 5294/4952/2273 5085/4747/2273
f 5085/4747/2273 5109/4953/2333 4753/4748/2274
f 4753/4748/2274 5107/4954/2334 5084/4744/2272
f 4586/4749/1965 5089/4754/1965 5304/4750/1965
f 5100/4751/1965 5301/4955/2232 4755/4752/2232
f 4755/4752/2232 5109/4956/2333 5085/4753/2273
f 5085/4753/2273 5294/4957/2273 5089/4754/1965
f 5102/4755/1954 5300/4958/2232 5094/4756/2232
f 5094/4756/2232 5110/4959/2335 4754/4758/2275
f 4754/4758/2275 5108/4949/2332 4750/4742/2212
f 4750/4742/2212 5299/4948/2212 5102/4755/1954
f 4751/4743/2271 5108/4949/2332 4754/4759/2275
f 4754/4759/2275 5110/4960/2335 4752/4761/2276
f 4752/4761/2276 5293/4961/2276 5088/4762/1960
f 5088/4762/1960 5291/4950/2271 4751/4743/2271
f 5096/4763/1961 5292/4951/2272 5084/4744/2272
f 5084/4744/2272 5107/4954/2334 5092/4765/2212
f 5092/4765/2212 5298/4962/2212 5098/4766/1961
f 5098/4766/1961 5302/4963/1961 5096/4763/1961
f 5097/4767/1961 5302/4963/1961 5098/4766/1961
f 5098/4766/1961 5298/4962/2212 5093/4769/2212
f 5093/4769/2212 5299/4948/2212 5099/4740/1961
f 5099/4740/1961 5303/4947/1961 5097/4767/1961
f 4753/4770/2274 5109/4956/2333 4755/4752/2232
f 4755/4752/2232 5301/4955/2232 5101/4772/1954
f 5101/4772/1954 5298/4962/2212 5092/4765/2212
f 5092/4765/2212 5107/4954/2334 4753/4770/2274
f 5101/4772/1954 5301/4955/2232 5095/4773/2232
f 5095/4773/2232 5300/4958/2232 5102/4755/1954
f 5102/4755/1954 5299/4948/2212 5093/4769/2212
f 5093/4769/2212 5298/4962/2212 5101/4772/1954
f 5090/4775/1965 5296/4964/1965 5091/4776/1965
f 5091/4776/1965 5297/4784/1965 5104/4778/1965
f 5104/4778/1965 5304/4750/1965 5103/4779/1965
f 5103/4779/1965 5295/4965/1965 5090/4775/1965
f 5105/4780/1965 5293/4966/2276 4752/4781/2276
f 4752/4781/2276 5110/4959/2335 5094/4756/2232
f 5094/4756/2232 5300/4958/2232 5106/4783/1965
f 4748/4782/1965 5106/4783/1965 5297/4784/1965
f 5104/4778/1965 5297/4784/1965 5106/4783/1965
f 5106/4783/1965 5300/4958/2232 5095/4773/2232
f 5095/4773/2232 5301/4955/2232 5100/4751/1965
f 5100/4751/1965 5304/4750/1965 5104/4778/1965
