# Blender 4.4.3
# www.blender.org
mtllib bunny.mtl
o bunny
v 69.153732 179.129562 229.185013
v 79.953659 183.565933 240.637131
v 69.186829 178.021408 236.005173
v 74.279823 175.487915 230.665375
v 63.693012 188.751755 237.167450
v 68.032661 177.355499 224.375977
v 69.729355 178.054367 226.357849
v 65.028496 185.664352 234.895020
v 69.326332 187.539017 236.869171
v 76.156387 174.980164 244.211838
v 69.775192 187.488800 238.502075
v 70.813210 184.386871 243.020950
v 70.394974 186.481705 246.772644
v 82.289932 176.144745 236.452576
v 69.779022 175.798401 224.568695
v 70.130066 187.085846 237.125076
v 71.967400 160.658112 224.932602
v 79.601013 161.249405 234.717331
v 77.856499 160.833466 233.038483
v 69.676643 178.301392 236.440399
v 72.903740 184.613129 238.116867
v 67.131683 184.841522 235.232483
v 73.470604 184.622452 239.252930
v 79.046349 161.329620 234.039185
v 78.429237 161.686035 233.796783
v 77.238327 160.373611 229.613266
v 73.258446 161.597595 226.062332
v 71.937027 161.462173 224.940430
v 68.163841 186.809692 238.947601
v 79.081093 162.153046 235.046616
v 76.996780 161.685425 232.699432
v 76.636879 162.072556 229.249054
v 76.396400 161.870224 228.272156
v 70.009560 186.864243 237.000504
v 71.306343 185.408325 243.627762
v 62.984951 167.112686 220.514053
v 77.812889 162.347885 234.075531
v 77.492790 161.825241 233.162064
v 77.002213 162.496552 233.311249
v 76.257210 162.368362 228.536865
v 73.614830 162.072891 226.538498
v 72.618462 162.052795 225.565247
v 65.040306 175.773407 222.903687
v 67.234589 189.274139 236.478134
v 75.168228 162.658493 228.123276
v 73.671082 162.348953 226.617310
v 72.339478 162.403473 224.364609
v 72.004089 162.760544 223.836731
v 75.169174 175.555176 232.643723
v 82.355560 180.707245 237.342972
v 65.632111 161.696320 222.243118
v 77.849136 162.764496 234.922852
v 77.268555 162.756973 234.038040
v 76.435219 162.338501 232.548172
v 76.335770 162.628937 229.479843
v 75.962982 162.680374 228.731293
v 74.511108 162.644119 227.579025
v 74.621025 162.959702 227.196808
v 73.156578 162.504257 225.406433
v 73.327431 163.086578 224.594025
v 75.451500 163.042419 229.221359
v 74.927032 163.049210 228.426971
v 74.324310 163.099503 226.317444
v 74.048683 163.315125 225.237823
v 69.895363 185.345825 243.869873
v 66.141258 162.132431 222.458221
v 76.116486 178.059174 245.188736
v 70.868408 186.562668 237.477295
v 72.335876 183.751434 242.139847
v 75.541107 163.169678 232.067459
v 75.051147 163.269775 229.579712
v 75.078857 163.951279 227.390015
v 73.547508 163.526184 224.598465
v 73.316444 163.705368 224.208176
v 72.513199 163.380478 223.704681
v 82.339821 179.076813 236.518143
v 65.714882 163.024292 221.383636
v 65.627289 162.678131 221.323715
v 66.036797 178.193619 225.296265
v 73.196266 182.720474 244.511917
v 75.896744 177.000061 245.149780
v 70.990509 186.711121 237.942535
v 74.413300 177.598663 234.536530
v 76.940025 163.979782 234.115891
v 76.841736 163.277298 233.531860
v 76.170479 163.185562 232.552536
v 75.027687 163.387192 228.822296
v 75.033661 163.434357 228.069763
v 75.245872 163.924072 227.739548
v 74.800301 163.802841 226.618195
v 74.361145 163.959137 225.407455
v 72.699394 164.075775 223.626373
v 60.153740 174.043060 225.669525
v 83.347336 178.766739 237.342407
v 83.099548 179.963440 237.728531
v 77.965950 183.145065 236.466415
v 79.348068 182.989273 237.059189
v 72.260231 178.102432 233.997086
v 72.289497 185.189194 243.415695
v 74.033417 178.936554 235.982468
v 76.704239 164.298523 233.084396
v 74.839073 163.948181 231.676743
v 74.785881 163.586884 230.247467
v 75.129532 164.433029 229.176178
v 73.981583 163.972855 224.673370
v 83.420990 178.183075 237.764313
v 68.115860 188.687927 236.690643
v 65.943642 163.155563 221.832764
v 65.159508 163.494751 220.467804
v 78.550888 183.591034 237.229874
v 76.982628 165.281189 233.528900
v 76.407013 164.664902 232.581497
v 68.371544 187.154617 248.879578
v 74.412704 164.617569 225.447433
v 74.133057 164.250732 224.873764
v 73.125206 164.469238 223.959213
v 70.794540 177.697128 227.055115
v 64.652428 176.113068 223.316910
v 65.517273 164.355759 221.360626
v 75.515381 163.884842 232.108078
v 75.097923 165.097534 225.906021
v 73.980659 164.734329 224.723938
v 82.757202 176.077713 240.842651
v 65.393501 163.977142 220.928711
v 64.797241 164.546173 220.160706
v 66.914169 177.963135 224.910370
v 67.223846 178.601425 233.383621
v 75.114029 164.564285 226.765747
v 73.686096 165.031372 224.019058
v 72.125359 177.595093 229.166809
v 68.757919 177.710022 225.143875
v 78.566887 184.108200 240.513992
v 74.643623 165.280731 231.167679
v 74.243874 165.184341 224.626129
v 75.188164 176.119781 233.284210
v 71.957077 177.831528 230.264038
v 68.147728 184.745667 235.499863
v 78.350533 183.974350 238.362854
v 74.643295 165.349365 225.190277
v 71.758690 176.890686 227.127823
v 71.739288 177.467819 227.958481
v 65.021141 164.885468 220.827148
v 64.186157 165.421799 219.905746
v 63.938038 165.128159 219.616608
v 76.627342 165.680557 232.463974
v 75.758286 165.221741 231.937149
v 75.605461 166.182419 227.083801
v 73.925858 165.605652 223.982773
v 72.742233 176.990799 229.095200
v 68.844757 175.538086 223.602325
v 68.851601 188.063095 236.781082
v 73.454636 172.953125 225.560150
v 76.544762 165.431778 236.770020
v 76.979858 165.757965 236.108948
v 76.528061 165.169983 235.598724
v 77.038025 166.991638 232.853012
v 75.001526 165.560577 231.465454
v 75.384254 166.014130 226.406647
v 73.256012 166.005676 223.415527
v 60.207329 172.603836 224.351700
v 65.065918 165.380615 221.215836
v 64.450157 165.447662 220.289688
v 64.880882 174.436218 222.135925
v 70.375809 185.840118 247.225571
v 72.161491 182.588608 241.653107
v 74.895943 166.163437 225.359741
v 74.226761 166.213882 224.359619
v 73.025963 177.024673 230.529785
v 69.304604 178.630768 227.119827
v 77.248138 166.596069 233.844498
v 75.988396 166.997543 227.464096
v 75.867920 167.247620 227.007141
v 75.308456 166.850922 226.186157
v 74.273117 166.923279 224.416458
v 74.578842 176.819534 233.313553
v 77.003448 165.739197 240.031281
v 64.489182 165.824799 221.057053
v 64.486351 170.176849 221.107666
v 66.854263 178.495651 225.808502
v 70.594704 178.715851 237.843628
v 68.272530 177.569427 224.882477
v 79.302338 183.827988 241.023193
v 65.237328 170.704163 239.474762
v 75.640030 167.243240 226.812210
v 73.469894 166.666855 223.670258
v 73.238991 167.540771 223.241470
v 70.716484 177.070908 226.244171
v 70.616058 176.412766 225.521576
v 63.920647 166.360428 220.721344
v 63.393318 165.931061 219.552338
v 71.444443 177.659775 242.179626
v 62.446949 174.114594 235.095032
v 76.143440 166.777618 231.835159
v 75.635880 166.611588 231.587555
v 75.096184 166.975952 231.133545
v 74.918816 166.996643 225.153549
v 68.824066 176.845947 224.396622
v 78.964447 172.870453 243.331894
v 63.448631 166.963516 221.176987
v 62.527100 166.824982 219.660889
v 77.421547 167.381104 233.317535
v 69.901428 178.895447 228.820419
v 82.761749 177.248917 236.500031
v 81.448593 181.879425 237.548615
v 63.401501 166.524139 220.032288
v 71.485130 184.408844 240.170151
v 66.430588 177.095093 223.821640
v 68.340897 179.046219 231.658463
v 67.318138 170.517868 241.109344
v 76.597855 166.834396 232.273529
v 75.385559 168.099487 230.913574
v 72.019958 185.657715 238.056976
v 75.653740 167.702393 226.320053
v 75.257271 167.502518 225.239182
v 74.875992 167.502930 224.679642
v 63.931278 171.821274 238.845001
v 73.325447 176.202744 229.328156
v 79.465935 174.729736 241.618759
v 71.883743 185.779343 244.969376
v 79.833282 178.301132 243.903061
v 73.011482 178.076080 234.240707
v 77.930428 167.752914 234.063187
v 75.864395 168.396606 231.506256
v 75.371941 167.849564 225.388733
v 74.433762 167.764847 224.258926
v 73.703545 167.648682 223.767975
v 81.544632 182.197357 238.287704
v 58.729607 170.810516 225.977936
v 60.780846 174.767288 225.322617
v 78.657242 168.003204 234.921036
v 77.286034 168.464706 232.854279
v 76.973091 184.325729 239.601852
v 75.599922 168.334259 225.876526
v 74.993797 168.207779 224.653229
v 71.813438 171.680389 222.895020
v 71.911537 171.842316 244.748779
v 82.404732 180.080597 236.923859
v 72.575432 177.431534 232.215607
v 68.845978 188.259796 237.145126
v 70.234276 186.743790 246.518265
v 76.418175 168.083099 231.987228
v 76.350830 168.562881 227.279984
v 75.824028 169.041077 226.066147
v 74.527458 168.442032 224.218674
v 73.947632 168.886780 223.947449
v 73.540466 168.345078 223.546555
v 69.819771 183.914139 243.428497
v 81.593689 181.263519 237.087128
v 65.461327 178.868469 227.177811
v 74.895424 172.536789 226.862152
v 79.283813 168.574738 235.400650
v 78.635818 168.648132 234.435425
v 78.314919 168.295319 234.082840
v 77.826782 168.175720 233.614548
v 77.494949 168.824905 233.277786
v 76.911301 168.691193 232.329391
v 76.174294 169.653793 226.772400
v 76.020470 168.382080 226.717163
v 75.203995 168.873291 225.170944
v 63.738941 175.194458 223.109024
v 66.892609 179.391068 229.459656
v 79.664482 176.644394 243.868134
v 79.756371 168.790009 236.303207
v 77.683220 169.542358 233.213959
v 76.582710 169.296097 231.822113
v 75.977409 169.518967 231.464813
v 75.670898 169.079330 231.083969
v 74.664673 169.265305 224.606064
v 73.070404 169.216873 223.247849
v 73.038757 176.252808 228.605240
v 83.074394 177.769531 237.319611
v 67.864288 184.201035 236.022430
v 74.975189 176.313904 244.655289
v 76.208466 169.058594 229.847565
v 74.243675 169.834763 224.093826
v 73.491028 169.746887 223.437561
v 79.908745 169.872696 235.805923
v 79.449081 169.173737 235.511993
v 79.155495 169.465530 234.569916
v 78.943794 169.179321 234.420380
v 78.405899 169.327911 233.831543
v 77.140152 169.282379 232.778717
v 76.984383 169.791916 232.232910
v 78.686081 174.742828 242.732651
v 76.425323 173.049088 244.612778
v 76.835144 169.722351 228.072723
v 76.480789 169.576813 226.977631
v 75.880928 170.110153 226.281586
v 72.424751 176.452484 227.687454
v 72.278564 175.352219 226.462952
v 82.936943 178.111115 236.829056
v 83.001053 179.452576 237.117447
v 76.310555 184.204956 238.241776
v 72.294548 178.553894 235.380234
v 72.772812 173.252579 226.059296
v 80.207550 169.975830 236.221756
v 79.348717 169.854523 235.083267
v 77.859467 170.063248 233.155289
v 76.362358 169.643280 231.617447
v 75.879784 170.146103 230.716812
v 77.643692 172.907471 244.223175
v 76.693352 169.760605 227.354630
v 75.587875 174.515106 244.441010
v 82.194389 176.646347 235.985840
v 68.848450 188.256775 237.522522
v 82.370895 177.574493 236.031418
v 60.774700 171.791779 223.380859
v 79.012917 170.135010 234.270432
v 78.453270 170.309982 233.536224
v 76.683334 170.282379 231.805145
v 75.598495 170.830994 226.111908
v 74.826141 170.023209 224.932800
v 76.272354 176.608231 235.218140
v 75.379517 176.737625 234.364273
v 74.380035 184.189026 238.859283
v 68.407478 178.010712 235.309753
v 65.791000 178.538040 226.113815
v 79.694633 170.834732 235.230179
v 79.315598 170.685944 234.873871
v 65.995781 179.343597 229.850677
v 76.318924 170.518982 227.023941
v 75.457993 169.863739 225.620865
v 73.905975 170.333542 223.785294
v 67.507118 189.206940 236.755707
v 82.786934 176.413712 237.158264
v 70.833534 171.245361 222.524567
v 75.353691 176.404739 233.735153
v 67.235657 179.347504 228.308395
v 75.739189 171.405914 244.901855
v 78.594452 170.834579 233.773651
v 77.599335 170.596558 233.040726
v 77.159943 170.407944 232.778702
v 76.067024 170.302750 231.348999
v 75.867485 171.156311 230.539551
v 75.193489 169.952225 225.420166
v 75.114128 171.148697 225.411728
v 74.406624 170.884277 224.599152
v 72.737350 171.131256 223.195450
v 60.070671 173.528839 225.168335
v 76.151863 175.999329 244.697952
v 78.456764 172.192123 243.750137
v 72.489975 184.484528 242.696289
v 78.808823 171.248352 234.255554
v 76.635635 170.843033 231.841827
v 75.935600 171.023224 226.547379
v 66.387421 177.772537 224.564026
v 69.862648 178.495834 237.127991
v 76.550446 184.291672 241.230087
v 80.276291 171.274124 236.320328
v 79.669357 171.471771 235.123169
v 76.269241 170.780365 231.239029
v 76.173615 171.210236 230.958359
v 76.543358 170.672058 227.693726
v 75.551270 171.538910 226.234314
v 62.604618 174.723785 223.493881
v 65.684517 176.984848 223.757645
v 73.381302 184.371201 242.467041
v 80.071640 171.291016 235.726547
v 64.878418 176.838531 223.931244
v 75.996597 171.429993 226.907928
v 74.836006 171.712646 225.373581
v 73.378654 171.396606 223.865036
v 80.334190 171.541016 236.954483
v 79.213608 171.503128 234.622467
v 78.582603 172.157166 234.168472
v 78.287933 171.282425 233.614975
v 77.682846 171.266068 233.223099
v 77.529053 172.037720 233.115051
v 76.941765 170.985168 232.283936
v 76.648087 171.589127 231.554047
v 74.086983 171.705872 224.562012
v 72.201057 172.162415 223.581894
v 70.291862 171.336639 222.039841
v 62.787777 186.918549 235.486267
v 77.745628 184.269852 240.140060
v 72.861328 183.688812 241.812347
v 80.425430 172.114197 237.158356
v 79.623314 172.176224 235.441086
v 75.960136 171.923737 230.468231
v 75.657822 171.723541 230.024490
v 75.604187 171.983170 226.995972
v 75.002350 172.145691 226.064865
v 73.969757 172.306000 224.928772
v 73.188271 172.229111 224.200928
v 71.156784 177.922729 227.945404
v 82.513992 180.921661 237.840103
v 66.249138 179.223969 227.839813
v 79.115616 172.330078 234.950119
v 76.623795 172.204773 231.738403
v 75.306107 172.238937 229.744568
v 68.691826 178.332901 225.925919
v 74.365868 172.535690 225.795685
v 70.741096 172.486969 222.821686
v 80.080109 172.900436 236.884857
v 78.803955 172.993805 234.778656
v 78.221252 172.356186 233.618042
v 74.601517 183.950592 238.104767
v 80.515434 177.480499 243.364990
v 71.403473 172.413300 223.253525
v 70.219666 172.386139 222.297791
v 70.097099 177.262024 225.746628
v 67.880424 178.830521 232.708221
v 71.480553 178.074738 231.609192
v 71.024696 186.025513 244.404907
v 79.843513 172.633377 236.258453
v 78.400635 173.007217 234.332458
v 77.371811 172.950729 233.103851
v 76.566536 173.496353 232.650162
v 76.381691 173.027634 231.831879
v 76.131447 172.448578 230.746719
v 75.682419 172.622177 230.454834
v 75.422150 172.808319 229.968857
v 79.570999 175.220352 241.818817
v 72.088570 172.837540 224.252930
v 71.623077 173.283203 223.990906
v 71.168259 173.218475 223.372803
v 66.197701 179.360641 228.645248
v 71.558647 176.332275 226.271210
v 71.258995 186.201477 245.035645
v 67.639053 179.218994 230.902481
v 71.253357 178.103394 233.346390
v 77.805222 173.227997 233.678711
v 76.967468 172.774597 232.776459
v 75.841934 173.833466 231.654190
v 74.980980 173.635117 229.613693
v 75.112625 172.707169 229.384232
v 74.643097 172.860291 228.864410
v 80.032211 168.580353 237.981766
v 82.597328 176.719070 236.404709
v 72.314499 180.061935 243.167847
v 72.959663 174.637848 244.240341
v 71.211586 184.769684 243.131042
v 80.485153 183.251755 239.525162
v 80.402840 172.954147 238.372864
v 80.187935 173.263199 237.615585
v 79.263016 173.148163 235.451111
v 77.675247 173.969666 234.181549
v 75.602188 173.460388 230.720657
v 73.709480 173.281265 227.747955
v 71.863243 173.393463 224.943039
v 77.963943 174.059113 234.541946
v 74.682449 173.494431 229.174164
v 71.518822 174.113129 225.433304
v 70.416794 173.740616 223.106552
v 69.139420 178.190979 234.809814
v 80.033333 174.139008 238.159592
v 79.656120 173.808746 236.643875
v 79.168961 174.000031 235.925522
v 78.614258 173.796432 235.003937
v 77.237152 173.929092 233.271072
v 73.984909 173.937912 228.523544
v 73.149529 173.674713 227.177582
v 73.188744 174.098877 227.190918
v 71.017509 174.112656 224.440079
v 66.142670 176.172928 222.995438
v 77.447639 174.336975 233.930099
v 76.105072 174.431717 232.813446
v 75.134613 173.919052 230.252213
v 74.276657 174.073486 228.941193
v 73.854065 174.681137 228.540070
v 72.747627 174.197998 226.544525
v 72.226097 173.959106 225.955307
v 71.025917 173.872894 223.862915
v 70.088646 174.519440 223.820038
v 65.293617 177.526215 224.610168
v 75.832375 174.334137 232.328506
v 74.319832 174.930222 229.682236
v 73.743134 173.979843 228.029892
v 71.251976 174.952972 225.377823
v 70.737877 174.486938 224.850876
v 72.741394 185.189728 238.644730
v 77.421303 175.969101 235.641846
v 66.798119 178.981781 226.799133
v 79.694458 174.797211 237.723953
v 79.569214 174.533936 237.393539
v 79.023132 175.140182 236.827332
v 77.547997 174.923004 234.673508
v 73.323662 174.551270 227.488052
v 71.909515 174.930710 225.908829
v 70.427032 175.073639 224.872513
v 69.227730 174.531204 223.188721
v 62.067997 174.220703 234.476608
v 78.244522 174.614044 235.209518
v 77.037292 174.875931 233.859589
v 76.704605 174.540192 233.196503
v 75.250900 174.858643 231.750214
v 74.249916 176.260269 232.168991
v 73.438454 175.033051 227.958603
v 64.923927 171.698975 239.001877
v 73.554108 171.481674 245.135468
v 76.927826 175.749847 234.910233
v 71.534615 185.448380 237.525131
v 78.382187 174.951950 235.856720
v 76.034935 175.515167 233.501205
v 73.733826 176.251190 231.092346
v 73.839317 175.884705 229.989914
v 72.874809 175.433273 227.368561
v 71.408470 175.546738 225.640488
v 71.484375 183.444595 242.384048
v 78.250710 175.707245 236.264160
v 68.066124 171.844208 242.047989
v 71.901436 169.940613 244.867783
v 72.854568 180.038513 243.680939
v 64.326584 187.147858 236.933365
v 71.748238 182.876709 240.339600
v 70.071854 160.460968 223.408218
v 77.016373 176.615799 235.467804
v 71.111946 171.673477 244.278000
v 66.942436 176.470520 223.319275
v 76.747391 160.473022 228.433014
v 73.945877 160.863327 226.500931
v 70.730881 160.756256 223.772827
v 69.673615 161.227509 223.008316
v 79.187439 182.455109 236.744263
v 78.619469 160.284958 233.554413
v 77.553482 160.322922 232.795807
v 70.060860 178.178314 234.955551
v 72.993652 160.960999 225.809402
v 68.370995 183.790039 236.838058
v 61.707153 174.560806 233.399399
v 77.246323 182.094986 236.432602
v 79.595871 160.602264 234.540588
v 78.840797 160.728104 233.733704
v 75.877747 180.038864 236.016174
v 77.002777 160.837784 228.759659
v 76.596390 161.188797 228.288712
v 75.745148 160.847885 227.700974
v 65.627724 186.723938 236.009232
v 69.737869 172.110229 221.875870
v 70.548233 161.609039 223.532410
v 69.120384 161.097946 222.877670
v 70.110352 171.100082 243.752884
v 70.066780 173.149567 222.496124
v 65.998459 171.791779 239.940811
v 75.265297 161.579926 227.404694
v 78.657539 177.745850 235.481903
v 77.851006 177.741486 235.304153
v 69.015755 161.789978 222.722519
v 66.874893 161.736099 222.808258
v 71.327286 184.520615 237.442429
v 71.308090 161.890656 224.341034
v 70.397591 162.216812 223.571564
v 70.289948 173.567932 243.536575
v 67.256836 185.363586 238.379105
v 77.932182 168.187683 242.310760
v 81.396805 177.739883 235.637070
v 75.210640 162.122269 227.580170
v 69.800278 161.915573 223.052032
v 68.209480 162.330963 222.536041
v 67.696220 161.975204 222.565674
v 71.954025 184.455750 237.600601
v 68.623711 174.298889 222.713531
v 69.103439 162.691101 222.905502
v 64.920113 162.826385 220.533356
v 63.893314 162.859634 220.240738
v 62.229786 162.600372 220.362335
v 78.715347 162.010208 234.273636
v 67.946854 187.582291 236.839615
v 69.757713 183.960587 236.566422
v 71.360886 162.408005 223.945587
v 70.172646 162.753448 223.316849
v 68.737740 171.492310 221.371613
v 79.060318 178.518021 235.828583
v 70.433327 184.669800 236.613052
v 69.946930 185.465088 237.272995
v 66.059334 189.762817 236.266708
v 66.700706 189.259308 236.358032
v 71.972931 183.171570 237.480347
v 68.141518 163.329193 222.291870
v 64.351906 163.615845 219.973633
v 62.813923 162.837112 220.155182
v 81.134689 175.913818 236.142639
v 65.734291 185.128143 235.055801
v 66.625023 186.650528 246.397446
v 71.088493 183.057922 237.348816
v 69.155731 186.052750 237.204712
v 64.100288 172.964996 221.786087
v 71.279671 163.570419 223.143799
v 70.023796 163.329910 222.755722
v 68.910973 163.360519 222.537491
v 66.305893 163.451813 221.871399
v 62.144688 163.695129 219.596649
v 70.411980 182.911346 237.433243
v 75.296051 178.267242 235.456406
v 63.607658 171.081909 239.580109
v 70.513664 164.098938 222.433670
v 69.771423 163.851151 222.327927
v 67.327080 163.638412 221.835922
v 64.669922 164.009491 220.000198
v 63.398449 163.720978 219.675446
v 68.523239 185.346481 236.192871
v 80.488708 181.992722 236.941223
v 76.860153 183.067047 236.544815
v 61.743549 172.026184 222.740784
v 71.408920 184.229813 237.137436
v 81.938026 177.644226 235.743118
v 70.233620 172.167618 243.670090
v 64.813271 190.152969 236.300323
v 72.087669 164.401306 223.105225
v 78.956474 177.062119 235.766708
v 61.298359 164.657043 219.456589
v 62.724895 172.543518 222.281372
v 68.412140 184.992401 235.528198
v 71.323364 164.335724 222.895859
v 69.159233 164.057358 222.193130
v 68.162590 164.290695 221.782211
v 76.122192 178.964645 235.456650
v 64.855278 172.099686 221.330154
v 70.869133 164.714401 222.521057
v 67.269737 164.768692 221.302887
v 66.180328 164.464935 221.431351
v 80.728050 177.553436 235.622925
v 79.814575 181.088196 236.633026
v 63.851974 164.527252 219.584625
v 62.231071 164.459808 219.349991
v 73.092949 182.892685 237.746246
v 81.446091 179.951355 236.472397
v 70.608536 165.066406 222.276840
v 68.884956 165.056198 221.715851
v 62.093929 165.344238 219.201218
v 78.478874 178.312668 235.513626
v 67.744797 176.378174 223.486893
v 77.618561 180.836639 236.523880
v 73.186455 165.125137 223.593811
v 72.341385 164.898132 223.248047
v 69.735039 164.796509 222.028442
v 67.567902 165.420410 221.208191
v 80.530182 178.321823 235.811203
v 78.028076 176.189651 235.889267
v 63.034630 164.734222 219.292221
v 67.796066 187.088287 236.971420
v 70.064453 185.038376 236.978699
v 77.189018 180.527802 236.282516
v 80.494873 181.366287 236.678055
v 72.633720 165.612701 223.127914
v 71.525169 165.342224 222.837372
v 68.211998 165.499573 221.466919
v 66.163277 165.278183 221.158325
v 63.194096 165.343948 219.297638
v 61.499760 165.691406 219.294693
v 66.401520 188.452179 236.588547
v 64.666039 186.319946 235.119339
v 63.749794 174.404144 222.585434
v 64.609451 189.221710 236.352570
v 70.115036 165.240845 222.059570
v 66.942429 165.391647 221.108536
v 78.684250 180.265198 236.674973
v 62.370541 165.803879 219.205185
v 69.636009 184.963043 236.229080
v 72.480576 166.382462 222.937622
v 72.028084 165.906357 222.854797
v 70.432533 165.835907 222.263351
v 66.893425 166.399567 220.987274
v 65.447372 165.937897 221.106415
v 80.631805 179.486847 236.326981
v 70.921684 185.021637 237.460968
v 66.320389 174.598145 222.166428
v 69.447952 165.804550 221.873749
v 69.066399 166.667175 221.804718
v 67.520218 166.476593 221.163223
v 64.336662 166.407181 221.201401
v 62.895763 166.005081 219.332550
v 65.838188 185.715637 235.044891
v 66.406822 185.293243 234.950912
v 59.645641 172.563889 225.262222
v 69.891304 167.080841 221.857117
v 66.213638 166.201324 220.972336
v 69.556564 177.509003 225.455292
v 61.654667 166.413895 219.359116
v 58.323750 169.975464 226.989197
v 67.088112 172.476440 221.303116
v 69.414993 184.685425 236.034637
v 77.535019 181.264633 236.578247
v 81.598557 176.968689 235.612564
v 81.699982 176.359741 235.855698
v 71.356331 166.319626 222.450806
v 68.413872 166.367599 221.485474
v 58.923859 171.855576 226.849365
v 62.211502 166.597626 219.430389
v 78.649902 182.105621 236.486969
v 70.575287 175.738083 225.115433
v 72.449005 167.249847 222.811813
v 68.266930 167.195068 221.502884
v 66.748375 167.309784 221.017410
v 65.612091 167.124603 220.981583
v 78.755989 180.621674 236.775604
v 64.259583 188.075516 236.078278
v 79.236061 176.015961 243.850616
v 72.426666 173.347870 226.047440
v 79.082359 175.614136 236.764252
v 79.024475 176.468948 236.148529
v 70.498932 166.932739 221.994080
v 69.222305 167.175735 221.798401
v 67.687225 167.765778 221.132019
v 64.639114 167.009155 221.160492
v 77.859848 178.977783 235.636505
v 70.857140 185.937759 237.308990
v 73.078499 173.308945 226.884628
v 64.084160 186.308044 234.994934
v 68.144371 185.961960 236.758331
v 68.722168 173.243622 222.068848
v 79.996056 175.724655 236.537735
v 68.475685 172.408173 221.576248
v 71.786148 167.380035 222.449539
v 68.643829 167.883347 221.404633
v 63.489376 168.168991 221.359268
v 74.429214 182.990601 244.003784
v 72.336044 183.659348 237.507065
v 74.675568 182.431473 237.290955
v 66.833382 184.592529 235.556519
v 71.411636 167.678894 222.254776
v 70.341187 168.095474 221.687592
v 67.065468 167.680984 220.981049
v 80.171486 180.745590 242.427872
v 77.005478 179.509598 235.713181
v 70.587402 184.169540 236.753082
v 79.765732 180.089386 243.009460
v 79.620911 179.139801 236.262741
v 72.169556 168.395996 222.454697
v 71.402786 168.226959 222.026184
v 64.770325 168.837936 221.046021
v 74.894531 181.425461 237.058716
v 67.105392 175.364853 222.567291
v 76.556305 181.600098 236.440750
v 69.489967 168.172852 221.530731
v 68.242805 168.247131 221.128601
v 66.158806 168.195526 220.927887
v 62.547882 167.881546 221.710068
v 75.145683 179.220688 235.740509
v 63.576622 187.327759 235.501419
v 69.712181 186.345901 237.141129
v 72.213722 184.901291 237.742050
v 71.740662 182.392868 237.832428
v 59.054321 171.538666 225.636002
v 79.459801 179.992889 236.618958
v 78.911461 179.422302 236.243729
v 75.693192 177.495773 235.366669
v 76.366592 178.048325 235.276047
v 81.548500 180.700958 236.740509
v 72.816559 168.359268 222.956360
v 71.471680 168.968948 222.026764
v 70.633041 169.115768 221.701996
v 69.822266 168.810623 221.434662
v 68.402596 168.865540 221.110107
v 78.762375 181.235199 236.689651
v 70.039803 184.399338 243.327225
v 69.588638 173.899307 222.778503
v 79.792770 176.208557 236.190186
v 72.053070 169.082748 222.456024
v 68.839828 169.576294 221.305145
v 63.762466 169.435028 221.255844
v 62.860081 169.733322 221.674286
v 76.443329 177.193237 235.249588
v 67.954460 188.305557 236.608139
v 78.238113 179.607590 236.023361
v 59.301090 172.483292 226.062302
v 77.898636 177.208160 235.407104
v 72.094269 169.907883 222.735901
v 66.134422 186.045135 235.673721
v 68.265457 176.765076 223.923172
v 78.005524 176.614273 235.611038
v 71.220016 169.790283 222.182999
v 65.110069 184.889999 247.519730
v 64.845596 188.372040 236.311920
v 67.816025 173.785751 222.103760
v 62.868385 173.634079 222.709366
v 69.397690 172.669022 221.978088
v 70.575165 170.327927 221.952286
v 68.396362 170.057556 221.225922
v 67.863335 169.821976 220.983597
v 66.678665 169.040939 220.899277
v 82.399338 175.777420 237.747879
v 67.524078 174.369507 222.198181
v 76.241539 180.575012 236.265671
v 80.140381 177.064560 235.768433
v 80.988831 176.569550 235.723450
v 65.625763 175.521423 222.617493
v 66.184212 170.563629 220.916565
v 63.859989 186.024109 248.024048
v 65.948524 187.851273 236.560989
v 59.386971 170.743652 224.793030
v 64.866638 173.317581 221.708252
v 72.633202 170.271103 222.889877
v 70.006172 169.964157 221.586639
v 66.013718 172.904739 221.465271
v 77.105194 178.197617 235.314804
v 68.230545 186.349335 237.002563
v 73.254608 170.351089 223.243500
v 71.254417 170.794586 222.478027
v 67.527283 170.452209 220.895233
v 66.897102 169.953491 220.941025
v 60.683083 173.787811 224.428955
v 68.092621 175.227859 222.892242
v 67.081810 185.566544 235.620163
v 63.273857 188.823730 236.099121
v 66.533173 187.127914 236.631821
v 72.524475 182.184860 237.961029
v 72.226204 170.984436 222.799606
v 69.531548 170.762100 221.506531
v 67.988419 170.859467 220.956451
v 67.629753 185.272537 235.386032
v 80.827255 176.953293 242.709274
v 73.291672 180.589111 243.891953
v 81.204529 177.328644 242.395004
v 72.481812 184.594177 245.287598
v 82.406433 177.679688 241.573730
v 68.836754 170.667862 221.397324
v 67.203575 171.233002 220.930450
v 71.285072 171.706360 222.709396
v 65.716248 172.056503 221.182587
v 79.615524 177.812775 235.798782
v 81.547798 178.562988 235.986618
v 65.535408 189.540817 236.308533
v 69.314682 176.208633 224.381836
v 73.345802 183.618240 237.897034
v 67.858276 173.163010 221.709412
v 76.586800 172.159546 244.666092
v 78.225548 181.634567 236.488983
v 77.793846 182.340118 236.465958
v 67.820351 171.812866 221.172684
v 71.874352 183.061020 245.386246
v 61.645828 160.124435 229.406204
v 60.862530 160.117523 230.358414
v 63.388245 171.229263 221.574783
v 61.105667 160.831802 224.841431
v 62.251595 160.420715 228.033051
v 60.911964 160.712448 229.708282
v 68.291435 161.018158 223.012848
v 60.637096 161.558701 223.093231
v 61.907467 160.597092 228.441925
v 60.107773 160.704865 231.082916
v 82.272720 175.798264 241.007126
v 77.963150 175.811829 244.406830
v 63.746468 188.424561 248.261642
v 62.519638 189.049805 236.224533
v 69.300079 183.505508 243.920792
v 66.866028 172.062164 240.750046
v 60.337906 161.438477 224.181076
v 59.751362 161.971786 224.509445
v 61.143421 161.151093 229.010315
v 64.091652 185.965637 235.038849
v 68.295845 183.691727 244.720627
v 61.934448 188.517349 236.209549
v 58.780289 170.167526 225.837006
v 79.864594 174.824524 240.591980
v 61.556896 161.828827 221.658707
v 59.628216 162.615173 222.280914
v 60.304874 161.636703 229.584351
v 60.315891 160.724457 230.451813
v 69.547218 183.472519 236.877747
v 59.710644 162.118637 223.286972
v 59.080154 173.039658 228.019501
v 64.906479 185.400497 235.178940
v 72.300957 180.342682 238.182114
v 61.956154 187.917847 236.277313
v 60.504784 162.373627 221.653809
v 59.183212 162.762680 223.015213
v 59.074883 172.669983 230.042328
v 60.578224 161.891663 228.720840
v 59.563877 161.798126 230.563065
v 64.834183 175.240479 237.167099
v 75.826096 183.029022 236.775269
v 61.463516 162.620255 220.585464
v 60.057415 163.168793 221.006638
v 59.074059 162.693405 224.484756
v 80.030106 175.283829 241.107819
v 60.379105 162.555695 227.703125
v 59.782955 162.679123 228.351486
v 59.436890 162.587067 229.076187
v 59.822838 162.064148 229.939240
v 59.451725 162.499191 230.961334
v 63.451717 173.211563 236.691116
v 64.541183 187.491882 247.643585
v 71.675438 182.556641 242.115005
v 61.810520 170.695984 222.467194
v 72.736961 181.632690 238.038315
v 82.390045 175.390320 239.026688
v 74.415268 183.092957 237.439957
v 69.846985 182.668381 243.841751
v 75.318253 180.658417 236.575653
v 63.176121 188.100540 248.441849
v 60.865292 163.090775 220.437286
v 59.060425 163.348892 222.144836
v 58.612640 163.622925 223.735443
v 65.683212 186.553818 246.807724
v 61.559669 163.301620 219.904526
v 59.500973 163.381271 221.389755
v 58.746738 163.445374 222.992508
v 65.429527 159.819122 241.008072
v 59.444885 163.130585 228.287064
v 72.850830 160.089188 242.838623
v 61.073605 164.166397 219.696533
v 67.769089 177.685623 235.989594
v 75.638718 181.868042 236.795776
v 60.603249 163.629913 220.221878
v 60.113979 164.433685 220.189209
v 58.533524 164.274567 222.728638
v 58.816570 163.350327 229.518326
v 62.114601 187.648819 235.931519
v 78.867714 167.459045 240.291565
v 66.168419 184.860580 246.532501
v 59.508911 164.282257 226.732635
v 59.569450 163.807144 227.469788
v 59.090771 163.573334 228.559555
v 59.565521 164.338196 220.752136
v 58.926353 164.268082 221.702011
v 58.885212 164.107758 228.888412
v 62.301929 172.108459 237.939133
v 76.977127 175.003220 243.983688
v 60.373375 165.401093 219.788712
v 58.956902 165.166565 221.146194
v 58.601768 165.054565 221.980682
v 59.536308 165.033615 225.923721
v 58.931747 164.525726 228.449020
v 67.244270 177.202713 236.797211
v 78.817276 173.694916 243.144699
v 59.538010 165.394958 220.384689
v 59.013073 165.048920 227.061340
v 58.486771 164.357132 230.408630
v 64.499405 186.796280 247.534485
v 78.888519 175.617630 243.686172
v 78.085007 175.314240 243.777084
v 58.970715 165.685501 221.128922
v 58.641945 165.169266 228.601807
v 80.853340 178.014908 242.936661
v 82.661331 177.105484 241.449005
v 62.577774 187.694565 235.709976
v 78.950577 168.437912 241.413605
v 69.475975 183.193512 237.409943
v 60.900898 166.204330 219.509552
v 59.343632 166.350281 220.771713
v 59.439598 165.960709 225.524582
v 58.730675 165.717911 227.573471
v 68.741646 185.066544 244.253464
v 72.575134 183.755386 245.003799
v 58.876068 166.028000 226.612656
v 58.469807 165.997055 228.489731
v 75.915085 182.414200 244.106049
v 77.450691 174.191162 243.908279
v 65.203850 189.276245 249.388062
v 75.295509 177.987823 245.206345
v 60.100708 166.226959 219.964569
v 58.906052 166.699997 226.135834
v 58.537594 166.613800 227.662445
v 82.263878 178.560333 241.409546
v 65.025146 185.798920 247.249039
v 69.591217 182.545959 245.943817
v 71.738808 180.497162 239.043579
v 74.027794 181.385437 237.315674
v 60.551689 166.768250 219.830276
v 63.537746 187.603287 248.135864
v 58.505535 166.245102 230.207779
v 70.014648 183.051865 246.547607
v 76.117401 165.118683 238.669006
v 79.811111 160.352646 235.772202
v 60.244728 167.302917 220.447815
v 68.378403 177.639023 238.035034
v 58.489712 166.635696 229.153809
v 69.257751 178.215866 238.760742
v 68.275581 185.939667 247.726913
v 62.556805 186.922623 235.866104
v 76.768509 177.222260 245.069168
v 66.445076 185.807861 246.128525
v 59.564133 171.369629 224.720230
v 73.293808 180.575592 237.360794
v 81.006752 180.371658 241.743256
v 70.348717 184.371002 246.133652
v 58.728603 167.684326 226.910858
v 58.294044 167.113770 230.034592
v 71.817604 181.918945 238.392319
v 82.190315 176.288712 241.515961
v 79.685066 167.845444 238.216354
v 67.498627 184.461258 245.254639
v 63.402252 186.543365 235.195023
v 59.651192 167.400864 224.696838
v 59.219616 166.979248 225.424728
v 58.503304 167.627609 228.061295
v 58.298088 167.367004 229.188019
v 68.691719 184.166168 236.112579
v 76.770515 174.024353 244.264938
v 76.492302 182.390274 236.535187
v 59.564117 170.106491 224.546402
v 59.398453 168.227753 224.910812
v 59.051640 171.290939 232.788589
v 70.702995 171.294571 244.054535
v 77.328697 177.619431 244.952179
v 60.140495 168.002533 223.745880
v 78.410393 177.118469 244.680008
v 62.674301 171.624496 222.045822
v 63.767715 185.980667 235.303009
v 60.356567 170.456253 223.607178
v 60.746159 168.540421 223.120514
v 58.905365 167.593063 226.042511
v 60.815083 172.962997 223.833115
v 73.783813 182.106079 237.658600
v 60.196327 171.603348 223.936844
v 63.885452 171.437714 221.420517
v 61.510937 174.175095 223.920395
v 75.621124 172.321060 244.951141
v 59.022194 168.760742 225.841705
v 58.667709 168.278229 227.422043
v 81.778305 177.211838 242.013657
v 70.555435 183.398834 242.959335
v 59.904449 169.254166 224.093857
v 58.571701 169.005280 226.921478
v 58.364765 168.796982 228.077225
v 79.833847 181.465363 243.081940
v 65.763161 188.702698 249.602859
v 67.421692 185.201553 245.240463
v 72.193268 181.290680 238.538361
v 65.021065 171.157776 221.141953
v 77.158432 166.077118 240.565689
v 79.131302 180.856384 243.598328
v 61.563538 173.253204 223.343140
v 65.634705 188.286987 249.310852
v 73.107666 183.208237 244.424026
v 75.905678 173.601227 244.645737
v 73.947655 175.859161 244.071426
v 61.990829 168.806046 222.156296
v 59.098064 169.372269 225.433823
v 58.262962 169.463989 227.484558
v 66.010056 162.151337 240.182983
v 76.063316 180.996689 244.494003
v 67.792534 186.072159 245.345001
v 68.684410 184.428787 244.224747
v 61.026234 170.472885 222.989456
v 59.978729 169.901321 224.119766
v 71.027367 182.324432 238.197510
v 63.795345 188.972900 248.623322
v 64.489342 189.211014 248.832947
v 64.328384 188.836197 248.382355
v 65.332367 187.658066 247.503662
v 65.439384 189.208008 248.937790
v 79.915321 183.531540 239.039337
v 69.917992 178.754669 231.842575
v 75.721176 184.267212 238.946060
v 76.139740 183.828964 237.083847
v 69.696388 187.643784 237.312393
v 66.276878 189.040192 249.246750
v 77.325867 184.140533 241.981888
v 78.819702 183.984695 239.184555
v 65.560509 188.523376 248.177750
v 73.736618 173.108246 226.701492
v 76.733521 184.010452 237.526627
v 79.621399 183.758850 239.798569
v 78.347633 184.011856 241.815994
v 73.234169 184.859116 243.408493
v 62.909489 190.047943 236.584885
v 74.158325 177.967926 235.442337
v 73.973366 184.184601 242.052994
v 74.652496 184.144150 242.702530
v 66.410210 187.945297 247.638947
v 77.824524 183.626343 236.808075
v 70.783058 178.296417 232.990448
v 66.518440 188.774567 248.712448
v 67.156891 188.572098 249.184845
v 67.574608 178.647324 226.030426
v 77.718033 174.878723 243.529022
v 73.229675 177.347595 233.102036
v 74.337730 180.399399 236.727142
v 71.992615 178.922516 236.972809
v 73.397453 183.846283 241.541336
v 73.728569 177.910858 234.294647
v 67.414032 179.149368 227.263657
v 68.101997 179.300217 229.586945
v 68.203384 179.219223 228.141342
v 78.472534 176.469528 244.540115
v 77.428642 184.196320 238.547272
v 77.179222 181.564026 243.992416
v 75.007156 184.205566 241.668732
v 68.949532 179.126709 230.521240
v 73.985130 178.278900 235.782639
v 79.671768 183.352692 237.953293
v 63.646317 189.992920 236.397278
v 64.227196 190.464844 236.470352
v 76.694122 183.577530 243.608307
v 76.933815 172.573746 244.576813
v 77.753281 180.863647 244.014511
v 75.815933 184.294556 240.302292
v 70.884163 178.349075 228.655716
v 77.241806 180.316803 244.495361
v 71.693718 184.345551 245.850342
v 80.352661 176.707672 243.220932
v 69.898308 178.409653 233.682755
v 66.722946 187.407867 246.983246
v 67.532410 187.561310 247.014069
v 59.590954 167.287186 221.251862
v 66.172272 188.971283 249.638062
v 70.756973 178.343872 235.122055
v 69.877060 178.970184 230.036270
v 60.748806 175.452271 226.127563
v 74.124840 172.485687 245.042587
v 65.287857 189.714264 237.175583
v 74.563889 184.229721 239.716263
v 79.480240 171.162308 242.794312
v 59.079922 166.679169 221.343887
v 73.207161 178.635895 236.067871
v 61.025616 176.174103 226.795258
v 77.352409 172.041885 244.381317
v 81.355194 176.485565 242.081329
v 67.429314 188.065338 247.837067
v 79.136314 183.682693 238.193069
v 59.780403 166.691498 220.374924
v 73.284103 178.322403 235.260757
v 61.992516 176.376892 225.551132
v 71.685326 182.086838 244.750854
v 79.377434 174.169189 241.976151
v 73.566422 175.273300 244.118774
v 79.941711 183.375244 241.862015
v 60.166828 167.581497 221.134949
v 73.950371 184.111572 238.422165
v 61.424053 175.299149 225.001770
v 61.715569 176.515991 226.096634
v 73.209373 172.113708 245.074600
v 81.092216 181.771271 241.701508
v 65.451820 190.256317 236.442047
v 72.385345 185.338699 243.718155
v 68.740715 187.339020 246.534958
v 71.671478 178.193787 234.152008
v 75.495880 183.661041 237.186234
v 70.113106 178.575073 227.978973
v 62.706429 177.120529 225.932953
v 62.146790 177.311050 227.222275
v 78.305763 172.975037 243.821716
v 69.272110 187.256851 247.264114
v 73.513870 176.867950 232.186447
v 62.894554 178.061157 227.821991
v 83.066917 176.699310 240.897675
v 72.436958 173.099213 225.192047
v 76.890297 183.606857 236.662308
v 75.333931 184.078140 238.019867
v 74.120079 177.465378 233.702332
v 68.301338 187.777100 247.677246
v 61.019024 167.764984 221.577454
v 74.481705 184.130707 240.903275
v 62.550926 175.597855 224.293671
v 63.286484 178.445343 228.619247
v 74.893105 181.668442 244.288574
v 79.296326 181.734818 243.675262
v 78.335175 183.627197 243.169876
v 68.467125 186.594330 245.455688
v 69.503494 186.813599 247.789536
v 80.749603 182.572098 237.716049
v 60.983006 167.105804 219.863602
v 61.075638 167.469070 220.194122
v 61.006977 167.697968 220.733398
v 61.475090 167.803925 222.258698
v 63.998444 178.873184 229.180817
v 73.965973 173.768967 244.754944
v 75.897858 184.085175 242.478333
v 67.533249 177.302551 224.084015
v 80.675568 182.942871 238.452515
v 66.302101 189.611298 237.056870
v 68.562920 187.015198 245.930939
v 67.743668 178.039932 225.162537
v 61.664734 167.642410 220.455399
v 61.692554 167.745224 221.315460
v 73.808853 184.312317 239.777344
v 63.781719 177.815140 226.061539
v 63.821239 178.444427 227.565292
v 80.477341 181.512390 242.515015
v 73.641724 179.707184 236.617462
v 66.397614 189.827423 236.526093
v 68.377922 178.854797 226.731689
v 68.924507 179.032776 227.872223
v 61.651394 166.962189 219.625854
v 78.922920 183.745468 242.340698
v 62.754440 176.448578 224.950745
v 63.106010 177.821167 226.857880
v 74.738907 179.669586 236.080841
v 68.927368 185.729874 244.529999
v 70.131973 186.020386 244.376572
v 69.842072 186.529678 245.078613
v 69.876648 186.997452 246.125519
v 62.106136 167.605362 221.581711
v 72.061295 177.714157 232.997452
v 72.551727 179.314529 237.084503
v 63.672489 177.181046 225.159149
v 64.720558 179.000168 228.282852
v 65.257202 179.247620 229.196381
v 65.580971 179.194244 230.827698
v 72.925560 172.727112 224.647095
v 73.729385 183.685852 238.031448
v 69.721916 186.879623 245.639130
v 62.051514 167.359100 220.071457
v 63.355133 167.271713 221.389603
v 64.724426 178.542343 226.856216
v 78.802605 178.447830 244.439316
v 78.108543 174.253632 243.490509
v 76.363708 171.192657 228.545731
v 77.748970 183.879028 237.382507
v 75.265137 177.211609 235.193268
v 62.376545 167.496674 220.724152
v 80.860252 181.007858 241.930115
v 74.360519 183.612686 237.773911
v 70.561249 178.635406 231.084030
v 63.908798 176.214066 223.864716
v 64.823196 178.003174 225.599564
v 75.030846 172.617004 245.040192
v 71.266876 178.620682 235.838730
v 70.865005 178.722031 236.896057
v 68.097473 188.614532 237.632675
v 73.958832 184.364532 243.422760
v 72.276802 179.634232 237.719299
v 77.654526 183.710266 243.225372
v 70.985641 178.449036 229.657455
v 66.562424 179.211441 231.101273
v 79.452278 172.473129 242.799194
v 75.649284 159.971771 239.681320
v 76.976402 160.082932 238.531860
v 78.790710 160.244797 237.748978
v 59.257721 172.369415 230.929260
v 68.044258 185.206039 238.934189
v 73.560112 179.149460 244.335251
v 75.247276 160.145493 241.940292
v 75.635880 160.156601 240.801147
v 75.915466 160.245804 239.312515
v 78.712410 160.541199 237.828629
v 79.732010 160.877975 236.066742
v 75.415527 160.423508 241.612228
v 77.349236 160.523544 238.464951
v 78.079620 160.608109 238.211258
v 79.408195 160.993622 236.727081
v 79.644249 161.306061 235.432205
v 79.816254 160.754242 235.343506
v 65.985870 170.798309 240.034088
v 76.900948 160.575958 232.331573
v 74.699722 160.580185 242.229218
v 74.983139 160.957840 241.929932
v 75.251709 160.938904 241.590286
v 75.408562 160.759186 240.923279
v 75.633980 160.694077 240.309219
v 75.866226 160.623657 238.584625
v 76.641396 161.546997 232.451675
v 77.141571 160.782822 231.049362
v 77.270401 160.922836 229.387329
v 74.938217 172.564560 228.474335
v 72.034859 177.623459 242.991776
v 75.692490 160.715668 239.381500
v 77.620132 161.322418 238.065994
v 80.102737 172.470718 241.566284
v 76.883926 161.110031 231.841690
v 77.152466 161.250366 230.836136
v 77.224739 161.124512 229.983032
v 74.883392 161.480255 241.578674
v 80.422852 172.625778 239.938309
v 76.158676 168.591873 229.566620
v 76.676559 161.612976 232.001221
v 76.933243 161.565430 228.946869
v 74.283447 161.441895 241.949173
v 75.100067 161.460220 240.695328
v 79.436317 173.476059 242.469589
v 76.695793 168.825668 228.566055
v 79.480392 161.751541 235.749084
v 76.987411 161.835144 230.176880
v 80.240463 173.773697 238.905411
v 75.221779 161.442780 239.408081
v 74.701576 161.944092 239.461533
v 58.537529 170.987778 229.965118
v 80.430664 169.508636 239.242432
v 79.006264 162.249924 235.982208
v 76.804276 169.421173 228.744431
v 76.691002 161.978439 231.221222
v 76.497299 162.422104 230.206863
v 74.187538 173.051651 228.268387
v 74.698982 161.901016 241.041580
v 74.096092 162.354538 239.120132
v 71.883347 185.850800 239.298386
v 78.122360 162.742416 235.348175
v 82.927933 176.800400 237.625916
v 76.204437 170.663940 229.772598
v 72.843140 185.019775 244.545181
v 76.155624 162.366669 232.061172
v 76.135666 171.201218 229.373917
v 82.779419 176.406464 238.043167
v 74.046944 162.581223 237.810837
v 75.432961 163.158005 231.580521
v 76.302467 162.451691 230.771667
v 75.945549 171.865555 228.228943
v 80.663376 171.376938 237.675873
v 73.763588 162.937271 238.313965
v 83.161888 177.438766 238.342850
v 77.226852 163.013306 234.669434
v 75.972694 162.800217 231.238266
v 75.616501 171.968826 229.188766
v 80.066833 171.410065 241.717728
v 73.478767 162.809204 239.559540
v 79.836624 170.848068 242.051987
v 83.000725 178.042679 240.947815
v 75.172195 172.469971 227.698715
v 75.539902 163.166061 230.407486
v 82.081825 181.592468 240.060181
v 80.719894 171.080353 238.377274
v 80.582916 182.526749 242.098877
v 73.645454 163.450790 238.315018
v 73.982544 163.758087 237.268738
v 81.293694 182.407440 240.683197
v 80.502167 170.281021 237.242828
v 76.829895 163.431915 235.137390
v 80.793892 182.987183 240.389603
v 74.813019 163.518555 231.333466
v 83.492554 176.955521 239.693130
v 68.184837 187.801575 248.671387
v 80.357765 171.891129 240.755035
v 73.293259 163.759766 239.287018
v 81.169144 182.700104 239.000183
v 80.468376 170.629089 236.755524
v 67.119675 171.642441 241.017838
v 83.264725 179.519257 239.323715
v 83.185181 177.233688 240.911057
v 73.784828 163.611221 237.602081
v 76.686859 164.313889 235.086945
v 83.054604 178.875366 240.284119
v 74.541565 163.975845 231.259491
v 74.654694 164.403488 230.620697
v 74.902222 177.518402 245.021866
v 83.482674 179.090073 237.856888
v 74.083496 164.241272 237.516525
v 67.481918 187.948792 249.440033
v 75.067116 164.474258 237.126297
v 75.903648 164.976395 236.500351
v 75.873299 164.326233 236.309784
v 76.925629 165.454544 234.386398
v 79.756752 169.299561 241.247894
v 75.414543 164.563644 228.137344
v 80.535309 171.182877 239.773743
v 80.140228 170.333191 241.021744
v 75.697113 164.949692 237.279358
v 81.750771 182.093185 239.383499
v 75.797379 167.519470 229.318268
v 74.823502 165.579086 230.361221
v 83.393661 177.629852 240.366699
v 71.023315 186.705078 238.511810
v 81.658035 181.768570 240.868073
v 82.603592 180.690292 239.929382
v 75.507225 165.230240 227.404037
v 83.503036 178.187851 238.433640
v 70.786606 175.614029 242.909790
v 80.417137 170.005280 240.107834
v 83.283081 176.314713 239.803696
v 75.403755 165.519012 228.632156
v 75.456123 165.392654 226.662155
v 80.321457 169.429276 237.521545
v 83.302284 179.728577 238.607941
v 77.988426 162.736755 235.800903
v 60.989235 174.905090 232.093979
v 79.460190 160.249100 234.509674
v 71.697838 185.788330 245.543549
v 79.950729 173.647034 241.164093
v 83.363777 178.451111 239.663071
v 80.017258 174.305405 239.934174
v 79.807220 171.962784 242.386398
v 82.123550 180.768433 240.833298
v 76.177505 171.490417 227.798248
v 69.071182 171.250916 243.088257
v 74.876129 166.468536 230.747925
v 64.454369 189.020966 237.341568
v 62.725395 174.913864 235.241821
v 76.729958 170.264755 228.550873
v 73.350075 184.201599 240.357483
v 83.496727 177.402588 239.090820
v 69.150894 183.041138 247.017944
v 76.678749 168.980148 227.730499
v 82.627792 180.921371 239.115250
v 76.466499 160.192230 228.487442
v 83.492035 178.536865 239.035004
v 71.032349 174.485275 243.463043
v 76.288132 167.904541 228.258057
v 73.173752 184.538208 244.514740
v 80.635704 170.184616 238.976532
v 83.552231 178.975677 238.483429
v 80.146614 169.266296 240.363190
v 80.155319 173.400101 240.478241
v 79.833786 173.279327 241.873108
v 82.665985 180.872787 238.356094
v 80.527275 172.031830 239.486893
v 80.617683 172.148163 238.037766
v 68.241035 170.709793 242.316330
v 79.958923 168.567856 239.301346
v 64.405815 174.381714 237.473465
v 80.190758 183.059052 242.130508
v 75.387337 166.646988 229.606155
v 75.904877 166.579498 228.183670
v 83.275269 177.170898 238.551819
v 62.957912 187.978729 236.786697
v 76.357315 169.887299 229.697144
v 66.893326 170.758331 240.642471
v 65.609108 173.588165 239.046585
v 65.069496 173.947052 238.501877
v 73.035065 177.098969 243.956970
v 67.668800 174.078384 241.103424
v 75.391548 167.719528 230.444016
v 67.453133 160.012939 241.120087
v 67.429390 160.869049 241.002136
v 68.134781 160.425690 240.830475
v 76.985435 175.789368 244.596695
v 60.417385 167.645096 221.987350
v 73.722313 160.555710 242.569382
v 76.278793 160.790009 238.216278
v 67.925339 187.121429 248.871750
v 69.470261 186.976654 239.130051
v 66.785812 188.501404 249.720367
v 65.893097 160.842850 241.060501
v 66.834526 160.291931 241.263489
v 72.617241 161.151703 242.472946
v 73.761276 161.360458 242.251007
v 70.244598 184.926437 246.569580
v 76.972687 160.988480 238.228622
v 67.517242 183.439041 247.824753
v 66.479050 161.371368 240.738495
v 68.795563 160.844116 240.455566
v 76.928444 178.768982 244.941574
v 74.310776 183.804398 243.782547
v 65.724625 186.830902 248.652893
v 78.200912 161.410553 237.714462
v 68.911758 177.884903 239.144470
v 69.816444 178.051697 239.942795
v 67.017693 161.734436 240.601562
v 73.745346 161.872437 241.777100
v 69.488548 183.992477 246.582275
v 75.071182 161.652893 237.739517
v 76.251312 161.349548 238.021606
v 78.872139 161.253204 237.373871
v 75.146301 183.144943 243.916885
v 67.804237 161.455460 240.471252
v 68.547600 161.556320 240.191086
v 74.899208 173.596527 244.874634
v 73.993729 162.191162 241.121292
v 72.202782 183.468063 245.010056
v 75.673798 162.253143 237.054260
v 77.421799 161.810043 237.726105
v 78.438538 162.102188 237.037231
v 79.055855 161.770447 236.740540
v 71.980003 162.015564 241.353424
v 73.075966 162.175583 241.264206
v 74.018166 162.373657 240.289261
v 79.793610 182.837097 243.102646
v 76.509003 162.264954 237.073212
v 77.010773 162.525558 236.733368
v 68.906052 187.837357 238.485779
v 81.630661 180.749481 241.346237
v 80.571297 179.102951 242.907730
v 81.256462 178.589752 242.299973
v 64.726425 161.270660 240.296387
v 77.185570 176.380661 244.905273
v 72.456673 162.611908 240.548035
v 70.613762 182.300522 245.297424
v 74.480186 162.155472 237.446442
v 77.950378 162.521240 236.550201
v 72.961533 184.820847 239.908722
v 74.839096 174.918991 244.378342
v 74.696030 162.285660 237.157883
v 75.039894 162.779388 236.874817
v 72.124100 184.381668 245.631332
v 67.132011 162.602066 239.319275
v 75.537445 183.759674 243.315796
v 73.046669 163.150757 239.872208
v 76.310051 163.152573 236.098770
v 77.135735 162.899445 235.558014
v 67.148621 186.809509 248.410858
v 70.985344 162.632950 240.646271
v 75.548798 163.282715 236.605255
v 69.306862 186.538788 248.170990
v 62.583164 177.766205 231.002747
v 66.274467 174.858902 238.792740
v 66.007751 162.987091 238.598618
v 60.159012 167.028534 223.636444
v 60.093491 174.998062 226.833420
v 71.374458 163.619156 240.505096
v 71.982857 162.996765 240.504181
v 74.141563 162.885437 237.177185
v 74.497276 163.050293 236.980515
v 76.165985 163.730576 236.023361
v 64.746895 186.132904 248.789841
v 66.177071 163.486862 238.250961
v 63.142426 175.348984 235.245270
v 72.617561 163.950516 240.059372
v 67.438034 188.585388 237.906235
v 65.309837 163.318695 238.599472
v 66.913383 163.423904 237.965225
v 71.545227 164.462418 240.531921
v 74.628197 163.828369 236.960800
v 79.308929 183.404526 242.938385
v 67.106018 187.822998 249.364624
v 69.823051 185.906921 247.634750
v 64.660255 163.869965 238.729706
v 73.566223 164.137131 238.672470
v 76.045250 179.183502 244.985367
v 77.201469 179.621811 244.845062
v 78.980064 179.456451 244.038300
v 70.416855 186.010590 239.624969
v 70.675720 165.057510 240.794983
v 73.674561 164.602341 239.338593
v 76.593231 180.767014 244.501755
v 79.783989 179.250259 243.611069
v 80.331970 179.689438 242.758881
v 61.041458 176.606705 229.058945
v 65.524620 164.686493 238.595154
v 66.822533 164.107361 238.011475
v 72.896729 164.912567 240.332336
v 78.534164 180.217636 243.878891
v 63.016369 187.235397 248.577774
v 64.046280 186.181290 248.921326
v 65.311707 189.077377 237.470367
v 63.127609 189.663330 237.028534
v 66.217468 164.465256 238.355621
v 59.907028 172.301727 232.795029
v 72.127113 164.971680 240.543060
v 80.272034 180.366638 242.266190
v 61.344887 173.849442 233.226547
v 81.235374 179.570618 241.835876
v 79.618484 180.776108 243.184784
v 80.297989 178.296478 243.530716
v 82.349197 179.305298 240.969254
v 68.950981 177.502533 239.854675
v 60.255062 172.714386 232.304443
v 66.597328 172.902573 240.187469
v 64.460510 184.780289 248.461334
v 71.435913 185.586670 246.099747
v 70.811218 186.444061 239.306580
v 73.227753 183.768433 244.599106
v 64.990280 184.535294 248.619370
v 58.757740 166.111740 222.970856
v 64.880554 165.282471 238.940994
v 65.469452 166.077408 238.995789
v 59.428940 173.597946 229.684662
v 72.270302 185.166077 239.923813
v 64.401703 185.147400 248.792496
v 71.017830 185.212067 246.620758
v 65.760994 177.002899 235.555786
v 60.250744 174.978333 229.692734
v 65.031403 185.026138 248.747208
v 63.497749 165.107361 239.093750
v 63.504353 166.082443 239.364868
v 64.325005 165.505569 239.209473
v 66.814125 165.318558 238.350006
v 72.667999 176.288925 243.502991
v 65.961342 184.942780 248.384796
v 64.601501 166.604584 239.476013
v 66.394501 166.338684 238.766449
v 60.217701 173.576416 231.781784
v 60.025051 167.017410 224.140305
v 62.440369 175.497406 234.042068
v 73.955841 166.474960 242.804382
v 68.110626 187.693466 248.982300
v 76.101776 183.209900 243.975754
v 76.329308 179.815399 244.867264
v 58.406105 169.978088 229.941818
v 74.058327 167.149506 243.450424
v 68.439072 171.378235 242.643555
v 68.557808 183.528305 247.261627
v 66.838974 187.503113 248.913467
v 63.932514 166.722351 239.575623
v 59.764137 173.557709 231.161896
v 76.321548 167.670685 243.313629
v 71.422218 183.881226 245.497910
v 78.137802 179.458160 244.515381
v 60.307102 172.098663 235.335480
v 73.907494 167.865463 244.251984
v 75.507339 167.616653 243.586868
v 77.010300 167.759766 242.877365
v 71.063309 182.637619 245.445160
v 79.000641 182.762817 243.789658
v 78.712959 182.316864 243.894897
v 64.578735 188.091660 249.135986
v 65.237869 174.560547 238.211884
v 62.209812 177.613297 228.254227
v 74.793800 167.810501 243.934341
v 75.573120 168.264374 244.092529
v 76.918144 168.420013 243.480347
v 78.353149 182.961197 244.009003
v 62.436832 176.405701 233.275772
v 69.839188 183.393723 246.613098
v 63.547012 167.650574 239.974686
v 64.280563 167.863556 239.939560
v 65.321762 167.456772 239.497818
v 74.638763 168.387207 244.435730
v 78.179352 181.850800 243.962326
v 74.033508 182.378494 244.096939
v 68.768318 184.735565 247.012360
v 61.510506 176.002106 232.402054
v 65.948235 168.291641 239.494431
v 75.880486 169.223541 244.317169
v 76.238266 168.513702 244.004150
v 77.469040 169.251801 243.679398
v 78.070763 169.051865 243.180588
v 79.467812 168.655777 240.966232
v 60.371662 175.602859 228.350082
v 71.163544 184.391785 245.964035
v 78.760406 183.232330 243.646973
v 66.772423 185.735901 248.108246
v 64.944893 168.440277 239.940094
v 72.040939 169.062408 244.588379
v 73.843399 169.075409 244.721863
v 78.876350 169.594788 242.554291
v 79.087410 169.211639 241.963318
v 67.299957 184.519836 247.751770
v 68.660919 185.307281 247.259521
v 60.550522 175.048096 230.718735
v 63.862888 168.469818 240.208954
v 63.143291 188.155289 248.679443
v 64.705421 176.048279 236.182617
v 74.948135 169.240906 244.646423
v 74.139206 181.165894 244.316025
v 63.259159 168.915161 240.156586
v 63.993538 169.148270 240.170792
v 65.039864 168.989975 239.879105
v 68.403587 176.648712 240.178421
v 73.619591 169.910980 245.004425
v 75.644669 169.829208 244.789001
v 77.837379 169.934616 243.540405
v 78.261818 169.598648 243.188370
v 79.736130 170.100952 241.658951
v 72.858116 169.652832 244.896683
v 74.688110 169.751816 244.952927
v 76.804718 169.580078 244.184143
v 78.887955 181.354370 243.838715
v 73.254974 181.862610 244.001907
v 75.195175 179.852234 244.732590
v 71.378723 183.334595 245.738846
v 71.348068 183.611664 245.540253
v 69.954956 177.384933 240.907196
v 64.199265 170.151154 239.888550
v 64.648590 169.454178 240.011414
v 75.974541 170.453735 244.891754
v 63.268032 174.334457 236.004745
v 77.655121 182.277374 244.137085
v 76.772270 182.490662 244.065109
v 77.567612 183.188644 243.933243
v 79.737625 160.175735 235.352264
v 77.336914 170.439468 244.305664
v 78.372192 170.618744 243.642868
v 78.469879 170.390930 243.363022
v 79.449310 170.354584 242.355057
v 72.138176 182.521271 244.853424
v 65.667419 169.872818 239.762161
v 75.170853 171.058151 245.133865
v 76.797523 170.613953 244.671814
v 79.975067 182.152008 243.085922
v 79.634102 177.433487 244.077240
v 63.506893 170.144333 240.024979
v 64.646431 170.790833 239.500229
v 72.916306 170.634613 245.052460
v 73.894348 170.706482 245.046585
v 74.545410 170.960983 245.187836
v 78.034454 170.973450 244.050461
v 78.408562 181.008163 243.838394
v 73.807907 183.368088 244.206467
v 71.099113 185.813889 239.726379
v 75.592102 178.600525 245.182846
v 65.817871 184.047165 248.450989
v 76.594826 171.487656 244.619217
v 77.825813 171.541061 244.132065
v 79.038200 171.385620 243.332504
v 75.574036 181.459351 244.260605
v 72.400368 181.801910 244.149323
v 68.928230 186.287628 248.095642
v 61.686382 171.838333 237.870956
v 66.694054 184.019409 248.143478
v 77.997826 178.113419 244.818665
v 72.397240 171.273102 245.016678
v 74.420341 171.723984 245.200836
v 61.201828 171.984116 237.066132
v 66.352806 176.018097 237.878586
v 67.420853 176.254135 239.047165
v 63.027428 173.637650 236.171616
v 59.254700 170.694550 234.258728
v 60.550522 171.640884 236.557999
v 61.552753 177.058762 230.183304
v 59.240845 173.560654 228.604919
v 59.755821 165.761765 224.934631
v 59.013008 172.654282 228.875885
v 64.016945 173.622269 237.317490
v 58.220703 169.794464 228.217316
v 64.356712 190.444885 236.727737
v 61.925247 176.646011 232.264557
v 58.844944 166.619629 222.046310
v 62.832932 175.644440 234.537689
v 59.516006 165.991409 224.188400
v 62.122528 172.711578 236.277328
v 70.859619 176.576935 242.266251
v 61.495728 176.840149 230.950287
v 59.557083 172.061218 231.860321
v 65.098976 162.547455 239.236786
v 63.800591 190.210327 236.923386
v 63.681664 175.071350 235.821167
v 74.092621 160.787354 242.491837
v 60.295174 174.321060 230.619354
v 67.497162 176.746490 238.081543
v 69.089973 176.642303 240.964935
v 63.669163 176.560059 234.229431
v 63.241478 190.260834 236.769348
v 64.244087 160.673340 239.821243
v 62.537647 189.860016 236.747650
v 68.352097 175.391098 241.015778
v 61.073795 171.220856 237.842712
v 73.455345 183.916519 240.941010
v 69.209465 175.168854 242.193268
v 62.195839 189.470291 236.474747
v 63.912300 160.004807 239.058365
v 62.369564 173.510056 235.216644
v 72.333252 184.549072 240.259598
v 59.016983 171.439774 231.306610
v 62.562515 177.925430 229.993927
v 64.084526 172.747833 237.705231
v 63.427235 172.677139 237.053055
v 72.340881 183.340271 240.683060
v 64.146156 178.595413 231.276138
v 62.469009 173.049881 235.618866
v 62.165413 189.315842 236.769409
v 72.898254 183.676071 240.863968
v 66.725906 176.493378 237.652100
v 60.268959 175.508057 227.454208
v 64.294594 160.087952 240.062500
v 62.498825 188.895050 236.896301
v 61.274307 176.163589 231.451828
v 72.588593 183.121765 241.324005
v 59.255112 173.264786 226.681229
v 60.325790 167.425278 222.873596
v 63.187847 177.032959 233.029785
v 58.946316 171.088440 231.948654
v 60.505615 172.611664 233.212982
v 68.692657 162.318359 239.585114
v 63.415882 175.812836 234.845139
v 64.181236 176.179184 235.265320
v 61.186607 167.936462 222.635056
v 60.049133 174.929092 228.937943
v 67.898926 175.850616 240.001877
v 58.665531 165.897339 221.821106
v 71.063271 160.372803 241.920929
v 62.267540 174.989838 234.429276
v 58.460381 165.334778 229.730347
v 61.056908 173.447968 232.758835
v 68.787827 177.996689 238.250168
v 60.823097 176.218353 228.185760
v 71.284271 159.845688 242.151489
v 72.239487 182.553558 240.954926
v 60.502666 173.241043 232.326324
v 59.228436 173.612411 227.610672
v 60.605240 174.016403 231.740021
v 58.952751 171.865387 230.343948
v 58.555622 171.562592 228.513031
v 60.989189 173.047714 233.020493
v 67.432732 162.289993 239.971268
v 59.068241 172.703415 227.147018
v 62.090054 177.309448 231.381424
v 59.815994 167.471115 221.947998
v 61.367432 176.827087 227.848221
v 65.676193 161.558960 240.623901
v 65.874390 175.299362 237.964233
v 72.033859 181.743835 241.311584
v 59.905308 173.868546 230.638580
v 59.352272 171.402069 233.958221
v 64.349861 177.545883 233.803955
v 63.238503 172.378067 237.678894
v 63.867382 174.404160 236.666962
v 61.747025 173.305389 234.190018
v 65.153122 178.121704 233.676193
v 64.270897 189.077866 249.269836
v 65.696480 176.093277 236.937393
v 71.529518 161.634094 241.592850
v 58.354778 164.868118 223.225815
v 65.080521 160.487122 240.774567
v 71.698135 181.344070 240.550873
v 59.552750 173.811340 226.449356
v 67.976929 177.145721 238.283203
v 60.387169 170.150391 237.426605
v 71.132446 177.148422 241.972900
v 68.312019 177.377869 239.024033
v 59.834625 174.761551 228.345245
v 62.795212 176.253464 233.686813
v 58.587410 171.096313 226.699127
v 60.060841 171.514481 235.754807
v 58.643661 165.388062 223.791656
v 58.588264 165.647675 222.356277
v 60.716808 176.096390 229.650070
v 64.844475 176.661789 235.464615
v 79.301765 167.367676 238.398590
v 58.572800 170.386856 230.740555
v 58.265568 170.553421 227.776489
v 61.827873 177.356659 229.315582
v 63.758511 161.349854 238.888260
v 61.404968 172.421127 236.354202
v 70.444740 159.840439 241.664948
v 65.205681 162.014633 240.087143
v 68.028328 176.720703 239.345352
v 60.834141 175.870331 230.587830
v 59.542690 165.225128 224.958618
v 69.505638 160.252823 240.842163
v 59.687389 171.967560 233.750992
v 62.200024 171.649109 238.643768
v 65.222260 177.504105 234.396332
v 59.607471 166.757202 223.351974
v 61.320667 172.746140 235.126892
v 71.511871 180.411438 239.933090
v 71.322464 179.176346 238.587997
v 62.535812 177.153717 232.287109
v 63.933628 177.646713 232.940491
v 64.327217 172.237244 238.301437
v 66.124718 160.324020 241.325180
v 71.286850 179.875488 240.406219
v 71.278152 179.738953 239.441864
v 60.467682 172.454178 234.347000
v 65.933815 178.708069 232.772690
v 64.642380 179.070679 230.151016
v 58.571262 171.520477 227.696838
v 64.327507 189.243423 249.138397
v 66.533165 175.368774 238.846024
v 63.249882 177.920227 231.738541
v 63.059677 171.744202 238.906998
v 71.050919 179.026932 239.223694
v 64.869125 178.711487 231.816605
v 59.653023 171.037170 235.000702
v 61.279789 175.459229 232.498550
v 58.549240 171.297119 229.215363
v 70.657631 177.940552 240.688721
v 69.078247 177.194504 240.428177
v 66.166573 177.284042 235.570770
v 63.744884 189.063934 248.895035
v 69.727501 160.589722 240.928146
v 70.990753 178.925308 240.062729
v 71.066757 178.848633 238.291245
v 65.490982 178.904541 231.909973
v 63.583961 178.509552 230.787857
v 63.361279 178.505951 229.834778
v 59.316597 167.007416 222.503281
v 63.397186 188.687546 248.651199
v 58.568748 165.943893 229.348282
v 59.473885 174.071640 227.089203
v 59.759300 174.646149 227.733826
v 68.729515 176.026672 241.009384
v 68.353638 177.666641 237.220657
v 70.717506 178.498611 239.936935
v 69.092697 178.161270 237.278015
v 59.186020 167.055939 221.746170
v 66.690231 178.089996 234.316391
v 64.252594 175.305237 236.375046
v 70.211372 161.021881 241.157516
v 65.921547 162.568451 239.436203
v 59.428829 171.848480 232.346619
v 61.320194 172.912628 234.126404
v 70.178726 178.513550 239.257950
v 69.715385 178.440842 238.422409
v 66.879105 177.692932 235.372086
v 65.943283 178.210785 233.853851
v 64.721397 178.347153 232.838608
v 61.428642 160.022034 233.909668
v 62.965378 160.079834 236.828949
v 63.465172 160.024673 238.097992
v 60.378735 160.258026 232.042526
v 61.036877 160.291489 233.601288
v 68.020638 172.389160 242.098236
v 68.574715 172.686142 242.599030
v 65.772652 187.025299 237.887207
v 60.093483 160.941132 231.921112
v 60.921425 160.800522 233.547012
v 62.132107 160.354553 235.451767
v 62.723743 160.605560 236.619675
v 68.992203 160.288971 240.476456
v 67.867012 174.773300 240.816254
v 68.462639 175.047485 241.494965
v 72.164299 160.359558 242.602203
v 65.164330 186.715088 237.310181
v 61.819683 160.746552 235.122818
v 63.709255 160.553848 238.807114
v 61.708855 160.537292 226.731049
v 62.149704 161.363632 235.715515
v 62.967262 161.016403 237.321396
v 72.014153 181.134720 242.563629
v 69.146881 161.205780 240.207993
v 72.850937 160.561188 242.756393
v 60.602070 161.107544 225.483261
v 60.534092 161.317047 226.034317
v 60.841679 161.372910 233.408981
v 59.505737 173.127213 231.035706
v 69.964233 174.562546 242.967957
v 71.719536 161.094864 242.088348
v 61.547153 160.962418 227.751236
v 61.333431 161.744629 234.395844
v 62.133175 161.753448 235.769089
v 63.019543 161.713135 237.422134
v 64.037064 162.000443 238.924026
v 61.621670 174.954300 233.156250
v 69.119865 172.203720 243.042435
v 72.913734 161.533890 242.115646
v 69.706131 171.900253 243.279755
v 60.725468 161.595505 226.895737
v 77.161072 160.334167 230.629425
v 59.528366 161.932770 231.373505
v 60.040127 161.897949 232.648941
v 60.507172 162.226990 233.867477
v 61.785652 162.095383 236.072098
v 62.789059 162.074417 237.192154
v 60.773735 162.005219 227.454529
v 60.301098 162.076248 233.071182
v 61.076756 162.141296 234.778564
v 60.751537 162.629486 235.215454
v 64.681839 162.013733 239.719742
v 67.639793 184.448578 237.970901
v 69.887939 161.687561 240.564331
v 59.823303 162.536285 226.192108
v 61.131493 161.594559 228.192307
v 59.175369 162.739563 229.800766
v 59.669411 162.181473 232.094772
v 59.448574 162.791702 232.412918
v 60.232174 162.691238 234.243805
v 61.623589 162.477020 236.333984
v 61.853722 163.438660 237.408173
v 63.442142 162.397064 238.065582
v 59.731846 162.197357 225.555344
v 60.176033 162.809189 226.744232
v 70.589699 172.924561 243.708450
v 60.319050 163.142380 234.793625
v 61.359985 163.034805 236.381546
v 62.668575 162.707748 237.647095
v 64.318939 162.604141 238.614624
v 81.881668 175.222351 239.918457
v 70.287888 162.719788 240.399506
v 74.605911 178.596619 244.948059
v 59.514374 163.404984 225.982407
v 72.620033 172.953735 244.743561
v 58.868900 163.335480 231.115738
v 59.947601 163.260971 233.904373
v 64.138840 163.360184 238.621628
v 67.584930 162.945618 238.503296
v 68.870323 185.506012 239.345596
v 63.693184 188.397064 249.072601
v 67.341888 187.951233 238.334061
v 59.015675 163.098083 225.102020
v 70.603226 184.158035 239.911163
v 58.745445 163.871582 229.903854
v 59.651810 162.917358 233.070633
v 63.198532 163.788040 238.465424
v 67.570671 163.401169 237.836304
v 68.031425 162.972595 238.677460
v 68.467751 162.922668 239.133331
v 69.344978 162.563812 239.880341
v 58.862900 163.724243 225.017670
v 60.093040 163.269775 226.914459
v 59.192261 163.299500 232.029175
v 59.610443 164.067673 233.938950
v 60.059837 164.166199 234.777069
v 60.378860 163.639236 234.922714
v 60.746223 163.439438 235.710205
v 61.102295 164.145493 236.893753
v 62.264408 164.710602 238.492188
v 71.590652 179.838028 241.861984
v 68.761368 164.197006 239.553207
v 63.351086 186.733185 248.197052
v 58.675461 163.654373 224.379303
v 66.956604 175.367188 239.450775
v 58.556103 163.947586 231.434982
v 59.731277 164.742157 234.208511
v 61.285774 163.786224 237.050125
v 67.915291 163.531952 238.106873
v 69.396057 163.326508 239.862762
v 72.064728 176.052856 243.228455
v 66.867233 183.387817 248.008011
v 62.166416 160.023773 235.183823
v 58.751244 164.176773 232.074692
v 59.263611 164.003159 233.227539
v 60.143936 164.964127 235.551331
v 60.720242 164.203430 236.129929
v 70.418755 163.559799 240.397003
v 70.284927 165.074402 240.732162
v 71.851395 172.618195 244.566483
v 58.927212 164.229248 225.004013
v 59.619453 164.052612 225.952133
v 59.720169 164.627289 225.780014
v 60.950943 164.967667 236.953873
v 67.916168 164.122620 238.172867
v 68.233803 163.966354 238.704147
v 75.729774 160.323547 227.740417
v 58.459663 164.684799 223.931717
v 58.907089 164.921402 224.564667
v 58.905117 165.029617 232.393311
v 59.276108 164.582947 233.318512
v 60.536102 165.117004 236.499283
v 61.199104 164.944916 237.549377
v 61.207813 165.692841 238.084778
v 69.052307 165.033829 240.172272
v 71.046303 178.026199 241.142166
v 74.049637 177.176483 244.551056
v 73.991249 178.186951 244.620499
v 58.440929 164.764084 230.926239
v 59.422661 165.485306 233.883316
v 59.735680 165.157013 234.731735
v 61.642185 165.320694 238.342377
v 67.331100 164.504913 237.923752
v 67.377792 165.358948 238.295639
v 67.670006 164.470703 238.017639
v 68.173615 164.726303 238.822876
v 68.653221 165.610428 240.064926
v 71.333359 179.863129 241.003159
v 69.382286 184.557709 239.465317
v 76.745270 166.997025 242.319763
v 64.402885 173.437958 237.964890
v 64.979088 172.930115 238.630112
v 70.816704 183.060944 239.679977
v 65.603951 172.257355 239.392288
v 58.582008 165.478592 231.529114
v 66.754608 173.733612 239.974884
v 69.636642 164.321869 240.303879
v 71.695702 182.062958 239.992126
v 67.394768 172.767807 241.164383
v 68.068184 173.214783 242.003998
v 58.483669 165.624146 230.664841
v 59.164024 165.701920 233.548798
v 59.926186 165.977570 235.638901
v 60.644550 165.865982 237.019150
v 69.130157 166.024475 240.566849
v 68.612892 174.295273 241.941925
v 68.872116 173.499008 242.484375
v 69.439438 172.872086 243.000946
v 69.404259 173.932632 242.726456
v 65.655273 187.729950 237.855453
v 58.336014 166.482162 230.882782
v 58.785370 165.984756 232.634552
v 58.991184 166.581924 233.245209
v 61.481300 166.317810 238.700104
v 71.938171 179.969849 242.597748
v 73.612801 181.554855 244.027115
v 68.300140 165.393112 239.416550
v 71.222008 165.449951 240.900040
v 72.146477 165.634720 241.697418
v 67.675011 185.963760 238.870453
v 64.913383 186.084625 236.585571
v 59.359623 166.148911 234.269592
v 60.314243 166.968765 236.616837
v 60.784191 166.665482 237.419449
v 67.155930 166.429123 238.788544
v 70.393257 165.993378 240.994034
v 71.973396 166.180099 242.266022
v 71.726479 178.614136 242.473190
v 77.032104 160.302460 229.063400
v 58.401394 166.467117 231.643219
v 58.789810 167.052429 233.197266
v 59.438114 166.715240 234.426620
v 60.297913 166.389481 236.246765
v 62.167751 166.494598 239.224808
v 69.696701 183.999542 239.422668
v 69.667175 166.435776 240.966782
v 70.780441 166.358826 241.733398
v 71.882050 181.689362 240.605515
v 74.417740 179.305359 244.624649
v 71.199417 178.767517 241.017426
v 58.461987 167.093353 232.066040
v 59.181465 167.224014 234.353622
v 59.732639 167.152527 235.377899
v 60.891010 166.924210 238.017822
v 72.120872 176.845016 243.045364
v 67.743805 165.898102 239.026215
v 61.924786 175.672363 233.416077
v 77.421097 166.699768 241.129272
v 60.537342 167.599945 237.473877
v 61.385452 167.188400 238.833527
v 62.061195 167.621338 239.590485
v 62.852764 167.301132 239.759888
v 72.407150 180.924393 243.113998
v 66.732407 167.279175 239.083282
v 67.696121 167.020447 239.930435
v 69.373238 167.125427 241.485031
v 72.375168 166.593445 242.745880
v 61.854683 188.857300 236.522049
v 73.193726 178.425842 244.208923
v 82.606270 175.562271 240.020477
v 58.927029 167.925949 233.981049
v 64.078400 185.155685 248.437286
v 67.862534 167.740082 240.507843
v 68.342728 166.954712 240.493958
v 68.582069 167.574234 240.863663
v 70.052818 166.973251 242.221634
v 72.891098 167.373276 243.634018
v 58.229500 167.884537 230.298401
v 58.656097 167.816910 232.431030
v 59.223030 167.818436 234.744675
v 59.873882 167.849915 236.028992
v 60.287476 168.025574 237.005386
v 61.564484 168.484680 239.263336
v 66.134674 167.485901 239.228333
v 67.207031 167.633621 239.533295
v 70.708122 167.688904 243.375290
v 71.206161 167.103119 243.014542
v 65.897614 185.394699 236.846848
v 58.329170 167.604156 231.071594
v 58.701267 168.383041 232.443573
v 58.902130 168.037750 233.287781
v 60.982475 168.593796 238.324829
v 61.080158 167.923401 238.574478
v 68.944069 167.680038 241.379074
v 69.580750 167.869217 242.626755
v 72.041756 167.530228 243.665680
v 73.514427 176.493912 244.144836
v 66.753212 174.568542 239.754684
v 58.909950 169.043488 233.503235
v 59.998615 168.718552 236.712784
v 62.637463 168.303894 239.915833
v 68.385834 184.503418 238.795273
v 70.632233 168.237640 243.740768
v 71.650612 168.198303 244.110077
v 72.863289 168.027313 244.215439
v 63.285400 187.436417 248.840027
v 58.253693 168.211014 228.964844
v 58.536682 168.869217 231.618317
v 60.327667 168.933395 237.281189
v 62.031445 168.379349 239.654770
v 66.980171 168.343674 239.612991
v 67.664886 168.598465 240.628830
v 68.626358 168.206650 241.603668
v 72.506332 179.055313 243.557388
v 58.300732 168.822723 229.568802
v 59.016922 168.952820 234.201736
v 59.229946 168.671097 234.706848
v 61.009674 169.298752 238.588196
v 61.359711 169.734421 238.986023
v 74.352806 180.279358 244.444550
v 66.490990 186.334961 238.188370
v 66.575783 168.515320 239.326523
v 68.152489 168.882919 241.443100
v 68.870255 168.683487 242.435486
v 58.363808 169.113724 230.640900
v 58.916294 169.756989 233.105316
v 59.539330 170.004196 235.249863
v 59.641315 168.853928 235.692062
v 59.573055 169.655121 235.799683
v 59.886383 169.624542 236.563660
v 66.063286 174.222290 239.077896
v 66.807495 169.372925 240.020569
v 69.575371 169.018967 243.227783
v 67.078667 173.859055 240.459137
v 60.552574 169.608307 237.765427
v 62.038269 169.403046 239.644821
v 62.803108 169.179840 240.078903
v 66.073685 169.104858 239.642075
v 67.512665 169.465225 240.905609
v 68.076309 169.527527 241.931366
v 68.672531 169.451157 242.702759
v 78.964149 175.336609 243.005280
v 81.263130 175.281479 237.187195
v 66.906693 187.038437 238.469070
v 76.858612 165.499741 239.262970
v 58.365074 169.459442 228.867676
v 58.720745 170.361725 232.254028
v 71.451447 173.121429 244.181992
v 70.073723 169.406555 243.722748
v 70.853294 169.092896 244.152298
v 69.570290 185.747147 239.547348
v 58.966457 170.667801 233.199585
v 59.189949 170.119644 234.136337
v 59.927109 170.469223 236.286469
v 62.811356 169.968201 240.004684
v 66.166061 170.128876 239.844315
v 66.543297 170.112183 240.118805
v 68.975685 170.317307 243.013168
v 69.879509 170.344543 243.555634
v 72.630608 178.003342 243.663712
v 59.862762 172.873825 231.734787
v 64.384689 188.049347 237.331207
v 61.021297 170.523407 238.318359
v 62.415932 170.959244 239.380707
v 68.154587 169.950058 242.110291
v 71.033112 170.196930 244.409180
v 72.112190 174.575333 243.941742
v 58.378128 170.322449 229.005280
v 69.742783 176.201019 241.893768
v 60.481079 170.879654 237.036804
v 75.049332 175.475815 244.279037
v 61.712742 171.033249 238.782700
v 61.860668 170.383179 239.256348
v 62.873493 170.843567 239.665695
v 67.802002 171.211990 241.722717
v 64.772339 160.020844 240.744873
v 64.619987 159.786957 240.178192
v 64.281311 159.763046 238.622009
v 63.422855 159.787964 236.949295
v 62.357853 159.831451 234.899933
v 61.191956 159.924240 232.811066
v 60.637192 160.041641 231.354034
v 66.144218 159.903458 241.352844
v 65.105354 159.781403 239.824310
v 61.548172 159.898804 232.588364
v 67.211258 159.798370 240.986404
v 64.493835 159.791840 237.880173
v 63.360085 159.844727 235.695984
v 62.472893 159.876434 233.976883
v 62.444645 159.957581 233.046677
v 65.233696 159.847656 238.230759
v 63.902988 159.937958 235.735794
v 61.674515 159.907089 231.656769
v 64.262840 160.241272 235.865387
v 63.049557 160.246262 233.610840
v 62.670170 160.347946 232.741547
v 66.328819 159.832687 239.377502
v 65.391380 160.249359 237.796509
v 62.274815 160.194687 231.526855
v 62.226364 160.014160 231.009155
v 61.277138 159.962326 230.835434
v 67.416855 160.201721 238.987747
v 63.345474 160.747391 233.414703
v 66.358803 159.789291 240.434952
v 68.396530 159.866837 239.274109
v 66.095543 160.184113 238.646271
v 65.007530 160.678528 236.580643
v 64.163185 160.723694 234.966064
v 62.691772 160.606674 232.170441
v 62.883720 159.948883 229.142075
v 68.680847 159.892899 240.766159
v 69.052513 159.790192 240.391953
v 66.800056 160.581055 238.563065
v 65.955872 160.746506 237.810501
v 64.264824 160.871429 234.230240
v 62.890354 160.698685 231.512390
v 63.907478 159.997482 230.488174
v 62.885593 159.932724 230.125671
v 62.200630 160.179153 228.520844
v 65.388809 160.818161 236.086227
v 63.781895 160.901001 232.742813
v 63.542366 160.870544 231.677155
v 63.300041 160.412323 230.928513
v 62.553501 160.034439 228.362198
v 68.796135 159.785736 239.967651
v 66.810791 160.793610 237.885605
v 69.652000 159.811462 240.934647
v 66.426514 160.782791 236.415543
v 64.202621 160.707352 231.129440
v 64.396912 159.912170 229.573471
v 62.307716 160.225647 226.250656
v 70.665359 159.771622 241.281982
v 66.948837 160.766693 234.945831
v 63.657803 159.944595 228.422455
v 63.583992 159.990448 227.227509
v 68.961723 160.300446 238.480911
v 66.344238 160.795242 234.080719
v 65.373886 160.135284 230.644348
v 64.196770 160.206406 228.600677
v 64.001564 160.313583 228.420654
v 63.025402 159.999786 227.044373
v 62.456322 160.228851 225.308197
v 71.787560 159.821030 242.374512
v 72.311539 159.778137 242.110596
v 68.771248 160.769363 238.222778
v 65.252037 160.843185 233.704315
v 65.594032 159.905685 230.060913
v 64.857170 160.271729 229.249634
v 63.207909 160.061676 225.363541
v 71.430359 159.765228 239.877518
v 70.022476 159.836731 238.069077
v 65.227501 160.854889 232.128571
v 65.569046 160.092468 229.512054
v 64.133942 160.253067 226.912292
v 62.504177 160.370972 224.454758
v 72.488861 159.833664 242.683563
v 66.144463 160.550476 230.843414
v 66.769836 159.890701 229.363266
v 66.142769 159.865067 229.399414
v 63.971066 159.975021 225.969604
v 64.384331 160.074921 224.865204
v 77.788498 166.094833 238.596832
v 70.801651 159.786682 238.758926
v 69.248840 160.704727 236.618469
v 69.132553 160.730316 236.433105
v 68.648682 160.718842 234.185974
v 65.183830 160.028992 225.339783
v 61.496922 161.061050 223.434708
v 72.399391 159.758087 240.614349
v 70.563118 159.792236 236.655106
v 67.547409 160.763351 232.189789
v 65.838341 160.795914 231.224701
v 66.636238 160.158142 230.338348
v 67.512993 160.304260 229.941788
v 64.792351 160.382309 226.064133
v 73.816101 159.934784 242.642731
v 73.677917 159.809174 242.270721
v 73.639709 159.766815 241.230240
v 71.591446 159.766022 238.323029
v 67.807968 160.700195 230.291840
v 63.786720 160.355118 224.005951
v 63.096565 160.567627 223.584549
v 71.877037 159.806366 237.754318
v 71.355362 159.853104 236.380157
v 68.916573 160.736176 230.905441
v 65.548416 160.227066 225.672745
v 62.355782 161.311844 222.229980
v 74.370979 160.316833 242.597565
v 74.672050 159.956238 242.119843
v 69.935577 160.678223 234.734940
v 68.927094 160.722931 232.676025
v 67.176025 160.034225 227.800766
v 66.430145 160.243759 224.467514
v 63.548607 161.182663 222.224808
v 72.823036 159.794785 238.458618
v 72.312836 160.175537 237.779572
v 68.153290 160.465637 229.449783
v 67.655922 160.026321 229.245041
v 67.925278 159.992889 228.540466
v 67.066597 159.941544 226.579330
v 66.966248 159.950745 226.393219
v 66.651070 159.994904 225.836456
v 64.798111 160.315414 224.138336
v 71.781425 160.330887 236.199539
v 71.315491 159.864731 234.308640
v 67.282928 160.100189 224.696854
v 66.908264 160.686554 223.746750
v 64.829697 160.726425 223.176605
v 62.588558 161.980377 221.006668
v 77.944672 166.387100 236.254776
v 74.881241 159.834930 240.907593
v 71.490578 159.831390 235.280380
v 71.515137 159.923050 234.027985
v 68.439301 160.327820 228.444519
v 63.831497 161.990738 221.029465
v 79.870087 175.110001 237.461258
v 74.547165 159.790176 238.729767
v 73.993744 159.782700 238.027557
v 72.100670 160.243958 235.068390
v 71.558380 160.144989 233.757156
v 71.019531 160.614166 233.596024
v 68.661324 160.695206 228.980179
v 65.292053 161.260437 222.451813
v 75.338234 159.961395 241.150223
v 74.387360 159.727631 237.928848
v 68.667366 160.489212 227.567947
v 68.332069 160.106583 227.276062
v 68.081032 160.015381 227.034454
v 64.508347 161.272247 222.086807
v 69.595734 160.811066 228.651871
v 69.002205 160.807327 227.628220
v 68.707184 160.443832 226.396957
v 68.694931 160.032806 225.347916
v 67.819214 160.476303 223.726791
v 66.077583 160.897644 223.386597
v 81.878998 175.428467 240.684067
v 70.677101 160.706421 231.661850
v 68.945854 160.475189 225.939499
v 64.736572 162.152802 221.050110
v 82.945999 175.841675 238.997665
v 80.503532 174.856903 238.215256
v 76.967773 165.913483 235.244308
v 75.500114 159.869217 239.030579
v 73.410614 160.126480 234.301636
v 71.766953 160.794342 230.081970
v 81.161774 175.000092 239.500076
v 81.447243 175.840042 241.533066
v 78.716248 166.811310 238.545074
v 81.594246 175.043304 238.550720
v 80.419716 174.655441 238.791473
v 76.313713 159.891251 236.881897
v 73.821266 160.151443 234.393188
v 73.196632 159.901596 234.117584
v 71.602104 160.638641 232.950638
v 69.131683 160.866501 226.599136
v 69.269203 160.036133 224.338150
v 68.766327 160.193771 223.796600
v 78.096916 166.275208 237.509933
v 65.215584 162.053543 221.360886
v 77.614105 167.406128 242.076706
v 77.750977 166.530182 235.384308
v 69.644363 182.759979 246.392700
v 79.013580 167.815948 235.628098
v 72.168892 165.273697 241.022858
v 76.670990 159.985001 238.386139
v 74.667885 159.799301 234.654449
v 69.568817 160.593521 225.739639
v 69.998772 160.043243 225.523071
v 83.018723 176.061859 240.319916
v 79.489891 167.951721 236.913208
v 73.205887 165.410294 241.518066
v 69.923882 160.967056 226.407959
v 69.055206 160.472275 223.291351
v 73.180771 165.724213 242.133347
v 73.821411 165.195938 241.003250
v 73.044609 164.465744 239.768890
v 79.338051 167.553055 239.254547
v 77.904999 159.934280 237.242249
v 75.840958 159.954468 235.007629
v 72.244934 160.745834 231.198944
v 69.829597 160.192673 223.657364
v 80.897049 175.475677 236.724701
v 68.552048 182.788284 246.905029
v 74.333786 165.680588 241.885620
v 78.245209 168.744064 242.744293
v 80.323288 176.243423 242.742035
v 79.903542 175.783981 242.469131
v 81.821091 175.716370 236.573135
v 78.135345 167.122116 235.263214
v 80.209541 174.497421 239.302444
v 74.038208 164.867126 240.019608
v 77.985313 160.070663 238.156021
v 78.096352 159.949554 236.053223
v 77.101250 159.959702 235.294144
v 75.018036 160.009918 232.603760
v 74.201759 160.704025 232.260132
v 71.712738 160.938629 227.608551
v 70.555870 160.101135 224.162338
v 82.470596 175.983368 236.980789
v 82.494514 175.781570 238.367905
v 78.646492 166.982849 239.721939
v 79.557785 168.333511 240.256180
v 78.599716 160.021439 237.535080
v 75.244736 159.934464 232.132172
v 71.578346 160.028610 225.215912
v 70.984879 160.308243 224.053650
v 78.801674 167.296555 236.186966
v 80.646965 175.967377 241.935745
v 75.319397 165.283737 240.876602
v 83.065117 176.363586 238.494736
v 75.662537 159.959183 233.894043
v 72.823875 160.971481 228.350769
v 72.864937 160.042709 226.183868
v 75.230873 164.962463 239.939972
v 74.560165 164.625931 238.947052
v 74.231766 160.899551 230.303299
v 73.750046 160.930099 229.371857
v 74.223045 160.028198 228.582138
v 72.184708 160.232330 225.163696
v 80.502274 175.467072 241.100937
v 81.158180 175.329086 240.701294
v 75.119843 166.401779 242.540512
v 75.353905 165.615936 241.498337
v 75.366295 164.832520 238.975037
v 77.308830 159.991074 233.889328
v 76.678169 159.999283 232.822189
v 75.390648 159.997238 230.169815
v 73.267097 160.311630 225.964798
v 80.444511 174.899002 239.810928
v 77.133209 165.698700 237.253738
v 77.457512 166.678024 234.850861
v 77.659698 167.252274 234.430481
v 76.574074 165.945618 240.983185
v 76.075897 165.308578 240.286743
v 76.822487 160.153687 232.353683
v 73.811440 160.067322 226.794312
v 78.981972 167.106186 237.438828
v 67.302803 183.050201 247.056061
v 77.990280 166.470245 239.624710
v 76.070847 166.377045 241.956726
v 79.537514 160.254776 236.775970
v 76.889359 160.250565 231.685501
v 74.281998 160.261169 226.772415
v 83.305534 176.479263 238.931763
v 77.080635 165.623688 238.216095
v 76.282494 165.265991 239.654083
v 75.964600 165.062683 237.762680
v 79.364426 160.064163 236.673325
v 78.585342 159.977646 234.551056
v 75.297935 160.037643 228.149185
v 74.654655 160.593796 226.980942
v 81.858002 175.374207 237.519241
v 75.499359 167.030930 242.914230
v 76.081284 165.942169 241.364975
v 78.181618 167.264679 241.067017
v 79.416016 160.003723 235.889679
v 79.036278 160.067108 234.451035
v 77.766701 160.107040 233.245087
v 76.858589 160.099411 230.935577
v 76.797119 160.082321 229.677277
v 75.103485 160.114929 227.611191
v 65.342117 184.250534 247.726410
v 68.385742 182.808716 245.684723
v 63.602692 185.842285 248.259766
v 67.894608 183.557098 245.256821
v 70.283669 182.612457 238.495102
v 70.290146 182.188904 244.025787
v 65.638359 183.783295 247.859406
v 63.119244 186.402222 235.609772
v 63.521255 185.860703 248.485992
v 72.532333 181.324051 243.491501
v 71.795883 181.140900 241.816711
v 62.429058 187.506912 236.385147
v 63.529716 186.219711 248.728424
v 66.985367 184.581924 237.111526
v 65.770027 185.001068 235.586838
v 66.244118 183.539200 247.390320
v 71.077019 182.407364 239.434311
v 67.905510 183.986572 237.219086
v 65.331932 184.080994 248.280212
v 61.981796 188.364243 236.591370
v 67.851730 182.996750 247.512192
v 69.013481 182.821259 244.637619
v 71.788963 181.748947 242.207108
v 71.680634 181.250748 239.764099
v 69.026901 183.476105 238.329651
v 67.451736 183.486877 245.981384
v 64.538345 184.734436 248.121643
v 71.870529 181.502350 242.931915
v 69.849586 182.276062 244.882904
v 66.765312 183.885773 246.492737
v 67.002594 184.441025 236.100906
v 64.606270 185.690338 235.788406
v 71.567657 181.874878 244.353012
v 69.793457 183.293259 239.019943
v 70.880379 182.455200 242.865448
v 71.255043 181.923401 242.793976
v 71.229759 181.847504 243.938431
v 71.658096 181.738770 239.082092
v 66.423653 185.482605 237.623398
v 71.317001 181.783875 243.264862
v 71.493240 180.614456 240.699356
v 69.128395 182.512314 245.718903
v 63.075874 187.069870 248.379639
v 63.511341 186.639984 236.169266
v 66.690186 183.309341 247.731598
v 74.693016 164.527588 237.951355
vn 0.0663 -0.1275 0.9896
vn 0.5367 0.2378 0.8095
vn 0.4133 0.9088 -0.0567
vn 0.0987 0.8209 -0.5624
vn 0.4876 0.8264 -0.2816
vn 0.7212 0.6926 -0.0140
vn 0.1706 0.9849 0.0282
vn -0.2711 0.5640 -0.7800
vn 0.5097 -0.5044 0.6970
vn -0.4305 -0.9015 -0.0445
vn 0.6289 -0.2480 0.7369
vn -0.2207 0.4256 -0.8776
vn 0.4448 0.8306 0.3350
vn 0.1815 0.9829 0.0298
vn 0.4700 -0.5311 0.7050
vn 0.2956 0.9027 -0.3127
vn -0.2486 0.4977 -0.8310
vn -0.1763 0.6164 -0.7674
vn -0.1565 0.1525 0.9758
vn -0.0148 0.8830 -0.4691
vn -0.2479 0.7495 -0.6138
vn 0.5456 0.6697 -0.5039
vn 0.2491 0.9050 -0.3450
vn -0.6285 0.2505 0.7364
vn 0.1802 0.9413 -0.2854
vn 0.5100 0.8598 0.0252
vn 0.5019 0.5111 0.6977
vn -0.0515 0.9614 0.2702
vn 0.2193 0.1471 0.9645
vn 0.5088 -0.2188 0.8326
vn 0.7312 -0.4229 0.5353
vn 0.0294 0.9800 0.1967
vn 0.0245 0.9771 0.2115
vn -0.1733 0.9384 0.2989
vn 0.3077 0.9414 -0.1380
vn 0.0225 0.9844 0.1746
vn -0.4762 0.2299 0.8487
vn 0.4936 0.2887 0.8204
vn -0.0794 0.9623 0.2600
vn 0.6766 0.7072 0.2052
vn 0.4359 0.7171 -0.5438
vn -0.1307 0.8054 -0.5781
vn 0.1398 0.9855 0.0965
vn 0.4741 0.2813 0.8343
vn 0.0136 0.9937 0.1115
vn 0.0658 0.9942 0.0845
vn 0.1913 0.8505 -0.4900
vn 0.3590 0.9328 0.0316
vn 0.4409 0.8862 0.1423
vn -0.0532 0.9902 0.1288
vn 0.6102 -0.4862 0.6256
vn -0.1248 0.6206 -0.7741
vn -0.3486 0.6026 -0.7179
vn -0.1948 0.4530 -0.8700
vn 0.1204 0.4406 0.8896
vn -0.1816 0.9807 0.0728
vn -0.7092 0.6998 0.0855
vn 0.3410 0.8554 -0.3900
vn 0.4975 -0.5461 0.6740
vn 0.4280 0.9037 0.0093
vn 0.5383 0.7967 0.2747
vn 0.3674 0.8962 -0.2488
vn 0.4971 -0.0088 0.8677
vn 0.5331 0.8440 0.0597
vn 0.3370 -0.7059 0.6230
vn 0.4992 0.8140 -0.2970
vn 0.2631 0.3182 -0.9108
vn 0.0088 0.7156 -0.6985
vn 0.6727 -0.2701 0.6889
vn 0.9725 -0.0428 -0.2289
vn 0.8600 0.2985 -0.4138
vn 0.8582 0.3172 -0.4035
vn 0.2099 0.9770 -0.0383
vn 0.6328 0.7742 0.0109
vn 0.7076 0.5751 -0.4106
vn -0.2920 0.8314 -0.4727
vn 0.3949 -0.6232 0.6750
vn -0.0687 0.7620 -0.6440
vn 0.8588 -0.2245 -0.4605
vn 0.7571 0.6326 -0.1631
vn 0.0459 0.9083 -0.4158
vn 0.5641 0.8208 0.0897
vn 0.8975 0.3666 -0.2453
vn 0.3658 0.4013 0.8397
vn -0.6842 -0.5279 0.5032
vn -0.8221 0.0623 0.5660
vn 0.2476 0.8826 -0.3998
vn 0.8825 -0.2322 -0.4090
vn 0.6958 0.1190 -0.7083
vn 0.7369 0.5029 -0.4518
vn -0.8141 0.2851 -0.5059
vn 0.5569 -0.1335 0.8198
vn 0.0838 0.9662 0.2438
vn -0.3492 0.6011 -0.7188
vn 0.5466 -0.0390 0.8365
vn 0.4682 0.0694 0.8809
vn -0.1839 0.6185 -0.7639
vn 0.0004 0.9993 -0.0377
vn 0.7268 0.4648 -0.5057
vn 0.6758 0.6411 -0.3636
vn 0.6588 0.5913 -0.4650
vn 0.9167 0.2892 0.2757
vn 0.5171 0.8549 0.0422
vn 0.1648 0.7458 -0.6455
vn 0.0340 0.9079 -0.4178
vn -0.1231 0.9924 -0.0066
vn 0.4460 0.8680 -0.2183
vn 0.9518 -0.1716 -0.2541
vn 0.6217 0.1361 -0.7713
vn 0.6667 0.4498 -0.5943
vn -0.8249 0.3596 0.4362
vn -0.2430 -0.8454 -0.4757
vn 0.4385 -0.3711 0.8185
vn 0.5030 0.2415 0.8299
vn 0.3536 0.1706 0.9197
vn 0.3458 0.3114 0.8851
vn -0.8674 -0.1431 0.4765
vn -0.6031 0.1836 0.7762
vn 0.9187 -0.2270 -0.3231
vn 0.5515 0.2817 -0.7851
vn 0.5817 0.7485 -0.3183
vn 0.0886 0.0839 0.9925
vn 0.4409 0.0331 0.8969
vn -0.9473 0.1589 0.2781
vn 0.7899 0.0719 -0.6089
vn 0.7145 0.2290 -0.6611
vn 0.5755 0.4854 -0.6582
vn 0.6036 0.7009 -0.3799
vn 0.7896 -0.4568 -0.4097
vn -0.9220 0.1120 -0.3705
vn 0.2745 0.9601 -0.0535
vn 0.3699 -0.1095 0.9226
vn -0.5818 -0.4170 0.6984
vn 0.6020 0.5648 -0.5645
vn -0.7179 0.3285 -0.6138
vn -0.8419 -0.5391 -0.0231
vn -0.6499 -0.3836 0.6561
vn 0.4115 0.9101 -0.0477
vn -0.5651 -0.6937 -0.4466
vn 0.7272 -0.1036 -0.6785
vn 0.5820 0.4385 -0.6848
vn -0.8624 -0.4987 -0.0876
vn -0.6055 0.3973 -0.6896
vn -0.9545 -0.2790 -0.1056
vn -0.8799 0.4389 -0.1822
vn 0.1620 0.9744 0.1557
vn 0.1431 0.9887 -0.0454
vn 0.9358 0.2791 -0.2154
vn 0.6898 -0.4184 -0.5909
vn 0.7257 -0.1046 -0.6800
vn 0.7233 -0.3561 -0.5917
vn 0.4784 0.5960 -0.6449
vn -0.3444 -0.8574 -0.3823
vn -0.9045 -0.2512 -0.3445
vn -0.7508 0.0151 -0.6603
vn -0.0273 0.6217 0.7828
vn 0.2238 0.1968 0.9546
vn 0.3122 -0.6550 0.6881
vn 0.3929 -0.6332 0.6669
vn 0.9104 0.3011 -0.2838
vn 0.8679 0.3635 -0.3385
vn 0.8781 0.1518 -0.4538
vn 0.6744 0.2866 -0.6805
vn 0.5289 0.5250 -0.6669
vn 0.5873 -0.2929 -0.7546
vn 0.5484 0.4239 -0.7208
vn -0.6256 0.1579 -0.7640
vn 0.6264 0.3422 0.7004
vn -0.1108 -0.1260 0.9858
vn -0.3192 0.9217 0.2202
vn 0.3666 0.8848 -0.2876
vn 0.8837 0.3834 -0.2684
vn -0.6599 -0.3776 -0.6496
vn 0.5472 -0.7687 -0.3311
vn 0.5888 0.6470 -0.4845
vn -0.3581 -0.4092 -0.8392
vn 0.6253 0.0131 0.7803
vn -0.6059 -0.7111 0.3565
vn -0.5754 0.2908 -0.7644
vn 0.6282 0.0094 0.7780
vn -0.5685 0.1325 -0.8119
vn 0.4721 -0.6916 0.5467
vn 0.4856 0.8728 0.0491
vn -0.0212 0.9529 0.3026
vn 0.5784 -0.4540 0.6778
vn -0.2850 0.9585 -0.0059
vn 0.8926 0.3373 -0.2992
vn 0.0457 -0.9970 -0.0629
vn 0.5978 -0.4165 -0.6850
vn 0.4244 -0.8378 -0.3433
vn 0.5397 -0.7661 -0.3491
vn 0.6837 -0.0170 -0.7296
vn -0.7203 0.1295 -0.6815
vn -0.8933 -0.2941 -0.3399
vn -0.7444 -0.4302 -0.5106
vn -0.8140 -0.5285 -0.2411
vn 0.0765 0.9970 -0.0149
vn 0.9702 0.1785 -0.1637
vn 0.7572 0.1085 -0.6441
vn 0.3733 0.7073 -0.6003
vn 0.6022 0.3524 -0.7164
vn 0.6583 -0.0792 -0.7486
vn 0.2379 0.3782 -0.8946
vn -0.6866 0.1076 -0.7190
vn -0.8574 -0.0718 -0.5096
vn 0.2626 0.9479 0.1805
vn 0.0873 0.9676 0.2371
vn 0.3214 0.9080 -0.2687
vn -0.0868 0.9641 0.2509
vn -0.3251 0.9002 -0.2898
vn 0.9041 -0.3598 -0.2305
vn 0.9548 -0.2066 -0.2138
vn 0.9059 -0.0158 -0.4233
vn 0.9350 0.2883 -0.2067
vn 0.9027 0.1480 -0.4041
vn 0.8522 0.2807 -0.4415
vn 0.4614 0.4207 -0.7811
vn 0.5042 0.5205 -0.6891
vn -0.8443 -0.0103 -0.5358
vn 0.7587 -0.5270 -0.3830
vn 0.7400 0.6209 -0.2586
vn 0.5839 -0.2436 -0.7744
vn 0.7528 -0.0328 -0.6575
vn 0.3772 0.4324 -0.8190
vn 0.3101 0.9105 -0.2735
vn 0.8555 -0.0356 -0.5166
vn 0.5282 -0.4504 -0.7199
vn 0.0101 -0.2606 -0.9654
vn 0.8629 -0.3610 0.3536
vn -0.3752 0.4684 -0.7999
vn 0.4926 0.0328 0.8697
vn -0.3705 -0.2909 0.8821
vn 0.8018 -0.3389 -0.4921
vn 0.9449 -0.0252 -0.3264
vn 0.8551 0.2795 -0.4366
vn 0.4770 -0.2534 -0.8416
vn -0.3938 -0.5142 0.7619
vn 0.9355 0.2058 -0.2874
vn -0.3890 -0.4738 -0.7901
vn -0.1933 0.5058 -0.8407
vn 0.8840 0.2639 -0.3858
vn 0.8873 0.3540 -0.2957
vn 0.8165 0.3471 -0.4613
vn 0.7945 0.4360 -0.4227
vn 0.8979 -0.1559 -0.4117
vn 0.5253 -0.5384 -0.6589
vn -0.9804 0.1968 -0.0015
vn 0.8077 0.0228 0.5892
vn 0.5425 0.4644 0.7000
vn 0.5120 0.8561 -0.0698
vn -0.6467 -0.7350 0.2038
vn -0.1071 -0.8781 0.4664
vn 0.8893 -0.1662 -0.4260
vn 0.8128 -0.3337 -0.4775
vn 0.8202 -0.1482 -0.5526
vn 0.8388 -0.1138 -0.5325
vn 0.8216 -0.0626 -0.5666
vn 0.8540 0.3208 -0.4095
vn 0.3328 0.7206 -0.6083
vn 0.7099 0.6564 -0.2551
vn -0.7378 0.0480 -0.6733
vn 0.6674 0.5126 -0.5402
vn 0.6032 0.3560 -0.7137
vn 0.4983 0.8668 0.0198
vn 0.1717 -0.1571 0.9725
vn 0.7670 -0.2572 -0.5879
vn 0.7790 -0.1851 -0.5990
vn 0.8365 0.2699 -0.4769
vn 0.7104 0.2700 -0.6500
vn 0.7158 0.4239 -0.5549
vn 0.3138 -0.1476 -0.9380
vn 0.7908 0.1559 -0.5919
vn -0.1798 -0.2733 0.9450
vn 0.8283 0.2977 -0.4747
vn 0.7194 0.5919 -0.3634
vn -0.2953 0.3159 0.9017
vn 0.7074 -0.1460 -0.6916
vn 0.3135 -0.5967 -0.7387
vn 0.9689 -0.2219 0.1093
vn -0.0469 0.8839 -0.4654
vn -0.0677 0.7253 -0.6851
vn -0.4877 0.4367 0.7560
vn 0.7612 -0.4194 -0.4947
vn 0.7087 0.3282 -0.6245
vn 0.7520 0.3821 -0.5371
vn 0.6757 0.5208 -0.5218
vn 0.7565 -0.1159 -0.6437
vn 0.6244 0.1477 -0.7670
vn -0.6719 -0.1765 -0.7193
vn 0.4999 0.6901 -0.5233
vn 0.8468 -0.2941 -0.4433
vn 0.4986 0.8559 -0.1374
vn -0.3322 -0.8298 0.4484
vn -0.8063 0.0572 0.5887
vn 0.9192 -0.1895 -0.3451
vn 0.9479 -0.0575 -0.3132
vn 0.7058 0.3317 -0.6260
vn 0.7891 0.4594 -0.4077
vn 0.8267 -0.1865 -0.5308
vn 0.7678 0.1636 -0.6195
vn -0.4937 0.0221 -0.8693
vn 0.8772 -0.1491 -0.4564
vn 0.6715 0.5622 -0.4827
vn 0.2876 0.7647 -0.5766
vn -0.9068 0.0713 0.4155
vn -0.3374 -0.9403 0.0451
vn 0.6574 -0.5774 -0.4842
vn 0.7590 -0.4027 -0.5116
vn 0.8039 -0.3395 -0.4883
vn 0.9275 0.0309 -0.3725
vn 0.9143 -0.0643 -0.3999
vn 0.7053 -0.1266 -0.6975
vn 0.7343 -0.0840 -0.6736
vn 0.7824 0.2166 -0.5838
vn 0.7393 0.3382 -0.5823
vn 0.6222 0.4528 -0.6387
vn 0.6920 -0.5148 -0.5061
vn 0.8483 0.2989 -0.4372
vn 0.6698 0.2204 -0.7091
vn 0.7367 0.5109 -0.4430
vn -0.2424 -0.8977 -0.3679
vn 0.5121 0.8576 -0.0478
vn -0.5045 0.2683 0.8206
vn 0.6934 -0.4186 -0.5865
vn 0.7084 -0.1253 -0.6946
vn 0.4844 0.3713 -0.7922
vn 0.8875 -0.3524 -0.2970
vn 0.5462 0.2767 -0.7906
vn 0.5941 0.5610 -0.5765
vn 0.7863 0.5695 -0.2397
vn 0.6688 0.2487 -0.7006
vn 0.6943 0.3392 -0.6347
vn 0.4744 0.7361 -0.4828
vn -0.5816 -0.6560 -0.4809
vn 0.3978 0.5345 -0.7457
vn 0.0277 0.7408 0.6712
vn -0.2011 0.4696 -0.8597
vn 0.8799 -0.3962 -0.2622
vn 0.9962 -0.0235 0.0843
vn 0.7074 -0.1640 -0.6876
vn 0.7075 -0.1575 -0.6889
vn 0.8256 0.1441 -0.5456
vn 0.8024 0.1442 -0.5791
vn 0.7834 0.2174 -0.5823
vn 0.7170 0.2769 -0.6398
vn 0.7024 0.3413 -0.6246
vn 0.6311 0.6244 -0.4602
vn 0.5743 0.5925 -0.5649
vn 0.6818 0.5397 -0.4939
vn 0.8232 -0.1119 -0.5567
vn 0.7489 -0.1785 -0.6382
vn 0.4993 0.4849 -0.7181
vn 0.6093 -0.7332 -0.3020
vn 0.6709 0.2195 -0.7084
vn -0.3520 0.5136 -0.7825
vn 0.8369 -0.3112 -0.4503
vn 0.6311 0.4451 -0.6353
vn 0.6633 0.4143 -0.6232
vn 0.6491 0.5414 -0.5343
vn 0.7309 -0.0454 -0.6810
vn 0.5525 0.7681 -0.3237
vn 0.6552 0.3742 -0.6563
vn 0.4767 0.7806 -0.4042
vn 0.8168 -0.2034 -0.5399
vn 0.6310 -0.3849 -0.6735
vn 0.7487 -0.2238 -0.6240
vn 0.8496 0.1490 -0.5059
vn 0.7724 0.1328 -0.6211
vn 0.6327 0.3953 -0.6659
vn 0.6620 0.4915 -0.5659
vn -0.8025 -0.3499 -0.4832
vn 0.6361 0.2140 -0.7414
vn 0.6924 0.2721 -0.6682
vn -0.5106 0.0524 -0.8582
vn 0.3853 0.6391 -0.6656
vn -0.2299 0.1352 -0.9638
vn -0.3679 -0.9282 -0.0551
vn 0.8004 0.0548 -0.5970
vn 0.7475 0.3019 -0.5917
vn 0.6581 0.4128 -0.6297
vn 0.6796 0.3759 -0.6300
vn 0.9016 0.1626 -0.4009
vn 0.8800 0.0727 -0.4694
vn 0.7121 0.0407 -0.7008
vn 0.4603 -0.3159 -0.8297
vn 0.8039 0.3755 -0.4613
vn 0.4881 0.8699 -0.0715
vn -0.0057 0.9942 0.1076
vn -0.6469 -0.7095 0.2795
vn 0.3458 -0.1769 0.9215
vn 0.8468 0.2697 -0.4584
vn 0.7422 0.3920 -0.5436
vn 0.6001 0.5183 -0.6093
vn 0.7385 0.4128 -0.5332
vn 0.5834 -0.7132 -0.3885
vn 0.6660 -0.5081 -0.5461
vn 0.6394 0.4880 -0.5942
vn 0.7514 -0.4160 -0.5123
vn 0.7059 0.6577 -0.2629
vn 0.5163 0.3812 -0.7669
vn 0.5903 0.7607 -0.2699
vn 0.8403 0.4348 0.3238
vn -0.1837 0.9809 0.0635
vn 0.6720 -0.4552 -0.5842
vn 0.7026 -0.2261 -0.6747
vn 0.6366 0.1692 -0.7524
vn 0.8436 0.0539 -0.5343
vn 0.8834 0.3025 -0.3578
vn 0.6511 0.6155 -0.4441
vn -0.5158 -0.8271 -0.2234
vn 0.5341 0.5867 -0.6086
vn 0.8337 0.5287 -0.1596
vn 0.9488 0.1126 -0.2951
vn 0.0975 0.9906 0.0955
vn 0.6128 -0.1623 -0.7734
vn 0.5953 -0.2576 -0.7611
vn 0.5437 -0.0091 -0.8392
vn 0.5759 0.0381 -0.8166
vn 0.5457 0.2445 0.8015
vn 0.2762 -0.7055 -0.6527
vn 0.6908 0.6382 -0.3398
vn 0.4781 0.6796 -0.5564
vn 0.4642 0.8755 -0.1344
vn 0.5740 -0.2808 -0.7692
vn 0.5180 0.0695 -0.8525
vn 0.5347 0.1581 -0.8301
vn 0.5336 0.1597 -0.8305
vn 0.4745 0.2844 -0.8331
vn 0.8896 0.3526 -0.2902
vn 0.3408 0.5370 -0.7717
vn -0.8558 0.4893 0.1681
vn 0.6085 0.1611 -0.7770
vn 0.5377 0.4183 -0.7321
vn -0.3465 -0.8661 0.3604
vn 0.5593 0.5091 -0.6543
vn 0.5633 0.4364 -0.7016
vn -0.0318 0.2153 0.9760
vn 0.6674 0.5890 -0.4556
vn 0.5243 0.6468 -0.5538
vn 0.8581 0.2951 -0.4202
vn 0.0687 0.8528 -0.5177
vn -0.9779 -0.1601 0.1346
vn 0.6571 -0.0541 -0.7518
vn 0.4757 -0.2010 -0.8563
vn 0.7628 0.1236 -0.6347
vn 0.7967 0.3659 -0.4809
vn 0.7110 0.4733 -0.5200
vn 0.7257 0.4893 -0.4837
vn 0.5880 0.7345 -0.3388
vn -0.4436 -0.7236 0.5288
vn -0.5489 -0.8291 0.1062
vn 0.3632 0.0829 -0.9280
vn 0.5245 0.4753 -0.7064
vn 0.2156 0.2974 0.9301
vn 0.9139 -0.0575 -0.4019
vn 0.7286 0.2116 -0.6514
vn 0.5872 0.6513 -0.4806
vn 0.6220 0.6066 -0.4952
vn 0.5890 0.7040 -0.3967
vn -0.2408 -0.2248 -0.9442
vn -0.4949 -0.7749 -0.3932
vn 0.7544 0.3682 -0.5435
vn 0.7331 -0.3432 -0.5871
vn 0.2246 -0.0469 0.9733
vn -0.0504 0.9987 0.0057
vn 0.1233 0.9913 -0.0469
vn 0.8410 -0.4171 -0.3446
vn 0.8172 -0.1371 -0.5598
vn 0.8535 0.1051 -0.5104
vn 0.6744 -0.2391 -0.6986
vn 0.6494 0.4956 -0.5768
vn 0.5751 0.5764 -0.5804
vn -0.5022 -0.8475 -0.1719
vn 0.6901 0.0548 -0.7216
vn 0.6230 0.3423 -0.7033
vn 0.5728 0.4358 -0.6942
vn 0.6822 0.6255 -0.3786
vn 0.8370 0.0960 0.5387
vn 0.9492 -0.1418 -0.2810
vn 0.6286 -0.0111 -0.7777
vn 0.3724 -0.2273 -0.8998
vn 0.4940 0.0546 -0.8677
vn 0.4442 0.1835 -0.8770
vn 0.5568 0.2138 -0.8027
vn 0.4294 0.2690 -0.8621
vn 0.5587 0.0394 0.8285
vn -0.5645 -0.3534 -0.7460
vn 0.6030 0.0782 -0.7939
vn 0.5218 0.8208 -0.2323
vn 0.8308 -0.0097 -0.5564
vn 0.5000 0.5194 -0.6930
vn 0.7524 -0.2345 -0.6155
vn 0.8865 -0.1476 -0.4386
vn 0.7794 -0.1307 -0.6128
vn 0.5581 0.0446 -0.8286
vn 0.6310 0.0172 -0.7756
vn 0.6015 0.0938 -0.7934
vn -0.5608 -0.0592 -0.8259
vn 0.3992 0.8537 0.3344
vn 0.8287 0.1129 -0.5482
vn 0.7597 0.4556 -0.4641
vn 0.6737 0.4421 -0.5922
vn 0.7272 0.3209 -0.6068
vn 0.8234 -0.1311 -0.5521
vn 0.8039 -0.0768 -0.5898
vn 0.9572 -0.0168 -0.2889
vn 0.9336 0.0485 -0.3551
vn 0.9421 0.0763 -0.3264
vn 0.6873 0.2634 -0.6769
vn -0.6503 0.1365 -0.7474
vn 0.8858 -0.1052 -0.4519
vn 0.7307 0.5871 -0.3485
vn -0.7113 -0.5587 -0.4265
vn -0.1849 -0.8367 -0.5155
vn 0.7878 0.2491 -0.5633
vn 0.6915 -0.1651 -0.7032
vn 0.8294 0.0971 -0.5502
vn 0.9313 -0.0927 -0.3523
vn 0.9312 0.0842 -0.3545
vn 0.8051 0.3655 -0.4672
vn 0.4533 0.3655 -0.8130
vn 0.4817 0.2756 -0.8319
vn 0.5868 0.5797 -0.5654
vn 0.5669 0.5863 -0.5786
vn 0.5758 0.7226 -0.3824
vn 0.2843 0.9002 0.3299
vn 0.6889 -0.4634 -0.5574
vn 0.5382 0.2101 -0.8162
vn 0.6559 0.6427 -0.3958
vn 0.5926 0.6679 -0.4502
vn 0.5562 0.0856 0.8267
vn 0.4943 0.2309 -0.8381
vn 0.8143 -0.1191 -0.5680
vn 0.7991 -0.0228 -0.6008
vn -0.7951 0.0010 -0.6065
vn 0.5134 0.1911 -0.8366
vn 0.6973 -0.0994 -0.7099
vn 0.7720 -0.1062 -0.6267
vn 0.7637 -0.0889 -0.6394
vn 0.8442 0.0530 -0.5334
vn 0.8011 0.1067 -0.5890
vn 0.8341 -0.2106 -0.5098
vn 0.9516 0.1220 -0.2820
vn 0.8787 0.3007 -0.3707
vn 0.7506 0.4858 -0.4478
vn 0.7360 0.4512 -0.5047
vn 0.7020 0.5097 -0.4973
vn 0.5738 0.6059 -0.5511
vn 0.5826 -0.2556 -0.7715
vn -0.4912 0.3735 -0.7869
vn -0.5005 -0.7539 -0.4256
vn 0.3156 0.4428 0.8393
vn 0.5462 0.4237 -0.7226
vn 0.5118 -0.0651 -0.8567
vn 0.5874 -0.2176 -0.7795
vn 0.5819 -0.1958 -0.7894
vn 0.7062 -0.1887 -0.6824
vn 0.5818 -0.1867 -0.7916
vn 0.7916 0.5149 -0.3290
vn 0.6067 0.5523 -0.5717
vn 0.7671 0.0434 -0.6401
vn 0.5666 0.1685 -0.8066
vn 0.6397 -0.1353 -0.7566
vn 0.0397 -0.2828 -0.9584
vn 0.8426 0.2658 -0.4684
vn 0.6080 0.0668 -0.7911
vn 0.6970 -0.0635 -0.7143
vn 0.6117 -0.0760 -0.7874
vn 0.5939 0.1027 -0.7979
vn 0.8458 -0.2042 -0.4929
vn 0.8147 0.4711 -0.3382
vn 0.6318 0.5721 -0.5230
vn 0.8161 -0.1572 -0.5562
vn 0.4888 -0.5463 -0.6801
vn 0.6069 0.4932 -0.6233
vn 0.1533 0.4196 -0.8947
vn 0.9463 -0.0720 -0.3153
vn 0.0108 -0.3049 -0.9523
vn -0.3192 0.7694 -0.5533
vn 0.5941 -0.2073 -0.7773
vn 0.4773 -0.1746 -0.8612
vn 0.4844 -0.0809 -0.8711
vn 0.4246 -0.2444 -0.8718
vn 0.5925 -0.0616 -0.8032
vn 0.7891 -0.4342 -0.4345
vn 0.5972 0.6647 -0.4490
vn 0.7512 0.3061 -0.5848
vn 0.4121 -0.1791 -0.8934
vn 0.8210 -0.1726 -0.5442
vn 0.7956 0.4918 -0.3539
vn 0.6770 0.5656 -0.4709
vn 0.5628 0.6271 -0.5385
vn 0.3468 0.7825 -0.5171
vn 0.6968 0.0620 -0.7146
vn 0.7144 0.4760 -0.5129
vn -0.4166 -0.9067 -0.0662
vn 0.4535 0.6652 -0.5932
vn 0.4866 -0.4946 0.7201
vn 0.2107 0.9715 -0.1084
vn 0.2459 0.9626 -0.1139
vn 0.5410 0.0671 -0.8384
vn 0.4550 -0.1938 -0.8692
vn 0.4623 -0.0993 -0.8811
vn 0.6403 -0.0454 -0.7668
vn 0.8161 -0.1408 -0.5605
vn 0.8551 0.1794 -0.4865
vn 0.8816 0.3007 -0.3638
vn 0.2775 -0.4056 0.8709
vn 0.4357 0.2326 0.8695
vn 0.4620 -0.1779 -0.8689
vn 0.8299 -0.1038 -0.5481
vn 0.8543 -0.1702 -0.4911
vn 0.8897 -0.0496 -0.4539
vn 0.8130 0.4147 -0.4088
vn 0.8032 0.4527 -0.3872
vn 0.5994 0.4985 -0.6263
vn 0.7111 0.2469 -0.6583
vn -0.7291 -0.5800 -0.3634
vn 0.4906 -0.2407 0.8375
vn 0.5197 -0.1623 -0.8388
vn 0.5327 -0.2268 -0.8153
vn 0.5942 -0.1123 -0.7965
vn 0.8097 -0.3065 -0.5005
vn 0.8024 -0.1325 -0.5819
vn 0.9418 -0.2584 -0.2149
vn 0.8444 -0.0826 -0.5294
vn 0.8948 -0.4161 -0.1619
vn 0.8042 -0.1890 -0.5635
vn 0.5982 0.2937 -0.7456
vn 0.7796 0.4864 -0.3946
vn 0.6789 0.6079 -0.4118
vn -0.5525 0.1412 -0.8215
vn 0.4229 -0.4118 -0.8072
vn 0.3546 -0.1043 -0.9292
vn 0.8010 0.0489 -0.5966
vn 0.2183 0.1169 -0.9688
vn 0.8946 -0.0809 0.4395
vn 0.8073 -0.1505 -0.5707
vn -0.8748 0.1923 -0.4446
vn 0.5701 0.2701 -0.7759
vn 0.5488 0.7748 -0.3139
vn 0.6934 0.3560 -0.6265
vn 0.7160 0.4004 -0.5719
vn 0.2119 0.2039 0.9558
vn 0.3168 -0.7134 0.6250
vn -0.0426 0.9846 -0.1698
vn 0.7028 -0.1616 -0.6928
vn 0.8065 -0.1040 -0.5820
vn 0.7156 -0.2045 -0.6679
vn -0.3990 0.8962 -0.1941
vn 0.3028 0.9418 0.1462
vn 0.5900 0.2197 -0.7770
vn -0.7492 0.4857 -0.4504
vn 0.4181 0.7399 -0.5271
vn 0.6935 -0.0940 -0.7143
vn 0.7895 0.2823 -0.5450
vn -0.4195 -0.4830 0.7686
vn 0.4758 0.8738 0.1000
vn -0.5440 0.0756 -0.8357
vn -0.6150 -0.6548 -0.4394
vn 0.6223 0.7784 0.0832
vn 0.9452 -0.2564 -0.2020
vn 0.9448 -0.2774 -0.1741
vn 0.8930 0.2115 -0.3973
vn 0.7709 0.4917 -0.4048
vn 0.8035 0.5160 -0.2968
vn 0.7317 0.6121 -0.2999
vn -0.3889 0.7004 0.5985
vn 0.7035 -0.1113 -0.7019
vn -0.7991 0.0696 0.5972
vn 0.4593 0.5842 -0.6692
vn 0.6712 -0.4421 -0.5950
vn -0.6752 -0.3815 -0.6314
vn 0.9892 -0.0683 0.1295
vn 0.9035 -0.2147 0.3710
vn 0.7259 -0.1773 0.6646
vn 0.5039 0.7805 -0.3700
vn 0.1198 -0.0870 -0.9890
vn 0.8472 -0.1497 -0.5097
vn 0.7306 0.2785 -0.6234
vn 0.8182 0.5138 -0.2581
vn 0.6720 0.6641 -0.3277
vn 0.6040 0.7401 -0.2958
vn 0.5797 0.3117 -0.7529
vn 0.6223 0.1736 -0.7633
vn 0.8706 0.0588 -0.4885
vn 0.7568 0.3070 -0.5770
vn 0.6894 0.1338 -0.7119
vn 0.4501 0.8841 -0.1257
vn -0.5686 -0.4781 0.6694
vn -0.5504 -0.4768 0.6854
vn 0.6381 0.7151 -0.2854
vn 0.3419 0.8897 -0.3027
vn -0.2119 0.9436 -0.2545
vn 0.7967 0.2432 -0.5533
vn 0.8824 0.0055 -0.4705
vn 0.8101 0.3328 -0.4827
vn 0.7865 0.5921 -0.1756
vn 0.5292 0.3095 -0.7900
vn 0.6568 0.0508 -0.7523
vn 0.5651 0.6246 -0.5391
vn 0.6781 0.0146 -0.7349
vn 0.8279 -0.0643 -0.5572
vn 0.6367 0.1524 -0.7559
vn 0.8187 0.5324 -0.2153
vn 0.4033 0.9065 -0.1246
vn 0.5093 0.8381 -0.1957
vn -0.0359 0.8442 -0.5348
vn 0.3022 0.4151 -0.8581
vn 0.8799 0.3179 -0.3531
vn -0.7730 0.0967 -0.6270
vn -0.4796 -0.8603 0.1729
vn -0.0133 -0.2700 -0.9628
vn 0.1939 0.3720 -0.9078
vn 0.5822 0.7579 -0.2942
vn 0.7963 0.5758 -0.1853
vn 0.7876 0.4460 -0.4252
vn 0.6181 0.7429 -0.2568
vn 0.4574 0.8733 -0.1678
vn 0.7630 0.3338 -0.5536
vn -0.2010 0.9689 -0.1444
vn 0.4398 0.0161 0.8980
vn 0.4997 0.2613 0.8259
vn 0.2225 0.8400 -0.4948
vn -0.1191 0.2934 -0.9485
vn 0.8403 0.2395 -0.4863
vn 0.6200 -0.2075 -0.7567
vn 0.7253 0.2652 -0.6354
vn 0.5568 0.0106 -0.8306
vn 0.0753 0.7468 -0.6607
vn -0.6157 -0.1490 -0.7737
vn 0.4469 0.8155 -0.3677
vn 0.4205 0.1238 0.8988
vn 0.8121 0.4351 -0.3889
vn 0.8305 0.4983 -0.2489
vn -0.9524 0.1570 -0.2614
vn 0.7511 0.4589 -0.4746
vn 0.1859 0.2711 -0.9444
vn 0.5569 0.4811 -0.6770
vn -0.9348 0.2451 -0.2570
vn 0.8254 0.5612 0.0614
vn 0.9697 -0.1576 0.1866
vn -0.2828 0.9547 -0.0924
vn -0.1924 0.9654 -0.1761
vn -0.3960 -0.4707 0.7884
vn -0.1401 0.7551 -0.6405
vn 0.2063 0.6490 -0.7322
vn 0.7598 0.2556 -0.5978
vn 0.7960 -0.0821 -0.5997
vn -0.5283 -0.3137 -0.7890
vn 0.4044 0.7271 -0.5548
vn 0.2651 0.8868 -0.3785
vn 0.5632 0.8191 0.1095
vn 0.5456 0.4865 0.6824
vn 0.4781 0.7852 -0.3935
vn -0.3863 0.9011 -0.1968
vn 0.0645 0.9490 0.3087
vn -0.4144 -0.8940 -0.1703
vn 0.7487 0.2836 -0.5993
vn 0.7503 0.4105 -0.5182
vn 0.7744 0.6212 -0.1203
vn 0.7731 0.6184 -0.1410
vn -0.4354 0.3174 0.8424
vn 0.5644 0.6262 -0.5379
vn 0.6389 -0.1334 -0.7576
vn 0.6310 0.0757 -0.7721
vn 0.3832 0.6825 -0.6224
vn 0.4135 0.6638 -0.6231
vn 0.6103 0.6854 -0.3971
vn 0.7782 0.3656 -0.5107
vn 0.9952 -0.0975 0.0018
vn 0.2361 0.9609 0.1445
vn -0.0319 0.9810 -0.1915
vn -0.3744 -0.9149 0.1512
vn 0.9735 -0.1137 -0.1983
vn 0.7045 0.5931 -0.3899
vn 0.7286 0.4640 -0.5039
vn 0.8706 -0.0783 -0.4857
vn 0.5192 0.4650 -0.7171
vn -0.1999 0.9159 -0.3481
vn 0.8888 0.2810 -0.3620
vn 0.3700 0.8389 -0.3992
vn 0.7332 0.2612 -0.6279
vn 0.7808 0.5096 -0.3614
vn 0.7254 0.6389 -0.2562
vn -0.9969 -0.0742 -0.0270
vn 0.6488 0.5648 -0.5100
vn 0.5747 -0.1695 -0.8006
vn 0.3418 0.8690 0.3579
vn 0.9614 -0.2751 -0.0096
vn 0.1008 0.9805 -0.1687
vn 0.1631 0.9599 -0.2280
vn 0.8914 -0.2306 -0.3902
vn 0.8748 -0.2234 -0.4299
vn 0.8214 0.1679 -0.5450
vn -0.2764 0.9148 -0.2943
vn -0.8563 0.0112 -0.5163
vn 0.4537 0.6529 -0.6065
vn 0.6395 0.0033 -0.7688
vn 0.6404 0.0837 -0.7635
vn 0.9381 -0.3238 0.1228
vn 0.8934 -0.2507 -0.3727
vn 0.8927 0.2699 -0.3608
vn 0.8828 0.4212 -0.2080
vn 0.0808 0.9268 -0.3668
vn 0.1763 -0.9776 -0.1152
vn 0.7865 0.1518 -0.5987
vn 0.8519 0.3174 -0.4166
vn 0.8154 0.5520 -0.1743
vn 0.6185 0.7731 -0.1406
vn 0.6355 -0.5798 -0.5099
vn 0.8660 0.0548 -0.4970
vn 0.6803 0.1122 -0.7243
vn 0.6984 -0.0505 -0.7139
vn 0.8708 -0.4416 -0.2162
vn 0.4435 0.7045 -0.5541
vn 0.9745 -0.2131 -0.0706
vn 0.8569 -0.2823 -0.4314
vn 0.8950 -0.2472 -0.3713
vn 0.8698 -0.2287 -0.4371
vn 0.8709 -0.0843 -0.4841
vn 0.4752 -0.3068 -0.8247
vn 0.5748 0.1384 -0.8065
vn 0.8667 0.2518 -0.4307
vn 0.7840 0.5879 -0.1992
vn 0.1574 0.1028 0.9822
vn -0.1661 0.9375 -0.3058
vn 0.7930 0.5426 -0.2769
vn 0.6962 0.7163 -0.0476
vn -0.5376 -0.7728 -0.3374
vn -0.8476 -0.1256 -0.5156
vn 0.7412 0.5228 -0.4211
vn 0.7203 -0.5744 -0.3889
vn 0.6287 -0.2709 -0.7289
vn 0.8602 0.0045 -0.5100
vn 0.7159 0.3394 -0.6102
vn 0.8088 0.5143 -0.2851
vn 0.5671 -0.2549 -0.7832
vn 0.6009 0.2941 -0.7433
vn 0.8262 0.1242 -0.5494
vn 0.4804 0.6426 -0.5969
vn 0.8647 -0.4801 -0.1477
vn 0.9008 -0.3724 -0.2233
vn -0.5861 -0.7717 -0.2470
vn 0.6378 -0.2105 -0.7409
vn 0.9038 -0.3251 -0.2782
vn 0.9222 -0.0953 -0.3747
vn 0.8770 0.0496 -0.4780
vn 0.8282 0.1103 -0.5494
vn 0.3910 0.8257 -0.4067
vn 0.8911 0.1663 -0.4223
vn 0.8513 0.2138 -0.4791
vn 0.7985 0.4316 -0.4197
vn 0.8336 0.4460 -0.3259
vn 0.5728 0.8150 -0.0877
vn 0.4869 0.4839 -0.7272
vn 0.6766 0.5392 -0.5015
vn 0.8263 0.2844 -0.4861
vn 0.8961 -0.3644 -0.2533
vn 0.9084 -0.3228 -0.2658
vn 0.9078 -0.1316 -0.3983
vn 0.9049 -0.3235 -0.2766
vn 0.8766 -0.2242 -0.4258
vn 0.8859 -0.1645 -0.4338
vn 0.8152 0.3109 -0.4887
vn 0.7227 0.5740 -0.3850
vn -0.6766 0.0879 -0.7311
vn 0.7573 0.1157 -0.6427
vn 0.5551 0.8202 -0.1381
vn 0.4825 -0.3331 -0.8101
vn 0.8358 -0.1494 -0.5283
vn 0.8107 0.0774 -0.5803
vn 0.6238 0.5327 -0.5719
vn -0.6474 -0.6512 -0.3959
vn 0.8385 -0.4181 -0.3494
vn 0.1678 0.9593 -0.2272
vn -0.0666 0.9635 -0.2593
vn 0.7512 0.1426 -0.6445
vn 0.7445 0.1617 -0.6477
vn -0.7114 0.2744 -0.6470
vn 0.7660 0.2085 -0.6081
vn 0.8122 0.0447 -0.5817
vn 0.8703 0.2220 -0.4396
vn 0.6542 0.7014 -0.2829
vn 0.5217 -0.1378 0.8419
vn 0.4330 0.5790 -0.6909
vn -0.5518 -0.2651 0.7907
vn 0.7366 0.5607 -0.3782
vn 0.7745 0.4752 -0.4176
vn 0.7444 0.5503 -0.3783
vn 0.7142 0.5848 -0.3847
vn 0.7492 -0.4169 -0.5147
vn 0.5770 -0.7164 -0.3922
vn 0.7907 0.1719 -0.5876
vn 0.5685 0.6514 -0.5025
vn 0.7469 0.0373 -0.6639
vn 0.6505 -0.6669 -0.3635
vn 0.1698 0.9835 0.0626
vn 0.9111 -0.0621 -0.4074
vn 0.9042 -0.0304 -0.4261
vn 0.9423 -0.1348 -0.3064
vn 0.8266 -0.1142 -0.5511
vn 0.8286 0.0679 -0.5557
vn 0.7977 0.1768 -0.5766
vn 0.9470 -0.0778 -0.3116
vn 0.7763 0.4731 -0.4165
vn -0.8862 -0.2216 -0.4069
vn 0.6584 -0.0197 -0.7524
vn 0.6605 -0.0912 -0.7453
vn 0.6441 -0.6914 -0.3273
vn 0.9156 -0.3338 -0.2242
vn 0.9058 -0.3245 -0.2723
vn 0.9344 -0.1750 -0.3104
vn 0.8164 0.0519 -0.5752
vn 0.8430 0.1411 -0.5191
vn 0.8433 0.1457 -0.5173
vn 0.7106 0.5065 -0.4883
vn 0.4775 0.8688 -0.1313
vn 0.7842 0.3277 -0.5269
vn 0.5964 0.7559 -0.2702
vn 0.5754 0.7797 -0.2471
vn 0.5451 0.3074 -0.7800
vn 0.5128 0.3106 -0.8003
vn 0.9026 -0.0483 -0.4279
vn 0.6115 0.0350 -0.7905
vn 0.7567 0.3352 -0.5612
vn -0.9997 0.0127 0.0207
vn 0.2495 0.9564 -0.1517
vn 0.7118 0.5845 -0.3895
vn -0.8405 0.2012 -0.5030
vn 0.5654 0.1308 -0.8143
vn 0.6297 -0.6904 -0.3561
vn 0.8373 -0.4139 -0.3571
vn 0.6936 -0.4630 -0.5518
vn 0.8142 -0.1351 -0.5647
vn 0.8002 -0.4730 -0.3687
vn 0.6321 0.1802 -0.7536
vn -0.2279 -0.9602 0.1617
vn 0.7346 0.0977 -0.6714
vn 0.9366 -0.0523 -0.3465
vn 0.6897 -0.4237 -0.5872
vn 0.9238 -0.1157 -0.3649
vn 0.8945 0.0282 -0.4461
vn 0.8912 0.0675 -0.4486
vn 0.8003 0.1423 -0.5825
vn 0.5930 0.2864 0.7526
vn 0.6740 0.2126 -0.7074
vn 0.7336 0.2081 -0.6469
vn 0.4981 -0.0864 -0.8628
vn -0.0234 -0.2665 -0.9636
vn 0.5008 -0.0808 -0.8618
vn 0.5927 0.8050 -0.0256
vn 0.3174 0.4104 -0.8549
vn 0.3611 -0.2850 -0.8879
vn 0.4310 -0.3183 -0.8444
vn 0.3648 -0.7887 -0.4948
vn 0.3770 0.3837 -0.8430
vn -0.9434 -0.1867 0.2741
vn 0.4218 0.2366 -0.8753
vn 0.5150 -0.3229 -0.7941
vn 0.3190 -0.0750 -0.9448
vn -0.0656 -0.1488 -0.9867
vn -0.7699 0.0327 -0.6374
vn 0.6181 0.1988 -0.7605
vn 0.1018 -0.0178 -0.9947
vn 0.2678 -0.2552 -0.9291
vn -0.6152 -0.5213 0.5914
vn 0.3412 -0.5396 -0.7697
vn 0.3542 0.0788 -0.9318
vn 0.5192 0.3108 -0.7961
vn -0.5579 -0.7965 -0.2331
vn -0.9159 -0.3911 -0.0900
vn -0.8562 0.1184 -0.5029
vn 0.3716 0.7922 -0.4841
vn 0.3559 -0.2899 -0.8884
vn -0.4131 0.3271 -0.8499
vn -0.3683 0.7199 0.5883
vn 0.4132 0.3181 -0.8533
vn 0.5370 0.4110 -0.7367
vn 0.2758 -0.3105 -0.9097
vn -0.2383 -0.1017 -0.9658
vn 0.5873 -0.6743 -0.4477
vn 0.3683 0.3310 -0.8688
vn 0.3203 0.2799 -0.9050
vn -0.7560 0.4863 -0.4381
vn 0.2386 0.3422 -0.9088
vn 0.7571 0.2666 0.5965
vn 0.5416 0.4426 -0.7147
vn 0.3704 0.3259 -0.8698
vn 0.5277 -0.1871 -0.8286
vn 0.4168 0.7407 -0.5270
vn 0.4052 -0.7106 -0.5752
vn -0.5766 -0.6220 0.5298
vn 0.0644 -0.5086 -0.8586
vn 0.2743 -0.7377 0.6169
vn 0.2060 0.0849 -0.9749
vn -0.0190 0.3290 -0.9442
vn 0.4766 0.3271 -0.8160
vn 0.2714 -0.1100 -0.9562
vn 0.3261 0.4512 -0.8307
vn -0.0024 -0.5390 -0.8423
vn 0.0667 -0.3604 -0.9304
vn 0.2424 0.2972 -0.9235
vn 0.3212 0.9063 -0.2747
vn 0.0115 0.0347 -0.9993
vn 0.0678 0.1880 -0.9798
vn -0.3603 0.0427 -0.9319
vn 0.0189 -0.7073 -0.7067
vn -0.1124 -0.1028 -0.9883
vn -0.1150 -0.1539 -0.9814
vn -0.0428 0.2274 -0.9729
vn 0.0692 0.3792 -0.9227
vn 0.0630 0.3994 -0.9146
vn -0.0135 -0.1679 -0.9857
vn 0.0734 -0.0356 -0.9967
vn 0.0558 -0.1166 -0.9916
vn -0.0765 0.3393 -0.9376
vn 0.5500 0.4399 -0.7099
vn -0.6930 0.2212 0.6862
vn -0.0862 -0.7787 -0.6214
vn -0.1511 -0.5561 -0.8173
vn -0.0097 0.1829 -0.9831
vn -0.7359 -0.2394 -0.6334
vn 0.1179 0.2928 -0.9489
vn 0.0292 -0.0517 -0.9982
vn 0.1436 0.0837 -0.9861
vn 0.4388 0.2281 -0.8691
vn 0.2806 0.4629 -0.8408
vn -0.1633 -0.6199 -0.7675
vn -0.2491 -0.3447 -0.9050
vn -0.0828 0.4095 -0.9086
vn 0.1915 -0.0954 -0.9768
vn -0.0212 -0.0648 -0.9977
vn -0.1044 0.2113 -0.9718
vn 0.0276 0.0936 -0.9952
vn -0.7909 0.2948 0.5362
vn 0.2633 -0.2529 -0.9310
vn 0.4949 -0.0453 -0.8678
vn -0.0787 0.2698 -0.9597
vn 0.3923 -0.0072 -0.9198
vn -0.1743 -0.0825 -0.9812
vn -0.0693 0.3732 -0.9252
vn -0.2083 0.0800 -0.9748
vn 0.5282 0.3013 -0.7939
vn 0.3362 -0.2956 -0.8942
vn 0.0784 -0.5151 -0.8535
vn 0.3250 0.3734 -0.8689
vn -0.0378 -0.8295 -0.5572
vn 0.5855 -0.1784 -0.7908
vn -0.1688 0.3259 -0.9302
vn -0.0865 -0.0038 -0.9962
vn -0.1198 -0.6119 -0.7818
vn -0.1612 0.0649 -0.9848
vn -0.6693 0.3005 0.6795
vn -0.1437 -0.0838 -0.9861
vn 0.2989 -0.4520 -0.8404
vn 0.2645 -0.1727 -0.9488
vn 0.3504 0.2074 -0.9133
vn 0.3355 0.1251 -0.9337
vn 0.1950 -0.3575 -0.9133
vn -0.7065 -0.6994 -0.1078
vn -0.0900 -0.4105 -0.9074
vn 0.0023 -0.5411 -0.8410
vn 0.0014 0.0415 -0.9991
vn 0.3444 0.3086 -0.8867
vn 0.1970 0.4356 -0.8783
vn 0.1865 0.4083 -0.8936
vn 0.1037 0.4750 -0.8738
vn 0.0242 0.2671 -0.9634
vn -0.0724 -0.1376 -0.9878
vn -0.0452 0.0604 -0.9971
vn 0.2450 -0.4583 -0.8544
vn -0.1052 -0.1909 -0.9760
vn -0.6825 -0.6761 -0.2778
vn 0.4246 -0.1877 -0.8857
vn -0.1548 -0.5843 -0.7966
vn 0.4979 -0.1351 -0.8566
vn -0.7325 0.1725 0.6585
vn 0.1776 0.6052 -0.7760
vn 0.5614 0.2337 -0.7939
vn 0.3199 -0.2417 -0.9161
vn 0.2862 0.2642 -0.9210
vn 0.6122 0.7611 -0.2144
vn 0.7732 0.1614 -0.6133
vn 0.7342 0.0908 -0.6729
vn -0.7525 -0.6528 -0.0867
vn 0.0109 -0.3227 0.9464
vn 0.3034 0.4861 -0.8196
vn 0.7860 0.1693 -0.5946
vn 0.4552 -0.0273 -0.8900
vn -0.0732 -0.7571 -0.6492
vn 0.1705 0.5051 -0.8460
vn -0.4821 -0.7273 0.4886
vn 0.3436 -0.4722 -0.8117
vn 0.3973 -0.5185 -0.7572
vn 0.3445 -0.4799 -0.8069
vn 0.1135 -0.0401 -0.9927
vn 0.3383 -0.6101 -0.7165
vn 0.4162 0.6128 -0.6718
vn 0.5721 0.4562 -0.6816
vn 0.2653 0.2288 -0.9366
vn 0.3938 0.4021 -0.8266
vn 0.4180 0.1816 -0.8901
vn 0.0862 -0.1391 -0.9865
vn 0.0755 -0.3648 -0.9280
vn 0.2124 -0.1955 -0.9574
vn 0.3195 0.1919 -0.9280
vn -0.4371 -0.8614 -0.2586
vn 0.0831 -0.7569 -0.6482
vn 0.3801 0.6566 -0.6515
vn 0.3631 -0.4971 -0.7881
vn 0.2769 -0.2671 -0.9230
vn 0.2777 -0.2634 -0.9238
vn 0.3033 0.4386 -0.8459
vn 0.3861 0.4366 -0.8126
vn 0.2839 0.3722 -0.8836
vn 0.3925 0.6349 -0.6655
vn 0.3009 0.4974 -0.8137
vn 0.2497 0.2162 -0.9439
vn 0.2914 0.3036 -0.9071
vn 0.2433 0.1688 -0.9552
vn 0.0187 -0.0212 -0.9996
vn 0.0233 -0.0044 -0.9997
vn -0.9086 0.3122 -0.2775
vn -0.5971 -0.7255 0.3422
vn 0.2131 -0.1668 -0.9627
vn 0.2130 0.1214 -0.9695
vn -0.0836 -0.0836 -0.9930
vn 0.6683 -0.6398 -0.3795
vn 0.4799 0.2613 -0.8375
vn 0.5509 0.4985 -0.6694
vn 0.5651 0.3029 -0.7674
vn -0.0180 -0.7847 -0.6196
vn 0.3486 0.7526 -0.5586
vn -0.4240 0.4575 -0.7816
vn 0.0863 0.2581 -0.9623
vn 0.1685 0.4404 -0.8818
vn -0.4868 -0.7984 -0.3544
vn 0.3699 0.6076 -0.7028
vn 0.2033 0.0960 -0.9744
vn -0.6183 -0.4065 -0.6726
vn 0.4367 0.1988 -0.8774
vn 0.5696 -0.0527 -0.8202
vn -0.0018 -0.5310 -0.8474
vn 0.2020 0.4500 -0.8699
vn 0.1188 -0.1313 -0.9842
vn 0.1503 -0.9702 -0.1903
vn -0.6778 -0.6026 -0.4213
vn 0.3962 0.2904 -0.8710
vn 0.3759 0.6207 -0.6880
vn 0.3282 0.3167 -0.8899
vn -0.6082 0.3986 -0.6865
vn 0.2281 -0.2861 -0.9307
vn -0.4970 0.3213 0.8061
vn 0.4256 0.0815 -0.9012
vn 0.1429 0.2560 -0.9561
vn 0.0078 0.1177 -0.9930
vn 0.5793 0.0401 -0.8141
vn 0.5783 0.0997 -0.8097
vn 0.1493 0.2385 -0.9596
vn -0.1066 -0.5035 -0.8574
vn 0.0172 0.4493 -0.8932
vn 0.0428 -0.1336 -0.9901
vn 0.3202 -0.2006 -0.9259
vn 0.1562 -0.2444 -0.9570
vn 0.1198 -0.5397 -0.8333
vn 0.3808 -0.0104 -0.9246
vn 0.1363 -0.2997 -0.9442
vn 0.3746 0.1884 -0.9078
vn 0.0900 -0.1416 -0.9858
vn 0.5803 0.0422 -0.8133
vn 0.3944 -0.2833 -0.8742
vn -0.1165 0.0210 -0.9930
vn 0.0516 -0.9038 0.4248
vn 0.3283 -0.2164 -0.9194
vn 0.3206 -0.1821 -0.9295
vn 0.4348 0.2020 -0.8776
vn 0.1077 -0.1792 -0.9779
vn 0.0181 0.0529 -0.9984
vn -0.0912 0.1109 -0.9896
vn -0.1067 0.0721 -0.9917
vn 0.2173 -0.5898 -0.7777
vn 0.3325 -0.0572 -0.9414
vn 0.2436 0.1026 -0.9644
vn 0.5667 0.7138 -0.4115
vn 0.3008 0.5495 -0.7794
vn -0.0167 -0.3046 -0.9523
vn 0.3592 -0.2730 -0.8924
vn 0.4735 0.1997 -0.8579
vn 0.5485 0.4212 -0.7223
vn 0.3771 0.4238 -0.8235
vn -0.0493 -0.0715 -0.9962
vn 0.4465 0.4263 0.7867
vn 0.1066 -0.2572 -0.9605
vn 0.0990 0.2960 -0.9500
vn 0.2242 0.2705 -0.9362
vn -0.7915 -0.5707 0.2186
vn 0.2804 -0.1012 -0.9545
vn 0.4777 -0.0831 -0.8746
vn 0.3469 0.0813 -0.9344
vn -0.6859 -0.7263 -0.0454
vn 0.8481 0.5217 -0.0926
vn 0.1471 0.2406 -0.9594
vn 0.4815 0.1623 -0.8613
vn 0.3181 -0.0555 -0.9464
vn 0.0396 0.4822 -0.8752
vn -0.3195 -0.1274 -0.9390
vn 0.2366 0.3532 -0.9051
vn 0.3810 -0.1471 -0.9128
vn -0.4929 0.4266 -0.7583
vn -0.5504 0.0841 -0.8307
vn 0.1588 -0.0348 -0.9867
vn 0.4970 -0.3272 -0.8037
vn 0.3141 -0.2442 -0.9174
vn 0.4641 0.1892 -0.8654
vn -0.0019 -0.1808 -0.9835
vn -0.5722 -0.7917 0.2139
vn 0.2729 0.1215 -0.9543
vn 0.0187 -0.0048 0.9998
vn 0.0453 0.0350 -0.9984
vn 0.0118 0.1964 -0.9805
vn 0.0936 0.2958 -0.9507
vn -0.0342 0.4406 -0.8970
vn 0.0255 0.1607 -0.9867
vn 0.2606 -0.4880 -0.8331
vn 0.2587 0.0254 -0.9656
vn 0.2951 -0.2915 -0.9099
vn 0.2981 0.2886 -0.9098
vn 0.3092 0.1310 -0.9419
vn 0.2066 -0.2501 -0.9459
vn 0.3182 -0.0421 -0.9471
vn -0.0241 0.4575 -0.8889
vn 0.3340 -0.0507 -0.9412
vn 0.1633 -0.2146 -0.9630
vn 0.2906 0.2601 -0.9208
vn 0.2608 0.0820 -0.9619
vn 0.2844 0.4914 -0.8232
vn 0.5368 -0.2876 -0.7931
vn -0.2203 0.1335 -0.9663
vn 0.6422 -0.5697 0.5129
vn 0.5087 -0.0546 -0.8592
vn -0.1327 0.1575 -0.9786
vn 0.6069 0.7943 -0.0295
vn 0.4165 0.3444 -0.8414
vn -0.6373 -0.5559 -0.5337
vn 0.4108 0.3931 -0.8226
vn 0.3311 -0.0503 -0.9422
vn 0.6831 -0.1901 0.7052
vn 0.3399 0.1997 -0.9190
vn 0.2257 0.1262 -0.9660
vn 0.2921 -0.1014 -0.9510
vn 0.4037 0.0908 -0.9104
vn -0.1189 0.0879 -0.9890
vn -0.1473 0.0174 -0.9889
vn -0.1460 0.4307 -0.8906
vn 0.6447 0.0352 -0.7636
vn 0.2940 -0.3942 -0.8707
vn -0.0282 0.4216 -0.9064
vn 0.2812 -0.5038 -0.8168
vn 0.3109 0.0181 -0.9503
vn 0.3476 0.0125 -0.9376
vn 0.1631 0.3605 -0.9184
vn -0.0142 -0.3185 -0.9478
vn -0.0774 -0.0389 -0.9962
vn 0.2234 0.0351 -0.9741
vn -0.9893 -0.0292 -0.1430
vn -0.6782 -0.5654 -0.4694
vn -0.1596 0.0326 -0.9866
vn -0.0197 0.8072 0.5899
vn -0.5776 -0.4193 0.7004
vn 0.3153 -0.4382 -0.8418
vn 0.2613 0.1132 -0.9586
vn 0.5615 0.4085 -0.7196
vn 0.0401 -0.3940 -0.9182
vn 0.3194 -0.2566 -0.9122
vn -0.1203 0.1375 -0.9832
vn 0.2436 -0.3119 -0.9184
vn 0.2782 -0.2833 -0.9178
vn -0.3006 0.1960 0.9334
vn -0.2097 0.2487 -0.9456
vn -0.3961 -0.9129 0.0984
vn 0.7138 0.0736 -0.6964
vn 0.4773 0.4328 -0.7647
vn 0.7087 -0.0467 -0.7039
vn -0.0481 -0.0043 -0.9988
vn 0.0020 -0.0992 -0.9951
vn -0.6683 -0.7104 -0.2206
vn 0.3935 -0.2544 -0.8834
vn 0.3745 0.4282 -0.8224
vn -0.0313 0.2843 -0.9582
vn 0.4054 0.4557 -0.7925
vn -0.6198 -0.4046 -0.6725
vn 0.6316 0.0566 -0.7733
vn 0.0475 -0.7043 -0.7083
vn 0.3783 0.0915 -0.9211
vn 0.3115 -0.0757 -0.9472
vn -0.5911 -0.2228 0.7752
vn 0.9566 -0.1758 0.2322
vn 0.1839 -0.6678 -0.7213
vn 0.1927 0.2830 -0.9396
vn 0.5647 -0.1390 0.8135
vn -0.1750 -0.0490 -0.9833
vn 0.6438 0.0318 -0.7645
vn 0.4163 -0.0067 -0.9092
vn 0.6131 0.1055 -0.7830
vn 0.0309 0.2786 -0.9599
vn 0.0967 0.3816 -0.9193
vn 0.1831 -0.2551 -0.9494
vn -0.6375 -0.6177 0.4605
vn 0.2435 -0.3094 -0.9192
vn 0.4382 -0.1853 -0.8796
vn -0.0792 -0.3188 -0.9445
vn -0.5806 -0.0184 -0.8140
vn -0.7071 0.1270 -0.6956
vn -0.6779 0.0485 -0.7336
vn 0.3047 -0.5420 -0.7832
vn -0.0239 0.3861 -0.9221
vn -0.3585 -0.9222 -0.1452
vn 0.1594 -0.3766 -0.9126
vn 0.0971 0.2940 -0.9509
vn -0.5752 0.3318 0.7477
vn 0.3423 0.7412 -0.5774
vn 0.3155 -0.0531 -0.9474
vn -0.3002 -0.9040 0.3043
vn -0.0295 0.5334 -0.8454
vn 0.2913 0.1665 -0.9420
vn -0.6168 0.0361 -0.7863
vn -0.5350 0.6478 -0.5423
vn 0.2349 0.0084 -0.9720
vn 0.6952 -0.4895 -0.5264
vn 0.7689 0.0335 -0.6385
vn 0.8132 0.2167 -0.5402
vn 0.8094 0.2244 -0.5427
vn 0.1296 -0.6255 -0.7694
vn -0.6671 -0.5109 -0.5423
vn 0.2986 0.8207 -0.4871
vn 0.5302 0.1280 -0.8382
vn 0.6941 -0.2521 0.6743
vn -0.5447 0.7460 -0.3831
vn 0.4912 -0.0494 -0.8697
vn 0.2126 0.1006 -0.9719
vn 0.2319 -0.4460 -0.8645
vn 0.3888 0.6887 -0.6120
vn -0.1682 -0.2854 -0.9435
vn 0.5360 0.4759 -0.6973
vn 0.2200 -0.2302 -0.9479
vn 0.3904 0.6254 -0.6756
vn -0.1116 0.0757 -0.9909
vn 0.5045 0.3232 -0.8006
vn -0.2393 -0.3521 -0.9048
vn 0.0026 -0.2166 -0.9763
vn -0.5389 0.8410 -0.0480
vn -0.5241 -0.5232 -0.6720
vn -0.5352 0.4886 -0.6891
vn -0.8940 -0.4375 0.0970
vn 0.4796 0.5480 -0.6853
vn -0.2568 0.2816 -0.9245
vn -0.2136 -0.0791 -0.9737
vn 0.0940 0.7556 -0.6483
vn -0.8855 0.4109 -0.2170
vn 0.5594 0.0314 -0.8283
vn 0.0448 -0.9979 -0.0474
vn 0.5571 0.7392 0.3783
vn 0.4883 0.3962 -0.7775
vn -0.7784 0.3469 -0.5232
vn 0.5533 -0.2381 -0.7982
vn 0.1206 0.4608 -0.8793
vn -0.0128 -0.2541 -0.9671
vn 0.1144 -0.0666 -0.9912
vn 0.3570 0.6429 -0.6777
vn 0.2099 -0.1198 -0.9703
vn 0.5770 0.5196 -0.6301
vn 0.5790 -0.0420 -0.8142
vn 0.6669 0.2093 -0.7151
vn -0.2147 -0.0457 -0.9756
vn 0.2962 -0.3483 -0.8894
vn 0.0254 -0.0364 -0.9990
vn -0.7776 -0.3115 -0.5462
vn -0.0444 -0.0455 -0.9980
vn 0.3618 0.0671 -0.9298
vn 0.5275 0.3092 -0.7913
vn 0.3423 0.7421 -0.5764
vn -0.0126 0.0398 -0.9991
vn 0.3684 -0.1583 -0.9161
vn 0.1116 -0.0923 -0.9895
vn 0.1476 0.2434 -0.9586
vn -0.0475 -0.5707 -0.8198
vn -0.8222 0.1160 -0.5573
vn 0.2836 -0.2707 -0.9199
vn -0.7816 0.0681 0.6200
vn -0.3555 0.1719 0.9187
vn -0.1504 -0.1866 -0.9708
vn -0.2167 -0.1096 -0.9701
vn -0.1160 0.1129 -0.9868
vn 0.7757 0.2959 -0.5575
vn 0.0122 0.3806 -0.9246
vn 0.6097 -0.4446 0.6562
vn 0.0160 0.0204 -0.9997
vn 0.0431 -0.0720 -0.9965
vn 0.1238 -0.3778 -0.9176
vn 0.3598 0.2076 -0.9097
vn -0.7817 0.4954 -0.3788
vn -0.7269 -0.6843 -0.0580
vn -0.5716 0.2854 -0.7693
vn 0.5140 0.1316 -0.8477
vn 0.3319 -0.2826 -0.9000
vn -0.4063 0.2384 -0.8821
vn 0.6174 -0.0907 -0.7814
vn -0.7974 -0.5950 0.1013
vn -0.5689 -0.6067 0.5552
vn 0.2062 -0.1001 -0.9734
vn 0.1813 0.2000 -0.9629
vn -0.6547 -0.6643 -0.3607
vn -0.8223 0.2807 -0.4950
vn -0.2412 -0.7314 -0.6379
vn 0.4915 0.2576 -0.8319
vn 0.3349 -0.2085 -0.9189
vn -0.8984 -0.3250 -0.2955
vn -0.6847 0.1857 0.7047
vn -0.0872 -0.0054 -0.9962
vn 0.2570 -0.4015 -0.8791
vn 0.0254 0.0371 -0.9990
vn 0.3395 -0.1615 -0.9266
vn 0.3295 0.6529 -0.6820
vn 0.4676 0.5134 -0.7196
vn 0.3978 -0.2233 -0.8899
vn 0.2735 0.0944 -0.9572
vn 0.3920 -0.5836 -0.7112
vn 0.4929 -0.1750 -0.8523
vn 0.0295 0.9271 -0.3736
vn 0.2689 -0.5341 -0.8015
vn 0.4585 0.0212 -0.8884
vn -0.4322 0.2640 -0.8623
vn -0.4160 -0.8072 -0.4187
vn 0.4728 -0.0420 -0.8802
vn 0.0267 -0.1248 -0.9918
vn -0.8891 -0.3531 -0.2913
vn 0.2882 -0.5202 -0.8039
vn 0.7666 0.0140 0.6419
vn -0.4510 0.6386 0.6236
vn 0.5471 -0.1575 -0.8221
vn -0.2217 -0.0318 -0.9746
vn -0.1471 0.2945 -0.9443
vn 0.4902 0.2033 -0.8475
vn 0.8338 0.4420 -0.3309
vn 0.2927 0.8669 -0.4036
vn 0.5049 -0.1059 -0.8567
vn 0.0677 0.0729 -0.9950
vn -0.0305 -0.0493 -0.9983
vn 0.5901 -0.2188 -0.7771
vn -0.1584 0.1666 -0.9732
vn 0.2311 0.2290 -0.9456
vn 0.2893 0.1412 -0.9468
vn 0.4027 -0.7106 -0.5769
vn -0.0341 -0.1956 -0.9801
vn -0.3548 0.0215 -0.9347
vn 0.1877 -0.4506 -0.8728
vn 0.5220 0.3422 -0.7813
vn 0.2366 0.7340 -0.6366
vn -0.7187 -0.1231 0.6844
vn -0.8148 0.3113 -0.4890
vn 0.5476 0.0204 -0.8365
vn 0.0141 -0.2179 -0.9759
vn 0.3350 0.4483 -0.8288
vn 0.2427 -0.0549 -0.9686
vn 0.0460 -0.2705 -0.9616
vn 0.2587 0.3240 -0.9100
vn 0.0870 -0.2054 -0.9748
vn -0.0288 -0.9996 -0.0014
vn -0.7891 0.2427 -0.5644
vn -0.5283 -0.4665 0.7094
vn 0.3702 -0.1350 -0.9191
vn 0.5242 0.3114 -0.7926
vn 0.2667 -0.4028 -0.8756
vn 0.5855 0.1958 -0.7867
vn -0.3964 0.0505 -0.9167
vn -0.3665 0.7653 0.5292
vn 0.0608 0.0311 -0.9977
vn -0.0688 0.3570 -0.9316
vn 0.4982 0.2286 -0.8364
vn -0.7219 -0.6168 -0.3136
vn -0.2386 -0.7572 -0.6081
vn -0.4774 -0.8493 -0.2252
vn 0.5625 0.0069 -0.8267
vn 0.2389 -0.1458 -0.9600
vn 0.4671 -0.1468 -0.8720
vn 0.0427 -0.4548 -0.8896
vn 0.4954 -0.1358 -0.8580
vn 0.2847 0.0805 -0.9552
vn 0.1717 -0.0464 -0.9841
vn -0.0845 0.1491 -0.9852
vn -0.5083 0.4360 -0.7426
vn 0.2808 -0.1572 -0.9468
vn 0.0454 -0.1604 -0.9860
vn 0.2610 0.2459 -0.9335
vn 0.5155 0.1124 -0.8495
vn -0.9410 -0.0991 -0.3236
vn -0.1355 0.1083 -0.9848
vn 0.4440 -0.1810 -0.8775
vn 0.3750 -0.0225 -0.9267
vn 0.3872 -0.2475 -0.8882
vn 0.4061 0.5037 -0.7625
vn 0.0119 0.3124 -0.9499
vn 0.2230 -0.4421 -0.8688
vn 0.4268 -0.0648 -0.9020
vn 0.3268 -0.6297 -0.7048
vn -0.9199 -0.0046 -0.3921
vn -0.0506 0.7456 0.6644
vn 0.4405 0.2261 -0.8688
vn 0.3612 -0.1475 -0.9208
vn -0.6906 -0.7204 -0.0635
vn -0.2594 -0.7214 -0.6421
vn -0.8536 -0.0802 -0.5147
vn 0.1848 -0.3982 -0.8985
vn -0.8549 -0.0374 -0.5174
vn -0.7701 0.0908 0.6314
vn 0.3522 -0.3711 -0.8592
vn 0.1240 -0.6755 -0.7269
vn 0.8204 -0.0580 -0.5688
vn 0.1644 -0.5523 -0.8173
vn 0.5629 0.6682 -0.4865
vn 0.4556 0.3983 -0.7961
vn 0.4629 0.8132 -0.3527
vn 0.3373 -0.3682 -0.8664
vn 0.5539 0.0981 -0.8268
vn 0.5833 -0.0518 -0.8106
vn 0.4726 0.1600 -0.8666
vn 0.3516 0.7509 -0.5591
vn 0.3560 -0.0323 -0.9339
vn 0.1091 -0.2964 -0.9488
vn 0.1403 -0.5867 -0.7976
vn 0.1561 -0.2297 -0.9606
vn 0.1877 0.3648 -0.9120
vn -0.9137 0.0108 -0.4062
vn 0.3404 -0.0842 -0.9365
vn 0.3282 -0.0478 -0.9434
vn -0.1685 -0.0776 -0.9826
vn 0.5379 -0.0868 -0.8385
vn -0.4448 -0.8411 0.3078
vn 0.2884 -0.3481 -0.8920
vn 0.4279 -0.1190 -0.8960
vn -0.1711 -0.0795 -0.9820
vn -0.9804 -0.0568 -0.1885
vn -0.0469 -0.2364 -0.9705
vn 0.5688 -0.0783 -0.8188
vn 0.3319 0.5104 -0.7933
vn -0.7272 0.0212 -0.6861
vn 0.0422 -0.2933 -0.9551
vn -0.3328 -0.9219 -0.1982
vn 0.5574 -0.2068 -0.8041
vn 0.1011 0.4061 -0.9082
vn 0.5522 0.4052 -0.7286
vn -0.0992 -0.7662 -0.6349
vn 0.4039 0.5922 -0.6973
vn 0.1189 -0.1543 -0.9808
vn 0.1017 -0.1207 -0.9875
vn -0.5011 0.0468 -0.8641
vn 0.9941 -0.0700 -0.0831
vn 0.4120 0.4923 -0.7668
vn 0.6923 0.4375 -0.5738
vn 0.5118 0.5103 -0.6911
vn 0.3677 0.0094 -0.9299
vn 0.3617 0.1235 -0.9241
vn 0.2063 0.8153 -0.5410
vn 0.1600 -0.2313 -0.9597
vn 0.1845 0.1347 -0.9736
vn -0.0256 -0.3100 -0.9504
vn 0.0984 -0.5650 -0.8192
vn 0.0558 -0.8879 0.4566
vn -0.9161 0.1769 0.3599
vn 0.0660 -0.3131 -0.9474
vn 0.1967 -0.4188 -0.8865
vn 0.1801 -0.0908 -0.9795
vn 0.2613 0.1174 -0.9581
vn 0.5242 0.8299 -0.1908
vn 0.7262 0.4617 0.5094
vn 0.1568 -0.0120 -0.9876
vn 0.0401 -0.3939 -0.9183
vn 0.1268 0.1941 -0.9728
vn 0.1436 0.3905 -0.9093
vn -0.7098 0.1259 0.6931
vn 0.4001 -0.1173 -0.9089
vn 0.0479 -0.3382 -0.9398
vn 0.2891 0.4051 -0.8674
vn 0.3892 0.2858 -0.8757
vn 0.5238 0.3217 -0.7888
vn -0.1119 0.7446 -0.6580
vn 0.0898 -0.0399 -0.9952
vn 0.4380 0.7992 -0.4117
vn 0.0121 -0.4260 -0.9046
vn 0.4668 0.8128 -0.3485
vn -0.0306 -0.1560 -0.9873
vn 0.4792 -0.7031 0.5254
vn -0.6316 0.4390 -0.6390
vn 0.1566 -0.2264 -0.9614
vn 0.0314 -0.2255 -0.9737
vn 0.2612 0.0735 -0.9625
vn 0.0486 0.0340 -0.9982
vn 0.1220 0.2086 -0.9704
vn 0.5328 0.1832 -0.8262
vn 0.4528 -0.3783 -0.8074
vn 0.2599 -0.1853 -0.9477
vn 0.4855 0.2082 -0.8491
vn -0.8256 -0.0583 0.5613
vn 0.8182 0.2565 -0.5145
vn 0.2842 0.5266 -0.8012
vn 0.2796 0.5194 -0.8075
vn 0.3890 -0.0131 -0.9212
vn 0.0556 0.1881 -0.9806
vn 0.5262 -0.1861 -0.8297
vn 0.5720 0.2961 -0.7649
vn 0.3985 0.1033 -0.9114
vn 0.7564 0.3131 -0.5743
vn 0.7775 0.3436 0.5267
vn 0.3680 0.5945 -0.7150
vn 0.3476 0.3678 -0.8625
vn 0.4593 0.4138 -0.7860
vn -0.6203 -0.4359 -0.6521
vn 0.0869 -0.2065 -0.9746
vn -0.7909 0.1550 -0.5920
vn 0.7369 -0.4160 0.5329
vn 0.6013 0.2775 0.7493
vn 0.6006 0.0428 0.7984
vn -0.6500 -0.1575 -0.7434
vn -0.6330 -0.1738 -0.7544
vn -0.5448 0.3249 -0.7731
vn -0.3566 -0.9137 -0.1946
vn 0.5108 -0.2201 0.8311
vn 0.4125 0.4490 0.7926
vn 0.9907 0.0934 0.0994
vn 0.7288 -0.5366 0.4253
vn 0.9851 -0.0004 -0.1722
vn 0.5168 0.0214 0.8559
vn 0.0079 -0.9983 -0.0582
vn 0.7987 0.2287 0.5565
vn 0.7438 0.0630 0.6654
vn 0.6660 0.3014 0.6824
vn -0.0473 0.8923 0.4489
vn 0.1376 0.8483 0.5112
vn -0.5668 -0.8186 -0.0930
vn 0.6461 0.4246 0.6343
vn -0.5224 0.3176 -0.7913
vn 0.6307 0.2644 0.7296
vn -0.9915 0.0526 -0.1186
vn 0.4976 -0.3612 0.7886
vn 0.7939 -0.1606 0.5865
vn -0.9543 -0.1873 -0.2328
vn 0.1994 -0.8453 -0.4956
vn -0.1989 -0.9781 0.0609
vn -0.9857 0.1243 0.1137
vn -0.4389 0.1901 -0.8782
vn 0.4111 0.0436 0.9105
vn 0.5033 -0.2032 0.8399
vn 0.5884 0.7400 0.3258
vn 0.6322 0.6583 0.4086
vn -0.7229 -0.0256 -0.6905
vn 0.7532 0.3795 0.5373
vn -0.7738 -0.4292 -0.4659
vn -0.0259 0.7228 0.6906
vn 0.6725 -0.3733 0.6391
vn -0.7396 -0.3253 -0.5892
vn -0.5263 0.1408 -0.8386
vn -0.6735 -0.5136 -0.5316
vn 0.0799 0.4066 0.9101
vn -0.5975 -0.6441 0.4777
vn 0.2558 0.2167 0.9421
vn -0.0658 0.3517 -0.9338
vn 0.0172 -0.3718 0.9281
vn -0.7032 -0.6646 -0.2526
vn -0.4137 0.2396 -0.8783
vn -0.4490 0.8870 0.1082
vn -0.9056 -0.2055 -0.3711
vn -0.9194 -0.2118 -0.3315
vn -0.8317 -0.2208 0.5095
vn -0.8134 -0.5171 -0.2665
vn -0.2441 -0.8094 0.5342
vn -0.3121 -0.6253 -0.7152
vn -0.7617 -0.6424 -0.0841
vn -0.5525 0.0773 -0.8300
vn -0.3761 0.4170 -0.8275
vn 0.3217 0.2756 0.9058
vn -0.9809 0.0416 -0.1900
vn -0.3710 -0.8739 -0.3141
vn -0.6052 -0.5305 -0.5935
vn -0.4384 0.1374 -0.8882
vn -0.6457 0.5648 0.5138
vn 0.7816 -0.4089 0.4710
vn 0.1648 -0.6076 0.7770
vn -0.5945 -0.1257 -0.7942
vn -0.9379 -0.2554 -0.2349
vn 0.5320 0.6916 0.4886
vn 0.6153 -0.4924 0.6156
vn -0.9301 0.0072 -0.3673
vn -0.3603 -0.9319 0.0414
vn -0.6944 -0.4008 -0.5976
vn -0.9174 0.2733 -0.2892
vn -0.8078 0.2792 0.5192
vn -0.5208 0.3585 -0.7748
vn -0.5357 -0.6935 -0.4817
vn -0.3849 0.2296 0.8939
vn -0.7549 -0.5244 -0.3938
vn -0.9971 0.0761 0.0005
vn 0.2979 0.8487 0.4369
vn -0.0559 0.3740 -0.9257
vn -0.9976 -0.0612 -0.0331
vn -0.9641 0.1277 -0.2329
vn -0.6481 -0.6498 -0.3970
vn 0.4194 -0.4821 0.7692
vn 0.6552 -0.4753 -0.5872
vn 0.2155 -0.1860 0.9586
vn 0.1760 -0.5016 0.8470
vn -0.8966 -0.3252 -0.3004
vn -0.7036 -0.0866 -0.7053
vn 0.3367 -0.0799 0.9382
vn -0.9607 -0.1866 -0.2056
vn -0.9921 -0.1218 -0.0303
vn 0.2254 -0.0422 0.9734
vn 0.2761 -0.3917 0.8777
vn 0.4668 -0.1434 0.8727
vn 0.7558 -0.3795 0.5336
vn -0.2942 0.9557 0.0071
vn -0.6011 0.7249 0.3365
vn -0.5554 -0.4569 0.6948
vn -0.9135 -0.3391 -0.2247
vn 0.6235 0.7317 -0.2753
vn -0.0839 -0.5435 -0.8352
vn -0.9800 0.0621 -0.1889
vn -0.5715 -0.2171 -0.7913
vn 0.6138 0.0495 0.7879
vn -0.9777 0.0701 -0.1979
vn -0.9358 0.2475 -0.2511
vn -0.7017 -0.0962 -0.7060
vn -0.6171 -0.7311 0.2909
vn -0.0504 0.2983 -0.9532
vn -0.7388 -0.1109 -0.6647
vn -0.9070 -0.1662 -0.3871
vn 0.6560 0.3269 0.6803
vn -0.8260 -0.4603 -0.3254
vn 0.7855 0.0677 0.6152
vn -0.7418 -0.6348 -0.2163
vn -0.3403 0.3480 -0.8735
vn 0.8832 -0.4250 -0.1982
vn -0.0455 0.8886 0.4564
vn 0.5428 0.0590 0.8378
vn -0.1829 0.8405 0.5100
vn -0.9787 0.0324 -0.2026
vn -0.9714 -0.0254 -0.2359
vn 0.5996 0.3117 -0.7371
vn -0.0977 -0.4705 -0.8770
vn 0.4261 0.3390 0.8388
vn -0.2000 0.3173 0.9270
vn -0.8624 -0.2668 -0.4302
vn 0.1520 0.0630 0.9864
vn 0.3201 0.2157 0.9225
vn -0.8593 -0.4591 -0.2253
vn -0.7014 -0.5836 -0.4091
vn -0.6594 -0.5266 -0.5365
vn -0.5275 0.0402 -0.8486
vn -0.5099 0.0490 -0.8589
vn -0.4370 -0.7523 -0.4931
vn 0.6151 -0.2695 0.7410
vn -0.3308 0.1776 -0.9268
vn -0.6131 -0.1538 -0.7749
vn 0.3592 0.1389 0.9229
vn 0.7035 0.6022 0.3773
vn 0.4310 -0.3825 0.8173
vn 0.0309 0.1515 0.9880
vn -0.8607 -0.2744 -0.4288
vn 0.2882 -0.3210 -0.9022
vn -0.6585 -0.5642 -0.4981
vn -0.1992 -0.8056 -0.5580
vn -0.9112 -0.3650 -0.1910
vn -0.9411 -0.1896 -0.2800
vn 0.5677 0.8230 -0.0173
vn 0.3929 0.2744 0.8777
vn 0.4344 -0.0503 0.8993
vn -0.5594 -0.7401 -0.3734
vn 0.5510 0.6208 -0.5577
vn -0.2812 -0.9158 -0.2868
vn 0.4850 -0.0034 0.8745
vn -0.5455 0.0865 -0.8337
vn 0.5770 -0.5737 0.5813
vn -0.3582 -0.9200 0.1591
vn 0.6831 0.1230 0.7199
vn -0.9479 -0.2397 -0.2097
vn -0.9776 0.1193 -0.1736
vn -0.6366 -0.3739 0.6745
vn 0.4315 0.8784 0.2053
vn 0.3623 0.0115 0.9320
vn 0.1198 -0.8161 -0.5654
vn -0.3111 -0.6258 -0.7153
vn -0.3951 -0.7126 0.5797
vn -0.0069 0.4486 0.8937
vn 0.1046 -0.2642 0.9588
vn -0.9372 -0.2732 -0.2170
vn 0.1512 -0.0302 0.9880
vn -0.1173 -0.4794 -0.8697
vn -0.5065 0.5505 0.6637
vn -0.9326 0.3285 -0.1496
vn -0.8677 -0.4965 0.0232
vn -0.9010 0.2355 -0.3643
vn -0.6711 0.1888 0.7169
vn 0.7499 -0.4503 0.4846
vn -0.2021 0.1440 -0.9687
vn 0.9375 -0.3480 0.0051
vn -0.7408 0.0761 0.6674
vn -0.4576 -0.8484 0.2661
vn -0.9626 -0.1270 -0.2395
vn 0.5904 0.0560 -0.8051
vn 0.2758 -0.0502 0.9599
vn -0.9976 -0.0150 -0.0681
vn -0.8213 -0.3787 0.4267
vn -0.2267 -0.6532 -0.7224
vn -0.1815 0.3959 -0.9002
vn -0.6990 0.4227 0.5769
vn -0.4037 0.3553 -0.8431
vn -0.6639 -0.6791 -0.3132
vn 0.3372 0.7376 0.5850
vn -0.9075 -0.0443 -0.4176
vn -0.9216 0.0256 -0.3872
vn -0.7228 0.1696 -0.6699
vn 0.2284 -0.0355 0.9729
vn -0.6259 -0.3908 0.6750
vn -0.9833 0.0693 -0.1684
vn -0.4410 0.3537 -0.8249
vn -0.8601 0.1554 -0.4859
vn -0.8679 0.3070 -0.3905
vn -0.8538 -0.2302 -0.4669
vn -0.3377 0.9039 0.2626
vn 0.7900 0.4982 0.3572
vn 0.6720 0.7336 0.1018
vn -0.9883 -0.0437 -0.1462
vn -0.7624 0.0781 -0.6423
vn 0.6669 0.7415 -0.0734
vn 0.2299 -0.6000 0.7663
vn -0.7997 -0.5311 -0.2802
vn -0.9276 0.3346 0.1661
vn -0.9767 -0.1895 0.1008
vn -0.6016 0.3057 -0.7380
vn -0.6117 -0.1524 -0.7763
vn -0.9739 -0.1045 -0.2016
vn -0.9318 -0.1057 -0.3472
vn 0.6603 -0.1401 0.7378
vn 0.7993 0.1979 0.5674
vn -0.4008 0.3940 -0.8271
vn 0.7417 0.5213 0.4220
vn 0.0370 -0.4209 -0.9064
vn -0.6859 0.5266 -0.5022
vn 0.3048 -0.2529 -0.9182
vn -0.2777 0.3306 -0.9020
vn -0.9009 -0.4328 0.0324
vn 0.2224 -0.9613 -0.1623
vn 0.1687 -0.9504 -0.2612
vn -0.9740 -0.1127 -0.1963
vn -0.7028 -0.6296 -0.3311
vn -0.7199 -0.4547 -0.5245
vn -0.6620 -0.5863 -0.4670
vn -0.6672 -0.1573 -0.7281
vn 0.1301 0.8291 0.5437
vn -0.8448 0.1805 -0.5036
vn -0.4978 0.3928 0.7733
vn -0.8420 -0.3807 -0.3822
vn -0.9993 -0.0213 -0.0318
vn -0.4604 -0.8816 0.1042
vn -0.9254 -0.1240 -0.3580
vn -0.7065 0.1025 -0.7002
vn -0.0082 -0.4605 0.8876
vn -0.4409 0.0821 0.8938
vn 0.4258 0.1657 0.8895
vn -0.9906 -0.0825 0.1091
vn -0.9447 -0.2369 -0.2269
vn 0.4071 0.4499 0.7949
vn -0.4890 -0.1409 -0.8609
vn 0.4582 0.1171 0.8811
vn -0.9941 0.0833 -0.0694
vn -0.4535 0.3008 -0.8390
vn -0.6159 -0.1011 -0.7813
vn 0.2437 -0.2859 0.9268
vn 0.3215 0.2925 0.9006
vn 0.0872 -0.1217 0.9887
vn 0.2258 -0.1186 0.9669
vn 0.0525 -0.0552 0.9971
vn -0.5646 -0.7409 -0.3637
vn -0.9070 -0.0426 -0.4190
vn -0.9793 0.0920 -0.1805
vn -0.4164 0.0156 -0.9091
vn 0.0334 0.1538 0.9875
vn -0.8729 0.0378 -0.4864
vn -0.6772 -0.6509 -0.3430
vn -0.9361 -0.1709 -0.3075
vn -0.6548 -0.0824 -0.7513
vn -0.1563 0.0093 -0.9877
vn -0.6607 -0.2703 -0.7003
vn -0.8164 -0.4655 -0.3418
vn -0.3256 0.1559 0.9326
vn 0.6409 -0.3121 0.7014
vn -0.7399 -0.4682 -0.4830
vn -0.8138 -0.3806 -0.4391
vn -0.4626 -0.8387 -0.2874
vn -0.2281 0.2906 -0.9293
vn -0.9477 -0.2328 -0.2185
vn -0.6596 -0.7227 0.2064
vn -0.8466 0.3325 -0.4156
vn -0.9973 0.0654 -0.0330
vn -0.3380 0.0847 -0.9373
vn -0.9767 0.0624 -0.2054
vn 0.8293 -0.5202 -0.2043
vn 0.3397 -0.0614 0.9385
vn -0.1982 0.1584 -0.9673
vn -0.2637 0.2595 -0.9291
vn -0.2520 0.3484 -0.9028
vn -0.6102 0.5243 -0.5940
vn -0.5633 -0.7860 0.2547
vn 0.6951 0.7184 0.0277
vn -0.4195 0.1652 -0.8926
vn -0.6824 -0.5660 -0.4626
vn -0.6571 -0.6380 0.4014
vn -0.7384 0.5700 0.3605
vn -0.8814 -0.1970 -0.4294
vn -0.8850 -0.2589 -0.3870
vn -0.4916 0.1637 -0.8553
vn 0.2354 -0.3268 0.9153
vn -0.2473 0.4592 -0.8532
vn -0.3104 0.0333 -0.9500
vn -0.6279 -0.5891 0.5086
vn -0.8832 -0.2621 -0.3890
vn -0.9199 -0.1889 0.3436
vn -0.8675 -0.3024 -0.3949
vn -0.7511 -0.4344 -0.4971
vn -0.9586 -0.1851 -0.2165
vn 0.3326 0.1009 0.9376
vn -0.3020 0.1054 -0.9475
vn -0.3254 0.0788 -0.9423
vn -0.3856 0.2657 -0.8836
vn -0.3498 0.3883 -0.8525
vn -0.4280 -0.7173 -0.5497
vn -0.3697 -0.2510 0.8946
vn -0.2569 0.4094 -0.8754
vn -0.4173 0.1714 -0.8925
vn -0.6203 -0.4069 -0.6705
vn 0.0503 -0.6624 -0.7474
vn -0.8600 -0.4588 -0.2234
vn -0.9529 -0.2256 -0.2026
vn 0.5575 -0.1637 0.8139
vn 0.6716 -0.5286 0.5191
vn 0.6405 -0.0582 0.7658
vn -0.3984 0.2701 -0.8765
vn -0.4284 0.3568 -0.8302
vn -0.4315 0.0537 -0.9005
vn -0.4245 0.0367 -0.9047
vn -0.7752 -0.2253 -0.5901
vn 0.6586 -0.5098 0.5535
vn -0.2608 0.5066 -0.8218
vn -0.3629 -0.9235 -0.1239
vn 0.7139 -0.3050 0.6304
vn -0.3976 0.0796 -0.9141
vn -0.4142 0.3792 -0.8274
vn -0.5320 0.3090 -0.7884
vn -0.5304 -0.3603 0.7674
vn -0.5683 -0.3099 0.7622
vn -0.2743 0.3414 -0.8990
vn -0.8032 0.5578 0.2094
vn 0.5477 0.3263 -0.7704
vn -0.2340 -0.3386 -0.9114
vn -0.6165 -0.5147 -0.5958
vn 0.4394 -0.4681 -0.7666
vn -0.0461 0.3626 -0.9308
vn -0.5943 -0.4344 -0.6768
vn -0.4352 0.2459 -0.8661
vn -0.5876 -0.0379 0.8083
vn -0.8259 -0.1093 -0.5530
vn -0.2776 0.3975 -0.8746
vn -0.7130 0.2753 -0.6449
vn -0.2000 -0.7593 -0.6192
vn -0.2228 -0.6732 -0.7051
vn -0.3858 -0.0689 -0.9200
vn -0.4061 -0.8773 -0.2559
vn -0.4999 0.1194 -0.8578
vn -0.4543 -0.7020 -0.5485
vn 0.7154 -0.4033 0.5706
vn -0.0275 0.2157 0.9761
vn -0.0002 -0.9999 0.0154
vn -0.1924 -0.5854 0.7876
vn 0.1130 -0.7179 -0.6869
vn -0.2491 0.4374 -0.8641
vn -0.4028 0.1399 -0.9045
vn -0.4095 0.0973 -0.9071
vn -0.2864 0.2461 -0.9260
vn -0.4132 -0.4259 -0.8049
vn -0.3865 -0.0659 -0.9199
vn -0.9304 0.0568 -0.3620
vn -0.3896 -0.7571 -0.5244
vn -0.5682 0.0805 -0.8189
vn -0.5383 -0.8086 -0.2374
vn -0.4288 0.4473 -0.7849
vn 0.6363 0.7056 -0.3118
vn -0.3343 -0.6422 -0.6898
vn -0.4231 -0.5060 -0.7517
vn -0.5757 0.1368 -0.8061
vn 0.1479 0.9880 -0.0438
vn -0.5705 -0.1788 -0.8016
vn -0.5906 0.0891 -0.8020
vn -0.2821 0.3327 -0.8998
vn -0.0162 -0.2767 0.9608
vn -0.5027 -0.3383 -0.7955
vn -0.4717 -0.2035 -0.8579
vn -0.4814 0.1887 -0.8560
vn -0.5310 0.1128 -0.8398
vn -0.5124 0.2396 -0.8247
vn -0.4838 0.4312 -0.7616
vn -0.4551 0.4874 -0.7452
vn -0.6694 -0.2595 -0.6962
vn -0.3829 0.5074 -0.7720
vn -0.4930 -0.2167 -0.8426
vn 0.0500 0.7193 -0.6929
vn -0.2225 0.5505 -0.8046
vn 0.2606 0.9307 -0.2567
vn -0.0846 0.7226 -0.6860
vn 0.3543 -0.7661 -0.5363
vn -0.1335 -0.8144 0.5648
vn 0.6157 0.7862 0.0528
vn -0.3087 0.3999 -0.8630
vn -0.3654 0.6103 -0.7029
vn 0.4069 0.8985 -0.1649
vn -0.3839 0.4049 -0.8298
vn 0.9034 -0.0641 -0.4240
vn -0.1706 0.4916 -0.8540
vn 0.1273 0.6135 -0.7794
vn 0.0235 0.6105 -0.7917
vn -0.3777 0.4444 -0.8123
vn -0.6219 0.5574 -0.5501
vn -0.6711 0.5667 -0.4780
vn 0.4009 0.3728 -0.8368
vn -0.3352 0.6794 -0.6528
vn -0.0596 0.7714 -0.6336
vn -0.0166 0.6752 -0.7374
vn 0.1350 0.6766 -0.7239
vn 0.2147 0.9754 -0.0498
vn 0.4430 0.8840 0.1490
vn 0.8573 0.5143 -0.0223
vn -0.6810 0.4900 -0.5441
vn 0.6226 -0.4486 -0.6412
vn 0.2815 0.9230 -0.2625
vn -0.1592 0.6207 -0.7677
vn -0.4811 0.7921 -0.3757
vn -0.3057 0.8698 -0.3873
vn -0.2966 0.8649 -0.4049
vn -0.0915 0.9124 -0.3989
vn 0.0186 0.8133 -0.5815
vn -0.4023 0.5837 -0.7053
vn -0.9978 -0.0645 -0.0131
vn 0.3106 0.8870 -0.3417
vn 0.3190 0.9064 -0.2771
vn 0.6289 0.6881 -0.3621
vn 0.3987 0.8369 -0.3750
vn -0.4667 0.8806 -0.0818
vn -0.1723 0.9822 -0.0755
vn 0.0332 0.9923 -0.1197
vn 0.2434 0.9621 -0.1229
vn 0.3633 0.9218 -0.1353
vn -0.2040 0.9789 -0.0131
vn -0.0015 0.9969 -0.0791
vn 0.3294 0.9441 -0.0158
vn 0.4902 0.8586 -0.1497
vn 0.3010 0.9477 0.1063
vn 0.1155 0.9080 0.4026
vn 0.4371 0.8991 0.0239
vn -0.0330 0.5608 -0.8273
vn 0.0272 0.5732 -0.8189
vn 0.1382 0.9489 0.2838
vn -0.0186 0.4457 -0.8950
vn 0.4346 0.6497 -0.6237
vn -0.2199 0.2192 -0.9506
vn 0.4073 0.8967 0.1735
vn 0.8063 -0.0691 0.5874
vn -0.2532 0.2586 0.9322
vn 0.3636 -0.8462 0.3896
vn -0.1612 0.9856 0.0516
vn -0.1991 0.9558 0.2165
vn 0.1442 0.9777 -0.1524
vn -0.3302 0.7771 -0.5357
vn 0.6715 0.1041 0.7337
vn 0.1915 0.0085 -0.9815
vn 0.4870 -0.5424 0.6846
vn 0.3619 0.1691 0.9168
vn 0.2535 0.8973 -0.3614
vn 0.6202 0.3531 0.7005
vn 0.6244 0.3470 0.6998
vn -0.7275 0.4666 0.5029
vn -0.7046 0.2967 -0.6446
vn -0.4588 0.1466 -0.8764
vn -0.0842 0.2164 -0.9727
vn 0.5863 0.8101 0.0027
vn -0.0455 0.9823 -0.1815
vn -0.2040 0.8591 -0.4695
vn 0.1115 0.5968 -0.7946
vn -0.5708 -0.6816 0.4578
vn -0.1859 0.9654 -0.1827
vn -0.4272 0.5241 -0.7368
vn 0.4177 0.8815 -0.2201
vn 0.5420 0.8249 -0.1607
vn -0.5261 0.0085 0.8504
vn 0.2870 0.2103 0.9346
vn -0.1088 0.3219 0.9405
vn 0.6546 0.7513 -0.0840
vn 0.0377 0.9258 0.3761
vn 0.0708 0.9483 0.3094
vn -0.0906 0.9825 -0.1627
vn 0.0687 0.9722 -0.2238
vn 0.1653 0.9804 -0.1067
vn 0.1384 0.9523 0.2718
vn 0.1650 0.9447 0.2833
vn 0.1908 0.9438 0.2699
vn 0.4075 0.8800 -0.2440
vn -0.1144 0.7409 -0.6618
vn 0.0913 0.9669 -0.2383
vn 0.4247 0.8767 0.2258
vn 0.1579 0.9702 0.1836
vn 0.1469 0.9838 0.1026
vn -0.4030 0.9060 -0.1294
vn 0.0021 0.9982 0.0600
vn 0.4923 0.8681 0.0636
vn 0.2608 0.6822 0.6830
vn 0.1063 0.9862 0.1267
vn -0.0874 0.9932 0.0768
vn -0.0526 0.8487 -0.5263
vn -0.0803 0.7802 -0.6203
vn -0.0406 0.9717 -0.2326
vn 0.1891 0.9594 -0.2093
vn -0.2358 0.6490 -0.7233
vn -0.2531 0.6362 -0.7288
vn -0.1585 0.6279 -0.7619
vn 0.0151 0.7857 -0.6185
vn 0.0442 0.7901 -0.6114
vn 0.2355 0.9285 -0.2872
vn 0.7671 -0.2700 0.5819
vn -0.3192 0.9189 -0.2319
vn -0.4446 0.1797 -0.8775
vn -0.0687 0.6243 -0.7782
vn 0.5767 0.7070 0.4093
vn 0.8820 -0.4321 0.1878
vn 0.0389 0.9099 0.4129
vn 0.5052 0.7380 0.4475
vn -0.0102 0.9874 0.1580
vn -0.2593 0.9485 -0.1819
vn -0.2742 0.5247 -0.8059
vn -0.2388 0.3868 -0.8907
vn 0.4840 0.6611 -0.5733
vn 0.1747 0.9233 -0.3420
vn -0.2280 0.2984 -0.9268
vn 0.2414 0.5649 -0.7891
vn 0.2942 0.9552 -0.0328
vn -0.0450 0.9968 -0.0666
vn 0.2379 0.9437 0.2298
vn 0.4779 -0.1200 -0.8702
vn -0.2907 0.3967 -0.8707
vn -0.2639 0.2370 -0.9350
vn -0.7640 0.3407 -0.5480
vn 0.7584 0.1662 0.6302
vn 0.2857 0.9220 -0.2614
vn 0.5457 0.8287 -0.1244
vn 0.2213 0.9689 0.1106
vn -0.2049 0.2983 -0.9322
vn 0.4880 0.8521 0.1892
vn 0.2165 0.9723 -0.0880
vn 0.5803 -0.2140 0.7858
vn -0.2095 0.9148 -0.3454
vn 0.3581 0.9189 -0.1655
vn 0.1201 0.9903 -0.0696
vn -0.0448 0.9983 0.0385
vn 0.0721 0.9746 -0.2119
vn 0.7381 0.2376 0.6314
vn -0.0518 0.9651 -0.2567
vn -0.3647 0.9111 -0.1920
vn -0.0559 0.9978 -0.0354
vn -0.1333 0.9527 -0.2731
vn 0.4467 0.4680 -0.7625
vn 0.0626 0.9166 -0.3950
vn 0.2670 0.9497 -0.1638
vn -0.0375 0.9991 -0.0175
vn 0.1883 0.8554 -0.4825
vn 0.6128 0.4692 0.6359
vn 0.0653 0.9481 -0.3111
vn -0.2223 0.9742 -0.0394
vn 0.4816 0.8232 -0.3008
vn 0.6586 0.6718 -0.3388
vn 0.2813 0.9524 0.1178
vn -0.1911 0.7157 -0.6717
vn -0.0620 0.9499 -0.3062
vn -0.0512 0.9599 0.2758
vn 0.6476 0.7530 0.1164
vn -0.2014 0.9772 0.0676
vn -0.4540 -0.0856 0.8869
vn -0.1371 0.7412 -0.6571
vn -0.4884 0.5469 -0.6800
vn -0.3363 0.6686 -0.6632
vn 0.8295 -0.0181 0.5583
vn 0.5755 0.8166 0.0444
vn 0.6814 0.2278 -0.6955
vn 0.1337 0.9411 -0.3105
vn 0.1869 0.9424 -0.2775
vn 0.6369 -0.3331 0.6953
vn 0.4979 0.7937 -0.3495
vn 0.1919 0.8950 0.4026
vn 0.7921 0.1923 0.5793
vn -0.6083 -0.4384 -0.6617
vn 0.1160 0.7619 -0.6372
vn 0.1029 0.9903 0.0930
vn -0.0838 0.9934 0.0787
vn -0.1721 0.9842 -0.0427
vn 0.0488 0.9982 0.0336
vn 0.3207 0.6041 0.7295
vn 0.6049 0.2627 0.7517
vn 0.4111 0.8623 -0.2957
vn 0.5387 -0.1093 -0.8353
vn 0.0221 0.4885 -0.8723
vn -0.1196 0.3659 0.9229
vn 0.5595 0.8288 -0.0045
vn 0.4293 0.8708 -0.2397
vn 0.4684 0.8489 -0.2448
vn 0.3255 0.9368 0.1287
vn -0.4817 0.6810 -0.5516
vn -0.3260 0.4323 -0.8408
vn -0.2026 0.0021 -0.9793
vn 0.2712 0.9497 0.1567
vn 0.0616 0.9949 0.0802
vn 0.3896 0.8640 -0.3190
vn -0.5288 0.5550 -0.6421
vn 0.4772 0.4736 -0.7403
vn 0.1040 0.9567 -0.2718
vn -0.1979 0.4003 -0.8947
vn 0.1030 0.9923 -0.0692
vn 0.8241 0.3733 0.4260
vn -0.5420 0.5605 -0.6261
vn 0.4668 -0.3982 -0.7896
vn -0.4672 0.5811 -0.6664
vn -0.3568 0.5291 -0.7699
vn 0.4563 0.8748 -0.1627
vn -0.2004 0.7535 -0.6262
vn 0.7251 0.3244 0.6075
vn -0.0003 0.9961 -0.0883
vn 0.0821 0.7516 -0.6545
vn -0.0169 0.9997 0.0165
vn 0.2310 0.8448 -0.4827
vn -0.0437 0.9989 -0.0171
vn 0.1294 0.7906 0.5985
vn -0.4719 0.5744 -0.6689
vn -0.4291 0.5829 -0.6900
vn -0.5951 0.3715 -0.7126
vn 0.0367 0.9937 -0.1061
vn 0.1146 0.7930 0.5984
vn 0.1452 0.8219 0.5508
vn 0.5864 0.7555 -0.2920
vn 0.8631 -0.3613 0.3528
vn -0.2590 0.9455 -0.1973
vn -0.2620 0.9461 -0.1903
vn 0.3351 0.9416 0.0341
vn 0.0011 0.8528 -0.5222
vn 0.2966 0.9018 -0.3142
vn 0.3062 0.9335 -0.1866
vn -0.7781 -0.5399 -0.3210
vn -0.1431 0.5791 -0.8026
vn -0.8361 -0.2677 0.4789
vn -0.4175 0.8977 -0.1409
vn -0.1708 0.6825 -0.7106
vn -0.0519 0.2430 -0.9686
vn 0.3993 0.9153 0.0524
vn 0.5121 0.8015 -0.3088
vn 0.1268 0.9510 0.2818
vn 0.4964 0.6916 0.5246
vn -0.6880 0.5389 -0.4860
vn 0.1171 0.5702 -0.8131
vn 0.0609 0.6554 -0.7528
vn 0.7624 0.6440 0.0634
vn 0.0600 0.1573 0.9857
vn -0.7737 0.3558 0.5241
vn 0.6303 0.7594 -0.1614
vn 0.5058 0.8626 -0.0020
vn -0.1264 0.9919 -0.0102
vn -0.4763 0.6060 -0.6371
vn -0.3832 0.6635 -0.6426
vn -0.1835 0.6679 -0.7213
vn -0.2709 0.6467 -0.7130
vn -0.1629 0.6249 -0.7635
vn -0.0361 0.6731 -0.7387
vn -0.0194 0.4679 0.8836
vn 0.3804 0.8306 0.4067
vn -0.1627 0.9744 -0.1552
vn -0.1152 0.7406 -0.6620
vn -0.3421 0.5959 -0.7266
vn -0.5358 0.5903 -0.6037
vn -0.3574 0.9121 -0.2008
vn -0.5318 0.5937 -0.6040
vn -0.4164 0.6903 -0.5917
vn -0.4067 0.6947 -0.5932
vn 0.0139 0.8121 -0.5834
vn -0.2662 0.7538 -0.6008
vn 0.5167 0.8524 0.0801
vn -0.0154 0.5675 0.8232
vn -0.7318 0.4718 -0.4918
vn -0.6845 0.5837 -0.4368
vn -0.4657 0.7272 -0.5042
vn -0.3485 0.7566 -0.5533
vn -0.6077 0.6522 -0.4532
vn 0.1772 0.9398 -0.2922
vn 0.1925 0.8429 -0.5024
vn 0.5444 0.6813 -0.4894
vn 0.2982 0.2253 0.9275
vn -0.0742 0.8261 -0.5586
vn -0.2330 0.9706 -0.0601
vn -0.2300 0.5713 -0.7879
vn -0.0247 0.9514 0.3069
vn -0.1174 0.7303 0.6730
vn 0.5553 0.2096 -0.8048
vn -0.2302 0.6522 0.7223
vn 0.6259 0.7661 -0.1459
vn -0.5183 0.7280 -0.4488
vn -0.4641 0.7144 -0.5236
vn 0.0566 0.6535 -0.7548
vn 0.9157 -0.1591 -0.3689
vn -0.0572 0.9543 -0.2934
vn -0.1902 0.7197 -0.6678
vn 0.0211 0.7391 -0.6732
vn -0.6131 0.7367 -0.2853
vn 0.4755 0.6286 -0.6154
vn 0.6454 -0.3802 0.6625
vn -0.5881 -0.1053 0.8019
vn 0.0888 0.8094 -0.5805
vn -0.0336 0.9549 0.2952
vn 0.5259 0.8362 0.1553
vn 0.5556 0.3881 0.7353
vn 0.2625 0.8902 -0.3724
vn -0.4339 0.7610 -0.4822
vn -0.3455 0.7705 -0.5357
vn -0.2045 0.8031 -0.5597
vn 0.0995 0.8123 -0.5747
vn 0.2565 0.7738 -0.5791
vn 0.2643 0.9270 -0.2663
vn 0.4471 0.7605 -0.4710
vn -0.6329 0.7256 -0.2700
vn -0.5298 0.7750 -0.3445
vn -0.5398 0.7667 -0.3476
vn -0.3653 0.7819 -0.5052
vn -0.2572 0.8170 -0.5161
vn 0.4654 0.7795 -0.4192
vn -0.1961 0.9771 -0.0830
vn 0.6509 -0.0646 -0.7564
vn 0.0288 0.9916 -0.1262
vn 0.2269 0.9402 -0.2541
vn 0.4643 0.7491 -0.4726
vn -0.1329 0.7754 -0.6174
vn -0.4634 0.7912 -0.3991
vn 0.0108 0.8691 -0.4946
vn 0.4038 0.7584 -0.5116
vn 0.5059 -0.2234 0.8332
vn 0.2711 0.9426 -0.1951
vn 0.4667 0.8413 0.2729
vn 0.3922 0.8961 0.2081
vn 0.2743 0.8950 -0.3516
vn -0.6742 -0.3807 -0.6329
vn -0.8046 -0.5634 -0.1873
vn -0.2452 0.8649 -0.4381
vn 0.4775 0.2764 0.8340
vn 0.2185 0.0315 -0.9753
vn 0.4444 0.8659 -0.2295
vn 0.4599 0.8309 0.3132
vn 0.1513 0.0618 0.9866
vn -0.3991 0.8495 -0.3450
vn 0.0739 0.8600 -0.5050
vn 0.2006 0.6577 -0.7261
vn -0.5039 0.8067 -0.3087
vn 0.3784 0.8429 0.3825
vn 0.5915 0.7024 -0.3959
vn -0.3686 0.8609 -0.3506
vn -0.3297 0.8579 -0.3940
vn -0.2731 0.8761 -0.3974
vn 0.0017 0.8602 -0.5099
vn 0.4559 0.8605 -0.2273
vn 0.4537 0.8612 -0.2291
vn -0.0718 0.0159 -0.9973
vn -0.5359 0.7842 -0.3128
vn -0.0807 0.9096 -0.4075
vn 0.0039 0.8196 -0.5729
vn 0.2393 0.7692 -0.5925
vn 0.3992 0.7333 -0.5503
vn 0.2758 -0.7300 0.6253
vn -0.3675 0.3268 -0.8707
vn 0.6243 -0.1776 0.7608
vn -0.6252 -0.2262 0.7470
vn -0.8393 0.1373 0.5261
vn -0.2440 0.9022 -0.3558
vn 0.1808 0.8220 -0.5400
vn 0.4827 0.8739 -0.0579
vn 0.5042 0.8636 0.0036
vn -0.4350 0.8468 -0.3062
vn -0.0916 0.8919 -0.4429
vn -0.0522 0.8953 -0.4423
vn 0.5922 0.7320 -0.3368
vn 0.4496 0.8899 -0.0777
vn -0.0063 0.9940 -0.1088
vn -0.0151 0.9834 0.1807
vn 0.1962 0.8561 -0.4781
vn -0.7255 -0.4400 -0.5293
vn -0.3322 0.4991 -0.8003
vn 0.6688 0.6381 0.3815
vn 0.1053 0.5344 0.8386
vn -0.1749 0.9236 -0.3410
vn -0.3681 0.4948 -0.7872
vn -0.0226 0.8839 -0.4672
vn 0.6486 0.6592 -0.3805
vn 0.1164 -0.4019 0.9083
vn 0.5624 -0.5342 0.6312
vn 0.9062 0.0313 0.4217
vn 0.1757 0.4352 0.8830
vn -0.4236 0.8798 -0.2157
vn -0.0292 0.4371 -0.8989
vn 0.8321 0.5105 0.2166
vn -0.8640 -0.0546 0.5005
vn 0.8949 0.1836 0.4067
vn 0.7439 0.5005 0.4428
vn 0.6256 0.5519 0.5514
vn 0.6193 -0.7680 -0.1632
vn 0.8943 0.4022 0.1958
vn 0.8565 0.3755 0.3542
vn 0.2880 -0.6628 -0.6912
vn 0.5323 0.8446 0.0576
vn 0.7431 0.6459 0.1751
vn 0.4870 0.8719 0.0504
vn 0.7676 0.3711 -0.5227
vn 0.9100 0.0026 -0.4146
vn 0.7387 0.1744 0.6511
vn 0.8948 0.1293 -0.4273
vn -0.4753 0.0767 0.8765
vn -0.3362 0.1090 0.9354
vn 0.7558 0.6377 -0.1484
vn 0.8555 0.4697 -0.2179
vn 0.9503 0.0040 -0.3114
vn 0.8628 -0.3251 0.3872
vn 0.8937 0.4339 0.1141
vn -0.3723 -0.8062 0.4597
vn 0.9160 -0.0420 0.3990
vn 0.9127 -0.3119 0.2640
vn 0.6324 0.7032 0.3249
vn 0.8819 -0.2924 0.3699
vn 0.9508 -0.0088 0.3097
vn 0.6275 0.7090 0.3218
vn 0.6103 -0.4210 0.6710
vn 0.9031 0.4231 -0.0740
vn 0.6614 0.7221 0.2028
vn 0.8656 0.3651 0.3427
vn -0.9055 0.1450 0.3987
vn -0.6977 -0.3631 0.6175
vn 0.8046 0.1787 -0.5663
vn -0.0371 -0.9992 0.0131
vn 0.1047 0.4537 0.8850
vn -0.9361 -0.3515 -0.0142
vn 0.9978 -0.0025 0.0668
vn 0.9083 0.4139 -0.0614
vn 0.9501 0.2674 -0.1605
vn 0.9538 -0.2645 0.1425
vn -0.8372 0.1232 0.5328
vn -0.3857 0.3528 -0.8525
vn 0.8029 0.5339 0.2650
vn -0.3588 0.3697 0.8571
vn 0.9635 -0.0391 0.2647
vn 0.6539 0.6938 0.3017
vn 0.9027 0.3249 0.2821
vn 0.8499 -0.3726 0.3726
vn 0.4881 0.7822 0.3871
vn 0.8180 -0.4720 0.3288
vn 0.7847 0.5846 0.2061
vn -0.4424 -0.8616 0.2489
vn 0.7558 0.3373 0.5612
vn 0.6865 0.4344 0.5831
vn 0.9161 0.3860 -0.1081
vn 0.9306 0.3446 0.1231
vn 0.8711 -0.4314 -0.2345
vn 0.8876 -0.0770 0.4541
vn -0.6320 0.1322 0.7636
vn -0.5087 -0.0425 0.8599
vn 0.8489 -0.3361 0.4080
vn -0.5488 0.1030 0.8296
vn -0.0959 -0.2231 0.9701
vn 0.9482 -0.0677 0.3103
vn 0.8915 -0.2810 0.3552
vn 0.9073 -0.3933 -0.1486
vn 0.6812 0.5823 -0.4437
vn 0.9514 0.2997 0.0706
vn 0.6693 -0.2376 0.7039
vn 0.5780 -0.8063 0.1256
vn 0.4691 -0.8815 -0.0536
vn 0.5425 -0.8321 0.1153
vn 0.9965 0.0143 0.0823
vn 0.9556 0.2879 0.0620
vn 0.9298 0.3669 -0.0281
vn 0.7619 0.2669 0.5901
vn 0.9861 -0.1345 -0.0974
vn 0.5840 0.8116 -0.0109
vn 0.8858 -0.2274 -0.4045
vn 0.4743 0.1322 -0.8704
vn -0.6440 -0.4736 -0.6008
vn 0.5695 0.8026 -0.1776
vn 0.7527 0.6571 0.0412
vn -0.4915 0.4508 -0.7451
vn 0.6818 0.7306 -0.0381
vn 0.8464 0.1662 0.5060
vn 0.7855 0.5820 0.2103
vn 0.9818 -0.1821 -0.0537
vn -0.1813 -0.7219 -0.6678
vn 0.7540 0.2499 -0.6075
vn -0.7446 -0.4595 -0.4842
vn 0.8066 0.5768 0.1294
vn 0.9588 0.0678 -0.2760
vn -0.4505 -0.8852 0.1157
vn 0.5426 -0.8253 -0.1560
vn 0.4877 0.3896 0.7812
vn 0.9477 0.3085 -0.0818
vn 0.9849 -0.1701 -0.0310
vn 0.9615 0.2614 -0.0851
vn 0.9602 -0.2750 -0.0483
vn 0.8404 0.2758 -0.4665
vn 0.5620 -0.0784 -0.8234
vn 0.8255 -0.1939 0.5301
vn 0.6603 0.6531 0.3708
vn 0.9898 0.1390 0.0306
vn 0.8008 0.5989 0.0020
vn 0.7436 0.6642 -0.0768
vn 0.9449 -0.2639 -0.1938
vn -0.0608 -0.9613 0.2688
vn 0.5610 0.8242 0.0765
vn -0.6443 0.7258 -0.2410
vn 0.7394 0.4416 0.5083
vn 0.7794 0.5979 -0.1874
vn 0.8521 -0.3399 -0.3979
vn 0.9584 0.2237 -0.1773
vn 0.9499 0.0098 0.3124
vn 0.9405 0.3092 -0.1407
vn 0.3749 0.8857 0.2738
vn 0.6897 0.1524 0.7079
vn 0.9288 0.3286 0.1712
vn -0.5355 0.0822 0.8405
vn 0.5052 0.3978 0.7659
vn 0.9220 -0.3237 0.2123
vn 0.9577 -0.1320 -0.2556
vn 0.9117 0.0702 -0.4048
vn 0.8807 -0.2758 0.3850
vn 0.9457 0.3216 -0.0463
vn 0.9962 -0.0658 0.0564
vn 0.1025 0.9546 0.2798
vn 0.8577 -0.4815 -0.1802
vn 0.9472 -0.2929 0.1305
vn 0.3238 -0.2171 0.9209
vn 0.8941 -0.4455 0.0454
vn 0.9950 -0.0366 0.0924
vn 0.9498 0.2274 0.2149
vn 0.4796 0.4527 0.7517
vn -0.4559 -0.0359 0.8893
vn -0.6547 -0.6645 0.3602
vn 0.9683 -0.2341 -0.0876
vn 0.9356 -0.1377 -0.3252
vn 0.9671 -0.2353 -0.0964
vn 0.9751 0.1939 0.1079
vn 0.9183 0.2548 0.3029
vn 0.9957 0.0806 -0.0461
vn 0.4573 0.7610 -0.4602
vn 0.9059 -0.2799 0.3177
vn 0.7643 0.6315 0.1303
vn -0.3692 0.3672 0.8538
vn 0.9507 -0.3065 -0.0462
vn 0.9913 -0.0053 0.1314
vn 0.9754 -0.1801 -0.1269
vn 0.7699 -0.1567 -0.6186
vn 0.9004 -0.3856 -0.2016
vn 0.9685 -0.2362 0.0788
vn -0.3553 -0.2349 0.9047
vn 0.4083 -0.8252 -0.3903
vn -0.7242 0.0762 0.6854
vn 0.7864 -0.1403 0.6015
vn 0.3201 0.4291 0.8446
vn 0.8886 -0.3640 0.2791
vn -0.3431 0.3130 0.8856
vn 0.8866 0.4374 0.1505
vn 0.2697 0.3555 0.8949
vn -0.9301 0.2441 0.2744
vn 0.3401 -0.1550 0.9275
vn -0.6491 -0.4932 0.5792
vn -0.7313 -0.0447 0.6806
vn 0.9808 0.0120 0.1944
vn -0.1614 0.3129 0.9360
vn 0.6617 0.0930 0.7440
vn 0.1849 -0.0509 -0.9814
vn 0.9382 -0.3433 -0.0437
vn 0.9999 0.0049 0.0155
vn 0.9879 -0.0976 -0.1209
vn 0.4084 0.9032 0.1321
vn 0.6582 0.7446 -0.1112
vn 0.7630 0.2676 0.5884
vn 0.6984 0.4864 0.5251
vn 0.4084 0.5617 0.7195
vn 0.4925 0.2353 -0.8379
vn 0.9936 0.0870 0.0715
vn 0.3788 0.7872 0.4866
vn -0.7344 -0.3683 0.5702
vn -0.5491 -0.8163 0.1793
vn 0.7702 -0.1565 -0.6183
vn 0.9386 -0.2966 -0.1761
vn -0.2772 -0.1355 0.9512
vn 0.9629 0.1586 0.2183
vn 0.8931 0.4169 0.1688
vn -0.1344 0.3863 -0.9125
vn 0.8450 0.1791 0.5040
vn -0.4865 0.1856 0.8537
vn 0.9215 -0.3782 -0.0887
vn 0.9098 0.1412 0.3903
vn 0.5076 -0.0961 0.8562
vn 0.9709 0.2261 0.0787
vn 0.4973 -0.7830 0.3736
vn 0.5770 0.8147 0.0582
vn 0.8105 0.5554 0.1862
vn 0.7942 0.5799 0.1816
vn 0.9913 -0.0543 -0.1200
vn 0.8831 -0.0875 0.4610
vn 0.8829 -0.1309 0.4509
vn 0.8606 0.2317 0.4536
vn 0.8785 0.1164 0.4633
vn 0.6945 0.7181 -0.0456
vn 0.9128 -0.3117 0.2639
vn 0.8727 0.4881 0.0127
vn -0.2461 -0.8543 -0.4579
vn 0.9793 0.0140 0.2019
vn 0.7873 0.2298 0.5721
vn 0.4799 0.8763 0.0431
vn 0.9420 0.3054 0.1393
vn 0.8991 0.4270 0.0964
vn 0.8193 0.5547 0.1452
vn 0.7678 0.6406 0.0116
vn 0.1456 0.6388 0.7555
vn 0.9118 0.0278 -0.4097
vn 0.7456 0.4829 0.4593
vn 0.4183 0.4316 0.7992
vn 0.9349 0.3227 0.1478
vn 0.8100 0.2276 0.5404
vn 0.7627 0.6414 -0.0825
vn 0.6623 0.7247 0.1905
vn -0.8535 -0.5210 0.0143
vn 0.9370 0.0181 0.3488
vn -0.8362 -0.3174 0.4472
vn 0.7857 0.3475 0.5117
vn 0.8940 -0.0958 0.4376
vn 0.5836 -0.8119 -0.0165
vn 0.9905 0.1175 0.0712
vn 0.8556 -0.3536 0.3779
vn 0.9297 0.0746 0.3606
vn -0.5966 -0.0800 0.7985
vn 0.8465 -0.3325 0.4157
vn 0.9202 -0.1662 0.3543
vn 0.9406 0.2122 0.2652
vn -0.1121 -0.8870 0.4480
vn 0.9783 -0.1005 0.1810
vn 0.9529 0.2737 -0.1306
vn 0.8487 0.4589 0.2629
vn 0.9508 0.3079 0.0351
vn 0.9559 0.0096 0.2937
vn 0.8506 0.3962 0.3457
vn 0.9251 0.1481 0.3495
vn 0.5363 -0.1432 -0.8318
vn 0.6221 0.7596 0.1895
vn 0.9555 -0.0526 0.2904
vn 0.8714 0.4545 0.1850
vn -0.3319 0.1063 0.9373
vn -0.8385 0.3763 0.3942
vn 0.9905 0.0523 0.1271
vn 0.8319 0.5249 -0.1800
vn 0.9613 -0.1181 0.2489
vn -0.4563 -0.8840 -0.1015
vn -0.7439 0.0210 0.6680
vn 0.9872 0.1580 0.0205
vn 0.9836 0.1787 0.0249
vn 0.8349 0.5458 0.0715
vn 0.9215 0.1622 0.3530
vn 0.7841 -0.5939 -0.1803
vn -0.6854 0.0767 0.7241
vn -0.5430 -0.2721 0.7945
vn 0.8582 -0.2166 0.4653
vn 0.9656 -0.0915 0.2434
vn 0.9651 -0.0958 0.2438
vn 0.9443 -0.0783 0.3196
vn -0.2257 0.5327 -0.8156
vn -0.7012 0.2280 0.6755
vn -0.6174 0.7643 -0.1861
vn 0.5850 0.8030 0.1142
vn 0.7669 0.5448 0.3391
vn 0.9649 0.1791 0.1920
vn 0.7294 0.4870 0.4805
vn 0.6054 0.7955 0.0273
vn 0.8847 -0.2410 0.3989
vn 0.9688 0.1409 0.2039
vn 0.9588 0.1947 0.2071
vn 0.9589 0.1760 0.2227
vn 0.9896 0.1088 0.0943
vn 0.8897 -0.3065 0.3382
vn 0.6383 0.7305 0.2429
vn -0.6341 0.2494 0.7319
vn 0.1677 0.9858 -0.0080
vn 0.9911 -0.0550 -0.1211
vn 0.9476 0.2175 0.2342
vn 0.8047 0.5921 0.0444
vn 0.8643 0.4765 0.1609
vn 0.8005 0.2543 0.5427
vn 0.7705 0.5382 0.3415
vn 0.6859 0.6971 0.2089
vn -0.7196 -0.3167 -0.6180
vn 0.9052 0.4197 0.0669
vn 0.8387 0.5406 0.0655
vn 0.5520 0.8335 0.0232
vn 0.9015 0.3572 0.2445
vn -0.3866 0.3596 0.8492
vn 0.9116 -0.2120 0.3523
vn 0.9557 -0.0125 0.2941
vn 0.9473 0.2584 0.1895
vn 0.9068 0.2923 0.3038
vn 0.9599 -0.1022 0.2611
vn 0.5881 0.7982 0.1300
vn -0.8901 0.2542 0.3784
vn -0.4637 0.0302 0.8855
vn 0.8300 0.0705 0.5533
vn 0.8977 -0.2804 0.3399
vn 0.9853 -0.1489 -0.0842
vn 0.8497 0.5273 -0.0016
vn 0.7700 -0.5273 0.3592
vn -0.7022 -0.6361 0.3200
vn -0.5980 0.1826 0.7804
vn -0.8178 0.2123 0.5350
vn 0.9498 0.2273 0.2148
vn 0.8691 0.1772 0.4618
vn -0.7465 0.1949 0.6362
vn 0.9129 -0.2590 0.3154
vn 0.8936 0.1900 -0.4067
vn 0.5993 0.7657 0.2336
vn 0.6268 0.7590 0.1764
vn 0.6771 0.7001 0.2268
vn 0.9322 0.2555 0.2566
vn 0.9465 0.2172 0.2388
vn 0.9285 -0.0815 0.3623
vn -0.1865 -0.1899 0.9639
vn 0.9888 0.0561 0.1384
vn 0.9879 0.0676 0.1396
vn -0.4385 -0.0591 0.8968
vn -0.7292 -0.2508 -0.6367
vn 0.8756 0.2651 0.4037
vn -0.0838 -0.9963 -0.0202
vn 0.8324 0.3732 0.4098
vn 0.7898 0.5365 0.2974
vn 0.3079 0.7565 0.5769
vn -0.9649 -0.2506 -0.0784
vn 0.9016 0.4059 0.1497
vn 0.8354 0.5364 0.1202
vn -0.3749 0.3409 0.8621
vn 0.8895 -0.4378 0.1308
vn 0.9424 -0.2836 0.1775
vn 0.9344 -0.2139 0.2847
vn 0.9539 -0.1303 0.2705
vn 0.8540 0.2959 0.4280
vn 0.8338 0.4325 0.3431
vn 0.7303 0.6768 0.0932
vn 0.5809 0.8104 0.0764
vn 0.8591 0.5117 0.0107
vn 0.7395 0.3923 -0.5471
vn 0.6052 0.7754 0.1804
vn 0.7808 0.6089 0.1401
vn 0.8553 -0.5182 0.0030
vn 0.9753 0.0595 0.2126
vn -0.6293 -0.5288 -0.5696
vn 0.8243 0.5622 0.0664
vn 0.8785 0.4717 -0.0766
vn -0.5466 0.5089 0.6650
vn 0.9608 0.2537 0.1123
vn 0.9723 0.2099 0.1025
vn 0.9273 -0.2560 0.2732
vn 0.9228 0.2695 0.2753
vn 0.7549 0.6466 0.1091
vn -0.4872 -0.6815 -0.5460
vn 0.8110 -0.5772 -0.0953
vn 0.6625 0.7421 -0.1021
vn 0.2304 0.5702 -0.7885
vn -0.5761 0.3768 0.7254
vn -0.2825 -0.3699 0.8851
vn -0.5958 -0.0308 0.8025
vn -0.1137 0.0943 0.9890
vn 0.9610 -0.2330 0.1487
vn 0.9821 -0.0468 0.1823
vn -0.7996 -0.5980 0.0549
vn 0.8834 0.0045 -0.4685
vn 0.9302 0.3265 0.1677
vn 0.5673 0.2953 0.7688
vn 0.5240 0.8365 0.1601
vn 0.7069 0.7059 0.0451
vn 0.9945 0.0868 0.0591
vn 0.9245 0.1906 0.3301
vn 0.8740 0.2930 0.3876
vn -0.6074 -0.1927 0.7707
vn -0.9051 0.3505 0.2406
vn -0.5837 0.6250 0.5183
vn -0.6414 0.3424 0.6866
vn -0.6198 0.5900 0.5175
vn -0.3226 0.9054 0.2761
vn -0.3419 0.9102 0.2337
vn -0.5919 0.6936 0.4106
vn 0.8127 -0.4396 -0.3826
vn -0.7177 0.6760 0.1671
vn -0.5414 0.8246 0.1639
vn -0.9276 0.3710 0.0442
vn 0.9516 -0.0161 -0.3069
vn 0.6896 -0.0094 0.7242
vn 0.2406 -0.1488 0.9591
vn -0.4422 0.5174 0.7326
vn -0.1650 0.2007 0.9657
vn -0.0311 -0.5681 0.8224
vn -0.3069 -0.3516 0.8844
vn -0.5709 -0.8105 -0.1309
vn -0.0736 -0.4144 0.9071
vn -0.1076 0.0336 0.9936
vn 0.3639 0.0105 0.9314
vn -0.0877 -0.5543 0.8277
vn 0.3196 0.0036 0.9476
vn 0.3671 0.0586 0.9284
vn 0.2764 -0.2028 0.9394
vn -0.1987 -0.5271 0.8263
vn -0.3219 -0.6720 0.6670
vn 0.1478 -0.3997 0.9047
vn -0.1531 -0.6238 0.7665
vn 0.6308 0.2397 0.7380
vn 0.4579 0.1336 0.8789
vn -0.0192 -0.4714 0.8817
vn 0.6492 0.5525 0.5228
vn 0.4015 -0.0929 0.9111
vn 0.2672 -0.2119 0.9401
vn 0.1383 -0.4952 0.8577
vn 0.0488 0.9106 0.4104
vn -0.2297 -0.7246 0.6497
vn 0.0205 -0.5586 0.8292
vn 0.0268 -0.5562 0.8306
vn 0.4562 -0.0623 0.8877
vn -0.1927 -0.6307 0.7517
vn 0.5207 0.0364 0.8529
vn 0.4468 0.1494 0.8821
vn 0.0357 -0.6575 0.7526
vn -0.0987 -0.7390 0.6664
vn 0.7989 -0.3107 0.5151
vn 0.4604 0.1516 0.8747
vn 0.3260 -0.3229 0.8885
vn 0.2764 -0.4566 0.8456
vn 0.1162 -0.3955 0.9111
vn -0.0640 -0.6668 0.7425
vn -0.5201 0.7614 0.3869
vn 0.5822 0.5388 0.6089
vn 0.3430 -0.3552 0.8696
vn 0.6683 0.1863 0.7202
vn 0.2220 -0.5717 0.7899
vn 0.7080 0.3188 0.6301
vn -0.7298 0.5449 0.4129
vn -0.2126 0.6871 0.6947
vn 0.4972 -0.1680 0.8512
vn 0.2358 -0.8029 0.5476
vn 0.5006 0.2213 0.8370
vn 0.4569 -0.0704 0.8867
vn -0.5164 0.6634 0.5415
vn 0.5002 -0.8502 0.1643
vn 0.4638 0.1260 0.8769
vn 0.0241 -0.9937 0.1096
vn -0.5992 0.6087 0.5200
vn -0.7291 0.3870 0.5645
vn -0.1069 -0.3578 0.9276
vn -0.2218 -0.1881 0.9568
vn -0.0395 0.0637 0.9972
vn -0.0565 0.1175 0.9915
vn 0.4551 0.3095 0.8349
vn 0.1936 -0.5380 0.8204
vn -0.7469 0.6632 -0.0485
vn 0.0860 -0.3631 0.9278
vn 0.1381 -0.3212 0.9369
vn -0.1254 0.6542 0.7458
vn 0.1859 0.2307 0.9551
vn 0.0145 -0.7399 0.6725
vn 0.2555 -0.4691 0.8454
vn 0.8098 0.1907 0.5548
vn -0.7758 0.5613 0.2882
vn -0.6422 0.4926 0.5873
vn -0.4692 0.5354 -0.7022
vn 0.1355 -0.3117 0.9405
vn 0.0732 -0.3681 0.9269
vn 0.2261 -0.2613 0.9384
vn 0.2361 0.0006 0.9717
vn 0.2414 0.0081 0.9704
vn 0.1825 0.4054 0.8957
vn 0.1714 0.4210 0.8907
vn 0.5991 0.0751 0.7971
vn -0.7320 0.3192 0.6019
vn -0.5295 0.7108 0.4630
vn -0.0058 -0.2678 0.9634
vn 0.3630 0.0406 0.9309
vn 0.1190 0.2463 0.9619
vn 0.3633 0.6753 -0.6419
vn 0.0444 -0.7262 0.6860
vn 0.1164 0.8076 0.5782
vn 0.5613 -0.3642 0.7432
vn -0.5917 0.7665 0.2498
vn -0.7732 0.5678 0.2823
vn 0.0156 -0.2394 0.9708
vn 0.0757 -0.3573 0.9309
vn 0.2868 0.3426 0.8946
vn 0.7756 0.0142 0.6311
vn 0.2038 -0.5805 0.7883
vn 0.4113 -0.2955 0.8623
vn -0.4274 0.7546 0.4980
vn 0.3261 -0.2760 0.9041
vn -0.0080 -0.2636 0.9646
vn 0.2866 -0.2658 0.9204
vn 0.2339 0.6321 0.7387
vn 0.2040 -0.6787 0.7055
vn 0.5695 -0.1883 0.8001
vn 0.3425 -0.0338 0.9389
vn 0.3318 0.6265 0.7053
vn 0.6061 -0.0925 0.7900
vn 0.4356 0.7819 -0.4460
vn 0.5139 -0.2735 -0.8131
vn -0.6718 0.6839 0.2846
vn -0.0712 -0.1367 0.9881
vn 0.3171 -0.2981 0.9003
vn 0.2669 -0.3083 0.9131
vn 0.4775 -0.0451 0.8775
vn 0.8127 -0.3532 0.4635
vn 0.8043 0.2762 -0.5261
vn 0.1822 -0.0988 0.9783
vn 0.0974 0.4864 0.8683
vn 0.0758 0.4562 0.8866
vn -0.0002 0.5205 0.8539
vn 0.9214 0.3197 0.2210
vn 0.3230 -0.1891 0.9273
vn 0.3164 -0.2965 0.9011
vn 0.2591 -0.0564 0.9642
vn 0.0923 0.3558 0.9300
vn 0.0786 0.3618 0.9289
vn 0.8541 0.1770 0.4891
vn 0.9246 -0.1638 0.3439
vn 0.7281 0.2935 0.6195
vn 0.8927 -0.3204 0.3170
vn 0.3201 -0.2936 0.9008
vn 0.3583 -0.2652 0.8951
vn 0.2154 0.0708 0.9739
vn 0.2268 -0.0323 0.9734
vn -0.1801 0.3030 0.9358
vn 0.1688 -0.5976 0.7838
vn 0.7358 0.1085 0.6684
vn -0.7430 0.0705 0.6656
vn 0.0107 -0.2179 0.9759
vn 0.3684 -0.2208 0.9031
vn -0.6896 0.0700 -0.7208
vn 0.5162 -0.5061 0.6909
vn 0.1001 -0.9935 -0.0544
vn 0.3544 -0.7476 0.5616
vn 0.5262 0.1085 0.8434
vn -0.5710 0.8090 0.1394
vn -0.7110 0.5394 0.4511
vn -0.0222 0.4313 0.9019
vn -0.0400 0.4040 0.9139
vn 0.3850 0.8091 0.4440
vn 0.1764 -0.0246 0.9840
vn 0.2612 -0.2576 0.9303
vn 0.3136 -0.2316 0.9209
vn -0.3703 0.7655 0.5261
vn 0.7624 -0.2766 0.5850
vn 0.8110 -0.0453 0.5833
vn 0.3414 -0.7200 0.6042
vn 0.3849 -0.6455 0.6597
vn 0.4728 -0.2372 0.8486
vn 0.4769 0.3214 0.8181
vn 0.4850 -0.0687 0.8718
vn 0.2826 0.1386 0.9492
vn 0.3101 -0.2957 0.9036
vn 0.4925 0.5423 0.6807
vn 0.4892 0.0024 0.8722
vn 0.1794 -0.5864 0.7899
vn -0.2258 0.0084 0.9741
vn 0.5524 0.8333 0.0236
vn 0.3153 0.1381 0.9389
vn -0.5676 -0.7748 0.2785
vn 0.0185 0.8936 0.4485
vn 0.3075 -0.2946 0.9048
vn 0.3265 -0.2274 0.9174
vn 0.7084 -0.1314 0.6935
vn 0.1759 -0.6137 0.7697
vn 0.1154 -0.6082 0.7853
vn -0.0609 0.3011 0.9516
vn -0.1618 0.4095 0.8978
vn 0.3155 0.5181 0.7950
vn 0.2381 0.4990 0.8333
vn 0.3132 -0.0462 0.9486
vn -0.5614 0.2773 0.7797
vn -0.4066 -0.7029 0.5836
vn -0.0257 0.7364 0.6760
vn 0.5658 0.2438 0.7877
vn 0.6812 0.0362 0.7312
vn 0.4452 -0.3755 0.8129
vn 0.7023 0.1756 0.6899
vn 0.4550 0.4200 0.7852
vn 0.3311 0.5890 0.7372
vn 0.3894 -0.1138 0.9140
vn 0.1044 -0.3510 0.9305
vn 0.1073 -0.6402 0.7607
vn 0.6275 0.3440 0.6985
vn 0.2689 -0.1818 0.9458
vn 0.2990 -0.2531 0.9201
vn 0.2994 -0.2525 0.9201
vn -0.9663 0.2545 0.0388
vn -0.6504 0.1517 0.7443
vn 0.5601 0.2511 0.7894
vn 0.5702 -0.1897 0.7993
vn 0.7576 0.4331 0.4884
vn 0.3497 -0.5660 0.7465
vn 0.7221 0.0223 0.6914
vn 0.0638 0.7442 0.6649
vn 0.2767 0.3945 0.8762
vn 0.4396 -0.1135 0.8910
vn -0.8075 0.5898 -0.0095
vn 0.1307 -0.9878 -0.0849
vn 0.4799 0.5241 0.7036
vn -0.1284 -0.6619 0.7385
vn 0.6616 -0.6528 0.3690
vn 0.6347 0.1820 0.7510
vn 0.5077 0.5383 0.6727
vn 0.4808 0.4723 0.7388
vn 0.6608 0.0956 0.7445
vn 0.7401 -0.5050 0.4441
vn 0.3995 0.1754 0.8998
vn 0.2395 0.4102 0.8800
vn 0.2203 0.5716 0.7904
vn 0.5376 0.6235 0.5677
vn 0.3563 0.4492 0.8193
vn 0.3606 -0.0152 0.9326
vn -0.9035 0.3309 0.2723
vn -0.6304 0.6031 0.4888
vn 0.1092 0.4361 0.8932
vn 0.3526 0.2975 0.8872
vn 0.5674 0.5035 0.6516
vn 0.0979 0.7043 0.7031
vn 0.0291 0.7391 0.6730
vn 0.1283 -0.6461 0.7524
vn 0.5258 -0.0110 0.8506
vn 0.9599 -0.0635 0.2729
vn 0.6204 0.7573 -0.2041
vn 0.6392 0.1509 0.7541
vn -0.1548 0.4102 0.8988
vn 0.3637 -0.2484 0.8978
vn -0.8336 0.5312 0.1515
vn -0.2785 0.9604 0.0102
vn -0.9173 0.3861 0.0970
vn 0.5494 -0.5373 0.6399
vn 0.1394 0.7110 0.6893
vn -0.5141 0.2792 0.8110
vn 0.4003 -0.5020 0.7667
vn 0.4325 -0.4635 0.7734
vn 0.8425 0.0059 0.5387
vn 0.6986 -0.1477 0.7001
vn 0.0581 0.7811 0.6217
vn 0.1911 -0.0362 0.9809
vn 0.3509 -0.2498 0.9025
vn -0.8436 0.5011 0.1927
vn -0.1242 -0.3187 0.9397
vn 0.1318 -0.9904 0.0413
vn -0.1672 0.9208 0.3523
vn 0.3246 0.0138 0.9457
vn 0.2405 0.0877 0.9667
vn 0.6557 -0.7295 0.1947
vn 0.6309 0.5507 0.5466
vn 0.4913 -0.6708 -0.5555
vn 0.1522 0.7248 0.6719
vn 0.2112 0.4041 0.8900
vn 0.2269 0.5793 0.7829
vn 0.1598 0.0647 0.9850
vn 0.6483 0.4543 0.6110
vn -0.5660 0.8142 0.1292
vn 0.0787 -0.5460 0.8341
vn 0.4775 0.2508 0.8421
vn 0.3477 -0.5671 0.7466
vn 0.7290 -0.1452 0.6689
vn -0.1770 -0.0068 -0.9842
vn 0.6323 -0.3318 0.7001
vn 0.6367 -0.0846 0.7665
vn 0.4721 0.6151 -0.6314
vn 0.6949 0.7188 0.0207
vn 0.6625 0.7485 -0.0302
vn -0.3397 0.2684 0.9014
vn -0.0979 -0.0238 0.9949
vn -0.1086 0.0365 0.9934
vn -0.6974 -0.7139 -0.0634
vn -0.7014 0.5244 0.4827
vn 0.1199 -0.6718 0.7310
vn 0.5170 -0.2222 0.8266
vn 0.0311 0.6811 0.7315
vn 0.5388 0.8308 -0.1396
vn 0.5782 -0.1045 0.8092
vn -0.4219 0.9016 0.0952
vn -0.0881 -0.1510 0.9846
vn -0.0922 0.3084 0.9468
vn -0.8929 0.4490 0.0345
vn 0.5472 -0.3518 0.7595
vn 0.5761 0.2534 0.7771
vn 0.3789 -0.4737 0.7950
vn 0.6690 -0.3071 0.6769
vn 0.6336 -0.4495 0.6297
vn -0.5884 0.5586 0.5846
vn 0.0139 -0.1079 0.9941
vn -0.1303 0.2015 0.9708
vn -0.2300 0.9653 0.1241
vn 0.4344 0.0348 0.9001
vn 0.8065 0.3010 0.5088
vn 0.3466 -0.5886 0.7304
vn 0.5780 0.2452 0.7783
vn 0.4979 -0.3541 0.7916
vn 0.2221 0.7558 0.6159
vn -0.1744 0.3658 0.9142
vn -0.0391 0.5629 0.8256
vn -0.8985 -0.1422 0.4154
vn 0.7074 0.1764 0.6845
vn 0.7010 -0.0882 0.7077
vn -0.6155 0.7765 0.1351
vn -0.9488 0.3128 0.0436
vn -0.9173 -0.1839 0.3533
vn -0.0884 0.0476 0.9949
vn -0.8382 0.5378 0.0910
vn 0.1818 -0.4933 0.8507
vn 0.8014 0.2648 0.5363
vn -0.0362 0.5835 0.8113
vn 0.7437 0.1242 0.6569
vn 0.7290 0.4370 0.5268
vn -0.9839 0.1768 -0.0264
vn -0.9338 0.3471 0.0871
vn -0.7679 0.3324 0.5475
vn 0.0101 -0.0564 0.9984
vn -0.0419 0.1876 0.9813
vn -0.6611 0.6273 0.4115
vn -0.0194 -0.9998 0.0093
vn -0.8194 0.3487 0.4550
vn 0.3496 -0.3469 0.8703
vn 0.7535 0.2160 0.6209
vn 0.4149 -0.4782 0.7741
vn -0.4918 0.8417 0.2228
vn 0.6851 0.0330 -0.7277
vn -0.4954 0.6280 0.6001
vn 0.4140 -0.1902 0.8902
vn -0.1431 -0.1745 0.9742
vn -0.0674 -0.0280 0.9973
vn -0.0276 -0.9996 0.0011
vn -0.4809 0.6459 0.5929
vn -0.3447 0.7913 0.5049
vn -0.7976 0.3629 0.4818
vn -0.8181 0.3578 0.4502
vn -0.4015 0.8168 0.4143
vn -0.8627 0.4174 0.2854
vn -0.3537 0.8945 0.2734
vn 0.7889 0.6145 0.0062
vn -0.3003 0.7183 0.6275
vn 0.1293 -0.0577 0.9899
vn -0.1538 -0.5787 0.8009
vn -0.0395 -0.7489 0.6615
vn -0.1141 -0.1905 0.9750
vn -0.1116 0.9093 0.4009
vn -0.6870 0.5488 0.4764
vn -0.4462 0.7346 0.5112
vn -0.3570 -0.3440 0.8685
vn 0.2198 -0.4874 0.8451
vn 0.2447 0.2148 0.9455
vn -0.0651 -0.1877 0.9801
vn 0.5243 -0.5118 0.6805
vn -0.1509 0.6472 0.7472
vn 0.0232 -0.3609 0.9323
vn 0.1290 -0.4610 0.8780
vn -0.1308 -0.2039 0.9702
vn 0.0864 -0.0028 0.9963
vn -0.0255 0.1938 0.9807
vn -0.0286 0.2153 0.9761
vn -0.0862 0.3685 0.9256
vn -0.8640 0.3765 -0.3342
vn -0.9157 -0.1726 0.3629
vn -0.3145 0.9364 0.1560
vn -0.0991 -0.0337 0.9945
vn 0.5857 0.1057 0.8036
vn 0.6151 0.1284 0.7779
vn 0.1940 0.7120 0.6748
vn 0.4186 0.5937 0.6873
vn -0.6672 0.6313 0.3953
vn -0.0797 -0.7256 0.6834
vn -0.0185 -0.6901 0.7235
vn 0.1064 -0.2744 0.9557
vn 0.1118 -0.1768 0.9779
vn 0.1526 0.0729 0.9856
vn -0.0978 0.1531 0.9834
vn -0.1348 0.2231 0.9654
vn -0.8227 0.1761 0.5406
vn -0.6634 0.4131 0.6238
vn -0.6433 0.6283 0.4374
vn -0.4024 0.1287 0.9064
vn 0.4008 -0.1209 0.9082
vn 0.3611 0.0964 0.9275
vn 0.0991 0.5289 0.8429
vn 0.0411 0.5669 0.8228
vn -0.0690 0.8030 0.5920
vn 0.1043 0.1005 0.9895
vn 0.2232 -0.2755 0.9350
vn -0.0754 -0.6201 0.7809
vn 0.1972 -0.7124 0.6735
vn 0.2365 -0.6005 0.7638
vn 0.1862 -0.4340 0.8814
vn 0.1812 -0.2003 0.9628
vn 0.1857 0.0756 0.9797
vn -0.0556 0.3486 0.9356
vn -0.5083 0.8611 -0.0117
vn -0.6960 0.2454 0.6748
vn -0.0514 0.1311 0.9900
vn -0.0780 0.1707 0.9822
vn 0.4534 0.2947 0.8412
vn -0.2212 -0.8165 0.5332
vn 0.0822 0.5917 -0.8019
vn -0.7752 0.4681 -0.4242
vn -0.1936 0.6559 0.7296
vn -0.0337 -0.9994 -0.0010
vn 0.1228 -0.2240 0.9668
vn 0.3785 -0.0010 0.9256
vn 0.2168 0.1910 0.9574
vn 0.2114 0.2831 0.9355
vn 0.1130 0.3536 0.9285
vn -0.3131 0.7965 0.5173
vn -0.0809 -0.9629 -0.2576
vn 0.0671 0.0855 0.9941
vn -0.0621 0.1893 0.9800
vn -0.0598 0.2857 0.9565
vn -0.0722 0.3699 0.9262
vn 0.0219 0.6795 0.7334
vn -0.0874 0.8035 0.5889
vn -0.0740 0.8219 0.5648
vn -0.0257 -0.0266 0.9993
vn 0.3086 -0.3318 0.8914
vn 0.2327 0.1764 0.9564
vn 0.0251 -0.0419 0.9988
vn 0.0189 0.0292 0.9994
vn -0.9855 0.1619 0.0514
vn -0.2456 0.1604 0.9560
vn 0.0675 0.2327 0.9702
vn -0.1439 0.2619 0.9543
vn -0.0365 0.3692 0.9287
vn 0.4466 0.1166 0.8871
vn 0.2008 -0.6115 0.7654
vn 0.2926 -0.3059 0.9060
vn 0.2754 -0.5218 0.8074
vn 0.3380 0.0736 0.9383
vn -0.1437 -0.4159 0.8980
vn -0.1493 -0.4383 0.8864
vn 0.1067 -0.0587 0.9926
vn -0.1074 0.2291 0.9675
vn -0.8905 0.4544 0.0239
vn -0.0056 0.2450 0.9695
vn 0.0584 0.2698 0.9611
vn 0.1216 0.4840 0.8666
vn 0.2056 0.6059 0.7685
vn 0.4085 0.7306 0.5472
vn 0.3606 0.5308 0.7670
vn 0.7119 0.1355 0.6891
vn 0.6323 0.6590 0.4074
vn 0.3001 0.6530 0.6954
vn 0.4497 0.1258 0.8843
vn 0.4001 -0.4743 0.7842
vn 0.1136 -0.7499 0.6517
vn 0.1933 -0.7105 0.6767
vn 0.2037 -0.6152 0.7616
vn 0.2327 -0.2918 0.9277
vn 0.3073 0.0659 0.9493
vn 0.2807 -0.0155 0.9597
vn 0.2446 0.1732 0.9540
vn 0.1028 0.3358 0.9363
vn 0.1183 0.1309 0.9843
vn 0.1556 0.1613 0.9746
vn 0.1476 0.2125 0.9660
vn -0.1043 0.2782 0.9548
vn -0.1529 0.3115 0.9379
vn 0.0808 0.1311 0.9881
vn 0.3136 0.5543 0.7710
vn 0.3700 0.5416 0.7548
vn 0.5023 0.0678 0.8620
vn 0.3184 -0.0622 0.9459
vn -0.1369 -0.4269 0.8939
vn -0.0726 0.1777 0.9814
vn -0.0914 0.7253 0.6823
vn -0.9821 0.1246 0.1412
vn -0.6426 -0.4264 0.6366
vn 0.1940 0.8097 0.5538
vn 0.4256 0.7400 0.5208
vn 0.0555 0.8896 0.4534
vn 0.0601 0.8747 0.4810
vn -0.6480 0.4738 0.5963
vn 0.3228 -0.6026 0.7299
vn 0.3011 -0.3075 0.9026
vn 0.2360 0.1129 0.9652
vn 0.2789 -0.0267 0.9600
vn 0.2372 0.1815 0.9543
vn 0.2598 0.2962 0.9191
vn 0.2471 0.0543 0.9675
vn 0.1270 0.3247 0.9372
vn 0.9723 -0.1900 -0.1361
vn 0.6976 0.3186 0.6417
vn 0.3778 0.7317 0.5673
vn 0.7070 0.1728 0.6858
vn 0.1346 0.9358 0.3259
vn 0.6658 0.1793 0.7242
vn 0.7098 -0.2091 0.6726
vn -0.7078 -0.4124 0.5736
vn -0.7681 -0.2881 0.5718
vn -0.6161 -0.0866 0.7829
vn 0.2360 -0.5975 0.7663
vn 0.3109 -0.5058 0.8047
vn 0.3560 -0.3966 0.8461
vn 0.0012 -0.4305 0.9026
vn -0.0282 -0.4173 0.9083
vn 0.1241 -0.1300 0.9837
vn -0.8225 0.5459 0.1595
vn -0.9383 0.2704 0.2155
vn -0.8423 0.5375 0.0397
vn -0.9652 -0.2492 -0.0792
vn -0.9369 0.2922 0.1917
vn -0.4727 0.7589 0.4479
vn -0.5609 0.7480 -0.3548
vn -0.5270 0.7378 0.4219
vn -0.4450 0.6048 0.6604
vn -0.6200 -0.6932 -0.3676
vn -0.5064 0.6905 0.5166
vn -0.4385 0.8865 0.1477
vn -0.0465 0.8904 0.4528
vn -0.7742 0.6189 -0.1325
vn -0.7669 0.6354 -0.0908
vn -0.7051 0.0189 0.7088
vn -0.9735 0.1531 -0.1698
vn 0.0160 0.9047 0.4257
vn -0.1935 0.9103 0.3659
vn -0.9244 0.3222 0.2041
vn -0.8306 0.3493 0.4337
vn -0.3447 0.5428 -0.7659
vn -0.5554 0.1038 -0.8251
vn -0.2335 -0.9721 -0.0212
vn -0.6806 0.7309 -0.0502
vn -0.8376 0.5456 -0.0265
vn -0.9170 0.3735 0.1398
vn -0.6777 0.4723 0.5636
vn -0.8569 -0.1019 -0.5054
vn 0.4670 -0.4388 -0.7677
vn -0.8787 0.4303 -0.2069
vn -0.8615 -0.1263 -0.4917
vn -0.9476 0.2882 -0.1379
vn -0.8813 0.4295 -0.1969
vn 0.0325 -0.9465 0.3212
vn -0.9868 0.1599 -0.0249
vn -0.7980 0.4729 0.3737
vn -0.7390 0.6477 0.1853
vn -0.3632 0.8344 0.4146
vn -0.2519 0.9076 0.3360
vn -0.6440 0.7629 0.0577
vn -0.9382 0.3321 0.0972
vn -0.8760 0.4627 0.1366
vn -0.6944 0.7191 0.0267
vn -0.7150 0.6876 -0.1260
vn -0.9148 0.3805 0.1355
vn -0.8890 0.4143 0.1949
vn -0.9237 0.2902 0.2501
vn -0.6145 0.7689 0.1767
vn -0.8211 0.5339 0.2018
vn -0.7636 0.6441 0.0451
vn -0.8164 0.4235 0.3927
vn -0.8524 0.3557 0.3834
vn -0.7139 0.2313 0.6609
vn -0.9671 0.2281 -0.1131
vn -0.1420 0.8569 0.4955
vn 0.7980 0.5819 0.1564
vn -0.1356 0.5194 0.8437
vn 0.0279 -0.9975 -0.0653
vn -0.7790 0.6181 0.1058
vn -0.9234 0.2630 0.2795
vn -0.9764 0.2057 -0.0659
vn -0.3271 0.0538 0.9435
vn 0.9768 -0.1314 0.1693
vn -0.8299 0.4736 -0.2950
vn -0.9619 0.2111 0.1737
vn -0.9895 -0.1440 0.0079
vn -0.6842 0.2559 0.6829
vn -0.7584 0.5923 -0.2722
vn -0.4754 0.7184 0.5079
vn -0.3182 0.8796 0.3536
vn -0.8386 0.4808 0.2560
vn -0.8465 0.5323 0.0096
vn -0.8772 0.4247 -0.2239
vn -0.3462 0.8984 0.2702
vn -0.6139 0.5489 0.5673
vn -0.8594 0.5112 0.0094
vn -0.5772 0.8112 0.0933
vn 0.0140 -0.9984 -0.0546
vn -0.8023 0.5962 0.0289
vn -0.5548 0.7858 0.2733
vn -0.6915 0.4726 0.5464
vn -0.0527 -0.5807 -0.8124
vn -0.2945 0.9251 0.2396
vn -0.1981 0.9063 0.3734
vn -0.9684 0.2481 -0.0241
vn -0.7945 0.5602 0.2344
vn -0.9462 0.2842 0.1550
vn -0.8535 0.4928 0.1696
vn -0.9664 0.0105 -0.2567
vn -0.6072 0.7943 -0.0194
vn -0.8844 0.1106 0.4534
vn -0.9707 -0.1164 -0.2100
vn -0.2000 0.9752 0.0948
vn -0.2384 0.9670 0.0901
vn -0.7234 0.5573 0.4076
vn -0.5774 0.6327 0.5161
vn -0.4388 0.7233 0.5331
vn -0.5906 0.7179 0.3685
vn -0.8379 0.4908 -0.2387
vn 0.0186 0.9899 -0.1403
vn 0.2590 0.4819 0.8370
vn -0.7132 0.6218 -0.3237
vn -0.3871 0.7072 0.5916
vn -0.8186 0.5463 -0.1772
vn -0.7886 0.6077 0.0937
vn -0.6328 0.7643 0.1239
vn -0.6788 0.7180 0.1542
vn 0.0158 -0.9992 -0.0371
vn -0.7149 0.4014 0.5726
vn -0.5699 0.1701 0.8039
vn -0.6268 0.5198 0.5805
vn -0.0068 -0.9994 -0.0331
vn -0.5708 0.5531 0.6069
vn 0.3259 -0.1120 0.9387
vn -0.4048 0.7907 0.4593
vn -0.8608 0.5078 0.0324
vn -0.8095 0.5748 -0.1193
vn -0.7856 0.5611 0.2608
vn -0.6681 0.5828 0.4627
vn 0.1387 0.6228 0.7700
vn -0.4501 0.2927 0.8436
vn -0.4700 0.3418 0.8138
vn -0.9736 0.1950 -0.1186
vn -0.8021 0.2002 0.5626
vn -0.8764 0.3542 0.3262
vn -0.0123 0.8724 0.4887
vn -0.4929 0.5148 0.7015
vn -0.1523 0.3259 0.9331
vn -0.8743 0.4641 0.1420
vn -0.1847 0.9428 0.2774
vn -0.2505 0.8939 0.3717
vn -0.1929 0.8908 0.4114
vn -0.7022 0.5227 0.4834
vn -0.9952 0.0275 -0.0937
vn -0.7155 0.4383 0.5440
vn -0.5328 0.7805 0.3271
vn -0.6643 0.4778 0.5748
vn -0.5391 0.6952 0.4755
vn -0.6094 0.6169 0.4980
vn -0.7719 -0.6243 0.1202
vn -0.9327 0.3145 0.1763
vn -0.8819 0.4451 0.1553
vn -0.8585 0.1472 0.4912
vn -0.6107 0.6565 0.4427
vn -0.2104 0.8077 0.5507
vn -0.3557 -0.1560 0.9215
vn -0.6129 -0.5214 0.5937
vn -0.6623 -0.2700 -0.6989
vn -0.9775 0.0051 -0.2110
vn -0.2274 0.7283 0.6464
vn -0.6924 0.5445 0.4734
vn -0.6239 -0.7529 0.2093
vn -0.5714 0.6975 0.4325
vn 0.0016 0.7936 0.6085
vn -0.4856 0.6488 0.5858
vn -0.7713 -0.5937 -0.2293
vn -0.7009 0.4372 0.5636
vn 0.9632 0.1588 -0.2167
vn -0.5795 0.6768 0.4540
vn -0.6828 0.5653 0.4628
vn -0.6885 0.5455 0.4779
vn -0.9492 0.2910 0.1200
vn -0.9561 0.2589 0.1370
vn -0.7563 0.4364 0.4874
vn -0.9992 0.0077 0.0385
vn -0.7515 0.6056 0.2618
vn -0.9631 0.2679 0.0260
vn 0.1841 -0.6813 0.7085
vn -0.2203 0.9689 -0.1129
vn -0.5957 0.5934 0.5412
vn -0.2843 0.9370 0.2030
vn -0.6127 0.5835 0.5330
vn 0.0122 -0.8899 -0.4560
vn -0.6300 0.5510 0.5473
vn -0.8913 -0.1203 -0.4372
vn -0.8396 0.4729 0.2672
vn -0.5772 0.8025 0.1510
vn -0.3979 -0.6564 0.6410
vn -0.2459 0.8279 0.5041
vn -0.8352 0.3325 0.4380
vn -0.5884 0.8085 -0.0041
vn -0.2468 0.8963 0.3685
vn -0.8933 0.2084 0.3983
vn -0.9028 -0.2994 -0.3087
vn -0.9465 0.3056 -0.1040
vn -0.4515 0.8018 0.3915
vn -0.4713 0.7978 0.3762
vn -0.6861 0.6376 0.3504
vn -0.0114 -0.0621 -0.9980
vn -0.8849 0.0073 0.4658
vn -0.5237 0.7942 0.3083
vn -0.8899 0.3736 -0.2617
vn -0.7221 0.4368 0.5364
vn -0.3843 0.7155 0.5834
vn -0.4280 0.6226 0.6551
vn -0.4847 0.5713 0.6623
vn -0.9546 0.1595 -0.2514
vn 0.3129 0.9375 0.1522
vn -0.4129 0.4831 0.7721
vn -0.3095 0.9233 0.2273
vn -0.5992 0.8003 -0.0221
vn -0.8552 -0.2032 0.4769
vn -0.7404 0.6458 0.1865
vn -0.2864 0.6562 0.6982
vn -0.3991 0.7934 0.4595
vn -0.8621 0.4800 0.1624
vn -0.3757 0.7743 0.5093
vn -0.4495 0.4014 -0.7980
vn -0.5443 0.8285 -0.1313
vn -0.5759 0.7793 0.2469
vn -0.9595 0.2700 0.0804
vn -0.9067 0.2450 0.3434
vn -0.8460 0.4646 0.2617
vn -0.6380 0.6418 0.4256
vn -0.1982 0.6547 0.7295
vn -0.2752 0.6520 0.7065
vn -0.5226 0.5953 -0.6103
vn -0.7327 0.6730 0.1012
vn -0.5394 0.7895 0.2927
vn -0.9339 0.3551 -0.0419
vn -0.9488 0.3138 -0.0359
vn -0.9510 0.3075 -0.0309
vn -0.4820 0.6103 0.6287
vn 0.1375 0.8193 0.5566
vn -0.7782 0.4627 -0.4247
vn -0.9740 0.1889 0.1247
vn -0.9266 0.3735 0.0441
vn -0.3730 0.7590 0.5337
vn -0.4001 0.7260 0.5594
vn -0.6368 0.4196 0.6469
vn -0.6447 0.6648 0.3773
vn -0.4555 0.8408 0.2925
vn -0.6827 0.5161 0.5173
vn -0.4786 0.6068 0.6347
vn -0.3450 0.7925 0.5029
vn -0.8775 0.3783 -0.2948
vn -0.8825 0.3704 -0.2899
vn -0.4354 0.7492 0.4990
vn -0.7458 0.4478 0.4932
vn -0.4031 0.8267 0.3925
vn 0.0223 0.5888 0.8080
vn -0.7249 0.4175 -0.5479
vn -0.4579 0.8033 0.3810
vn -0.8428 0.5383 0.0048
vn -0.4148 0.8409 0.3476
vn -0.4888 0.6832 0.5425
vn -0.1223 0.9013 0.4156
vn -0.6961 0.5153 0.4999
vn -0.6365 0.5306 0.5598
vn -0.9494 0.3129 0.0256
vn -0.1179 0.8976 0.4247
vn -0.3273 0.9135 0.2416
vn -0.9604 0.2725 0.0591
vn -0.9641 0.1751 -0.1998
vn -0.3890 0.6805 0.6209
vn -0.7145 0.3996 -0.5743
vn -0.5048 0.8462 -0.1704
vn -0.6754 0.4383 0.5930
vn -0.7131 0.6862 -0.1433
vn -0.4433 0.8342 0.3281
vn -0.5148 0.7427 0.4283
vn -0.6544 0.5960 0.4653
vn -0.7515 0.3518 0.5581
vn -0.4057 0.8255 0.3925
vn -0.1837 0.9024 0.3897
vn -0.4207 0.9021 0.0956
vn -0.9936 0.1095 -0.0286
vn 0.0111 0.5581 0.8297
vn -0.2816 0.9567 0.0729
vn -0.3641 0.9234 0.1215
vn -0.4438 0.8365 0.3213
vn -0.7296 0.4385 0.5248
vn -0.7448 0.4163 0.5216
vn 0.8370 -0.5429 -0.0681
vn -0.6581 0.5376 0.5272
vn -0.7444 0.5740 -0.3413
vn -0.4369 0.8252 0.3580
vn -0.8130 -0.1835 0.5527
vn -0.6656 0.7439 -0.0596
vn -0.7776 0.1995 0.5963
vn -0.5799 0.6736 0.4582
vn 0.9194 -0.3052 -0.2479
vn -0.7572 0.0854 0.6475
vn -0.2872 0.9577 0.0188
vn -0.7110 0.5968 0.3718
vn -0.3854 -0.9017 -0.1960
vn 0.5422 -0.2036 -0.8152
vn -0.8381 0.3771 0.3943
vn -0.8887 0.4582 -0.0148
vn -0.5608 0.5528 0.6164
vn -0.6386 0.6623 0.3918
vn -0.7076 0.5325 0.4644
vn -0.8114 0.4241 0.4021
vn -0.5184 0.6627 0.5405
vn -0.4827 0.8378 0.2550
vn -0.8532 0.5213 -0.0185
vn -0.5874 0.8033 -0.0983
vn -0.6214 0.7613 -0.1850
vn 0.4392 0.7344 -0.5174
vn -0.5690 0.8026 0.1792
vn -0.6479 0.4488 0.6155
vn -0.9339 0.2868 0.2133
vn -0.4974 0.7982 0.3399
vn -0.6988 0.6174 0.3612
vn -0.8643 0.4577 0.2086
vn -0.8397 0.5331 -0.1033
vn -0.1337 0.8884 0.4391
vn -0.8790 0.3934 0.2693
vn -0.9537 0.2987 -0.0337
vn 0.3777 -0.7746 0.5073
vn -0.4760 0.7950 0.3761
vn -0.8715 0.4700 -0.1398
vn -0.9152 0.2479 0.3177
vn -0.6651 0.7362 0.1251
vn -0.2031 0.8181 0.5381
vn 0.1503 0.7787 0.6091
vn -0.8995 0.4185 -0.1254
vn 0.0499 0.5674 0.8219
vn -0.5840 0.7661 0.2684
vn -0.7867 0.4155 0.4565
vn -0.5150 0.8035 0.2985
vn -0.5285 -0.8304 -0.1765
vn -0.6559 0.7325 0.1825
vn -0.6619 0.5117 0.5477
vn -0.6126 0.5699 0.5476
vn -0.6135 0.4877 0.6211
vn -0.6683 0.4071 0.6226
vn -0.3765 0.8429 0.3844
vn -0.1742 0.9110 0.3738
vn -0.9006 0.3832 0.2051
vn -0.4713 0.7890 0.3941
vn -0.1698 0.3043 0.9373
vn -0.9962 0.0788 0.0372
vn -0.9088 0.3088 0.2807
vn -0.3996 0.9167 -0.0065
vn -0.4337 0.9010 0.0124
vn -0.7175 0.6880 0.1090
vn -0.7036 0.6786 0.2107
vn -0.8463 0.4791 0.2327
vn -0.6815 0.6675 0.3001
vn -0.6689 0.6823 0.2951
vn -0.5895 0.6269 0.5093
vn -0.7220 0.6879 0.0746
vn -0.1278 0.6447 0.7537
vn -0.6580 0.5899 0.4681
vn -0.7476 0.5822 -0.3195
vn -0.5623 0.2043 0.8013
vn -0.4343 0.9006 0.0163
vn -0.6736 0.5679 0.4731
vn -0.8156 0.5492 0.1820
vn -0.4480 0.8650 0.2261
vn -0.6371 0.6199 0.4580
vn -0.2790 -0.9440 -0.1760
vn 0.2864 0.7388 0.6100
vn -0.1528 -0.5348 0.8310
vn -0.5541 0.8318 -0.0330
vn -0.6707 0.7403 0.0455
vn -0.7529 0.3927 0.5282
vn -0.2052 0.4221 0.8830
vn 0.2478 0.9560 -0.1571
vn -0.9832 0.1537 0.0987
vn -0.7095 0.6489 0.2748
vn -0.7133 0.2136 0.6675
vn -0.7356 0.3211 0.5965
vn -0.2747 0.1795 0.9446
vn 0.4492 0.8064 0.3847
vn -0.1751 0.3437 0.9226
vn -0.5045 0.1744 0.8456
vn -0.4533 0.1334 0.8813
vn -0.2824 0.4334 0.8558
vn -0.1279 0.1623 0.9784
vn -0.3727 0.5350 0.7582
vn -0.3483 0.3984 0.8485
vn -0.4943 -0.1245 0.8603
vn 0.3944 0.8521 -0.3441
vn -0.6912 -0.5833 0.4266
vn -0.4983 -0.0881 0.8625
vn -0.4812 -0.1077 0.8700
vn -0.9702 -0.2309 -0.0732
vn -0.4416 0.0674 0.8947
vn -0.9816 -0.1603 0.1042
vn -0.9815 -0.1608 0.1036
vn -0.6808 0.2689 0.6814
vn -0.4064 0.1988 0.8918
vn -0.9546 -0.0746 0.2885
vn -0.8889 0.1251 0.4407
vn -0.4586 0.4668 0.7562
vn -0.9272 -0.3474 0.1400
vn -0.9045 -0.4124 0.1084
vn -0.6749 -0.6050 0.4224
vn -0.9974 -0.0571 -0.0435
vn -0.3325 -0.3335 0.8822
vn -0.4978 -0.3947 0.7723
vn -0.2795 -0.7004 0.6567
vn -0.4124 -0.8891 0.1984
vn 0.1999 -0.0397 0.9790
vn -0.9365 -0.1887 0.2956
vn -0.2044 -0.1848 0.9613
vn -0.2411 -0.1334 0.9613
vn -0.5246 0.0986 0.8456
vn -0.2350 -0.6467 0.7257
vn -0.2956 0.0547 0.9537
vn -0.1534 -0.6080 0.7790
vn -0.0950 -0.6636 0.7420
vn -0.7250 -0.6759 0.1323
vn -0.8098 -0.4617 0.3620
vn -0.8153 -0.5166 0.2616
vn -0.6140 0.4102 0.6744
vn -0.1065 -0.7157 0.6903
vn -0.1383 -0.4311 0.8916
vn -0.5968 0.2366 0.7667
vn -0.4529 0.2693 0.8499
vn -0.6178 0.4962 0.6100
vn -0.2717 -0.2952 0.9160
vn -0.8315 -0.1679 0.5295
vn -0.8413 -0.1347 0.5235
vn -0.7838 0.1553 0.6012
vn -0.8044 0.1182 0.5823
vn -0.3959 -0.9032 0.1656
vn -0.4491 -0.8865 0.1114
vn -0.6595 -0.5694 0.4908
vn -0.6885 -0.3722 0.6224
vn -0.0642 -0.9973 0.0346
vn -0.0854 0.2884 0.9537
vn -0.5104 0.4836 0.7111
vn -0.6807 0.4471 0.5803
vn -0.8814 0.2704 0.3873
vn -0.6921 -0.0088 0.7217
vn -0.5953 0.1641 0.7866
vn -0.5966 0.1114 0.7948
vn -0.3473 -0.3382 0.8746
vn -0.3470 -0.2636 0.9001
vn -0.7240 0.0414 0.6886
vn -0.9064 0.1039 0.4095
vn -0.0124 0.7077 0.7064
vn -0.5233 -0.0162 0.8520
vn -0.6908 -0.0891 0.7176
vn -0.7689 -0.6234 0.1422
vn -0.3376 0.1253 0.9329
vn -0.6579 0.2740 0.7015
vn -0.3321 -0.3375 0.8808
vn -0.6958 -0.4283 0.5766
vn -0.9028 0.2458 0.3528
vn -0.9357 0.0690 0.3460
vn -0.3404 0.1490 0.9284
vn -0.7797 -0.5241 0.3426
vn -0.7931 -0.4830 0.3710
vn 0.2427 -0.6423 0.7270
vn -0.3306 0.4017 0.8540
vn -0.8521 0.0240 0.5229
vn -0.8207 -0.1511 0.5510
vn -0.5335 0.1953 0.8229
vn -0.4537 0.2851 0.8443
vn -0.5807 0.0878 0.8094
vn -0.9445 0.1588 0.2876
vn -0.5763 -0.0068 0.8172
vn -0.5648 0.0684 0.8224
vn -0.7274 -0.3349 0.5989
vn -0.1603 -0.0408 0.9862
vn -0.0655 -0.2663 0.9617
vn -0.4575 0.0187 0.8890
vn -0.8001 -0.1440 0.5823
vn -0.8282 0.1595 0.5373
vn -0.8249 -0.3207 0.4656
vn -0.5483 0.3690 0.7505
vn -0.7177 -0.5166 0.4670
vn -0.5659 0.2528 0.7848
vn -0.9976 0.0202 -0.0667
vn -0.7973 0.2886 0.5302
vn -0.8258 0.0563 0.5612
vn -0.8185 -0.0381 0.5732
vn -0.5143 -0.1140 0.8500
vn -0.8227 0.1881 0.5364
vn -0.7709 -0.4282 0.4715
vn -0.4601 -0.8878 0.0024
vn -0.6505 0.4411 0.6183
vn -0.7917 -0.1079 0.6013
vn -0.4381 0.0486 0.8976
vn -0.7922 -0.4575 0.4039
vn -0.8148 -0.1015 0.5707
vn -0.5063 0.0084 0.8623
vn -0.7493 -0.3815 0.5414
vn -0.9780 -0.0183 0.2077
vn -0.7751 0.2011 0.5990
vn -0.8697 -0.3012 0.3909
vn 0.1771 -0.1684 0.9697
vn -0.5207 0.1031 0.8475
vn -0.9855 0.1618 0.0522
vn -0.4824 -0.4182 0.7697
vn -0.7136 -0.1066 0.6924
vn -0.5218 -0.4754 0.7084
vn -0.4421 -0.6903 0.5727
vn -0.3112 0.2760 0.9094
vn -0.7923 0.3498 0.4999
vn -0.1399 -0.0584 0.9884
vn 0.1593 -0.7833 0.6009
vn -0.7775 -0.4355 0.4537
vn -0.6734 -0.4727 0.5684
vn -0.2773 0.4985 -0.8213
vn -0.0654 -0.3838 0.9211
vn -0.1735 -0.6697 0.7221
vn -0.6058 -0.6097 0.5112
vn 0.8289 -0.1507 -0.5387
vn -0.6244 -0.1854 0.7588
vn -0.4058 -0.7169 0.5669
vn -0.3657 -0.7193 0.5907
vn -0.7169 -0.1235 0.6862
vn -0.9635 0.2522 -0.0902
vn -0.9994 0.0098 0.0335
vn 0.1922 -0.9481 -0.2532
vn -0.5834 -0.2606 0.7693
vn -0.0300 -0.9938 -0.1072
vn -0.4912 -0.1207 0.8626
vn -0.2196 -0.8632 0.4547
vn -0.6113 -0.3689 0.7002
vn -0.9986 0.0523 0.0087
vn -0.7392 -0.0760 0.6692
vn -0.4120 -0.2979 0.8611
vn -0.7018 -0.0286 0.7118
vn -0.7079 -0.6848 0.1732
vn -0.7847 -0.4656 0.4092
vn -0.3171 -0.2251 0.9213
vn -0.6637 -0.1762 -0.7270
vn -0.4734 -0.2289 0.8506
vn -0.8342 0.2468 0.4931
vn -0.8378 0.0812 0.5399
vn -0.3345 -0.2317 0.9135
vn -0.8885 -0.4454 0.1104
vn -0.8269 0.3354 0.4514
vn -0.7170 -0.0968 0.6904
vn -0.8113 -0.5577 -0.1754
vn 0.0938 -0.9919 -0.0859
vn -0.9945 0.0999 0.0314
vn -0.9890 0.1270 0.0762
vn -0.6121 -0.3686 0.6996
vn -0.8046 0.1034 0.5847
vn -0.6283 -0.1233 0.7682
vn -0.9538 -0.2617 -0.1476
vn -0.9864 0.0657 0.1510
vn -0.7538 0.2741 0.5972
vn -0.3480 0.3513 0.8692
vn -0.3324 -0.3378 0.8806
vn 0.6218 0.1547 0.7677
vn -0.8667 -0.4982 0.0238
vn -0.9870 -0.1575 0.0309
vn -0.0350 0.4315 0.9014
vn -0.9722 -0.1156 -0.2036
vn -0.9967 -0.0800 -0.0102
vn -0.8363 0.3955 0.3797
vn -0.7482 0.1869 0.6366
vn -0.8071 0.1373 0.5742
vn 0.0677 -0.0210 0.9975
vn -0.5831 -0.3423 0.7368
vn -0.4778 -0.3067 0.8232
vn -0.9130 -0.3994 -0.0837
vn -0.9926 -0.0260 0.1185
vn -0.9783 0.0773 0.1924
vn -0.3021 -0.5570 0.7736
vn -0.8045 -0.0351 0.5929
vn -0.7195 -0.2329 0.6542
vn -0.8118 -0.5793 0.0733
vn -0.9064 -0.4098 -0.1023
vn -0.9913 -0.1306 0.0149
vn -0.9880 0.0878 0.1272
vn -0.9788 -0.1881 0.0804
vn -0.9788 -0.1887 0.0796
vn -0.9962 -0.0204 0.0852
vn -0.9909 0.0048 0.1348
vn -0.9659 0.1541 0.2082
vn -0.9726 0.0627 0.2241
vn -0.8116 -0.2528 0.5267
vn 0.0434 -0.9991 0.0037
vn -0.5049 -0.3661 0.7817
vn -0.3686 -0.7244 0.5826
vn -0.6342 0.2198 0.7413
vn -0.4947 0.4287 0.7559
vn -0.7720 -0.5842 0.2503
vn -0.9464 -0.0777 0.3135
vn -0.9819 0.0426 0.1843
vn 0.1642 0.9249 0.3429
vn 0.2359 -0.8030 0.5473
vn -0.5348 0.3193 0.7823
vn -0.5977 -0.5914 0.5412
vn 0.2334 0.5613 0.7940
vn -0.3464 0.0627 0.9360
vn -0.7002 -0.5771 0.4203
vn -0.9595 0.0384 0.2789
vn -0.9547 0.0637 0.2906
vn -0.5759 -0.1331 0.8066
vn -0.7426 -0.2569 0.6185
vn -0.8398 0.2042 0.5029
vn -0.5708 0.3947 0.7200
vn -0.2930 0.2604 0.9199
vn -0.9423 -0.2029 0.2663
vn -0.9691 0.0721 0.2358
vn -0.9961 0.0880 -0.0115
vn -0.6328 0.0602 0.7720
vn -0.6161 -0.4359 0.6561
vn -0.7238 -0.3220 0.6103
vn -0.4051 -0.3081 0.8608
vn 0.5606 -0.7459 0.3598
vn -0.3412 -0.7984 0.4962
vn -0.8507 -0.4424 0.2837
vn -0.6261 -0.3947 0.6724
vn -0.7919 -0.2602 0.5525
vn -0.7619 -0.3146 0.5662
vn -0.8912 -0.3458 0.2935
vn -0.9818 0.0055 0.1901
vn -0.9191 -0.3883 0.0677
vn -0.9482 -0.1842 0.2588
vn -0.9439 -0.1171 0.3087
vn -0.9714 0.0190 0.2366
vn -0.0753 0.4973 0.8643
vn -0.9552 0.2425 0.1697
vn -0.8300 0.2815 0.4815
vn -0.7174 0.3618 0.5953
vn -0.0652 -0.3895 0.9187
vn 0.3706 -0.7547 0.5413
vn -0.3125 0.1184 0.9425
vn -0.5176 -0.5637 0.6437
vn -0.6812 0.1183 0.7224
vn -0.9170 -0.3854 0.1026
vn -0.8433 -0.4400 0.3086
vn -0.9130 0.0124 0.4077
vn -0.9634 0.0712 0.2583
vn -0.6706 -0.0602 0.7393
vn -0.6267 0.3261 0.7077
vn -0.6889 0.0452 0.7234
vn -0.3053 -0.4124 0.8584
vn -0.9246 -0.3704 0.0886
vn -0.7905 -0.2830 0.5432
vn -0.9525 -0.1389 0.2710
vn -0.9531 0.1143 0.2803
vn -0.9809 -0.0020 0.1944
vn -0.9768 0.1109 0.1832
vn -0.9697 0.0283 0.2428
vn -0.4115 -0.1079 0.9050
vn -0.1880 0.7446 0.6405
vn -0.5674 0.3294 0.7547
vn -0.0371 -0.9993 -0.0062
vn -0.8520 -0.3463 0.3928
vn -0.7517 -0.4976 0.4327
vn -0.9199 -0.2180 0.3259
vn -0.9334 -0.0359 0.3570
vn -0.9024 -0.2084 0.3772
vn -0.6304 -0.7753 -0.0398
vn 0.4309 0.1859 0.8830
vn -0.9956 0.0930 -0.0069
vn -0.8410 -0.0458 0.5391
vn -0.7446 -0.5746 0.3398
vn -0.8956 -0.3583 0.2637
vn -0.9365 -0.0637 0.3448
vn -0.6845 -0.7266 0.0587
vn -0.9284 -0.0556 0.3673
vn -0.9632 0.0864 0.2543
vn -0.9756 -0.0387 0.2163
vn -0.6607 0.4398 0.6083
vn -0.7005 0.1206 0.7034
vn -0.5664 0.3147 0.7617
vn -0.2569 -0.8414 -0.4755
vn -0.7538 -0.4239 0.5021
vn -0.9483 -0.0803 0.3071
vn -0.7691 -0.3486 0.5357
vn -0.7025 0.3735 0.6058
vn -0.1574 0.2225 0.9621
vn -0.8858 -0.1542 0.4377
vn -0.7521 -0.2950 0.5894
vn -0.9360 0.0326 0.3504
vn -0.8565 -0.3823 0.3468
vn -0.8684 -0.3343 0.3662
vn -0.9359 -0.3515 -0.0231
vn -0.9477 0.0796 0.3092
vn -0.9994 0.0001 0.0359
vn -0.9689 0.1271 0.2125
vn -0.9685 0.0277 0.2473
vn -0.6695 0.0673 0.7397
vn -0.7576 -0.0810 0.6477
vn -0.5980 0.0603 0.7992
vn 0.8974 -0.3648 -0.2482
vn -0.4190 0.2572 0.8708
vn -0.8693 0.1946 0.4544
vn -0.7246 -0.6885 0.0300
vn -0.2243 0.2661 0.9375
vn -0.9392 0.2356 0.2497
vn -0.8237 -0.3580 0.4398
vn -0.8682 -0.1542 0.4716
vn -0.9861 0.0524 0.1578
vn -0.9735 0.1538 0.1691
vn -0.9639 0.0530 0.2610
vn 0.0193 -0.9996 -0.0191
vn -0.4066 -0.1220 0.9054
vn -0.4831 0.0088 0.8755
vn -0.5730 -0.3058 0.7603
vn -0.8852 0.1077 0.4526
vn -0.4258 -0.8804 0.2089
vn -0.5703 0.1427 0.8089
vn -0.3352 0.3311 0.8820
vn -0.5492 -0.2932 0.7826
vn -0.3742 0.3142 0.8725
vn -0.8915 -0.0150 0.4527
vn -0.6988 -0.5391 0.4701
vn -0.8241 -0.3631 0.4347
vn -0.8960 -0.0499 0.4413
vn -0.9281 -0.1572 0.3376
vn -0.9310 0.0237 0.3642
vn -0.9219 -0.0026 0.3874
vn -0.4891 0.3278 0.8082
vn -0.5401 0.2324 0.8089
vn -0.4055 0.3296 0.8526
vn -0.8063 0.2846 0.5185
vn -0.6412 0.4740 0.6034
vn -0.5663 0.2130 0.7962
vn -0.8335 -0.4619 0.3031
vn -0.8381 -0.3317 0.4331
vn -0.6332 -0.3059 0.7110
vn -0.8550 0.1252 0.5032
vn -0.8581 0.0796 0.5072
vn -0.2897 0.0307 0.9566
vn -0.0806 -0.9752 0.2061
vn -0.8789 -0.4735 -0.0580
vn -0.4975 -0.2436 0.8326
vn -0.8883 -0.0241 0.4586
vn -0.9300 -0.2842 0.2331
vn -0.9113 0.0448 0.4093
vn -0.9376 0.1564 0.3104
vn -0.5515 -0.2024 0.8093
vn -0.9073 0.2752 0.3180
vn -0.5620 -0.1957 0.8036
vn -0.5223 -0.2798 0.8055
vn -0.9376 -0.2370 0.2542
vn -0.8321 -0.3591 0.4227
vn -0.8628 -0.2343 0.4479
vn -0.8807 -0.0016 0.4736
vn -0.9335 0.1778 0.3113
vn -0.1219 0.1876 0.9747
vn -0.8373 0.2460 0.4883
vn -0.5913 -0.2748 0.7582
vn -0.6745 -0.0697 0.7350
vn 0.0459 -0.2554 0.9658
vn -0.9055 -0.2465 0.3454
vn -0.9222 0.0106 0.3866
vn -0.8053 -0.3567 0.4735
vn -0.9227 -0.2022 0.3284
vn -0.9260 -0.2920 0.2393
vn -0.8016 0.1197 0.5858
vn -0.8249 0.1511 0.5448
vn -0.5848 0.5699 0.5772
vn -0.2376 -0.0537 0.9699
vn 0.1801 -0.0604 0.9818
vn -0.7795 -0.3493 0.5200
vn -0.6160 -0.7294 0.2975
vn -0.9241 0.0244 0.3813
vn -0.9251 0.0620 0.3747
vn -0.6224 -0.7134 0.3220
vn -0.6561 -0.6701 0.3472
vn -0.8853 -0.2724 0.3769
vn -0.9099 -0.2256 0.3482
vn -0.8987 -0.1484 0.4127
vn -0.9229 0.0213 0.3845
vn -0.7843 -0.4476 0.4295
vn -0.4883 0.0528 0.8711
vn -0.8619 -0.1436 0.4864
vn -0.6469 -0.7005 0.3013
vn -0.8337 -0.3550 0.4230
vn -0.8096 -0.3626 0.4616
vn -0.8637 -0.2392 0.4436
vn -0.9963 -0.0858 0.0066
vn -0.2871 0.0325 0.9573
vn -0.8106 -0.5815 0.0694
vn -0.8742 0.1634 0.4572
vn -0.5959 -0.3966 0.6983
vn -0.6079 0.1868 0.7717
vn -0.7180 -0.5367 0.4432
vn -0.8312 -0.2427 0.5002
vn -0.8846 0.1437 0.4436
vn -0.8955 -0.2282 0.3822
vn -0.8901 -0.0544 0.4524
vn -0.9455 0.1709 0.2770
vn -0.8544 0.3395 0.3934
vn -0.9654 0.1210 0.2310
vn -0.8101 0.3580 0.4642
vn -0.8689 -0.0107 0.4949
vn -0.8699 -0.0022 0.4933
vn -0.8241 -0.2992 0.4810
vn -0.8880 -0.3160 0.3341
vn -0.9194 -0.1283 0.3719
vn -0.9353 0.2700 0.2288
vn -0.5604 -0.2370 0.7936
vn -0.5101 -0.3475 0.7868
vn -0.0588 0.1180 0.9913
vn -0.7750 -0.4444 0.4493
vn -0.8596 -0.1553 0.4868
vn -0.9063 -0.0007 0.4226
vn -0.8395 -0.2833 0.4637
vn -0.9424 -0.1126 0.3150
vn -0.9445 -0.0640 0.3221
vn -0.9096 0.1685 0.3798
vn -0.2296 0.1480 0.9620
vn -0.8425 -0.2482 0.4780
vn -0.2809 0.1926 0.9402
vn -0.8997 -0.1863 0.3947
vn -0.5404 0.3493 0.7655
vn -0.5359 0.4765 0.6969
vn -0.3649 -0.0799 0.9276
vn -0.3828 -0.0420 0.9229
vn -0.6776 0.1495 0.7201
vn -0.8590 -0.1053 0.5010
vn -0.5946 -0.7234 0.3509
vn -0.7635 -0.3403 0.5489
vn -0.8502 -0.3354 0.4058
vn -0.8869 -0.2254 0.4033
vn -0.8949 -0.2221 0.3871
vn -0.8896 -0.1968 0.4122
vn -0.6506 -0.5350 -0.5390
vn -0.8353 0.3453 0.4278
vn -0.2220 -0.1899 0.9564
vn 0.1913 -0.9732 -0.1273
vn -0.4551 -0.3201 0.8309
vn -0.5450 -0.7936 0.2705
vn -0.6733 -0.5909 0.4444
vn -0.6306 -0.7069 0.3205
vn -0.7827 -0.4098 0.4685
vn -0.8784 -0.1800 0.4426
vn -0.8786 0.1055 0.4658
vn -0.9088 0.2639 0.3232
vn -0.6452 0.2398 0.7254
vn -0.7547 0.2543 0.6048
vn -0.8717 -0.2584 0.4164
vn -0.8952 -0.1736 0.4104
vn -0.8943 0.1779 0.4106
vn -0.8359 0.3385 0.4320
vn -0.4481 0.0239 0.8937
vn -0.2836 -0.1102 0.9526
vn -0.7757 -0.4606 0.4315
vn -0.8697 -0.2622 0.4181
vn -0.7429 -0.3741 0.5551
vn -0.8376 -0.1245 0.5319
vn -0.8614 -0.0232 0.5074
vn -0.3272 -0.2385 0.9144
vn -0.7517 0.1436 0.6437
vn -0.0890 -0.3647 0.9269
vn -0.4212 -0.2648 0.8675
vn -0.4364 0.4513 0.7784
vn 0.2079 0.1678 0.9637
vn -0.4231 0.5254 0.7382
vn -0.7517 -0.2991 0.5877
vn -0.8737 -0.0871 0.4787
vn -0.9369 -0.1690 0.3059
vn -0.9300 -0.2608 0.2591
vn -0.8769 -0.1853 0.4435
vn -0.5628 -0.8052 0.1867
vn -0.2622 0.1657 0.9507
vn -0.6238 0.1764 0.7614
vn -0.8365 -0.2636 0.4804
vn -0.8569 -0.0356 0.5142
vn -0.8832 -0.1938 0.4271
vn -0.8840 -0.0044 0.4675
vn -0.8578 -0.1143 0.5011
vn -0.8736 -0.0558 0.4835
vn -0.8738 0.0364 0.4849
vn -0.1378 -0.6904 0.7101
vn -0.7731 -0.0213 0.6339
vn -0.2979 -0.4366 0.8489
vn -0.9076 0.2767 0.3157
vn -0.6599 -0.5347 0.5277
vn -0.8773 -0.3249 0.3532
vn -0.8560 -0.0811 0.5107
vn -0.5995 0.2402 0.7635
vn -0.4886 0.8644 -0.1183
vn 0.4047 0.3109 0.8600
vn 0.2888 0.1825 0.9398
vn -0.4953 0.1654 0.8528
vn -0.8549 -0.2763 0.4390
vn -0.8521 0.2278 0.4713
vn -0.9081 -0.1943 0.3710
vn -0.9247 -0.2604 0.2777
vn -0.6864 -0.3577 -0.6332
vn -0.5144 0.0938 0.8524
vn -0.9889 -0.1475 -0.0188
vn -0.7921 -0.1077 0.6008
vn -0.4793 -0.8567 -0.1907
vn 0.7153 -0.5798 -0.3903
vn 0.0895 0.0695 0.9936
vn -0.3227 -0.3772 0.8681
vn -0.2851 -0.2534 0.9244
vn -0.7751 -0.2182 0.5929
vn -0.8918 -0.1803 0.4150
vn -0.8778 -0.1016 0.4682
vn -0.4511 -0.8032 0.3891
vn -0.8542 -0.2574 0.4518
vn -0.5953 -0.6109 0.5219
vn -0.7541 -0.4007 0.5203
vn -0.8644 -0.2521 0.4350
vn -0.8659 -0.2845 0.4115
vn -0.8292 0.0916 0.5514
vn -0.7423 0.5253 -0.4160
vn -0.3557 0.5613 0.7473
vn 0.7446 -0.1051 -0.6592
vn -0.7360 0.3323 0.5898
vn -0.4058 0.3255 0.8540
vn -0.6415 0.4646 0.6104
vn -0.2963 -0.5965 -0.7459
vn -0.9678 0.2384 0.0804
vn -0.8911 0.0012 0.4539
vn -0.9371 -0.2267 0.2653
vn -0.8866 -0.0738 0.4566
vn -0.8824 -0.0902 0.4617
vn -0.9000 0.0308 0.4348
vn -0.8867 -0.1314 0.4432
vn 0.3316 0.0166 0.9433
vn -0.6979 -0.0169 0.7160
vn -0.2974 0.2769 0.9137
vn -0.2075 -0.7368 0.6435
vn -0.0284 -0.9941 0.1051
vn -0.3994 -0.1056 0.9107
vn -0.2613 -0.6573 -0.7069
vn -0.2159 -0.4811 0.8497
vn -0.4428 -0.0816 0.8929
vn -0.0755 -0.1519 0.9855
vn 0.9813 -0.1785 0.0723
vn -0.6130 -0.5345 0.5818
vn -0.6283 -0.5079 0.5893
vn -0.6422 -0.3433 0.6854
vn -0.7255 -0.3697 0.5805
vn -0.6991 -0.4108 0.5853
vn -0.8475 0.1219 0.5167
vn -0.5102 -0.0944 0.8549
vn -0.5516 0.1833 0.8137
vn -0.7284 0.2666 0.6312
vn -0.2815 0.0656 0.9573
vn -0.5254 0.1558 0.8365
vn 0.0001 0.1173 0.9931
vn 0.2584 -0.7727 -0.5798
vn -0.9803 0.1510 0.1273
vn 0.0207 -0.2536 0.9671
vn -0.8144 -0.1795 0.5518
vn -0.8235 -0.1491 0.5474
vn -0.5926 0.3128 0.7423
vn -0.3894 -0.2929 0.8733
vn -0.6628 0.3715 0.6502
vn -0.0998 -0.0836 0.9915
vn 0.2250 -0.7952 -0.5631
vn -0.2419 -0.2338 0.9417
vn -0.8712 -0.2271 0.4353
vn -0.5774 -0.4136 0.7040
vn -0.5760 -0.4145 0.7046
vn -0.8224 -0.1736 0.5418
vn -0.8118 0.1330 0.5686
vn -0.1586 -0.7199 0.6757
vn 0.0486 0.2463 0.9680
vn -0.5930 0.0206 0.8050
vn -0.4135 -0.9098 -0.0359
vn -0.3482 -0.1264 0.9289
vn -0.2200 0.0122 0.9754
vn -0.2692 0.4260 0.8637
vn -0.6787 -0.3426 0.6496
vn -0.6991 0.2628 0.6649
vn -0.6804 0.3241 0.6573
vn -0.3555 -0.6903 0.6302
vn -0.4545 -0.0872 0.8864
vn -0.0181 0.3333 0.9426
vn -0.3204 -0.7429 0.5877
vn -0.2199 -0.5314 0.8181
vn -0.3951 -0.4237 0.8151
vn -0.7734 -0.1007 0.6258
vn -0.5546 -0.2723 0.7863
vn -0.5286 -0.5200 0.6709
vn -0.5968 -0.0270 0.8019
vn -0.8036 0.1130 0.5844
vn -0.7474 -0.4358 0.5015
vn 0.0511 -0.9975 -0.0477
vn -0.4841 0.1338 0.8647
vn -0.7782 -0.1021 0.6196
vn -0.5573 -0.5517 0.6205
vn -0.5053 -0.3625 0.7831
vn -0.5662 -0.1854 0.8032
vn -0.8435 0.0751 0.5318
vn -0.8508 -0.0229 0.5250
vn -0.7774 0.3026 0.5514
vn 0.7112 -0.6621 0.2362
vn -0.8356 -0.5224 -0.1699
vn -0.8012 -0.5584 -0.2150
vn 0.8156 -0.5390 0.2104
vn -0.5591 -0.5198 0.6459
vn -0.3160 -0.3659 0.8754
vn -0.8928 0.0019 0.4505
vn -0.5468 -0.3184 0.7744
vn -0.5271 -0.3471 0.7757
vn 0.0575 -0.3321 0.9415
vn -0.7664 -0.4430 0.4653
vn -0.4747 -0.6302 0.6144
vn 0.1865 0.4841 0.8549
vn -0.1220 0.3694 0.9212
vn -0.2248 0.0057 0.9744
vn -0.4616 0.0369 0.8863
vn -0.8934 0.0095 0.4491
vn -0.8115 0.3206 0.4885
vn -0.8260 -0.0196 0.5634
vn -0.6233 -0.2941 0.7246
vn -0.6549 -0.1548 0.7397
vn -0.7180 -0.0868 0.6906
vn -0.6408 0.0117 0.7676
vn -0.6831 0.0497 0.7286
vn -0.6382 0.1810 0.7483
vn -0.4819 0.1229 0.8675
vn -0.2361 -0.6302 0.7397
vn -0.1526 0.2733 0.9497
vn 0.3469 0.6458 0.6802
vn -0.8297 0.2805 0.4826
vn -0.9026 -0.1325 0.4095
vn -0.3433 -0.3726 0.8621
vn 0.4507 0.8584 -0.2450
vn -0.8944 0.2736 0.3538
vn -0.7840 0.2886 0.5496
vn -0.1954 0.1711 0.9657
vn -0.9501 0.1199 0.2881
vn -0.5287 0.5694 0.6295
vn -0.2918 -0.3111 0.9045
vn -0.2862 -0.3583 0.8887
vn -0.1802 -0.2624 0.9480
vn -0.2178 -0.4044 0.8883
vn -0.3202 -0.3197 0.8918
vn -0.7796 0.2422 0.5776
vn -0.7300 0.3174 0.6053
vn -0.7739 0.3012 0.5571
vn -0.5332 -0.3697 0.7609
vn -0.5417 -0.3099 0.7814
vn 0.6762 -0.5582 -0.4808
vn 0.4554 -0.8880 -0.0640
vn -0.5045 -0.1281 0.8539
vn -0.2618 0.7944 0.5481
vn 0.3039 0.5568 0.7730
vn -0.2840 -0.2066 0.9363
vn -0.4037 -0.0930 0.9102
vn -0.5408 0.2234 0.8109
vn -0.5014 0.3088 0.8082
vn 0.3564 -0.5498 0.7554
vn -0.3575 0.5559 0.7505
vn -0.6888 0.2092 0.6941
vn 0.5772 0.1499 -0.8027
vn -0.0233 -0.3258 0.9451
vn -0.0378 -0.9993 -0.0066
vn -0.5866 -0.6582 0.4719
vn -0.6192 -0.4735 0.6264
vn -0.5842 -0.2748 0.7637
vn -0.3862 -0.0228 0.9221
vn -0.1595 0.2335 0.9592
vn -0.3777 0.0172 0.9258
vn -0.2783 0.2042 0.9385
vn -0.5387 -0.1108 0.8352
vn -0.4037 -0.0931 0.9102
vn -0.5515 -0.4689 0.6899
vn -0.7399 -0.0355 0.6718
vn -0.7853 -0.2635 0.5603
vn 0.3919 -0.9013 -0.1844
vn -0.3481 -0.1505 0.9253
vn -0.8165 0.2125 0.5368
vn -0.6504 0.3216 0.6882
vn -0.4910 0.0117 0.8711
vn -0.4723 0.0875 0.8771
vn -0.4289 0.3525 0.8317
vn -0.4502 0.0680 0.8904
vn -0.6874 0.1507 0.7105
vn 0.0691 -0.9970 0.0360
vn 0.0079 -1.0000 0.0012
vn 0.0210 -0.9992 -0.0339
vn 0.0473 -0.9986 -0.0231
vn 0.6744 -0.0779 -0.7343
vn 0.0464 -0.9940 0.0995
vn 0.1688 -0.9761 -0.1371
vn -0.2049 -0.9787 -0.0077
vn -0.2888 -0.8752 -0.3881
vn 0.5941 -0.7567 0.2728
vn 0.1646 -0.9803 0.1094
vn -0.0987 -0.8939 -0.4372
vn 0.5047 -0.7612 0.4072
vn 0.0828 -0.9962 -0.0257
vn -0.0267 -0.9996 -0.0073
vn 0.7196 -0.5756 -0.3885
vn 0.0579 -0.8846 0.4628
vn -0.0767 -0.7826 0.6178
vn 0.3129 -0.8357 -0.4514
vn -0.2463 -0.6902 0.6804
vn 0.2784 -0.1278 0.9519
vn 0.0067 -0.9961 -0.0883
vn 0.0132 -0.9983 -0.0565
vn 0.9026 -0.2305 -0.3636
vn -0.1753 -0.9119 0.3712
vn 0.5349 -0.7220 0.4389
vn 0.8465 -0.4619 -0.2649
vn -0.6697 -0.5218 -0.5284
vn -0.0033 -0.8281 -0.5606
vn -0.1876 -0.9729 0.1352
vn 0.0526 -0.9984 -0.0224
vn 0.1681 -0.8974 0.4080
vn -0.0319 -0.9768 0.2118
vn 0.6325 -0.7701 0.0832
vn -0.2372 -0.9695 -0.0614
vn -0.0773 -0.9960 -0.0451
vn 0.3196 -0.7721 0.5493
vn 0.0379 -0.7094 -0.7038
vn -0.6073 -0.5836 0.5391
vn 0.3210 -0.8305 -0.4552
vn -0.0495 -0.9941 -0.0968
vn -0.3934 -0.9157 0.0820
vn -0.0323 -0.9995 -0.0069
vn 0.3234 -0.1169 0.9390
vn 0.4181 -0.8421 -0.3407
vn 0.0366 -0.9967 -0.0724
vn 0.0664 -0.9977 0.0139
vn 0.5558 -0.1058 -0.8245
vn 0.6733 -0.7000 0.2379
vn 0.0470 -0.9984 -0.0327
vn 0.6752 -0.5910 0.4415
vn 0.3413 -0.8658 0.3660
vn 0.4726 -0.7567 0.4516
vn -0.0042 -0.9993 -0.0381
vn 0.6812 -0.0488 -0.7304
vn 0.9275 -0.1873 -0.3236
vn 0.6265 -0.6935 0.3558
vn -0.5508 -0.7209 0.4207
vn 0.4710 0.7103 -0.5231
vn -0.9618 0.1468 -0.2312
vn 0.5638 -0.7368 0.3732
vn 0.0211 -0.9780 -0.2075
vn 0.2892 -0.7785 -0.5571
vn 0.2496 -0.8019 -0.5428
vn 0.2704 -0.8955 -0.3535
vn 0.3244 -0.8686 -0.3746
vn 0.1594 -0.9813 0.1074
vn 0.3203 -0.8291 -0.4582
vn 0.0116 -0.9963 -0.0856
vn -0.1210 -0.9414 -0.3149
vn 0.4660 -0.7628 0.4482
vn -0.2144 -0.9760 -0.0371
vn -0.0320 -0.9943 -0.1019
vn -0.0031 -0.9958 -0.0912
vn 0.7448 -0.5683 0.3497
vn 0.0472 -0.9835 -0.1747
vn -0.0694 -0.9411 -0.3309
vn 0.4649 -0.8821 0.0762
vn 0.5609 -0.7241 0.4015
vn 0.5067 -0.7327 0.4543
vn 0.2827 -0.5972 0.7506
vn -0.0707 -0.9735 -0.2177
vn -0.0338 -0.9676 -0.2503
vn -0.0809 -0.9967 -0.0028
vn 0.2305 -0.7661 -0.6000
vn 0.4699 -0.2618 0.8430
vn 0.3018 -0.5879 0.7505
vn 0.1520 -0.7696 -0.6202
vn 0.6225 -0.0054 -0.7826
vn -0.0404 -0.9985 0.0378
vn 0.4877 -0.7676 0.4159
vn 0.5376 -0.5619 0.6287
vn 0.1136 -0.9092 0.4006
vn -0.0168 -0.6664 0.7454
vn 0.0612 -0.6830 0.7279
vn 0.6229 -0.7549 0.2050
vn 0.1168 -0.6961 0.7083
vn 0.5292 -0.8044 0.2699
vn 0.3300 -0.8338 0.4425
vn 0.1205 -0.8606 0.4949
vn 0.1102 -0.8635 0.4921
vn 0.2716 -0.8974 -0.3479
vn 0.3196 -0.7427 0.5885
vn -0.0226 -0.9985 0.0498
vn -0.0256 -0.9995 -0.0164
vn 0.1308 -0.8644 0.4855
vn 0.3014 -0.7888 0.5357
vn -0.0514 -0.9212 -0.3856
vn -0.2231 -0.8609 -0.4572
vn 0.3137 -0.8789 -0.3594
vn -0.0180 -0.9993 0.0326
vn 0.2776 -0.9601 -0.0349
vn -0.0112 -0.9968 0.0787
vn -0.1431 -0.9894 -0.0252
vn -0.0907 -0.9956 -0.0231
vn 0.4705 -0.8089 0.3525
vn 0.5551 -0.7468 0.3663
vn 0.7296 -0.6801 -0.0712
vn -0.2471 0.4027 -0.8813
vn 0.2087 -0.9741 -0.0871
vn 0.7831 -0.6121 0.1104
vn 0.6201 -0.7109 0.3318
vn -0.0194 -0.9997 -0.0157
vn 0.0182 -0.8918 -0.4520
vn 0.2141 -0.8466 -0.4872
vn -0.0354 -0.9993 -0.0084
vn 0.7222 -0.5762 -0.3826
vn 0.8694 -0.2069 -0.4487
vn 0.1380 -0.9563 0.2579
vn 0.3841 -0.8912 0.2413
vn 0.0406 -0.9962 -0.0772
vn -0.0392 -0.9992 -0.0068
vn -0.0023 -0.9994 -0.0339
vn 0.7509 -0.6574 0.0625
vn 0.9481 -0.3160 -0.0352
vn 0.4998 -0.7952 -0.3433
vn 0.3471 0.8451 0.4066
vn 0.9255 -0.3768 0.0380
vn 0.0516 -0.9148 0.4005
vn -0.6048 -0.7128 0.3552
vn -0.0110 -0.9074 -0.4201
vn -0.4648 -0.8853 0.0156
vn 0.5909 0.7135 -0.3764
vn 0.6250 0.4602 -0.6306
vn 0.5718 -0.6797 0.4595
vn 0.8800 -0.1986 -0.4315
vn 0.7249 -0.4796 0.4946
vn 0.1536 -0.9840 -0.0905
vn 0.5519 -0.8339 0.0096
vn -0.0123 -0.9999 -0.0050
vn 0.2432 -0.9353 0.2569
vn 0.1425 -0.9545 0.2619
vn 0.4161 -0.9069 0.0664
vn 0.7516 -0.6558 0.0705
vn 0.8657 -0.4955 -0.0712
vn 0.6937 -0.7187 0.0460
vn -0.3882 -0.9193 -0.0643
vn 0.1157 -0.9924 -0.0425
vn 0.4737 -0.1719 0.8637
vn -0.9273 0.3256 -0.1847
vn 0.8902 -0.4104 -0.1976
vn 0.6734 -0.6435 -0.3638
vn 0.0109 -0.9988 -0.0481
vn 0.6302 -0.7764 -0.0028
vn -0.0240 -0.9079 -0.4186
vn 0.2880 0.3733 -0.8819
vn 0.4928 -0.5406 -0.6818
vn 0.4188 -0.6398 -0.6444
vn 0.2654 -0.9517 -0.1544
vn 0.7192 -0.5765 -0.3879
vn 0.7868 -0.6102 0.0924
vn -0.0327 -0.9994 -0.0087
vn 0.1760 -0.9784 -0.1089
vn 0.5566 -0.7575 0.3411
vn 0.2176 -0.7081 -0.6717
vn 0.7999 -0.4351 0.4134
vn 0.3950 -0.6286 0.6699
vn 0.6531 -0.6668 -0.3590
vn 0.0472 -0.9980 -0.0428
vn 0.2555 -0.9641 0.0725
vn 0.3784 -0.9247 0.0415
vn 0.8118 -0.4905 -0.3168
vn 0.3627 -0.5727 0.7352
vn 0.0195 -0.9525 -0.3040
vn 0.0613 -0.8681 -0.4927
vn -0.4007 -0.8728 -0.2788
vn 0.5313 -0.1582 -0.8323
vn 0.9649 -0.0021 0.2628
vn 0.7991 -0.5028 0.3295
vn 0.5805 -0.7372 -0.3458
vn 0.6878 -0.5789 -0.4379
vn -0.5606 -0.6925 -0.4541
vn 0.0595 -0.9975 -0.0392
vn -0.0193 -0.9998 0.0005
vn -0.1919 -0.7743 -0.6030
vn 0.5159 -0.2090 -0.8308
vn 0.4684 -0.6217 0.6278
vn 0.2921 -0.6996 0.6521
vn 0.5638 -0.7131 0.4168
vn 0.6219 -0.6804 0.3876
vn -0.0378 -0.9990 -0.0254
vn 0.5390 -0.8370 -0.0938
vn 0.2293 -0.9480 0.2209
vn 0.3317 -0.9371 0.1084
vn 0.1072 -0.7299 0.6751
vn -0.0014 -0.9950 -0.0994
vn 0.2306 0.5647 -0.7925
vn 0.4596 -0.7646 0.4518
vn 0.6188 -0.5664 0.5444
vn 0.0199 -0.9989 -0.0419
vn 0.7764 -0.6170 0.1285
vn 0.3672 -0.9113 -0.1862
vn -0.0678 -0.8568 -0.5111
vn 0.0722 -0.7129 -0.6975
vn 0.6775 -0.5783 0.4545
vn 0.7184 -0.5496 0.4264
vn 0.9973 -0.0227 0.0705
vn 0.2466 -0.9254 -0.2877
vn 0.8796 -0.4570 -0.1320
vn 0.8745 -0.4669 -0.1311
vn -0.0000 -0.9998 -0.0219
vn 0.5609 -0.7887 0.2518
vn -0.2430 -0.6886 -0.6833
vn 0.3574 -0.7054 0.6121
vn 0.4243 -0.7261 0.5411
vn 0.4986 -0.6672 0.5534
vn -0.0591 -0.9918 0.1137
vn 0.8215 -0.2391 0.5176
vn 0.9300 -0.1454 0.3375
vn 0.4723 -0.8672 -0.1574
vn 0.6405 -0.7363 -0.2182
vn 0.0007 -0.9998 -0.0200
vn 0.2983 -0.8554 0.4234
vn 0.1546 -0.9472 0.2810
vn 0.1861 -0.7639 0.6178
vn 0.4247 -0.7259 0.5410
vn -0.2438 -0.9001 -0.3612
vn -0.1825 -0.9706 -0.1572
vn -0.2629 -0.2099 0.9417
vn 0.2353 -0.9414 -0.2418
vn 0.5109 -0.7508 0.4187
vn 0.4562 -0.8784 -0.1423
vn 0.5200 -0.6833 0.5126
vn -0.0355 -0.9966 0.0740
vn 0.8182 -0.5697 -0.0769
vn 0.0643 -0.8879 0.4556
vn 0.5797 -0.7438 0.3328
vn 0.5445 -0.7631 0.3481
vn 0.6061 -0.7101 0.3583
vn -0.8271 0.3098 0.4689
vn -0.0959 -0.8657 -0.4913
vn -0.1908 -0.8457 -0.4985
vn 0.3723 -0.8935 0.2511
vn 0.2586 -0.9452 -0.1993
vn 0.6299 -0.7628 -0.1463
vn 0.9100 0.2816 0.3042
vn 0.4423 -0.5595 0.7010
vn 0.0666 -0.8904 0.4504
vn 0.0895 -0.8940 0.4391
vn 0.1200 -0.8784 0.4627
vn 0.4247 -0.7255 0.5416
vn 0.4525 -0.8071 0.3791
vn 0.7137 -0.6484 0.2649
vn 0.7569 -0.5856 0.2902
vn 0.8274 -0.5164 0.2209
vn 0.1154 -0.7633 0.6356
vn 0.6215 0.7816 0.0536
vn 0.0816 -0.9531 0.2915
vn 0.0696 -0.5877 0.8061
vn 0.3966 -0.8186 0.4154
vn 0.3839 -0.8015 0.4585
vn 0.4738 -0.7918 0.3854
vn 0.0654 -0.9979 -0.0000
vn 0.1023 -0.8629 0.4950
vn 0.0458 -0.9348 -0.3522
vn 0.3239 -0.8856 -0.3329
vn 0.5207 -0.7961 -0.3082
vn -0.9274 -0.0750 -0.3666
vn 0.1792 -0.9504 0.2544
vn 0.0386 -0.8207 -0.5700
vn 0.6464 -0.6790 0.3481
vn 0.9358 -0.3488 -0.0509
vn 0.0063 -0.9988 -0.0479
vn 0.1775 -0.8639 0.4713
vn 0.9297 -0.1906 0.3153
vn 0.0320 -0.9123 -0.4083
vn 0.5551 -0.7232 -0.4108
vn 0.0677 -0.9977 -0.0079
vn 0.0117 -0.9956 0.0928
vn 0.0832 -0.9395 0.3324
vn 0.2576 -0.9212 0.2916
vn 0.4584 -0.8641 0.2079
vn 0.5947 -0.7898 0.1504
vn 0.6858 -0.7133 0.1446
vn 0.6012 -0.7988 -0.0185
vn -0.0407 -0.9991 -0.0091
vn -0.0327 -0.9994 -0.0102
vn 0.1467 -0.8652 -0.4794
vn 0.5566 -0.8241 0.1050
vn 0.7263 -0.6845 0.0629
vn 0.0180 -0.9990 0.0400
vn -0.5634 -0.4931 -0.6629
vn -0.1299 -0.9465 0.2954
vn 0.0965 -0.9443 0.3148
vn 0.4723 -0.8629 0.1799
vn 0.6996 -0.7039 0.1228
vn 0.8425 -0.5216 0.1347
vn 0.7940 -0.6002 0.0963
vn 0.9089 -0.4145 0.0465
vn 0.7800 0.1763 0.6005
vn 0.6499 0.3820 0.6570
vn -0.1103 -0.8204 -0.5611
vn 0.6598 -0.0694 -0.7483
vn 0.9970 -0.0189 0.0751
vn 0.3248 -0.9456 0.0195
vn 0.0171 -0.8302 -0.5572
vn 0.1639 -0.9784 0.1262
vn 0.0646 -0.9972 0.0382
vn 0.1989 -0.9712 0.1315
vn 0.0888 -0.5558 -0.8266
vn 0.6087 -0.7763 0.1640
vn 0.0402 -0.9966 0.0720
vn 0.6360 0.7016 0.3212
vn -0.0401 -0.9385 0.3428
vn 0.3148 -0.9346 0.1657
vn 0.6000 -0.7889 0.1328
vn 0.6285 -0.7622 0.1550
vn 0.0550 -0.6018 -0.7967
vn 0.0198 -0.9996 -0.0200
vn 0.0133 -0.8359 0.5487
vn 0.0263 -0.9334 0.3580
vn -0.0334 -0.8445 0.5345
vn 0.0520 -0.9436 0.3269
vn 0.8695 -0.4644 -0.1681
vn -0.5131 0.4674 0.7199
vn -0.4552 0.6439 0.6149
vn -0.0945 -0.9640 -0.2486
vn 0.0036 -0.9500 -0.3123
vn -0.0725 -0.9881 0.1358
vn -0.0652 -0.9978 0.0095
vn 0.0196 -0.9973 0.0710
vn 0.0004 -0.9999 0.0134
vn 0.2442 -0.9687 0.0449
vn 0.6470 -0.7510 0.1317
vn 0.2920 -0.5886 0.7538
vn 0.1446 -0.7565 0.6379
vn 0.3156 -0.9335 0.1700
vn 0.7626 -0.6420 -0.0792
vn 0.7961 -0.5818 -0.1667
vn 0.9466 -0.2408 -0.2142
vn 0.0547 -0.9985 -0.0002
vn 0.3275 -0.9265 0.1853
vn 0.2397 -0.9572 0.1625
vn 0.3812 -0.9215 0.0739
vn 0.4136 -0.9080 0.0665
vn 0.6846 -0.7283 -0.0297
vn 0.2672 -0.9621 -0.0539
vn 0.6124 -0.7435 0.2686
vn -0.3362 -0.9040 0.2640
vn 0.4186 -0.8881 0.1896
vn 0.2991 -0.9507 0.0813
vn 0.7314 -0.6800 0.0512
vn 0.6235 -0.6725 0.3988
vn -0.2263 0.9443 0.2391
vn 0.0943 -0.9605 0.2619
vn 0.4617 -0.8870 -0.0071
vn 0.5476 -0.8366 0.0171
vn 0.6829 -0.7299 -0.0305
vn 0.1904 -0.8978 0.3972
vn 0.2833 -0.9143 0.2896
vn -0.2394 -0.7913 -0.5627
vn 0.5478 -0.8365 0.0166
vn 0.6122 -0.7896 0.0427
vn 0.5335 -0.6659 -0.5215
vn -0.0833 -0.9881 0.1296
vn 0.1519 -0.9459 0.2867
vn 0.2606 -0.7296 0.6323
vn -0.2295 -0.9412 -0.2480
vn -0.3511 -0.9202 -0.1729
vn -0.2018 -0.9642 -0.1719
vn 0.9665 0.1678 0.1942
vn -0.0077 -1.0000 0.0004
vn 0.0099 -0.9999 -0.0058
vn 0.0768 -0.9969 0.0186
vn -0.0996 -0.9630 -0.2506
vn 0.4437 -0.6443 -0.6229
vn -0.3498 -0.0714 0.9341
vn 0.3553 -0.9348 -0.0021
vn 0.4561 -0.8896 -0.0219
vn 0.5387 -0.0776 -0.8389
vn -0.0379 -0.9991 -0.0174
vn 0.5908 0.3342 -0.7344
vn 0.4628 -0.8854 -0.0437
vn 0.5204 -0.8531 -0.0381
vn 0.7047 -0.6793 -0.2048
vn 0.7788 -0.5937 -0.2024
vn 0.1537 -0.6559 -0.7390
vn -0.0344 -0.9993 -0.0142
vn -0.2063 0.9555 -0.2107
vn 0.6709 -0.7270 -0.1462
vn 0.0506 -0.9970 -0.0589
vn 0.6805 -0.7232 0.1178
vn -0.7134 -0.6305 0.3059
vn -0.1100 -0.9810 0.1600
vn -0.0016 -0.9992 0.0410
vn 0.6870 -0.7254 -0.0432
vn 0.3592 -0.7799 0.5125
vn 0.3435 -0.1499 0.9271
vn 0.6794 -0.3086 -0.6658
vn 0.8270 0.5279 -0.1936
vn 0.1033 -0.9931 -0.0563
vn 0.1846 -0.6612 0.7272
vn 0.2216 -0.6833 0.6957
vn -0.0253 -0.9702 0.2411
vn 0.0938 -0.9809 0.1706
vn 0.4044 -0.7889 0.4627
vn 0.5354 -0.8331 -0.1392
vn 0.7878 -0.5707 -0.2317
vn 0.0253 -0.9940 0.1062
vn 0.2838 -0.6863 0.6696
vn 0.0516 -0.9895 0.1351
vn -0.0602 -0.9922 0.1094
vn 0.0013 -0.9999 0.0144
vn -0.0009 -0.9999 0.0110
vn -0.0001 -1.0000 -0.0096
vn 0.0144 -0.9999 -0.0007
vn 0.2736 -0.9016 0.3351
vn -0.1905 -0.9749 0.1150
vn 0.2791 -0.9595 -0.0381
vn -0.0131 -0.9998 -0.0118
vn -0.0281 -0.9996 -0.0034
vn -0.1133 -0.9885 0.0998
vn 0.0767 -0.9969 0.0188
vn 0.0270 -0.9996 -0.0000
vn 0.0727 -0.9898 0.1223
vn 0.4840 -0.8681 -0.1098
vn 0.5548 -0.8237 -0.1170
vn 0.6659 -0.6553 -0.3566
vn 0.0050 -1.0000 0.0075
vn 0.6920 -0.6718 -0.2644
vn 0.7215 -0.5536 -0.4159
vn -0.0188 -0.9998 0.0065
vn -0.3355 -0.9342 0.1216
vn -0.0106 -0.9993 0.0348
vn -0.0214 -0.9944 -0.1040
vn -0.0281 -0.9984 -0.0484
vn 0.1058 -0.9934 0.0447
vn 0.0724 -0.6732 -0.7359
vn 0.6804 -0.6769 -0.2809
vn 0.2229 -0.9208 0.3201
vn 0.1740 -0.9846 0.0175
vn 0.0019 -0.9998 -0.0190
vn -0.1540 -0.9067 -0.3927
vn 0.3309 -0.9436 0.0077
vn 0.0565 -0.9984 -0.0006
vn 0.0289 -0.9995 -0.0082
vn 0.7010 -0.7025 0.1226
vn 0.4978 -0.5413 -0.6776
vn 0.1209 -0.9891 0.0842
vn 0.4803 -0.7472 0.4593
vn 0.5559 -0.8167 -0.1547
vn 0.6551 -0.6625 -0.3634
vn 0.0144 -0.9990 -0.0414
vn -0.0517 -0.9949 -0.0866
vn -0.0393 -0.9988 -0.0281
vn 0.6753 -0.7307 0.1008
vn -0.1140 -0.9495 -0.2922
vn 0.6256 -0.7355 -0.2601
vn 0.1108 -0.9898 -0.0897
vn 0.0435 -0.9989 -0.0201
vn 0.1601 -0.9673 -0.1968
vn -0.0247 -0.6905 -0.7229
vn -0.1251 -0.8303 -0.5430
vn -0.5008 -0.5578 -0.6618
vn 0.0402 -0.9992 -0.0064
vn 0.6807 -0.7101 0.1801
vn -0.4031 0.3843 0.8306
vn 0.4752 -0.6209 0.6234
vn 0.6665 -0.5383 -0.5158
vn 0.6666 -0.5778 -0.4710
vn 0.3533 -0.8488 -0.3933
vn 0.1883 -0.9053 -0.3807
vn 0.0266 -0.9988 -0.0417
vn 0.0403 -0.9992 -0.0056
vn -0.1295 -0.1730 0.9764
vn 0.1179 -0.7267 0.6768
vn 0.5892 -0.6347 -0.5000
vn 0.6657 -0.5790 -0.4707
vn 0.7276 -0.4987 -0.4710
vn 0.1314 -0.8765 -0.4631
vn 0.2156 -0.5515 -0.8058
vn -0.0362 -0.7708 -0.6360
vn -0.2311 -0.5396 -0.8096
vn -0.0260 -0.9997 0.0003
vn 0.8952 -0.3346 0.2945
vn 0.5913 0.0565 -0.8045
vn 0.8065 -0.5787 -0.1207
vn 0.8926 -0.4249 -0.1511
vn -0.0574 -0.9981 0.0222
vn 0.4620 -0.8500 0.2532
vn 0.0358 -0.9992 -0.0166
vn 0.3026 -0.9454 -0.1215
vn -0.0395 -0.9981 -0.0480
vn 0.0270 -0.9994 -0.0213
vn -0.3050 -0.9343 -0.1846
vn 0.1236 -0.9240 0.3620
vn 0.1458 -0.9776 -0.1520
vn 0.5132 -0.6981 -0.4992
vn 0.0493 -0.9977 -0.0461
vn 0.6295 -0.7237 -0.2829
vn 0.1519 -0.9858 -0.0716
vn 0.0125 -0.9992 -0.0369
vn 0.0165 -0.9993 -0.0349
vn 0.1747 -0.9806 -0.0893
vn 0.4102 -0.8870 -0.2123
vn 0.8930 -0.3149 -0.3215
vn -0.0852 -0.9937 -0.0729
vn -0.0293 -0.9996 -0.0052
vn 0.9034 -0.3639 -0.2269
vn 0.3527 -0.8998 -0.2568
vn 0.2294 -0.8946 -0.3835
vn 0.0555 -0.9982 -0.0228
vn 0.5096 -0.7159 -0.4772
vn 0.0396 -0.9536 -0.2986
vn -0.0183 -0.9992 0.0348
vn -0.0686 -0.9976 0.0051
vn 0.0033 -0.9998 -0.0176
vn -0.3643 -0.8978 -0.2476
vn 0.2081 -0.8967 0.3906
vn 0.0311 -0.9978 -0.0589
vn -0.8767 -0.2992 0.3766
vn 0.3546 -0.7472 -0.5621
vn 0.0785 -0.9515 -0.2973
vn -0.0810 -0.9930 -0.0863
vn 0.0573 -0.9968 -0.0556
vn 0.6634 -0.6957 -0.2755
vn 0.8461 -0.4051 -0.3464
vn 0.0153 -0.9196 -0.3925
vn -0.0767 -0.9941 -0.0766
vn 0.5710 -0.6337 -0.5219
vn 0.0462 -0.9235 0.3809
vn 0.6830 -0.7286 0.0515
vn 0.5730 -0.7741 0.2691
vn 0.7487 -0.3081 0.5870
vn 0.2503 -0.5082 0.8241
vn 0.0556 -0.9984 -0.0072
vn 0.0089 -0.9997 -0.0210
vn -0.0208 -0.9996 -0.0164
vn 0.6033 -0.6730 -0.4280
vn -0.0195 -0.9997 0.0124
vn 0.0010 -0.9998 -0.0222
vn 0.6742 -0.7304 0.1094
vn 0.0693 -0.9958 -0.0596
vn 0.5019 -0.6192 -0.6039
vn 0.2126 -0.9709 -0.1103
vn -0.0233 -0.9992 -0.0339
vn 0.0870 -0.9957 0.0304
vn 0.7617 -0.6391 0.1063
vn 0.0193 -0.9998 -0.0073
vn 0.0299 -0.9991 -0.0302
vn 0.7248 -0.5452 -0.4213
vn 0.0598 -0.9890 -0.1355
vn 0.6978 -0.2081 -0.6854
vn 0.0640 -0.9979 0.0104
vn -0.2201 -0.9676 -0.1236
vn -0.0137 -0.9999 -0.0074
vn 0.1223 -0.9873 -0.1010
vn 0.6715 -0.6302 -0.3898
vn 0.6534 -0.6591 -0.3724
vn 0.5985 -0.7680 0.2279
vn 0.1389 -0.9900 -0.0264
vn 0.3900 -0.9206 0.0177
vn 0.2421 -0.9619 0.1273
vn 0.0741 -0.9914 0.1078
vn 0.5277 -0.7343 0.4270
vn 0.3739 -0.9237 0.0841
vn 0.2989 -0.9339 0.1959
vn 0.4066 -0.8812 0.2413
s 0
usemtl Glass
f 1069//1 1647//1 1578//1
f 1058//2 909//2 939//2
f 421//3 1176//3 238//3
f 1055//4 1101//4 1042//4
f 238//5 1059//5 1126//5
f 1254//6 30//6 1261//6
f 1065//7 1071//7 1//7
f 1037//8 1130//8 1120//8
f 1570//9 2381//9 1585//9
f 2434//10 2502//10 2473//10
f 1632//11 1654//11 1646//11
f 1144//12 1166//12 669//12
f 1202//13 1440//13 305//13
f 1071//14 1090//14 1//14
f 1555//15 1570//15 1584//15
f 1184//16 1174//16 404//16
f 65//17 432//17 12//17
f 1032//18 1085//18 574//18
f 1789//19 2207//19 2223//19
f 1154//20 1118//20 1184//20
f 1141//21 1086//21 1154//21
f 99//22 1117//22 342//22
f 404//23 1174//23 419//23
f 489//24 2000//24 1998//24
f 1118//25 1174//25 1184//25
f 1196//26 403//26 136//26
f 1495//27 717//27 1490//27
f 1804//28 402//28 1207//28
f 2272//29 1398//29 891//29
f 1100//30 1002//30 804//30
f 1596//31 1595//31 2381//31
f 208//32 420//32 1207//32
f 402//33 208//33 1207//33
f 1455//34 1935//34 1925//34
f 1176//35 1059//35 238//35
f 1150//36 1040//36 348//36
f 1957//37 1537//37 2051//37
f 1124//38 1189//38 939//38
f 1804//39 1207//39 1823//39
f 1381//40 1300//40 1109//40
f 383//41 384//41 1182//41
f 1085//42 1086//42 1141//42
f 1040//43 1046//43 132//43
f 220//44 1495//44 1188//44
f 420//45 261//45 1207//45
f 261//46 420//46 1065//46
f 1055//47 1133//47 1101//47
f 1054//48 421//48 403//48
f 182//49 1109//49 2//49
f 1181//50 1207//50 320//50
f 545//51 1570//51 1561//51
f 35//52 342//52 432//52
f 1024//53 574//53 1141//53
f 432//54 342//54 12//54
f 1489//55 1081//55 1547//55
f 1181//56 320//56 1805//56
f 1516//57 1683//57 1507//57
f 357//58 1117//58 1047//58
f 1561//59 1570//59 1555//59
f 1090//60 1196//60 1206//60
f 1047//61 1203//61 1051//61
f 1165//62 202//62 1121//62
f 1099//63 341//63 301//63
f 1174//64 240//64 419//64
f 922//65 921//65 833//65
f 1121//66 1080//66 385//66
f 815//67 21//67 1183//67
f 35//68 99//68 342//68
f 1083//69 398//69 262//69
f 106//70 94//70 1317//70
f 94//71 292//71 1317//71
f 292//72 95//72 1317//72
f 940//73 1039//73 1033//73
f 1300//74 1306//74 433//74
f 21//75 212//75 471//75
f 1120//76 1131//76 1037//76
f 833//77 921//77 688//77
f 1117//78 357//78 342//78
f 106//79 271//79 94//79
f 386//80 227//80 1375//80
f 1130//81 1044//81 1053//81
f 419//82 240//82 219//82
f 1255//83 1244//83 32//83
f 1557//84 1081//84 1489//84
f 2062//85 2120//85 2109//85
f 2034//86 2110//86 430//86
f 23//87 315//87 1111//87
f 291//88 94//88 271//88
f 291//89 292//89 94//89
f 50//90 386//90 95//90
f 964//91 734//91 665//91
f 1616//92 1585//92 1611//92
f 445//93 1084//93 402//93
f 574//94 1085//94 1141//94
f 1654//95 341//95 1653//95
f 220//96 1188//96 1640//96
f 342//97 69//97 12//97
f 417//98 261//98 328//98
f 292//99 50//99 95//99
f 204//100 227//100 386//100
f 50//101 204//101 386//101
f 1276//102 1471//102 1311//102
f 1206//103 1196//103 136//103
f 1033//104 1055//104 1042//104
f 1037//105 1044//105 1130//105
f 1180//106 320//106 417//106
f 1121//107 202//107 1080//107
f 325//108 203//108 271//108
f 291//109 76//109 292//109
f 292//110 237//110 50//110
f 2159//111 1696//111 1767//111
f 583//112 929//112 850//112
f 1584//113 1585//113 1616//113
f 1495//114 1490//114 1188//114
f 1557//115 1489//115 1660//115
f 1078//116 1069//116 1494//116
f 1972//117 1992//117 1971//117
f 183//118 1226//118 2000//118
f 325//119 429//119 203//119
f 292//120 76//120 237//120
f 1152//121 227//121 1143//121
f 1488//122 1412//122 1489//122
f 1638//123 1646//123 1653//123
f 1947//124 1869//124 2468//124
f 203//125 306//125 291//125
f 306//126 76//126 291//126
f 237//127 248//127 50//127
f 204//128 1143//128 227//128
f 2395//129 14//129 429//129
f 1502//130 881//130 2500//130
f 1//131 1090//131 202//131
f 1652//132 1653//132 1099//132
f 2117//133 1863//133 2496//133
f 50//134 248//134 204//134
f 160//135 792//135 994//135
f 884//136 888//136 857//136
f 544//137 2117//137 2496//137
f 1090//138 1206//138 202//138
f 2463//139 879//139 2492//139
f 429//140 306//140 203//140
f 498//141 188//141 418//141
f 865//142 884//142 857//142
f 994//143 998//143 1014//143
f 884//144 897//144 888//144
f 1795//145 948//145 1802//145
f 208//146 1035//146 1071//146
f 1065//147 1//147 1066//147
f 377//148 435//148 1377//148
f 304//149 429//149 14//149
f 304//150 306//150 429//150
f 73//151 60//151 74//151
f 248//152 592//152 204//152
f 846//153 2264//153 829//153
f 897//154 912//154 906//154
f 1004//155 991//155 992//155
f 1422//156 1421//156 1233//156
f 980//157 10//157 303//157
f 1058//158 922//158 909//158
f 2436//159 2449//159 2418//159
f 394//160 435//160 377//160
f 435//161 475//161 446//161
f 475//162 474//162 446//162
f 336//163 337//163 361//163
f 338//164 235//164 372//164
f 624//165 148//165 129//165
f 812//166 306//166 596//166
f 1726//167 992//167 1019//167
f 945//168 1514//168 1511//168
f 1069//169 1627//169 1628//169
f 1812//170 1823//170 1181//170
f 1165//171 1121//171 169//171
f 447//172 475//172 435//172
f 2487//173 2458//173 901//173
f 42//174 59//174 46//174
f 401//175 7//175 187//175
f 1010//176 970//176 797//176
f 1513//177 220//177 1640//177
f 2474//178 2491//178 2462//178
f 594//179 307//179 1014//179
f 398//180 1513//180 1640//180
f 307//181 594//181 1026//181
f 545//182 2381//182 1570//182
f 403//183 421//183 238//183
f 445//184 402//184 127//184
f 1611//185 1631//185 1616//185
f 1805//186 1180//186 1148//186
f 394//187 447//187 435//187
f 2341//188 2413//188 2376//188
f 75//189 74//189 60//189
f 541//190 47//190 42//190
f 47//191 59//191 42//191
f 541//192 42//192 28//192
f 917//193 931//193 1103//193
f 897//194 906//194 883//194
f 2484//195 2068//195 779//195
f 888//196 883//196 857//196
f 261//197 1065//197 328//197
f 363//198 1307//198 349//198
f 377//199 363//199 394//199
f 444//200 747//200 464//200
f 323//201 338//201 362//201
f 92//202 116//202 74//202
f 592//203 634//203 97//203
f 982//204 1027//204 1004//204
f 1020//205 982//205 1004//205
f 1084//206 1054//206 1035//206
f 208//207 402//207 1084//207
f 421//208 1119//208 1176//208
f 1207//209 1181//209 1823//209
f 1179//210 1187//210 1160//210
f 263//211 296//211 1343//211
f 1298//212 296//212 1307//212
f 1307//213 296//213 349//213
f 405//214 363//214 349//214
f 405//215 394//215 363//215
f 405//216 447//216 394//216
f 362//217 372//217 384//217
f 338//218 372//218 362//218
f 983//219 1004//219 987//219
f 122//220 134//220 139//220
f 415//221 440//221 414//221
f 75//222 92//222 74//222
f 226//223 186//223 246//223
f 796//224 787//224 700//224
f 1119//225 1059//225 1176//225
f 122//226 114//226 91//226
f 624//227 129//227 116//227
f 641//228 558//228 631//228
f 1311//229 1318//229 1487//229
f 100//230 1162//230 1170//230
f 1653//231 341//231 1099//231
f 1316//232 1983//232 273//232
f 263//233 277//233 296//233
f 296//234 358//234 349//234
f 436//235 447//235 405//235
f 109//236 554//236 570//236
f 504//237 1385//237 2501//237
f 115//238 122//238 91//238
f 2068//239 2460//239 779//239
f 43//240 777//240 163//240
f 378//241 405//241 349//241
f 358//242 378//242 349//242
f 448//243 447//243 436//243
f 448//244 476//244 447//244
f 78//245 77//245 108//245
f 75//246 60//246 47//246
f 1764//247 2481//247 1795//247
f 717//248 714//248 1512//248
f 1490//249 717//249 1501//249
f 238//250 1126//250 168//250
f 1878//251 1866//251 826//251
f 2025//252 2360//252 2367//252
f 251//253 278//253 263//253
f 278//254 277//254 263//254
f 277//255 318//255 296//255
f 296//256 318//256 358//256
f 318//257 350//257 358//257
f 378//258 436//258 405//258
f 384//259 372//259 1182//259
f 454//260 440//260 415//260
f 987//261 1004//261 992//261
f 493//262 476//262 448//262
f 323//263 788//263 338//263
f 403//264 238//264 136//264
f 1565//265 1503//265 1474//265
f 297//266 277//266 278//266
f 297//267 318//267 277//267
f 358//268 350//268 378//268
f 378//269 388//269 436//269
f 476//270 493//270 500//270
f 73//271 105//271 60//271
f 323//272 337//272 312//272
f 953//273 1573//273 2358//273
f 142//274 161//274 119//274
f 454//275 443//275 440//275
f 1862//276 1871//276 1405//276
f 297//277 319//277 318//277
f 560//278 47//278 541//278
f 170//279 1323//279 111//279
f 357//280 1047//280 1050//280
f 1119//281 98//281 1059//281
f 1838//282 1877//282 1900//282
f 2359//283 230//283 251//283
f 350//284 364//284 378//284
f 449//285 448//285 436//285
f 449//286 493//286 448//286
f 185//287 186//287 226//287
f 443//288 469//288 479//288
f 874//289 165//289 2480//289
f 463//290 444//290 464//290
f 64//291 105//291 91//291
f 1182//292 440//292 1129//292
f 1958//293 1651//293 2502//293
f 1238//294 2034//294 191//294
f 251//295 279//295 278//295
f 278//296 279//296 297//296
f 364//297 388//297 378//297
f 483//298 493//298 449//298
f 134//299 148//299 139//299
f 244//300 268//300 259//300
f 910//301 942//301 930//301
f 105//302 115//302 91//302
f 24//303 30//303 18//303
f 1132//304 487//304 1059//304
f 1869//305 1947//305 2021//305
f 2497//306 2494//306 2463//306
f 2359//307 2385//307 230//307
f 230//308 280//308 251//308
f 251//309 280//309 279//309
f 279//310 308//310 297//310
f 297//311 308//311 319//311
f 319//312 364//312 318//312
f 364//313 350//313 318//313
f 388//314 395//314 436//314
f 436//315 395//315 449//315
f 493//316 472//316 500//316
f 122//317 129//317 134//317
f 125//318 142//318 124//318
f 373//319 400//319 393//319
f 24//320 557//320 30//320
f 2264//321 2278//321 2251//321
f 1261//322 30//322 1269//322
f 1730//323 1862//323 1877//323
f 252//324 280//324 230//324
f 343//325 364//325 319//325
f 364//326 343//326 388//326
f 63//327 64//327 91//327
f 399//328 393//328 416//328
f 416//329 444//329 463//329
f 162//330 189//330 142//330
f 768//331 373//331 326//331
f 189//332 661//332 177//332
f 189//333 199//333 661//333
f 847//334 887//334 864//334
f 533//335 747//335 444//335
f 1744//336 1022//336 1418//336
f 1170//337 524//337 729//337
f 121//338 1342//338 128//338
f 1236//339 1244//339 26//339
f 280//340 281//340 279//340
f 281//341 308//341 279//341
f 343//342 319//342 308//342
f 343//343 365//343 388//343
f 388//344 365//344 395//344
f 365//345 406//345 395//345
f 406//346 449//346 395//346
f 483//347 477//347 493//347
f 477//348 491//348 472//348
f 493//349 477//349 472//349
f 78//350 109//350 77//350
f 166//351 174//351 196//351
f 481//352 150//352 814//352
f 63//353 59//353 64//353
f 326//354 373//354 393//354
f 643//355 260//355 43//355
f 230//356 253//356 252//356
f 449//357 441//357 483//357
f 441//358 477//358 483//358
f 415//359 416//359 463//359
f 226//360 246//360 245//360
f 464//361 470//361 454//361
f 323//362 362//362 337//362
f 52//363 37//363 1283//363
f 253//364 281//364 252//364
f 281//365 280//365 252//365
f 309//366 308//366 281//366
f 330//367 343//367 308//367
f 366//368 365//368 343//368
f 441//369 449//369 406//369
f 464//370 814//370 15//370
f 883//371 906//371 887//371
f 337//372 362//372 371//372
f 479//373 498//373 290//373
f 247//374 746//374 1003//374
f 25//375 37//375 557//375
f 640//376 930//376 669//376
f 2486//377 2499//377 2459//377
f 309//378 330//378 308//378
f 343//379 330//379 366//379
f 441//380 437//380 477//380
f 290//381 498//381 418//381
f 124//382 119//382 108//382
f 77//383 124//383 108//383
f 589//384 125//384 109//384
f 570//385 589//385 109//385
f 125//386 162//386 142//386
f 1045//387 433//387 1034//387
f 1207//388 261//388 320//388
f 2004//389 2474//389 2495//389
f 1215//390 1228//390 2285//390
f 365//391 396//391 406//391
f 396//392 422//392 406//392
f 422//393 437//393 441//393
f 406//394 422//394 441//394
f 59//395 47//395 60//395
f 51//396 78//396 66//396
f 361//397 371//397 383//397
f 196//398 215//398 214//398
f 463//399 454//399 415//399
f 27//400 41//400 535//400
f 53//401 1283//401 37//401
f 84//402 1299//402 1283//402
f 1805//403 320//403 1180//403
f 254//404 253//404 222//404
f 254//405 281//405 253//405
f 309//406 366//406 330//406
f 396//407 365//407 366//407
f 456//408 477//408 437//408
f 484//409 491//409 477//409
f 2480//410 2485//410 2493//410
f 418//411 188//411 187//411
f 53//412 85//412 1283//412
f 85//413 84//413 1283//413
f 420//414 1071//414 1065//414
f 264//415 281//415 254//415
f 298//416 309//416 281//416
f 368//417 366//417 367//417
f 368//418 396//418 366//418
f 1639//419 1564//419 1139//419
f 560//420 48//420 47//420
f 82//421 471//421 212//421
f 25//422 38//422 37//422
f 202//423 1206//423 1080//423
f 264//424 298//424 281//424
f 298//425 331//425 309//425
f 309//426 331//426 366//426
f 331//427 367//427 366//427
f 396//428 368//428 422//428
f 422//429 456//429 437//429
f 491//430 1192//430 313//430
f 1699//431 2064//431 1710//431
f 462//432 443//432 479//432
f 371//433 362//433 384//433
f 2502//434 2476//434 2464//434
f 371//435 384//435 383//435
f 21//436 732//436 212//436
f 1571//437 1629//437 1627//437
f 38//438 39//438 53//438
f 37//439 38//439 53//439
f 39//440 85//440 53//440
f 1173//441 1184//441 404//441
f 1006//442 2142//442 1674//442
f 201//443 255//443 254//443
f 255//444 264//444 254//444
f 368//445 407//445 422//445
f 450//446 456//446 422//446
f 450//447 484//447 456//447
f 456//448 484//448 477//448
f 314//449 1192//449 491//449
f 2027//450 2501//450 2489//450
f 2475//451 2471//451 2488//451
f 551//452 492//452 732//452
f 464//453 481//453 814//453
f 1081//454 1494//454 1547//454
f 201//455 231//455 255//455
f 407//456 450//456 422//456
f 484//457 494//457 491//457
f 494//458 327//458 491//458
f 327//459 314//459 491//459
f 876//460 797//460 995//460
f 847//461 856//461 829//461
f 125//462 143//462 162//462
f 134//463 129//463 148//463
f 1564//464 1571//464 1627//464
f 417//465 320//465 261//465
f 328//466 1065//466 1066//466
f 170//467 156//467 201//467
f 156//468 231//468 201//468
f 231//469 282//469 255//469
f 282//470 264//470 255//470
f 450//471 485//471 484//471
f 484//472 485//472 494//472
f 2463//473 2486//473 2479//473
f 159//474 185//474 167//474
f 492//475 68//475 212//475
f 732//476 492//476 212//476
f 68//477 82//477 212//477
f 1311//478 1471//478 1296//478
f 101//479 156//479 111//479
f 332//480 264//480 282//480
f 332//481 298//481 264//481
f 332//482 331//482 298//482
f 331//483 332//483 367//483
f 407//484 423//484 450//484
f 450//485 423//485 485//485
f 804//486 1002//486 1443//486
f 2484//487 779//487 946//487
f 689//488 443//488 462//488
f 440//489 689//489 1129//489
f 166//490 167//490 174//490
f 38//491 31//491 39//491
f 112//492 145//492 101//492
f 101//493 145//493 156//493
f 156//494 256//494 231//494
f 332//495 423//495 368//495
f 367//496 332//496 368//496
f 368//497 423//497 407//497
f 946//498 779//498 920//498
f 1432//499 1261//499 1449//499
f 461//500 478//500 453//500
f 464//501 15//501 470//501
f 31//502 54//502 39//502
f 39//503 54//503 85//503
f 86//504 101//504 85//504
f 145//505 210//505 156//505
f 282//506 283//506 332//506
f 283//507 369//507 332//507
f 369//508 423//508 332//508
f 423//509 408//509 485//509
f 854//510 876//510 965//510
f 78//511 108//511 66//511
f 440//512 443//512 689//512
f 374//513 2465//513 961//513
f 929//514 519//514 979//514
f 54//515 86//515 85//515
f 156//516 241//516 256//516
f 256//517 282//517 231//517
f 256//518 283//518 282//518
f 389//519 423//519 369//519
f 389//520 408//520 423//520
f 408//521 457//521 485//521
f 457//522 49//522 485//522
f 485//523 49//523 494//523
f 494//524 135//524 327//524
f 175//525 83//525 314//525
f 1167//526 1140//526 1483//526
f 196//527 174//527 215//527
f 697//528 16//528 68//528
f 1038//529 82//529 16//529
f 140//530 117//530 141//530
f 1654//531 1653//531 1646//531
f 1234//532 54//532 31//532
f 86//533 112//533 101//533
f 210//534 241//534 156//534
f 923//535 917//535 911//535
f 697//536 34//536 16//536
f 145//537 193//537 210//537
f 256//538 265//538 283//538
f 265//539 310//539 283//539
f 283//540 310//540 369//540
f 310//541 344//541 369//541
f 344//542 370//542 369//542
f 370//543 389//543 369//543
f 409//544 408//544 389//544
f 409//545 466//545 408//545
f 466//546 457//546 408//546
f 466//547 49//547 457//547
f 49//548 135//548 494//548
f 174//549 225//549 215//549
f 1014//550 766//550 602//550
f 826//551 2220//551 2215//551
f 1078//552 1494//552 1081//552
f 1273//553 70//553 86//553
f 120//554 112//554 86//554
f 146//555 145//555 112//555
f 146//556 193//556 145//556
f 265//557 256//557 241//557
f 223//558 265//558 241//558
f 486//559 49//559 466//559
f 175//560 327//560 135//560
f 105//561 122//561 115//561
f 480//562 15//562 681//562
f 225//563 234//563 215//563
f 731//564 34//564 697//564
f 86//565 54//565 1273//565
f 70//566 120//566 86//566
f 193//567 241//567 210//567
f 299//568 310//568 265//568
f 310//569 333//569 344//569
f 344//570 351//570 370//570
f 424//571 466//571 409//571
f 135//572 49//572 175//572
f 214//573 215//573 234//573
f 48//574 75//574 47//574
f 34//575 9//575 1038//575
f 16//576 34//576 1038//576
f 203//577 291//577 271//577
f 9//578 558//578 754//578
f 1195//579 397//579 1120//579
f 120//580 146//580 112//580
f 146//581 194//581 193//581
f 266//582 265//582 223//582
f 266//583 299//583 265//583
f 299//584 333//584 310//584
f 333//585 351//585 344//585
f 382//586 383//586 392//586
f 399//587 416//587 415//587
f 266//588 333//588 299//588
f 351//589 352//589 370//589
f 424//590 486//590 466//590
f 487//591 175//591 49//591
f 7//592 117//592 187//592
f 1182//593 414//593 440//593
f 41//594 42//594 46//594
f 290//595 289//595 497//595
f 2502//596 2464//596 2473//596
f 372//597 399//597 414//597
f 1570//598 1585//598 1584//598
f 1066//599 1//599 1165//599
f 1//600 202//600 1165//600
f 120//601 70//601 102//601
f 157//602 146//602 120//602
f 194//603 223//603 193//603
f 223//604 241//604 193//604
f 352//605 379//605 370//605
f 370//606 379//606 389//606
f 410//607 409//607 389//607
f 2478//608 1409//608 1958//608
f 806//609 945//609 1002//609
f 157//610 194//610 146//610
f 267//611 266//611 223//611
f 267//612 333//612 266//612
f 379//613 410//613 389//613
f 410//614 438//614 409//614
f 438//615 424//615 409//615
f 190//616 205//616 143//616
f 337//617 371//617 361//617
f 2215//618 830//618 826//618
f 1631//619 1646//619 1638//619
f 102//620 157//620 120//620
f 157//621 195//621 194//621
f 195//622 223//622 194//622
f 195//623 211//623 223//623
f 223//624 211//624 267//624
f 267//625 300//625 333//625
f 300//626 334//626 351//626
f 333//627 300//627 351//627
f 351//628 334//628 352//628
f 410//629 411//629 438//629
f 438//630 486//630 424//630
f 487//631 49//631 486//631
f 875//632 594//632 989//632
f 108//633 581//633 66//633
f 225//634 245//634 244//634
f 312//635 336//635 335//635
f 151//636 754//636 107//636
f 274//637 1386//637 300//637
f 352//638 334//638 379//638
f 923//639 1729//639 1096//639
f 244//640 245//640 268//640
f 463//641 464//641 454//641
f 414//642 399//642 415//642
f 15//643 480//643 470//643
f 1647//644 1069//644 1078//644
f 909//645 922//645 833//645
f 387//646 417//646 328//646
f 133//647 157//647 102//647
f 1314//648 133//648 102//648
f 133//649 195//649 157//649
f 1148//650 1179//650 1160//650
f 1046//651 1167//651 182//651
f 379//652 411//652 410//652
f 792//653 339//653 229//653
f 391//654 7//654 668//654
f 185//655 226//655 174//655
f 461//656 290//656 497//656
f 2027//657 504//657 2501//657
f 1196//658 1054//658 403//658
f 728//659 1019//659 752//659
f 2459//660 2483//660 2461//660
f 1291//661 1264//661 55//661
f 133//662 1356//662 195//662
f 195//663 1356//663 211//663
f 412//664 438//664 411//664
f 4//665 486//665 438//665
f 458//666 4//666 438//666
f 4//667 487//667 486//667
f 1720//668 1572//668 1771//668
f 245//669 275//669 268//669
f 1869//670 2021//670 2059//670
f 235//671 399//671 372//671
f 64//672 60//672 105//672
f 836//673 2492//673 879//673
f 1315//674 133//674 1314//674
f 1331//675 1382//675 1356//675
f 1310//676 926//676 1128//676
f 7//677 1121//677 117//677
f 119//678 161//678 611//678
f 380//679 379//679 334//679
f 379//680 380//680 411//680
f 467//681 4//681 458//681
f 495//682 487//682 4//682
f 495//683 1126//683 487//683
f 416//684 400//684 533//684
f 479//685 469//685 498//685
f 74//686 116//686 73//686
f 478//687 461//687 497//687
f 393//688 400//688 416//688
f 61//689 1291//689 55//689
f 505//690 1999//690 2474//690
f 1999//691 2491//691 2474//691
f 199//692 189//692 36//692
f 1164//693 1165//693 169//693
f 1179//694 387//694 249//694
f 390//695 411//695 380//695
f 411//696 390//696 412//696
f 458//697 438//697 412//697
f 495//698 168//698 1126//698
f 480//699 469//699 470//699
f 116//700 122//700 105//700
f 418//701 187//701 140//701
f 185//702 174//702 167//702
f 166//703 148//703 167//703
f 470//704 469//704 443//704
f 40//705 55//705 32//705
f 61//706 71//706 1291//706
f 71//707 103//707 1291//707
f 1184//708 1173//708 1154//708
f 634//709 514//709 97//709
f 425//710 458//710 412//710
f 917//711 923//711 931//711
f 2472//712 2489//712 853//712
f 754//713 641//713 567//713
f 44//714 567//714 1163//714
f 454//715 470//715 443//715
f 40//716 32//716 1249//716
f 33//717 40//717 1249//717
f 56//718 55//718 40//718
f 56//719 61//719 55//719
f 451//720 1265//720 439//720
f 1180//721 417//721 1179//721
f 1099//722 301//722 1077//722
f 1189//723 1058//723 939//723
f 1059//724 221//724 1132//724
f 598//725 1074//725 1075//725
f 412//726 426//726 425//726
f 650//727 186//727 185//727
f 234//728 244//728 259//728
f 226//729 245//729 225//729
f 1033//730 1042//730 1030//730
f 2492//731 836//731 247//731
f 7//732 169//732 1121//732
f 1462//733 1322//733 1482//733
f 425//734 467//734 458//734
f 496//735 4//735 467//735
f 1751//736 2468//736 2480//736
f 290//737 418//737 140//737
f 326//738 789//738 762//738
f 142//739 177//739 161//739
f 165//740 1751//740 2480//740
f 87//741 103//741 71//741
f 103//742 87//742 104//742
f 1180//743 1179//743 1148//743
f 417//744 387//744 1179//744
f 2081//745 2060//745 2031//745
f 1154//746 1173//746 1141//746
f 181//747 131//747 197//747
f 442//748 425//748 426//748
f 614//749 144//749 143//749
f 876//750 1010//750 797//750
f 40//751 45//751 56//751
f 56//752 45//752 61//752
f 87//753 71//753 61//753
f 1563//754 1437//754 1590//754
f 1121//755 385//755 117//755
f 1148//756 1160//756 1137//756
f 1449//757 1459//757 1439//757
f 1028//758 2462//758 929//758
f 442//759 459//759 425//759
f 459//760 467//760 425//760
f 168//761 495//761 4//761
f 496//762 168//762 4//762
f 1763//763 1403//763 1444//763
f 140//764 187//764 117//764
f 244//765 234//765 225//765
f 246//766 740//766 269//766
f 372//767 414//767 1182//767
f 40//768 547//768 45//768
f 45//769 62//769 61//769
f 62//770 87//770 61//770
f 87//771 88//771 104//771
f 1084//772 517//772 1054//772
f 387//773 328//773 1064//773
f 2467//774 2497//774 2485//774
f 286//775 1363//775 302//775
f 205//776 189//776 162//776
f 290//777 140//777 289//777
f 214//778 234//778 224//778
f 393//779 399//779 809//779
f 315//780 1131//780 397//780
f 302//781 321//781 353//781
f 1164//782 169//782 391//782
f 427//783 459//783 442//783
f 217//784 496//784 467//784
f 217//785 168//785 496//785
f 978//786 969//786 2074//786
f 361//787 383//787 382//787
f 269//788 276//788 245//788
f 1440//789 11//789 305//789
f 62//790 88//790 87//790
f 328//791 1066//791 1064//791
f 1066//792 1165//792 1164//792
f 242//793 287//793 302//793
f 1363//794 242//794 302//794
f 287//795 321//795 302//795
f 1179//796 249//796 1187//796
f 983//797 1020//797 1004//797
f 464//798 747//798 481//798
f 788//799 323//799 276//799
f 269//800 245//800 246//800
f 88//801 89//801 1325//801
f 171//802 172//802 242//802
f 360//803 353//803 321//803
f 360//804 1354//804 353//804
f 1057//805 1064//805 1164//805
f 2184//806 2188//806 2183//806
f 460//807 459//807 451//807
f 460//808 467//808 459//808
f 149//809 168//809 217//809
f 149//810 136//810 168//810
f 116//811 129//811 122//811
f 109//812 124//812 77//812
f 159//813 167//813 148//813
f 28//814 42//814 41//814
f 57//815 88//815 62//815
f 45//816 57//816 62//816
f 1336//817 1325//817 89//817
f 89//818 72//818 1336//818
f 147//819 172//819 171//819
f 172//820 258//820 242//820
f 258//821 257//821 242//821
f 257//822 287//822 242//822
f 257//823 321//823 287//823
f 345//824 360//824 321//824
f 360//825 381//825 1354//825
f 1069//826 938//826 1655//826
f 387//827 473//827 249//827
f 270//828 217//828 467//828
f 130//829 136//829 149//829
f 851//830 847//830 829//830
f 983//831 987//831 975//831
f 189//832 177//832 142//832
f 88//833 72//833 89//833
f 184//834 258//834 172//834
f 257//835 288//835 321//835
f 1265//836 451//836 459//836
f 270//837 149//837 217//837
f 226//838 225//838 174//838
f 27//839 28//839 41//839
f 109//840 125//840 124//840
f 547//841 57//841 45//841
f 57//842 58//842 88//842
f 88//843 58//843 72//843
f 2476//844 2484//844 2458//844
f 147//845 184//845 172//845
f 184//846 213//846 258//846
f 258//847 243//847 257//847
f 243//848 288//848 257//848
f 345//849 321//849 288//849
f 391//850 169//850 7//850
f 468//851 460//851 451//851
f 468//852 488//852 460//852
f 270//853 467//853 460//853
f 488//854 270//854 460//854
f 1206//855 136//855 130//855
f 481//856 793//856 150//856
f 143//857 205//857 162//857
f 142//858 119//858 124//858
f 58//859 90//859 72//859
f 90//860 128//860 72//860
f 147//861 173//861 184//861
f 173//862 213//862 184//862
f 213//863 233//863 258//863
f 258//864 233//864 243//864
f 354//865 360//865 345//865
f 354//866 381//866 360//866
f 1026//867 991//867 307//867
f 268//868 312//868 259//868
f 1206//869 130//869 1080//869
f 116//870 105//870 73//870
f 139//871 148//871 166//871
f 275//872 312//872 268//872
f 188//873 401//873 187//873
f 2479//874 2459//874 2461//874
f 58//875 63//875 90//875
f 1064//876 1066//876 1164//876
f 1064//877 473//877 387//877
f 288//878 311//878 345//878
f 311//879 354//879 345//879
f 996//880 994//880 307//880
f 452//881 468//881 439//881
f 452//882 478//882 468//882
f 478//883 488//883 468//883
f 141//884 130//884 149//884
f 1564//885 1639//885 1563//885
f 547//886 41//886 57//886
f 2081//887 2107//887 2060//887
f 382//888 381//888 354//888
f 497//889 270//889 488//889
f 289//890 149//890 270//890
f 289//891 141//891 149//891
f 114//892 122//892 139//892
f 59//893 60//893 64//893
f 275//894 323//894 312//894
f 401//895 668//895 7//895
f 41//896 46//896 57//896
f 57//897 46//897 58//897
f 1459//898 1345//898 1269//898
f 1342//899 121//899 158//899
f 166//900 173//900 158//900
f 213//901 224//901 233//901
f 233//902 259//902 243//902
f 243//903 322//903 288//903
f 322//904 311//904 288//904
f 453//905 478//905 452//905
f 497//906 289//906 270//906
f 912//907 911//907 906//907
f 276//908 323//908 275//908
f 276//909 275//909 245//909
f 46//910 63//910 58//910
f 90//911 121//911 128//911
f 173//912 214//912 213//912
f 213//913 214//913 224//913
f 259//914 322//914 243//914
f 336//915 311//915 322//915
f 336//916 354//916 311//916
f 361//917 382//917 354//917
f 1043//918 439//918 1290//918
f 497//919 488//919 478//919
f 385//920 130//920 141//920
f 385//921 1080//921 130//921
f 144//922 190//922 143//922
f 535//923 41//923 547//923
f 121//924 166//924 158//924
f 335//925 336//925 322//925
f 354//926 336//926 361//926
f 2004//927 2481//927 1764//927
f 698//928 439//928 1043//928
f 289//929 140//929 141//929
f 923//930 1096//930 931//930
f 650//931 185//931 159//931
f 46//932 59//932 63//932
f 63//933 91//933 90//933
f 90//934 114//934 121//934
f 121//935 139//935 166//935
f 173//936 196//936 214//936
f 259//937 335//937 322//937
f 2478//938 2502//938 2434//938
f 312//939 337//939 336//939
f 90//940 91//940 114//940
f 114//941 139//941 121//941
f 166//942 196//942 173//942
f 224//943 234//943 233//943
f 234//944 259//944 233//944
f 259//945 312//945 335//945
f 1124//946 916//946 1189//946
f 542//947 541//947 530//947
f 462//948 479//948 290//948
f 269//949 783//949 276//949
f 813//950 567//950 641//950
f 276//951 783//951 788//951
f 82//952 1038//952 1333//952
f 816//953 701//953 703//953
f 672//954 137//954 603//954
f 625//955 635//955 624//955
f 2457//956 2439//956 1973//956
f 767//957 533//957 529//957
f 2468//958 1869//958 2480//958
f 662//959 190//959 639//959
f 711//960 720//960 719//960
f 630//961 639//961 614//961
f 161//962 654//962 638//962
f 781//963 991//963 982//963
f 1227//964 31//964 516//964
f 648//965 639//965 630//965
f 630//966 614//966 590//966
f 2098//967 544//967 1899//967
f 578//968 579//968 586//968
f 697//969 492//969 551//969
f 529//970 533//970 400//970
f 869//971 859//971 870//971
f 1732//972 924//972 914//972
f 1004//973 1027//973 991//973
f 801//974 591//974 603//974
f 636//975 676//975 651//975
f 876//976 949//976 965//976
f 2207//977 1789//977 1859//977
f 76//978 739//978 237//978
f 188//979 681//979 15//979
f 578//980 604//980 599//980
f 797//981 616//981 995//981
f 510//982 2035//982 1365//982
f 76//983 812//983 617//983
f 617//984 739//984 76//984
f 1468//985 93//985 1765//985
f 596//986 546//986 812//986
f 1457//987 1305//987 1477//987
f 760//988 197//988 150//988
f 671//989 773//989 765//989
f 586//990 609//990 604//990
f 591//991 700//991 632//991
f 476//992 2312//992 474//992
f 2084//993 2027//993 2489//993
f 582//994 590//994 571//994
f 1555//995 2449//995 1996//995
f 674//996 546//996 596//996
f 812//997 655//997 617//997
f 161//998 177//998 661//998
f 599//999 604//999 636//999
f 700//1000 787//1000 576//1000
f 776//1001 675//1001 572//1001
f 776//1002 674//1002 675//1002
f 617//1003 634//1003 739//1003
f 591//1004 632//1004 649//1004
f 612//1005 546//1005 674//1005
f 617//1006 655//1006 634//1006
f 728//1007 752//1007 706//1007
f 571//1008 2311//1008 2305//1008
f 775//1009 674//1009 776//1009
f 775//1010 612//1010 674//1010
f 612//1011 628//1011 546//1011
f 546//1012 628//1012 812//1012
f 812//1013 628//1013 655//1013
f 620//1014 630//1014 615//1014
f 620//1015 648//1015 630//1015
f 667//1016 653//1016 646//1016
f 810//1017 782//1017 785//1017
f 150//1018 197//1018 814//1018
f 534//1019 1517//1019 2000//1019
f 702//1020 572//1020 2378//1020
f 748//1021 776//1021 572//1021
f 655//1022 613//1022 634//1022
f 911//1023 917//1023 905//1023
f 648//1024 679//1024 662//1024
f 727//1025 771//1025 713//1025
f 750//1026 807//1026 799//1026
f 639//1027 190//1027 144//1027
f 662//1028 679//1028 200//1028
f 702//1029 748//1029 572//1029
f 775//1030 776//1030 748//1030
f 628//1031 718//1031 655//1031
f 626//1032 658//1032 645//1032
f 791//1033 778//1033 790//1033
f 612//1034 811//1034 628//1034
f 613//1035 514//1035 634//1035
f 1380//1036 1756//1036 1673//1036
f 570//1037 590//1037 614//1037
f 720//1038 741//1038 719//1038
f 1074//1039 795//1039 835//1039
f 614//1040 639//1040 144//1040
f 612//1041 775//1041 811//1041
f 718//1042 735//1042 655//1042
f 655//1043 735//1043 613//1043
f 798//1044 338//1044 788//1044
f 636//1045 652//1045 676//1045
f 571//1046 590//1046 555//1046
f 528//1047 730//1047 687//1047
f 690//1048 702//1048 2312//1048
f 476//1049 690//1049 2312//1049
f 811//1050 718//1050 628//1050
f 721//1051 778//1051 727//1051
f 748//1052 702//1052 690//1052
f 735//1053 686//1053 613//1053
f 1517//1054 2002//1054 2127//1054
f 654//1055 685//1055 667//1055
f 569//1056 588//1056 606//1056
f 513//1057 531//1057 538//1057
f 538//1058 549//1058 548//1058
f 549//1059 553//1059 548//1059
f 550//1060 588//1060 549//1060
f 1903//1061 869//1061 870//1061
f 691//1062 775//1062 748//1062
f 691//1063 600//1063 775//1063
f 600//1064 811//1064 775//1064
f 811//1065 563//1065 718//1065
f 563//1066 736//1066 718//1066
f 718//1067 736//1067 735//1067
f 736//1068 647//1068 735//1068
f 735//1069 647//1069 686//1069
f 686//1070 745//1070 613//1070
f 745//1071 514//1071 613//1071
f 569//1072 606//1072 605//1072
f 654//1073 667//1073 638//1073
f 851//1074 857//1074 847//1074
f 588//1075 569//1075 549//1075
f 690//1076 691//1076 748//1076
f 680//1077 514//1077 745//1077
f 2127//1078 2002//1078 2094//1078
f 747//1079 701//1079 481//1079
f 400//1080 373//1080 529//1080
f 600//1081 536//1081 811//1081
f 536//1082 563//1082 811//1082
f 1306//1083 227//1083 1152//1083
f 522//1084 24//1084 18//1084
f 523//1085 24//1085 522//1085
f 865//1086 857//1086 851//1086
f 2031//1087 2060//1087 1540//1087
f 767//1088 701//1088 747//1088
f 618//1089 652//1089 609//1089
f 652//1090 636//1090 609//1090
f 573//1091 22//1091 710//1091
f 642//1092 699//1092 730//1092
f 1522//1093 1518//1093 2476//1093
f 500//1094 629//1094 691//1094
f 690//1095 500//1095 691//1095
f 691//1096 629//1096 600//1096
f 780//1097 644//1097 641//1097
f 579//1098 578//1098 561//1098
f 131//1099 668//1099 197//1099
f 197//1100 668//1100 814//1100
f 789//1101 809//1101 798//1101
f 622//1102 760//1102 150//1102
f 621//1103 563//1103 536//1103
f 673//1104 745//1104 686//1104
f 673//1105 818//1105 745//1105
f 818//1106 680//1106 745//1106
f 680//1107 96//1107 514//1107
f 2495//1108 2462//1108 1028//1108
f 1028//1109 583//1109 575//1109
f 663//1110 794//1110 664//1110
f 629//1111 761//1111 600//1111
f 761//1112 757//1112 600//1112
f 600//1113 757//1113 536//1113
f 621//1114 696//1114 563//1114
f 755//1115 736//1115 563//1115
f 696//1116 755//1116 563//1116
f 633//1117 736//1117 755//1117
f 633//1118 647//1118 736//1118
f 623//1119 686//1119 647//1119
f 633//1120 623//1120 647//1120
f 686//1121 623//1121 673//1121
f 819//1122 680//1122 818//1122
f 680//1123 819//1123 96//1123
f 1729//1124 1677//1124 1096//1124
f 2482//1125 1899//1125 2471//1125
f 537//1126 536//1126 757//1126
f 536//1127 537//1127 621//1127
f 673//1128 819//1128 818//1128
f 2428//1129 222//1129 230//1129
f 25//1130 24//1130 523//1130
f 25//1131 557//1131 24//1131
f 38//1132 25//1132 19//1132
f 710//1133 22//1133 272//1133
f 663//1134 759//1134 794//1134
f 1120//1135 878//1135 1195//1135
f 537//1136 696//1136 621//1136
f 696//1137 633//1137 755//1137
f 822//1138 2215//1138 2220//1138
f 97//1139 96//1139 1053//1139
f 750//1140 784//1140 743//1140
f 887//1141 905//1141 864//1141
f 768//1142 784//1142 373//1142
f 512//1143 513//1143 548//1143
f 573//1144 664//1144 22//1144
f 696//1145 715//1145 633//1145
f 673//1146 521//1146 819//1146
f 2454//1147 2453//1147 2445//1147
f 883//1148 887//1148 847//1148
f 306//1149 812//1149 76//1149
f 642//1150 528//1150 759//1150
f 798//1151 809//1151 235//1151
f 994//1152 792//1152 998//1152
f 587//1153 626//1153 586//1153
f 1900//1154 1918//1154 1937//1154
f 645//1155 652//1155 618//1155
f 537//1156 786//1156 696//1156
f 521//1157 593//1157 819//1157
f 515//1158 19//1158 523//1158
f 741//1159 749//1159 719//1159
f 789//1160 326//1160 809//1160
f 539//1161 581//1161 550//1161
f 657//1162 777//1162 723//1162
f 684//1163 713//1163 660//1163
f 692//1164 712//1164 720//1164
f 652//1165 666//1165 692//1165
f 507//1166 761//1166 629//1166
f 472//1167 507//1167 629//1167
f 507//1168 757//1168 761//1168
f 623//1169 633//1169 673//1169
f 724//1170 521//1170 673//1170
f 515//1171 516//1171 19//1171
f 304//1172 675//1172 674//1172
f 178//1173 778//1173 721//1173
f 947//1174 1447//1174 2358//1174
f 626//1175 645//1175 618//1175
f 586//1176 626//1176 618//1176
f 784//1177 768//1177 742//1177
f 753//1178 537//1178 757//1178
f 537//1179 753//1179 786//1179
f 724//1180 981//1180 521//1180
f 521//1181 981//1181 593//1181
f 979//1182 559//1182 850//1182
f 637//1183 660//1183 677//1183
f 787//1184 631//1184 576//1184
f 141//1185 117//1185 385//1185
f 809//1186 399//1186 235//1186
f 641//1187 754//1187 558//1187
f 542//1188 553//1188 561//1188
f 742//1189 768//1189 762//1189
f 444//1190 416//1190 533//1190
f 528//1191 687//1191 796//1191
f 813//1192 598//1192 566//1192
f 1490//1193 1501//1193 1557//1193
f 753//1194 757//1194 507//1194
f 786//1195 715//1195 696//1195
f 633//1196 724//1196 673//1196
f 2090//1197 2062//1197 2109//1197
f 646//1198 653//1198 660//1198
f 660//1199 694//1199 683//1199
f 677//1200 660//1200 683//1200
f 1872//1201 839//1201 838//1201
f 1224//1202 18//1202 30//1202
f 326//1203 393//1203 809//1203
f 799//1204 529//1204 373//1204
f 313//1205 507//1205 472//1205
f 715//1206 774//1206 633//1206
f 974//1207 699//1207 841//1207
f 703//1208 820//1208 816//1208
f 692//1209 711//1209 676//1209
f 1014//1210 355//1210 766//1210
f 875//1211 752//1211 1019//1211
f 627//1212 646//1212 660//1212
f 711//1213 692//1213 720//1213
f 652//1214 692//1214 676//1214
f 799//1215 373//1215 784//1215
f 813//1216 566//1216 567//1216
f 2462//1217 2482//1217 2475//1217
f 764//1218 644//1218 780//1218
f 1479//1219 1924//1219 1916//1219
f 753//1220 738//1220 786//1220
f 738//1221 607//1221 786//1221
f 786//1222 607//1222 715//1222
f 715//1223 524//1223 774//1223
f 633//1224 774//1224 724//1224
f 559//1225 979//1225 672//1225
f 758//1226 798//1226 783//1226
f 683//1227 694//1227 705//1227
f 820//1228 703//1228 562//1228
f 764//1229 687//1229 644//1229
f 744//1230 743//1230 725//1230
f 313//1231 753//1231 507//1231
f 607//1232 524//1232 715//1232
f 664//1233 801//1233 22//1233
f 646//1234 627//1234 610//1234
f 800//1235 820//1235 562//1235
f 750//1236 769//1236 807//1236
f 767//1237 747//1237 533//1237
f 578//1238 586//1238 604//1238
f 862//1239 593//1239 981//1239
f 688//1240 2382//1240 1083//1240
f 306//1241 304//1241 674//1241
f 738//1242 584//1242 607//1242
f 168//1243 136//1243 238//1243
f 773//1244 552//1244 765//1244
f 2473//1245 2464//1245 2458//1245
f 773//1246 793//1246 552//1246
f 626//1247 619//1247 658//1247
f 1007//1248 1139//1248 1013//1248
f 562//1249 529//1249 799//1249
f 744//1250 750//1250 743//1250
f 659//1251 683//1251 693//1251
f 677//1252 683//1252 659//1252
f 313//1253 737//1253 753//1253
f 753//1254 737//1254 738//1254
f 607//1255 729//1255 524//1255
f 27//1256 518//1256 28//1256
f 553//1257 569//1257 580//1257
f 657//1258 163//1258 777//1258
f 580//1259 569//1259 605//1259
f 789//1260 798//1260 758//1260
f 769//1261 562//1261 807//1261
f 820//1262 671//1262 816//1262
f 638//1263 646//1263 611//1263
f 1074//1264 598//1264 644//1264
f 750//1265 799//1265 784//1265
f 1931//1266 907//1266 898//1266
f 2483//1267 2487//1267 2461//1267
f 737//1268 584//1268 738//1268
f 1439//1269 1438//1269 1431//1269
f 2098//1270 1213//1270 544//1270
f 48//1271 578//1271 75//1271
f 796//1272 631//1272 787//1272
f 815//1273 732//1273 21//1273
f 581//1274 588//1274 550//1274
f 625//1275 636//1275 651//1275
f 778//1276 1011//1276 810//1276
f 693//1277 705//1277 725//1277
f 693//1278 683//1278 705//1278
f 236//1279 1921//1279 1966//1279
f 584//1280 729//1280 607//1280
f 2237//1281 1866//1281 2227//1281
f 530//1282 541//1282 28//1282
f 237//1283 739//1283 248//1283
f 512//1284 530//1284 28//1284
f 727//1285 778//1285 771//1285
f 684//1286 727//1286 713//1286
f 2237//1287 2220//1287 826//1287
f 542//1288 561//1288 560//1288
f 528//1289 796//1289 700//1289
f 808//1290 785//1290 671//1290
f 739//1291 592//1291 248//1291
f 895//1292 905//1292 896//1292
f 740//1293 246//1293 186//1293
f 272//1294 137//1294 979//1294
f 770//1295 769//1295 744//1295
f 712//1296 742//1296 720//1296
f 1213//1297 2026//1297 544//1297
f 1888//1298 1235//1298 2438//1298
f 555//1299 554//1299 2311//1299
f 737//1300 313//1300 1192//1300
f 1585//1301 1612//1301 1611//1301
f 695//1302 721//1302 685//1302
f 518//1303 17//1303 28//1303
f 769//1304 770//1304 562//1304
f 719//1305 749//1305 740//1305
f 648//1306 669//1306 679//1306
f 773//1307 657//1307 723//1307
f 606//1308 637//1308 619//1308
f 2072//1309 2062//1309 2042//1309
f 606//1310 619//1310 626//1310
f 549//1311 569//1311 553//1311
f 161//1312 638//1312 611//1312
f 910//1313 917//1313 942//1313
f 917//1314 1103//1314 942//1314
f 991//1315 1026//1315 992//1315
f 979//1316 137//1316 672//1316
f 785//1317 163//1317 657//1317
f 710//1318 2488//1318 2472//1318
f 611//1319 581//1319 119//1319
f 808//1320 671//1320 820//1320
f 1820//1321 1900//1321 1870//1321
f 759//1322 700//1322 591//1322
f 637//1323 677//1323 619//1323
f 2494//1324 2490//1324 2463//1324
f 671//1325 765//1325 816//1325
f 687//1326 764//1326 780//1326
f 1019//1327 992//1327 1026//1327
f 1726//1328 1719//1328 987//1328
f 713//1329 771//1329 694//1329
f 51//1330 2355//1330 78//1330
f 510//1331 526//1331 525//1331
f 525//1332 526//1332 1249//1332
f 526//1333 33//1333 1249//1333
f 2311//1334 554//1334 2335//1334
f 827//1335 848//1335 840//1335
f 603//1336 591//1336 649//1336
f 758//1337 269//1337 740//1337
f 1595//1338 1612//1338 1586//1338
f 1694//1339 1048//1339 1699//1339
f 682//1340 740//1340 186//1340
f 22//1341 801//1341 603//1341
f 555//1342 570//1342 554//1342
f 1053//1343 110//1343 97//1343
f 615//1344 582//1344 601//1344
f 814//1345 668//1345 188//1345
f 725//1346 705//1346 744//1346
f 528//1347 700//1347 759//1347
f 640//1348 648//1348 620//1348
f 703//1349 701//1349 562//1349
f 886//1350 892//1350 582//1350
f 631//1351 731//1351 576//1351
f 1087//1352 1835//1352 1747//1352
f 882//1353 864//1353 895//1353
f 956//1354 950//1354 1103//1354
f 1502//1355 2500//1355 2470//1355
f 205//1356 190//1356 200//1356
f 815//1357 878//1357 616//1357
f 616//1358 878//1358 995//1358
f 1183//1359 878//1359 815//1359
f 1601//1360 1827//1360 881//1360
f 527//1361 535//1361 526//1361
f 2184//1362 2183//1362 2175//1362
f 1142//1363 1125//1363 1133//1363
f 235//1364 338//1364 798//1364
f 160//1365 339//1365 792//1365
f 599//1366 92//1366 75//1366
f 598//1367 1116//1367 566//1367
f 631//1368 558//1368 731//1368
f 771//1369 770//1369 744//1369
f 730//1370 528//1370 642//1370
f 841//1371 699//1371 642//1371
f 668//1372 401//1372 188//1372
f 510//1373 527//1373 526//1373
f 749//1374 758//1374 740//1374
f 706//1375 721//1375 695//1375
f 694//1376 726//1376 705//1376
f 694//1377 744//1377 726//1377
f 906//1378 911//1378 905//1378
f 661//1379 695//1379 161//1379
f 708//1380 815//1380 616//1380
f 535//1381 547//1381 33//1381
f 794//1382 759//1382 591//1382
f 778//1383 808//1383 790//1383
f 269//1384 758//1384 783//1384
f 771//1385 744//1385 694//1385
f 800//1386 808//1386 820//1386
f 571//1387 886//1387 582//1387
f 854//1388 948//1388 1010//1388
f 906//1378 905//1378 887//1378
f 625//1389 651//1389 635//1389
f 2000//1390 1226//1390 534//1390
f 2140//1391 1504//1391 2016//1391
f 601//1392 620//1392 615//1392
f 620//1393 601//1393 640//1393
f 648//1394 640//1394 669//1394
f 698//1395 452//1395 439//1395
f 671//1396 785//1396 657//1396
f 1561//1397 2356//1397 545//1397
f 685//1398 653//1398 667//1398
f 685//1399 727//1399 684//1399
f 568//1400 616//1400 797//1400
f 708//1401 732//1401 815//1401
f 93//1402 229//1402 339//1402
f 865//1403 851//1403 839//1403
f 942//1404 1103//1404 950//1404
f 589//1405 614//1405 125//1405
f 606//1406 610//1406 627//1406
f 951//1407 834//1407 873//1407
f 92//1408 599//1408 625//1408
f 1878//1409 830//1409 1902//1409
f 2482//1410 2098//1410 1899//1410
f 568//1411 708//1411 616//1411
f 708//1412 551//1412 732//1412
f 2434//1413 2487//1413 2483//1413
f 160//1414 964//1414 665//1414
f 2316//1415 2391//1415 2309//1415
f 762//1416 758//1416 749//1416
f 570//1417 614//1417 589//1417
f 888//1418 897//1418 883//1418
f 2000//1419 1517//1419 1388//1419
f 685//1420 721//1420 727//1420
f 588//1421 610//1421 606//1421
f 653//1422 685//1422 684//1422
f 651//1423 650//1423 635//1423
f 760//1424 1151//1424 6//1424
f 793//1425 622//1425 150//1425
f 651//1426 676//1426 650//1426
f 744//1427 769//1427 750//1427
f 541//1428 542//1428 560//1428
f 476//1429 500//1429 690//1429
f 473//1430 1064//1430 1057//1430
f 561//1431 578//1431 560//1431
f 636//1432 625//1432 599//1432
f 876//1433 995//1433 949//1433
f 829//1434 856//1434 846//1434
f 682//1435 704//1435 740//1435
f 791//1436 790//1436 770//1436
f 2466//1437 2500//1437 2460//1437
f 579//1438 587//1438 586//1438
f 1352//1439 1208//1439 1095//1439
f 1684//1440 1479//1440 1916//1440
f 604//1441 609//1441 636//1441
f 751//1442 721//1442 706//1442
f 810//1443 608//1443 782//1443
f 672//1444 603//1444 649//1444
f 475//1445 447//1445 476//1445
f 794//1446 591//1446 801//1446
f 682//1447 186//1447 650//1447
f 808//1448 800//1448 790//1448
f 644//1449 598//1449 813//1449
f 704//1450 719//1450 740//1450
f 1011//1451 608//1451 810//1451
f 1192//1452 584//1452 737//1452
f 687//1453 780//1453 796//1453
f 2337//1454 474//1454 2312//1454
f 638//1455 667//1455 646//1455
f 706//1456 1186//1456 728//1456
f 733//1457 575//1457 568//1457
f 595//1458 551//1458 708//1458
f 595//1459 540//1459 551//1459
f 1308//1460 501//1460 1852//1460
f 665//1461 339//1461 160//1461
f 527//1462 2447//1462 535//1462
f 558//1463 9//1463 731//1463
f 723//1464 793//1464 773//1464
f 660//1465 713//1465 694//1465
f 693//1466 725//1466 666//1466
f 562//1467 767//1467 529//1467
f 550//1468 538//1468 531//1468
f 2267//1469 2287//1469 2233//1469
f 996//1470 964//1470 160//1470
f 2068//1471 2470//1471 2466//1471
f 704//1472 711//1472 719//1472
f 741//1473 762//1473 749//1473
f 605//1474 606//1474 626//1474
f 548//1475 542//1475 530//1475
f 995//1476 878//1476 709//1476
f 1898//1477 1684//1477 1916//1477
f 778//1478 791//1478 771//1478
f 782//1479 163//1479 785//1479
f 789//1480 758//1480 762//1480
f 857//1481 883//1481 847//1481
f 733//1482 970//1482 1028//1482
f 838//1483 829//1483 825//1483
f 2447//1484 511//1484 535//1484
f 22//1485 603//1485 137//1485
f 705//1486 726//1486 744//1486
f 605//1487 587//1487 580//1487
f 512//1488 548//1488 530//1488
f 743//1489 784//1489 742//1489
f 790//1490 800//1490 770//1490
f 778//1491 810//1491 808//1491
f 1014//1492 998//1492 355//1492
f 708//1493 568//1493 595//1493
f 656//1494 697//1494 551//1494
f 540//1495 656//1495 551//1495
f 143//1496 125//1496 614//1496
f 1000//1497 1020//1497 983//1497
f 778//1498 178//1498 1011//1498
f 676//1499 704//1499 682//1499
f 637//1500 627//1500 660//1500
f 606//1501 627//1501 637//1501
f 701//1502 552//1502 481//1502
f 808//1503 810//1503 785//1503
f 590//1504 570//1504 555//1504
f 716//1505 595//1505 568//1505
f 2355//1506 2335//1506 554//1506
f 912//1507 1729//1507 911//1507
f 1076//1508 1456//1508 1546//1508
f 697//1509 68//1509 492//1509
f 676//1510 711//1510 704//1510
f 839//1511 851//1511 838//1511
f 1028//1512 575//1512 733//1512
f 1020//1513 844//1513 982//1513
f 716//1514 568//1514 575//1514
f 844//1515 781//1515 982//1515
f 1238//1516 2156//1516 2034//1516
f 553//1517 580//1517 561//1517
f 580//1518 579//1518 561//1518
f 452//1519 461//1519 453//1519
f 560//1520 578//1520 48//1520
f 564//1521 540//1521 595//1521
f 632//1522 656//1522 540//1522
f 564//1523 632//1523 540//1523
f 75//1524 578//1524 599//1524
f 518//1525 27//1525 535//1525
f 511//1526 518//1526 535//1526
f 783//1527 798//1527 788//1527
f 642//1528 759//1528 663//1528
f 720//1529 742//1529 741//1529
f 605//1530 626//1530 587//1530
f 580//1531 587//1531 579//1531
f 725//1532 712//1532 666//1532
f 562//1533 701//1533 767//1533
f 1729//1534 923//1534 911//1534
f 712//1535 743//1535 742//1535
f 619//1536 677//1536 658//1536
f 161//1537 695//1537 654//1537
f 770//1538 800//1538 562//1538
f 2084//1539 2489//1539 2472//1539
f 575//1540 559//1540 716//1540
f 716//1541 564//1541 595//1541
f 654//1542 695//1542 685//1542
f 843//1543 855//1543 2064//1543
f 34//1544 731//1544 9//1544
f 527//1545 510//1545 1973//1545
f 723//1546 622//1546 793//1546
f 992//1547 1726//1547 987//1547
f 693//1548 666//1548 652//1548
f 2472//1549 853//1549 573//1549
f 624//1550 159//1550 148//1550
f 671//1551 657//1551 773//1551
f 681//1552 188//1552 498//1552
f 797//1553 970//1553 733//1553
f 565//1554 656//1554 632//1554
f 565//1555 697//1555 656//1555
f 565//1556 731//1556 697//1556
f 1949//1557 951//1557 920//1557
f 85//1558 111//1558 84//1558
f 662//1559 200//1559 190//1559
f 44//1560 324//1560 754//1560
f 33//1561 547//1561 40//1561
f 658//1562 693//1562 652//1562
f 658//1563 652//1563 645//1563
f 664//1564 794//1564 801//1564
f 666//1565 712//1565 692//1565
f 639//1566 648//1566 662//1566
f 611//1567 646//1567 610//1567
f 850//1568 559//1568 575//1568
f 1447//1569 2490//1569 1106//1569
f 1972//1570 1955//1570 1935//1570
f 582//1571 615//1571 590//1571
f 66//1572 581//1572 539//1572
f 780//1573 641//1573 631//1573
f 796//1574 780//1574 631//1574
f 1049//1575 1192//1575 83//1575
f 1348//1576 13//1576 1519//1576
f 799//1577 807//1577 562//1577
f 581//1578 611//1578 588//1578
f 687//1579 795//1579 644//1579
f 663//1580 8//1580 642//1580
f 1936//1581 1972//1581 1935//1581
f 650//1582 676//1582 682//1582
f 615//1583 630//1583 590//1583
f 730//1584 795//1584 687//1584
f 742//1585 762//1585 741//1585
f 548//1586 553//1586 542//1586
f 1048//1587 1692//1587 1074//1587
f 658//1588 659//1588 693//1588
f 37//1589 52//1589 30//1589
f 611//1590 610//1590 588//1590
f 649//1591 632//1591 564//1591
f 565//1592 576//1592 731//1592
f 2138//1593 922//1593 1058//1593
f 1204//1594 854//1594 965//1594
f 725//1595 743//1595 712//1595
f 644//1596 813//1596 641//1596
f 660//1597 653//1597 684//1597
f 771//1598 791//1598 770//1598
f 644//1599 795//1599 1074//1599
f 469//1600 480//1600 681//1600
f 559//1601 672//1601 564//1601
f 716//1602 559//1602 564//1602
f 672//1603 649//1603 564//1603
f 2161//1604 1378//1604 2171//1604
f 474//1605 475//1605 476//1605
f 816//1606 765//1606 701//1606
f 765//1607 552//1607 701//1607
f 513//1608 538//1608 548//1608
f 754//1609 324//1609 107//1609
f 609//1610 586//1610 618//1610
f 25//1611 523//1611 19//1611
f 677//1612 659//1612 658//1612
f 689//1613 452//1613 698//1613
f 1334//1614 1115//1614 1353//1614
f 700//1615 565//1615 632//1615
f 700//1616 576//1616 565//1616
f 481//1617 552//1617 793//1617
f 763//1618 901//1618 2458//1618
f 550//1619 549//1619 538//1619
f 781//1620 964//1620 996//1620
f 1596//1621 1634//1621 1595//1621
f 198//1622 916//1622 1124//1622
f 198//1623 1124//1623 341//1623
f 842//1624 973//1624 1025//1624
f 842//1625 1025//1625 836//1625
f 1009//1626 1024//1626 934//1626
f 573//1627 710//1627 2472//1627
f 1100//1628 971//1628 1002//1628
f 1501//1629 1081//1629 1557//1629
f 1225//1630 1219//1630 955//1630
f 413//1631 2138//1631 284//1631
f 955//1632 1630//1632 522//1632
f 341//1633 1124//1633 301//1633
f 2333//1634 2376//1634 2350//1634
f 1107//1635 218//1635 284//1635
f 398//1636 925//1636 1513//1636
f 1513//1637 1442//1637 1495//1637
f 1935//1638 1455//1638 1744//1638
f 1723//1639 1935//1639 1744//1639
f 825//1640 1872//1640 838//1640
f 1495//1641 1442//1641 1496//1641
f 963//1642 1024//1642 1009//1642
f 1511//1643 1514//1643 966//1643
f 1775//1644 1729//1644 912//1644
f 688//1645 262//1645 1067//1645
f 714//1646 1007//1646 1512//1646
f 919//1647 1732//1647 914//1647
f 2319//1648 2331//1648 2304//1648
f 2400//1649 2407//1649 2391//1649
f 1674//1650 2164//1650 1780//1650
f 843//1651 927//1651 899//1651
f 1660//1652 988//1652 1188//1652
f 1067//1653 262//1653 1640//1653
f 1381//1654 1109//1654 1483//1654
f 1437//1655 1381//1655 1483//1655
f 2495//1656 1010//1656 948//1656
f 1514//1657 1289//1657 1313//1657
f 899//1658 374//1658 961//1658
f 1438//1659 1430//1659 1422//1659
f 1634//1660 1095//1660 1632//1660
f 2487//1661 973//1661 2461//1661
f 1003//1662 499//1662 874//1662
f 849//1663 848//1663 827//1663
f 1430//1664 1462//1664 1453//1664
f 2496//1665 2084//1665 2471//1665
f 909//1666 10//1666 980//1666
f 730//1667 927//1667 835//1667
f 2031//1668 1540//1668 1536//1668
f 831//1669 849//1669 2178//1669
f 881//1670 834//1670 951//1670
f 1841//1671 1722//1671 1803//1671
f 1005//1672 670//1672 1020//1672
f 1021//1673 670//1673 1005//1673
f 1869//1674 2059//1674 2467//1674
f 903//1675 902//1675 1939//1675
f 2476//1676 2502//1676 1651//1676
f 853//1677 8//1677 573//1677
f 1850//1678 831//1678 2178//1678
f 934//1679 746//1679 247//1679
f 934//1680 65//1680 746//1680
f 301//1681 285//1681 1077//1681
f 968//1682 944//1682 977//1682
f 970//1683 2495//1683 1028//1683
f 974//1684 2465//1684 374//1684
f 899//1685 927//1685 374//1685
f 1882//1686 1898//1686 1916//1686
f 1613//1687 1634//1687 1596//1687
f 909//1688 833//1688 1396//1688
f 2492//1689 247//1689 1003//1689
f 919//1690 914//1690 1931//1690
f 1459//1691 1299//1691 1458//1691
f 1634//1692 1632//1692 1633//1692
f 844//1693 670//1693 228//1693
f 2494//1694 2497//1694 2467//1694
f 901//1695 973//1695 2487//1695
f 228//1696 1772//1696 734//1696
f 1701//1697 1709//1697 1666//1697
f 963//1698 574//1698 1024//1698
f 847//1699 864//1699 856//1699
f 1730//1700 1736//1700 2239//1700
f 870//1701 859//1701 848//1701
f 2074//1702 2111//1702 2103//1702
f 1140//1703 1590//1703 1483//1703
f 927//1704 730//1704 974//1704
f 2103//1705 978//1705 2074//1705
f 756//1706 1745//1706 1718//1706
f 848//1707 859//1707 840//1707
f 1296//1708 1482//1708 1320//1708
f 2331//1709 51//1709 66//1709
f 1067//1710 988//1710 962//1710
f 1396//1711 833//1711 1445//1711
f 1001//1712 1005//1712 1000//1712
f 901//1713 1009//1713 973//1713
f 1099//1714 1077//1714 817//1714
f 933//1715 944//1715 936//1715
f 952//1716 958//1716 1828//1716
f 988//1717 1660//1717 986//1717
f 833//1718 1067//1718 1445//1718
f 1067//1719 1640//1719 988//1719
f 218//1720 413//1720 284//1720
f 1843//1721 180//1721 347//1721
f 1846//1722 1708//1722 1798//1722
f 2469//1723 2477//1723 855//1723
f 1006//1724 1021//1724 1005//1724
f 381//1725 382//1725 250//1725
f 2369//1726 828//1726 531//1726
f 968//1727 977//1727 1001//1727
f 2460//1728 1949//1728 779//1728
f 1194//1729 1441//1729 1115//1729
f 1001//1730 1000//1730 968//1730
f 756//1731 678//1731 1745//1731
f 963//1732 1009//1732 901//1732
f 2471//1733 2084//1733 2472//1733
f 841//1734 642//1734 8//1734
f 982//1735 991//1735 1027//1735
f 670//1736 844//1736 1020//1736
f 1289//1737 1514//1737 945//1737
f 869//1738 904//1738 890//1738
f 1161//1739 1115//1739 1639//1739
f 823//1740 2178//1740 849//1740
f 746//1741 12//1741 499//1741
f 263//1742 428//1742 2366//1742
f 1685//1743 1075//1743 1692//1743
f 1002//1744 926//1744 806//1744
f 1799//1745 1755//1745 216//1745
f 944//1746 968//1746 993//1746
f 943//1747 944//1747 993//1747
f 31//1748 38//1748 19//1748
f 531//1749 828//1749 550//1749
f 1501//1750 1078//1750 1081//1750
f 1921//1751 1149//1751 431//1751
f 936//1752 943//1752 932//1752
f 1660//1753 1489//1753 1412//1753
f 301//1754 980//1754 285//1754
f 903//1755 918//1755 902//1755
f 869//1756 890//1756 868//1756
f 890//1757 903//1757 867//1757
f 1003//1758 746//1758 499//1758
f 951//1759 1949//1759 2500//1759
f 990//1760 841//1760 853//1760
f 1595//1761 1634//1761 1611//1761
f 374//1762 927//1762 974//1762
f 836//1763 1025//1763 247//1763
f 1653//1764 1652//1764 1638//1764
f 1303//1765 1545//1765 1142//1765
f 1616//1766 1631//1766 1638//1766
f 1629//1767 1546//1767 1628//1767
f 936//1768 932//1768 913//1768
f 513//1769 506//1769 531//1769
f 868//1770 890//1770 867//1770
f 2330//1771 2369//1771 2353//1771
f 924//1772 918//1772 914//1772
f 907//1773 914//1773 904//1773
f 1258//1774 1421//1774 1267//1774
f 301//1775 939//1775 980//1775
f 1472//1776 1482//1776 1296//1776
f 868//1777 867//1777 859//1777
f 472//1778 491//1778 313//1778
f 272//1779 519//1779 2488//1779
f 1471//1780 1472//1780 1296//1780
f 1025//1781 934//1781 247//1781
f 1634//1782 1633//1782 1611//1782
f 2176//1783 1847//1783 2177//1783
f 1310//1784 1289//1784 806//1784
f 924//1785 933//1785 918//1785
f 1969//1786 1968//1786 902//1786
f 2107//1787 2128//1787 2118//1787
f 1428//1788 1436//1788 1287//1788
f 1139//1789 1564//1789 1617//1789
f 2378//1790 572//1790 2384//1790
f 853//1791 841//1791 8//1791
f 2501//1792 961//1792 2465//1792
f 1221//1793 1240//1793 1408//1793
f 1069//1794 1578//1794 1627//1794
f 1006//1795 1005//1795 1001//1795
f 1617//1796 1564//1796 1578//1796
f 828//1797 539//1797 550//1797
f 1791//1798 2168//1798 2160//1798
f 1829//1799 1718//1799 1739//1799
f 1968//1800 1939//1800 902//1800
f 756//1801 1718//1801 665//1801
f 1998//1802 2000//1802 1388//1802
f 2451//1803 545//1803 2356//1803
f 178//1804 997//1804 1011//1804
f 1275//1805 325//1805 1270//1805
f 1709//1806 872//1806 1666//1806
f 2176//1807 1959//1807 1847//1807
f 944//1808 943//1808 936//1808
f 2424//1809 518//1809 511//1809
f 1445//1810 1067//1810 962//1810
f 2007//1811 952//1811 1828//1811
f 2052//1812 2061//1812 2081//1812
f 828//1813 2303//1813 539//1813
f 835//1814 1699//1814 1048//1814
f 1709//1815 1706//1815 872//1815
f 885//1816 574//1816 963//1816
f 1318//1708 1296//1708 1320//1708
f 859//1817 867//1817 1902//1817
f 1452//1818 1448//1818 1421//1818
f 943//1819 993//1819 976//1819
f 993//1820 1000//1820 983//1820
f 854//1821 1010//1821 876//1821
f 988//1822 986//1822 962//1822
f 2031//1823 2052//1823 2081//1823
f 924//1824 1732//1824 1828//1824
f 965//1825 949//1825 1060//1825
f 781//1826 228//1826 734//1826
f 1718//1827 1765//1827 665//1827
f 943//1828 976//1828 932//1828
f 1680//1829 1794//1829 1783//1829
f 1448//1830 1471//1830 1276//1830
f 1276//1831 1267//1831 1421//1831
f 1931//1832 914//1832 907//1832
f 991//1833 781//1833 996//1833
f 1276//1834 1421//1834 1448//1834
f 10//1835 909//1835 1396//1835
f 831//1836 860//1836 849//1836
f 1523//1837 1762//1837 1774//1837
f 924//1838 1828//1838 937//1838
f 307//1839 994//1839 1014//1839
f 946//1840 963//1840 901//1840
f 978//1841 2103//1841 977//1841
f 977//1842 1006//1842 1001//1842
f 1007//1843 1161//1843 1639//1843
f 1639//1844 1294//1844 1437//1844
f 885//1845 1032//1845 574//1845
f 1294//1846 1381//1846 1437//1846
f 733//1847 568//1847 797//1847
f 792//1848 229//1848 1112//1848
f 119//1849 581//1849 108//1849
f 843//1850 835//1850 927//1850
f 1889//1851 860//1851 831//1851
f 2211//1852 2216//1852 2204//1852
f 2400//1853 2431//1853 2422//1853
f 2103//1854 1006//1854 977//1854
f 840//1855 1902//1855 830//1855
f 827//1856 840//1856 830//1856
f 827//1857 830//1857 822//1857
f 1003//1858 874//1858 2492//1858
f 1432//1859 1439//1859 1431//1859
f 781//1860 734//1860 964//1860
f 1937//1861 1936//1861 1723//1861
f 918//1862 913//1862 902//1862
f 958//1863 977//1863 944//1863
f 1850//1864 2178//1864 2177//1864
f 1005//1865 1020//1865 1000//1865
f 991//1866 996//1866 307//1866
f 1396//1867 1445//1867 340//1867
f 2179//1868 1763//1868 889//1868
f 939//1869 909//1869 980//1869
f 1828//1870 958//1870 937//1870
f 978//1871 977//1871 958//1871
f 1590//1872 1571//1872 1563//1872
f 779//1873 1949//1873 920//1873
f 1551//1874 1362//1874 1573//1874
f 2103//1875 2142//1875 1006//1875
f 920//1876 885//1876 963//1876
f 946//1877 920//1877 963//1877
f 1584//1878 1616//1878 1583//1878
f 1453//1879 1472//1879 1452//1879
f 1647//1880 1617//1880 1578//1880
f 1578//1881 1564//1881 1627//1881
f 1628//1882 938//1882 1069//1882
f 869//1883 868//1883 859//1883
f 993//1884 983//1884 976//1884
f 912//1885 1762//1885 1775//1885
f 752//1886 751//1886 706//1886
f 1628//1887 1546//1887 938//1887
f 844//1888 228//1888 781//1888
f 840//1889 859//1889 1902//1889
f 898//1890 907//1890 904//1890
f 1025//1891 973//1891 1009//1891
f 663//1892 664//1892 573//1892
f 763//1893 946//1893 901//1893
f 898//1894 904//1894 869//1894
f 2172//1895 889//1895 1763//1895
f 1128//1896 926//1896 971//1896
f 860//1897 848//1897 849//1897
f 904//1898 903//1898 890//1898
f 2486//1899 2459//1899 2479//1899
f 577//1900 782//1900 608//1900
f 933//1901 936//1901 918//1901
f 2177//1902 1847//1902 1851//1902
f 665//1903 1765//1903 339//1903
f 937//1904 958//1904 944//1904
f 894//1905 981//1905 724//1905
f 968//1906 1000//1906 993//1906
f 2192//1907 2195//1907 2205//1907
f 1652//1908 1099//1908 817//1908
f 997//1909 608//1909 1011//1909
f 997//1910 577//1910 608//1910
f 577//1911 163//1911 782//1911
f 1112//1912 998//1912 792//1912
f 2177//1913 1851//1913 1850//1913
f 1257//1914 1421//1914 1258//1914
f 951//1915 873//1915 920//1915
f 822//1916 830//1916 2215//1916
f 1899//1917 2496//1917 2471//1917
f 1773//1918 1668//1918 1558//1918
f 904//1919 914//1919 903//1919
f 932//1920 1671//1920 913//1920
f 873//1921 885//1921 920//1921
f 1013//1922 1617//1922 1647//1922
f 873//1923 1032//1923 885//1923
f 894//1924 862//1924 981//1924
f 2469//1925 855//1925 961//1925
f 913//1926 1671//1926 1969//1926
f 2477//1927 2064//1927 855//1927
f 918//1928 936//1928 913//1928
f 860//1929 870//1929 848//1929
f 937//1930 944//1930 933//1930
f 1501//1931 1013//1931 1647//1931
f 824//1932 178//1932 751//1932
f 824//1933 997//1933 178//1933
f 824//1934 577//1934 997//1934
f 643//1935 163//1935 577//1935
f 863//1936 856//1936 882//1936
f 2128//1937 2153//1937 2134//1937
f 722//1938 774//1938 880//1938
f 722//1939 894//1939 774//1939
f 864//1940 905//1940 895//1940
f 850//1941 575//1941 583//1941
f 914//1942 918//1942 903//1942
f 924//1943 937//1943 933//1943
f 1501//1944 717//1944 1013//1944
f 1587//1945 1324//1945 928//1945
f 717//1946 1512//1946 1013//1946
f 602//1947 577//1947 824//1947
f 766//1948 643//1948 577//1948
f 894//1949 709//1949 862//1949
f 709//1950 878//1950 862//1950
f 976//1951 975//1951 932//1951
f 1324//1952 1596//1952 928//1952
f 880//1953 524//1953 1060//1953
f 2434//1954 2459//1954 2499//1954
f 1324//1955 1613//1955 1596//1955
f 752//1956 824//1956 751//1956
f 602//1957 766//1957 577//1957
f 1014//1958 602//1958 594//1958
f 1387//1959 1226//1959 2152//1959
f 2153//1960 1387//1960 2152//1960
f 669//1961 930//1961 950//1961
f 1710//1962 1694//1962 1699//1962
f 768//1963 326//1963 762//1963
f 582//1964 892//1964 601//1964
f 974//1965 990//1965 2465//1965
f 624//1966 116//1966 625//1966
f 835//1967 795//1967 730//1967
f 2458//1968 2484//1968 763//1968
f 989//1969 602//1969 824//1969
f 2064//1970 2477//1970 1710//1970
f 976//1971 983//1971 975//1971
f 949//1972 722//1972 880//1972
f 996//1973 160//1973 994//1973
f 2305//1974 863//1974 556//1974
f 556//1975 863//1975 886//1975
f 601//1976 910//1976 640//1976
f 2264//1977 825//1977 829//1977
f 989//1978 824//1978 752//1978
f 856//1979 864//1979 882//1979
f 1595//1980 1586//1980 2381//1980
f 1627//1981 1629//1981 1628//1981
f 2174//1982 2180//1982 2173//1982
f 2128//1983 2134//1983 2118//1983
f 137//1984 272//1984 22//1984
f 949//1985 880//1985 1060//1985
f 995//1986 894//1986 722//1986
f 894//1987 995//1987 709//1987
f 894//1988 724//1988 774//1988
f 886//1989 895//1989 892//1989
f 640//1990 910//1990 930//1990
f 871//1991 870//1991 860//1991
f 846//1992 856//1992 863//1992
f 1026//1993 875//1993 1019//1993
f 838//1994 851//1994 829//1994
f 1024//1995 1171//1995 934//1995
f 36//1996 189//1996 205//1996
f 863//1997 882//1997 886//1997
f 886//1998 882//1998 895//1998
f 875//1999 1026//1999 594//1999
f 52//2000 1459//2000 1269//2000
f 896//2001 917//2001 910//2001
f 1025//2002 1009//2002 934//2002
f 949//2003 995//2003 722//2003
f 2152//2004 1226//2004 1636//2004
f 895//2005 896//2005 892//2005
f 892//2006 910//2006 601//2006
f 942//2007 950//2007 930//2007
f 875//2008 989//2008 752//2008
f 594//2009 602//2009 989//2009
f 766//2010 355//2010 643//2010
f 355//2011 260//2011 643//2011
f 905//2012 917//2012 896//2012
f 965//2013 1060//2013 1162//2013
f 892//2014 896//2014 910//2014
f 1101//2015 1052//2015 1042//2015
f 1029//2016 1031//2016 834//2016
f 1101//2017 1133//2017 1118//2017
f 342//2018 357//2018 376//2018
f 516//2019 515//2019 2454//2019
f 1656//2020 2494//2020 2467//2020
f 1056//2021 1303//2021 1133//2021
f 1120//2022 1130//2022 862//2022
f 69//2023 342//2023 376//2023
f 1055//2024 1056//2024 1133//2024
f 499//2025 69//2025 165//2025
f 85//2026 101//2026 111//2026
f 1031//2027 1032//2027 834//2027
f 200//2028 679//2028 1166//2028
f 1031//2029 1042//2029 1032//2029
f 1171//2030 65//2030 934//2030
f 1822//2031 1204//2031 1177//2031
f 1096//2032 956//2032 1103//2032
f 514//2033 96//2033 97//2033
f 956//2034 1145//2034 1144//2034
f 1185//2035 1166//2035 1144//2035
f 1145//2036 1185//2036 1144//2036
f 1185//2037 200//2037 1166//2037
f 375//2038 132//2038 1041//2038
f 1153//2039 1202//2039 305//2039
f 32//2040 1244//2040 1249//2040
f 1096//2041 1087//2041 956//2041
f 554//2042 78//2042 2355//2042
f 1191//2043 138//2043 110//2043
f 65//2044 35//2044 432//2044
f 1087//2045 1110//2045 956//2045
f 1110//2046 1146//2046 956//2046
f 956//2047 1146//2047 1145//2047
f 1146//2048 1156//2048 1145//2048
f 1145//2049 1156//2049 1185//2049
f 950//2050 956//2050 1144//2050
f 2481//2051 2495//2051 948//2051
f 1156//2052 1193//2052 1185//2052
f 1050//2053 1047//2053 1051//2053
f 239//2054 151//2054 107//2054
f 1185//2055 1193//2055 36//2055
f 1747//2056 1110//2056 1087//2056
f 1134//2057 1146//2057 1110//2057
f 1146//2058 1157//2058 1156//2058
f 1156//2059 1157//2059 1193//2059
f 1041//2060 1045//2060 1034//2060
f 1397//2061 1134//2061 1110//2061
f 1157//2062 1146//2062 1134//2062
f 1157//2063 1175//2063 1193//2063
f 1193//2064 199//2064 36//2064
f 1090//2065 1035//2065 1196//2065
f 1456//2066 1150//2066 1051//2066
f 1175//2067 199//2067 1193//2067
f 1186//2068 695//2068 199//2068
f 1186//2069 199//2069 1175//2069
f 1175//2070 1157//2070 1134//2070
f 728//2071 1186//2071 1175//2071
f 197//2072 760//2072 6//2072
f 1130//2073 593//2073 862//2073
f 1167//2074 1109//2074 182//2074
f 1194//2075 1115//2075 1161//2075
f 2140//2076 1928//2076 1504//2076
f 921//2077 922//2077 2138//2077
f 1147//2078 1134//2078 1397//2078
f 1719//2079 1147//2079 1397//2079
f 1147//2080 1175//2080 1134//2080
f 1175//2081 1147//2081 728//2081
f 341//2082 1654//2082 1208//2082
f 754//2083 151//2083 9//2083
f 284//2084 2138//2084 1058//2084
f 1188//2085 1557//2085 1660//2085
f 1191//2086 110//2086 1053//2086
f 916//2087 284//2087 1189//2087
f 284//2088 1058//2088 1189//2088
f 2094//2089 1465//2089 2127//2089
f 1726//2090 1019//2090 1147//2090
f 1147//2091 1019//2091 728//2091
f 593//2092 1130//2092 96//2092
f 239//2093 305//2093 1038//2093
f 1036//2094 1131//2094 315//2094
f 397//2095 1131//2095 1120//2095
f 1053//2096 96//2096 1130//2096
f 2467//2097 2485//2097 1869//2097
f 517//2098 1089//2098 421//2098
f 834//2099 1827//2099 1029//2099
f 419//2100 1047//2100 1117//2100
f 1034//2101 433//2101 1306//2101
f 2239//2102 1862//2102 1730//2102
f 1453//2103 1462//2103 1472//2103
f 1408//2104 1422//2104 1399//2104
f 471//2105 23//2105 1111//2105
f 1205//2106 1150//2106 1456//2106
f 1205//2107 1040//2107 1150//2107
f 1131//2108 1036//2108 293//2108
f 293//2109 1068//2109 1044//2109
f 375//2110 1041//2110 138//2110
f 1205//2111 1140//2111 1046//2111
f 1040//2112 1205//2112 1046//2112
f 1140//2113 1167//2113 1046//2113
f 1104//2114 1049//2114 83//2114
f 1052//2115 1085//2115 1032//2115
f 1044//2116 1068//2116 1191//2116
f 1167//2117 1483//2117 1109//2117
f 208//2118 1084//2118 1035//2118
f 1040//2119 132//2119 375//2119
f 1834//2120 20//2120 3//2120
f 1050//2121 1051//2121 1070//2121
f 1133//2122 1125//2122 1174//2122
f 11//2123 1440//2123 1401//2123
f 420//2124 208//2124 1071//2124
f 1135//2125 1079//2125 1094//2125
f 1086//2126 1101//2126 1118//2126
f 1029//2127 1030//2127 1031//2127
f 1200//2128 1061//2128 294//2128
f 1191//2129 1068//2129 138//2129
f 1171//2130 1141//2130 65//2130
f 1141//2131 1172//2131 65//2131
f 1172//2132 35//2132 65//2132
f 1172//2133 404//2133 35//2133
f 404//2134 99//2134 35//2134
f 221//2135 1104//2135 1063//2135
f 802//2136 398//2136 1083//2136
f 20//2137 1089//2137 3//2137
f 2064//2138 1699//2138 835//2138
f 1042//2139 1052//2139 1032//2139
f 1433//2140 1261//2140 1432//2140
f 1323//2141 2338//2141 155//2141
f 1076//2142 1205//2142 1456//2142
f 1088//2143 1402//2143 1056//2143
f 1150//2144 348//2144 1070//2144
f 1200//2145 1089//2145 20//2145
f 1097//2146 1162//2146 100//2146
f 1032//2147 873//2147 834//2147
f 21//2148 471//2148 1111//2148
f 294//2149 1097//2149 1104//2149
f 1072//2150 100//2150 584//2150
f 1151//2151 760//2151 622//2151
f 132//2152 1045//2152 1041//2152
f 1050//2153 1070//2153 1135//2153
f 1088//2154 1039//2154 940//2154
f 650//2155 159//2155 635//2155
f 100//2156 1170//2156 729//2156
f 729//2157 584//2157 100//2157
f 1103//2158 931//2158 1096//2158
f 925//2159 1443//2159 1513//2159
f 138//2160 1102//2160 110//2160
f 1034//2161 1306//2161 1152//2161
f 1071//2162 1035//2162 1090//2162
f 100//2163 1072//2163 1097//2163
f 23//2164 1158//2164 315//2164
f 1068//2165 375//2165 138//2165
f 1586//2166 1612//2166 1585//2166
f 1819//2167 1030//2167 1029//2167
f 1041//2168 1034//2168 1102//2168
f 232//2169 375//2169 1068//2169
f 348//2170 1079//2170 1070//2170
f 1061//2171 1097//2171 294//2171
f 1513//2172 1443//2172 1442//2172
f 1200//2173 294//2173 1119//2173
f 376//2174 1050//2174 1062//2174
f 1094//2175 1036//2175 315//2175
f 1200//2176 1119//2176 1089//2176
f 1111//2177 1183//2177 21//2177
f 1044//2178 1191//2178 1053//2178
f 698//2179 295//2179 689//2179
f 1079//2180 232//2180 1036//2180
f 404//2181 1117//2181 99//2181
f 1495//2182 1496//2182 717//2182
f 1119//2183 294//2183 98//2183
f 3//2184 1089//2184 517//2184
f 1132//2185 1063//2185 83//2185
f 1132//2186 83//2186 175//2186
f 132//2187 1046//2187 182//2187
f 1111//2188 1195//2188 1183//2188
f 1131//2189 1044//2189 1037//2189
f 127//2190 402//2190 1804//2190
f 219//2191 1272//2191 1047//2191
f 1697//2192 1135//2192 1094//2192
f 2140//2193 1854//2193 2117//2193
f 1111//2194 397//2194 1195//2194
f 1177//2195 1162//2195 1097//2195
f 1061//2196 1177//2196 1097//2196
f 717//2197 1509//2197 714//2197
f 2//2198 1300//2198 433//2198
f 462//2199 290//2199 461//2199
f 98//2200 294//2200 221//2200
f 294//2201 1104//2201 221//2201
f 714//2202 1161//2202 1007//2202
f 1073//2203 1152//2203 1143//2203
f 1697//2204 1094//2204 1360//2204
f 1223//2205 1423//2205 1218//2205
f 836//2206 2479//2206 842//2206
f 1097//2207 1072//2207 1049//2207
f 348//2208 1040//2208 375//2208
f 3//2209 517//2209 316//2209
f 180//2210 1061//2210 1201//2210
f 348//2211 375//2211 232//2211
f 1432//2212 1431//2212 1415//2212
f 220//2213 1513//2213 1495//2213
f 1104//2214 1097//2214 1049//2214
f 306//2215 674//2215 596//2215
f 777//2216 455//2216 723//2216
f 2170//2217 2151//2217 1641//2217
f 1047//2218 419//2218 219//2218
f 1102//2219 1034//2219 1073//2219
f 1073//2220 1034//2220 1152//2220
f 1035//2221 1054//2221 1196//2221
f 1177//2222 1204//2222 1162//2222
f 746//2223 65//2223 12//2223
f 751//2224 178//2224 721//2224
f 1054//2225 517//2225 421//2225
f 1051//2226 1150//2226 1070//2226
f 1102//2227 1073//2227 110//2227
f 998//2228 1136//2228 355//2228
f 567//2229 566//2229 1163//2229
f 1111//2230 315//2230 397//2230
f 1048//2231 1074//2231 835//2231
f 1158//2232 1094//2232 315//2232
f 1374//2233 1107//2233 1252//2233
f 1112//2234 1136//2234 998//2234
f 472//2235 629//2235 500//2235
f 355//2236 1136//2236 260//2236
f 260//2237 118//2237 43//2237
f 1104//2238 83//2238 1063//2238
f 376//2239 357//2239 1050//2239
f 1463//2240 1142//2240 1545//2240
f 1036//2241 232//2241 293//2241
f 1030//2242 1042//2242 1031//2242
f 1079//2243 348//2243 232//2243
f 221//2244 1063//2244 1132//2244
f 1094//2245 1079//2245 1036//2245
f 1076//2246 1629//2246 1205//2246
f 1136//2247 1197//2247 260//2247
f 260//2248 1197//2248 118//2248
f 1204//2249 965//2249 1162//2249
f 293//2250 232//2250 1068//2250
f 1590//2251 1205//2251 1629//2251
f 1205//2252 1590//2252 1140//2252
f 250//2253 382//2253 392//2253
f 1296//2254 1318//2254 1311//2254
f 347//2255 1201//2255 20//2255
f 1201//2256 1200//2256 20//2256
f 132//2257 182//2257 1045//2257
f 1101//2258 1086//2258 1052//2258
f 1033//2259 1039//2259 1055//2259
f 138//2260 1041//2260 1102//2260
f 970//2261 1010//2261 2495//2261
f 455//2262 777//2262 43//2262
f 1992//2263 1948//2263 2023//2263
f 20//2264 1834//2264 347//2264
f 1072//2265 584//2265 1049//2265
f 584//2266 1192//2266 1049//2266
f 182//2267 2//2267 1045//2267
f 1163//2268 324//2268 44//2268
f 1360//2269 1094//2269 1158//2269
f 1450//2270 1360//2270 1158//2270
f 1091//2271 1112//2271 229//2271
f 509//2272 723//2272 455//2272
f 207//2273 509//2273 455//2273
f 1251//2274 1257//2274 1266//2274
f 1488//2275 1489//2275 1547//2275
f 2157//2276 1541//2276 1875//2276
f 305//2277 107//2277 324//2277
f 1045//2278 2//2278 433//2278
f 1070//2279 1079//2279 1135//2279
f 1136//2280 1168//2280 1197//2280
f 1197//2281 359//2281 118//2281
f 118//2282 359//2282 43//2282
f 359//2283 356//2283 43//2283
f 356//2284 455//2284 43//2284
f 356//2285 207//2285 455//2285
f 1240//2286 1422//2286 1408//2286
f 1163//2287 1153//2287 324//2287
f 1201//2288 1061//2288 1200//2288
f 1052//2289 1086//2289 1085//2289
f 1024//2290 1141//2290 1171//2290
f 1112//2291 1105//2291 1136//2291
f 1050//2292 1135//2292 1062//2292
f 1105//2293 1168//2293 1136//2293
f 1168//2294 1178//2294 1197//2294
f 1197//2295 1178//2295 359//2295
f 1173//2296 404//2296 1172//2296
f 465//2297 356//2297 359//2297
f 1174//2298 1125//2298 240//2298
f 1240//2299 1431//2299 1422//2299
f 1098//2300 1113//2300 1105//2300
f 1112//2301 1098//2301 1105//2301
f 1105//2302 1178//2302 1168//2302
f 1178//2303 465//2303 359//2303
f 1091//2304 1098//2304 1112//2304
f 1133//2305 1174//2305 1118//2305
f 98//2306 221//2306 1059//2306
f 487//2307 1132//2307 175//2307
f 980//2308 1017//2308 285//2308
f 465//2309 207//2309 356//2309
f 180//2310 1201//2310 347//2310
f 1060//2311 524//2311 1170//2311
f 445//2312 127//2312 316//2312
f 1431//2313 1438//2313 1422//2313
f 498//2314 469//2314 681//2314
f 940//2315 1807//2315 1759//2315
f 381//2316 250//2316 1290//2316
f 1113//2317 1122//2317 1105//2317
f 1105//2318 1122//2318 1178//2318
f 1151//2319 509//2319 207//2319
f 1236//2320 2035//2320 525//2320
f 1131//2321 293//2321 1044//2321
f 346//2322 207//2322 465//2322
f 346//2323 1151//2323 207//2323
f 1822//2324 1796//2324 1204//2324
f 1143//2325 204//2325 97//2325
f 123//2326 1128//2326 971//2326
f 2153//2327 2152//2327 2134//2327
f 126//2328 1151//2328 346//2328
f 517//2329 445//2329 316//2329
f 1450//2330 1158//2330 23//2330
f 1458//2331 1462//2331 1430//2331
f 1129//2332 152//2332 1182//2332
f 1122//2333 1159//2333 1178//2333
f 1178//2334 1198//2334 465//2334
f 79//2335 346//2335 465//2335
f 126//2336 1155//2336 1151//2336
f 1151//2337 1155//2337 6//2337
f 295//2338 1129//2338 689//2338
f 1073//2339 1143//2339 97//2339
f 1098//2340 1123//2340 1113//2340
f 1113//2341 1123//2341 1122//2341
f 1123//2342 1169//2342 1122//2342
f 1178//2343 1159//2343 1198//2343
f 1198//2344 79//2344 465//2344
f 392//2345 383//2345 152//2345
f 1822//2346 1061//2346 180//2346
f 116//2347 92//2347 625//2347
f 421//2348 1089//2348 1119//2348
f 1129//2349 295//2349 152//2349
f 110//2350 1073//2350 97//2350
f 1173//2351 1172//2351 1141//2351
f 1122//2352 1169//2352 1159//2352
f 79//2353 126//2353 346//2353
f 1155//2354 181//2354 6//2354
f 971//2355 926//2355 1002//2355
f 295//2356 1043//2356 152//2356
f 1039//2357 1088//2357 1056//2357
f 1428//2358 1266//2358 1436//2358
f 404//2359 419//2359 1117//2359
f 836//2360 879//2360 2479//2360
f 2464//2361 2476//2361 2458//2361
f 1198//2362 317//2362 79//2362
f 1124//2363 939//2363 301//2363
f 44//2364 754//2364 567//2364
f 1039//2365 1056//2365 1055//2365
f 1439//2366 1459//2366 1458//2366
f 1660//2367 1412//2367 986//2367
f 1169//2368 1160//2368 1159//2368
f 179//2369 1155//2369 126//2369
f 1155//2370 131//2370 181//2370
f 1061//2371 1822//2371 1177//2371
f 1153//2372 305//2372 324//2372
f 175//2373 314//2373 327//2373
f 1160//2374 1187//2374 1159//2374
f 1159//2375 1187//2375 1198//2375
f 1198//2376 1187//2376 317//2376
f 79//2377 179//2377 126//2377
f 1043//2378 250//2378 392//2378
f 152//2379 1043//2379 392//2379
f 96//2380 819//2380 593//2380
f 1123//2381 1127//2381 1169//2381
f 317//2382 179//2382 79//2382
f 1057//2383 1155//2383 179//2383
f 1155//2384 391//2384 131//2384
f 131//2385 391//2385 668//2385
f 2381//2386 1586//2386 1585//2386
f 12//2387 69//2387 499//2387
f 262//2388 398//2388 1640//2388
f 2107//2389 2118//2389 2060//2389
f 2130//2390 2094//2390 2002//2390
f 1187//2391 249//2391 317//2391
f 1155//2392 1057//2392 391//2392
f 1290//2393 439//2393 1265//2393
f 305//2394 239//2394 107//2394
f 1127//2395 1160//2395 1169//2395
f 317//2396 473//2396 179//2396
f 473//2397 1057//2397 179//2397
f 83//2398 1192//2398 314//2398
f 1043//2399 1290//2399 250//2399
f 1807//2400 940//2400 1030//2400
f 517//2401 1084//2401 445//2401
f 1057//2402 1164//2402 391//2402
f 2492//2403 2480//2403 2493//2403
f 163//2404 643//2404 43//2404
f 1056//2405 1545//2405 1303//2405
f 1069//2406 1655//2406 1023//2406
f 249//2407 473//2407 317//2407
f 1162//2408 1060//2408 1170//2408
f 1086//2409 1118//2409 1154//2409
f 82//2410 68//2410 16//2410
f 1989//2411 1990//2411 1536//2411
f 1633//2412 1632//2412 1611//2412
f 1487//2413 2372//2413 1305//2413
f 1494//2414 1069//2414 1023//2414
f 1137//2415 1160//2415 1127//2415
f 669//2416 1166//2416 679//2416
f 390//2417 1285//2417 426//2417
f 1955//2418 1972//2418 1971//2418
f 1219//2419 1223//2419 2437//2419
f 1254//2420 1261//2420 1223//2420
f 1319//2421 1545//2421 1056//2421
f 1320//2422 1328//2422 2443//2422
f 1261//2423 1433//2423 1223//2423
f 1219//2424 1254//2424 1223//2424
f 254//2425 222//2425 2428//2425
f 1237//2426 1290//2426 1265//2426
f 1284//2427 1273//2427 1263//2427
f 1277//2428 1291//2428 1301//2428
f 1314//2429 102//2429 1301//2429
f 1280//2430 363//2430 377//2430
f 1313//2431 1353//2431 1514//2431
f 468//2432 451//2432 439//2432
f 1918//2433 1964//2433 1956//2433
f 2026//2434 29//2434 2140//2434
f 1354//2435 381//2435 1279//2435
f 1224//2436 30//2436 1254//2436
f 147//2437 158//2437 173//2437
f 1247//2438 1253//2438 274//2438
f 1271//2439 380//2439 334//2439
f 2043//2440 2072//2440 2042//2440
f 274//2441 300//2441 267//2441
f 1356//2442 1392//2442 211//2442
f 13//2443 240//2443 1142//2443
f 1382//2444 1330//2444 1392//2444
f 1312//2445 1323//2445 155//2445
f 240//2446 1125//2446 1142//2446
f 2358//2447 1573//2447 1362//2447
f 1236//2448 1249//2448 1244//2448
f 1272//2449 219//2449 1348//2449
f 1271//2450 1274//2450 380//2450
f 191//2451 2034//2451 1982//2451
f 1992//2452 2052//2452 1990//2452
f 462//2453 452//2453 689//2453
f 2262//2454 2286//2454 2261//2454
f 183//2455 489//2455 1642//2455
f 2485//2456 2480//2456 1869//2456
f 84//2457 111//2457 1323//2457
f 1190//2458 353//2458 1354//2458
f 446//2459 434//2459 435//2459
f 1336//2460 171//2460 1341//2460
f 2021//2461 430//2461 2059//2461
f 862//2462 878//2462 1120//2462
f 1263//2463 1273//2463 1248//2463
f 1966//2464 1921//2464 2144//2464
f 1312//2465 84//2465 1323//2465
f 240//2466 13//2466 1348//2466
f 1359//2467 1274//2467 1271//2467
f 1392//2468 1330//2468 1247//2468
f 1520//2469 1333//2469 11//2469
f 1368//2470 1253//2470 1247//2470
f 1279//2471 1285//2471 1190//2471
f 2465//2472 990//2472 2489//2472
f 1272//2473 1519//2473 805//2473
f 1369//2474 1272//2474 805//2474
f 1317//2475 95//2475 1344//2475
f 1242//2476 1248//2476 1234//2476
f 1368//2477 242//2477 1363//2477
f 274//2478 1262//2478 1386//2478
f 532//2479 597//2479 1886//2479
f 2117//2480 2026//2480 2140//2480
f 1392//2481 1247//2481 274//2481
f 2162//2482 508//2482 985//2482
f 1964//2483 1469//2483 1965//2483
f 1315//2484 104//2484 1331//2484
f 1392//2485 1356//2485 1382//2485
f 128//2486 1342//2486 1336//2486
f 1285//2487 427//2487 426//2487
f 1219//2488 1224//2488 1254//2488
f 1320//2489 1322//2489 1321//2489
f 1320//2490 1321//2490 1328//2490
f 153//2491 2443//2491 1328//2491
f 1321//2492 153//2492 1328//2492
f 1235//2493 1244//2493 1243//2493
f 1225//2494 1224//2494 1219//2494
f 1359//2495 353//2495 1190//2495
f 1312//2496 1473//2496 1458//2496
f 1336//2497 1342//2497 147//2497
f 305//2498 1333//2498 1038//2498
f 1336//2499 147//2499 171//2499
f 516//2500 31//2500 19//2500
f 2479//2501 2461//2501 842//2501
f 1237//2502 1265//2502 427//2502
f 1263//2503 1278//2503 1284//2503
f 881//2504 1827//2504 834//2504
f 1237//2505 427//2505 1285//2505
f 1299//2506 1312//2506 1458//2506
f 1190//2507 1285//2507 1274//2507
f 1363//2508 286//2508 1253//2508
f 2330//2509 2303//2509 828//2509
f 427//2510 442//2510 426//2510
f 2493//2511 2463//2511 2492//2511
f 1285//2512 380//2512 1274//2512
f 522//2513 18//2513 1225//2513
f 2471//2514 2472//2514 2488//2514
f 2338//2515 154//2515 1321//2515
f 1423//2516 1415//2516 1218//2516
f 1225//2517 18//2517 1224//2517
f 1253//2518 286//2518 1262//2518
f 286//2519 353//2519 1359//2519
f 171//2520 1368//2520 1383//2520
f 1273//2521 54//2521 1234//2521
f 1973//2522 2447//2522 527//2522
f 1322//2523 155//2523 1321//2523
f 1203//2524 1369//2524 1413//2524
f 1307//2525 363//2525 1298//2525
f 1364//2526 1375//2526 1329//2526
f 1329//2527 227//2527 1306//2527
f 296//2528 1298//2528 1343//2528
f 947//2529 2499//2529 1447//2529
f 1203//2530 1047//2530 1272//2530
f 1098//2531 1748//2531 1123//2531
f 1519//2532 1272//2532 1348//2532
f 1277//2533 70//2533 1273//2533
f 1282//2534 1337//2534 1361//2534
f 286//2535 302//2535 353//2535
f 103//2536 104//2536 1315//2536
f 1377//2537 435//2537 434//2537
f 1449//2538 1261//2538 1345//2538
f 926//2539 1310//2539 806//2539
f 1263//2540 1248//2540 1242//2540
f 985//2541 508//2541 597//2541
f 1415//2542 1222//2542 1218//2542
f 88//2543 1325//2543 104//2543
f 170//2544 111//2544 156//2544
f 1384//2545 1282//2545 1361//2545
f 274//2546 1253//2546 1262//2546
f 1371//2547 1317//2547 1344//2547
f 1371//2548 1366//2548 1337//2548
f 1345//2549 1459//2549 1449//2549
f 171//2550 1383//2550 1341//2550
f 2438//2551 1235//2551 1227//2551
f 2134//2552 1582//2552 2118//2552
f 428//2553 1260//2553 1379//2553
f 1336//2554 1341//2554 1325//2554
f 1235//2555 1242//2555 1227//2555
f 1228//2556 1687//2556 2284//2556
f 1854//2557 2140//2557 2016//2557
f 1866//2558 1887//2558 1873//2558
f 1343//2559 1298//2559 1370//2559
f 1384//2560 1361//2560 2440//2560
f 171//2561 242//2561 1368//2561
f 1344//2562 1309//2562 1366//2562
f 1371//2563 1344//2563 1366//2563
f 1280//2564 1377//2564 1293//2564
f 200//2565 1185//2565 205//2565
f 1330//2566 1383//2566 1368//2566
f 1255//2567 1264//2567 1263//2567
f 543//2568 1367//2568 1876//2568
f 1343//2569 1370//2569 1260//2569
f 1293//2570 1326//2570 1370//2570
f 2440//2571 1361//2571 1302//2571
f 1282//2572 1384//2572 2406//2572
f 271//2573 1337//2573 1282//2573
f 170//2574 2338//2574 1323//2574
f 1528//2575 1503//2575 2470//2575
f 515//2576 1347//2576 2453//2576
f 1997//2577 1705//2577 1998//2577
f 2285//2578 1228//2578 2284//2578
f 1229//2579 1250//2579 1228//2579
f 1330//2580 1368//2580 1247//2580
f 1919//2581 1619//2581 2045//2581
f 1344//2582 1364//2582 1335//2582
f 1222//2583 1240//2583 1221//2583
f 1212//2584 858//2584 1741//2584
f 2388//2585 1222//2585 1221//2585
f 1528//2586 2470//2586 2068//2586
f 501//2587 1308//2587 2171//2587
f 1295//2588 1311//2588 1487//2588
f 2116//2589 1619//2589 1655//2589
f 1220//2590 1229//2590 1228//2590
f 8//2591 663//2591 573//2591
f 1343//2592 1260//2592 428//2592
f 1337//2593 1366//2593 1361//2593
f 1298//2594 1280//2594 1293//2594
f 1269//2595 1345//2595 1261//2595
f 1279//2596 381//2596 1290//2596
f 1230//2597 1229//2597 1220//2597
f 1230//2598 1245//2598 1229//2598
f 1245//2599 1250//2599 1229//2599
f 1227//2600 1234//2600 31//2600
f 1302//2601 1361//2601 1350//2601
f 1245//2602 1266//2602 1428//2602
f 1992//2603 2023//2603 2052//2603
f 2482//2604 2471//2604 2475//2604
f 452//2605 462//2605 461//2605
f 271//2606 1282//2606 1275//2606
f 1991//2607 1989//2607 1934//2607
f 1366//2608 1309//2608 1350//2608
f 1344//2609 1335//2609 1309//2609
f 730//2610 699//2610 974//2610
f 1374//2611 1252//2611 1208//2611
f 597//2612 508//2612 1912//2612
f 1363//2613 1253//2613 1368//2613
f 1386//2614 1271//2614 300//2614
f 1211//2615 1218//2615 1222//2615
f 1376//2616 1377//2616 434//2616
f 2399//2617 2437//2617 1211//2617
f 1284//2618 1291//2618 1277//2618
f 1230//2619 1251//2619 1245//2619
f 1251//2620 1266//2620 1245//2620
f 1317//2621 1371//2621 1337//2621
f 1288//2622 1286//2622 1095//2622
f 1095//2623 1286//2623 1352//2623
f 1241//2624 1208//2624 1352//2624
f 1241//2625 1374//2625 1208//2625
f 1284//2626 1278//2626 1291//2626
f 211//2627 1392//2627 267//2627
f 1344//2628 1375//2628 1364//2628
f 929//2629 583//2629 1028//2629
f 1361//2630 1366//2630 1350//2630
f 1115//2631 1294//2631 1639//2631
f 1291//2632 103//2632 1301//2632
f 1220//2633 1231//2633 1230//2633
f 1231//2634 1251//2634 1230//2634
f 1234//2635 1248//2635 1273//2635
f 1255//2636 55//2636 1264//2636
f 1360//2637 1450//2637 1702//2637
f 363//2638 1280//2638 1298//2638
f 1369//2639 1203//2639 1272//2639
f 1415//2640 1240//2640 1222//2640
f 1216//2641 1231//2641 1220//2641
f 1243//2642 1263//2642 1235//2642
f 1375//2643 227//2643 1329//2643
f 1264//2644 1278//2644 1263//2644
f 855//2645 899//2645 961//2645
f 1286//2646 1241//2646 1352//2646
f 2081//2647 2128//2647 2107//2647
f 1223//2648 1433//2648 1423//2648
f 1473//2649 1312//2649 155//2649
f 154//2650 153//2650 1321//2650
f 1377//2651 1376//2651 1293//2651
f 1392//2652 274//2652 267//2652
f 334//2653 300//2653 1271//2653
f 1955//2654 1991//2654 1934//2654
f 1613//2655 1327//2655 1288//2655
f 1327//2656 1286//2656 1288//2656
f 1349//2657 1374//2657 1241//2657
f 2370//2658 2025//2658 2367//2658
f 1315//2659 1331//2659 133//2659
f 434//2660 446//2660 1256//2660
f 1232//2661 1251//2661 1231//2661
f 1243//2662 1244//2662 1255//2662
f 1286//2663 1304//2663 1241//2663
f 1349//2664 1107//2664 1374//2664
f 1359//2665 1271//2665 1386//2665
f 1227//2666 516//2666 2431//2666
f 219//2667 240//2667 1348//2667
f 1270//2668 271//2668 1275//2668
f 1255//2669 1263//2669 1243//2669
f 2026//2670 1926//2670 29//2670
f 1683//2671 2157//2671 1212//2671
f 1326//2672 1293//2672 1376//2672
f 1255//2673 32//2673 55//2673
f 104//2674 1325//2674 1341//2674
f 519//2675 2462//2675 2475//2675
f 2154//2676 2161//2676 2137//2676
f 1376//2677 434//2677 1246//2677
f 1246//2678 434//2678 1256//2678
f 1257//2679 1251//2679 1232//2679
f 1262//2680 1359//2680 1386//2680
f 2195//2681 2192//2681 2186//2681
f 1308//2682 534//2682 1226//2682
f 2026//2683 2117//2683 544//2683
f 1327//2684 1613//2684 1324//2684
f 1327//2685 1326//2685 1286//2685
f 1286//2686 1326//2686 1304//2686
f 104//2687 1341//2687 1331//2687
f 774//2688 524//2688 880//2688
f 837//2689 1517//2689 534//2689
f 1127//2690 1123//2690 1567//2690
f 1279//2691 1237//2691 1285//2691
f 1297//2692 1381//2692 1294//2692
f 1217//2693 1232//2693 1216//2693
f 1142//2694 1519//2694 13//2694
f 1436//2695 1267//2695 1287//2695
f 1324//2696 1372//2696 1327//2696
f 1304//2697 1246//2697 1241//2697
f 1246//2698 1349//2698 1241//2698
f 1246//2699 1373//2699 1349//2699
f 286//2700 1359//2700 1262//2700
f 1382//2701 1383//2701 1330//2701
f 1284//2702 1277//2702 1273//2702
f 489//2703 1998//2703 1799//2703
f 1675//2704 1116//2704 1075//2704
f 106//2705 1317//2705 1337//2705
f 1311//2706 1295//2706 1281//2706
f 1292//2707 1364//2707 1329//2707
f 1335//2708 1364//2708 1292//2708
f 1334//2709 1294//2709 1115//2709
f 1334//2710 1297//2710 1294//2710
f 1300//2711 1381//2711 1297//2711
f 973//2712 842//2712 2461//2712
f 1217//2713 1239//2713 1232//2713
f 1232//2714 1239//2714 1257//2714
f 1258//2715 1267//2715 1436//2715
f 1359//2716 1190//2716 1274//2716
f 1862//2717 1405//2717 1877//2717
f 1372//2718 1339//2718 1327//2718
f 1339//2719 1326//2719 1327//2719
f 1373//2720 1351//2720 1349//2720
f 1276//2721 1311//2721 1281//2721
f 1256//2722 2386//2722 1351//2722
f 2//2723 1109//2723 1300//2723
f 482//2724 1731//2724 520//2724
f 803//2725 1604//2725 2022//2725
f 1223//2726 1218//2726 1211//2726
f 1341//2727 1383//2727 1382//2727
f 1298//2728 1293//2728 1370//2728
f 1190//2729 1354//2729 1279//2729
f 1324//2730 2398//2730 1372//2730
f 1714//2731 1700//2731 2173//2731
f 183//2732 2000//2732 489//2732
f 1701//2733 1666//2733 192//2733
f 1227//2734 1242//2734 1234//2734
f 1332//2735 1289//2735 1310//2735
f 1517//2736 2005//2736 2130//2736
f 1331//2737 1341//2737 1382//2737
f 525//2738 1249//2738 1236//2738
f 23//2739 1268//2739 1450//2739
f 1264//2740 1291//2740 1278//2740
f 1281//2741 1287//2741 1267//2741
f 1295//2742 1305//2742 1287//2742
f 1281//2743 1295//2743 1287//2743
f 1487//2744 1305//2744 1295//2744
f 1605//2745 2097//2745 2058//2745
f 1326//2746 1376//2746 1304//2746
f 1304//2747 1376//2747 1246//2747
f 1316//2748 1919//2748 1984//2748
f 2500//2749 1949//2749 2460//2749
f 1332//2750 1313//2750 1289//2750
f 2189//2751 2181//2751 2177//2751
f 1335//2752 1334//2752 1353//2752
f 1292//2753 1297//2753 1334//2753
f 1428//2754 1250//2754 1245//2754
f 969//2755 958//2755 952//2755
f 1217//2756 1233//2756 1239//2756
f 1233//2757 1257//2757 1239//2757
f 1876//2758 1367//2758 1338//2758
f 1379//2759 1260//2759 1372//2759
f 1372//2760 1260//2760 1339//2760
f 1128//2761 1302//2761 1310//2761
f 1310//2762 1302//2762 1332//2762
f 1335//2763 1353//2763 1313//2763
f 1292//2764 1334//2764 1335//2764
f 1297//2765 1329//2765 1300//2765
f 1279//2766 1290//2766 1237//2766
f 1301//2767 103//2767 1314//2767
f 70//2768 1301//2768 102//2768
f 23//2769 1333//2769 1268//2769
f 380//2770 1285//2770 390//2770
f 772//2771 325//2771 1275//2771
f 1314//2772 103//2772 1315//2772
f 2473//2773 2458//2773 2487//2773
f 1276//2774 1281//2774 1267//2774
f 1344//2775 95//2775 1375//2775
f 2053//2776 1771//2776 1572//2776
f 1246//2777 1256//2777 1373//2777
f 1373//2778 1256//2778 1351//2778
f 1340//2779 1302//2779 1128//2779
f 1350//2780 1313//2780 1332//2780
f 1329//2781 1297//2781 1292//2781
f 2434//2782 2473//2782 2487//2782
f 106//2783 1337//2783 271//2783
f 23//2784 471//2784 1333//2784
f 622//2785 723//2785 509//2785
f 1388//2786 1517//2786 2127//2786
f 1991//2787 1990//2787 1989//2787
f 183//2788 1636//2788 1226//2788
f 2133//2789 1605//2789 2151//2789
f 1260//2790 1370//2790 1339//2790
f 1339//2791 1370//2791 1326//2791
f 867//2792 1894//2792 1902//2792
f 390//2793 426//2793 412//2793
f 1235//2794 1263//2794 1242//2794
f 1399//2795 1422//2795 1233//2795
f 305//2796 11//2796 1333//2796
f 1300//2797 1329//2797 1306//2797
f 1302//2798 1350//2798 1332//2798
f 1350//2799 1309//2799 1313//2799
f 1309//2800 1335//2800 1313//2800
f 2470//2801 2102//2801 1502//2801
f 1787//2802 1531//2802 1599//2802
f 1724//2803 1725//2803 1691//2803
f 1827//2804 1601//2804 1927//2804
f 1678//2805 1358//2805 1476//2805
f 1823//2806 1812//2806 1846//2806
f 1805//2807 1824//2807 1708//2807
f 1746//2808 1676//2808 1797//2808
f 325//2809 2395//2809 429//2809
f 1835//2810 1677//2810 1826//2810
f 1507//2811 1790//2811 1722//2811
f 1526//2812 1672//2812 858//2812
f 158//2813 147//2813 1342//2813
f 1462//2814 1473//2814 1322//2814
f 1474//2815 1414//2815 1565//2815
f 1761//2816 1900//2816 1877//2816
f 940//2817 1759//2817 1008//2817
f 1565//2818 1015//2818 1008//2818
f 1924//2819 1533//2819 1933//2819
f 1878//2820 826//2820 830//2820
f 1565//2821 1414//2821 1015//2821
f 1402//2822 1088//2822 1008//2822
f 1538//2823 1532//2823 1651//2823
f 1015//2824 1552//2824 1008//2824
f 1538//2825 1591//2825 1474//2825
f 1532//2826 1538//2826 1474//2826
f 1474//2827 1591//2827 1414//2827
f 1484//2828 1402//2828 1008//2828
f 1552//2829 1484//2829 1008//2829
f 1414//2830 1460//2830 1015//2830
f 1015//2831 1460//2831 1552//2831
f 806//2832 1289//2832 945//2832
f 1597//2833 1538//2833 1659//2833
f 1484//2834 1319//2834 1402//2834
f 1056//2835 1402//2835 1319//2835
f 1538//2836 1597//2836 1591//2836
f 1591//2837 960//2837 1414//2837
f 1414//2838 960//2838 1460//2838
f 1925//2839 1466//2839 1455//2839
f 1552//2840 1400//2840 1484//2840
f 1484//2841 1400//2841 1319//2841
f 1400//2842 113//2842 1319//2842
f 1597//2843 1580//2843 1591//2843
f 1460//2844 1400//2844 1552//2844
f 1514//2845 1441//2845 966//2845
f 1597//2846 1659//2846 1409//2846
f 1657//2847 113//2847 1400//2847
f 1460//2848 1657//2848 1400//2848
f 1288//2849 1095//2849 1634//2849
f 1551//2850 1597//2850 1409//2850
f 1580//2851 1598//2851 1591//2851
f 1591//2852 1598//2852 960//2852
f 1536//2853 1990//2853 2031//2853
f 960//2854 1657//2854 1460//2854
f 1809//2855 1746//2855 1797//2855
f 1423//2856 1433//2856 1432//2856
f 2478//2857 1362//2857 1409//2857
f 1463//2858 1545//2858 113//2858
f 1657//2859 1463//2859 113//2859
f 1457//2860 1287//2860 1305//2860
f 1682//2861 1716//2861 1746//2861
f 1434//2862 1761//2862 1885//2862
f 1013//2863 1139//2863 1617//2863
f 2379//2864 1362//2864 2478//2864
f 1420//2865 1597//2865 1551//2865
f 1420//2866 1580//2866 1597//2866
f 1664//2867 1808//2867 1712//2867
f 2256//2868 2250//2868 2231//2868
f 1362//2869 1551//2869 1409//2869
f 2196//2870 2214//2870 2213//2870
f 1691//2871 1725//2871 1777//2871
f 1626//2872 192//2872 1666//2872
f 1534//2873 1574//2873 2058//2873
f 1574//2874 1600//2874 1605//2874
f 1600//2875 1606//2875 1605//2875
f 1606//2876 1641//2876 1605//2876
f 1573//2877 1420//2877 1551//2877
f 1657//2878 1485//2878 1463//2878
f 678//2879 1806//2879 1742//2879
f 1534//2880 1553//2880 1574//2880
f 1574//2881 1575//2881 1600//2881
f 1810//2882 2170//2882 585//2882
f 1623//2883 1641//2883 1606//2883
f 1407//2884 1657//2884 960//2884
f 1598//2885 1407//2885 960//2885
f 1485//2886 1142//2886 1463//2886
f 1716//2887 1581//2887 1676//2887
f 1738//2888 1743//2888 1733//2888
f 843//2889 2064//2889 835//2889
f 1539//2890 1575//2890 1574//2890
f 1553//2891 1539//2891 1574//2891
f 1575//2892 1592//2892 1600//2892
f 1592//2893 1624//2893 1606//2893
f 1600//2894 1592//2894 1606//2894
f 1642//2895 585//2895 1641//2895
f 1623//2896 1642//2896 1641//2896
f 1485//2897 164//2897 1142//2897
f 1738//2898 1516//2898 1743//2898
f 1809//2899 1720//2899 1798//2899
f 1533//2900 1535//2900 1534//2900
f 1592//2901 1607//2901 1624//2901
f 1624//2902 1623//2902 1606//2902
f 1163//2903 566//2903 1116//2903
f 1407//2904 1485//2904 1657//2904
f 1432//2905 1449//2905 1439//2905
f 1100//2906 802//2906 2382//2906
f 1743//2907 1516//2907 1722//2907
f 1746//2908 1716//2908 1676//2908
f 1535//2909 1539//2909 1534//2909
f 1534//2910 1539//2910 1553//2910
f 1642//2911 1623//2911 1624//2911
f 1095//2912 1208//2912 1654//2912
f 967//2913 1407//2913 1598//2913
f 1580//2914 967//2914 1598//2914
f 1809//2915 1797//2915 1720//2915
f 1924//2916 1524//2916 1535//2916
f 1533//2917 1924//2917 1535//2917
f 1539//2918 1576//2918 1575//2918
f 1642//2919 216//2919 585//2919
f 1407//2920 1529//2920 1485//2920
f 1485//2921 1529//2921 164//2921
f 1472//2922 1462//2922 1482//2922
f 1415//2923 1431//2923 1240//2923
f 966//2924 1194//2924 714//2924
f 383//2925 1182//2925 152//2925
f 474//2926 2337//2926 446//2926
f 1743//2927 1841//2927 1757//2927
f 1486//2928 1524//2928 1924//2928
f 1535//2929 1525//2929 1539//2929
f 1575//2930 1576//2930 1592//2930
f 1420//2931 967//2931 1580//2931
f 1288//2932 1634//2932 1613//2932
f 459//2933 427//2933 1265//2933
f 1404//2934 2179//2934 1393//2934
f 1404//2935 1403//2935 1800//2935
f 1404//2936 1410//2936 1403//2936
f 1410//2937 1749//2937 1403//2937
f 1349//2938 1351//2938 218//2938
f 1486//2939 1498//2939 1524//2939
f 1535//2940 1524//2940 1525//2940
f 1607//2941 1636//2941 1624//2941
f 183//2942 1642//2942 1624//2942
f 1636//2943 183//2943 1624//2943
f 1107//2944 1349//2944 218//2944
f 1351//2945 845//2945 218//2945
f 164//2946 1519//2946 1142//2946
f 845//2947 413//2947 218//2947
f 1525//2948 1576//2948 1539//2948
f 1576//2949 1582//2949 1592//2949
f 1592//2950 2134//2950 1607//2950
f 2134//2951 1636//2951 1607//2951
f 2147//2952 1491//2952 1401//2952
f 1407//2953 1589//2953 1529//2953
f 1529//2954 1519//2954 164//2954
f 1693//2955 1763//2955 1444//2955
f 1924//2956 1479//2956 1486//2956
f 1592//2957 1582//2957 2134//2957
f 499//2958 165//2958 874//2958
f 2176//2959 1857//2959 1959//2959
f 2327//2960 2368//2960 2326//2960
f 2358//2961 821//2961 953//2961
f 953//2962 821//2962 1573//2962
f 1824//2963 1704//2963 1464//2963
f 1731//2964 1358//2964 1678//2964
f 1394//2965 1410//2965 1404//2965
f 1394//2966 1418//2966 1410//2966
f 1466//2967 1479//2967 1839//2967
f 1486//2968 1479//2968 1498//2968
f 1498//2969 1525//2969 1524//2969
f 1576//2970 2080//2970 1582//2970
f 1785//2971 1684//2971 1898//2971
f 804//2972 398//2972 802//2972
f 804//2973 925//2973 398//2973
f 1447//2974 1562//2974 2358//2974
f 2358//2975 1562//2975 821//2975
f 821//2976 1620//2976 1573//2976
f 1620//2977 1420//2977 1573//2977
f 1420//2978 1556//2978 967//2978
f 1393//2979 1394//2979 1404//2979
f 1525//2980 2080//2980 1576//2980
f 1621//2981 1420//2981 1620//2981
f 1621//2982 1556//2982 1420//2982
f 967//2983 1589//2983 1407//2983
f 1505//2984 5//2984 1357//2984
f 1266//2985 1258//2985 1436//2985
f 1393//2986 1395//2986 1394//2986
f 2176//2987 2175//2987 1848//2987
f 1455//2988 1466//2988 1839//2988
f 1525//2989 1540//2989 2080//2989
f 1582//2990 2080//2990 2118//2990
f 1100//2991 804//2991 802//2991
f 1556//2992 1589//2992 967//2992
f 1589//2993 1082//2993 1529//2993
f 1093//2994 1685//2994 1357//2994
f 1504//2995 1093//2995 1357//2995
f 1425//2996 1418//2996 1394//2996
f 1475//2997 1479//2997 1466//2997
f 1479//2998 1506//2998 1498//2998
f 1789//2999 1784//2999 1730//2999
f 2501//3000 2465//3000 2489//3000
f 1438//3001 1458//3001 1430//3001
f 1462//3002 1458//3002 1473//3002
f 1454//3003 805//3003 1529//3003
f 1082//3004 1454//3004 1529//3004
f 1529//3005 805//3005 1519//3005
f 1425//3006 1394//3006 1395//3006
f 1425//3007 1744//3007 1418//3007
f 1479//3008 1475//3008 1506//3008
f 1540//3009 2060//3009 2080//3009
f 1556//3010 1082//3010 1589//3010
f 1443//3011 945//3011 1511//3011
f 1506//3012 1536//3012 1498//3012
f 1498//3013 1536//3013 1525//3013
f 1525//3014 1536//3014 1540//3014
f 1670//3015 852//3015 1672//3015
f 1998//3016 1388//3016 1389//3016
f 1511//3017 966//3017 1509//3017
f 1509//3018 966//3018 714//3018
f 1442//3019 1443//3019 1496//3019
f 1562//3020 1635//3020 821//3020
f 155//3021 1322//3021 1473//3021
f 1439//3022 1458//3022 1438//3022
f 1426//3023 1425//3023 1395//3023
f 1475//3024 1499//3024 1506//3024
f 1735//3025 1588//3025 1776//3025
f 2422//3026 2454//3026 2421//3026
f 1423//3027 1432//3027 1415//3027
f 1559//3028 2101//3028 2073//3028
f 845//3029 866//3029 413//3029
f 1429//3030 1620//3030 821//3030
f 1620//3031 1429//3031 1621//3031
f 1228//3032 1250//3032 1687//3032
f 1002//3033 945//3033 1443//3033
f 2382//3034 802//3034 1083//3034
f 1859//3035 1411//3035 1395//3035
f 1411//3036 1426//3036 1395//3036
f 1426//3037 1744//3037 1425//3037
f 1590//3038 1437//3038 1483//3038
f 1480//3039 1475//3039 1466//3039
f 1480//3040 1499//3040 1475//3040
f 1510//3041 1733//3041 1743//3041
f 1663//3042 1696//3042 1658//3042
f 1430//3043 1453//3043 1452//3043
f 1452//3044 1472//3044 1471//3044
f 1452//3045 1471//3045 1448//3045
f 1430//3046 1452//3046 1421//3046
f 1430//3047 1421//3047 1422//3047
f 1429//3048 1082//3048 1556//3048
f 1621//3049 1429//3049 1556//3049
f 1351//3050 2386//3050 845//3050
f 1126//3051 1059//3051 487//3051
f 1639//3052 1437//3052 1563//3052
f 1504//3053 1928//3053 1093//3053
f 1499//3054 1536//3054 1506//3054
f 1588//3055 1770//3055 1727//3055
f 1110//3056 1747//3056 1397//3056
f 1776//3057 1588//3057 1531//3057
f 1322//3058 1320//3058 1482//3058
f 1590//3059 1629//3059 1571//3059
f 1730//3060 1877//3060 1838//3060
f 1429//3061 935//3061 1082//3061
f 1082//3062 935//3062 1454//3062
f 804//3063 1443//3063 925//3063
f 1139//3064 1007//3064 1639//3064
f 1925//3065 1480//3065 1466//3065
f 1934//3066 1989//3066 1480//3066
f 1499//3067 1989//3067 1536//3067
f 1727//3068 1526//3068 1531//3068
f 1593//3069 1614//3069 502//3069
f 2455//3070 2431//3070 2400//3070
f 1755//3071 1680//3071 908//3071
f 1563//3072 1571//3072 1564//3072
f 1647//3073 1078//3073 1501//3073
f 2490//3074 1635//3074 1106//3074
f 1496//3075 1511//3075 717//3075
f 2454//3076 2431//3076 516//3076
f 1478//3077 1153//3077 1093//3077
f 1870//3078 1426//3078 1411//3078
f 1426//3079 1723//3079 1744//3079
f 962//3080 986//3080 1412//3080
f 717//3081 1511//3081 1509//3081
f 1825//3082 1704//3082 1824//3082
f 2225//3083 2234//3083 2253//3083
f 1490//3084 1557//3084 1188//3084
f 1635//3085 80//3085 821//3085
f 805//3086 1454//3086 935//3086
f 1186//3087 706//3087 695//3087
f 1194//3088 1161//3088 714//3088
f 1512//3089 1007//3089 1013//3089
f 592//3090 97//3090 204//3090
f 1258//3091 1266//3091 1257//3091
f 82//3092 1333//3092 471//3092
f 1694//3093 1710//3093 1505//3093
f 1643//3094 490//3094 1661//3094
f 1661//3095 490//3095 1114//3095
f 1518//3096 2068//3096 2484//3096
f 1750//3097 1808//3097 1664//3097
f 1656//3098 1635//3098 2490//3098
f 935//3099 1521//3099 805//3099
f 1546//3100 1629//3100 1076//3100
f 1301//3101 70//3101 1277//3101
f 966//3102 1441//3102 1194//3102
f 1148//3103 1825//3103 1824//3103
f 1614//3104 1609//3104 1643//3104
f 1114//3105 1092//3105 1921//3105
f 1770//3106 1739//3106 1670//3106
f 1631//3107 1632//3107 1646//3107
f 821//3108 1016//3108 1429//3108
f 1429//3109 1016//3109 935//3109
f 1632//3110 1095//3110 1654//3110
f 1083//3111 262//3111 688//3111
f 1724//3112 1686//3112 1725//3112
f 1644//3113 490//3113 1643//3113
f 1092//3114 1149//3114 1921//3114
f 3//3115 893//3115 1832//3115
f 988//3116 1640//3116 1188//3116
f 916//3117 1107//3117 284//3117
f 1656//3118 80//3118 1635//3118
f 1016//3119 821//3119 80//3119
f 1016//3120 1521//3120 935//3120
f 1478//3121 1202//3121 1153//3121
f 1401//3122 1928//3122 29//3122
f 1440//3123 1478//3123 1928//3123
f 1849//3124 1700//3124 1865//3124
f 1595//3125 1611//3125 1612//3125
f 1208//3126 198//3126 341//3126
f 1464//3127 1704//3127 1746//3127
f 2143//3128 984//3128 1721//3128
f 1848//3129 1849//3129 1868//3129
f 1662//3130 1114//3130 490//3130
f 1669//3131 1787//3131 1682//3131
f 1656//3132 1618//3132 80//3132
f 198//3133 1208//3133 916//3133
f 1440//3134 1928//3134 1401//3134
f 1521//3135 1369//3135 805//3135
f 1252//3136 1107//3136 916//3136
f 1745//3137 678//3137 1672//3137
f 1703//3138 1779//3138 1721//3138
f 1750//3139 1465//3139 1808//3139
f 1609//3140 1644//3140 1643//3140
f 1092//3141 1114//3141 1662//3141
f 1826//3142 1523//3142 1793//3142
f 2262//3143 2261//3143 2224//3143
f 1696//3144 2166//3144 1767//3144
f 1016//3145 1648//3145 1521//3145
f 1208//3146 1252//3146 916//3146
f 833//3147 688//3147 1067//3147
f 1794//3148 1803//3148 1558//3148
f 28//3149 17//3149 512//3149
f 1750//3150 861//3150 1566//3150
f 1594//3151 1644//3151 1609//3151
f 1644//3152 1645//3152 490//3152
f 490//3153 1645//3153 1662//3153
f 2229//3154 2262//3154 2224//3154
f 1602//3155 861//3155 1760//3155
f 1530//3156 1777//3156 1760//3156
f 872//3157 1706//3157 1673//3157
f 1696//3158 1668//3158 2166//3158
f 1708//3159 1809//3159 1798//3159
f 1581//3160 1716//3160 1814//3160
f 1709//3161 1794//3161 1680//3161
f 1233//3162 1421//3162 1257//3162
f 1724//3163 1476//3163 1686//3163
f 1469//3164 1481//3164 1965//3164
f 1965//3165 1481//3165 1492//3165
f 2073//3166 1549//3166 1559//3166
f 1594//3167 1615//3167 1644//3167
f 1799//3168 1706//3168 1755//3168
f 1725//3169 1686//3169 1837//3169
f 1720//3170 1797//3170 1572//3170
f 1618//3171 2467//3171 2022//3171
f 1618//3172 1579//3172 80//3172
f 1648//3173 1016//3173 80//3173
f 2134//3174 2152//3174 1636//3174
f 1611//3175 1632//3175 1631//3175
f 1761//3176 1434//3176 1470//3176
f 1559//3177 1577//3177 1594//3177
f 1603//3178 1615//3178 1594//3178
f 1615//3179 1645//3179 1644//3179
f 1637//3180 1662//3180 1645//3180
f 1662//3181 1199//3181 1092//3181
f 1199//3182 1149//3182 1092//3182
f 1451//3183 1108//3183 1149//3183
f 665//3184 734//3184 756//3184
f 1865//3185 1700//3185 1714//3185
f 1709//3186 1841//3186 1794//3186
f 1618//3187 2022//3187 1579//3187
f 1648//3188 1413//3188 1369//3188
f 1521//3189 1648//3189 1369//3189
f 1520//3190 11//3190 1401//3190
f 1446//3191 1470//3191 1434//3191
f 1798//3192 1691//3192 1754//3192
f 2063//3193 1544//3193 2073//3193
f 2073//3194 1544//3194 1549//3194
f 1594//3195 1577//3195 1603//3195
f 1615//3196 1637//3196 1645//3196
f 1637//3197 1199//3197 1662//3197
f 1427//3198 1149//3198 1199//3198
f 2167//3199 1108//3199 1451//3199
f 1997//3200 1673//3200 1705//3200
f 1706//3201 1799//3201 1705//3201
f 1841//3202 1709//3202 1757//3202
f 1604//3203 1579//3203 2022//3203
f 1579//3204 707//3204 80//3204
f 80//3205 707//3205 1648//3205
f 1520//3206 1401//3206 1491//3206
f 1649//3207 1520//3207 1491//3207
f 1435//3208 1434//3208 1885//3208
f 1470//3209 1469//3209 1461//3209
f 1481//3210 1508//3210 2024//3210
f 2370//3211 1544//3211 2063//3211
f 1549//3212 1568//3212 1559//3212
f 1559//3213 1568//3213 1577//3213
f 1603//3214 1610//3214 1615//3214
f 1615//3215 1610//3215 1637//3215
f 999//3216 1199//3216 1637//3216
f 1451//3217 1149//3217 1427//3217
f 1137//3218 1825//3218 1148//3218
f 1706//3219 1705//3219 1673//3219
f 1138//3220 1604//3220 2116//3220
f 1138//3221 1579//3221 1604//3221
f 1413//3222 1648//3222 707//3222
f 2360//3223 2024//3223 1508//3223
f 598//3224 1075//3224 1116//3224
f 229//3225 93//3225 1468//3225
f 1839//3226 1479//3226 1684//3226
f 2216//3227 2229//3227 2224//3227
f 1610//3228 1625//3228 1637//3228
f 329//3229 999//3229 1637//3229
f 1199//3230 1017//3230 1427//3230
f 1017//3231 303//3231 1427//3231
f 303//3232 1451//3232 1427//3232
f 1792//3233 1754//3233 1777//3233
f 2309//3234 2391//3234 2301//3234
f 1655//3235 1138//3235 2116//3235
f 1138//3236 707//3236 1579//3236
f 1649//3237 1491//3237 206//3237
f 1406//3238 1885//3238 1398//3238
f 1406//3239 1419//3239 1885//3239
f 1419//3240 1435//3240 1885//3240
f 1434//3241 1435//3241 1446//3241
f 1470//3242 1481//3242 1469//3242
f 1577//3243 1583//3243 1603//3243
f 999//3244 1017//3244 1199//3244
f 81//3245 67//3245 941//3245
f 67//3246 1650//3246 941//3246
f 1259//3247 1815//3247 2164//3247
f 1619//3248 2116//3248 2045//3248
f 1424//3249 707//3249 1138//3249
f 1702//3250 1649//3250 206//3250
f 1687//3251 1406//3251 1398//3251
f 1477//3252 1481//3252 1470//3252
f 1568//3253 1569//3253 1577//3253
f 1577//3254 1569//3254 1583//3254
f 1603//3255 1583//3255 1610//3255
f 1625//3256 329//3256 1637//3256
f 2167//3257 340//3257 273//3257
f 81//3258 273//3258 340//3258
f 81//3259 962//3259 67//3259
f 1547//3260 1619//3260 1488//3260
f 1830//3261 1739//3261 1770//3261
f 938//3262 1424//3262 1138//3262
f 1424//3263 1413//3263 707//3263
f 1527//3264 1649//3264 1702//3264
f 1527//3265 1520//3265 1649//3265
f 1527//3266 1268//3266 1520//3266
f 1250//3267 1406//3267 1687//3267
f 1441//3268 1353//3268 1115//3268
f 1203//3269 1413//3269 1051//3269
f 1250//3270 1419//3270 1406//3270
f 1477//3271 2372//3271 1481//3271
f 1481//3272 2372//3272 1508//3272
f 2449//3273 1560//3273 1568//3273
f 1549//3274 2449//3274 1568//3274
f 1568//3275 1560//3275 1569//3275
f 1569//3276 1584//3276 1583//3276
f 1652//3277 329//3277 1625//3277
f 329//3278 817//3278 999//3278
f 285//3279 1017//3279 999//3279
f 303//3280 10//3280 1451//3280
f 10//3281 2167//3281 1451//3281
f 1412//3282 1650//3282 67//3282
f 1412//3283 1488//3283 1650//3283
f 1547//3284 1023//3284 1619//3284
f 1023//3285 1655//3285 1619//3285
f 1655//3286 938//3286 1138//3286
f 1456//3287 1413//3287 1424//3287
f 1457//3288 1470//3288 1446//3288
f 1457//3289 1477//3289 1470//3289
f 329//3290 1652//3290 817//3290
f 10//3291 340//3291 2167//3291
f 938//3292 1546//3292 1424//3292
f 1546//3293 1456//3293 1424//3293
f 1259//3294 1548//3294 1779//3294
f 2052//3295 2031//3295 1990//3295
f 1440//3296 1202//3296 1478//3296
f 1428//3297 1419//3297 1250//3297
f 1428//3298 1435//3298 1419//3298
f 1428//3299 1446//3299 1435//3299
f 1934//3300 1935//3300 1955//3300
f 1560//3301 1584//3301 1569//3301
f 1610//3302 1638//3302 1625//3302
f 1638//3303 1652//3303 1625//3303
f 817//3304 1077//3304 999//3304
f 1077//3305 285//3305 999//3305
f 980//3306 303//3306 1017//3306
f 962//3307 1412//3307 67//3307
f 1494//3308 1023//3308 1547//3308
f 325//3309 271//3309 1270//3309
f 1443//3310 1511//3310 1496//3310
f 1450//3311 1268//3311 1527//3311
f 1514//3312 1353//3312 1441//3312
f 1287//3313 1446//3313 1428//3313
f 1446//3314 1287//3314 1457//3314
f 1305//3315 2372//3315 1477//3315
f 1992//3316 1990//3316 1991//3316
f 1992//3317 1991//3317 1971//3317
f 1971//3318 1991//3318 1955//3318
f 2449//3319 1549//3319 2418//3319
f 1583//3320 1616//3320 1610//3320
f 1610//3321 1616//3321 1638//3321
f 10//3322 1396//3322 340//3322
f 340//3323 1445//3323 81//3323
f 1445//3324 962//3324 81//3324
f 1790//3325 984//3325 1753//3325
f 984//3326 2148//3326 1753//3326
f 1588//3327 1713//3327 1770//3327
f 969//3328 978//3328 958//3328
f 1741//3329 1779//3329 1703//3329
f 1758//3330 1846//3330 1754//3330
f 1827//3331 1819//3331 1029//3331
f 1818//3332 1530//3332 1712//3332
f 1750//3333 1566//3333 2127//3333
f 2459//3334 2434//3334 2483//3334
f 1798//3335 1720//3335 1771//3335
f 1794//3336 1841//3336 1803//3336
f 216//3337 1755//3337 1810//3337
f 1098//3338 1735//3338 1748//3338
f 1735//3339 1497//3339 1748//3339
f 1502//3340 2102//3340 1601//3340
f 881//3341 1502//3341 1601//3341
f 1455//3342 1839//3342 1744//3342
f 1706//3343 1709//3343 1680//3343
f 1212//3344 1741//3344 1703//3344
f 1788//3345 1969//3345 1671//3345
f 1075//3346 1074//3346 1692//3346
f 951//3347 2500//3347 881//3347
f 2490//3348 2486//3348 2463//3348
f 1748//3349 1497//3349 1781//3349
f 1721//3350 984//3350 1840//3350
f 1815//3351 1259//3351 1741//3351
f 1626//3352 1756//3352 1837//3352
f 975//3353 987//3353 1542//3353
f 2230//3354 2236//3354 2235//3354
f 1772//3355 678//3355 734//3355
f 1542//3356 1671//3356 975//3356
f 1806//3357 1772//3357 1780//3357
f 678//3358 1772//3358 1806//3358
f 2218//3359 2225//3359 2268//3359
f 1828//3360 1732//3360 2007//3360
f 1526//3361 1688//3361 1531//3361
f 1752//3362 1526//3362 1554//3362
f 1844//3363 1818//3363 1712//3363
f 1823//3364 1846//3364 1804//3364
f 1781//3365 1669//3365 1704//3365
f 1721//3366 1779//3366 2143//3366
f 1770//3367 1670//3367 1526//3367
f 1497//3368 1669//3368 1781//3368
f 1098//3369 1713//3369 1735//3369
f 1742//3370 1815//3370 1741//3370
f 1526//3371 858//3371 1875//3371
f 1599//3372 1531//3372 1688//3372
f 1803//3373 1790//3373 1558//3373
f 1703//3374 1721//3374 1683//3374
f 1832//3375 1766//3375 957//3375
f 1542//3376 1679//3376 1671//3376
f 1679//3377 1788//3377 1671//3377
f 1927//3378 1819//3378 1827//3378
f 1718//3379 1745//3379 1739//3379
f 1684//3380 1022//3380 1839//3380
f 1459//3381 1283//3381 1299//3381
f 1022//3382 1410//3382 1418//3382
f 2368//3383 2393//3383 2326//3383
f 1669//3384 1497//3384 1776//3384
f 1875//3385 858//3385 1212//3385
f 1739//3386 1745//3386 852//3386
f 1964//3387 1918//3387 1461//3387
f 1356//3388 133//3388 1331//3388
f 1765//3389 1829//3389 1468//3389
f 858//3390 1742//3390 1741//3390
f 1006//3391 1674//3391 1021//3391
f 1723//3392 1936//3392 1935//3392
f 1468//3393 1713//3393 1098//3393
f 1724//3394 1678//3394 1476//3394
f 1680//3395 1783//3395 908//3395
f 1731//3396 1543//3396 520//3396
f 1683//3397 1721//3397 1840//3397
f 1467//3398 1679//3398 1542//3398
f 1812//3399 1708//3399 1846//3399
f 1679//3400 1975//3400 1788//3400
f 1713//3401 1830//3401 1770//3401
f 1803//3402 1722//3402 1790//3402
f 2301//3403 2391//3403 2349//3403
f 1713//3404 1588//3404 1735//3404
f 1836//3405 1530//3405 1818//3405
f 1837//3406 1756//3406 861//3406
f 886//3407 571//3407 556//3407
f 1181//3408 1805//3408 1812//3408
f 1706//3409 1680//3409 1755//3409
f 1677//3410 1729//3410 1775//3410
f 1776//3411 1787//3411 1669//3411
f 1526//3412 1670//3412 1672//3412
f 1727//3413 1770//3413 1526//3413
f 987//3414 1467//3414 1542//3414
f 1567//3415 1704//3415 1137//3415
f 1693//3416 1865//3416 1714//3416
f 897//3417 1762//3417 912//3417
f 1135//3418 1697//3418 1062//3418
f 1697//3419 376//3419 1062//3419
f 1543//3420 1731//3420 1678//3420
f 1793//3421 1679//3421 1467//3421
f 1777//3422 1602//3422 1760//3422
f 1846//3423 1798//3423 1754//3423
f 1835//3424 1096//3424 1677//3424
f 1033//3425 1030//3425 940//3425
f 1450//3426 1527//3426 1702//3426
f 1717//3427 376//3427 1697//3427
f 1711//3428 1717//3428 1697//3428
f 1717//3429 165//3429 376//3429
f 1840//3430 984//3430 1790//3430
f 1669//3431 1746//3431 1704//3431
f 1669//3432 1682//3432 1746//3432
f 2301//3433 2349//3433 2308//3433
f 1882//3434 1444//3434 1898//3434
f 1820//3435 1789//3435 1730//3435
f 861//3436 1380//3436 1566//3436
f 2301//3437 2308//3437 2266//3437
f 1771//3438 1543//3438 1691//3438
f 1958//3439 1659//3439 1651//3439
f 1697//3440 1360//3440 1711//3440
f 1711//3441 1737//3441 1717//3441
f 1717//3442 1737//3442 165//3442
f 1790//3443 1753//3443 1558//3443
f 1668//3444 1696//3444 1663//3444
f 1360//3445 1702//3445 1711//3445
f 1702//3446 1707//3446 1711//3446
f 1707//3447 1737//3447 1711//3447
f 1737//3448 1751//3448 165//3448
f 1444//3449 1782//3449 1693//3449
f 1716//3450 1787//3450 1599//3450
f 1744//3451 1839//3451 1022//3451
f 1898//3452 1444//3452 1785//3452
f 206//3453 1707//3453 1702//3453
f 1764//3454 2468//3454 1751//3454
f 316//3455 1844//3455 893//3455
f 893//3456 1844//3456 915//3456
f 1845//3457 1804//3457 1758//3457
f 1380//3458 861//3458 1756//3458
f 1780//3459 670//3459 1021//3459
f 1714//3460 2172//3460 1763//3460
f 1783//3461 1558//3461 1663//3461
f 1750//3462 2127//3462 1465//3462
f 1798//3463 1771//3463 1691//3463
f 1691//3464 1543//3464 1724//3464
f 1872//3465 1910//3465 839//3465
f 1737//3466 2044//3466 1751//3466
f 1751//3467 2044//3467 1764//3467
f 1757//3468 1701//3468 482//3468
f 1725//3469 1602//3469 1777//3469
f 1836//3470 1845//3470 1530//3470
f 2102//3471 2470//3471 1503//3471
f 2496//3472 1899//3472 544//3472
f 763//3473 2484//3473 946//3473
f 987//3474 1719//3474 1467//3474
f 1845//3475 1758//3475 1792//3475
f 1725//3476 1837//3476 1602//3476
f 1872//3477 1866//3477 1873//3477
f 1712//3478 1530//3478 1760//3478
f 489//3479 1799//3479 216//3479
f 1760//3480 861//3480 1750//3480
f 2068//3481 2466//3481 2460//3481
f 1696//3482 2159//3482 2168//3482
f 377//3483 1377//3483 1280//3483
f 1797//3484 1676//3484 1572//3484
f 1581//3485 2053//3485 1572//3485
f 1676//3486 1581//3486 1572//3486
f 1764//3487 2498//3487 2468//3487
f 2468//3488 2498//3488 1994//3488
f 1861//3489 1695//3489 1860//3489
f 2481//3490 2004//3490 2495//3490
f 1826//3491 1677//3491 1523//3491
f 1670//3492 1739//3492 852//3492
f 2234//3493 2269//3493 2253//3493
f 1724//3494 1543//3494 1678//3494
f 1658//3495 2168//3495 1791//3495
f 1397//3496 1747//3496 1719//3496
f 1696//3497 2168//3497 1658//3497
f 979//3498 519//3498 272//3498
f 1774//3499 1975//3499 1679//3499
f 975//3500 1671//3500 932//3500
f 1787//3501 1716//3501 1682//3501
f 1835//3502 1826//3502 1747//3502
f 2501//3503 2469//3503 961//3503
f 1810//3504 908//3504 1791//3504
f 1982//3505 1768//3505 191//3505
f 1137//3506 1704//3506 1825//3506
f 1804//3507 1846//3507 1758//3507
f 2004//3508 2044//3508 1737//3508
f 913//3509 1969//3509 902//3509
f 2498//3510 1795//3510 1801//3510
f 915//3511 1844//3511 1712//3511
f 1689//3512 915//3512 1712//3512
f 1740//3513 1752//3513 1541//3513
f 695//3514 661//3514 199//3514
f 1865//3515 1693//3515 1782//3515
f 1824//3516 1464//3516 1809//3516
f 1829//3517 1765//3517 1718//3517
f 1816//3518 1768//3518 1982//3518
f 1816//3519 1622//3519 1768//3519
f 1622//3520 2165//3520 1681//3520
f 1768//3521 1622//3521 1681//3521
f 670//3522 1772//3522 228//3522
f 1283//3523 1459//3523 52//3523
f 1785//3524 1444//3524 1749//3524
f 1675//3525 1075//3525 1685//3525
f 1567//3526 1781//3526 1704//3526
f 1858//3527 1857//3527 1848//3527
f 1526//3528 1752//3528 1688//3528
f 1791//3529 2160//3529 1810//3529
f 908//3530 1658//3530 1791//3530
f 1813//3531 1773//3531 1558//3531
f 1845//3532 1792//3532 1530//3532
f 69//3533 376//3533 165//3533
f 3//3534 1832//3534 1834//3534
f 1722//3535 1516//3535 1507//3535
f 1801//3536 1821//3536 1994//3536
f 1833//3537 1982//3537 2046//3537
f 1821//3538 1833//3538 2046//3538
f 1833//3539 1816//3539 1982//3539
f 1022//3540 1785//3540 1749//3540
f 2160//3541 2170//3541 1810//3541
f 1147//3542 1719//3542 1726//3542
f 1683//3543 1840//3543 1507//3543
f 1467//3544 1719//3544 1793//3544
f 1795//3545 1802//3545 1801//3545
f 1802//3546 1811//3546 1801//3546
f 1801//3547 1811//3547 1821//3547
f 1690//3548 2165//3548 1622//3548
f 1934//3549 1480//3549 1925//3549
f 229//3550 1468//3550 1091//3550
f 1780//3551 2164//3551 1742//3551
f 1672//3552 1742//3552 858//3552
f 1833//3553 1417//3553 1816//3553
f 1417//3554 1622//3554 1816//3554
f 1831//3555 2165//3555 1690//3555
f 1668//3556 1663//3556 1558//3556
f 1719//3557 1747//3557 1826//3557
f 1760//3558 1750//3558 1664//3558
f 1817//3559 1690//3559 1622//3559
f 1530//3560 1792//3560 1777//3560
f 948//3561 1796//3561 1802//3561
f 1796//3562 1811//3562 1802//3562
f 1515//3563 1817//3563 1622//3563
f 1695//3564 1861//3564 1831//3564
f 1783//3565 1663//3565 1658//3565
f 1749//3566 1410//3566 1022//3566
f 854//3567 1796//3567 948//3567
f 1811//3568 1842//3568 1833//3568
f 1821//3569 1811//3569 1833//3569
f 1833//3570 1842//3570 1417//3570
f 1622//3571 1417//3571 1515//3571
f 127//3572 1804//3572 1845//3572
f 1686//3573 1626//3573 1837//3573
f 1608//3574 1690//3574 1817//3574
f 1523//3575 1775//3575 1762//3575
f 127//3576 1845//3576 1836//3576
f 1812//3577 1805//3577 1708//3577
f 1523//3578 1677//3578 1775//3578
f 1780//3579 1772//3579 670//3579
f 1758//3580 1754//3580 1792//3580
f 1204//3581 1796//3581 854//3581
f 1822//3582 1842//3582 1811//3582
f 1608//3583 1831//3583 1690//3583
f 1822//3584 1811//3584 1796//3584
f 1842//3585 1416//3585 1417//3585
f 1417//3586 1416//3586 1515//3586
f 1515//3587 1608//3587 1817//3587
f 1728//3588 1831//3588 1608//3588
f 908//3589 1783//3589 1658//3589
f 127//3590 1836//3590 316//3590
f 1805//3591 1148//3591 1824//3591
f 852//3592 1745//3592 1672//3592
f 1478//3593 1093//3593 1928//3593
f 1822//3594 1843//3594 1842//3594
f 1843//3595 959//3595 1842//3595
f 1842//3596 959//3596 1416//3596
f 1728//3597 1695//3597 1831//3597
f 1728//3598 1860//3598 1695//3598
f 2346//3599 446//3599 2337//3599
f 1602//3600 1837//3600 861//3600
f 1087//3601 1096//3601 1835//3601
f 1708//3602 1824//3602 1809//3602
f 2004//3603 1737//3603 505//3603
f 1567//3604 1748//3604 1781//3604
f 520//3605 1543//3605 1883//3605
f 1760//3606 1664//3606 1712//3606
f 128//3607 1336//3607 72//3607
f 2053//3608 1883//3608 1543//3608
f 1822//3609 180//3609 1843//3609
f 1786//3610 1608//3610 1515//3610
f 929//3611 2462//3611 519//3611
f 512//3612 2402//3612 506//3612
f 1212//3613 1703//3613 1683//3613
f 1830//3614 1829//3614 1739//3614
f 2053//3615 1543//3615 1771//3615
f 1416//3616 1769//3616 1515//3616
f 1769//3617 1786//3617 1515//3617
f 1786//3618 1728//3618 1608//3618
f 1712//3619 1808//3619 1689//3619
f 1794//3620 1558//3620 1783//3620
f 1497//3621 1735//3621 1776//3621
f 1127//3622 1567//3622 1137//3622
f 1123//3623 1748//3623 1567//3623
f 36//3624 205//3624 1185//3624
f 959//3625 1734//3625 1416//3625
f 1738//3626 1733//3626 1541//3626
f 1774//3627 1762//3627 1974//3627
f 1752//3628 1554//3628 1541//3628
f 1752//3629 1740//3629 1688//3629
f 1526//3630 1875//3630 1554//3630
f 1468//3631 1829//3631 1830//3631
f 1755//3632 908//3632 1810//3632
f 1716//3633 1599//3633 1814//3633
f 1806//3634 1780//3634 1742//3634
f 2308//3635 2349//3635 2340//3635
f 1832//3636 915//3636 1689//3636
f 1713//3637 1468//3637 1830//3637
f 1814//3638 1599//3638 1346//3638
f 1832//3639 1689//3639 1766//3639
f 1022//3640 1684//3640 1785//3640
f 1093//3641 1153//3641 1116//3641
f 1672//3642 678//3642 1742//3642
f 1675//3643 1685//3643 1093//3643
f 1841//3644 1743//3644 1722//3644
f 1814//3645 2053//3645 1581//3645
f 1464//3646 1746//3646 1809//3646
f 2485//3647 2497//3647 2493//3647
f 1416//3648 1734//3648 1769//3648
f 1665//3649 1728//3649 1786//3649
f 1665//3650 1951//3650 1728//3650
f 1951//3651 1860//3651 1728//3651
f 1951//3652 2094//3652 1860//3652
f 1844//3653 1836//3653 1818//3653
f 316//3654 1836//3654 1844//3654
f 1776//3655 1531//3655 1787//3655
f 1719//3656 1826//3656 1793//3656
f 2147//3657 1401//3657 29//3657
f 2111//3658 2121//3658 1548//3658
f 1741//3659 1259//3659 1779//3659
f 1843//3660 347//3660 1834//3660
f 1843//3661 1734//3661 959//3661
f 1766//3662 1769//3662 1734//3662
f 957//3663 1766//3663 1734//3663
f 1766//3664 1786//3664 1769//3664
f 1766//3665 1689//3665 1786//3665
f 1689//3666 1665//3666 1786//3666
f 1754//3667 1691//3667 1777//3667
f 1507//3668 1840//3668 1790//3668
f 1761//3669 1470//3669 1461//3669
f 1523//3670 1679//3670 1793//3670
f 1091//3671 1468//3671 1098//3671
f 1820//3672 1730//3672 1838//3672
f 1843//3673 1834//3673 1734//3673
f 1808//3674 1951//3674 1665//3674
f 1588//3675 1727//3675 1531//3675
f 893//3676 915//3676 1832//3676
f 1523//3677 1774//3677 1679//3677
f 272//3678 2488//3678 710//3678
f 1093//3679 1116//3679 1675//3679
f 2340//3680 2349//3680 2348//3680
f 1832//3681 1734//3681 1834//3681
f 1832//3682 957//3682 1734//3682
f 1951//3683 1808//3683 2094//3683
f 1685//3684 1692//3684 1505//3684
f 1043//3685 295//3685 698//3685
f 2143//3686 1779//3686 2121//3686
f 1689//3687 1808//3687 1665//3687
f 1693//3688 1714//3688 1763//3688
f 1738//3689 2157//3689 1516//3689
f 1114//3690 1921//3690 236//3690
f 1268//3691 1333//3691 1520//3691
f 1149//3692 1108//3692 431//3692
f 508//3693 2144//3693 1912//3693
f 1957//3694 1108//3694 1537//3694
f 431//3695 1108//3695 1957//3695
f 1018//3696 1108//3696 2167//3696
f 1338//3697 1957//3697 1681//3697
f 2163//3698 1957//3698 1338//3698
f 1983//3699 1390//3699 2093//3699
f 30//3700 557//3700 37//3700
f 1714//3701 2173//3701 2172//3701
f 1983//3702 1984//3702 1390//3702
f 1984//3703 2065//3703 1390//3703
f 884//3704 1762//3704 897//3704
f 2065//3705 1984//3705 1214//3705
f 1950//3706 1974//3706 1762//3706
f 884//3707 1950//3707 1762//3707
f 2012//3708 1698//3708 1861//3708
f 1214//3709 2116//3709 803//3709
f 1950//3710 1938//3710 1974//3710
f 1938//3711 1967//3711 1974//3711
f 1900//3712 1761//3712 1461//3712
f 865//3713 1929//3713 884//3713
f 884//3714 1929//3714 1950//3714
f 2062//3715 2071//3715 2042//3715
f 919//3716 1985//3716 1732//3716
f 1593//3717 502//3717 2146//3717
f 1995//3718 1213//3718 2098//3718
f 1522//3719 2476//3719 1651//3719
f 2174//3720 1849//3720 2175//3720
f 1480//3721 1989//3721 1499//3721
f 1929//3722 1938//3722 1950//3722
f 1605//3723 2058//3723 1574//3723
f 2097//3724 1605//3724 2133//3724
f 1912//3725 2014//3725 1886//3725
f 2092//3726 2082//3726 2083//3726
f 206//3727 1930//3727 505//3727
f 2101//3728 2100//3728 2092//3728
f 2073//3729 2101//3729 2092//3729
f 839//3730 1910//3730 865//3730
f 1910//3731 1901//3731 1929//3731
f 865//3732 1910//3732 1929//3732
f 1967//3733 1788//3733 1975//3733
f 2073//3734 2092//3734 2063//3734
f 2101//3735 1593//3735 2100//3735
f 2015//3736 1876//3736 1698//3736
f 1853//3737 1884//3737 2014//3737
f 1831//3738 1698//3738 2165//3738
f 1316//3739 273//3739 81//3739
f 1901//3740 1920//3740 1929//3740
f 1929//3741 1920//3741 1938//3741
f 1920//3742 1968//3742 1967//3742
f 1938//3743 1920//3743 1967//3743
f 1849//3744 2174//3744 1700//3744
f 2173//3745 1700//3745 2174//3745
f 2062//3746 2072//3746 2091//3746
f 803//3747 2467//3747 2059//3747
f 2239//3748 1736//3748 2240//3748
f 1505//3749 1357//3749 1685//3749
f 1358//3750 1686//3750 1476//3750
f 1967//3751 1968//3751 1788//3751
f 1968//3752 1969//3752 1788//3752
f 2065//3753 2110//3753 2156//3753
f 2065//3754 1214//3754 2110//3754
f 2110//3755 1214//3755 503//3755
f 273//3756 2093//3756 1018//3756
f 273//3757 1983//3757 2093//3757
f 532//3758 1886//3758 2155//3758
f 2034//3759 2021//3759 1947//3759
f 216//3760 1810//3760 585//3760
f 1912//3761 543//3761 2014//3761
f 1390//3762 2051//3762 1537//3762
f 1872//3763 1873//3763 1910//3763
f 1984//3764 2045//3764 1214//3764
f 597//3765 1912//3765 1886//3765
f 1593//3766 2146//3766 2100//3766
f 2071//3767 2062//3767 2090//3767
f 2034//3768 2046//3768 1982//3768
f 2034//3769 1947//3769 2046//3769
f 1214//3770 2045//3770 2116//3770
f 1873//3771 1887//3771 1910//3771
f 1887//3772 1901//3772 1910//3772
f 1562//3773 1447//3773 1106//3773
f 2163//3774 431//3774 1957//3774
f 1948//3775 1972//3775 1936//3775
f 1972//3776 1948//3776 1992//3776
f 2014//3777 2015//3777 2013//3777
f 1853//3778 2014//3778 2013//3778
f 1550//3779 1884//3779 1853//3779
f 1947//3780 2468//3780 1994//3780
f 1355//3781 1550//3781 2154//3781
f 1355//3782 1884//3782 1550//3782
f 2081//3783 2108//3783 2128//3783
f 2024//3784 1965//3784 1492//3784
f 2024//3785 2032//3785 1965//3785
f 2116//3786 1604//3786 803//3786
f 1901//3787 1911//3787 1920//3787
f 1939//3788 1968//3788 1920//3788
f 1911//3789 1939//3789 1920//3789
f 872//3790 1626//3790 1666//3790
f 2062//3791 2091//3791 2120//3791
f 1819//3792 1927//3792 1759//3792
f 1021//3793 1674//3793 1780//3793
f 872//3794 1673//3794 1756//3794
f 1550//3795 501//3795 2171//3795
f 1378//3796 1550//3796 2171//3796
f 2146//3797 2162//3797 2145//3797
f 1358//3798 482//3798 192//3798
f 2109//3799 2120//3799 2119//3799
f 1866//3800 1872//3800 2227//3800
f 1391//3801 2012//3801 1860//3801
f 2136//3802 2137//3802 2161//3802
f 2162//3803 1661//3803 236//3803
f 1887//3804 1894//3804 1901//3804
f 1901//3805 1894//3805 1911//3805
f 505//3806 1707//3806 206//3806
f 2120//3807 2137//3807 2136//3807
f 2142//3808 2164//3808 1674//3808
f 1860//3809 2012//3809 1861//3809
f 1894//3810 1939//3810 1911//3810
f 2080//3811 2060//3811 2118//3811
f 2162//3812 236//3812 508//3812
f 2164//3813 1815//3813 1742//3813
f 1018//3814 2093//3814 1537//3814
f 2154//3815 1378//3815 2161//3815
f 2041//3816 2098//3816 2491//3816
f 2043//3817 2042//3817 2032//3817
f 1108//3818 1018//3818 1537//3818
f 1465//3819 2094//3819 1808//3819
f 502//3820 1643//3820 1661//3820
f 2467//3821 1618//3821 1656//3821
f 2119//3822 2136//3822 2135//3822
f 2119//3823 2108//3823 2071//3823
f 878//3824 1183//3824 1195//3824
f 2101//3825 1594//3825 1593//3825
f 2033//3826 2370//3826 2063//3826
f 2482//3827 2491//3827 2098//3827
f 1282//3828 2406//3828 1275//3828
f 2003//3829 1948//3829 1956//3829
f 2043//3830 2032//3830 2024//3830
f 2025//3831 2043//3831 2024//3831
f 2154//3832 1550//3832 1378//3832
f 1795//3833 2498//3833 1764//3833
f 2142//3834 1548//3834 2164//3834
f 2431//3835 2454//3835 2422//3835
f 1981//3836 2011//3836 1993//3836
f 2349//3837 2391//3837 2362//3837
f 502//3838 2162//3838 2146//3838
f 2025//3839 2024//3839 2360//3839
f 2129//3840 2120//3840 2091//3840
f 1732//3841 1985//3841 2007//3841
f 2171//3842 1308//3842 209//3842
f 1930//3843 1995//3843 2041//3843
f 1390//3844 1238//3844 2051//3844
f 1866//3845 1878//3845 1887//3845
f 1878//3846 1894//3846 1887//3846
f 1965//3847 2032//3847 2011//3847
f 874//3848 2480//3848 2492//3848
f 2071//3849 2108//3849 2069//3849
f 1358//3850 1731//3850 482//3850
f 430//3851 2021//3851 2034//3851
f 1965//3852 2003//3852 1964//3852
f 1855//3853 1889//3853 831//3853
f 1668//3854 1773//3854 2150//3854
f 1390//3855 2156//3855 1238//3855
f 898//3856 869//3856 1903//3856
f 2391//3857 2407//3857 2362//3857
f 2121//3858 2111//3858 2074//3858
f 1548//3859 1259//3859 2164//3859
f 2099//3860 2129//3860 2091//3860
f 1550//3861 1853//3861 501//3861
f 1853//3862 1852//3862 501//3862
f 952//3863 2017//3863 969//3863
f 2085//3864 2121//3864 2074//3864
f 2130//3865 2006//3865 1391//3865
f 2144//3866 1367//3866 543//3866
f 2100//3867 2146//3867 2099//3867
f 1545//3868 1319//3868 113//3868
f 1903//3869 1922//3869 898//3869
f 1922//3870 1931//3870 898//3870
f 585//3871 2170//3871 1641//3871
f 2007//3872 2017//3872 952//3872
f 2017//3873 2074//3873 969//3873
f 1558//3874 1753//3874 1813//3874
f 837//3875 2005//3875 1517//3875
f 2005//3876 2006//3876 2130//3876
f 1532//3877 1474//3877 1528//3877
f 2003//3878 1981//3878 1948//3878
f 2070//3879 2071//3879 2069//3879
f 1922//3880 919//3880 1931//3880
f 2017//3881 2085//3881 2074//3881
f 2085//3882 2104//3882 2121//3882
f 2100//3883 2099//3883 2082//3883
f 2156//3884 2110//3884 2034//3884
f 505//3885 2474//3885 2004//3885
f 1903//3886 871//3886 1922//3886
f 1922//3887 1952//3887 919//3887
f 919//3888 1952//3888 1985//3888
f 1985//3889 2001//3889 2007//3889
f 2001//3890 2036//3890 2017//3890
f 2007//3891 2001//3891 2017//3891
f 2017//3892 2036//3892 2085//3892
f 2036//3893 2047//3893 2085//3893
f 2047//3894 2075//3894 2085//3894
f 2075//3895 2104//3895 2085//3895
f 1948//3896 1993//3896 2023//3896
f 2400//3897 2422//3897 2407//3897
f 2011//3898 2070//3898 1993//3898
f 2033//3899 2043//3899 2025//3899
f 2012//3900 2015//3900 1698//3900
f 1876//3901 1338//3901 2165//3901
f 871//3902 1940//3902 1922//3902
f 1985//3903 1976//3903 2001//3903
f 2121//3904 2104//3904 2143//3904
f 1051//3905 1413//3905 1456//3905
f 2358//3906 1362//3906 2379//3906
f 1859//3907 1789//3907 1870//3907
f 2090//3908 2109//3908 2071//3908
f 1405//3909 1398//3909 1885//3909
f 1886//3910 1884//3910 1355//3910
f 1922//3911 1960//3911 1952//3911
f 1952//3912 1960//3912 1985//3912
f 1960//3913 1976//3913 1985//3913
f 1956//3914 1948//3914 1936//3914
f 2135//3915 209//3915 2128//3915
f 2157//3916 1875//3916 1212//3916
f 2160//3917 2168//3917 2169//3917
f 1900//3918 1461//3918 1918//3918
f 2001//3919 2018//3919 2036//3919
f 2075//3920 2086//3920 2104//3920
f 2111//3921 2142//3921 2103//3921
f 1937//3922 1956//3922 1936//3922
f 2023//3923 2070//3923 2061//3923
f 2135//3924 2128//3924 2108//3924
f 2042//3925 2071//3925 2011//3925
f 2138//3926 413//3926 2383//3926
f 2033//3927 2072//3927 2043//3927
f 1922//3928 1940//3928 1960//3928
f 2070//3929 2069//3929 2061//3929
f 2069//3930 2108//3930 2061//3930
f 2108//3931 2119//3931 2135//3931
f 1855//3932 1904//3932 1889//3932
f 1889//3933 1904//3933 871//3933
f 871//3934 1904//3934 1940//3934
f 1976//3935 2018//3935 2001//3935
f 2036//3936 2018//3936 2047//3936
f 2122//3937 2143//3937 2104//3937
f 216//3938 1642//3938 489//3938
f 2148//3939 984//3939 2143//3939
f 1975//3940 1974//3940 1967//3940
f 2157//3941 1683//3941 1516//3941
f 1614//3942 1593//3942 1594//3942
f 2269//3943 2270//3943 2276//3943
f 1926//3944 2147//3944 29//3944
f 2082//3945 2091//3945 2072//3945
f 430//3946 503//3946 2059//3946
f 1904//3947 1905//3947 1940//3947
f 1940//3948 1961//3948 1960//3948
f 1961//3949 1976//3949 1960//3949
f 2087//3950 2086//3950 2075//3950
f 2065//3951 2156//3951 1390//3951
f 1820//3952 1838//3952 1900//3952
f 534//3953 1308//3953 837//3953
f 2167//3954 273//3954 1018//3954
f 831//3955 1850//3955 1855//3955
f 2019//3956 2037//3956 2018//3956
f 2018//3957 2037//3957 2047//3957
f 2037//3958 2075//3958 2047//3958
f 2086//3959 2095//3959 2104//3959
f 2095//3960 2122//3960 2104//3960
f 2122//3961 2148//3961 2143//3961
f 1926//3962 1213//3962 1995//3962
f 1405//3963 1885//3963 1761//3963
f 2006//3964 2013//3964 2012//3964
f 2211//3965 2233//3965 2216//3965
f 1855//3966 1890//3966 1904//3966
f 1904//3967 1895//3967 1905//3967
f 1905//3968 1932//3968 1940//3968
f 1961//3969 1977//3969 1976//3969
f 1976//3970 1986//3970 2018//3970
f 2484//3971 2476//3971 1518//3971
f 1870//3972 1411//3972 1859//3972
f 1548//3973 2142//3973 2111//3973
f 1904//3974 1890//3974 1895//3974
f 1895//3975 1932//3975 1905//3975
f 1940//3976 1932//3976 1961//3976
f 1976//3977 1977//3977 1986//3977
f 1986//3978 2008//3978 2018//3978
f 2018//3979 2008//3979 2019//3979
f 2087//3980 2075//3980 2037//3980
f 2087//3981 2095//3981 2086//3981
f 2094//3982 1391//3982 1860//3982
f 1852//3983 1853//3983 2006//3983
f 1853//3984 2013//3984 2006//3984
f 929//3985 979//3985 850//3985
f 1855//3986 1874//3986 1890//3986
f 2008//3987 2028//3987 2019//3987
f 1993//3988 2070//3988 2023//3988
f 1705//3989 1799//3989 1998//3989
f 1491//3990 2147//3990 206//3990
f 1851//3991 1856//3991 1855//3991
f 1895//3992 1890//3992 1874//3992
f 2038//3993 2019//3993 2028//3993
f 2038//3994 2048//3994 2037//3994
f 2019//3995 2038//3995 2037//3995
f 2048//3996 2067//3996 2087//3996
f 2037//3997 2048//3997 2087//3997
f 2087//3998 2067//3998 2095//3998
f 2095//3999 2149//3999 2122//3999
f 2149//4000 2148//4000 2122//4000
f 1308//4001 2005//4001 837//4001
f 209//4002 1308//4002 1387//4002
f 1601//4003 2102//4003 1927//4003
f 254//4004 170//4004 201//4004
f 1800//4005 1403//4005 1763//4005
f 1510//4006 1346//4006 1740//4006
f 870//4007 871//4007 1903//4007
f 1919//4008 1650//4008 1619//4008
f 2148//4009 1667//4009 1753//4009
f 1932//4010 1923//4010 1961//4010
f 1977//4011 1953//4011 1986//4011
f 2067//4012 2112//4012 2095//4012
f 2112//4013 2149//4013 2095//4013
f 2148//4014 2149//4014 1667//4014
f 2422//4015 2421//4015 2407//4015
f 1926//4016 2026//4016 1213//4016
f 1912//4017 2144//4017 543//4017
f 2128//4018 1387//4018 2153//4018
f 1733//4019 1510//4019 1740//4019
f 990//4020 853//4020 2489//4020
f 503//4021 1214//4021 803//4021
f 1921//4022 431//4022 2163//4022
f 2146//4023 2145//4023 2129//4023
f 2144//4024 1921//4024 2163//4024
f 1855//4025 1856//4025 1874//4025
f 1895//4026 1923//4026 1932//4026
f 1923//4027 1941//4027 1961//4027
f 1961//4028 1941//4028 1977//4028
f 2048//4029 2076//4029 2067//4029
f 2076//4030 2113//4030 2067//4030
f 2067//4031 2113//4031 2112//4031
f 1723//4032 1900//4032 1937//4032
f 1870//4033 1900//4033 1723//4033
f 1367//4034 2163//4034 1338//4034
f 520//4035 1346//4035 1510//4035
f 1698//4036 1831//4036 1861//4036
f 1984//4037 1919//4037 2045//4037
f 1895//4038 1891//4038 1923//4038
f 2008//4039 1986//4039 2028//4039
f 1948//4040 1981//4040 1993//4040
f 1883//4041 1346//4041 520//4041
f 1883//4042 1814//4042 1346//4042
f 1930//4043 206//4043 2147//4043
f 2499//4044 2486//4044 1447//4044
f 1891//4045 1906//4045 1923//4045
f 1923//4046 1953//4046 1941//4046
f 1953//4047 1977//4047 1941//4047
f 1953//4048 1987//4048 1986//4048
f 2113//4049 2123//4049 2112//4049
f 2123//4050 2149//4050 2112//4050
f 1387//4051 1308//4051 1226//4051
f 1599//4052 1688//4052 1346//4052
f 2093//4053 1390//4053 1537//4053
f 2003//4054 2011//4054 1981//4054
f 1987//4055 2028//4055 1986//4055
f 2038//4056 2049//4056 2048//4056
f 2048//4057 2049//4057 2076//4057
f 1813//4058 1667//4058 2149//4058
f 2123//4059 1813//4059 2149//4059
f 1461//4060 1469//4060 1964//4060
f 1757//4061 1510//4061 1743//4061
f 505//4062 1930//4062 1999//4062
f 2223//4063 1784//4063 1789//4063
f 1532//4064 1522//4064 1651//4064
f 1906//4065 1913//4065 1923//4065
f 1913//4066 1943//4066 1923//4066
f 1943//4067 1942//4067 1923//4067
f 1923//4068 1942//4068 1953//4068
f 1942//4069 1987//4069 1953//4069
f 1308//4070 1852//4070 2005//4070
f 2053//4071 1814//4071 1883//4071
f 1733//4072 1740//4072 1541//4072
f 2154//4073 1886//4073 1355//4073
f 1503//4074 1528//4074 1474//4074
f 1874//4075 1879//4075 1895//4075
f 1895//4076 1879//4076 1891//4076
f 2076//4077 2124//4077 2113//4077
f 2113//4078 2124//4078 2123//4078
f 1896//4079 1891//4079 1879//4079
f 1891//4080 1896//4080 1906//4080
f 1942//4081 1962//4081 1987//4081
f 1962//4082 2009//4082 2028//4082
f 1987//4083 1962//4083 2028//4083
f 2009//4084 2038//4084 2028//4084
f 2109//4085 2119//4085 2071//4085
f 1918//4086 1956//4086 1937//4086
f 1851//4087 1864//4087 1856//4087
f 1896//4088 1897//4088 1906//4088
f 1906//4089 1897//4089 1913//4089
f 1943//4090 1962//4090 1942//4090
f 2049//4091 2077//4091 2076//4091
f 2124//4092 2125//4092 2123//4092
f 1930//4093 2147//4093 1926//4093
f 1902//4094 1894//4094 1878//4094
f 482//4095 1510//4095 1757//4095
f 2129//4096 2137//4096 2120//4096
f 503//4097 803//4097 2059//4097
f 1847//4098 1857//4098 1851//4098
f 1851//4099 1857//4099 1864//4099
f 2039//4100 2038//4100 2009//4100
f 2038//4101 2039//4101 2049//4101
f 2076//4102 2077//4102 2124//4102
f 2150//4103 1813//4103 2123//4103
f 482//4104 520//4104 1510//4104
f 1994//4105 1821//4105 2046//4105
f 2044//4106 2004//4106 1764//4106
f 1864//4107 1867//4107 1856//4107
f 1867//4108 1874//4108 1856//4108
f 1897//4109 1944//4109 1913//4109
f 1943//4110 1944//4110 1962//4110
f 2124//4111 2126//4111 2125//4111
f 2150//4112 2123//4112 2125//4112
f 2099//4113 2146//4113 2129//4113
f 2041//4114 1995//4114 2098//4114
f 1605//4115 1641//4115 2151//4115
f 1847//4116 1959//4116 1857//4116
f 1874//4117 1867//4117 1879//4117
f 1913//4118 1944//4118 1943//4118
f 1944//4119 1963//4119 1962//4119
f 2077//4120 2096//4120 2124//4120
f 2096//4121 2126//4121 2124//4121
f 2126//4122 2150//4122 2125//4122
f 941//4123 1650//4123 1919//4123
f 2135//4124 2136//4124 209//4124
f 1884//4125 1886//4125 2014//4125
f 2049//4126 2029//4126 2077//4126
f 1388//4127 2127//4127 1389//4127
f 1389//4128 2127//4128 1566//4128
f 1930//4129 1926//4129 1995//4129
f 941//4130 1919//4130 1316//4130
f 2110//4131 503//4131 430//4131
f 1867//4132 1880//4132 1879//4132
f 1879//4133 1880//4133 1896//4133
f 1897//4134 1907//4134 1944//4134
f 1963//4135 1978//4135 1962//4135
f 1962//4136 1978//4136 2009//4136
f 2039//4137 2029//4137 2049//4137
f 2077//4138 2078//4138 2096//4138
f 822//4139 823//4139 827//4139
f 2166//4140 1668//4140 2150//4140
f 81//4141 941//4141 1316//4141
f 2204//4142 2216//4142 2203//4142
f 2011//4143 2071//4143 2070//4143
f 1880//4144 1892//4144 1896//4144
f 1892//4145 1907//4145 1897//4145
f 1896//4146 1892//4146 1897//4146
f 1907//4147 1914//4147 1944//4147
f 1978//4148 2010//4148 2009//4148
f 2010//4149 2039//4149 2009//4149
f 1688//4150 1740//4150 1346//4150
f 1789//4151 1820//4151 1870//4151
f 2130//4152 1391//4152 2094//4152
f 1944//4153 1945//4153 1963//4153
f 2029//4154 2078//4154 2077//4154
f 1767//4155 2150//4155 2126//4155
f 1767//4156 2166//4156 2150//4156
f 803//4157 2022//4157 2467//4157
f 1503//4158 1927//4158 2102//4158
f 1914//4159 1954//4159 1944//4159
f 1944//4160 1954//4160 1945//4160
f 1963//4161 1970//4161 1978//4161
f 2078//4162 2105//4162 2096//4162
f 2105//4163 2126//4163 2096//4163
f 1965//4164 2011//4164 2003//4164
f 192//4165 1626//4165 1358//4165
f 2101//4166 1559//4166 1594//4166
f 1930//4167 2041//4167 1999//4167
f 1698//4168 1876//4168 2165//4168
f 1398//4169 1871//4169 891//4169
f 2165//4170 1338//4170 1681//4170
f 1970//4171 2010//4171 1978//4171
f 2010//4172 2030//4172 2029//4172
f 2039//4173 2010//4173 2029//4173
f 2030//4174 2055//4174 2078//4174
f 2029//4175 2030//4175 2078//4175
f 1849//4176 1848//4176 2175//4176
f 1871//4177 1862//4177 891//4177
f 543//4178 2015//4178 2014//4178
f 1857//4179 1858//4179 1864//4179
f 1864//4180 1858//4180 1867//4180
f 1963//4181 1945//4181 1970//4181
f 2055//4182 2088//4182 2078//4182
f 2078//4183 2088//4183 2105//4183
f 2105//4184 2131//4184 2126//4184
f 2126//4185 2131//4185 1767//4185
f 2063//4186 2083//4186 2033//4186
f 2161//4187 2171//4187 209//4187
f 2032//4188 2042//4188 2011//4188
f 1813//4189 2150//4189 1773//4189
f 1914//4190 1908//4190 1954//4190
f 1970//4191 1979//4191 2010//4191
f 2088//4192 2131//4192 2105//4192
f 2015//4193 543//4193 1876//4193
f 1694//4194 1692//4194 1048//4194
f 1395//4195 2207//4195 1859//4195
f 1395//4196 1393//4196 2207//4196
f 1730//4197 1784//4197 1736//4197
f 2500//4198 2466//4198 2470//4198
f 1709//4199 1701//4199 1757//4199
f 1945//4200 1979//4200 1970//4200
f 2030//4201 2050//4201 2055//4201
f 2350//4202 2317//4202 2286//4202
f 2154//4203 2155//4203 1886//4203
f 871//4204 860//4204 1889//4204
f 2161//4205 209//4205 2136//4205
f 2497//4206 2463//4206 2493//4206
f 2190//4207 2204//4207 2203//4207
f 1800//4208 2179//4208 1404//4208
f 2477//4209 2469//4209 1385//4209
f 1385//4210 1715//4210 2477//4210
f 2128//4211 209//4211 1387//4211
f 1858//4212 1868//4212 1867//4212
f 1867//4213 1881//4213 1880//4213
f 1893//4214 1892//4214 1880//4214
f 1881//4215 1893//4215 1880//4215
f 1893//4216 1907//4216 1892//4216
f 1907//4217 1908//4217 1914//4217
f 1954//4218 1979//4218 1945//4218
f 1979//4219 1980//4219 2010//4219
f 2131//4220 2159//4220 1767//4220
f 1765//4221 93//4221 339//4221
f 1761//4222 1877//4222 1405//4222
f 523//4223 1347//4223 515//4223
f 1541//4224 2157//4224 1738//4224
f 2144//4225 2163//4225 1367//4225
f 1380//4226 1389//4226 1566//4226
f 2317//4227 2392//4227 2316//4227
f 1994//4228 2498//4228 1801//4228
f 1867//4229 1868//4229 1881//4229
f 1980//4230 2050//4230 2030//4230
f 2010//4231 1980//4231 2030//4231
f 2050//4232 2089//4232 2055//4232
f 2055//4233 2089//4233 2088//4233
f 2088//4234 2114//4234 2131//4234
f 1538//4235 1651//4235 1659//4235
f 2145//4236 2155//4236 2129//4236
f 2140//4237 29//4237 1928//4237
f 2370//4238 2033//4238 2025//4238
f 2252//4239 2239//4239 2240//4239
f 2239//4240 2252//4240 1862//4240
f 2392//4241 2391//4241 2316//4241
f 2469//4242 2501//4242 1385//4242
f 2477//4243 1715//4243 1710//4243
f 502//4244 1614//4244 1643//4244
f 2438//4245 1227//4245 2431//4245
f 1915//4246 1907//4246 1893//4246
f 1915//4247 1908//4247 1907//4247
f 1954//4248 1908//4248 1979//4248
f 1908//4249 1988//4249 1979//4249
f 1979//4250 1988//4250 1980//4250
f 2114//4251 2159//4251 2131//4251
f 2155//4252 2154//4252 2129//4252
f 508//4253 1966//4253 2144//4253
f 872//4254 1756//4254 1626//4254
f 1710//4255 1715//4255 1505//4255
f 236//4256 1966//4256 508//4256
f 2272//4257 2284//4257 1398//4257
f 2325//4258 2355//4258 2319//4258
f 1548//4259 2121//4259 1779//4259
f 1532//4260 1528//4260 1522//4260
f 1980//4261 2056//4261 2050//4261
f 2050//4262 2056//4262 2089//4262
f 2013//4263 2015//4263 2012//4263
f 1964//4264 2003//4264 1956//4264
f 2006//4265 2012//4265 1391//4265
f 1565//4266 1927//4266 1503//4266
f 2244//4267 2243//4267 2226//4267
f 5//4268 1715//4268 1385//4268
f 1858//4269 1848//4269 1868//4269
f 1915//4270 1946//4270 1908//4270
f 1946//4271 1988//4271 1908//4271
f 1980//4272 2020//4272 2056//4272
f 2115//4273 2159//4273 2114//4273
f 2092//4274 2083//4274 2063//4274
f 1398//4275 2284//4275 1687//4275
f 2162//4276 2155//4276 2145//4276
f 519//4277 2475//4277 2488//4277
f 2158//4278 5//4278 1385//4278
f 5//4279 1505//4279 1715//4279
f 1692//4280 1694//4280 1505//4280
f 1988//4281 2020//4281 1980//4281
f 2115//4282 2169//4282 2159//4282
f 2169//4283 2168//4283 2159//4283
f 2083//4284 2082//4284 2072//4284
f 1316//4285 1984//4285 1983//4285
f 1488//4286 1619//4286 1650//4286
f 2083//4287 2072//4287 2033//4287
f 2361//4288 1210//4288 1233//4288
f 1933//4289 1946//4289 1915//4289
f 2056//4290 2079//4290 2089//4290
f 2088//4291 2115//4291 2114//4291
f 2099//4292 2091//4292 2082//4292
f 2162//4293 532//4293 2155//4293
f 1852//4294 2006//4294 2005//4294
f 2023//4295 2061//4295 2052//4295
f 2176//4296 2184//4296 2175//4296
f 2162//4297 985//4297 532//4297
f 1909//4298 1893//4298 1881//4298
f 1909//4299 1915//4299 1893//4299
f 1988//4300 2040//4300 2020//4300
f 2040//4301 2056//4301 2020//4301
f 2089//4302 2079//4302 2088//4302
f 2088//4303 2079//4303 2115//4303
f 1782//4304 1444//4304 1882//4304
f 1216//4305 1215//4305 2320//4305
f 867//4306 1939//4306 1894//4306
f 867//4307 903//4307 1939//4307
f 1372//4308 2398//4308 1379//4308
f 1863//4309 504//4309 2027//4309
f 2158//4310 1385//4310 504//4310
f 1868//4311 1782//4311 1881//4311
f 1909//4312 1933//4312 1915//4312
f 2040//4313 1988//4313 1946//4313
f 1481//4314 2024//4314 1492//4314
f 2120//4315 2136//4315 2119//4315
f 1522//4316 1528//4316 1518//4316
f 1871//4317 1398//4317 1405//4317
f 1221//4318 1408//4318 1399//4318
f 1357//4319 5//4319 2158//4319
f 2179//4320 1800//4320 1763//4320
f 1868//4321 1865//4321 1782//4321
f 1882//4322 1881//4322 1782//4322
f 1882//4323 1909//4323 1881//4323
f 2040//4324 2057//4324 2056//4324
f 2106//4325 2079//4325 2056//4325
f 2057//4326 2106//4326 2056//4326
f 2106//4327 2132//4327 2079//4327
f 2132//4328 2115//4328 2079//4328
f 2115//4329 2132//4329 2169//4329
f 532//4330 985//4330 597//4330
f 2092//4331 2100//4331 2082//4331
f 1210//4332 1221//4332 1399//4332
f 1399//4333 1233//4333 1210//4333
f 2130//4334 2002//4334 1517//4334
f 1849//4335 1865//4335 1868//4335
f 1933//4336 2040//4336 1946//4336
f 52//4337 1269//4337 30//4337
f 1667//4338 1813//4338 1753//4338
f 1997//4339 1380//4339 1673//4339
f 940//4340 1008//4340 1088//4340
f 1947//4341 1994//4341 2046//4341
f 1882//4342 1916//4342 1909//4342
f 1924//4343 1933//4343 1909//4343
f 1533//4344 2040//4344 1933//4344
f 1533//4345 1534//4345 2040//4345
f 2058//4346 2040//4346 1534//4346
f 2058//4347 2057//4347 2040//4347
f 1238//4348 191//4348 1768//4348
f 1997//4349 1389//4349 1380//4349
f 1875//4350 1541//4350 1554//4350
f 1854//4351 504//4351 1863//4351
f 1854//4352 2158//4352 504//4352
f 2396//4353 1275//4353 2406//4353
f 2426//4354 2443//4354 153//4354
f 1916//4355 1924//4355 1909//4355
f 1925//4356 1935//4356 1934//4356
f 1870//4357 1723//4357 1426//4357
f 2058//4358 2097//4358 2057//4358
f 2097//4359 2106//4359 2057//4359
f 2132//4360 2151//4360 2169//4360
f 2151//4361 2160//4361 2169//4361
f 1106//4362 1635//4362 1562//4362
f 1957//4363 1768//4363 1681//4363
f 1957//4364 2051//4364 1768//4364
f 526//4365 535//4365 33//4365
f 1614//4366 1594//4366 1609//4366
f 2233//4367 2229//4367 2216//4367
f 2496//4368 2027//4368 2084//4368
f 2496//4369 1863//4369 2027//4369
f 2117//4370 1854//4370 1863//4370
f 2016//4371 2158//4371 1854//4371
f 2016//4372 1504//4372 1357//4372
f 2158//4373 2016//4373 1357//4373
f 1114//4374 236//4374 1661//4374
f 2129//4375 2154//4375 2137//4375
f 2133//4376 2106//4376 2097//4376
f 2491//4377 1999//4377 2041//4377
f 2051//4378 1238//4378 1768//4378
f 2061//4379 2108//4379 2081//4379
f 2189//4380 2195//4380 2186//4380
f 2348//4381 2349//4381 2362//4381
f 1701//4382 192//4382 482//4382
f 505//4383 1737//4383 1707//4383
f 2133//4384 2132//4384 2106//4384
f 2132//4385 2133//4385 2151//4385
f 2151//4386 2170//4386 2160//4386
f 502//4387 1661//4387 2162//4387
f 1998//4388 1389//4388 1997//4388
f 2297//4389 2352//4389 2329//4389
f 2352//4390 2364//4390 2329//4390
f 2394//4391 2414//4391 2364//4391
f 2352//4392 2394//4392 2364//4392
f 2402//4393 512//4393 2415//4393
f 2255//4394 2254//4394 2243//4394
f 2446//4395 1365//4395 2456//4395
f 2271//4396 2282//4396 2298//4396
f 846//4397 2283//4397 2264//4397
f 2293//4398 2310//4398 2318//4398
f 2254//4399 2295//4399 2294//4399
f 2283//4400 2290//4400 2278//4400
f 2270//4401 2294//4401 2293//4401
f 2423//4402 2455//4402 2400//4402
f 2281//4403 2287//4403 2267//4403
f 2190//4404 2191//4404 2204//4404
f 2271//4405 2263//4405 2282//4405
f 2334//4406 2329//4406 2364//4406
f 2424//4407 2432//4407 2409//4407
f 2282//4408 2263//4408 2298//4408
f 1409//4409 1659//4409 1958//4409
f 2263//4410 2302//4410 2298//4410
f 2297//4411 2329//4411 2296//4411
f 1256//4412 446//4412 2346//4412
f 1958//4413 2502//4413 2478//4413
f 2437//4414 2399//4414 2444//4414
f 263//4415 2366//4415 2359//4415
f 849//4416 827//4416 823//4416
f 2311//4417 2325//4417 2290//4417
f 2499//4418 2379//4418 2434//4418
f 2446//4419 2456//4419 2423//4419
f 947//4420 2358//4420 2379//4420
f 2499//4421 947//4421 2379//4421
f 2205//4422 2195//4422 2212//4422
f 2245//4423 2237//4423 2227//4423
f 2245//4424 2256//4424 2237//4424
f 2256//4425 2263//4425 2271//4425
f 556//4426 571//4426 2305//4426
f 1528//4427 2068//4427 1518//4427
f 2424//4428 2439//4428 2432//4428
f 2302//4429 2352//4429 2297//4429
f 1866//4430 2237//4430 826//4430
f 2248//4431 2242//4431 2211//4431
f 2334//4432 2364//4432 2363//4432
f 2235//4433 2244//4433 2226//4433
f 2255//4434 2295//4434 2254//4434
f 2329//4435 2324//4435 2296//4435
f 2439//4436 2447//4436 1973//4436
f 2329//4437 2334//4437 2324//4437
f 2409//4438 2432//4438 2414//4438
f 2293//4439 2318//4439 2276//4439
f 866//4440 2425//4440 2416//4440
f 1487//4441 1493//4441 2372//4441
f 2237//4442 2231//4442 2230//4442
f 2415//4443 512//4443 17//4443
f 2035//4444 1236//4444 26//4444
f 921//4445 2138//4445 688//4445
f 2491//4446 2482//4446 2462//4446
f 6//4447 181//4447 197//4447
f 2481//4448 948//4448 1795//4448
f 2138//4449 2383//4449 2382//4449
f 2377//4450 2394//4450 2352//4450
f 2377//4451 506//4451 2394//4451
f 2394//4452 506//4452 2402//4452
f 2401//4453 2402//4453 2415//4453
f 2394//4454 2402//4454 2401//4454
f 2318//4455 2326//4455 2276//4455
f 2439//4456 2457//4456 2432//4456
f 2298//4457 2302//4457 2297//4457
f 2244//4458 2249//4458 2243//4458
f 2404//4459 1100//4459 2382//4459
f 2238//4460 2245//4460 2227//4460
f 2245//4461 2257//4461 2256//4461
f 2257//4462 2263//4462 2256//4462
f 2324//4463 2334//4463 2328//4463
f 2257//4464 2289//4464 2263//4464
f 2289//4465 2302//4465 2263//4465
f 2236//4466 2231//4466 2250//4466
f 2138//4467 2382//4467 688//4467
f 2383//4468 2404//4468 2382//4468
f 1100//4469 2404//4469 2343//4469
f 2353//4470 2352//4470 2302//4470
f 2353//4471 2377//4471 2352//4471
f 2237//4472 2230//4472 2220//4472
f 2335//4473 2355//4473 2325//4473
f 2308//4474 2340//4474 2315//4474
f 2253//4475 2269//4475 2276//4475
f 2311//4476 2335//4476 2325//4476
f 2439//4477 2424//4477 511//4477
f 2268//4478 2267//4478 2248//4478
f 2383//4479 413//4479 2404//4479
f 123//4480 971//4480 832//4480
f 2234//4481 2243//4481 2269//4481
f 2225//4482 2213//4482 2234//4482
f 2219//4483 2213//4483 2225//4483
f 2195//4484 2196//4484 2212//4484
f 1544//4485 2418//4485 1549//4485
f 413//4486 866//4486 2404//4486
f 2404//4487 866//4487 2416//4487
f 2416//4488 2417//4488 2404//4488
f 2404//4489 2417//4489 2343//4489
f 2415//4490 2409//4490 2401//4490
f 2196//4491 2219//4491 2212//4491
f 2268//4492 2248//4492 2218//4492
f 2206//4493 2214//4493 2197//4493
f 2417//4494 2332//4494 2343//4494
f 2343//4495 2332//4495 832//4495
f 2330//4496 2302//4496 2289//4496
f 2330//4497 2353//4497 2302//4497
f 2453//4498 2454//4498 515//4498
f 2218//4499 2248//4499 2217//4499
f 2218//4500 2217//4500 2205//4500
f 2276//4501 2281//4501 2268//4501
f 2178//4502 2197//4502 2177//4502
f 2197//4503 2189//4503 2177//4503
f 2332//4504 2066//4504 832//4504
f 832//4505 2066//4505 123//4505
f 2231//4506 2236//4506 2230//4506
f 669//4507 950//4507 1144//4507
f 2217//4508 2211//4508 2199//4508
f 1216//4509 1209//4509 1217//4509
f 2066//4510 2365//4510 123//4510
f 2230//4511 2226//4511 2214//4511
f 2290//4512 2325//4512 2304//4512
f 2325//4513 2319//4513 2304//4513
f 2217//4514 2248//4514 2211//4514
f 2191//4515 2192//4515 2199//4515
f 510//4516 525//4516 2035//4516
f 2417//4517 1917//4517 2332//4517
f 2332//4518 1917//4518 2066//4518
f 2408//4519 2413//4519 2341//4519
f 2248//4520 2267//4520 2242//4520
f 2326//4521 2333//4521 2281//4521
f 1340//4522 2365//4522 2066//4522
f 2440//4523 1302//4523 1340//4523
f 2226//4524 2230//4524 2235//4524
f 1153//4525 1163//4525 1116//4525
f 2431//4526 2455//4526 2438//4526
f 2416//4527 2425//4527 2417//4527
f 2495//4528 2474//4528 2462//4528
f 2290//4529 2304//4529 2277//4529
f 825//4530 2227//4530 1872//4530
f 151//4531 239//4531 1038//4531
f 9//4532 151//4532 1038//4532
f 545//4533 928//4533 2381//4533
f 2440//4534 2406//4534 1384//4534
f 928//4535 1596//4535 2381//4535
f 2186//4536 2188//4536 2185//4536
f 2456//4537 26//4537 1888//4537
f 2287//4538 2333//4538 2262//4538
f 2425//4539 2342//4539 2417//4539
f 2342//4540 1917//4540 2417//4540
f 1917//4541 877//4541 2066//4541
f 2336//4542 1340//4542 2066//4542
f 2336//4543 2440//4543 1340//4543
f 2328//4544 2351//4544 2327//4544
f 825//4545 2238//4545 2227//4545
f 2351//4546 2368//4546 2327//4546
f 1222//4547 2388//4547 1211//4547
f 678//4548 756//4548 734//4548
f 428//4549 263//4549 1343//4549
f 2188//4550 2191//4550 2190//4550
f 2341//4551 2376//4551 2333//4551
f 2066//4552 877//4552 2336//4552
f 2290//4553 2277//4553 2278//4553
f 739//4554 634//4554 592//4554
f 675//4555 304//4555 14//4555
f 2384//4556 675//4556 14//4556
f 2199//4557 2211//4557 2204//4557
f 2191//4558 2199//4558 2204//4558
f 2322//4559 2318//4559 2310//4559
f 2287//4560 2262//4560 2233//4560
f 2185//4561 2188//4561 2184//4561
f 2386//4562 2425//4562 845//4562
f 2384//4563 572//4563 675//4563
f 1128//4564 123//4564 2365//4564
f 832//4565 971//4565 2343//4565
f 2188//4566 2186//4566 2191//4566
f 2185//4567 2184//4567 2176//4567
f 2345//4568 1917//4568 2342//4568
f 2345//4569 877//4569 1917//4569
f 2336//4570 2406//4570 2440//4570
f 971//4571 1100//4571 2343//4571
f 2299//4572 2289//4572 2257//4572
f 2299//4573 2303//4573 2289//4573
f 2249//4574 2255//4574 2243//4574
f 506//4575 513//4575 512//4575
f 2437//4576 955//4576 1219//4576
f 1587//4577 2398//4577 1324//4577
f 877//4578 2396//4578 2336//4578
f 2336//4579 2396//4579 2406//4579
f 2463//4580 2479//4580 879//4580
f 2376//4581 2412//4581 2350//4581
f 2281//4582 2267//4582 2268//4582
f 2303//4583 2330//4583 2289//4583
f 624//4584 635//4584 159//4584
f 1996//4585 2356//4585 1561//4585
f 2449//4586 2436//4586 1996//4586
f 2356//4587 2054//4587 2451//4587
f 928//4588 2398//4588 1587//4588
f 2333//4589 2350//4589 2262//4589
f 2035//4590 26//4590 2456//4590
f 2346//4591 2342//4591 2425//4591
f 2346//4592 2345//4592 2342//4592
f 1544//4593 2380//4593 2418//4593
f 2412//4594 2392//4594 2350//4594
f 622//4595 509//4595 1151//4595
f 2436//4596 2054//4596 1996//4596
f 545//4597 2451//4597 928//4597
f 2326//4598 2341//4598 2333//4598
f 2346//4599 2425//4599 2386//4599
f 1365//4600 2035//4600 2456//4600
f 2369//4601 2377//4601 2353//4601
f 2369//4602 506//4602 2377//4602
f 2451//4603 900//4603 928//4603
f 900//4604 2398//4604 928//4604
f 1235//4605 1888//4605 1244//4605
f 2337//4606 2345//4606 2346//4606
f 877//4607 772//4607 2396//4607
f 772//4608 1275//4608 2396//4608
f 2432//4609 2446//4609 2414//4609
f 2294//4610 2295//4610 2310//4610
f 2369//4611 2330//4611 828//4611
f 2418//4612 2419//4612 2436//4612
f 2450//4613 2429//4613 2436//4613
f 2436//4614 2429//4614 2054//4614
f 2490//4615 2494//4615 1656//4615
f 1321//4616 155//4616 2338//4616
f 1256//4617 2346//4617 2386//4617
f 2448//4618 877//4618 2345//4618
f 877//4619 2448//4619 772//4619
f 2446//4620 2423//4620 2414//4620
f 2351//4621 2334//4621 2363//4621
f 2243//4622 2254//4622 2269//4622
f 2380//4623 2419//4623 2418//4623
f 2419//4624 2450//4624 2436//4624
f 2283//4625 2278//4625 2264//4625
f 822//4626 2197//4626 823//4626
f 1008//4627 1759//4627 1565//4627
f 2448//4628 2345//4628 2337//4628
f 2270//4629 2293//4629 2276//4629
f 2323//4630 2324//4630 2328//4630
f 2429//4631 1012//4631 2054//4631
f 2226//4632 2243//4632 2213//4632
f 2395//4633 325//4633 772//4633
f 2370//4634 2367//4634 2380//4634
f 2054//4635 2435//4635 2451//4635
f 2435//4636 2397//4636 2451//4636
f 2451//4637 2397//4637 900//4637
f 1774//4638 1974//4638 1975//4638
f 2305//4639 2290//4639 2283//4639
f 846//4640 2305//4640 2283//4640
f 2320//4641 1215//4641 2285//4641
f 2139//4642 2448//4642 2337//4642
f 2448//4643 2395//4643 772//4643
f 1232//4644 1231//4644 1216//4644
f 2272//4645 2285//4645 2284//4645
f 2367//4646 2371//4646 2380//4646
f 2371//4647 2405//4647 2380//4647
f 2380//4648 2405//4648 2419//4648
f 2419//4649 2429//4649 2450//4649
f 2429//4650 176//4650 1012//4650
f 2397//4651 2373//4651 900//4651
f 2373//4652 2398//4652 900//4652
f 2373//4653 1379//4653 2398//4653
f 2372//4654 1500//4654 1508//4654
f 1133//4655 1303//4655 1142//4655
f 2252//4656 2273//4656 2272//4656
f 891//4657 2252//4657 2272//4657
f 2419//4658 2405//4658 2429//4658
f 2405//4659 2430//4659 2429//4659
f 2429//4660 2430//4660 176//4660
f 2189//4661 2186//4661 2181//4661
f 2212//4662 2219//4662 2218//4662
f 2312//4663 2139//4663 2337//4663
f 2139//4664 2384//4664 2448//4664
f 2448//4665 2384//4665 2395//4665
f 899//4666 855//4666 843//4666
f 2272//4667 2273//4667 2285//4667
f 2331//4668 2303//4668 2299//4668
f 176//4669 2435//4669 2054//4669
f 1012//4670 176//4670 2054//4670
f 2177//4671 2185//4671 2176//4671
f 2218//4672 2219//4672 2225//4672
f 1216//4673 1220//4673 1215//4673
f 2378//4674 2139//4674 2312//4674
f 2384//4675 14//4675 2395//4675
f 2324//4676 2295//4676 2255//4676
f 2240//4677 2273//4677 2252//4677
f 2371//4678 2387//4678 2405//4678
f 2410//4679 2430//4679 2405//4679
f 2430//4680 2442//4680 176//4680
f 2435//4681 2344//4681 2397//4681
f 2397//4682 2344//4682 2373//4682
f 2456//4683 1888//4683 2455//4683
f 2242//4684 2267//4684 2233//4684
f 2233//4685 2262//4685 2229//4685
f 2378//4686 2384//4686 2139//4686
f 2323//4687 2310//4687 2295//4687
f 2323//4688 2322//4688 2310//4688
f 2240//4689 2274//4689 2273//4689
f 974//4690 841//4690 990//4690
f 2490//4691 1447//4691 2486//4691
f 2387//4692 2410//4692 2405//4692
f 2442//4693 2141//4693 176//4693
f 2344//4694 1778//4694 2373//4694
f 972//4695 1379//4695 2373//4695
f 1778//4696 972//4696 2373//4696
f 1379//4697 972//4697 428//4697
f 1211//4698 2437//4698 1223//4698
f 1228//4699 1215//4699 1220//4699
f 702//4700 2378//4700 2312//4700
f 17//4701 518//4701 2415//4701
f 1888//4702 26//4702 1244//4702
f 2324//4703 2323//4703 2295//4703
f 2305//4704 2311//4704 2290//4704
f 2307//4705 2285//4705 2273//4705
f 2274//4706 2307//4706 2273//4706
f 2307//4707 2320//4707 2285//4707
f 2369//4708 531//4708 506//4708
f 2435//4709 2258//4709 2344//4709
f 2296//4710 2324//4710 2288//4710
f 1233//4711 1217//4711 2361//4711
f 2360//4712 2371//4712 2367//4712
f 2410//4713 2442//4713 2430//4713
f 176//4714 2141//4714 2258//4714
f 176//4715 2258//4715 2435//4715
f 539//4716 2331//4716 66//4716
f 2350//4717 2392//4717 2317//4717
f 2268//4718 2225//4718 2253//4718
f 1508//4719 1500//4719 2371//4719
f 2360//4720 1508//4720 2371//4720
f 2371//4721 1500//4721 2387//4721
f 972//4722 2366//4722 428//4722
f 1626//4723 1686//4723 1358//4723
f 1759//4724 1807//4724 1819//4724
f 2277//4725 2257//4725 2245//4725
f 2277//4726 2299//4726 2257//4726
f 1784//4727 2228//4727 1736//4727
f 2265//4728 2240//4728 1736//4728
f 2228//4729 2265//4729 1736//4729
f 2265//4730 2274//4730 2240//4730
f 1209//4731 2320//4731 2307//4731
f 2320//4732 1209//4732 1216//4732
f 1555//4733 1584//4733 1560//4733
f 2387//4734 1500//4734 2372//4734
f 2410//4735 2420//4735 2442//4735
f 2433//4736 972//4736 1778//4736
f 2433//4737 2366//4737 972//4737
f 955//4738 522//4738 1225//4738
f 2339//4739 2307//4739 2274//4739
f 2372//4740 1493//4740 2387//4740
f 2411//4741 2420//4741 2410//4741
f 2420//4742 954//4742 2442//4742
f 2442//4743 954//4743 2141//4743
f 2344//4744 2433//4744 1778//4744
f 2205//4745 2212//4745 2218//4745
f 2328//4746 2334//4746 2351//4746
f 2394//4747 2401//4747 2414//4747
f 2250//4748 2256//4748 2271//4748
f 2339//4749 1209//4749 2307//4749
f 2328//4750 2322//4750 2323//4750
f 866//4751 845//4751 2425//4751
f 3//4752 316//4752 893//4752
f 2387//4753 2411//4753 2410//4753
f 2441//4754 2141//4754 954//4754
f 2141//4755 2441//4755 2258//4755
f 2354//4756 2433//4756 2344//4756
f 2254//4757 2294//4757 2270//4757
f 2269//4758 2254//4758 2270//4758
f 863//4759 2305//4759 846//4759
f 2441//4760 2354//4760 2258//4760
f 2258//4761 2354//4761 2344//4761
f 2319//4762 2355//4762 51//4762
f 2223//4763 2228//4763 1784//4763
f 1493//4764 2411//4764 2387//4764
f 1560//4765 2449//4765 1555//4765
f 2288//4766 2324//4766 2255//4766
f 825//4767 2251//4767 2238//4767
f 2251//4768 2245//4768 2238//4768
f 1299//4769 84//4769 1312//4769
f 2246//4770 2265//4770 2228//4770
f 2313//4771 2274//4771 2265//4771
f 2313//4772 2339//4772 2274//4772
f 2251//4773 2277//4773 2245//4773
f 2319//4774 51//4774 2331//4774
f 891//4775 1862//4775 2252//4775
f 2443//4776 954//4776 2420//4776
f 2443//4777 2441//4777 954//4777
f 511//4778 2447//4778 2439//4778
f 2242//4779 2233//4779 2211//4779
f 188//4780 15//4780 814//4780
f 2443//4781 2426//4781 2441//4781
f 2426//4782 2354//4782 2441//4782
f 2306//4783 2403//4783 2433//4783
f 2433//4784 2403//4784 2366//4784
f 539//4785 2303//4785 2331//4785
f 2246//4786 2228//4786 2223//4786
f 1030//4787 1819//4787 1807//4787
f 2354//4788 2306//4788 2433//4788
f 2413//4789 2412//4789 2376//4789
f 2438//4790 2455//4790 1888//4790
f 1848//4791 1857//4791 2176//4791
f 2207//4792 2208//4792 2223//4792
f 2208//4793 2246//4793 2223//4793
f 1209//4794 2339//4794 1217//4794
f 2339//4795 2361//4795 1217//4795
f 1221//4796 1210//4796 2388//4796
f 554//4797 109//4797 78//4797
f 386//4798 1375//4798 95//4798
f 2327//4799 2326//4799 2318//4799
f 2179//4800 2182//4800 1393//4800
f 2182//4801 2208//4801 1393//4801
f 1393//4802 2208//4802 2207//4802
f 2361//4803 2399//4803 2388//4803
f 2388//4804 2399//4804 1211//4804
f 2306//4805 2354//4805 2426//4805
f 2403//4806 2359//4806 2366//4806
f 2214//4807 2226//4807 2213//4807
f 2268//4808 2253//4808 2276//4808
f 889//4809 2200//4809 2179//4809
f 2200//4810 2182//4810 2179//4810
f 2200//4811 2221//4811 2182//4811
f 2221//4812 2208//4812 2182//4812
f 2314//4813 2265//4813 2246//4813
f 2314//4814 2313//4814 2265//4814
f 2339//4815 2374//4815 2361//4815
f 2478//4816 2434//4816 2379//4816
f 2205//4817 2217//4817 2199//4817
f 2208//4818 2259//4818 2246//4818
f 2259//4819 2275//4819 2246//4819
f 2314//4820 2321//4820 2313//4820
f 2313//4821 2347//4821 2339//4821
f 2347//4822 2374//4822 2339//4822
f 2374//4823 2399//4823 2361//4823
f 153//4824 154//4824 2426//4824
f 154//4825 2306//4825 2426//4825
f 2385//4826 2359//4826 2403//4826
f 2221//4827 2259//4827 2208//4827
f 2306//4828 2357//4828 2403//4828
f 2357//4829 2385//4829 2403//4829
f 2237//4830 2256//4830 2231//4830
f 2172//4831 2180//4831 889//4831
f 2180//4832 2200//4832 889//4832
f 2200//4833 2201//4833 2221//4833
f 2246//4834 2291//4834 2314//4834
f 2374//4835 2444//4835 2399//4835
f 571//4836 555//4836 2311//4836
f 2192//4837 2205//4837 2199//4837
f 2173//4838 2180//4838 2172//4838
f 2279//4839 2246//4839 2275//4839
f 2279//4840 2291//4840 2246//4840
f 2292//4841 2314//4841 2291//4841
f 2321//4842 2362//4842 2313//4842
f 2362//4843 2347//4843 2313//4843
f 2347//4844 2389//4844 2374//4844
f 2444//4845 955//4845 2437//4845
f 2292//4846 2291//4846 2279//4846
f 2452//4847 2444//4847 2374//4847
f 2054//4848 2356//4848 1996//4848
f 2338//4849 2306//4849 154//4849
f 2186//4850 2192//4850 2191//4850
f 2193//4851 2201//4851 2200//4851
f 2259//4852 2221//4852 2201//4852
f 2247//4853 2259//4853 2201//4853
f 2452//4854 955//4854 2444//4854
f 2278//4855 2277//4855 2251//4855
f 2338//4856 2357//4856 2306//4856
f 2181//4857 2186//4857 2185//4857
f 2276//4858 2326//4858 2281//4858
f 2432//4859 2457//4859 2446//4859
f 2198//4860 2201//4860 2193//4860
f 2198//4861 2232//4861 2201//4861
f 2232//4862 2247//4862 2201//4862
f 2389//4863 2452//4863 2374//4863
f 2452//4864 1630//4864 955//4864
f 1403//4865 1749//4865 1444//4865
f 1555//4866 1996//4866 1561//4866
f 2357//4867 2427//4867 2385//4867
f 2385//4868 2428//4868 230//4868
f 2409//4869 2415//4869 2424//4869
f 2304//4870 2331//4870 2299//4870
f 2193//4871 2200//4871 2180//4871
f 2445//4872 2452//4872 2389//4872
f 1565//4873 1759//4873 1927//4873
f 2380//4874 1544//4874 2370//4874
f 2338//4875 2427//4875 2357//4875
f 2427//4876 2428//4876 2385//4876
f 230//4877 222//4877 253//4877
f 2202//4878 2198//4878 2193//4878
f 2202//4879 2209//4879 2198//4879
f 2209//4880 2241//4880 2198//4880
f 2241//4881 2232//4881 2198//4881
f 2266//4882 2275//4882 2259//4882
f 2365//4883 1340//4883 1128//4883
f 2415//4884 518//4884 2424//4884
f 2338//4885 170//4885 2427//4885
f 170//4886 2428//4886 2427//4886
f 2181//4887 2185//4887 2177//4887
f 2196//4888 2195//4888 2189//4888
f 2183//4889 2193//4889 2180//4889
f 2453//4890 1630//4890 2452//4890
f 2197//4891 2214//4891 2189//4891
f 2401//4892 2409//4892 2414//4892
f 822//4893 2220//4893 2197//4893
f 1210//4894 2361//4894 2388//4894
f 2187//4895 2193//4895 2183//4895
f 2187//4896 2202//4896 2193//4896
f 2266//4897 2279//4897 2275//4897
f 2279//4898 2300//4898 2292//4898
f 2375//4899 2347//4899 2362//4899
f 2375//4900 2390//4900 2347//4900
f 2390//4901 2389//4901 2347//4901
f 2453//4902 2452//4902 2445//4902
f 1347//4903 1630//4903 2453//4903
f 1630//4904 1347//4904 522//4904
f 2220//4905 2206//4905 2197//4905
f 2262//4906 2350//4906 2286//4906
f 170//4907 254//4907 2428//4907
f 2457//4908 1973//4908 2446//4908
f 1973//4909 1365//4909 2446//4909
f 2174//4910 2183//4910 2180//4910
f 2194//4911 2202//4911 2187//4911
f 2222//4912 2241//4912 2209//4912
f 2222//4913 2260//4913 2241//4913
f 2266//4914 2259//4914 2247//4914
f 2390//4915 2445//4915 2389//4915
f 2264//4916 2251//4916 825//4916
f 2363//4917 2368//4917 2351//4917
f 2326//4918 2393//4918 2341//4918
f 1855//4919 1850//4919 1851//4919
f 2210//4920 2209//4920 2202//4920
f 2210//4921 2222//4921 2209//4921
f 2261//4922 2260//4922 2222//4922
f 2280//4923 2279//4923 2266//4923
f 2280//4924 2300//4924 2279//4924
f 251//4925 263//4925 2359//4925
f 2277//4926 2304//4926 2299//4926
f 2220//4927 2230//4927 2206//4927
f 2202//4928 2194//4928 2210//4928
f 2213//4929 2243//4929 2234//4929
f 2328//4930 2327//4930 2322//4930
f 2294//4931 2310//4931 2293//4931
f 2214//4932 2196//4932 2189//4932
f 2196//4933 2213//4933 2219//4933
f 2224//4934 2222//4934 2210//4934
f 2421//4935 2390//4935 2375//4935
f 2206//4936 2230//4936 2214//4936
f 2194//4937 2203//4937 2210//4937
f 2224//4938 2261//4938 2222//4938
f 2421//4939 2445//4939 2390//4939
f 2322//4940 2327//4940 2318//4940
f 2393//4941 2408//4941 2341//4941
f 1365//4942 1973//4942 510//4942
f 2216//4943 2210//4943 2203//4943
f 2216//4944 2224//4944 2210//4944
f 2266//4945 2308//4945 2280//4945
f 2280//4946 2308//4946 2300//4946
f 2407//4947 2421//4947 2375//4947
f 2175//4948 2183//4948 2174//4948
f 2194//4949 2190//4949 2203//4949
f 2454//4950 2445//4950 2421//4950
f 522//4951 1347//4951 523//4951
f 2456//4952 2455//4952 2423//4952
f 823//4953 2197//4953 2178//4953
f 2281//4954 2333//4954 2287//4954
f 2188//4955 2187//4955 2183//4955
f 2188//4956 2190//4956 2194//4956
f 2187//4957 2188//4957 2194//4957
f 2308//4958 2315//4958 2300//4958
f 2407//4959 2375//4959 2362//4959
f 2443//4960 2420//4960 2503//4960
f 2420//4961 2411//4961 2503//4961
f 2411//4962 1493//4962 2503//4962
f 1493//4963 1487//4963 2503//4963
f 1487//4964 1318//4964 2503//4964
f 1318//4965 1320//4965 2503//4965
f 1320//4966 2443//4966 2503//4966
