# Blender 4.4.3
# www.blender.org
mtllib rabbit.mtl
o bunny
v 414.141968 179.129562 415.707062
v 414.375671 183.565933 399.967468
v 418.870575 178.021408 410.792236
v 411.496796 175.487915 411.073364
v 423.620941 188.751755 413.786743
v 411.595032 177.355499 419.937531
v 411.759094 178.054367 417.333771
v 421.079590 185.664352 414.486084
v 419.372589 187.539017 410.075317
v 419.590179 174.980164 400.049500
v 420.188477 187.488800 408.591339
v 422.592743 184.386871 404.626862
v 425.506958 186.481705 402.227386
v 409.784119 176.144745 401.340912
v 410.476746 175.798401 418.582428
v 418.974426 187.085846 409.331726
v 409.160706 160.658112 416.796509
v 410.503601 161.249405 404.459198
v 410.585022 160.833466 406.878967
v 418.822540 178.301392 410.138763
v 417.676086 184.613129 406.687622
v 419.806213 184.841522 412.778503
v 418.061127 184.622452 405.477783
v 410.428894 161.329620 405.332092
v 410.702606 161.686035 405.935974
v 408.641663 160.373611 409.766449
v 409.021912 161.597595 415.086609
v 409.187958 161.462173 416.812073
v 421.654663 186.809692 409.394592
v 411.105957 162.153046 404.585297
v 410.965393 161.685425 407.721191
v 408.819275 162.072556 410.446777
v 408.311035 161.870224 411.315033
v 418.974060 186.864243 409.505035
v 422.661896 185.408325 403.847992
v 412.524506 167.112686 426.224823
v 411.338928 162.347885 406.165527
v 410.932007 161.825241 407.043762
v 411.387817 162.496552 407.278595
v 408.595337 162.368362 411.222168
v 409.098083 162.072891 414.496735
v 409.134583 162.052795 415.889099
v 412.715424 175.773407 423.078644
v 420.600403 189.274139 411.813354
v 409.088196 162.658493 412.277618
v 409.112671 162.348953 414.401001
v 408.498047 162.403473 416.944641
v 408.370789 162.760544 417.556976
v 412.237427 175.555176 409.034668
v 410.357483 180.707245 400.656525
v 411.830658 161.696320 423.140076
v 411.903351 162.764496 405.532532
v 411.703217 162.756973 406.571716
v 411.262787 162.338501 408.221008
v 409.196045 162.628937 410.491058
v 408.941833 162.680374 411.287720
v 409.180298 162.644119 413.125885
v 408.835114 162.959702 413.323425
v 408.637939 162.504257 415.628021
v 407.949310 163.086578 416.091675
v 409.650177 163.042419 411.292633
v 409.472809 163.049210 412.227875
v 408.435181 163.099503 414.160919
v 407.880585 163.315125 415.127350
v 423.842621 185.345825 404.657532
v 411.615356 162.132431 422.631012
v 420.299500 178.059174 399.376617
v 418.690247 186.562668 408.564606
v 420.886658 183.751434 404.197815
v 411.569122 163.169678 409.188812
v 410.187042 163.269775 411.314575
v 408.641357 163.951279 412.865845
v 407.794525 163.526184 415.935150
v 407.688324 163.705368 416.376068
v 407.913605 163.380478 417.296936
v 409.794006 179.076813 401.259125
v 411.172363 163.024292 423.698853
v 411.193451 162.678131 423.802887
v 413.667847 178.193619 420.668213
v 421.922424 182.720474 401.896912
v 420.429962 177.000061 399.557678
v 418.926880 186.711121 408.145813
v 414.098541 177.598663 408.203735
v 411.993103 163.979782 406.744781
v 411.656647 163.277298 407.232178
v 411.455688 163.185562 408.402344
v 409.676086 163.387192 411.874176
v 409.147430 163.434357 412.409760
v 408.765137 163.924072 412.498749
v 408.303345 163.802841 413.613525
v 407.774658 163.959137 414.787933
v 407.725494 164.075775 417.223358
v 418.147583 174.043060 424.499878
v 409.645721 178.766739 399.965851
v 410.092529 179.963440 399.861572
v 412.895142 183.145065 404.343994
v 412.316864 182.989273 402.955750
v 415.266937 178.102432 410.090942
v 421.808929 185.189194 403.315033
v 415.378540 178.936554 407.431335
v 411.443481 164.298523 407.648926
v 411.800415 163.948181 409.958252
v 410.842621 163.586884 411.020477
v 409.849640 164.433029 411.549377
v 407.535400 163.972855 415.578949
v 409.886871 178.183075 399.611938
v 420.116394 188.687927 411.046844
v 411.321259 163.155563 423.217316
v 410.932556 163.494751 424.742737
v 413.007568 183.591034 403.388824
v 411.553528 165.281189 407.136139
v 411.306244 164.664902 408.216736
v 428.426392 187.154617 402.126129
v 407.765564 164.617569 414.723328
v 407.566376 164.250732 415.329681
v 407.652008 164.469238 416.687897
v 411.480927 177.697128 416.091400
v 413.281555 176.113068 423.052551
v 411.298065 164.355759 423.853058
v 411.615875 163.884842 409.177612
v 407.593628 165.097534 413.916962
v 407.571289 164.734329 415.543304
v 412.508026 176.077713 397.866516
v 411.085907 163.977142 424.249115
v 410.978394 164.546173 425.215424
v 412.769653 177.963135 420.333618
v 418.451813 178.601425 414.040375
v 408.181122 164.564285 413.289093
v 407.291382 165.031372 416.254150
v 411.997864 177.595093 413.649475
v 411.609924 177.710022 418.881409
v 415.284515 184.108200 401.022125
v 411.585846 165.280731 410.459564
v 407.314331 165.184341 415.430054
v 412.670105 176.119781 408.562042
v 412.883118 177.831528 412.979736
v 419.263794 184.745667 411.878723
v 413.940765 183.974350 402.715790
v 407.420959 165.349365 414.747101
v 410.840057 176.890686 415.367432
v 411.432800 177.467819 414.785156
v 411.282196 164.885468 424.581421
v 411.239044 165.421799 425.824127
v 411.215515 165.128159 426.204407
v 411.066315 165.680557 408.147522
v 411.322540 165.221741 409.130951
v 408.050293 166.182419 412.718536
v 407.094147 165.605652 416.113129
v 411.505524 176.990799 413.270966
v 410.473480 175.538086 419.926575
v 419.651703 188.063095 410.469299
v 408.531281 172.953125 415.310089
v 414.126038 165.431778 405.116547
v 413.353333 165.757965 405.287506
v 413.321869 165.169983 405.968292
v 411.042847 166.991638 407.582306
v 411.536652 165.560577 409.996613
v 407.737091 166.014130 413.358337
v 407.179321 166.005676 416.986725
v 417.190857 172.603836 425.407745
v 411.520905 165.380615 424.271423
v 411.317230 165.447662 425.364777
v 412.294769 174.436218 423.740417
v 425.836304 185.840118 401.915863
v 420.672577 182.588608 404.668457
v 407.357849 166.163437 414.449524
v 407.140930 166.213882 415.633148
v 412.301636 177.024673 412.044312
v 412.594696 178.630768 417.083191
v 411.583008 166.596069 406.724762
v 408.040619 166.997543 412.178925
v 407.808624 167.247620 412.590607
v 407.637817 166.850922 413.569305
v 407.147278 166.923279 415.560059
v 413.127594 176.819534 408.965576
v 416.069550 165.739197 402.457764
v 411.823944 165.824799 424.787201
v 411.861237 170.176849 424.752869
v 413.438446 178.495651 419.731171
v 419.141846 178.715851 408.492584
v 411.775940 177.569427 419.407104
v 415.111847 183.827988 400.144440
v 424.121033 170.704163 411.055725
v 407.836243 167.243240 412.889221
v 407.203430 166.666855 416.654999
v 407.070251 167.540771 417.123444
v 410.971863 177.070908 416.727448
v 410.540375 176.412766 417.315704
v 411.997803 166.360428 425.424133
v 411.561462 165.931061 426.630066
v 421.553741 177.659775 404.790466
v 423.070587 174.114594 416.141479
v 410.975220 166.777618 408.935730
v 411.166748 166.611588 409.467010
v 411.237488 166.975952 410.168701
v 407.197754 166.996643 414.581451
v 411.041809 176.845947 419.371277
v 416.962921 172.870453 398.723938
v 412.653839 166.963516 425.426239
v 412.258392 166.824982 427.155792
v 411.091431 167.381104 406.981873
v 413.351624 178.895447 415.447571
v 409.478760 177.248917 400.978119
v 411.151306 181.879425 401.141052
v 411.890015 166.524139 426.280121
v 420.124329 184.408844 406.203400
v 412.357849 177.095093 421.451477
v 416.448486 179.046219 414.499390
v 423.767578 170.517868 408.433380
v 410.954773 166.834396 408.304657
v 410.876648 168.099487 410.124847
v 418.268250 185.657715 407.346405
v 407.483459 167.702393 413.232666
v 407.014679 167.502518 414.284210
v 406.898254 167.502930 414.951202
v 424.618988 171.821274 412.417480
v 411.249512 176.202744 412.697479
v 415.409515 174.729736 399.603241
v 423.182587 185.779343 402.483398
v 416.737762 178.301132 397.708862
v 414.897858 178.076080 409.392731
v 411.246033 167.752914 406.092468
v 410.946198 168.396606 409.366089
v 407.036621 167.849564 414.097046
v 406.922272 167.764847 415.561127
v 407.103912 167.648682 416.422089
v 411.597412 182.197357 400.544006
v 419.383942 170.810516 425.271027
v 417.456055 174.767288 424.311707
v 411.322479 168.003204 404.970734
v 410.865845 168.464706 407.408600
v 415.792084 184.325729 402.786926
v 407.213013 168.334259 413.588287
v 406.795349 168.207779 414.888062
v 407.851318 171.680389 418.365265
v 423.008942 171.842316 402.622253
v 410.030182 180.080597 400.922882
v 413.799500 177.431534 411.149078
v 419.909393 188.259796 410.212097
v 425.444977 186.743790 402.521820
v 410.884125 168.083099 408.635223
v 407.652374 168.562881 412.058411
v 407.184387 169.041077 413.296143
v 406.827026 168.442032 415.524719
v 407.053925 168.886780 416.123260
v 407.066620 168.345078 416.694519
v 423.589294 183.914139 405.026794
v 410.725647 181.263519 401.370941
v 415.391693 178.868469 419.719666
v 408.405121 172.536789 413.372253
v 411.207275 168.574738 404.190125
v 410.999451 168.648132 405.333954
v 410.983948 168.295319 405.810455
v 411.007751 168.175720 406.486481
v 411.011108 168.824905 406.959259
v 410.768860 168.691193 408.046173
v 407.425293 169.653793 412.545502
v 407.497131 168.382080 412.692291
v 407.005341 168.873291 414.370270
v 413.791901 175.194458 423.838196
v 415.955109 179.391068 417.085663
v 416.834473 176.644394 397.851532
v 411.497223 168.790009 403.213470
v 410.831573 169.542358 406.873840
v 410.651062 169.296097 408.639008
v 410.836243 169.518967 409.317047
v 410.790710 169.079330 409.803802
v 406.998535 169.265305 415.151245
v 407.195618 169.216873 417.236328
v 410.951416 176.252808 413.415771
v 409.825623 177.769531 400.172424
v 419.831207 184.201035 411.701416
v 420.746399 176.313904 400.554504
v 409.543610 169.058594 410.316010
v 406.943573 169.834763 415.812012
v 407.026123 169.746887 416.807159
v 411.041443 169.872696 403.463959
v 411.166321 169.173737 403.995087
v 410.720428 169.465530 404.875366
v 410.768066 169.179321 405.130127
v 410.743591 169.327911 405.927307
v 410.917816 169.282379 407.564423
v 410.649200 169.791916 408.064453
v 416.745026 174.742828 399.347717
v 419.676666 173.049088 399.574524
v 407.857391 169.722351 411.152374
v 407.348480 169.576813 412.184723
v 407.293701 170.110153 413.101959
v 410.752289 176.452484 414.501892
v 410.003906 175.352219 415.482056
v 409.582367 178.111115 400.620026
v 409.737366 179.452576 400.368530
v 415.319580 184.204956 404.224121
v 416.206116 178.553894 409.074982
v 409.368134 173.252579 415.427185
v 411.116882 169.975830 402.957489
v 410.939545 169.854523 404.372528
v 410.664276 170.063248 406.793121
v 410.666504 169.643280 408.939331
v 410.385040 170.146103 409.921570
v 418.531281 172.907471 399.005005
v 407.458710 169.760605 411.766205
v 420.157623 174.515106 400.281281
v 409.527405 176.646347 401.742249
v 420.170593 188.256775 409.939697
v 409.432556 177.574493 401.586578
v 416.107422 171.791779 425.708740
v 410.614014 170.135010 405.189545
v 410.503815 170.309982 406.106110
v 410.567078 170.282379 408.581055
v 407.378052 170.830994 413.420471
v 407.110413 170.023209 414.804382
v 413.240051 176.608231 406.419434
v 413.285461 176.737625 407.654022
v 417.134521 184.189026 405.126404
v 418.945007 178.010712 411.834076
v 414.413818 178.538040 420.253082
v 410.793823 170.834732 404.026123
v 410.817413 170.685944 404.545807
v 416.870850 179.343597 417.430115
v 407.496826 170.518982 412.264313
v 407.136658 169.863739 413.870575
v 406.970795 170.333542 416.268616
v 420.598358 189.206940 411.424347
v 409.919373 176.413712 400.488434
v 408.296021 171.245361 419.313782
v 412.865601 176.404739 408.123260
v 414.906860 179.347504 417.672363
v 420.370209 171.405914 399.845276
v 410.567993 170.834579 405.837433
v 410.771027 170.596558 407.056549
v 410.903625 170.407944 407.550659
v 410.691284 170.302750 409.337677
v 410.270355 171.156311 410.057312
v 407.186523 169.952225 414.198822
v 407.237549 171.148697 414.260193
v 407.178802 170.884277 415.335999
v 407.397980 171.131256 417.505981
v 417.857910 173.528839 424.917236
v 419.932159 175.999329 399.703979
v 417.618500 172.192123 398.777710
v 421.163849 184.484528 403.691345
v 410.750031 171.248352 405.342438
v 410.626831 170.843033 408.587982
v 407.439697 171.023224 412.873230
v 412.906128 177.772537 420.949097
v 419.168243 178.495834 409.515961
v 417.229797 184.291672 401.913574
v 411.136261 171.274124 402.838898
v 410.737366 171.471771 404.120483
v 410.469604 170.780365 409.275635
v 410.342621 171.210236 409.543579
v 407.802582 170.672058 411.627502
v 407.497223 171.538910 413.365570
v 414.873657 174.723785 424.352570
v 412.848389 176.984848 422.017273
v 420.364807 184.371201 403.234680
v 410.869293 171.291016 403.407379
v 413.547546 176.838531 422.454437
v 407.647186 171.429993 412.572113
v 407.410461 171.712646 414.481354
v 407.404572 171.396606 416.578857
v 411.536621 171.541016 402.343689
v 410.715363 171.503128 404.797180
v 410.851624 172.157166 405.562500
v 410.677277 171.282425 406.164856
v 410.838226 171.266068 406.867554
v 410.873230 172.037720 407.052216
v 410.715332 170.985168 408.057556
v 410.417389 171.589127 408.785706
v 407.382202 171.705872 415.585388
v 408.051941 172.162415 417.602509
v 408.346771 171.336639 420.038910
v 423.098755 186.918549 415.623352
v 415.613007 184.269852 401.862579
v 420.281555 183.688812 404.066589
v 411.613220 172.114197 402.133911
v 410.991913 172.176224 403.924561
v 410.154205 171.923737 410.043884
v 410.061829 171.723541 410.572815
v 407.989990 171.983170 412.782410
v 407.772858 172.145691 413.869598
v 407.721832 172.306000 415.403992
v 407.775208 172.229111 416.470612
v 411.841492 177.922729 415.200439
v 410.590240 180.921661 400.189575
v 415.287933 179.223969 418.695862
v 411.013977 172.330078 404.630463
v 410.563263 172.204773 408.670410
v 410.119049 172.238937 411.018677
v 412.202271 178.332901 418.366516
v 408.041809 172.535690 414.506195
v 408.569366 172.486969 419.165070
v 411.670319 172.900436 402.570709
v 411.118011 172.993805 404.970612
v 410.727234 172.356186 406.209106
v 416.449921 183.950592 405.513275
v 415.873535 177.480499 397.619476
v 408.395172 172.413300 418.393799
v 408.578308 172.386139 419.904205
v 411.069397 177.262024 417.515900
v 417.510254 178.830521 414.067291
v 414.162231 178.074738 412.346954
v 423.405426 186.025513 403.486847
v 411.403534 172.633377 403.184845
v 411.096405 173.007217 405.571686
v 410.978210 172.950729 407.169800
v 411.239655 173.496353 408.056335
v 410.802063 173.027634 408.772064
v 410.225403 172.448578 409.724762
v 410.344055 172.622177 410.247009
v 410.192108 172.808319 410.776947
v 415.473541 175.220352 399.386536
v 408.600189 172.837540 417.199585
v 408.751495 173.283203 417.711884
v 408.647003 173.218475 418.472137
v 415.886047 179.360641 418.154022
v 410.386658 176.332275 416.121216
v 423.676880 186.201477 402.871185
v 416.425110 179.218994 415.530670
v 415.535706 178.103394 411.259277
v 411.067932 173.227997 406.455475
v 411.040100 172.774597 407.686371
v 411.065369 173.833466 409.275604
v 410.261047 173.635117 411.339081
v 410.006744 172.707169 411.411957
v 409.981293 172.860291 412.111969
v 412.469025 168.580353 401.817322
v 409.530273 176.719070 401.161041
v 421.618317 180.061935 403.475372
v 421.902893 174.637848 402.256561
v 422.383728 184.769684 404.270294
v 413.219604 183.251755 400.394684
v 412.475708 172.954147 401.278534
v 412.102173 173.263199 401.971436
v 411.257355 173.148163 404.168427
v 411.511536 173.969666 406.185394
v 410.586853 173.460388 410.112244
v 409.872955 173.281265 413.563293
v 409.242676 173.393463 416.861603
v 411.555573 174.059113 405.725739
v 410.168915 173.494431 411.862366
v 409.831360 174.113129 416.749969
v 409.000458 173.740616 419.186737
v 418.071655 178.190979 411.682648
v 412.592133 174.139008 401.688995
v 411.806519 173.808746 403.038971
v 411.655396 174.000031 403.893677
v 411.411072 173.796432 404.941223
v 411.191315 173.929092 407.143707
v 410.215851 173.937912 412.815094
v 409.877167 173.674713 414.362579
v 409.858307 174.098877 414.325684
v 409.498810 174.112656 417.811676
v 411.988647 176.172928 422.244720
v 411.499573 174.336975 406.524353
v 411.684418 174.431717 408.260773
v 410.595795 173.919052 410.774078
v 410.297607 174.073486 412.312225
v 410.321228 174.681137 412.894409
v 409.724304 174.197998 415.096680
v 409.687805 173.959106 415.882721
v 409.090607 173.872894 418.219788
v 409.733002 174.519440 418.903656
v 413.722809 177.526215 421.678162
v 411.542114 174.334137 408.798645
v 410.783020 174.930222 411.750641
v 410.045288 173.979843 413.337616
v 409.984070 174.952972 416.975708
v 409.985626 174.486938 417.711884
v 418.160339 185.189728 406.422150
v 412.711212 175.969101 405.314941
v 414.169006 178.981781 419.059784
v 412.531647 174.797211 402.237579
v 412.391235 174.533936 402.561829
v 412.388367 175.140182 403.348480
v 411.945587 174.923004 405.921204
v 409.968597 174.551270 414.018555
v 409.882477 174.930710 416.136658
v 410.223663 175.073639 417.912964
v 409.910583 174.531204 419.956360
v 422.911469 174.220703 416.849091
v 411.819519 174.614044 405.051392
v 411.744751 174.875931 406.860840
v 411.521332 174.540192 407.568268
v 411.556213 174.858643 409.618591
v 412.565979 176.260269 410.015717
v 410.214142 175.033051 413.601074
v 424.016296 171.698975 411.613281
v 422.100250 171.481674 401.200317
v 412.555359 175.749847 406.183563
v 418.245758 185.448380 408.066071
v 412.171753 174.951950 404.491272
v 412.213959 175.515167 407.816345
v 412.185913 176.251190 411.147552
v 411.342072 175.884705 411.864777
v 410.207275 175.433273 414.417023
v 410.054871 175.546738 416.678253
v 421.667542 183.444595 404.615997
v 412.549957 175.707245 404.290649
v 423.885132 171.844208 407.238922
v 423.099121 169.940613 402.543915
v 421.588470 180.038513 402.731049
v 423.003387 187.147858 413.513184
v 420.053711 182.876709 405.898529
v 409.458099 160.460968 419.210724
v 412.880371 176.615799 405.721924
v 423.254425 171.673477 403.517090
v 411.640686 176.470520 421.455139
v 408.171387 160.473022 410.955078
v 408.834473 160.863327 414.292999
v 409.239441 160.756256 418.489990
v 409.465057 161.227509 419.775055
v 412.212646 182.455109 403.293579
v 410.397278 160.284958 405.977264
v 410.633270 160.322922 407.264160
v 417.512299 178.178314 410.936035
v 409.035583 160.960999 415.452515
v 420.036102 183.790039 410.763336
v 422.419678 174.560806 417.873169
v 413.387726 182.094986 404.869690
v 410.384155 160.602264 404.589539
v 410.363464 160.728104 405.694427
v 414.079193 180.038864 406.122040
v 408.215820 160.837784 410.542847
v 408.179138 161.188797 411.163818
v 408.380127 160.847885 412.178528
v 421.426208 186.723938 413.269348
v 408.629852 172.110229 420.542542
v 409.202942 161.609039 418.789703
v 409.770813 161.097946 420.254272
v 423.606903 171.100082 404.591644
v 408.826172 173.149567 419.868469
v 423.899872 171.791779 410.191071
v 408.517853 161.579926 412.725403
v 411.713074 177.745850 404.568237
v 412.167694 177.741486 405.257721
v 409.737762 161.789978 420.438446
v 411.333038 161.736099 421.868744
v 418.336853 184.520615 408.269867
v 409.221375 161.890656 417.680237
v 409.338257 162.216812 418.866608
v 423.327362 173.567932 404.621643
v 421.909058 185.363586 410.434357
v 416.991791 168.187683 400.175659
v 409.856445 177.739883 402.548187
v 408.679352 162.122269 412.637604
v 409.404663 161.915573 419.655457
v 410.186127 162.330963 421.134033
v 410.574921 161.975204 421.470428
v 417.997528 184.455750 407.719696
v 410.012695 174.298889 420.718079
v 409.802368 162.691101 420.246094
v 411.149933 162.826385 424.862549
v 411.682526 162.859634 425.787903
v 412.960419 162.600372 426.859863
v 410.829681 162.010208 405.394592
v 420.341431 187.582291 411.057739
v 418.852203 183.960587 409.991882
v 408.907959 162.408005 417.927094
v 409.322113 162.753448 419.206024
v 408.995850 171.492310 421.601135
v 411.665741 178.518021 404.038910
v 418.400116 184.669800 409.487671
v 419.208832 185.465088 409.353241
v 421.296051 189.762817 412.783936
v 420.899658 189.259308 412.271515
v 417.900177 183.171570 407.792786
v 410.064728 163.329193 421.356537
v 411.167450 163.615845 425.659943
v 412.397095 162.837112 426.601410
v 410.396729 175.913818 402.368225
v 420.685394 185.128143 413.878937
v 427.949524 186.650528 405.123444
v 418.442871 183.057922 408.503387
v 419.728760 186.052750 409.953522
v 412.610870 172.964996 424.535278
v 408.407532 163.570419 418.558777
v 409.037872 163.329910 419.712219
v 409.683990 163.360519 420.644196
v 411.088348 163.451813 422.937195
v 412.487915 163.695129 427.468353
v 418.986938 182.911346 408.914246
v 414.106354 178.267242 406.928833
v 425.363342 171.081909 412.115723
v 408.462097 164.098938 419.601868
v 408.920807 163.851151 420.194916
v 410.331177 163.638412 422.251068
v 410.957886 164.009491 425.419281
v 411.643555 163.720978 426.538208
v 419.477325 185.346481 411.119995
v 411.416534 181.992722 402.245544
v 413.742920 183.067047 405.058289
v 414.966492 172.026184 425.492737
v 418.065765 184.229813 408.431732
v 409.542145 177.644226 402.095001
v 423.460785 172.167618 404.565125
v 422.213196 190.152969 413.628082
v 407.801086 164.401306 418.023407
v 411.697113 177.062119 404.155640
v 412.997345 164.657043 428.158539
v 413.942505 172.543518 425.138428
v 419.093872 184.992401 411.674164
v 408.203400 164.335724 418.706146
v 409.265961 164.057358 420.718170
v 409.694489 164.290695 421.707397
v 413.513977 178.964645 406.352997
v 411.751648 172.099686 424.336212
v 408.268036 164.714401 419.291504
v 410.000885 164.768692 422.673340
v 410.871765 164.464935 423.340302
v 410.326263 177.553436 403.024323
v 411.685303 181.088196 402.936340
v 411.254974 164.527252 426.287292
v 412.254089 164.459808 427.585083
v 417.282104 182.892685 406.821625
v 410.403168 179.951355 401.914703
v 408.284790 165.066406 419.648254
v 409.130127 165.056198 421.251617
v 412.248779 165.344238 427.787354
v 411.863342 178.312668 404.669983
v 411.182007 176.378174 420.775818
v 413.184357 180.836639 404.544830
v 407.353455 165.125137 416.907318
v 407.718628 164.898132 417.744171
v 408.738220 164.796509 420.435089
v 409.721039 165.420410 422.533508
v 410.599365 178.321823 403.027161
v 412.448425 176.189651 404.714661
v 411.637451 164.734222 427.066589
v 420.541412 187.088287 411.068298
v 418.919495 185.038376 409.482422
v 413.324249 180.527802 405.017273
v 411.228729 181.366287 402.430023
v 407.425262 165.612701 417.626648
v 408.017914 165.342224 418.607483
v 409.439331 165.499573 421.899109
v 410.693756 165.278183 423.548035
v 411.526855 165.343948 426.951569
v 412.740082 165.691406 428.134308
v 421.274872 188.452179 412.314636
v 421.495880 186.319946 414.577759
v 413.419281 174.404144 424.206177
v 422.395782 189.221710 413.732635
v 408.487335 165.240845 420.147980
v 410.100220 165.391647 423.040802
v 412.525269 180.265198 403.693878
v 412.053131 165.803879 427.591736
v 418.704437 184.963043 410.318634
v 407.402496 166.382462 417.869843
v 407.669342 165.906357 418.244537
v 408.401611 165.835907 419.780548
v 410.050873 166.399567 423.161926
v 411.171082 165.937897 424.084106
v 410.885895 179.486847 402.586395
v 418.640686 185.021637 408.539185
v 411.283539 174.598145 422.715485
v 408.836334 165.804550 420.746063
v 409.061920 166.667175 421.061462
v 409.723907 166.476593 422.598969
v 412.033936 166.407181 424.789948
v 411.765167 166.005081 427.134399
v 420.603271 185.715637 413.814362
v 420.129944 185.293243 413.485535
v 418.228210 172.563889 425.146057
v 408.506744 167.080841 420.449066
v 410.528046 166.201324 423.646332
v 411.254089 177.509003 418.101532
v 412.673859 166.413895 427.980164
v 420.379700 169.975464 424.828491
v 410.131317 172.476440 422.799713
v 418.727478 184.685425 410.612091
v 413.282166 181.264633 404.564056
v 409.694672 176.968689 402.425171
v 409.791351 176.359741 402.180115
v 407.869659 166.319626 419.002411
v 409.307495 166.367599 421.745117
v 419.851837 171.855576 424.510620
v 412.324127 166.597626 427.541046
v 412.418884 182.105621 403.852661
v 410.286591 175.738083 417.635437
v 407.337494 167.249847 417.982086
v 409.425018 167.195068 421.835022
v 410.175903 167.309784 423.241394
v 410.965942 167.124603 424.058868
v 412.543915 180.621674 403.571716
v 422.455597 188.075516 414.173157
v 417.129547 176.015961 398.162628
v 409.608124 173.347870 415.676880
v 412.301941 175.614136 403.352448
v 411.914398 176.468948 403.834412
v 408.166382 166.932739 419.927429
v 408.945679 167.175735 420.957367
v 409.582397 167.765778 422.504974
v 411.788483 167.009155 424.608521
v 412.392975 178.977783 405.013184
v 418.581085 185.937759 408.693176
v 409.723969 173.308945 414.622192
v 421.826538 186.308044 415.072449
v 420.143097 185.961960 410.978424
v 409.492859 173.243622 421.111877
v 411.488739 175.724655 402.878235
v 409.326385 172.408173 421.636932
v 407.560486 167.380035 418.703796
v 409.086212 167.883347 421.642883
v 412.751648 168.168991 425.267120
v 420.684021 182.990601 401.402252
v 417.658356 183.659348 407.520569
v 415.829712 182.431473 406.045380
v 420.245972 184.592529 412.753937
v 407.693390 167.678894 419.104462
v 408.065948 168.095474 420.257202
v 409.923126 167.680984 423.046509
v 415.467224 180.745590 398.531281
v 413.059174 179.509598 405.553528
v 418.387177 184.169540 409.279846
v 416.163513 180.089386 398.396851
v 411.566193 179.139801 403.336884
v 407.289062 168.395996 418.432953
v 407.540436 168.226959 419.274597
v 411.614594 168.837936 424.599213
v 415.510864 181.425461 406.059357
v 410.999817 175.364853 421.880951
v 413.888336 181.600098 405.344666
v 408.567200 168.172852 420.962830
v 409.181519 168.247131 422.120300
v 410.536407 168.195526 423.716431
v 413.671387 167.881546 425.671539
v 414.412170 179.220688 406.829865
v 422.543518 187.327759 415.062805
v 419.285339 186.345901 409.611389
v 417.909821 184.901291 407.437256
v 418.312103 182.392868 407.702087
v 418.912781 171.538666 425.290009
v 411.929962 179.992889 403.193665
v 412.061798 179.422302 403.844879
v 413.758972 177.495773 406.716492
v 413.212830 178.048325 406.312256
v 410.516541 180.700958 401.651031
v 407.174561 168.359268 417.622284
v 407.491455 168.968948 419.226166
v 407.866638 169.115768 420.043488
v 408.261902 168.810623 420.800171
v 409.054016 168.865540 422.022217
v 412.479462 181.235199 403.628906
v 423.360901 184.399338 404.946106
v 409.365875 173.899307 419.999115
v 411.392365 176.208557 403.269165
v 407.373535 169.082748 418.513153
v 408.876312 169.576294 421.577667
v 412.483704 169.435028 425.151001
v 413.422516 169.733322 425.479675
v 413.139343 177.193237 406.277771
v 420.174683 188.305557 411.218475
v 412.391205 179.607590 404.472137
v 419.032837 172.483292 424.812286
v 412.205261 177.208160 405.150696
v 407.539032 169.907883 418.283691
v 420.828979 186.045135 413.156921
v 411.112549 176.765076 420.100098
v 412.270721 176.614273 404.929932
v 407.780823 169.790283 419.289459
v 429.818146 184.889999 405.374115
v 422.198090 188.372040 413.597260
v 410.167114 173.785751 421.718262
v 414.137817 173.634079 424.731476
v 408.945099 172.669022 420.706268
v 408.082581 170.327927 419.904297
v 409.139160 170.057556 421.943481
v 409.352631 169.821976 422.488708
v 410.143585 169.040939 423.374695
v 410.608215 175.777420 400.335632
v 410.442322 174.369507 421.853973
v 413.992096 180.575012 405.689575
v 410.849152 177.064560 403.329468
v 410.209259 176.569550 402.770508
v 412.096069 175.521423 422.875977
v 410.510284 170.563629 423.706848
v 431.066193 186.024109 405.883484
v 421.580566 187.851273 412.650055
v 418.086792 170.743652 425.662842
v 412.006989 173.317581 424.057098
v 407.259766 170.271103 417.797729
v 408.235901 169.964157 420.563049
v 411.014923 172.904739 423.432068
v 412.710052 178.197617 405.769775
v 420.251495 186.349335 410.743195
v 407.060486 170.351089 417.111084
v 407.961731 170.794586 419.053894
v 409.532104 170.452209 422.786255
v 410.016022 169.953491 423.192535
v 416.903473 173.787811 425.020844
v 410.518158 175.227859 420.959961
v 420.112152 185.566544 412.535187
v 423.177155 188.823730 414.845093
v 421.210602 187.127914 412.191864
v 417.839539 182.184860 407.063660
v 407.488770 170.984436 418.146088
v 408.520477 170.762100 420.951233
v 409.244019 170.859467 422.421051
v 419.555969 185.272537 412.321320
v 415.192963 176.953293 397.872498
v 421.421997 180.589111 402.275116
v 414.703369 177.328644 397.835022
v 422.975372 184.594177 401.838409
v 413.269043 177.679688 397.586578
v 408.942749 170.667862 421.513672
v 409.788818 171.233002 422.986572
v 408.100952 171.706360 418.866577
v 411.031311 172.056503 423.842133
v 411.246765 177.812775 403.673401
v 409.991730 178.562988 402.192261
v 421.700958 189.540817 413.118988
v 410.679596 176.208633 419.040009
v 417.205841 183.618240 406.537262
v 409.862030 173.163010 421.971649
v 419.597992 172.159546 399.423767
v 412.724670 181.634567 404.146912
v 413.018250 182.340118 404.464233
v 409.515228 171.812866 422.383057
v 423.479797 183.061020 402.190918
v 419.681152 160.124435 420.780029
v 420.906494 160.117523 420.642853
v 412.974365 171.229263 425.182983
v 416.887787 160.831802 424.430511
v 418.289825 160.420715 421.342834
v 420.417999 160.712448 421.074738
v 410.459595 161.018158 420.734924
v 416.005707 161.558701 426.010925
v 418.821564 160.597092 421.289337
v 421.952667 160.704865 420.649139
v 412.970123 175.798264 398.086151
v 418.430145 175.811829 398.650665
v 431.313171 188.424561 405.792145
v 423.805511 189.049805 415.280670
v 424.305054 183.505508 405.035828
v 423.841492 172.062164 409.006134
v 416.978302 161.438477 425.439148
v 417.627838 161.971786 425.612335
v 419.765656 161.151093 421.414062
v 421.851776 185.965637 415.035706
v 425.582703 183.691727 405.161896
v 424.214783 188.517349 415.699188
v 419.249390 170.167526 425.336792
v 414.408081 174.824524 400.061920
v 414.346375 161.828827 426.398895
v 416.163300 162.615173 427.296570
v 420.767090 161.636703 421.586639
v 421.363647 160.724457 420.956787
v 419.220123 183.472519 409.915253
v 416.805206 162.118637 426.517517
v 420.555115 173.039658 423.562439
v 421.364960 185.400497 414.367462
v 418.153900 180.342682 407.060852
v 424.246460 187.917847 415.635468
v 415.097595 162.373627 427.135559
v 416.994141 162.762680 427.079956
v 421.968414 172.669983 422.115234
v 419.969299 161.891663 422.015533
v 421.980560 161.798126 421.401001
v 422.802185 175.240479 412.991821
v 414.645172 183.029022 405.613556
v 413.665497 162.620255 427.233765
v 414.967499 163.168793 427.911469
v 418.096436 162.693405 426.101990
v 414.648804 175.283829 399.576599
v 419.402985 162.555695 422.884247
v 420.282349 162.679123 422.834595
v 421.035553 162.587067 422.555939
v 421.360107 162.064148 421.667999
v 422.338501 162.499191 421.193481
v 423.462097 173.211563 414.296539
v 430.312500 187.491882 405.681702
v 421.343048 182.556641 404.675842
v 414.727814 170.695984 425.642303
v 417.740967 181.632690 406.860168
v 411.505981 175.390320 399.424866
v 416.120239 183.092957 406.119904
v 423.857727 182.668381 404.711426
v 414.870331 180.658417 406.110596
v 431.847839 188.100540 406.060333
v 413.991333 163.090775 427.756897
v 416.475708 163.348892 427.789795
v 417.905243 163.622925 426.960968
v 428.910919 186.553818 405.485443
v 413.122040 163.301620 427.655182
v 415.633575 163.381271 428.024414
v 417.291382 163.445374 427.400391
v 425.051605 159.819122 409.822021
v 420.479950 163.130585 423.116394
v 421.004211 160.089188 403.337799
v 413.325745 164.166397 428.143036
v 419.876617 177.685623 411.791321
v 414.793854 181.868042 405.729401
v 414.029175 163.629913 428.093994
v 414.357330 164.433685 428.458374
v 417.260437 164.274567 427.738220
v 421.788574 163.350327 422.671082
v 423.891846 187.648819 415.773071
v 414.913757 167.459045 400.972046
v 428.371124 184.860580 405.344757
v 419.350891 164.282257 424.186676
v 419.821106 163.807144 423.615784
v 420.923798 163.573334 423.167694
v 415.142975 164.338196 428.436768
v 416.263306 164.268082 428.200867
v 421.300415 164.107758 423.075043
v 425.156403 172.108459 414.202576
v 418.842529 175.003220 399.641235
v 413.892212 165.401093 428.564880
v 415.854095 165.166565 428.578217
v 416.690308 165.054565 428.227142
v 418.767578 165.033615 424.747772
v 420.960846 164.525726 423.357788
v 420.815796 177.202713 411.577759
v 416.938049 173.694916 398.960754
v 414.906677 165.394958 428.719482
v 419.935577 165.048920 424.296417
v 422.645477 164.357132 422.262299
v 430.266449 186.796280 405.789062
v 417.264252 175.617630 398.522736
v 417.903931 175.314240 399.017426
v 415.832153 165.685501 428.580994
v 421.275177 165.169266 423.450134
v 415.332703 178.014908 397.691223
v 412.999298 177.105484 397.498413
v 423.405243 187.694565 415.609253
v 415.636200 168.437912 400.109528
v 419.642059 183.193512 409.583191
v 413.319336 166.204330 428.397522
v 415.315765 166.350281 428.577332
v 418.558807 165.960709 425.101471
v 420.494965 165.717911 424.125885
v 424.937408 185.066544 405.186340
v 422.710693 183.755386 401.976929
v 419.721191 166.028000 424.713715
v 421.320557 165.997055 423.650452
v 419.689514 182.414200 400.293518
v 418.450317 174.191162 399.365326
v 431.052765 189.276245 403.968719
v 420.900635 177.987823 399.936066
v 414.210327 166.226959 428.628723
v 419.367432 166.699997 425.034821
v 420.695465 166.613800 424.196594
v 413.256866 178.560333 397.803680
v 429.690430 185.798920 405.627441
v 425.505920 182.545959 403.381927
v 419.157379 180.497162 406.834686
v 416.311584 181.385437 406.479034
v 413.793304 166.768250 428.410797
v 431.375244 187.603287 406.027802
v 422.492096 166.245102 422.393280
v 425.622955 183.051865 402.653809
v 415.755829 165.118683 404.052277
v 411.087952 160.352646 403.556183
v 414.443756 167.302917 428.181763
v 420.864868 177.639023 409.899628
v 421.769012 166.635696 423.160278
v 420.739838 178.215866 408.766357
v 427.692047 185.939667 403.019745
v 423.529083 186.922623 415.511871
v 419.748535 177.222260 399.008057
v 427.891205 185.807861 405.441711
v 417.908997 171.369629 425.591614
v 416.869476 180.575592 406.958130
v 414.391083 180.371658 398.440308
v 425.094879 184.371002 402.717926
v 420.034729 167.684326 424.602570
v 422.523102 167.113770 422.664886
v 418.647064 181.918945 407.246887
v 413.383789 176.288712 397.778625
v 412.881500 167.845444 401.890930
v 426.526611 184.461258 405.334381
v 422.455078 186.543365 415.404083
v 417.830261 167.400864 425.547729
v 418.647003 166.979248 425.326355
v 420.997986 167.627609 423.934418
v 421.930298 167.367004 423.269287
v 419.300568 184.166168 411.060181
v 419.186707 174.024353 399.583466
v 414.000031 182.390274 405.321533
v 417.787872 170.106491 425.716309
v 418.160645 168.227753 425.570374
v 423.898712 171.290939 420.161682
v 423.392029 171.294571 403.962311
v 419.265198 177.619431 398.701599
v 416.816650 168.002533 425.888855
v 418.299713 177.118469 398.143066
v 413.814667 171.624496 425.342621
v 422.268188 185.980667 415.071960
v 416.565033 170.456253 425.837769
v 415.946472 168.540421 425.915344
v 419.302887 167.593063 425.102234
v 416.393585 172.962997 425.356232
v 416.725525 182.106079 406.403076
v 416.909668 171.603348 425.712982
v 412.510254 171.437714 424.947174
v 415.955322 174.175095 424.808746
v 420.489258 172.321060 399.892212
v 419.079163 168.760742 425.164856
v 420.434601 168.278229 424.278381
v 414.026123 177.211838 397.708740
v 422.734711 183.398834 404.850677
v 417.228455 169.254166 425.803741
v 420.154694 169.005280 424.704285
v 421.108459 168.796982 424.019531
v 416.165161 181.465363 398.297424
v 430.801270 188.702698 403.424896
v 426.571899 185.201553 405.398163
v 418.479370 181.290680 406.880371
v 411.501617 171.157776 424.355682
v 416.330780 166.077118 401.966461
v 417.028900 180.856384 398.416595
v 415.515350 173.253204 425.186127
v 430.689941 188.286987 403.723877
v 421.924713 183.208237 402.021698
v 420.072327 173.601227 399.912994
v 421.076538 175.859161 401.689301
v 414.381866 168.806046 425.739655
v 418.740540 169.372269 425.404541
v 420.768494 169.463989 424.515564
v 424.060303 162.151337 410.009308
v 419.853546 180.996689 399.911957
v 426.378784 186.072159 405.064789
v 424.958466 184.428787 405.246796
v 415.654266 170.472885 425.814209
v 417.193207 169.901321 425.733398
v 419.078094 182.324432 407.937256
v 431.530151 188.972900 405.498688
v 431.178436 189.211014 404.864746
v 430.979919 188.836197 405.300079
v 429.647522 187.658066 405.230743
v 430.570068 189.208008 404.127533
v 413.289795 183.531540 401.140198
v 415.445618 178.754669 413.268372
v 416.233063 184.267212 404.129639
v 414.635223 183.828964 405.173676
v 419.415985 187.643784 409.499542
v 430.184662 189.040192 403.322357
v 417.197510 184.140533 400.834015
v 414.176819 183.984695 401.799500
v 429.953583 188.523376 404.588287
v 409.124329 173.108246 414.294952
v 414.517883 184.010452 404.442322
v 414.029663 183.758850 400.800476
v 416.349030 184.011856 400.241028
v 421.126343 184.859116 402.661957
v 423.776978 190.047943 414.750549
v 414.912567 177.967926 407.731720
v 419.651642 184.184601 403.119110
v 419.617126 184.144150 402.179993
v 428.968689 187.945297 404.382660
v 413.234650 183.626343 404.197479
v 415.625000 178.296417 411.842285
v 429.639099 188.774567 403.537262
v 429.510345 188.572098 402.753571
v 413.076416 178.647324 419.070068
v 417.994293 174.878723 399.451080
v 413.947906 177.347595 410.057404
v 415.679169 180.399399 406.685181
v 417.532410 178.922516 408.143066
v 419.708191 183.846283 403.887390
v 414.421112 177.910858 408.854370
v 414.050934 179.149368 418.297424
v 415.176392 179.300217 416.151642
v 414.096344 179.219223 417.117859
v 418.157654 176.469528 398.200134
v 414.730499 184.196320 403.225891
v 418.703644 181.564026 399.494171
v 418.642395 184.205566 402.674347
v 415.219513 179.126709 414.890961
v 415.273926 178.278900 407.608337
v 412.707703 183.352692 402.088898
v 423.117767 189.992920 414.371704
v 422.752045 190.464844 413.914520
v 418.783936 183.577530 400.107697
v 419.286865 172.573746 399.246002
v 418.307281 180.863647 399.078278
v 417.110138 184.294556 403.090851
v 412.531982 178.349075 414.880920
v 419.009216 180.316803 399.089813
v 423.932770 184.345551 401.983917
v 415.889893 176.707672 397.836212
v 416.741974 178.409653 411.962219
v 428.287476 187.407867 404.635040
v 427.728394 187.561310 404.048889
v 415.472961 167.287186 428.060608
v 430.532379 188.971283 403.114594
v 417.129028 178.343872 410.331543
v 414.216309 178.970184 414.592468
v 418.039948 175.452271 423.756714
v 421.626190 172.485687 400.869263
v 422.482697 189.714264 412.669617
v 417.599823 184.229721 404.383636
v 416.218384 171.162308 398.750122
v 415.903625 166.679169 428.350708
v 416.030701 178.635895 407.945831
v 418.306641 176.174103 423.084900
v 418.850433 172.041885 399.094543
v 414.376740 176.485565 397.955017
v 428.375793 188.065338 403.530426
v 413.258850 183.682693 402.290039
v 414.726013 166.691498 428.557587
v 415.413086 178.322403 408.471130
v 416.746216 176.376892 423.303528
v 423.172638 182.086838 402.778381
v 415.722015 174.169189 399.408569
v 421.382996 175.273300 401.920959
v 415.237762 183.375244 399.097229
v 414.978455 167.581497 427.743195
v 417.138123 184.111572 405.739349
v 416.771149 175.299149 424.093658
v 417.324982 176.515991 423.105225
v 422.305115 172.113708 401.484192
v 414.300690 181.771271 398.410675
v 421.853943 190.256317 413.081482
v 421.950958 185.338699 403.031311
v 426.527863 187.339020 403.550568
v 415.797180 178.193787 410.390076
v 415.168396 183.661041 405.548889
v 412.613464 178.575073 415.903595
v 416.500214 177.120529 422.532196
v 417.800049 177.311050 421.997375
v 417.776672 172.975037 398.831604
v 426.654785 187.256851 402.657318
v 413.106079 176.867950 410.516083
v 417.681580 178.061157 421.046173
v 412.324219 176.699310 397.611237
v 409.004700 173.099213 416.283234
v 413.803162 183.606857 404.953033
v 415.865448 184.078140 405.063812
v 413.727570 177.465378 409.006378
v 427.638947 187.777100 403.037445
v 414.675537 167.764984 426.831970
v 418.485901 184.130707 403.589508
v 415.469482 175.597855 423.816315
v 417.956024 178.445343 420.201263
v 420.549744 181.668442 400.874725
v 416.964142 181.734818 398.246399
v 417.301361 183.627197 399.278656
v 425.972046 186.594330 404.515320
v 426.854980 186.813599 402.119202
v 411.769318 182.572098 401.507996
v 413.507141 167.105804 428.086334
v 413.671021 167.469070 427.784729
v 414.096039 167.697968 427.445770
v 414.823120 167.803925 426.025574
v 417.836670 178.873184 419.302368
v 421.539703 173.768967 401.186249
v 418.567657 184.085175 401.473022
v 411.749817 177.302551 420.494934
v 412.335602 182.942871 401.031372
v 421.672516 189.611298 412.048004
v 426.234497 187.015198 404.107697
v 412.350403 178.039932 419.574738
v 413.430542 167.642410 427.186859
v 414.009888 167.745224 426.550568
v 418.183929 184.312317 404.865936
v 415.818573 177.815140 421.690674
v 416.838043 178.444427 420.584564
v 415.308594 181.512390 398.255646
v 416.101959 179.707184 407.248840
v 421.234161 189.827423 412.362152
v 412.988892 178.854797 418.007324
v 413.391602 179.032776 416.808411
v 412.862061 166.962189 427.791138
v 416.302032 183.745468 399.463806
v 415.781372 176.448578 423.203217
v 416.858124 177.821167 421.590332
v 414.941071 179.669586 406.869202
v 424.996887 185.729874 404.858582
v 424.025970 186.020386 404.129242
v 424.723114 186.529678 403.827698
v 425.427795 186.997452 403.052704
v 413.898773 167.605362 426.071411
v 414.713043 177.714157 410.946564
v 417.209198 179.314529 407.673370
v 415.268127 177.181046 422.414032
v 416.693024 179.000168 419.443237
v 416.944672 179.247620 418.414062
v 417.849182 179.194244 417.018402
v 408.274506 172.727112 416.333649
v 417.024353 183.685852 406.173584
v 425.199860 186.879623 403.509399
v 412.885590 167.359100 427.192719
v 412.869080 167.271713 425.338898
v 415.696136 178.542343 420.463806
v 417.850677 178.447830 398.042419
v 417.687347 174.253632 399.206604
v 408.525116 171.192657 411.141602
v 413.689117 183.879028 403.838135
v 413.945160 177.211609 407.139130
v 413.107269 167.496674 426.498077
v 414.626373 181.007858 398.408356
v 416.392242 183.612686 405.918518
v 414.455658 178.635406 413.364227
v 414.196655 176.214066 423.177795
v 414.749664 178.003174 421.296326
v 420.974670 172.617004 400.239655
v 417.262695 178.620682 409.462219
v 418.287689 178.722031 408.983856
v 420.786011 188.614532 410.383972
v 420.616547 184.364532 402.146759
v 417.848724 179.634232 407.409637
v 417.828247 183.710266 399.713104
v 413.157196 178.449036 414.091705
v 417.335846 179.211441 416.138275
v 416.241821 172.473129 398.766113
v 416.796967 159.971771 403.652374
v 415.044128 160.082932 403.552063
v 413.197296 160.244797 402.849365
v 422.455292 172.369415 421.351685
v 421.731079 185.206039 409.487549
v 421.538361 179.149460 401.770111
v 418.659393 160.145493 402.312256
v 417.586884 160.156601 402.858521
v 416.349060 160.245804 403.731445
v 413.308960 160.541199 402.846802
v 411.349945 160.877975 403.400055
v 418.310120 160.423508 402.430328
v 414.730072 160.523544 403.340271
v 414.029449 160.608109 403.013306
v 412.042328 160.993622 403.152039
v 410.970734 161.306061 403.916321
v 410.785553 160.754242 403.860107
v 423.973877 170.798309 410.132965
v 410.777802 160.575958 408.051819
v 419.253448 160.580185 402.486572
v 418.841614 160.957840 402.503723
v 418.412323 160.938904 402.560211
v 417.835052 160.759186 402.929321
v 417.245483 160.694077 403.212677
v 415.877167 160.623657 404.287811
v 411.047668 161.546997 408.146545
v 409.711761 160.782822 408.803833
v 408.461212 160.922836 409.906158
v 409.497803 172.564560 412.186096
v 421.696198 177.623459 403.796509
v 416.557068 160.715668 403.837311
v 414.257782 161.322418 403.437653
v 414.916199 172.470718 399.197144
v 410.448669 161.110031 408.415070
v 409.555359 161.250366 408.949188
v 408.909058 161.124512 409.510712
v 418.668396 161.480255 402.825195
v 413.552185 172.625778 400.141785
v 409.383545 168.591873 410.552216
v 410.708557 161.612976 408.445129
v 408.396118 161.565430 410.457001
v 419.356873 161.441895 402.977478
v 417.897461 161.460220 403.307770
v 416.023621 173.476059 399.013641
v 408.301086 168.825668 410.895599
v 411.309052 161.751541 403.803223
v 409.214386 161.835144 409.537048
v 412.963257 173.773697 401.009705
v 416.913208 161.442780 404.146240
v 417.323578 161.944092 404.470398
v 422.300049 170.987778 422.545044
v 413.061676 169.508636 400.635437
v 411.811584 162.249924 403.966400
v 408.347565 169.421173 410.692078
v 410.154694 161.978439 408.994537
v 409.586792 162.422104 409.857056
v 409.892731 173.051651 412.856903
v 418.426422 161.901016 403.338898
v 417.519958 162.354538 405.137177
v 419.231262 185.850800 406.551208
v 412.003754 162.742416 405.037079
v 410.144104 176.800400 400.054779
v 409.494263 170.663940 410.372589
v 422.198883 185.019775 402.119141
v 411.123962 162.366669 408.765137
v 409.265778 171.201218 410.706482
v 410.541382 176.406464 399.858978
v 416.642883 162.581223 406.110535
v 411.307373 163.158005 409.613434
v 410.120117 162.451691 409.587708
v 408.604309 171.865555 411.660187
v 411.803162 171.376938 401.596893
v 417.196686 162.937271 405.947113
v 410.475861 177.438766 399.377533
v 412.173096 163.013306 406.147888
v 410.681763 162.800217 409.482819
v 409.509125 171.968826 411.201050
v 415.047455 171.410065 399.113556
v 418.268921 162.809204 405.252167
v 415.445496 170.848068 399.034210
v 412.406647 178.042679 397.621399
v 408.789520 172.469971 412.579376
v 410.413300 163.166061 410.380280
v 412.447205 181.592468 398.898376
v 412.251373 171.080353 401.054443
v 414.942871 182.526749 398.480560
v 417.282166 163.450790 406.028656
v 416.311310 163.758087 406.544220
v 413.446625 182.407440 399.000671
v 411.617035 170.281021 402.019836
v 412.783905 163.431915 406.088867
v 413.600525 182.987183 399.559540
v 411.579895 163.518555 410.222626
v 411.179596 176.955521 398.178619
v 428.415253 187.801575 402.405579
v 414.167969 171.891129 399.601318
v 418.212067 163.759766 405.576904
v 412.363220 182.700104 400.294617
v 411.301727 170.629089 402.392914
v 423.846161 171.642441 408.637299
v 411.085602 179.519257 398.602325
v 412.248718 177.233688 397.519226
v 416.685394 163.611221 406.442902
v 412.851349 164.313889 406.224731
v 411.905518 178.875366 398.059906
v 411.723053 163.975845 410.464844
v 411.196777 164.403488 410.844177
v 421.054169 177.518402 400.342438
v 409.907166 179.090073 399.502563
v 416.411560 164.241272 406.296143
v 429.455048 187.948792 402.344055
v 415.434143 164.474258 405.890625
v 414.397980 164.976395 405.756683
v 414.286957 164.326233 405.914520
v 412.191925 165.454544 406.560791
v 414.942474 169.299561 399.666626
v 408.921326 164.563644 412.095886
v 413.356842 171.182877 400.181458
v 414.509857 170.333191 399.561615
v 415.088928 164.949692 405.341858
v 412.213135 182.093185 399.614410
v 409.469635 167.519470 410.982117
v 410.894897 165.579086 410.912659
v 411.719879 177.629852 397.764404
v 419.300018 186.705078 407.714661
v 413.314117 181.768570 398.614197
v 411.981812 180.690292 398.628601
v 408.343872 165.230240 412.557281
v 410.294434 178.187851 399.074677
v 422.534363 175.614029 404.725128
v 413.674408 170.005280 400.024170
v 411.406891 176.314713 398.245270
v 409.273865 165.519012 411.748505
v 407.863586 165.392654 413.125000
v 411.940887 169.429276 401.945862
v 410.559875 179.728577 399.089569
v 412.415283 162.736755 404.805664
v 422.024963 174.905090 419.309723
v 410.459900 160.249100 404.706268
v 423.716034 185.788330 402.201111
v 414.744965 173.647034 399.591553
v 411.251007 178.451111 398.289917
v 413.840210 174.305405 400.427368
v 415.699615 171.962784 398.814850
v 412.955994 180.768433 398.314758
v 408.137817 171.490417 411.807495
v 423.889130 171.250916 405.792450
v 411.126617 166.468536 410.598633
v 423.196167 189.020966 413.131348
v 422.973145 174.913864 415.842163
v 408.265991 170.264755 410.882690
v 418.917236 184.201599 404.769531
v 410.756897 177.402588 398.607727
v 426.570221 183.041138 402.918335
v 407.731079 168.980148 411.506805
v 411.397156 180.921371 399.195679
v 408.410767 160.192230 411.111755
v 410.721375 178.536865 398.651001
v 422.743622 174.485275 404.157074
v 408.378876 167.904541 411.400574
v 421.940552 184.538208 401.910583
v 412.729340 170.184616 400.683289
v 410.293854 178.975677 399.004700
v 414.046387 169.266296 400.029510
v 414.120300 173.400101 399.940918
v 415.322906 173.279327 399.164490
v 410.840790 180.872787 399.713562
v 413.162720 172.031830 400.392792
v 412.088104 172.148163 401.369171
v 423.946655 170.709793 406.924591
v 413.441101 168.567856 400.921906
v 423.322906 174.381714 413.070557
v 415.246216 183.059052 398.731140
v 409.964355 166.646988 411.061340
v 408.601929 166.579498 411.721008
v 410.540161 177.170898 399.148621
v 423.882874 187.978729 414.572083
v 409.332031 169.887299 410.320190
v 423.746948 170.758331 409.064270
v 423.556000 173.588165 411.103760
v 423.563507 173.947052 411.870483
v 421.651337 177.098969 402.407288
v 423.511932 174.078384 408.193298
v 410.545135 167.719528 410.457458
v 423.678223 160.012939 408.331604
v 423.613068 160.869049 408.432739
v 422.987518 160.425690 408.064362
v 419.263702 175.789368 399.195770
v 415.392700 167.645096 426.957214
v 420.191528 160.555710 402.923645
v 415.324585 160.790009 404.264526
v 428.740997 187.121429 402.442657
v 420.844757 186.976654 408.353394
v 430.149658 188.501404 402.628021
v 424.755646 160.842850 409.461395
v 424.221863 160.291931 408.659790
v 420.916962 161.151703 403.762848
v 419.941742 161.360458 403.124847
v 425.473328 184.926437 402.477814
v 414.835510 160.988480 403.772156
v 428.304138 183.439041 403.477997
v 424.110992 161.371368 409.284058
v 422.252319 160.844116 407.872803
v 419.544891 178.768982 398.988129
v 420.614807 183.804398 401.643463
v 430.166962 186.830902 404.133118
v 413.596283 161.410553 403.285095
v 421.255402 177.884903 408.732239
v 421.162781 178.051697 407.529236
v 423.629242 161.734436 409.006927
v 419.622955 161.872437 403.475861
v 426.024445 183.992477 402.995544
v 415.858551 161.652893 405.447968
v 415.208649 161.349548 404.423309
v 412.877502 161.253204 403.061676
v 420.109131 183.144943 400.964905
v 422.974274 161.455460 408.552338
v 422.245880 161.556320 408.235291
v 420.953735 173.596527 400.450134
v 418.987793 162.191162 403.773163
v 422.982117 183.468063 402.231903
v 414.948822 162.253143 405.519562
v 414.163208 161.810043 403.819641
v 412.953918 162.102188 403.605255
v 412.304413 161.770447 403.387909
v 420.593903 162.015564 405.009857
v 419.745667 162.175583 404.310181
v 418.390503 162.373657 404.352936
v 416.208466 182.837097 398.310608
v 414.362976 162.264954 404.923981
v 413.766266 162.525558 404.818115
v 420.800507 187.837357 409.208649
v 413.666931 180.749481 398.290314
v 415.514832 179.102951 397.908508
v 414.599915 178.589752 397.866974
v 425.059998 161.270660 410.822418
v 419.335175 176.380661 398.834991
v 419.690826 162.611908 405.255371
v 424.322083 182.300522 403.133026
v 416.078217 162.155472 406.070007
v 412.964691 162.521240 404.294739
v 418.883209 184.820847 405.362152
v 420.651031 174.918991 400.847961
v 415.722321 162.285660 406.126556
v 415.278442 162.779388 406.089996
v 423.471466 184.381668 401.841125
v 422.653717 162.602066 409.847015
v 419.409729 183.759674 401.123474
v 418.796722 163.150757 405.329010
v 413.826660 163.152573 405.761536
v 412.857635 162.899445 405.574036
v 428.976959 186.809509 403.314453
v 420.814575 162.632950 406.210175
v 414.725586 163.282715 405.928711
v 427.261780 186.538788 401.982635
v 420.121338 177.766205 418.981750
v 422.901917 174.858902 410.822205
v 422.957947 162.987091 411.147308
v 416.727112 167.028534 425.954437
v 419.001831 174.998062 423.707062
v 420.437103 163.619156 406.040283
v 420.000092 162.996765 405.617004
v 416.133484 162.885437 406.499084
v 415.741302 163.050293 406.392273
v 413.877441 163.730576 405.916016
v 430.963684 186.132904 404.716187
v 422.594238 163.486862 411.278687
v 422.676453 175.348984 415.549103
v 419.234924 163.950516 405.493774
v 421.449585 188.585388 410.647278
v 423.459106 163.318695 411.632996
v 421.867004 163.423904 410.970551
v 420.333313 164.462418 405.902039
v 415.633636 163.828369 406.315186
v 416.441650 183.404526 398.766144
v 429.672089 187.822998 402.660065
v 426.517914 185.906921 402.007568
v 424.015778 163.869965 411.992218
v 417.588074 164.137131 405.827484
v 420.208893 179.183502 399.572113
v 419.281830 179.621811 398.867096
v 417.443970 179.456451 398.206390
v 420.510681 186.010590 407.338837
v 421.140289 165.057510 406.319244
v 417.974518 164.602341 405.274231
v 419.478851 180.767014 399.537170
v 416.569641 179.250259 397.952637
v 415.582794 179.689438 398.182037
v 419.872650 176.606705 421.450226
v 423.302063 164.686493 411.486420
v 421.964386 164.107361 411.000671
v 419.224884 164.912567 405.103455
v 417.652710 180.217636 398.631439
v 432.057129 187.235397 406.074158
v 431.557800 186.181290 405.110107
v 422.670990 189.077377 412.441559
v 423.929688 189.663330 414.280365
v 422.638184 164.465256 411.175476
v 423.289673 172.301727 419.561005
v 419.923737 164.971680 405.488586
v 415.282440 180.366638 398.577179
v 422.559052 173.849442 418.249573
v 414.291656 179.570618 398.214569
v 416.391296 180.776108 398.373718
v 416.144989 178.296478 397.652100
v 412.888885 179.305298 398.060028
v 421.722137 177.502533 408.195496
v 422.698212 172.714386 419.670380
v 423.642181 172.902573 409.596863
v 430.940186 184.780289 405.151367
v 424.291473 185.586670 401.984680
v 420.005951 186.444061 407.292389
v 421.960602 183.768433 401.812439
v 430.670319 184.535294 404.668884
v 417.268402 166.111740 427.408264
v 424.005005 165.282471 411.687164
v 423.620789 166.077408 411.237518
v 421.465240 173.597946 422.125061
v 419.389526 185.166077 405.832977
v 431.213104 185.147400 404.954834
v 424.954376 185.212067 401.902313
v 421.014648 177.002899 413.501709
v 420.881439 174.978333 421.546631
v 430.729919 185.026138 404.548523
v 425.103271 165.107361 412.541168
v 425.287445 166.082443 412.342102
v 424.590546 165.505569 411.881714
v 422.206329 165.318558 410.763733
v 421.598297 176.288925 402.988678
v 429.810364 184.942780 404.160492
v 424.577942 166.604584 411.497894
v 422.797485 166.338684 410.757416
v 422.360809 173.576416 420.071289
v 417.174316 167.017410 425.686371
v 422.341583 175.497406 416.901306
v 420.187775 166.474960 402.592377
v 428.685120 187.693466 402.234253
v 419.464844 183.209900 400.256897
v 419.922852 179.815399 399.458893
v 422.378052 169.978088 422.653351
v 420.564453 167.149506 402.057587
v 424.032623 171.378235 406.551880
v 427.165405 183.528305 403.156830
v 429.549255 187.503113 403.169739
v 425.127197 166.722351 411.892609
v 422.254181 173.557709 420.831940
v 418.845825 167.670685 400.578644
v 423.881927 183.881226 402.425903
v 418.380524 179.458160 398.451111
v 424.772949 172.098663 417.460083
v 421.231171 167.865463 401.587769
v 419.620209 167.616653 400.950012
v 418.047821 167.759766 400.411621
v 424.102600 182.637619 402.713837
v 417.255951 182.762817 398.370392
v 417.535614 182.316864 398.495361
v 431.325470 188.091660 404.585114
v 423.240662 174.560547 411.961151
v 418.473907 177.613297 421.213287
v 420.374115 167.810501 401.197998
v 419.925385 168.264374 400.541504
v 418.534088 168.420013 400.043365
v 417.873199 182.961197 398.664246
v 421.810150 176.405701 417.453400
v 425.794434 183.393723 402.729095
v 425.681763 167.650574 411.875000
v 425.131165 167.863556 411.389038
v 424.076538 167.456772 410.980347
v 420.834717 168.387207 400.946411
v 417.965332 181.850800 398.818817
v 421.032745 182.378494 401.611145
v 426.840729 184.735565 403.188904
v 421.865753 176.002106 418.725555
v 423.624847 168.291641 410.546265
v 419.861450 169.223541 400.166199
v 419.386719 168.513702 400.141418
v 418.277649 169.251801 399.516724
v 417.498474 169.051865 399.455200
v 414.953461 168.655777 400.069977
v 419.859131 175.602859 422.425385
v 424.392242 184.391785 402.271820
v 417.328827 183.232330 398.640137
v 429.035919 185.735901 403.793671
v 424.655029 168.440277 410.925751
v 422.804352 169.062408 402.647125
v 421.604553 169.075409 401.295410
v 416.484283 169.594788 399.343079
v 415.921082 169.211639 399.619873
v 428.409149 184.519836 403.681763
v 427.089966 185.307281 403.086487
v 421.381348 175.048096 420.601837
v 425.618469 168.469818 411.486847
v 432.036926 188.155289 405.912781
v 422.208527 176.048279 413.787659
v 420.759613 169.240906 400.579712
v 421.109589 181.165894 401.380371
v 426.014984 168.915161 411.945099
v 425.498138 169.148270 411.423187
v 424.544434 168.989975 410.903320
v 422.340363 176.648712 408.344727
v 421.961975 169.910980 401.248688
v 420.359375 169.829208 399.992096
v 417.916626 169.934616 399.359741
v 417.366882 169.598648 399.316498
v 415.243713 170.100952 399.386139
v 422.433075 169.652832 401.856567
v 421.159698 169.751816 400.541077
v 419.105865 169.580078 399.617584
v 417.370941 181.354370 398.413727
v 421.524933 181.862610 402.221832
v 420.642456 179.852234 400.345764
v 424.080994 183.334595 402.283386
v 423.964600 183.611664 402.447205
v 421.735443 177.384933 406.740997
v 425.153931 170.151154 411.482269
v 424.917267 169.454178 411.081055
v 420.194366 170.453735 399.688538
v 423.115570 174.334457 414.916840
v 418.463104 182.277374 399.058777
v 419.046173 182.490662 399.725586
v 418.383850 183.188644 399.265961
v 410.848053 160.175735 403.908600
v 418.808807 170.439468 399.159607
v 417.604401 170.618744 398.913574
v 417.339355 170.390930 399.046234
v 415.934479 170.354584 399.086731
v 422.919312 182.521271 402.389252
v 424.012817 169.872818 410.549896
v 420.939545 171.058151 400.074890
v 419.450836 170.613953 399.272827
v 416.066650 182.152008 398.196167
v 417.001984 177.433487 397.722717
v 425.745605 170.144333 411.866852
v 424.562592 170.790833 411.449219
v 422.499878 170.634613 401.704285
v 421.794281 170.706482 401.027008
v 421.425751 170.960983 400.472015
v 418.130676 170.973450 398.856567
v 417.714569 181.008163 398.748016
v 421.270874 183.368088 401.689819
v 420.091980 185.813889 406.790680
v 420.671509 178.600525 399.746246
v 429.959381 184.047165 404.212982
v 419.559570 171.487656 399.451782
v 418.337189 171.541061 398.943420
v 416.910461 171.385620 398.672119
v 420.041840 181.459351 400.420319
v 422.240631 181.801910 402.711578
v 427.480865 186.287628 402.300507
v 425.550415 171.838333 414.680389
v 429.116669 184.019409 403.822998
v 418.692230 178.113419 398.331116
v 422.847260 171.273102 402.091644
v 421.524506 171.723984 400.549835
v 425.337158 171.984116 415.595306
v 422.208710 176.018097 411.423309
v 422.256958 176.254135 409.840912
v 423.404419 173.637650 414.964813
v 424.777496 170.694550 418.965698
v 425.450226 171.640884 416.413605
v 420.289398 177.058762 420.287506
v 420.847778 173.560654 423.030579
v 417.920898 165.761765 425.304260
v 421.200012 172.654282 422.994995
v 423.493134 173.622269 413.453430
v 421.309387 169.794464 424.019440
v 422.838501 190.444885 413.639648
v 421.472473 176.646011 418.535156
v 416.561615 166.619629 428.010620
v 422.405365 175.644440 416.272278
v 417.572937 165.991409 426.006592
v 424.127136 172.711578 415.519531
v 422.033569 176.576935 405.135834
v 420.864746 176.840149 419.777130
v 422.889374 172.061218 420.475281
v 424.054443 162.547455 411.322815
v 423.373718 190.210327 413.886841
v 422.690979 175.071350 414.760284
v 419.871887 160.787354 402.721222
v 421.495239 174.321060 420.851044
v 421.529358 176.746490 410.480316
v 422.396088 176.642303 407.302338
v 421.590790 176.560059 415.910675
v 423.667389 190.260834 414.386932
v 425.074860 160.673340 411.499298
v 424.157104 189.860016 414.892914
v 422.960754 175.391098 407.779999
v 425.970123 171.220856 415.127533
v 419.248352 183.916519 404.277618
v 423.166321 175.168854 406.338013
v 424.212097 189.470291 415.326843
v 424.781281 160.004807 412.277679
v 423.210846 173.510056 416.108154
v 419.578339 184.549072 405.548279
v 422.890930 171.439774 421.248779
v 419.433167 177.925430 419.719727
v 423.714844 172.747833 413.128204
v 423.731842 172.677139 414.053986
v 419.867950 183.340271 405.239227
v 419.190765 178.595413 417.696564
v 423.419769 173.049881 415.750397
v 424.439240 189.315842 415.136688
v 419.594238 183.676071 404.721069
v 421.783295 176.493378 411.325775
v 419.308533 175.508057 423.139526
v 425.206757 160.087952 411.291077
v 424.288544 188.895050 414.813354
v 421.373047 176.163589 419.571686
v 420.136902 183.121765 404.606903
v 419.497101 173.264786 424.400421
v 416.075928 167.425278 426.385376
v 421.100098 177.032959 417.106506
v 423.388977 171.088440 420.837494
v 423.151581 172.611664 418.844116
v 421.719574 162.318359 408.568848
v 422.201508 175.812836 415.645538
v 421.945343 176.179184 414.810852
v 415.292297 167.936462 425.956635
v 420.500092 174.929092 422.228485
v 422.579315 175.850616 408.822998
v 416.533386 165.897339 428.297180
v 421.646881 160.372803 405.241608
v 422.735352 174.989838 416.744019
v 422.191772 165.334778 422.767181
v 422.439697 173.447968 418.785706
v 420.721130 177.996689 409.460022
v 419.420837 176.218353 422.228699
v 421.649017 159.845688 404.922241
v 420.130127 182.553558 405.114868
v 422.535858 173.241043 419.482147
v 420.163879 173.612411 423.752350
v 422.053741 174.016403 419.831177
v 422.266205 171.865387 421.984009
v 421.275238 171.562592 423.573944
v 422.670593 173.047714 418.645233
v 422.892365 162.289993 409.169830
v 419.955688 172.703415 424.196533
v 420.738892 177.309448 419.053741
v 415.796631 167.471115 427.404510
v 418.795197 176.827087 422.091492
v 424.606995 161.558960 409.925690
v 422.611542 175.299362 411.695251
v 420.526123 181.743835 405.002350
v 421.788269 173.868546 421.108917
v 424.498108 171.402069 419.113251
v 420.806091 177.545883 415.741516
v 424.303314 172.378067 413.736633
v 423.147125 174.404160 414.024231
v 422.941986 173.305389 417.278320
v 420.140900 178.121704 415.273438
v 431.639557 189.077866 404.703613
v 422.023621 176.093277 412.555725
v 421.083862 161.634094 405.152039
v 417.735077 164.868118 427.506165
v 425.139221 160.487122 410.232697
v 420.236847 181.344070 405.781891
v 419.122040 173.811340 424.359314
v 421.325745 177.145721 410.001373
v 426.172638 170.150391 415.904419
v 421.633484 177.148422 405.156128
v 421.601624 177.377869 409.236511
v 420.240936 174.761551 422.803070
v 421.839539 176.253464 416.908844
v 419.988464 171.096313 424.852844
v 425.241760 171.514481 417.330933
v 417.922180 165.388062 426.899017
v 416.961700 165.647675 427.967163
v 420.517426 176.096390 421.252472
v 421.608490 176.661789 414.205750
v 413.283386 167.367676 402.027313
v 422.815063 170.386856 421.964294
v 420.970032 170.553421 424.304352
v 419.487427 177.356659 420.718170
v 424.773041 161.349854 412.506866
v 424.695374 172.421127 415.964386
v 421.912170 159.840439 405.856201
v 424.570465 162.014633 410.638550
v 422.028992 176.720703 409.203735
v 421.086700 175.870331 420.498108
v 418.090485 165.225128 425.435577
v 422.012421 160.252823 407.100739
v 424.113342 171.967560 419.028381
v 425.720490 171.649109 413.768188
v 420.593140 177.504105 414.708740
v 416.924500 166.757202 426.542786
v 423.900604 172.746140 416.903412
v 419.939972 180.411438 406.354797
v 419.138550 179.176346 407.451538
v 421.050262 177.153717 418.093536
v 420.502960 177.646713 416.650879
v 423.956238 172.237244 412.531464
v 424.773956 160.324020 409.110168
v 420.431061 179.875488 406.172241
v 419.765320 179.738953 406.869995
v 423.968994 172.454178 418.057159
v 418.951385 178.708069 415.377472
v 418.050873 179.070679 418.157776
v 420.695282 171.520477 424.148468
v 431.507355 189.243423 404.758453
v 422.753479 175.368774 410.603729
v 420.155853 177.920227 417.989410
v 425.287323 171.744202 412.980377
v 419.776276 179.026932 407.184814
v 419.048828 178.711487 416.805115
v 425.008820 171.037170 418.155975
v 422.098480 175.459229 418.817078
v 421.769196 171.297119 423.074646
v 421.079224 177.940552 406.408081
v 422.030487 177.194504 407.695496
v 420.734192 177.284042 413.208374
v 431.755676 189.063934 405.338959
v 421.913177 160.589722 406.884460
v 420.404083 178.925308 406.624939
v 419.115173 178.848633 407.842590
v 418.667877 178.904541 416.304840
v 419.253784 178.509552 418.438507
v 418.749359 178.505951 419.277283
v 416.541748 167.007416 427.354218
v 431.835144 188.687546 405.756134
v 421.847839 165.943893 422.965729
v 419.624451 174.071640 423.955353
v 419.868927 174.646149 423.294098
v 422.685608 176.026672 407.521606
v 420.315155 177.666641 410.501007
v 420.512421 178.498611 406.905579
v 419.825043 178.161270 409.944885
v 416.107849 167.055939 427.988220
v 419.484528 178.089996 413.743164
v 422.667419 175.305237 413.965179
v 421.725952 161.021881 406.382782
v 423.603424 162.568451 410.606598
v 423.320221 171.848480 420.215851
v 423.203796 172.912628 417.621368
v 420.425720 178.513550 407.768005
v 420.175842 178.440842 408.690155
v 420.084656 177.692932 412.854370
v 419.697968 178.210785 414.595428
v 419.866943 178.347153 416.175018
v 422.975006 160.022034 417.701263
v 423.906952 160.079834 414.536560
v 424.432770 160.024673 413.278076
v 422.427002 160.258026 419.772064
v 423.041107 160.291489 418.195435
v 423.952759 172.389160 407.234589
v 423.904327 172.686142 406.489288
v 422.630859 187.025299 411.821381
v 422.546997 160.941132 420.057892
v 423.086090 160.800522 418.314789
v 423.544983 160.354553 416.104980
v 423.934448 160.605560 414.855042
v 422.125854 160.288971 407.720795
v 423.169647 174.773300 408.261139
v 423.215393 175.047485 407.359283
v 421.331879 160.359558 403.985748
v 422.665100 186.715088 412.659149
v 423.539856 160.746552 416.558624
v 424.751831 160.553848 412.599396
v 417.771851 160.537292 422.654877
v 423.716156 161.363632 415.903564
v 424.248749 161.016403 414.182037
v 421.412720 181.134720 404.118042
v 421.827820 161.205780 407.805573
v 420.946838 160.561188 403.396698
v 417.696228 161.107544 424.321075
v 418.128967 161.317047 423.973206
v 423.047119 161.372910 418.469360
v 422.351593 173.127213 421.102509
v 423.164764 174.562546 405.256439
v 421.292847 161.094864 404.664246
v 418.598724 160.962418 422.035828
v 423.382050 161.744629 417.418884
v 423.765350 161.753448 415.876648
v 424.281464 161.713135 414.073364
v 424.598175 162.000443 412.287109
v 422.311554 174.954300 418.107117
v 423.822266 172.203720 405.791412
v 420.455322 161.533890 403.812531
v 423.567139 171.900253 405.212677
v 418.591949 161.595505 423.221985
v 409.405151 160.334167 409.091431
v 422.570740 161.932770 420.844452
v 423.092407 161.897949 419.573029
v 423.606537 162.226990 418.373596
v 424.225739 162.095383 415.901459
v 424.286530 162.074417 414.398926
v 418.946686 162.005219 422.787567
v 423.199463 162.076248 419.088348
v 423.832855 162.141296 417.323212
v 424.370544 162.629486 417.236481
v 424.690186 162.013733 411.267090
v 421.349945 184.448578 410.460297
v 421.544617 161.687561 407.033630
v 418.748718 162.536285 424.355316
v 419.204193 161.594559 422.009094
v 421.728027 162.739563 422.218475
v 422.972168 162.181473 420.228821
v 423.352264 162.791702 420.154541
v 424.066010 162.691238 418.295288
v 424.524475 162.477020 415.826569
v 425.107910 163.438660 414.895721
v 424.426697 162.397064 413.317383
v 418.370636 162.197357 424.875763
v 418.880463 162.809189 423.713501
v 423.232117 172.924561 404.289490
v 424.386810 163.142380 417.840393
v 424.746674 163.034805 415.976135
v 424.689941 162.707748 414.156555
v 424.180389 162.604141 412.312622
v 412.492004 175.222351 399.139496
v 421.142883 162.719788 406.873138
v 421.215271 178.596619 400.601837
v 418.824188 163.404984 424.720978
v 422.497131 172.953735 402.132294
v 422.864136 163.335480 421.488861
v 424.033600 163.260971 418.737061
v 424.314453 163.360184 412.433075
v 421.760284 162.945618 410.116669
v 421.425262 185.506012 408.616852
v 431.916473 188.397064 405.247620
v 421.816681 187.951233 410.407410
v 418.568420 163.098083 425.699951
v 420.576416 184.158035 407.003693
v 422.108215 163.871582 422.444122
v 423.664795 162.917358 419.541168
v 424.880035 163.788040 413.200348
v 421.305756 163.401169 410.605011
v 421.561401 162.972595 409.680634
v 421.566101 162.922668 409.049622
v 421.457428 162.563812 407.902557
v 418.619202 163.724243 425.866913
v 419.058594 163.269775 423.649231
v 423.268707 163.299500 420.608368
v 424.299500 164.067673 418.947174
v 424.561188 164.166199 418.032898
v 424.433868 163.639236 417.706146
v 424.719086 163.439438 416.885315
v 425.288422 164.145493 415.788300
v 425.568695 164.710602 413.832031
v 421.227539 179.838028 404.916412
v 421.648071 164.197006 408.543854
v 431.551758 186.733185 406.114014
v 418.308838 163.654373 426.455383
v 422.871155 175.367188 409.874908
v 423.310944 163.947586 421.477844
v 424.400665 164.742157 418.669647
v 425.265778 163.786224 415.548279
v 421.247101 163.531952 410.170807
v 421.408539 163.326508 407.879578
v 421.839691 176.052856 403.605957
v 428.898071 183.387817 403.799500
v 423.333679 160.023773 416.273254
v 423.616730 164.176773 420.883026
v 424.052551 164.003159 419.699127
v 425.040375 164.964127 417.418976
v 425.030212 164.203430 416.602386
v 421.047272 163.559799 406.783752
v 421.376801 165.074402 406.636627
v 422.925049 172.618195 402.794891
v 418.563568 164.229248 425.831879
v 418.727722 164.052612 424.669464
v 418.535553 164.627289 424.722748
v 425.438873 164.967667 415.850647
v 421.292450 164.122620 410.122864
v 421.434814 163.966354 409.520477
v 408.418671 160.323547 412.160950
v 418.151733 164.684799 426.926788
v 418.271881 164.921402 426.161011
v 423.728394 165.029617 420.547272
v 424.106995 164.582947 419.625153
v 425.419647 165.117004 416.465759
v 425.675812 164.944916 415.250610
v 426.042664 165.692841 414.860504
v 421.870758 165.033829 407.897095
v 421.116394 178.026199 405.812012
v 421.337616 177.176483 401.274200
v 421.427887 178.186951 401.265076
v 423.039032 164.764084 421.923004
v 424.395416 165.485306 419.117950
v 424.762115 165.157013 418.291290
v 425.910614 165.320694 414.373077
v 421.538513 164.504913 410.709229
v 421.764160 165.358948 410.409943
v 421.360840 164.470703 410.405731
v 421.560730 164.726303 409.477264
v 422.082214 165.610428 408.252197
v 420.813660 179.863129 405.711670
v 421.141479 184.557709 408.174255
v 417.849365 166.997025 400.996246
v 423.667450 173.437958 412.720123
v 423.717712 172.930115 411.841492
v 420.262207 183.060944 407.020752
v 423.800598 172.257355 410.859406
v 423.357941 165.478592 421.392273
v 423.381256 173.733612 409.639740
v 421.543365 164.321869 407.395538
v 419.849243 182.062958 406.184357
v 423.750946 172.767807 408.340515
v 423.852997 173.214783 407.269043
v 422.826233 165.624146 422.080719
v 424.347839 165.701920 419.538116
v 425.257599 165.977570 417.507874
v 425.704102 165.865982 416.017334
v 422.089874 166.024475 407.559845
v 423.419067 174.295273 406.934021
v 423.611115 173.499008 406.364288
v 423.564148 172.872086 405.598480
v 423.398102 173.932632 405.819855
v 422.692902 187.729950 411.925934
v 423.084015 166.482162 422.027283
v 423.982361 165.984756 420.457703
v 424.260284 166.581924 419.876282
v 426.275269 166.317810 414.228607
v 421.490967 179.969849 404.146515
v 421.285858 181.554855 401.954407
v 421.883667 165.393112 408.963257
v 420.821655 165.449951 405.863251
v 420.714203 165.634720 404.647125
v 421.951508 185.963760 409.790558
v 422.340179 186.084625 413.353729
v 424.709808 166.148911 418.884796
v 425.660706 166.968765 416.536041
v 425.882874 166.665482 415.632904
v 422.266754 166.429123 410.210999
v 421.481598 165.993378 406.373291
v 421.234558 166.180099 404.359894
v 421.556030 178.614136 404.383362
v 408.406433 160.302460 410.304535
v 423.567017 166.467117 421.436279
v 424.371277 167.052429 420.050995
v 424.762939 166.715240 418.717499
v 425.414520 166.389481 416.812866
v 426.148529 166.494598 413.373932
v 420.886230 183.999542 407.985748
v 421.983368 166.435776 406.898804
v 421.719086 166.358826 405.573181
v 420.143005 181.689362 405.614563
v 421.124878 179.305359 400.964935
v 420.919678 178.767517 405.794800
v 423.818176 167.093353 421.090790
v 424.896149 167.224014 418.948669
v 425.214539 167.152527 417.829956
v 426.223236 166.924210 415.129303
v 421.671844 176.845016 403.698151
v 422.010712 165.898102 409.630890
v 422.275208 175.672363 417.709564
v 416.535095 166.699768 401.379211
v 426.097870 167.599945 415.765869
v 426.436981 167.188400 414.199707
v 426.479767 167.621338 413.185883
v 426.030060 167.301132 412.512817
v 421.514343 180.924393 403.449432
v 422.775909 167.279175 410.294739
v 422.674988 167.020447 409.015564
v 422.555328 167.125427 406.731903
v 421.280762 166.593445 403.735748
v 424.489746 188.857300 415.530640
v 421.713104 178.425842 402.116028
v 412.043396 175.562271 398.561401
v 424.819031 167.925949 419.393188
v 431.197479 185.155685 405.434875
v 422.957977 167.740082 408.485474
v 422.603882 166.954712 408.160828
v 422.689819 167.574234 407.728882
v 422.581177 166.973251 405.730011
v 421.529572 167.373276 402.739227
v 422.753204 167.884537 422.520630
v 423.933289 167.816910 420.693756
v 425.138824 167.818436 418.639221
v 425.566925 167.849915 417.264526
v 425.950623 168.025574 416.276031
v 426.608063 168.484680 413.766663
v 423.305695 167.485901 410.607178
v 422.749054 167.633621 409.641235
v 422.915039 167.688904 404.445953
v 422.306427 167.103119 404.357635
v 421.816284 185.394699 412.480499
v 423.220490 167.604156 421.896606
v 423.909607 168.383041 420.653290
v 424.353790 168.037750 419.907806
v 426.371552 168.593796 414.845367
v 426.475464 167.923401 414.598236
v 422.789307 167.680038 407.106964
v 423.202057 167.869217 405.768402
v 422.160828 167.530228 403.308350
v 421.438446 176.493912 401.938507
v 423.228821 174.568542 409.798676
v 424.498322 169.043488 419.747803
v 425.953949 168.718552 416.687164
v 426.293152 168.303894 412.550964
v 421.389282 184.503418 409.349152
v 423.224121 168.237640 404.236664
v 422.751038 168.198303 403.262177
v 421.954651 168.027313 402.341583
v 432.046906 187.436417 405.698578
v 421.806610 168.211014 423.460297
v 423.452606 168.869217 421.359863
v 426.114014 168.933395 416.050171
v 426.545898 168.379349 413.160522
v 422.967316 168.343674 409.742126
v 423.184021 168.598465 408.536407
v 423.173706 168.206650 407.167236
v 421.752136 179.055313 403.062317
v 422.193726 168.822723 422.994324
v 424.908325 168.952820 419.172272
v 425.107513 168.671097 418.661530
v 426.535553 169.298752 414.637512
v 426.561707 169.734421 414.108246
v 421.045959 180.279358 401.139343
v 422.325470 186.334961 411.104828
v 423.057739 168.515320 410.229401
v 423.401703 168.882919 407.612610
v 423.578369 168.683487 406.400665
v 422.895538 169.113724 422.181396
v 424.216492 169.756989 420.028809
v 425.263977 170.004196 418.056488
v 425.498962 168.853928 417.668243
v 425.622925 169.655121 417.638611
v 425.930511 169.624542 416.872345
v 423.252075 174.222290 410.764832
v 423.375153 169.372925 409.570129
v 423.624725 169.018967 405.341034
v 423.486267 173.859055 409.066589
v 426.290100 169.608307 415.546143
v 426.534088 169.403046 413.162903
v 426.287964 169.179840 412.318604
v 423.637726 169.104858 410.352936
v 423.486084 169.465225 408.443970
v 423.796570 169.527527 407.315491
v 423.906433 169.451157 406.346741
v 416.735535 175.336609 398.958435
v 411.032471 175.281479 401.529510
v 422.222900 187.038437 410.613831
v 415.638062 165.499741 403.109772
v 421.659027 169.459442 423.452362
v 423.763580 170.361725 420.775665
v 422.944000 173.121429 403.349365
v 423.612183 169.406555 404.638794
v 423.352356 169.092896 403.787476
v 421.063782 185.747147 407.984406
v 424.246216 170.667801 419.926239
v 424.738647 170.119644 419.098633
v 425.708160 170.469223 417.042755
v 426.230316 169.968201 412.366089
v 423.712402 170.128876 410.143494
v 423.633118 170.112183 409.683777
v 423.905304 170.317307 405.912842
v 423.635010 170.344543 404.893982
v 421.737091 178.003342 402.899445
v 422.582642 172.873825 420.352295
v 423.238922 188.049347 413.187317
v 426.339203 170.523407 414.822937
v 426.079163 170.959244 413.089172
v 423.865112 169.950058 407.132599
v 423.402374 170.196930 403.477936
v 422.302673 174.575333 403.061279
v 421.745544 170.322449 423.344574
v 422.575073 176.201019 406.181213
v 425.833649 170.879654 416.118591
v 420.431030 175.475815 400.772705
v 426.166809 171.033249 414.008087
v 426.390778 170.383179 413.565277
v 425.949554 170.843567 412.565918
v 423.847931 171.211990 407.656281
v 425.339569 160.020844 410.468750
v 425.053986 159.786957 410.981354
v 424.212524 159.763046 412.333527
v 423.662689 159.787964 414.131470
v 422.998535 159.831451 416.343506
v 422.379242 159.924240 418.654144
v 421.761871 160.041641 420.085785
v 424.779236 159.903458 409.076721
v 424.459259 159.781403 410.896973
v 421.968567 159.898804 418.565674
v 423.758545 159.798370 408.596039
v 423.543182 159.791840 412.717529
v 422.834381 159.844727 415.074158
v 422.272827 159.876434 416.925385
v 421.644928 159.957581 417.612244
v 423.256805 159.847656 411.950531
v 422.472717 159.937958 414.667297
v 421.228790 159.907089 419.145813
v 422.304932 160.241272 414.323608
v 421.604156 160.246262 416.786102
v 421.270538 160.347946 417.673981
v 423.270386 159.832687 410.364929
v 422.841095 160.249359 412.152100
v 420.707703 160.194687 418.820709
v 420.381714 160.014160 419.225769
v 420.941498 159.962326 420.011810
v 422.218414 160.201721 409.886322
v 421.255249 160.747391 416.720581
v 423.985718 159.789291 409.585571
v 421.715271 159.866837 408.998291
v 422.928162 160.184113 411.051941
v 422.269196 160.678528 413.291656
v 421.749756 160.723694 415.038086
v 420.857086 160.606674 418.068542
v 418.609222 159.948883 420.106903
v 422.551025 159.892899 407.729980
v 422.023712 159.790192 407.739380
v 422.364899 160.581055 410.620697
v 422.445984 160.746506 411.748718
v 421.164124 160.871429 415.495026
v 420.256134 160.698685 418.402161
v 418.812897 159.997482 418.428040
v 419.293243 159.932724 419.400116
v 418.666290 160.179153 421.028473
v 421.651215 160.818161 413.380585
v 420.474030 160.901001 416.898407
v 419.903290 160.870544 417.829651
v 419.555420 160.412323 418.535461
v 418.302643 160.034439 420.896362
v 421.911926 159.785736 408.222382
v 421.885132 160.793610 411.099152
v 421.971863 159.811462 406.932434
v 421.136383 160.782791 412.421326
v 419.048065 160.707352 417.762421
v 417.824463 159.912170 418.743073
v 417.007568 160.225647 422.582153
v 421.487061 159.771622 405.977173
v 419.737640 160.766693 413.111511
v 417.552551 159.944595 420.083649
v 416.772858 159.990448 420.992157
v 420.757172 160.300446 409.173340
v 419.568451 160.795242 414.153320
v 417.869934 160.135284 417.294189
v 417.290192 160.206406 419.580261
v 417.304749 160.313583 419.845398
v 417.045898 159.999786 421.512756
v 416.244263 160.228851 423.154572
v 421.443451 159.821030 404.411591
v 420.883728 159.778137 404.235748
v 420.713928 160.769363 409.491241
v 420.089569 160.843185 415.184357
v 417.305481 159.905685 417.559265
v 417.268707 160.271729 418.654633
v 415.743774 160.061676 422.591156
v 419.959717 159.765228 406.451447
v 419.709381 159.836731 408.729614
v 419.009155 160.854889 416.331635
v 416.940979 160.092468 417.970367
v 416.158752 160.253067 420.835052
v 415.615265 160.370972 423.733368
v 421.155792 159.833664 403.701233
v 417.455963 160.550476 416.614471
v 415.976013 159.890701 417.240356
v 416.450958 159.865067 417.651367
v 415.618683 159.975021 421.624695
v 414.552734 160.074921 422.128845
v 414.506927 166.094833 402.939606
v 419.631195 159.786682 407.691864
v 419.253479 160.704727 410.309143
v 419.207703 160.730316 410.523132
v 417.988922 160.718842 412.472046
v 414.309967 160.028992 421.231354
v 415.626923 161.061050 425.166870
v 419.778107 159.758087 405.247742
v 418.336334 159.792236 409.367035
v 417.387848 160.763351 414.671204
v 417.941223 160.795914 416.554291
v 416.751282 160.158142 416.634064
v 415.846100 160.304260 416.307556
v 415.095490 160.382309 420.984589
v 420.175385 159.934784 402.805695
v 420.015259 159.809174 403.168793
v 419.317657 159.766815 403.941711
v 418.760986 159.766022 407.454163
v 415.878448 160.700195 415.850952
v 414.382629 160.355118 423.161560
v 414.583984 160.567627 423.944733
v 418.159851 159.806366 407.663086
v 417.576508 159.853104 409.012207
v 415.510864 160.736176 414.638336
v 414.280487 160.227066 420.738495
v 414.171448 161.311844 425.432495
v 419.745911 160.316833 402.451447
v 419.197083 159.956238 402.584290
v 417.448425 160.678223 411.181580
v 416.737091 160.722931 413.361053
v 414.595917 160.034225 418.078033
v 412.808228 160.243759 420.988556
v 413.312286 161.182663 424.605011
v 417.972107 159.794785 406.498718
v 417.864868 160.175537 407.341309
v 415.044006 160.465637 416.214294
v 415.258087 160.026321 416.707703
v 414.573944 159.992889 417.025360
v 413.823273 159.941544 419.030365
v 413.765564 159.950745 419.233765
v 413.603668 159.994904 419.852722
v 413.749451 160.315414 422.361877
v 417.145050 160.330887 408.844879
v 416.161621 159.864731 410.525787
v 412.356384 160.100189 420.229828
v 411.963074 160.686554 421.172363
v 413.056641 160.726425 423.029663
v 413.152069 161.980377 426.147705
v 412.762939 166.387100 404.510620
v 418.202332 159.834930 403.308014
v 416.713165 159.831390 409.706818
v 415.822876 159.923050 410.587982
v 414.138397 160.327820 416.736023
v 412.276428 161.990738 425.265259
v 412.222626 175.110001 402.303619
v 416.924408 159.790176 405.102844
v 416.832062 159.782700 405.992157
v 416.127869 160.243958 409.433746
v 415.603149 160.144989 410.752106
v 415.877350 160.614166 411.243134
v 414.352386 160.695206 416.197113
v 412.219971 161.260437 423.227356
v 418.043610 159.961395 402.815552
v 416.480957 159.727631 405.788666
v 413.364014 160.489212 417.205811
v 413.401123 160.106583 417.648804
v 413.412811 160.015381 417.997040
v 412.527740 161.272247 424.035248
v 413.453430 160.811066 415.781464
v 413.165833 160.807327 416.929260
v 412.519501 160.443832 418.017975
v 411.797302 160.032806 418.778931
v 411.295776 160.476303 420.551910
v 412.307922 160.897644 422.009521
v 413.027405 175.428467 398.592194
v 414.775208 160.706421 412.869049
v 412.029541 160.475189 418.179779
v 411.641663 162.152802 424.619781
v 411.087006 175.841675 399.058289
v 412.293671 174.856903 401.321411
v 412.759491 165.913483 405.916107
v 416.450500 159.869217 404.223083
v 414.654022 160.126480 409.070892
v 412.892639 160.794342 413.242798
v 412.716827 175.000092 399.941193
v 413.928680 175.840042 398.284119
v 413.805420 166.811310 402.330261
v 411.745117 175.043304 400.320770
v 412.755310 174.655441 400.966522
v 414.369720 159.891251 405.197296
v 414.423279 160.151443 408.719086
v 414.679260 159.901596 409.352020
v 415.009796 160.638641 411.300110
v 412.355896 160.866501 417.577148
v 410.681763 160.036133 419.103027
v 410.665100 160.193771 419.841888
v 413.528351 166.275208 403.504272
v 411.514648 162.053543 424.063110
v 417.056824 167.406128 400.565186
v 412.295319 166.530182 405.269928
v 425.780579 182.759979 403.022919
v 411.559570 167.815948 404.215271
v 420.228088 165.273697 405.115356
v 415.161652 159.985001 403.869415
v 413.998077 159.799301 407.941772
v 411.443451 160.593521 417.889038
v 410.984161 160.043243 417.744781
v 411.956207 176.061859 398.059204
v 412.113434 167.951721 402.961639
v 419.829376 165.410294 404.037567
v 411.654480 160.967056 417.162262
v 410.105835 160.472275 420.002960
v 420.276123 165.724213 403.613739
v 419.029144 165.195938 403.977905
v 418.726196 164.465744 405.404541
v 413.853821 167.553055 401.388092
v 413.479462 159.934280 403.829987
v 413.402802 159.954468 406.871033
v 413.328125 160.745834 412.108582
v 409.805450 160.192673 419.200836
v 410.972778 175.475677 402.116302
v 426.921051 182.788284 403.416595
v 419.276489 165.680588 402.988007
v 417.069336 168.744064 399.646576
v 415.577271 176.243423 398.200165
v 415.688171 175.783981 398.688385
v 410.204407 175.716370 401.581146
v 411.935242 167.122116 405.088959
v 413.262115 174.497421 400.746490
v 418.188232 164.867126 404.532349
v 414.058594 160.070663 403.118622
v 412.513702 159.949554 404.549500
v 412.698486 159.959702 405.787354
v 412.317993 160.009918 409.168640
v 412.664032 160.704025 409.983887
v 411.208008 160.938629 415.054626
v 409.636414 160.101135 418.332550
v 410.022583 175.983368 400.836151
v 410.972015 175.781570 399.824585
v 414.675507 166.982849 401.534760
v 414.394165 168.333511 400.516571
v 413.185242 160.021439 403.135895
v 411.826782 159.934464 409.348907
v 409.637177 160.028610 416.864410
v 409.252960 160.308243 418.111603
v 412.100983 167.296555 403.962097
v 414.783264 175.967377 398.552948
v 417.866455 165.283737 403.024933
v 410.651123 176.363586 399.335999
v 412.754822 159.959183 407.794067
v 410.928223 160.971481 413.748047
v 409.388824 160.042709 415.273621
v 417.277313 164.962463 403.758423
v 417.066498 164.625931 404.937958
v 411.278961 160.899551 411.366547
v 410.975433 160.930099 412.370270
v 410.085876 160.028198 412.607117
v 409.165863 160.232330 416.479340
v 414.305359 175.467072 399.252533
v 413.556427 175.329086 399.082123
v 419.169037 166.401779 401.970551
v 418.274933 165.615936 402.554962
v 416.507782 164.832520 404.356140
v 411.570709 159.991074 406.650299
v 411.279480 159.999283 407.855164
v 410.354736 159.997238 410.654755
v 408.947754 160.311630 415.150513
v 413.447906 174.899002 400.218048
v 414.041046 165.698700 404.359558
v 412.134094 166.678024 405.857025
v 411.696136 167.252274 406.017670
v 417.040833 165.945618 402.074188
v 416.912842 165.308578 402.920868
v 410.849487 160.153687 408.090637
v 409.135315 160.067322 414.176270
v 412.843994 167.106186 402.938568
v 427.922302 183.050201 404.178772
v 415.078430 166.470245 402.061737
v 418.080139 166.377045 401.726593
v 411.983643 160.254776 403.026886
v 410.335938 160.250565 408.523315
v 408.782562 160.261169 413.864075
v 410.783203 176.479263 398.855011
v 414.749329 165.623688 403.705933
v 416.323822 165.265991 403.230682
v 415.233856 165.062683 404.808838
v 412.036255 160.064163 403.221130
v 411.116241 159.977646 405.286194
v 409.013214 160.037643 412.168671
v 408.660583 160.593796 413.454834
v 410.837189 175.374207 400.876831
v 419.157227 167.030930 401.438049
v 417.660309 165.942169 402.143768
v 415.946198 167.264679 400.893921
v 411.453186 160.003723 403.747253
v 410.723114 160.067108 405.043701
v 410.793396 160.107040 406.793335
v 409.835449 160.099411 409.082642
v 409.002716 160.082321 410.027985
v 408.777802 160.114929 412.690033
v 429.795746 184.250534 405.064178
v 426.190002 182.808716 404.407745
v 431.414978 185.842285 405.893707
v 426.244110 183.557098 405.056885
v 419.818909 182.612457 408.242035
v 423.668121 182.188904 404.270630
v 429.675934 183.783295 404.762390
v 422.947052 186.402222 415.303802
v 431.631042 185.860703 405.788177
v 421.687592 181.324051 403.091461
v 421.048798 181.140900 404.805878
v 423.982391 187.506912 415.228607
v 431.793884 186.219711 405.608398
v 421.220520 184.581924 411.532715
v 421.029816 185.001068 413.473145
v 428.914581 183.539200 404.676727
v 419.904327 182.407364 407.015564
v 420.635498 183.986572 410.814392
v 430.188934 184.080994 404.674072
v 424.446899 188.364243 415.392334
v 427.846436 182.996750 403.469116
v 425.010132 182.821259 404.721375
v 421.325806 181.748947 404.530670
v 419.701172 181.250748 406.358398
v 420.605042 183.476105 409.236420
v 427.066650 183.486877 404.845795
v 430.647644 184.734436 405.340790
v 421.772339 181.502350 403.953979
v 424.581360 182.276062 403.962830
v 427.915314 183.885773 404.957336
v 420.503937 184.441025 412.245575
v 422.004974 185.690338 414.139496
v 422.979828 181.874878 403.145721
v 420.536224 183.293259 408.207184
v 422.436218 182.455200 404.691589
v 422.117676 181.923401 404.481781
v 422.933289 181.847504 403.678528
v 419.242096 181.738770 406.863281
v 421.980072 185.482605 411.556976
v 422.401367 181.783875 404.100861
v 420.487274 180.614456 405.818176
v 425.681152 182.512314 403.865753
v 431.876373 187.069870 406.174805
v 423.055695 186.639984 414.629303
v 428.832458 183.309341 404.121124
v 416.277405 164.527588 405.559540
vn 0.6420 -0.1275 -0.7560
vn 0.1791 0.2378 -0.9546
vn -0.3360 0.9088 -0.2474
vn -0.4627 0.8209 0.3347
vn -0.5459 0.8264 -0.1378
vn -0.5270 0.6926 -0.4924
vn -0.1027 0.9849 -0.1391
vn -0.3490 0.5640 0.7484
vn 0.1200 -0.5044 -0.8551
vn 0.2777 -0.9015 0.3319
vn 0.0624 -0.2480 -0.9668
vn -0.4532 0.4256 0.7832
vn -0.0856 0.8306 -0.5503
vn -0.1094 0.9829 -0.1478
vn 0.1542 -0.5311 -0.8332
vn -0.4299 0.9027 0.0184
vn -0.4007 0.4977 0.7692
vn -0.4083 0.6164 0.6733
vn 0.7922 0.1525 -0.5909
vn -0.3162 0.8830 0.3467
vn -0.2499 0.7495 0.6130
vn -0.7424 0.6697 -0.0187
vn -0.4191 0.9050 0.0739
vn 0.9639 0.2505 -0.0902
vn -0.3281 0.9413 0.0791
vn -0.3482 0.8598 -0.3734
vn 0.1262 0.5111 -0.8502
vn 0.2252 0.9614 -0.1579
vn 0.5148 0.1471 -0.8446
vn 0.2152 -0.2188 -0.9517
vn -0.1514 -0.4229 -0.8934
vn 0.1159 0.9800 -0.1616
vn 0.1298 0.9771 -0.1688
vn 0.3326 0.9384 -0.0936
vn -0.3168 0.9414 -0.1155
vn 0.1055 0.9844 -0.1410
vn 0.9330 0.2299 -0.2769
vn 0.2176 0.2887 -0.9324
vn 0.2381 0.9623 -0.1311
vn -0.3423 0.7072 -0.6187
vn -0.6916 0.7171 0.0863
vn -0.3091 0.8054 0.5057
vn -0.0330 0.9855 -0.1666
vn 0.2413 0.2813 -0.9288
vn 0.0679 0.9937 -0.0894
vn 0.0117 0.9942 -0.1065
vn -0.4786 0.8505 0.2181
vn -0.2355 0.9328 -0.2728
vn -0.2171 0.8862 -0.4093
vn 0.1279 0.9902 -0.0553
vn -0.0017 -0.4862 -0.8739
vn -0.4499 0.6206 0.6422
vn -0.2502 0.6026 0.7578
vn -0.4665 0.4530 0.7598
vn 0.5335 0.4406 -0.7220
vn 0.1810 0.9807 0.0743
vn 0.5683 0.6998 0.4329
vn -0.5163 0.8554 0.0421
vn 0.1128 -0.5461 -0.8301
vn -0.3005 0.9037 -0.3049
vn -0.1947 0.7967 -0.5721
vn -0.4369 0.8962 -0.0776
vn 0.2481 -0.0088 -0.9687
vn -0.3407 0.8440 -0.4143
vn 0.1924 -0.7059 -0.6817
vn -0.5650 0.8140 -0.1349
vn -0.8234 0.3182 0.4699
vn -0.4930 0.7156 0.4948
vn -0.0025 -0.2701 -0.9628
vn -0.8571 -0.0428 -0.5134
vn -0.9052 0.2985 -0.3025
vn -0.8967 0.3172 -0.3086
vn -0.1772 0.9770 -0.1188
vn -0.4463 0.7742 -0.4488
vn -0.7936 0.5751 -0.1986
vn -0.1199 0.8314 0.5425
vn 0.1871 -0.6232 -0.7593
vn -0.3994 0.7620 0.5098
vn -0.9369 -0.2245 -0.2681
vn -0.6567 0.6326 -0.4106
vn -0.3227 0.9083 0.2662
vn -0.3421 0.8208 -0.4574
vn -0.8146 0.3666 -0.4495
vn 0.3228 0.4013 -0.8572
vn 0.8414 -0.5279 0.1158
vn 0.9840 0.0623 0.1669
vn -0.4561 0.8826 0.1142
vn -0.9180 -0.2322 -0.3216
vn -0.9926 0.1190 0.0232
vn -0.8433 0.5029 -0.1894
vn 0.2314 0.2851 0.9301
vn 0.1718 -0.1335 -0.9760
vn 0.1098 0.9662 -0.2333
vn -0.2505 0.6011 0.7589
vn 0.1908 -0.0390 -0.9809
vn 0.2780 0.0694 -0.9581
vn -0.4004 0.6185 0.6761
vn -0.0266 0.9993 0.0267
vn -0.8737 0.4648 -0.1437
vn -0.7381 0.6411 -0.2101
vn -0.7966 0.5913 -0.1255
vn -0.4654 0.2892 -0.8365
vn -0.3415 0.8549 -0.3906
vn -0.5680 0.7458 0.3482
vn -0.3155 0.9079 0.2759
vn 0.0837 0.9924 0.0905
vn -0.4720 0.8680 -0.1542
vn -0.8598 -0.1716 -0.4810
vn -0.9834 0.1361 0.1200
vn -0.8923 0.4498 -0.0383
vn 0.8956 0.3596 0.2619
vn -0.1572 -0.8454 0.5105
vn 0.2558 -0.3711 -0.8927
vn 0.2175 0.2415 -0.9457
vn 0.3872 0.1706 -0.9061
vn 0.3687 0.3114 -0.8758
vn 0.9542 -0.1431 0.2627
vn 0.9735 0.1836 -0.1365
vn -0.8841 -0.2270 -0.4084
vn -0.9427 0.2817 0.1788
vn -0.6391 0.7485 -0.1770
vn 0.6280 0.0839 -0.7736
vn 0.3087 0.0331 -0.9506
vn 0.8733 0.1589 0.4606
vn -0.9909 0.0719 -0.1137
vn -0.9731 0.2290 -0.0237
vn -0.8714 0.4854 0.0711
vn -0.6977 0.7009 -0.1481
vn -0.8518 -0.4568 -0.2564
vn 0.4032 0.1120 0.9082
vn -0.2342 0.9601 -0.1529
vn 0.3776 -0.1095 -0.9195
vn 0.9039 -0.4170 -0.0955
vn -0.8251 0.5648 -0.0146
vn 0.0872 0.3285 0.9405
vn 0.5878 -0.5391 0.6033
vn 0.9233 -0.3836 -0.0177
vn -0.3284 0.9101 -0.2526
vn 0.0941 -0.6937 0.7141
vn -0.9944 -0.1036 -0.0201
vn -0.8946 0.4385 0.0856
vn 0.5575 -0.4987 0.6637
vn -0.0462 0.3973 0.9165
vn 0.6110 -0.2790 0.7408
vn 0.5042 0.4389 0.7438
vn -0.0077 0.9744 -0.2245
vn -0.1342 0.9887 -0.0672
vn -0.8213 0.2791 -0.4976
vn -0.9065 -0.4184 -0.0568
vn -0.9943 -0.1046 -0.0180
vn -0.9310 -0.3561 -0.0796
vn -0.7926 0.5960 0.1292
vn -0.0193 -0.8574 0.5142
vn 0.4087 -0.2512 0.8774
vn 0.0784 0.0151 0.9968
vn 0.5651 0.6217 -0.5424
vn 0.5046 0.1968 -0.8406
vn 0.2556 -0.6550 -0.7111
vn 0.1829 -0.6332 -0.7521
vn -0.8507 0.3011 -0.4308
vn -0.8584 0.3635 -0.3620
vn -0.9460 0.1518 -0.2864
vn -0.9579 0.2866 0.0181
vn -0.8440 0.5250 0.1098
vn -0.9470 -0.2929 0.1320
vn -0.8956 0.4239 0.1349
vn -0.0837 0.1579 0.9839
vn 0.0387 0.3422 -0.9388
vn 0.7664 -0.1260 -0.6299
vn 0.3824 0.9217 0.0645
vn -0.4633 0.8848 -0.0491
vn -0.8209 0.3834 -0.4233
vn 0.0206 -0.3776 0.9258
vn -0.6232 -0.7687 -0.1438
vn -0.7599 0.6470 -0.0628
vn -0.3279 -0.4092 0.8515
vn 0.0952 0.0131 -0.9954
vn 0.6830 -0.7111 0.1665
vn -0.1200 0.2908 0.9492
vn 0.0915 0.0094 -0.9958
vn -0.1580 0.1325 0.9785
vn 0.0423 -0.6916 -0.7211
vn -0.3140 0.8728 -0.3736
vn 0.2261 0.9529 -0.2023
vn 0.0574 -0.4540 -0.8891
vn 0.2003 0.9585 0.2029
vn -0.8487 0.3373 -0.4074
vn -0.0766 -0.9970 0.0132
vn -0.9061 -0.4165 0.0747
vn -0.5437 -0.8378 -0.0495
vn -0.6304 -0.7661 -0.1256
vn -0.9988 -0.0170 0.0469
vn 0.0418 0.1295 0.9907
vn 0.4038 -0.2941 0.8663
vn 0.1781 -0.4302 0.8850
vn 0.4159 -0.5285 0.7401
vn -0.0653 0.9970 -0.0426
vn -0.8100 0.1785 -0.5587
vn -0.9919 0.1085 -0.0657
vn -0.6861 0.7073 0.1704
vn -0.9311 0.3524 0.0942
vn -0.9938 -0.0792 0.0782
vn -0.7940 0.3782 0.4759
vn -0.0085 0.1076 0.9942
vn 0.2598 -0.0718 0.9630
vn -0.0625 0.9479 -0.3124
vn 0.1026 0.9676 -0.2309
vn -0.4178 0.9080 -0.0312
vn 0.2371 0.9641 -0.1194
vn 0.0313 0.9002 0.4344
vn -0.8091 -0.3598 -0.4646
vn -0.8338 -0.2066 -0.5120
vn -0.9447 -0.0158 -0.3276
vn -0.8146 0.2883 -0.5033
vn -0.9290 0.1480 -0.3392
vn -0.9189 0.2807 -0.2771
vn -0.8752 0.4207 0.2388
vn -0.8418 0.5205 0.1430
vn 0.2322 -0.0103 0.9726
vn -0.8110 -0.5270 -0.2539
vn -0.7109 0.6209 -0.3302
vn -0.9584 -0.2436 0.1485
vn -0.9981 -0.0328 -0.0530
vn -0.8412 0.4324 0.3245
vn -0.4130 0.9105 -0.0199
vn -0.9736 -0.0356 -0.2256
vn -0.8804 -0.4504 0.1483
vn -0.6800 -0.2606 0.6854
vn -0.3725 -0.3610 -0.8549
vn -0.2883 0.4684 0.8352
vn 0.2527 0.0328 -0.9670
vn 0.8804 -0.2909 -0.3746
vn -0.9181 -0.3389 -0.2057
vn -0.9052 -0.0252 -0.4243
vn -0.9176 0.2795 -0.2827
vn -0.9285 -0.2534 0.2713
vn 0.8134 -0.5142 -0.2721
vn -0.8712 0.2058 -0.4457
vn -0.2715 -0.4738 0.8377
vn -0.4472 0.5058 0.7377
vn -0.9029 0.2639 -0.3393
vn -0.8425 0.3540 -0.4062
vn -0.9071 0.3471 -0.2381
vn -0.8644 0.4360 -0.2504
vn -0.9309 -0.1559 -0.3303
vn -0.8359 -0.5384 0.1065
vn 0.7021 0.1968 0.6843
vn -0.1688 0.0228 -0.9854
vn 0.0986 0.4644 -0.8801
vn -0.4159 0.8561 -0.3067
vn 0.6059 -0.7350 0.3045
vn 0.4018 -0.8781 -0.2599
vn -0.9347 -0.1662 -0.3142
vn -0.9157 -0.3337 -0.2239
vn -0.9733 -0.1482 -0.1751
vn -0.9726 -0.1138 -0.2026
vn -0.9841 -0.0626 -0.1662
vn -0.8979 0.3208 -0.3014
vn -0.6626 0.7206 0.2044
vn -0.6870 0.6564 -0.3117
vn 0.0601 0.0480 0.9970
vn -0.8551 0.5126 -0.0776
vn -0.9300 0.3560 0.0916
vn -0.3436 0.8668 -0.3614
vn 0.5546 -0.1571 -0.8172
vn -0.9598 -0.2572 -0.1128
vn -0.9762 -0.1851 -0.1132
vn -0.9323 0.2699 -0.2409
vn -0.9624 0.2700 -0.0288
vn -0.9001 0.4239 -0.1008
vn -0.8786 -0.1476 0.4541
vn -0.9796 0.1559 -0.1264
vn 0.7875 -0.2733 -0.5525
vn -0.9249 0.2977 -0.2367
vn -0.7693 0.5919 -0.2407
vn 0.8401 0.3159 -0.4410
vn -0.9893 -0.1460 0.0031
vn -0.7396 -0.5967 0.3114
vn -0.6188 -0.2219 -0.7535
vn -0.2907 0.8839 0.3665
vn -0.4288 0.7253 0.5386
vn 0.8766 0.4367 -0.2024
vn -0.8907 -0.4194 -0.1756
vn -0.9435 0.3282 -0.0459
vn -0.9136 0.3821 -0.1388
vn -0.8482 0.5208 -0.0966
vn -0.9911 -0.1159 -0.0654
vn -0.9823 0.1477 0.1151
vn -0.0193 -0.1765 0.9841
vn -0.7232 0.6901 0.0270
vn -0.9162 -0.2941 -0.2721
vn -0.4533 0.8559 -0.2489
vn 0.5507 -0.8298 -0.0901
vn 0.9886 0.0572 0.1396
vn -0.8998 -0.1895 -0.3930
vn -0.8982 -0.0575 -0.4359
vn -0.9424 0.3317 -0.0429
vn -0.8501 0.4594 -0.2575
vn -0.9628 -0.1865 -0.1954
vn -0.9824 0.1636 -0.0906
vn -0.2517 0.0221 0.9676
vn -0.9472 -0.1491 -0.2839
vn -0.8180 0.5622 -0.1217
vn -0.6081 0.7647 0.2132
vn 0.9399 0.0713 0.3338
vn 0.2735 -0.9403 0.2028
vn -0.8089 -0.5774 -0.1108
vn -0.9009 -0.4027 -0.1619
vn -0.9169 -0.3395 -0.2100
vn -0.9248 0.0309 -0.3791
vn -0.9344 -0.0643 -0.3503
vn -0.9919 -0.1266 0.0088
vn -0.9961 -0.0840 -0.0285
vn -0.9680 0.2166 -0.1265
vn -0.9360 0.3382 -0.0975
vn -0.8913 0.4528 0.0245
vn -0.8490 -0.5148 -0.1192
vn -0.9130 0.2989 -0.2775
vn -0.9745 0.2204 0.0418
vn -0.8371 0.5109 -0.1956
vn -0.0825 -0.8977 0.4328
vn -0.4007 0.8576 -0.3225
vn 0.9337 0.2683 -0.2370
vn -0.9060 -0.4186 -0.0625
vn -0.9921 -0.1253 0.0045
vn -0.8994 0.3713 0.2307
vn -0.8435 -0.3524 -0.4054
vn -0.9427 0.2767 0.1865
vn -0.8278 0.5610 -0.0004
vn -0.7310 0.5695 -0.3760
vn -0.9679 0.2487 0.0364
vn -0.9403 0.3392 -0.0286
vn -0.6767 0.7361 0.0157
vn 0.0821 -0.6560 0.7502
vn -0.8049 0.5345 0.2576
vn 0.4478 0.7408 -0.5007
vn -0.4548 0.4696 0.7567
vn -0.8139 -0.3962 -0.4251
vn -0.6558 -0.0235 -0.7546
vn -0.9865 -0.1640 0.0002
vn -0.9875 -0.1575 0.0011
vn -0.9723 0.1441 -0.1839
vn -0.9790 0.1442 -0.1438
vn -0.9676 0.2174 -0.1282
vn -0.9600 0.2769 -0.0407
vn -0.9390 0.3413 -0.0414
vn -0.7734 0.6244 -0.1097
vn -0.8056 0.5925 0.0050
vn -0.8331 0.5397 -0.1208
vn -0.9783 -0.1119 -0.1743
vn -0.9819 -0.1785 -0.0640
vn -0.8585 0.4849 0.1671
vn -0.6475 -0.7332 -0.2080
vn -0.9748 0.2195 0.0406
vn -0.2928 0.5136 0.8065
vn -0.9140 -0.3112 -0.2602
vn -0.8953 0.4451 0.0159
vn -0.9100 0.4143 -0.0153
vn -0.8379 0.5414 -0.0691
vn -0.9988 -0.0454 -0.0208
vn -0.6218 0.7681 -0.1528
vn -0.9272 0.3742 0.0142
vn -0.6236 0.7806 -0.0423
vn -0.9621 -0.2034 -0.1819
vn -0.9219 -0.3849 0.0434
vn -0.9718 -0.2238 -0.0741
vn -0.9619 0.1490 -0.2292
vn -0.9868 0.1328 -0.0928
vn -0.9178 0.3953 0.0367
vn -0.8691 0.4915 -0.0554
vn 0.2389 -0.3499 0.9058
vn -0.9728 0.2140 0.0885
vn -0.9623 0.2721 -0.0033
vn -0.2318 0.0524 0.9714
vn -0.7402 0.6391 0.2090
vn -0.5066 0.1352 0.8515
vn 0.2255 -0.9282 0.2959
vn -0.9901 0.0548 -0.1295
vn -0.9484 0.3019 -0.0964
vn -0.9108 0.4128 -0.0070
vn -0.9264 0.3759 -0.0217
vn -0.9260 0.1626 -0.3407
vn -0.9583 0.0727 -0.2765
vn -0.9992 0.0407 0.0065
vn -0.9083 -0.3159 0.2743
vn -0.8980 0.3755 -0.2293
vn -0.3999 0.8699 -0.2888
vn 0.0791 0.9942 -0.0732
vn 0.6588 -0.7095 0.2503
vn 0.3941 -0.1769 -0.9019
vn -0.9268 0.2697 -0.2613
vn -0.9111 0.3920 -0.1273
vn -0.8550 0.5183 0.0189
vn -0.9012 0.4128 -0.1322
vn -0.6892 -0.7132 -0.1278
vn -0.8582 -0.5081 -0.0724
vn -0.8726 0.4880 -0.0194
vn -0.8959 -0.4160 -0.1561
vn -0.6895 0.6577 -0.3033
vn -0.9047 0.3812 0.1903
vn -0.6114 0.7607 -0.2178
vn -0.3770 0.4348 -0.8178
vn 0.1760 0.9809 0.0825
vn -0.8890 -0.4552 -0.0492
vn -0.9741 -0.2261 -0.0057
vn -0.9809 0.1692 0.0960
vn -0.9774 0.0539 -0.2046
vn -0.8829 0.3025 -0.3590
vn -0.7765 0.6155 -0.1351
vn 0.2143 -0.8271 0.5196
vn -0.8072 0.5867 0.0643
vn -0.7092 0.5287 -0.4665
vn -0.8862 0.1126 -0.4495
vn -0.0034 0.9906 -0.1364
vn -0.9784 -0.1623 0.1277
vn -0.9573 -0.2576 0.1311
vn -0.9748 -0.0091 0.2230
vn -0.9821 0.0381 0.1845
vn 0.1671 0.2445 -0.9551
vn -0.6529 -0.7055 0.2757
vn -0.7323 0.6382 -0.2377
vn -0.7306 0.6796 0.0659
vn -0.4266 0.8755 -0.2271
vn -0.9477 -0.2808 0.1517
vn -0.9656 0.0695 0.2505
vn -0.9620 0.1581 0.2228
vn -0.9614 0.1597 0.2239
vn -0.9208 0.2844 0.2669
vn -0.8403 0.3526 -0.4118
vn -0.7821 0.5370 0.3160
vn 0.7309 0.4893 0.4758
vn -0.9779 0.1611 0.1333
vn -0.8958 0.4183 0.1504
vn 0.4996 -0.8661 -0.0171
vn -0.8570 0.5091 0.0796
vn -0.8929 0.4364 0.1107
vn 0.7029 0.2153 -0.6779
vn -0.7962 0.5890 -0.1383
vn -0.7620 0.6468 0.0319
vn -0.9083 0.2951 -0.2965
vn -0.4100 0.8528 0.3235
vn 0.7952 -0.1601 0.5849
vn -0.9952 -0.0541 0.0813
vn -0.9379 -0.2010 0.2827
vn -0.9894 0.1236 -0.0763
vn -0.9066 0.3659 -0.2102
vn -0.8723 0.4733 -0.1225
vn -0.8576 0.4893 -0.1588
vn -0.6579 0.7345 -0.1667
vn 0.6867 -0.7236 -0.0702
vn 0.4677 -0.8291 0.3063
vn -0.9072 0.0829 0.4125
vn -0.8684 0.4753 0.1412
vn 0.4934 0.2974 -0.8174
vn -0.9355 -0.0575 -0.3485
vn -0.9765 0.2116 -0.0405
vn -0.7561 0.6513 -0.0645
vn -0.7912 0.6066 -0.0782
vn -0.6989 0.7040 -0.1259
vn -0.4852 -0.2248 0.8450
vn 0.0809 -0.7749 0.6269
vn -0.9198 0.3682 -0.1358
vn -0.9350 -0.3432 -0.0897
vn 0.5171 -0.0469 -0.8546
vn 0.0401 0.9987 0.0310
vn -0.1211 0.9913 -0.0523
vn -0.8433 -0.4171 -0.3388
vn -0.9762 -0.1371 -0.1680
vn -0.9678 0.1051 -0.2286
vn -0.9705 -0.2391 0.0312
vn -0.8677 0.4956 -0.0388
vn -0.8170 0.5764 0.0156
vn 0.2404 -0.8475 0.4733
vn -0.9978 0.0548 0.0367
vn -0.9370 0.3423 0.0703
vn -0.8946 0.4358 0.0988
vn -0.7531 0.6255 -0.2038
vn -0.2249 0.0960 -0.9696
vn -0.8766 -0.1418 -0.4598
vn -0.9927 -0.0111 0.1198
vn -0.8941 -0.2273 0.3859
vn -0.9590 0.0546 0.2781
vn -0.9297 0.1835 0.3195
vn -0.9587 0.2138 0.1878
vn -0.9087 0.2690 0.3191
vn 0.1766 0.0394 -0.9835
vn -0.1149 -0.3534 0.9284
vn -0.9857 0.0782 0.1493
vn -0.5361 0.8208 -0.1970
vn -0.9836 -0.0097 -0.1799
vn -0.8415 0.5194 0.1487
vn -0.9686 -0.2345 -0.0828
vn -0.9414 -0.1476 -0.3032
vn -0.9860 -0.1307 -0.1035
vn -0.9777 0.0446 0.2054
vn -0.9930 0.0172 0.1166
vn -0.9842 0.0938 0.1499
vn -0.1733 -0.0592 0.9831
vn -0.0534 0.8537 -0.5180
vn -0.9764 0.1129 -0.1842
vn -0.8682 0.4556 -0.1965
vn -0.8958 0.4421 -0.0447
vn -0.9444 0.3209 -0.0715
vn -0.9753 -0.1311 -0.1778
vn -0.9876 -0.0768 -0.1371
vn -0.8879 -0.0168 -0.4598
vn -0.9170 0.0485 -0.3959
vn -0.9032 0.0763 -0.4224
vn -0.9647 0.2634 0.0066
vn -0.0544 0.1365 0.9892
vn -0.9503 -0.1052 -0.2931
vn -0.7669 0.5871 -0.2592
vn 0.2130 -0.5587 0.8016
vn -0.2266 -0.8367 0.4986
vn -0.9576 0.2491 -0.1449
vn -0.9860 -0.1651 0.0225
vn -0.9782 0.0971 -0.1833
vn -0.9135 -0.0927 -0.3962
vn -0.9150 0.0842 -0.3946
vn -0.9030 0.3655 -0.2259
vn -0.8916 0.3655 0.2672
vn -0.9252 0.2756 0.2611
vn -0.8148 0.5797 -0.0033
vn -0.8098 0.5863 0.0200
vn -0.6795 0.7226 -0.1269
vn 0.0260 0.9002 -0.4347
vn -0.8825 -0.4634 -0.0803
vn -0.9548 0.2101 0.2104
vn -0.7463 0.6427 -0.1732
vn -0.7388 0.6679 -0.0900
vn 0.1771 0.0856 -0.9805
vn -0.9385 0.2309 0.2567
vn -0.9799 -0.1191 -0.1600
vn -0.9918 -0.0228 -0.1259
vn 0.1477 0.0010 0.9890
vn -0.9512 0.1911 0.2423
vn -0.9948 -0.0994 0.0233
vn -0.9904 -0.1062 -0.0884
vn -0.9933 -0.0889 -0.0735
vn -0.9772 0.0530 -0.2057
vn -0.9850 0.1067 -0.1358
vn -0.9535 -0.2106 -0.2155
vn -0.8790 0.1220 -0.4609
vn -0.8886 0.3007 -0.3464
vn -0.8504 0.4858 -0.2018
vn -0.8796 0.4512 -0.1509
vn -0.8501 0.5097 -0.1325
vn -0.7956 0.6059 -0.0046
vn -0.9555 -0.2556 0.1474
vn -0.1960 0.3735 0.9067
vn 0.0624 -0.7539 0.6540
vn 0.3584 0.4428 -0.8219
vn -0.8953 0.4237 0.1377
vn -0.9640 -0.0651 0.2578
vn -0.9645 -0.2176 0.1498
vn -0.9674 -0.1958 0.1607
vn -0.9820 -0.1887 -0.0026
vn -0.9689 -0.1867 0.1623
vn -0.7970 0.5149 -0.3157
vn -0.8336 0.5523 -0.0127
vn -0.9962 0.0434 -0.0754
vn -0.9684 0.1685 0.1837
vn -0.9861 -0.1353 0.0969
vn -0.6963 -0.2828 0.6597
vn -0.9307 0.2658 -0.2512
vn -0.9874 0.0668 0.1437
vn -0.9976 -0.0635 0.0266
vn -0.9874 -0.0760 0.1385
vn -0.9820 0.1027 0.1584
vn -0.9501 -0.2042 -0.2358
vn -0.8200 0.4711 -0.3251
vn -0.8176 0.5721 -0.0651
vn -0.9729 -0.1572 -0.1697
vn -0.8245 -0.5463 0.1472
vn -0.8696 0.4932 0.0242
vn -0.7334 0.4196 0.5349
vn -0.8984 -0.0720 -0.4333
vn -0.6714 -0.3049 0.6755
vn -0.1566 0.7694 0.6193
vn -0.9677 -0.2073 0.1435
vn -0.9424 -0.1746 0.2852
vn -0.9544 -0.0809 0.2873
vn -0.9120 -0.2444 0.3294
vn -0.9846 -0.0616 0.1633
vn -0.8688 -0.4342 -0.2382
vn -0.7412 0.6647 -0.0941
vn -0.9463 0.3061 -0.1040
vn -0.9181 -0.1791 0.3536
vn -0.9681 -0.1726 -0.1818
vn -0.8172 0.4918 -0.3005
vn -0.8137 0.5656 -0.1340
vn -0.7789 0.6271 -0.0060
vn -0.6091 0.7825 0.1293
vn -0.9977 0.0620 0.0270
vn -0.8698 0.4760 -0.1299
vn 0.2527 -0.9067 0.3377
vn -0.7386 0.6652 0.1095
vn 0.1527 -0.4946 -0.8556
vn -0.2267 0.9715 -0.0691
vn -0.2557 0.9626 -0.0896
vn -0.9722 0.0671 0.2244
vn -0.9320 -0.1938 0.3064
vn -0.9456 -0.0993 0.3098
vn -0.9936 -0.0454 0.1038
vn -0.9759 -0.1408 -0.1667
vn -0.9523 0.1794 -0.2469
vn -0.8858 0.3007 -0.3534
vn 0.4078 -0.4056 -0.8180
vn 0.2934 0.2326 -0.9273
vn -0.9368 -0.1779 0.3013
vn -0.9772 -0.1038 -0.1852
vn -0.9549 -0.1702 -0.2431
vn -0.9544 -0.0496 -0.2944
vn -0.8679 0.4147 -0.2733
vn -0.8459 0.4527 -0.2820
vn -0.8663 0.4985 0.0315
vn -0.9688 0.2469 -0.0233
vn 0.2697 -0.5800 0.7687
vn 0.2317 -0.2407 -0.9426
vn -0.9573 -0.1623 0.2394
vn -0.9502 -0.2268 0.2136
vn -0.9812 -0.1123 0.1572
vn -0.9295 -0.3065 -0.2052
vn -0.9810 -0.1325 -0.1418
vn -0.8253 -0.2584 -0.5021
vn -0.9745 -0.0826 -0.2087
vn -0.7546 -0.4161 -0.5074
vn -0.9695 -0.1890 -0.1562
vn -0.9486 0.2937 0.1179
vn -0.8341 0.4864 -0.2602
vn -0.7739 0.6079 -0.1777
vn -0.1762 0.1412 0.9742
vn -0.8658 -0.4118 0.2843
vn -0.9018 -0.1043 0.4193
vn -0.9903 0.0489 -0.1302
vn -0.8317 0.1169 0.5428
vn -0.3354 -0.0809 -0.9386
vn -0.9767 -0.1505 -0.1532
vn 0.3177 0.1923 0.9285
vn -0.9496 0.2701 0.1593
vn -0.6123 0.7748 -0.1573
vn -0.9339 0.3560 -0.0339
vn -0.9120 0.4004 -0.0887
vn 0.5140 0.2039 -0.8332
vn 0.2083 -0.7134 -0.6691
vn -0.0877 0.9846 0.1515
vn -0.9868 -0.1616 0.0072
vn -0.9840 -0.1040 -0.1446
vn -0.9787 -0.2045 -0.0196
vn 0.1509 0.8962 0.4172
vn -0.1153 0.9418 -0.3158
vn -0.9646 0.2197 0.1462
vn 0.2235 0.4857 0.8451
vn -0.6671 0.7399 0.0867
vn -0.9952 -0.0940 0.0290
vn -0.9460 0.2823 -0.1592
vn 0.8365 -0.4830 -0.2590
vn -0.2716 0.8738 -0.4033
vn -0.1921 0.0756 0.9785
vn 0.1349 -0.6548 0.7437
vn -0.3884 0.7784 -0.4933
vn -0.8187 -0.2564 -0.5138
vn -0.7990 -0.2774 -0.5335
vn -0.9173 0.2115 -0.3373
vn -0.8350 0.4917 -0.2468
vn -0.7832 0.5160 -0.3470
vn -0.7338 0.6121 -0.2948
vn 0.6960 0.7004 -0.1583
vn -0.9937 -0.1113 0.0133
vn 0.9893 0.0696 0.1285
vn -0.7957 0.5842 0.1599
vn -0.8960 -0.4421 -0.0409
vn 0.0443 -0.3815 0.9233
vn -0.6193 -0.0683 -0.7822
vn -0.3895 -0.2147 -0.8956
vn -0.0575 -0.1773 -0.9825
vn -0.6193 0.7805 -0.0858
vn -0.7751 -0.0870 0.6259
vn -0.9628 -0.1497 -0.2248
vn -0.9584 0.2785 -0.0620
vn -0.7667 0.5138 -0.3850
vn -0.7104 0.6641 -0.2332
vn -0.6393 0.7401 -0.2087
vn -0.9404 0.3117 0.1360
vn -0.9782 0.1736 0.1139
vn -0.9648 0.0588 -0.2563
vn -0.9449 0.3070 -0.1135
vn -0.9906 0.1338 0.0302
vn -0.4105 0.8841 -0.2235
vn 0.8743 -0.4781 -0.0840
vn 0.8723 -0.4768 -0.1081
vn -0.6566 0.7151 -0.2399
vn -0.4561 0.8897 -0.0211
vn -0.0253 0.9436 0.3302
vn -0.9570 0.2432 -0.1583
vn -0.9607 0.0055 -0.2774
vn -0.9174 0.3328 -0.2183
vn -0.6865 0.5921 -0.4221
vn -0.9301 0.3095 0.1979
vn -0.9953 0.0508 0.0819
vn -0.7810 0.6246 -0.0071
vn -0.9984 0.0146 0.0546
vn -0.9821 -0.0643 -0.1772
vn -0.9834 0.1524 0.0985
vn -0.7372 0.5324 -0.4160
vn -0.3761 0.9065 -0.1917
vn -0.5016 0.8381 -0.2145
vn -0.3469 0.8442 0.4086
vn -0.8147 0.4151 0.4049
vn -0.8772 0.3179 -0.3599
vn 0.1175 0.0967 0.9883
vn 0.4645 -0.8603 0.2102
vn -0.6613 -0.2700 0.6998
vn -0.7716 0.3720 0.5160
vn -0.6226 0.7579 -0.1947
vn -0.7003 0.5758 -0.4219
vn -0.8612 0.4460 -0.2438
vn -0.6223 0.7429 -0.2465
vn -0.4450 0.8733 -0.1984
vn -0.9330 0.3338 -0.1346
vn 0.0436 0.9689 0.2436
vn 0.3103 0.0161 -0.9505
vn 0.2171 0.2613 -0.9405
vn -0.5044 0.8400 0.1999
vn -0.5756 0.2934 0.7633
vn -0.9416 0.2395 -0.2367
vn -0.9720 -0.2075 0.1107
vn -0.9629 0.2652 -0.0497
vn -0.9781 0.0106 0.2078
vn -0.5144 0.7468 0.4215
vn -0.0975 -0.1490 0.9840
vn -0.5768 0.8155 -0.0477
vn 0.3247 0.1238 -0.9377
vn -0.8534 0.4351 -0.2869
vn -0.7691 0.4983 -0.4002
vn 0.5010 0.1570 0.8511
vn -0.8694 0.4589 -0.1830
vn -0.7915 0.2711 0.5478
vn -0.8712 0.4811 0.0975
vn 0.4914 0.2451 0.8357
vn -0.5492 0.5612 -0.6192
vn -0.5655 -0.1576 -0.8096
vn 0.1385 0.9547 0.2634
vn 0.0153 0.9654 0.2604
vn 0.8334 -0.4707 -0.2895
vn -0.3458 0.7551 0.5570
vn -0.6582 0.6490 0.3814
vn -0.9615 0.2556 -0.1006
vn -0.9888 -0.0821 -0.1245
vn -0.1709 -0.3137 0.9340
vn -0.6766 0.7271 0.1161
vn -0.4539 0.8868 0.0867
vn -0.3276 0.8191 -0.4710
vn 0.0841 0.4865 -0.8696
vn -0.6171 0.7852 -0.0509
vn 0.1399 0.9011 0.4103
vn 0.1688 0.9490 -0.2664
vn 0.1786 -0.8940 0.4109
vn -0.9545 0.2836 -0.0919
vn -0.8993 0.4105 -0.1511
vn -0.6392 0.6212 -0.4533
vn -0.6528 0.6184 -0.4376
vn 0.8993 0.3174 -0.3009
vn -0.7796 0.6262 -0.0074
vn -0.9862 -0.1334 0.0982
vn -0.9906 0.0757 0.1141
vn -0.7085 0.6825 0.1794
vn -0.7308 0.6638 0.1588
vn -0.7145 0.6854 -0.1405
vn -0.9140 0.3656 -0.1760
vn -0.7126 -0.0975 -0.6948
vn -0.0686 0.9609 -0.2681
vn -0.1106 0.9810 0.1596
vn 0.3739 -0.9149 0.1524
vn -0.8364 -0.1137 -0.5361
vn -0.7770 0.5931 -0.2113
vn -0.8737 0.4640 -0.1463
vn -0.9629 -0.0783 -0.2582
vn -0.8721 0.4650 0.1525
vn -0.0992 0.9159 0.3889
vn -0.8898 0.2810 -0.3597
vn -0.5436 0.8389 0.0285
vn -0.9634 0.2612 -0.0605
vn -0.8119 0.5096 -0.2849
vn -0.6988 0.6389 -0.3217
vn 0.6962 -0.0742 0.7140
vn -0.8207 0.5648 -0.0863
vn -0.9701 -0.1695 0.1738
vn 0.0043 0.8690 -0.4949
vn -0.6962 -0.2751 -0.6630
vn -0.1899 0.9805 0.0508
vn -0.2759 0.9599 0.0498
vn -0.9112 -0.2306 -0.3413
vn -0.9270 -0.2234 -0.3013
vn -0.9690 0.1679 -0.1815
vn -0.0068 0.9148 0.4037
vn 0.2544 0.0112 0.9670
vn -0.7481 0.6529 0.1189
vn -0.9944 0.0033 0.1058
vn -0.9913 0.0837 0.1014
vn -0.5873 -0.3238 -0.7418
vn -0.9005 -0.2507 -0.3552
vn -0.8917 0.2699 -0.3633
vn -0.7781 0.4212 -0.4660
vn -0.3135 0.9268 0.2068
vn -0.2067 -0.9776 -0.0402
vn -0.9813 0.1518 -0.1186
vn -0.9013 0.3174 -0.2948
vn -0.7063 0.5520 -0.4432
vn -0.5416 0.7731 -0.3302
vn -0.8111 -0.5798 -0.0771
vn -0.9675 0.0548 -0.2470
vn -0.9926 0.1122 0.0454
vn -0.9984 -0.0505 0.0254
vn -0.7752 -0.4416 -0.4517
vn -0.7042 0.7045 0.0884
vn -0.7481 -0.2131 -0.6284
vn -0.9152 -0.2823 -0.2876
vn -0.9006 -0.2472 -0.3574
vn -0.9285 -0.2287 -0.2926
vn -0.9620 -0.0843 -0.2596
vn -0.9155 -0.3068 0.2604
vn -0.9743 0.1384 0.1779
vn -0.9217 0.2518 -0.2950
vn -0.7012 0.5879 -0.4034
vn 0.5715 0.1028 -0.8141
vn -0.0940 0.9375 0.3351
vn -0.7617 0.5426 -0.3540
vn -0.5325 0.7163 -0.4510
vn 0.1505 -0.7728 0.6166
vn 0.2486 -0.1256 0.9604
vn -0.8250 0.5228 -0.2145
vn -0.7876 -0.5744 -0.2230
vn -0.9589 -0.2709 0.0847
vn -0.9723 0.0045 -0.2336
vn -0.9387 0.3394 -0.0611
vn -0.7788 0.5143 -0.3591
vn -0.9525 -0.2549 0.1666
vn -0.9489 0.2941 0.1144
vn -0.9755 0.1242 -0.1816
vn -0.7605 0.6426 0.0934
vn -0.7231 -0.4801 -0.4966
vn -0.8017 -0.3724 -0.4675
vn 0.2482 -0.7717 0.5856
vn -0.9737 -0.2105 0.0870
vn -0.8421 -0.3251 -0.4303
vn -0.9226 -0.0953 -0.3739
vn -0.9621 0.0496 -0.2682
vn -0.9769 0.1103 -0.1830
vn -0.5638 0.8257 0.0192
vn -0.9334 0.1663 -0.3180
vn -0.9444 0.2138 -0.2496
vn -0.8652 0.4316 -0.2553
vn -0.8250 0.4460 -0.3471
vn -0.4720 0.8150 -0.3362
vn -0.8559 0.4839 0.1823
vn -0.8348 0.5392 -0.1117
vn -0.9314 0.2844 -0.2271
vn -0.8193 -0.3644 -0.4427
vn -0.8367 -0.3228 -0.4424
vn -0.9287 -0.1316 -0.3468
vn -0.8418 -0.3235 -0.4322
vn -0.9254 -0.2242 -0.3054
vn -0.9377 -0.1645 -0.3061
vn -0.9252 0.3109 -0.2176
vn -0.7866 0.5740 -0.2275
vn -0.0242 0.0879 0.9958
vn -0.9910 0.1157 -0.0667
vn -0.4944 0.8202 -0.2878
vn -0.9106 -0.3331 0.2448
vn -0.9676 -0.1494 -0.2035
vn -0.9858 0.0774 -0.1487
vn -0.8459 0.5327 -0.0245
vn 0.1885 -0.6512 0.7351
vn -0.8449 -0.4181 -0.3337
vn -0.2787 0.9593 0.0461
vn -0.1330 0.9635 0.2324
vn -0.9879 0.1426 -0.0612
vn -0.9854 0.1617 -0.0542
vn 0.0594 0.2744 0.9598
vn -0.9731 0.2085 -0.0976
vn -0.9879 0.0447 -0.1488
vn -0.9306 0.2220 -0.2911
vn -0.6664 0.7014 -0.2530
vn 0.2125 -0.1378 -0.9674
vn -0.7920 0.5790 0.1938
vn 0.9468 -0.2651 -0.1827
vn -0.7919 0.5607 -0.2420
vn -0.8465 0.4752 -0.2402
vn -0.7975 0.5503 -0.2474
vn -0.7803 0.5848 -0.2217
vn -0.8960 -0.4169 -0.1529
vn -0.6871 -0.7164 -0.1208
vn -0.9766 0.1719 -0.1295
vn -0.7579 0.6514 -0.0357
vn -0.9983 0.0373 -0.0443
vn -0.7199 -0.6669 -0.1925
vn -0.0782 0.9835 -0.1632
vn -0.9374 -0.0621 -0.3427
vn -0.9454 -0.0304 -0.3244
vn -0.8894 -0.1348 -0.4368
vn -0.9769 -0.1142 -0.1807
vn -0.9815 0.0679 -0.1788
vn -0.9739 0.1768 -0.1423
vn -0.8964 -0.0778 -0.4364
vn -0.8470 0.4731 -0.2423
vn 0.3521 -0.2216 0.9094
vn -0.9965 -0.0197 0.0809
vn -0.9931 -0.0912 0.0743
vn -0.6901 -0.6914 -0.2141
vn -0.8129 -0.3338 -0.4772
vn -0.8394 -0.3245 -0.4359
vn -0.8865 -0.1750 -0.4285
vn -0.9863 0.0519 -0.1563
vn -0.9664 0.1411 -0.2150
vn -0.9653 0.1457 -0.2166
vn -0.8500 0.5065 -0.1449
vn -0.4339 0.8688 -0.2385
vn -0.9296 0.3277 -0.1686
vn -0.6160 0.7559 -0.2218
vn -0.5849 0.7797 -0.2237
vn -0.9345 0.3074 0.1796
vn -0.9255 0.3106 0.2167
vn -0.9455 -0.0483 -0.3220
vn -0.9894 0.0350 0.1409
vn -0.9338 0.3352 -0.1248
vn 0.7315 0.0127 0.6817
vn -0.2846 0.9564 -0.0650
vn -0.7819 0.5845 -0.2166
vn 0.2523 0.2012 0.9465
vn -0.9730 0.1308 0.1901
vn -0.6998 -0.6904 -0.1834
vn -0.8494 -0.4139 -0.3273
vn -0.8820 -0.4630 -0.0875
vn -0.9774 -0.1351 -0.1623
vn -0.8309 -0.4730 -0.2932
vn -0.9785 0.1802 0.1000
vn 0.2761 -0.9602 0.0428
vn -0.9948 0.0977 -0.0303
vn -0.9132 -0.0523 -0.4041
vn -0.9039 -0.4237 -0.0595
vn -0.9169 -0.1157 -0.3820
vn -0.9525 0.0282 -0.3033
vn -0.9518 0.0675 -0.2993
vn -0.9799 0.1423 -0.1399
vn 0.0991 0.2864 -0.9530
vn -0.9764 0.2126 0.0377
vn -0.9770 0.2081 -0.0472
vn -0.9585 -0.0864 0.2718
vn -0.6546 -0.2665 0.7074
vn -0.9597 -0.0808 0.2691
vn -0.4429 0.8050 -0.3946
vn -0.8233 0.4104 0.3920
vn -0.8777 -0.2850 0.3852
vn -0.8975 -0.3183 0.3053
vn -0.6065 -0.7887 0.1007
vn -0.8578 0.3837 0.3419
vn 0.8677 -0.1867 0.4607
vn -0.9125 0.2366 0.3338
vn -0.9227 -0.3229 0.2107
vn -0.8871 -0.0750 0.4554
vn -0.6405 -0.1488 0.7534
vn 0.1080 0.0327 0.9936
vn -0.9733 0.1988 0.1148
vn -0.7661 -0.0178 0.6425
vn -0.8394 -0.2552 0.4798
vn 0.8534 -0.5213 0.0045
vn -0.7810 -0.5396 0.3143
vn -0.9034 0.0788 0.4215
vn -0.9272 0.3108 0.2092
vn 0.2377 -0.7965 0.5559
vn 0.5942 -0.3911 0.7028
vn 0.2637 0.1184 0.9573
vn -0.6039 0.7922 0.0883
vn -0.8744 -0.2899 0.3892
vn -0.2959 0.3271 0.8975
vn 0.6741 0.7199 -0.1653
vn -0.8909 0.3181 0.3241
vn -0.8985 0.4110 0.1542
vn -0.8317 -0.3105 0.4603
vn -0.5021 -0.1017 0.8588
vn -0.7332 -0.6743 -0.0881
vn -0.8696 0.3310 0.3665
vn -0.8603 0.2799 0.4260
vn 0.2370 0.4863 0.8411
vn -0.8044 0.3422 0.4856
vn -0.1274 0.2666 -0.9554
vn -0.8865 0.4426 0.1352
vn -0.8718 0.3259 0.3657
vn -0.9558 -0.1871 0.2266
vn -0.6661 0.7407 0.0876
vn -0.6914 -0.7106 0.1302
vn 0.7827 -0.6220 0.0218
vn -0.6445 -0.5086 0.5709
vn 0.2332 -0.7377 -0.6336
vn -0.8271 0.0849 0.5557
vn -0.6442 0.3290 0.6905
vn -0.9104 0.3271 0.2532
vn -0.8609 -0.1100 0.4967
vn -0.8128 0.4512 0.3686
vn -0.5852 -0.5390 0.6058
vn -0.6962 -0.3604 0.6209
vn -0.8174 0.2972 0.4935
vn -0.4218 0.9063 -0.0268
vn -0.7046 0.0347 0.7088
vn -0.7314 0.1880 0.6556
vn -0.3909 0.0427 0.9194
vn -0.5059 -0.7073 0.4937
vn -0.6081 -0.1028 0.7872
vn -0.6013 -0.1539 0.7840
vn -0.6472 0.2274 0.7276
vn -0.6926 0.3792 0.6136
vn -0.6825 0.3994 0.6121
vn -0.6772 -0.1679 0.7164
vn -0.7471 -0.0356 0.6637
vn -0.7310 -0.1166 0.6724
vn -0.5985 0.3393 0.7258
vn -0.8892 0.4399 0.1260
vn 0.9752 0.2212 -0.0093
vn -0.3711 -0.7787 0.5058
vn -0.4611 -0.5561 0.6915
vn -0.6781 0.1829 0.7119
vn 0.0865 -0.2394 0.9671
vn -0.7458 0.2928 0.5984
vn -0.7165 -0.0517 0.6957
vn -0.7901 0.0837 0.6072
vn -0.9204 0.2281 0.3176
vn -0.7872 0.4629 0.4075
vn -0.4177 -0.6199 0.6643
vn -0.4520 -0.3447 0.8227
vn -0.5737 0.4095 0.7094
vn -0.8180 -0.0954 0.5672
vn -0.6800 -0.0648 0.7304
vn -0.6023 0.2113 0.7698
vn -0.7133 0.0936 0.6946
vn 0.9409 0.2948 0.1665
vn -0.8375 -0.2529 0.4843
vn -0.9597 -0.0453 0.2775
vn -0.6123 0.2698 0.7432
vn -0.9223 -0.0072 0.3864
vn -0.5587 -0.0825 0.8253
vn -0.5949 0.3732 0.7119
vn -0.5298 0.0800 0.8443
vn -0.9320 0.3013 0.2013
vn -0.8642 -0.2956 0.4071
vn -0.6510 -0.5151 0.5576
vn -0.8386 0.3734 0.3967
vn -0.3612 -0.8295 0.4260
vn -0.9710 -0.1784 0.1592
vn -0.5271 0.3259 0.7848
vn -0.6321 -0.0038 0.7749
vn -0.4588 -0.6119 0.6443
vn -0.5706 0.0649 0.8187
vn 0.9536 0.3005 -0.0210
vn -0.5840 -0.0838 0.8074
vn -0.8000 -0.4520 0.3945
vn -0.8508 -0.1727 0.4962
vn -0.8878 0.2074 0.4109
vn -0.8913 0.1251 0.4359
vn -0.7763 -0.3575 0.5192
vn 0.4316 -0.6994 0.5697
vn -0.5678 -0.4105 0.7135
vn -0.5877 -0.5411 0.6016
vn -0.6972 0.0415 0.7157
vn -0.8649 0.3086 0.3960
vn -0.7533 0.4356 0.4927
vn -0.7564 0.4083 0.5109
vn -0.6833 0.4750 0.5545
vn -0.6886 0.2671 0.6741
vn -0.6364 -0.1376 0.7590
vn -0.6624 0.0604 0.7467
vn -0.7711 -0.4583 0.4421
vn -0.6046 -0.1909 0.7733
vn 0.2959 -0.6761 0.6748
vn -0.9217 -0.1877 0.3394
vn -0.4440 -0.5843 0.6793
vn -0.9540 -0.1351 0.2675
vn 0.9843 0.1725 0.0381
vn -0.6681 0.6052 0.4329
vn -0.9558 0.2337 0.1782
vn -0.8678 -0.2417 0.4341
vn -0.8471 0.2642 0.4612
vn -0.5885 0.7611 -0.2728
vn -0.9819 0.1614 -0.0989
vn -0.9954 0.0908 -0.0290
vn 0.4794 -0.6528 0.5865
vn 0.6517 -0.3227 -0.6864
vn -0.7887 0.4861 0.3764
vn -0.9781 0.1693 -0.1212
vn -0.9466 -0.0273 0.3211
vn -0.3998 -0.7571 0.5166
vn -0.7119 0.5051 0.4880
vn 0.6862 -0.7273 -0.0145
vn -0.8121 -0.4722 0.3428
vn -0.8126 -0.5185 0.2663
vn -0.8093 -0.4799 0.3387
vn -0.7732 -0.0401 0.6329
vn -0.7419 -0.6101 0.2782
vn -0.7666 0.6128 0.1918
vn -0.8853 0.4562 0.0902
vn -0.8429 0.2288 0.4870
vn -0.8584 0.4021 0.3184
vn -0.9201 0.1816 0.3471
vn -0.7493 -0.1391 0.6475
vn -0.7008 -0.3648 0.6130
vn -0.8195 -0.1955 0.5387
vn -0.8758 0.1919 0.4430
vn 0.1333 -0.8614 0.4901
vn -0.5113 -0.7569 0.4070
vn -0.7266 0.6566 0.2024
vn -0.8096 -0.4971 0.3122
vn -0.8418 -0.2671 0.4691
vn -0.8429 -0.2634 0.4691
vn -0.8070 0.4386 0.3954
vn -0.8431 0.4366 0.3138
vn -0.8194 0.3722 0.4359
vn -0.7452 0.6349 0.2038
vn -0.7828 0.4974 0.3739
vn -0.8368 0.2162 0.5030
vn -0.8411 0.3036 0.4476
vn -0.8401 0.1688 0.5156
vn -0.7100 -0.0212 0.7039
vn -0.7133 -0.0044 0.7008
vn 0.4583 0.3122 0.8321
vn 0.6667 -0.7255 0.1707
vn -0.8236 -0.1668 0.5420
vn -0.8283 0.1214 0.5469
vn -0.6320 -0.0836 0.7705
vn -0.7438 -0.6398 -0.1935
vn -0.9278 0.2613 0.2663
vn -0.8615 0.4985 0.0963
vn -0.9401 0.3029 0.1566
vn -0.4188 -0.7847 0.4569
vn -0.6393 0.7526 0.1577
vn -0.2405 0.4575 0.8561
vn -0.7324 0.2581 0.6301
vn -0.7353 0.4404 0.5151
vn 0.1022 -0.7984 0.5934
vn -0.7551 0.6076 0.2463
vn -0.8248 0.0960 0.5573
vn -0.0252 -0.4065 0.9133
vn -0.9246 0.1988 0.3250
vn -0.9801 -0.0527 0.1914
vn -0.5892 -0.5310 0.6090
vn -0.7511 0.4500 0.4832
vn -0.7710 -0.1313 0.6232
vn -0.2404 -0.9702 0.0318
vn 0.1926 -0.6026 0.7744
vn -0.8911 0.2904 0.3487
vn -0.7491 0.6207 0.2315
vn -0.8555 0.3167 0.4096
vn -0.0421 0.3986 0.9162
vn -0.8121 -0.2861 0.5086
vn 0.9182 0.3213 -0.2319
vn -0.9333 0.0815 0.3498
vn -0.7687 0.2560 0.5862
vn -0.6975 0.1177 0.7068
vn -0.9828 0.0401 0.1803
vn -0.9790 0.0997 0.1778
vn -0.7758 0.2385 0.5842
vn -0.5209 -0.5035 0.6893
vn -0.6348 0.4493 0.6286
vn -0.7207 -0.1336 0.6803
vn -0.8748 -0.2006 0.4410
vn -0.7789 -0.2444 0.5776
vn -0.6666 -0.5397 0.5142
vn -0.9174 -0.0104 0.3978
vn -0.7557 -0.2997 0.5823
vn -0.9013 0.1884 0.3901
vn -0.7515 -0.1416 0.6444
vn -0.9829 0.0422 0.1790
vn -0.8920 -0.2833 0.3522
vn -0.6083 0.0210 0.7934
vn 0.2590 -0.9038 -0.3407
vn -0.8762 -0.2164 0.4307
vn -0.8777 -0.1821 0.4433
vn -0.9234 0.2020 0.3264
vn -0.7587 -0.1792 0.6264
vn -0.7087 0.0529 0.7035
vn -0.6242 0.1109 0.7734
vn -0.6145 0.0721 0.7856
vn -0.6978 -0.5898 0.4064
vn -0.8944 -0.0572 0.4435
vn -0.8468 0.1026 0.5220
vn -0.6932 0.7138 -0.0998
vn -0.7589 0.5495 0.3494
vn -0.6516 -0.3046 0.6947
vn -0.8795 -0.2730 0.3898
vn -0.9374 0.1997 0.2854
vn -0.8968 0.4212 0.1358
vn -0.8443 0.4238 0.3279
vn -0.6589 -0.0715 0.7489
vn 0.2279 0.4263 -0.8754
vn -0.7457 -0.2572 0.6146
vn -0.7330 0.2960 0.6124
vn -0.8132 0.2705 0.5153
vn 0.7200 -0.5707 0.3948
vn -0.8662 -0.1012 0.4893
vn -0.9521 -0.0831 0.2944
vn -0.8999 0.0813 0.4285
vn 0.4603 -0.7263 0.5105
vn -0.6728 0.5217 -0.5245
vn -0.7741 0.2406 0.5856
vn -0.9455 0.1623 0.2822
vn -0.8877 -0.0555 0.4571
vn -0.6382 0.4822 0.6001
vn -0.4251 -0.1274 0.8961
vn -0.8004 0.3532 0.4844
vn -0.9093 -0.1471 0.3892
vn -0.1749 0.4266 0.8873
vn -0.1841 0.0841 0.9793
vn -0.8014 -0.0348 0.5971
vn -0.9165 -0.3272 0.2301
vn -0.8645 -0.2442 0.4392
vn -0.9359 0.1892 0.2973
vn -0.6840 -0.1808 0.7068
vn 0.5595 -0.7917 0.2453
vn -0.8607 0.1215 0.4943
vn 0.6832 -0.0048 -0.7302
vn -0.7282 0.0350 0.6845
vn -0.6916 0.1964 0.6950
vn -0.7296 0.2958 0.6166
vn -0.6005 0.4406 0.6672
vn -0.7059 0.1607 0.6899
vn -0.7674 -0.4880 0.4160
vn -0.8584 0.0254 0.5123
vn -0.8457 -0.2915 0.4470
vn -0.8478 0.2886 0.4448
vn -0.8781 0.1310 0.4601
vn -0.8073 -0.2501 0.5345
vn -0.8882 -0.0421 0.4575
vn -0.6021 0.4575 0.6543
vn -0.8954 -0.0507 0.4423
vn -0.7881 -0.2146 0.5769
vn -0.8501 0.2601 0.4580
vn -0.8573 0.0820 0.5082
vn -0.7776 0.4914 0.3923
vn -0.9377 -0.2876 0.1948
vn -0.5153 0.1335 0.8465
vn -0.1032 -0.5697 -0.8153
vn -0.9636 -0.0546 0.2618
vn -0.5867 0.1575 0.7943
vn -0.4558 0.7943 -0.4017
vn -0.8850 0.3444 0.3133
vn 0.0852 -0.5559 0.8268
vn -0.8679 0.3931 0.3038
vn -0.8941 -0.0503 0.4451
vn 0.0014 -0.1901 -0.9818
vn -0.8842 0.1997 0.4223
vn -0.8350 0.1262 0.5356
vn -0.8722 -0.1014 0.4786
vn -0.9239 0.0908 0.3717
vn -0.6039 0.0879 0.7922
vn -0.5834 0.0174 0.8120
vn -0.5159 0.4307 0.7405
vn -0.9945 0.0352 0.0985
vn -0.8176 -0.3942 0.4197
vn -0.6113 0.4216 0.6697
vn -0.7708 -0.5038 0.3899
vn -0.8852 0.0181 0.4649
vn -0.9026 0.0125 0.4303
vn -0.7569 0.3605 0.5451
vn -0.6503 -0.3185 0.6897
vn -0.6386 -0.0389 0.7685
vn -0.8390 0.0351 0.5430
vn 0.6100 -0.0292 0.7919
vn 0.1594 -0.5654 0.8093
vn -0.5731 0.0326 0.8189
vn 0.4252 0.8072 -0.4094
vn 0.9023 -0.4193 -0.0999
vn -0.8127 -0.4382 0.3841
vn -0.8554 0.1132 0.5054
vn -0.9042 0.4085 0.1249
vn -0.6686 -0.3940 0.6307
vn -0.8647 -0.2566 0.4317
vn -0.5988 0.1375 0.7890
vn -0.8146 -0.3119 0.4890
vn -0.8390 -0.2833 0.4645
vn 0.8660 0.1960 -0.4600
vn -0.5085 0.2487 0.8243
vn 0.3527 -0.9129 0.2054
vn -0.9973 0.0736 0.0021
vn -0.8752 0.4328 0.2159
vn -0.9989 -0.0467 0.0110
vn -0.6615 -0.0043 0.7499
vn -0.6948 -0.0992 0.7123
vn 0.3256 -0.7104 0.6240
vn -0.8978 -0.2544 0.3594
vn -0.8417 0.4282 0.3290
vn -0.6453 0.2843 0.7091
vn -0.8430 0.4557 0.2859
vn -0.0240 -0.4046 0.9142
vn -0.9918 0.0566 0.1146
vn -0.5276 -0.7043 0.4749
vn -0.9132 0.0915 0.3971
vn -0.8835 -0.0757 0.4623
vn 0.9641 -0.2228 -0.1442
vn -0.5243 -0.1758 -0.8332
vn -0.6345 -0.6678 0.3892
vn -0.7929 0.2830 0.5396
vn 0.1618 -0.1390 -0.9770
vn -0.5597 -0.0490 0.8272
vn -0.9945 0.0318 0.0997
vn -0.9321 -0.0067 0.3620
vn -0.9853 0.1055 0.1344
vn -0.6911 0.2786 0.6669
vn -0.7099 0.3816 0.5919
vn -0.7929 -0.2551 0.5534
vn 0.7781 -0.6177 0.1139
vn -0.8152 -0.3094 0.4896
vn -0.9272 -0.1853 0.3256
vn -0.6013 -0.3188 0.7327
vn -0.1508 -0.0184 0.9884
vn 0.0224 0.1270 0.9917
vn -0.0250 0.0485 0.9985
vn -0.7643 -0.5420 0.3494
vn -0.6254 0.3861 0.6781
vn 0.1559 -0.9222 0.3539
vn -0.7502 -0.3766 0.5435
vn -0.7322 0.2940 0.6144
vn 0.9336 0.3318 -0.1354
vn -0.6479 0.7412 0.1757
vn -0.8865 -0.0531 0.4597
vn 0.4274 -0.9040 -0.0091
vn -0.5679 0.5334 0.6269
vn -0.8654 0.1665 0.4727
vn -0.1055 0.0361 0.9938
vn 0.0058 0.6478 0.7618
vn -0.8458 0.0084 0.5335
vn -0.8654 -0.4895 -0.1068
vn -0.9964 0.0335 -0.0778
vn -0.9597 0.2167 -0.1792
vn -0.9587 0.2244 -0.1748
vn -0.6290 -0.6255 0.4615
vn 0.1006 -0.5109 0.8538
vn -0.5536 0.8207 0.1413
vn -0.9643 0.1280 0.2318
vn -0.0280 -0.2521 -0.9673
vn 0.1238 0.7460 0.6543
vn -0.9583 -0.0494 0.2815
vn -0.8298 0.1006 0.5490
vn -0.7687 -0.4460 0.4584
vn -0.7053 0.6887 0.1680
vn -0.5369 -0.2854 0.7939
vn -0.8703 0.4759 0.1266
vn -0.8184 -0.2302 0.5266
vn -0.7508 0.6254 0.2125
vn -0.6104 0.0757 0.7885
vn -0.9197 0.3232 0.2227
vn -0.4588 -0.3521 0.8158
vn -0.6821 -0.2166 0.6984
vn 0.3531 0.8410 0.4099
vn -0.0923 -0.5232 0.8472
vn -0.0963 0.4886 0.8672
vn 0.7088 -0.4375 0.5534
vn -0.8216 0.5480 0.1573
vn -0.4600 0.2816 0.8421
vn -0.5253 -0.0791 0.8472
vn -0.5192 0.7556 0.3995
vn 0.4839 0.4109 0.7727
vn -0.9784 0.0314 0.2044
vn -0.0652 -0.9979 0.0028
vn -0.1360 0.7392 -0.6596
vn -0.8920 0.3962 0.2174
vn 0.1937 0.3469 0.9177
vn -0.9531 -0.2381 0.1869
vn -0.6992 0.4608 0.5466
vn -0.6647 -0.2541 0.7026
vn -0.7728 -0.0666 0.6312
vn -0.7283 0.6429 0.2373
vn -0.8267 -0.1198 0.5497
vn -0.8530 0.5196 0.0499
vn -0.9827 -0.0420 0.1805
vn -0.9767 0.2093 0.0482
vn -0.5258 -0.0457 0.8494
vn -0.8322 -0.3483 0.4315
vn -0.7144 -0.0364 0.6988
vn 0.1771 -0.3115 0.9336
vn -0.6636 -0.0455 0.7467
vn -0.9074 0.0671 0.4148
vn -0.9297 0.3092 0.2000
vn -0.6471 0.7421 0.1749
vn -0.6872 0.0398 0.7254
vn -0.9026 -0.1583 0.4004
vn -0.7695 -0.0923 0.6319
vn -0.7739 0.2434 0.5847
vn -0.5371 -0.5707 0.6211
vn 0.2014 0.1160 0.9726
vn -0.8444 -0.2707 0.4622
vn 0.9927 0.0681 0.1000
vn 0.8952 0.1719 -0.4113
vn -0.5686 -0.1866 0.8012
vn -0.5205 -0.1096 0.8468
vn -0.6044 0.1129 0.7886
vn -0.9448 0.2959 -0.1407
vn -0.6530 0.3806 0.6547
vn 0.0199 -0.4446 -0.8955
vn -0.7081 0.0204 0.7059
vn -0.7253 -0.0720 0.6847
vn -0.7281 -0.3778 0.5719
vn -0.8919 0.2076 0.4018
vn 0.2968 0.4954 0.8164
vn 0.4810 -0.6843 0.5481
vn -0.1260 0.2854 0.9501
vn -0.9593 0.1316 0.2498
vn -0.8652 -0.2826 0.4143
vn -0.3232 0.2384 0.9158
vn -0.9873 -0.0907 0.1302
vn 0.6425 -0.5950 0.4830
vn 0.7949 -0.6067 -0.0018
vn -0.8261 -0.1001 0.5545
vn -0.8010 0.2000 0.5643
vn 0.2183 -0.6643 0.7149
vn 0.2449 0.2807 0.9280
vn -0.2715 -0.7314 0.6256
vn -0.9322 0.2576 0.2542
vn -0.8805 -0.2085 0.4257
vn 0.4385 -0.3250 0.8379
vn 0.9822 0.1857 -0.0283
vn -0.6316 -0.0054 0.7753
vn -0.7968 -0.4015 0.4515
vn -0.7144 0.0371 0.6988
vn -0.8892 -0.1615 0.4280
vn -0.7115 0.6529 0.2596
vn -0.8368 0.5134 0.1903
vn -0.9054 -0.2233 0.3611
vn -0.8632 0.0944 0.4960
vn -0.7767 -0.5836 0.2370
vn -0.9474 -0.1750 0.2678
vn -0.2815 0.9271 0.2474
vn -0.7514 -0.5341 0.3876
vn -0.9480 0.0212 0.3177
vn -0.2909 0.2640 0.9196
vn 0.0066 -0.8072 0.5902
vn -0.9524 -0.0420 0.3018
vn -0.7103 -0.1248 0.6928
vn 0.4347 -0.3531 0.8284
vn -0.7669 -0.5202 0.3758
vn -0.1026 0.0140 -0.9946
vn 0.7580 0.6386 -0.1330
vn -0.9653 -0.1575 0.2085
vn -0.5201 -0.0318 0.8535
vn -0.5525 0.2945 0.7798
vn -0.9422 0.2033 0.2663
vn -0.8286 0.4420 -0.3437
vn -0.4911 0.8669 0.0855
vn -0.9591 -0.1059 0.2626
vn -0.7419 0.0729 0.6665
vn -0.6738 -0.0493 0.7373
vn -0.9648 -0.2188 0.1462
vn -0.5645 0.1666 0.8085
vn -0.8247 0.2290 0.5172
vn -0.8672 0.1412 0.4775
vn -0.6908 -0.7106 0.1331
vn -0.6584 -0.1956 0.7268
vn -0.3968 0.0215 0.9177
vn -0.7428 -0.4506 0.4952
vn -0.9188 0.3422 0.1966
vn -0.6133 0.7340 0.2917
vn 0.9923 -0.1231 0.0099
vn 0.2437 0.3113 0.9185
vn -0.9756 0.0204 0.2184
vn -0.6901 -0.2179 0.6901
vn -0.8178 0.4483 0.3610
vn -0.8490 -0.0549 0.5256
vn -0.7031 -0.2705 0.6577
vn -0.8196 0.3240 0.4725
vn -0.7417 -0.2054 0.6385
vn 0.0196 -0.9996 0.0211
vn 0.1727 0.2427 0.9546
vn 0.8732 -0.4665 -0.1406
vn -0.9060 -0.1350 0.4012
vn -0.9283 0.3114 0.2032
vn -0.8014 -0.4028 0.4422
vn -0.9681 0.1958 0.1563
vn -0.3545 0.0505 0.9337
vn 0.6316 0.7653 -0.1242
vn -0.7388 0.0311 0.6732
vn -0.5998 0.3570 0.7161
vn -0.9401 0.2286 0.2527
vn 0.2993 -0.6168 0.7280
vn -0.2526 -0.7572 0.6024
vn 0.1855 -0.8493 0.4942
vn -0.9796 0.0069 0.2010
vn -0.8403 -0.1458 0.5221
vn -0.9426 -0.1468 0.3000
vn -0.6505 -0.4548 0.6083
vn -0.9532 -0.1358 0.2702
vn -0.8698 0.0805 0.4868
vn -0.8088 -0.0464 0.5862
vn -0.6259 0.1491 0.7655
vn -0.1529 0.4360 0.8869
vn -0.8611 -0.1572 0.4835
vn -0.7197 -0.1604 0.6756
vn -0.8377 0.2459 0.4877
vn -0.9617 0.1124 0.2501
vn 0.4494 -0.0991 0.8878
vn -0.5891 0.1083 0.8008
vn -0.9300 -0.1810 0.3200
vn -0.9148 -0.0225 0.4034
vn -0.8966 -0.2475 0.3673
vn -0.8226 0.5037 0.2639
vn -0.6704 0.3124 0.6730
vn -0.7653 -0.4421 0.4678
vn -0.9346 -0.0648 0.3496
vn -0.7255 -0.6297 0.2778
vn 0.3866 -0.0046 0.9222
vn 0.4993 0.7456 -0.4413
vn -0.9214 0.2261 0.3162
vn -0.9006 -0.1475 0.4088
vn 0.4511 -0.7204 0.5268
vn -0.2614 -0.7214 0.6414
vn 0.2537 -0.0802 0.9640
vn -0.7586 -0.3982 0.5157
vn 0.2526 -0.0374 0.9668
vn 0.9923 0.0908 0.0837
vn -0.8513 -0.3711 0.3709
vn -0.5954 -0.6755 0.4350
vn -0.9848 -0.0580 -0.1637
vn -0.6874 -0.5523 0.4717
vn -0.7427 0.6682 -0.0433
vn -0.8815 0.3983 0.2535
vn -0.5778 0.8132 -0.0696
vn -0.8456 -0.3682 0.3864
vn -0.9734 0.0981 0.2071
vn -0.9832 -0.0518 0.1749
vn -0.9429 0.1600 0.2923
vn -0.6418 0.7509 0.1560
vn -0.9061 -0.0323 0.4218
vn -0.7394 -0.2964 0.6045
vn -0.6564 -0.5867 0.4743
vn -0.7814 -0.2297 0.5802
vn -0.7701 0.3648 0.5233
vn 0.3724 0.0108 0.9280
vn -0.8967 -0.0842 0.4345
vn -0.8928 -0.0478 0.4480
vn -0.5638 -0.0776 0.8222
vn -0.9701 -0.0868 0.2266
vn 0.5335 -0.8411 0.0892
vn -0.8284 -0.3481 0.4389
vn -0.9312 -0.1190 0.3445
vn -0.5616 -0.0795 0.8236
vn 0.5719 -0.0568 0.8184
vn -0.6426 -0.2364 0.7288
vn -0.9785 -0.0783 0.1910
vn -0.7908 0.5104 0.3377
vn 0.0435 0.0212 0.9988
vn -0.6958 -0.2933 0.6556
vn 0.1006 -0.9219 0.3741
vn -0.9601 -0.2068 0.1883
vn -0.7054 0.4061 0.5810
vn -0.9038 0.4052 0.1378
vn -0.3713 -0.7662 0.5245
vn -0.7756 0.5922 0.2187
vn -0.7688 -0.1543 0.6206
vn -0.7610 -0.1207 0.6374
vn -0.2427 0.0468 0.9690
vn -0.7709 -0.0700 -0.6331
vn -0.8298 0.4923 0.2629
vn -0.8964 0.4375 -0.0708
vn -0.8487 0.5103 0.1391
vn -0.9117 0.0094 0.4108
vn -0.9034 0.1235 0.4107
vn -0.5249 0.8153 0.2443
vn -0.7834 -0.2313 0.5769
vn -0.8107 0.1347 0.5697
vn -0.6439 -0.3100 0.6995
vn -0.6414 -0.5650 0.5190
vn 0.2781 -0.8879 -0.3664
vn 0.9078 0.1769 0.3802
vn -0.7075 -0.3131 0.6336
vn -0.7588 -0.4188 0.4988
vn -0.8116 -0.0908 0.5770
vn -0.8550 0.1174 0.5051
vn -0.5089 0.8299 -0.2284
vn -0.1660 0.4617 -0.8714
vn -0.8006 -0.0120 0.5990
vn -0.6686 -0.3939 0.6307
vn -0.7687 0.1941 0.6094
vn -0.7366 0.3905 0.5522
vn 0.9920 0.1259 -0.0026
vn -0.9203 -0.1173 0.3731
vn -0.6893 -0.3382 0.6407
vn -0.8118 0.4051 0.4207
vn -0.8893 0.2858 0.3569
vn -0.9253 0.3217 0.2007
vn -0.3782 0.7446 0.5500
vn -0.7579 -0.0399 0.6512
vn -0.6010 0.7992 -0.0099
vn -0.6390 -0.4260 0.6404
vn -0.5776 0.8128 -0.0753
vn -0.6660 -0.1560 0.7295
vn 0.0224 -0.7031 -0.7108
vn 0.0077 0.4390 0.8985
vn -0.7822 -0.2264 0.5804
vn -0.7010 -0.2255 0.6765
vn -0.8580 0.0735 0.5084
vn -0.7305 0.0340 0.6821
vn -0.7637 0.2086 0.6110
vn -0.9579 0.1832 0.2213
vn -0.8874 -0.3783 0.2636
vn -0.8468 -0.1853 0.4987
vn -0.9399 0.2082 0.2707
vn 0.9833 -0.0583 0.1727
vn -0.9454 0.2565 -0.2011
vn -0.7621 0.5266 0.3766
vn -0.7632 0.5194 0.3843
vn -0.9209 -0.0131 0.3897
vn -0.7231 0.1881 0.6646
vn -0.9556 -0.1861 0.2285
vn -0.9433 0.2961 0.1501
vn -0.9208 0.1033 0.3760
vn -0.9427 0.3131 -0.1151
vn -0.1906 0.3436 -0.9196
vn -0.7622 0.5945 0.2564
vn -0.8503 0.3678 0.3764
vn -0.8771 0.4138 0.2438
vn -0.0094 -0.4359 0.9000
vn -0.7414 -0.2065 0.6385
vn 0.1548 0.1550 0.9757
vn -0.1572 -0.4160 -0.8957
vn 0.0909 0.2775 -0.9564
vn 0.1256 0.0428 -0.9912
vn -0.0518 -0.1575 0.9862
vn -0.0716 -0.1738 0.9822
vn -0.1479 0.3249 0.9341
vn 0.1202 -0.9137 0.3881
vn 0.2128 -0.2201 -0.9520
vn 0.2564 0.4490 -0.8560
vn -0.6413 0.0934 -0.7616
vn -0.2263 -0.5366 -0.8129
vn -0.8265 -0.0004 -0.5629
vn 0.2257 0.0214 -0.9740
vn -0.0462 -0.9983 0.0362
vn -0.1851 0.2287 -0.9557
vn -0.0698 0.0630 -0.9956
vn -0.0022 0.3014 -0.9535
vn 0.3467 0.8923 -0.2890
vn 0.2576 0.8483 -0.4626
vn 0.3417 -0.8186 0.4617
vn -0.0214 0.4246 -0.9051
vn -0.1767 0.3176 0.9316
vn 0.0561 0.2644 -0.9628
vn 0.6285 0.0526 0.7760
vn 0.1926 -0.3612 -0.9124
vn -0.1607 -0.1606 -0.9738
vn 0.5223 -0.1873 0.8320
vn -0.4884 -0.8453 0.2166
vn 0.1851 -0.9781 0.0949
vn 0.7862 0.1243 0.6053
vn -0.2972 0.1901 0.9357
vn 0.3396 0.0436 -0.9396
vn 0.2242 -0.2032 -0.9531
vn -0.1950 0.7400 -0.6437
vn -0.1688 0.6583 -0.7336
vn 0.0374 -0.0256 0.9990
vn -0.1658 0.3795 -0.9102
vn 0.2303 -0.4292 0.8733
vn 0.4998 0.7228 -0.4773
vn -0.0371 -0.3733 -0.9270
vn 0.1199 -0.3253 0.9380
vn -0.2069 0.1408 0.9682
vn 0.1126 -0.5136 0.8506
vn 0.5769 0.4066 -0.7085
vn 0.7614 -0.6441 0.0737
vn 0.4730 0.2167 -0.8540
vn -0.6035 0.3517 0.7156
vn 0.6344 -0.3718 -0.6777
vn 0.3284 -0.6646 0.6712
vn -0.3153 0.2396 0.9182
vn 0.3974 0.8870 0.2353
vn 0.3909 -0.2055 0.8972
vn 0.4284 -0.2118 0.8784
vn 0.9515 -0.2208 0.2141
vn 0.3977 -0.5171 0.7579
vn 0.5473 -0.8094 -0.2131
vn -0.2745 -0.6253 0.7305
vn 0.4878 -0.6424 0.5911
vn -0.1821 0.0773 0.9802
vn -0.3068 0.4170 0.8555
vn 0.4005 0.2756 -0.8739
vn 0.5711 0.0416 0.8198
vn 0.0473 -0.8739 0.4838
vn 0.0205 -0.5305 0.8474
vn -0.3044 0.1374 0.9426
vn 0.8212 0.5648 0.0814
vn -0.2324 -0.4089 -0.8825
vn 0.4232 -0.6076 -0.6721
vn -0.1270 -0.1257 0.9839
vn 0.5090 -0.2554 0.8220
vn -0.0411 0.6916 -0.7212
vn -0.0123 -0.4924 -0.8703
vn 0.4111 0.0072 0.9115
vn 0.2873 -0.9319 0.2214
vn 0.0817 -0.4008 0.9125
vn 0.4565 0.2733 0.8467
vn 0.9411 0.2792 0.1905
vn -0.1663 0.3585 0.9186
vn 0.0486 -0.6935 0.7188
vn 0.8990 0.2296 -0.3730
vn 0.2671 -0.5244 0.8085
vn 0.7156 0.0761 0.6944
vn 0.0907 0.8487 -0.5210
vn -0.6049 0.3740 0.7029
vn 0.6925 -0.0612 0.7189
vn 0.5292 0.1277 0.8388
vn 0.1882 -0.6498 0.7364
vn 0.2352 -0.4821 -0.8440
vn -0.8791 -0.4753 -0.0354
vn 0.5135 -0.1860 -0.8377
vn 0.4640 -0.5016 -0.7302
vn 0.4338 -0.3252 0.8403
vn 0.0132 -0.0866 0.9962
vn 0.4123 -0.0799 -0.9076
vn 0.5458 -0.1866 0.8169
vn 0.6905 -0.1218 0.7130
vn 0.5166 -0.0422 -0.8552
vn 0.4136 -0.3917 -0.8219
vn 0.2733 -0.1434 -0.9512
vn -0.1703 -0.3795 -0.9094
vn 0.2160 0.9557 0.1999
vn 0.6656 0.7249 0.1775
vn 0.8825 -0.4569 -0.1113
vn 0.4987 -0.3391 0.7977
vn -0.6391 0.7317 -0.2370
vn -0.5218 -0.5435 0.6575
vn 0.5713 0.0621 0.8184
vn -0.1415 -0.2171 0.9658
vn 0.1088 0.0495 -0.9928
vn 0.5634 0.0701 0.8232
vn 0.4962 0.2475 0.8322
vn 0.0113 -0.0962 0.9953
vn 0.6453 -0.7311 0.2214
vn -0.6280 0.2983 0.7188
vn 0.0668 -0.1109 0.9916
vn 0.3808 -0.1662 0.9096
vn 0.0035 0.3269 -0.9450
vn 0.3657 -0.4603 0.8089
vn -0.1347 0.0677 -0.9886
vn 0.3814 -0.6348 0.6720
vn -0.3646 0.3480 0.8637
vn -0.7716 -0.4250 -0.4733
vn 0.3506 0.8886 -0.2957
vn 0.1944 0.0590 -0.9791
vn 0.4865 0.8405 -0.2383
vn 0.5608 0.0324 0.8273
vn 0.5324 -0.0254 0.8461
vn -0.9437 0.3117 0.1109
vn -0.5410 -0.4705 0.6971
vn 0.2788 0.3390 -0.8985
vn 0.7894 0.3173 -0.5255
vn 0.3188 -0.2668 0.9095
vn 0.5783 0.0630 -0.8134
vn 0.4132 0.2157 -0.8847
vn 0.4593 -0.4591 0.7604
vn 0.2180 -0.5836 0.7822
vn 0.0991 -0.5266 0.8443
vn -0.2130 0.0402 0.9762
vn -0.2328 0.0490 0.9713
vn -0.0301 -0.7523 0.6582
vn 0.0751 -0.2695 -0.9601
vn -0.4085 0.1776 0.8953
vn -0.1002 -0.1538 0.9830
vn 0.3854 0.1389 -0.9122
vn -0.2417 0.6022 -0.7609
vn 0.2603 -0.3825 -0.8865
vn 0.6663 0.1515 -0.7301
vn 0.3186 -0.2744 0.9073
vn -0.8354 -0.3210 0.4463
vn 0.1253 -0.5642 0.8161
vn -0.2459 -0.8056 0.5390
vn 0.5205 -0.3650 0.7719
vn 0.4798 -0.1896 0.8566
vn -0.4193 0.8230 -0.3832
vn 0.3297 0.2744 -0.9033
vn 0.3151 -0.0503 -0.9477
vn 0.1410 -0.7401 0.6576
vn -0.7838 0.6208 0.0161
vn 0.0018 -0.9158 0.4016
vn 0.2615 -0.0034 -0.9652
vn -0.1897 0.0865 0.9780
vn -0.0088 -0.5737 -0.8190
vn 0.3678 -0.9200 0.1355
vn 0.0117 0.1230 -0.9923
vn 0.5338 -0.2397 0.8109
vn 0.5802 0.1193 0.8057
vn 0.9266 -0.3739 -0.0402
vn -0.1664 0.8784 -0.4480
vn 0.3895 0.0115 -0.9209
vn -0.4799 -0.8161 0.3220
vn -0.2753 -0.6258 0.7298
vn 0.6874 -0.7126 -0.1405
vn 0.6277 0.4486 -0.6362
vn 0.5931 -0.2642 -0.7606
vn 0.5210 -0.2732 0.8087
vn 0.5800 -0.0302 -0.8140
vn -0.5219 -0.4794 0.7056
vn 0.8257 0.5505 -0.1231
vn 0.5646 0.3285 0.7572
vn 0.6385 -0.4965 0.5880
vn 0.3924 0.2355 0.8891
vn 0.9809 0.1888 -0.0465
vn -0.2002 -0.4503 -0.8701
vn -0.5300 0.1440 0.8357
vn -0.6689 -0.3480 -0.6569
vn 0.9964 0.0761 0.0375
vn 0.5137 -0.8484 0.1280
vn 0.5235 -0.1270 0.8425
vn -0.9845 0.0560 0.1661
vn 0.4710 -0.0502 -0.8807
vn 0.6680 -0.0150 0.7440
vn 0.8864 -0.3787 0.2662
vn -0.3408 -0.6532 0.6762
vn -0.4971 0.3959 0.7721
vn 0.9033 0.4227 0.0733
vn -0.2979 0.3553 0.8860
vn 0.2579 -0.6791 0.6872
vn 0.1658 0.7376 -0.6545
vn 0.3600 -0.0443 0.9319
vn 0.3912 0.0256 0.9199
vn 0.0517 0.1696 0.9842
vn 0.5142 -0.0355 -0.8570
vn 0.9192 -0.3908 -0.0480
vn 0.5879 0.0693 0.8059
vn -0.2585 0.3537 0.8989
vn 0.2783 0.1554 0.9478
vn 0.3504 0.3070 0.8849
vn 0.2871 -0.2302 0.9298
vn 0.4252 0.9039 0.0470
vn -0.3178 0.4982 -0.8067
vn -0.4110 0.7336 -0.5412
vn 0.6070 -0.0437 0.7935
vn 0.0993 0.0781 0.9920
vn -0.5295 0.7415 -0.4121
vn 0.3691 -0.6000 -0.7098
vn 0.3783 -0.5311 0.7582
vn 0.7811 0.3346 0.5272
vn 0.7708 -0.1895 0.6083
vn -0.0827 0.3057 0.9485
vn -0.1022 -0.1524 0.9830
vn 0.5581 -0.1045 0.8232
vn 0.4264 -0.1057 0.8983
vn 0.0405 -0.1401 -0.9893
vn -0.1780 0.1979 -0.9639
vn -0.2889 0.3940 0.8725
vn -0.2379 0.5213 -0.8195
vn -0.6581 -0.4209 0.6243
vn 0.1421 0.5266 0.8381
vn -0.8584 -0.2529 0.4462
vn -0.4294 0.3306 0.8405
vn 0.6688 -0.4328 0.6045
vn -0.2726 -0.9613 -0.0386
vn -0.3030 -0.9504 0.0698
vn 0.5618 -0.1127 0.8195
vn 0.2734 -0.6296 0.7272
vn 0.1509 -0.4547 0.8778
vn 0.1494 -0.5863 0.7962
vn -0.0288 -0.1573 0.9871
vn 0.2855 0.8291 -0.4807
vn 0.2550 0.1805 0.9499
vn 0.8958 0.3928 -0.2078
vn 0.3377 -0.3807 0.8608
vn 0.6946 -0.0213 0.7191
vn 0.4028 -0.8816 0.2460
vn 0.4143 -0.1240 0.9017
vn 0.0188 0.1025 0.9946
vn 0.6244 -0.4605 -0.6310
vn 0.9390 0.0821 -0.3339
vn 0.3144 0.1657 -0.9347
vn 0.7865 -0.0825 0.6120
vn 0.5195 -0.2369 0.8210
vn 0.2619 0.4499 -0.8538
vn -0.2492 -0.1409 0.9582
vn 0.2853 0.1171 -0.9513
vn 0.6647 0.0833 0.7425
vn -0.2594 0.3008 0.9177
vn -0.1027 -0.1011 0.9896
vn 0.4710 -0.2859 -0.8345
vn 0.3970 0.2925 -0.8700
vn 0.6264 -0.1217 -0.7699
vn 0.5118 -0.1186 -0.8509
vn 0.6571 -0.0552 -0.7518
vn 0.1515 -0.7409 0.6543
vn 0.3585 -0.0426 0.9325
vn 0.5766 0.0920 0.8118
vn -0.3348 0.0156 0.9422
vn 0.6641 0.1538 -0.7316
vn 0.2872 0.0378 0.9571
vn 0.2467 -0.6509 0.7179
vn 0.4572 -0.1709 0.8728
vn -0.0539 -0.0824 0.9951
vn -0.5761 0.0093 0.8173
vn -0.0141 -0.2703 0.9627
vn 0.3474 -0.4655 0.8140
vn 0.8834 0.1559 -0.4420
vn 0.0291 -0.3121 -0.9496
vn 0.1942 -0.4682 0.8620
vn 0.2777 -0.3806 0.8820
vn 0.1316 -0.8387 0.5285
vn -0.4839 0.2906 0.8255
vn 0.5274 -0.2328 0.8171
vn 0.6169 -0.7227 0.3115
vn 0.3176 0.3325 0.8880
vn 0.6923 0.0654 0.7186
vn -0.4108 0.0847 0.9078
vn 0.5574 0.0624 0.8279
vn -0.7371 -0.5202 -0.4313
vn 0.4104 -0.0614 -0.9098
vn -0.5318 0.1584 0.8319
vn -0.4583 0.2595 0.8501
vn -0.4484 0.3484 0.8232
vn 0.0237 0.5243 0.8512
vn 0.5815 -0.7860 0.2098
vn -0.4793 0.7184 -0.5042
vn -0.3210 0.1652 0.9325
vn 0.1671 -0.5660 0.8073
vn 0.7511 -0.6380 0.1700
vn 0.7808 0.5700 0.2560
vn 0.3329 -0.1970 0.9221
vn 0.3650 -0.2589 0.8943
vn -0.2434 0.1637 0.9560
vn 0.4689 -0.3268 -0.8205
vn -0.4171 0.4592 0.7843
vn -0.4393 0.0333 0.8977
vn 0.8048 -0.5891 0.0727
vn 0.3624 -0.2621 0.8944
vn 0.8992 -0.1889 0.3946
vn 0.3470 -0.3024 0.8878
vn 0.1924 -0.4344 0.8799
vn 0.5367 -0.1851 0.8233
vn 0.4148 0.1009 -0.9043
vn -0.4436 0.1054 0.8900
vn -0.4232 0.0788 0.9026
vn -0.3392 0.2657 0.9024
vn -0.3431 0.3883 0.8552
vn -0.0760 -0.7173 0.6926
vn 0.8886 -0.2510 -0.3840
vn -0.4257 0.4094 0.8069
vn -0.3226 0.1714 0.9309
vn -0.0223 -0.4069 0.9132
vn -0.5569 -0.6624 0.5011
vn 0.4612 -0.4588 0.7595
vn 0.5423 -0.2256 0.8093
vn 0.1672 -0.1637 -0.9722
vn -0.1200 -0.5286 -0.8404
vn 0.0742 -0.0582 -0.9955
vn -0.3250 0.2701 0.9063
vn -0.2712 0.3568 0.8940
vn -0.3180 0.0537 0.9466
vn -0.3259 0.0367 0.9447
vn 0.1448 -0.2253 0.9635
vn -0.0867 -0.5098 -0.8559
vn -0.3856 0.5066 0.7712
vn 0.1739 -0.9235 0.3418
vn -0.0728 -0.3050 -0.9496
vn -0.3518 0.0796 0.9327
vn -0.2795 0.3792 0.8821
vn -0.1678 0.3090 0.9362
vn 0.9151 -0.3603 -0.1808
vn 0.9388 -0.3099 -0.1507
vn -0.4297 0.3414 0.8360
vn 0.7220 0.5578 0.4095
vn -0.9297 0.3263 0.1709
vn -0.4673 -0.3386 0.8167
vn 0.0270 -0.5147 0.8569
vn -0.8494 -0.4681 0.2437
vn -0.6155 0.3626 0.6997
vn -0.0453 -0.4344 0.8996
vn -0.2913 0.2459 0.9245
vn 0.9847 -0.0379 -0.1703
vn 0.2070 -0.1093 0.9722
vn -0.4103 0.3975 0.8208
vn 0.0620 0.2753 0.9594
vn -0.2880 -0.7593 0.5835
vn -0.3315 -0.6732 0.6610
vn -0.3644 -0.0689 0.9287
vn 0.1130 -0.8773 0.4665
vn -0.2392 0.1194 0.9636
vn -0.0563 -0.7020 0.7100
vn -0.1155 -0.4033 -0.9077
vn 0.6998 0.2157 -0.6810
vn 0.0109 -0.9999 -0.0109
vn 0.6868 -0.5854 -0.4308
vn -0.5597 -0.7179 0.4139
vn -0.4235 0.4374 0.7933
vn -0.3414 0.1399 0.9295
vn -0.3384 0.0973 0.9360
vn -0.4398 0.2461 0.8637
vn -0.2645 -0.4259 0.8653
vn -0.3638 -0.0659 0.9291
vn 0.4151 0.0568 0.9080
vn -0.0860 -0.7571 0.6476
vn -0.1631 0.0805 0.9833
vn 0.2207 -0.8086 0.5454
vn -0.2394 0.4473 0.8618
vn -0.6737 0.7056 -0.2198
vn -0.2409 -0.6422 0.7277
vn -0.2203 -0.5060 0.8339
vn -0.1488 0.1368 0.9794
vn -0.1366 0.9880 -0.0717
vn -0.1493 -0.1788 0.9725
vn -0.1353 0.0891 0.9868
vn -0.4247 0.3327 0.8420
vn 0.6811 -0.2767 -0.6779
vn -0.1938 -0.3383 0.9209
vn -0.2595 -0.2035 0.9441
vn -0.2512 0.1887 0.9494
vn -0.2044 0.1128 0.9724
vn -0.2071 0.2396 0.9485
vn -0.1837 0.4312 0.8834
vn -0.1928 0.4874 0.8516
vn -0.0050 -0.2595 0.9657
vn -0.2632 0.5074 0.8205
vn -0.2336 -0.2167 0.9479
vn -0.5187 0.7193 0.4622
vn -0.4010 0.5505 0.7322
vn -0.3658 0.9307 0.0025
vn -0.4174 0.7226 0.5510
vn -0.6278 -0.7661 0.1377
vn 0.4893 -0.8144 -0.3121
vn -0.4048 0.7862 -0.4669
vn -0.3799 0.3999 0.8341
vn -0.2277 0.6103 0.7587
vn -0.4068 0.8985 -0.1653
vn -0.3029 0.4049 0.8627
vn -0.9434 -0.0641 -0.3254
vn -0.4727 0.4916 0.7314
vn -0.6344 0.6135 0.4703
vn -0.5685 0.6105 0.5514
vn -0.2952 0.4444 0.8458
vn 0.0628 0.5574 0.8279
vn 0.1483 0.5667 0.8105
vn -0.8707 0.3728 0.3208
vn -0.2145 0.6794 0.7017
vn -0.3987 0.7714 0.4960
vn -0.5020 0.6752 0.5405
vn -0.6012 0.6766 0.4251
vn -0.1887 0.9754 -0.1139
vn -0.2139 0.8840 -0.4156
vn -0.6305 0.5143 -0.5814
vn 0.1093 0.4900 0.8648
vn -0.8934 -0.4486 0.0261
vn -0.3848 0.9230 -0.0079
vn -0.4207 0.6207 0.6616
vn 0.0833 0.7921 0.6047
vn -0.0506 0.8698 0.4908
vn -0.0694 0.8649 0.4971
vn -0.2123 0.9124 0.3499
vn -0.4185 0.8133 0.4041
vn -0.2029 0.5837 0.7862
vn 0.7065 -0.0645 0.7047
vn -0.4609 0.8870 0.0286
vn -0.4219 0.9064 -0.0235
vn -0.7033 0.6881 -0.1785
vn -0.5473 0.8369 -0.0089
vn 0.2777 0.8806 0.3839
vn 0.0709 0.9822 0.1742
vn -0.1072 0.9923 0.0627
vn -0.2602 0.9621 -0.0815
vn -0.3549 0.9218 -0.1561
vn 0.1372 0.9789 0.1515
vn -0.0540 0.9969 0.0578
vn -0.2473 0.9441 -0.2182
vn -0.4559 0.8586 -0.2342
vn -0.1419 0.9477 -0.2860
vn 0.1977 0.9080 -0.3693
vn -0.2968 0.8991 -0.3217
vn -0.5528 0.5608 0.6164
vn -0.5901 0.5732 0.5685
vn 0.0986 0.9489 -0.2998
vn -0.6103 0.4457 0.6549
vn -0.7463 0.6497 0.1445
vn -0.5046 0.2192 0.8350
vn -0.1713 0.8967 -0.4083
vn -0.1690 -0.0691 -0.9832
vn 0.8312 0.2586 -0.4922
vn 0.0107 -0.8462 -0.5328
vn 0.1516 0.9856 0.0753
vn 0.2936 0.9558 -0.0166
vn -0.2096 0.9777 0.0089
vn -0.1365 0.7771 0.6144
vn 0.0296 0.1041 -0.9941
vn -0.8212 0.0085 0.5705
vn 0.1277 -0.5424 -0.8304
vn 0.3793 0.1691 -0.9097
vn -0.4336 0.8973 0.0826
vn 0.0433 0.3531 -0.9346
vn 0.0398 0.3470 -0.9370
vn 0.8723 0.4666 0.1462
vn 0.0562 0.2967 0.9533
vn -0.2816 0.1466 0.9483
vn -0.6174 0.2164 0.7563
vn -0.4187 0.8101 -0.4104
vn -0.0938 0.9823 0.1619
vn -0.1808 0.8591 0.4789
vn -0.6337 0.5968 0.4922
vn 0.7284 -0.6816 0.0693
vn 0.0060 0.9654 0.2606
vn -0.2070 0.5241 0.8261
vn -0.4530 0.8815 -0.1332
vn -0.5007 0.8249 -0.2624
vn 0.9699 0.0085 -0.2434
vn 0.4453 0.2103 -0.8703
vn 0.7334 0.3219 -0.5988
vn -0.5280 0.7513 -0.3958
vn 0.2350 0.9258 -0.2960
vn 0.1648 0.9483 -0.2713
vn -0.0484 0.9825 0.1798
vn -0.2052 0.9722 0.1127
vn -0.1930 0.9804 -0.0386
vn 0.0902 0.9523 -0.2914
vn 0.0791 0.9447 -0.3182
vn 0.0512 0.9438 -0.3266
vn -0.4623 0.8800 -0.1089
vn -0.3791 0.7409 0.5544
vn -0.2315 0.9669 0.1073
vn -0.1473 0.8767 -0.4579
vn 0.0147 0.9702 -0.2417
vn -0.0339 0.9838 -0.1760
vn 0.1989 0.9060 0.3736
vn 0.0403 0.9982 -0.0445
vn -0.3088 0.8681 -0.3887
vn 0.2889 0.6822 -0.6716
vn 0.0120 0.9862 -0.1650
vn 0.1162 0.9932 0.0058
vn -0.3290 0.8487 0.4141
vn -0.3746 0.7802 0.5009
vn -0.1329 0.9717 0.1952
vn -0.2815 0.9594 0.0184
vn -0.3349 0.6490 0.6831
vn -0.3263 0.6362 0.6991
vn -0.4172 0.6279 0.6570
vn -0.4418 0.7857 0.4331
vn -0.4578 0.7901 0.4077
vn -0.3690 0.9285 0.0418
vn -0.1447 -0.2700 -0.9519
vn 0.0673 0.9189 0.3887
vn -0.2925 0.1797 0.9392
vn -0.4930 0.6243 0.6060
vn -0.1284 0.7070 -0.6954
vn -0.5018 -0.4321 -0.7493
vn 0.2598 0.9099 -0.3232
vn -0.0505 0.7380 -0.6729
vn 0.1174 0.9874 -0.1062
vn 0.0592 0.9485 0.3111
vn -0.3649 0.5247 0.7691
vn -0.4494 0.3868 0.8052
vn -0.7466 0.6611 0.0739
vn -0.3636 0.9233 0.1235
vn -0.4823 0.2984 0.8236
vn -0.7229 0.5649 0.3978
vn -0.2339 0.9552 -0.1815
vn -0.0142 0.9968 0.0791
vn -0.0105 0.9437 -0.3305
vn -0.9491 -0.1200 0.2911
vn -0.3982 0.3967 0.8271
vn -0.4622 0.2370 0.8545
vn 0.1661 0.3407 0.9254
vn -0.1048 0.1662 -0.9805
vn -0.3871 0.9220 -0.0116
vn -0.4781 0.8287 -0.2910
vn -0.0817 0.9689 -0.2335
vn -0.5026 0.2983 0.8114
vn -0.2182 0.8521 -0.4757
vn -0.2166 0.9723 -0.0878
vn 0.1313 -0.2140 -0.9680
vn -0.0904 0.9148 0.3938
vn -0.3722 0.9189 -0.1308
vn -0.1347 0.9903 -0.0338
vn 0.0589 0.9983 0.0036
vn -0.1994 0.9746 0.1017
vn -0.0894 0.2376 -0.9672
vn -0.1417 0.9651 0.2202
vn 0.1278 0.9111 0.3918
vn 0.0154 0.9978 0.0643
vn -0.0947 0.9527 0.2888
vn -0.8517 0.4680 0.2357
vn -0.3201 0.9166 0.2397
vn -0.3056 0.9497 -0.0686
vn 0.0147 0.9991 0.0387
vn -0.4712 0.8554 0.2149
vn 0.0035 0.4692 -0.8831
vn -0.2636 0.9481 0.1777
vn 0.1319 0.9742 0.1832
vn -0.5550 0.8232 -0.1198
vn -0.7085 0.6718 -0.2159
vn -0.1196 0.9524 -0.2805
vn -0.3310 0.7157 0.6150
vn -0.1689 0.9499 0.2628
vn 0.2289 0.9599 -0.1621
vn -0.3834 0.7530 -0.5347
vn 0.1916 0.9772 0.0919
vn 0.9436 -0.0856 -0.3197
vn -0.3596 0.7412 0.5669
vn -0.1235 0.5469 0.8280
vn -0.2209 0.6686 0.7100
vn -0.2059 -0.0181 -0.9784
vn -0.3819 0.8166 -0.4329
vn -0.9734 0.2278 0.0240
vn -0.3123 0.9411 0.1295
vn -0.3275 0.9424 0.0688
vn 0.0277 -0.3331 -0.9425
vn -0.6007 0.7937 -0.0962
vn 0.1429 0.8950 -0.4225
vn -0.1645 0.1923 -0.9675
vn -0.0248 -0.4384 0.8984
vn -0.5272 0.7619 0.3762
vn -0.0090 0.9903 -0.1384
vn 0.1150 0.9934 0.0020
vn 0.0937 0.9842 0.1505
vn -0.0116 0.9982 -0.0581
vn 0.2783 0.6041 -0.7467
vn 0.0899 0.2627 -0.9607
vn -0.5009 0.8623 -0.0743
vn -0.9685 -0.1093 0.2237
vn -0.6237 0.4885 0.6103
vn 0.7289 0.3659 -0.5786
vn -0.4045 0.8288 -0.3866
vn -0.4750 0.8708 -0.1273
vn -0.5065 0.8489 -0.1507
vn -0.1438 0.9368 -0.3191
vn -0.0389 0.6810 0.7313
vn -0.3520 0.4323 0.8302
vn -0.5370 0.0021 0.8436
vn -0.0853 0.9497 -0.3014
vn 0.0118 0.9949 -0.1004
vn -0.5018 0.8640 -0.0427
vn -0.0681 0.5550 0.8290
vn -0.8581 0.4736 0.1985
vn -0.2640 0.9567 0.1225
vn -0.4815 0.4003 0.7797
vn -0.1221 0.9923 -0.0221
vn -0.2942 0.3733 -0.8798
vn -0.0475 0.5605 0.8268
vn -0.8850 -0.3982 0.2411
vn -0.1293 0.5811 0.8035
vn -0.2805 0.5291 0.8009
vn -0.4407 0.8748 -0.2013
vn -0.2926 0.7535 0.5888
vn -0.0968 0.3244 -0.9410
vn -0.0613 0.9961 0.0635
vn -0.5150 0.7516 0.4122
vn 0.0237 0.9997 -0.0000
vn -0.5020 0.8448 0.1853
vn 0.0195 0.9989 0.0427
vn 0.3243 0.7906 -0.5194
vn -0.1276 0.5744 0.8086
vn -0.1730 0.5829 0.7939
vn -0.0697 0.3715 0.9258
vn -0.1002 0.9937 0.0505
vn 0.3348 0.7930 -0.5090
vn 0.2796 0.8219 -0.4962
vn -0.6241 0.7555 -0.1992
vn -0.3733 -0.3613 -0.8545
vn 0.0483 0.9455 0.3220
vn 0.0553 0.9461 0.3190
vn -0.2166 0.9416 -0.2580
vn -0.3646 0.8528 0.3738
vn -0.4317 0.9018 0.0187
vn -0.3496 0.9335 -0.0795
vn 0.3345 -0.5399 0.7724
vn -0.4566 0.5791 0.6754
vn 0.9334 -0.2677 0.2391
vn 0.2013 0.8977 0.3920
vn -0.3727 0.6825 0.6287
vn -0.6377 0.2430 0.7310
vn -0.2499 0.9153 -0.3158
vn -0.5825 0.8015 -0.1354
vn 0.1054 0.9510 -0.2905
vn 0.0095 0.6916 -0.7222
vn 0.1549 0.5389 0.8280
vn -0.6505 0.5702 0.5016
vn -0.5683 0.6554 0.4975
vn -0.5027 0.6440 -0.5767
vn 0.6438 0.1573 -0.7488
vn 0.9202 0.3558 0.1632
vn -0.5645 0.7594 -0.3234
vn -0.3642 0.8626 -0.3510
vn 0.0835 0.9919 0.0954
vn -0.1023 0.6060 0.7888
vn -0.1729 0.6635 0.7279
vn -0.3710 0.6679 0.6452
vn -0.3025 0.6467 0.7002
vn -0.4152 0.6249 0.6612
vn -0.4888 0.6731 0.5550
vn 0.6296 0.4679 -0.6202
vn 0.0106 0.8306 -0.5567
vn 0.0085 0.9744 0.2247
vn -0.3786 0.7406 0.5551
vn -0.2609 0.5959 0.7595
vn -0.0363 0.5903 0.8063
vn 0.1164 0.9121 0.3931
vn -0.0394 0.5937 0.8037
vn -0.1136 0.6903 0.7146
vn -0.1216 0.6947 0.7089
vn -0.4165 0.8121 0.4088
vn -0.2277 0.7538 0.6164
vn -0.3147 0.8524 -0.4175
vn 0.5847 0.5675 -0.5797
vn 0.1822 0.4718 0.8627
vn 0.1866 0.5837 0.7903
vn -0.0173 0.7272 0.6862
vn -0.1356 0.7566 0.6397
vn 0.1201 0.6522 0.7485
vn -0.3308 0.9398 0.0861
vn -0.4881 0.8429 0.2262
vn -0.7315 0.6813 -0.0284
vn 0.4324 0.2253 -0.8731
vn -0.3360 0.8261 0.4523
vn 0.1252 0.9706 0.2054
vn -0.3840 0.5713 0.7254
vn 0.2316 0.9514 -0.2030
vn 0.5532 0.7303 -0.4009
vn -0.9591 0.2096 0.1903
vn 0.6684 0.6522 -0.3576
vn -0.5506 0.7661 -0.3315
vn 0.0590 0.7280 0.6830
vn -0.0319 0.7144 0.6990
vn -0.5666 0.6535 0.5019
vn -0.9139 -0.1591 -0.3735
vn -0.1634 0.9543 0.2503
vn -0.3289 0.7197 0.6115
vn -0.4843 0.7391 0.4682
vn 0.2410 0.7367 0.6318
vn -0.7699 0.6286 0.1100
vn -0.0012 -0.3802 -0.9249
vn 0.9806 -0.1053 -0.1653
vn -0.4682 0.8094 0.3545
vn 0.2297 0.9549 -0.1883
vn -0.2690 0.8362 -0.4779
vn 0.1139 0.3881 -0.9145
vn -0.4478 0.8902 0.0842
vn -0.0248 0.7610 0.6483
vn -0.1255 0.7705 0.6249
vn -0.2434 0.8031 0.5439
vn -0.4719 0.8123 0.3429
vn -0.5875 0.7738 0.2366
vn -0.3751 0.9270 0.0068
vn -0.6488 0.7605 0.0263
vn 0.2658 0.7256 0.6347
vn 0.1399 0.7750 0.6162
vn 0.1449 0.7667 0.6254
vn -0.0901 0.7819 0.6169
vn -0.1752 0.8170 0.5494
vn -0.6259 0.7795 -0.0237
vn 0.0829 0.9771 0.1962
vn -0.9939 -0.0646 0.0889
vn -0.1086 0.9916 0.0704
vn -0.3398 0.9402 0.0242
vn -0.6623 0.7491 0.0154
vn -0.3349 0.7754 0.5354
vn 0.0542 0.7912 0.6092
vn -0.3524 0.8691 0.3473
vn -0.6461 0.7584 0.0855
vn 0.2177 -0.2234 -0.9501
vn -0.3304 0.9426 -0.0490
vn -0.1446 0.8413 -0.5209
vn -0.1363 0.8961 -0.4225
vn -0.4418 0.8950 0.0610
vn 0.0425 -0.3807 0.9237
vn 0.4466 -0.5634 0.6950
vn -0.1294 0.8649 0.4851
vn 0.2387 0.2764 -0.9309
vn -0.8364 0.0315 0.5473
vn -0.4787 0.8659 -0.1451
vn -0.1116 0.8309 -0.5451
vn 0.5790 0.0618 -0.8130
vn 0.0458 0.8495 0.5255
vn -0.4049 0.8600 0.3107
vn -0.6498 0.6577 0.3811
vn 0.1464 0.8067 0.5725
vn -0.0049 0.8429 -0.5380
vn -0.7001 0.7024 -0.1281
vn 0.0201 0.8609 0.5083
vn -0.0381 0.8579 0.5123
vn -0.0810 0.8761 0.4753
vn -0.3565 0.8602 0.3646
vn -0.4853 0.8605 -0.1547
vn -0.4851 0.8612 -0.1518
vn -0.6434 0.0159 0.7654
vn 0.1664 0.7842 0.5977
vn -0.2260 0.9096 0.3485
vn -0.4020 0.8196 0.4082
vn -0.5845 0.7692 0.2582
vn -0.6698 0.7333 0.1166
vn 0.2379 -0.7300 -0.6407
vn -0.3432 0.3268 0.8806
vn 0.0823 -0.1776 -0.9807
vn 0.9689 -0.2262 -0.1001
vn 0.9685 0.1373 0.2075
vn -0.0729 0.9022 0.4252
vn -0.5060 0.8220 0.2614
vn -0.3866 0.8739 -0.2949
vn -0.3591 0.8636 -0.3539
vn 0.0987 0.8468 0.5228
vn -0.2429 0.8919 0.3815
vn -0.2708 0.8953 0.3537
vn -0.6595 0.7320 -0.1711
vn -0.3766 0.8899 -0.2576
vn -0.0713 0.9940 0.0824
vn 0.1367 0.9834 -0.1191
vn -0.4739 0.8561 0.2062
vn 0.1516 -0.4400 0.8851
vn -0.3194 0.4991 0.8055
vn -0.2139 0.6381 -0.7397
vn 0.5089 0.5344 -0.6749
vn -0.1122 0.9236 0.3665
vn -0.2845 0.4948 0.8211
vn -0.3093 0.8839 0.3509
vn -0.7304 0.6592 -0.1790
vn 0.5494 -0.4019 -0.7326
vn 0.0364 -0.5342 -0.8446
vn -0.3561 0.0313 -0.9339
vn 0.4893 0.4352 -0.7558
vn 0.1535 0.8798 0.4499
vn -0.6054 0.4371 0.6651
vn -0.4459 0.5105 -0.7352
vn 0.9685 -0.0546 0.2431
vn -0.3585 0.1836 -0.9153
vn -0.2250 0.5005 -0.8360
vn -0.0645 0.5519 -0.8314
vn -0.5579 -0.7680 -0.3145
vn -0.5050 0.4022 -0.7637
vn -0.3675 0.3755 -0.8509
vn -0.6882 -0.6628 0.2951
vn -0.3417 0.8446 -0.4122
vn -0.4110 0.6459 -0.6434
vn -0.3142 0.8719 -0.3755
vn -0.9147 0.3711 -0.1600
vn -0.9416 0.0026 -0.3367
vn -0.0761 0.1744 -0.9817
vn -0.9395 0.1293 -0.3171
vn 0.9517 0.0767 -0.2974
vn 0.8930 0.1090 -0.4366
vn -0.6455 0.6377 -0.4202
vn -0.7655 0.4697 -0.4399
vn -0.8986 0.0040 -0.4388
vn -0.3490 -0.3251 -0.8789
vn -0.5615 0.4339 -0.7046
vn 0.5874 -0.8062 -0.0703
vn -0.3790 -0.0420 -0.9244
vn -0.4707 -0.3119 -0.8253
vn -0.2272 0.7032 -0.6737
vn -0.3748 -0.2924 -0.8798
vn -0.4661 -0.0088 -0.8847
vn -0.2259 0.7090 -0.6681
vn 0.0298 -0.4210 -0.9066
vn -0.6993 0.4231 -0.5762
vn -0.3330 0.7221 -0.6064
vn -0.3821 0.3651 -0.8490
vn 0.9273 0.1450 0.3450
vn 0.9307 -0.3631 0.0433
vn -0.9717 0.1787 -0.1545
vn 0.0358 -0.9992 0.0165
vn 0.5416 0.4537 -0.7077
vn 0.6615 -0.3515 0.6625
vn -0.6691 -0.0025 -0.7432
vn -0.6942 0.4139 -0.5889
vn -0.7933 0.2674 -0.5469
vn -0.5848 -0.2645 -0.7669
vn 0.9718 0.1232 0.2013
vn -0.3174 0.3528 0.8802
vn -0.3912 0.5339 -0.7496
vn 0.8546 0.3697 -0.3647
vn -0.5067 -0.0391 -0.8612
vn -0.2588 0.6938 -0.6721
vn -0.4509 0.3249 -0.8314
vn -0.3500 -0.3726 -0.8595
vn -0.0803 0.7822 -0.6178
vn -0.3576 -0.4720 -0.8058
vn -0.4192 0.5846 -0.6946
vn 0.4907 -0.8616 0.1298
vn -0.1511 0.3373 -0.9292
vn -0.0860 0.4344 -0.8966
vn -0.7324 0.3860 -0.5608
vn -0.5817 0.3446 -0.7368
vn -0.7883 -0.4314 -0.4388
vn -0.3202 -0.0770 -0.9442
vn 0.9854 0.1322 -0.1073
vn 0.9640 -0.0425 -0.2623
vn -0.3246 -0.3361 -0.8841
vn 0.9717 0.1030 -0.2127
vn 0.7447 -0.2231 -0.6290
vn -0.4639 -0.0677 -0.8833
vn -0.3919 -0.2810 -0.8760
vn -0.7543 -0.3933 -0.5257
vn -0.7978 0.5823 -0.1564
vn -0.6332 0.2997 -0.7136
vn 0.0104 -0.2376 -0.9713
vn -0.3270 -0.8063 -0.4928
vn -0.3738 -0.8815 -0.2885
vn -0.3088 -0.8321 -0.4608
vn -0.6574 0.0143 -0.7534
vn -0.6422 0.2879 -0.7104
vn -0.6865 0.3669 -0.6278
vn -0.1353 0.2669 -0.9542
vn -0.7751 -0.1345 -0.6173
vn -0.4265 0.8116 -0.3991
vn -0.9172 -0.2274 -0.3271
vn -0.9467 0.1322 0.2938
vn 0.0432 -0.4736 0.8797
vn -0.5322 0.8026 -0.2694
vn -0.5112 0.6571 -0.5540
vn -0.1666 0.4508 0.8769
vn -0.5155 0.7306 -0.4478
vn -0.2545 0.1662 -0.9527
vn -0.4169 0.5820 -0.6982
vn -0.7416 -0.1821 -0.6456
vn -0.3353 -0.7219 0.6053
vn -0.9641 0.2499 -0.0897
vn 0.1967 -0.4595 0.8661
vn -0.4884 0.5768 -0.6549
vn -0.8800 0.0678 -0.4701
vn 0.4038 -0.8852 0.2309
vn -0.4979 -0.8253 -0.2662
vn 0.1945 0.3896 -0.9002
vn -0.7367 0.3085 -0.6017
vn -0.7281 -0.1701 -0.6641
vn -0.7489 0.2614 -0.6089
vn -0.7224 -0.2750 -0.6344
vn -0.9279 0.2758 -0.2510
vn -0.9769 -0.0784 0.1990
vn -0.2227 -0.1939 -0.9554
vn -0.2152 0.6531 -0.7261
vn -0.6886 0.1390 -0.7117
vn -0.5730 0.5989 -0.5594
vn -0.5869 0.6642 -0.4631
vn -0.8127 -0.2639 -0.5194
vn 0.2309 -0.9613 -0.1505
vn -0.3491 0.8242 -0.4458
vn 0.2942 0.7258 0.6218
vn -0.1761 0.4416 -0.8798
vn -0.6896 0.5979 -0.4086
vn -0.8885 -0.3399 -0.3084
vn -0.8110 0.2237 -0.5406
vn -0.4636 0.0098 -0.8860
vn -0.7726 0.3092 -0.5544
vn -0.0781 0.8857 -0.4576
vn -0.0014 0.1524 -0.9883
vn -0.5469 0.3286 -0.7700
vn 0.9698 0.0822 -0.2297
vn 0.1713 0.3978 -0.9013
vn -0.5134 -0.3237 -0.7947
vn -0.8651 -0.1320 -0.4840
vn -0.9360 0.0702 -0.3450
vn -0.3634 -0.2758 -0.8899
vn -0.7106 0.3216 -0.6258
vn -0.6753 -0.0658 -0.7346
vn 0.1215 0.9546 -0.2720
vn -0.7408 -0.4815 -0.4684
vn -0.5885 -0.2929 -0.7536
vn 0.4094 -0.2171 -0.8861
vn -0.6097 -0.4455 -0.6556
vn -0.6493 -0.0366 -0.7597
vn -0.5315 0.2274 -0.8160
vn 0.1798 0.4527 -0.8734
vn 0.9467 -0.0359 -0.3202
vn 0.7206 -0.6645 0.1978
vn -0.7555 -0.2341 -0.6119
vn -0.8976 -0.1377 -0.4187
vn -0.7608 -0.2353 -0.6048
vn -0.6242 0.1939 -0.7568
vn -0.4476 0.2548 -0.8572
vn -0.7463 0.0806 -0.6607
vn -0.6487 0.7610 0.0114
vn -0.4284 -0.2799 -0.8591
vn -0.4574 0.6315 -0.6260
vn 0.8597 0.3672 -0.3551
vn -0.7141 -0.3065 -0.6293
vn -0.6194 -0.0053 -0.7850
vn -0.7881 -0.1801 -0.5886
vn -0.9833 -0.1567 -0.0928
vn -0.7863 -0.3856 -0.4828
vn -0.6398 -0.2362 -0.7314
vn 0.8853 -0.2349 -0.4013
vn -0.5648 -0.8252 -0.0046
vn 0.9970 0.0762 0.0130
vn -0.1449 -0.1403 -0.9794
vn 0.3590 0.4291 -0.8289
vn -0.4429 -0.3640 -0.8194
vn 0.8632 0.3130 -0.3961
vn -0.5311 0.4374 -0.7257
vn 0.4302 0.3555 -0.8298
vn 0.8584 0.2441 0.4513
vn 0.4024 -0.1550 -0.9023
vn 0.8691 -0.4932 0.0368
vn 0.9988 -0.0447 0.0214
vn -0.5680 0.0120 -0.8229
vn 0.7679 0.3129 -0.5589
vn 0.0439 0.0930 -0.9947
vn -0.8165 -0.0509 0.5751
vn -0.7034 -0.3433 -0.6224
vn -0.7064 0.0049 -0.7078
vn -0.7928 -0.0976 -0.6017
vn -0.2009 0.9032 -0.3794
vn -0.5496 0.7446 -0.3789
vn -0.1373 0.2676 -0.9537
vn -0.1350 0.4864 -0.8632
vn 0.2084 0.5617 -0.8006
vn -0.9371 0.2353 0.2578
vn -0.6629 0.0870 -0.7436
vn 0.0673 0.7872 -0.6130
vn 0.9240 -0.3683 0.1028
vn 0.5188 -0.8163 0.2541
vn -0.9833 -0.1565 -0.0932
vn -0.7960 -0.2966 -0.5277
vn 0.8616 -0.1355 -0.4891
vn -0.5385 0.1586 -0.8275
vn -0.5230 0.4169 -0.7434
vn -0.5394 0.3863 0.7482
vn -0.2549 0.1791 -0.9503
vn 0.9438 0.1856 -0.2734
vn -0.7228 -0.3782 -0.5785
vn -0.3806 0.1412 -0.9139
vn 0.2326 -0.0961 -0.9678
vn -0.6415 0.2261 -0.7330
vn -0.0963 -0.7830 -0.6145
vn -0.3733 0.8147 -0.4438
vn -0.4516 0.5554 -0.6983
vn -0.4430 0.5799 -0.6837
vn -0.7946 -0.0543 -0.6047
vn -0.3121 -0.0875 -0.9460
vn -0.3190 -0.1309 -0.9387
vn -0.3012 0.2317 -0.9250
vn -0.3073 0.1164 -0.9445
vn -0.5298 0.7181 -0.4512
vn -0.4708 -0.3117 -0.8253
vn -0.6171 0.4881 -0.6172
vn -0.1425 -0.8543 0.4999
vn -0.5617 0.0140 -0.8272
vn -0.1661 0.2298 -0.9590
vn -0.3141 0.8763 -0.3653
vn -0.5786 0.3054 -0.7563
vn -0.5777 0.4270 -0.6956
vn -0.4864 0.5547 -0.6750
vn -0.5426 0.6406 -0.5434
vn 0.4220 0.6388 -0.6433
vn -0.9395 0.0278 -0.3414
vn -0.2148 0.4829 -0.8489
vn 0.2569 0.4316 -0.8647
vn -0.5676 0.3227 -0.7574
vn -0.2045 0.2276 -0.9521
vn -0.6046 0.6414 -0.4723
vn -0.3423 0.7247 -0.5981
vn 0.6221 -0.5210 0.5845
vn -0.4290 0.0181 -0.9031
vn 0.9114 -0.3174 0.2619
vn -0.2070 0.3475 -0.9145
vn -0.3363 -0.0958 -0.9369
vn -0.4301 -0.8119 -0.3948
vn -0.6608 0.1175 -0.7413
vn -0.3503 -0.3536 -0.8673
vn -0.4156 0.0746 -0.9065
vn 0.9843 -0.0800 -0.1570
vn -0.3176 -0.3325 -0.8880
vn -0.4132 -0.1662 -0.8953
vn -0.4898 0.2122 -0.8456
vn 0.3925 -0.8870 -0.2432
vn -0.5756 -0.1005 -0.8116
vn -0.7745 0.2737 -0.5703
vn -0.4255 0.4589 -0.7799
vn -0.6575 0.3079 -0.6877
vn -0.4810 0.0096 -0.8767
vn -0.3692 0.3962 -0.8407
vn -0.4200 0.1481 -0.8954
vn -0.9643 -0.1432 0.2230
vn -0.3141 0.7596 -0.5695
vn -0.4830 -0.0526 -0.8741
vn -0.4961 0.4545 -0.7398
vn 0.8912 0.1063 -0.4410
vn 0.8760 0.3763 0.3016
vn -0.6219 0.0523 -0.7814
vn -0.7221 0.5249 -0.4506
vn -0.5161 -0.1181 -0.8484
vn 0.2566 -0.8840 0.3908
vn 0.9990 0.0210 0.0392
vn -0.6938 0.1580 -0.7026
vn -0.6881 0.1787 -0.7032
vn -0.5490 0.5458 -0.6331
vn -0.4150 0.1622 -0.8953
vn -0.6880 -0.5939 -0.4171
vn 0.9962 0.0767 -0.0418
vn 0.9430 -0.2721 -0.1915
vn -0.2913 -0.2166 -0.9318
vn -0.5230 -0.0915 -0.8474
vn -0.5223 -0.0958 -0.8473
vn -0.4546 -0.0783 -0.8873
vn -0.4065 0.5327 0.7423
vn 0.9736 0.2280 0.0041
vn 0.3131 0.7643 0.5637
vn -0.3400 0.8030 -0.4895
vn -0.3138 0.5448 -0.7776
vn -0.5583 0.1791 -0.8101
vn -0.1883 0.4870 -0.8528
vn -0.4151 0.7955 -0.4414
vn -0.3566 -0.2410 -0.9026
vn -0.5528 0.1409 -0.8213
vn -0.5434 0.1947 -0.8166
vn -0.5326 0.1760 -0.8279
vn -0.6441 0.1088 -0.7572
vn -0.4025 -0.3065 -0.8626
vn -0.2885 0.7305 -0.6190
vn 0.9648 0.2494 -0.0831
vn -0.1258 0.9858 -0.1111
vn -0.7953 -0.0550 -0.6038
vn -0.5165 0.2175 -0.8282
vn -0.5462 0.5921 -0.5926
vn -0.5078 0.4765 -0.7177
vn -0.1961 0.2543 -0.9471
vn -0.3147 0.5382 -0.7818
vn -0.3464 0.6971 -0.6277
vn 0.0855 -0.3167 0.9447
vn -0.6027 0.4197 -0.6787
vn -0.5560 0.5406 -0.6314
vn -0.3798 0.8335 -0.4012
vn -0.4762 0.3572 -0.8035
vn 0.8691 0.3596 -0.3397
vn -0.4084 -0.2120 -0.8879
vn -0.4806 -0.0125 -0.8769
vn -0.5473 0.2584 -0.7960
vn -0.4387 0.2923 -0.8498
vn -0.5065 -0.1022 -0.8561
vn -0.3312 0.7982 -0.5031
vn 0.9021 0.2542 0.3488
vn 0.9496 0.0302 -0.3120
vn -0.2098 0.0705 -0.9752
vn -0.4070 -0.2804 -0.8693
vn -0.7653 -0.1489 -0.6262
vn -0.6106 0.5273 -0.5909
vn -0.3020 -0.5273 -0.7942
vn 0.7266 -0.6361 0.2598
vn 0.9727 0.1826 -0.1431
vn 0.9593 0.2123 0.1861
vn -0.5316 0.2273 -0.8159
vn -0.3016 0.1772 -0.9368
vn 0.9787 0.1949 0.0638
vn -0.4350 -0.2590 -0.8623
vn -0.9243 0.1900 -0.3309
vn -0.2671 0.7657 -0.5851
vn -0.3266 0.7590 -0.5633
vn -0.3276 0.7001 -0.6345
vn -0.4898 0.2555 -0.8336
vn -0.5125 0.2172 -0.8308
vn -0.4135 -0.0815 -0.9069
vn 0.8054 -0.1899 -0.5614
vn -0.6128 0.0561 -0.7883
vn -0.6113 0.0676 -0.7885
vn 0.9394 -0.0591 -0.3377
vn 0.0793 -0.2508 0.9648
vn -0.3467 0.2651 -0.8997
vn 0.0460 -0.9963 0.0729
vn -0.3115 0.3732 -0.8739
vn -0.3593 0.5365 -0.7636
vn 0.1812 0.7565 -0.6284
vn 0.6375 -0.2506 0.7286
vn -0.5424 0.4059 -0.7356
vn -0.5154 0.5364 -0.6683
vn 0.8696 0.3409 -0.3571
vn -0.5469 -0.4378 -0.7136
vn -0.5522 -0.2836 -0.7840
vn -0.4719 -0.2139 -0.8553
vn -0.4957 -0.1303 -0.8587
vn -0.3143 0.2959 -0.9020
vn -0.3590 0.4325 -0.8271
vn -0.4589 0.6768 -0.5757
vn -0.3634 0.8104 -0.4596
vn -0.6087 0.5117 -0.6063
vn -0.9116 0.3923 -0.1229
vn -0.3084 0.7754 -0.5511
vn -0.4624 0.6089 -0.6445
vn -0.6113 -0.5182 -0.5981
vn -0.5514 0.0595 -0.8321
vn 0.0545 -0.5288 0.8470
vn -0.5450 0.5622 -0.6220
vn -0.6834 0.4717 -0.5572
vn 0.8554 0.5089 -0.0961
vn -0.6109 0.2537 -0.7500
vn -0.6260 0.2099 -0.7511
vn -0.4747 -0.2560 -0.8421
vn -0.4700 0.2695 -0.8405
vn -0.4654 0.6466 -0.6043
vn -0.0311 -0.6815 0.7311
vn -0.6481 -0.5772 -0.4968
vn -0.5463 0.7421 -0.3884
vn -0.7147 0.5702 0.4050
vn 0.9186 0.3768 -0.1189
vn 0.8193 -0.3699 -0.4380
vn 0.9866 -0.0308 -0.1605
vn 0.7707 0.0943 -0.6301
vn -0.5857 -0.2330 -0.7763
vn -0.5774 -0.0468 -0.8151
vn 0.6118 -0.5980 0.5178
vn -0.9601 0.0045 -0.2796
vn -0.5504 0.3265 -0.7685
vn 0.1288 0.2953 -0.9467
vn -0.2643 0.8365 -0.4800
vn -0.4756 0.7059 -0.5249
vn -0.6721 0.0868 -0.7353
vn -0.4331 0.1906 -0.8809
vn -0.3568 0.2930 -0.8871
vn 0.9727 -0.1927 -0.1296
vn 0.8169 0.3505 0.4581
vn 0.7799 0.6250 0.0350
vn 0.9385 0.3424 -0.0455
vn 0.8051 0.5900 0.0608
vn 0.4238 0.9054 0.0267
vn 0.4081 0.9102 0.0707
vn 0.7107 0.6936 0.1180
vn -0.8495 -0.4396 -0.2919
vn 0.6312 0.6760 0.3802
vn 0.5025 0.8246 0.2597
vn 0.6961 0.3710 0.6146
vn -0.8964 -0.0161 -0.4430
vn 0.0100 -0.0094 -0.9999
vn 0.4958 -0.1488 -0.8556
vn 0.8277 0.5174 -0.2174
vn 0.7913 0.2007 -0.5776
vn 0.5953 -0.5681 -0.5682
vn 0.8364 -0.3516 -0.4205
vn 0.3183 -0.8105 0.4917
vn 0.6848 -0.4144 -0.5994
vn 0.7695 0.0336 -0.6377
vn 0.3880 0.0105 -0.9216
vn 0.6396 -0.5543 -0.5325
vn 0.4311 0.0036 -0.9023
vn 0.3836 0.0586 -0.9216
vn 0.4564 -0.2028 -0.8664
vn 0.7183 -0.5271 -0.4542
vn 0.6956 -0.6720 -0.2541
vn 0.5244 -0.3997 -0.7518
vn 0.6439 -0.6238 -0.4431
vn 0.0618 0.2397 -0.9689
vn 0.2841 0.1336 -0.9495
vn 0.6281 -0.4714 -0.6191
vn -0.1013 0.5525 -0.8273
vn 0.3469 -0.0929 -0.9333
vn 0.4634 -0.2119 -0.8604
vn 0.4984 -0.4952 -0.7116
vn 0.2510 0.9106 -0.3284
vn 0.6175 -0.7246 -0.3060
vn 0.5631 -0.5586 -0.6091
vn 0.5596 -0.5562 -0.6145
vn 0.2914 -0.0623 -0.9546
vn 0.6620 -0.6307 -0.4048
vn 0.2209 0.0364 -0.9746
vn 0.2941 0.1494 -0.9440
vn 0.4988 -0.6575 -0.5647
vn 0.5351 -0.7390 -0.4092
vn -0.2141 -0.3107 -0.9261
vn 0.2793 0.1516 -0.9482
vn 0.3853 -0.3229 -0.8645
vn 0.3910 -0.4566 -0.7992
vn 0.5515 -0.3955 -0.7345
vn 0.5633 -0.6668 -0.4880
vn 0.6427 0.7614 0.0849
vn 0.0067 0.5388 -0.8424
vn 0.3600 -0.3552 -0.8627
vn 0.0225 0.1863 -0.9822
vn 0.3912 -0.5717 -0.7212
vn -0.0687 0.3188 -0.9453
vn 0.8111 0.5449 0.2124
vn 0.6366 0.6871 -0.3501
vn 0.2365 -0.1680 -0.9570
vn 0.2125 -0.8029 -0.5570
vn 0.2242 0.2213 -0.9491
vn 0.2902 -0.0704 -0.9544
vn 0.7477 0.6634 -0.0286
vn -0.2442 -0.8502 -0.4664
vn 0.2784 0.1260 -0.9522
vn 0.0591 -0.9937 -0.0954
vn 0.7921 0.6087 0.0445
vn 0.9163 0.3870 0.1031
vn 0.7231 -0.3578 -0.5909
vn 0.8258 -0.1881 -0.5317
vn 0.7232 0.0637 -0.6877
vn 0.7314 0.1175 -0.6718
vn 0.2554 0.3095 -0.9160
vn 0.4328 -0.5380 -0.7233
vn 0.5019 0.6632 0.5553
vn 0.5848 -0.3631 -0.7254
vn 0.5538 -0.3212 -0.7682
vn 0.6097 0.6542 -0.4475
vn 0.5322 0.2307 -0.8146
vn 0.4582 -0.7399 -0.4925
vn 0.4058 -0.4691 -0.7844
vn -0.1942 0.1907 -0.9622
vn 0.7573 0.5613 0.3339
vn 0.8699 0.4926 0.0263
vn -0.1528 0.5354 0.8306
vn 0.5581 -0.3117 -0.7690
vn 0.5934 -0.3681 -0.7158
vn 0.4918 -0.2613 -0.8306
vn 0.5078 0.0006 -0.8615
vn 0.5031 0.0081 -0.8642
vn 0.4933 0.4054 -0.7696
vn 0.4978 0.4210 -0.7583
vn 0.1257 0.0751 -0.9892
vn 0.9445 0.3192 0.0783
vn 0.7024 0.7108 0.0369
vn 0.6755 -0.2678 -0.6870
vn 0.3883 0.0406 -0.9206
vn 0.5849 0.2463 -0.7728
vn -0.7079 0.6753 0.2073
vn 0.4462 -0.7262 -0.5230
vn 0.3194 0.8076 -0.4958
vn 0.1153 -0.3642 -0.9242
vn 0.5985 0.7665 0.2331
vn 0.7513 0.5678 0.3363
vn 0.6653 -0.2394 -0.7072
vn 0.5944 -0.3573 -0.7205
vn 0.4177 0.3426 -0.8415
vn -0.1165 0.0142 -0.9931
vn 0.4031 -0.5805 -0.7075
vn 0.3059 -0.2955 -0.9051
vn 0.6536 0.7546 -0.0593
vn 0.3961 -0.2760 -0.8757
vn 0.6779 -0.2636 -0.6863
vn 0.4358 -0.2658 -0.8599
vn 0.3470 0.6321 -0.6929
vn 0.3453 -0.6787 -0.6482
vn 0.1490 -0.1883 -0.9707
vn 0.4085 -0.0338 -0.9121
vn 0.2535 0.6265 -0.7370
vn 0.1157 -0.0925 -0.9890
vn -0.6232 0.7819 0.0163
vn -0.9352 -0.2735 0.2251
vn 0.6801 0.6839 0.2640
vn 0.7395 -0.1367 -0.6591
vn 0.3999 -0.2981 -0.8667
vn 0.4448 -0.3083 -0.8409
vn 0.2690 -0.0451 -0.9621
vn -0.2599 -0.3532 -0.8987
vn -0.9435 0.2762 -0.1831
vn 0.5510 -0.0988 -0.8287
vn 0.5351 0.4864 -0.6907
vn 0.5635 0.4562 -0.6888
vn 0.5952 0.5205 -0.6123
vn -0.5069 0.3197 -0.8005
vn 0.4145 -0.1891 -0.8902
vn 0.4010 -0.2965 -0.8668
vn 0.4860 -0.0564 -0.8721
vn 0.5819 0.3558 -0.7313
vn 0.5909 0.3618 -0.7210
vn -0.2718 0.1770 -0.9460
vn -0.4236 -0.1638 -0.8909
vn -0.0905 0.2935 -0.9517
vn -0.4194 -0.3204 -0.8494
vn 0.3981 -0.2936 -0.8691
vn 0.3667 -0.2652 -0.8917
vn 0.5241 0.0708 -0.8487
vn 0.5156 -0.0323 -0.8562
vn 0.7813 0.3030 -0.5457
vn 0.4251 -0.5976 -0.6799
vn -0.0620 0.1085 -0.9922
vn 0.9967 0.0705 0.0403
vn 0.6723 -0.2179 -0.7075
vn 0.3650 -0.2208 -0.9044
vn -0.0076 0.0700 0.9975
vn 0.1113 -0.5061 -0.8552
vn -0.1097 -0.9935 -0.0307
vn 0.1371 -0.7476 -0.6498
vn 0.2103 0.1085 -0.9716
vn 0.5067 0.8090 0.2979
vn 0.8243 0.5394 0.1719
vn 0.6444 0.4313 -0.6314
vn 0.6655 0.4040 -0.6276
vn 0.0333 0.8091 -0.5867
vn 0.5591 -0.0246 -0.8287
vn 0.4609 -0.2576 -0.8492
vn 0.4168 -0.2316 -0.8790
vn 0.6322 0.7655 -0.1193
vn -0.1393 -0.2766 -0.9508
vn -0.1753 -0.0453 -0.9835
vn 0.1762 -0.7200 -0.6712
vn 0.1836 -0.6455 -0.7414
vn 0.2522 -0.2372 -0.9381
vn 0.2280 0.3214 -0.9191
vn 0.2597 -0.0687 -0.9632
vn 0.4587 0.1386 -0.8777
vn 0.4072 -0.2957 -0.8642
vn 0.1211 0.5423 -0.8314
vn 0.2568 0.0024 -0.9665
vn 0.4218 -0.5864 -0.6916
vn 0.8407 0.0084 -0.5414
vn -0.3797 0.8333 -0.4018
vn 0.4281 0.1381 -0.8931
vn 0.6012 -0.7748 0.1957
vn 0.2993 0.8936 -0.3346
vn 0.4099 -0.2946 -0.8632
vn 0.4051 -0.2274 -0.8855
vn -0.0249 -0.1314 -0.9910
vn 0.4102 -0.6137 -0.6746
vn 0.4645 -0.6082 -0.6437
vn 0.7068 0.3011 -0.6401
vn 0.7417 0.4095 -0.5312
vn 0.3277 0.5181 -0.7901
vn 0.4098 0.4990 -0.7636
vn 0.4363 -0.0462 -0.8986
vn 0.9460 0.2773 -0.1681
vn 0.6983 -0.7029 -0.1353
vn 0.4895 0.7364 -0.4670
vn 0.1431 0.2438 -0.9592
vn 0.0210 0.0362 -0.9991
vn 0.2471 -0.3755 -0.8933
vn -0.0230 0.1756 -0.9842
vn 0.2208 0.4200 -0.8803
vn 0.2762 0.5890 -0.7594
vn 0.3576 -0.1138 -0.9269
vn 0.5735 -0.3510 -0.7402
vn 0.4531 -0.6402 -0.6204
vn 0.0367 0.3440 -0.9382
vn 0.4662 -0.1818 -0.8658
vn 0.4267 -0.2531 -0.8683
vn 0.4264 -0.2525 -0.8686
vn 0.7201 0.2545 0.6455
vn 0.9851 0.1517 -0.0806
vn 0.1483 0.2511 -0.9565
vn 0.1480 -0.1897 -0.9706
vn -0.2031 0.4331 -0.8782
vn 0.2694 -0.5660 -0.7791
vn -0.0361 0.0223 -0.9991
vn 0.4175 0.7442 -0.5213
vn 0.4121 0.3945 -0.8213
vn 0.3055 -0.1135 -0.9454
vn 0.5726 0.5898 0.5695
vn -0.1529 -0.9878 -0.0302
vn 0.1461 0.5241 -0.8391
vn 0.6067 -0.6619 -0.4402
vn -0.2175 -0.6528 -0.7257
vn 0.0681 0.1820 -0.9809
vn 0.1046 0.5383 -0.8363
vn 0.1700 0.4723 -0.8649
vn 0.0448 0.0956 -0.9944
vn -0.2214 -0.5050 -0.8343
vn 0.3405 0.1754 -0.9238
vn 0.4414 0.4102 -0.7981
vn 0.3927 0.5716 -0.7204
vn 0.0100 0.6235 -0.7818
vn 0.3153 0.4492 -0.8359
vn 0.3912 -0.0152 -0.9202
vn 0.8378 0.3309 0.4343
vn 0.7928 0.6031 0.0887
vn 0.5441 0.4361 -0.7168
vn 0.3653 0.2975 -0.8821
vn 0.0471 0.5035 -0.8627
vn 0.4197 0.7043 -0.5725
vn 0.4481 0.7391 -0.5030
vn 0.4323 -0.6461 -0.6290
vn 0.2156 -0.0110 -0.9764
vn -0.4984 -0.0635 -0.8646
vn -0.5872 0.7573 -0.2859
vn 0.0670 0.1509 -0.9863
vn 0.7373 0.4102 -0.5368
vn 0.3647 -0.2484 -0.8974
vn 0.7035 0.5312 0.4722
vn 0.2069 0.9604 0.1867
vn 0.7255 0.3861 0.5697
vn 0.0518 -0.5373 -0.8418
vn 0.3803 0.7110 -0.5915
vn 0.9339 0.2792 -0.2235
vn 0.2472 -0.5020 -0.8288
vn 0.2287 -0.4635 -0.8561
vn -0.2289 0.0059 -0.9734
vn -0.0133 -0.1477 -0.9889
vn 0.3916 0.7811 -0.4864
vn 0.5464 -0.0362 -0.8367
vn 0.3771 -0.2498 -0.8918
vn 0.7394 0.5011 0.4497
vn 0.7439 -0.3187 -0.5874
vn -0.0658 -0.9904 -0.1214
vn 0.3654 0.9208 -0.1361
vn 0.4262 0.0138 -0.9045
vn 0.5011 0.0877 -0.8609
vn -0.3346 -0.7295 -0.5966
vn -0.0716 0.5507 -0.8316
vn -0.7395 -0.6708 0.0561
vn 0.3590 0.7248 -0.5880
vn 0.4687 0.4041 -0.7856
vn 0.3828 0.5793 -0.7196
vn 0.5718 0.0647 -0.8179
vn -0.0392 0.4543 -0.8900
vn 0.4960 0.8142 0.3018
vn 0.5247 -0.5460 -0.6531
vn 0.2443 0.2508 -0.9367
vn 0.2708 -0.5671 -0.7778
vn -0.0568 -0.1452 -0.9878
vn -0.5588 -0.0068 0.8293
vn 0.0343 -0.3318 -0.9427
vn 0.0774 -0.0846 -0.9934
vn -0.7786 0.6151 0.1239
vn -0.4839 0.7188 -0.4991
vn -0.4962 0.7485 -0.4399
vn 0.8718 0.2684 -0.4098
vn 0.7635 -0.0238 -0.6454
vn 0.7701 0.0365 -0.6369
vn 0.4560 -0.7139 0.5314
vn 0.8395 0.5244 0.1425
vn 0.4233 -0.6718 -0.6079
vn 0.2052 -0.2222 -0.9532
vn 0.4874 0.6811 -0.5464
vn -0.4837 0.8308 -0.2753
vn 0.1491 -0.1045 -0.9833
vn 0.3690 0.9016 0.2258
vn 0.7493 -0.1510 -0.6448
vn 0.7259 0.3084 -0.6148
vn 0.6645 0.4490 0.5974
vn 0.1368 -0.3518 -0.9260
vn 0.1283 0.2534 -0.9588
vn 0.2822 -0.4737 -0.8342
vn -0.0082 -0.3071 -0.9517
vn -0.0156 -0.4495 -0.8932
vn 0.8294 0.5586 -0.0093
vn 0.6827 -0.1079 -0.7227
vn 0.7699 0.2015 -0.6055
vn 0.2514 0.9653 0.0713
vn 0.3156 0.0348 -0.9483
vn -0.2239 0.3010 -0.9269
vn 0.2604 -0.5886 -0.7654
vn 0.1278 0.2452 -0.9610
vn 0.1944 -0.3541 -0.9148
vn 0.2699 0.7558 -0.5965
vn 0.7621 0.3658 -0.5342
vn 0.6033 0.5629 -0.5649
vn 0.9339 -0.1422 0.3281
vn -0.0304 0.1764 -0.9839
vn -0.0096 -0.0882 -0.9961
vn 0.5356 0.7765 0.3319
vn 0.7109 0.3128 0.6299
vn 0.9041 -0.1839 0.3858
vn 0.7567 0.0476 -0.6520
vn 0.6646 0.5378 0.5188
vn 0.4624 -0.4933 -0.7368
vn -0.2011 0.2648 -0.9431
vn 0.5913 0.5835 -0.5567
vn -0.0757 0.1242 -0.9894
vn -0.1558 0.4370 -0.8859
vn 0.6873 0.1768 0.7045
vn 0.7305 0.3471 0.5882
vn 0.9323 0.3324 0.1424
vn 0.6884 -0.0564 -0.7231
vn 0.7139 0.1876 -0.6747
vn 0.7609 0.6273 0.1655
vn 0.0204 -0.9998 0.0069
vn 0.9047 0.3487 0.2446
vn 0.3557 -0.3469 -0.8678
vn -0.1078 0.2160 -0.9704
vn 0.2418 -0.4782 -0.8443
vn 0.5080 0.8417 0.1829
vn -0.9985 0.0330 0.0445
vn 0.7735 0.6280 -0.0852
vn 0.3234 -0.1902 -0.9270
vn 0.7815 -0.1745 -0.5990
vn 0.7433 -0.0280 -0.6684
vn 0.0206 -0.9996 0.0184
vn 0.7581 0.6459 -0.0902
vn 0.5991 0.7913 -0.1219
vn 0.9078 0.3629 0.2102
vn 0.9005 0.3578 0.2472
vn 0.5767 0.8168 -0.0174
vn 0.8177 0.4174 0.3965
vn 0.4443 0.8945 0.0504
vn -0.5616 0.6145 -0.5542
vn 0.6527 0.7183 -0.2408
vn 0.5971 -0.0577 -0.8001
vn 0.6684 -0.5787 -0.4673
vn 0.4893 -0.7489 -0.4469
vn 0.7613 -0.1905 -0.6198
vn 0.3594 0.9093 -0.2098
vn 0.8247 0.5488 0.1370
vn 0.6762 0.7346 -0.0557
vn 0.8612 -0.3440 -0.3741
vn 0.4312 -0.4874 -0.7593
vn 0.4833 0.2148 -0.8487
vn 0.7296 -0.1877 -0.6576
vn 0.0981 -0.5118 -0.8535
vn 0.6289 0.6472 -0.4308
vn 0.6330 -0.3609 -0.6849
vn 0.5192 -0.4610 -0.7196
vn 0.7699 -0.2039 -0.6048
vn 0.6322 -0.0028 -0.7748
vn 0.7016 0.1938 -0.6857
vn 0.7007 0.2153 -0.6802
vn 0.7068 0.3685 -0.6038
vn 0.3869 0.3765 0.8418
vn 0.9097 -0.1726 0.3778
vn 0.3342 0.9364 0.1073
vn 0.7640 -0.0337 -0.6443
vn 0.1399 0.1057 -0.9845
vn 0.1009 0.1284 -0.9866
vn 0.3311 0.7120 -0.6192
vn 0.1787 0.5937 -0.7846
vn 0.7540 0.6313 0.1813
vn 0.5334 -0.7256 -0.4347
vn 0.5174 -0.6901 -0.5060
vn 0.5897 -0.2744 -0.7596
vn 0.6012 -0.1768 -0.7793
vn 0.5773 0.0729 -0.8133
vn 0.7554 0.1531 -0.6372
vn 0.7694 0.2231 -0.5985
vn 0.9667 0.1761 0.1855
vn 0.9106 0.4131 0.0148
vn 0.7663 0.6283 0.1345
vn 0.9202 0.1287 -0.3697
vn 0.3454 -0.1209 -0.9306
vn 0.3873 0.0964 -0.9169
vn 0.5162 0.5289 -0.6736
vn 0.5438 0.5669 -0.6188
vn 0.4620 0.8030 -0.3765
vn 0.6147 0.1005 -0.7824
vn 0.4914 -0.2755 -0.8262
vn 0.5982 -0.6201 -0.5076
vn 0.3279 -0.7124 -0.6204
vn 0.3626 -0.6005 -0.7127
vn 0.4807 -0.4340 -0.7619
vn 0.5409 -0.2003 -0.8169
vn 0.5495 0.0756 -0.8321
vn 0.6918 0.3486 -0.6324
vn 0.3564 0.8611 0.3625
vn 0.9694 0.2454 0.0009
vn 0.7267 0.1311 -0.6743
vn 0.7404 0.1707 -0.6502
vn 0.2609 0.2947 -0.9193
vn 0.5302 -0.8165 -0.2284
vn -0.6178 0.5917 0.5179
vn 0.2604 0.4681 0.8444
vn 0.6473 0.6559 -0.3884
vn 0.0235 -0.9994 0.0242
vn 0.5856 -0.2240 -0.7791
vn 0.3735 -0.0010 -0.9276
vn 0.5116 0.1910 -0.8378
vn 0.5002 0.2831 -0.8183
vn 0.5660 0.3536 -0.7448
vn 0.5850 0.7965 -0.1528
vn -0.1215 -0.9629 0.2411
vn 0.6446 0.0855 -0.7598
vn 0.7274 0.1893 -0.6596
vn 0.7094 0.2857 -0.6443
vn 0.6972 0.3699 -0.6140
vn 0.4953 0.6795 -0.5413
vn 0.4730 0.8035 -0.3615
vn 0.4466 0.8219 -0.3535
vn 0.7148 -0.0266 -0.6989
vn 0.3998 -0.3318 -0.8544
vn 0.4995 0.1764 -0.8482
vn 0.6780 -0.0419 -0.7339
vn 0.6828 0.0292 -0.7300
vn 0.7427 0.1619 0.6498
vn 0.8423 0.1604 -0.5146
vn 0.6276 0.2327 -0.7429
vn 0.7682 0.2619 -0.5842
vn 0.6733 0.3692 -0.6407
vn 0.2979 0.1166 -0.9475
vn 0.3893 -0.6115 -0.6889
vn 0.4215 -0.3059 -0.8537
vn 0.3651 -0.5218 -0.7710
vn 0.4114 0.0736 -0.9085
vn 0.7288 -0.4159 -0.5439
vn 0.7247 -0.4383 -0.5317
vn 0.6151 -0.0587 -0.7863
vn 0.7512 0.2291 -0.6190
vn 0.6554 0.4544 0.6033
vn 0.6796 0.2450 -0.6914
vn 0.6278 0.2698 -0.7301
vn 0.5166 0.4840 -0.7063
vn 0.3881 0.6059 -0.6945
vn 0.0883 0.7306 -0.6771
vn 0.2758 0.5308 -0.8014
vn -0.0304 0.1355 -0.9903
vn -0.1697 0.6590 -0.7328
vn 0.2693 0.6530 -0.7079
vn 0.2936 0.1258 -0.9476
vn 0.2594 -0.4743 -0.8413
vn 0.3726 -0.7499 -0.5466
vn 0.3328 -0.7105 -0.6200
vn 0.3846 -0.6152 -0.6882
vn 0.4796 -0.2918 -0.8275
vn 0.4411 0.0659 -0.8950
vn 0.4674 -0.0155 -0.8839
vn 0.4894 0.1732 -0.8547
vn 0.5787 0.3358 -0.7432
vn 0.6010 0.1309 -0.7885
vn 0.5675 0.1613 -0.8074
vn 0.5672 0.2125 -0.7957
vn 0.7402 0.2782 -0.6121
vn 0.7632 0.3115 -0.5662
vn 0.6305 0.1311 -0.7650
vn 0.3123 0.5543 -0.7715
vn 0.2606 0.5416 -0.7992
vn 0.2404 0.0678 -0.9683
vn 0.4308 -0.0622 -0.9003
vn 0.7210 -0.4269 -0.5457
vn 0.7359 0.1777 -0.6534
vn 0.5410 0.7253 -0.4257
vn 0.8028 0.1246 0.5831
vn 0.9045 -0.4264 -0.0089
vn 0.2468 0.8097 -0.5324
vn 0.0577 0.7400 -0.6701
vn 0.2761 0.8896 -0.3638
vn 0.2921 0.8747 -0.3868
vn 0.8803 0.4738 0.0238
vn 0.2770 -0.6026 -0.7485
vn 0.4130 -0.3075 -0.8572
vn 0.5033 0.1129 -0.8567
vn 0.4689 -0.0267 -0.8829
vn 0.4949 0.1815 -0.8498
vn 0.4541 0.2962 -0.8402
vn 0.4969 0.0543 -0.8661
vn 0.5619 0.3247 -0.7608
vn -0.7922 -0.1900 -0.5799
vn -0.0532 0.3186 -0.9464
vn 0.1243 0.7317 -0.6702
vn -0.0293 0.1728 -0.9845
vn 0.1306 0.9358 -0.3276
vn 0.0271 0.1793 -0.9834
vn -0.0404 -0.2091 -0.9771
vn 0.9073 -0.4124 0.0818
vn 0.9494 -0.2881 0.1251
vn 0.9874 -0.0866 -0.1322
vn 0.3647 -0.5975 -0.7141
vn 0.3377 -0.5058 -0.7938
vn 0.3343 -0.3966 -0.8550
vn 0.6281 -0.4305 -0.6482
vn 0.6532 -0.4173 -0.6318
vn 0.5964 -0.1300 -0.7921
vn 0.7011 0.5459 0.4587
vn 0.8232 0.2704 0.4993
vn 0.6318 0.5375 0.5585
vn 0.6371 -0.2492 0.7293
vn 0.8056 0.2922 0.5154
vn 0.6512 0.7589 0.0081
vn 0.1551 0.7480 0.6453
vn 0.6720 0.7378 0.0646
vn 0.7794 0.6048 -0.1636
vn 0.1886 -0.6932 0.6957
vn 0.7231 0.6905 -0.0177
vn 0.4175 0.8865 0.1996
vn 0.3489 0.8904 -0.2923
vn 0.4630 0.6189 0.6345
vn 0.4867 0.6354 0.5995
vn 0.9997 0.0189 -0.0171
vn 0.5799 0.1531 0.8001
vn 0.2851 0.9047 -0.3165
vn 0.3938 0.9103 -0.1276
vn 0.8053 0.3222 0.4977
vn 0.8980 0.3493 0.2677
vn -0.2865 0.5428 0.7895
vn -0.1766 0.1038 0.9788
vn 0.1527 -0.9721 0.1779
vn 0.4532 0.7309 0.5103
vn 0.5823 0.5456 0.6027
vn 0.7551 0.3735 0.5387
vn 0.8788 0.4723 0.0679
vn 0.2624 -0.1019 0.9596
vn -0.8699 -0.4388 0.2252
vn 0.4861 0.4303 0.7606
vn 0.2753 -0.1263 0.9530
vn 0.5836 0.2882 0.7592
vn 0.4950 0.4295 0.7553
vn 0.2005 -0.9465 -0.2531
vn 0.6904 0.1599 0.7055
vn 0.8327 0.4729 0.2880
vn 0.6592 0.6477 0.3820
vn 0.5494 0.8344 -0.0443
vn 0.4148 0.9076 -0.0655
vn 0.5021 0.7629 0.4073
vn 0.7407 0.3321 0.5840
vn 0.7235 0.4627 0.5124
vn 0.5167 0.7191 0.4647
vn 0.4251 0.6876 0.5886
vn 0.7506 0.3805 0.5403
vn 0.7735 0.4143 0.4797
vn 0.8368 0.2902 0.4642
vn 0.5639 0.7689 0.3014
vn 0.7296 0.5339 0.4275
vn 0.5791 0.6441 0.4998
vn 0.8592 0.4235 0.2872
vn 0.8785 0.3557 0.3190
vn 0.9726 0.2313 0.0234
vn 0.6148 0.2281 0.7550
vn 0.4471 0.8569 -0.2564
vn -0.4634 0.5819 -0.6683
vn 0.6852 0.5194 -0.5107
vn -0.0655 -0.9975 0.0273
vn 0.6324 0.6181 0.4670
vn 0.8571 0.2630 0.4430
vn 0.6544 0.2057 0.7277
vn 0.8920 0.0538 -0.4488
vn -0.5827 -0.1314 -0.8020
vn 0.3897 0.4736 0.7898
vn 0.8110 0.2111 0.5457
vn 0.7152 -0.1440 0.6839
vn 0.9666 0.2559 -0.0130
vn 0.3543 0.5923 0.7237
vn 0.6949 0.7184 -0.0330
vn 0.4746 0.8796 -0.0319
vn 0.7799 0.4808 0.4007
vn 0.6138 0.5323 0.5829
vn 0.4732 0.4247 0.7718
vn 0.4366 0.8984 0.0475
vn 0.8356 0.5489 0.0209
vn 0.6229 0.5112 0.5921
vn 0.4791 0.8112 0.3353
vn -0.0481 -0.9984 0.0294
vn 0.5956 0.5962 0.5384
vn 0.5884 0.7858 0.1906
vn 0.8767 0.4726 0.0899
vn -0.5283 -0.5807 0.6194
vn 0.3782 0.9251 0.0334
vn 0.4022 0.9063 -0.1298
vn 0.6778 0.2481 0.6921
vn 0.7332 0.5602 0.3854
vn 0.7866 0.2842 0.5481
vn 0.7303 0.4928 0.4731
vn 0.5143 0.0105 0.8575
vn 0.4220 0.7943 0.4370
vn 0.9503 0.1106 0.2911
vn 0.5499 -0.1164 0.8270
vn 0.2095 0.9752 0.0714
vn 0.2338 0.9670 0.1015
vn 0.8029 0.5573 0.2117
vn 0.7738 0.6327 0.0322
vn 0.6862 0.7233 -0.0766
vn 0.6804 0.7179 0.1472
vn 0.4347 0.4908 0.7551
vn -0.1111 0.9899 0.0877
vn 0.3975 0.4819 -0.7808
vn 0.2860 0.6218 0.7291
vn 0.6899 0.7072 -0.1546
vn 0.4636 0.5463 0.6975
vn 0.6309 0.6077 0.4823
vn 0.5402 0.7643 0.3521
vn 0.5943 0.7180 0.3624
vn -0.0372 -0.9992 0.0156
vn 0.9117 0.4014 0.0875
vn 0.9689 0.1701 -0.1795
vn 0.8541 0.5198 0.0205
vn -0.0181 -0.9994 0.0285
vn 0.8323 0.5531 -0.0375
vn 0.4204 -0.1120 -0.9004
vn 0.6104 0.7907 -0.0474
vn 0.6400 0.5078 0.5766
vn 0.4975 0.5748 0.6496
vn 0.7452 0.5611 0.3603
vn 0.8016 0.5828 0.1337
vn 0.4370 0.6228 -0.6489
vn 0.9107 0.2927 -0.2914
vn 0.9042 0.3418 -0.2562
vn 0.6157 0.1950 0.7635
vn 0.9674 0.2002 0.1554
vn 0.8559 0.3542 0.3767
vn 0.3494 0.8724 -0.3420
vn 0.8423 0.5148 -0.1597
vn 0.7594 0.3259 -0.5631
vn 0.7261 0.4641 0.5074
vn 0.3258 0.9428 -0.0702
vn 0.4387 0.8939 -0.0920
vn 0.4251 0.8908 -0.1607
vn 0.8405 0.5227 0.1426
vn 0.6485 0.0275 0.7607
vn 0.8923 0.4383 0.1084
vn 0.6100 0.7805 0.1366
vn 0.8770 0.4778 0.0506
vn 0.7180 0.6952 0.0346
vn 0.7841 0.6169 0.0675
vn 0.6374 -0.6243 0.4516
vn 0.7918 0.3145 0.5235
vn 0.7407 0.4451 0.5031
vn 0.9581 0.1472 0.2459
vn 0.7465 0.6565 0.1080
vn 0.5347 0.8077 -0.2484
vn 0.8972 -0.1560 -0.4131
vn 0.8533 -0.5214 0.0013
vn -0.0119 -0.2700 0.9628
vn 0.5540 0.0051 0.8325
vn 0.6136 0.7283 -0.3052
vn 0.8265 0.5445 0.1429
vn 0.5933 -0.7529 0.2846
vn 0.7112 0.6975 0.0879
vn 0.4228 0.7936 -0.4376
vn 0.7565 0.6488 -0.0818
vn 0.3934 -0.5937 0.7019
vn 0.8954 0.4372 0.0841
vn -0.8419 0.1588 -0.5158
vn 0.7320 0.6768 0.0782
vn 0.8122 0.5653 0.1439
vn 0.8269 0.5455 0.1369
vn 0.7644 0.2910 0.5753
vn 0.7813 0.2589 0.5680
vn 0.8821 0.4364 0.1774
vn 0.7436 0.0077 0.6686
vn 0.7214 0.6056 0.3359
vn 0.7089 0.2679 0.6525
vn 0.3617 -0.6813 -0.6364
vn 0.0793 0.9689 0.2345
vn 0.8044 0.5934 0.0269
vn 0.3454 0.9370 0.0525
vn 0.8109 0.5835 0.0447
vn -0.3265 -0.8899 0.3186
vn 0.8332 0.5510 0.0464
vn 0.3347 -0.1203 0.9346
vn 0.7884 0.4729 0.3934
vn 0.5192 0.8025 0.2939
vn 0.7320 -0.6564 -0.1825
vn 0.5277 0.8279 -0.1902
vn 0.9043 0.3325 0.2678
vn 0.4192 0.8085 0.4130
vn 0.4337 0.8963 -0.0923
vn 0.9182 0.2084 0.3367
vn 0.4325 -0.2994 0.8505
vn 0.6064 0.3056 0.7341
vn 0.5966 0.8018 0.0338
vn 0.6001 0.7978 0.0586
vn 0.7363 0.6376 0.2267
vn -0.6872 -0.0621 0.7238
vn 0.9592 0.0073 0.2825
vn 0.5904 0.7942 0.1438
vn 0.4559 0.3736 0.8078
vn 0.8917 0.4368 0.1184
vn 0.6822 0.7155 -0.1507
vn 0.7635 0.6226 -0.1716
vn 0.8091 0.5713 -0.1373
vn 0.5095 0.1595 0.8456
vn -0.1183 0.9375 -0.3272
vn 0.8341 0.4831 -0.2661
vn 0.3804 0.9233 0.0526
vn 0.4144 0.8003 0.4334
vn 0.9457 -0.2032 0.2538
vn 0.6610 0.6458 0.3821
vn 0.6919 0.6562 -0.3012
vn 0.6065 0.7934 -0.0515
vn 0.7315 0.4800 0.4842
vn 0.6243 0.7743 -0.1035
vn -0.2336 0.4014 0.8856
vn 0.2989 0.8285 0.4735
vn 0.5852 0.7793 0.2242
vn 0.7442 0.2700 0.6110
vn 0.8896 0.2450 0.3855
vn 0.7891 0.4646 0.4018
vn 0.7541 0.6418 0.1393
vn 0.6505 0.6547 -0.3851
vn 0.6897 0.6520 -0.3150
vn -0.0504 0.5953 0.8019
vn 0.5960 0.6730 0.4380
vn 0.5908 0.7895 0.1659
vn 0.6407 0.3551 0.6808
vn 0.6555 0.3138 0.6869
vn 0.6606 0.3075 0.6849
vn 0.7838 0.6103 -0.1151
vn 0.2892 0.8193 -0.4951
vn 0.2622 0.4627 0.8469
vn 0.7855 0.1889 0.5893
vn 0.6953 0.3735 0.6140
vn 0.6394 0.7590 -0.1229
vn 0.6768 0.7260 -0.1224
vn 0.9075 0.4196 -0.0203
vn 0.7253 0.6648 0.1786
vn 0.5305 0.8408 0.1076
vn 0.8501 0.5161 0.1047
vn 0.7855 0.6068 -0.1217
vn 0.5979 0.7925 -0.1203
vn 0.4240 0.3783 0.8229
vn 0.4310 0.3704 0.8228
vn 0.6600 0.7492 -0.0545
vn 0.8786 0.4478 0.1660
vn 0.5626 0.8267 -0.0006
vn 0.5470 0.5888 -0.5950
vn 0.1382 0.4175 0.8981
vn 0.5939 0.8033 0.0458
vn 0.6078 0.5383 0.5838
vn 0.5398 0.8409 0.0397
vn 0.7286 0.6832 -0.0486
vn 0.3773 0.9013 -0.2129
vn 0.8476 0.5153 0.1265
vn 0.8466 0.5306 0.0420
vn 0.6988 0.3129 0.6433
vn 0.3805 0.8976 -0.2225
vn 0.4030 0.9135 0.0548
vn 0.7300 0.2725 0.6268
vn 0.5523 0.1751 0.8151
vn 0.7117 0.6805 -0.1743
vn 0.1123 0.3996 0.9098
vn 0.2433 0.8462 0.4740
vn 0.8977 0.4383 0.0453
vn 0.4116 0.6862 0.5997
vn 0.5466 0.8342 0.0736
vn 0.6677 0.7427 0.0516
vn 0.7936 0.5960 0.1222
vn 0.9279 0.3518 0.1234
vn 0.5645 0.8255 0.0012
vn 0.4033 0.9024 -0.1515
vn 0.3684 0.9021 0.2246
vn 0.6927 0.1095 0.7129
vn 0.5702 0.5581 -0.6028
vn 0.2528 0.9567 0.1439
vn 0.3458 0.9234 0.1665
vn 0.5422 0.8365 0.0788
vn 0.8890 0.4385 0.1319
vn 0.8976 0.4163 0.1449
vn -0.6478 -0.5429 -0.5344
vn 0.8394 0.5376 0.0805
vn 0.2961 0.5740 0.7635
vn 0.5628 0.8252 0.0477
vn 0.9682 -0.1835 0.1701
vn 0.4358 0.7439 0.5066
vn 0.9732 0.1995 0.1141
vn 0.7352 0.6736 0.0755
vn -0.8322 -0.3052 -0.4629
vn 0.9943 0.0854 0.0632
vn 0.2190 0.9577 0.1866
vn 0.7691 0.5968 0.2287
vn 0.1398 -0.9017 0.4091
vn -0.9570 -0.2036 0.2069
vn 0.8758 0.3771 0.3012
vn 0.6271 0.4582 0.6299
vn 0.8317 0.5528 -0.0513
vn 0.7311 0.6623 0.1639
vn 0.8311 0.5325 0.1600
vn 0.8622 0.4241 0.2770
vn 0.7485 0.6627 -0.0264
vn 0.5239 0.8378 0.1535
vn 0.5990 0.5213 0.6078
vn 0.3528 0.8033 0.4798
vn 0.3168 0.7613 0.5657
vn -0.6756 0.7344 0.0651
vn 0.5330 0.8026 0.2680
vn 0.8936 0.4488 0.0100
vn 0.8185 0.2868 0.4978
vn 0.5936 0.7982 0.1028
vn 0.7529 0.6174 0.2279
vn 0.7653 0.4577 0.4527
vn 0.5303 0.5331 0.6592
vn 0.4019 0.8884 -0.2217
vn 0.8182 0.3934 0.4194
vn 0.6606 0.2987 0.6887
vn 0.0826 -0.7746 -0.6270
vn 0.6035 0.7950 0.0619
vn 0.5277 0.4700 0.7075
vn 0.8778 0.2479 0.4098
vn 0.5642 0.7362 0.3738
vn 0.5206 0.8181 -0.2444
vn 0.3166 0.7787 -0.5416
vn 0.5578 0.4185 0.7167
vn 0.5370 0.5674 -0.6243
vn 0.6059 0.7661 0.2144
vn 0.8824 0.4155 0.2208
vn 0.5774 0.8035 0.1448
vn 0.2561 -0.8304 0.4948
vn 0.5976 0.7325 0.3262
vn 0.8564 0.5117 0.0684
vn 0.8210 0.5699 0.0341
vn 0.8728 0.4877 -0.0180
vn 0.9132 0.4071 0.0191
vn 0.5379 0.8429 -0.0133
vn 0.3854 0.9110 -0.1468
vn 0.7888 0.3832 0.4805
vn 0.6127 0.7890 0.0457
vn 0.7749 0.3043 -0.5540
vn 0.7405 0.0788 0.6675
vn 0.8474 0.3088 0.4319
vn 0.2821 0.9167 0.2831
vn 0.3197 0.9010 0.2933
vn 0.5906 0.6880 0.4218
vn 0.6515 0.6786 0.3391
vn 0.7692 0.4791 0.4229
vn 0.6979 0.6675 0.2597
vn 0.6854 0.6823 0.2545
vn 0.7778 0.6269 0.0455
vn 0.5698 0.6879 0.4496
vn 0.6168 0.6447 -0.4516
vn 0.7981 0.5899 0.1228
vn 0.3136 0.5822 0.7501
vn 0.9617 0.2043 -0.1829
vn 0.3228 0.9006 0.2909
vn 0.8128 0.5679 0.1300
vn 0.7118 0.5492 0.4378
vn 0.4789 0.8650 0.1500
vn 0.7761 0.6199 0.1154
vn 0.0774 -0.9440 0.3206
vn 0.2197 0.7388 -0.6371
vn 0.6887 -0.5348 -0.4896
vn 0.3745 0.8318 0.4098
vn 0.5128 0.7403 0.4347
vn 0.9080 0.3927 0.1458
vn 0.7624 0.4221 -0.4904
vn -0.2872 0.9560 -0.0600
vn 0.7739 0.1537 0.6143
vn 0.7004 0.6489 0.2973
vn 0.9768 0.2136 0.0182
vn 0.9432 0.3211 0.0848
vn 0.8552 0.1795 -0.4861
vn -0.0541 0.8064 -0.5889
vn 0.7685 0.3437 -0.5398
vn 0.9511 0.1744 -0.2550
vn 0.9392 0.1334 -0.3163
vn 0.7989 0.4334 -0.4170
vn 0.7735 0.1623 -0.6126
vn 0.7957 0.5350 -0.2841
vn 0.8411 0.3984 -0.3658
vn 0.9540 -0.1245 -0.2727
vn -0.5226 0.8521 -0.0280
vn 0.7930 -0.5833 0.1757
vn 0.9584 -0.0881 -0.2714
vn 0.9514 -0.1077 -0.2887
vn 0.6449 -0.2309 0.7286
vn 0.9401 0.0674 -0.3340
vn 0.7766 -0.1603 0.6092
vn 0.7762 -0.1608 0.6096
vn 0.9631 0.2689 -0.0143
vn 0.9129 0.1988 -0.3565
vn 0.8857 -0.0746 0.4583
vn 0.9447 0.1251 0.3033
vn 0.8558 0.4668 -0.2228
vn 0.7626 -0.3474 0.5456
vn 0.7243 -0.4124 0.5525
vn 0.7784 -0.6050 0.1674
vn 0.6851 -0.0571 0.7262
vn 0.8532 -0.3335 -0.4011
vn 0.8952 -0.3947 -0.2071
vn 0.6581 -0.7004 -0.2762
vn 0.4341 -0.8891 0.1451
vn 0.5388 -0.0397 -0.8415
vn 0.8777 -0.1887 0.4405
vn 0.8164 -0.1848 -0.5471
vn 0.8428 -0.1334 -0.5215
vn 0.9655 0.0986 -0.2410
vn 0.6742 -0.6467 -0.3568
vn 0.8766 0.0547 -0.4781
vn 0.6528 -0.6080 -0.4518
vn 0.5851 -0.6636 -0.4660
vn 0.6122 -0.6759 0.4103
vn 0.8331 -0.4617 0.3046
vn 0.7670 -0.5166 0.3805
vn 0.9103 0.4102 -0.0559
vn 0.5574 -0.7157 -0.4209
vn 0.7205 -0.4311 -0.5432
vn 0.9623 0.2366 -0.1340
vn 0.9171 0.2693 -0.2940
vn 0.8682 0.4962 -0.0070
vn 0.8331 -0.2952 -0.4677
vn 0.9654 -0.1679 0.1996
vn 0.9682 -0.1347 0.2107
vn 0.9812 0.1553 0.1150
vn 0.9827 0.1182 0.1428
vn 0.3994 -0.9032 0.1571
vn 0.3997 -0.8865 0.2331
vn 0.8150 -0.5694 0.1075
vn 0.9275 -0.3722 0.0333
vn 0.0702 -0.9973 0.0199
vn 0.7258 0.2884 -0.6245
vn 0.8616 0.4836 -0.1543
vn 0.8926 0.4471 0.0581
vn 0.9021 0.2704 0.3364
vn 0.9993 -0.0088 -0.0354
vn 0.9751 0.1641 -0.1494
vn 0.9817 0.1114 -0.1543
vn 0.8586 -0.3382 -0.3853
vn 0.8761 -0.2636 -0.4038
vn 0.9991 0.0414 0.0106
vn 0.9354 0.1039 0.3379
vn 0.5011 0.7077 -0.4980
vn 0.9690 -0.0162 -0.2465
vn 0.9955 -0.0891 -0.0333
vn 0.6505 -0.6234 0.4338
vn 0.8922 0.1253 -0.4339
vn 0.9607 0.2740 -0.0447
vn 0.8519 -0.3375 -0.4004
vn 0.9008 -0.4283 0.0713
vn 0.8934 0.2458 0.3761
vn 0.9122 0.0690 0.4038
vn 0.8911 0.1490 -0.4287
vn 0.7980 -0.5241 0.2975
vn 0.8274 -0.4830 0.2865
vn 0.3325 -0.6423 -0.6906
vn 0.8322 0.4017 -0.3822
vn 0.9755 0.0240 0.2187
vn 0.9726 -0.1511 0.1767
vn 0.9561 0.1953 -0.2185
vn 0.9138 0.2851 -0.2894
vn 0.9805 0.0878 -0.1759
vn 0.8778 0.1588 0.4519
vn 0.9828 -0.0068 -0.1846
vn 0.9782 0.0684 -0.1963
vn 0.9391 -0.3349 0.0773
vn 0.8022 -0.0408 -0.5957
vn 0.7171 -0.2663 -0.6441
vn 0.9476 0.0187 -0.3188
vn 0.9796 -0.1440 0.1399
vn 0.9684 0.1595 0.1917
vn 0.9161 -0.3207 0.2408
vn 0.9162 0.3690 -0.1562
vn 0.8402 -0.5166 0.1652
vn 0.9527 0.2528 -0.1686
vn 0.6691 0.0202 0.7429
vn 0.9413 0.2886 0.1753
vn 0.9833 0.0563 0.1729
vn 0.9865 -0.0381 0.1593
vn 0.9612 -0.1140 -0.2513
vn 0.9639 0.1881 0.1885
vn 0.8815 -0.4282 0.1990
vn 0.3317 -0.8878 0.3189
vn 0.8974 0.4411 0.0098
vn 0.9868 -0.1079 0.1204
vn 0.9397 0.0486 -0.3385
vn 0.8496 -0.4575 0.2623
vn 0.9821 -0.1015 0.1584
vn 0.9640 0.0084 -0.2657
vn 0.9146 -0.3815 0.1338
vn 0.8462 -0.0183 0.5326
vn 0.9733 0.2011 0.1105
vn 0.8962 -0.3012 0.3256
vn 0.5487 -0.1684 -0.8189
vn 0.9640 0.1031 -0.2450
vn 0.7432 0.1618 0.6492
vn 0.8823 -0.4182 -0.2159
vn 0.9943 -0.1066 0.0007
vn 0.8678 -0.4754 -0.1445
vn 0.7162 -0.6903 -0.1027
vn 0.8569 0.2760 -0.4354
vn 0.9166 0.3498 0.1935
vn 0.7891 -0.0584 -0.6115
vn 0.3045 -0.7833 -0.5420
vn 0.8738 -0.4355 0.2164
vn 0.8791 -0.4727 0.0616
vn -0.3734 0.4985 0.7823
vn 0.6888 -0.3838 -0.6150
vn 0.6276 -0.6697 -0.3970
vn 0.7907 -0.6097 0.0554
vn -0.9699 -0.1507 -0.1912
vn 0.9766 -0.1854 -0.1092
vn 0.6861 -0.7169 -0.1238
vn 0.6739 -0.7193 -0.1688
vn 0.9923 -0.1235 0.0073
vn 0.6282 0.2522 0.7361
vn 0.7401 0.0098 0.6724
vn -0.3143 -0.9481 0.0477
vn 0.9545 -0.2606 -0.1452
vn -0.0532 -0.9938 0.0978
vn 0.9534 -0.1207 -0.2764
vn 0.4743 -0.8632 -0.1730
vn 0.9263 -0.3689 -0.0763
vn 0.7223 0.0523 0.6896
vn 0.9965 -0.0760 0.0352
vn 0.8955 -0.2979 -0.3306
vn 0.9994 -0.0286 -0.0215
vn 0.6284 -0.6848 0.3691
vn 0.8480 -0.4656 0.2533
vn 0.8694 -0.2251 -0.4398
vn -0.0305 -0.1762 0.9839
vn 0.9322 -0.2289 -0.2802
vn 0.9420 0.2468 0.2276
vn 0.9771 0.0812 0.1965
vn 0.8764 -0.2317 -0.4221
vn 0.7142 -0.4454 0.5399
vn 0.9076 0.3354 0.2525
vn 0.9953 -0.0968 0.0044
vn 0.4596 -0.5577 0.6912
vn -0.1271 -0.9919 -0.0038
vn 0.7352 0.0999 0.6705
vn 0.7625 0.1270 0.6345
vn 0.9265 -0.3686 -0.0753
vn 0.9846 0.1034 0.1413
vn 0.9859 -0.1233 -0.1132
vn 0.5812 -0.2617 0.7705
vn 0.8127 0.0657 0.5790
vn 0.9568 0.2741 0.0970
vn 0.8553 0.3513 -0.3810
vn 0.8520 -0.3378 -0.4000
vn 0.0890 0.1547 -0.9839
vn 0.6382 -0.4982 0.5869
vn 0.7295 -0.1575 0.6656
vn 0.6532 0.4315 -0.6222
vn 0.5555 -0.1156 0.8235
vn 0.7078 -0.0800 0.7019
vn 0.8644 0.3955 0.3104
vn 0.9802 0.1869 0.0648
vn 0.9790 0.1373 0.1505
vn 0.6465 -0.0210 -0.7626
vn 0.9316 -0.3423 -0.1222
vn 0.9163 -0.3067 -0.2575
vn 0.5965 -0.3994 0.6962
vn 0.7945 -0.0260 0.6067
vn 0.8357 0.0773 0.5437
vn 0.7557 -0.5570 -0.3444
vn 0.9902 -0.0351 0.1353
vn 0.9720 -0.2329 0.0321
vn 0.6334 -0.5793 0.5131
vn 0.5788 -0.4098 0.7050
vn 0.7214 -0.1306 0.6801
vn 0.7973 0.0878 0.5972
vn 0.7581 -0.1881 0.6244
vn 0.7575 -0.1887 0.6250
vn 0.7739 -0.0204 0.6330
vn 0.8046 0.0048 0.5937
vn 0.8378 0.1541 0.5237
vn 0.8537 0.0627 0.5170
vn 0.9491 -0.2528 0.1877
vn -0.0285 -0.9991 -0.0329
vn 0.9068 -0.3661 -0.2089
vn 0.6704 -0.7244 -0.1610
vn 0.9714 0.2198 -0.0898
vn 0.8816 0.4287 -0.1975
vn 0.7281 -0.5842 0.3584
vn 0.8973 -0.0777 0.4346
vn 0.8327 0.0426 0.5520
vn 0.1212 0.9249 -0.3604
vn 0.2122 -0.8030 -0.5569
vn 0.9287 0.3193 -0.1885
vn 0.8059 -0.5914 0.0283
vn 0.3859 0.5613 -0.7322
vn 0.9007 0.0627 -0.4299
vn 0.7951 -0.5771 0.1864
vn 0.8826 0.0384 0.4686
vn 0.8872 0.0637 0.4569
vn 0.9751 -0.1331 -0.1772
vn 0.9636 -0.2569 0.0739
vn 0.9528 0.2042 0.2245
vn 0.9111 0.3947 -0.1187
vn 0.8512 0.2604 -0.4556
vn 0.8614 -0.2029 0.4656
vn 0.8594 0.0721 0.5062
vn 0.7064 0.0880 0.7023
vn 0.9918 0.0602 -0.1128
vn 0.8991 -0.4359 -0.0413
vn 0.9444 -0.3220 0.0666
vn 0.8904 -0.3081 -0.3352
vn -0.1513 -0.7459 -0.6487
vn 0.5905 -0.7984 -0.1182
vn 0.8079 -0.4424 0.3893
vn 0.9176 -0.3947 -0.0460
vn 0.9530 -0.2602 0.1555
vn 0.9410 -0.3146 0.1248
vn 0.8438 -0.3458 0.4105
vn 0.8366 0.0055 0.5478
vn 0.7064 -0.3883 0.5919
vn 0.8604 -0.1842 0.4751
vn 0.8921 -0.1171 0.4364
vn 0.8616 0.0190 0.5072
vn 0.6563 0.4973 -0.5674
vn 0.8034 0.2425 0.5439
vn 0.9308 0.2815 0.2330
vn 0.9294 0.3618 0.0729
vn 0.6870 -0.3895 -0.6135
vn 0.1114 -0.7547 -0.6465
vn 0.8809 0.1184 -0.4583
vn 0.8198 -0.5637 -0.1011
vn 0.9920 0.1183 -0.0435
vn 0.7292 -0.3854 0.5654
vn 0.8199 -0.4400 0.3663
vn 0.9390 0.0124 0.3438
vn 0.8710 0.0712 0.4860
vn 0.9962 -0.0602 -0.0630
vn 0.9427 0.3261 -0.0709
vn 0.9982 0.0452 -0.0389
vn 0.8171 -0.4124 -0.4030
vn 0.7250 -0.3704 0.5807
vn 0.9455 -0.2830 0.1613
vn 0.8720 -0.1389 0.4693
vn 0.8789 0.1143 0.4630
vn 0.8390 -0.0020 0.5441
vn 0.8283 0.1109 0.5493
vn 0.8647 0.0283 0.5015
vn 0.9258 -0.1079 -0.3623
vn 0.5811 0.7446 -0.3284
vn 0.9328 0.3294 -0.1459
vn 0.0222 -0.9993 0.0303
vn 0.8848 -0.3463 0.3119
vn 0.8407 -0.4976 0.2135
vn 0.8869 -0.2180 0.4072
vn 0.9182 -0.0359 0.3944
vn 0.9101 -0.2084 0.3583
vn 0.4244 -0.7753 0.4678
vn 0.3062 0.1859 -0.9336
vn 0.7093 0.0930 0.6987
vn 0.9789 -0.0458 0.1993
vn 0.7709 -0.5746 0.2751
vn 0.8261 -0.3583 0.4349
vn 0.9120 -0.0637 0.4053
vn 0.5319 -0.7266 0.4349
vn 0.9219 -0.0556 0.3835
vn 0.8681 0.0864 0.4888
vn 0.8504 -0.0387 0.5247
vn 0.8978 0.4398 0.0240
vn 0.9926 0.1206 -0.0165
vn 0.9370 0.3147 -0.1517
vn -0.1471 -0.8414 0.5201
vn 0.8905 -0.4239 0.1651
vn 0.8942 -0.0803 0.4405
vn 0.9249 -0.3486 0.1517
vn 0.9260 0.3735 0.0550
vn 0.7834 0.2225 -0.5804
vn 0.9403 -0.1542 0.3033
vn 0.9501 -0.2950 0.1013
vn 0.9155 0.0326 0.4009
vn 0.8560 -0.3823 0.3481
vn 0.8780 -0.3343 0.3424
vn 0.6552 -0.3515 0.6687
vn 0.8951 0.0796 0.4386
vn 0.7418 0.0001 0.6706
vn 0.8430 0.1271 0.5227
vn 0.8670 0.0277 0.4975
vn 0.9957 0.0673 -0.0640
vn 0.9947 -0.0810 0.0634
vn 0.9858 0.0603 -0.1566
vn -0.8166 -0.3648 -0.4472
vn 0.9073 0.2572 -0.3326
vn 0.9401 0.1946 0.2798
vn 0.5406 -0.6885 0.4834
vn 0.8141 0.2661 -0.5162
vn 0.8476 0.2356 0.4754
vn 0.8972 -0.3580 0.2585
vn 0.9514 -0.1542 0.2667
vn 0.8172 0.0524 0.5739
vn 0.8161 0.1538 0.5571
vn 0.8732 0.0530 0.4845
vn -0.0272 -0.9996 0.0002
vn 0.9226 -0.1220 -0.3661
vn 0.9566 0.0088 -0.2913
vn 0.9408 -0.3058 -0.1461
vn 0.9503 0.1077 0.2922
vn 0.4510 -0.8804 0.1468
vn 0.9727 0.1427 -0.1828
vn 0.8550 0.3311 -0.3991
vn 0.9392 -0.2932 -0.1786
vn 0.8763 0.3142 -0.3651
vn 0.9549 -0.0150 0.2965
vn 0.8288 -0.5391 0.1497
vn 0.8940 -0.3631 0.2625
vn 0.9502 -0.0499 0.3078
vn 0.9009 -0.1572 0.4045
vn 0.9216 0.0237 0.3875
vn 0.9312 -0.0026 0.3645
vn 0.9140 0.3278 -0.2389
vn 0.9510 0.2324 -0.2039
vn 0.8849 0.3296 -0.3290
vn 0.9396 0.2846 0.1899
vn 0.8804 0.4740 0.0140
vn 0.9610 0.2130 -0.1765
vn 0.8091 -0.4619 0.3634
vn 0.9029 -0.3317 0.2733
vn 0.9496 -0.3059 -0.0688
vn 0.9639 0.1252 0.2348
vn 0.9689 0.0796 0.2342
vn 0.8744 0.0307 -0.4843
vn 0.2014 -0.9752 -0.0917
vn 0.5899 -0.4735 0.6540
vn 0.9370 -0.2436 -0.2505
vn 0.9567 -0.0241 0.2900
vn 0.8295 -0.2842 0.4808
vn 0.9388 0.0448 0.3414
vn 0.8888 0.1564 0.4307
vn 0.9595 -0.2024 -0.1962
vn 0.8724 0.2752 0.4041
vn 0.9631 -0.1957 -0.1848
vn 0.9360 -0.2798 -0.2138
vn 0.8497 -0.2370 0.4710
vn 0.8914 -0.3591 0.2766
vn 0.9310 -0.2343 0.2799
vn 0.9617 -0.0016 0.2740
vn 0.8865 0.1778 0.4272
vn 0.7666 0.1876 -0.6141
vn 0.9408 0.2460 0.2332
vn 0.9524 -0.2748 -0.1318
vn 0.9959 -0.0697 -0.0571
vn 0.6401 -0.2554 -0.7246
vn 0.8901 -0.2465 0.3833
vn 0.9308 0.0106 0.3653
vn 0.9076 -0.3567 0.2215
vn 0.8906 -0.2022 0.4074
vn 0.8309 -0.2920 0.4736
vn 0.9831 0.1197 0.1384
vn 0.9712 0.1511 0.1840
vn 0.8217 0.5699 -0.0065
vn 0.8462 -0.0537 -0.5301
vn 0.5550 -0.0604 -0.8297
vn 0.9214 -0.3493 0.1702
vn 0.6492 -0.7294 0.2159
vn 0.9285 0.0244 0.3704
vn 0.9246 0.0620 0.3758
vn 0.6708 -0.7134 0.2027
vn 0.7125 -0.6701 0.2082
vn 0.8976 -0.2724 0.3466
vn 0.8953 -0.2256 0.3842
vn 0.9322 -0.1484 0.3302
vn 0.9299 0.0213 0.3673
vn 0.8618 -0.4476 0.2385
vn 0.9572 0.0528 -0.2845
vn 0.9571 -0.1436 0.2517
vn 0.6739 -0.7005 0.2347
vn 0.8927 -0.3550 0.2775
vn 0.9023 -0.3626 0.2331
vn 0.9286 -0.2392 0.2837
vn 0.7192 -0.0858 0.6895
vn 0.8730 0.0325 -0.4866
vn 0.6298 -0.5815 0.5150
vn 0.9456 0.1634 0.2813
vn 0.9140 -0.3966 -0.0856
vn 0.9738 0.1868 -0.1299
vn 0.8239 -0.5367 0.1824
vn 0.9447 -0.2427 0.2204
vn 0.9436 0.1437 0.2982
vn 0.9086 -0.2282 0.3499
vn 0.9537 -0.0544 0.2958
vn 0.8712 0.1709 0.4602
vn 0.8869 0.3395 0.3132
vn 0.8534 0.1210 0.5070
vn 0.9045 0.3580 0.2316
vn 0.9681 -0.0107 0.2505
vn 0.9676 -0.0022 0.2523
vn 0.9262 -0.2992 0.2292
vn 0.8697 -0.3160 0.3791
vn 0.9186 -0.1283 0.3739
vn 0.8303 0.2700 0.4876
vn 0.9549 -0.2370 -0.1787
vn 0.9141 -0.3475 -0.2089
vn 0.7329 0.1180 -0.6700
vn 0.8690 -0.4444 0.2177
vn 0.9558 -0.1553 0.2498
vn 0.9445 -0.0007 0.3284
vn 0.9252 -0.2833 0.2524
vn 0.8954 -0.1126 0.4308
vn 0.9019 -0.0640 0.4271
vn 0.9171 0.1685 0.3614
vn 0.8350 0.1480 -0.5300
vn 0.9374 -0.2482 0.2442
vn 0.8566 0.1926 -0.4786
vn 0.9204 -0.1863 0.3438
vn 0.9210 0.3493 -0.1725
vn 0.8700 0.4765 -0.1264
vn 0.9081 -0.0799 -0.4111
vn 0.9176 -0.0420 -0.3952
vn 0.9878 0.1495 -0.0443
vn 0.9652 -0.1053 0.2393
vn 0.6710 -0.7234 0.1626
vn 0.9301 -0.3403 0.1383
vn 0.8926 -0.3354 0.3014
vn 0.9171 -0.2254 0.3288
vn 0.9116 -0.2221 0.3459
vn 0.9253 -0.1968 0.3242
vn 0.0910 -0.5350 0.8399
vn 0.8972 0.3453 0.2752
vn 0.8256 -0.1899 -0.5313
vn -0.2259 -0.9732 -0.0420
vn 0.9054 -0.3201 -0.2789
vn 0.5794 -0.7936 0.1857
vn 0.7926 -0.5909 0.1504
vn 0.6756 -0.7069 0.2095
vn 0.8878 -0.4098 0.2093
vn 0.9385 -0.1800 0.2946
vn 0.9547 0.1055 0.2781
vn 0.8770 0.2639 0.4014
vn 0.9682 0.2398 -0.0707
vn 0.9627 0.2543 0.0921
vn 0.9154 -0.2584 0.3087
vn 0.9281 -0.1736 0.3294
vn 0.9276 0.1779 0.3287
vn 0.9006 0.3385 0.2726
vn 0.9441 0.0239 -0.3287
vn 0.8672 -0.1102 -0.4856
vn 0.8570 -0.4606 0.2310
vn 0.9152 -0.2622 0.3062
vn 0.9196 -0.3741 0.1196
vn 0.9714 -0.1245 0.2021
vn 0.9714 -0.0232 0.2363
vn 0.8718 -0.2385 -0.4279
vn 0.9877 0.1436 0.0621
vn 0.7097 -0.3647 -0.6028
vn 0.9066 -0.2648 -0.3287
vn 0.8554 0.4513 -0.2542
vn 0.5224 0.1678 -0.8360
vn 0.8178 0.5254 -0.2347
vn 0.9487 -0.2991 0.1023
vn 0.9602 -0.0871 0.2655
vn 0.8852 -0.1690 0.4334
vn 0.8476 -0.2608 0.4622
vn 0.9380 -0.1853 0.2930
vn 0.5337 -0.8052 0.2583
vn 0.8505 0.1657 -0.4992
vn 0.9780 0.1764 -0.1114
vn 0.9347 -0.2636 0.2383
vn 0.9729 -0.0356 0.2283
vn 0.9311 -0.1938 0.3091
vn 0.9598 -0.0044 0.2807
vn 0.9644 -0.1143 0.2384
vn 0.9635 -0.0558 0.2619
vn 0.9646 0.0364 0.2611
vn 0.5937 -0.6904 -0.4133
vn 0.9962 -0.0213 0.0840
vn 0.8052 -0.4366 -0.4014
vn 0.8710 0.2767 0.4060
vn 0.8411 -0.5347 0.0813
vn 0.8754 -0.3249 0.3580
vn 0.9698 -0.0811 0.2302
vn 0.9620 0.2402 -0.1299
vn 0.2681 0.8644 0.4253
vn 0.3090 0.3109 -0.8988
vn 0.4478 0.1825 -0.8753
vn 0.9495 0.1654 -0.2666
vn 0.9191 -0.2763 0.2809
vn 0.9395 0.2278 0.2557
vn 0.9098 -0.1943 0.3667
vn 0.8567 -0.2604 0.4452
vn 0.0511 -0.3577 0.9324
vn 0.9629 0.0938 -0.2529
vn 0.6962 -0.1475 0.7026
vn 0.9868 -0.1077 0.1210
vn 0.2108 -0.8567 0.4708
vn -0.7850 -0.5798 -0.2185
vn 0.6281 0.0695 -0.7750
vn 0.8364 -0.3772 -0.3978
vn 0.8486 -0.2534 -0.4644
vn 0.9691 -0.2182 0.1148
vn 0.9288 -0.1803 0.3237
vn 0.9558 -0.1016 0.2758
vn 0.5946 -0.8032 0.0353
vn 0.9275 -0.2574 0.2712
vn 0.7906 -0.6109 0.0405
vn 0.9034 -0.4007 0.1523
vn 0.9231 -0.2521 0.2903
vn 0.9078 -0.2845 0.3082
vn 0.9790 0.0916 0.1824
vn 0.2426 0.5253 0.8156
vn 0.7758 0.5613 -0.2881
vn -0.9934 -0.1051 -0.0460
vn 0.9389 0.3323 0.0898
vn 0.8861 0.3255 -0.3298
vn 0.8855 0.4646 0.0092
vn -0.3073 -0.5965 0.7415
vn 0.7502 0.2384 0.6168
vn 0.9554 0.0012 0.2953
vn 0.8570 -0.2267 0.4627
vn 0.9541 -0.0738 0.2903
vn 0.9547 -0.0902 0.2837
vn 0.9485 0.0308 0.3152
vn 0.9449 -0.1314 0.3000
vn 0.4195 0.0166 -0.9076
vn 0.9995 -0.0169 -0.0272
vn 0.8500 0.2769 -0.4481
vn 0.5972 -0.7368 -0.3170
vn 0.0936 -0.9941 -0.0556
vn 0.9210 -0.1056 -0.3749
vn -0.3051 -0.6573 0.6891
vn 0.7469 -0.4811 -0.4590
vn 0.9398 -0.0816 -0.3319
vn 0.7408 -0.1519 -0.6543
vn -0.6534 -0.1785 -0.7356
vn 0.8451 -0.5345 0.0099
vn 0.8613 -0.5079 0.0152
vn 0.9382 -0.3433 -0.0441
vn 0.9249 -0.3697 0.0891
vn 0.9092 -0.4108 0.0673
vn 0.9679 0.1219 0.2199
vn 0.9616 -0.0944 -0.2576
vn 0.9627 0.1833 -0.1992
vn 0.9622 0.2666 0.0548
vn 0.8690 0.0656 -0.4905
vn 0.9597 0.1558 -0.2339
vn 0.6920 0.1173 -0.7123
vn -0.5894 -0.7727 0.2358
vn 0.7919 0.1510 0.5918
vn 0.6590 -0.2536 -0.7081
vn 0.9687 -0.1795 0.1717
vn 0.9721 -0.1491 0.1811
vn 0.9423 0.3128 -0.1195
vn 0.8878 -0.2929 -0.3550
vn 0.9284 0.3715 -0.0045
vn 0.7625 -0.0836 -0.6416
vn -0.5538 -0.7952 0.2471
vn 0.8297 -0.2338 -0.5069
vn 0.9282 -0.2271 0.2948
vn 0.9047 -0.4136 -0.1026
vn 0.9041 -0.4145 -0.1040
vn 0.9674 -0.1736 0.1844
vn 0.9785 0.1330 0.1578
vn 0.5846 -0.7199 -0.3742
vn 0.6396 0.2463 -0.7282
vn 0.9862 0.0206 -0.1642
vn 0.2716 -0.9098 0.3139
vn 0.8970 -0.1264 -0.4236
vn 0.8375 0.0122 -0.5463
vn 0.7950 0.4260 -0.4319
vn 0.9395 -0.3426 0.0070
vn 0.9648 0.2628 0.0103
vn 0.9460 0.3241 0.0026
vn 0.6941 -0.6903 -0.2043
vn 0.9437 -0.0872 -0.3191
vn 0.6698 0.3333 -0.6635
vn 0.6393 -0.7429 -0.1983
vn 0.7278 -0.5314 -0.4335
vn 0.8513 -0.4237 -0.3094
vn 0.9908 -0.1007 0.0901
vn 0.9457 -0.2723 -0.1775
vn 0.8467 -0.5200 -0.1129
vn 0.9869 -0.0270 -0.1593
vn 0.9836 0.1130 0.1408
vn 0.8855 -0.4358 0.1611
vn -0.0699 -0.9975 -0.0014
vn 0.9498 0.1338 -0.2829
vn 0.9900 -0.1021 0.0979
vn 0.8321 -0.5517 -0.0567
vn 0.9081 -0.3625 -0.2096
vn 0.9657 -0.1854 -0.1816
vn 0.9756 0.0751 0.2063
vn 0.9761 -0.0229 0.2163
vn 0.9418 0.3026 0.1462
vn -0.3456 -0.6621 -0.6650
vn 0.4810 -0.5224 0.7041
vn 0.4248 -0.5584 0.7125
vn -0.4384 -0.5390 -0.7192
vn 0.8511 -0.5198 -0.0737
vn 0.8366 -0.3659 -0.4077
vn 0.9542 0.0019 0.2990
vn 0.9318 -0.3184 -0.1744
vn 0.9186 -0.3471 -0.1891
vn 0.6148 -0.3321 -0.7154
vn 0.8739 -0.4430 0.2003
vn 0.7686 -0.6302 -0.1099
vn 0.4619 0.4841 -0.7431
vn 0.7295 0.3694 -0.5757
vn 0.8402 0.0057 -0.5422
vn 0.9487 0.0369 -0.3141
vn 0.9538 0.0095 0.3004
vn 0.9225 0.3206 0.2151
vn 0.9850 -0.0196 0.1715
vn 0.9519 -0.2941 -0.0854
vn 0.9852 -0.1548 -0.0741
vn 0.9962 -0.0868 0.0050
vn 0.9945 0.0117 -0.1040
vn 0.9977 0.0497 -0.0466
vn 0.9792 0.1810 -0.0921
vn 0.9502 0.1229 -0.2864
vn 0.6847 -0.6302 -0.3661
vn 0.7712 0.2733 -0.5749
vn 0.2252 0.6458 -0.7296
vn 0.9314 0.2805 0.2320
vn 0.9328 -0.1325 0.3352
vn 0.8470 -0.3726 -0.3791
vn -0.4939 0.8584 -0.1383
vn 0.8881 0.2736 0.3695
vn 0.9453 0.2886 0.1522
vn 0.8131 0.1711 -0.5565
vn 0.8822 0.1199 0.4554
vn 0.8178 0.5694 -0.0831
vn 0.8395 -0.3111 -0.4454
vn 0.8245 -0.3583 -0.4380
vn 0.7898 -0.2624 -0.5544
vn 0.7752 -0.4044 -0.4854
vn 0.8511 -0.3197 -0.4165
vn 0.9616 0.2422 0.1290
vn 0.9453 0.3174 0.0745
vn 0.9433 0.3012 0.1396
vn 0.9127 -0.3697 -0.1742
vn 0.9330 -0.3099 -0.1830
vn -0.8201 -0.5582 -0.1263
vn -0.3712 -0.8880 -0.2714
vn 0.9568 -0.1281 -0.2609
vn 0.5697 0.7944 -0.2107
vn 0.3207 0.5568 -0.7662
vn 0.8561 -0.2066 -0.4737
vn 0.9237 -0.0930 -0.3715
vn 0.9530 0.2234 -0.2048
vn 0.9228 0.3088 -0.2303
vn 0.2708 -0.5498 -0.7902
vn 0.7793 0.5559 -0.2892
vn 0.9777 0.2092 -0.0178
vn -0.9733 0.1499 0.1736
vn 0.6753 -0.3258 -0.6617
vn 0.0225 -0.9993 0.0311
vn 0.7496 -0.6582 0.0703
vn 0.8806 -0.4735 -0.0178
vn 0.9512 -0.2748 -0.1406
vn 0.9196 -0.0228 -0.3923
vn 0.7828 0.2335 -0.5769
vn 0.9160 0.0172 -0.4009
vn 0.8536 0.2042 -0.4792
vn 0.9684 -0.1108 -0.2237
vn 0.9237 -0.0931 -0.3715
vn 0.8763 -0.4689 -0.1106
vn 0.9988 -0.0355 0.0337
vn 0.9536 -0.2635 0.1453
vn -0.4096 -0.9013 -0.1408
vn 0.8944 -0.1505 -0.4211
vn 0.9597 0.2125 0.1839
vn 0.9460 0.3216 -0.0404
vn 0.9591 0.0117 -0.2827
vn 0.9499 0.0875 -0.3000
vn 0.8872 0.3525 -0.2977
vn 0.9433 0.0680 -0.3249
vn 0.9881 0.1507 -0.0306
vn -0.0245 -0.9970 -0.0740
vn -0.0048 -1.0000 -0.0063
vn -0.0387 -0.9992 0.0097
vn -0.0500 -0.9986 -0.0164
vn -0.9953 -0.0779 0.0567
vn 0.0361 -0.9940 -0.1037
vn -0.2166 -0.9761 -0.0193
vn 0.1416 -0.9787 0.1483
vn -0.0633 -0.8752 0.4796
vn -0.2361 -0.7567 -0.6096
vn -0.0418 -0.9803 -0.1932
vn -0.2338 -0.8939 0.3823
vn -0.0783 -0.7612 -0.6438
vn -0.0773 -0.9962 -0.0392
vn 0.0141 -0.9996 0.0239
vn -0.7868 -0.5756 -0.2227
vn 0.2809 -0.8846 -0.3723
vn 0.4855 -0.7826 -0.3896
vn -0.5390 -0.8357 0.1058
vn 0.6508 -0.6902 -0.3163
vn 0.4636 -0.1278 -0.8768
vn -0.0664 -0.9961 0.0586
vn -0.0489 -0.9983 0.0313
vn -0.9007 -0.2305 -0.3682
vn 0.3844 -0.9119 -0.1441
vn -0.0778 -0.7220 -0.6875
vn -0.7917 -0.4619 -0.3998
vn 0.1121 -0.5218 0.8457
vn -0.3882 -0.8281 0.4044
vn 0.2288 -0.9729 0.0338
vn -0.0533 -0.9984 -0.0206
vn 0.1637 -0.8974 -0.4097
vn 0.1704 -0.9768 -0.1296
vn -0.3957 -0.7701 -0.5004
vn 0.1273 -0.9695 0.2093
vn 0.0240 -0.9960 0.0862
vn 0.1535 -0.7721 -0.6167
vn -0.5176 -0.7094 0.4783
vn 0.8112 -0.5836 0.0365
vn -0.5474 -0.8305 0.1029
vn -0.0319 -0.9941 0.1040
vn 0.3393 -0.9157 0.2153
vn 0.0183 -0.9995 0.0275
vn 0.4223 -0.1169 -0.8989
vn -0.5373 -0.8421 -0.0470
vn -0.0767 -0.9967 0.0264
vn -0.0380 -0.9977 -0.0562
vn -0.9732 -0.1058 0.2041
vn -0.3172 -0.7000 -0.6398
vn -0.0565 -0.9984 -0.0093
vn -0.1766 -0.5910 -0.7871
vn 0.0102 -0.8658 -0.5003
vn -0.0243 -0.7567 -0.6533
vn -0.0235 -0.9993 0.0302
vn -0.9976 -0.0488 0.0492
vn -0.8907 -0.1873 -0.4142
vn -0.2014 -0.6935 -0.6917
vn 0.6882 -0.7209 0.0821
vn -0.7023 0.7103 0.0470
vn 0.5287 0.1468 0.8360
vn -0.1444 -0.7368 -0.6605
vn -0.1597 -0.9780 0.1342
vn -0.5956 -0.7785 0.1980
vn -0.5573 -0.8019 0.2154
vn -0.4403 -0.8955 0.0651
vn -0.4937 -0.8686 0.0427
vn -0.0395 -0.9813 -0.1882
vn -0.5490 -0.8291 0.1055
vn -0.0680 -0.9963 0.0533
vn -0.1326 -0.9414 0.3101
vn -0.0219 -0.7628 -0.6462
vn 0.1279 -0.9760 0.1760
vn -0.0481 -0.9943 0.0954
vn -0.0614 -0.9958 0.0676
vn -0.2906 -0.5683 -0.7698
vn -0.1556 -0.9835 0.0924
vn -0.1808 -0.9411 0.2858
vn -0.2803 -0.8821 -0.3786
vn -0.1225 -0.7241 -0.6788
vn -0.0469 -0.7327 -0.6789
vn 0.3203 -0.5972 -0.7353
vn -0.1010 -0.9735 0.2054
vn -0.1502 -0.9676 0.2031
vn 0.0561 -0.9967 0.0584
vn -0.5834 -0.7661 0.2697
vn 0.2503 -0.2618 -0.9321
vn 0.3065 -0.5879 -0.7486
vn -0.5412 -0.7696 0.3390
vn -0.9918 -0.0054 0.1276
vn 0.0553 -0.9985 0.0010
vn -0.0601 -0.7676 -0.6381
vn 0.0525 -0.5619 -0.8255
vn 0.1977 -0.9092 -0.3665
vn 0.5314 -0.6664 -0.5230
vn 0.4633 -0.6830 -0.5647
vn -0.3040 -0.7549 -0.5811
vn 0.4098 -0.6961 -0.5895
vn -0.1915 -0.8044 -0.5623
vn 0.0716 -0.8338 -0.5474
vn 0.2584 -0.8606 -0.4389
vn 0.2639 -0.8635 -0.4298
vn -0.4372 -0.8974 0.0603
vn 0.1808 -0.7427 -0.6448
vn 0.0510 -0.9985 -0.0200
vn 0.0070 -0.9995 0.0296
vn 0.2445 -0.8644 -0.4394
vn 0.1571 -0.7888 -0.5942
vn -0.2318 -0.9212 0.3124
vn -0.1585 -0.8609 0.4834
vn -0.4754 -0.8789 0.0392
vn 0.0357 -0.9993 -0.0108
vn -0.2234 -0.9601 -0.1683
vn 0.0628 -0.9968 -0.0486
vn 0.0850 -0.9894 0.1178
vn 0.0489 -0.9956 0.0797
vn -0.0918 -0.8089 -0.5807
vn -0.1429 -0.7468 -0.6495
vn -0.5729 -0.6801 -0.4574
vn -0.4369 0.4027 0.8043
vn -0.2104 -0.9741 -0.0829
vn -0.4847 -0.6121 -0.6248
vn -0.2136 -0.7109 -0.6701
vn 0.0029 -0.9997 0.0248
vn -0.3281 -0.8918 0.3115
vn -0.4931 -0.8466 0.2002
vn 0.0196 -0.9993 0.0307
vn -0.7846 -0.5762 -0.2288
vn -0.9362 -0.2069 -0.2840
vn 0.0807 -0.9563 -0.2812
vn -0.1074 -0.8912 -0.4407
vn -0.0829 -0.9962 0.0271
vn 0.0234 -0.9992 0.0322
vn -0.0220 -0.9994 0.0259
vn -0.4950 -0.6574 -0.5681
vn -0.7046 -0.3160 -0.6354
vn -0.5977 -0.7952 -0.1020
vn 0.0343 0.8451 -0.5335
vn -0.6374 -0.3768 -0.6722
vn 0.2421 -0.9148 -0.3232
vn 0.6813 -0.7128 0.1666
vn -0.2848 -0.9074 0.3090
vn 0.3443 -0.8853 0.3126
vn -0.6861 0.7135 -0.1418
vn -0.8877 0.4602 0.0168
vn -0.0899 -0.6797 -0.7280
vn -0.9319 -0.1986 -0.3037
vn -0.1753 -0.4796 -0.8598
vn -0.1733 -0.9840 -0.0421
vn -0.3892 -0.8339 -0.3915
vn 0.0054 -0.9999 0.0122
vn 0.0046 -0.9353 -0.3537
vn 0.0802 -0.9545 -0.2871
vn -0.2522 -0.9069 -0.3376
vn -0.4900 -0.6558 -0.5743
vn -0.6705 -0.4955 -0.5521
vn -0.4656 -0.7187 -0.5164
vn 0.2336 -0.9193 0.3166
vn -0.1126 -0.9924 -0.0502
vn 0.2621 -0.1719 -0.9496
vn 0.5364 0.3256 0.7786
vn -0.7762 -0.4104 -0.4786
vn -0.7365 -0.6435 -0.2083
vn -0.0413 -0.9988 0.0269
vn -0.4539 -0.7764 -0.4371
vn -0.2745 -0.9079 0.3169
vn -0.8211 0.3733 0.4318
vn -0.8286 -0.5406 0.1456
vn -0.7494 -0.6398 0.1704
vn -0.2979 -0.9517 -0.0742
vn -0.7861 -0.5765 -0.2229
vn -0.5000 -0.6102 -0.6145
vn 0.0174 -0.9994 0.0291
vn -0.2021 -0.9784 -0.0445
vn -0.1616 -0.7575 -0.6325
vn -0.6242 -0.7081 0.3302
vn -0.2857 -0.4351 -0.8539
vn 0.1835 -0.6286 -0.7557
vn -0.7186 -0.6668 -0.1975
vn -0.0636 -0.9980 -0.0022
vn -0.1327 -0.9641 -0.2300
vn -0.2425 -0.9247 -0.2935
vn -0.8030 -0.4905 -0.3385
vn 0.2521 -0.5727 -0.7801
vn -0.2258 -0.9525 0.2045
vn -0.3872 -0.8681 0.3107
vn 0.0931 -0.8728 0.4791
vn -0.9610 -0.1582 0.2267
vn -0.5089 -0.0021 -0.8608
vn -0.3436 -0.5028 -0.7932
vn -0.6573 -0.7372 -0.1565
vn -0.7985 -0.5789 -0.1652
vn 0.0857 -0.6925 0.7164
vn -0.0700 -0.9975 -0.0133
vn 0.0143 -0.9998 0.0131
vn -0.2825 -0.7743 0.5662
vn -0.9489 -0.2090 0.2364
vn 0.1015 -0.6217 -0.7767
vn 0.2449 -0.6996 -0.6713
vn -0.1140 -0.7131 -0.6918
vn -0.1759 -0.6804 -0.7114
vn 0.0094 -0.9990 0.0446
vn -0.4520 -0.8370 -0.3083
vn -0.0106 -0.9480 -0.3182
vn -0.1623 -0.9371 -0.3089
vn 0.3936 -0.7299 -0.5589
vn -0.0683 -0.9950 0.0723
vn -0.7176 0.5647 0.4077
vn -0.0148 -0.7646 -0.6444
vn -0.0645 -0.5664 -0.8216
vn -0.0434 -0.9989 0.0162
vn -0.4673 -0.6170 -0.6332
vn -0.3932 -0.9113 -0.1223
vn -0.3075 -0.8568 0.4138
vn -0.5378 -0.7129 0.4499
vn -0.1693 -0.5783 -0.7981
vn -0.2181 -0.5496 -0.8064
vn -0.6661 -0.0227 -0.7455
vn -0.3774 -0.9254 0.0345
vn -0.7228 -0.4570 -0.5183
vn -0.7186 -0.4669 -0.5154
vn -0.0152 -0.9998 0.0157
vn -0.2268 -0.7887 -0.5715
vn -0.3019 -0.6886 0.6594
vn 0.1702 -0.7054 -0.6881
vn 0.0727 -0.7261 -0.6838
vn 0.0280 -0.6672 -0.7444
vn 0.1216 -0.9918 -0.0403
vn -0.2286 -0.2391 -0.9437
vn -0.4318 -0.1454 -0.8901
vn -0.4485 -0.8672 -0.2162
vn -0.6115 -0.7363 -0.2898
vn -0.0145 -0.9998 0.0139
vn 0.0811 -0.8554 -0.5116
vn 0.0849 -0.9472 -0.3093
vn 0.2970 -0.7639 -0.5729
vn 0.0723 -0.7259 -0.6840
vn -0.0768 -0.9001 0.4289
vn 0.0214 -0.9706 0.2399
vn 0.8448 -0.2099 -0.4922
vn -0.3373 -0.9414 0.0095
vn -0.0747 -0.7508 -0.6563
vn -0.4264 -0.8784 -0.2158
vn -0.0158 -0.6833 -0.7300
vn 0.0770 -0.9966 -0.0283
vn -0.6405 -0.5697 -0.5150
vn 0.2714 -0.8879 -0.3716
vn -0.1839 -0.7438 -0.6426
vn -0.1480 -0.7631 -0.6291
vn -0.1851 -0.7101 -0.6793
vn 0.9200 0.3098 0.2401
vn -0.2736 -0.8657 0.4192
vn -0.2105 -0.8457 0.4905
vn -0.0921 -0.8935 -0.4395
vn -0.3243 -0.9452 -0.0372
vn -0.5537 -0.7628 -0.3340
vn -0.4408 0.2816 -0.8523
vn 0.1713 -0.5595 -0.8110
vn 0.2660 -0.8904 -0.3694
vn 0.2417 -0.8940 -0.3773
vn 0.2363 -0.8784 -0.4155
vn 0.0728 -0.7255 -0.6844
vn -0.0604 -0.8071 -0.5873
vn -0.3273 -0.6484 -0.6873
vn -0.3407 -0.5856 -0.7356
vn -0.4395 -0.5164 -0.7349
vn 0.3601 -0.7633 -0.5363
vn -0.4084 0.7816 -0.4715
vn 0.1446 -0.9531 -0.2660
vn 0.5118 -0.5877 -0.6266
vn 0.0050 -0.8186 -0.5743
vn 0.0442 -0.8015 -0.5964
vn -0.0713 -0.7918 -0.6066
vn -0.0469 -0.9979 -0.0456
vn 0.2715 -0.8629 -0.4263
vn -0.2783 -0.9348 0.2207
vn -0.4643 -0.8856 0.0131
vn -0.5883 -0.7961 -0.1418
vn 0.4097 -0.0750 0.9091
vn 0.0487 -0.9504 -0.3073
vn -0.4249 -0.8207 0.3820
vn -0.2211 -0.6790 -0.7001
vn -0.7067 -0.3488 -0.6156
vn -0.0379 -0.9988 0.0300
vn 0.2011 -0.8639 -0.4617
vn -0.4471 -0.1906 -0.8739
vn -0.3075 -0.9123 0.2706
vn -0.6845 -0.7232 -0.0922
vn -0.0541 -0.9977 -0.0415
vn 0.0563 -0.9956 -0.0748
vn 0.1720 -0.9395 -0.2963
vn 0.0184 -0.9212 -0.3887
vn -0.1840 -0.8641 -0.4685
vn -0.3217 -0.7898 -0.5222
vn -0.3911 -0.7133 -0.5816
vn -0.4442 -0.7988 -0.4057
vn 0.0229 -0.9991 0.0349
vn 0.0163 -0.9994 0.0301
vn -0.4393 -0.8652 0.2416
vn -0.3261 -0.8241 -0.4631
vn -0.4771 -0.6845 -0.5512
vn 0.0150 -0.9990 -0.0412
vn -0.0578 -0.4931 0.8680
vn 0.2990 -0.9465 -0.1213
vn 0.1501 -0.9443 -0.2930
vn -0.2134 -0.8629 -0.4581
vn -0.4162 -0.7039 -0.5756
vn -0.5104 -0.5216 -0.6836
vn -0.5024 -0.6002 -0.6224
vn -0.6195 -0.4145 -0.6667
vn -0.1410 0.1763 -0.9742
vn -0.0083 0.3820 -0.9241
vn -0.3119 -0.8204 0.4793
vn -0.9946 -0.0694 0.0770
vn -0.6628 -0.0189 -0.7486
vn -0.2194 -0.9456 -0.2403
vn -0.4005 -0.8302 0.3877
vn -0.0296 -0.9784 -0.2047
vn -0.0197 -0.9972 -0.0725
vn -0.0510 -0.9712 -0.2329
vn -0.6397 -0.5558 0.5310
vn -0.3223 -0.7763 -0.5418
vn 0.0213 -0.9966 -0.0797
vn -0.2324 0.7016 -0.6736
vn 0.2677 -0.9385 -0.2180
vn -0.1103 -0.9346 -0.3382
vn -0.3378 -0.7889 -0.5133
vn -0.3428 -0.7622 -0.5491
vn -0.5946 -0.6018 0.5331
vn -0.0282 -0.9996 0.0006
vn 0.3728 -0.8359 -0.4028
vn 0.2305 -0.9334 -0.2751
vn 0.3964 -0.8445 -0.3601
vn 0.1905 -0.9436 -0.2707
vn -0.7408 -0.4644 -0.4853
vn 0.8697 0.4674 -0.1588
vn 0.7550 0.6439 -0.1239
vn -0.1055 -0.9640 0.2442
vn -0.2202 -0.9500 0.2215
vn 0.1466 -0.9881 -0.0469
vn 0.0534 -0.9978 0.0386
vn 0.0355 -0.9973 -0.0646
vn 0.0091 -0.9999 -0.0099
vn -0.1439 -0.9687 -0.2024
vn -0.3723 -0.7510 -0.5453
vn 0.3158 -0.5886 -0.7442
vn 0.3407 -0.7565 -0.5583
vn -0.1079 -0.9335 -0.3419
vn -0.6022 -0.6420 -0.4746
vn -0.6871 -0.5818 -0.4352
vn -0.8283 -0.2408 -0.5060
vn -0.0394 -0.9985 -0.0380
vn -0.1058 -0.9265 -0.3612
vn -0.0586 -0.9572 -0.2836
vn -0.2219 -0.9215 -0.3186
vn -0.2503 -0.9080 -0.3359
vn -0.5117 -0.7283 -0.4557
vn -0.2292 -0.9621 -0.1476
vn -0.2521 -0.7435 -0.6194
vn 0.4251 -0.9040 0.0449
vn -0.1681 -0.8881 -0.4277
vn -0.1579 -0.9507 -0.2667
vn -0.4889 -0.6800 -0.5464
vn -0.1693 -0.6725 -0.7205
vn 0.3289 0.9443 -0.0138
vn 0.1149 -0.9605 -0.2535
vn -0.3361 -0.8870 -0.3166
vn -0.3809 -0.8366 -0.3938
vn -0.5111 -0.7299 -0.4539
vn 0.1402 -0.8978 -0.4176
vn -0.0015 -0.9143 -0.4051
vn -0.2204 -0.7913 0.5704
vn -0.3813 -0.8365 -0.3936
vn -0.4093 -0.7896 -0.4572
vn -0.7461 -0.6659 0.0023
vn 0.1500 -0.9881 -0.0349
vn 0.0908 -0.9459 -0.3115
vn 0.2537 -0.7296 -0.6351
vn -0.0081 -0.9412 0.3378
vn 0.1313 -0.9202 0.3687
vn 0.0250 -0.9642 0.2639
vn -0.5579 0.1678 -0.8128
vn 0.0058 -1.0000 0.0051
vn -0.0111 -0.9999 -0.0028
vn -0.0422 -0.9969 -0.0668
vn -0.1032 -0.9630 0.2492
vn -0.7523 -0.6443 0.1376
vn 0.9018 -0.0714 -0.4263
vn -0.2563 -0.9348 -0.2460
vn -0.3424 -0.8896 -0.3021
vn -0.9709 -0.0776 0.2264
vn 0.0150 -0.9991 0.0388
vn -0.9355 0.3342 0.1151
vn -0.3624 -0.8854 -0.2911
vn -0.3998 -0.8531 -0.3353
vn -0.6481 -0.6793 -0.3441
vn -0.6997 -0.5937 -0.3975
vn -0.6252 -0.6559 0.4229
vn 0.0148 -0.9993 0.0342
vn 0.0012 0.9555 0.2949
vn -0.5830 -0.7270 -0.3626
vn -0.0773 -0.9970 0.0070
vn -0.4060 -0.7232 -0.5587
vn 0.7248 -0.6305 0.2777
vn 0.1904 -0.9810 -0.0381
vn 0.0297 -0.9992 -0.0283
vn -0.5228 -0.7254 -0.4477
vn 0.0995 -0.7799 -0.6179
vn 0.3996 -0.1499 -0.9043
vn -0.9512 -0.3086 0.0041
vn -0.7280 0.5279 -0.4374
vn -0.1133 -0.9931 -0.0316
vn 0.3743 -0.6612 -0.6502
vn 0.3259 -0.6833 -0.6534
vn 0.1862 -0.9702 -0.1553
vn 0.0516 -0.9809 -0.1877
vn 0.0323 -0.7889 -0.6137
vn -0.4810 -0.8331 -0.2732
vn -0.7265 -0.5707 -0.3828
vn 0.0559 -0.9940 -0.0938
vn 0.2630 -0.6863 -0.6781
vn 0.0572 -0.9895 -0.1329
vn 0.1193 -0.9922 -0.0365
vn 0.0091 -0.9999 -0.0113
vn 0.0083 -0.9999 -0.0073
vn -0.0066 -1.0000 0.0069
vn -0.0108 -0.9999 -0.0095
vn 0.0373 -0.9016 -0.4310
vn 0.2168 -0.9749 0.0503
vn -0.2267 -0.9595 -0.1671
vn 0.0011 -0.9998 0.0176
vn 0.0177 -0.9996 0.0220
vn 0.1508 -0.9885 0.0074
vn -0.0419 -0.9969 -0.0670
vn -0.0194 -0.9996 -0.0188
vn 0.0331 -0.9898 -0.1383
vn -0.4237 -0.8681 -0.2585
vn -0.4794 -0.8237 -0.3027
vn -0.7261 -0.6553 -0.2082
vn 0.0016 -1.0000 -0.0088
vn -0.6806 -0.6718 -0.2925
vn -0.8073 -0.5536 -0.2044
vn 0.0180 -0.9998 0.0085
vn 0.3254 -0.9342 0.1465
vn 0.0319 -0.9993 -0.0175
vn -0.0571 -0.9944 0.0895
vn -0.0136 -0.9984 0.0543
vn -0.0448 -0.9934 -0.1058
vn -0.5647 -0.6732 0.4774
vn -0.6838 -0.6769 -0.2726
vn 0.0632 -0.9208 -0.3849
vn -0.1126 -0.9846 -0.1339
vn -0.0146 -0.9998 0.0123
vn -0.1632 -0.9067 0.3890
vn -0.2320 -0.9436 -0.2361
vn -0.0409 -0.9984 -0.0390
vn -0.0264 -0.9995 -0.0142
vn -0.4174 -0.7025 -0.5764
vn -0.8292 -0.5413 0.1391
vn -0.0280 -0.9891 -0.1446
vn -0.0245 -0.7472 -0.6641
vn -0.5065 -0.8167 -0.2764
vn -0.7230 -0.6625 -0.1958
vn -0.0392 -0.9990 0.0196
vn -0.0232 -0.9949 0.0981
vn 0.0086 -0.9988 0.0475
vn -0.4141 -0.7307 -0.5428
vn -0.1218 -0.9495 0.2890
vn -0.6300 -0.7355 -0.2494
vn -0.1419 -0.9898 -0.0128
vn -0.0452 -0.9989 -0.0159
vn -0.2520 -0.9673 0.0296
vn -0.4860 -0.6905 0.5357
vn -0.2887 -0.8303 0.4767
vn -0.1019 -0.5578 0.8237
vn -0.0333 -0.9992 -0.0235
vn -0.3627 -0.7101 -0.6035
vn 0.8679 0.3843 -0.3149
vn 0.0936 -0.6209 -0.7783
vn -0.8374 -0.5383 -0.0944
vn -0.8063 -0.5778 -0.1266
vn -0.5275 -0.8488 0.0359
vn -0.4003 -0.9053 0.1419
vn -0.0482 -0.9988 0.0114
vn -0.0328 -0.9992 -0.0241
vn 0.7733 -0.1730 -0.6101
vn 0.3870 -0.7267 -0.5676
vn -0.7710 -0.6347 -0.0519
vn -0.8055 -0.5790 -0.1262
vn -0.8501 -0.4987 -0.1692
vn -0.4170 -0.8765 0.2406
vn -0.7161 -0.5515 0.4277
vn -0.4173 -0.7708 0.4814
vn -0.3984 -0.5396 0.7417
vn 0.0189 -0.9997 0.0179
vn -0.4368 -0.3346 -0.8350
vn -0.9847 0.0565 0.1650
vn -0.6626 -0.5787 -0.4755
vn -0.7455 -0.4249 -0.5136
vn 0.0566 -0.9981 0.0241
vn -0.1550 -0.8500 -0.5035
vn -0.0373 -0.9992 -0.0130
vn -0.3017 -0.9454 -0.1237
vn -0.0051 -0.9981 0.0620
vn -0.0343 -0.9994 -0.0035
vn 0.0901 -0.9343 0.3450
vn 0.1636 -0.9240 -0.3457
vn -0.2104 -0.9776 0.0074
vn -0.7160 -0.6981 0.0005
vn -0.0674 -0.9977 -0.0013
vn -0.6486 -0.7237 -0.2357
vn -0.1589 -0.9858 -0.0545
vn -0.0347 -0.9992 0.0177
vn -0.0361 -0.9993 0.0136
vn -0.1876 -0.9806 -0.0577
vn -0.4421 -0.8870 -0.1335
vn -0.8645 -0.3149 -0.3917
vn 0.0103 -0.9937 0.1117
vn 0.0174 -0.9996 0.0242
vn -0.8060 -0.3639 -0.4667
vn -0.4319 -0.8998 -0.0616
vn -0.4317 -0.8946 0.1152
vn -0.0558 -0.9982 -0.0223
vn -0.6980 -0.7159 -0.0128
vn -0.2364 -0.9536 0.1866
vn 0.0374 -0.9992 -0.0122
vn 0.0528 -0.9976 0.0441
vn -0.0146 -0.9998 0.0104
vn 0.0887 -0.8978 0.4315
vn 0.1229 -0.8967 -0.4252
vn -0.0633 -0.9978 0.0206
vn 0.8913 -0.2992 0.3408
vn -0.6460 -0.7472 0.1560
vn -0.2635 -0.9515 0.1585
vn -0.0020 -0.9930 0.1184
vn -0.0798 -0.9968 -0.0000
vn -0.6678 -0.6957 -0.2646
vn -0.8482 -0.4051 -0.3411
vn -0.2845 -0.9196 0.2709
vn 0.0016 -0.9941 0.1084
vn -0.7732 -0.6337 -0.0236
vn 0.2322 -0.9235 -0.3054
vn -0.4540 -0.7286 -0.5128
vn -0.2234 -0.7741 -0.5923
vn -0.1279 -0.3081 -0.9427
vn 0.3947 -0.5082 -0.7655
vn -0.0449 -0.9984 -0.0336
vn -0.0210 -0.9997 0.0089
vn 0.0035 -0.9996 0.0262
vn -0.7309 -0.6730 -0.1134
vn 0.0226 -0.9997 0.0046
vn -0.0162 -0.9998 0.0152
vn -0.4073 -0.7304 -0.5483
vn -0.0912 -0.9958 -0.0055
vn -0.7808 -0.6192 0.0834
vn -0.2293 -0.9709 -0.0690
vn -0.0069 -0.9992 0.0405
vn -0.0413 -0.9957 -0.0824
vn -0.4723 -0.6391 -0.6070
vn -0.0190 -0.9998 -0.0082
vn -0.0425 -0.9991 0.0009
vn -0.8134 -0.5452 -0.2029
vn -0.1373 -0.9890 0.0555
vn -0.9781 -0.2081 0.0054
vn -0.0386 -0.9979 -0.0521
vn 0.0717 -0.9676 0.2420
vn 0.0047 -0.9999 0.0149
vn -0.1581 -0.9873 -0.0128
vn -0.7533 -0.6302 -0.1883
vn -0.7282 -0.6591 -0.1882
vn -0.2705 -0.7680 -0.5806
vn -0.1181 -0.9900 -0.0778
vn -0.2674 -0.9206 -0.2845
vn -0.0849 -0.9619 -0.2600
vn 0.0220 -0.9914 -0.1289
vn -0.0810 -0.7343 -0.6740
vn -0.2096 -0.9237 -0.3208
vn -0.0779 -0.9339 -0.3488
vn -0.1235 -0.8812 -0.4564
s 0
usemtl Glass
f 1069//1 1647//1 1578//1
f 1058//2 909//2 939//2
f 421//3 1176//3 238//3
f 1055//4 1101//4 1042//4
f 238//5 1059//5 1126//5
f 1254//6 30//6 1261//6
f 1065//7 1071//7 1//7
f 1037//8 1130//8 1120//8
f 1570//9 2381//9 1585//9
f 2434//10 2502//10 2473//10
f 1632//11 1654//11 1646//11
f 1144//12 1166//12 669//12
f 1202//13 1440//13 305//13
f 1071//14 1090//14 1//14
f 1555//15 1570//15 1584//15
f 1184//16 1174//16 404//16
f 65//17 432//17 12//17
f 1032//18 1085//18 574//18
f 1789//19 2207//19 2223//19
f 1154//20 1118//20 1184//20
f 1141//21 1086//21 1154//21
f 99//22 1117//22 342//22
f 404//23 1174//23 419//23
f 489//24 2000//24 1998//24
f 1118//25 1174//25 1184//25
f 1196//26 403//26 136//26
f 1495//27 717//27 1490//27
f 1804//28 402//28 1207//28
f 2272//29 1398//29 891//29
f 1100//30 1002//30 804//30
f 1596//31 1595//31 2381//31
f 208//32 420//32 1207//32
f 402//33 208//33 1207//33
f 1455//34 1935//34 1925//34
f 1176//35 1059//35 238//35
f 1150//36 1040//36 348//36
f 1957//37 1537//37 2051//37
f 1124//38 1189//38 939//38
f 1804//39 1207//39 1823//39
f 1381//40 1300//40 1109//40
f 383//41 384//41 1182//41
f 1085//42 1086//42 1141//42
f 1040//43 1046//43 132//43
f 220//44 1495//44 1188//44
f 420//45 261//45 1207//45
f 261//46 420//46 1065//46
f 1055//47 1133//47 1101//47
f 1054//48 421//48 403//48
f 182//49 1109//49 2//49
f 1181//50 1207//50 320//50
f 545//51 1570//51 1561//51
f 35//52 342//52 432//52
f 1024//53 574//53 1141//53
f 432//54 342//54 12//54
f 1489//55 1081//55 1547//55
f 1181//56 320//56 1805//56
f 1516//57 1683//57 1507//57
f 357//58 1117//58 1047//58
f 1561//59 1570//59 1555//59
f 1090//60 1196//60 1206//60
f 1047//61 1203//61 1051//61
f 1165//62 202//62 1121//62
f 1099//63 341//63 301//63
f 1174//64 240//64 419//64
f 922//65 921//65 833//65
f 1121//66 1080//66 385//66
f 815//67 21//67 1183//67
f 35//68 99//68 342//68
f 1083//69 398//69 262//69
f 106//70 94//70 1317//70
f 94//71 292//71 1317//71
f 292//72 95//72 1317//72
f 940//73 1039//73 1033//73
f 1300//74 1306//74 433//74
f 21//75 212//75 471//75
f 1120//76 1131//76 1037//76
f 833//77 921//77 688//77
f 1117//78 357//78 342//78
f 106//79 271//79 94//79
f 386//80 227//80 1375//80
f 1130//81 1044//81 1053//81
f 419//82 240//82 219//82
f 1255//83 1244//83 32//83
f 1557//84 1081//84 1489//84
f 2062//85 2120//85 2109//85
f 2034//86 2110//86 430//86
f 23//87 315//87 1111//87
f 291//88 94//88 271//88
f 291//89 292//89 94//89
f 50//90 386//90 95//90
f 964//91 734//91 665//91
f 1616//92 1585//92 1611//92
f 445//93 1084//93 402//93
f 574//94 1085//94 1141//94
f 1654//95 341//95 1653//95
f 220//96 1188//96 1640//96
f 342//97 69//97 12//97
f 417//98 261//98 328//98
f 292//99 50//99 95//99
f 204//100 227//100 386//100
f 50//101 204//101 386//101
f 1276//102 1471//102 1311//102
f 1206//103 1196//103 136//103
f 1033//104 1055//104 1042//104
f 1037//105 1044//105 1130//105
f 1180//106 320//106 417//106
f 1121//107 202//107 1080//107
f 325//108 203//108 271//108
f 291//109 76//109 292//109
f 292//110 237//110 50//110
f 2159//111 1696//111 1767//111
f 583//112 929//112 850//112
f 1584//113 1585//113 1616//113
f 1495//114 1490//114 1188//114
f 1557//115 1489//115 1660//115
f 1078//116 1069//116 1494//116
f 1972//117 1992//117 1971//117
f 183//118 1226//118 2000//118
f 325//119 429//119 203//119
f 292//120 76//120 237//120
f 1152//121 227//121 1143//121
f 1488//122 1412//122 1489//122
f 1638//123 1646//123 1653//123
f 1947//124 1869//124 2468//124
f 203//125 306//125 291//125
f 306//126 76//126 291//126
f 237//127 248//127 50//127
f 204//128 1143//128 227//128
f 2395//129 14//129 429//129
f 1502//130 881//130 2500//130
f 1//131 1090//131 202//131
f 1652//132 1653//132 1099//132
f 2117//133 1863//133 2496//133
f 50//134 248//134 204//134
f 160//135 792//135 994//135
f 884//136 888//136 857//136
f 544//137 2117//137 2496//137
f 1090//138 1206//138 202//138
f 2463//139 879//139 2492//139
f 429//140 306//140 203//140
f 498//141 188//141 418//141
f 865//142 884//142 857//142
f 994//143 998//143 1014//143
f 884//144 897//144 888//144
f 1795//145 948//145 1802//145
f 208//146 1035//146 1071//146
f 1065//147 1//147 1066//147
f 377//148 435//148 1377//148
f 304//149 429//149 14//149
f 304//150 306//150 429//150
f 73//151 60//151 74//151
f 248//152 592//152 204//152
f 846//153 2264//153 829//153
f 897//154 912//154 906//154
f 1004//155 991//155 992//155
f 1422//156 1421//156 1233//156
f 980//157 10//157 303//157
f 1058//158 922//158 909//158
f 2436//159 2449//159 2418//159
f 394//160 435//160 377//160
f 435//161 475//161 446//161
f 475//162 474//162 446//162
f 336//163 337//163 361//163
f 338//164 235//164 372//164
f 624//165 148//165 129//165
f 812//166 306//166 596//166
f 1726//167 992//167 1019//167
f 945//168 1514//168 1511//168
f 1069//169 1627//169 1628//169
f 1812//170 1823//170 1181//170
f 1165//171 1121//171 169//171
f 447//172 475//172 435//172
f 2487//173 2458//173 901//173
f 42//174 59//174 46//174
f 401//175 7//175 187//175
f 1010//176 970//176 797//176
f 1513//177 220//177 1640//177
f 2474//178 2491//178 2462//178
f 594//179 307//179 1014//179
f 398//180 1513//180 1640//180
f 307//181 594//181 1026//181
f 545//182 2381//182 1570//182
f 403//183 421//183 238//183
f 445//184 402//184 127//184
f 1611//185 1631//185 1616//185
f 1805//186 1180//186 1148//186
f 394//187 447//187 435//187
f 2341//188 2413//188 2376//188
f 75//189 74//189 60//189
f 541//190 47//190 42//190
f 47//191 59//191 42//191
f 541//192 42//192 28//192
f 917//193 931//193 1103//193
f 897//194 906//194 883//194
f 2484//195 2068//195 779//195
f 888//196 883//196 857//196
f 261//197 1065//197 328//197
f 363//198 1307//198 349//198
f 377//199 363//199 394//199
f 444//200 747//200 464//200
f 323//201 338//201 362//201
f 92//202 116//202 74//202
f 592//203 634//203 97//203
f 982//204 1027//204 1004//204
f 1020//205 982//205 1004//205
f 1084//206 1054//206 1035//206
f 208//207 402//207 1084//207
f 421//208 1119//208 1176//208
f 1207//209 1181//209 1823//209
f 1179//210 1187//210 1160//210
f 263//211 296//211 1343//211
f 1298//212 296//212 1307//212
f 1307//213 296//213 349//213
f 405//214 363//214 349//214
f 405//215 394//215 363//215
f 405//216 447//216 394//216
f 362//217 372//217 384//217
f 338//218 372//218 362//218
f 983//219 1004//219 987//219
f 122//220 134//220 139//220
f 415//221 440//221 414//221
f 75//222 92//222 74//222
f 226//223 186//223 246//223
f 796//224 787//224 700//224
f 1119//225 1059//225 1176//225
f 122//226 114//226 91//226
f 624//227 129//227 116//227
f 641//228 558//228 631//228
f 1311//229 1318//229 1487//229
f 100//230 1162//230 1170//230
f 1653//231 341//231 1099//231
f 1316//232 1983//232 273//232
f 263//233 277//233 296//233
f 296//234 358//234 349//234
f 436//235 447//235 405//235
f 109//236 554//236 570//236
f 504//237 1385//237 2501//237
f 115//238 122//238 91//238
f 2068//239 2460//239 779//239
f 43//240 777//240 163//240
f 378//241 405//241 349//241
f 358//242 378//242 349//242
f 448//243 447//243 436//243
f 448//244 476//244 447//244
f 78//245 77//245 108//245
f 75//246 60//246 47//246
f 1764//247 2481//247 1795//247
f 717//248 714//248 1512//248
f 1490//249 717//249 1501//249
f 238//250 1126//250 168//250
f 1878//251 1866//251 826//251
f 2025//252 2360//252 2367//252
f 251//253 278//253 263//253
f 278//254 277//254 263//254
f 277//255 318//255 296//255
f 296//256 318//256 358//256
f 318//257 350//257 358//257
f 378//258 436//258 405//258
f 384//259 372//259 1182//259
f 454//260 440//260 415//260
f 987//261 1004//261 992//261
f 493//262 476//262 448//262
f 323//263 788//263 338//263
f 403//264 238//264 136//264
f 1565//265 1503//265 1474//265
f 297//266 277//266 278//266
f 297//267 318//267 277//267
f 358//268 350//268 378//268
f 378//269 388//269 436//269
f 476//270 493//270 500//270
f 73//271 105//271 60//271
f 323//272 337//272 312//272
f 953//273 1573//273 2358//273
f 142//274 161//274 119//274
f 454//275 443//275 440//275
f 1862//276 1871//276 1405//276
f 297//277 319//277 318//277
f 560//278 47//278 541//278
f 170//279 1323//279 111//279
f 357//280 1047//280 1050//280
f 1119//281 98//281 1059//281
f 1838//282 1877//282 1900//282
f 2359//283 230//283 251//283
f 350//284 364//284 378//284
f 449//285 448//285 436//285
f 449//286 493//286 448//286
f 185//287 186//287 226//287
f 443//288 469//288 479//288
f 874//289 165//289 2480//289
f 463//290 444//290 464//290
f 64//291 105//291 91//291
f 1182//292 440//292 1129//292
f 1958//293 1651//293 2502//293
f 1238//294 2034//294 191//294
f 251//295 279//295 278//295
f 278//296 279//296 297//296
f 364//297 388//297 378//297
f 483//298 493//298 449//298
f 134//299 148//299 139//299
f 244//300 268//300 259//300
f 910//301 942//301 930//301
f 105//302 115//302 91//302
f 24//303 30//303 18//303
f 1132//304 487//304 1059//304
f 1869//305 1947//305 2021//305
f 2497//306 2494//306 2463//306
f 2359//307 2385//307 230//307
f 230//308 280//308 251//308
f 251//309 280//309 279//309
f 279//310 308//310 297//310
f 297//311 308//311 319//311
f 319//312 364//312 318//312
f 364//313 350//313 318//313
f 388//314 395//314 436//314
f 436//315 395//315 449//315
f 493//316 472//316 500//316
f 122//317 129//317 134//317
f 125//318 142//318 124//318
f 373//319 400//319 393//319
f 24//320 557//320 30//320
f 2264//321 2278//321 2251//321
f 1261//322 30//322 1269//322
f 1730//323 1862//323 1877//323
f 252//324 280//324 230//324
f 343//325 364//325 319//325
f 364//326 343//326 388//326
f 63//327 64//327 91//327
f 399//328 393//328 416//328
f 416//329 444//329 463//329
f 162//330 189//330 142//330
f 768//331 373//331 326//331
f 189//332 661//332 177//332
f 189//333 199//333 661//333
f 847//334 887//334 864//334
f 533//335 747//335 444//335
f 1744//336 1022//336 1418//336
f 1170//337 524//337 729//337
f 121//338 1342//338 128//338
f 1236//339 1244//339 26//339
f 280//340 281//340 279//340
f 281//341 308//341 279//341
f 343//342 319//342 308//342
f 343//343 365//343 388//343
f 388//344 365//344 395//344
f 365//345 406//345 395//345
f 406//346 449//346 395//346
f 483//347 477//347 493//347
f 477//348 491//348 472//348
f 493//349 477//349 472//349
f 78//350 109//350 77//350
f 166//351 174//351 196//351
f 481//352 150//352 814//352
f 63//353 59//353 64//353
f 326//354 373//354 393//354
f 643//355 260//355 43//355
f 230//356 253//356 252//356
f 449//357 441//357 483//357
f 441//358 477//358 483//358
f 415//359 416//359 463//359
f 226//360 246//360 245//360
f 464//361 470//361 454//361
f 323//362 362//362 337//362
f 52//363 37//363 1283//363
f 253//364 281//364 252//364
f 281//365 280//365 252//365
f 309//366 308//366 281//366
f 330//367 343//367 308//367
f 366//368 365//368 343//368
f 441//369 449//369 406//369
f 464//370 814//370 15//370
f 883//371 906//371 887//371
f 337//372 362//372 371//372
f 479//373 498//373 290//373
f 247//374 746//374 1003//374
f 25//375 37//375 557//375
f 640//376 930//376 669//376
f 2486//377 2499//377 2459//377
f 309//378 330//378 308//378
f 343//379 330//379 366//379
f 441//380 437//380 477//380
f 290//381 498//381 418//381
f 124//382 119//382 108//382
f 77//383 124//383 108//383
f 589//384 125//384 109//384
f 570//385 589//385 109//385
f 125//386 162//386 142//386
f 1045//387 433//387 1034//387
f 1207//388 261//388 320//388
f 2004//389 2474//389 2495//389
f 1215//390 1228//390 2285//390
f 365//391 396//391 406//391
f 396//392 422//392 406//392
f 422//393 437//393 441//393
f 406//394 422//394 441//394
f 59//395 47//395 60//395
f 51//396 78//396 66//396
f 361//397 371//397 383//397
f 196//398 215//398 214//398
f 463//399 454//399 415//399
f 27//400 41//400 535//400
f 53//401 1283//401 37//401
f 84//402 1299//402 1283//402
f 1805//403 320//403 1180//403
f 254//404 253//404 222//404
f 254//405 281//405 253//405
f 309//406 366//406 330//406
f 396//407 365//407 366//407
f 456//408 477//408 437//408
f 484//409 491//409 477//409
f 2480//410 2485//410 2493//410
f 418//411 188//411 187//411
f 53//412 85//412 1283//412
f 85//413 84//413 1283//413
f 420//414 1071//414 1065//414
f 264//415 281//415 254//415
f 298//416 309//416 281//416
f 368//417 366//417 367//417
f 368//418 396//418 366//418
f 1639//419 1564//419 1139//419
f 560//420 48//420 47//420
f 82//421 471//421 212//421
f 25//422 38//422 37//422
f 202//423 1206//423 1080//423
f 264//424 298//424 281//424
f 298//425 331//425 309//425
f 309//426 331//426 366//426
f 331//427 367//427 366//427
f 396//428 368//428 422//428
f 422//429 456//429 437//429
f 491//430 1192//430 313//430
f 1699//431 2064//431 1710//431
f 462//432 443//432 479//432
f 371//433 362//433 384//433
f 2502//434 2476//434 2464//434
f 371//435 384//435 383//435
f 21//436 732//436 212//436
f 1571//437 1629//437 1627//437
f 38//438 39//438 53//438
f 37//439 38//439 53//439
f 39//440 85//440 53//440
f 1173//441 1184//441 404//441
f 1006//442 2142//442 1674//442
f 201//443 255//443 254//443
f 255//444 264//444 254//444
f 368//445 407//445 422//445
f 450//446 456//446 422//446
f 450//447 484//447 456//447
f 456//448 484//448 477//448
f 314//449 1192//449 491//449
f 2027//450 2501//450 2489//450
f 2475//451 2471//451 2488//451
f 551//452 492//452 732//452
f 464//453 481//453 814//453
f 1081//454 1494//454 1547//454
f 201//455 231//455 255//455
f 407//456 450//456 422//456
f 484//457 494//457 491//457
f 494//458 327//458 491//458
f 327//459 314//459 491//459
f 876//460 797//460 995//460
f 847//461 856//461 829//461
f 125//462 143//462 162//462
f 134//463 129//463 148//463
f 1564//464 1571//464 1627//464
f 417//465 320//465 261//465
f 328//466 1065//466 1066//466
f 170//467 156//467 201//467
f 156//468 231//468 201//468
f 231//469 282//469 255//469
f 282//470 264//470 255//470
f 450//471 485//471 484//471
f 484//472 485//472 494//472
f 2463//473 2486//473 2479//473
f 159//474 185//474 167//474
f 492//475 68//475 212//475
f 732//476 492//476 212//476
f 68//477 82//477 212//477
f 1311//478 1471//478 1296//478
f 101//479 156//479 111//479
f 332//480 264//480 282//480
f 332//481 298//481 264//481
f 332//482 331//482 298//482
f 331//483 332//483 367//483
f 407//484 423//484 450//484
f 450//485 423//485 485//485
f 804//486 1002//486 1443//486
f 2484//487 779//487 946//487
f 689//488 443//488 462//488
f 440//489 689//489 1129//489
f 166//490 167//490 174//490
f 38//491 31//491 39//491
f 112//492 145//492 101//492
f 101//493 145//493 156//493
f 156//494 256//494 231//494
f 332//495 423//495 368//495
f 367//496 332//496 368//496
f 368//497 423//497 407//497
f 946//498 779//498 920//498
f 1432//499 1261//499 1449//499
f 461//500 478//500 453//500
f 464//501 15//501 470//501
f 31//502 54//502 39//502
f 39//503 54//503 85//503
f 86//504 101//504 85//504
f 145//505 210//505 156//505
f 282//506 283//506 332//506
f 283//507 369//507 332//507
f 369//508 423//508 332//508
f 423//509 408//509 485//509
f 854//510 876//510 965//510
f 78//511 108//511 66//511
f 440//512 443//512 689//512
f 374//513 2465//513 961//513
f 929//514 519//514 979//514
f 54//515 86//515 85//515
f 156//516 241//516 256//516
f 256//517 282//517 231//517
f 256//518 283//518 282//518
f 389//519 423//519 369//519
f 389//520 408//520 423//520
f 408//521 457//521 485//521
f 457//522 49//522 485//522
f 485//523 49//523 494//523
f 494//524 135//524 327//524
f 175//525 83//525 314//525
f 1167//526 1140//526 1483//526
f 196//527 174//527 215//527
f 697//528 16//528 68//528
f 1038//529 82//529 16//529
f 140//530 117//530 141//530
f 1654//531 1653//531 1646//531
f 1234//532 54//532 31//532
f 86//533 112//533 101//533
f 210//534 241//534 156//534
f 923//535 917//535 911//535
f 697//536 34//536 16//536
f 145//537 193//537 210//537
f 256//538 265//538 283//538
f 265//539 310//539 283//539
f 283//540 310//540 369//540
f 310//541 344//541 369//541
f 344//542 370//542 369//542
f 370//543 389//543 369//543
f 409//544 408//544 389//544
f 409//545 466//545 408//545
f 466//546 457//546 408//546
f 466//547 49//547 457//547
f 49//548 135//548 494//548
f 174//549 225//549 215//549
f 1014//550 766//550 602//550
f 826//551 2220//551 2215//551
f 1078//552 1494//552 1081//552
f 1273//553 70//553 86//553
f 120//554 112//554 86//554
f 146//555 145//555 112//555
f 146//556 193//556 145//556
f 265//557 256//557 241//557
f 223//558 265//558 241//558
f 486//559 49//559 466//559
f 175//560 327//560 135//560
f 105//561 122//561 115//561
f 480//562 15//562 681//562
f 225//563 234//563 215//563
f 731//564 34//564 697//564
f 86//565 54//565 1273//565
f 70//566 120//566 86//566
f 193//567 241//567 210//567
f 299//568 310//568 265//568
f 310//569 333//569 344//569
f 344//570 351//570 370//570
f 424//571 466//571 409//571
f 135//572 49//572 175//572
f 214//573 215//573 234//573
f 48//574 75//574 47//574
f 34//575 9//575 1038//575
f 16//576 34//576 1038//576
f 203//577 291//577 271//577
f 9//578 558//578 754//578
f 1195//579 397//579 1120//579
f 120//580 146//580 112//580
f 146//581 194//581 193//581
f 266//582 265//582 223//582
f 266//583 299//583 265//583
f 299//584 333//584 310//584
f 333//585 351//585 344//585
f 382//586 383//586 392//586
f 399//587 416//587 415//587
f 266//588 333//588 299//588
f 351//589 352//589 370//589
f 424//590 486//590 466//590
f 487//591 175//591 49//591
f 7//592 117//592 187//592
f 1182//593 414//593 440//593
f 41//594 42//594 46//594
f 290//595 289//595 497//595
f 2502//596 2464//596 2473//596
f 372//597 399//597 414//597
f 1570//598 1585//598 1584//598
f 1066//599 1//599 1165//599
f 1//600 202//600 1165//600
f 120//601 70//601 102//601
f 157//602 146//602 120//602
f 194//603 223//603 193//603
f 223//604 241//604 193//604
f 352//605 379//605 370//605
f 370//606 379//606 389//606
f 410//607 409//607 389//607
f 2478//608 1409//608 1958//608
f 806//609 945//609 1002//609
f 157//610 194//610 146//610
f 267//611 266//611 223//611
f 267//612 333//612 266//612
f 379//613 410//613 389//613
f 410//614 438//614 409//614
f 438//615 424//615 409//615
f 190//616 205//616 143//616
f 337//617 371//617 361//617
f 2215//618 830//618 826//618
f 1631//619 1646//619 1638//619
f 102//620 157//620 120//620
f 157//621 195//621 194//621
f 195//622 223//622 194//622
f 195//623 211//623 223//623
f 223//624 211//624 267//624
f 267//625 300//625 333//625
f 300//626 334//626 351//626
f 333//627 300//627 351//627
f 351//628 334//628 352//628
f 410//629 411//629 438//629
f 438//630 486//630 424//630
f 487//631 49//631 486//631
f 875//632 594//632 989//632
f 108//633 581//633 66//633
f 225//634 245//634 244//634
f 312//635 336//635 335//635
f 151//636 754//636 107//636
f 274//637 1386//637 300//637
f 352//638 334//638 379//638
f 923//639 1729//639 1096//639
f 244//640 245//640 268//640
f 463//641 464//641 454//641
f 414//642 399//642 415//642
f 15//643 480//643 470//643
f 1647//644 1069//644 1078//644
f 909//645 922//645 833//645
f 387//646 417//646 328//646
f 133//647 157//647 102//647
f 1314//648 133//648 102//648
f 133//649 195//649 157//649
f 1148//650 1179//650 1160//650
f 1046//651 1167//651 182//651
f 379//652 411//652 410//652
f 792//653 339//653 229//653
f 391//654 7//654 668//654
f 185//655 226//655 174//655
f 461//656 290//656 497//656
f 2027//657 504//657 2501//657
f 1196//658 1054//658 403//658
f 728//659 1019//659 752//659
f 2459//660 2483//660 2461//660
f 1291//661 1264//661 55//661
f 133//662 1356//662 195//662
f 195//663 1356//663 211//663
f 412//664 438//664 411//664
f 4//665 486//665 438//665
f 458//666 4//666 438//666
f 4//667 487//667 486//667
f 1720//668 1572//668 1771//668
f 245//669 275//669 268//669
f 1869//670 2021//670 2059//670
f 235//671 399//671 372//671
f 64//672 60//672 105//672
f 836//673 2492//673 879//673
f 1315//674 133//674 1314//674
f 1331//675 1382//675 1356//675
f 1310//676 926//676 1128//676
f 7//677 1121//677 117//677
f 119//678 161//678 611//678
f 380//679 379//679 334//679
f 379//680 380//680 411//680
f 467//681 4//681 458//681
f 495//682 487//682 4//682
f 495//683 1126//683 487//683
f 416//684 400//684 533//684
f 479//685 469//685 498//685
f 74//686 116//686 73//686
f 478//687 461//687 497//687
f 393//688 400//688 416//688
f 61//689 1291//689 55//689
f 505//690 1999//690 2474//690
f 1999//691 2491//691 2474//691
f 199//692 189//692 36//692
f 1164//693 1165//693 169//693
f 1179//694 387//694 249//694
f 390//695 411//695 380//695
f 411//696 390//696 412//696
f 458//697 438//697 412//697
f 495//698 168//698 1126//698
f 480//699 469//699 470//699
f 116//700 122//700 105//700
f 418//701 187//701 140//701
f 185//702 174//702 167//702
f 166//703 148//703 167//703
f 470//704 469//704 443//704
f 40//705 55//705 32//705
f 61//706 71//706 1291//706
f 71//707 103//707 1291//707
f 1184//708 1173//708 1154//708
f 634//709 514//709 97//709
f 425//710 458//710 412//710
f 917//711 923//711 931//711
f 2472//712 2489//712 853//712
f 754//713 641//713 567//713
f 44//714 567//714 1163//714
f 454//715 470//715 443//715
f 40//716 32//716 1249//716
f 33//717 40//717 1249//717
f 56//718 55//718 40//718
f 56//719 61//719 55//719
f 451//720 1265//720 439//720
f 1180//721 417//721 1179//721
f 1099//722 301//722 1077//722
f 1189//723 1058//723 939//723
f 1059//724 221//724 1132//724
f 598//725 1074//725 1075//725
f 412//726 426//726 425//726
f 650//727 186//727 185//727
f 234//728 244//728 259//728
f 226//729 245//729 225//729
f 1033//730 1042//730 1030//730
f 2492//731 836//731 247//731
f 7//732 169//732 1121//732
f 1462//733 1322//733 1482//733
f 425//734 467//734 458//734
f 496//735 4//735 467//735
f 1751//736 2468//736 2480//736
f 290//737 418//737 140//737
f 326//738 789//738 762//738
f 142//739 177//739 161//739
f 165//740 1751//740 2480//740
f 87//741 103//741 71//741
f 103//742 87//742 104//742
f 1180//743 1179//743 1148//743
f 417//744 387//744 1179//744
f 2081//745 2060//745 2031//745
f 1154//746 1173//746 1141//746
f 181//747 131//747 197//747
f 442//748 425//748 426//748
f 614//749 144//749 143//749
f 876//750 1010//750 797//750
f 40//751 45//751 56//751
f 56//752 45//752 61//752
f 87//753 71//753 61//753
f 1563//754 1437//754 1590//754
f 1121//755 385//755 117//755
f 1148//756 1160//756 1137//756
f 1449//757 1459//757 1439//757
f 1028//758 2462//758 929//758
f 442//759 459//759 425//759
f 459//760 467//760 425//760
f 168//761 495//761 4//761
f 496//762 168//762 4//762
f 1763//763 1403//763 1444//763
f 140//764 187//764 117//764
f 244//765 234//765 225//765
f 246//766 740//766 269//766
f 372//767 414//767 1182//767
f 40//768 547//768 45//768
f 45//769 62//769 61//769
f 62//770 87//770 61//770
f 87//771 88//771 104//771
f 1084//772 517//772 1054//772
f 387//773 328//773 1064//773
f 2467//774 2497//774 2485//774
f 286//775 1363//775 302//775
f 205//776 189//776 162//776
f 290//777 140//777 289//777
f 214//778 234//778 224//778
f 393//779 399//779 809//779
f 315//780 1131//780 397//780
f 302//781 321//781 353//781
f 1164//782 169//782 391//782
f 427//783 459//783 442//783
f 217//784 496//784 467//784
f 217//785 168//785 496//785
f 978//786 969//786 2074//786
f 361//787 383//787 382//787
f 269//788 276//788 245//788
f 1440//789 11//789 305//789
f 62//790 88//790 87//790
f 328//791 1066//791 1064//791
f 1066//792 1165//792 1164//792
f 242//793 287//793 302//793
f 1363//794 242//794 302//794
f 287//795 321//795 302//795
f 1179//796 249//796 1187//796
f 983//797 1020//797 1004//797
f 464//798 747//798 481//798
f 788//799 323//799 276//799
f 269//800 245//800 246//800
f 88//801 89//801 1325//801
f 171//802 172//802 242//802
f 360//803 353//803 321//803
f 360//804 1354//804 353//804
f 1057//805 1064//805 1164//805
f 2184//806 2188//806 2183//806
f 460//807 459//807 451//807
f 460//808 467//808 459//808
f 149//809 168//809 217//809
f 149//810 136//810 168//810
f 116//811 129//811 122//811
f 109//812 124//812 77//812
f 159//813 167//813 148//813
f 28//814 42//814 41//814
f 57//815 88//815 62//815
f 45//816 57//816 62//816
f 1336//817 1325//817 89//817
f 89//818 72//818 1336//818
f 147//819 172//819 171//819
f 172//820 258//820 242//820
f 258//821 257//821 242//821
f 257//822 287//822 242//822
f 257//823 321//823 287//823
f 345//824 360//824 321//824
f 360//825 381//825 1354//825
f 1069//826 938//826 1655//826
f 387//827 473//827 249//827
f 270//828 217//828 467//828
f 130//829 136//829 149//829
f 851//830 847//830 829//830
f 983//831 987//831 975//831
f 189//832 177//832 142//832
f 88//833 72//833 89//833
f 184//834 258//834 172//834
f 257//835 288//835 321//835
f 1265//836 451//836 459//836
f 270//837 149//837 217//837
f 226//838 225//838 174//838
f 27//839 28//839 41//839
f 109//840 125//840 124//840
f 547//841 57//841 45//841
f 57//842 58//842 88//842
f 88//843 58//843 72//843
f 2476//844 2484//844 2458//844
f 147//845 184//845 172//845
f 184//846 213//846 258//846
f 258//847 243//847 257//847
f 243//848 288//848 257//848
f 345//849 321//849 288//849
f 391//850 169//850 7//850
f 468//851 460//851 451//851
f 468//852 488//852 460//852
f 270//853 467//853 460//853
f 488//854 270//854 460//854
f 1206//855 136//855 130//855
f 481//856 793//856 150//856
f 143//857 205//857 162//857
f 142//858 119//858 124//858
f 58//859 90//859 72//859
f 90//860 128//860 72//860
f 147//861 173//861 184//861
f 173//862 213//862 184//862
f 213//863 233//863 258//863
f 258//864 233//864 243//864
f 354//865 360//865 345//865
f 354//866 381//866 360//866
f 1026//867 991//867 307//867
f 268//868 312//868 259//868
f 1206//869 130//869 1080//869
f 116//870 105//870 73//870
f 139//871 148//871 166//871
f 275//872 312//872 268//872
f 188//873 401//873 187//873
f 2479//874 2459//874 2461//874
f 58//875 63//875 90//875
f 1064//876 1066//876 1164//876
f 1064//877 473//877 387//877
f 288//878 311//878 345//878
f 311//879 354//879 345//879
f 996//880 994//880 307//880
f 452//881 468//881 439//881
f 452//882 478//882 468//882
f 478//883 488//883 468//883
f 141//884 130//884 149//884
f 1564//885 1639//885 1563//885
f 547//886 41//886 57//886
f 2081//887 2107//887 2060//887
f 382//888 381//888 354//888
f 497//889 270//889 488//889
f 289//890 149//890 270//890
f 289//891 141//891 149//891
f 114//892 122//892 139//892
f 59//893 60//893 64//893
f 275//894 323//894 312//894
f 401//895 668//895 7//895
f 41//896 46//896 57//896
f 57//897 46//897 58//897
f 1459//898 1345//898 1269//898
f 1342//899 121//899 158//899
f 166//900 173//900 158//900
f 213//901 224//901 233//901
f 233//902 259//902 243//902
f 243//903 322//903 288//903
f 322//904 311//904 288//904
f 453//905 478//905 452//905
f 497//906 289//906 270//906
f 912//907 911//907 906//907
f 276//908 323//908 275//908
f 276//909 275//909 245//909
f 46//910 63//910 58//910
f 90//911 121//911 128//911
f 173//912 214//912 213//912
f 213//913 214//913 224//913
f 259//914 322//914 243//914
f 336//915 311//915 322//915
f 336//916 354//916 311//916
f 361//917 382//917 354//917
f 1043//918 439//918 1290//918
f 497//919 488//919 478//919
f 385//920 130//920 141//920
f 385//921 1080//921 130//921
f 144//922 190//922 143//922
f 535//923 41//923 547//923
f 121//924 166//924 158//924
f 335//925 336//925 322//925
f 354//926 336//926 361//926
f 2004//927 2481//927 1764//927
f 698//928 439//928 1043//928
f 289//929 140//929 141//929
f 923//930 1096//930 931//930
f 650//931 185//931 159//931
f 46//932 59//932 63//932
f 63//933 91//933 90//933
f 90//934 114//934 121//934
f 121//935 139//935 166//935
f 173//936 196//936 214//936
f 259//937 335//937 322//937
f 2478//938 2502//938 2434//938
f 312//939 337//939 336//939
f 90//940 91//940 114//940
f 114//941 139//941 121//941
f 166//942 196//942 173//942
f 224//943 234//943 233//943
f 234//944 259//944 233//944
f 259//945 312//945 335//945
f 1124//946 916//946 1189//946
f 542//947 541//947 530//947
f 462//948 479//948 290//948
f 269//949 783//949 276//949
f 813//950 567//950 641//950
f 276//951 783//951 788//951
f 82//952 1038//952 1333//952
f 816//953 701//953 703//953
f 672//954 137//954 603//954
f 625//955 635//955 624//955
f 2457//956 2439//956 1973//956
f 767//957 533//957 529//957
f 2468//958 1869//958 2480//958
f 662//959 190//959 639//959
f 711//960 720//960 719//960
f 630//961 639//961 614//961
f 161//962 654//962 638//962
f 781//963 991//963 982//963
f 1227//964 31//964 516//964
f 648//965 639//965 630//965
f 630//966 614//966 590//966
f 2098//967 544//967 1899//967
f 578//968 579//968 586//968
f 697//969 492//969 551//969
f 529//970 533//970 400//970
f 869//971 859//971 870//971
f 1732//972 924//972 914//972
f 1004//973 1027//973 991//973
f 801//974 591//974 603//974
f 636//975 676//975 651//975
f 876//976 949//976 965//976
f 2207//977 1789//977 1859//977
f 76//978 739//978 237//978
f 188//979 681//979 15//979
f 578//980 604//980 599//980
f 797//981 616//981 995//981
f 510//982 2035//982 1365//982
f 76//983 812//983 617//983
f 617//984 739//984 76//984
f 1468//985 93//985 1765//985
f 596//986 546//986 812//986
f 1457//987 1305//987 1477//987
f 760//988 197//988 150//988
f 671//989 773//989 765//989
f 586//990 609//990 604//990
f 591//991 700//991 632//991
f 476//992 2312//992 474//992
f 2084//993 2027//993 2489//993
f 582//994 590//994 571//994
f 1555//995 2449//995 1996//995
f 674//996 546//996 596//996
f 812//997 655//997 617//997
f 161//998 177//998 661//998
f 599//999 604//999 636//999
f 700//1000 787//1000 576//1000
f 776//1001 675//1001 572//1001
f 776//1002 674//1002 675//1002
f 617//1003 634//1003 739//1003
f 591//1004 632//1004 649//1004
f 612//1005 546//1005 674//1005
f 617//1006 655//1006 634//1006
f 728//1007 752//1007 706//1007
f 571//1008 2311//1008 2305//1008
f 775//1009 674//1009 776//1009
f 775//1010 612//1010 674//1010
f 612//1011 628//1011 546//1011
f 546//1012 628//1012 812//1012
f 812//1013 628//1013 655//1013
f 620//1014 630//1014 615//1014
f 620//1015 648//1015 630//1015
f 667//1016 653//1016 646//1016
f 810//1017 782//1017 785//1017
f 150//1018 197//1018 814//1018
f 534//1019 1517//1019 2000//1019
f 702//1020 572//1020 2378//1020
f 748//1021 776//1021 572//1021
f 655//1022 613//1022 634//1022
f 911//1023 917//1023 905//1023
f 648//1024 679//1024 662//1024
f 727//1025 771//1025 713//1025
f 750//1026 807//1026 799//1026
f 639//1027 190//1027 144//1027
f 662//1028 679//1028 200//1028
f 702//1029 748//1029 572//1029
f 775//1030 776//1030 748//1030
f 628//1031 718//1031 655//1031
f 626//1032 658//1032 645//1032
f 791//1033 778//1033 790//1033
f 612//1034 811//1034 628//1034
f 613//1035 514//1035 634//1035
f 1380//1036 1756//1036 1673//1036
f 570//1037 590//1037 614//1037
f 720//1038 741//1038 719//1038
f 1074//1039 795//1039 835//1039
f 614//1040 639//1040 144//1040
f 612//1041 775//1041 811//1041
f 718//1042 735//1042 655//1042
f 655//1043 735//1043 613//1043
f 798//1044 338//1044 788//1044
f 636//1045 652//1045 676//1045
f 571//1046 590//1046 555//1046
f 528//1047 730//1047 687//1047
f 690//1048 702//1048 2312//1048
f 476//1049 690//1049 2312//1049
f 811//1050 718//1050 628//1050
f 721//1051 778//1051 727//1051
f 748//1052 702//1052 690//1052
f 735//1053 686//1053 613//1053
f 1517//1054 2002//1054 2127//1054
f 654//1055 685//1055 667//1055
f 569//1056 588//1056 606//1056
f 513//1057 531//1057 538//1057
f 538//1058 549//1058 548//1058
f 549//1059 553//1059 548//1059
f 550//1060 588//1060 549//1060
f 1903//1061 869//1061 870//1061
f 691//1062 775//1062 748//1062
f 691//1063 600//1063 775//1063
f 600//1064 811//1064 775//1064
f 811//1065 563//1065 718//1065
f 563//1066 736//1066 718//1066
f 718//1067 736//1067 735//1067
f 736//1068 647//1068 735//1068
f 735//1069 647//1069 686//1069
f 686//1070 745//1070 613//1070
f 745//1071 514//1071 613//1071
f 569//1072 606//1072 605//1072
f 654//1073 667//1073 638//1073
f 851//1074 857//1074 847//1074
f 588//1075 569//1075 549//1075
f 690//1076 691//1076 748//1076
f 680//1077 514//1077 745//1077
f 2127//1078 2002//1078 2094//1078
f 747//1079 701//1079 481//1079
f 400//1080 373//1080 529//1080
f 600//1081 536//1081 811//1081
f 536//1082 563//1082 811//1082
f 1306//1083 227//1083 1152//1083
f 522//1084 24//1084 18//1084
f 523//1085 24//1085 522//1085
f 865//1086 857//1086 851//1086
f 2031//1087 2060//1087 1540//1087
f 767//1088 701//1088 747//1088
f 618//1089 652//1089 609//1089
f 652//1090 636//1090 609//1090
f 573//1091 22//1091 710//1091
f 642//1092 699//1092 730//1092
f 1522//1093 1518//1093 2476//1093
f 500//1094 629//1094 691//1094
f 690//1095 500//1095 691//1095
f 691//1096 629//1096 600//1096
f 780//1097 644//1097 641//1097
f 579//1098 578//1098 561//1098
f 131//1099 668//1099 197//1099
f 197//1100 668//1100 814//1100
f 789//1101 809//1101 798//1101
f 622//1102 760//1102 150//1102
f 621//1103 563//1103 536//1103
f 673//1104 745//1104 686//1104
f 673//1105 818//1105 745//1105
f 818//1106 680//1106 745//1106
f 680//1107 96//1107 514//1107
f 2495//1108 2462//1108 1028//1108
f 1028//1109 583//1109 575//1109
f 663//1110 794//1110 664//1110
f 629//1111 761//1111 600//1111
f 761//1112 757//1112 600//1112
f 600//1113 757//1113 536//1113
f 621//1114 696//1114 563//1114
f 755//1115 736//1115 563//1115
f 696//1116 755//1116 563//1116
f 633//1117 736//1117 755//1117
f 633//1118 647//1118 736//1118
f 623//1119 686//1119 647//1119
f 633//1120 623//1120 647//1120
f 686//1121 623//1121 673//1121
f 819//1122 680//1122 818//1122
f 680//1123 819//1123 96//1123
f 1729//1124 1677//1124 1096//1124
f 2482//1125 1899//1125 2471//1125
f 537//1126 536//1126 757//1126
f 536//1127 537//1127 621//1127
f 673//1128 819//1128 818//1128
f 2428//1129 222//1129 230//1129
f 25//1130 24//1130 523//1130
f 25//1131 557//1131 24//1131
f 38//1132 25//1132 19//1132
f 710//1133 22//1133 272//1133
f 663//1134 759//1134 794//1134
f 1120//1135 878//1135 1195//1135
f 537//1136 696//1136 621//1136
f 696//1137 633//1137 755//1137
f 822//1138 2215//1138 2220//1138
f 97//1139 96//1139 1053//1139
f 750//1140 784//1140 743//1140
f 887//1141 905//1141 864//1141
f 768//1142 784//1142 373//1142
f 512//1143 513//1143 548//1143
f 573//1144 664//1144 22//1144
f 696//1145 715//1145 633//1145
f 673//1146 521//1146 819//1146
f 2454//1147 2453//1147 2445//1147
f 883//1148 887//1148 847//1148
f 306//1149 812//1149 76//1149
f 642//1150 528//1150 759//1150
f 798//1151 809//1151 235//1151
f 994//1152 792//1152 998//1152
f 587//1153 626//1153 586//1153
f 1900//1154 1918//1154 1937//1154
f 645//1155 652//1155 618//1155
f 537//1156 786//1156 696//1156
f 521//1157 593//1157 819//1157
f 515//1158 19//1158 523//1158
f 741//1159 749//1159 719//1159
f 789//1160 326//1160 809//1160
f 539//1161 581//1161 550//1161
f 657//1162 777//1162 723//1162
f 684//1163 713//1163 660//1163
f 692//1164 712//1164 720//1164
f 652//1165 666//1165 692//1165
f 507//1166 761//1166 629//1166
f 472//1167 507//1167 629//1167
f 507//1168 757//1168 761//1168
f 623//1169 633//1169 673//1169
f 724//1170 521//1170 673//1170
f 515//1171 516//1171 19//1171
f 304//1172 675//1172 674//1172
f 178//1173 778//1173 721//1173
f 947//1174 1447//1174 2358//1174
f 626//1175 645//1175 618//1175
f 586//1176 626//1176 618//1176
f 784//1177 768//1177 742//1177
f 753//1178 537//1178 757//1178
f 537//1179 753//1179 786//1179
f 724//1180 981//1180 521//1180
f 521//1181 981//1181 593//1181
f 979//1182 559//1182 850//1182
f 637//1183 660//1183 677//1183
f 787//1184 631//1184 576//1184
f 141//1185 117//1185 385//1185
f 809//1186 399//1186 235//1186
f 641//1187 754//1187 558//1187
f 542//1188 553//1188 561//1188
f 742//1189 768//1189 762//1189
f 444//1190 416//1190 533//1190
f 528//1191 687//1191 796//1191
f 813//1192 598//1192 566//1192
f 1490//1193 1501//1193 1557//1193
f 753//1194 757//1194 507//1194
f 786//1195 715//1195 696//1195
f 633//1196 724//1196 673//1196
f 2090//1197 2062//1197 2109//1197
f 646//1198 653//1198 660//1198
f 660//1199 694//1199 683//1199
f 677//1200 660//1200 683//1200
f 1872//1201 839//1201 838//1201
f 1224//1202 18//1202 30//1202
f 326//1203 393//1203 809//1203
f 799//1204 529//1204 373//1204
f 313//1205 507//1205 472//1205
f 715//1206 774//1206 633//1206
f 974//1207 699//1207 841//1207
f 703//1208 820//1208 816//1208
f 692//1209 711//1209 676//1209
f 1014//1210 355//1210 766//1210
f 875//1211 752//1211 1019//1211
f 627//1212 646//1212 660//1212
f 711//1213 692//1213 720//1213
f 652//1214 692//1214 676//1214
f 799//1215 373//1215 784//1215
f 813//1216 566//1216 567//1216
f 2462//1217 2482//1217 2475//1217
f 764//1218 644//1218 780//1218
f 1479//1219 1924//1219 1916//1219
f 753//1220 738//1220 786//1220
f 738//1221 607//1221 786//1221
f 786//1222 607//1222 715//1222
f 715//1223 524//1223 774//1223
f 633//1224 774//1224 724//1224
f 559//1225 979//1225 672//1225
f 758//1226 798//1226 783//1226
f 683//1227 694//1227 705//1227
f 820//1228 703//1228 562//1228
f 764//1229 687//1229 644//1229
f 744//1230 743//1230 725//1230
f 313//1231 753//1231 507//1231
f 607//1232 524//1232 715//1232
f 664//1233 801//1233 22//1233
f 646//1234 627//1234 610//1234
f 800//1235 820//1235 562//1235
f 750//1236 769//1236 807//1236
f 767//1237 747//1237 533//1237
f 578//1238 586//1238 604//1238
f 862//1239 593//1239 981//1239
f 688//1240 2382//1240 1083//1240
f 306//1241 304//1241 674//1241
f 738//1242 584//1242 607//1242
f 168//1243 136//1243 238//1243
f 773//1244 552//1244 765//1244
f 2473//1245 2464//1245 2458//1245
f 773//1246 793//1246 552//1246
f 626//1247 619//1247 658//1247
f 1007//1248 1139//1248 1013//1248
f 562//1249 529//1249 799//1249
f 744//1250 750//1250 743//1250
f 659//1251 683//1251 693//1251
f 677//1252 683//1252 659//1252
f 313//1253 737//1253 753//1253
f 753//1254 737//1254 738//1254
f 607//1255 729//1255 524//1255
f 27//1256 518//1256 28//1256
f 553//1257 569//1257 580//1257
f 657//1258 163//1258 777//1258
f 580//1259 569//1259 605//1259
f 789//1260 798//1260 758//1260
f 769//1261 562//1261 807//1261
f 820//1262 671//1262 816//1262
f 638//1263 646//1263 611//1263
f 1074//1264 598//1264 644//1264
f 750//1265 799//1265 784//1265
f 1931//1266 907//1266 898//1266
f 2483//1267 2487//1267 2461//1267
f 737//1268 584//1268 738//1268
f 1439//1269 1438//1269 1431//1269
f 2098//1270 1213//1270 544//1270
f 48//1271 578//1271 75//1271
f 796//1272 631//1272 787//1272
f 815//1273 732//1273 21//1273
f 581//1274 588//1274 550//1274
f 625//1275 636//1275 651//1275
f 778//1276 1011//1276 810//1276
f 693//1277 705//1277 725//1277
f 693//1278 683//1278 705//1278
f 236//1279 1921//1279 1966//1279
f 584//1280 729//1280 607//1280
f 2237//1281 1866//1281 2227//1281
f 530//1282 541//1282 28//1282
f 237//1283 739//1283 248//1283
f 512//1284 530//1284 28//1284
f 727//1285 778//1285 771//1285
f 684//1286 727//1286 713//1286
f 2237//1287 2220//1287 826//1287
f 542//1288 561//1288 560//1288
f 528//1289 796//1289 700//1289
f 808//1290 785//1290 671//1290
f 739//1291 592//1291 248//1291
f 895//1292 905//1292 896//1292
f 740//1293 246//1293 186//1293
f 272//1294 137//1294 979//1294
f 770//1295 769//1295 744//1295
f 712//1296 742//1296 720//1296
f 1213//1297 2026//1297 544//1297
f 1888//1298 1235//1298 2438//1298
f 555//1299 554//1299 2311//1299
f 737//1300 313//1300 1192//1300
f 1585//1301 1612//1301 1611//1301
f 695//1302 721//1302 685//1302
f 518//1303 17//1303 28//1303
f 769//1304 770//1304 562//1304
f 719//1305 749//1305 740//1305
f 648//1306 669//1306 679//1306
f 773//1307 657//1307 723//1307
f 606//1308 637//1308 619//1308
f 2072//1309 2062//1309 2042//1309
f 606//1310 619//1310 626//1310
f 549//1311 569//1311 553//1311
f 161//1312 638//1312 611//1312
f 910//1313 917//1313 942//1313
f 917//1314 1103//1314 942//1314
f 991//1315 1026//1315 992//1315
f 979//1316 137//1316 672//1316
f 785//1317 163//1317 657//1317
f 710//1318 2488//1318 2472//1318
f 611//1319 581//1319 119//1319
f 808//1320 671//1320 820//1320
f 1820//1321 1900//1321 1870//1321
f 759//1322 700//1322 591//1322
f 637//1323 677//1323 619//1323
f 2494//1324 2490//1324 2463//1324
f 671//1325 765//1325 816//1325
f 687//1326 764//1326 780//1326
f 1019//1327 992//1327 1026//1327
f 1726//1328 1719//1328 987//1328
f 713//1329 771//1329 694//1329
f 51//1330 2355//1330 78//1330
f 510//1331 526//1331 525//1331
f 525//1332 526//1332 1249//1332
f 526//1333 33//1333 1249//1333
f 2311//1334 554//1334 2335//1334
f 827//1335 848//1335 840//1335
f 603//1336 591//1336 649//1336
f 758//1337 269//1337 740//1337
f 1595//1338 1612//1338 1586//1338
f 1694//1339 1048//1339 1699//1339
f 682//1340 740//1340 186//1340
f 22//1341 801//1341 603//1341
f 555//1342 570//1342 554//1342
f 1053//1343 110//1343 97//1343
f 615//1344 582//1344 601//1344
f 814//1345 668//1345 188//1345
f 725//1346 705//1346 744//1346
f 528//1347 700//1347 759//1347
f 640//1348 648//1348 620//1348
f 703//1349 701//1349 562//1349
f 886//1350 892//1350 582//1350
f 631//1351 731//1351 576//1351
f 1087//1352 1835//1352 1747//1352
f 882//1353 864//1353 895//1353
f 956//1354 950//1354 1103//1354
f 1502//1355 2500//1355 2470//1355
f 205//1356 190//1356 200//1356
f 815//1357 878//1357 616//1357
f 616//1358 878//1358 995//1358
f 1183//1359 878//1359 815//1359
f 1601//1360 1827//1360 881//1360
f 527//1361 535//1361 526//1361
f 2184//1362 2183//1362 2175//1362
f 1142//1363 1125//1363 1133//1363
f 235//1364 338//1364 798//1364
f 160//1365 339//1365 792//1365
f 599//1366 92//1366 75//1366
f 598//1367 1116//1367 566//1367
f 631//1368 558//1368 731//1368
f 771//1369 770//1369 744//1369
f 730//1370 528//1370 642//1370
f 841//1371 699//1371 642//1371
f 668//1372 401//1372 188//1372
f 510//1373 527//1373 526//1373
f 749//1374 758//1374 740//1374
f 706//1375 721//1375 695//1375
f 694//1376 726//1376 705//1376
f 694//1377 744//1377 726//1377
f 906//1378 911//1378 905//1378
f 661//1379 695//1379 161//1379
f 708//1380 815//1380 616//1380
f 535//1381 547//1381 33//1381
f 794//1382 759//1382 591//1382
f 778//1383 808//1383 790//1383
f 269//1384 758//1384 783//1384
f 771//1385 744//1385 694//1385
f 800//1386 808//1386 820//1386
f 571//1387 886//1387 582//1387
f 854//1388 948//1388 1010//1388
f 906//1378 905//1378 887//1378
f 625//1389 651//1389 635//1389
f 2000//1390 1226//1390 534//1390
f 2140//1391 1504//1391 2016//1391
f 601//1392 620//1392 615//1392
f 620//1393 601//1393 640//1393
f 648//1394 640//1394 669//1394
f 698//1395 452//1395 439//1395
f 671//1396 785//1396 657//1396
f 1561//1397 2356//1397 545//1397
f 685//1398 653//1398 667//1398
f 685//1399 727//1399 684//1399
f 568//1400 616//1400 797//1400
f 708//1401 732//1401 815//1401
f 93//1402 229//1402 339//1402
f 865//1403 851//1403 839//1403
f 942//1404 1103//1404 950//1404
f 589//1405 614//1405 125//1405
f 606//1406 610//1406 627//1406
f 951//1407 834//1407 873//1407
f 92//1408 599//1408 625//1408
f 1878//1409 830//1409 1902//1409
f 2482//1410 2098//1410 1899//1410
f 568//1411 708//1411 616//1411
f 708//1412 551//1412 732//1412
f 2434//1413 2487//1413 2483//1413
f 160//1414 964//1414 665//1414
f 2316//1415 2391//1415 2309//1415
f 762//1416 758//1416 749//1416
f 570//1417 614//1417 589//1417
f 888//1418 897//1418 883//1418
f 2000//1419 1517//1419 1388//1419
f 685//1420 721//1420 727//1420
f 588//1421 610//1421 606//1421
f 653//1422 685//1422 684//1422
f 651//1423 650//1423 635//1423
f 760//1424 1151//1424 6//1424
f 793//1425 622//1425 150//1425
f 651//1426 676//1426 650//1426
f 744//1427 769//1427 750//1427
f 541//1428 542//1428 560//1428
f 476//1429 500//1429 690//1429
f 473//1430 1064//1430 1057//1430
f 561//1431 578//1431 560//1431
f 636//1432 625//1432 599//1432
f 876//1433 995//1433 949//1433
f 829//1434 856//1434 846//1434
f 682//1435 704//1435 740//1435
f 791//1436 790//1436 770//1436
f 2466//1437 2500//1437 2460//1437
f 579//1438 587//1438 586//1438
f 1352//1439 1208//1439 1095//1439
f 1684//1440 1479//1440 1916//1440
f 604//1441 609//1441 636//1441
f 751//1442 721//1442 706//1442
f 810//1443 608//1443 782//1443
f 672//1444 603//1444 649//1444
f 475//1445 447//1445 476//1445
f 794//1446 591//1446 801//1446
f 682//1447 186//1447 650//1447
f 808//1448 800//1448 790//1448
f 644//1449 598//1449 813//1449
f 704//1450 719//1450 740//1450
f 1011//1451 608//1451 810//1451
f 1192//1452 584//1452 737//1452
f 687//1453 780//1453 796//1453
f 2337//1454 474//1454 2312//1454
f 638//1455 667//1455 646//1455
f 706//1456 1186//1456 728//1456
f 733//1457 575//1457 568//1457
f 595//1458 551//1458 708//1458
f 595//1459 540//1459 551//1459
f 1308//1460 501//1460 1852//1460
f 665//1461 339//1461 160//1461
f 527//1462 2447//1462 535//1462
f 558//1463 9//1463 731//1463
f 723//1464 793//1464 773//1464
f 660//1465 713//1465 694//1465
f 693//1466 725//1466 666//1466
f 562//1467 767//1467 529//1467
f 550//1468 538//1468 531//1468
f 2267//1469 2287//1469 2233//1469
f 996//1470 964//1470 160//1470
f 2068//1471 2470//1471 2466//1471
f 704//1472 711//1472 719//1472
f 741//1473 762//1473 749//1473
f 605//1474 606//1474 626//1474
f 548//1475 542//1475 530//1475
f 995//1476 878//1476 709//1476
f 1898//1477 1684//1477 1916//1477
f 778//1478 791//1478 771//1478
f 782//1479 163//1479 785//1479
f 789//1480 758//1480 762//1480
f 857//1481 883//1481 847//1481
f 733//1482 970//1482 1028//1482
f 838//1483 829//1483 825//1483
f 2447//1484 511//1484 535//1484
f 22//1485 603//1485 137//1485
f 705//1486 726//1486 744//1486
f 605//1487 587//1487 580//1487
f 512//1488 548//1488 530//1488
f 743//1489 784//1489 742//1489
f 790//1490 800//1490 770//1490
f 778//1491 810//1491 808//1491
f 1014//1492 998//1492 355//1492
f 708//1493 568//1493 595//1493
f 656//1494 697//1494 551//1494
f 540//1495 656//1495 551//1495
f 143//1496 125//1496 614//1496
f 1000//1497 1020//1497 983//1497
f 778//1498 178//1498 1011//1498
f 676//1499 704//1499 682//1499
f 637//1500 627//1500 660//1500
f 606//1501 627//1501 637//1501
f 701//1502 552//1502 481//1502
f 808//1503 810//1503 785//1503
f 590//1504 570//1504 555//1504
f 716//1505 595//1505 568//1505
f 2355//1506 2335//1506 554//1506
f 912//1507 1729//1507 911//1507
f 1076//1508 1456//1508 1546//1508
f 697//1509 68//1509 492//1509
f 676//1510 711//1510 704//1510
f 839//1511 851//1511 838//1511
f 1028//1512 575//1512 733//1512
f 1020//1513 844//1513 982//1513
f 716//1514 568//1514 575//1514
f 844//1515 781//1515 982//1515
f 1238//1516 2156//1516 2034//1516
f 553//1517 580//1517 561//1517
f 580//1518 579//1518 561//1518
f 452//1519 461//1519 453//1519
f 560//1520 578//1520 48//1520
f 564//1521 540//1521 595//1521
f 632//1522 656//1522 540//1522
f 564//1523 632//1523 540//1523
f 75//1524 578//1524 599//1524
f 518//1525 27//1525 535//1525
f 511//1526 518//1526 535//1526
f 783//1527 798//1527 788//1527
f 642//1528 759//1528 663//1528
f 720//1529 742//1529 741//1529
f 605//1530 626//1530 587//1530
f 580//1531 587//1531 579//1531
f 725//1532 712//1532 666//1532
f 562//1533 701//1533 767//1533
f 1729//1534 923//1534 911//1534
f 712//1535 743//1535 742//1535
f 619//1536 677//1536 658//1536
f 161//1537 695//1537 654//1537
f 770//1538 800//1538 562//1538
f 2084//1539 2489//1539 2472//1539
f 575//1540 559//1540 716//1540
f 716//1541 564//1541 595//1541
f 654//1542 695//1542 685//1542
f 843//1543 855//1543 2064//1543
f 34//1544 731//1544 9//1544
f 527//1545 510//1545 1973//1545
f 723//1546 622//1546 793//1546
f 992//1547 1726//1547 987//1547
f 693//1548 666//1548 652//1548
f 2472//1549 853//1549 573//1549
f 624//1550 159//1550 148//1550
f 671//1551 657//1551 773//1551
f 681//1552 188//1552 498//1552
f 797//1553 970//1553 733//1553
f 565//1554 656//1554 632//1554
f 565//1555 697//1555 656//1555
f 565//1556 731//1556 697//1556
f 1949//1557 951//1557 920//1557
f 85//1558 111//1558 84//1558
f 662//1559 200//1559 190//1559
f 44//1560 324//1560 754//1560
f 33//1561 547//1561 40//1561
f 658//1562 693//1562 652//1562
f 658//1563 652//1563 645//1563
f 664//1564 794//1564 801//1564
f 666//1565 712//1565 692//1565
f 639//1566 648//1566 662//1566
f 611//1567 646//1567 610//1567
f 850//1568 559//1568 575//1568
f 1447//1569 2490//1569 1106//1569
f 1972//1570 1955//1570 1935//1570
f 582//1571 615//1571 590//1571
f 66//1572 581//1572 539//1572
f 780//1573 641//1573 631//1573
f 796//1574 780//1574 631//1574
f 1049//1575 1192//1575 83//1575
f 1348//1576 13//1576 1519//1576
f 799//1577 807//1577 562//1577
f 581//1578 611//1578 588//1578
f 687//1579 795//1579 644//1579
f 663//1580 8//1580 642//1580
f 1936//1581 1972//1581 1935//1581
f 650//1582 676//1582 682//1582
f 615//1583 630//1583 590//1583
f 730//1584 795//1584 687//1584
f 742//1585 762//1585 741//1585
f 548//1586 553//1586 542//1586
f 1048//1587 1692//1587 1074//1587
f 658//1588 659//1588 693//1588
f 37//1589 52//1589 30//1589
f 611//1590 610//1590 588//1590
f 649//1591 632//1591 564//1591
f 565//1592 576//1592 731//1592
f 2138//1593 922//1593 1058//1593
f 1204//1594 854//1594 965//1594
f 725//1595 743//1595 712//1595
f 644//1596 813//1596 641//1596
f 660//1597 653//1597 684//1597
f 771//1598 791//1598 770//1598
f 644//1599 795//1599 1074//1599
f 469//1600 480//1600 681//1600
f 559//1601 672//1601 564//1601
f 716//1602 559//1602 564//1602
f 672//1603 649//1603 564//1603
f 2161//1604 1378//1604 2171//1604
f 474//1605 475//1605 476//1605
f 816//1606 765//1606 701//1606
f 765//1607 552//1607 701//1607
f 513//1608 538//1608 548//1608
f 754//1609 324//1609 107//1609
f 609//1610 586//1610 618//1610
f 25//1611 523//1611 19//1611
f 677//1612 659//1612 658//1612
f 689//1613 452//1613 698//1613
f 1334//1614 1115//1614 1353//1614
f 700//1615 565//1615 632//1615
f 700//1616 576//1616 565//1616
f 481//1617 552//1617 793//1617
f 763//1618 901//1618 2458//1618
f 550//1619 549//1619 538//1619
f 781//1620 964//1620 996//1620
f 1596//1621 1634//1621 1595//1621
f 198//1622 916//1622 1124//1622
f 198//1623 1124//1623 341//1623
f 842//1624 973//1624 1025//1624
f 842//1625 1025//1625 836//1625
f 1009//1626 1024//1626 934//1626
f 573//1627 710//1627 2472//1627
f 1100//1628 971//1628 1002//1628
f 1501//1629 1081//1629 1557//1629
f 1225//1630 1219//1630 955//1630
f 413//1631 2138//1631 284//1631
f 955//1632 1630//1632 522//1632
f 341//1633 1124//1633 301//1633
f 2333//1634 2376//1634 2350//1634
f 1107//1635 218//1635 284//1635
f 398//1636 925//1636 1513//1636
f 1513//1637 1442//1637 1495//1637
f 1935//1638 1455//1638 1744//1638
f 1723//1639 1935//1639 1744//1639
f 825//1640 1872//1640 838//1640
f 1495//1641 1442//1641 1496//1641
f 963//1642 1024//1642 1009//1642
f 1511//1643 1514//1643 966//1643
f 1775//1644 1729//1644 912//1644
f 688//1645 262//1645 1067//1645
f 714//1646 1007//1646 1512//1646
f 919//1647 1732//1647 914//1647
f 2319//1648 2331//1648 2304//1648
f 2400//1649 2407//1649 2391//1649
f 1674//1650 2164//1650 1780//1650
f 843//1651 927//1651 899//1651
f 1660//1652 988//1652 1188//1652
f 1067//1653 262//1653 1640//1653
f 1381//1654 1109//1654 1483//1654
f 1437//1655 1381//1655 1483//1655
f 2495//1656 1010//1656 948//1656
f 1514//1657 1289//1657 1313//1657
f 899//1658 374//1658 961//1658
f 1438//1659 1430//1659 1422//1659
f 1634//1660 1095//1660 1632//1660
f 2487//1661 973//1661 2461//1661
f 1003//1662 499//1662 874//1662
f 849//1663 848//1663 827//1663
f 1430//1664 1462//1664 1453//1664
f 2496//1665 2084//1665 2471//1665
f 909//1666 10//1666 980//1666
f 730//1667 927//1667 835//1667
f 2031//1668 1540//1668 1536//1668
f 831//1669 849//1669 2178//1669
f 881//1670 834//1670 951//1670
f 1841//1671 1722//1671 1803//1671
f 1005//1672 670//1672 1020//1672
f 1021//1673 670//1673 1005//1673
f 1869//1674 2059//1674 2467//1674
f 903//1675 902//1675 1939//1675
f 2476//1676 2502//1676 1651//1676
f 853//1677 8//1677 573//1677
f 1850//1678 831//1678 2178//1678
f 934//1679 746//1679 247//1679
f 934//1680 65//1680 746//1680
f 301//1681 285//1681 1077//1681
f 968//1682 944//1682 977//1682
f 970//1683 2495//1683 1028//1683
f 974//1684 2465//1684 374//1684
f 899//1685 927//1685 374//1685
f 1882//1686 1898//1686 1916//1686
f 1613//1687 1634//1687 1596//1687
f 909//1688 833//1688 1396//1688
f 2492//1689 247//1689 1003//1689
f 919//1690 914//1690 1931//1690
f 1459//1691 1299//1691 1458//1691
f 1634//1692 1632//1692 1633//1692
f 844//1693 670//1693 228//1693
f 2494//1694 2497//1694 2467//1694
f 901//1695 973//1695 2487//1695
f 228//1696 1772//1696 734//1696
f 1701//1697 1709//1697 1666//1697
f 963//1698 574//1698 1024//1698
f 847//1699 864//1699 856//1699
f 1730//1700 1736//1700 2239//1700
f 870//1701 859//1701 848//1701
f 2074//1702 2111//1702 2103//1702
f 1140//1703 1590//1703 1483//1703
f 927//1704 730//1704 974//1704
f 2103//1705 978//1705 2074//1705
f 756//1706 1745//1706 1718//1706
f 848//1707 859//1707 840//1707
f 1296//1708 1482//1708 1320//1708
f 2331//1709 51//1709 66//1709
f 1067//1710 988//1710 962//1710
f 1396//1711 833//1711 1445//1711
f 1001//1712 1005//1712 1000//1712
f 901//1713 1009//1713 973//1713
f 1099//1714 1077//1714 817//1714
f 933//1715 944//1715 936//1715
f 952//1716 958//1716 1828//1716
f 988//1717 1660//1717 986//1717
f 833//1718 1067//1718 1445//1718
f 1067//1719 1640//1719 988//1719
f 218//1720 413//1720 284//1720
f 1843//1721 180//1721 347//1721
f 1846//1722 1708//1722 1798//1722
f 2469//1723 2477//1723 855//1723
f 1006//1724 1021//1724 1005//1724
f 381//1725 382//1725 250//1725
f 2369//1726 828//1726 531//1726
f 968//1727 977//1727 1001//1727
f 2460//1728 1949//1728 779//1728
f 1194//1729 1441//1729 1115//1729
f 1001//1730 1000//1730 968//1730
f 756//1731 678//1731 1745//1731
f 963//1732 1009//1732 901//1732
f 2471//1733 2084//1733 2472//1733
f 841//1734 642//1734 8//1734
f 982//1735 991//1735 1027//1735
f 670//1736 844//1736 1020//1736
f 1289//1737 1514//1737 945//1737
f 869//1738 904//1738 890//1738
f 1161//1739 1115//1739 1639//1739
f 823//1740 2178//1740 849//1740
f 746//1741 12//1741 499//1741
f 263//1742 428//1742 2366//1742
f 1685//1743 1075//1743 1692//1743
f 1002//1744 926//1744 806//1744
f 1799//1745 1755//1745 216//1745
f 944//1746 968//1746 993//1746
f 943//1747 944//1747 993//1747
f 31//1748 38//1748 19//1748
f 531//1749 828//1749 550//1749
f 1501//1750 1078//1750 1081//1750
f 1921//1751 1149//1751 431//1751
f 936//1752 943//1752 932//1752
f 1660//1753 1489//1753 1412//1753
f 301//1754 980//1754 285//1754
f 903//1755 918//1755 902//1755
f 869//1756 890//1756 868//1756
f 890//1757 903//1757 867//1757
f 1003//1758 746//1758 499//1758
f 951//1759 1949//1759 2500//1759
f 990//1760 841//1760 853//1760
f 1595//1761 1634//1761 1611//1761
f 374//1762 927//1762 974//1762
f 836//1763 1025//1763 247//1763
f 1653//1764 1652//1764 1638//1764
f 1303//1765 1545//1765 1142//1765
f 1616//1766 1631//1766 1638//1766
f 1629//1767 1546//1767 1628//1767
f 936//1768 932//1768 913//1768
f 513//1769 506//1769 531//1769
f 868//1770 890//1770 867//1770
f 2330//1771 2369//1771 2353//1771
f 924//1772 918//1772 914//1772
f 907//1773 914//1773 904//1773
f 1258//1774 1421//1774 1267//1774
f 301//1775 939//1775 980//1775
f 1472//1776 1482//1776 1296//1776
f 868//1777 867//1777 859//1777
f 472//1778 491//1778 313//1778
f 272//1779 519//1779 2488//1779
f 1471//1780 1472//1780 1296//1780
f 1025//1781 934//1781 247//1781
f 1634//1782 1633//1782 1611//1782
f 2176//1783 1847//1783 2177//1783
f 1310//1784 1289//1784 806//1784
f 924//1785 933//1785 918//1785
f 1969//1786 1968//1786 902//1786
f 2107//1787 2128//1787 2118//1787
f 1428//1788 1436//1788 1287//1788
f 1139//1789 1564//1789 1617//1789
f 2378//1790 572//1790 2384//1790
f 853//1791 841//1791 8//1791
f 2501//1792 961//1792 2465//1792
f 1221//1793 1240//1793 1408//1793
f 1069//1794 1578//1794 1627//1794
f 1006//1795 1005//1795 1001//1795
f 1617//1796 1564//1796 1578//1796
f 828//1797 539//1797 550//1797
f 1791//1798 2168//1798 2160//1798
f 1829//1799 1718//1799 1739//1799
f 1968//1800 1939//1800 902//1800
f 756//1801 1718//1801 665//1801
f 1998//1802 2000//1802 1388//1802
f 2451//1803 545//1803 2356//1803
f 178//1804 997//1804 1011//1804
f 1275//1805 325//1805 1270//1805
f 1709//1806 872//1806 1666//1806
f 2176//1807 1959//1807 1847//1807
f 944//1808 943//1808 936//1808
f 2424//1809 518//1809 511//1809
f 1445//1810 1067//1810 962//1810
f 2007//1811 952//1811 1828//1811
f 2052//1812 2061//1812 2081//1812
f 828//1813 2303//1813 539//1813
f 835//1814 1699//1814 1048//1814
f 1709//1815 1706//1815 872//1815
f 885//1816 574//1816 963//1816
f 1318//1708 1296//1708 1320//1708
f 859//1817 867//1817 1902//1817
f 1452//1818 1448//1818 1421//1818
f 943//1819 993//1819 976//1819
f 993//1820 1000//1820 983//1820
f 854//1821 1010//1821 876//1821
f 988//1822 986//1822 962//1822
f 2031//1823 2052//1823 2081//1823
f 924//1824 1732//1824 1828//1824
f 965//1825 949//1825 1060//1825
f 781//1826 228//1826 734//1826
f 1718//1827 1765//1827 665//1827
f 943//1828 976//1828 932//1828
f 1680//1829 1794//1829 1783//1829
f 1448//1830 1471//1830 1276//1830
f 1276//1831 1267//1831 1421//1831
f 1931//1832 914//1832 907//1832
f 991//1833 781//1833 996//1833
f 1276//1834 1421//1834 1448//1834
f 10//1835 909//1835 1396//1835
f 831//1836 860//1836 849//1836
f 1523//1837 1762//1837 1774//1837
f 924//1838 1828//1838 937//1838
f 307//1839 994//1839 1014//1839
f 946//1840 963//1840 901//1840
f 978//1841 2103//1841 977//1841
f 977//1842 1006//1842 1001//1842
f 1007//1843 1161//1843 1639//1843
f 1639//1844 1294//1844 1437//1844
f 885//1845 1032//1845 574//1845
f 1294//1846 1381//1846 1437//1846
f 733//1847 568//1847 797//1847
f 792//1848 229//1848 1112//1848
f 119//1849 581//1849 108//1849
f 843//1850 835//1850 927//1850
f 1889//1851 860//1851 831//1851
f 2211//1852 2216//1852 2204//1852
f 2400//1853 2431//1853 2422//1853
f 2103//1854 1006//1854 977//1854
f 840//1855 1902//1855 830//1855
f 827//1856 840//1856 830//1856
f 827//1857 830//1857 822//1857
f 1003//1858 874//1858 2492//1858
f 1432//1859 1439//1859 1431//1859
f 781//1860 734//1860 964//1860
f 1937//1861 1936//1861 1723//1861
f 918//1862 913//1862 902//1862
f 958//1863 977//1863 944//1863
f 1850//1864 2178//1864 2177//1864
f 1005//1865 1020//1865 1000//1865
f 991//1866 996//1866 307//1866
f 1396//1867 1445//1867 340//1867
f 2179//1868 1763//1868 889//1868
f 939//1869 909//1869 980//1869
f 1828//1870 958//1870 937//1870
f 978//1871 977//1871 958//1871
f 1590//1872 1571//1872 1563//1872
f 779//1873 1949//1873 920//1873
f 1551//1874 1362//1874 1573//1874
f 2103//1875 2142//1875 1006//1875
f 920//1876 885//1876 963//1876
f 946//1877 920//1877 963//1877
f 1584//1878 1616//1878 1583//1878
f 1453//1879 1472//1879 1452//1879
f 1647//1880 1617//1880 1578//1880
f 1578//1881 1564//1881 1627//1881
f 1628//1882 938//1882 1069//1882
f 869//1883 868//1883 859//1883
f 993//1884 983//1884 976//1884
f 912//1885 1762//1885 1775//1885
f 752//1886 751//1886 706//1886
f 1628//1887 1546//1887 938//1887
f 844//1888 228//1888 781//1888
f 840//1889 859//1889 1902//1889
f 898//1890 907//1890 904//1890
f 1025//1891 973//1891 1009//1891
f 663//1892 664//1892 573//1892
f 763//1893 946//1893 901//1893
f 898//1894 904//1894 869//1894
f 2172//1895 889//1895 1763//1895
f 1128//1896 926//1896 971//1896
f 860//1897 848//1897 849//1897
f 904//1898 903//1898 890//1898
f 2486//1899 2459//1899 2479//1899
f 577//1900 782//1900 608//1900
f 933//1901 936//1901 918//1901
f 2177//1902 1847//1902 1851//1902
f 665//1903 1765//1903 339//1903
f 937//1904 958//1904 944//1904
f 894//1905 981//1905 724//1905
f 968//1906 1000//1906 993//1906
f 2192//1907 2195//1907 2205//1907
f 1652//1908 1099//1908 817//1908
f 997//1909 608//1909 1011//1909
f 997//1910 577//1910 608//1910
f 577//1911 163//1911 782//1911
f 1112//1912 998//1912 792//1912
f 2177//1913 1851//1913 1850//1913
f 1257//1914 1421//1914 1258//1914
f 951//1915 873//1915 920//1915
f 822//1916 830//1916 2215//1916
f 1899//1917 2496//1917 2471//1917
f 1773//1918 1668//1918 1558//1918
f 904//1919 914//1919 903//1919
f 932//1920 1671//1920 913//1920
f 873//1921 885//1921 920//1921
f 1013//1922 1617//1922 1647//1922
f 873//1923 1032//1923 885//1923
f 894//1924 862//1924 981//1924
f 2469//1925 855//1925 961//1925
f 913//1926 1671//1926 1969//1926
f 2477//1927 2064//1927 855//1927
f 918//1928 936//1928 913//1928
f 860//1929 870//1929 848//1929
f 937//1930 944//1930 933//1930
f 1501//1931 1013//1931 1647//1931
f 824//1932 178//1932 751//1932
f 824//1933 997//1933 178//1933
f 824//1934 577//1934 997//1934
f 643//1935 163//1935 577//1935
f 863//1936 856//1936 882//1936
f 2128//1937 2153//1937 2134//1937
f 722//1938 774//1938 880//1938
f 722//1939 894//1939 774//1939
f 864//1940 905//1940 895//1940
f 850//1941 575//1941 583//1941
f 914//1942 918//1942 903//1942
f 924//1943 937//1943 933//1943
f 1501//1944 717//1944 1013//1944
f 1587//1945 1324//1945 928//1945
f 717//1946 1512//1946 1013//1946
f 602//1947 577//1947 824//1947
f 766//1948 643//1948 577//1948
f 894//1949 709//1949 862//1949
f 709//1950 878//1950 862//1950
f 976//1951 975//1951 932//1951
f 1324//1952 1596//1952 928//1952
f 880//1953 524//1953 1060//1953
f 2434//1954 2459//1954 2499//1954
f 1324//1955 1613//1955 1596//1955
f 752//1956 824//1956 751//1956
f 602//1957 766//1957 577//1957
f 1014//1958 602//1958 594//1958
f 1387//1959 1226//1959 2152//1959
f 2153//1960 1387//1960 2152//1960
f 669//1961 930//1961 950//1961
f 1710//1962 1694//1962 1699//1962
f 768//1963 326//1963 762//1963
f 582//1964 892//1964 601//1964
f 974//1965 990//1965 2465//1965
f 624//1966 116//1966 625//1966
f 835//1967 795//1967 730//1967
f 2458//1968 2484//1968 763//1968
f 989//1969 602//1969 824//1969
f 2064//1970 2477//1970 1710//1970
f 976//1971 983//1971 975//1971
f 949//1972 722//1972 880//1972
f 996//1973 160//1973 994//1973
f 2305//1974 863//1974 556//1974
f 556//1975 863//1975 886//1975
f 601//1976 910//1976 640//1976
f 2264//1977 825//1977 829//1977
f 989//1978 824//1978 752//1978
f 856//1979 864//1979 882//1979
f 1595//1980 1586//1980 2381//1980
f 1627//1981 1629//1981 1628//1981
f 2174//1982 2180//1982 2173//1982
f 2128//1983 2134//1983 2118//1983
f 137//1984 272//1984 22//1984
f 949//1985 880//1985 1060//1985
f 995//1986 894//1986 722//1986
f 894//1987 995//1987 709//1987
f 894//1988 724//1988 774//1988
f 886//1989 895//1989 892//1989
f 640//1990 910//1990 930//1990
f 871//1991 870//1991 860//1991
f 846//1992 856//1992 863//1992
f 1026//1993 875//1993 1019//1993
f 838//1994 851//1994 829//1994
f 1024//1995 1171//1995 934//1995
f 36//1996 189//1996 205//1996
f 863//1997 882//1997 886//1997
f 886//1998 882//1998 895//1998
f 875//1999 1026//1999 594//1999
f 52//2000 1459//2000 1269//2000
f 896//2001 917//2001 910//2001
f 1025//2002 1009//2002 934//2002
f 949//2003 995//2003 722//2003
f 2152//2004 1226//2004 1636//2004
f 895//2005 896//2005 892//2005
f 892//2006 910//2006 601//2006
f 942//2007 950//2007 930//2007
f 875//2008 989//2008 752//2008
f 594//2009 602//2009 989//2009
f 766//2010 355//2010 643//2010
f 355//2011 260//2011 643//2011
f 905//2012 917//2012 896//2012
f 965//2013 1060//2013 1162//2013
f 892//2014 896//2014 910//2014
f 1101//2015 1052//2015 1042//2015
f 1029//2016 1031//2016 834//2016
f 1101//2017 1133//2017 1118//2017
f 342//2018 357//2018 376//2018
f 516//2019 515//2019 2454//2019
f 1656//2020 2494//2020 2467//2020
f 1056//2021 1303//2021 1133//2021
f 1120//2022 1130//2022 862//2022
f 69//2023 342//2023 376//2023
f 1055//2024 1056//2024 1133//2024
f 499//2025 69//2025 165//2025
f 85//2026 101//2026 111//2026
f 1031//2027 1032//2027 834//2027
f 200//2028 679//2028 1166//2028
f 1031//2029 1042//2029 1032//2029
f 1171//2030 65//2030 934//2030
f 1822//2031 1204//2031 1177//2031
f 1096//2032 956//2032 1103//2032
f 514//2033 96//2033 97//2033
f 956//2034 1145//2034 1144//2034
f 1185//2035 1166//2035 1144//2035
f 1145//2036 1185//2036 1144//2036
f 1185//2037 200//2037 1166//2037
f 375//2038 132//2038 1041//2038
f 1153//2039 1202//2039 305//2039
f 32//2040 1244//2040 1249//2040
f 1096//2041 1087//2041 956//2041
f 554//2042 78//2042 2355//2042
f 1191//2043 138//2043 110//2043
f 65//2044 35//2044 432//2044
f 1087//2045 1110//2045 956//2045
f 1110//2046 1146//2046 956//2046
f 956//2047 1146//2047 1145//2047
f 1146//2048 1156//2048 1145//2048
f 1145//2049 1156//2049 1185//2049
f 950//2050 956//2050 1144//2050
f 2481//2051 2495//2051 948//2051
f 1156//2052 1193//2052 1185//2052
f 1050//2053 1047//2053 1051//2053
f 239//2054 151//2054 107//2054
f 1185//2055 1193//2055 36//2055
f 1747//2056 1110//2056 1087//2056
f 1134//2057 1146//2057 1110//2057
f 1146//2058 1157//2058 1156//2058
f 1156//2059 1157//2059 1193//2059
f 1041//2060 1045//2060 1034//2060
f 1397//2061 1134//2061 1110//2061
f 1157//2062 1146//2062 1134//2062
f 1157//2063 1175//2063 1193//2063
f 1193//2064 199//2064 36//2064
f 1090//2065 1035//2065 1196//2065
f 1456//2066 1150//2066 1051//2066
f 1175//2067 199//2067 1193//2067
f 1186//2068 695//2068 199//2068
f 1186//2069 199//2069 1175//2069
f 1175//2070 1157//2070 1134//2070
f 728//2071 1186//2071 1175//2071
f 197//2072 760//2072 6//2072
f 1130//2073 593//2073 862//2073
f 1167//2074 1109//2074 182//2074
f 1194//2075 1115//2075 1161//2075
f 2140//2076 1928//2076 1504//2076
f 921//2077 922//2077 2138//2077
f 1147//2078 1134//2078 1397//2078
f 1719//2079 1147//2079 1397//2079
f 1147//2080 1175//2080 1134//2080
f 1175//2081 1147//2081 728//2081
f 341//2082 1654//2082 1208//2082
f 754//2083 151//2083 9//2083
f 284//2084 2138//2084 1058//2084
f 1188//2085 1557//2085 1660//2085
f 1191//2086 110//2086 1053//2086
f 916//2087 284//2087 1189//2087
f 284//2088 1058//2088 1189//2088
f 2094//2089 1465//2089 2127//2089
f 1726//2090 1019//2090 1147//2090
f 1147//2091 1019//2091 728//2091
f 593//2092 1130//2092 96//2092
f 239//2093 305//2093 1038//2093
f 1036//2094 1131//2094 315//2094
f 397//2095 1131//2095 1120//2095
f 1053//2096 96//2096 1130//2096
f 2467//2097 2485//2097 1869//2097
f 517//2098 1089//2098 421//2098
f 834//2099 1827//2099 1029//2099
f 419//2100 1047//2100 1117//2100
f 1034//2101 433//2101 1306//2101
f 2239//2102 1862//2102 1730//2102
f 1453//2103 1462//2103 1472//2103
f 1408//2104 1422//2104 1399//2104
f 471//2105 23//2105 1111//2105
f 1205//2106 1150//2106 1456//2106
f 1205//2107 1040//2107 1150//2107
f 1131//2108 1036//2108 293//2108
f 293//2109 1068//2109 1044//2109
f 375//2110 1041//2110 138//2110
f 1205//2111 1140//2111 1046//2111
f 1040//2112 1205//2112 1046//2112
f 1140//2113 1167//2113 1046//2113
f 1104//2114 1049//2114 83//2114
f 1052//2115 1085//2115 1032//2115
f 1044//2116 1068//2116 1191//2116
f 1167//2117 1483//2117 1109//2117
f 208//2118 1084//2118 1035//2118
f 1040//2119 132//2119 375//2119
f 1834//2120 20//2120 3//2120
f 1050//2121 1051//2121 1070//2121
f 1133//2122 1125//2122 1174//2122
f 11//2123 1440//2123 1401//2123
f 420//2124 208//2124 1071//2124
f 1135//2125 1079//2125 1094//2125
f 1086//2126 1101//2126 1118//2126
f 1029//2127 1030//2127 1031//2127
f 1200//2128 1061//2128 294//2128
f 1191//2129 1068//2129 138//2129
f 1171//2130 1141//2130 65//2130
f 1141//2131 1172//2131 65//2131
f 1172//2132 35//2132 65//2132
f 1172//2133 404//2133 35//2133
f 404//2134 99//2134 35//2134
f 221//2135 1104//2135 1063//2135
f 802//2136 398//2136 1083//2136
f 20//2137 1089//2137 3//2137
f 2064//2138 1699//2138 835//2138
f 1042//2139 1052//2139 1032//2139
f 1433//2140 1261//2140 1432//2140
f 1323//2141 2338//2141 155//2141
f 1076//2142 1205//2142 1456//2142
f 1088//2143 1402//2143 1056//2143
f 1150//2144 348//2144 1070//2144
f 1200//2145 1089//2145 20//2145
f 1097//2146 1162//2146 100//2146
f 1032//2147 873//2147 834//2147
f 21//2148 471//2148 1111//2148
f 294//2149 1097//2149 1104//2149
f 1072//2150 100//2150 584//2150
f 1151//2151 760//2151 622//2151
f 132//2152 1045//2152 1041//2152
f 1050//2153 1070//2153 1135//2153
f 1088//2154 1039//2154 940//2154
f 650//2155 159//2155 635//2155
f 100//2156 1170//2156 729//2156
f 729//2157 584//2157 100//2157
f 1103//2158 931//2158 1096//2158
f 925//2159 1443//2159 1513//2159
f 138//2160 1102//2160 110//2160
f 1034//2161 1306//2161 1152//2161
f 1071//2162 1035//2162 1090//2162
f 100//2163 1072//2163 1097//2163
f 23//2164 1158//2164 315//2164
f 1068//2165 375//2165 138//2165
f 1586//2166 1612//2166 1585//2166
f 1819//2167 1030//2167 1029//2167
f 1041//2168 1034//2168 1102//2168
f 232//2169 375//2169 1068//2169
f 348//2170 1079//2170 1070//2170
f 1061//2171 1097//2171 294//2171
f 1513//2172 1443//2172 1442//2172
f 1200//2173 294//2173 1119//2173
f 376//2174 1050//2174 1062//2174
f 1094//2175 1036//2175 315//2175
f 1200//2176 1119//2176 1089//2176
f 1111//2177 1183//2177 21//2177
f 1044//2178 1191//2178 1053//2178
f 698//2179 295//2179 689//2179
f 1079//2180 232//2180 1036//2180
f 404//2181 1117//2181 99//2181
f 1495//2182 1496//2182 717//2182
f 1119//2183 294//2183 98//2183
f 3//2184 1089//2184 517//2184
f 1132//2185 1063//2185 83//2185
f 1132//2186 83//2186 175//2186
f 132//2187 1046//2187 182//2187
f 1111//2188 1195//2188 1183//2188
f 1131//2189 1044//2189 1037//2189
f 127//2190 402//2190 1804//2190
f 219//2191 1272//2191 1047//2191
f 1697//2192 1135//2192 1094//2192
f 2140//2193 1854//2193 2117//2193
f 1111//2194 397//2194 1195//2194
f 1177//2195 1162//2195 1097//2195
f 1061//2196 1177//2196 1097//2196
f 717//2197 1509//2197 714//2197
f 2//2198 1300//2198 433//2198
f 462//2199 290//2199 461//2199
f 98//2200 294//2200 221//2200
f 294//2201 1104//2201 221//2201
f 714//2202 1161//2202 1007//2202
f 1073//2203 1152//2203 1143//2203
f 1697//2204 1094//2204 1360//2204
f 1223//2205 1423//2205 1218//2205
f 836//2206 2479//2206 842//2206
f 1097//2207 1072//2207 1049//2207
f 348//2208 1040//2208 375//2208
f 3//2209 517//2209 316//2209
f 180//2210 1061//2210 1201//2210
f 348//2211 375//2211 232//2211
f 1432//2212 1431//2212 1415//2212
f 220//2213 1513//2213 1495//2213
f 1104//2214 1097//2214 1049//2214
f 306//2215 674//2215 596//2215
f 777//2216 455//2216 723//2216
f 2170//2217 2151//2217 1641//2217
f 1047//2218 419//2218 219//2218
f 1102//2219 1034//2219 1073//2219
f 1073//2220 1034//2220 1152//2220
f 1035//2221 1054//2221 1196//2221
f 1177//2222 1204//2222 1162//2222
f 746//2223 65//2223 12//2223
f 751//2224 178//2224 721//2224
f 1054//2225 517//2225 421//2225
f 1051//2226 1150//2226 1070//2226
f 1102//2227 1073//2227 110//2227
f 998//2228 1136//2228 355//2228
f 567//2229 566//2229 1163//2229
f 1111//2230 315//2230 397//2230
f 1048//2231 1074//2231 835//2231
f 1158//2232 1094//2232 315//2232
f 1374//2233 1107//2233 1252//2233
f 1112//2234 1136//2234 998//2234
f 472//2235 629//2235 500//2235
f 355//2236 1136//2236 260//2236
f 260//2237 118//2237 43//2237
f 1104//2238 83//2238 1063//2238
f 376//2239 357//2239 1050//2239
f 1463//2240 1142//2240 1545//2240
f 1036//2241 232//2241 293//2241
f 1030//2242 1042//2242 1031//2242
f 1079//2243 348//2243 232//2243
f 221//2244 1063//2244 1132//2244
f 1094//2245 1079//2245 1036//2245
f 1076//2246 1629//2246 1205//2246
f 1136//2247 1197//2247 260//2247
f 260//2248 1197//2248 118//2248
f 1204//2249 965//2249 1162//2249
f 293//2250 232//2250 1068//2250
f 1590//2251 1205//2251 1629//2251
f 1205//2252 1590//2252 1140//2252
f 250//2253 382//2253 392//2253
f 1296//2254 1318//2254 1311//2254
f 347//2255 1201//2255 20//2255
f 1201//2256 1200//2256 20//2256
f 132//2257 182//2257 1045//2257
f 1101//2258 1086//2258 1052//2258
f 1033//2259 1039//2259 1055//2259
f 138//2260 1041//2260 1102//2260
f 970//2261 1010//2261 2495//2261
f 455//2262 777//2262 43//2262
f 1992//2263 1948//2263 2023//2263
f 20//2264 1834//2264 347//2264
f 1072//2265 584//2265 1049//2265
f 584//2266 1192//2266 1049//2266
f 182//2267 2//2267 1045//2267
f 1163//2268 324//2268 44//2268
f 1360//2269 1094//2269 1158//2269
f 1450//2270 1360//2270 1158//2270
f 1091//2271 1112//2271 229//2271
f 509//2272 723//2272 455//2272
f 207//2273 509//2273 455//2273
f 1251//2274 1257//2274 1266//2274
f 1488//2275 1489//2275 1547//2275
f 2157//2276 1541//2276 1875//2276
f 305//2277 107//2277 324//2277
f 1045//2278 2//2278 433//2278
f 1070//2279 1079//2279 1135//2279
f 1136//2280 1168//2280 1197//2280
f 1197//2281 359//2281 118//2281
f 118//2282 359//2282 43//2282
f 359//2283 356//2283 43//2283
f 356//2284 455//2284 43//2284
f 356//2285 207//2285 455//2285
f 1240//2286 1422//2286 1408//2286
f 1163//2287 1153//2287 324//2287
f 1201//2288 1061//2288 1200//2288
f 1052//2289 1086//2289 1085//2289
f 1024//2290 1141//2290 1171//2290
f 1112//2291 1105//2291 1136//2291
f 1050//2292 1135//2292 1062//2292
f 1105//2293 1168//2293 1136//2293
f 1168//2294 1178//2294 1197//2294
f 1197//2295 1178//2295 359//2295
f 1173//2296 404//2296 1172//2296
f 465//2297 356//2297 359//2297
f 1174//2298 1125//2298 240//2298
f 1240//2299 1431//2299 1422//2299
f 1098//2300 1113//2300 1105//2300
f 1112//2301 1098//2301 1105//2301
f 1105//2302 1178//2302 1168//2302
f 1178//2303 465//2303 359//2303
f 1091//2304 1098//2304 1112//2304
f 1133//2305 1174//2305 1118//2305
f 98//2306 221//2306 1059//2306
f 487//2307 1132//2307 175//2307
f 980//2308 1017//2308 285//2308
f 465//2309 207//2309 356//2309
f 180//2310 1201//2310 347//2310
f 1060//2311 524//2311 1170//2311
f 445//2312 127//2312 316//2312
f 1431//2313 1438//2313 1422//2313
f 498//2314 469//2314 681//2314
f 940//2315 1807//2315 1759//2315
f 381//2316 250//2316 1290//2316
f 1113//2317 1122//2317 1105//2317
f 1105//2318 1122//2318 1178//2318
f 1151//2319 509//2319 207//2319
f 1236//2320 2035//2320 525//2320
f 1131//2321 293//2321 1044//2321
f 346//2322 207//2322 465//2322
f 346//2323 1151//2323 207//2323
f 1822//2324 1796//2324 1204//2324
f 1143//2325 204//2325 97//2325
f 123//2326 1128//2326 971//2326
f 2153//2327 2152//2327 2134//2327
f 126//2328 1151//2328 346//2328
f 517//2329 445//2329 316//2329
f 1450//2330 1158//2330 23//2330
f 1458//2331 1462//2331 1430//2331
f 1129//2332 152//2332 1182//2332
f 1122//2333 1159//2333 1178//2333
f 1178//2334 1198//2334 465//2334
f 79//2335 346//2335 465//2335
f 126//2336 1155//2336 1151//2336
f 1151//2337 1155//2337 6//2337
f 295//2338 1129//2338 689//2338
f 1073//2339 1143//2339 97//2339
f 1098//2340 1123//2340 1113//2340
f 1113//2341 1123//2341 1122//2341
f 1123//2342 1169//2342 1122//2342
f 1178//2343 1159//2343 1198//2343
f 1198//2344 79//2344 465//2344
f 392//2345 383//2345 152//2345
f 1822//2346 1061//2346 180//2346
f 116//2347 92//2347 625//2347
f 421//2348 1089//2348 1119//2348
f 1129//2349 295//2349 152//2349
f 110//2350 1073//2350 97//2350
f 1173//2351 1172//2351 1141//2351
f 1122//2352 1169//2352 1159//2352
f 79//2353 126//2353 346//2353
f 1155//2354 181//2354 6//2354
f 971//2355 926//2355 1002//2355
f 295//2356 1043//2356 152//2356
f 1039//2357 1088//2357 1056//2357
f 1428//2358 1266//2358 1436//2358
f 404//2359 419//2359 1117//2359
f 836//2360 879//2360 2479//2360
f 2464//2361 2476//2361 2458//2361
f 1198//2362 317//2362 79//2362
f 1124//2363 939//2363 301//2363
f 44//2364 754//2364 567//2364
f 1039//2365 1056//2365 1055//2365
f 1439//2366 1459//2366 1458//2366
f 1660//2367 1412//2367 986//2367
f 1169//2368 1160//2368 1159//2368
f 179//2369 1155//2369 126//2369
f 1155//2370 131//2370 181//2370
f 1061//2371 1822//2371 1177//2371
f 1153//2372 305//2372 324//2372
f 175//2373 314//2373 327//2373
f 1160//2374 1187//2374 1159//2374
f 1159//2375 1187//2375 1198//2375
f 1198//2376 1187//2376 317//2376
f 79//2377 179//2377 126//2377
f 1043//2378 250//2378 392//2378
f 152//2379 1043//2379 392//2379
f 96//2380 819//2380 593//2380
f 1123//2381 1127//2381 1169//2381
f 317//2382 179//2382 79//2382
f 1057//2383 1155//2383 179//2383
f 1155//2384 391//2384 131//2384
f 131//2385 391//2385 668//2385
f 2381//2386 1586//2386 1585//2386
f 12//2387 69//2387 499//2387
f 262//2388 398//2388 1640//2388
f 2107//2389 2118//2389 2060//2389
f 2130//2390 2094//2390 2002//2390
f 1187//2391 249//2391 317//2391
f 1155//2392 1057//2392 391//2392
f 1290//2393 439//2393 1265//2393
f 305//2394 239//2394 107//2394
f 1127//2395 1160//2395 1169//2395
f 317//2396 473//2396 179//2396
f 473//2397 1057//2397 179//2397
f 83//2398 1192//2398 314//2398
f 1043//2399 1290//2399 250//2399
f 1807//2400 940//2400 1030//2400
f 517//2401 1084//2401 445//2401
f 1057//2402 1164//2402 391//2402
f 2492//2403 2480//2403 2493//2403
f 163//2404 643//2404 43//2404
f 1056//2405 1545//2405 1303//2405
f 1069//2406 1655//2406 1023//2406
f 249//2407 473//2407 317//2407
f 1162//2408 1060//2408 1170//2408
f 1086//2409 1118//2409 1154//2409
f 82//2410 68//2410 16//2410
f 1989//2411 1990//2411 1536//2411
f 1633//2412 1632//2412 1611//2412
f 1487//2413 2372//2413 1305//2413
f 1494//2414 1069//2414 1023//2414
f 1137//2415 1160//2415 1127//2415
f 669//2416 1166//2416 679//2416
f 390//2417 1285//2417 426//2417
f 1955//2418 1972//2418 1971//2418
f 1219//2419 1223//2419 2437//2419
f 1254//2420 1261//2420 1223//2420
f 1319//2421 1545//2421 1056//2421
f 1320//2422 1328//2422 2443//2422
f 1261//2423 1433//2423 1223//2423
f 1219//2424 1254//2424 1223//2424
f 254//2425 222//2425 2428//2425
f 1237//2426 1290//2426 1265//2426
f 1284//2427 1273//2427 1263//2427
f 1277//2428 1291//2428 1301//2428
f 1314//2429 102//2429 1301//2429
f 1280//2430 363//2430 377//2430
f 1313//2431 1353//2431 1514//2431
f 468//2432 451//2432 439//2432
f 1918//2433 1964//2433 1956//2433
f 2026//2434 29//2434 2140//2434
f 1354//2435 381//2435 1279//2435
f 1224//2436 30//2436 1254//2436
f 147//2437 158//2437 173//2437
f 1247//2438 1253//2438 274//2438
f 1271//2439 380//2439 334//2439
f 2043//2440 2072//2440 2042//2440
f 274//2441 300//2441 267//2441
f 1356//2442 1392//2442 211//2442
f 13//2443 240//2443 1142//2443
f 1382//2444 1330//2444 1392//2444
f 1312//2445 1323//2445 155//2445
f 240//2446 1125//2446 1142//2446
f 2358//2447 1573//2447 1362//2447
f 1236//2448 1249//2448 1244//2448
f 1272//2449 219//2449 1348//2449
f 1271//2450 1274//2450 380//2450
f 191//2451 2034//2451 1982//2451
f 1992//2452 2052//2452 1990//2452
f 462//2453 452//2453 689//2453
f 2262//2454 2286//2454 2261//2454
f 183//2455 489//2455 1642//2455
f 2485//2456 2480//2456 1869//2456
f 84//2457 111//2457 1323//2457
f 1190//2458 353//2458 1354//2458
f 446//2459 434//2459 435//2459
f 1336//2460 171//2460 1341//2460
f 2021//2461 430//2461 2059//2461
f 862//2462 878//2462 1120//2462
f 1263//2463 1273//2463 1248//2463
f 1966//2464 1921//2464 2144//2464
f 1312//2465 84//2465 1323//2465
f 240//2466 13//2466 1348//2466
f 1359//2467 1274//2467 1271//2467
f 1392//2468 1330//2468 1247//2468
f 1520//2469 1333//2469 11//2469
f 1368//2470 1253//2470 1247//2470
f 1279//2471 1285//2471 1190//2471
f 2465//2472 990//2472 2489//2472
f 1272//2473 1519//2473 805//2473
f 1369//2474 1272//2474 805//2474
f 1317//2475 95//2475 1344//2475
f 1242//2476 1248//2476 1234//2476
f 1368//2477 242//2477 1363//2477
f 274//2478 1262//2478 1386//2478
f 532//2479 597//2479 1886//2479
f 2117//2480 2026//2480 2140//2480
f 1392//2481 1247//2481 274//2481
f 2162//2482 508//2482 985//2482
f 1964//2483 1469//2483 1965//2483
f 1315//2484 104//2484 1331//2484
f 1392//2485 1356//2485 1382//2485
f 128//2486 1342//2486 1336//2486
f 1285//2487 427//2487 426//2487
f 1219//2488 1224//2488 1254//2488
f 1320//2489 1322//2489 1321//2489
f 1320//2490 1321//2490 1328//2490
f 153//2491 2443//2491 1328//2491
f 1321//2492 153//2492 1328//2492
f 1235//2493 1244//2493 1243//2493
f 1225//2494 1224//2494 1219//2494
f 1359//2495 353//2495 1190//2495
f 1312//2496 1473//2496 1458//2496
f 1336//2497 1342//2497 147//2497
f 305//2498 1333//2498 1038//2498
f 1336//2499 147//2499 171//2499
f 516//2500 31//2500 19//2500
f 2479//2501 2461//2501 842//2501
f 1237//2502 1265//2502 427//2502
f 1263//2503 1278//2503 1284//2503
f 881//2504 1827//2504 834//2504
f 1237//2505 427//2505 1285//2505
f 1299//2506 1312//2506 1458//2506
f 1190//2507 1285//2507 1274//2507
f 1363//2508 286//2508 1253//2508
f 2330//2509 2303//2509 828//2509
f 427//2510 442//2510 426//2510
f 2493//2511 2463//2511 2492//2511
f 1285//2512 380//2512 1274//2512
f 522//2513 18//2513 1225//2513
f 2471//2514 2472//2514 2488//2514
f 2338//2515 154//2515 1321//2515
f 1423//2516 1415//2516 1218//2516
f 1225//2517 18//2517 1224//2517
f 1253//2518 286//2518 1262//2518
f 286//2519 353//2519 1359//2519
f 171//2520 1368//2520 1383//2520
f 1273//2521 54//2521 1234//2521
f 1973//2522 2447//2522 527//2522
f 1322//2523 155//2523 1321//2523
f 1203//2524 1369//2524 1413//2524
f 1307//2525 363//2525 1298//2525
f 1364//2526 1375//2526 1329//2526
f 1329//2527 227//2527 1306//2527
f 296//2528 1298//2528 1343//2528
f 947//2529 2499//2529 1447//2529
f 1203//2530 1047//2530 1272//2530
f 1098//2531 1748//2531 1123//2531
f 1519//2532 1272//2532 1348//2532
f 1277//2533 70//2533 1273//2533
f 1282//2534 1337//2534 1361//2534
f 286//2535 302//2535 353//2535
f 103//2536 104//2536 1315//2536
f 1377//2537 435//2537 434//2537
f 1449//2538 1261//2538 1345//2538
f 926//2539 1310//2539 806//2539
f 1263//2540 1248//2540 1242//2540
f 985//2541 508//2541 597//2541
f 1415//2542 1222//2542 1218//2542
f 88//2543 1325//2543 104//2543
f 170//2544 111//2544 156//2544
f 1384//2545 1282//2545 1361//2545
f 274//2546 1253//2546 1262//2546
f 1371//2547 1317//2547 1344//2547
f 1371//2548 1366//2548 1337//2548
f 1345//2549 1459//2549 1449//2549
f 171//2550 1383//2550 1341//2550
f 2438//2551 1235//2551 1227//2551
f 2134//2552 1582//2552 2118//2552
f 428//2553 1260//2553 1379//2553
f 1336//2554 1341//2554 1325//2554
f 1235//2555 1242//2555 1227//2555
f 1228//2556 1687//2556 2284//2556
f 1854//2557 2140//2557 2016//2557
f 1866//2558 1887//2558 1873//2558
f 1343//2559 1298//2559 1370//2559
f 1384//2560 1361//2560 2440//2560
f 171//2561 242//2561 1368//2561
f 1344//2562 1309//2562 1366//2562
f 1371//2563 1344//2563 1366//2563
f 1280//2564 1377//2564 1293//2564
f 200//2565 1185//2565 205//2565
f 1330//2566 1383//2566 1368//2566
f 1255//2567 1264//2567 1263//2567
f 543//2568 1367//2568 1876//2568
f 1343//2569 1370//2569 1260//2569
f 1293//2570 1326//2570 1370//2570
f 2440//2571 1361//2571 1302//2571
f 1282//2572 1384//2572 2406//2572
f 271//2573 1337//2573 1282//2573
f 170//2574 2338//2574 1323//2574
f 1528//2575 1503//2575 2470//2575
f 515//2576 1347//2576 2453//2576
f 1997//2577 1705//2577 1998//2577
f 2285//2578 1228//2578 2284//2578
f 1229//2579 1250//2579 1228//2579
f 1330//2580 1368//2580 1247//2580
f 1919//2581 1619//2581 2045//2581
f 1344//2582 1364//2582 1335//2582
f 1222//2583 1240//2583 1221//2583
f 1212//2584 858//2584 1741//2584
f 2388//2585 1222//2585 1221//2585
f 1528//2586 2470//2586 2068//2586
f 501//2587 1308//2587 2171//2587
f 1295//2588 1311//2588 1487//2588
f 2116//2589 1619//2589 1655//2589
f 1220//2590 1229//2590 1228//2590
f 8//2591 663//2591 573//2591
f 1343//2592 1260//2592 428//2592
f 1337//2593 1366//2593 1361//2593
f 1298//2594 1280//2594 1293//2594
f 1269//2595 1345//2595 1261//2595
f 1279//2596 381//2596 1290//2596
f 1230//2597 1229//2597 1220//2597
f 1230//2598 1245//2598 1229//2598
f 1245//2599 1250//2599 1229//2599
f 1227//2600 1234//2600 31//2600
f 1302//2601 1361//2601 1350//2601
f 1245//2602 1266//2602 1428//2602
f 1992//2603 2023//2603 2052//2603
f 2482//2604 2471//2604 2475//2604
f 452//2605 462//2605 461//2605
f 271//2606 1282//2606 1275//2606
f 1991//2607 1989//2607 1934//2607
f 1366//2608 1309//2608 1350//2608
f 1344//2609 1335//2609 1309//2609
f 730//2610 699//2610 974//2610
f 1374//2611 1252//2611 1208//2611
f 597//2612 508//2612 1912//2612
f 1363//2613 1253//2613 1368//2613
f 1386//2614 1271//2614 300//2614
f 1211//2615 1218//2615 1222//2615
f 1376//2616 1377//2616 434//2616
f 2399//2617 2437//2617 1211//2617
f 1284//2618 1291//2618 1277//2618
f 1230//2619 1251//2619 1245//2619
f 1251//2620 1266//2620 1245//2620
f 1317//2621 1371//2621 1337//2621
f 1288//2622 1286//2622 1095//2622
f 1095//2623 1286//2623 1352//2623
f 1241//2624 1208//2624 1352//2624
f 1241//2625 1374//2625 1208//2625
f 1284//2626 1278//2626 1291//2626
f 211//2627 1392//2627 267//2627
f 1344//2628 1375//2628 1364//2628
f 929//2629 583//2629 1028//2629
f 1361//2630 1366//2630 1350//2630
f 1115//2631 1294//2631 1639//2631
f 1291//2632 103//2632 1301//2632
f 1220//2633 1231//2633 1230//2633
f 1231//2634 1251//2634 1230//2634
f 1234//2635 1248//2635 1273//2635
f 1255//2636 55//2636 1264//2636
f 1360//2637 1450//2637 1702//2637
f 363//2638 1280//2638 1298//2638
f 1369//2639 1203//2639 1272//2639
f 1415//2640 1240//2640 1222//2640
f 1216//2641 1231//2641 1220//2641
f 1243//2642 1263//2642 1235//2642
f 1375//2643 227//2643 1329//2643
f 1264//2644 1278//2644 1263//2644
f 855//2645 899//2645 961//2645
f 1286//2646 1241//2646 1352//2646
f 2081//2647 2128//2647 2107//2647
f 1223//2648 1433//2648 1423//2648
f 1473//2649 1312//2649 155//2649
f 154//2650 153//2650 1321//2650
f 1377//2651 1376//2651 1293//2651
f 1392//2652 274//2652 267//2652
f 334//2653 300//2653 1271//2653
f 1955//2654 1991//2654 1934//2654
f 1613//2655 1327//2655 1288//2655
f 1327//2656 1286//2656 1288//2656
f 1349//2657 1374//2657 1241//2657
f 2370//2658 2025//2658 2367//2658
f 1315//2659 1331//2659 133//2659
f 434//2660 446//2660 1256//2660
f 1232//2661 1251//2661 1231//2661
f 1243//2662 1244//2662 1255//2662
f 1286//2663 1304//2663 1241//2663
f 1349//2664 1107//2664 1374//2664
f 1359//2665 1271//2665 1386//2665
f 1227//2666 516//2666 2431//2666
f 219//2667 240//2667 1348//2667
f 1270//2668 271//2668 1275//2668
f 1255//2669 1263//2669 1243//2669
f 2026//2670 1926//2670 29//2670
f 1683//2671 2157//2671 1212//2671
f 1326//2672 1293//2672 1376//2672
f 1255//2673 32//2673 55//2673
f 104//2674 1325//2674 1341//2674
f 519//2675 2462//2675 2475//2675
f 2154//2676 2161//2676 2137//2676
f 1376//2677 434//2677 1246//2677
f 1246//2678 434//2678 1256//2678
f 1257//2679 1251//2679 1232//2679
f 1262//2680 1359//2680 1386//2680
f 2195//2681 2192//2681 2186//2681
f 1308//2682 534//2682 1226//2682
f 2026//2683 2117//2683 544//2683
f 1327//2684 1613//2684 1324//2684
f 1327//2685 1326//2685 1286//2685
f 1286//2686 1326//2686 1304//2686
f 104//2687 1341//2687 1331//2687
f 774//2688 524//2688 880//2688
f 837//2689 1517//2689 534//2689
f 1127//2690 1123//2690 1567//2690
f 1279//2691 1237//2691 1285//2691
f 1297//2692 1381//2692 1294//2692
f 1217//2693 1232//2693 1216//2693
f 1142//2694 1519//2694 13//2694
f 1436//2695 1267//2695 1287//2695
f 1324//2696 1372//2696 1327//2696
f 1304//2697 1246//2697 1241//2697
f 1246//2698 1349//2698 1241//2698
f 1246//2699 1373//2699 1349//2699
f 286//2700 1359//2700 1262//2700
f 1382//2701 1383//2701 1330//2701
f 1284//2702 1277//2702 1273//2702
f 489//2703 1998//2703 1799//2703
f 1675//2704 1116//2704 1075//2704
f 106//2705 1317//2705 1337//2705
f 1311//2706 1295//2706 1281//2706
f 1292//2707 1364//2707 1329//2707
f 1335//2708 1364//2708 1292//2708
f 1334//2709 1294//2709 1115//2709
f 1334//2710 1297//2710 1294//2710
f 1300//2711 1381//2711 1297//2711
f 973//2712 842//2712 2461//2712
f 1217//2713 1239//2713 1232//2713
f 1232//2714 1239//2714 1257//2714
f 1258//2715 1267//2715 1436//2715
f 1359//2716 1190//2716 1274//2716
f 1862//2717 1405//2717 1877//2717
f 1372//2718 1339//2718 1327//2718
f 1339//2719 1326//2719 1327//2719
f 1373//2720 1351//2720 1349//2720
f 1276//2721 1311//2721 1281//2721
f 1256//2722 2386//2722 1351//2722
f 2//2723 1109//2723 1300//2723
f 482//2724 1731//2724 520//2724
f 803//2725 1604//2725 2022//2725
f 1223//2726 1218//2726 1211//2726
f 1341//2727 1383//2727 1382//2727
f 1298//2728 1293//2728 1370//2728
f 1190//2729 1354//2729 1279//2729
f 1324//2730 2398//2730 1372//2730
f 1714//2731 1700//2731 2173//2731
f 183//2732 2000//2732 489//2732
f 1701//2733 1666//2733 192//2733
f 1227//2734 1242//2734 1234//2734
f 1332//2735 1289//2735 1310//2735
f 1517//2736 2005//2736 2130//2736
f 1331//2737 1341//2737 1382//2737
f 525//2738 1249//2738 1236//2738
f 23//2739 1268//2739 1450//2739
f 1264//2740 1291//2740 1278//2740
f 1281//2741 1287//2741 1267//2741
f 1295//2742 1305//2742 1287//2742
f 1281//2743 1295//2743 1287//2743
f 1487//2744 1305//2744 1295//2744
f 1605//2745 2097//2745 2058//2745
f 1326//2746 1376//2746 1304//2746
f 1304//2747 1376//2747 1246//2747
f 1316//2748 1919//2748 1984//2748
f 2500//2749 1949//2749 2460//2749
f 1332//2750 1313//2750 1289//2750
f 2189//2751 2181//2751 2177//2751
f 1335//2752 1334//2752 1353//2752
f 1292//2753 1297//2753 1334//2753
f 1428//2754 1250//2754 1245//2754
f 969//2755 958//2755 952//2755
f 1217//2756 1233//2756 1239//2756
f 1233//2757 1257//2757 1239//2757
f 1876//2758 1367//2758 1338//2758
f 1379//2759 1260//2759 1372//2759
f 1372//2760 1260//2760 1339//2760
f 1128//2761 1302//2761 1310//2761
f 1310//2762 1302//2762 1332//2762
f 1335//2763 1353//2763 1313//2763
f 1292//2764 1334//2764 1335//2764
f 1297//2765 1329//2765 1300//2765
f 1279//2766 1290//2766 1237//2766
f 1301//2767 103//2767 1314//2767
f 70//2768 1301//2768 102//2768
f 23//2769 1333//2769 1268//2769
f 380//2770 1285//2770 390//2770
f 772//2771 325//2771 1275//2771
f 1314//2772 103//2772 1315//2772
f 2473//2773 2458//2773 2487//2773
f 1276//2774 1281//2774 1267//2774
f 1344//2775 95//2775 1375//2775
f 2053//2776 1771//2776 1572//2776
f 1246//2777 1256//2777 1373//2777
f 1373//2778 1256//2778 1351//2778
f 1340//2779 1302//2779 1128//2779
f 1350//2780 1313//2780 1332//2780
f 1329//2781 1297//2781 1292//2781
f 2434//2782 2473//2782 2487//2782
f 106//2783 1337//2783 271//2783
f 23//2784 471//2784 1333//2784
f 622//2785 723//2785 509//2785
f 1388//2786 1517//2786 2127//2786
f 1991//2787 1990//2787 1989//2787
f 183//2788 1636//2788 1226//2788
f 2133//2789 1605//2789 2151//2789
f 1260//2790 1370//2790 1339//2790
f 1339//2791 1370//2791 1326//2791
f 867//2792 1894//2792 1902//2792
f 390//2793 426//2793 412//2793
f 1235//2794 1263//2794 1242//2794
f 1399//2795 1422//2795 1233//2795
f 305//2796 11//2796 1333//2796
f 1300//2797 1329//2797 1306//2797
f 1302//2798 1350//2798 1332//2798
f 1350//2799 1309//2799 1313//2799
f 1309//2800 1335//2800 1313//2800
f 2470//2801 2102//2801 1502//2801
f 1787//2802 1531//2802 1599//2802
f 1724//2803 1725//2803 1691//2803
f 1827//2804 1601//2804 1927//2804
f 1678//2805 1358//2805 1476//2805
f 1823//2806 1812//2806 1846//2806
f 1805//2807 1824//2807 1708//2807
f 1746//2808 1676//2808 1797//2808
f 325//2809 2395//2809 429//2809
f 1835//2810 1677//2810 1826//2810
f 1507//2811 1790//2811 1722//2811
f 1526//2812 1672//2812 858//2812
f 158//2813 147//2813 1342//2813
f 1462//2814 1473//2814 1322//2814
f 1474//2815 1414//2815 1565//2815
f 1761//2816 1900//2816 1877//2816
f 940//2817 1759//2817 1008//2817
f 1565//2818 1015//2818 1008//2818
f 1924//2819 1533//2819 1933//2819
f 1878//2820 826//2820 830//2820
f 1565//2821 1414//2821 1015//2821
f 1402//2822 1088//2822 1008//2822
f 1538//2823 1532//2823 1651//2823
f 1015//2824 1552//2824 1008//2824
f 1538//2825 1591//2825 1474//2825
f 1532//2826 1538//2826 1474//2826
f 1474//2827 1591//2827 1414//2827
f 1484//2828 1402//2828 1008//2828
f 1552//2829 1484//2829 1008//2829
f 1414//2830 1460//2830 1015//2830
f 1015//2831 1460//2831 1552//2831
f 806//2832 1289//2832 945//2832
f 1597//2833 1538//2833 1659//2833
f 1484//2834 1319//2834 1402//2834
f 1056//2835 1402//2835 1319//2835
f 1538//2836 1597//2836 1591//2836
f 1591//2837 960//2837 1414//2837
f 1414//2838 960//2838 1460//2838
f 1925//2839 1466//2839 1455//2839
f 1552//2840 1400//2840 1484//2840
f 1484//2841 1400//2841 1319//2841
f 1400//2842 113//2842 1319//2842
f 1597//2843 1580//2843 1591//2843
f 1460//2844 1400//2844 1552//2844
f 1514//2845 1441//2845 966//2845
f 1597//2846 1659//2846 1409//2846
f 1657//2847 113//2847 1400//2847
f 1460//2848 1657//2848 1400//2848
f 1288//2849 1095//2849 1634//2849
f 1551//2850 1597//2850 1409//2850
f 1580//2851 1598//2851 1591//2851
f 1591//2852 1598//2852 960//2852
f 1536//2853 1990//2853 2031//2853
f 960//2854 1657//2854 1460//2854
f 1809//2855 1746//2855 1797//2855
f 1423//2856 1433//2856 1432//2856
f 2478//2857 1362//2857 1409//2857
f 1463//2858 1545//2858 113//2858
f 1657//2859 1463//2859 113//2859
f 1457//2860 1287//2860 1305//2860
f 1682//2861 1716//2861 1746//2861
f 1434//2862 1761//2862 1885//2862
f 1013//2863 1139//2863 1617//2863
f 2379//2864 1362//2864 2478//2864
f 1420//2865 1597//2865 1551//2865
f 1420//2866 1580//2866 1597//2866
f 1664//2867 1808//2867 1712//2867
f 2256//2868 2250//2868 2231//2868
f 1362//2869 1551//2869 1409//2869
f 2196//2870 2214//2870 2213//2870
f 1691//2871 1725//2871 1777//2871
f 1626//2872 192//2872 1666//2872
f 1534//2873 1574//2873 2058//2873
f 1574//2874 1600//2874 1605//2874
f 1600//2875 1606//2875 1605//2875
f 1606//2876 1641//2876 1605//2876
f 1573//2877 1420//2877 1551//2877
f 1657//2878 1485//2878 1463//2878
f 678//2879 1806//2879 1742//2879
f 1534//2880 1553//2880 1574//2880
f 1574//2881 1575//2881 1600//2881
f 1810//2882 2170//2882 585//2882
f 1623//2883 1641//2883 1606//2883
f 1407//2884 1657//2884 960//2884
f 1598//2885 1407//2885 960//2885
f 1485//2886 1142//2886 1463//2886
f 1716//2887 1581//2887 1676//2887
f 1738//2888 1743//2888 1733//2888
f 843//2889 2064//2889 835//2889
f 1539//2890 1575//2890 1574//2890
f 1553//2891 1539//2891 1574//2891
f 1575//2892 1592//2892 1600//2892
f 1592//2893 1624//2893 1606//2893
f 1600//2894 1592//2894 1606//2894
f 1642//2895 585//2895 1641//2895
f 1623//2896 1642//2896 1641//2896
f 1485//2897 164//2897 1142//2897
f 1738//2898 1516//2898 1743//2898
f 1809//2899 1720//2899 1798//2899
f 1533//2900 1535//2900 1534//2900
f 1592//2901 1607//2901 1624//2901
f 1624//2902 1623//2902 1606//2902
f 1163//2903 566//2903 1116//2903
f 1407//2904 1485//2904 1657//2904
f 1432//2905 1449//2905 1439//2905
f 1100//2906 802//2906 2382//2906
f 1743//2907 1516//2907 1722//2907
f 1746//2908 1716//2908 1676//2908
f 1535//2909 1539//2909 1534//2909
f 1534//2910 1539//2910 1553//2910
f 1642//2911 1623//2911 1624//2911
f 1095//2912 1208//2912 1654//2912
f 967//2913 1407//2913 1598//2913
f 1580//2914 967//2914 1598//2914
f 1809//2915 1797//2915 1720//2915
f 1924//2916 1524//2916 1535//2916
f 1533//2917 1924//2917 1535//2917
f 1539//2918 1576//2918 1575//2918
f 1642//2919 216//2919 585//2919
f 1407//2920 1529//2920 1485//2920
f 1485//2921 1529//2921 164//2921
f 1472//2922 1462//2922 1482//2922
f 1415//2923 1431//2923 1240//2923
f 966//2924 1194//2924 714//2924
f 383//2925 1182//2925 152//2925
f 474//2926 2337//2926 446//2926
f 1743//2927 1841//2927 1757//2927
f 1486//2928 1524//2928 1924//2928
f 1535//2929 1525//2929 1539//2929
f 1575//2930 1576//2930 1592//2930
f 1420//2931 967//2931 1580//2931
f 1288//2932 1634//2932 1613//2932
f 459//2933 427//2933 1265//2933
f 1404//2934 2179//2934 1393//2934
f 1404//2935 1403//2935 1800//2935
f 1404//2936 1410//2936 1403//2936
f 1410//2937 1749//2937 1403//2937
f 1349//2938 1351//2938 218//2938
f 1486//2939 1498//2939 1524//2939
f 1535//2940 1524//2940 1525//2940
f 1607//2941 1636//2941 1624//2941
f 183//2942 1642//2942 1624//2942
f 1636//2943 183//2943 1624//2943
f 1107//2944 1349//2944 218//2944
f 1351//2945 845//2945 218//2945
f 164//2946 1519//2946 1142//2946
f 845//2947 413//2947 218//2947
f 1525//2948 1576//2948 1539//2948
f 1576//2949 1582//2949 1592//2949
f 1592//2950 2134//2950 1607//2950
f 2134//2951 1636//2951 1607//2951
f 2147//2952 1491//2952 1401//2952
f 1407//2953 1589//2953 1529//2953
f 1529//2954 1519//2954 164//2954
f 1693//2955 1763//2955 1444//2955
f 1924//2956 1479//2956 1486//2956
f 1592//2957 1582//2957 2134//2957
f 499//2958 165//2958 874//2958
f 2176//2959 1857//2959 1959//2959
f 2327//2960 2368//2960 2326//2960
f 2358//2961 821//2961 953//2961
f 953//2962 821//2962 1573//2962
f 1824//2963 1704//2963 1464//2963
f 1731//2964 1358//2964 1678//2964
f 1394//2965 1410//2965 1404//2965
f 1394//2966 1418//2966 1410//2966
f 1466//2967 1479//2967 1839//2967
f 1486//2968 1479//2968 1498//2968
f 1498//2969 1525//2969 1524//2969
f 1576//2970 2080//2970 1582//2970
f 1785//2971 1684//2971 1898//2971
f 804//2972 398//2972 802//2972
f 804//2973 925//2973 398//2973
f 1447//2974 1562//2974 2358//2974
f 2358//2975 1562//2975 821//2975
f 821//2976 1620//2976 1573//2976
f 1620//2977 1420//2977 1573//2977
f 1420//2978 1556//2978 967//2978
f 1393//2979 1394//2979 1404//2979
f 1525//2980 2080//2980 1576//2980
f 1621//2981 1420//2981 1620//2981
f 1621//2982 1556//2982 1420//2982
f 967//2983 1589//2983 1407//2983
f 1505//2984 5//2984 1357//2984
f 1266//2985 1258//2985 1436//2985
f 1393//2986 1395//2986 1394//2986
f 2176//2987 2175//2987 1848//2987
f 1455//2988 1466//2988 1839//2988
f 1525//2989 1540//2989 2080//2989
f 1582//2990 2080//2990 2118//2990
f 1100//2991 804//2991 802//2991
f 1556//2992 1589//2992 967//2992
f 1589//2993 1082//2993 1529//2993
f 1093//2994 1685//2994 1357//2994
f 1504//2995 1093//2995 1357//2995
f 1425//2996 1418//2996 1394//2996
f 1475//2997 1479//2997 1466//2997
f 1479//2998 1506//2998 1498//2998
f 1789//2999 1784//2999 1730//2999
f 2501//3000 2465//3000 2489//3000
f 1438//3001 1458//3001 1430//3001
f 1462//3002 1458//3002 1473//3002
f 1454//3003 805//3003 1529//3003
f 1082//3004 1454//3004 1529//3004
f 1529//3005 805//3005 1519//3005
f 1425//3006 1394//3006 1395//3006
f 1425//3007 1744//3007 1418//3007
f 1479//3008 1475//3008 1506//3008
f 1540//3009 2060//3009 2080//3009
f 1556//3010 1082//3010 1589//3010
f 1443//3011 945//3011 1511//3011
f 1506//3012 1536//3012 1498//3012
f 1498//3013 1536//3013 1525//3013
f 1525//3014 1536//3014 1540//3014
f 1670//3015 852//3015 1672//3015
f 1998//3016 1388//3016 1389//3016
f 1511//3017 966//3017 1509//3017
f 1509//3018 966//3018 714//3018
f 1442//3019 1443//3019 1496//3019
f 1562//3020 1635//3020 821//3020
f 155//3021 1322//3021 1473//3021
f 1439//3022 1458//3022 1438//3022
f 1426//3023 1425//3023 1395//3023
f 1475//3024 1499//3024 1506//3024
f 1735//3025 1588//3025 1776//3025
f 2422//3026 2454//3026 2421//3026
f 1423//3027 1432//3027 1415//3027
f 1559//3028 2101//3028 2073//3028
f 845//3029 866//3029 413//3029
f 1429//3030 1620//3030 821//3030
f 1620//3031 1429//3031 1621//3031
f 1228//3032 1250//3032 1687//3032
f 1002//3033 945//3033 1443//3033
f 2382//3034 802//3034 1083//3034
f 1859//3035 1411//3035 1395//3035
f 1411//3036 1426//3036 1395//3036
f 1426//3037 1744//3037 1425//3037
f 1590//3038 1437//3038 1483//3038
f 1480//3039 1475//3039 1466//3039
f 1480//3040 1499//3040 1475//3040
f 1510//3041 1733//3041 1743//3041
f 1663//3042 1696//3042 1658//3042
f 1430//3043 1453//3043 1452//3043
f 1452//3044 1472//3044 1471//3044
f 1452//3045 1471//3045 1448//3045
f 1430//3046 1452//3046 1421//3046
f 1430//3047 1421//3047 1422//3047
f 1429//3048 1082//3048 1556//3048
f 1621//3049 1429//3049 1556//3049
f 1351//3050 2386//3050 845//3050
f 1126//3051 1059//3051 487//3051
f 1639//3052 1437//3052 1563//3052
f 1504//3053 1928//3053 1093//3053
f 1499//3054 1536//3054 1506//3054
f 1588//3055 1770//3055 1727//3055
f 1110//3056 1747//3056 1397//3056
f 1776//3057 1588//3057 1531//3057
f 1322//3058 1320//3058 1482//3058
f 1590//3059 1629//3059 1571//3059
f 1730//3060 1877//3060 1838//3060
f 1429//3061 935//3061 1082//3061
f 1082//3062 935//3062 1454//3062
f 804//3063 1443//3063 925//3063
f 1139//3064 1007//3064 1639//3064
f 1925//3065 1480//3065 1466//3065
f 1934//3066 1989//3066 1480//3066
f 1499//3067 1989//3067 1536//3067
f 1727//3068 1526//3068 1531//3068
f 1593//3069 1614//3069 502//3069
f 2455//3070 2431//3070 2400//3070
f 1755//3071 1680//3071 908//3071
f 1563//3072 1571//3072 1564//3072
f 1647//3073 1078//3073 1501//3073
f 2490//3074 1635//3074 1106//3074
f 1496//3075 1511//3075 717//3075
f 2454//3076 2431//3076 516//3076
f 1478//3077 1153//3077 1093//3077
f 1870//3078 1426//3078 1411//3078
f 1426//3079 1723//3079 1744//3079
f 962//3080 986//3080 1412//3080
f 717//3081 1511//3081 1509//3081
f 1825//3082 1704//3082 1824//3082
f 2225//3083 2234//3083 2253//3083
f 1490//3084 1557//3084 1188//3084
f 1635//3085 80//3085 821//3085
f 805//3086 1454//3086 935//3086
f 1186//3087 706//3087 695//3087
f 1194//3088 1161//3088 714//3088
f 1512//3089 1007//3089 1013//3089
f 592//3090 97//3090 204//3090
f 1258//3091 1266//3091 1257//3091
f 82//3092 1333//3092 471//3092
f 1694//3093 1710//3093 1505//3093
f 1643//3094 490//3094 1661//3094
f 1661//3095 490//3095 1114//3095
f 1518//3096 2068//3096 2484//3096
f 1750//3097 1808//3097 1664//3097
f 1656//3098 1635//3098 2490//3098
f 935//3099 1521//3099 805//3099
f 1546//3100 1629//3100 1076//3100
f 1301//3101 70//3101 1277//3101
f 966//3102 1441//3102 1194//3102
f 1148//3103 1825//3103 1824//3103
f 1614//3104 1609//3104 1643//3104
f 1114//3105 1092//3105 1921//3105
f 1770//3106 1739//3106 1670//3106
f 1631//3107 1632//3107 1646//3107
f 821//3108 1016//3108 1429//3108
f 1429//3109 1016//3109 935//3109
f 1632//3110 1095//3110 1654//3110
f 1083//3111 262//3111 688//3111
f 1724//3112 1686//3112 1725//3112
f 1644//3113 490//3113 1643//3113
f 1092//3114 1149//3114 1921//3114
f 3//3115 893//3115 1832//3115
f 988//3116 1640//3116 1188//3116
f 916//3117 1107//3117 284//3117
f 1656//3118 80//3118 1635//3118
f 1016//3119 821//3119 80//3119
f 1016//3120 1521//3120 935//3120
f 1478//3121 1202//3121 1153//3121
f 1401//3122 1928//3122 29//3122
f 1440//3123 1478//3123 1928//3123
f 1849//3124 1700//3124 1865//3124
f 1595//3125 1611//3125 1612//3125
f 1208//3126 198//3126 341//3126
f 1464//3127 1704//3127 1746//3127
f 2143//3128 984//3128 1721//3128
f 1848//3129 1849//3129 1868//3129
f 1662//3130 1114//3130 490//3130
f 1669//3131 1787//3131 1682//3131
f 1656//3132 1618//3132 80//3132
f 198//3133 1208//3133 916//3133
f 1440//3134 1928//3134 1401//3134
f 1521//3135 1369//3135 805//3135
f 1252//3136 1107//3136 916//3136
f 1745//3137 678//3137 1672//3137
f 1703//3138 1779//3138 1721//3138
f 1750//3139 1465//3139 1808//3139
f 1609//3140 1644//3140 1643//3140
f 1092//3141 1114//3141 1662//3141
f 1826//3142 1523//3142 1793//3142
f 2262//3143 2261//3143 2224//3143
f 1696//3144 2166//3144 1767//3144
f 1016//3145 1648//3145 1521//3145
f 1208//3146 1252//3146 916//3146
f 833//3147 688//3147 1067//3147
f 1794//3148 1803//3148 1558//3148
f 28//3149 17//3149 512//3149
f 1750//3150 861//3150 1566//3150
f 1594//3151 1644//3151 1609//3151
f 1644//3152 1645//3152 490//3152
f 490//3153 1645//3153 1662//3153
f 2229//3154 2262//3154 2224//3154
f 1602//3155 861//3155 1760//3155
f 1530//3156 1777//3156 1760//3156
f 872//3157 1706//3157 1673//3157
f 1696//3158 1668//3158 2166//3158
f 1708//3159 1809//3159 1798//3159
f 1581//3160 1716//3160 1814//3160
f 1709//3161 1794//3161 1680//3161
f 1233//3162 1421//3162 1257//3162
f 1724//3163 1476//3163 1686//3163
f 1469//3164 1481//3164 1965//3164
f 1965//3165 1481//3165 1492//3165
f 2073//3166 1549//3166 1559//3166
f 1594//3167 1615//3167 1644//3167
f 1799//3168 1706//3168 1755//3168
f 1725//3169 1686//3169 1837//3169
f 1720//3170 1797//3170 1572//3170
f 1618//3171 2467//3171 2022//3171
f 1618//3172 1579//3172 80//3172
f 1648//3173 1016//3173 80//3173
f 2134//3174 2152//3174 1636//3174
f 1611//3175 1632//3175 1631//3175
f 1761//3176 1434//3176 1470//3176
f 1559//3177 1577//3177 1594//3177
f 1603//3178 1615//3178 1594//3178
f 1615//3179 1645//3179 1644//3179
f 1637//3180 1662//3180 1645//3180
f 1662//3181 1199//3181 1092//3181
f 1199//3182 1149//3182 1092//3182
f 1451//3183 1108//3183 1149//3183
f 665//3184 734//3184 756//3184
f 1865//3185 1700//3185 1714//3185
f 1709//3186 1841//3186 1794//3186
f 1618//3187 2022//3187 1579//3187
f 1648//3188 1413//3188 1369//3188
f 1521//3189 1648//3189 1369//3189
f 1520//3190 11//3190 1401//3190
f 1446//3191 1470//3191 1434//3191
f 1798//3192 1691//3192 1754//3192
f 2063//3193 1544//3193 2073//3193
f 2073//3194 1544//3194 1549//3194
f 1594//3195 1577//3195 1603//3195
f 1615//3196 1637//3196 1645//3196
f 1637//3197 1199//3197 1662//3197
f 1427//3198 1149//3198 1199//3198
f 2167//3199 1108//3199 1451//3199
f 1997//3200 1673//3200 1705//3200
f 1706//3201 1799//3201 1705//3201
f 1841//3202 1709//3202 1757//3202
f 1604//3203 1579//3203 2022//3203
f 1579//3204 707//3204 80//3204
f 80//3205 707//3205 1648//3205
f 1520//3206 1401//3206 1491//3206
f 1649//3207 1520//3207 1491//3207
f 1435//3208 1434//3208 1885//3208
f 1470//3209 1469//3209 1461//3209
f 1481//3210 1508//3210 2024//3210
f 2370//3211 1544//3211 2063//3211
f 1549//3212 1568//3212 1559//3212
f 1559//3213 1568//3213 1577//3213
f 1603//3214 1610//3214 1615//3214
f 1615//3215 1610//3215 1637//3215
f 999//3216 1199//3216 1637//3216
f 1451//3217 1149//3217 1427//3217
f 1137//3218 1825//3218 1148//3218
f 1706//3219 1705//3219 1673//3219
f 1138//3220 1604//3220 2116//3220
f 1138//3221 1579//3221 1604//3221
f 1413//3222 1648//3222 707//3222
f 2360//3223 2024//3223 1508//3223
f 598//3224 1075//3224 1116//3224
f 229//3225 93//3225 1468//3225
f 1839//3226 1479//3226 1684//3226
f 2216//3227 2229//3227 2224//3227
f 1610//3228 1625//3228 1637//3228
f 329//3229 999//3229 1637//3229
f 1199//3230 1017//3230 1427//3230
f 1017//3231 303//3231 1427//3231
f 303//3232 1451//3232 1427//3232
f 1792//3233 1754//3233 1777//3233
f 2309//3234 2391//3234 2301//3234
f 1655//3235 1138//3235 2116//3235
f 1138//3236 707//3236 1579//3236
f 1649//3237 1491//3237 206//3237
f 1406//3238 1885//3238 1398//3238
f 1406//3239 1419//3239 1885//3239
f 1419//3240 1435//3240 1885//3240
f 1434//3241 1435//3241 1446//3241
f 1470//3242 1481//3242 1469//3242
f 1577//3243 1583//3243 1603//3243
f 999//3244 1017//3244 1199//3244
f 81//3245 67//3245 941//3245
f 67//3246 1650//3246 941//3246
f 1259//3247 1815//3247 2164//3247
f 1619//3248 2116//3248 2045//3248
f 1424//3249 707//3249 1138//3249
f 1702//3250 1649//3250 206//3250
f 1687//3251 1406//3251 1398//3251
f 1477//3252 1481//3252 1470//3252
f 1568//3253 1569//3253 1577//3253
f 1577//3254 1569//3254 1583//3254
f 1603//3255 1583//3255 1610//3255
f 1625//3256 329//3256 1637//3256
f 2167//3257 340//3257 273//3257
f 81//3258 273//3258 340//3258
f 81//3259 962//3259 67//3259
f 1547//3260 1619//3260 1488//3260
f 1830//3261 1739//3261 1770//3261
f 938//3262 1424//3262 1138//3262
f 1424//3263 1413//3263 707//3263
f 1527//3264 1649//3264 1702//3264
f 1527//3265 1520//3265 1649//3265
f 1527//3266 1268//3266 1520//3266
f 1250//3267 1406//3267 1687//3267
f 1441//3268 1353//3268 1115//3268
f 1203//3269 1413//3269 1051//3269
f 1250//3270 1419//3270 1406//3270
f 1477//3271 2372//3271 1481//3271
f 1481//3272 2372//3272 1508//3272
f 2449//3273 1560//3273 1568//3273
f 1549//3274 2449//3274 1568//3274
f 1568//3275 1560//3275 1569//3275
f 1569//3276 1584//3276 1583//3276
f 1652//3277 329//3277 1625//3277
f 329//3278 817//3278 999//3278
f 285//3279 1017//3279 999//3279
f 303//3280 10//3280 1451//3280
f 10//3281 2167//3281 1451//3281
f 1412//3282 1650//3282 67//3282
f 1412//3283 1488//3283 1650//3283
f 1547//3284 1023//3284 1619//3284
f 1023//3285 1655//3285 1619//3285
f 1655//3286 938//3286 1138//3286
f 1456//3287 1413//3287 1424//3287
f 1457//3288 1470//3288 1446//3288
f 1457//3289 1477//3289 1470//3289
f 329//3290 1652//3290 817//3290
f 10//3291 340//3291 2167//3291
f 938//3292 1546//3292 1424//3292
f 1546//3293 1456//3293 1424//3293
f 1259//3294 1548//3294 1779//3294
f 2052//3295 2031//3295 1990//3295
f 1440//3296 1202//3296 1478//3296
f 1428//3297 1419//3297 1250//3297
f 1428//3298 1435//3298 1419//3298
f 1428//3299 1446//3299 1435//3299
f 1934//3300 1935//3300 1955//3300
f 1560//3301 1584//3301 1569//3301
f 1610//3302 1638//3302 1625//3302
f 1638//3303 1652//3303 1625//3303
f 817//3304 1077//3304 999//3304
f 1077//3305 285//3305 999//3305
f 980//3306 303//3306 1017//3306
f 962//3307 1412//3307 67//3307
f 1494//3308 1023//3308 1547//3308
f 325//3309 271//3309 1270//3309
f 1443//3310 1511//3310 1496//3310
f 1450//3311 1268//3311 1527//3311
f 1514//3312 1353//3312 1441//3312
f 1287//3313 1446//3313 1428//3313
f 1446//3314 1287//3314 1457//3314
f 1305//3315 2372//3315 1477//3315
f 1992//3316 1990//3316 1991//3316
f 1992//3317 1991//3317 1971//3317
f 1971//3318 1991//3318 1955//3318
f 2449//3319 1549//3319 2418//3319
f 1583//3320 1616//3320 1610//3320
f 1610//3321 1616//3321 1638//3321
f 10//3322 1396//3322 340//3322
f 340//3323 1445//3323 81//3323
f 1445//3324 962//3324 81//3324
f 1790//3325 984//3325 1753//3325
f 984//3326 2148//3326 1753//3326
f 1588//3327 1713//3327 1770//3327
f 969//3328 978//3328 958//3328
f 1741//3329 1779//3329 1703//3329
f 1758//3330 1846//3330 1754//3330
f 1827//3331 1819//3331 1029//3331
f 1818//3332 1530//3332 1712//3332
f 1750//3333 1566//3333 2127//3333
f 2459//3334 2434//3334 2483//3334
f 1798//3335 1720//3335 1771//3335
f 1794//3336 1841//3336 1803//3336
f 216//3337 1755//3337 1810//3337
f 1098//3338 1735//3338 1748//3338
f 1735//3339 1497//3339 1748//3339
f 1502//3340 2102//3340 1601//3340
f 881//3341 1502//3341 1601//3341
f 1455//3342 1839//3342 1744//3342
f 1706//3343 1709//3343 1680//3343
f 1212//3344 1741//3344 1703//3344
f 1788//3345 1969//3345 1671//3345
f 1075//3346 1074//3346 1692//3346
f 951//3347 2500//3347 881//3347
f 2490//3348 2486//3348 2463//3348
f 1748//3349 1497//3349 1781//3349
f 1721//3350 984//3350 1840//3350
f 1815//3351 1259//3351 1741//3351
f 1626//3352 1756//3352 1837//3352
f 975//3353 987//3353 1542//3353
f 2230//3354 2236//3354 2235//3354
f 1772//3355 678//3355 734//3355
f 1542//3356 1671//3356 975//3356
f 1806//3357 1772//3357 1780//3357
f 678//3358 1772//3358 1806//3358
f 2218//3359 2225//3359 2268//3359
f 1828//3360 1732//3360 2007//3360
f 1526//3361 1688//3361 1531//3361
f 1752//3362 1526//3362 1554//3362
f 1844//3363 1818//3363 1712//3363
f 1823//3364 1846//3364 1804//3364
f 1781//3365 1669//3365 1704//3365
f 1721//3366 1779//3366 2143//3366
f 1770//3367 1670//3367 1526//3367
f 1497//3368 1669//3368 1781//3368
f 1098//3369 1713//3369 1735//3369
f 1742//3370 1815//3370 1741//3370
f 1526//3371 858//3371 1875//3371
f 1599//3372 1531//3372 1688//3372
f 1803//3373 1790//3373 1558//3373
f 1703//3374 1721//3374 1683//3374
f 1832//3375 1766//3375 957//3375
f 1542//3376 1679//3376 1671//3376
f 1679//3377 1788//3377 1671//3377
f 1927//3378 1819//3378 1827//3378
f 1718//3379 1745//3379 1739//3379
f 1684//3380 1022//3380 1839//3380
f 1459//3381 1283//3381 1299//3381
f 1022//3382 1410//3382 1418//3382
f 2368//3383 2393//3383 2326//3383
f 1669//3384 1497//3384 1776//3384
f 1875//3385 858//3385 1212//3385
f 1739//3386 1745//3386 852//3386
f 1964//3387 1918//3387 1461//3387
f 1356//3388 133//3388 1331//3388
f 1765//3389 1829//3389 1468//3389
f 858//3390 1742//3390 1741//3390
f 1006//3391 1674//3391 1021//3391
f 1723//3392 1936//3392 1935//3392
f 1468//3393 1713//3393 1098//3393
f 1724//3394 1678//3394 1476//3394
f 1680//3395 1783//3395 908//3395
f 1731//3396 1543//3396 520//3396
f 1683//3397 1721//3397 1840//3397
f 1467//3398 1679//3398 1542//3398
f 1812//3399 1708//3399 1846//3399
f 1679//3400 1975//3400 1788//3400
f 1713//3401 1830//3401 1770//3401
f 1803//3402 1722//3402 1790//3402
f 2301//3403 2391//3403 2349//3403
f 1713//3404 1588//3404 1735//3404
f 1836//3405 1530//3405 1818//3405
f 1837//3406 1756//3406 861//3406
f 886//3407 571//3407 556//3407
f 1181//3408 1805//3408 1812//3408
f 1706//3409 1680//3409 1755//3409
f 1677//3410 1729//3410 1775//3410
f 1776//3411 1787//3411 1669//3411
f 1526//3412 1670//3412 1672//3412
f 1727//3413 1770//3413 1526//3413
f 987//3414 1467//3414 1542//3414
f 1567//3415 1704//3415 1137//3415
f 1693//3416 1865//3416 1714//3416
f 897//3417 1762//3417 912//3417
f 1135//3418 1697//3418 1062//3418
f 1697//3419 376//3419 1062//3419
f 1543//3420 1731//3420 1678//3420
f 1793//3421 1679//3421 1467//3421
f 1777//3422 1602//3422 1760//3422
f 1846//3423 1798//3423 1754//3423
f 1835//3424 1096//3424 1677//3424
f 1033//3425 1030//3425 940//3425
f 1450//3426 1527//3426 1702//3426
f 1717//3427 376//3427 1697//3427
f 1711//3428 1717//3428 1697//3428
f 1717//3429 165//3429 376//3429
f 1840//3430 984//3430 1790//3430
f 1669//3431 1746//3431 1704//3431
f 1669//3432 1682//3432 1746//3432
f 2301//3433 2349//3433 2308//3433
f 1882//3434 1444//3434 1898//3434
f 1820//3435 1789//3435 1730//3435
f 861//3436 1380//3436 1566//3436
f 2301//3437 2308//3437 2266//3437
f 1771//3438 1543//3438 1691//3438
f 1958//3439 1659//3439 1651//3439
f 1697//3440 1360//3440 1711//3440
f 1711//3441 1737//3441 1717//3441
f 1717//3442 1737//3442 165//3442
f 1790//3443 1753//3443 1558//3443
f 1668//3444 1696//3444 1663//3444
f 1360//3445 1702//3445 1711//3445
f 1702//3446 1707//3446 1711//3446
f 1707//3447 1737//3447 1711//3447
f 1737//3448 1751//3448 165//3448
f 1444//3449 1782//3449 1693//3449
f 1716//3450 1787//3450 1599//3450
f 1744//3451 1839//3451 1022//3451
f 1898//3452 1444//3452 1785//3452
f 206//3453 1707//3453 1702//3453
f 1764//3454 2468//3454 1751//3454
f 316//3455 1844//3455 893//3455
f 893//3456 1844//3456 915//3456
f 1845//3457 1804//3457 1758//3457
f 1380//3458 861//3458 1756//3458
f 1780//3459 670//3459 1021//3459
f 1714//3460 2172//3460 1763//3460
f 1783//3461 1558//3461 1663//3461
f 1750//3462 2127//3462 1465//3462
f 1798//3463 1771//3463 1691//3463
f 1691//3464 1543//3464 1724//3464
f 1872//3465 1910//3465 839//3465
f 1737//3466 2044//3466 1751//3466
f 1751//3467 2044//3467 1764//3467
f 1757//3468 1701//3468 482//3468
f 1725//3469 1602//3469 1777//3469
f 1836//3470 1845//3470 1530//3470
f 2102//3471 2470//3471 1503//3471
f 2496//3472 1899//3472 544//3472
f 763//3473 2484//3473 946//3473
f 987//3474 1719//3474 1467//3474
f 1845//3475 1758//3475 1792//3475
f 1725//3476 1837//3476 1602//3476
f 1872//3477 1866//3477 1873//3477
f 1712//3478 1530//3478 1760//3478
f 489//3479 1799//3479 216//3479
f 1760//3480 861//3480 1750//3480
f 2068//3481 2466//3481 2460//3481
f 1696//3482 2159//3482 2168//3482
f 377//3483 1377//3483 1280//3483
f 1797//3484 1676//3484 1572//3484
f 1581//3485 2053//3485 1572//3485
f 1676//3486 1581//3486 1572//3486
f 1764//3487 2498//3487 2468//3487
f 2468//3488 2498//3488 1994//3488
f 1861//3489 1695//3489 1860//3489
f 2481//3490 2004//3490 2495//3490
f 1826//3491 1677//3491 1523//3491
f 1670//3492 1739//3492 852//3492
f 2234//3493 2269//3493 2253//3493
f 1724//3494 1543//3494 1678//3494
f 1658//3495 2168//3495 1791//3495
f 1397//3496 1747//3496 1719//3496
f 1696//3497 2168//3497 1658//3497
f 979//3498 519//3498 272//3498
f 1774//3499 1975//3499 1679//3499
f 975//3500 1671//3500 932//3500
f 1787//3501 1716//3501 1682//3501
f 1835//3502 1826//3502 1747//3502
f 2501//3503 2469//3503 961//3503
f 1810//3504 908//3504 1791//3504
f 1982//3505 1768//3505 191//3505
f 1137//3506 1704//3506 1825//3506
f 1804//3507 1846//3507 1758//3507
f 2004//3508 2044//3508 1737//3508
f 913//3509 1969//3509 902//3509
f 2498//3510 1795//3510 1801//3510
f 915//3511 1844//3511 1712//3511
f 1689//3512 915//3512 1712//3512
f 1740//3513 1752//3513 1541//3513
f 695//3514 661//3514 199//3514
f 1865//3515 1693//3515 1782//3515
f 1824//3516 1464//3516 1809//3516
f 1829//3517 1765//3517 1718//3517
f 1816//3518 1768//3518 1982//3518
f 1816//3519 1622//3519 1768//3519
f 1622//3520 2165//3520 1681//3520
f 1768//3521 1622//3521 1681//3521
f 670//3522 1772//3522 228//3522
f 1283//3523 1459//3523 52//3523
f 1785//3524 1444//3524 1749//3524
f 1675//3525 1075//3525 1685//3525
f 1567//3526 1781//3526 1704//3526
f 1858//3527 1857//3527 1848//3527
f 1526//3528 1752//3528 1688//3528
f 1791//3529 2160//3529 1810//3529
f 908//3530 1658//3530 1791//3530
f 1813//3531 1773//3531 1558//3531
f 1845//3532 1792//3532 1530//3532
f 69//3533 376//3533 165//3533
f 3//3534 1832//3534 1834//3534
f 1722//3535 1516//3535 1507//3535
f 1801//3536 1821//3536 1994//3536
f 1833//3537 1982//3537 2046//3537
f 1821//3538 1833//3538 2046//3538
f 1833//3539 1816//3539 1982//3539
f 1022//3540 1785//3540 1749//3540
f 2160//3541 2170//3541 1810//3541
f 1147//3542 1719//3542 1726//3542
f 1683//3543 1840//3543 1507//3543
f 1467//3544 1719//3544 1793//3544
f 1795//3545 1802//3545 1801//3545
f 1802//3546 1811//3546 1801//3546
f 1801//3547 1811//3547 1821//3547
f 1690//3548 2165//3548 1622//3548
f 1934//3549 1480//3549 1925//3549
f 229//3550 1468//3550 1091//3550
f 1780//3551 2164//3551 1742//3551
f 1672//3552 1742//3552 858//3552
f 1833//3553 1417//3553 1816//3553
f 1417//3554 1622//3554 1816//3554
f 1831//3555 2165//3555 1690//3555
f 1668//3556 1663//3556 1558//3556
f 1719//3557 1747//3557 1826//3557
f 1760//3558 1750//3558 1664//3558
f 1817//3559 1690//3559 1622//3559
f 1530//3560 1792//3560 1777//3560
f 948//3561 1796//3561 1802//3561
f 1796//3562 1811//3562 1802//3562
f 1515//3563 1817//3563 1622//3563
f 1695//3564 1861//3564 1831//3564
f 1783//3565 1663//3565 1658//3565
f 1749//3566 1410//3566 1022//3566
f 854//3567 1796//3567 948//3567
f 1811//3568 1842//3568 1833//3568
f 1821//3569 1811//3569 1833//3569
f 1833//3570 1842//3570 1417//3570
f 1622//3571 1417//3571 1515//3571
f 127//3572 1804//3572 1845//3572
f 1686//3573 1626//3573 1837//3573
f 1608//3574 1690//3574 1817//3574
f 1523//3575 1775//3575 1762//3575
f 127//3576 1845//3576 1836//3576
f 1812//3577 1805//3577 1708//3577
f 1523//3578 1677//3578 1775//3578
f 1780//3579 1772//3579 670//3579
f 1758//3580 1754//3580 1792//3580
f 1204//3581 1796//3581 854//3581
f 1822//3582 1842//3582 1811//3582
f 1608//3583 1831//3583 1690//3583
f 1822//3584 1811//3584 1796//3584
f 1842//3585 1416//3585 1417//3585
f 1417//3586 1416//3586 1515//3586
f 1515//3587 1608//3587 1817//3587
f 1728//3588 1831//3588 1608//3588
f 908//3589 1783//3589 1658//3589
f 127//3590 1836//3590 316//3590
f 1805//3591 1148//3591 1824//3591
f 852//3592 1745//3592 1672//3592
f 1478//3593 1093//3593 1928//3593
f 1822//3594 1843//3594 1842//3594
f 1843//3595 959//3595 1842//3595
f 1842//3596 959//3596 1416//3596
f 1728//3597 1695//3597 1831//3597
f 1728//3598 1860//3598 1695//3598
f 2346//3599 446//3599 2337//3599
f 1602//3600 1837//3600 861//3600
f 1087//3601 1096//3601 1835//3601
f 1708//3602 1824//3602 1809//3602
f 2004//3603 1737//3603 505//3603
f 1567//3604 1748//3604 1781//3604
f 520//3605 1543//3605 1883//3605
f 1760//3606 1664//3606 1712//3606
f 128//3607 1336//3607 72//3607
f 2053//3608 1883//3608 1543//3608
f 1822//3609 180//3609 1843//3609
f 1786//3610 1608//3610 1515//3610
f 929//3611 2462//3611 519//3611
f 512//3612 2402//3612 506//3612
f 1212//3613 1703//3613 1683//3613
f 1830//3614 1829//3614 1739//3614
f 2053//3615 1543//3615 1771//3615
f 1416//3616 1769//3616 1515//3616
f 1769//3617 1786//3617 1515//3617
f 1786//3618 1728//3618 1608//3618
f 1712//3619 1808//3619 1689//3619
f 1794//3620 1558//3620 1783//3620
f 1497//3621 1735//3621 1776//3621
f 1127//3622 1567//3622 1137//3622
f 1123//3623 1748//3623 1567//3623
f 36//3624 205//3624 1185//3624
f 959//3625 1734//3625 1416//3625
f 1738//3626 1733//3626 1541//3626
f 1774//3627 1762//3627 1974//3627
f 1752//3628 1554//3628 1541//3628
f 1752//3629 1740//3629 1688//3629
f 1526//3630 1875//3630 1554//3630
f 1468//3631 1829//3631 1830//3631
f 1755//3632 908//3632 1810//3632
f 1716//3633 1599//3633 1814//3633
f 1806//3634 1780//3634 1742//3634
f 2308//3635 2349//3635 2340//3635
f 1832//3636 915//3636 1689//3636
f 1713//3637 1468//3637 1830//3637
f 1814//3638 1599//3638 1346//3638
f 1832//3639 1689//3639 1766//3639
f 1022//3640 1684//3640 1785//3640
f 1093//3641 1153//3641 1116//3641
f 1672//3642 678//3642 1742//3642
f 1675//3643 1685//3643 1093//3643
f 1841//3644 1743//3644 1722//3644
f 1814//3645 2053//3645 1581//3645
f 1464//3646 1746//3646 1809//3646
f 2485//3647 2497//3647 2493//3647
f 1416//3648 1734//3648 1769//3648
f 1665//3649 1728//3649 1786//3649
f 1665//3650 1951//3650 1728//3650
f 1951//3651 1860//3651 1728//3651
f 1951//3652 2094//3652 1860//3652
f 1844//3653 1836//3653 1818//3653
f 316//3654 1836//3654 1844//3654
f 1776//3655 1531//3655 1787//3655
f 1719//3656 1826//3656 1793//3656
f 2147//3657 1401//3657 29//3657
f 2111//3658 2121//3658 1548//3658
f 1741//3659 1259//3659 1779//3659
f 1843//3660 347//3660 1834//3660
f 1843//3661 1734//3661 959//3661
f 1766//3662 1769//3662 1734//3662
f 957//3663 1766//3663 1734//3663
f 1766//3664 1786//3664 1769//3664
f 1766//3665 1689//3665 1786//3665
f 1689//3666 1665//3666 1786//3666
f 1754//3667 1691//3667 1777//3667
f 1507//3668 1840//3668 1790//3668
f 1761//3669 1470//3669 1461//3669
f 1523//3670 1679//3670 1793//3670
f 1091//3671 1468//3671 1098//3671
f 1820//3672 1730//3672 1838//3672
f 1843//3673 1834//3673 1734//3673
f 1808//3674 1951//3674 1665//3674
f 1588//3675 1727//3675 1531//3675
f 893//3676 915//3676 1832//3676
f 1523//3677 1774//3677 1679//3677
f 272//3678 2488//3678 710//3678
f 1093//3679 1116//3679 1675//3679
f 2340//3680 2349//3680 2348//3680
f 1832//3681 1734//3681 1834//3681
f 1832//3682 957//3682 1734//3682
f 1951//3683 1808//3683 2094//3683
f 1685//3684 1692//3684 1505//3684
f 1043//3685 295//3685 698//3685
f 2143//3686 1779//3686 2121//3686
f 1689//3687 1808//3687 1665//3687
f 1693//3688 1714//3688 1763//3688
f 1738//3689 2157//3689 1516//3689
f 1114//3690 1921//3690 236//3690
f 1268//3691 1333//3691 1520//3691
f 1149//3692 1108//3692 431//3692
f 508//3693 2144//3693 1912//3693
f 1957//3694 1108//3694 1537//3694
f 431//3695 1108//3695 1957//3695
f 1018//3696 1108//3696 2167//3696
f 1338//3697 1957//3697 1681//3697
f 2163//3698 1957//3698 1338//3698
f 1983//3699 1390//3699 2093//3699
f 30//3700 557//3700 37//3700
f 1714//3701 2173//3701 2172//3701
f 1983//3702 1984//3702 1390//3702
f 1984//3703 2065//3703 1390//3703
f 884//3704 1762//3704 897//3704
f 2065//3705 1984//3705 1214//3705
f 1950//3706 1974//3706 1762//3706
f 884//3707 1950//3707 1762//3707
f 2012//3708 1698//3708 1861//3708
f 1214//3709 2116//3709 803//3709
f 1950//3710 1938//3710 1974//3710
f 1938//3711 1967//3711 1974//3711
f 1900//3712 1761//3712 1461//3712
f 865//3713 1929//3713 884//3713
f 884//3714 1929//3714 1950//3714
f 2062//3715 2071//3715 2042//3715
f 919//3716 1985//3716 1732//3716
f 1593//3717 502//3717 2146//3717
f 1995//3718 1213//3718 2098//3718
f 1522//3719 2476//3719 1651//3719
f 2174//3720 1849//3720 2175//3720
f 1480//3721 1989//3721 1499//3721
f 1929//3722 1938//3722 1950//3722
f 1605//3723 2058//3723 1574//3723
f 2097//3724 1605//3724 2133//3724
f 1912//3725 2014//3725 1886//3725
f 2092//3726 2082//3726 2083//3726
f 206//3727 1930//3727 505//3727
f 2101//3728 2100//3728 2092//3728
f 2073//3729 2101//3729 2092//3729
f 839//3730 1910//3730 865//3730
f 1910//3731 1901//3731 1929//3731
f 865//3732 1910//3732 1929//3732
f 1967//3733 1788//3733 1975//3733
f 2073//3734 2092//3734 2063//3734
f 2101//3735 1593//3735 2100//3735
f 2015//3736 1876//3736 1698//3736
f 1853//3737 1884//3737 2014//3737
f 1831//3738 1698//3738 2165//3738
f 1316//3739 273//3739 81//3739
f 1901//3740 1920//3740 1929//3740
f 1929//3741 1920//3741 1938//3741
f 1920//3742 1968//3742 1967//3742
f 1938//3743 1920//3743 1967//3743
f 1849//3744 2174//3744 1700//3744
f 2173//3745 1700//3745 2174//3745
f 2062//3746 2072//3746 2091//3746
f 803//3747 2467//3747 2059//3747
f 2239//3748 1736//3748 2240//3748
f 1505//3749 1357//3749 1685//3749
f 1358//3750 1686//3750 1476//3750
f 1967//3751 1968//3751 1788//3751
f 1968//3752 1969//3752 1788//3752
f 2065//3753 2110//3753 2156//3753
f 2065//3754 1214//3754 2110//3754
f 2110//3755 1214//3755 503//3755
f 273//3756 2093//3756 1018//3756
f 273//3757 1983//3757 2093//3757
f 532//3758 1886//3758 2155//3758
f 2034//3759 2021//3759 1947//3759
f 216//3760 1810//3760 585//3760
f 1912//3761 543//3761 2014//3761
f 1390//3762 2051//3762 1537//3762
f 1872//3763 1873//3763 1910//3763
f 1984//3764 2045//3764 1214//3764
f 597//3765 1912//3765 1886//3765
f 1593//3766 2146//3766 2100//3766
f 2071//3767 2062//3767 2090//3767
f 2034//3768 2046//3768 1982//3768
f 2034//3769 1947//3769 2046//3769
f 1214//3770 2045//3770 2116//3770
f 1873//3771 1887//3771 1910//3771
f 1887//3772 1901//3772 1910//3772
f 1562//3773 1447//3773 1106//3773
f 2163//3774 431//3774 1957//3774
f 1948//3775 1972//3775 1936//3775
f 1972//3776 1948//3776 1992//3776
f 2014//3777 2015//3777 2013//3777
f 1853//3778 2014//3778 2013//3778
f 1550//3779 1884//3779 1853//3779
f 1947//3780 2468//3780 1994//3780
f 1355//3781 1550//3781 2154//3781
f 1355//3782 1884//3782 1550//3782
f 2081//3783 2108//3783 2128//3783
f 2024//3784 1965//3784 1492//3784
f 2024//3785 2032//3785 1965//3785
f 2116//3786 1604//3786 803//3786
f 1901//3787 1911//3787 1920//3787
f 1939//3788 1968//3788 1920//3788
f 1911//3789 1939//3789 1920//3789
f 872//3790 1626//3790 1666//3790
f 2062//3791 2091//3791 2120//3791
f 1819//3792 1927//3792 1759//3792
f 1021//3793 1674//3793 1780//3793
f 872//3794 1673//3794 1756//3794
f 1550//3795 501//3795 2171//3795
f 1378//3796 1550//3796 2171//3796
f 2146//3797 2162//3797 2145//3797
f 1358//3798 482//3798 192//3798
f 2109//3799 2120//3799 2119//3799
f 1866//3800 1872//3800 2227//3800
f 1391//3801 2012//3801 1860//3801
f 2136//3802 2137//3802 2161//3802
f 2162//3803 1661//3803 236//3803
f 1887//3804 1894//3804 1901//3804
f 1901//3805 1894//3805 1911//3805
f 505//3806 1707//3806 206//3806
f 2120//3807 2137//3807 2136//3807
f 2142//3808 2164//3808 1674//3808
f 1860//3809 2012//3809 1861//3809
f 1894//3810 1939//3810 1911//3810
f 2080//3811 2060//3811 2118//3811
f 2162//3812 236//3812 508//3812
f 2164//3813 1815//3813 1742//3813
f 1018//3814 2093//3814 1537//3814
f 2154//3815 1378//3815 2161//3815
f 2041//3816 2098//3816 2491//3816
f 2043//3817 2042//3817 2032//3817
f 1108//3818 1018//3818 1537//3818
f 1465//3819 2094//3819 1808//3819
f 502//3820 1643//3820 1661//3820
f 2467//3821 1618//3821 1656//3821
f 2119//3822 2136//3822 2135//3822
f 2119//3823 2108//3823 2071//3823
f 878//3824 1183//3824 1195//3824
f 2101//3825 1594//3825 1593//3825
f 2033//3826 2370//3826 2063//3826
f 2482//3827 2491//3827 2098//3827
f 1282//3828 2406//3828 1275//3828
f 2003//3829 1948//3829 1956//3829
f 2043//3830 2032//3830 2024//3830
f 2025//3831 2043//3831 2024//3831
f 2154//3832 1550//3832 1378//3832
f 1795//3833 2498//3833 1764//3833
f 2142//3834 1548//3834 2164//3834
f 2431//3835 2454//3835 2422//3835
f 1981//3836 2011//3836 1993//3836
f 2349//3837 2391//3837 2362//3837
f 502//3838 2162//3838 2146//3838
f 2025//3839 2024//3839 2360//3839
f 2129//3840 2120//3840 2091//3840
f 1732//3841 1985//3841 2007//3841
f 2171//3842 1308//3842 209//3842
f 1930//3843 1995//3843 2041//3843
f 1390//3844 1238//3844 2051//3844
f 1866//3845 1878//3845 1887//3845
f 1878//3846 1894//3846 1887//3846
f 1965//3847 2032//3847 2011//3847
f 874//3848 2480//3848 2492//3848
f 2071//3849 2108//3849 2069//3849
f 1358//3850 1731//3850 482//3850
f 430//3851 2021//3851 2034//3851
f 1965//3852 2003//3852 1964//3852
f 1855//3853 1889//3853 831//3853
f 1668//3854 1773//3854 2150//3854
f 1390//3855 2156//3855 1238//3855
f 898//3856 869//3856 1903//3856
f 2391//3857 2407//3857 2362//3857
f 2121//3858 2111//3858 2074//3858
f 1548//3859 1259//3859 2164//3859
f 2099//3860 2129//3860 2091//3860
f 1550//3861 1853//3861 501//3861
f 1853//3862 1852//3862 501//3862
f 952//3863 2017//3863 969//3863
f 2085//3864 2121//3864 2074//3864
f 2130//3865 2006//3865 1391//3865
f 2144//3866 1367//3866 543//3866
f 2100//3867 2146//3867 2099//3867
f 1545//3868 1319//3868 113//3868
f 1903//3869 1922//3869 898//3869
f 1922//3870 1931//3870 898//3870
f 585//3871 2170//3871 1641//3871
f 2007//3872 2017//3872 952//3872
f 2017//3873 2074//3873 969//3873
f 1558//3874 1753//3874 1813//3874
f 837//3875 2005//3875 1517//3875
f 2005//3876 2006//3876 2130//3876
f 1532//3877 1474//3877 1528//3877
f 2003//3878 1981//3878 1948//3878
f 2070//3879 2071//3879 2069//3879
f 1922//3880 919//3880 1931//3880
f 2017//3881 2085//3881 2074//3881
f 2085//3882 2104//3882 2121//3882
f 2100//3883 2099//3883 2082//3883
f 2156//3884 2110//3884 2034//3884
f 505//3885 2474//3885 2004//3885
f 1903//3886 871//3886 1922//3886
f 1922//3887 1952//3887 919//3887
f 919//3888 1952//3888 1985//3888
f 1985//3889 2001//3889 2007//3889
f 2001//3890 2036//3890 2017//3890
f 2007//3891 2001//3891 2017//3891
f 2017//3892 2036//3892 2085//3892
f 2036//3893 2047//3893 2085//3893
f 2047//3894 2075//3894 2085//3894
f 2075//3895 2104//3895 2085//3895
f 1948//3896 1993//3896 2023//3896
f 2400//3897 2422//3897 2407//3897
f 2011//3898 2070//3898 1993//3898
f 2033//3899 2043//3899 2025//3899
f 2012//3900 2015//3900 1698//3900
f 1876//3901 1338//3901 2165//3901
f 871//3902 1940//3902 1922//3902
f 1985//3903 1976//3903 2001//3903
f 2121//3904 2104//3904 2143//3904
f 1051//3905 1413//3905 1456//3905
f 2358//3906 1362//3906 2379//3906
f 1859//3907 1789//3907 1870//3907
f 2090//3908 2109//3908 2071//3908
f 1405//3909 1398//3909 1885//3909
f 1886//3910 1884//3910 1355//3910
f 1922//3911 1960//3911 1952//3911
f 1952//3912 1960//3912 1985//3912
f 1960//3913 1976//3913 1985//3913
f 1956//3914 1948//3914 1936//3914
f 2135//3915 209//3915 2128//3915
f 2157//3916 1875//3916 1212//3916
f 2160//3917 2168//3917 2169//3917
f 1900//3918 1461//3918 1918//3918
f 2001//3919 2018//3919 2036//3919
f 2075//3920 2086//3920 2104//3920
f 2111//3921 2142//3921 2103//3921
f 1937//3922 1956//3922 1936//3922
f 2023//3923 2070//3923 2061//3923
f 2135//3924 2128//3924 2108//3924
f 2042//3925 2071//3925 2011//3925
f 2138//3926 413//3926 2383//3926
f 2033//3927 2072//3927 2043//3927
f 1922//3928 1940//3928 1960//3928
f 2070//3929 2069//3929 2061//3929
f 2069//3930 2108//3930 2061//3930
f 2108//3931 2119//3931 2135//3931
f 1855//3932 1904//3932 1889//3932
f 1889//3933 1904//3933 871//3933
f 871//3934 1904//3934 1940//3934
f 1976//3935 2018//3935 2001//3935
f 2036//3936 2018//3936 2047//3936
f 2122//3937 2143//3937 2104//3937
f 216//3938 1642//3938 489//3938
f 2148//3939 984//3939 2143//3939
f 1975//3940 1974//3940 1967//3940
f 2157//3941 1683//3941 1516//3941
f 1614//3942 1593//3942 1594//3942
f 2269//3943 2270//3943 2276//3943
f 1926//3944 2147//3944 29//3944
f 2082//3945 2091//3945 2072//3945
f 430//3946 503//3946 2059//3946
f 1904//3947 1905//3947 1940//3947
f 1940//3948 1961//3948 1960//3948
f 1961//3949 1976//3949 1960//3949
f 2087//3950 2086//3950 2075//3950
f 2065//3951 2156//3951 1390//3951
f 1820//3952 1838//3952 1900//3952
f 534//3953 1308//3953 837//3953
f 2167//3954 273//3954 1018//3954
f 831//3955 1850//3955 1855//3955
f 2019//3956 2037//3956 2018//3956
f 2018//3957 2037//3957 2047//3957
f 2037//3958 2075//3958 2047//3958
f 2086//3959 2095//3959 2104//3959
f 2095//3960 2122//3960 2104//3960
f 2122//3961 2148//3961 2143//3961
f 1926//3962 1213//3962 1995//3962
f 1405//3963 1885//3963 1761//3963
f 2006//3964 2013//3964 2012//3964
f 2211//3965 2233//3965 2216//3965
f 1855//3966 1890//3966 1904//3966
f 1904//3967 1895//3967 1905//3967
f 1905//3968 1932//3968 1940//3968
f 1961//3969 1977//3969 1976//3969
f 1976//3970 1986//3970 2018//3970
f 2484//3971 2476//3971 1518//3971
f 1870//3972 1411//3972 1859//3972
f 1548//3973 2142//3973 2111//3973
f 1904//3974 1890//3974 1895//3974
f 1895//3975 1932//3975 1905//3975
f 1940//3976 1932//3976 1961//3976
f 1976//3977 1977//3977 1986//3977
f 1986//3978 2008//3978 2018//3978
f 2018//3979 2008//3979 2019//3979
f 2087//3980 2075//3980 2037//3980
f 2087//3981 2095//3981 2086//3981
f 2094//3982 1391//3982 1860//3982
f 1852//3983 1853//3983 2006//3983
f 1853//3984 2013//3984 2006//3984
f 929//3985 979//3985 850//3985
f 1855//3986 1874//3986 1890//3986
f 2008//3987 2028//3987 2019//3987
f 1993//3988 2070//3988 2023//3988
f 1705//3989 1799//3989 1998//3989
f 1491//3990 2147//3990 206//3990
f 1851//3991 1856//3991 1855//3991
f 1895//3992 1890//3992 1874//3992
f 2038//3993 2019//3993 2028//3993
f 2038//3994 2048//3994 2037//3994
f 2019//3995 2038//3995 2037//3995
f 2048//3996 2067//3996 2087//3996
f 2037//3997 2048//3997 2087//3997
f 2087//3998 2067//3998 2095//3998
f 2095//3999 2149//3999 2122//3999
f 2149//4000 2148//4000 2122//4000
f 1308//4001 2005//4001 837//4001
f 209//4002 1308//4002 1387//4002
f 1601//4003 2102//4003 1927//4003
f 254//4004 170//4004 201//4004
f 1800//4005 1403//4005 1763//4005
f 1510//4006 1346//4006 1740//4006
f 870//4007 871//4007 1903//4007
f 1919//4008 1650//4008 1619//4008
f 2148//4009 1667//4009 1753//4009
f 1932//4010 1923//4010 1961//4010
f 1977//4011 1953//4011 1986//4011
f 2067//4012 2112//4012 2095//4012
f 2112//4013 2149//4013 2095//4013
f 2148//4014 2149//4014 1667//4014
f 2422//4015 2421//4015 2407//4015
f 1926//4016 2026//4016 1213//4016
f 1912//4017 2144//4017 543//4017
f 2128//4018 1387//4018 2153//4018
f 1733//4019 1510//4019 1740//4019
f 990//4020 853//4020 2489//4020
f 503//4021 1214//4021 803//4021
f 1921//4022 431//4022 2163//4022
f 2146//4023 2145//4023 2129//4023
f 2144//4024 1921//4024 2163//4024
f 1855//4025 1856//4025 1874//4025
f 1895//4026 1923//4026 1932//4026
f 1923//4027 1941//4027 1961//4027
f 1961//4028 1941//4028 1977//4028
f 2048//4029 2076//4029 2067//4029
f 2076//4030 2113//4030 2067//4030
f 2067//4031 2113//4031 2112//4031
f 1723//4032 1900//4032 1937//4032
f 1870//4033 1900//4033 1723//4033
f 1367//4034 2163//4034 1338//4034
f 520//4035 1346//4035 1510//4035
f 1698//4036 1831//4036 1861//4036
f 1984//4037 1919//4037 2045//4037
f 1895//4038 1891//4038 1923//4038
f 2008//4039 1986//4039 2028//4039
f 1948//4040 1981//4040 1993//4040
f 1883//4041 1346//4041 520//4041
f 1883//4042 1814//4042 1346//4042
f 1930//4043 206//4043 2147//4043
f 2499//4044 2486//4044 1447//4044
f 1891//4045 1906//4045 1923//4045
f 1923//4046 1953//4046 1941//4046
f 1953//4047 1977//4047 1941//4047
f 1953//4048 1987//4048 1986//4048
f 2113//4049 2123//4049 2112//4049
f 2123//4050 2149//4050 2112//4050
f 1387//4051 1308//4051 1226//4051
f 1599//4052 1688//4052 1346//4052
f 2093//4053 1390//4053 1537//4053
f 2003//4054 2011//4054 1981//4054
f 1987//4055 2028//4055 1986//4055
f 2038//4056 2049//4056 2048//4056
f 2048//4057 2049//4057 2076//4057
f 1813//4058 1667//4058 2149//4058
f 2123//4059 1813//4059 2149//4059
f 1461//4060 1469//4060 1964//4060
f 1757//4061 1510//4061 1743//4061
f 505//4062 1930//4062 1999//4062
f 2223//4063 1784//4063 1789//4063
f 1532//4064 1522//4064 1651//4064
f 1906//4065 1913//4065 1923//4065
f 1913//4066 1943//4066 1923//4066
f 1943//4067 1942//4067 1923//4067
f 1923//4068 1942//4068 1953//4068
f 1942//4069 1987//4069 1953//4069
f 1308//4070 1852//4070 2005//4070
f 2053//4071 1814//4071 1883//4071
f 1733//4072 1740//4072 1541//4072
f 2154//4073 1886//4073 1355//4073
f 1503//4074 1528//4074 1474//4074
f 1874//4075 1879//4075 1895//4075
f 1895//4076 1879//4076 1891//4076
f 2076//4077 2124//4077 2113//4077
f 2113//4078 2124//4078 2123//4078
f 1896//4079 1891//4079 1879//4079
f 1891//4080 1896//4080 1906//4080
f 1942//4081 1962//4081 1987//4081
f 1962//4082 2009//4082 2028//4082
f 1987//4083 1962//4083 2028//4083
f 2009//4084 2038//4084 2028//4084
f 2109//4085 2119//4085 2071//4085
f 1918//4086 1956//4086 1937//4086
f 1851//4087 1864//4087 1856//4087
f 1896//4088 1897//4088 1906//4088
f 1906//4089 1897//4089 1913//4089
f 1943//4090 1962//4090 1942//4090
f 2049//4091 2077//4091 2076//4091
f 2124//4092 2125//4092 2123//4092
f 1930//4093 2147//4093 1926//4093
f 1902//4094 1894//4094 1878//4094
f 482//4095 1510//4095 1757//4095
f 2129//4096 2137//4096 2120//4096
f 503//4097 803//4097 2059//4097
f 1847//4098 1857//4098 1851//4098
f 1851//4099 1857//4099 1864//4099
f 2039//4100 2038//4100 2009//4100
f 2038//4101 2039//4101 2049//4101
f 2076//4102 2077//4102 2124//4102
f 2150//4103 1813//4103 2123//4103
f 482//4104 520//4104 1510//4104
f 1994//4105 1821//4105 2046//4105
f 2044//4106 2004//4106 1764//4106
f 1864//4107 1867//4107 1856//4107
f 1867//4108 1874//4108 1856//4108
f 1897//4109 1944//4109 1913//4109
f 1943//4110 1944//4110 1962//4110
f 2124//4111 2126//4111 2125//4111
f 2150//4112 2123//4112 2125//4112
f 2099//4113 2146//4113 2129//4113
f 2041//4114 1995//4114 2098//4114
f 1605//4115 1641//4115 2151//4115
f 1847//4116 1959//4116 1857//4116
f 1874//4117 1867//4117 1879//4117
f 1913//4118 1944//4118 1943//4118
f 1944//4119 1963//4119 1962//4119
f 2077//4120 2096//4120 2124//4120
f 2096//4121 2126//4121 2124//4121
f 2126//4122 2150//4122 2125//4122
f 941//4123 1650//4123 1919//4123
f 2135//4124 2136//4124 209//4124
f 1884//4125 1886//4125 2014//4125
f 2049//4126 2029//4126 2077//4126
f 1388//4127 2127//4127 1389//4127
f 1389//4128 2127//4128 1566//4128
f 1930//4129 1926//4129 1995//4129
f 941//4130 1919//4130 1316//4130
f 2110//4131 503//4131 430//4131
f 1867//4132 1880//4132 1879//4132
f 1879//4133 1880//4133 1896//4133
f 1897//4134 1907//4134 1944//4134
f 1963//4135 1978//4135 1962//4135
f 1962//4136 1978//4136 2009//4136
f 2039//4137 2029//4137 2049//4137
f 2077//4138 2078//4138 2096//4138
f 822//4139 823//4139 827//4139
f 2166//4140 1668//4140 2150//4140
f 81//4141 941//4141 1316//4141
f 2204//4142 2216//4142 2203//4142
f 2011//4143 2071//4143 2070//4143
f 1880//4144 1892//4144 1896//4144
f 1892//4145 1907//4145 1897//4145
f 1896//4146 1892//4146 1897//4146
f 1907//4147 1914//4147 1944//4147
f 1978//4148 2010//4148 2009//4148
f 2010//4149 2039//4149 2009//4149
f 1688//4150 1740//4150 1346//4150
f 1789//4151 1820//4151 1870//4151
f 2130//4152 1391//4152 2094//4152
f 1944//4153 1945//4153 1963//4153
f 2029//4154 2078//4154 2077//4154
f 1767//4155 2150//4155 2126//4155
f 1767//4156 2166//4156 2150//4156
f 803//4157 2022//4157 2467//4157
f 1503//4158 1927//4158 2102//4158
f 1914//4159 1954//4159 1944//4159
f 1944//4160 1954//4160 1945//4160
f 1963//4161 1970//4161 1978//4161
f 2078//4162 2105//4162 2096//4162
f 2105//4163 2126//4163 2096//4163
f 1965//4164 2011//4164 2003//4164
f 192//4165 1626//4165 1358//4165
f 2101//4166 1559//4166 1594//4166
f 1930//4167 2041//4167 1999//4167
f 1698//4168 1876//4168 2165//4168
f 1398//4169 1871//4169 891//4169
f 2165//4170 1338//4170 1681//4170
f 1970//4171 2010//4171 1978//4171
f 2010//4172 2030//4172 2029//4172
f 2039//4173 2010//4173 2029//4173
f 2030//4174 2055//4174 2078//4174
f 2029//4175 2030//4175 2078//4175
f 1849//4176 1848//4176 2175//4176
f 1871//4177 1862//4177 891//4177
f 543//4178 2015//4178 2014//4178
f 1857//4179 1858//4179 1864//4179
f 1864//4180 1858//4180 1867//4180
f 1963//4181 1945//4181 1970//4181
f 2055//4182 2088//4182 2078//4182
f 2078//4183 2088//4183 2105//4183
f 2105//4184 2131//4184 2126//4184
f 2126//4185 2131//4185 1767//4185
f 2063//4186 2083//4186 2033//4186
f 2161//4187 2171//4187 209//4187
f 2032//4188 2042//4188 2011//4188
f 1813//4189 2150//4189 1773//4189
f 1914//4190 1908//4190 1954//4190
f 1970//4191 1979//4191 2010//4191
f 2088//4192 2131//4192 2105//4192
f 2015//4193 543//4193 1876//4193
f 1694//4194 1692//4194 1048//4194
f 1395//4195 2207//4195 1859//4195
f 1395//4196 1393//4196 2207//4196
f 1730//4197 1784//4197 1736//4197
f 2500//4198 2466//4198 2470//4198
f 1709//4199 1701//4199 1757//4199
f 1945//4200 1979//4200 1970//4200
f 2030//4201 2050//4201 2055//4201
f 2350//4202 2317//4202 2286//4202
f 2154//4203 2155//4203 1886//4203
f 871//4204 860//4204 1889//4204
f 2161//4205 209//4205 2136//4205
f 2497//4206 2463//4206 2493//4206
f 2190//4207 2204//4207 2203//4207
f 1800//4208 2179//4208 1404//4208
f 2477//4209 2469//4209 1385//4209
f 1385//4210 1715//4210 2477//4210
f 2128//4211 209//4211 1387//4211
f 1858//4212 1868//4212 1867//4212
f 1867//4213 1881//4213 1880//4213
f 1893//4214 1892//4214 1880//4214
f 1881//4215 1893//4215 1880//4215
f 1893//4216 1907//4216 1892//4216
f 1907//4217 1908//4217 1914//4217
f 1954//4218 1979//4218 1945//4218
f 1979//4219 1980//4219 2010//4219
f 2131//4220 2159//4220 1767//4220
f 1765//4221 93//4221 339//4221
f 1761//4222 1877//4222 1405//4222
f 523//4223 1347//4223 515//4223
f 1541//4224 2157//4224 1738//4224
f 2144//4225 2163//4225 1367//4225
f 1380//4226 1389//4226 1566//4226
f 2317//4227 2392//4227 2316//4227
f 1994//4228 2498//4228 1801//4228
f 1867//4229 1868//4229 1881//4229
f 1980//4230 2050//4230 2030//4230
f 2010//4231 1980//4231 2030//4231
f 2050//4232 2089//4232 2055//4232
f 2055//4233 2089//4233 2088//4233
f 2088//4234 2114//4234 2131//4234
f 1538//4235 1651//4235 1659//4235
f 2145//4236 2155//4236 2129//4236
f 2140//4237 29//4237 1928//4237
f 2370//4238 2033//4238 2025//4238
f 2252//4239 2239//4239 2240//4239
f 2239//4240 2252//4240 1862//4240
f 2392//4241 2391//4241 2316//4241
f 2469//4242 2501//4242 1385//4242
f 2477//4243 1715//4243 1710//4243
f 502//4244 1614//4244 1643//4244
f 2438//4245 1227//4245 2431//4245
f 1915//4246 1907//4246 1893//4246
f 1915//4247 1908//4247 1907//4247
f 1954//4248 1908//4248 1979//4248
f 1908//4249 1988//4249 1979//4249
f 1979//4250 1988//4250 1980//4250
f 2114//4251 2159//4251 2131//4251
f 2155//4252 2154//4252 2129//4252
f 508//4253 1966//4253 2144//4253
f 872//4254 1756//4254 1626//4254
f 1710//4255 1715//4255 1505//4255
f 236//4256 1966//4256 508//4256
f 2272//4257 2284//4257 1398//4257
f 2325//4258 2355//4258 2319//4258
f 1548//4259 2121//4259 1779//4259
f 1532//4260 1528//4260 1522//4260
f 1980//4261 2056//4261 2050//4261
f 2050//4262 2056//4262 2089//4262
f 2013//4263 2015//4263 2012//4263
f 1964//4264 2003//4264 1956//4264
f 2006//4265 2012//4265 1391//4265
f 1565//4266 1927//4266 1503//4266
f 2244//4267 2243//4267 2226//4267
f 5//4268 1715//4268 1385//4268
f 1858//4269 1848//4269 1868//4269
f 1915//4270 1946//4270 1908//4270
f 1946//4271 1988//4271 1908//4271
f 1980//4272 2020//4272 2056//4272
f 2115//4273 2159//4273 2114//4273
f 2092//4274 2083//4274 2063//4274
f 1398//4275 2284//4275 1687//4275
f 2162//4276 2155//4276 2145//4276
f 519//4277 2475//4277 2488//4277
f 2158//4278 5//4278 1385//4278
f 5//4279 1505//4279 1715//4279
f 1692//4280 1694//4280 1505//4280
f 1988//4281 2020//4281 1980//4281
f 2115//4282 2169//4282 2159//4282
f 2169//4283 2168//4283 2159//4283
f 2083//4284 2082//4284 2072//4284
f 1316//4285 1984//4285 1983//4285
f 1488//4286 1619//4286 1650//4286
f 2083//4287 2072//4287 2033//4287
f 2361//4288 1210//4288 1233//4288
f 1933//4289 1946//4289 1915//4289
f 2056//4290 2079//4290 2089//4290
f 2088//4291 2115//4291 2114//4291
f 2099//4292 2091//4292 2082//4292
f 2162//4293 532//4293 2155//4293
f 1852//4294 2006//4294 2005//4294
f 2023//4295 2061//4295 2052//4295
f 2176//4296 2184//4296 2175//4296
f 2162//4297 985//4297 532//4297
f 1909//4298 1893//4298 1881//4298
f 1909//4299 1915//4299 1893//4299
f 1988//4300 2040//4300 2020//4300
f 2040//4301 2056//4301 2020//4301
f 2089//4302 2079//4302 2088//4302
f 2088//4303 2079//4303 2115//4303
f 1782//4304 1444//4304 1882//4304
f 1216//4305 1215//4305 2320//4305
f 867//4306 1939//4306 1894//4306
f 867//4307 903//4307 1939//4307
f 1372//4308 2398//4308 1379//4308
f 1863//4309 504//4309 2027//4309
f 2158//4310 1385//4310 504//4310
f 1868//4311 1782//4311 1881//4311
f 1909//4312 1933//4312 1915//4312
f 2040//4313 1988//4313 1946//4313
f 1481//4314 2024//4314 1492//4314
f 2120//4315 2136//4315 2119//4315
f 1522//4316 1528//4316 1518//4316
f 1871//4317 1398//4317 1405//4317
f 1221//4318 1408//4318 1399//4318
f 1357//4319 5//4319 2158//4319
f 2179//4320 1800//4320 1763//4320
f 1868//4321 1865//4321 1782//4321
f 1882//4322 1881//4322 1782//4322
f 1882//4323 1909//4323 1881//4323
f 2040//4324 2057//4324 2056//4324
f 2106//4325 2079//4325 2056//4325
f 2057//4326 2106//4326 2056//4326
f 2106//4327 2132//4327 2079//4327
f 2132//4328 2115//4328 2079//4328
f 2115//4329 2132//4329 2169//4329
f 532//4330 985//4330 597//4330
f 2092//4331 2100//4331 2082//4331
f 1210//4332 1221//4332 1399//4332
f 1399//4333 1233//4333 1210//4333
f 2130//4334 2002//4334 1517//4334
f 1849//4335 1865//4335 1868//4335
f 1933//4336 2040//4336 1946//4336
f 52//4337 1269//4337 30//4337
f 1667//4338 1813//4338 1753//4338
f 1997//4339 1380//4339 1673//4339
f 940//4340 1008//4340 1088//4340
f 1947//4341 1994//4341 2046//4341
f 1882//4342 1916//4342 1909//4342
f 1924//4343 1933//4343 1909//4343
f 1533//4344 2040//4344 1933//4344
f 1533//4345 1534//4345 2040//4345
f 2058//4346 2040//4346 1534//4346
f 2058//4347 2057//4347 2040//4347
f 1238//4348 191//4348 1768//4348
f 1997//4349 1389//4349 1380//4349
f 1875//4350 1541//4350 1554//4350
f 1854//4351 504//4351 1863//4351
f 1854//4352 2158//4352 504//4352
f 2396//4353 1275//4353 2406//4353
f 2426//4354 2443//4354 153//4354
f 1916//4355 1924//4355 1909//4355
f 1925//4356 1935//4356 1934//4356
f 1870//4357 1723//4357 1426//4357
f 2058//4358 2097//4358 2057//4358
f 2097//4359 2106//4359 2057//4359
f 2132//4360 2151//4360 2169//4360
f 2151//4361 2160//4361 2169//4361
f 1106//4362 1635//4362 1562//4362
f 1957//4363 1768//4363 1681//4363
f 1957//4364 2051//4364 1768//4364
f 526//4365 535//4365 33//4365
f 1614//4366 1594//4366 1609//4366
f 2233//4367 2229//4367 2216//4367
f 2496//4368 2027//4368 2084//4368
f 2496//4369 1863//4369 2027//4369
f 2117//4370 1854//4370 1863//4370
f 2016//4371 2158//4371 1854//4371
f 2016//4372 1504//4372 1357//4372
f 2158//4373 2016//4373 1357//4373
f 1114//4374 236//4374 1661//4374
f 2129//4375 2154//4375 2137//4375
f 2133//4376 2106//4376 2097//4376
f 2491//4377 1999//4377 2041//4377
f 2051//4378 1238//4378 1768//4378
f 2061//4379 2108//4379 2081//4379
f 2189//4380 2195//4380 2186//4380
f 2348//4381 2349//4381 2362//4381
f 1701//4382 192//4382 482//4382
f 505//4383 1737//4383 1707//4383
f 2133//4384 2132//4384 2106//4384
f 2132//4385 2133//4385 2151//4385
f 2151//4386 2170//4386 2160//4386
f 502//4387 1661//4387 2162//4387
f 1998//4388 1389//4388 1997//4388
f 2297//4389 2352//4389 2329//4389
f 2352//4390 2364//4390 2329//4390
f 2394//4391 2414//4391 2364//4391
f 2352//4392 2394//4392 2364//4392
f 2402//4393 512//4393 2415//4393
f 2255//4394 2254//4394 2243//4394
f 2446//4395 1365//4395 2456//4395
f 2271//4396 2282//4396 2298//4396
f 846//4397 2283//4397 2264//4397
f 2293//4398 2310//4398 2318//4398
f 2254//4399 2295//4399 2294//4399
f 2283//4400 2290//4400 2278//4400
f 2270//4401 2294//4401 2293//4401
f 2423//4402 2455//4402 2400//4402
f 2281//4403 2287//4403 2267//4403
f 2190//4404 2191//4404 2204//4404
f 2271//4405 2263//4405 2282//4405
f 2334//4406 2329//4406 2364//4406
f 2424//4407 2432//4407 2409//4407
f 2282//4408 2263//4408 2298//4408
f 1409//4409 1659//4409 1958//4409
f 2263//4410 2302//4410 2298//4410
f 2297//4411 2329//4411 2296//4411
f 1256//4412 446//4412 2346//4412
f 1958//4413 2502//4413 2478//4413
f 2437//4414 2399//4414 2444//4414
f 263//4415 2366//4415 2359//4415
f 849//4416 827//4416 823//4416
f 2311//4417 2325//4417 2290//4417
f 2499//4418 2379//4418 2434//4418
f 2446//4419 2456//4419 2423//4419
f 947//4420 2358//4420 2379//4420
f 2499//4421 947//4421 2379//4421
f 2205//4422 2195//4422 2212//4422
f 2245//4423 2237//4423 2227//4423
f 2245//4424 2256//4424 2237//4424
f 2256//4425 2263//4425 2271//4425
f 556//4426 571//4426 2305//4426
f 1528//4427 2068//4427 1518//4427
f 2424//4428 2439//4428 2432//4428
f 2302//4429 2352//4429 2297//4429
f 1866//4430 2237//4430 826//4430
f 2248//4431 2242//4431 2211//4431
f 2334//4432 2364//4432 2363//4432
f 2235//4433 2244//4433 2226//4433
f 2255//4434 2295//4434 2254//4434
f 2329//4435 2324//4435 2296//4435
f 2439//4436 2447//4436 1973//4436
f 2329//4437 2334//4437 2324//4437
f 2409//4438 2432//4438 2414//4438
f 2293//4439 2318//4439 2276//4439
f 866//4440 2425//4440 2416//4440
f 1487//4441 1493//4441 2372//4441
f 2237//4442 2231//4442 2230//4442
f 2415//4443 512//4443 17//4443
f 2035//4444 1236//4444 26//4444
f 921//4445 2138//4445 688//4445
f 2491//4446 2482//4446 2462//4446
f 6//4447 181//4447 197//4447
f 2481//4448 948//4448 1795//4448
f 2138//4449 2383//4449 2382//4449
f 2377//4450 2394//4450 2352//4450
f 2377//4451 506//4451 2394//4451
f 2394//4452 506//4452 2402//4452
f 2401//4453 2402//4453 2415//4453
f 2394//4454 2402//4454 2401//4454
f 2318//4455 2326//4455 2276//4455
f 2439//4456 2457//4456 2432//4456
f 2298//4457 2302//4457 2297//4457
f 2244//4458 2249//4458 2243//4458
f 2404//4459 1100//4459 2382//4459
f 2238//4460 2245//4460 2227//4460
f 2245//4461 2257//4461 2256//4461
f 2257//4462 2263//4462 2256//4462
f 2324//4463 2334//4463 2328//4463
f 2257//4464 2289//4464 2263//4464
f 2289//4465 2302//4465 2263//4465
f 2236//4466 2231//4466 2250//4466
f 2138//4467 2382//4467 688//4467
f 2383//4468 2404//4468 2382//4468
f 1100//4469 2404//4469 2343//4469
f 2353//4470 2352//4470 2302//4470
f 2353//4471 2377//4471 2352//4471
f 2237//4472 2230//4472 2220//4472
f 2335//4473 2355//4473 2325//4473
f 2308//4474 2340//4474 2315//4474
f 2253//4475 2269//4475 2276//4475
f 2311//4476 2335//4476 2325//4476
f 2439//4477 2424//4477 511//4477
f 2268//4478 2267//4478 2248//4478
f 2383//4479 413//4479 2404//4479
f 123//4480 971//4480 832//4480
f 2234//4481 2243//4481 2269//4481
f 2225//4482 2213//4482 2234//4482
f 2219//4483 2213//4483 2225//4483
f 2195//4484 2196//4484 2212//4484
f 1544//4485 2418//4485 1549//4485
f 413//4486 866//4486 2404//4486
f 2404//4487 866//4487 2416//4487
f 2416//4488 2417//4488 2404//4488
f 2404//4489 2417//4489 2343//4489
f 2415//4490 2409//4490 2401//4490
f 2196//4491 2219//4491 2212//4491
f 2268//4492 2248//4492 2218//4492
f 2206//4493 2214//4493 2197//4493
f 2417//4494 2332//4494 2343//4494
f 2343//4495 2332//4495 832//4495
f 2330//4496 2302//4496 2289//4496
f 2330//4497 2353//4497 2302//4497
f 2453//4498 2454//4498 515//4498
f 2218//4499 2248//4499 2217//4499
f 2218//4500 2217//4500 2205//4500
f 2276//4501 2281//4501 2268//4501
f 2178//4502 2197//4502 2177//4502
f 2197//4503 2189//4503 2177//4503
f 2332//4504 2066//4504 832//4504
f 832//4505 2066//4505 123//4505
f 2231//4506 2236//4506 2230//4506
f 669//4507 950//4507 1144//4507
f 2217//4508 2211//4508 2199//4508
f 1216//4509 1209//4509 1217//4509
f 2066//4510 2365//4510 123//4510
f 2230//4511 2226//4511 2214//4511
f 2290//4512 2325//4512 2304//4512
f 2325//4513 2319//4513 2304//4513
f 2217//4514 2248//4514 2211//4514
f 2191//4515 2192//4515 2199//4515
f 510//4516 525//4516 2035//4516
f 2417//4517 1917//4517 2332//4517
f 2332//4518 1917//4518 2066//4518
f 2408//4519 2413//4519 2341//4519
f 2248//4520 2267//4520 2242//4520
f 2326//4521 2333//4521 2281//4521
f 1340//4522 2365//4522 2066//4522
f 2440//4523 1302//4523 1340//4523
f 2226//4524 2230//4524 2235//4524
f 1153//4525 1163//4525 1116//4525
f 2431//4526 2455//4526 2438//4526
f 2416//4527 2425//4527 2417//4527
f 2495//4528 2474//4528 2462//4528
f 2290//4529 2304//4529 2277//4529
f 825//4530 2227//4530 1872//4530
f 151//4531 239//4531 1038//4531
f 9//4532 151//4532 1038//4532
f 545//4533 928//4533 2381//4533
f 2440//4534 2406//4534 1384//4534
f 928//4535 1596//4535 2381//4535
f 2186//4536 2188//4536 2185//4536
f 2456//4537 26//4537 1888//4537
f 2287//4538 2333//4538 2262//4538
f 2425//4539 2342//4539 2417//4539
f 2342//4540 1917//4540 2417//4540
f 1917//4541 877//4541 2066//4541
f 2336//4542 1340//4542 2066//4542
f 2336//4543 2440//4543 1340//4543
f 2328//4544 2351//4544 2327//4544
f 825//4545 2238//4545 2227//4545
f 2351//4546 2368//4546 2327//4546
f 1222//4547 2388//4547 1211//4547
f 678//4548 756//4548 734//4548
f 428//4549 263//4549 1343//4549
f 2188//4550 2191//4550 2190//4550
f 2341//4551 2376//4551 2333//4551
f 2066//4552 877//4552 2336//4552
f 2290//4553 2277//4553 2278//4553
f 739//4554 634//4554 592//4554
f 675//4555 304//4555 14//4555
f 2384//4556 675//4556 14//4556
f 2199//4557 2211//4557 2204//4557
f 2191//4558 2199//4558 2204//4558
f 2322//4559 2318//4559 2310//4559
f 2287//4560 2262//4560 2233//4560
f 2185//4561 2188//4561 2184//4561
f 2386//4562 2425//4562 845//4562
f 2384//4563 572//4563 675//4563
f 1128//4564 123//4564 2365//4564
f 832//4565 971//4565 2343//4565
f 2188//4566 2186//4566 2191//4566
f 2185//4567 2184//4567 2176//4567
f 2345//4568 1917//4568 2342//4568
f 2345//4569 877//4569 1917//4569
f 2336//4570 2406//4570 2440//4570
f 971//4571 1100//4571 2343//4571
f 2299//4572 2289//4572 2257//4572
f 2299//4573 2303//4573 2289//4573
f 2249//4574 2255//4574 2243//4574
f 506//4575 513//4575 512//4575
f 2437//4576 955//4576 1219//4576
f 1587//4577 2398//4577 1324//4577
f 877//4578 2396//4578 2336//4578
f 2336//4579 2396//4579 2406//4579
f 2463//4580 2479//4580 879//4580
f 2376//4581 2412//4581 2350//4581
f 2281//4582 2267//4582 2268//4582
f 2303//4583 2330//4583 2289//4583
f 624//4584 635//4584 159//4584
f 1996//4585 2356//4585 1561//4585
f 2449//4586 2436//4586 1996//4586
f 2356//4587 2054//4587 2451//4587
f 928//4588 2398//4588 1587//4588
f 2333//4589 2350//4589 2262//4589
f 2035//4590 26//4590 2456//4590
f 2346//4591 2342//4591 2425//4591
f 2346//4592 2345//4592 2342//4592
f 1544//4593 2380//4593 2418//4593
f 2412//4594 2392//4594 2350//4594
f 622//4595 509//4595 1151//4595
f 2436//4596 2054//4596 1996//4596
f 545//4597 2451//4597 928//4597
f 2326//4598 2341//4598 2333//4598
f 2346//4599 2425//4599 2386//4599
f 1365//4600 2035//4600 2456//4600
f 2369//4601 2377//4601 2353//4601
f 2369//4602 506//4602 2377//4602
f 2451//4603 900//4603 928//4603
f 900//4604 2398//4604 928//4604
f 1235//4605 1888//4605 1244//4605
f 2337//4606 2345//4606 2346//4606
f 877//4607 772//4607 2396//4607
f 772//4608 1275//4608 2396//4608
f 2432//4609 2446//4609 2414//4609
f 2294//4610 2295//4610 2310//4610
f 2369//4611 2330//4611 828//4611
f 2418//4612 2419//4612 2436//4612
f 2450//4613 2429//4613 2436//4613
f 2436//4614 2429//4614 2054//4614
f 2490//4615 2494//4615 1656//4615
f 1321//4616 155//4616 2338//4616
f 1256//4617 2346//4617 2386//4617
f 2448//4618 877//4618 2345//4618
f 877//4619 2448//4619 772//4619
f 2446//4620 2423//4620 2414//4620
f 2351//4621 2334//4621 2363//4621
f 2243//4622 2254//4622 2269//4622
f 2380//4623 2419//4623 2418//4623
f 2419//4624 2450//4624 2436//4624
f 2283//4625 2278//4625 2264//4625
f 822//4626 2197//4626 823//4626
f 1008//4627 1759//4627 1565//4627
f 2448//4628 2345//4628 2337//4628
f 2270//4629 2293//4629 2276//4629
f 2323//4630 2324//4630 2328//4630
f 2429//4631 1012//4631 2054//4631
f 2226//4632 2243//4632 2213//4632
f 2395//4633 325//4633 772//4633
f 2370//4634 2367//4634 2380//4634
f 2054//4635 2435//4635 2451//4635
f 2435//4636 2397//4636 2451//4636
f 2451//4637 2397//4637 900//4637
f 1774//4638 1974//4638 1975//4638
f 2305//4639 2290//4639 2283//4639
f 846//4640 2305//4640 2283//4640
f 2320//4641 1215//4641 2285//4641
f 2139//4642 2448//4642 2337//4642
f 2448//4643 2395//4643 772//4643
f 1232//4644 1231//4644 1216//4644
f 2272//4645 2285//4645 2284//4645
f 2367//4646 2371//4646 2380//4646
f 2371//4647 2405//4647 2380//4647
f 2380//4648 2405//4648 2419//4648
f 2419//4649 2429//4649 2450//4649
f 2429//4650 176//4650 1012//4650
f 2397//4651 2373//4651 900//4651
f 2373//4652 2398//4652 900//4652
f 2373//4653 1379//4653 2398//4653
f 2372//4654 1500//4654 1508//4654
f 1133//4655 1303//4655 1142//4655
f 2252//4656 2273//4656 2272//4656
f 891//4657 2252//4657 2272//4657
f 2419//4658 2405//4658 2429//4658
f 2405//4659 2430//4659 2429//4659
f 2429//4660 2430//4660 176//4660
f 2189//4661 2186//4661 2181//4661
f 2212//4662 2219//4662 2218//4662
f 2312//4663 2139//4663 2337//4663
f 2139//4664 2384//4664 2448//4664
f 2448//4665 2384//4665 2395//4665
f 899//4666 855//4666 843//4666
f 2272//4667 2273//4667 2285//4667
f 2331//4668 2303//4668 2299//4668
f 176//4669 2435//4669 2054//4669
f 1012//4670 176//4670 2054//4670
f 2177//4671 2185//4671 2176//4671
f 2218//4672 2219//4672 2225//4672
f 1216//4673 1220//4673 1215//4673
f 2378//4674 2139//4674 2312//4674
f 2384//4675 14//4675 2395//4675
f 2324//4676 2295//4676 2255//4676
f 2240//4677 2273//4677 2252//4677
f 2371//4678 2387//4678 2405//4678
f 2410//4679 2430//4679 2405//4679
f 2430//4680 2442//4680 176//4680
f 2435//4681 2344//4681 2397//4681
f 2397//4682 2344//4682 2373//4682
f 2456//4683 1888//4683 2455//4683
f 2242//4684 2267//4684 2233//4684
f 2233//4685 2262//4685 2229//4685
f 2378//4686 2384//4686 2139//4686
f 2323//4687 2310//4687 2295//4687
f 2323//4688 2322//4688 2310//4688
f 2240//4689 2274//4689 2273//4689
f 974//4690 841//4690 990//4690
f 2490//4691 1447//4691 2486//4691
f 2387//4692 2410//4692 2405//4692
f 2442//4693 2141//4693 176//4693
f 2344//4694 1778//4694 2373//4694
f 972//4695 1379//4695 2373//4695
f 1778//4696 972//4696 2373//4696
f 1379//4697 972//4697 428//4697
f 1211//4698 2437//4698 1223//4698
f 1228//4699 1215//4699 1220//4699
f 702//4700 2378//4700 2312//4700
f 17//4701 518//4701 2415//4701
f 1888//4702 26//4702 1244//4702
f 2324//4703 2323//4703 2295//4703
f 2305//4704 2311//4704 2290//4704
f 2307//4705 2285//4705 2273//4705
f 2274//4706 2307//4706 2273//4706
f 2307//4707 2320//4707 2285//4707
f 2369//4708 531//4708 506//4708
f 2435//4709 2258//4709 2344//4709
f 2296//4710 2324//4710 2288//4710
f 1233//4711 1217//4711 2361//4711
f 2360//4712 2371//4712 2367//4712
f 2410//4713 2442//4713 2430//4713
f 176//4714 2141//4714 2258//4714
f 176//4715 2258//4715 2435//4715
f 539//4716 2331//4716 66//4716
f 2350//4717 2392//4717 2317//4717
f 2268//4718 2225//4718 2253//4718
f 1508//4719 1500//4719 2371//4719
f 2360//4720 1508//4720 2371//4720
f 2371//4721 1500//4721 2387//4721
f 972//4722 2366//4722 428//4722
f 1626//4723 1686//4723 1358//4723
f 1759//4724 1807//4724 1819//4724
f 2277//4725 2257//4725 2245//4725
f 2277//4726 2299//4726 2257//4726
f 1784//4727 2228//4727 1736//4727
f 2265//4728 2240//4728 1736//4728
f 2228//4729 2265//4729 1736//4729
f 2265//4730 2274//4730 2240//4730
f 1209//4731 2320//4731 2307//4731
f 2320//4732 1209//4732 1216//4732
f 1555//4733 1584//4733 1560//4733
f 2387//4734 1500//4734 2372//4734
f 2410//4735 2420//4735 2442//4735
f 2433//4736 972//4736 1778//4736
f 2433//4737 2366//4737 972//4737
f 955//4738 522//4738 1225//4738
f 2339//4739 2307//4739 2274//4739
f 2372//4740 1493//4740 2387//4740
f 2411//4741 2420//4741 2410//4741
f 2420//4742 954//4742 2442//4742
f 2442//4743 954//4743 2141//4743
f 2344//4744 2433//4744 1778//4744
f 2205//4745 2212//4745 2218//4745
f 2328//4746 2334//4746 2351//4746
f 2394//4747 2401//4747 2414//4747
f 2250//4748 2256//4748 2271//4748
f 2339//4749 1209//4749 2307//4749
f 2328//4750 2322//4750 2323//4750
f 866//4751 845//4751 2425//4751
f 3//4752 316//4752 893//4752
f 2387//4753 2411//4753 2410//4753
f 2441//4754 2141//4754 954//4754
f 2141//4755 2441//4755 2258//4755
f 2354//4756 2433//4756 2344//4756
f 2254//4757 2294//4757 2270//4757
f 2269//4758 2254//4758 2270//4758
f 863//4759 2305//4759 846//4759
f 2441//4760 2354//4760 2258//4760
f 2258//4761 2354//4761 2344//4761
f 2319//4762 2355//4762 51//4762
f 2223//4763 2228//4763 1784//4763
f 1493//4764 2411//4764 2387//4764
f 1560//4765 2449//4765 1555//4765
f 2288//4766 2324//4766 2255//4766
f 825//4767 2251//4767 2238//4767
f 2251//4768 2245//4768 2238//4768
f 1299//4769 84//4769 1312//4769
f 2246//4770 2265//4770 2228//4770
f 2313//4771 2274//4771 2265//4771
f 2313//4772 2339//4772 2274//4772
f 2251//4773 2277//4773 2245//4773
f 2319//4774 51//4774 2331//4774
f 891//4775 1862//4775 2252//4775
f 2443//4776 954//4776 2420//4776
f 2443//4777 2441//4777 954//4777
f 511//4778 2447//4778 2439//4778
f 2242//4779 2233//4779 2211//4779
f 188//4780 15//4780 814//4780
f 2443//4781 2426//4781 2441//4781
f 2426//4782 2354//4782 2441//4782
f 2306//4783 2403//4783 2433//4783
f 2433//4784 2403//4784 2366//4784
f 539//4785 2303//4785 2331//4785
f 2246//4786 2228//4786 2223//4786
f 1030//4787 1819//4787 1807//4787
f 2354//4788 2306//4788 2433//4788
f 2413//4789 2412//4789 2376//4789
f 2438//4790 2455//4790 1888//4790
f 1848//4791 1857//4791 2176//4791
f 2207//4792 2208//4792 2223//4792
f 2208//4793 2246//4793 2223//4793
f 1209//4794 2339//4794 1217//4794
f 2339//4795 2361//4795 1217//4795
f 1221//4796 1210//4796 2388//4796
f 554//4797 109//4797 78//4797
f 386//4798 1375//4798 95//4798
f 2327//4799 2326//4799 2318//4799
f 2179//4800 2182//4800 1393//4800
f 2182//4801 2208//4801 1393//4801
f 1393//4802 2208//4802 2207//4802
f 2361//4803 2399//4803 2388//4803
f 2388//4804 2399//4804 1211//4804
f 2306//4805 2354//4805 2426//4805
f 2403//4806 2359//4806 2366//4806
f 2214//4807 2226//4807 2213//4807
f 2268//4808 2253//4808 2276//4808
f 889//4809 2200//4809 2179//4809
f 2200//4810 2182//4810 2179//4810
f 2200//4811 2221//4811 2182//4811
f 2221//4812 2208//4812 2182//4812
f 2314//4813 2265//4813 2246//4813
f 2314//4814 2313//4814 2265//4814
f 2339//4815 2374//4815 2361//4815
f 2478//4816 2434//4816 2379//4816
f 2205//4817 2217//4817 2199//4817
f 2208//4818 2259//4818 2246//4818
f 2259//4819 2275//4819 2246//4819
f 2314//4820 2321//4820 2313//4820
f 2313//4821 2347//4821 2339//4821
f 2347//4822 2374//4822 2339//4822
f 2374//4823 2399//4823 2361//4823
f 153//4824 154//4824 2426//4824
f 154//4825 2306//4825 2426//4825
f 2385//4826 2359//4826 2403//4826
f 2221//4827 2259//4827 2208//4827
f 2306//4828 2357//4828 2403//4828
f 2357//4829 2385//4829 2403//4829
f 2237//4830 2256//4830 2231//4830
f 2172//4831 2180//4831 889//4831
f 2180//4832 2200//4832 889//4832
f 2200//4833 2201//4833 2221//4833
f 2246//4834 2291//4834 2314//4834
f 2374//4835 2444//4835 2399//4835
f 571//4836 555//4836 2311//4836
f 2192//4837 2205//4837 2199//4837
f 2173//4838 2180//4838 2172//4838
f 2279//4839 2246//4839 2275//4839
f 2279//4840 2291//4840 2246//4840
f 2292//4841 2314//4841 2291//4841
f 2321//4842 2362//4842 2313//4842
f 2362//4843 2347//4843 2313//4843
f 2347//4844 2389//4844 2374//4844
f 2444//4845 955//4845 2437//4845
f 2292//4846 2291//4846 2279//4846
f 2452//4847 2444//4847 2374//4847
f 2054//4848 2356//4848 1996//4848
f 2338//4849 2306//4849 154//4849
f 2186//4850 2192//4850 2191//4850
f 2193//4851 2201//4851 2200//4851
f 2259//4852 2221//4852 2201//4852
f 2247//4853 2259//4853 2201//4853
f 2452//4854 955//4854 2444//4854
f 2278//4855 2277//4855 2251//4855
f 2338//4856 2357//4856 2306//4856
f 2181//4857 2186//4857 2185//4857
f 2276//4858 2326//4858 2281//4858
f 2432//4859 2457//4859 2446//4859
f 2198//4860 2201//4860 2193//4860
f 2198//4861 2232//4861 2201//4861
f 2232//4862 2247//4862 2201//4862
f 2389//4863 2452//4863 2374//4863
f 2452//4864 1630//4864 955//4864
f 1403//4865 1749//4865 1444//4865
f 1555//4866 1996//4866 1561//4866
f 2357//4867 2427//4867 2385//4867
f 2385//4868 2428//4868 230//4868
f 2409//4869 2415//4869 2424//4869
f 2304//4870 2331//4870 2299//4870
f 2193//4871 2200//4871 2180//4871
f 2445//4872 2452//4872 2389//4872
f 1565//4873 1759//4873 1927//4873
f 2380//4874 1544//4874 2370//4874
f 2338//4875 2427//4875 2357//4875
f 2427//4876 2428//4876 2385//4876
f 230//4877 222//4877 253//4877
f 2202//4878 2198//4878 2193//4878
f 2202//4879 2209//4879 2198//4879
f 2209//4880 2241//4880 2198//4880
f 2241//4881 2232//4881 2198//4881
f 2266//4882 2275//4882 2259//4882
f 2365//4883 1340//4883 1128//4883
f 2415//4884 518//4884 2424//4884
f 2338//4885 170//4885 2427//4885
f 170//4886 2428//4886 2427//4886
f 2181//4887 2185//4887 2177//4887
f 2196//4888 2195//4888 2189//4888
f 2183//4889 2193//4889 2180//4889
f 2453//4890 1630//4890 2452//4890
f 2197//4891 2214//4891 2189//4891
f 2401//4892 2409//4892 2414//4892
f 822//4893 2220//4893 2197//4893
f 1210//4894 2361//4894 2388//4894
f 2187//4895 2193//4895 2183//4895
f 2187//4896 2202//4896 2193//4896
f 2266//4897 2279//4897 2275//4897
f 2279//4898 2300//4898 2292//4898
f 2375//4899 2347//4899 2362//4899
f 2375//4900 2390//4900 2347//4900
f 2390//4901 2389//4901 2347//4901
f 2453//4902 2452//4902 2445//4902
f 1347//4903 1630//4903 2453//4903
f 1630//4904 1347//4904 522//4904
f 2220//4905 2206//4905 2197//4905
f 2262//4906 2350//4906 2286//4906
f 170//4907 254//4907 2428//4907
f 2457//4908 1973//4908 2446//4908
f 1973//4909 1365//4909 2446//4909
f 2174//4910 2183//4910 2180//4910
f 2194//4911 2202//4911 2187//4911
f 2222//4912 2241//4912 2209//4912
f 2222//4913 2260//4913 2241//4913
f 2266//4914 2259//4914 2247//4914
f 2390//4915 2445//4915 2389//4915
f 2264//4916 2251//4916 825//4916
f 2363//4917 2368//4917 2351//4917
f 2326//4918 2393//4918 2341//4918
f 1855//4919 1850//4919 1851//4919
f 2210//4920 2209//4920 2202//4920
f 2210//4921 2222//4921 2209//4921
f 2261//4922 2260//4922 2222//4922
f 2280//4923 2279//4923 2266//4923
f 2280//4924 2300//4924 2279//4924
f 251//4925 263//4925 2359//4925
f 2277//4926 2304//4926 2299//4926
f 2220//4927 2230//4927 2206//4927
f 2202//4928 2194//4928 2210//4928
f 2213//4929 2243//4929 2234//4929
f 2328//4930 2327//4930 2322//4930
f 2294//4931 2310//4931 2293//4931
f 2214//4932 2196//4932 2189//4932
f 2196//4933 2213//4933 2219//4933
f 2224//4934 2222//4934 2210//4934
f 2421//4935 2390//4935 2375//4935
f 2206//4936 2230//4936 2214//4936
f 2194//4937 2203//4937 2210//4937
f 2224//4938 2261//4938 2222//4938
f 2421//4939 2445//4939 2390//4939
f 2322//4940 2327//4940 2318//4940
f 2393//4941 2408//4941 2341//4941
f 1365//4942 1973//4942 510//4942
f 2216//4943 2210//4943 2203//4943
f 2216//4944 2224//4944 2210//4944
f 2266//4945 2308//4945 2280//4945
f 2280//4946 2308//4946 2300//4946
f 2407//4947 2421//4947 2375//4947
f 2175//4948 2183//4948 2174//4948
f 2194//4949 2190//4949 2203//4949
f 2454//4950 2445//4950 2421//4950
f 522//4951 1347//4951 523//4951
f 2456//4952 2455//4952 2423//4952
f 823//4953 2197//4953 2178//4953
f 2281//4954 2333//4954 2287//4954
f 2188//4955 2187//4955 2183//4955
f 2188//4956 2190//4956 2194//4956
f 2187//4957 2188//4957 2194//4957
f 2308//4958 2315//4958 2300//4958
f 2407//4959 2375//4959 2362//4959
f 2443//4960 2420//4960 2503//4960
f 2420//4961 2411//4961 2503//4961
f 2411//4962 1493//4962 2503//4962
f 1493//4963 1487//4963 2503//4963
f 1487//4964 1318//4964 2503//4964
f 1318//4965 1320//4965 2503//4965
f 1320//4966 2443//4966 2503//4966
