# Blender 4.4.3
# www.blender.org
mtllib cannon.mtl
o QF1_Cannon
v 420.602112 171.526749 208.460114
v 422.691895 171.501938 210.707718
v 420.555939 171.363998 208.501251
v 422.645721 171.339188 210.748856
v 420.439240 171.292633 208.608963
v 422.529053 171.267822 210.856567
v 420.320374 171.354446 208.720154
v 422.410187 171.329651 210.967758
v 420.268982 171.513245 208.769699
v 422.358765 171.488434 211.017303
v 420.315155 171.676010 208.728561
v 422.404968 171.651199 210.976166
v 420.431854 171.747375 208.620850
v 422.521667 171.722580 210.868454
v 420.550720 171.685562 208.509659
v 422.640503 171.660751 210.757263
v 421.054810 169.616241 208.612000
v 422.558838 169.598389 210.229599
v 421.943329 169.573456 210.801620
v 420.439301 169.591309 209.184021
v 420.430420 170.138153 209.198318
v 421.934448 170.120300 210.815918
v 422.549957 170.145248 210.243896
v 421.045929 170.163101 208.626297
v 420.189606 171.570801 209.001678
v 420.344391 171.950577 208.861969
v 420.198669 171.749054 208.995224
v 420.250214 171.881363 208.948761
v 420.638214 171.962494 208.588898
v 420.805115 171.595749 208.429657
v 420.734497 171.900986 208.498688
v 420.790283 171.773041 208.445419
v 422.283569 171.927551 210.947571
v 422.128784 171.547791 211.087296
v 422.189392 171.858337 211.034363
v 422.137848 171.726044 211.080826
v 422.744293 171.572739 210.515274
v 422.577393 171.939468 210.674515
v 422.729431 171.750015 210.531036
v 422.673676 171.877975 210.584305
v 422.359802 171.942047 210.440506
v 422.526733 171.575317 210.281281
v 422.456116 171.880554 210.350311
v 422.511871 171.752594 210.297043
v 421.022705 171.593170 208.663666
v 420.855804 171.959900 208.822906
v 421.007843 171.770447 208.679428
v 420.952087 171.898407 208.732697
v 420.561951 171.947998 209.095978
v 420.407196 171.568222 209.235687
v 420.467804 171.878769 209.182770
v 420.416260 171.746475 209.229218
v 421.911194 171.550369 210.853302
v 422.065979 171.930145 210.713577
v 421.920288 171.728622 210.846832
v 421.971832 171.860916 210.800369
v 420.217438 169.857788 208.956909
v 420.245453 169.725525 208.981308
v 420.317749 169.628098 209.054825
v 420.832947 169.882736 208.384888
v 420.933258 169.653046 208.482803
v 420.860962 169.750473 208.409286
v 422.156586 169.834763 211.042526
v 422.063721 169.607376 210.932663
v 422.132874 169.703125 211.011246
v 422.772125 169.859711 210.470505
v 422.748383 169.728073 210.439224
v 422.679230 169.632324 210.360641
v 421.180023 167.875107 209.309845
v 421.242554 169.639252 209.454041
v 421.370941 167.881104 209.199417
v 421.381897 169.643616 209.373459
v 421.590912 167.885101 209.182785
v 421.542450 169.646545 209.361313
v 421.796356 167.886337 209.263229
v 421.692383 169.647446 209.420029
v 421.946564 167.884552 209.424805
v 421.802032 169.646133 209.537949
v 422.011841 167.880112 209.635498
v 421.849670 169.642899 209.691742
v 421.979218 167.873886 209.853607
v 421.825836 169.638351 209.850922
v 421.855133 167.867096 210.035934
v 421.735291 169.633392 209.983994
v 421.664215 167.861115 210.146332
v 421.595947 169.629028 210.064575
v 421.444275 167.857101 210.162964
v 421.435394 169.626099 210.076721
v 421.238831 167.855865 210.082535
v 421.285461 169.625198 210.018005
v 421.088593 167.857651 209.920975
v 421.175812 169.626511 209.900085
v 421.023346 167.862106 209.710251
v 421.128174 169.629745 209.746307
v 421.055969 167.868332 209.492142
v 421.152008 169.634293 209.587112
v 420.957458 167.877762 209.070450
v 421.274261 167.887695 208.887238
v 421.639252 167.894348 208.859634
v 421.980164 167.896393 208.993103
v 422.229462 167.893433 209.261200
v 422.337738 167.886063 209.610855
v 422.283600 167.875717 209.972794
v 422.077728 167.864456 210.275314
v 421.760925 167.854523 210.458527
v 421.395905 167.847870 210.486130
v 421.054993 167.845825 210.352661
v 420.805725 167.848785 210.084564
v 420.697449 167.856171 209.734909
v 420.751587 167.866501 209.372971
v 420.960724 167.676712 209.065201
v 421.277527 167.686646 208.881973
v 421.642517 167.693298 208.854385
v 421.983429 167.695343 208.987854
v 422.232727 167.692383 209.255951
v 422.341003 167.684998 209.605606
v 422.286865 167.674667 209.967529
v 422.080994 167.663406 210.270065
v 421.764191 167.653473 210.453278
v 421.399170 167.646835 210.480881
v 421.058258 167.644775 210.347412
v 420.808990 167.647736 210.079300
v 420.700714 167.655121 209.729660
v 420.754852 167.665466 209.367722
v 418.800018 164.230423 209.140213
v 418.744232 167.664032 209.229950
v 424.964630 164.480286 203.411194
v 424.908875 167.913895 203.500946
v 421.834015 164.194412 212.403351
v 421.778259 167.628021 212.493103
v 427.998657 164.444275 206.674347
v 427.942902 167.877869 206.764084
v 439.051178 161.512924 192.826614
v 438.420502 161.643585 192.659790
v 438.718048 161.552948 192.618134
v 438.250061 160.636200 192.807159
v 438.879944 160.554611 192.975266
v 438.547028 160.580276 192.766403
v 439.375244 160.548737 193.507965
v 439.497955 160.621399 194.149307
v 439.559601 160.568253 193.855438
v 439.668427 161.628769 194.001938
v 439.546478 161.507050 193.359329
v 439.730591 161.540939 193.707169
v 441.159058 159.988647 191.349121
v 441.141998 160.794373 191.064285
v 441.450745 160.790695 191.396347
v 441.410950 160.049591 192.052673
v 441.548279 160.853470 191.933868
v 441.140930 160.174789 192.587769
v 441.278259 160.978683 192.468964
v 440.589020 160.303345 192.819717
v 440.726318 161.107224 192.700928
v 439.906342 160.375381 192.518158
v 440.198059 161.177444 192.565399
v 439.889282 161.181107 192.233337
v 439.654449 160.314438 191.814606
v 439.791779 161.118317 191.695816
v 439.924500 160.189240 191.279510
v 440.061798 160.993134 191.160706
v 440.476410 160.060684 191.047562
v 440.613708 160.864578 190.928772
v 441.133698 159.916245 190.829819
v 441.674316 159.909821 191.411240
v 441.811615 160.713699 191.292435
v 441.270996 160.720123 190.711014
v 441.778870 160.007370 192.192200
v 441.916168 160.811249 192.073395
v 441.407440 160.171631 192.874390
v 441.544739 160.975510 192.755585
v 440.701874 160.339859 193.197250
v 440.839203 161.143738 193.078461
v 439.931702 160.447800 193.037460
v 440.069031 161.251678 192.918671
v 439.391113 160.454208 192.456055
v 439.528412 161.258102 192.337250
v 439.286560 160.356659 191.675079
v 439.423859 161.160553 191.556290
v 439.657990 160.192398 190.992889
v 439.795288 160.996292 190.874084
v 440.363525 160.024170 190.670029
v 440.500854 160.828064 190.551224
v 427.244781 164.025940 202.604553
v 427.205139 165.871170 202.661789
v 428.924316 165.850754 204.510788
v 428.963959 164.005539 204.453552
vn 0.6827 -0.3551 -0.6386
vn 0.2952 -0.9121 -0.2845
vn 0.0162 -0.9995 -0.0261
vn -0.2652 -0.9348 0.2363
vn -0.6702 -0.4099 0.6187
vn -0.6827 0.3551 0.6387
vn -0.5292 0.6858 0.4996
vn -0.2952 0.9121 0.2845
vn 0.2652 0.9348 -0.2363
vn 0.5063 0.7278 -0.4627
vn 0.5063 0.7277 -0.4627
vn 0.6702 0.4099 -0.6187
vn 0.6809 -0.0081 0.7323
vn -0.6809 0.0081 -0.7323
vn 0.1532 0.9794 -0.1316
vn -0.1848 0.9657 0.1825
vn 0.7322 0.0297 -0.6805
vn 0.7307 0.0754 -0.6785
vn -0.7322 -0.0297 0.6805
vn -0.7322 0.0161 0.6809
vn -0.6720 -0.1317 -0.7288
vn 0.6765 -0.1477 0.7215
vn 0.0830 -0.9955 0.0459
vn -0.0506 -0.9939 -0.0978
vn -0.0507 -0.9939 -0.0978
vn -0.0162 0.9995 0.0261
vn 0.4937 0.7436 -0.4509
vn 0.6942 0.3258 -0.6419
vn -0.7039 0.2691 0.6574
vn -0.5172 0.7026 0.4887
vn -0.2958 -0.8861 -0.3569
vn -0.2957 -0.8861 -0.3569
vn -0.5717 -0.5163 -0.6377
vn 0.0829 -0.9955 0.0458
vn 0.3246 -0.8935 0.3104
vn 0.3246 -0.8935 0.3103
vn 0.5887 -0.5300 0.6103
vn -0.6802 0.0836 -0.7283
vn -0.2962 0.0957 -0.9503
vn 0.1463 0.1037 -0.9838
vn 0.5595 0.1062 -0.8220
vn 0.8616 0.1026 -0.4970
vn 0.9929 0.0937 -0.0732
vn 0.9273 0.0812 0.3655
vn 0.6777 0.0675 0.7322
vn 0.2937 0.0555 0.9543
vn -0.1487 0.0474 0.9877
vn -0.5619 0.0449 0.8260
vn -0.5620 0.0449 0.8259
vn -0.8641 0.0485 0.5010
vn -0.9954 0.0575 0.0772
vn -0.9297 0.0700 -0.3616
vn -0.9297 0.0700 -0.3615
vn -0.0162 0.9995 0.0262
vn -0.9312 -0.0056 -0.3646
vn -0.0163 0.9995 0.0261
vn -0.0163 0.9995 0.0262
vn 0.9312 0.0056 0.3646
vn 0.2958 -0.0202 0.9550
vn -0.2958 0.0202 -0.9550
vn -0.1479 -0.0282 0.9886
vn 0.1479 0.0282 -0.9886
vn -0.5623 -0.0307 0.8264
vn 0.5623 0.0307 -0.8264
vn -0.8654 -0.0271 0.5004
vn 0.8654 0.0271 -0.5004
vn -0.9970 -0.0182 0.0754
vn -0.8653 -0.0271 0.5004
vn 0.9970 0.0182 -0.0754
vn 0.6977 -0.0074 0.7163
vn 0.8565 -0.0699 0.5114
vn 0.6978 -0.0072 0.7163
vn 0.5009 -0.2167 -0.8379
vn 0.1835 -0.1810 -0.9662
vn 0.1612 -0.1742 -0.9714
vn -0.4296 -0.0612 -0.9009
vn -0.4485 -0.0544 -0.8921
vn 0.8666 -0.0766 0.4931
vn 0.9786 -0.1839 -0.0923
vn 0.9749 -0.1904 -0.1150
vn 0.8697 -0.2211 -0.4413
vn -0.6637 0.0087 -0.7479
vn 0.4678 -0.2069 -0.8593
vn 0.8887 -0.2119 -0.4067
vn 0.8887 -0.2119 -0.4066
vn 0.9701 -0.1360 0.2013
vn 0.1317 0.1229 0.9836
vn -0.1767 0.1734 0.9689
vn -0.9772 0.1829 0.1080
vn -0.9701 0.1360 -0.2013
vn -0.9701 0.1359 -0.2013
vn -0.1317 -0.1229 -0.9836
vn 0.1666 0.9754 -0.1441
vn 0.1666 0.9754 -0.1442
vn 0.2028 0.9629 -0.1780
vn 0.2029 0.9629 -0.1780
vn -0.4801 0.2378 0.8444
vn 0.0487 0.1753 0.9833
vn -0.6933 0.3152 0.6481
vn 0.0937 0.1299 0.9871
vn 0.9876 -0.1146 0.1071
vn 0.8845 -0.1835 -0.4290
vn 0.7261 -0.1230 -0.6765
vn 0.4901 -0.1788 -0.8531
vn -0.0363 -0.1024 -0.9941
vn -0.0937 -0.1299 -0.9871
vn -0.9762 0.1426 -0.1636
vn -0.9752 0.1874 -0.1179
vn -0.8744 0.2425 0.4203
vn 0.2233 0.9546 -0.1970
vn 0.2036 0.9626 -0.1786
vn 0.2547 0.9402 -0.2264
vn 0.2571 0.9389 -0.2287
vn 0.6457 0.0028 0.7635
vn 0.6457 0.0029 0.7636
vn 0.6456 0.0031 0.7637
vn -0.7109 0.0177 -0.7030
vn -0.7110 0.0178 -0.7030
vn -0.7108 0.0175 -0.7032
vn 0.4950 0.7421 -0.4520
vn -0.3286 0.0205 -0.9443
vn -0.3287 0.0207 -0.9442
vn -0.3295 0.0222 -0.9439
vn 0.9180 0.0057 0.3965
vn 0.9180 0.0059 0.3966
vn 0.9183 0.0046 0.3959
vn -0.7322 -0.0297 0.6804
vn 0.7322 0.0297 -0.6804
vn 0.5062 -0.2198 -0.8339
vn 0.8661 -0.2241 -0.4469
vn -0.6637 0.0089 -0.7480
vn 0.9762 -0.1426 0.1636
vn 0.6459 0.0025 0.7634
vn -0.7111 0.0180 -0.7029
vn -0.3279 0.0194 -0.9445
vn 0.9176 0.0074 0.3974
vt 0.397430 0.437847
vt 0.317458 0.442383
vt 0.317458 0.437847
vt 0.397430 0.442383
vt 0.317458 0.446920
vt 0.397431 0.410626
vt 0.317458 0.415163
vt 0.317458 0.410626
vt 0.397431 0.415163
vt 0.317458 0.419700
vt 0.397430 0.419700
vt 0.317458 0.424236
vt 0.397430 0.424237
vt 0.317458 0.428773
vt 0.397430 0.428773
vt 0.317458 0.433310
vt 0.397430 0.433310
vt 0.400638 0.425565
vt 0.400638 0.436518
vt 0.405175 0.436518
vt 0.408383 0.428773
vt 0.408383 0.433310
vt 0.309713 0.421028
vt 0.306505 0.428773
vt 0.306505 0.424236
vt 0.309713 0.431981
vt 0.314250 0.431981
vt 0.144152 0.551739
vt 0.153427 0.539937
vt 0.153427 0.551739
vt 0.213534 0.607406
vt 0.223430 0.565600
vt 0.223430 0.615675
vt 0.213534 0.478816
vt 0.223430 0.526013
vt 0.213534 0.526013
vt 0.099631 0.464895
vt 0.143582 0.443337
vt 0.143582 0.464895
vt 0.095070 0.443755
vt 0.099631 0.443337
vt 0.267792 0.464895
vt 0.223841 0.443337
vt 0.267792 0.443337
vt 0.213534 0.443337
vt 0.153427 0.464895
vt 0.153427 0.443337
vt 0.153427 0.623386
vt 0.153427 0.607406
vt 0.213534 0.551739
vt 0.223430 0.539937
vt 0.223430 0.551739
vt 0.213534 0.464895
vt 0.153427 0.478816
vt 0.144152 0.526013
vt 0.144152 0.471431
vt 0.153796 0.494207
vt 0.144152 0.556004
vt 0.153427 0.556004
vt 0.144152 0.560377
vt 0.153427 0.560377
vt 0.144152 0.565600
vt 0.213534 0.556004
vt 0.223430 0.556004
vt 0.213534 0.560377
vt 0.223430 0.560377
vt 0.213534 0.565600
vt 0.153427 0.526013
vt 0.144152 0.531206
vt 0.153427 0.531206
vt 0.144152 0.535625
vt 0.153427 0.535625
vt 0.144152 0.539937
vt 0.213534 0.531206
vt 0.223430 0.531206
vt 0.213534 0.535625
vt 0.223430 0.535625
vt 0.213534 0.539937
vt 0.150743 0.443337
vt 0.150743 0.464895
vt 0.147105 0.443337
vt 0.147105 0.464895
vt 0.216680 0.443337
vt 0.216680 0.464895
vt 0.220318 0.464895
vt 0.220318 0.443337
vt 0.223841 0.464895
vt 0.095935 0.304323
vt 0.074030 0.341604
vt 0.074030 0.304323
vt 0.381352 0.182144
vt 0.403257 0.144862
vt 0.403257 0.182144
vt 0.095509 0.346238
vt 0.095935 0.341604
vt 0.076365 0.349631
vt 0.093599 0.349631
vt 0.079754 0.351334
vt 0.090210 0.351334
vt 0.381778 0.186778
vt 0.402831 0.186778
vt 0.383687 0.190170
vt 0.400922 0.190170
vt 0.387076 0.191874
vt 0.095070 0.464476
vt 0.091732 0.445635
vt 0.091731 0.462597
vt 0.090055 0.448970
vt 0.272353 0.443756
vt 0.275691 0.462597
vt 0.275691 0.445635
vt 0.277368 0.459262
vt 0.277368 0.448971
vt 0.022836 0.142427
vt 0.069202 0.140382
vt 0.023704 0.148111
vt 0.069974 0.144506
vt 0.024762 0.153761
vt 0.026009 0.159373
vt 0.070885 0.090398
vt 0.024762 0.085239
vt 0.026009 0.079627
vt 0.069202 0.098618
vt 0.023704 0.090890
vt 0.022836 0.096573
vt 0.068569 0.102766
vt 0.022161 0.102282
vt 0.068076 0.106933
vt 0.021678 0.108010
vt 0.067724 0.111114
vt 0.021388 0.113752
vt 0.067512 0.115305
vt 0.021291 0.119500
vt 0.067441 0.119500
vt 0.021388 0.125248
vt 0.067724 0.127886
vt 0.021678 0.130990
vt 0.068076 0.132067
vt 0.022161 0.136718
vt 0.616669 0.660093
vt 0.618313 0.648926
vt 0.624316 0.656341
vt 0.504755 0.645620
vt 0.514256 0.640308
vt 0.514294 0.645550
vt 0.593393 0.660263
vt 0.583637 0.665940
vt 0.585692 0.656624
vt 0.608039 0.678355
vt 0.618559 0.682443
vt 0.609995 0.686645
vt 0.596944 0.655743
vt 0.600149 0.644920
vt 0.602105 0.653210
vt 0.602290 0.678397
vt 0.591830 0.682639
vt 0.597092 0.675941
vt 0.613052 0.655625
vt 0.609688 0.644850
vt 0.593475 0.671472
vt 0.592155 0.665877
vt 0.626507 0.665626
vt 0.617989 0.665688
vt 0.616751 0.671302
vt 0.613200 0.675823
vt 0.591585 0.649122
vt 0.600456 0.686715
vt 0.607854 0.653168
vt 0.585828 0.675224
vt 0.624452 0.674941
vt 0.571531 0.645130
vt 0.581032 0.639819
vt 0.581070 0.645060
vt 0.561991 0.645200
vt 0.571492 0.639889
vt 0.495177 0.640448
vt 0.504716 0.640378
vt 0.552452 0.645270
vt 0.561953 0.639959
vt 0.485676 0.645759
vt 0.495215 0.645689
vt 0.542912 0.645340
vt 0.552413 0.640029
vt 0.476136 0.645829
vt 0.485637 0.640518
vt 0.533373 0.645410
vt 0.542874 0.640099
vt 0.609650 0.639609
vt 0.523834 0.645480
vt 0.533334 0.640169
vt 0.590610 0.644990
vt 0.600111 0.639679
vt 0.523795 0.640238
vt 0.590571 0.639749
vt 0.110797 0.298611
vt 0.330183 0.388123
vt 0.110797 0.388124
vt 0.330183 0.182504
vt 0.110797 0.092992
vt 0.330183 0.092992
vt 0.110797 0.182504
vt 0.021285 0.298611
vt 0.021285 0.182504
vt 0.330183 0.298611
vt 0.425024 0.162191
vt 0.815967 0.216680
vt 0.409294 0.207663
vt 0.834427 0.264305
vt 0.825941 0.290642
vt 0.824140 0.264682
vt 0.818020 0.291255
vt 0.815967 0.264435
vt 0.818020 0.189860
vt 0.824140 0.216434
vt 0.825941 0.190473
vt 0.834427 0.216811
vt 0.425024 0.318924
vt 0.687871 0.574185
vt 0.667184 0.595660
vt 0.667184 0.574185
vt 0.646496 0.595660
vt 0.646496 0.574185
vt 0.625808 0.574185
vt 0.605120 0.595660
vt 0.605120 0.574185
vt 0.584432 0.574185
vt 0.770623 0.595659
vt 0.749935 0.574185
vt 0.770622 0.574185
vt 0.749935 0.595659
vt 0.729247 0.574185
vt 0.708559 0.595660
vt 0.708559 0.574185
vt 0.899331 0.246417
vt 0.908282 0.230165
vt 0.908281 0.250853
vt 0.891462 0.222627
vt 0.899332 0.234601
vt 0.876446 0.217233
vt 0.896122 0.213428
vt 0.856771 0.213428
vt 0.876446 0.207035
vt 0.861430 0.222627
vt 0.844611 0.230164
vt 0.853560 0.234601
vt 0.844610 0.250852
vt 0.861430 0.258390
vt 0.853560 0.246416
vt 0.876446 0.263784
vt 0.856771 0.267589
vt 0.896121 0.267590
vt 0.876446 0.273982
vt 0.891461 0.258391
vt 0.851287 0.967711
vt 0.837249 0.946259
vt 0.857140 0.946259
vt 0.836958 0.967711
vt 0.821003 0.946259
vt 0.821003 0.967711
vt 0.804757 0.946259
vt 0.790719 0.967711
vt 0.784866 0.946259
vt 0.778910 0.967711
vt 0.765004 0.946259
vt 0.764612 0.967711
vt 0.748793 0.946259
vt 0.893213 0.946259
vt 0.877394 0.967711
vt 0.877002 0.946259
vt 0.863096 0.967711
vt 0.409294 0.273453
vt 0.822792 0.221183
vt 0.822792 0.259932
vt 0.825619 0.250035
vt 0.825619 0.231080
vt 0.836177 0.191209
vt 0.853410 0.215729
vt 0.836177 0.289906
vt 0.853405 0.265387
vt 0.855088 0.286796
vt 0.392589 0.353356
vt 0.392904 0.401471
vt 0.392588 0.127759
vt 0.148538 0.465639
vt 0.145750 0.468044
vt 0.223430 0.470971
vt 0.219748 0.465645
vt 0.222244 0.467875
vt 0.213534 0.623386
vt 0.218894 0.622353
vt 0.221851 0.619531
vt 0.144152 0.615675
vt 0.148322 0.622353
vt 0.145212 0.619531
vt 0.153427 0.565600
vt 0.397430 0.446920
vt 0.405175 0.425565
vt 0.314250 0.421028
vt 0.213158 0.494207
vt 0.381352 0.144862
vt 0.074455 0.346238
vt 0.397533 0.191874
vt 0.090055 0.459261
vt 0.272353 0.464476
vt 0.068569 0.136234
vt 0.070885 0.148602
vt 0.069974 0.094494
vt 0.067512 0.123696
vt 0.476098 0.640588
vt 0.687872 0.595660
vt 0.625808 0.595660
vt 0.584432 0.595660
vt 0.729247 0.595660
vt 0.805048 0.967711
vt 0.748690 0.967711
vt 0.893315 0.967711
vt 0.855093 0.194320
vt 0.392904 0.079645
s 1
usemtl WW1_QF1_Cannon
f 2/1/1 3/2/1 1/3/1
f 4/4/2 5/5/3 3/2/2
f 6/6/3 7/7/4 5/8/3
f 8/9/5 9/10/5 7/7/5
f 10/11/6 11/12/7 9/10/6
f 12/13/7 13/14/8 11/12/7
f 14/15/9 15/16/10 13/14/9
f 16/17/11 1/3/12 15/16/10
f 16/17/13 12/18/13 2/19/13
f 12/18/13 4/20/13 2/19/13
f 4/20/13 8/21/13 6/22/13
f 7/23/14 3/24/14 5/25/14
f 3/24/14 11/12/14 1/26/14
f 11/12/14 15/27/14 1/26/14
f 29/28/15 49/29/16 46/30/15
f 23/31/17 37/32/18 66/33/17
f 22/34/19 34/35/20 53/36/20
f 25/37/14 60/38/21 57/39/21
f 25/37/14 32/40/14 30/41/14
f 34/42/13 66/43/22 37/44/13
f 18/45/23 20/46/24 17/47/25
f 23/31/17 17/48/17 24/49/17
f 41/50/15 33/51/16 38/52/15
f 19/53/19 21/54/19 20/46/19
f 21/54/19 25/55/20 57/56/19
f 22/34/26 24/57/26 21/54/26
f 46/30/15 31/58/27 29/28/15
f 48/59/27 32/60/28 31/58/27
f 47/61/28 30/62/18 32/60/28
f 38/52/15 43/63/27 41/50/15
f 40/64/27 44/65/28 43/63/27
f 39/66/28 42/67/18 44/65/28
f 50/68/20 27/69/29 25/55/20
f 52/70/29 28/71/30 27/69/29
f 51/72/30 26/73/16 28/71/30
f 34/35/20 55/74/29 53/36/20
f 36/75/29 56/76/30 55/74/29
f 35/77/30 54/78/16 56/76/30
f 20/46/24 61/79/31 17/47/25
f 59/80/32 62/81/33 61/79/31
f 58/82/33 60/38/21 62/81/33
f 19/53/34 68/83/35 64/84/36
f 68/83/35 65/85/37 64/84/36
f 67/86/37 63/87/22 65/85/37
f 24/88/13 50/89/13 21/90/13
f 42/91/14 22/92/14 53/93/14
f 47/94/13 50/89/13 45/95/13
f 51/96/13 47/94/13 48/97/13
f 49/98/13 48/97/13 46/99/13
f 53/93/14 44/100/14 42/91/14
f 55/101/14 43/102/14 44/100/14
f 56/103/14 41/104/14 43/102/14
f 27/105/14 31/106/14 32/40/14
f 28/107/14 29/108/14 31/106/14
f 39/109/13 34/42/13 37/44/13
f 35/110/13 39/109/13 40/111/13
f 33/112/13 40/111/13 38/113/13
f 69/114/38 72/115/39 71/116/39
f 71/116/39 74/117/40 73/118/40
f 74/117/40 75/119/41 73/118/40
f 76/120/41 77/121/42 75/122/41
f 77/121/42 80/123/43 79/124/43
f 80/123/43 81/125/44 79/124/43
f 82/126/44 83/127/45 81/125/44
f 84/128/45 85/129/46 83/127/45
f 86/130/46 87/131/47 85/129/46
f 88/132/47 89/133/48 87/131/47
f 90/134/49 91/135/50 89/133/48
f 91/135/50 94/136/51 93/137/51
f 93/137/51 96/138/52 95/139/53
f 96/138/52 69/114/38 95/139/53
f 71/140/54 99/141/54 98/142/54
f 97/143/14 124/144/55 110/145/55
f 81/146/56 104/147/26 103/148/56
f 91/149/26 109/150/26 108/151/26
f 79/152/56 101/153/56 77/154/56
f 89/155/26 106/156/26 87/157/26
f 73/158/54 100/159/57 99/141/54
f 85/160/26 104/147/26 83/161/26
f 71/140/54 97/162/26 69/163/26
f 95/164/26 109/150/26 93/165/26
f 81/146/56 102/166/56 79/152/56
f 91/149/26 107/167/26 89/155/26
f 77/154/56 100/159/57 75/168/57
f 85/160/26 106/156/26 105/169/26
f 95/164/26 97/162/26 110/170/26
f 104/171/13 117/172/58 103/173/58
f 105/174/59 118/175/13 104/171/13
f 97/143/14 112/176/60 111/177/14
f 106/178/61 119/179/59 105/174/59
f 99/180/62 112/176/60 98/181/60
f 107/182/63 120/183/61 106/178/61
f 100/184/64 113/185/62 99/180/62
f 108/186/65 121/187/63 107/182/63
f 101/153/66 114/188/64 100/159/64
f 109/189/67 122/190/68 108/186/65
f 102/191/69 115/192/66 101/153/66
f 110/145/55 123/193/67 109/189/67
f 103/173/58 116/194/69 102/191/69
f 126/195/14 127/196/14 125/197/14
f 132/198/13 129/199/13 131/200/13
f 130/201/19 125/202/19 129/203/19
f 128/204/26 130/201/26 132/198/26
f 186/205/70 142/206/71 185/207/72
f 133/208/73 138/209/74 135/210/75
f 135/210/75 136/211/76 134/212/77
f 140/213/78 144/214/79 142/206/71
f 141/215/80 143/216/81 144/214/79
f 183/217/82 134/212/77 136/211/76
f 163/218/83 165/219/84 164/220/85
f 164/220/85 168/221/86 167/222/86
f 168/221/86 169/223/13 167/222/86
f 169/223/13 172/224/87 171/225/87
f 172/224/87 173/226/88 171/225/87
f 176/227/89 177/228/90 175/229/89
f 178/230/91 179/231/14 177/228/90
f 179/231/14 182/232/92 181/233/92
f 182/232/92 163/218/83 181/233/92
f 146/234/93 165/235/93 166/236/93
f 149/237/94 165/235/93 147/238/93
f 151/239/93 168/240/94 149/237/94
f 151/239/93 172/241/94 170/242/93
f 153/243/94 174/244/95 172/241/94
f 155/245/93 176/246/96 174/244/95
f 158/247/93 176/246/96 156/248/93
f 160/249/94 178/250/93 158/247/93
f 160/249/94 182/251/94 180/252/94
f 162/253/93 166/236/93 182/251/94
f 146/254/97 161/255/98 145/256/99
f 162/257/100 159/258/13 161/255/98
f 160/259/13 157/260/101 159/258/13
f 157/260/101 156/261/102 154/262/103
f 154/262/103 156/261/102 155/263/104
f 155/263/104 152/264/105 154/262/103
f 153/265/106 150/266/14 152/264/105
f 150/267/14 149/268/107 148/269/108
f 148/269/108 147/270/109 145/256/99
f 145/256/99 147/270/109 146/254/97
f 142/206/110 184/271/111 185/207/111
f 134/212/110 144/272/112 135/273/112
f 144/272/112 133/274/113 135/273/112
f 176/246/96 143/275/113 174/244/95
f 139/276/114 174/277/115 143/216/116
f 137/278/117 176/279/118 175/280/119
f 132/198/120 184/271/120 128/204/120
f 127/196/121 184/281/122 183/282/123
f 131/200/124 185/283/125 132/198/126
f 20/46/19 21/54/19 57/56/19
f 59/284/19 57/56/19 58/285/127
f 19/53/19 63/286/19 22/34/19
f 63/286/19 64/287/19 65/288/19
f 23/31/17 66/33/17 18/289/17
f 68/290/17 66/33/17 67/291/128
f 17/48/17 60/292/17 24/49/17
f 60/292/17 61/293/17 62/294/17
f 24/49/17 30/62/18 45/295/18
f 2/1/1 4/4/1 3/2/1
f 4/4/2 6/296/3 5/5/3
f 6/6/3 8/9/4 7/7/4
f 8/9/5 10/11/5 9/10/5
f 10/11/6 12/13/7 11/12/7
f 12/13/7 14/15/8 13/14/8
f 14/15/9 16/17/11 15/16/10
f 16/17/11 2/1/12 1/3/12
f 16/17/13 14/15/13 12/18/13
f 12/18/13 10/297/13 4/20/13
f 4/20/13 10/297/13 8/21/13
f 7/23/14 9/298/14 3/24/14
f 3/24/14 9/298/14 11/12/14
f 11/12/14 13/14/14 15/27/14
f 29/28/15 26/73/16 49/29/16
f 23/31/17 42/67/18 37/32/18
f 22/34/19 63/286/19 34/35/20
f 25/37/14 30/41/14 60/38/21
f 25/37/14 27/105/14 32/40/14
f 34/42/13 63/87/22 66/43/22
f 18/45/23 19/53/34 20/46/24
f 23/31/17 18/289/17 17/48/17
f 41/50/15 54/78/16 33/51/16
f 19/53/19 22/34/19 21/54/19
f 21/54/19 50/68/20 25/55/20
f 22/34/26 23/299/26 24/57/26
f 46/30/15 48/59/27 31/58/27
f 48/59/27 47/61/28 32/60/28
f 47/61/28 45/295/18 30/62/18
f 38/52/15 40/64/27 43/63/27
f 40/64/27 39/66/28 44/65/28
f 39/66/28 37/32/18 42/67/18
f 50/68/20 52/70/29 27/69/29
f 52/70/29 51/72/30 28/71/30
f 51/72/30 49/29/16 26/73/16
f 34/35/20 36/75/29 55/74/29
f 36/75/29 35/77/30 56/76/30
f 35/77/30 33/51/16 54/78/16
f 20/46/24 59/80/32 61/79/31
f 59/80/32 58/82/33 62/81/33
f 58/82/33 57/39/21 60/38/21
f 19/53/34 18/45/23 68/83/35
f 68/83/35 67/86/37 65/85/37
f 67/86/37 66/43/22 63/87/22
f 24/88/13 45/95/13 50/89/13
f 42/91/14 23/300/14 22/92/14
f 47/94/13 52/301/13 50/89/13
f 51/96/13 52/301/13 47/94/13
f 49/98/13 51/96/13 48/97/13
f 53/93/14 55/101/14 44/100/14
f 55/101/14 56/103/14 43/102/14
f 56/103/14 54/302/14 41/104/14
f 27/105/14 28/107/14 31/106/14
f 28/107/14 26/303/14 29/108/14
f 39/109/13 36/304/13 34/42/13
f 35/110/13 36/304/13 39/109/13
f 33/112/13 35/110/13 40/111/13
f 69/114/38 70/305/38 72/115/39
f 71/116/39 72/115/39 74/117/40
f 74/117/40 76/306/41 75/119/41
f 76/120/41 78/307/42 77/121/42
f 77/121/42 78/307/42 80/123/43
f 80/123/43 82/126/44 81/125/44
f 82/126/44 84/128/45 83/127/45
f 84/128/45 86/130/46 85/129/46
f 86/130/46 88/132/47 87/131/47
f 88/132/47 90/134/49 89/133/48
f 90/134/49 92/308/50 91/135/50
f 91/135/50 92/308/50 94/136/51
f 93/137/51 94/136/51 96/138/52
f 96/138/52 70/305/38 69/114/38
f 71/140/54 73/158/54 99/141/54
f 97/143/14 111/177/14 124/144/55
f 81/146/56 83/161/26 104/147/26
f 91/149/26 93/165/26 109/150/26
f 79/152/56 102/166/56 101/153/56
f 89/155/26 107/167/26 106/156/26
f 73/158/54 75/168/57 100/159/57
f 85/160/26 105/169/26 104/147/26
f 71/140/54 98/142/54 97/162/26
f 95/164/26 110/170/26 109/150/26
f 81/146/56 103/148/56 102/166/56
f 91/149/26 108/151/26 107/167/26
f 77/154/56 101/153/56 100/159/57
f 85/160/26 87/157/26 106/156/26
f 95/164/26 69/163/26 97/162/26
f 104/171/13 118/175/13 117/172/58
f 105/174/59 119/179/59 118/175/13
f 97/143/14 98/181/60 112/176/60
f 106/178/61 120/183/61 119/179/59
f 99/180/62 113/185/62 112/176/60
f 107/182/63 121/187/63 120/183/61
f 100/184/64 114/309/64 113/185/62
f 108/186/65 122/190/68 121/187/63
f 101/153/66 115/192/66 114/188/64
f 109/189/67 123/193/67 122/190/68
f 102/191/69 116/194/69 115/192/66
f 110/145/55 124/144/55 123/193/67
f 103/173/58 117/172/58 116/194/69
f 126/195/14 128/204/14 127/196/14
f 132/198/13 130/201/13 129/199/13
f 130/201/19 126/195/19 125/202/19
f 128/204/26 126/195/26 130/201/26
f 186/205/70 140/213/78 142/206/71
f 133/208/73 137/278/129 138/209/74
f 135/210/75 138/209/74 136/211/76
f 140/213/78 141/215/80 144/214/79
f 141/215/80 139/276/130 143/216/81
f 183/217/82 184/271/131 134/212/77
f 163/218/83 166/310/83 165/219/84
f 164/220/85 165/219/84 168/221/86
f 168/221/86 170/311/13 169/223/13
f 169/223/13 170/311/13 172/224/87
f 172/224/87 174/312/88 173/226/88
f 176/227/89 178/230/91 177/228/90
f 178/230/91 180/313/14 179/231/14
f 179/231/14 180/313/14 182/232/92
f 182/232/92 166/310/83 163/218/83
f 146/234/93 147/238/93 165/235/93
f 149/237/94 168/240/94 165/235/93
f 151/239/93 170/242/93 168/240/94
f 151/239/93 153/243/94 172/241/94
f 153/243/94 155/245/93 174/244/95
f 155/245/93 156/248/93 176/246/96
f 158/247/93 178/250/93 176/246/96
f 160/249/94 180/252/94 178/250/93
f 160/249/94 162/253/93 182/251/94
f 162/253/93 146/234/93 166/236/93
f 146/254/97 162/257/100 161/255/98
f 162/257/100 160/259/13 159/258/13
f 160/259/13 158/314/132 157/260/101
f 157/260/101 158/314/132 156/261/102
f 155/263/104 153/265/106 152/264/105
f 153/265/106 151/315/14 150/266/14
f 150/267/14 151/316/14 149/268/107
f 148/269/108 149/268/107 147/270/109
f 142/206/110 134/212/110 184/271/111
f 134/212/110 142/206/110 144/272/112
f 144/272/112 143/275/113 133/274/113
f 176/246/96 133/274/113 143/275/113
f 139/276/114 173/317/133 174/277/115
f 137/278/117 133/208/134 176/279/118
f 132/198/120 185/207/120 184/271/120
f 127/196/121 128/204/135 184/281/122
f 131/200/124 186/318/136 185/283/125
f 59/284/19 20/46/19 57/56/19
f 63/286/19 19/53/19 64/287/19
f 68/290/17 18/289/17 66/33/17
f 60/292/17 17/48/17 61/293/17
f 24/49/17 60/292/17 30/62/18
o QF1_Cannon_Gun
v 422.714630 172.869980 201.900894
v 423.721893 172.873627 200.964417
v 422.612732 172.919403 201.793396
v 423.604980 172.930328 200.841095
v 422.548187 173.046432 201.729462
v 423.530914 173.076050 200.767776
v 422.545654 173.202530 201.733551
v 423.528015 173.255081 200.772461
v 422.606110 173.328064 201.804077
v 423.597351 173.399094 200.853348
v 422.706451 173.375092 201.914093
v 423.712463 173.453049 200.979568
v 422.808350 173.325668 202.021606
v 423.829376 173.396347 201.102890
v 422.872894 173.198639 202.085526
v 423.903412 173.250626 201.176208
v 422.875427 173.042542 202.081436
v 423.906342 173.071579 201.171539
v 422.815002 172.917007 202.010925
v 423.836975 172.927582 201.090637
v 422.715240 172.832825 201.899918
v 422.598328 172.889526 201.776596
v 422.524292 173.035248 201.703278
v 422.521393 173.214294 201.707962
v 422.590729 173.358292 201.788849
v 422.705841 173.412262 201.915070
v 422.822754 173.355545 202.038391
v 422.896790 173.209839 202.111710
v 422.899689 173.030792 202.107040
v 422.830353 172.886780 202.026138
v 417.650208 171.419296 197.572372
v 419.372711 171.489105 195.971588
v 420.539246 171.385010 200.679581
v 422.261749 171.454819 199.078796
v 419.379608 170.788467 196.115173
v 422.111328 170.756042 199.053192
v 420.554962 170.692963 200.499588
v 417.823242 170.725388 197.561569
v 419.421906 168.460938 195.892441
v 422.310944 168.426651 198.999649
v 422.100037 171.452377 199.071381
v 419.368317 171.484818 196.133377
v 417.811920 171.421722 197.579773
v 420.543640 171.389297 200.517792
v 420.588440 168.356842 200.600433
v 417.699402 168.391129 197.493225
v 427.871979 171.456787 198.294357
v 427.864899 171.891876 198.305725
v 430.847809 171.577393 195.528809
v 430.840729 172.012497 195.540176
v 428.024689 171.454971 198.458603
v 428.017609 171.890060 198.469971
v 431.000519 171.575592 195.693054
v 430.993439 172.010681 195.704422
v 425.846252 172.479736 197.300278
v 425.715485 172.152695 197.418259
v 425.688751 172.481598 197.130890
v 425.557983 172.154572 197.248871
v 425.812836 172.292618 197.329300
v 425.655334 172.294495 197.159912
v 425.619690 172.435928 197.238220
v 425.615967 172.665741 197.244232
v 426.756897 172.808716 196.205566
v 426.728119 172.916458 196.233521
v 425.744171 172.434448 197.372101
v 425.740448 172.664276 197.378113
v 426.860870 172.807480 196.317368
v 426.832092 172.915222 196.345322
v 427.072144 172.696930 196.403412
v 426.768463 172.700546 196.076782
v 427.198944 173.069321 196.289642
v 426.895233 173.072937 195.963013
v 427.126099 173.114960 196.357864
v 426.822418 173.118561 196.031235
v 427.152191 172.707306 196.329102
v 427.046051 173.104599 196.432175
v 426.848511 172.710907 196.002472
v 426.742340 173.108200 196.105545
v 427.218048 172.770889 196.268585
v 426.980225 173.041000 196.492691
v 426.914337 172.774506 195.941956
v 427.252014 172.870682 196.238113
v 426.948303 172.874283 195.911469
v 427.245026 172.979904 196.245819
v 426.676514 173.044601 196.166061
v 426.941315 172.983505 195.919189
v 426.946228 172.941208 196.523178
v 426.642548 172.944809 196.196548
v 426.953217 172.831985 196.515472
v 426.649536 172.835587 196.188843
v 426.999329 172.742569 196.471634
v 426.695618 172.746185 196.145004
v 426.872955 171.627838 196.384674
v 426.751251 171.719788 196.498840
v 426.800110 171.638565 196.452515
v 426.462738 173.180603 196.783203
v 426.534088 173.278961 196.717957
v 426.485931 173.246918 196.762375
v 427.152191 171.883438 196.127853
v 427.096588 171.719757 196.177734
v 427.147369 171.783798 196.131226
v 426.621368 173.255478 196.636566
v 426.758759 173.101410 196.507126
v 426.701874 173.198029 196.561066
v 426.867737 171.718399 196.624130
v 426.989441 171.626450 196.509964
v 426.916595 171.637192 196.577789
v 426.650574 173.277573 196.843246
v 426.579254 173.179214 196.908493
v 426.602417 173.245529 196.887665
v 427.213104 171.718369 196.303024
v 427.268677 171.882065 196.253143
v 427.263885 171.782410 196.256516
v 426.875244 173.100037 196.632401
v 426.737854 173.254089 196.761856
v 426.818359 173.196655 196.686356
v 425.422821 172.099304 197.373947
v 425.580292 172.097443 197.543335
v 425.286011 172.143539 197.501617
v 425.443512 172.141678 197.671005
v 425.184265 172.275406 197.597687
v 425.341766 172.273529 197.767075
v 425.144806 172.459564 197.636398
v 425.302307 172.457687 197.805786
v 425.178223 172.646683 197.607391
v 425.335724 172.644806 197.776779
v 425.275574 172.786606 197.518433
v 425.433075 172.784729 197.687820
v 425.410767 172.841858 197.393356
v 425.568237 172.839981 197.562744
v 425.547546 172.797623 197.265671
v 425.705048 172.795761 197.435059
v 425.649292 172.665771 197.169617
v 425.806793 172.663895 197.339005
v 425.632385 172.956329 197.626175
v 425.626312 173.331131 197.635971
v 426.852936 173.017929 196.500885
v 426.737366 173.334030 196.611832
v 425.710083 172.955414 197.709747
v 425.704010 173.330215 197.719543
v 426.921783 173.017120 196.574921
v 426.806213 173.333221 196.685852
v 425.454620 172.578461 197.427704
v 425.211975 172.567871 197.653183
v 425.572449 174.244507 197.599854
v 425.451691 174.196823 197.711594
v 425.709442 172.575439 197.701782
v 425.466797 172.564850 197.927261
v 425.691528 174.243088 197.727951
v 425.570801 174.195419 197.839691
v 425.850861 172.581177 197.570358
v 426.248199 172.594986 197.259506
v 425.805756 174.247726 197.621811
v 425.957031 174.209534 197.539154
v 425.722900 172.582687 197.432724
v 426.091095 172.596848 197.090530
v 425.686646 174.249146 197.493698
v 425.808807 174.211304 197.379715
v 425.004028 172.143341 198.209976
v 424.985291 173.296631 198.240112
v 425.513519 172.164001 197.736481
v 425.421021 173.314285 197.835175
v 425.106140 172.142136 198.319778
v 425.087402 173.295425 198.349915
v 425.615601 172.162781 197.846298
v 425.523132 173.313080 197.944977
v 424.961609 173.387482 198.263138
v 425.339203 173.593765 197.914337
v 425.441315 173.592545 198.024139
v 425.063721 173.386261 198.372940
v 424.888214 173.452423 198.332108
v 424.990326 173.451202 198.441910
v 424.714447 173.478287 198.493958
v 424.816528 173.477081 198.603775
v 424.520538 173.443680 198.673859
v 424.622650 173.442474 198.783661
v 424.426819 173.460464 198.761185
v 424.528900 173.459244 198.871002
v 424.282166 173.549271 198.896667
v 424.384277 173.548050 199.006470
v 424.280640 173.643860 198.899139
v 424.382721 173.642654 199.008942
v 424.637665 173.658325 198.567337
v 424.739746 173.657120 198.677155
v 424.721252 173.709045 198.490173
v 424.823334 173.707840 198.599976
v 424.910126 173.959518 198.317322
v 425.012238 173.958313 198.427124
v 425.041016 174.067719 198.196808
v 425.143127 174.066513 198.306625
v 425.248627 174.187256 198.005127
v 425.350708 174.186050 198.114929
v 425.446716 174.240555 197.821503
v 425.548828 174.239349 197.931305
v 425.608337 174.228745 197.671112
v 425.710449 174.227539 197.780914
v 425.337677 173.687775 197.916794
v 425.439758 173.686569 198.026596
v 425.372711 173.786850 197.885330
v 425.474792 173.785645 197.995132
v 425.460632 173.845932 197.804230
v 425.562714 173.844711 197.914032
v 426.811920 172.837219 196.089584
v 426.581573 172.839951 195.841858
v 426.855591 172.965546 196.050385
v 426.625244 172.968277 195.802643
v 426.830505 172.981262 196.073883
v 426.600159 172.984009 195.826157
v 426.839508 172.840790 196.063980
v 426.802917 172.977707 196.099487
v 426.609161 172.843536 195.816238
v 426.572571 172.980438 195.851761
v 426.862183 172.862717 196.043121
v 426.780243 172.955780 196.120346
v 426.631836 172.865448 195.795395
v 426.873901 172.897095 196.032623
v 426.643555 172.899826 195.784882
v 426.871490 172.934723 196.035278
v 426.549896 172.958527 195.872620
v 426.641144 172.937469 195.787552
v 426.768524 172.921402 196.130859
v 426.538177 172.924133 195.883118
v 426.770935 172.883759 196.128204
v 426.540588 172.886490 195.880463
v 426.786804 172.852951 196.113098
v 426.556488 172.855682 195.865356
v 422.136200 173.775558 198.703400
v 421.900085 173.766006 198.922638
v 422.023163 173.373489 198.365845
v 421.688263 173.359924 198.676788
v 421.833557 173.014206 198.016190
v 421.434021 172.998016 198.387161
v 421.750702 172.516708 197.905228
v 421.351166 172.500519 198.276199
v 421.849762 172.017029 197.990128
v 421.450226 172.000839 198.361099
v 422.104218 171.649078 198.248123
v 421.704651 171.632904 198.619080
v 422.445862 171.511444 198.610092
v 422.046326 171.495270 198.981064
v 422.711090 171.638092 199.045959
v 422.383606 171.624817 199.350006
v 422.905914 172.057968 199.452667
v 422.667389 172.048309 199.674118
v 422.903259 172.784576 199.665909
v 422.774017 172.778427 199.820816
v 422.248535 173.567703 199.309097
v 422.202667 173.799576 198.950500
v 422.053467 173.793518 199.089035
v 423.079681 172.813385 200.172256
v 423.067902 173.557739 200.191177
v 422.151520 173.735184 198.718124
v 421.939636 173.634674 198.893707
v 422.053253 173.334732 198.396545
v 421.755005 173.262238 198.674728
v 421.867920 172.984314 198.051880
v 421.527008 172.931854 198.411255
v 421.790100 172.516235 197.947632
v 421.454926 172.493225 198.312546
v 421.883392 172.045532 198.027588
v 421.542358 172.052185 198.387466
v 422.123077 171.698929 198.270630
v 421.766937 171.727417 198.615189
v 422.444916 171.569275 198.611603
v 422.068512 171.605927 198.934677
v 422.690582 171.688400 199.026077
v 422.366241 171.720291 199.260345
v 422.870758 172.085739 199.416031
v 422.617584 172.095596 199.547882
v 422.877960 172.807983 199.639694
v 422.781738 172.801529 199.755249
v 422.284973 173.512787 199.259460
v 422.219147 173.744537 198.934616
v 422.087250 173.736099 199.057037
v 423.119934 172.816559 200.134903
v 423.108795 173.495880 200.152527
v 421.873535 173.654648 199.658417
v 421.670715 173.749130 199.444107
v 422.692902 173.644669 200.540497
v 421.796631 173.761246 199.058731
v 421.710144 173.755127 199.239090
v 422.953308 173.618134 200.298309
v 422.816315 173.649673 200.425903
v 421.996948 173.659637 199.543823
v 422.133942 173.628098 199.416214
v 421.793884 173.770081 199.329926
v 421.930084 173.786438 199.203583
v 421.895935 173.754456 198.917664
v 422.248901 173.545670 199.308517
v 422.053833 173.771484 199.088470
v 423.068268 173.535706 200.190613
v 421.873871 173.632599 199.657837
v 421.670898 173.737579 199.443802
v 422.693268 173.622620 200.539917
v 421.796814 173.749695 199.058426
v 421.710327 173.743576 199.238785
v 422.953674 173.596085 200.297729
v 422.816681 173.627625 200.425323
v 421.997314 173.637589 199.543259
v 422.134277 173.606049 199.415649
v 421.794006 173.760956 199.329697
v 421.930420 173.766479 199.203064
v 422.323914 172.434021 199.295532
v 420.720825 172.369080 200.783966
v 422.288147 172.219223 199.247620
v 420.685028 172.154282 200.736053
v 422.183411 172.062927 199.127991
v 420.580292 171.997986 200.616440
v 422.037781 172.006989 198.968719
v 420.434662 171.942047 200.457138
v 421.890289 172.066422 198.812439
v 420.287170 172.001480 200.300873
v 421.780426 172.225266 198.701050
v 420.177338 172.160324 200.189484
v 421.737671 172.440994 198.664398
v 420.134552 172.376053 200.152847
v 421.773438 172.655777 198.712311
v 420.170319 172.590836 200.200729
v 421.878174 172.812073 198.831924
v 420.275055 172.747131 200.320374
v 422.023804 172.868011 198.991226
v 420.420685 172.803070 200.479645
v 421.489807 172.831833 201.633377
v 423.085785 172.896851 200.137680
v 422.309418 172.820206 199.296722
v 420.706329 172.755264 200.785156
v 420.083679 173.692413 200.609100
v 420.319824 173.701981 200.389862
v 419.773102 173.282349 200.454956
v 420.108002 173.295914 200.144012
v 419.454193 172.917816 200.225357
v 419.853760 172.934006 199.854385
v 419.371338 172.420319 200.114395
v 419.770874 172.436508 199.743423
v 419.470398 171.920639 200.199295
v 419.869934 171.936829 199.828323
v 419.724823 171.552704 200.457291
v 420.124390 171.568878 200.086319
v 420.066498 171.415070 200.819260
v 420.466034 171.431244 200.448288
v 420.475861 171.547546 201.121292
v 420.803345 171.560806 200.817245
v 420.848602 171.974640 201.362793
v 421.087128 171.984299 201.141342
v 421.029694 172.708679 201.405441
v 421.193756 172.714417 201.288055
v 420.688019 173.504486 200.757996
v 420.324005 173.723465 200.694809
v 420.473206 173.729507 200.556274
v 421.520020 172.750214 201.620331
v 421.507385 173.494522 201.640076
v 420.098999 173.652039 200.623825
v 420.293793 173.568008 200.421814
v 419.803192 173.243591 200.485657
v 420.105316 173.195404 200.206406
v 419.488556 172.887924 200.261047
v 419.873840 172.864883 199.946167
v 419.410706 172.419846 200.156784
v 419.799805 172.426178 199.849243
v 419.504028 171.949158 200.236755
v 419.887268 171.985138 199.924179
v 419.743713 171.602554 200.479797
v 420.111847 171.660370 200.151901
v 420.065552 171.472900 200.820770
v 420.413391 171.538879 200.471390
v 420.455383 171.597855 201.101395
v 420.711121 171.653244 200.797058
v 420.813477 172.002411 201.326172
v 420.962952 172.028564 201.084183
v 421.004395 172.732086 201.379227
v 421.126862 172.734497 201.291763
v 420.638275 173.446075 200.788376
v 420.309357 173.667175 200.707794
v 420.441345 173.669434 200.585205
v 421.479736 172.750122 201.657776
v 421.468567 173.429443 201.675415
v 421.059723 173.621674 200.414017
v 420.856903 173.716171 200.199692
v 421.879089 173.611710 201.296097
v 420.463196 173.707245 200.296783
v 420.649475 173.712173 200.223862
v 421.619873 173.564117 201.536346
v 421.755676 173.606705 201.410675
v 420.936279 173.616684 200.528610
v 420.800507 173.574081 200.654266
v 420.733215 173.727112 200.314697
v 420.596649 173.732422 200.441620
v 420.315643 173.690445 200.384888
v 420.688385 173.482452 200.757416
v 420.473572 173.707474 200.555695
v 421.507751 173.472488 201.639496
v 421.060059 173.599625 200.413437
v 420.857086 173.704620 200.199402
v 421.879456 173.589661 201.295517
v 420.463379 173.695679 200.296478
v 420.649658 173.700607 200.223557
v 421.620239 173.542068 201.535782
v 421.756042 173.584656 201.410110
v 420.936646 173.594635 200.528030
v 420.800873 173.552032 200.653687
v 420.733368 173.718002 200.314468
v 420.596985 173.712463 200.441101
v 422.792511 173.531296 200.489197
v 422.783478 174.086731 200.503723
v 421.824249 173.492081 201.388199
v 421.815247 174.047516 201.402710
v 422.307098 173.537079 199.966660
v 422.298065 174.092514 199.981171
v 421.338867 173.497849 200.865646
v 421.329834 174.053284 200.880157
v 423.097778 172.878830 200.147583
v 421.494659 172.813889 201.636002
v 427.971405 172.471527 198.374557
v 428.221619 172.468552 198.643677
v 427.881805 171.969986 198.452316
v 428.132050 171.967010 198.721436
v 427.620911 171.594910 198.690781
v 427.871124 171.591949 198.959885
v 427.258575 171.446823 199.026031
v 427.508789 171.443848 199.295151
v 426.891907 171.565369 199.368256
v 427.142120 171.562393 199.637375
v 426.619171 171.918808 199.625748
v 426.869385 171.915833 199.894867
v 426.513428 172.412430 199.729523
v 426.763641 172.409454 199.998627
v 426.602997 172.913971 199.651764
v 426.853210 172.910995 199.920868
v 426.863922 173.289032 199.413315
v 427.114136 173.286072 199.682419
v 427.226257 173.437134 199.078049
v 427.476471 173.434158 199.347168
v 427.592896 173.318588 198.735825
v 427.843140 173.315613 199.004944
v 427.865662 172.965149 198.478333
v 428.115875 172.962173 198.747452
v 427.221527 171.078293 196.574127
v 427.310455 171.362366 196.494461
v 426.740479 171.058777 197.021683
v 426.642456 171.335266 197.115997
v 427.090118 171.079849 196.432938
v 427.179047 171.363922 196.353287
v 426.609070 171.060333 196.880508
v 426.511017 171.336823 196.974823
v 426.774628 170.768829 196.986725
v 427.196869 170.785965 196.593872
v 426.643188 170.770386 196.845551
v 427.065430 170.787521 196.452682
v 426.948303 170.542465 196.822556
v 426.811035 170.634064 196.951340
v 426.869659 170.564133 196.895981
v 427.030762 170.545807 196.745819
v 427.108582 170.573822 196.673691
v 427.164856 170.648407 196.622131
v 426.816864 170.544006 196.681381
v 426.738251 170.565689 196.754807
v 426.679626 170.635620 196.810165
v 426.899353 170.547363 196.604660
v 427.033447 170.649963 196.480942
v 426.977173 170.575378 196.532516
v 427.541626 171.930847 196.413528
v 427.550598 171.379868 196.399139
v 427.772064 171.940201 196.199158
v 427.781006 171.389206 196.184753
v 427.731598 171.928604 196.617615
v 427.740570 171.377609 196.603226
v 427.962036 171.937943 196.403244
v 427.970978 171.386963 196.388840
v 427.855225 171.340942 196.115128
v 427.848114 171.775436 196.126541
v 428.038086 171.773193 196.330627
v 428.045197 171.338699 196.319214
v 427.961487 171.285370 196.015594
v 427.953827 171.685394 196.027145
v 428.143799 171.683151 196.231232
v 428.151459 171.283127 196.219666
v 428.010620 171.237625 195.969330
v 428.126190 171.604462 195.865784
v 428.316162 171.602203 196.069870
v 428.200592 171.235367 196.173416
v 428.049713 171.156387 195.917099
v 428.267609 171.443298 195.717407
v 428.472504 171.440872 195.937531
v 428.254608 171.153961 196.137207
v 428.074829 171.052032 195.874695
v 428.355164 171.220764 195.615601
v 428.577881 171.218124 195.854843
v 428.297546 171.049393 196.113953
v 428.097748 170.920029 195.851898
v 428.396484 170.990997 195.574615
v 428.619202 170.988373 195.813858
v 428.320465 170.917404 196.091141
v 428.113617 170.748016 195.861954
v 428.413300 170.759338 195.583099
v 428.609375 170.757019 195.793732
v 428.309692 170.745697 196.072586
v 428.190308 170.601242 195.830444
v 428.382355 170.608200 195.651749
v 428.537048 170.606369 195.817917
v 428.345001 170.599411 195.996628
v 427.868439 171.970551 196.300232
v 427.859497 171.369736 196.301956
v 427.635895 171.961121 196.516617
v 427.645630 171.361069 196.500931
v 427.949249 171.809280 196.223251
v 427.938568 171.318314 196.227768
v 428.043182 171.712585 196.134735
v 428.022675 171.285172 196.149109
v 428.226868 171.626328 195.962799
v 428.075043 171.234299 196.099808
v 428.385498 171.454529 195.813263
v 428.124634 171.147659 196.052689
v 428.488281 171.217285 195.714951
v 428.160889 171.036331 196.017715
v 428.532288 170.972488 195.671280
v 428.185333 170.895691 195.993408
v 428.536011 170.725815 195.665085
v 428.188019 170.712585 195.988876
v 428.480988 170.565018 195.714539
v 428.247681 170.556442 195.931625
v 416.857391 171.284744 207.344025
v 416.852509 171.585312 207.351868
v 416.721466 171.279221 207.470520
v 416.716583 171.579803 207.478363
v 416.730835 171.286240 207.208038
v 416.725952 171.586807 207.215897
v 416.594879 171.280716 207.334534
v 416.589996 171.581299 207.342392
v 428.651184 171.345993 197.577789
v 428.602753 174.327194 197.655701
v 421.765717 171.066711 203.984177
v 421.717316 174.047928 204.062103
v 427.328247 171.361649 196.156616
v 427.279846 174.342865 196.234528
v 420.442810 171.082382 202.563004
v 420.394379 174.063583 202.640930
v 421.076508 173.520584 203.315598
v 420.750641 173.395554 202.959915
v 416.047089 173.202194 207.993820
v 420.932465 173.465256 203.449051
v 415.759949 173.092026 207.680389
v 420.623352 173.346649 203.111664
v 415.553436 172.784164 207.445023
v 420.401062 173.015244 202.858276
v 415.482880 172.361130 207.350754
v 420.325104 172.559845 202.756790
v 415.567200 171.936249 207.422852
v 420.415863 172.102463 202.834412
v 415.783813 171.623398 207.642014
v 420.649048 171.765671 203.070343
v 416.074646 171.506378 207.949493
v 420.962128 171.639694 203.401337
v 416.361786 171.616547 208.262909
v 421.271240 171.758301 203.738739
v 416.568298 171.924408 208.498291
v 421.493561 172.089706 203.992126
v 416.638855 172.347443 208.592560
v 421.569489 172.545120 204.093597
v 416.554535 172.772308 208.520462
v 421.478729 173.002487 204.015976
v 416.337952 173.085175 208.301300
v 421.245575 173.339279 203.780075
v 420.516266 173.046188 202.692810
v 420.436218 172.566116 202.585831
v 420.531891 172.083954 202.667664
v 420.777710 171.728912 202.916351
v 421.107758 171.596115 203.265305
v 421.433624 171.721161 203.620987
v 421.667969 172.070511 203.888092
v 421.748016 172.550583 203.995071
v 421.652344 173.032745 203.913239
v 421.406555 173.387787 203.664536
v 415.565521 172.394806 208.433151
v 416.092194 172.416168 207.943100
v 415.448029 172.349731 208.304916
v 415.974731 172.371094 207.814880
v 415.363556 172.223785 208.208633
v 415.890259 172.245148 207.718582
v 415.334686 172.050720 208.170059
v 415.861389 172.072083 207.680023
v 415.369202 171.876907 208.199554
v 415.895874 171.898270 207.709518
v 415.457794 171.748917 208.289215
v 415.984497 171.770279 207.799179
v 415.576782 171.701050 208.415009
v 416.103485 171.722412 207.924973
v 415.694244 171.746109 208.543228
v 416.220947 171.767471 208.053192
v 415.778748 171.872055 208.639526
v 416.305420 171.893417 208.149475
v 415.807587 172.045120 208.678085
v 416.334290 172.066483 208.188049
v 415.773102 172.218933 208.648590
v 416.299774 172.240295 208.158539
v 415.684479 172.346924 208.558945
v 416.211182 172.368286 208.068893
v 428.331329 173.031845 197.581772
v 428.338928 172.633362 197.572586
v 428.209717 172.289032 197.418732
v 427.978271 172.091110 197.161438
v 427.706635 172.092636 196.869629
v 427.467590 172.293213 196.621521
v 427.325165 172.639069 196.483582
v 427.317566 173.037567 196.492752
v 427.446777 173.381897 196.646622
v 427.678223 173.579819 196.903915
v 427.949860 173.578293 197.195709
v 428.188904 173.377716 197.443817
v 429.325836 173.044464 196.496475
v 429.208649 173.067429 196.765656
v 429.289825 173.062607 196.643234
v 429.331421 172.752502 196.489761
v 429.216278 172.668945 196.756485
v 429.296844 172.695312 196.634781
v 429.224426 172.467346 196.362350
v 429.087036 172.324600 196.602631
v 429.174133 172.368317 196.488663
v 429.020172 172.292694 196.135300
v 428.855621 172.126694 196.345337
v 428.950653 172.177216 196.240234
v 428.780487 172.294037 195.877823
v 428.583984 172.128220 196.053543
v 428.688385 172.178680 195.958481
v 428.582520 172.460144 195.672348
v 428.344940 172.328781 195.805420
v 428.461365 172.369171 195.722870
v 428.478180 172.713547 195.571274
v 428.202515 172.674652 195.667480
v 428.330109 172.687943 195.595718
v 428.472595 173.005524 195.578003
v 428.194885 173.073151 195.676666
v 428.323059 173.055237 195.604187
v 428.579620 173.290680 195.705414
v 428.324097 173.417480 195.830521
v 428.445801 173.382248 195.750290
v 428.783813 173.465317 195.932449
v 428.555542 173.615402 196.087814
v 428.669250 173.573349 195.998734
v 429.023529 173.463974 196.189941
v 428.827179 173.613876 196.379608
v 428.931549 173.571869 196.280472
v 429.221497 173.297867 196.395416
v 429.066254 173.413300 196.627716
v 429.158569 173.381393 196.516083
v 425.407074 171.214417 200.596191
v 424.084137 171.230072 199.175018
v 422.721649 171.174805 200.442719
v 424.044586 171.159149 201.863892
v 424.110840 171.007126 201.800522
v 425.345825 171.057220 200.651459
v 424.022888 171.072876 199.230286
v 422.787903 171.022781 200.379349
v 428.040741 171.254028 196.258972
v 428.088684 171.251953 196.214310
v 427.913422 171.255524 196.122208
v 427.961395 171.253464 196.077545
v 428.023071 171.195679 196.247925
v 428.051300 171.193649 196.221649
v 427.922546 171.196869 196.139923
v 427.950745 171.194839 196.113647
v 428.066345 171.322662 196.281860
v 428.163513 171.284149 196.190948
v 427.893188 171.324707 196.095871
v 427.990387 171.286194 196.004959
v 428.009338 171.130951 196.260025
v 428.028412 171.110641 196.242020
v 427.908783 171.132141 196.152008
v 427.927887 171.111832 196.134018
v 427.973938 171.073105 196.292328
v 427.984131 171.045044 196.282516
v 427.873413 171.074295 196.184311
v 427.883606 171.046234 196.174500
v 427.913055 171.033783 196.348572
v 427.916290 171.002701 196.345200
v 427.812500 171.034973 196.240570
v 427.815735 171.003891 196.237198
v 427.723206 171.036636 196.525345
v 427.723480 171.005219 196.524734
v 427.622650 171.037827 196.417328
v 427.622925 171.006409 196.416718
v 427.666534 171.089264 196.578659
v 427.653442 171.067917 196.590607
v 427.565979 171.090454 196.470657
v 427.552917 171.069107 196.482590
v 427.643860 171.156586 196.600525
v 427.618500 171.134140 196.623871
v 427.543304 171.157776 196.492523
v 427.517944 171.135330 196.515869
v 427.739380 171.377380 196.549286
v 427.582092 171.354828 196.695435
v 427.603668 171.378998 196.403519
v 427.446381 171.356445 196.549667
v 427.553772 171.282410 196.484146
v 427.481445 171.267563 196.551315
v 427.581970 171.266373 196.659317
v 427.654297 171.281219 196.592163
v 427.718689 170.996246 196.327454
v 427.819244 170.995056 196.435471
v 427.819061 171.026413 196.436005
v 427.718506 171.027603 196.327988
v 428.348572 171.064941 197.784851
v 428.437500 171.349030 197.705185
v 427.867523 171.045441 198.232407
v 427.769501 171.321930 198.326736
v 428.217163 171.066498 197.643677
v 428.306091 171.350586 197.564011
v 427.736115 171.046997 198.091232
v 427.638062 171.323486 198.185547
v 427.901672 170.755493 198.197449
v 428.323883 170.772629 197.804596
v 427.770233 170.757050 198.056274
v 428.192474 170.774170 197.663406
v 428.075317 170.529114 198.033279
v 427.938080 170.620712 198.162064
v 427.996704 170.550797 198.106720
v 428.157806 170.532455 197.956558
v 428.235626 170.560486 197.884430
v 428.291901 170.635071 197.832870
v 427.943909 170.530670 197.892120
v 427.865295 170.552353 197.965546
v 427.806671 170.622269 198.020889
v 428.026398 170.534012 197.815384
v 428.160492 170.636627 197.691681
v 428.104187 170.562042 197.743256
v 427.602325 172.461121 198.543030
v 427.695221 172.460022 198.642960
v 427.547394 172.153610 198.590698
v 427.640320 172.152512 198.690628
v 427.387421 171.923645 198.736908
v 427.480347 171.922546 198.836838
v 427.165253 171.832855 198.942459
v 427.258179 171.831741 199.042389
v 426.940460 171.905533 199.152298
v 427.033356 171.904434 199.252213
v 426.773224 172.122238 199.310165
v 426.866119 172.121124 199.410095
v 426.708374 172.424896 199.373795
v 426.801300 172.423782 199.473724
v 426.763306 172.732407 199.326126
v 426.856232 172.731308 199.426041
v 426.923279 172.962372 199.179916
v 427.016205 172.961273 199.279846
v 427.145447 173.053177 198.974365
v 427.238342 173.052078 199.074280
v 427.370270 172.980484 198.764542
v 427.463165 172.979385 198.864456
v 427.537476 172.763779 198.606644
v 427.630402 172.762680 198.706573
v 423.012482 172.898926 200.191330
v 424.335419 172.883270 201.612503
v 423.002258 173.527878 200.207764
v 424.325195 173.512207 201.628952
v 421.527405 172.838715 201.572723
v 422.850342 172.823044 202.993896
v 421.517181 173.467651 201.589157
v 422.840149 173.451996 203.010345
v 430.886993 171.782867 195.173111
v 431.346405 171.777420 195.667236
v 430.831451 170.861023 195.269180
v 431.236420 170.856216 195.704727
v 430.607941 170.178131 195.534470
v 430.948059 170.174088 195.900269
v 430.279083 169.917130 195.900803
v 430.555939 169.913834 196.198563
v 430.219452 173.587372 195.996735
v 430.496307 173.584076 196.294495
v 430.556335 173.356644 195.617554
v 430.896423 173.352615 195.983337
v 430.801636 172.696152 195.317139
v 431.206604 172.691345 195.752701
v 430.567322 171.748474 196.290848
v 430.208069 171.752731 195.904449
v 430.541779 171.767868 195.532593
v 430.962616 171.762878 195.985229
v 430.789154 171.778915 195.263702
v 431.248901 171.773468 195.758163
v 422.245636 172.963867 202.338013
v 422.189240 172.991226 202.278534
v 422.153534 173.061508 202.243164
v 422.152130 173.147858 202.245422
v 422.185577 173.217300 202.284439
v 422.241089 173.243332 202.345306
v 422.297485 173.215973 202.404785
v 422.333191 173.145706 202.440155
v 422.334595 173.059357 202.437897
v 422.301147 172.989899 202.398880
v 421.741821 172.881531 200.854599
v 422.749054 172.885162 199.918137
v 421.639923 172.930954 200.747101
v 422.632141 172.941879 199.794815
v 421.575348 173.057983 200.683182
v 422.558105 173.087585 199.721497
v 421.572815 173.214081 200.687256
v 422.555206 173.266632 199.726166
v 421.633270 173.339615 200.757782
v 422.624542 173.410645 199.807068
v 421.733612 173.386642 200.867813
v 422.739655 173.464600 199.933273
v 421.835541 173.337219 200.975311
v 422.856537 173.407898 200.056595
v 421.900085 173.210190 201.039230
v 422.930603 173.262177 200.129929
v 421.902618 173.054092 201.035156
v 422.933502 173.083130 200.125244
v 421.842163 172.928558 200.964630
v 422.864166 172.939117 200.044342
v 421.742432 172.844360 200.853638
v 421.625519 172.901077 200.730316
v 421.551483 173.046783 200.656998
v 421.548553 173.225830 200.661667
v 421.617920 173.369843 200.742569
v 421.733002 173.423798 200.868774
v 421.849915 173.367096 200.992096
v 421.923981 173.221375 201.065430
v 421.926880 173.042328 201.060745
v 421.857544 172.898331 200.979843
v 421.272827 172.975418 201.291718
v 421.216431 173.002777 201.232239
v 421.180725 173.073044 201.196869
v 421.179321 173.159393 201.199127
v 421.212769 173.228851 201.238144
v 421.268280 173.254883 201.299026
v 421.324646 173.227524 201.358490
v 421.360382 173.157257 201.393860
v 421.361786 173.070908 201.391602
v 421.328339 173.001450 201.352585
v 421.461151 173.006866 200.558060
v 422.489746 173.028214 199.645355
v 421.382416 172.905670 200.468918
v 422.399445 172.912109 199.543106
v 421.276672 172.893631 200.354630
v 422.278168 172.898315 199.412003
v 421.184326 172.975388 200.258835
v 422.172241 172.992096 199.302109
v 421.140656 173.119675 200.218124
v 422.122131 173.157623 199.255417
v 421.162323 173.271408 200.248047
v 422.146973 173.331665 199.289734
v 421.241058 173.372620 200.337189
v 422.237274 173.447769 199.391998
v 421.346771 173.384644 200.451477
v 422.358582 173.461563 199.523102
v 421.439148 173.302887 200.547272
v 422.464508 173.367798 199.632996
v 421.482819 173.158600 200.587982
v 422.514618 173.202255 199.679703
v 421.483124 172.987411 200.580856
v 421.392822 172.871307 200.478607
v 421.271515 172.857513 200.347504
v 421.165588 172.951294 200.237610
v 421.115479 173.116821 200.190918
v 421.140350 173.290863 200.225235
v 421.230652 173.406967 200.327484
v 421.351959 173.420761 200.458603
v 421.457886 173.326996 200.568497
v 421.507996 173.161453 200.615189
v 420.927216 173.047028 200.922974
v 420.883667 172.991028 200.873657
v 420.825165 172.984375 200.810425
v 420.774078 173.029602 200.757416
v 420.749908 173.109436 200.734894
v 420.761902 173.193390 200.751465
v 420.805450 173.249374 200.800766
v 420.863953 173.256027 200.863998
v 420.915039 173.210800 200.917007
v 420.939209 173.130966 200.939529
v 421.009247 172.904236 200.067322
v 422.032623 172.916412 199.148605
v 420.911652 172.846756 199.959808
v 421.920685 172.850464 199.025269
v 420.807861 172.885559 199.849792
v 421.801605 172.894989 198.899078
v 420.737457 173.005814 199.779297
v 421.720856 173.032944 198.818207
v 420.727386 173.161606 199.775253
v 421.709290 173.211639 198.813568
v 420.781464 173.293411 199.839188
v 421.771332 173.362839 198.886917
v 420.879059 173.350891 199.946716
v 421.883301 173.428772 199.010239
v 420.982880 173.312088 200.056732
v 422.002380 173.384262 199.136444
v 421.053253 173.191818 200.127228
v 422.083130 173.246307 199.217316
v 421.063324 173.036041 200.131271
v 422.094666 173.067612 199.221954
v 421.026001 172.875610 200.084106
v 420.914062 172.809662 199.960770
v 420.794983 172.854187 199.834564
v 420.714233 172.992126 199.753693
v 420.702667 173.170837 199.749054
v 420.764709 173.322037 199.822418
v 420.876648 173.387970 199.945740
v 420.995758 173.343460 200.071945
v 421.076508 173.205505 200.152817
v 421.088043 173.026810 200.157455
v 420.491180 172.972229 200.450531
v 420.437195 172.940430 200.391052
v 420.379761 172.961899 200.330170
v 420.340820 173.028442 200.291168
v 420.335236 173.114624 200.288940
v 420.365173 173.187546 200.324310
v 420.419159 173.219345 200.383789
v 420.476593 173.197876 200.444672
v 420.515533 173.131348 200.483673
v 420.521118 173.045151 200.485901
v 420.574615 172.584808 199.585709
v 421.587097 172.589203 198.654907
v 420.468597 172.602432 199.472397
v 421.465485 172.609421 198.524933
v 420.387909 172.707855 199.390182
v 421.372925 172.730347 198.430603
v 420.363342 172.860809 199.370422
v 421.344757 172.905807 198.407959
v 420.404327 173.002869 199.420700
v 421.391754 173.068756 198.465622
v 420.495178 173.079773 199.521805
v 421.495941 173.156982 198.581604
v 420.601166 173.062149 199.635101
v 421.617554 173.136765 198.711578
v 420.681885 172.956726 199.717346
v 421.710114 173.015823 198.805908
v 420.706421 172.803772 199.737091
v 421.738281 172.840378 198.828552
v 420.665436 172.661713 199.686798
v 421.691284 172.677414 198.770889
v 420.580444 172.548401 199.590408
v 420.458862 172.568619 199.460434
v 420.366302 172.689545 199.366104
v 420.338135 172.865005 199.343445
v 420.385132 173.027954 199.401123
v 420.489319 173.116180 199.517105
v 420.610931 173.095963 199.647079
v 420.703491 172.975037 199.741409
v 420.731659 172.799576 199.764053
v 420.684662 172.636627 199.706375
v 420.089691 172.676437 200.005600
v 420.031036 172.686188 199.942902
v 419.986389 172.744522 199.897415
v 419.972809 172.829132 199.886490
v 419.995483 172.907730 199.914307
v 420.045746 172.950272 199.970245
v 420.104401 172.940521 200.032928
v 420.149048 172.882202 200.078430
v 420.162628 172.797577 200.089340
v 420.139954 172.718979 200.061523
v 420.591553 172.117401 199.583542
v 421.619995 172.138306 198.670639
v 420.511841 172.017853 199.493423
v 421.528534 172.024109 198.567261
v 420.405945 172.007996 199.379059
v 421.407074 172.012787 198.436066
v 420.314331 172.091568 199.284134
v 421.302002 172.108673 198.327179
v 420.272003 172.236679 199.244919
v 421.253448 172.275131 198.282196
v 420.295105 172.387878 199.276367
v 421.279938 172.448578 198.318283
v 420.374847 172.487427 199.366501
v 421.371399 172.562775 198.421661
v 420.480713 172.497299 199.480850
v 421.492859 172.574097 198.552841
v 420.572327 172.413712 199.575775
v 421.597931 172.478210 198.661728
v 420.614655 172.268600 199.614990
v 421.646484 172.311752 198.706726
v 420.613342 172.097504 199.606140
v 420.521912 171.983307 199.502762
v 420.400452 171.971985 199.371567
v 420.295380 172.067871 199.262680
v 420.246796 172.234329 199.217682
v 420.273315 172.407776 199.253784
v 420.364777 172.521973 199.357162
v 420.486206 172.533295 199.488342
v 420.591309 172.437408 199.597229
v 420.639862 172.270950 199.642227
v 420.058167 172.158890 199.949081
v 420.014038 172.103821 199.899231
v 419.955475 172.098358 199.835968
v 419.904785 172.144592 199.783447
v 419.881378 172.224884 199.761749
v 419.894165 172.308533 199.779144
v 419.938263 172.363617 199.829010
v 419.996826 172.369064 199.892273
v 420.047516 172.322815 199.944794
v 420.070953 172.242538 199.966492
v 420.543030 171.512619 199.504959
v 421.571472 171.533508 198.592056
v 420.463318 171.413071 199.414841
v 421.480011 171.419327 198.488678
v 420.357422 171.403198 199.300476
v 421.358551 171.408005 198.357483
v 420.265839 171.486786 199.205551
v 421.253479 171.503891 198.248596
v 420.223511 171.631897 199.166336
v 421.204926 171.670349 198.203613
v 420.246613 171.783096 199.197784
v 421.231415 171.843796 198.239700
v 420.326324 171.882645 199.287903
v 421.322876 171.957993 198.343079
v 420.432190 171.892517 199.402267
v 421.444336 171.969315 198.474258
v 420.523804 171.808929 199.497192
v 421.549408 171.873428 198.583145
v 420.566132 171.663818 199.536423
v 421.597961 171.706970 198.628128
v 420.564819 171.492722 199.527557
v 420.473389 171.378525 199.424164
v 420.351929 171.367203 199.292984
v 420.246857 171.463089 199.184097
v 420.198303 171.629547 199.139114
v 420.224792 171.802994 199.175186
v 420.316254 171.917191 199.278580
v 420.437683 171.928513 199.409760
v 420.542786 171.832626 199.518646
v 420.591339 171.666168 199.563629
v 420.009644 171.554108 199.870499
v 419.965546 171.499023 199.820648
v 419.906952 171.493561 199.757370
v 419.856262 171.539810 199.704865
v 419.832855 171.620087 199.683151
v 419.845642 171.703751 199.700562
v 419.889740 171.758820 199.750427
v 419.948334 171.764282 199.813690
v 419.998993 171.718033 199.866211
v 420.022430 171.637756 199.887909
v 420.122314 171.098587 199.034195
v 421.138947 171.104797 198.107956
v 420.016418 171.089203 198.919830
v 421.017456 171.094040 197.976761
v 419.924988 171.173203 198.825104
v 420.912567 171.190384 197.868103
v 419.882935 171.318481 198.786224
v 420.864349 171.357056 197.823486
v 419.906372 171.469559 198.818024
v 420.891235 171.530365 197.859970
v 419.986298 171.568741 198.908356
v 420.982941 171.644119 197.963593
v 420.092224 171.578125 199.022720
v 421.104431 171.654892 198.094803
v 420.183655 171.494125 199.117447
v 421.209320 171.558548 198.203461
v 420.225677 171.348846 199.156342
v 421.257538 171.391876 198.248077
v 420.202240 171.197754 199.124542
v 421.230652 171.218567 198.211594
v 420.132324 171.063995 199.043457
v 420.010834 171.053238 198.912262
v 419.905945 171.149597 198.803589
v 419.857727 171.316254 198.758987
v 419.884613 171.489563 198.795471
v 419.976288 171.603317 198.899094
v 420.097809 171.614090 199.030304
v 420.202667 171.517746 199.138962
v 420.250885 171.351074 199.183563
v 420.224030 171.177765 199.147079
v 419.624756 171.184677 199.440247
v 419.566162 171.179474 199.376968
v 419.515594 171.225952 199.324570
v 419.492340 171.306335 199.303055
v 419.505280 171.389908 199.320648
v 419.549530 171.444778 199.370636
v 419.608124 171.449966 199.433899
v 419.658691 171.403503 199.486313
v 419.681946 171.323135 199.507828
v 419.668976 171.239532 199.490234
v 419.602539 170.920029 198.467102
v 420.599487 170.926971 197.519699
v 419.521637 171.025131 198.384659
v 420.506683 171.047531 197.425125
v 419.496826 171.177994 198.364609
v 420.478210 171.222885 197.402115
v 419.537506 171.320236 198.414597
v 420.524902 171.386063 197.459473
v 419.628204 171.397507 198.515549
v 420.628906 171.474701 197.575272
v 419.734222 171.380310 198.628891
v 420.750549 171.454971 197.705292
v 419.815125 171.275208 198.711334
v 420.843323 171.334396 197.799881
v 419.839966 171.122330 198.731400
v 420.871826 171.159042 197.822891
v 419.799255 170.980103 198.681396
v 420.825134 170.995880 197.765533
v 419.708557 170.902817 198.580460
v 420.721100 170.907227 197.649719
v 419.592834 170.886169 198.455200
v 419.500061 171.006729 198.360626
v 419.471588 171.182083 198.337616
v 419.518250 171.345261 198.394974
v 419.622284 171.433899 198.510773
v 419.743927 171.414169 198.640793
v 419.836700 171.293594 198.735367
v 419.865204 171.118240 198.758377
v 419.818512 170.955078 198.701035
v 419.714478 170.866440 198.585220
v 419.164764 171.003906 198.937408
v 419.120026 171.062057 198.891785
v 419.106293 171.146622 198.880692
v 419.128815 171.225327 198.908356
v 419.178986 171.268066 198.964203
v 419.237640 171.258560 199.026917
v 419.282379 171.200409 199.072540
v 419.296143 171.115845 199.083633
v 419.273621 171.037140 199.055969
v 419.223450 170.994400 199.000107
v 419.250244 170.957733 198.089676
v 420.256531 170.961411 197.152206
v 419.149536 171.012619 197.983704
v 420.141022 171.024384 197.030624
v 419.088165 171.142914 197.923340
v 420.070618 171.173843 196.961395
v 419.089569 171.298859 197.931656
v 420.072235 171.352722 196.970932
v 419.153229 171.420868 198.005463
v 420.145233 171.492691 197.055603
v 419.254791 171.462357 198.116592
v 420.261780 171.540283 197.183060
v 419.355499 171.407471 198.222565
v 420.377289 171.477310 197.304626
v 419.416901 171.277176 198.282928
v 420.447693 171.327850 197.373871
v 419.415466 171.121231 198.274612
v 420.446075 171.148972 197.364334
v 419.351837 170.999222 198.200790
v 420.373077 171.009003 197.279663
v 419.249908 170.920609 198.087708
v 419.134369 170.983582 197.966125
v 419.063965 171.133041 197.896896
v 419.065582 171.311920 197.906433
v 419.138611 171.451889 197.991104
v 419.255127 171.499481 198.118561
v 419.370667 171.436523 198.240128
v 419.441071 171.287048 198.309372
v 419.439453 171.108170 198.299835
v 419.366425 170.968216 198.215164
v 418.784088 171.051529 198.529846
v 418.728363 171.081879 198.471222
v 418.694397 171.153976 198.437820
v 418.695190 171.240250 198.442429
v 418.730408 171.307755 198.483261
v 418.786621 171.330704 198.544739
v 418.842316 171.300339 198.603363
v 418.876282 171.228256 198.636765
v 418.875519 171.141983 198.632172
v 418.840302 171.074478 198.591324
v 418.839355 170.935394 197.646576
v 419.845642 170.939072 196.709091
v 418.738647 170.990280 197.540588
v 419.730133 171.002029 196.587524
v 418.677277 171.120575 197.480240
v 419.659729 171.151505 196.518280
v 418.678680 171.276505 197.488556
v 419.661316 171.330368 196.527817
v 418.742340 171.398529 197.562363
v 419.734344 171.470337 196.612503
v 418.843903 171.440018 197.673477
v 419.850861 171.517929 196.739960
v 418.944641 171.385117 197.779465
v 419.966400 171.454956 196.861526
v 419.006012 171.254822 197.839813
v 420.036804 171.305496 196.930771
v 419.004578 171.098892 197.831497
v 420.035187 171.126617 196.921234
v 418.940948 170.976883 197.757690
v 419.962189 170.986649 196.836563
v 418.839020 170.898270 197.644592
v 418.723480 170.961227 197.523026
v 418.653076 171.110703 197.453781
v 418.654694 171.289566 197.463318
v 418.727722 171.429535 197.547989
v 418.844238 171.477127 197.675461
v 418.959778 171.414169 197.797028
v 419.030182 171.264694 197.866272
v 419.028564 171.085831 197.856735
v 418.955566 170.945862 197.772064
v 418.373199 171.029175 198.086746
v 418.317474 171.059540 198.028107
v 418.283508 171.131622 197.994720
v 418.284302 171.217896 197.999313
v 418.319519 171.285400 198.040161
v 418.375732 171.308350 198.101624
v 418.431427 171.277985 198.160263
v 418.465393 171.205902 198.193649
v 418.464600 171.119629 198.189056
v 418.429382 171.052124 198.148224
v 418.417816 170.635193 197.179901
v 419.409302 170.646942 196.226837
v 418.356445 170.765488 197.119537
v 419.338898 170.796402 196.157593
v 418.357849 170.921417 197.127853
v 419.340515 170.975281 196.167130
v 418.421509 171.043427 197.201675
v 419.413544 171.115250 196.251801
v 418.523102 171.084915 197.312775
v 419.530060 171.162842 196.379257
v 418.623810 171.030029 197.418762
v 419.645599 171.099884 196.500824
v 418.685181 170.899734 197.479126
v 419.716003 170.950409 196.570068
v 418.683777 170.743805 197.470795
v 419.714386 170.771530 196.560532
v 418.620117 170.621780 197.396988
v 418.402679 170.606140 197.162323
v 418.332275 170.755600 197.093079
v 418.333893 170.934494 197.102631
v 418.406891 171.074448 197.187286
v 418.523438 171.122040 197.314758
v 418.638947 171.059082 197.436325
v 418.709351 170.909607 197.505569
v 418.707764 170.730728 197.496033
v 418.052399 170.674088 197.726044
v 417.996674 170.704453 197.667404
v 417.962708 170.776535 197.634018
v 417.963501 170.862808 197.638626
v 417.998718 170.930313 197.679459
v 418.054901 170.953262 197.740936
v 418.110626 170.922897 197.799561
v 418.144592 170.850815 197.832962
v 418.143799 170.764542 197.828354
v 418.108582 170.697037 197.787521
v 427.912994 171.324615 196.283890
v 427.895203 171.398209 196.301254
v 427.886566 171.300873 196.308228
v 427.841217 171.373352 196.351242
v 427.880219 171.324997 196.248672
v 427.862427 171.398590 196.266037
v 427.853790 171.301270 196.272995
v 427.808441 171.373734 196.316040
v 427.898041 171.246323 196.292740
v 427.924805 171.254913 196.267899
v 427.869446 171.246658 196.262039
v 427.896240 171.255249 196.237198
v 427.896362 171.185379 196.291962
v 427.922119 171.182404 196.267944
v 427.869446 171.185699 196.263062
v 427.895203 171.182724 196.239044
v 427.881897 171.126602 196.299103
v 427.902222 171.124252 196.280136
v 427.860626 171.126862 196.276276
v 427.880981 171.124512 196.257309
vn -0.3871 -0.8039 -0.4516
vn 0.0162 -0.9995 -0.0261
vn -0.6426 -0.3012 -0.7046
vn -0.6526 0.3165 -0.6884
vn -0.4134 0.8134 -0.4093
vn -0.0162 0.9995 0.0261
vn 0.3871 0.8039 0.4516
vn 0.6426 0.3012 0.7046
vn 0.6526 -0.3166 0.6884
vn 0.7322 0.0297 -0.6805
vn 0.4134 -0.8134 0.4093
vn -0.7322 -0.0297 0.6805
vn 0.6809 -0.0081 0.7323
vn -0.6809 0.0081 -0.7323
vn -0.6737 0.0085 -0.7389
vn -0.6739 0.0113 -0.7387
vn -0.6737 0.0084 -0.7389
vn 0.6422 -0.4741 -0.6023
vn -0.4708 -0.7708 0.4293
vn -0.6882 -0.3489 0.6361
vn 0.1674 -0.9717 -0.1664
vn -0.1151 0.9863 0.1180
vn 0.4709 0.7707 -0.4293
vn 0.6883 0.3489 -0.6361
vn -0.1273 -0.9860 0.1075
vn 0.1273 0.9860 -0.1075
vn 0.2504 -0.9371 -0.2431
vn -0.2504 0.9371 0.2431
vn -0.5610 0.6371 0.5286
vn 0.5610 -0.6371 -0.5286
vn 0.7212 -0.1663 -0.6724
vn -0.7212 0.1664 0.6724
vn 0.6882 0.3489 -0.6361
vn -0.7293 0.0844 0.6790
vn -0.6517 -0.4629 0.6008
vn 0.2474 0.9437 -0.2196
vn -0.0897 0.9915 0.0943
vn 0.6266 0.5240 -0.5768
vn 0.7213 0.1807 -0.6686
vn 0.3598 -0.8673 -0.3441
vn 0.6603 -0.4259 -0.6186
vn 0.4673 0.7747 -0.4260
vn 0.4674 0.7747 -0.4260
vn 0.0624 -0.9957 -0.0690
vn -0.3515 -0.8809 0.3171
vn -0.5180 0.7015 0.4894
vn 0.3802 -0.8508 -0.3629
vn -0.3520 -0.8805 0.3176
vn -0.3520 -0.8804 0.3176
vn -0.6260 -0.5255 0.5762
vn -0.6422 0.4740 0.6024
vn -0.6422 0.4741 0.6024
vn -0.3801 0.8508 0.3628
vn 0.3520 0.8805 -0.3176
vn 0.6260 0.5255 -0.5762
vn -0.6778 0.0085 -0.7352
vn -0.6780 0.0098 -0.7350
vn -0.6781 0.0100 -0.7349
vn 0.0217 -0.9993 -0.0312
vn 0.0041 1.0000 0.0072
vn -0.6797 0.1255 -0.7227
vn -0.6975 0.1226 -0.7060
vn -0.6997 0.1222 -0.7039
vn 0.7106 0.2491 -0.6580
vn 0.7280 0.1165 -0.6756
vn 0.7323 0.0185 -0.6807
vn -0.7294 0.0830 0.6791
vn -0.1986 0.9604 0.1952
vn 0.6558 0.4520 -0.6047
vn -0.6803 0.0120 -0.7328
vn -0.6809 0.0121 -0.7323
vn -0.6802 0.0120 -0.7329
vn -0.7320 -0.0408 0.6801
vn 0.7118 0.2425 -0.6592
vn 0.1671 0.9753 -0.1446
vn -0.7203 -0.1880 0.6677
vn -0.5759 -0.6236 0.5286
vn 0.0151 -0.9996 -0.0251
vn 0.7177 0.2067 -0.6650
vn 0.7156 -0.2055 -0.6676
vn -0.2498 -0.9425 0.2219
vn 0.0024 -0.9999 -0.0133
vn -0.0055 -1.0000 -0.0059
vn -0.2047 -0.9622 0.1797
vn -0.3045 -0.9125 0.2731
vn -0.1577 0.9749 0.1574
vn -0.4071 0.8271 0.3876
vn -0.4449 0.7897 0.4224
vn -0.3289 0.8900 0.3157
vn -0.2094 0.9560 0.2053
vn -0.0462 0.9975 0.0540
vn 0.0446 0.9985 -0.0304
vn 0.5179 -0.7017 -0.4893
vn 0.3194 -0.8966 -0.3068
vn -0.6883 -0.3489 0.6361
vn -0.4708 -0.7707 0.4293
vn 0.6882 0.3490 -0.6360
vn -0.1272 -0.9860 0.1074
vn 0.2504 -0.9371 -0.2432
vn -0.2503 0.9371 0.2431
vn 0.5609 -0.6371 -0.5286
vn 0.6882 0.3490 -0.6361
vn -0.4085 0.8184 -0.4043
vn -0.5149 0.6777 -0.5250
vn -0.2797 0.9266 -0.2513
vn -0.5105 0.6849 -0.5199
vn -0.5937 0.5166 -0.6169
vn -0.5988 0.5032 -0.6230
vn -0.6806 0.0081 -0.7326
vn -0.5813 -0.4928 -0.6475
vn -0.3262 -0.8616 -0.3890
vn -0.3262 -0.8616 -0.3889
vn 0.3349 -0.8855 0.3221
vn 0.0046 -0.9992 -0.0386
vn 0.5963 -0.5101 0.6199
vn 0.3543 -0.8697 0.3437
vn 0.7326 -0.2275 0.6415
vn 0.6143 -0.4821 0.6247
vn -0.3947 -0.7839 -0.4792
vn 0.5770 0.8167 0.0068
vn 0.1524 0.9718 0.1798
vn 0.5485 -0.7660 0.3352
vn 0.5975 -0.6578 0.4585
vn 0.5797 -0.7733 0.2568
vn 0.6639 -0.5028 0.5536
vn 0.6645 -0.4972 0.5578
vn 0.7367 -0.0082 0.6761
vn 0.7366 -0.0031 0.6763
vn 0.6355 0.4944 0.5931
vn 0.3901 0.8587 0.3323
vn 0.3851 0.8631 0.3267
vn 0.0720 0.9967 -0.0383
vn 0.0736 0.9969 -0.0273
vn -0.2154 0.8880 -0.4063
vn -0.2167 0.8731 -0.4367
vn -0.3900 0.5256 -0.7561
vn -0.4008 0.5180 -0.7556
vn -0.6781 0.3323 -0.6556
vn 0.3539 -0.9315 0.0835
vn 0.7391 0.0367 -0.6726
vn 0.6840 0.3787 -0.6235
vn 0.7458 0.0295 -0.6655
vn 0.8998 0.2123 -0.3811
vn 0.8102 0.1867 -0.5557
vn 0.9043 0.2065 -0.3737
vn 0.7589 0.1023 -0.6432
vn 0.7584 0.1031 -0.6436
vn 0.7325 0.0297 -0.6801
vn 0.7325 0.0296 -0.6801
vn 0.7948 0.0318 -0.6061
vn 0.7953 0.0287 -0.6055
vn 0.8370 0.1308 -0.5314
vn 0.7792 0.1932 -0.5963
vn 0.7774 0.1950 -0.5980
vn 0.7823 0.1772 -0.5972
vn -0.7478 -0.0215 0.6636
vn -0.7573 -0.0804 0.6481
vn -0.7335 0.0282 0.6791
vn 0.6024 0.7955 -0.0662
vn 0.4184 0.8252 -0.3794
vn 0.3588 0.9322 0.0475
vn 0.0694 0.9724 0.2229
vn 0.0035 0.9874 0.1579
vn -0.1543 0.9877 -0.0234
vn 0.1650 0.9791 0.1189
vn 0.0864 0.9869 0.1361
vn -0.0161 0.9995 0.0263
vn 0.0559 0.9976 -0.0406
vn 0.0773 0.9861 0.1471
vn 0.1989 0.9645 -0.1739
vn -0.1294 0.9903 -0.0499
vn 0.3889 0.8443 0.3687
vn 0.3770 0.8575 0.3500
vn 0.3751 0.8596 0.3470
vn -0.7325 -0.0297 0.6801
vn -0.3604 -0.9316 -0.0481
vn -0.4013 -0.8533 -0.3328
vn -0.4506 -0.8925 0.0210
vn -0.0756 -0.9665 -0.2453
vn 0.1387 -0.9897 0.0365
vn -0.0255 -0.9885 -0.1492
vn -0.1762 -0.9763 -0.1252
vn 0.0161 -0.9995 -0.0263
vn -0.0559 -0.9976 0.0406
vn -0.1105 -0.9828 -0.1480
vn -0.1989 -0.9645 0.1738
vn -0.2684 -0.9332 0.2388
vn 0.0805 -0.9962 0.0339
vn 0.0911 -0.9955 0.0255
vn 0.0817 -0.9964 0.0238
vn -0.7331 0.4583 -0.5025
vn -0.8537 0.0114 -0.5206
vn -0.8533 -0.0002 -0.5214
vn -0.9496 -0.0072 -0.3134
vn -0.9819 -0.0110 -0.1892
vn -0.7424 -0.0431 0.6685
vn -0.7394 -0.0408 0.6720
vn 0.7329 0.0349 -0.6794
vn 0.7323 0.0364 -0.6800
vn 0.7313 0.0321 -0.6813
vn 0.7319 0.0310 -0.6807
vn 0.7325 0.0350 -0.6799
vn 0.7319 0.0309 -0.6807
vn 0.7335 0.0332 -0.6789
vn 0.7325 0.0305 -0.6800
vn 0.7332 0.0315 -0.6793
vn 0.6779 -0.1230 0.7248
vn 0.5975 -0.5068 0.6214
vn 0.3544 -0.8697 0.3437
vn -0.5975 0.5068 -0.6214
vn -0.3543 0.8697 -0.3437
vn -0.1138 0.9903 -0.0794
vn -0.1139 0.9903 -0.0794
vn -0.0343 0.9994 0.0067
vn 0.6797 0.0232 0.7331
vn 0.9393 0.3252 -0.1096
vn -0.6806 0.0081 -0.7327
vn -0.5813 -0.4928 -0.6476
vn 0.5984 -0.4828 0.6394
vn 0.5954 -0.2331 0.7688
vn -0.4145 -0.7847 -0.4608
vn -0.0709 0.7905 0.6084
vn -0.2702 0.9270 -0.2601
vn 0.4417 -0.6641 0.6032
vn 0.3271 -0.7750 0.5407
vn 0.2471 -0.7868 0.5656
vn 0.5249 -0.5085 0.6826
vn 0.4422 -0.6718 0.5943
vn 0.6201 -0.0129 0.7844
vn 0.5288 -0.5027 0.6838
vn 0.5230 0.4898 0.6975
vn 0.6201 -0.0078 0.7845
vn 0.2652 0.8536 0.4483
vn 0.5236 0.4882 0.6982
vn 0.2598 0.8580 0.4430
vn -0.0867 0.9902 0.1091
vn -0.4277 0.8794 -0.2093
vn -0.0759 0.9909 0.1116
vn -0.7476 0.5111 -0.4240
vn -0.4572 0.8634 -0.2134
vn -0.6180 0.3347 -0.7113
vn -0.7461 0.5040 -0.4351
vn 0.0978 -0.9419 0.3213
vn 0.2932 -0.9081 0.2990
vn -0.7295 -0.0248 0.6836
vn -0.6877 0.3231 0.6501
vn -0.7170 0.1873 0.6715
vn -0.6210 0.1287 0.7732
vn -0.4548 0.1574 0.8766
vn -0.4475 0.1517 0.8813
vn -0.7007 0.0431 0.7121
vn -0.6215 0.1298 0.7726
vn -0.7012 0.0439 0.7116
vn -0.7325 -0.0296 0.6801
vn -0.6634 -0.0272 0.7478
vn -0.5964 0.0728 0.7994
vn -0.6627 -0.0303 0.7482
vn -0.6594 0.1349 0.7396
vn -0.5944 0.0744 0.8008
vn -0.6598 0.1187 0.7420
vn -0.6611 0.1367 0.7378
vn -0.1920 0.2793 0.9408
vn 0.6968 -0.0301 -0.7167
vn 0.7278 0.0321 -0.6851
vn 0.7291 0.0874 -0.6789
vn -0.1446 0.7652 0.6273
vn -0.4445 0.7903 0.4218
vn 0.1258 0.9707 0.2046
vn -0.0194 0.9169 0.3986
vn 0.1748 0.9766 0.1251
vn -0.0549 0.9918 -0.1156
vn 0.1142 0.9919 0.0552
vn 0.0638 0.9750 0.2128
vn -0.0879 0.9918 0.0929
vn 0.0980 0.9869 0.1279
vn -0.2297 0.9471 0.2241
vn -0.0833 0.9922 -0.0927
vn 0.3022 0.8407 0.4493
vn 0.2839 0.8537 0.4365
vn 0.3065 0.8376 0.4522
vn 0.7301 0.0250 -0.6829
vn -0.1002 -0.9711 -0.2165
vn 0.0189 -0.9162 -0.4003
vn 0.0927 -0.8705 -0.4834
vn -0.1968 -0.9714 -0.1328
vn -0.1039 -0.9916 -0.0765
vn 0.0692 -0.9925 0.1010
vn -0.0695 -0.9720 -0.2244
vn -0.0972 -0.9843 -0.1476
vn 0.0879 -0.9918 -0.0929
vn -0.0967 -0.9822 -0.1608
vn 0.2297 -0.9471 -0.2241
vn 0.2982 -0.9103 -0.2872
vn 0.0621 -0.9967 0.0525
vn 0.0611 -0.9972 0.0429
vn -0.4567 0.0275 -0.8892
vn -0.4670 0.4691 -0.7496
vn -0.4571 0.0158 -0.8893
vn -0.2425 0.0214 -0.9699
vn -0.1162 0.0241 -0.9929
vn 0.7240 0.0198 -0.6895
vn 0.7254 0.0185 -0.6881
vn 0.7115 0.0307 -0.7020
vn -0.7321 -0.0244 0.6808
vn -0.7325 -0.0243 0.6803
vn -0.7331 -0.0283 0.6795
vn -0.7331 -0.0285 0.6795
vn -0.7315 -0.0261 0.6813
vn -0.7325 -0.0288 0.6802
vn -0.7318 -0.0279 0.6809
vn 0.0561 -0.9983 0.0168
vn 0.6422 -0.4741 -0.6024
vn 0.3802 -0.8508 -0.3628
vn 0.3801 -0.8508 -0.3628
vn -0.3802 0.8508 0.3629
vn -0.3802 0.8508 0.3628
vn 0.6813 -0.0081 0.7319
vn 0.6813 -0.0080 0.7319
vn -0.6592 -0.4414 0.6088
vn -0.6983 -0.3069 0.6466
vn -0.6813 0.0081 -0.7319
vn 0.7074 -0.2499 -0.6612
vn 0.6727 -0.3874 -0.6304
vn 0.7157 -0.2027 -0.6684
vn -0.7081 -0.2605 0.6563
vn -0.6813 0.0080 -0.7319
vn -0.0673 -0.9964 0.0517
vn 0.0996 -0.9896 -0.1036
vn -0.3277 -0.8975 0.2951
vn -0.6038 -0.5714 0.5558
vn 0.3564 -0.8698 -0.3413
vn 0.6216 -0.5217 -0.5843
vn -0.2658 -0.9344 0.2371
vn -0.0561 -0.9632 0.2629
vn -0.1414 -0.9826 0.1208
vn 0.3388 0.8898 -0.3056
vn 0.3833 0.6956 -0.6077
vn 0.5444 0.6740 -0.4994
vn 0.1339 0.9733 0.1864
vn -0.0696 -0.9906 -0.1179
vn -0.2768 -0.9606 0.0258
vn 0.4984 0.5514 -0.6690
vn 0.6050 0.5690 -0.5569
vn -0.4979 -0.7381 0.4554
vn -0.2539 -0.8623 0.4382
vn -0.3188 -0.9034 0.2868
vn -0.1644 -0.9165 0.3648
vn 0.6527 0.0266 0.7572
vn 0.6505 0.0240 0.7592
vn 0.6676 -0.0002 0.7445
vn -0.6948 0.0160 -0.7190
vn -0.6813 0.0081 -0.7320
vn 0.3530 0.8796 -0.3189
vn 0.2004 0.8974 -0.3932
vn -0.6951 -0.3206 0.6435
vn -0.4679 -0.4789 0.7428
vn -0.6276 -0.5211 0.5785
vn 0.5525 0.6616 -0.5070
vn 0.2396 0.8651 -0.4407
vn -0.3673 -0.6898 0.6239
vn -0.7104 0.0401 -0.7027
vn -0.7082 0.0427 -0.7048
vn -0.5627 -0.1534 0.8123
vn -0.5284 -0.3060 0.7919
vn -0.6949 0.0332 -0.7183
vn -0.7187 0.0874 -0.6898
vn 0.6375 0.0713 0.7671
vn 0.6671 0.0171 0.7448
vn 0.5564 0.3862 -0.7357
vn 0.4365 0.6578 -0.6139
vn 0.6826 -0.0611 0.7282
vn 0.6808 -0.1446 0.7181
vn 0.6857 -0.0490 0.7262
vn -0.6757 -0.0328 -0.7364
vn -0.6960 0.0573 -0.7157
vn 0.6647 0.0412 0.7460
vn 0.6800 0.3771 -0.6288
vn 0.5868 0.1414 -0.7973
vn -0.7014 -0.2934 0.6496
vn -0.3744 -0.4644 0.8025
vn -0.5147 -0.2315 0.8255
vn 0.7271 0.1230 -0.6755
vn 0.5192 -0.1738 -0.8368
vn -0.7262 -0.1328 0.6745
vn -0.6690 -0.1286 -0.7320
vn -0.6781 -0.0450 -0.7336
vn 0.2549 -0.9375 0.2370
vn 0.0140 -0.9996 -0.0240
vn 0.0142 -0.9996 -0.0242
vn -0.6646 -0.1921 -0.7220
vn -0.6715 -0.1414 -0.7274
vn 0.6705 -0.2080 0.7122
vn 0.6759 -0.1573 0.7200
vn 0.7093 -0.2395 -0.6629
vn 0.3872 -0.4125 -0.8246
vn 0.8456 -0.4179 -0.3322
vn 0.8699 -0.1779 -0.4601
vn -0.2285 -0.9317 -0.2822
vn -0.2291 -0.9315 -0.2825
vn -0.8627 -0.2274 0.4517
vn -0.8521 -0.1499 0.5014
vn 0.8387 0.1384 -0.5267
vn -0.8323 -0.4590 0.3106
vn 0.7778 0.3836 -0.4978
vn 0.6507 0.6552 -0.3837
vn -0.8310 -0.3024 0.4669
vn -0.6561 -0.6864 0.3136
vn 0.4662 0.8624 -0.1973
vn -0.7796 -0.4752 0.4079
vn 0.4163 0.8948 -0.1612
vn -0.3856 -0.9139 0.1271
vn -0.4647 -0.8598 0.2117
vn 0.7090 0.5489 -0.4428
vn 0.1018 -0.9926 0.0661
vn -0.1656 0.9769 -0.1354
vn 0.6411 0.6925 -0.3307
vn -0.7318 -0.0297 0.6808
vn 0.7318 0.0297 -0.6809
vn -0.7318 -0.0297 0.6809
vn -0.6814 0.0078 -0.7319
vn -0.6814 0.0081 -0.7319
vn -0.6879 0.4986 -0.5274
vn -0.8385 0.0006 -0.5449
vn -0.7704 0.0042 -0.6376
vn -0.0233 0.9992 0.0327
vn -0.4465 0.8585 -0.2523
vn -0.3618 0.8693 -0.3367
vn -0.6718 -0.4925 -0.5533
vn -0.4943 -0.8431 -0.2119
vn -0.4186 -0.8582 -0.2971
vn -0.6053 0.5064 -0.6142
vn 0.2570 -0.8662 0.4286
vn -0.1617 -0.9769 0.1398
vn 0.1667 -0.8509 0.4982
vn -0.6884 0.0078 -0.7253
vn 0.4983 -0.5063 0.7038
vn 0.4835 -0.0150 0.8752
vn 0.5808 -0.0118 0.8139
vn -0.5890 -0.4930 -0.6403
vn -0.1932 0.9625 0.1905
vn -0.5216 0.8365 -0.1679
vn -0.3337 -0.8618 -0.3820
vn 0.4822 0.4848 0.7297
vn 0.1394 0.8287 0.5421
vn 0.2291 0.8505 0.4735
vn 0.0091 -0.9998 -0.0195
vn -0.1109 0.9873 0.1141
vn 0.3476 -0.8699 0.3499
vn -0.7578 0.4844 -0.4371
vn 0.5910 -0.5070 0.6274
vn -0.7420 -0.4853 -0.4625
vn 0.6742 -0.0084 0.7385
vn -0.0787 -0.9950 0.0623
vn 0.5748 0.4925 0.6535
vn 0.4028 -0.4988 0.7674
vn 0.3195 0.8613 0.3952
vn 0.3870 0.4709 0.7928
vn -0.3547 0.8696 -0.3434
vn -0.5982 0.5068 -0.6208
vn -0.5982 0.5067 -0.6208
vn -0.5819 -0.4928 -0.6469
vn -0.3266 -0.8616 -0.3886
vn 0.3547 -0.8696 0.3433
vn 0.5982 -0.5067 0.6208
vn 0.5819 0.4928 0.6469
vn 0.3266 0.8616 0.3886
vn -0.7318 -0.0296 0.6809
vn 0.5564 0.7063 0.4376
vn 0.6530 0.2550 0.7131
vn 0.7358 0.2567 0.6267
vn 0.4952 -0.7095 0.5014
vn 0.3074 -0.9498 0.0581
vn 0.5963 -0.7008 0.3916
vn 0.1947 -0.9665 0.1672
vn -0.0436 -0.9506 -0.3072
vn -0.1579 -0.9645 -0.2118
vn -0.3657 -0.6985 -0.6150
vn -0.4682 -0.7041 -0.5340
vn -0.5609 -0.2496 -0.7893
vn -0.6629 0.2624 -0.7012
vn -0.5609 0.2700 -0.7826
vn -0.4952 0.7095 -0.5014
vn -0.3782 0.7096 -0.5945
vn -0.1948 0.9665 -0.1673
vn -0.0773 0.9591 -0.2722
vn 0.1578 0.9645 0.2117
vn 0.2617 0.9595 0.1043
vn 0.4681 0.7041 0.5340
vn 0.6629 -0.2624 0.7012
vn 0.7516 -0.2623 0.6052
vn 0.9117 -0.2270 0.3423
vn 0.8906 0.2457 0.3827
vn 0.9721 -0.1654 0.1666
vn 0.9519 0.2274 0.2055
vn 0.7826 -0.6113 0.1176
vn 0.8629 -0.5029 -0.0508
vn 0.5310 -0.8255 -0.1912
vn 0.6387 -0.6914 -0.3378
vn 0.2090 -0.8352 -0.5087
vn -0.1091 -0.6256 -0.7725
vn 0.3416 -0.7063 -0.6200
vn -0.3072 -0.2220 -0.9254
vn 0.0429 -0.5281 -0.8481
vn -0.2861 0.2524 -0.9244
vn -0.1039 0.2006 -0.9742
vn -0.1271 -0.1939 -0.9727
vn -0.0881 0.6394 -0.7638
vn 0.0901 0.5414 -0.8359
vn 0.1923 0.8548 -0.4819
vn 0.3519 0.7315 -0.5840
vn 0.4854 0.8634 -0.1376
vn 0.7348 0.6511 0.1904
vn 0.6114 0.7451 -0.2667
vn 0.8252 0.5634 0.0404
vn 0.7317 0.0297 -0.6810
vn 0.6814 -0.0078 0.7319
vn -0.6296 -0.5164 0.5804
vn -0.6813 0.0082 -0.7320
vn -0.6813 0.0082 -0.7319
vn 0.6814 -0.0081 0.7319
vn 0.6456 -0.4646 -0.6061
vn -0.6430 -0.3683 -0.6715
vn -0.6754 -0.1874 -0.7132
vn -0.6805 -0.1399 -0.7193
vn 0.6197 -0.3833 0.6849
vn 0.6610 -0.2032 0.7223
vn 0.5485 -0.4532 0.7027
vn 0.4549 -0.7788 -0.4320
vn 0.6612 -0.4223 -0.6201
vn 0.6611 -0.4223 -0.6201
vn -0.7301 0.0633 0.6804
vn -0.7198 0.1744 0.6719
vn -0.6666 -0.4387 -0.6026
vn -0.6556 -0.4769 -0.5855
vn -0.6835 -0.5232 -0.5090
vn 0.5318 -0.4910 0.6900
vn 0.3005 -0.9087 -0.2897
vn 0.3005 -0.9087 -0.2898
vn -0.7309 0.0455 0.6809
vn -0.7301 0.0632 0.6804
vn -0.6814 0.0081 -0.7318
vn 0.6814 -0.0082 0.7319
vn 0.6223 -0.5202 -0.5850
vn -0.6455 0.4649 0.6059
vn -0.4450 0.7893 0.4229
vn 0.6813 -0.0079 0.7320
vn 0.6812 -0.0079 0.7320
vn 0.4267 -0.8081 -0.4061
vn -0.6814 0.0083 -0.7319
vn 0.6813 -0.0080 0.7320
vn 0.1713 -0.9704 -0.1701
vn -0.1759 0.9688 0.1744
vn -0.0127 -0.9999 0.0008
vn -0.2408 -0.9468 0.2137
vn 0.0130 0.9999 -0.0011
vn 0.2467 0.9439 -0.2193
vn 0.5601 0.6494 -0.5143
vn -0.5080 -0.7251 0.4649
vn -0.2407 -0.9468 0.2137
vn -0.6455 -0.4780 0.5956
vn 0.7229 0.1647 -0.6711
vn 0.7228 0.1647 -0.6711
vn -0.6546 -0.1763 -0.7351
vn -0.6299 -0.2687 -0.7288
vn -0.6324 -0.2771 -0.7233
vn 0.6843 -0.1922 0.7034
vn 0.6788 -0.2841 0.6772
vn 0.6891 -0.1585 0.7071
vn -0.6977 -0.3096 0.6461
vn -0.7069 -0.2668 0.6551
vn -0.7069 -0.2667 0.6551
vn 0.6559 -0.4372 -0.6153
vn 0.5271 -0.6885 -0.4982
vn -0.6576 -0.1426 -0.7397
vn -0.7081 -0.2604 0.6563
vn 0.6813 -0.0084 0.7319
vn 0.3801 -0.8508 -0.3629
vn -0.6422 0.4741 0.6023
vn -0.0163 0.9995 0.0261
vn 0.7322 0.0297 -0.6804
vn 0.7013 -0.2811 -0.6551
vn 0.5271 -0.6888 -0.4977
vn 0.3389 -0.8830 -0.3248
vn 0.3098 0.9093 -0.2780
vn 0.5040 0.7306 -0.4606
vn 0.5041 0.7306 -0.4606
vn 0.6912 0.3375 -0.6390
vn -0.7426 0.0054 -0.6697
vn -0.7344 0.0400 -0.6776
vn -0.7389 0.0056 -0.6738
vn 0.6140 -0.0107 0.7893
vn 0.6228 0.0239 0.7820
vn 0.6218 0.0225 0.7829
vn -0.7242 0.0447 -0.6881
vn -0.7084 0.0069 -0.7058
vn 0.6183 -0.0105 0.7859
vn 0.6341 0.0285 0.7727
vn 0.6822 -0.0080 0.7312
vn 0.6525 -0.0092 0.7578
vn 0.6353 -0.0483 0.7707
vn 0.6239 -0.0445 0.7803
vn -0.7230 -0.0321 -0.6901
vn 0.6228 -0.0432 0.7811
vn -0.7333 -0.0284 -0.6794
vn -0.6796 0.0081 -0.7335
vn 0.5052 0.2914 0.8123
vn 0.2536 0.7864 0.5632
vn -0.7702 0.3065 -0.5593
vn -0.5346 0.7958 -0.2845
vn -0.5087 -0.7968 -0.3261
vn -0.1116 -0.9894 0.0928
vn -0.5088 -0.7967 -0.3261
vn 0.5151 -0.3169 0.7964
vn -0.1435 0.9791 0.1443
vn -0.7603 -0.3017 -0.5752
vn 0.2795 -0.8061 0.5216
vn -0.5087 -0.7967 -0.3261
vn 0.2797 -0.9240 0.2607
vn 0.5913 -0.5235 0.6134
vn -0.1387 -0.9716 -0.1917
vn -0.5042 -0.6481 -0.5708
vn -0.6771 -0.0770 -0.7319
vn -0.5913 0.5235 -0.6135
vn -0.2797 0.9240 -0.2607
vn 0.1387 0.9716 0.1916
vn 0.5042 0.6481 0.5708
vn 0.6771 0.0770 0.7319
vn -0.7322 -0.0297 0.6804
vn -0.4030 0.9047 -0.1382
vn 0.0090 0.9516 0.3073
vn -0.7943 -0.0810 -0.6022
vn -0.6240 -0.6433 -0.4435
vn 0.1479 -0.9151 0.3752
vn 0.4547 -0.5206 0.7226
vn 0.3689 0.6330 0.6806
vn -0.7098 0.5103 -0.4855
vn -0.2642 -0.9619 -0.0702
vn 0.5391 0.0707 0.8392
vn 0.0645 -0.9976 0.0259
vn 0.4507 -0.7701 0.4514
vn -0.3463 -0.8440 -0.4095
vn -0.6249 -0.3681 -0.6885
vn -0.6648 0.2485 -0.7045
vn -0.4507 0.7701 -0.4514
vn -0.0645 0.9976 -0.0259
vn 0.3463 0.8440 0.4095
vn 0.6249 0.3681 0.6885
vn 0.6648 -0.2485 0.7045
vn -0.1911 0.9772 0.0930
vn 0.2135 0.8259 0.5218
vn 0.2135 0.8260 0.5218
vn -0.7822 0.2395 -0.5752
vn -0.7429 -0.3676 -0.5594
vn 0.3163 -0.7635 0.5631
vn -0.0640 -0.9875 0.1441
vn 0.4878 0.3573 0.7965
vn -0.5714 0.7532 -0.3260
vn -0.5714 0.7531 -0.3260
vn -0.4686 -0.8363 -0.2847
vn 0.5271 -0.2499 0.8123
vn -0.2623 -0.9097 -0.3220
vn 0.1572 -0.9794 0.1265
vn -0.5817 -0.4925 -0.6474
vn -0.6789 0.1129 -0.7255
vn -0.5167 0.6751 -0.5266
vn -0.1572 0.9794 -0.1265
vn 0.2623 0.9097 0.3220
vn 0.5817 0.4925 0.6474
vn 0.6789 -0.1129 0.7255
vn 0.5167 -0.6751 0.5266
vn 0.1308 0.8906 0.4356
vn 0.4452 0.4798 0.7560
vn 0.4452 0.4797 0.7560
vn -0.6364 0.6596 -0.4000
vn -0.7960 0.1059 -0.5959
vn -0.3859 -0.9009 -0.1985
vn 0.0272 -0.9696 0.2431
vn 0.5409 -0.1163 0.8330
vn -0.2824 0.9593 -0.0060
vn -0.7004 -0.4901 -0.5190
vn 0.3813 -0.6699 0.6371
vn 0.3813 -0.6699 0.6370
vn 0.1307 0.8906 0.4356
vn -0.7960 0.1060 -0.5959
vn 0.0273 -0.9696 0.2431
vn 0.2711 -0.9292 0.2512
vn 0.5866 -0.5352 0.6078
vn -0.1480 -0.9683 -0.2014
vn -0.5105 -0.6375 -0.5771
vn -0.6780 -0.0632 -0.7323
vn -0.5866 0.5352 -0.6078
vn -0.2711 0.9292 -0.2512
vn 0.1480 0.9683 0.2014
vn 0.5105 0.6375 0.5771
vn 0.6780 0.0632 0.7323
vn -0.3945 0.9098 -0.1288
vn 0.0182 0.9483 0.3169
vn 0.0181 0.9483 0.3169
vn -0.6302 -0.6329 -0.4497
vn -0.7952 -0.0674 -0.6026
vn 0.1394 -0.9202 0.3659
vn 0.4500 -0.5323 0.7171
vn 0.3751 0.6225 0.6868
vn 0.3751 0.6226 0.6868
vn -0.7051 0.5219 -0.4800
vn -0.7052 0.5219 -0.4800
vn -0.2732 -0.9586 -0.0798
vn -0.2733 -0.9586 -0.0798
vn 0.5401 0.0571 0.8397
vn 0.5401 0.0570 0.8397
vn 0.4500 -0.5322 0.7171
vn 0.1394 -0.9201 0.3659
vn -0.1500 -0.9675 -0.2036
vn 0.2691 -0.9304 0.2490
vn -0.5119 -0.6351 -0.5785
vn -0.6782 -0.0601 -0.7324
vn -0.5855 0.5379 -0.6066
vn -0.2691 0.9303 -0.2490
vn 0.1500 0.9675 0.2036
vn 0.5119 0.6351 0.5785
vn 0.6782 0.0601 0.7324
vn 0.5855 -0.5379 0.6065
vn 0.0202 0.9475 0.3190
vn 0.3765 0.6202 0.6882
vn -0.7041 0.5245 -0.4787
vn -0.7954 -0.0643 -0.6027
vn -0.2753 -0.9579 -0.0820
vn 0.1375 -0.9213 0.3638
vn 0.5403 0.0540 0.8398
vn 0.5403 0.0540 0.8397
vn -0.3926 0.9110 -0.1267
vn -0.3926 0.9110 -0.1266
vn -0.6316 -0.6305 -0.4511
vn 0.4490 -0.5348 0.7158
vn 0.0202 0.9475 0.3191
vn -0.5807 -0.4948 -0.6465
vn -0.4423 -0.7390 -0.5082
vn -0.6790 0.1101 -0.7258
vn -0.5179 0.6730 -0.5280
vn -0.1590 0.9789 -0.1284
vn 0.2606 0.9108 0.3202
vn 0.5807 0.4949 0.6464
vn 0.6790 -0.1101 0.7258
vn 0.5179 -0.6731 0.5280
vn 0.3559 -0.8685 0.3451
vn 0.4443 0.4821 0.7551
vn 0.5411 -0.1136 0.8333
vn -0.2841 0.9588 -0.0079
vn -0.6376 0.6576 -0.4013
vn -0.2842 0.9587 -0.0079
vn -0.3842 -0.9021 -0.1967
vn -0.6994 -0.4924 -0.5180
vn 0.3825 -0.6679 0.6384
vn 0.3824 -0.6680 0.6384
vn 0.1291 0.8917 0.4338
vn -0.7962 0.1033 -0.5962
vn 0.0290 -0.9691 0.2450
vn -0.6505 -0.2656 -0.7115
vn -0.5563 -0.5504 -0.6226
vn -0.6449 0.3515 -0.6786
vn -0.3930 0.8344 -0.3865
vn 0.0090 0.9985 0.0532
vn 0.4076 0.7813 0.4727
vn 0.6505 0.2656 0.7115
vn 0.6449 -0.3515 0.6786
vn 0.5457 -0.6234 0.5600
vn 0.2738 0.7642 0.5840
vn 0.5130 0.2564 0.8192
vn -0.7626 0.3409 -0.5497
vn -0.5146 0.8164 -0.2620
vn -0.5146 0.8164 -0.2621
vn -0.1364 -0.9884 0.0661
vn -0.5289 -0.7746 -0.3469
vn -0.5289 -0.7745 -0.3469
vn 0.5075 -0.3513 0.7868
vn -0.1187 0.9781 0.1710
vn -0.7681 -0.2667 -0.5821
vn -0.7681 -0.2668 -0.5821
vn 0.2594 -0.8268 0.4991
vn -0.6505 -0.2657 -0.7115
vn 0.6505 0.2657 0.7115
vn 0.2595 -0.8268 0.4992
vn -0.5563 -0.5505 -0.6226
vn 0.6810 -0.0451 0.7309
vn 0.5130 0.2565 0.8192
vn 0.5501 -0.0494 0.8336
vn -0.6701 -0.5477 -0.5011
vn 0.4166 -0.6197 0.6651
vn 0.6890 -0.0296 0.7242
vn 0.6885 -0.0233 0.7249
vn -0.6358 -0.5022 0.5862
vn -0.5578 -0.6532 0.5120
vn -0.6358 -0.5022 0.5861
vn -0.6733 -0.0135 -0.7392
vn -0.6739 -0.0071 -0.7388
vn 0.7009 0.2954 -0.6492
vn 0.6953 0.3199 -0.6436
vn 0.6890 -0.0408 0.7236
vn -0.7229 -0.1645 0.6711
vn -0.7250 0.1304 0.6763
vn -0.7228 -0.1645 0.6712
vn -0.6731 -0.0248 -0.7391
vn -0.6760 -0.0264 -0.7364
vn 0.7269 0.1253 -0.6752
vn -0.6837 -0.0371 -0.7288
vn -0.6844 -0.0608 -0.7266
vn -0.6844 -0.0608 -0.7265
vn -0.6828 -0.0338 -0.7298
vn 0.6861 -0.0423 0.7263
vn 0.6787 -0.0500 0.7327
vn 0.7168 -0.1951 -0.6694
vn -0.0670 -0.9964 0.0514
vn 0.6776 -0.0533 0.7335
vn 0.6751 -0.0770 0.7337
vn 0.6792 -0.3657 -0.6363
vn -0.7065 0.2543 0.6605
vn -0.7064 0.2542 0.6605
vn -0.6739 0.0116 -0.7387
vn -0.6777 0.0082 -0.7353
vn -0.6783 0.1258 -0.7240
vn -0.6810 0.0121 -0.7322
vn 0.7512 -0.2337 0.6173
vn 0.5890 -0.6658 0.4580
vn 0.6362 0.4927 0.5938
vn -0.7312 0.3432 -0.5896
vn 0.3159 -0.9072 0.2779
vn 0.6278 0.5310 -0.5691
vn 0.8096 0.1878 -0.5561
vn 0.8381 0.1324 -0.5292
vn 0.7826 0.1770 -0.5968
vn 0.3917 0.8411 0.3731
vn -0.7269 0.4754 -0.4957
vn -0.7528 -0.0286 0.6576
vn -0.0343 0.9994 0.0069
vn 0.8797 0.4530 0.1448
vn 0.5703 -0.2411 0.7853
vn -0.5488 0.3506 -0.7589
vn -0.7189 -0.0299 0.6944
vn -0.6595 0.1186 0.7423
vn 0.2810 0.8557 0.4345
vn -0.4614 0.4860 -0.7422
vn 0.7327 0.0120 -0.6805
vn 0.0603 0.4198 0.9056
vn 0.0995 -0.9896 -0.1036
vn 0.6814 -0.0083 0.7319
vn -0.6494 -0.4679 0.5994
vn 0.2551 -0.9372 0.2377
vn -0.6648 -0.1918 -0.7220
vn 0.6704 -0.2076 0.7124
vn 0.6627 -0.4180 -0.6214
vn -0.6530 -0.2550 -0.7131
vn 0.6813 -0.0082 0.7320
vn 0.6673 -0.1558 0.7283
vn 0.4530 -0.5368 0.7118
vn -0.6455 -0.4780 0.5957
vn 0.6731 -0.2926 0.6792
vn 0.5271 -0.6884 -0.4982
vn -0.6813 0.0076 -0.7320
vn -0.7353 0.0386 -0.6767
vn -0.7342 -0.0271 -0.6784
vn -0.6700 -0.5477 -0.5010
vn -0.5578 -0.6532 0.5121
vn -0.7250 0.1303 0.6763
vn 0.6752 -0.0770 0.7336
vt 0.361051 0.454893
vt 0.353290 0.489065
vt 0.356814 0.453435
vt 0.365192 0.455503
vt 0.358374 0.489524
vt 0.369430 0.455787
vt 0.363453 0.489880
vt 0.373709 0.455899
vt 0.368537 0.490124
vt 0.378009 0.455886
vt 0.373628 0.490252
vt 0.382320 0.455759
vt 0.378726 0.490263
vt 0.386648 0.455509
vt 0.383829 0.490157
vt 0.391015 0.455087
vt 0.388935 0.489933
vt 0.382844 0.493268
vt 0.367911 0.498084
vt 0.369497 0.493239
vt 0.395486 0.454327
vt 0.394043 0.489593
vt 0.400209 0.452593
vt 0.399161 0.489140
vt 0.361269 0.454027
vt 0.357407 0.452661
vt 0.365299 0.454576
vt 0.369485 0.454838
vt 0.373733 0.454940
vt 0.382291 0.454793
vt 0.378006 0.454923
vt 0.386585 0.454538
vt 0.390894 0.454107
vt 0.395222 0.453331
vt 0.382823 0.502965
vt 0.369476 0.502936
vt 0.378692 0.505953
vt 0.373594 0.505942
vt 0.743316 0.713168
vt 0.664372 0.651868
vt 0.743315 0.651868
vt 0.743316 0.885028
vt 0.664373 0.823728
vt 0.743316 0.823727
vt 0.746326 0.654824
vt 0.746326 0.710213
vt 0.743316 0.995587
vt 0.664373 0.885028
vt 0.664373 0.713169
vt 0.746326 0.826683
vt 0.764479 0.654824
vt 0.869018 0.710213
vt 0.764479 0.710213
vt 0.850863 0.882072
vt 0.853873 0.885028
vt 0.850864 0.826683
vt 0.746326 0.882072
vt 0.850863 0.863919
vt 0.746851 0.844836
vt 0.887171 0.710213
vt 0.869018 0.654824
vt 0.887171 0.654824
vt 0.982140 0.410226
vt 0.970798 0.304323
vt 0.982140 0.304323
vt 0.964953 0.304323
vt 0.953611 0.410226
vt 0.953611 0.304323
vt 0.964953 0.410226
vt 0.970798 0.421569
vt 0.964953 0.421569
vt 0.947766 0.410226
vt 0.947766 0.304323
vt 0.761332 0.170063
vt 0.801651 0.172208
vt 0.760639 0.176015
vt 0.934097 0.545751
vt 0.929086 0.539724
vt 0.934097 0.539724
vt 0.850813 0.348066
vt 0.839191 0.350925
vt 0.839191 0.348066
vt 0.761124 0.180753
vt 0.801024 0.169278
vt 0.761284 0.165300
vt 0.800985 0.165300
vt 0.939778 0.537219
vt 0.949127 0.539724
vt 0.944117 0.539724
vt 0.850813 0.365221
vt 0.839191 0.368080
vt 0.839191 0.365221
vt 0.850813 0.345207
vt 0.839191 0.345207
vt 0.850813 0.362362
vt 0.839191 0.362362
vt 0.850813 0.376657
vt 0.839191 0.379517
vt 0.839191 0.376657
vt 0.937273 0.527870
vt 0.955971 0.532880
vt 0.937273 0.532880
vt 0.850813 0.359502
vt 0.839191 0.359502
vt 0.850813 0.356643
vt 0.839191 0.356643
vt 0.850813 0.373798
vt 0.839191 0.373798
vt 0.850813 0.370939
vt 0.839191 0.370939
vt 0.850813 0.353784
vt 0.839191 0.353784
vt 0.850813 0.368080
vt 0.850813 0.350925
vt 0.093523 0.128736
vt 0.095069 0.089015
vt 0.099476 0.089686
vt 0.080337 0.128349
vt 0.075880 0.131518
vt 0.075880 0.128349
vt 0.080337 0.121865
vt 0.075880 0.087080
vt 0.080337 0.087080
vt 0.080337 0.082029
vt 0.075880 0.084479
vt 0.075880 0.082029
vt 0.080337 0.084479
vt 0.080337 0.125107
vt 0.075880 0.125107
vt 0.100284 0.084390
vt 0.095484 0.086297
vt 0.095877 0.083718
vt 0.099891 0.086969
vt 0.080337 0.131518
vt 0.075880 0.133419
vt 0.080337 0.133419
vt 0.075880 0.135328
vt 0.084431 0.079564
vt 0.092083 0.085049
vt 0.083859 0.083985
vt 0.929086 0.545751
vt 0.924076 0.539724
vt 0.924076 0.545751
vt 0.919066 0.539724
vt 0.979188 0.545751
vt 0.974178 0.539724
vt 0.979188 0.539724
vt 0.974178 0.545751
vt 0.969168 0.539724
vt 0.969168 0.545751
vt 0.964158 0.539724
vt 0.964158 0.545751
vt 0.959148 0.539724
vt 0.959148 0.545751
vt 0.954137 0.539724
vt 0.954137 0.545751
vt 0.949127 0.545751
vt 0.944117 0.545751
vt 0.939107 0.539724
vt 0.939107 0.545751
vt 0.401046 0.353391
vt 0.409277 0.392847
vt 0.400876 0.396679
vt 0.939778 0.523531
vt 0.955971 0.527870
vt 0.398242 0.396679
vt 0.411909 0.392961
vt 0.410816 0.353502
vt 0.413787 0.353631
vt 0.779531 0.377922
vt 0.785745 0.420233
vt 0.779531 0.420233
vt 0.268253 0.495256
vt 0.240219 0.499022
vt 0.240219 0.495151
vt 0.769855 0.377922
vt 0.795581 0.377922
vt 0.790468 0.420233
vt 0.779531 0.424419
vt 0.081538 0.084773
vt 0.094335 0.086365
vt 0.089116 0.128065
vt 0.081171 0.124998
vt 0.087668 0.129309
vt 0.083182 0.127541
vt 0.401969 0.399075
vt 0.240219 0.477930
vt 0.863385 0.487978
vt 0.873671 0.445087
vt 0.867983 0.487978
vt 0.878455 0.445087
vt 0.872120 0.487978
vt 0.854885 0.445087
vt 0.860897 0.445087
vt 0.867897 0.492049
vt 0.270991 0.475054
vt 0.240219 0.474045
vt 0.236447 0.495012
vt 0.274817 0.478125
vt 0.271909 0.478762
vt 0.873770 0.439257
vt 0.276573 0.495716
vt 0.277608 0.500454
vt 0.275487 0.499736
vt 0.268031 0.499037
vt 0.949127 0.521025
vt 0.944117 0.521025
vt 0.272926 0.474361
vt 0.277758 0.475890
vt 0.275109 0.472817
vt 0.282156 0.470336
vt 0.278761 0.468211
vt 0.284800 0.464199
vt 0.281800 0.462419
vt 0.286242 0.461775
vt 0.283506 0.459839
vt 0.288764 0.457870
vt 0.295075 0.457427
vt 0.291336 0.458609
vt 0.291868 0.456585
vt 0.294543 0.459452
vt 0.288129 0.470057
vt 0.291870 0.470363
vt 0.287953 0.473567
vt 0.291896 0.473243
vt 0.290217 0.482618
vt 0.293834 0.481709
vt 0.291650 0.487518
vt 0.295183 0.486648
vt 0.293183 0.494463
vt 0.296769 0.493886
vt 0.294065 0.500906
vt 0.297668 0.500678
vt 0.294076 0.506310
vt 0.279269 0.496656
vt 0.279793 0.501672
vt 0.282061 0.498428
vt 0.281971 0.503625
vt 0.284285 0.501334
vt 0.837762 0.357026
vt 0.835286 0.366267
vt 0.835286 0.355597
vt 0.832426 0.366267
vt 0.832426 0.355597
vt 0.829950 0.357026
vt 0.828521 0.362362
vt 0.828521 0.359502
vt 0.410729 0.080428
vt 0.401915 0.081413
vt 0.401915 0.080428
vt 0.410729 0.086339
vt 0.401915 0.087324
vt 0.401915 0.086339
vt 0.410729 0.079442
vt 0.401915 0.079442
vt 0.410729 0.085354
vt 0.401915 0.085354
vt 0.410729 0.090280
vt 0.401915 0.091265
vt 0.401915 0.090280
vt 0.410729 0.084369
vt 0.401915 0.084369
vt 0.410729 0.083383
vt 0.401915 0.083383
vt 0.410729 0.089295
vt 0.401915 0.089295
vt 0.410729 0.088310
vt 0.401915 0.088310
vt 0.410729 0.082398
vt 0.401915 0.082398
vt 0.410729 0.087324
vt 0.410729 0.081413
vt 0.401422 0.083515
vt 0.401422 0.086207
vt 0.400569 0.083023
vt 0.400569 0.086700
vt 0.399583 0.083023
vt 0.398730 0.086207
vt 0.398730 0.083515
vt 0.398238 0.085354
vt 0.398238 0.084369
vt 0.229708 0.619612
vt 0.244662 0.615817
vt 0.234096 0.626126
vt 0.234483 0.607126
vt 0.254476 0.603711
vt 0.242255 0.595608
vt 0.261181 0.590274
vt 0.252218 0.574251
vt 0.248284 0.585013
vt 0.266279 0.563917
vt 0.265001 0.576867
vt 0.253920 0.563825
vt 0.265157 0.551429
vt 0.252812 0.543811
vt 0.253842 0.553740
vt 0.249509 0.532728
vt 0.261436 0.540062
vt 0.240957 0.519955
vt 0.254806 0.528786
vt 0.479249 0.499389
vt 0.481716 0.490326
vt 0.486256 0.491518
vt 0.226679 0.624263
vt 0.228510 0.628586
vt 0.483274 0.484205
vt 0.495258 0.474508
vt 0.490296 0.487197
vt 0.486440 0.459655
vt 0.499298 0.461430
vt 0.500321 0.448812
vt 0.487433 0.447831
vt 0.500825 0.436146
vt 0.487905 0.424086
vt 0.500824 0.423470
vt 0.487380 0.412220
vt 0.500264 0.410806
vt 0.496493 0.398436
vt 0.486221 0.400399
vt 0.490779 0.384299
vt 0.483725 0.386671
vt 0.481574 0.366880
vt 0.782545 0.478888
vt 0.769350 0.497137
vt 0.769302 0.479428
vt 0.228762 0.619083
vt 0.241006 0.594829
vt 0.247041 0.584433
vt 0.250987 0.573923
vt 0.252638 0.553809
vt 0.248462 0.533221
vt 0.283228 0.624986
vt 0.297417 0.619397
vt 0.289327 0.625290
vt 0.191130 0.651334
vt 0.219136 0.632412
vt 0.192490 0.653084
vt 0.221940 0.636346
vt 0.233460 0.639803
vt 0.232000 0.636602
vt 0.234889 0.635492
vt 0.224914 0.640869
vt 0.227783 0.645034
vt 0.201040 0.664396
vt 0.198293 0.660726
vt 0.230166 0.632484
vt 0.195188 0.656610
vt 0.234859 0.630558
vt 0.481145 0.365836
vt 0.477799 0.367943
vt 0.476093 0.367299
vt 0.274739 0.613813
vt 0.317676 0.599131
vt 0.301940 0.567591
vt 0.264576 0.603794
vt 0.288533 0.563771
vt 0.234151 0.653012
vt 0.243761 0.649569
vt 0.236811 0.656780
vt 0.233672 0.639984
vt 0.239183 0.640621
vt 0.236927 0.643035
vt 0.230942 0.648962
vt 0.201416 0.664912
vt 0.204161 0.668614
vt 0.240498 0.646466
vt 0.207231 0.672769
vt 0.209986 0.676515
vt 0.244136 0.642637
vt 0.248057 0.645051
vt 0.235154 0.630531
vt 0.235165 0.635532
vt 0.228071 0.645531
vt 0.329913 0.619888
vt 0.821505 0.490494
vt 0.801013 0.497243
vt 0.808444 0.502987
vt 0.814152 0.500283
vt 0.789222 0.460415
vt 0.830488 0.481786
vt 0.799067 0.450527
vt 0.833532 0.470318
vt 0.830431 0.458852
vt 0.810533 0.447426
vt 0.822013 0.450473
vt 0.913658 0.205640
vt 0.970685 0.211449
vt 0.913658 0.211449
vt 0.913658 0.217259
vt 0.970685 0.217259
vt 0.913658 0.223068
vt 0.970685 0.223068
vt 0.913658 0.228878
vt 0.970685 0.234687
vt 0.913658 0.234687
vt 0.913658 0.240497
vt 0.970685 0.246306
vt 0.913658 0.246306
vt 0.913658 0.252116
vt 0.970685 0.257926
vt 0.913658 0.257925
vt 0.913683 0.298653
vt 0.970684 0.195570
vt 0.913658 0.195570
vt 0.225601 0.623447
vt 0.913221 0.611582
vt 0.898294 0.607674
vt 0.908539 0.599058
vt 0.888568 0.595494
vt 0.900852 0.587482
vt 0.894901 0.576840
vt 0.878243 0.568568
vt 0.891047 0.566048
vt 0.889422 0.555607
vt 0.877061 0.555607
vt 0.889576 0.545522
vt 0.878277 0.543127
vt 0.890680 0.535599
vt 0.882084 0.531785
vt 0.894066 0.524540
vt 0.888799 0.520557
vt 0.902715 0.511829
vt 0.081279 0.592365
vt 0.074272 0.584494
vt 0.078812 0.583302
vt 0.916216 0.616255
vt 0.908784 0.618064
vt 0.065270 0.567484
vt 0.077254 0.577181
vt 0.070232 0.580174
vt 0.074087 0.552631
vt 0.075780 0.565028
vt 0.060207 0.541788
vt 0.061230 0.554406
vt 0.059703 0.529122
vt 0.073094 0.540807
vt 0.072622 0.517062
vt 0.072622 0.528939
vt 0.059703 0.516446
vt 0.073147 0.505196
vt 0.064034 0.491412
vt 0.060263 0.503783
vt 0.069748 0.477276
vt 0.074307 0.493376
vt 0.078954 0.459856
vt 0.076803 0.479648
vt 0.526907 0.352061
vt 0.540152 0.370273
vt 0.508490 0.370467
vt 0.914171 0.611060
vt 0.902107 0.586712
vt 0.909888 0.598384
vt 0.892280 0.565729
vt 0.896149 0.576270
vt 0.890779 0.545600
vt 0.890559 0.555524
vt 0.895110 0.525040
vt 0.891735 0.535815
vt 0.917299 0.615448
vt 0.845506 0.610861
vt 0.859654 0.616557
vt 0.853553 0.616816
vt 0.923698 0.624462
vt 0.951567 0.643596
vt 0.950194 0.645336
vt 0.914352 0.620566
vt 0.920864 0.628376
vt 0.909318 0.631747
vt 0.907921 0.627425
vt 0.910802 0.628557
vt 0.917856 0.632877
vt 0.944333 0.652936
vt 0.914956 0.637021
vt 0.912667 0.624452
vt 0.947469 0.648843
vt 0.907987 0.622491
vt 0.901127 0.509022
vt 0.903426 0.511246
vt 0.868228 0.605446
vt 0.825396 0.590442
vt 0.829933 0.570644
vt 0.841369 0.559016
vt 0.878467 0.595502
vt 0.881964 0.582005
vt 0.854806 0.555295
vt 0.868303 0.558792
vt 0.898942 0.641437
vt 0.908528 0.644952
vt 0.905839 0.648700
vt 0.909105 0.631926
vt 0.905826 0.634954
vt 0.903588 0.632522
vt 0.911768 0.640926
vt 0.914665 0.637516
vt 0.938405 0.660781
vt 0.941178 0.657099
vt 0.902230 0.638358
vt 0.935304 0.664913
vt 0.932520 0.668639
vt 0.898619 0.634502
vt 0.894680 0.636886
vt 0.907692 0.622461
vt 0.907645 0.627462
vt 0.941558 0.656586
vt 0.813002 0.611110
vt 0.812839 0.591601
vt 0.487979 0.363776
vt 0.495359 0.373544
vt 0.501075 0.376232
vt 0.520178 0.333606
vt 0.478971 0.355092
vt 0.510306 0.323746
vt 0.475896 0.343632
vt 0.478966 0.332158
vt 0.487360 0.323756
vt 0.498832 0.320677
vt 0.799375 0.300238
vt 0.784895 0.318823
vt 0.784895 0.300238
vt 0.799375 0.318823
vt 0.833818 0.333303
vt 0.799375 0.333303
vt 0.833818 0.318823
vt 0.848298 0.300238
vt 0.848298 0.318823
vt 0.833818 0.351888
vt 0.799375 0.351888
vt 0.833818 0.300238
vt 0.970670 0.165307
vt 0.231503 0.975938
vt 0.244932 0.985513
vt 0.231503 0.985513
vt 0.244932 0.975938
vt 0.258361 0.985513
vt 0.258361 0.975938
vt 0.271791 0.985513
vt 0.110640 0.975938
vt 0.124069 0.985513
vt 0.110640 0.985513
vt 0.124069 0.975938
vt 0.137498 0.985513
vt 0.137498 0.975938
vt 0.150927 0.985513
vt 0.150927 0.975938
vt 0.164357 0.985513
vt 0.164357 0.975938
vt 0.177786 0.985513
vt 0.177786 0.975938
vt 0.191215 0.985513
vt 0.191215 0.975938
vt 0.204644 0.985513
vt 0.172871 0.957594
vt 0.204644 0.975938
vt 0.218074 0.985513
vt 0.218074 0.975938
vt 0.172871 0.944164
vt 0.216275 0.969224
vt 0.222989 0.957594
vt 0.191215 0.925819
vt 0.222989 0.944164
vt 0.216275 0.932534
vt 0.284471 0.520153
vt 0.304928 0.512847
vt 0.301599 0.520153
vt 0.319588 0.533824
vt 0.311558 0.538850
vt 0.311558 0.533824
vt 0.304928 0.559828
vt 0.284471 0.552521
vt 0.301599 0.552521
vt 0.274512 0.538850
vt 0.266482 0.533824
vt 0.274512 0.533824
vt 0.282173 0.538850
vt 0.303897 0.533824
vt 0.285518 0.527743
vt 0.300552 0.544932
vt 0.294503 0.538850
vt 0.291567 0.533824
vt 0.294503 0.533824
vt 0.288781 0.533177
vt 0.299334 0.531293
vt 0.297289 0.533177
vt 0.297363 0.533824
vt 0.297363 0.538850
vt 0.300144 0.538850
vt 0.303897 0.538850
vt 0.288707 0.538850
vt 0.288707 0.533824
vt 0.285926 0.533824
vt 0.282173 0.533824
vt 0.873806 0.202118
vt 0.881996 0.188210
vt 0.881811 0.202224
vt 0.070737 0.154278
vt 0.069390 0.158832
vt 0.067957 0.155271
vt 0.061463 0.173537
vt 0.069099 0.173444
vt 0.979923 0.183464
vt 0.983700 0.187488
vt 0.979872 0.187854
vt 0.979724 0.200648
vt 0.976262 0.192531
vt 0.979814 0.192838
vt 0.875023 0.183878
vt 0.873644 0.187444
vt 0.871244 0.197929
vt 0.071694 0.169294
vt 0.983373 0.192613
vt 0.075390 0.152028
vt 0.076305 0.155977
vt 0.073523 0.153152
vt 0.072246 0.157624
vt 0.867389 0.195563
vt 0.870782 0.186241
vt 0.075572 0.166962
vt 0.078330 0.154718
vt 0.087157 0.161992
vt 0.081629 0.165273
vt 0.861364 0.193832
vt 0.866735 0.184591
vt 0.980005 0.176448
vt 0.983731 0.182960
vt 0.079296 0.147875
vt 0.080664 0.152832
vt 0.077408 0.150250
vt 0.980086 0.169386
vt 0.983692 0.176337
vt 0.855879 0.190525
vt 0.864722 0.183328
vt 0.084729 0.147421
vt 0.082808 0.150459
vt 0.851556 0.185729
vt 0.862407 0.181437
vt 0.091529 0.157206
vt 0.984470 0.162783
vt 0.983991 0.169546
vt 0.096002 0.146230
vt 0.094356 0.151891
vt 0.848773 0.180416
vt 0.860285 0.179061
vt 0.980168 0.162356
vt 0.984616 0.156499
vt 0.083781 0.140698
vt 0.088721 0.140141
vt 0.086255 0.143439
vt 0.980243 0.155856
vt 0.984222 0.150277
vt 0.081275 0.144746
vt 0.847169 0.174767
vt 0.858390 0.176023
vt 0.095230 0.141951
vt 0.088862 0.136935
vt 0.096770 0.139135
vt 0.854459 0.168748
vt 0.856895 0.172048
vt 0.980317 0.149516
vt 0.983704 0.145687
vt 0.977019 0.145609
vt 0.976395 0.150186
vt 0.847964 0.170510
vt 0.854339 0.165553
vt 0.861847 0.173381
vt 0.975857 0.156397
vt 0.859376 0.169333
vt 0.975857 0.162683
vt 0.976179 0.169455
vt 0.863798 0.176510
vt 0.865663 0.178886
vt 0.867661 0.180666
vt 0.976321 0.176252
vt 0.976128 0.182872
vt 0.869510 0.181792
vt 0.872271 0.182913
vt 0.060980 0.159843
vt 0.976054 0.187399
vt 0.035810 0.177984
vt 0.030969 0.170149
vt 0.035810 0.170149
vt 0.030969 0.177984
vt 0.026128 0.170149
vt 0.026128 0.177984
vt 0.021287 0.170149
vt 0.040650 0.177984
vt 0.040650 0.170149
vt 0.021287 0.165308
vt 0.026128 0.165308
vt 0.470717 0.652371
vt 0.420123 0.574651
vt 0.470718 0.574652
vt 0.420122 0.652370
vt 0.387014 0.691980
vt 0.342403 0.652371
vt 0.403412 0.744854
vt 0.342404 0.782029
vt 0.387015 0.744854
vt 0.420123 0.897542
vt 0.470716 0.975260
vt 0.420123 0.975260
vt 0.420125 0.440280
vt 0.470721 0.324766
vt 0.470720 0.440281
vt 0.759707 0.449948
vt 0.764655 0.462555
vt 0.759448 0.462385
vt 0.584842 0.425409
vt 0.759865 0.437504
vt 0.584842 0.436664
vt 0.759054 0.474807
vt 0.763615 0.487583
vt 0.758436 0.487173
vt 0.584766 0.447914
vt 0.758606 0.362631
vt 0.762694 0.349453
vt 0.763920 0.362276
vt 0.584612 0.459160
vt 0.759227 0.375156
vt 0.764821 0.387575
vt 0.759585 0.387657
vt 0.584383 0.470400
vt 0.765143 0.425097
vt 0.765073 0.437584
vt 0.584078 0.481633
vt 0.759800 0.400135
vt 0.765125 0.412605
vt 0.759911 0.412599
vt 0.583697 0.492857
vt 0.759932 0.425055
vt 0.583240 0.357637
vt 0.583695 0.369096
vt 0.764914 0.450068
vt 0.584076 0.380359
vt 0.764258 0.475056
vt 0.584382 0.391624
vt 0.762402 0.500099
vt 0.757376 0.499326
vt 0.584612 0.402889
vt 0.764494 0.374991
vt 0.584765 0.414150
vt 0.765021 0.400102
vt 0.542838 0.425409
vt 0.548466 0.446411
vt 0.542839 0.436664
vt 0.409047 0.316052
vt 0.390293 0.320733
vt 0.390293 0.316052
vt 0.409047 0.325414
vt 0.390293 0.325414
vt 0.409047 0.330095
vt 0.390293 0.330095
vt 0.390293 0.334776
vt 0.409047 0.334776
vt 0.390293 0.339457
vt 0.409047 0.344138
vt 0.390293 0.344138
vt 0.390293 0.287966
vt 0.409047 0.292647
vt 0.390293 0.292647
vt 0.390293 0.297328
vt 0.409047 0.297328
vt 0.390293 0.302009
vt 0.409047 0.306690
vt 0.390293 0.306690
vt 0.409047 0.311371
vt 0.390293 0.311371
vt 0.372824 0.320733
vt 0.375164 0.311998
vt 0.375164 0.324787
vt 0.379218 0.327127
vt 0.383899 0.309658
vt 0.383899 0.327127
vt 0.387953 0.324787
vt 0.387953 0.311998
vt 0.558213 0.410035
vt 0.558213 0.452038
vt 0.569468 0.452038
vt 0.569468 0.410035
vt 0.579215 0.446411
vt 0.052471 0.350235
vt 0.023183 0.336781
vt 0.053743 0.340772
vt 0.026889 0.315102
vt 0.061070 0.311361
vt 0.057607 0.321555
vt 0.029905 0.433252
vt 0.057824 0.415919
vt 0.061417 0.425692
vt 0.027479 0.422580
vt 0.055410 0.406510
vt 0.025431 0.411951
vt 0.053683 0.397180
vt 0.022607 0.390758
vt 0.052363 0.387856
vt 0.021712 0.380121
vt 0.051560 0.378495
vt 0.021292 0.369353
vt 0.051248 0.369093
vt 0.021405 0.358505
vt 0.051621 0.359665
vt 0.022049 0.347638
vt 0.024770 0.325926
vt 0.055383 0.331254
vt 0.058956 0.332325
vt 0.057346 0.341334
vt 0.062851 0.334004
vt 0.061200 0.341944
vt 0.061239 0.322955
vt 0.065318 0.325029
vt 0.065009 0.313128
vt 0.069234 0.315750
vt 0.065187 0.423896
vt 0.061314 0.414476
vt 0.069218 0.421269
vt 0.058891 0.405402
vt 0.065227 0.412379
vt 0.057218 0.396601
vt 0.062667 0.403708
vt 0.055984 0.387763
vt 0.060105 0.388118
vt 0.060990 0.395981
vt 0.055215 0.378560
vt 0.059596 0.379027
vt 0.054938 0.369106
vt 0.059596 0.369129
vt 0.055300 0.359622
vt 0.056130 0.350327
vt 0.059721 0.359190
vt 0.060315 0.349974
vt 0.092570 0.377964
vt 0.087926 0.360022
vt 0.092570 0.368066
vt 0.087621 0.386536
vt 0.080808 0.355912
vt 0.079576 0.391181
vt 0.072589 0.355912
vt 0.071358 0.391181
vt 0.064545 0.360557
vt 0.064240 0.387072
vt 0.487430 0.744853
vt 0.470716 0.897542
vt 0.420124 0.493507
vt 0.470719 0.488881
vt 0.470719 0.493507
vt 0.403411 0.691980
vt 0.342404 0.733515
vt 0.503826 0.691980
vt 0.548436 0.652370
vt 0.420124 0.488881
vt 0.470720 0.444907
vt 0.548437 0.733514
vt 0.552467 0.779759
vt 0.548436 0.782029
vt 0.338374 0.735785
vt 0.420125 0.444906
vt 0.881119 0.230078
vt 0.881933 0.231777
vt 0.880923 0.231693
vt 0.881153 0.247157
vt 0.881979 0.245441
vt 0.882891 0.247051
vt 0.886044 0.236127
vt 0.884292 0.240512
vt 0.884292 0.236642
vt 0.234485 0.080692
vt 0.232953 0.085049
vt 0.232953 0.081204
vt 0.882837 0.230187
vt 0.881271 0.228069
vt 0.884766 0.229078
vt 0.881303 0.249190
vt 0.886044 0.241027
vt 0.888084 0.235245
vt 0.888084 0.241908
vt 0.236282 0.086437
vt 0.234485 0.085561
vt 0.880390 0.233377
vt 0.880422 0.243820
vt 0.881103 0.243260
vt 0.881972 0.240512
vt 0.881972 0.236642
vt 0.231201 0.085049
vt 0.231201 0.081204
vt 0.229243 0.081204
vt 0.881062 0.233932
vt 0.879086 0.234857
vt 0.879106 0.242320
vt 0.879460 0.241565
vt 0.879641 0.236642
vt 0.879435 0.235605
vt 0.876879 0.235822
vt 0.876876 0.241340
vt 0.876976 0.240512
vt 0.876976 0.236642
vt 0.226853 0.085049
vt 0.226853 0.081204
vt 0.873543 0.240427
vt 0.870202 0.236647
vt 0.873583 0.236728
vt 0.223502 0.081204
vt 0.220077 0.085049
vt 0.220077 0.081204
vt 0.873559 0.235925
vt 0.870145 0.235832
vt 0.873519 0.241231
vt 0.870199 0.240507
vt 0.870140 0.241313
vt 0.867644 0.241985
vt 0.217630 0.081204
vt 0.867624 0.235146
vt 0.867197 0.240505
vt 0.865056 0.236643
vt 0.867199 0.236645
vt 0.215693 0.085049
vt 0.215693 0.081204
vt 0.868056 0.234568
vt 0.866284 0.233490
vt 0.867149 0.232862
vt 0.868069 0.242557
vt 0.866314 0.243619
vt 0.867331 0.229609
vt 0.864017 0.227765
vt 0.869559 0.226887
vt 0.867339 0.247462
vt 0.864054 0.249278
vt 0.864825 0.246945
vt 0.861349 0.236640
vt 0.858939 0.241174
vt 0.858943 0.235964
vt 0.212426 0.085049
vt 0.208964 0.080531
vt 0.212426 0.081204
vt 0.861347 0.240501
vt 0.867168 0.244243
vt 0.864789 0.230125
vt 0.223502 0.085049
vt 0.300552 0.527743
vt 0.285518 0.544932
vt 0.299334 0.541382
vt 0.288781 0.539498
vt 0.297289 0.539498
vt 0.291567 0.538850
vt 0.114768 0.511639
vt 0.094311 0.518946
vt 0.097640 0.511639
vt 0.087681 0.497968
vt 0.079651 0.492942
vt 0.087681 0.492942
vt 0.097640 0.479271
vt 0.118097 0.471964
vt 0.114768 0.479271
vt 0.124727 0.492942
vt 0.132756 0.497968
vt 0.124727 0.497968
vt 0.117065 0.497968
vt 0.117065 0.492942
vt 0.095342 0.492942
vt 0.095342 0.497968
vt 0.113721 0.504050
vt 0.098687 0.486861
vt 0.104736 0.497968
vt 0.107672 0.492942
vt 0.107672 0.497968
vt 0.110457 0.498616
vt 0.099905 0.500500
vt 0.101950 0.498616
vt 0.101876 0.492942
vt 0.104736 0.492942
vt 0.101876 0.497968
vt 0.099095 0.492942
vt 0.099095 0.497968
vt 0.110532 0.497968
vt 0.110532 0.492942
vt 0.113313 0.497968
vt 0.113313 0.492942
vt 0.112503 0.500500
vt 0.098687 0.504050
vt 0.112503 0.490411
vt 0.099905 0.490411
vt 0.110457 0.492294
vt 0.101950 0.492294
vt 0.178890 0.079437
vt 0.187124 0.082993
vt 0.178890 0.082993
vt 0.195357 0.079437
vt 0.195358 0.082993
vt 0.203591 0.079437
vt 0.203591 0.082993
vt 0.104784 0.079437
vt 0.113018 0.082993
vt 0.104784 0.082993
vt 0.113018 0.079437
vt 0.121252 0.082993
vt 0.121252 0.079437
vt 0.129486 0.082993
vt 0.129486 0.079437
vt 0.137720 0.082993
vt 0.137720 0.079437
vt 0.145954 0.082993
vt 0.145954 0.079437
vt 0.154188 0.082993
vt 0.162422 0.079437
vt 0.162422 0.082993
vt 0.170656 0.082993
vt 0.170656 0.079437
vt 0.548435 0.897543
vt 0.907704 0.292054
vt 0.857109 0.308451
vt 0.857109 0.292054
vt 0.342404 0.897542
vt 0.503827 0.744853
vt 0.857116 0.377720
vt 0.907704 0.430593
vt 0.857109 0.430593
vt 0.907704 0.308451
vt 0.857116 0.361324
vt 0.907710 0.361324
vt 0.924639 0.363483
vt 0.941350 0.339061
vt 0.942402 0.363482
vt 0.925692 0.339061
vt 0.940096 0.318935
vt 0.928169 0.304317
vt 0.938873 0.304317
vt 0.928169 0.422648
vt 0.940096 0.408030
vt 0.938873 0.422648
vt 0.926946 0.408030
vt 0.941350 0.387904
vt 0.940209 0.470193
vt 0.952219 0.428834
vt 0.952999 0.470207
vt 0.926721 0.470143
vt 0.914821 0.428788
vt 0.962103 0.446280
vt 0.962412 0.470220
vt 0.913931 0.470129
vt 0.904897 0.446188
vt 0.901039 0.470111
vt 0.904518 0.470116
vt 0.904827 0.494055
vt 0.914711 0.511502
vt 0.962033 0.494148
vt 0.928057 0.517688
vt 0.952110 0.511548
vt 0.938761 0.517688
vt 0.965891 0.470225
vt 0.553814 0.885028
vt 0.553814 0.823728
vt 0.560045 0.328351
vt 0.543624 0.333305
vt 0.543382 0.331067
vt 0.559176 0.344486
vt 0.543382 0.337795
vt 0.560045 0.340511
vt 0.556184 0.352042
vt 0.540091 0.346107
vt 0.541245 0.344174
vt 0.542900 0.328868
vt 0.559175 0.324376
vt 0.543624 0.335557
vt 0.560483 0.336465
vt 0.557883 0.348345
vt 0.542186 0.342129
vt 0.542185 0.326733
vt 0.557883 0.320517
vt 0.560483 0.332396
vt 0.542900 0.339994
vt 0.556183 0.316820
vt 0.541245 0.324688
vt 0.536493 0.337050
vt 0.538247 0.333143
vt 0.537613 0.339003
vt 0.539667 0.339925
vt 0.540450 0.332682
vt 0.541870 0.339464
vt 0.554097 0.355535
vt 0.384409 0.498120
vt 0.399482 0.451664
vt 0.536735 0.334812
vt 0.542504 0.333604
vt 0.247247 0.087148
vt 0.245573 0.085144
vt 0.246760 0.085260
vt 0.244273 0.087700
vt 0.244206 0.085093
vt 0.242456 0.087114
vt 0.242985 0.085170
vt 0.241259 0.086799
vt 0.241769 0.084867
vt 0.246547 0.083420
vt 0.244311 0.083389
vt 0.245504 0.081716
vt 0.245536 0.083427
vt 0.243296 0.083328
vt 0.242266 0.083085
vt 0.244468 0.081700
vt 0.244002 0.080222
vt 0.244652 0.080198
vt 0.243616 0.081627
vt 0.246369 0.081677
vt 0.243975 0.079496
vt 0.244625 0.079471
vt 0.246017 0.080270
vt 0.243272 0.079980
vt 0.245379 0.080221
vt 0.403861 0.488664
vt 0.664373 0.995587
vt 0.853874 0.823727
vt 0.746851 0.863919
vt 0.850864 0.844836
vt 0.970798 0.410226
vt 0.802056 0.176165
vt 0.953466 0.537219
vt 0.850813 0.379517
vt 0.075880 0.121865
vt 0.080337 0.135328
vt 0.092655 0.080628
vt 0.919066 0.545751
vt 0.953466 0.523531
vt 0.398072 0.353391
vt 0.785745 0.377922
vt 0.774437 0.420233
vt 0.785745 0.424419
vt 0.085768 0.129372
vt 0.410370 0.395243
vt 0.858027 0.487978
vt 0.863418 0.492049
vt 0.236447 0.477791
vt 0.860850 0.439257
vt 0.286096 0.455768
vt 0.297824 0.506204
vt 0.837762 0.364838
vt 0.829950 0.364838
vt 0.410729 0.091265
vt 0.399583 0.086700
vt 0.244039 0.516975
vt 0.484748 0.472051
vt 0.487906 0.435963
vt 0.233139 0.606442
vt 0.252784 0.563733
vt 0.251756 0.544019
vt 0.240092 0.520159
vt 0.217821 0.630573
vt 0.313287 0.579302
vt 0.275013 0.567166
vt 0.234434 0.626036
vt 0.330221 0.600383
vt 0.970685 0.205640
vt 0.970685 0.228878
vt 0.970685 0.240497
vt 0.970685 0.252116
vt 0.970702 0.298918
vt 0.899655 0.508826
vt 0.082729 0.460920
vt 0.540152 0.352564
vt 0.903578 0.512040
vt 0.925028 0.622633
vt 0.908446 0.617971
vt 0.913643 0.165307
vt 0.271791 0.975938
vt 0.179585 0.969224
vt 0.179585 0.932534
vt 0.204645 0.925819
vt 0.281142 0.512847
vt 0.319588 0.538850
vt 0.281142 0.559828
vt 0.266482 0.538850
vt 0.286736 0.531293
vt 0.300144 0.533824
vt 0.285926 0.538850
vt 0.976081 0.200558
vt 0.882385 0.184670
vt 0.086964 0.137467
vt 0.980371 0.144862
vt 0.846449 0.167695
vt 0.856226 0.166095
vt 0.060498 0.156257
vt 0.983368 0.200643
vt 0.021287 0.177984
vt 0.420126 0.324766
vt 0.757486 0.350283
vt 0.548466 0.415662
vt 0.409047 0.320733
vt 0.409047 0.339457
vt 0.409047 0.287966
vt 0.409047 0.302009
vt 0.372824 0.316052
vt 0.379218 0.309658
vt 0.579215 0.415662
vt 0.029171 0.304493
vt 0.023805 0.401354
vt 0.487429 0.691981
vt 0.552467 0.735784
vt 0.338374 0.779759
vt 0.880958 0.245524
vt 0.884839 0.248175
vt 0.236282 0.079815
vt 0.229243 0.085049
vt 0.879641 0.240512
vt 0.217630 0.085049
vt 0.865053 0.240503
vt 0.869535 0.250163
vt 0.208964 0.085721
vt 0.286736 0.541382
vt 0.118097 0.518946
vt 0.079651 0.497968
vt 0.094311 0.471964
vt 0.132756 0.492942
vt 0.113721 0.486861
vt 0.187124 0.079437
vt 0.154188 0.079437
vt 0.907710 0.377720
vt 0.926946 0.318935
vt 0.925692 0.387904
vt 0.245463 0.087700
vt 0.242722 0.081375
s 1
usemtl WW1_QF1_Cannon
f 208/319/137 188/320/138 207/321/138
f 209/322/139 190/323/137 208/319/137
f 210/324/140 192/325/139 209/322/139
f 211/326/141 194/327/140 210/324/140
f 212/328/142 196/329/141 211/326/141
f 213/330/143 198/331/142 212/328/142
f 214/332/144 200/333/143 213/330/143
f 215/334/145 202/335/144 214/332/144
f 200/336/146 192/337/146 194/338/146
f 216/339/147 204/340/145 215/334/145
f 207/341/138 206/342/147 216/339/147
f 189/343/148 207/321/148 187/344/148
f 191/345/148 208/319/148 189/343/148
f 193/346/148 209/322/148 191/345/148
f 193/346/148 211/326/148 210/324/148
f 195/347/148 212/328/148 211/326/148
f 199/348/148 212/328/148 197/349/148
f 201/350/148 213/330/148 199/348/148
f 203/351/148 214/332/148 201/350/148
f 203/351/148 216/339/148 215/334/148
f 205/352/148 207/341/148 216/339/148
f 196/329/146 200/336/146 194/338/146
f 192/337/146 204/353/146 190/354/146
f 190/354/146 206/355/146 188/356/146
f 219/357/149 226/358/149 220/359/149
f 218/360/150 232/361/150 217/362/150
f 219/357/142 227/363/142 230/364/142
f 220/365/146 225/366/146 218/360/146
f 217/362/148 231/367/148 219/357/148
f 229/368/142 218/360/142 217/362/142
f 222/369/142 224/370/142 223/371/142
f 227/363/150 223/371/150 230/364/150
f 218/360/142 227/372/142 220/373/142
f 217/362/142 230/374/142 229/368/142
f 228/375/148 222/376/148 227/372/148
f 230/374/146 224/377/146 229/368/146
f 229/378/149 221/379/149 228/380/149
f 233/381/150 236/382/150 235/383/150
f 240/384/149 237/385/149 239/386/149
f 238/387/148 233/388/148 237/389/148
f 239/386/138 233/390/138 235/391/138
f 236/382/142 238/387/142 240/384/142
f 248/392/151 249/393/152 247/394/153
f 241/395/146 246/396/154 243/397/146
f 277/398/155 276/399/156 278/400/155
f 249/393/157 251/401/157 247/394/157
f 250/402/158 252/403/158 254/404/158
f 319/405/150 315/406/150 317/407/150
f 257/408/159 272/409/160 258/410/159
f 255/411/161 278/400/155 256/412/161
f 259/413/162 258/410/159 260/414/162
f 261/415/163 256/416/161 263/417/163
f 246/418/150 311/419/150 243/420/150
f 262/421/164 260/414/162 264/422/164
f 266/423/165 264/422/164 271/424/165
f 265/425/166 263/417/163 267/426/166
f 268/427/167 267/426/166 269/428/167
f 273/429/168 271/424/165 274/430/168
f 270/431/169 269/428/167 272/409/160
f 275/432/156 274/430/168 276/399/156
f 295/433/170 280/434/171 291/435/171
f 288/436/172 294/437/173 301/438/172
f 289/439/174 298/440/175 285/441/175
f 286/442/176 299/443/177 297/444/176
f 287/445/177 298/440/175 299/443/177
f 301/438/172 290/446/178 288/436/172
f 302/447/179 289/439/174 290/446/178
f 292/448/180 281/449/181 279/450/180
f 293/451/181 280/434/171 281/449/181
f 283/452/173 296/453/182 294/437/173
f 284/454/182 295/455/170 296/453/182
f 297/456/176 279/457/180 286/458/176
f 245/459/154 244/460/183 246/396/154
f 242/461/183 303/462/138 244/460/183
f 304/463/138 305/464/184 303/465/138
f 306/466/185 307/467/186 305/464/184
f 308/468/186 309/469/148 307/467/186
f 310/470/148 311/471/187 309/469/148
f 312/472/188 313/473/189 311/471/187
f 314/474/189 315/406/142 313/473/189
f 316/475/142 317/407/190 315/406/142
f 311/419/150 319/405/150 243/420/150
f 318/476/190 319/477/191 317/407/190
f 320/478/191 243/397/146 319/477/191
f 321/479/192 324/480/193 323/481/194
f 244/482/150 309/483/150 246/418/150
f 327/484/195 321/479/195 323/481/195
f 328/485/196 322/486/196 326/487/196
f 329/488/197 332/489/198 331/490/199
f 348/491/200 351/492/201 347/493/201
f 331/490/202 333/494/202 329/488/202
f 332/489/203 334/495/203 336/496/203
f 332/489/204 335/497/204 331/490/204
f 279/457/150 287/498/150 286/458/150
f 281/499/150 285/441/150 287/498/150
f 280/434/150 289/439/150 285/441/150
f 282/500/150 290/501/150 289/439/150
f 284/502/150 288/503/150 290/501/150
f 324/480/205 327/504/205 323/481/205
f 345/505/150 348/491/150 347/493/150
f 344/506/206 341/507/207 343/508/208
f 343/508/209 337/509/209 339/510/209
f 344/506/210 338/511/210 342/512/210
f 339/513/211 344/506/211 343/508/211
f 350/514/212 345/505/148 349/515/148
f 351/516/138 345/505/138 347/493/138
f 350/514/212 353/517/213 346/518/212
f 342/512/214 337/519/214 341/507/214
f 354/520/215 384/521/216 355/522/215
f 346/518/150 354/520/150 348/491/150
f 348/491/200 355/522/215 352/523/200
f 305/524/150 244/482/150 303/525/150
f 356/526/213 357/527/217 353/517/213
f 358/528/217 359/529/218 357/527/217
f 360/530/218 361/531/219 359/529/218
f 362/532/219 363/533/220 361/531/219
f 364/534/220 365/535/221 363/533/220
f 366/536/148 367/537/148 365/538/148
f 368/539/142 369/540/222 367/537/142
f 370/541/222 371/542/223 369/540/222
f 372/543/223 373/544/224 371/542/223
f 374/545/224 375/546/225 373/544/224
f 376/547/225 377/548/226 375/546/225
f 378/549/226 379/550/227 377/548/226
f 380/551/227 381/552/228 379/550/227
f 383/553/216 386/554/229 384/521/216
f 385/555/229 388/556/230 386/554/229
f 353/517/150 383/553/150 354/520/150
f 373/544/150 357/527/150 371/542/150
f 359/529/150 371/542/150 357/527/150
f 363/533/150 369/540/150 361/531/150
f 359/529/150 361/531/150 369/540/150
f 365/535/150 367/537/150 363/533/150
f 375/546/150 383/553/150 373/544/150
f 377/548/150 385/555/150 375/546/150
f 377/548/150 379/550/150 387/557/150
f 379/550/150 381/552/150 387/557/150
f 260/414/150 271/558/150 264/422/150
f 271/558/150 272/559/150 274/560/150
f 274/560/150 269/561/150 276/562/150
f 269/561/150 278/563/150 276/562/150
f 278/563/150 263/564/150 256/565/150
f 411/566/155 410/567/231 412/568/232
f 391/569/159 406/570/233 392/571/159
f 389/572/234 412/568/232 390/573/234
f 393/574/162 392/571/159 394/575/162
f 395/576/235 390/577/234 397/578/235
f 396/579/236 394/575/162 398/580/236
f 400/581/165 398/580/236 405/582/165
f 399/583/237 397/578/235 401/584/237
f 402/585/167 401/584/237 403/586/167
f 407/587/168 405/582/165 408/588/168
f 404/589/238 403/586/167 406/570/233
f 409/590/231 408/588/168 410/567/231
f 394/575/150 405/591/150 398/580/150
f 392/592/150 408/593/150 405/591/150
f 406/594/150 410/595/150 408/593/150
f 410/595/150 401/596/150 412/597/150
f 412/597/150 397/598/150 390/599/150
f 413/600/239 416/601/240 414/602/241
f 415/603/242 418/604/243 416/601/240
f 417/605/244 420/606/245 418/604/243
f 421/607/246 420/606/245 419/608/245
f 421/607/246 424/609/247 422/610/246
f 423/611/248 426/612/138 424/609/247
f 427/613/249 426/612/138 425/614/250
f 429/615/251 428/616/252 427/613/249
f 431/617/253 430/618/254 429/615/251
f 458/619/255 460/620/255 459/621/255
f 434/622/256 414/602/241 435/623/257
f 439/624/258 440/625/259 438/626/260
f 440/625/259 443/627/261 442/628/262
f 443/627/261 444/629/263 442/628/262
f 445/630/264 446/631/265 444/629/263
f 446/631/265 449/632/266 448/633/267
f 448/633/267 451/634/268 450/635/269
f 451/634/268 452/636/270 450/635/269
f 453/637/271 454/638/272 452/636/270
f 455/639/273 456/640/274 454/638/272
f 459/621/275 439/624/258 438/626/260
f 457/641/276 462/642/277 461/643/278
f 438/644/279 415/603/280 413/600/281
f 415/603/280 442/645/282 417/605/283
f 442/645/282 419/608/284 417/605/283
f 444/646/284 421/607/285 419/608/284
f 446/647/285 423/611/285 421/607/285
f 423/611/285 450/648/286 425/614/287
f 450/648/286 427/613/288 425/614/287
f 427/613/288 454/649/289 429/615/290
f 454/649/289 431/617/291 429/615/290
f 434/622/256 438/644/279 413/600/281
f 414/650/292 475/651/293 476/652/294
f 462/653/277 433/654/295 437/655/296
f 433/654/295 434/622/256 435/623/257
f 435/623/257 471/656/297 433/654/295
f 464/657/298 472/658/299 467/659/300
f 470/660/301 464/657/298 463/661/302
f 470/660/301 465/662/303 469/663/304
f 470/660/301 473/664/305 472/658/299
f 469/663/304 471/656/297 470/660/301
f 433/654/295 468/665/306 437/655/296
f 473/664/305 467/659/300 472/658/299
f 466/666/307 435/623/257 414/602/241
f 431/667/308 457/668/309 432/669/310
f 416/670/311 432/671/311 414/650/311
f 428/672/311 416/670/311 418/673/311
f 420/606/311 428/672/311 418/673/311
f 422/610/311 426/674/311 420/606/311
f 486/675/312 476/676/313 475/677/314
f 479/678/315 482/679/316 487/680/317
f 485/681/318 479/678/315 487/680/317
f 480/682/319 485/681/318 484/683/320
f 488/684/321 485/681/318 487/680/317
f 486/675/312 484/683/320 485/681/318
f 483/685/322 475/677/314 477/686/323
f 482/679/316 488/684/321 487/680/317
f 476/676/324 481/687/325 474/688/326
f 414/602/327 481/689/328 466/666/329
f 466/666/329 482/690/330 467/659/330
f 467/659/330 479/678/331 464/657/331
f 463/661/311 479/678/311 478/691/311
f 478/691/311 465/662/311 463/661/311
f 432/671/332 477/692/333 475/651/293
f 441/693/334 458/694/335 457/641/336
f 460/695/337 458/694/335 439/696/338
f 441/693/334 455/697/339 443/698/340
f 443/698/340 453/699/341 445/700/342
f 447/701/284 453/699/341 451/702/284
f 449/703/284 447/701/284 451/702/284
f 489/704/343 492/705/344 491/706/344
f 492/705/344 493/707/345 491/706/344
f 494/708/252 495/709/138 493/707/345
f 496/710/138 497/711/247 495/709/138
f 497/711/247 500/712/246 499/713/246
f 500/712/246 501/714/245 499/713/246
f 501/714/245 504/715/346 503/716/346
f 504/715/346 505/717/347 503/716/346
f 505/717/347 508/718/348 507/719/349
f 508/718/348 510/720/350 507/719/349
f 512/721/351 489/704/343 511/722/351
f 433/654/295 459/723/352 434/622/256
f 513/724/239 516/725/240 515/726/242
f 515/726/242 518/727/243 517/728/244
f 518/727/243 519/729/353 517/728/244
f 519/729/353 522/730/354 521/731/354
f 522/730/354 523/732/248 521/731/354
f 524/733/248 525/734/250 523/732/248
f 526/735/138 527/736/249 525/734/250
f 528/737/252 529/738/251 527/736/249
f 530/739/355 531/740/356 529/738/251
f 558/741/357 559/742/357 560/743/357
f 534/744/358 514/745/359 513/724/239
f 540/746/360 539/747/361 538/748/362
f 540/746/360 543/749/363 541/750/364
f 544/751/365 543/749/363 542/752/366
f 546/753/367 545/754/368 544/751/365
f 546/753/367 549/755/369 547/756/370
f 548/757/371 551/758/372 549/755/369
f 552/759/373 551/758/372 550/760/374
f 554/761/375 553/762/376 552/759/373
f 556/763/377 555/764/378 554/761/375
f 559/742/379 539/747/361 560/743/380
f 557/765/381 562/766/382 558/767/383
f 515/726/384 538/768/385 513/724/386
f 515/726/384 542/769/387 540/770/388
f 519/729/311 542/769/387 517/728/389
f 519/729/311 546/771/390 544/772/311
f 523/732/390 546/771/390 521/731/390
f 523/732/390 550/773/391 548/774/390
f 527/736/392 550/773/391 525/734/393
f 527/736/392 554/775/394 552/776/395
f 531/740/396 554/775/394 529/738/397
f 534/744/358 538/768/385 559/777/398
f 575/778/399 514/779/400 576/780/401
f 533/781/402 562/782/382 537/783/403
f 533/781/402 535/784/404 534/744/358
f 571/785/405 535/784/404 533/781/402
f 564/786/406 567/787/407 572/788/408
f 570/789/409 564/786/406 572/788/408
f 569/790/410 563/791/302 570/789/409
f 573/792/411 570/789/409 572/788/408
f 571/785/405 569/790/410 570/789/409
f 568/793/412 533/781/402 537/783/403
f 567/787/407 573/792/411 572/788/408
f 535/784/404 566/794/413 514/745/359
f 531/740/414 557/795/415 556/796/416
f 516/797/284 532/798/417 530/799/284
f 516/797/284 528/800/284 518/801/284
f 520/802/284 528/800/284 526/803/284
f 522/730/284 526/803/284 524/804/284
f 576/805/418 586/806/419 575/807/420
f 579/808/421 587/809/422 582/810/423
f 585/811/424 579/808/421 578/812/425
f 584/813/426 578/812/425 580/814/319
f 585/811/424 588/815/427 587/809/422
f 584/813/426 586/806/419 585/811/424
f 575/807/420 583/816/428 577/817/429
f 588/815/427 582/810/423 587/809/422
f 581/818/430 576/805/418 574/819/431
f 581/820/432 514/745/433 566/794/434
f 582/821/435 566/794/434 567/787/435
f 579/808/436 567/787/435 564/786/436
f 563/791/284 579/808/284 564/786/284
f 565/822/284 578/812/284 563/791/284
f 532/798/437 577/823/438 536/824/439
f 541/825/440 558/767/383 539/826/441
f 560/827/442 539/826/441 558/767/383
f 555/828/443 541/825/440 543/829/444
f 553/830/445 543/829/444 545/831/446
f 547/832/311 553/830/445 545/831/446
f 549/833/390 551/834/311 547/832/311
f 559/777/398 533/781/402 534/744/358
f 592/835/311 595/836/311 591/837/311
f 596/838/245 593/839/245 595/840/245
f 594/841/284 589/842/284 593/843/284
f 595/840/138 589/844/138 591/845/138
f 596/838/142 590/846/142 594/841/142
f 511/722/447 598/847/447 512/721/447
f 600/848/146 601/849/448 599/850/146
f 602/851/154 603/852/449 601/849/448
f 604/853/450 605/854/138 603/852/449
f 606/855/138 607/856/184 605/857/138
f 608/858/184 609/859/186 607/856/184
f 610/860/186 611/861/148 609/859/186
f 612/862/148 613/863/188 611/861/148
f 614/864/188 615/865/451 613/863/188
f 616/866/452 617/867/142 615/865/451
f 618/868/142 619/869/190 617/867/142
f 618/868/149 614/870/149 620/871/149
f 620/871/190 621/872/191 619/869/190
f 622/873/191 599/850/146 621/872/191
f 620/871/149 612/874/149 622/875/149
f 612/874/149 600/876/149 622/875/149
f 600/876/149 608/877/149 602/878/149
f 608/877/149 604/879/149 602/878/149
f 623/880/453 626/881/454 625/882/453
f 626/883/455 629/884/456 625/885/456
f 630/886/457 627/887/457 629/888/457
f 627/889/458 624/890/459 623/891/458
f 623/891/458 634/892/460 627/889/458
f 629/884/456 631/893/461 625/885/456
f 625/882/453 632/894/453 623/880/453
f 627/887/457 633/895/462 629/888/457
f 641/896/463 638/897/464 635/898/463
f 639/899/453 636/900/453 637/901/453
f 641/896/463 637/902/465 642/903/465
f 637/902/465 643/904/466 642/903/465
f 643/904/466 631/893/461 633/905/461
f 638/897/464 646/906/467 639/907/467
f 646/906/467 640/908/468 639/907/467
f 640/908/468 634/892/460 632/909/460
f 635/898/454 639/899/453 637/901/453
f 649/910/457 648/911/457 647/912/457
f 692/913/469 654/914/470 688/915/471
f 651/916/453 654/914/453 653/917/453
f 693/918/472 656/919/473 691/920/474
f 689/921/142 653/922/475 687/923/142
f 688/924/471 648/911/476 650/925/477
f 656/926/457 650/925/457 649/910/457
f 654/914/453 657/927/453 653/917/453
f 691/920/474 649/928/478 687/923/479
f 696/929/480 662/930/481 694/931/482
f 694/931/482 658/932/483 692/913/469
f 660/933/457 655/934/457 656/926/457
f 658/932/453 661/935/453 657/927/453
f 666/936/484 669/937/485 665/938/486
f 664/939/487 659/940/488 660/933/457
f 662/930/453 665/938/486 661/935/453
f 695/941/489 660/942/490 693/918/472
f 700/943/491 670/944/492 698/945/493
f 697/946/494 664/947/495 695/941/489
f 698/945/493 666/936/496 696/929/480
f 668/948/497 663/949/498 664/939/487
f 700/943/491 678/950/499 674/951/500
f 672/952/501 667/953/502 668/948/497
f 670/944/503 673/954/504 669/937/485
f 697/946/494 672/955/505 668/956/506
f 678/950/507 681/957/508 677/958/509
f 676/959/510 671/960/511 672/952/501
f 674/951/512 677/958/509 673/954/504
f 699/961/513 676/962/514 672/955/505
f 704/963/515 686/964/516 682/965/517
f 701/966/518 680/967/519 676/962/514
f 702/968/520 682/965/517 678/950/499
f 680/969/521 675/970/522 676/959/510
f 685/971/523 706/972/524 705/973/525
f 680/969/521 683/974/526 679/975/527
f 686/964/528 681/957/508 682/965/529
f 703/976/530 684/977/531 680/967/519
f 685/978/532 703/976/530 681/979/533
f 684/980/534 706/981/524 683/974/535
f 679/975/536 702/982/520 675/970/537
f 681/979/533 701/966/518 677/983/538
f 683/974/539 704/984/515 679/975/536
f 677/983/538 699/961/513 673/985/540
f 673/985/540 697/946/494 669/986/541
f 675/970/537 700/987/491 671/960/542
f 663/949/543 698/988/493 696/989/480
f 665/990/544 697/946/494 695/941/489
f 667/953/545 700/987/491 698/988/493
f 661/991/546 695/941/489 693/918/472
f 655/934/547 694/992/482 692/993/469
f 659/940/548 696/989/480 694/992/482
f 653/922/549 691/920/474 687/923/479
f 652/994/550 688/915/471 654/914/470
f 649/928/551 689/921/142 687/923/142
f 657/995/552 693/918/472 691/920/474
f 650/925/477 692/993/469 688/924/471
f 708/996/453 709/997/453 707/998/453
f 710/999/553 713/1000/553 709/997/553
f 714/1001/457 711/1002/457 713/1000/457
f 712/1003/554 707/998/554 711/1004/554
f 713/1000/138 707/1005/138 709/1006/138
f 718/1007/555 721/1008/555 717/1009/555
f 722/1010/457 939/1011/457 721/1012/457
f 937/1013/556 832/1014/557 935/1015/557
f 720/1016/554 715/1017/554 719/1018/554
f 832/1019/138 715/1020/138 831/1021/138
f 730/1022/558 750/1023/559 732/1024/560
f 725/1025/561 728/1026/562 727/1027/563
f 734/1028/564 752/1029/565 736/1030/566
f 728/1026/562 729/1031/567 727/1027/563
f 740/1032/568 753/1033/569 754/1034/570
f 729/1031/567 732/1024/560 731/1035/571
f 742/1036/572 756/1037/573 744/1038/574
f 732/1024/560 733/1039/575 731/1035/571
f 728/1026/562 723/1040/576 724/1041/577
f 733/1039/575 736/1030/566 735/1042/578
f 746/1043/579 758/1044/580 748/1045/581
f 736/1030/566 737/1046/582 735/1042/578
f 748/1045/581 723/1040/576 726/1047/583
f 737/1048/582 740/1032/568 739/1049/584
f 728/1026/562 749/1050/585 730/1022/558
f 740/1032/568 741/1051/586 739/1049/584
f 734/1028/564 750/1023/559 751/1052/587
f 741/1051/586 744/1038/574 743/1053/588
f 736/1030/566 753/1054/569 738/1055/589
f 744/1038/574 745/1056/590 743/1053/588
f 742/1036/572 754/1034/570 755/1057/591
f 745/1056/590 748/1045/581 747/1058/592
f 746/1043/579 756/1037/573 757/1059/593
f 748/1045/581 725/1025/561 747/1058/592
f 739/1060/555 735/1061/555 737/1062/555
f 760/1063/142 761/1064/594 759/1065/142
f 761/1064/594 764/1066/595 763/1067/596
f 763/1067/596 766/1068/457 765/1069/457
f 766/1068/457 767/1070/597 765/1069/457
f 768/1071/597 769/1072/598 767/1070/597
f 769/1072/598 772/1073/138 771/1074/138
f 771/1075/138 774/1076/599 773/1077/599
f 774/1076/599 775/1078/600 773/1077/599
f 776/1079/600 777/1080/453 775/1078/600
f 777/1080/453 780/1081/601 779/1082/601
f 779/1082/601 782/1083/602 781/1084/602
f 782/1083/602 759/1065/142 781/1084/602
f 771/1085/555 775/1086/555 769/1087/603
f 775/1086/555 767/1088/555 769/1087/603
f 767/1088/555 779/1089/555 765/1090/555
f 779/1089/555 763/1091/555 765/1090/555
f 781/1092/555 761/1064/555 763/1091/555
f 735/1061/555 743/1093/555 733/1094/555
f 743/1093/555 731/1095/555 733/1094/555
f 745/1096/555 729/1097/555 731/1095/555
f 729/1097/555 725/1025/555 727/1027/555
f 829/1098/604 783/1099/605 796/1100/606
f 785/1101/607 805/1102/608 802/1103/609
f 786/1104/610 808/1105/611 805/1106/608
f 787/1107/612 811/1108/613 808/1105/611
f 788/1109/614 814/1110/615 811/1108/613
f 814/1110/615 790/1111/616 817/1112/617
f 817/1112/617 791/1113/618 820/1114/619
f 820/1114/619 792/1115/620 823/1116/621
f 823/1116/621 793/1117/622 826/1118/623
f 826/1118/623 794/1119/624 829/1098/604
f 784/1120/625 802/1103/609 799/1121/626
f 783/1099/605 799/1121/626 796/1100/606
f 796/1100/606 800/1122/627 797/1123/628
f 797/1123/628 798/1124/629 795/1125/630
f 799/1121/626 803/1126/631 800/1122/627
f 800/1122/627 801/1127/632 798/1124/629
f 802/1103/609 806/1128/633 803/1126/631
f 803/1126/631 804/1129/634 801/1127/632
f 808/1105/611 806/1130/633 805/1106/608
f 809/1131/635 804/1132/634 806/1130/633
f 811/1108/613 809/1131/635 808/1105/611
f 812/1133/636 807/1134/637 809/1131/635
f 814/1110/615 812/1133/636 811/1108/613
f 815/1135/638 810/1136/639 812/1133/636
f 814/1110/615 818/1137/640 815/1135/638
f 815/1135/638 816/1138/641 813/1139/642
f 817/1112/617 821/1140/643 818/1137/640
f 818/1137/640 819/1141/644 816/1138/641
f 820/1114/619 824/1142/645 821/1140/643
f 821/1140/643 822/1143/646 819/1141/644
f 826/1118/623 824/1142/645 823/1116/621
f 827/1144/647 822/1143/646 824/1142/645
f 829/1098/604 827/1144/647 826/1118/623
f 830/1145/648 825/1146/649 827/1144/647
f 796/1100/606 830/1145/648 829/1098/604
f 797/1123/628 828/1147/650 830/1145/648
f 804/1148/651 798/1149/651 801/1150/651
f 807/1151/651 795/1152/651 798/1149/651
f 810/1153/651 828/1154/651 795/1152/651
f 813/1155/651 825/1156/651 828/1154/651
f 816/1157/651 822/1143/651 825/1156/651
f 718/1007/453 938/1158/652 716/1159/453
f 833/1160/653 835/1161/653 834/1162/653
f 722/1010/457 937/1013/556 941/1163/654
f 939/1011/457 833/1164/655 721/1012/457
f 940/1165/453 718/1007/453 717/1166/453
f 935/1015/557 832/1014/557 833/1164/655
f 838/1167/138 836/1168/138 835/1161/138
f 834/1169/453 836/1170/453 831/1171/656
f 832/1014/557 838/1172/457 833/1164/655
f 832/1019/657 836/1168/657 837/1173/657
f 841/1174/658 846/1175/659 845/1176/660
f 839/1177/661 844/1178/662 840/1179/663
f 842/1180/664 844/1181/665 846/1182/666
f 839/1183/667 845/1184/668 843/1185/668
f 842/1186/669 849/1187/670 850/1188/671
f 840/1179/663 847/1189/672 839/1177/661
f 840/1190/664 850/1191/673 848/1192/674
f 839/1183/667 849/1193/675 841/1194/676
f 846/1175/659 853/1195/677 845/1176/660
f 844/1178/662 851/1196/678 852/1197/656
f 846/1182/666 852/1198/679 854/1199/679
f 843/1185/668 853/1200/680 851/1201/680
f 853/1200/680 855/1202/681 851/1201/680
f 854/1203/677 857/1204/557 853/1195/677
f 852/1197/656 855/1205/682 856/1206/683
f 852/1198/679 858/1207/684 854/1199/679
f 858/1208/557 861/1209/685 857/1204/557
f 856/1206/683 859/1210/686 860/1211/454
f 858/1207/684 860/1211/687 862/1212/687
f 855/1202/681 861/1213/688 859/1214/688
f 884/1215/689 866/1216/690 883/1217/689
f 885/1218/691 865/1219/692 863/1220/692
f 886/1221/457 866/1216/457 865/1222/457
f 885/1223/656 864/1224/453 884/1215/656
f 863/1225/453 868/1226/453 864/1224/453
f 865/1219/692 867/1227/693 863/1220/692
f 870/1228/457 865/1222/457 866/1216/457
f 868/1229/694 866/1216/690 864/1224/695
f 868/1229/694 874/1230/696 870/1231/694
f 867/1227/693 873/1232/697 871/1233/698
f 869/1234/457 874/1235/457 873/1236/457
f 867/1237/453 872/1238/453 868/1226/453
f 879/1239/699 878/1240/700 877/1241/701
f 882/1242/702 876/1243/703 881/1244/704
f 880/1245/705 876/1246/706 878/1247/707
f 879/1248/708 875/1249/709 882/1250/708
f 873/1232/697 882/1250/708 871/1233/698
f 874/1230/696 881/1251/705 880/1245/705
f 871/1252/453 881/1244/704 872/1238/453
f 873/1236/457 880/1253/710 879/1239/699
f 859/1210/686 884/1215/656 860/1211/454
f 861/1209/685 883/1217/457 886/1221/457
f 859/1214/688 886/1254/691 885/1218/691
f 862/1212/687 884/1215/689 883/1217/689
f 636/900/453 632/894/453 631/1255/453
f 634/1256/457 643/1257/457 633/895/462
f 643/1257/457 646/1258/462 642/1259/457
f 642/1259/457 644/1260/457 641/896/556
f 887/1261/453 890/1262/453 889/1263/453
f 889/1264/456 894/1265/455 893/1266/456
f 893/1267/457 892/1268/457 891/1269/457
f 891/1270/458 888/1271/459 887/1272/458
f 891/1270/458 896/1273/460 898/1274/460
f 889/1264/456 897/1275/711 895/1276/711
f 889/1263/453 896/1277/453 887/1261/453
f 891/1269/457 897/1278/457 893/1267/457
f 899/1279/463 908/1280/464 902/1281/464
f 903/1282/454 900/1283/453 901/1284/454
f 899/1279/463 906/1285/465 905/1286/463
f 901/1287/465 907/1288/466 906/1285/465
f 900/1289/466 897/1275/711 907/1288/466
f 908/1280/464 903/1290/467 902/1281/464
f 910/1291/467 904/1292/468 903/1290/467
f 909/1293/468 896/1273/460 904/1292/468
f 899/1279/712 903/1282/454 901/1284/454
f 904/1294/454 895/1295/453 900/1283/453
f 897/1278/457 909/1296/457 907/1297/457
f 907/1297/457 910/1298/457 906/1299/457
f 910/1298/457 905/1286/462 906/1299/457
f 912/1300/146 913/1301/448 911/1302/146
f 913/1301/448 916/1303/713 915/1304/713
f 915/1304/713 918/1305/138 917/1306/138
f 918/1307/138 919/1308/184 917/1309/138
f 920/1310/184 921/1311/186 919/1308/184
f 922/1312/186 923/1313/148 921/1311/186
f 924/1314/148 925/1315/714 923/1313/148
f 926/1316/188 927/1317/189 925/1315/714
f 928/1318/452 929/1319/715 927/1317/189
f 929/1319/715 932/1320/190 931/1321/190
f 932/1320/190 933/1322/191 931/1321/190
f 934/1323/191 911/1302/146 933/1322/191
f 834/1169/453 940/1165/453 717/1166/453
f 831/1171/656 715/1324/453 716/1159/453
f 938/1158/652 831/1171/656 716/1159/453
f 942/1325/554 939/1326/554 941/1327/554
f 832/1014/557 720/1016/457 719/1328/457
f 831/1171/656 936/1329/656 834/1169/453
f 937/1330/138 942/1331/138 941/1332/138
f 940/1333/142 935/1334/142 939/1326/142
f 936/1335/555 937/1330/555 935/1334/555
f 944/1336/716 945/1337/717 943/1338/716
f 946/1339/717 947/1340/718 945/1337/717
f 947/1340/718 950/1341/719 949/1342/719
f 952/1343/720 953/1344/721 951/1345/720
f 954/1346/722 955/1347/723 953/1344/721
f 955/1347/723 944/1336/716 943/1338/716
f 958/1348/148 952/1343/148 951/1345/148
f 958/1348/724 953/1349/725 959/1350/726
f 957/1351/727 954/1352/728 952/1343/729
f 959/1350/726 955/1353/730 961/1354/731
f 960/1355/732 956/1356/733 954/1352/728
f 944/1357/734 962/1358/735 946/1359/736
f 956/1356/733 962/1358/735 944/1357/734
f 946/1359/736 960/1355/732 948/1360/737
f 945/1361/738 959/1350/726 961/1354/731
f 948/1360/737 957/1351/727 950/1362/739
f 947/1363/740 958/1348/724 959/1350/726
f 950/1362/148 958/1348/148 949/1364/148
f 955/1353/730 943/1365/741 961/1354/731
f 945/1361/738 961/1354/731 943/1365/741
f 232/361/138 226/1366/138 231/1367/138
f 201/1368/742 969/1369/743 970/1370/742
f 193/1371/744 967/1372/745 195/1373/745
f 189/1374/746 963/1375/747 964/1376/748
f 201/1368/742 971/1377/749 203/1378/749
f 195/1373/745 968/1379/750 197/1380/750
f 191/1381/751 964/1376/748 965/1382/751
f 203/1378/749 972/1383/752 205/1384/752
f 197/1380/750 969/1369/743 199/1385/743
f 191/1381/751 966/1386/744 193/1371/744
f 187/1387/747 972/1383/752 963/1388/747
f 963/1389/148 971/1390/148 964/1391/148
f 971/1390/148 965/1392/148 964/1391/148
f 970/1393/148 966/1394/148 965/1392/148
f 966/1394/148 968/1379/148 967/1372/148
f 994/319/137 974/320/138 993/321/138
f 995/322/139 976/323/137 994/319/137
f 996/324/140 978/325/139 995/322/139
f 997/326/141 980/327/140 996/324/140
f 998/328/142 982/329/141 997/326/141
f 999/330/143 984/331/142 998/328/142
f 1000/332/144 986/333/143 999/330/143
f 1001/334/145 988/335/144 1000/332/144
f 986/336/146 978/337/146 980/338/146
f 1002/339/147 990/340/145 1001/334/145
f 993/341/138 992/342/147 1002/339/147
f 975/343/148 993/321/148 973/344/148
f 977/345/148 994/319/148 975/343/148
f 979/346/148 995/322/148 977/345/148
f 979/346/148 997/326/148 996/324/148
f 981/347/148 998/328/148 997/326/148
f 985/348/148 998/328/148 983/349/148
f 987/350/148 999/330/148 985/348/148
f 989/351/148 1000/332/148 987/350/148
f 989/351/148 1002/339/148 1001/334/148
f 991/352/148 993/341/148 1002/339/148
f 982/329/146 986/336/146 980/338/146
f 978/337/146 990/353/146 976/354/146
f 976/354/146 992/355/146 974/356/146
f 987/1368/742 1009/1369/743 1010/1370/742
f 979/1371/744 1007/1372/745 981/1373/745
f 973/1395/747 1004/1376/753 975/1374/746
f 987/1368/742 1011/1377/749 989/1378/749
f 983/1380/750 1007/1372/745 1008/1379/750
f 977/1381/751 1004/1376/753 1005/1382/751
f 989/1378/749 1012/1383/752 991/1384/752
f 983/1380/750 1009/1369/743 985/1385/743
f 977/1381/751 1006/1386/744 979/1371/744
f 991/1384/752 1003/1388/747 973/1387/747
f 1003/1389/148 1011/1390/148 1004/1391/148
f 1011/1390/148 1005/1392/148 1004/1391/148
f 1010/1393/148 1006/1394/148 1005/1392/148
f 1006/1394/148 1008/1379/148 1007/1372/148
f 1034/319/754 1014/320/755 1033/321/755
f 1035/322/756 1016/323/754 1034/319/754
f 1036/324/757 1018/325/756 1035/322/756
f 1037/326/758 1020/327/757 1036/324/757
f 1038/328/759 1022/329/758 1037/326/758
f 1039/330/760 1024/331/759 1038/328/759
f 1040/332/761 1026/333/760 1039/330/760
f 1041/334/762 1028/335/761 1040/332/761
f 1020/338/146 1028/1396/146 1018/337/146
f 1042/339/763 1030/340/762 1041/334/762
f 1033/341/755 1032/342/763 1042/339/763
f 1015/343/148 1033/321/148 1013/344/148
f 1017/345/148 1034/319/148 1015/343/148
f 1019/346/148 1035/322/148 1017/345/148
f 1021/347/764 1036/324/148 1019/346/148
f 1023/349/148 1037/326/148 1021/347/764
f 1023/349/148 1039/330/148 1038/328/148
f 1025/348/148 1040/332/148 1039/330/148
f 1027/350/148 1041/334/148 1040/332/148
f 1029/351/148 1042/339/148 1041/334/148
f 1013/1397/148 1042/339/148 1031/352/148
f 1022/329/146 1026/336/146 1020/338/146
f 1028/1396/146 1016/354/146 1018/337/146
f 1030/353/146 1014/356/146 1016/354/146
f 1025/1385/765 1050/1370/766 1027/1368/766
f 1021/1373/767 1046/1386/768 1047/1372/767
f 1015/1374/769 1043/1375/770 1044/1376/769
f 1027/1368/766 1051/1377/771 1029/1378/771
f 1023/1380/772 1047/1372/767 1048/1379/772
f 1017/1381/773 1044/1376/769 1045/1382/773
f 1031/1384/774 1051/1377/771 1052/1383/774
f 1023/1380/772 1049/1369/765 1025/1385/765
f 1019/1371/768 1045/1382/773 1046/1386/768
f 1031/1384/774 1043/1388/770 1013/1387/770
f 1052/1398/148 1044/1391/148 1043/1389/148
f 1044/1391/148 1050/1393/148 1045/1392/148
f 1045/1392/148 1049/1399/148 1046/1394/148
f 1046/1394/148 1048/1379/148 1047/1372/148
f 1074/319/775 1054/320/776 1073/321/776
f 1075/322/777 1056/323/775 1074/319/775
f 1076/324/778 1058/325/777 1075/322/777
f 1077/326/779 1060/327/778 1076/324/778
f 1078/328/780 1062/329/779 1077/326/779
f 1079/330/781 1064/331/780 1078/328/780
f 1080/332/782 1066/333/781 1079/330/781
f 1081/334/783 1068/335/782 1080/332/782
f 1066/336/146 1058/337/146 1060/338/146
f 1082/339/784 1070/340/783 1081/334/783
f 1073/341/776 1072/342/784 1082/339/784
f 1055/343/148 1073/321/148 1053/344/764
f 1055/343/148 1075/322/148 1074/319/148
f 1059/346/148 1075/322/148 1057/345/148
f 1059/346/148 1077/326/148 1076/324/148
f 1061/347/764 1078/328/148 1077/326/148
f 1063/349/148 1079/330/148 1078/328/148
f 1065/348/148 1080/332/148 1079/330/148
f 1067/350/148 1081/334/148 1080/332/148
f 1069/351/148 1082/339/148 1081/334/148
f 1071/352/148 1073/341/148 1082/339/148
f 1062/329/146 1066/336/146 1060/338/146
f 1058/337/146 1070/353/146 1056/354/146
f 1056/354/146 1072/355/146 1054/356/146
f 1065/1385/785 1090/1370/786 1067/1368/787
f 1061/1373/788 1086/1386/789 1087/1372/788
f 1053/1395/790 1084/1376/791 1055/1374/791
f 1067/1368/787 1091/1377/792 1069/1378/792
f 1063/1380/793 1087/1372/788 1088/1379/794
f 1057/1381/795 1084/1376/791 1085/1382/795
f 1069/1378/792 1092/1383/796 1071/1384/796
f 1063/1380/793 1089/1369/785 1065/1385/785
f 1057/1381/795 1086/1386/789 1059/1371/789
f 1053/1387/790 1092/1383/796 1083/1388/790
f 1083/1389/148 1091/1390/148 1084/1391/148
f 1091/1390/148 1085/1392/148 1084/1391/148
f 1090/1393/148 1086/1394/148 1085/1392/148
f 1086/1394/148 1088/1379/148 1087/1372/764
f 1114/319/797 1094/320/798 1113/321/798
f 1115/322/799 1096/323/797 1114/319/797
f 1116/324/800 1098/325/799 1115/322/799
f 1117/326/801 1100/327/800 1116/324/800
f 1118/328/802 1102/329/801 1117/326/801
f 1119/330/803 1104/331/802 1118/328/802
f 1120/332/804 1106/333/803 1119/330/803
f 1121/334/805 1108/335/804 1120/332/804
f 1106/336/146 1098/337/146 1100/338/146
f 1122/339/806 1110/340/805 1121/334/805
f 1113/341/798 1112/342/806 1122/339/806
f 1095/343/148 1113/321/148 1093/344/148
f 1095/343/148 1115/322/148 1114/319/148
f 1099/346/148 1115/322/148 1097/345/148
f 1099/346/148 1117/326/148 1116/324/148
f 1101/347/148 1118/328/148 1117/326/148
f 1103/349/148 1119/330/148 1118/328/148
f 1105/348/148 1120/332/148 1119/330/148
f 1107/350/148 1121/334/148 1120/332/148
f 1109/351/148 1122/339/148 1121/334/148
f 1093/1397/148 1122/339/148 1111/352/148
f 1102/329/146 1106/336/146 1100/338/146
f 1098/337/146 1110/353/146 1096/354/146
f 1096/354/146 1112/355/146 1094/356/146
f 1105/1385/807 1130/1370/808 1107/1368/809
f 1101/1373/810 1126/1386/811 1127/1372/810
f 1095/1374/812 1123/1375/813 1124/1376/812
f 1107/1368/809 1131/1377/814 1109/1378/814
f 1101/1373/810 1128/1379/815 1103/1380/815
f 1097/1381/816 1124/1376/812 1125/1382/816
f 1109/1378/814 1132/1383/817 1111/1384/818
f 1103/1380/815 1129/1369/819 1105/1385/807
f 1097/1381/816 1126/1386/811 1099/1371/820
f 1093/1387/821 1132/1383/817 1123/1388/813
f 1123/1389/148 1131/1390/148 1124/1391/148
f 1131/1390/148 1125/1392/148 1124/1391/148
f 1125/1392/148 1129/1399/148 1126/1394/148
f 1126/1394/148 1128/1379/148 1127/1372/148
f 1154/319/822 1134/320/823 1153/321/823
f 1155/322/824 1136/323/822 1154/319/822
f 1156/324/825 1138/325/824 1155/322/824
f 1157/326/826 1140/327/825 1156/324/825
f 1158/328/827 1142/329/826 1157/326/826
f 1159/330/828 1144/331/827 1158/328/827
f 1160/332/829 1146/333/828 1159/330/828
f 1161/334/830 1148/335/829 1160/332/829
f 1146/336/146 1138/337/146 1140/338/146
f 1162/339/831 1150/340/830 1161/334/830
f 1153/341/823 1152/342/831 1162/339/831
f 1135/343/764 1153/321/148 1133/344/148
f 1135/343/764 1155/322/148 1154/319/764
f 1137/345/148 1156/324/148 1155/322/148
f 1139/346/148 1157/326/148 1156/324/148
f 1141/347/148 1158/328/148 1157/326/148
f 1145/348/148 1158/328/148 1143/349/148
f 1147/350/148 1159/330/148 1145/348/148
f 1147/350/148 1161/334/148 1160/332/148
f 1149/351/148 1162/339/148 1161/334/148
f 1133/1397/148 1162/339/148 1151/352/148
f 1144/331/146 1140/338/146 1142/329/146
f 1138/337/146 1150/353/146 1136/354/146
f 1150/353/146 1134/356/146 1136/354/146
f 1145/1385/832 1170/1370/833 1147/1368/834
f 1139/1371/835 1167/1372/836 1141/1373/836
f 1135/1374/837 1163/1375/838 1164/1376/837
f 1149/1378/839 1170/1370/833 1171/1377/840
f 1143/1380/841 1167/1372/836 1168/1379/842
f 1135/1374/837 1165/1382/843 1137/1381/844
f 1151/1384/845 1171/1377/840 1172/1383/846
f 1145/1385/832 1168/1379/842 1169/1369/832
f 1137/1381/844 1166/1386/835 1139/1371/835
f 1133/1387/847 1172/1383/846 1163/1388/838
f 1163/1389/764 1171/1390/148 1164/1391/148
f 1164/1391/148 1170/1393/148 1165/1392/148
f 1170/1393/148 1166/1394/148 1165/1392/148
f 1169/1399/148 1167/1372/148 1166/1394/148
f 1194/319/822 1174/320/823 1193/321/823
f 1195/322/824 1176/323/822 1194/319/822
f 1196/324/825 1178/325/824 1195/322/824
f 1197/326/826 1180/327/825 1196/324/825
f 1198/328/827 1182/329/826 1197/326/826
f 1199/330/828 1184/331/827 1198/328/827
f 1200/332/829 1186/333/828 1199/330/828
f 1201/334/830 1188/335/829 1200/332/829
f 1180/338/146 1188/1396/146 1178/337/146
f 1202/339/831 1190/340/830 1201/334/830
f 1193/341/823 1192/342/831 1202/339/831
f 1175/343/148 1193/321/764 1173/344/148
f 1175/343/148 1195/322/148 1194/319/148
f 1179/346/148 1195/322/148 1177/345/148
f 1181/347/148 1196/324/148 1179/346/148
f 1183/349/148 1197/326/148 1181/347/148
f 1185/348/148 1198/328/148 1183/349/148
f 1187/350/148 1199/330/148 1185/348/148
f 1189/351/148 1200/332/148 1187/350/148
f 1191/352/148 1201/334/148 1189/351/148
f 1173/1397/148 1202/339/148 1191/352/148
f 1184/331/146 1180/338/146 1182/329/146
f 1188/1396/146 1176/354/146 1178/337/146
f 1176/354/146 1192/355/146 1174/356/146
f 1185/1385/832 1210/1370/834 1187/1368/834
f 1181/1373/836 1206/1386/835 1207/1372/836
f 1173/1395/847 1204/1376/848 1175/1374/837
f 1187/1368/834 1211/1377/840 1189/1378/840
f 1181/1373/836 1208/1379/841 1183/1380/842
f 1175/1374/837 1205/1382/844 1177/1381/844
f 1189/1378/840 1212/1383/846 1191/1384/845
f 1185/1385/832 1208/1379/841 1209/1369/832
f 1179/1371/835 1205/1382/844 1206/1386/835
f 1173/1387/847 1212/1383/846 1203/1388/847
f 1203/1389/148 1211/1390/148 1204/1391/148
f 1211/1390/148 1205/1392/148 1204/1391/148
f 1210/1393/148 1206/1394/148 1205/1392/148
f 1206/1394/148 1208/1379/148 1207/1372/148
f 1234/319/849 1214/320/850 1233/321/850
f 1235/322/851 1216/323/849 1234/319/849
f 1236/324/852 1218/325/851 1235/322/851
f 1237/326/853 1220/327/852 1236/324/852
f 1238/328/854 1222/329/853 1237/326/853
f 1239/330/855 1224/331/854 1238/328/854
f 1240/332/856 1226/333/855 1239/330/855
f 1241/334/857 1228/335/856 1240/332/856
f 1220/338/146 1228/1396/146 1218/337/146
f 1242/339/858 1230/340/857 1241/334/857
f 1233/341/850 1232/342/858 1242/339/858
f 1215/343/148 1233/321/764 1213/344/764
f 1217/345/148 1234/319/148 1215/343/148
f 1219/346/148 1235/322/148 1217/345/148
f 1221/347/148 1236/324/148 1219/346/148
f 1221/347/148 1238/328/148 1237/326/148
f 1225/348/148 1238/328/148 1223/349/764
f 1227/350/148 1239/330/148 1225/348/148
f 1227/350/148 1241/334/148 1240/332/148
f 1229/351/148 1242/339/148 1241/334/148
f 1213/1397/764 1242/339/148 1231/352/148
f 1224/331/146 1220/338/146 1222/329/146
f 1228/1396/146 1216/354/146 1218/337/146
f 1216/354/146 1232/355/146 1214/356/146
f 1225/1385/859 1250/1370/860 1227/1368/860
f 1221/1373/861 1246/1386/862 1247/1372/861
f 1215/1374/863 1243/1375/864 1244/1376/863
f 1227/1368/860 1251/1377/865 1229/1378/866
f 1223/1380/867 1247/1372/861 1248/1379/868
f 1217/1381/869 1244/1376/863 1245/1382/869
f 1231/1384/870 1251/1377/865 1252/1383/870
f 1225/1385/859 1248/1379/868 1249/1369/871
f 1217/1381/869 1246/1386/862 1219/1371/862
f 1213/1387/864 1252/1383/870 1243/1388/864
f 1252/1398/148 1244/1391/148 1243/1389/148
f 1244/1391/148 1250/1393/148 1245/1392/148
f 1245/1392/148 1249/1399/148 1246/1394/148
f 1246/1394/148 1248/1379/148 1247/1372/148
f 1274/319/872 1254/320/873 1273/321/873
f 1275/322/874 1256/323/872 1274/319/872
f 1276/324/875 1258/325/874 1275/322/874
f 1277/326/876 1260/327/875 1276/324/875
f 1278/328/877 1262/329/876 1277/326/876
f 1279/330/878 1264/331/877 1278/328/877
f 1280/332/879 1266/333/878 1279/330/878
f 1281/334/880 1268/335/879 1280/332/879
f 1266/336/146 1258/337/146 1260/338/146
f 1282/339/881 1270/340/880 1281/334/880
f 1255/343/148 1273/321/148 1253/344/148
f 1255/343/148 1275/322/148 1274/319/764
f 1257/345/148 1276/324/148 1275/322/148
f 1261/347/148 1276/324/148 1259/346/148
f 1261/347/148 1278/328/148 1277/326/148
f 1265/348/148 1278/328/148 1263/349/148
f 1265/348/148 1280/332/148 1279/330/148
f 1267/350/148 1281/334/148 1280/332/148
f 1271/352/148 1281/334/148 1269/351/148
f 1253/1397/148 1282/339/148 1271/352/148
f 1264/331/146 1260/338/146 1262/329/146
f 1258/337/146 1270/353/146 1256/354/146
f 1256/354/146 1272/355/146 1254/356/146
f 1265/1385/882 1290/1370/883 1267/1368/883
f 1261/1373/884 1286/1386/885 1287/1372/886
f 1253/1395/887 1284/1376/888 1255/1374/888
f 1269/1378/889 1290/1370/883 1291/1377/890
f 1261/1373/884 1288/1379/891 1263/1380/891
f 1257/1381/892 1284/1376/888 1285/1382/892
f 1271/1384/893 1291/1377/890 1292/1383/893
f 1265/1385/882 1288/1379/891 1289/1369/882
f 1257/1381/892 1286/1386/885 1259/1371/885
f 1253/1387/887 1292/1383/893 1283/1388/887
f 1292/1398/148 1284/1391/148 1283/1389/148
f 1291/1390/148 1285/1392/148 1284/1391/148
f 1285/1392/148 1289/1399/148 1286/1394/148
f 1289/1399/148 1287/1372/148 1286/1394/148
f 1315/322/894 1296/323/895 1314/319/895
f 1316/324/896 1298/325/894 1315/322/894
f 1317/326/897 1300/327/896 1316/324/896
f 1318/328/898 1302/329/897 1317/326/897
f 1319/330/899 1304/331/898 1318/328/898
f 1320/332/900 1306/333/899 1319/330/899
f 1321/334/901 1308/335/900 1320/332/900
f 1300/338/146 1308/1396/146 1298/337/146
f 1322/339/902 1310/340/901 1321/334/901
f 1293/344/148 1314/319/148 1313/321/148
f 1295/343/148 1315/322/148 1314/319/148
f 1299/346/148 1315/322/148 1297/345/148
f 1301/347/148 1316/324/148 1299/346/148
f 1303/349/148 1317/326/764 1301/347/148
f 1303/349/148 1319/330/148 1318/328/148
f 1305/348/148 1320/332/764 1319/330/148
f 1307/350/764 1321/334/148 1320/332/764
f 1311/352/148 1321/334/148 1309/351/148
f 1311/352/148 1313/341/148 1322/339/148
f 1302/329/146 1306/336/146 1300/338/146
f 1298/337/146 1310/353/146 1296/354/146
f 1296/354/146 1312/355/146 1294/356/146
f 1305/1385/903 1330/1370/904 1307/1368/904
f 1299/1371/905 1327/1372/906 1301/1373/907
f 1293/1395/908 1324/1376/909 1295/1374/910
f 1307/1368/904 1331/1377/911 1309/1378/911
f 1303/1380/912 1327/1372/906 1328/1379/912
f 1295/1374/910 1325/1382/913 1297/1381/914
f 1309/1378/911 1332/1383/915 1311/1384/915
f 1303/1380/912 1329/1369/903 1305/1385/903
f 1299/1371/905 1325/1382/913 1326/1386/905
f 1311/1384/915 1323/1388/908 1293/1387/908
f 1323/1389/148 1331/1390/148 1324/1391/148
f 1324/1391/148 1330/1393/148 1325/1392/148
f 1330/1393/148 1326/1394/148 1325/1392/148
f 1326/1394/148 1328/1379/148 1327/1372/764
f 1355/322/916 1336/323/895 1354/319/895
f 1356/324/896 1338/325/916 1355/322/916
f 1357/326/897 1340/327/896 1356/324/896
f 1358/328/898 1342/329/897 1357/326/897
f 1359/330/899 1344/331/898 1358/328/898
f 1360/332/917 1346/333/899 1359/330/899
f 1361/334/901 1348/335/917 1360/332/917
f 1346/336/146 1338/337/146 1340/338/146
f 1362/339/902 1350/340/901 1361/334/901
f 1333/344/148 1354/319/148 1353/321/148
f 1335/343/148 1355/322/148 1354/319/148
f 1337/345/148 1356/324/148 1355/322/148
f 1339/346/148 1357/326/148 1356/324/148
f 1343/349/148 1357/326/148 1341/347/148
f 1343/349/148 1359/330/148 1358/328/148
f 1345/348/148 1360/332/148 1359/330/148
f 1347/350/148 1361/334/148 1360/332/148
f 1351/352/148 1361/334/148 1349/351/764
f 1333/1397/148 1362/339/148 1351/352/148
f 1344/331/146 1340/338/146 1342/329/146
f 1338/337/146 1350/353/146 1336/354/146
f 1350/353/146 1334/356/146 1336/354/146
f 1347/1368/904 1369/1369/903 1370/1370/904
f 1339/1371/905 1367/1372/906 1341/1373/907
f 1335/1374/910 1363/1375/908 1364/1376/910
f 1347/1368/904 1371/1377/911 1349/1378/911
f 1343/1380/912 1367/1372/906 1368/1379/912
f 1335/1374/910 1365/1382/914 1337/1381/914
f 1349/1378/911 1372/1383/918 1351/1384/918
f 1343/1380/912 1369/1369/903 1345/1385/903
f 1339/1371/905 1365/1382/914 1366/1386/905
f 1333/1387/908 1372/1383/918 1363/1388/908
f 1372/1398/148 1364/1391/148 1363/1389/148
f 1364/1391/148 1370/1393/148 1365/1392/148
f 1370/1393/148 1366/1394/148 1365/1392/148
f 1366/1394/148 1368/1379/148 1367/1372/148
f 1391/322/916 1374/323/919 1390/319/919
f 1392/324/896 1376/325/916 1391/322/916
f 1393/326/897 1378/327/896 1392/324/896
f 1394/328/898 1380/329/897 1393/326/897
f 1395/330/899 1382/331/898 1394/328/898
f 1396/332/917 1384/333/899 1395/330/899
f 1397/334/920 1386/335/917 1396/332/917
f 1378/338/146 1386/1396/146 1376/337/146
f 1373/343/148 1391/322/148 1390/319/148
f 1375/345/148 1392/324/148 1391/322/148
f 1377/346/148 1393/326/148 1392/324/148
f 1379/347/148 1394/328/148 1393/326/148
f 1381/349/148 1395/330/148 1394/328/148
f 1383/348/148 1396/332/148 1395/330/148
f 1385/350/148 1397/334/148 1396/332/148
f 1380/329/146 1384/336/146 1378/338/146
f 1386/1396/146 1374/354/146 1376/337/146
f 1383/1385/903 1405/1370/921 1385/1368/904
f 1377/1371/905 1402/1372/906 1379/1373/907
f 1385/1368/904 1406/1377/922 1387/1378/922
f 1381/1380/912 1402/1372/906 1403/1379/912
f 1375/1381/914 1399/1376/923 1400/1382/913
f 1387/1378/924 1407/1383/924 1389/1384/924
f 1383/1385/903 1403/1379/912 1404/1369/903
f 1375/1381/914 1401/1386/905 1377/1371/905
f 1398/1389/148 1406/1390/148 1399/1391/148
f 1406/1390/148 1400/1392/148 1399/1391/148
f 1400/1392/148 1404/1399/148 1401/1394/148
f 1401/1394/148 1403/1379/148 1402/1372/148
f 1409/1400/686 1410/1401/925 1408/1402/926
f 1410/1401/927 1415/1403/928 1414/1404/929
f 1414/1404/930 1413/1405/557 1412/1406/931
f 1412/1406/932 1409/1407/933 1408/1408/932
f 1410/1401/925 1417/1409/934 1408/1402/926
f 1418/1410/935 1420/1411/936 1416/1412/937
f 1414/1404/930 1419/1413/938 1418/1410/939
f 1412/1406/932 1417/1414/940 1419/1413/940
f 1410/1401/927 1418/1410/935 1416/1412/937
f 1422/1415/941 1427/1416/942 1426/1417/943
f 1418/1410/939 1423/1418/944 1422/1415/941
f 1416/1412/945 1421/1419/946 1417/1409/934
f 1417/1414/940 1423/1418/947 1419/1413/940
f 1426/1417/948 1425/1420/948 1424/1421/948
f 1420/1411/949 1425/1422/950 1421/1419/946
f 1423/1418/947 1425/1423/951 1427/1416/951
f 1420/1411/936 1426/1417/952 1424/1424/953
f 717/1009/138 833/1160/138 834/1162/138
f 716/1159/142 722/1010/142 718/1007/142
f 208/319/137 190/323/137 188/320/138
f 209/322/139 192/325/139 190/323/137
f 210/324/140 194/327/140 192/325/139
f 211/326/141 196/329/141 194/327/140
f 212/328/142 198/331/142 196/329/141
f 213/330/143 200/333/143 198/331/142
f 214/332/144 202/335/144 200/333/143
f 215/334/145 204/340/145 202/335/144
f 200/336/146 202/1396/146 192/337/146
f 216/339/147 206/342/147 204/340/145
f 207/341/138 188/1425/138 206/342/147
f 189/343/148 208/319/148 207/321/148
f 191/345/148 209/322/148 208/319/148
f 193/346/148 210/324/148 209/322/148
f 193/346/148 195/347/148 211/326/148
f 195/347/148 197/349/148 212/328/148
f 199/348/148 213/330/148 212/328/148
f 201/350/148 214/332/148 213/330/148
f 203/351/148 215/334/148 214/332/148
f 203/351/148 205/352/148 216/339/148
f 205/352/148 187/1397/148 207/341/148
f 196/329/146 198/331/146 200/336/146
f 192/337/146 202/1396/146 204/353/146
f 190/354/146 204/353/146 206/355/146
f 219/357/149 231/367/149 226/358/149
f 218/360/150 225/366/150 232/361/150
f 219/357/142 220/359/142 227/363/142
f 220/365/146 226/1426/146 225/366/146
f 217/362/148 232/361/148 231/367/148
f 229/368/142 228/375/142 218/360/142
f 222/369/142 221/379/142 224/370/142
f 227/363/150 222/369/150 223/371/150
f 218/360/142 228/375/142 227/372/142
f 217/362/142 219/1427/142 230/374/142
f 228/375/148 221/1428/148 222/376/148
f 230/374/146 223/1429/146 224/377/146
f 229/378/149 224/370/149 221/379/149
f 233/381/150 234/1430/150 236/382/150
f 240/384/149 238/387/149 237/385/149
f 238/387/148 234/1430/148 233/388/148
f 239/386/138 237/385/138 233/390/138
f 236/382/142 234/1430/142 238/387/142
f 248/392/151 250/402/954 249/393/152
f 241/395/146 245/459/154 246/396/154
f 277/398/155 275/432/156 276/399/156
f 249/393/157 253/1431/157 251/401/157
f 250/402/158 248/392/158 252/403/158
f 319/405/150 313/1432/150 315/406/150
f 257/408/159 270/431/169 272/409/160
f 255/411/161 277/398/155 278/400/155
f 259/413/162 257/408/159 258/410/159
f 261/415/163 255/1433/161 256/416/161
f 246/418/150 309/483/150 311/419/150
f 262/421/164 259/413/162 260/414/162
f 266/423/165 262/421/164 264/422/164
f 265/425/166 261/415/163 263/417/163
f 268/427/167 265/425/166 267/426/166
f 273/429/168 266/423/165 271/424/165
f 270/431/169 268/427/167 269/428/167
f 275/432/156 273/429/168 274/430/168
f 295/433/170 282/500/170 280/434/171
f 288/436/172 283/452/173 294/437/173
f 289/439/174 300/1434/174 298/440/175
f 286/442/176 287/445/177 299/443/177
f 287/445/177 285/441/175 298/440/175
f 301/438/172 302/447/179 290/446/178
f 302/447/179 300/1434/174 289/439/174
f 292/448/180 293/451/181 281/449/181
f 293/451/181 291/435/171 280/434/171
f 283/452/173 284/454/182 296/453/182
f 284/454/182 282/1435/170 295/455/170
f 297/456/176 292/1436/180 279/457/180
f 245/459/154 242/461/183 244/460/183
f 242/461/183 304/1437/138 303/462/138
f 304/463/138 306/466/185 305/464/184
f 306/466/185 308/468/186 307/467/186
f 308/468/186 310/470/148 309/469/148
f 310/470/148 312/472/188 311/471/187
f 312/472/188 314/474/189 313/473/189
f 314/474/189 316/475/142 315/406/142
f 316/475/142 318/476/190 317/407/190
f 311/419/150 313/1432/150 319/405/150
f 318/476/190 320/478/191 319/477/191
f 320/478/191 241/395/146 243/397/146
f 321/479/192 322/486/955 324/480/193
f 244/482/150 307/1438/150 309/483/150
f 327/484/195 325/1439/195 321/479/195
f 328/485/196 324/480/196 322/486/196
f 329/488/197 330/1440/956 332/489/198
f 348/491/200 352/523/200 351/492/201
f 331/490/202 335/1441/202 333/494/202
f 332/489/203 330/1440/203 334/495/203
f 332/489/204 336/1442/204 335/497/204
f 279/457/150 281/499/150 287/498/150
f 281/499/150 280/434/150 285/441/150
f 280/434/150 282/500/150 289/439/150
f 282/500/150 284/502/150 290/501/150
f 284/502/150 283/1443/150 288/503/150
f 324/480/205 328/1444/205 327/504/205
f 345/505/150 346/518/150 348/491/150
f 344/506/206 342/512/957 341/507/207
f 343/508/209 341/507/209 337/509/209
f 344/506/210 340/1445/210 338/511/210
f 339/513/211 340/1446/211 344/506/211
f 350/514/212 346/518/212 345/505/148
f 351/516/138 349/1447/138 345/505/138
f 350/514/212 356/526/213 353/517/213
f 342/512/214 338/1448/214 337/519/214
f 354/520/215 383/553/216 384/521/216
f 346/518/150 353/517/150 354/520/150
f 348/491/200 354/520/215 355/522/215
f 305/524/150 307/1438/150 244/482/150
f 356/526/213 358/528/217 357/527/217
f 358/528/217 360/530/218 359/529/218
f 360/530/218 362/532/219 361/531/219
f 362/532/219 364/534/220 363/533/220
f 364/534/220 366/1449/221 365/535/221
f 366/536/148 368/539/148 367/537/148
f 368/539/142 370/541/222 369/540/222
f 370/541/222 372/543/223 371/542/223
f 372/543/223 374/545/224 373/544/224
f 374/545/224 376/547/225 375/546/225
f 376/547/225 378/549/226 377/548/226
f 378/549/226 380/551/227 379/550/227
f 380/551/227 382/1450/228 381/552/228
f 383/553/216 385/555/229 386/554/229
f 385/555/229 387/557/230 388/556/230
f 353/517/150 357/527/150 383/553/150
f 373/544/150 383/553/150 357/527/150
f 359/529/150 369/540/150 371/542/150
f 363/533/150 367/537/150 369/540/150
f 375/546/150 385/555/150 383/553/150
f 377/548/150 387/557/150 385/555/150
f 260/414/150 258/1451/150 271/558/150
f 271/558/150 258/1451/150 272/559/150
f 274/560/150 272/559/150 269/561/150
f 269/561/150 267/1452/150 278/563/150
f 278/563/150 267/1452/150 263/564/150
f 411/566/155 409/590/231 410/567/231
f 391/569/159 404/589/238 406/570/233
f 389/572/234 411/566/155 412/568/232
f 393/574/162 391/569/159 392/571/159
f 395/576/235 389/1453/234 390/577/234
f 396/579/236 393/574/162 394/575/162
f 400/581/165 396/579/236 398/580/236
f 399/583/237 395/576/235 397/578/235
f 402/585/167 399/583/237 401/584/237
f 407/587/168 400/581/165 405/582/165
f 404/589/238 402/585/167 403/586/167
f 409/590/231 407/587/168 408/588/168
f 394/575/150 392/592/150 405/591/150
f 392/592/150 406/594/150 408/593/150
f 406/594/150 403/1454/150 410/595/150
f 410/595/150 403/1454/150 401/596/150
f 412/597/150 401/596/150 397/598/150
f 413/600/239 415/603/242 416/601/240
f 415/603/242 417/605/244 418/604/243
f 417/605/244 419/608/245 420/606/245
f 421/607/246 422/610/246 420/606/245
f 421/607/246 423/611/248 424/609/247
f 423/611/248 425/614/250 426/612/138
f 427/613/249 428/616/252 426/612/138
f 429/615/251 430/618/254 428/616/252
f 431/617/253 432/1455/958 430/618/254
f 434/622/256 413/600/239 414/602/241
f 439/624/258 441/1456/959 440/625/259
f 440/625/259 441/1456/959 443/627/261
f 443/627/261 445/630/264 444/629/263
f 445/630/264 447/1457/960 446/631/265
f 446/631/265 447/1457/960 449/632/266
f 448/633/267 449/632/266 451/634/268
f 451/634/268 453/637/271 452/636/270
f 453/637/271 455/639/273 454/638/272
f 455/639/273 457/668/961 456/640/274
f 459/621/275 460/620/962 439/624/258
f 457/641/276 458/694/963 462/642/277
f 438/644/279 440/1458/964 415/603/280
f 415/603/280 440/1458/964 442/645/282
f 442/645/282 444/646/284 419/608/284
f 444/646/284 446/647/285 421/607/285
f 446/647/285 448/1459/285 423/611/285
f 423/611/285 448/1459/285 450/648/286
f 450/648/286 452/1460/965 427/613/288
f 427/613/288 452/1460/965 454/649/289
f 454/649/289 456/1461/966 431/617/291
f 434/622/256 459/723/352 438/644/279
f 414/650/292 432/671/332 475/651/293
f 462/653/277 458/1462/963 433/654/295
f 435/623/257 473/664/305 471/656/297
f 470/660/301 472/658/299 464/657/298
f 470/660/301 463/661/302 465/662/303
f 470/660/301 471/656/297 473/664/305
f 469/663/304 468/665/306 471/656/297
f 433/654/295 471/656/297 468/665/306
f 473/664/305 466/666/307 467/659/300
f 466/666/307 473/664/305 435/623/257
f 431/667/308 456/640/967 457/668/309
f 416/670/311 430/1463/311 432/671/311
f 428/672/311 430/1463/311 416/670/311
f 420/606/311 426/674/311 428/672/311
f 422/610/311 424/1464/311 426/674/311
f 486/675/312 488/684/321 476/676/313
f 485/681/318 478/691/425 479/678/315
f 480/682/319 478/691/425 485/681/318
f 488/684/321 486/675/312 485/681/318
f 486/675/312 483/685/322 484/683/320
f 483/685/322 486/675/312 475/677/314
f 482/679/316 481/687/325 488/684/321
f 476/676/324 488/684/321 481/687/325
f 414/602/327 474/1465/968 481/689/328
f 466/666/329 481/689/328 482/690/330
f 467/659/330 482/690/330 479/678/331
f 463/661/311 464/657/311 479/678/311
f 478/691/311 480/682/311 465/662/311
f 432/671/332 436/1466/969 477/692/333
f 441/693/334 439/696/338 458/694/335
f 441/693/334 457/641/336 455/697/339
f 443/698/340 455/697/339 453/699/341
f 447/701/284 445/700/342 453/699/341
f 489/704/343 490/1467/343 492/705/344
f 492/705/344 494/708/252 493/707/345
f 494/708/252 496/710/138 495/709/138
f 496/710/138 498/1468/247 497/711/247
f 497/711/247 498/1468/247 500/712/246
f 500/712/246 502/1469/245 501/714/245
f 501/714/245 502/1469/245 504/715/346
f 504/715/346 506/1470/347 505/717/347
f 505/717/347 506/1470/347 508/718/348
f 508/718/348 509/1471/970 510/720/350
f 512/721/351 490/1467/343 489/704/343
f 433/654/295 458/1462/971 459/723/352
f 513/724/239 514/745/359 516/725/240
f 515/726/242 516/725/240 518/727/243
f 518/727/243 520/802/353 519/729/353
f 519/729/353 520/802/353 522/730/354
f 522/730/354 524/733/248 523/732/248
f 524/733/248 526/735/138 525/734/250
f 526/735/138 528/737/252 527/736/249
f 528/737/252 530/739/355 529/738/251
f 530/739/355 532/1472/972 531/740/356
f 534/744/358 535/784/404 514/745/359
f 540/746/360 541/750/364 539/747/361
f 540/746/360 542/752/366 543/749/363
f 544/751/365 545/754/368 543/749/363
f 546/753/367 547/756/370 545/754/368
f 546/753/367 548/757/371 549/755/369
f 548/757/371 550/760/374 551/758/372
f 552/759/373 553/762/376 551/758/372
f 554/761/375 555/764/378 553/762/376
f 556/763/377 557/1473/973 555/764/378
f 559/742/379 538/748/362 539/747/361
f 557/765/381 561/1474/974 562/766/382
f 515/726/384 540/770/388 538/768/385
f 515/726/384 517/728/389 542/769/387
f 519/729/311 544/772/311 542/769/387
f 519/729/311 521/731/390 546/771/390
f 523/732/390 548/774/390 546/771/390
f 523/732/390 525/734/393 550/773/391
f 527/736/392 552/776/395 550/773/391
f 527/736/392 529/738/397 554/775/394
f 531/740/396 556/1475/975 554/775/394
f 534/744/358 513/724/386 538/768/385
f 575/778/399 532/798/417 514/779/400
f 533/781/402 558/1476/383 562/782/382
f 571/785/405 573/792/411 535/784/404
f 570/789/409 563/791/302 564/786/406
f 569/790/410 565/822/303 563/791/302
f 573/792/411 571/785/405 570/789/409
f 571/785/405 568/793/412 569/790/410
f 568/793/412 571/785/405 533/781/402
f 567/787/407 566/794/413 573/792/411
f 535/784/404 573/792/411 566/794/413
f 531/740/414 532/1472/976 557/795/415
f 516/797/284 514/779/400 532/798/417
f 516/797/284 530/799/284 528/800/284
f 520/802/284 518/801/284 528/800/284
f 522/730/284 520/802/284 526/803/284
f 576/805/418 588/815/427 586/806/419
f 585/811/424 587/809/422 579/808/421
f 584/813/426 585/811/424 578/812/425
f 585/811/424 586/806/419 588/815/427
f 584/813/426 583/816/428 586/806/419
f 575/807/420 586/806/419 583/816/428
f 588/815/427 581/818/430 582/810/423
f 581/818/430 588/815/427 576/805/418
f 581/820/432 574/1477/977 514/745/433
f 582/821/435 581/820/432 566/794/434
f 579/808/436 582/821/435 567/787/435
f 563/791/284 578/812/284 579/808/284
f 565/822/284 580/814/284 578/812/284
f 532/798/437 575/778/978 577/823/438
f 541/825/440 557/765/381 558/767/383
f 555/828/443 557/765/381 541/825/440
f 553/830/445 555/828/443 543/829/444
f 547/832/311 551/834/311 553/830/445
f 559/777/398 558/1476/979 533/781/402
f 592/835/311 596/838/311 595/836/311
f 596/838/245 594/841/245 593/839/245
f 594/841/284 590/846/284 589/842/284
f 595/840/138 593/839/138 589/844/138
f 596/838/142 592/835/142 590/846/142
f 511/722/447 597/1478/447 598/847/447
f 600/848/146 602/851/154 601/849/448
f 602/851/154 604/853/450 603/852/449
f 604/853/450 606/1479/138 605/854/138
f 606/855/138 608/858/184 607/856/184
f 608/858/184 610/860/186 609/859/186
f 610/860/186 612/862/148 611/861/148
f 612/862/148 614/864/188 613/863/188
f 614/864/188 616/866/452 615/865/451
f 616/866/452 618/868/142 617/867/142
f 618/868/142 620/871/190 619/869/190
f 618/868/149 616/1480/149 614/870/149
f 620/871/190 622/873/191 621/872/191
f 622/873/191 600/848/146 599/850/146
f 620/871/149 614/870/149 612/874/149
f 612/874/149 610/1481/149 600/876/149
f 600/876/149 610/1481/149 608/877/149
f 608/877/149 606/1482/149 604/879/149
f 623/880/453 624/1483/454 626/881/454
f 626/883/455 630/1484/455 629/884/456
f 630/886/457 628/1485/457 627/887/457
f 627/889/458 628/1486/459 624/890/459
f 623/891/458 632/909/460 634/892/460
f 629/884/456 633/905/461 631/893/461
f 625/882/453 631/1255/453 632/894/453
f 627/887/457 634/1256/457 633/895/462
f 641/896/463 644/1260/980 638/897/464
f 639/899/453 640/1487/453 636/900/453
f 641/896/463 635/898/463 637/902/465
f 637/902/465 636/1488/466 643/904/466
f 643/904/466 636/1488/466 631/893/461
f 638/897/464 644/1260/980 646/906/467
f 646/906/467 645/1489/468 640/908/468
f 640/908/468 645/1489/468 634/892/460
f 635/898/454 638/897/981 639/899/453
f 649/910/457 650/925/457 648/911/457
f 692/913/469 658/932/483 654/914/470
f 651/916/453 652/994/453 654/914/453
f 693/918/472 660/942/490 656/919/473
f 689/921/142 651/1490/475 653/922/475
f 688/924/471 690/1491/138 648/911/476
f 656/926/457 655/934/457 650/925/457
f 654/914/453 658/932/453 657/927/453
f 691/920/474 656/919/473 649/928/478
f 696/929/480 666/936/496 662/930/481
f 694/931/482 662/930/481 658/932/483
f 660/933/457 659/940/488 655/934/457
f 658/932/453 662/930/453 661/935/453
f 666/936/484 670/944/503 669/937/485
f 664/939/487 663/949/498 659/940/488
f 662/930/453 666/936/484 665/938/486
f 695/941/489 664/947/495 660/942/490
f 700/943/491 674/951/500 670/944/492
f 697/946/494 668/956/506 664/947/495
f 698/945/493 670/944/492 666/936/496
f 668/948/497 667/953/502 663/949/498
f 700/943/491 702/968/520 678/950/499
f 672/952/501 671/960/511 667/953/502
f 670/944/503 674/951/512 673/954/504
f 697/946/494 699/961/513 672/955/505
f 678/950/507 682/965/529 681/957/508
f 676/959/510 675/970/522 671/960/511
f 674/951/512 678/950/507 677/958/509
f 699/961/513 701/966/518 676/962/514
f 704/963/515 706/1492/982 686/964/516
f 701/966/518 703/976/530 680/967/519
f 702/968/520 704/963/515 682/965/517
f 680/969/521 679/975/527 675/970/522
f 685/971/523 686/964/983 706/972/524
f 680/969/521 684/980/984 683/974/526
f 686/964/528 685/971/985 681/957/508
f 703/976/530 705/1493/986 684/977/531
f 685/978/532 705/1493/986 703/976/530
f 684/980/534 705/1494/525 706/981/524
f 679/975/536 704/984/515 702/982/520
f 681/979/533 703/976/530 701/966/518
f 683/974/539 706/1495/982 704/984/515
f 677/983/538 701/966/518 699/961/513
f 673/985/540 699/961/513 697/946/494
f 675/970/537 702/982/520 700/987/491
f 663/949/543 667/953/545 698/988/493
f 665/990/544 669/986/541 697/946/494
f 667/953/545 671/960/542 700/987/491
f 661/991/546 665/990/544 695/941/489
f 655/934/547 659/940/548 694/992/482
f 659/940/548 663/949/543 696/989/480
f 653/922/549 657/995/552 691/920/474
f 652/994/550 690/1496/138 688/915/471
f 649/928/551 647/1497/551 689/921/142
f 657/995/552 661/991/546 693/918/472
f 650/925/477 655/934/547 692/993/469
f 708/996/453 710/999/453 709/997/453
f 710/999/553 714/1001/553 713/1000/553
f 714/1001/457 712/1498/457 711/1002/457
f 712/1003/554 708/996/554 707/998/554
f 713/1000/138 711/1002/138 707/1005/138
f 718/1007/555 722/1010/555 721/1008/555
f 722/1010/457 941/1163/654 939/1011/457
f 937/1013/556 720/1016/457 832/1014/557
f 720/1016/554 716/1159/554 715/1017/554
f 832/1019/138 719/1499/138 715/1020/138
f 730/1022/558 749/1050/585 750/1023/559
f 725/1025/561 726/1047/583 728/1026/562
f 734/1028/564 751/1052/587 752/1029/565
f 728/1026/562 730/1022/558 729/1031/567
f 740/1032/568 738/1500/589 753/1033/569
f 729/1031/567 730/1022/558 732/1024/560
f 742/1036/572 755/1057/591 756/1037/573
f 732/1024/560 734/1028/564 733/1039/575
f 728/1026/562 726/1047/583 723/1040/576
f 733/1039/575 734/1028/564 736/1030/566
f 746/1043/579 757/1059/593 758/1044/580
f 736/1030/566 738/1055/589 737/1046/582
f 748/1045/581 758/1044/580 723/1040/576
f 737/1048/582 738/1500/589 740/1032/568
f 728/1026/562 724/1041/577 749/1050/585
f 740/1032/568 742/1036/572 741/1051/586
f 734/1028/564 732/1024/560 750/1023/559
f 741/1051/586 742/1036/572 744/1038/574
f 736/1030/566 752/1029/565 753/1054/569
f 744/1038/574 746/1043/579 745/1056/590
f 742/1036/572 740/1032/568 754/1034/570
f 745/1056/590 746/1043/579 748/1045/581
f 746/1043/579 744/1038/574 756/1037/573
f 748/1045/581 726/1047/583 725/1025/561
f 739/1060/555 741/1501/555 735/1061/555
f 760/1063/142 762/1502/594 761/1064/594
f 761/1064/594 762/1502/594 764/1066/595
f 763/1067/596 764/1066/595 766/1068/457
f 766/1068/457 768/1071/597 767/1070/597
f 768/1071/597 770/1503/598 769/1072/598
f 769/1072/598 770/1503/598 772/1073/138
f 771/1075/138 772/1504/138 774/1076/599
f 774/1076/599 776/1079/600 775/1078/600
f 776/1079/600 778/1505/453 777/1080/453
f 777/1080/453 778/1505/453 780/1081/601
f 779/1082/601 780/1081/601 782/1083/602
f 782/1083/602 760/1063/142 759/1065/142
f 771/1085/555 773/1506/603 775/1086/555
f 775/1086/555 777/1507/555 767/1088/555
f 767/1088/555 777/1507/555 779/1089/555
f 779/1089/555 781/1092/555 763/1091/555
f 781/1092/555 759/1065/555 761/1064/555
f 735/1061/555 741/1501/555 743/1093/555
f 743/1093/555 745/1096/555 731/1095/555
f 745/1096/555 747/1508/555 729/1097/555
f 729/1097/555 747/1508/555 725/1025/555
f 829/1098/604 794/1119/624 783/1099/605
f 785/1101/607 786/1509/610 805/1102/608
f 786/1104/610 787/1107/612 808/1105/611
f 787/1107/612 788/1109/614 811/1108/613
f 788/1109/614 789/1510/987 814/1110/615
f 814/1110/615 789/1510/987 790/1111/616
f 817/1112/617 790/1111/616 791/1113/618
f 820/1114/619 791/1113/618 792/1115/620
f 823/1116/621 792/1115/620 793/1117/622
f 826/1118/623 793/1117/622 794/1119/624
f 784/1120/625 785/1101/607 802/1103/609
f 783/1099/605 784/1120/625 799/1121/626
f 796/1100/606 799/1121/626 800/1122/627
f 797/1123/628 800/1122/627 798/1124/629
f 799/1121/626 802/1103/609 803/1126/631
f 800/1122/627 803/1126/631 801/1127/632
f 802/1103/609 805/1102/608 806/1128/633
f 803/1126/631 806/1128/633 804/1129/634
f 808/1105/611 809/1131/635 806/1130/633
f 809/1131/635 807/1134/637 804/1132/634
f 811/1108/613 812/1133/636 809/1131/635
f 812/1133/636 810/1136/639 807/1134/637
f 814/1110/615 815/1135/638 812/1133/636
f 815/1135/638 813/1139/642 810/1136/639
f 814/1110/615 817/1112/617 818/1137/640
f 815/1135/638 818/1137/640 816/1138/641
f 817/1112/617 820/1114/619 821/1140/643
f 818/1137/640 821/1140/643 819/1141/644
f 820/1114/619 823/1116/621 824/1142/645
f 821/1140/643 824/1142/645 822/1143/646
f 826/1118/623 827/1144/647 824/1142/645
f 827/1144/647 825/1146/649 822/1143/646
f 829/1098/604 830/1145/648 827/1144/647
f 830/1145/648 828/1147/650 825/1146/649
f 796/1100/606 797/1123/628 830/1145/648
f 797/1123/628 795/1125/630 828/1147/650
f 804/1148/651 807/1151/651 798/1149/651
f 807/1151/651 810/1153/651 795/1152/651
f 810/1153/651 813/1155/651 828/1154/651
f 813/1155/651 816/1157/651 825/1156/651
f 816/1157/651 819/1141/651 822/1143/651
f 718/1007/453 942/1511/988 938/1158/652
f 833/1160/653 838/1167/653 835/1161/653
f 722/1010/457 720/1016/457 937/1013/556
f 939/1011/457 935/1015/557 833/1164/655
f 940/1165/453 942/1511/988 718/1007/453
f 838/1167/138 837/1173/138 836/1168/138
f 834/1169/453 835/1512/453 836/1170/453
f 832/1014/557 837/1513/457 838/1172/457
f 832/1019/657 831/1021/657 836/1168/657
f 841/1174/658 842/1186/669 846/1175/659
f 839/1177/661 843/1514/989 844/1178/662
f 842/1180/664 840/1190/664 844/1181/665
f 839/1183/667 841/1194/676 845/1184/668
f 842/1186/669 841/1174/658 849/1187/670
f 840/1179/663 848/1515/990 847/1189/672
f 840/1190/664 842/1180/664 850/1191/673
f 839/1183/667 847/1516/675 849/1193/675
f 846/1175/659 854/1203/677 853/1195/677
f 844/1178/662 843/1514/989 851/1196/678
f 846/1182/666 844/1181/665 852/1198/679
f 843/1185/668 845/1184/668 853/1200/680
f 853/1200/680 857/1517/681 855/1202/681
f 854/1203/677 858/1208/557 857/1204/557
f 852/1197/656 851/1196/678 855/1205/682
f 852/1198/679 856/1518/684 858/1207/684
f 858/1208/557 862/1212/685 861/1209/685
f 856/1206/683 855/1205/682 859/1210/686
f 858/1207/684 856/1518/684 860/1211/687
f 855/1202/681 857/1517/681 861/1213/688
f 884/1215/689 864/1224/695 866/1216/690
f 885/1218/691 886/1254/691 865/1219/692
f 886/1221/457 883/1217/457 866/1216/457
f 885/1223/656 863/1225/453 864/1224/453
f 863/1225/453 867/1237/453 868/1226/453
f 865/1219/692 869/1519/693 867/1227/693
f 870/1228/457 869/1234/457 865/1222/457
f 868/1229/694 870/1231/694 866/1216/690
f 868/1229/694 872/1520/991 874/1230/696
f 867/1227/693 869/1519/693 873/1232/697
f 869/1234/457 870/1228/457 874/1235/457
f 867/1237/453 871/1252/453 872/1238/453
f 879/1239/699 880/1253/710 878/1240/700
f 882/1242/702 875/1521/992 876/1243/703
f 880/1245/705 881/1251/705 876/1246/706
f 879/1248/708 877/1522/993 875/1249/709
f 873/1232/697 879/1248/708 882/1250/708
f 874/1230/696 872/1520/991 881/1251/705
f 871/1252/453 882/1242/702 881/1244/704
f 873/1236/457 874/1235/457 880/1253/710
f 859/1210/686 885/1223/656 884/1215/656
f 861/1209/685 862/1212/685 883/1217/457
f 859/1214/688 861/1213/688 886/1254/691
f 862/1212/687 860/1211/687 884/1215/689
f 636/900/453 640/1487/453 632/894/453
f 634/1256/457 645/1523/457 643/1257/457
f 643/1257/457 645/1523/457 646/1258/462
f 642/1259/457 646/1258/462 644/1260/457
f 887/1261/453 888/1524/453 890/1262/453
f 889/1264/456 890/1525/455 894/1265/455
f 893/1267/457 894/1526/457 892/1268/457
f 891/1270/458 892/1527/459 888/1271/459
f 891/1270/458 887/1272/458 896/1273/460
f 889/1264/456 893/1266/456 897/1275/711
f 889/1263/453 895/1295/453 896/1277/453
f 891/1269/457 898/1528/457 897/1278/457
f 899/1279/463 905/1286/463 908/1280/464
f 903/1282/454 904/1294/454 900/1283/453
f 899/1279/463 901/1287/465 906/1285/465
f 901/1287/465 900/1289/466 907/1288/466
f 900/1289/466 895/1276/711 897/1275/711
f 908/1280/464 910/1291/467 903/1290/467
f 910/1291/467 909/1293/468 904/1292/468
f 909/1293/468 898/1274/460 896/1273/460
f 899/1279/712 902/1281/682 903/1282/454
f 904/1294/454 896/1277/453 895/1295/453
f 897/1278/457 898/1528/457 909/1296/457
f 907/1297/457 909/1296/457 910/1298/457
f 910/1298/457 908/1280/994 905/1286/462
f 912/1300/146 914/1529/448 913/1301/448
f 913/1301/448 914/1529/448 916/1303/713
f 915/1304/713 916/1303/713 918/1305/138
f 918/1307/138 920/1310/184 919/1308/184
f 920/1310/184 922/1312/186 921/1311/186
f 922/1312/186 924/1314/148 923/1313/148
f 924/1314/148 926/1316/188 925/1315/714
f 926/1316/188 928/1318/452 927/1317/189
f 928/1318/452 930/1530/715 929/1319/715
f 929/1319/715 930/1530/715 932/1320/190
f 932/1320/190 934/1323/191 933/1322/191
f 934/1323/191 912/1300/146 911/1302/146
f 834/1169/453 936/1329/656 940/1165/453
f 938/1158/652 936/1329/656 831/1171/656
f 942/1325/554 940/1333/554 939/1326/554
f 937/1330/138 938/1531/138 942/1331/138
f 940/1333/142 936/1335/142 935/1334/142
f 936/1335/555 938/1531/555 937/1330/555
f 944/1336/716 946/1339/717 945/1337/717
f 946/1339/717 948/1532/718 947/1340/718
f 947/1340/718 948/1532/718 950/1341/719
f 952/1343/720 954/1346/722 953/1344/721
f 954/1346/722 956/1533/723 955/1347/723
f 955/1347/723 956/1533/723 944/1336/716
f 958/1348/148 957/1351/148 952/1343/148
f 958/1348/724 951/1345/995 953/1349/725
f 957/1351/727 960/1355/732 954/1352/728
f 959/1350/726 953/1349/725 955/1353/730
f 960/1355/732 962/1358/735 956/1356/733
f 946/1359/736 962/1358/735 960/1355/732
f 945/1361/738 947/1363/740 959/1350/726
f 948/1360/737 960/1355/732 957/1351/727
f 947/1363/740 949/1364/996 958/1348/724
f 950/1362/148 957/1351/148 958/1348/148
f 232/361/138 225/366/138 226/1366/138
f 201/1368/742 199/1385/743 969/1369/743
f 193/1371/744 966/1386/744 967/1372/745
f 189/1374/746 187/1395/747 963/1375/747
f 201/1368/742 970/1370/742 971/1377/749
f 195/1373/745 967/1372/745 968/1379/750
f 191/1381/751 189/1374/746 964/1376/748
f 203/1378/749 971/1377/749 972/1383/752
f 197/1380/750 968/1379/750 969/1369/743
f 191/1381/751 965/1382/751 966/1386/744
f 187/1387/747 205/1384/752 972/1383/752
f 963/1389/148 972/1398/764 971/1390/148
f 971/1390/148 970/1393/148 965/1392/148
f 970/1393/148 969/1399/148 966/1394/148
f 966/1394/148 969/1399/148 968/1379/148
f 994/319/137 976/323/137 974/320/138
f 995/322/139 978/325/139 976/323/137
f 996/324/140 980/327/140 978/325/139
f 997/326/141 982/329/141 980/327/140
f 998/328/142 984/331/142 982/329/141
f 999/330/143 986/333/143 984/331/142
f 1000/332/144 988/335/144 986/333/143
f 1001/334/145 990/340/145 988/335/144
f 986/336/146 988/1396/146 978/337/146
f 1002/339/147 992/342/147 990/340/145
f 993/341/138 974/1425/138 992/342/147
f 975/343/148 994/319/148 993/321/148
f 977/345/148 995/322/148 994/319/148
f 979/346/148 996/324/148 995/322/148
f 979/346/148 981/347/148 997/326/148
f 981/347/148 983/349/148 998/328/148
f 985/348/148 999/330/148 998/328/148
f 987/350/148 1000/332/148 999/330/148
f 989/351/148 1001/334/148 1000/332/148
f 989/351/148 991/352/148 1002/339/148
f 991/352/148 973/1397/148 993/341/148
f 982/329/146 984/331/146 986/336/146
f 978/337/146 988/1396/146 990/353/146
f 976/354/146 990/353/146 992/355/146
f 987/1368/742 985/1385/743 1009/1369/743
f 979/1371/744 1006/1386/744 1007/1372/745
f 973/1395/747 1003/1375/747 1004/1376/753
f 987/1368/742 1010/1370/742 1011/1377/749
f 983/1380/750 981/1373/745 1007/1372/745
f 977/1381/751 975/1374/746 1004/1376/753
f 989/1378/749 1011/1377/749 1012/1383/752
f 983/1380/750 1008/1379/750 1009/1369/743
f 977/1381/751 1005/1382/751 1006/1386/744
f 991/1384/752 1012/1383/752 1003/1388/747
f 1003/1389/148 1012/1398/764 1011/1390/148
f 1011/1390/148 1010/1393/148 1005/1392/148
f 1010/1393/148 1009/1399/148 1006/1394/148
f 1006/1394/148 1009/1399/148 1008/1379/148
f 1034/319/754 1016/323/754 1014/320/755
f 1035/322/756 1018/325/756 1016/323/754
f 1036/324/757 1020/327/757 1018/325/756
f 1037/326/758 1022/329/758 1020/327/757
f 1038/328/759 1024/331/759 1022/329/758
f 1039/330/760 1026/333/760 1024/331/759
f 1040/332/761 1028/335/761 1026/333/760
f 1041/334/762 1030/340/762 1028/335/761
f 1020/338/146 1026/336/146 1028/1396/146
f 1042/339/763 1032/342/763 1030/340/762
f 1033/341/755 1014/1425/755 1032/342/763
f 1015/343/148 1034/319/148 1033/321/148
f 1017/345/148 1035/322/148 1034/319/148
f 1019/346/148 1036/324/148 1035/322/148
f 1021/347/764 1037/326/148 1036/324/148
f 1023/349/148 1038/328/148 1037/326/148
f 1023/349/148 1025/348/148 1039/330/148
f 1025/348/148 1027/350/148 1040/332/148
f 1027/350/148 1029/351/148 1041/334/148
f 1029/351/148 1031/352/148 1042/339/148
f 1013/1397/148 1033/341/148 1042/339/148
f 1022/329/146 1024/331/146 1026/336/146
f 1028/1396/146 1030/353/146 1016/354/146
f 1030/353/146 1032/355/146 1014/356/146
f 1025/1385/765 1049/1369/765 1050/1370/766
f 1021/1373/767 1019/1371/768 1046/1386/768
f 1015/1374/769 1013/1395/770 1043/1375/770
f 1027/1368/766 1050/1370/766 1051/1377/771
f 1023/1380/772 1021/1373/767 1047/1372/767
f 1017/1381/773 1015/1374/769 1044/1376/769
f 1031/1384/774 1029/1378/771 1051/1377/771
f 1023/1380/772 1048/1379/772 1049/1369/765
f 1019/1371/768 1017/1381/773 1045/1382/773
f 1031/1384/774 1052/1383/774 1043/1388/770
f 1052/1398/148 1051/1390/148 1044/1391/148
f 1044/1391/148 1051/1390/148 1050/1393/148
f 1045/1392/148 1050/1393/148 1049/1399/148
f 1046/1394/148 1049/1399/148 1048/1379/148
f 1074/319/775 1056/323/775 1054/320/776
f 1075/322/777 1058/325/777 1056/323/775
f 1076/324/778 1060/327/778 1058/325/777
f 1077/326/779 1062/329/779 1060/327/778
f 1078/328/780 1064/331/780 1062/329/779
f 1079/330/781 1066/333/781 1064/331/780
f 1080/332/782 1068/335/782 1066/333/781
f 1081/334/783 1070/340/783 1068/335/782
f 1066/336/146 1068/1396/146 1058/337/146
f 1082/339/784 1072/342/784 1070/340/783
f 1073/341/776 1054/1425/776 1072/342/784
f 1055/343/148 1074/319/148 1073/321/148
f 1055/343/148 1057/345/148 1075/322/148
f 1059/346/148 1076/324/148 1075/322/148
f 1059/346/148 1061/347/764 1077/326/148
f 1061/347/764 1063/349/148 1078/328/148
f 1063/349/148 1065/348/148 1079/330/148
f 1065/348/148 1067/350/148 1080/332/148
f 1067/350/148 1069/351/148 1081/334/148
f 1069/351/148 1071/352/148 1082/339/148
f 1071/352/148 1053/1397/764 1073/341/148
f 1062/329/146 1064/331/146 1066/336/146
f 1058/337/146 1068/1396/146 1070/353/146
f 1056/354/146 1070/353/146 1072/355/146
f 1065/1385/785 1089/1369/785 1090/1370/786
f 1061/1373/788 1059/1371/789 1086/1386/789
f 1053/1395/790 1083/1375/790 1084/1376/791
f 1067/1368/787 1090/1370/786 1091/1377/792
f 1063/1380/793 1061/1373/788 1087/1372/788
f 1057/1381/795 1055/1374/791 1084/1376/791
f 1069/1378/792 1091/1377/792 1092/1383/796
f 1063/1380/793 1088/1379/794 1089/1369/785
f 1057/1381/795 1085/1382/795 1086/1386/789
f 1053/1387/790 1071/1384/796 1092/1383/796
f 1083/1389/148 1092/1398/148 1091/1390/148
f 1091/1390/148 1090/1393/148 1085/1392/148
f 1090/1393/148 1089/1399/148 1086/1394/148
f 1086/1394/148 1089/1399/148 1088/1379/148
f 1114/319/797 1096/323/797 1094/320/798
f 1115/322/799 1098/325/799 1096/323/797
f 1116/324/800 1100/327/800 1098/325/799
f 1117/326/801 1102/329/801 1100/327/800
f 1118/328/802 1104/331/802 1102/329/801
f 1119/330/803 1106/333/803 1104/331/802
f 1120/332/804 1108/335/804 1106/333/803
f 1121/334/805 1110/340/805 1108/335/804
f 1106/336/146 1108/1396/146 1098/337/146
f 1122/339/806 1112/342/806 1110/340/805
f 1113/341/798 1094/1425/798 1112/342/806
f 1095/343/148 1114/319/148 1113/321/148
f 1095/343/148 1097/345/148 1115/322/148
f 1099/346/148 1116/324/148 1115/322/148
f 1099/346/148 1101/347/148 1117/326/148
f 1101/347/148 1103/349/148 1118/328/148
f 1103/349/148 1105/348/148 1119/330/148
f 1105/348/148 1107/350/148 1120/332/148
f 1107/350/148 1109/351/148 1121/334/148
f 1109/351/148 1111/352/148 1122/339/148
f 1093/1397/148 1113/341/148 1122/339/148
f 1102/329/146 1104/331/146 1106/336/146
f 1098/337/146 1108/1396/146 1110/353/146
f 1096/354/146 1110/353/146 1112/355/146
f 1105/1385/807 1129/1369/819 1130/1370/808
f 1101/1373/810 1099/1371/820 1126/1386/811
f 1095/1374/812 1093/1395/821 1123/1375/813
f 1107/1368/809 1130/1370/808 1131/1377/814
f 1101/1373/810 1127/1372/810 1128/1379/815
f 1097/1381/816 1095/1374/812 1124/1376/812
f 1109/1378/814 1131/1377/814 1132/1383/817
f 1103/1380/815 1128/1379/815 1129/1369/819
f 1097/1381/816 1125/1382/816 1126/1386/811
f 1093/1387/821 1111/1384/818 1132/1383/817
f 1123/1389/148 1132/1398/148 1131/1390/148
f 1131/1390/148 1130/1393/148 1125/1392/148
f 1125/1392/148 1130/1393/148 1129/1399/148
f 1126/1394/148 1129/1399/148 1128/1379/148
f 1154/319/822 1136/323/822 1134/320/823
f 1155/322/824 1138/325/824 1136/323/822
f 1156/324/825 1140/327/825 1138/325/824
f 1157/326/826 1142/329/826 1140/327/825
f 1158/328/827 1144/331/827 1142/329/826
f 1159/330/828 1146/333/828 1144/331/827
f 1160/332/829 1148/335/829 1146/333/828
f 1161/334/830 1150/340/830 1148/335/829
f 1146/336/146 1148/1396/146 1138/337/146
f 1162/339/831 1152/342/831 1150/340/830
f 1153/341/823 1134/1425/823 1152/342/831
f 1135/343/764 1154/319/764 1153/321/148
f 1135/343/764 1137/345/148 1155/322/148
f 1137/345/148 1139/346/148 1156/324/148
f 1139/346/148 1141/347/148 1157/326/148
f 1141/347/148 1143/349/148 1158/328/148
f 1145/348/148 1159/330/148 1158/328/148
f 1147/350/148 1160/332/148 1159/330/148
f 1147/350/148 1149/351/148 1161/334/148
f 1149/351/148 1151/352/148 1162/339/148
f 1133/1397/148 1153/341/148 1162/339/148
f 1144/331/146 1146/336/146 1140/338/146
f 1138/337/146 1148/1396/146 1150/353/146
f 1150/353/146 1152/355/146 1134/356/146
f 1145/1385/832 1169/1369/832 1170/1370/833
f 1139/1371/835 1166/1386/835 1167/1372/836
f 1135/1374/837 1133/1395/847 1163/1375/838
f 1149/1378/839 1147/1368/834 1170/1370/833
f 1143/1380/841 1141/1373/836 1167/1372/836
f 1135/1374/837 1164/1376/837 1165/1382/843
f 1151/1384/845 1149/1378/839 1171/1377/840
f 1145/1385/832 1143/1380/841 1168/1379/842
f 1137/1381/844 1165/1382/843 1166/1386/835
f 1133/1387/847 1151/1384/845 1172/1383/846
f 1163/1389/764 1172/1398/148 1171/1390/148
f 1164/1391/148 1171/1390/148 1170/1393/148
f 1170/1393/148 1169/1399/148 1166/1394/148
f 1169/1399/148 1168/1379/148 1167/1372/148
f 1194/319/822 1176/323/822 1174/320/823
f 1195/322/824 1178/325/824 1176/323/822
f 1196/324/825 1180/327/825 1178/325/824
f 1197/326/826 1182/329/826 1180/327/825
f 1198/328/827 1184/331/827 1182/329/826
f 1199/330/828 1186/333/828 1184/331/827
f 1200/332/829 1188/335/829 1186/333/828
f 1201/334/830 1190/340/830 1188/335/829
f 1180/338/146 1186/336/146 1188/1396/146
f 1202/339/831 1192/342/831 1190/340/830
f 1193/341/823 1174/1425/823 1192/342/831
f 1175/343/148 1194/319/148 1193/321/764
f 1175/343/148 1177/345/148 1195/322/148
f 1179/346/148 1196/324/148 1195/322/148
f 1181/347/148 1197/326/148 1196/324/148
f 1183/349/148 1198/328/148 1197/326/148
f 1185/348/148 1199/330/148 1198/328/148
f 1187/350/148 1200/332/148 1199/330/148
f 1189/351/148 1201/334/148 1200/332/148
f 1191/352/148 1202/339/148 1201/334/148
f 1173/1397/148 1193/341/764 1202/339/148
f 1184/331/146 1186/336/146 1180/338/146
f 1188/1396/146 1190/353/146 1176/354/146
f 1176/354/146 1190/353/146 1192/355/146
f 1185/1385/832 1209/1369/832 1210/1370/834
f 1181/1373/836 1179/1371/835 1206/1386/835
f 1173/1395/847 1203/1375/847 1204/1376/848
f 1187/1368/834 1210/1370/834 1211/1377/840
f 1181/1373/836 1207/1372/836 1208/1379/841
f 1175/1374/837 1204/1376/848 1205/1382/844
f 1189/1378/840 1211/1377/840 1212/1383/846
f 1185/1385/832 1183/1380/842 1208/1379/841
f 1179/1371/835 1177/1381/844 1205/1382/844
f 1173/1387/847 1191/1384/845 1212/1383/846
f 1203/1389/148 1212/1398/148 1211/1390/148
f 1211/1390/148 1210/1393/148 1205/1392/148
f 1210/1393/148 1209/1399/148 1206/1394/148
f 1206/1394/148 1209/1399/148 1208/1379/148
f 1234/319/849 1216/323/849 1214/320/850
f 1235/322/851 1218/325/851 1216/323/849
f 1236/324/852 1220/327/852 1218/325/851
f 1237/326/853 1222/329/853 1220/327/852
f 1238/328/854 1224/331/854 1222/329/853
f 1239/330/855 1226/333/855 1224/331/854
f 1240/332/856 1228/335/856 1226/333/855
f 1241/334/857 1230/340/857 1228/335/856
f 1220/338/146 1226/336/146 1228/1396/146
f 1242/339/858 1232/342/858 1230/340/857
f 1233/341/850 1214/1425/850 1232/342/858
f 1215/343/148 1234/319/148 1233/321/764
f 1217/345/148 1235/322/148 1234/319/148
f 1219/346/148 1236/324/148 1235/322/148
f 1221/347/148 1237/326/148 1236/324/148
f 1221/347/148 1223/349/764 1238/328/148
f 1225/348/148 1239/330/148 1238/328/148
f 1227/350/148 1240/332/148 1239/330/148
f 1227/350/148 1229/351/148 1241/334/148
f 1229/351/148 1231/352/148 1242/339/148
f 1213/1397/764 1233/341/764 1242/339/148
f 1224/331/146 1226/336/146 1220/338/146
f 1228/1396/146 1230/353/146 1216/354/146
f 1216/354/146 1230/353/146 1232/355/146
f 1225/1385/859 1249/1369/871 1250/1370/860
f 1221/1373/861 1219/1371/862 1246/1386/862
f 1215/1374/863 1213/1395/864 1243/1375/864
f 1227/1368/860 1250/1370/860 1251/1377/865
f 1223/1380/867 1221/1373/861 1247/1372/861
f 1217/1381/869 1215/1374/863 1244/1376/863
f 1231/1384/870 1229/1378/866 1251/1377/865
f 1225/1385/859 1223/1380/867 1248/1379/868
f 1217/1381/869 1245/1382/869 1246/1386/862
f 1213/1387/864 1231/1384/870 1252/1383/870
f 1252/1398/148 1251/1390/148 1244/1391/148
f 1244/1391/148 1251/1390/148 1250/1393/148
f 1245/1392/148 1250/1393/148 1249/1399/148
f 1246/1394/148 1249/1399/148 1248/1379/148
f 1274/319/872 1256/323/872 1254/320/873
f 1275/322/874 1258/325/874 1256/323/872
f 1276/324/875 1260/327/875 1258/325/874
f 1277/326/876 1262/329/876 1260/327/875
f 1278/328/877 1264/331/877 1262/329/876
f 1279/330/878 1266/333/878 1264/331/877
f 1280/332/879 1268/335/879 1266/333/878
f 1281/334/880 1270/340/880 1268/335/879
f 1266/336/146 1268/1396/146 1258/337/146
f 1282/339/881 1272/342/881 1270/340/880
f 1255/343/148 1274/319/764 1273/321/148
f 1255/343/148 1257/345/148 1275/322/148
f 1257/345/148 1259/346/148 1276/324/148
f 1261/347/148 1277/326/148 1276/324/148
f 1261/347/148 1263/349/148 1278/328/148
f 1265/348/148 1279/330/148 1278/328/148
f 1265/348/148 1267/350/148 1280/332/148
f 1267/350/148 1269/351/148 1281/334/148
f 1271/352/148 1282/339/148 1281/334/148
f 1253/1397/148 1273/341/148 1282/339/148
f 1264/331/146 1266/336/146 1260/338/146
f 1258/337/146 1268/1396/146 1270/353/146
f 1256/354/146 1270/353/146 1272/355/146
f 1265/1385/882 1289/1369/882 1290/1370/883
f 1261/1373/884 1259/1371/885 1286/1386/885
f 1253/1395/887 1283/1375/887 1284/1376/888
f 1269/1378/889 1267/1368/883 1290/1370/883
f 1261/1373/884 1287/1372/886 1288/1379/891
f 1257/1381/892 1255/1374/888 1284/1376/888
f 1271/1384/893 1269/1378/889 1291/1377/890
f 1265/1385/882 1263/1380/891 1288/1379/891
f 1257/1381/892 1285/1382/892 1286/1386/885
f 1253/1387/887 1271/1384/893 1292/1383/893
f 1292/1398/148 1291/1390/148 1284/1391/148
f 1291/1390/148 1290/1393/148 1285/1392/148
f 1285/1392/148 1290/1393/148 1289/1399/148
f 1289/1399/148 1288/1379/148 1287/1372/148
f 1315/322/894 1298/325/894 1296/323/895
f 1316/324/896 1300/327/896 1298/325/894
f 1317/326/897 1302/329/897 1300/327/896
f 1318/328/898 1304/331/898 1302/329/897
f 1319/330/899 1306/333/899 1304/331/898
f 1320/332/900 1308/335/900 1306/333/899
f 1321/334/901 1310/340/901 1308/335/900
f 1300/338/146 1306/336/146 1308/1396/146
f 1322/339/902 1312/342/902 1310/340/901
f 1293/344/148 1295/343/148 1314/319/148
f 1295/343/148 1297/345/148 1315/322/148
f 1299/346/148 1316/324/148 1315/322/148
f 1301/347/148 1317/326/764 1316/324/148
f 1303/349/148 1318/328/148 1317/326/764
f 1303/349/148 1305/348/148 1319/330/148
f 1305/348/148 1307/350/764 1320/332/764
f 1307/350/764 1309/351/148 1321/334/148
f 1311/352/148 1322/339/148 1321/334/148
f 1311/352/148 1293/1397/148 1313/341/148
f 1302/329/146 1304/331/146 1306/336/146
f 1298/337/146 1308/1396/146 1310/353/146
f 1296/354/146 1310/353/146 1312/355/146
f 1305/1385/903 1329/1369/903 1330/1370/904
f 1299/1371/905 1326/1386/905 1327/1372/906
f 1293/1395/908 1323/1375/908 1324/1376/909
f 1307/1368/904 1330/1370/904 1331/1377/911
f 1303/1380/912 1301/1373/907 1327/1372/906
f 1295/1374/910 1324/1376/909 1325/1382/913
f 1309/1378/911 1331/1377/911 1332/1383/915
f 1303/1380/912 1328/1379/912 1329/1369/903
f 1299/1371/905 1297/1381/914 1325/1382/913
f 1311/1384/915 1332/1383/915 1323/1388/908
f 1323/1389/148 1332/1398/148 1331/1390/148
f 1324/1391/148 1331/1390/148 1330/1393/148
f 1330/1393/148 1329/1399/148 1326/1394/148
f 1326/1394/148 1329/1399/148 1328/1379/148
f 1355/322/916 1338/325/916 1336/323/895
f 1356/324/896 1340/327/896 1338/325/916
f 1357/326/897 1342/329/897 1340/327/896
f 1358/328/898 1344/331/898 1342/329/897
f 1359/330/899 1346/333/899 1344/331/898
f 1360/332/917 1348/335/917 1346/333/899
f 1361/334/901 1350/340/901 1348/335/917
f 1346/336/146 1348/1396/146 1338/337/146
f 1362/339/902 1352/342/902 1350/340/901
f 1333/344/148 1335/343/148 1354/319/148
f 1335/343/148 1337/345/148 1355/322/148
f 1337/345/148 1339/346/148 1356/324/148
f 1339/346/148 1341/347/148 1357/326/148
f 1343/349/148 1358/328/148 1357/326/148
f 1343/349/148 1345/348/148 1359/330/148
f 1345/348/148 1347/350/148 1360/332/148
f 1347/350/148 1349/351/764 1361/334/148
f 1351/352/148 1362/339/148 1361/334/148
f 1333/1397/148 1353/341/148 1362/339/148
f 1344/331/146 1346/336/146 1340/338/146
f 1338/337/146 1348/1396/146 1350/353/146
f 1350/353/146 1352/355/146 1334/356/146
f 1347/1368/904 1345/1385/903 1369/1369/903
f 1339/1371/905 1366/1386/905 1367/1372/906
f 1335/1374/910 1333/1395/908 1363/1375/908
f 1347/1368/904 1370/1370/904 1371/1377/911
f 1343/1380/912 1341/1373/907 1367/1372/906
f 1335/1374/910 1364/1376/910 1365/1382/914
f 1349/1378/911 1371/1377/911 1372/1383/918
f 1343/1380/912 1368/1379/912 1369/1369/903
f 1339/1371/905 1337/1381/914 1365/1382/914
f 1333/1387/908 1351/1384/918 1372/1383/918
f 1372/1398/148 1371/1390/148 1364/1391/148
f 1364/1391/148 1371/1390/148 1370/1393/148
f 1370/1393/148 1369/1399/148 1366/1394/148
f 1366/1394/148 1369/1399/148 1368/1379/148
f 1391/322/916 1376/325/916 1374/323/919
f 1392/324/896 1378/327/896 1376/325/916
f 1393/326/897 1380/329/897 1378/327/896
f 1394/328/898 1382/331/898 1380/329/897
f 1395/330/899 1384/333/899 1382/331/898
f 1396/332/917 1386/335/917 1384/333/899
f 1397/334/920 1388/340/920 1386/335/917
f 1378/338/146 1384/336/146 1386/1396/146
f 1373/343/148 1375/345/148 1391/322/148
f 1375/345/148 1377/346/148 1392/324/148
f 1377/346/148 1379/347/148 1393/326/148
f 1379/347/148 1381/349/148 1394/328/148
f 1381/349/148 1383/348/148 1395/330/148
f 1383/348/148 1385/350/148 1396/332/148
f 1385/350/148 1387/351/148 1397/334/148
f 1380/329/146 1382/331/146 1384/336/146
f 1386/1396/146 1388/353/146 1374/354/146
f 1383/1385/903 1404/1369/903 1405/1370/921
f 1377/1371/905 1401/1386/905 1402/1372/906
f 1385/1368/904 1405/1370/921 1406/1377/922
f 1381/1380/912 1379/1373/907 1402/1372/906
f 1375/1381/914 1373/1374/997 1399/1376/923
f 1387/1378/924 1406/1377/924 1407/1383/924
f 1383/1385/903 1381/1380/912 1403/1379/912
f 1375/1381/914 1400/1382/913 1401/1386/905
f 1398/1389/148 1407/1398/148 1406/1390/148
f 1406/1390/148 1405/1393/148 1400/1392/148
f 1400/1392/148 1405/1393/148 1404/1399/148
f 1401/1394/148 1404/1399/148 1403/1379/148
f 1409/1400/686 1411/1534/686 1410/1401/925
f 1410/1401/927 1411/1534/998 1415/1403/928
f 1414/1404/930 1415/1403/557 1413/1405/557
f 1412/1406/932 1413/1405/933 1409/1407/933
f 1410/1401/925 1416/1412/945 1417/1409/934
f 1418/1410/935 1422/1415/999 1420/1411/936
f 1414/1404/930 1412/1406/931 1419/1413/938
f 1412/1406/932 1408/1408/932 1417/1414/940
f 1410/1401/927 1414/1404/929 1418/1410/935
f 1422/1415/941 1423/1418/944 1427/1416/942
f 1418/1410/939 1419/1413/938 1423/1418/944
f 1416/1412/945 1420/1411/949 1421/1419/946
f 1417/1414/940 1421/1535/947 1423/1418/947
f 1426/1417/948 1427/1416/948 1425/1420/948
f 1420/1411/949 1424/1424/1000 1425/1422/950
f 1423/1418/947 1421/1535/947 1425/1423/951
f 1420/1411/936 1422/1415/999 1426/1417/952
f 717/1009/138 721/1008/138 833/1160/138
f 716/1159/142 720/1016/142 722/1010/142
o QF1_Cannon_Wheels
v 415.720459 166.595184 193.742966
v 430.228302 166.422974 209.346420
v 415.626617 166.264420 193.826569
v 430.134460 166.092209 209.430023
v 415.389435 166.119354 194.045471
v 429.897308 165.947144 209.648926
v 415.147888 166.245010 194.271454
v 429.655731 166.072800 209.874908
v 415.043427 166.567749 194.372131
v 429.551300 166.395538 209.975601
v 415.137268 166.898529 194.288544
v 429.645111 166.726303 209.891998
v 415.374451 167.043579 194.069626
v 429.882294 166.871353 209.673096
v 415.615997 166.917923 193.843643
v 430.123840 166.745712 209.447098
v 427.982208 166.836563 209.503784
v 428.510010 166.830307 210.071472
v 428.134155 167.235504 209.366913
v 428.661957 167.229233 209.934586
v 425.035034 169.098175 212.501114
v 425.120361 169.322128 212.424255
v 425.416656 169.318619 212.742935
v 425.331329 169.094650 212.819778
v 429.873627 166.013306 207.736069
v 430.401459 166.007034 208.303741
v 429.721680 165.614380 207.872955
v 430.249481 165.608109 208.440628
v 433.052307 163.748962 204.987747
v 432.967010 163.524994 205.064590
v 433.263306 163.521484 205.383270
v 433.348602 163.745438 205.306427
v 428.285034 167.454849 209.229034
v 428.812866 167.448593 209.796707
v 428.567169 167.687027 208.969284
v 429.094971 167.680756 209.536957
v 426.676239 171.584122 211.002594
v 426.834625 171.714462 210.856750
v 427.130920 171.710953 211.175430
v 426.972534 171.580597 211.321259
v 429.570801 165.395020 208.010834
v 430.098602 165.388748 208.578491
v 429.288666 165.162857 208.270599
v 429.816467 165.156586 208.838257
v 431.411102 161.263000 206.486282
v 431.252716 161.132675 206.632111
v 431.549011 161.129166 206.950775
v 431.707397 161.259491 206.804947
v 429.303314 167.686615 208.284836
v 429.831116 167.680344 208.852509
v 429.582733 167.454132 208.022446
v 430.110565 167.447876 208.590118
v 431.314087 171.711975 206.691803
v 431.470978 171.581467 206.544495
v 431.767273 171.577942 206.863174
v 431.610382 171.708450 207.010468
v 428.552521 165.163269 208.955048
v 429.080322 165.156998 209.522705
v 428.273102 165.395737 209.217422
v 428.800903 165.389481 209.785080
v 426.773254 161.135162 210.797058
v 426.616394 161.265671 210.944366
v 426.912689 161.262146 211.263031
v 427.069550 161.131638 211.115738
v 429.728058 167.240158 207.884964
v 430.255890 167.233902 208.452637
v 429.876892 166.842117 207.742188
v 430.404724 166.835846 208.309860
v 432.989899 169.345154 205.107544
v 433.073456 169.121704 205.027390
v 433.369751 169.118195 205.346069
v 433.286194 169.341644 205.426208
v 428.127777 165.609711 209.354904
v 428.655579 165.603455 209.922577
v 427.978943 166.007767 209.497681
v 428.506744 166.001495 210.065338
v 425.097443 163.501968 212.381317
v 425.013916 163.725418 212.461472
v 425.310211 163.721909 212.780136
v 425.393738 163.498444 212.699997
v 429.905182 166.688736 207.714188
v 430.433014 166.682480 208.281860
v 429.912476 166.240646 207.702484
v 430.440277 166.234390 208.270142
v 433.514557 166.730637 204.590851
v 433.518646 166.479095 204.584290
v 433.814941 166.475571 204.902954
v 433.810852 166.727127 204.909531
v 427.950653 166.161133 209.525681
v 428.478455 166.154877 210.093338
v 427.943359 166.609222 209.537399
v 428.471161 166.602966 210.105057
v 424.572784 166.116486 212.898010
v 424.568695 166.368042 212.904587
v 424.864990 166.364517 213.223251
v 424.869080 166.112976 213.216675
v 429.113800 165.092529 208.432419
v 429.641602 165.086258 209.000076
v 428.785553 165.079224 208.737457
v 429.313354 165.072952 209.305130
v 429.234985 160.321213 208.499207
v 429.050720 160.313751 208.670456
v 429.347015 160.310226 208.989120
v 429.531281 160.317703 208.817871
v 428.742035 167.757355 208.807465
v 429.269867 167.751083 209.375122
v 429.070282 167.770660 208.502411
v 429.598083 167.764389 209.070068
v 428.852356 172.525909 208.989655
v 429.036621 172.533371 208.818405
v 429.332947 172.529861 209.137085
v 429.148651 172.522400 209.308334
v 429.801178 166.467468 207.535507
v 430.601196 166.457962 208.395950
v 429.747955 165.993729 207.579773
v 430.547974 165.984238 208.440201
v 429.579407 165.572205 207.731827
v 430.379425 165.562714 208.592255
v 429.315857 165.253708 207.973343
v 430.115875 165.244217 208.833771
v 428.989136 165.076706 208.275192
v 429.789124 165.067200 209.135635
v 428.638580 165.062485 208.600967
v 429.438599 165.052994 209.461395
v 428.306519 165.212799 208.911377
v 429.106537 165.203308 209.771805
v 428.032990 165.509521 209.168976
v 428.833008 165.500031 210.029419
v 427.850983 165.916840 209.342697
v 428.651001 165.907349 210.203125
v 427.782440 166.385651 209.411591
v 428.582458 166.376144 210.272018
v 427.835663 166.859375 209.367340
v 428.635681 166.849884 210.227768
v 428.004211 167.280899 209.215271
v 428.804230 167.271408 210.075714
v 428.267761 167.599396 208.973755
v 429.067780 167.589905 209.834183
v 429.277100 167.640305 208.035721
v 430.077118 167.630814 208.896164
v 429.550629 167.343597 207.778122
v 430.350647 167.334091 208.638550
v 429.732635 166.936264 207.604401
v 430.532654 166.926773 208.464844
v 433.672485 166.620651 204.080490
v 433.418884 164.363358 204.291336
v 434.076538 164.355545 204.998657
v 434.330139 166.612839 204.787796
v 432.615814 162.354813 205.015869
v 433.273468 162.347015 205.723190
v 431.360077 160.837280 206.166672
v 432.017731 160.829483 206.873993
v 429.803162 159.993805 207.604965
v 430.460815 159.985992 208.312286
v 428.132843 159.926102 209.157257
v 428.790497 159.918289 209.864578
v 426.550598 160.642349 210.636307
v 427.208252 160.634552 211.343628
v 425.247253 162.056152 211.863739
v 425.904907 162.048355 212.571060
v 424.380035 163.996994 212.691498
v 425.037689 163.989182 213.398804
v 424.053528 166.230774 213.019730
v 424.711182 166.222961 213.727051
v 424.307098 168.488068 212.808884
v 424.964752 168.480255 213.516190
v 425.110168 170.496597 212.084351
v 425.767822 170.488800 212.791672
v 426.365906 172.014130 210.933533
v 427.023560 172.006317 211.640854
v 427.922821 172.857620 209.495255
v 428.580475 172.849808 210.202576
v 429.593140 172.925323 207.942963
v 430.250793 172.917511 208.650284
v 431.175385 172.209076 206.463913
v 431.833038 172.201263 207.171234
v 432.478729 170.795273 205.236481
v 433.136383 170.787460 205.943802
v 433.345947 168.854431 204.408722
v 434.003601 168.846619 205.116043
v 433.358002 166.607895 204.372726
v 433.121002 164.498199 204.569794
v 433.778656 164.490387 205.277115
v 434.015656 166.600098 205.080048
v 432.370422 162.620987 205.246948
v 433.028076 162.613174 205.954269
v 431.196808 161.202667 206.322510
v 431.854462 161.194855 207.029831
v 429.741699 160.414337 207.666763
v 430.399353 160.406525 208.374084
v 428.180573 160.351059 209.117554
v 428.838226 160.343262 209.824875
v 426.701782 161.020493 210.499908
v 427.359436 161.012680 211.207230
v 425.483673 162.341858 211.647079
v 426.141327 162.334045 212.354401
v 424.673126 164.155792 212.420715
v 425.330780 164.147980 213.128036
v 424.367981 166.243515 212.727493
v 425.025635 166.235718 213.434814
v 424.604980 168.353226 212.530426
v 425.262634 168.345413 213.237747
v 425.355560 170.230438 211.853271
v 426.013214 170.222626 212.560577
v 426.529175 171.648743 210.777710
v 427.186829 171.640945 211.485016
v 427.984283 172.437088 209.433456
v 428.641937 172.429276 210.140778
v 429.545410 172.500351 207.982666
v 430.203064 172.492554 208.689972
v 431.024200 171.830933 206.600311
v 431.681854 171.823135 207.307632
v 432.242310 170.509567 205.453140
v 432.899963 170.501755 206.160461
v 433.052856 168.695633 204.679504
v 433.710510 168.687820 205.386826
v 428.594513 167.776413 208.671906
v 428.945038 167.790619 208.346130
v 429.745056 167.781128 209.206558
v 429.394531 167.766922 209.532333
v 417.350861 167.061111 194.306824
v 416.823059 167.067383 193.739151
v 417.186157 167.447220 194.464233
v 416.658325 167.453476 193.896561
v 420.220520 169.570633 191.434204
v 420.128052 169.787369 191.522568
v 419.831757 169.790894 191.203888
v 419.924225 169.574142 191.115524
v 415.488647 166.085709 196.027527
v 414.960815 166.091980 195.459854
v 415.653351 165.699615 195.870117
v 415.125519 165.705887 195.302444
v 412.387451 163.578964 198.651138
v 412.479919 163.362213 198.562790
v 412.183624 163.365723 198.244110
v 412.091156 163.582474 198.332474
v 417.028351 167.654053 194.613235
v 416.500549 167.660324 194.045563
v 416.739044 167.863068 194.884521
v 416.211243 167.869324 194.316849
v 418.500793 171.920334 193.059128
v 418.338379 172.037674 193.211426
v 418.042084 172.041199 192.892746
v 418.204498 171.923859 192.740448
v 415.811157 165.492767 195.721115
v 415.283325 165.499039 195.153442
v 416.100464 165.283768 195.449814
v 415.572632 165.290039 194.882141
v 414.107208 161.229233 197.026230
v 414.269592 161.111908 196.873932
v 413.973297 161.115433 196.555252
v 413.810883 161.232758 196.707550
v 416.003906 167.803024 195.567383
v 415.476105 167.809280 194.999725
v 415.732391 167.548203 195.817032
v 415.204559 167.554474 195.249359
v 413.864899 171.672302 197.366760
v 413.712463 171.529266 197.506912
v 413.416168 171.532776 197.188232
v 413.568604 171.675827 197.048096
v 416.835602 165.343811 194.766953
v 416.307800 165.350067 194.199280
v 417.107117 165.598618 194.517303
v 416.579315 165.604889 193.949631
v 418.743103 161.477264 192.718582
v 418.895508 161.620316 192.578430
v 418.599213 161.623825 192.259750
v 418.446777 161.480789 192.399902
v 415.594177 167.322754 195.943039
v 415.066376 167.329010 195.375366
v 415.458466 166.913162 196.064697
v 414.930664 166.919434 195.497025
v 412.268127 169.172867 198.823837
v 412.191956 168.942932 198.892136
v 411.895630 168.946442 198.573456
v 411.971832 169.176376 198.505157
v 417.245300 165.824081 194.391312
v 416.717499 165.830353 193.823639
v 417.381012 166.233673 194.269638
v 416.853210 166.239929 193.701965
v 420.339874 163.976715 191.261520
v 420.416046 164.206665 191.193222
v 420.119751 164.210175 190.874542
v 420.043549 163.980240 190.942841
v 415.435181 166.757706 196.084625
v 414.907379 166.763962 195.516953
v 415.442474 166.309616 196.072922
v 414.914673 166.315872 195.505249
v 411.829010 166.519272 199.202820
v 411.833099 166.267731 199.196243
v 411.536804 166.271240 198.877563
v 411.532715 166.522797 198.884140
v 417.404297 166.389130 194.249725
v 416.876495 166.395401 193.682037
v 417.397034 166.837219 194.261429
v 416.869232 166.843475 193.693756
v 420.778961 166.630310 190.882523
v 420.774902 166.881851 190.889099
v 420.478577 166.885376 190.570419
v 420.482666 166.633820 190.563843
v 416.277374 165.227692 195.284698
v 415.749573 165.233963 194.717026
v 416.605621 165.240997 194.979645
v 416.077820 165.247269 194.411972
v 416.311035 160.464981 194.968704
v 416.495300 160.472443 194.797455
v 416.199005 160.475967 194.478775
v 416.014709 160.468491 194.650024
v 416.562134 167.919128 195.049652
v 416.034302 167.925400 194.481979
v 416.233887 167.905823 195.354691
v 415.706085 167.912094 194.787018
v 416.296967 172.684601 195.116638
v 416.112701 172.677139 195.287888
v 415.816406 172.680649 194.969208
v 416.000671 172.688126 194.797958
v 415.546509 166.530884 196.251587
v 414.746460 166.540390 195.391159
v 415.615021 166.062088 196.182709
v 414.815002 166.071579 195.322266
v 415.797028 165.654770 196.008987
v 414.997009 165.664261 195.148544
v 416.070557 165.358047 195.751389
v 415.270538 165.367538 194.890945
v 416.402618 165.207733 195.440979
v 415.602600 165.217239 194.580536
v 416.753174 165.221939 195.115204
v 415.953156 165.231445 194.254761
v 417.079926 165.398956 194.813354
v 416.279877 165.408463 193.952911
v 417.343445 165.717453 194.571823
v 416.543427 165.726944 193.711395
v 417.511993 166.138977 194.419769
v 416.711975 166.148468 193.559326
v 417.565216 166.612717 194.375519
v 416.765198 166.622208 193.515076
v 417.496704 167.081512 194.444412
v 416.696655 167.091003 193.583969
v 417.314697 167.488846 194.618134
v 416.514679 167.498322 193.757690
v 417.041168 167.785553 194.875732
v 416.241119 167.795044 194.015289
v 416.031799 167.744644 195.813766
v 415.231781 167.754135 194.953323
v 415.768250 167.426147 196.055283
v 414.968231 167.435654 195.194839
v 415.599701 167.004623 196.207336
v 414.799683 167.014114 195.346893
v 411.675201 166.377716 199.706619
v 412.001709 164.143921 199.378387
v 411.344055 164.151733 198.671066
v 411.017548 166.385513 198.999298
v 412.868927 162.203094 198.550629
v 412.211273 162.210907 197.843307
v 414.172272 160.789291 197.323196
v 413.514618 160.797089 196.615875
v 415.754517 160.073029 195.844147
v 415.096863 160.080841 195.136826
v 417.424835 160.140732 194.291855
v 416.767181 160.148544 193.584534
v 418.981750 160.984222 192.853577
v 418.324097 160.992035 192.146255
v 420.237488 162.501755 191.702759
v 419.579834 162.509552 190.995438
v 421.040588 164.510284 190.978226
v 420.382935 164.518097 190.270905
v 421.294159 166.767578 190.767365
v 420.636505 166.775391 190.060043
v 420.967621 169.001358 191.095612
v 420.309967 169.009171 190.388290
v 420.100403 170.942200 191.923370
v 419.442749 170.949997 191.216049
v 418.797058 172.356003 193.150803
v 418.139404 172.363815 192.443481
v 417.214813 173.072250 194.629852
v 416.557159 173.080063 193.922531
v 415.544495 173.004547 196.182144
v 414.886841 173.012360 195.474823
v 413.987579 172.161072 197.620422
v 413.329926 172.168884 196.913101
v 412.731873 170.643539 198.771240
v 412.074188 170.651337 198.063919
v 411.928772 168.635010 199.495773
v 411.271118 168.642807 198.788452
v 411.989655 166.390457 199.414383
v 412.294830 164.302719 199.107605
v 411.637177 164.310532 198.400284
v 411.332001 166.398254 198.707077
v 413.105347 162.488785 198.333969
v 412.447693 162.496597 197.626648
v 414.323456 161.167419 197.186798
v 413.665802 161.175217 196.479477
v 415.802277 160.498001 195.804443
v 415.144592 160.505798 195.097122
v 417.363373 160.561279 194.353653
v 416.705719 160.569077 193.646332
v 418.818481 161.349609 193.009399
v 418.160828 161.357407 192.302078
v 419.992126 162.767914 191.933838
v 419.334473 162.775726 191.226517
v 420.742706 164.645142 191.256683
v 420.085052 164.652954 190.549362
v 420.979706 166.754837 191.059616
v 420.322021 166.762634 190.352295
v 420.674530 168.842560 191.366394
v 420.016876 168.850372 190.659073
v 419.864014 170.656509 192.140030
v 419.206329 170.664307 191.432709
v 418.645874 171.977875 193.287201
v 417.988220 171.985687 192.579880
v 417.167084 172.647293 194.669556
v 416.509430 172.655090 193.962219
v 415.605988 172.584015 196.120346
v 414.948334 172.591827 195.413025
v 414.150848 171.795685 197.464584
v 413.493195 171.803497 196.757263
v 412.977234 170.377365 198.540161
v 412.319580 170.385178 197.832825
v 412.226654 168.500153 199.217316
v 411.569000 168.507965 198.509995
v 416.709076 167.935867 195.186142
v 416.358551 167.921661 195.511902
v 415.558533 167.931152 194.651474
v 415.909058 167.945374 194.325699
vn 0.7322 0.0297 -0.6805
vn 0.5292 -0.6858 -0.4996
vn 0.0162 -0.9995 -0.0261
vn -0.5063 -0.7277 0.4627
vn -0.7322 -0.0297 0.6805
vn -0.5292 0.6858 0.4996
vn -0.0162 0.9995 0.0261
vn 0.5063 0.7278 -0.4627
vn 0.6809 -0.0081 0.7323
vn -0.6809 0.0081 -0.7323
vn 0.3255 0.8991 -0.2927
vn 0.6573 0.0082 0.7535
vn -0.3523 -0.8803 0.3178
vn -0.7036 0.0243 -0.7102
vn -0.3255 -0.8991 0.2927
vn 0.7036 -0.0243 0.7102
vn 0.3523 0.8803 -0.3178
vn -0.6573 -0.0082 -0.7535
vn 0.6215 0.5354 -0.5719
vn 0.6671 0.0224 0.7446
vn -0.6369 -0.5001 0.5867
vn -0.6938 0.0385 -0.7191
vn -0.6938 0.0386 -0.7191
vn -0.6215 -0.5354 0.5719
vn 0.6938 -0.0386 0.7191
vn 0.6938 -0.0385 0.7191
vn 0.6369 0.5001 -0.5867
vn -0.6671 -0.0224 -0.7446
vn 0.6311 -0.5008 -0.5923
vn 0.6942 0.0224 0.7195
vn -0.6153 0.5361 0.5780
vn -0.6668 0.0385 -0.7443
vn -0.6311 0.5008 0.5923
vn 0.6668 -0.0385 0.7443
vn 0.6153 -0.5361 -0.5780
vn -0.6942 -0.0224 -0.7195
vn 0.3454 -0.8782 -0.3308
vn 0.7037 0.0083 0.7104
vn -0.3185 0.8972 0.3060
vn -0.3184 0.8972 0.3060
vn -0.6572 0.0245 -0.7533
vn -0.3454 0.8782 0.3308
vn 0.6572 -0.0245 0.7533
vn 0.3184 -0.8972 -0.3060
vn -0.7037 -0.0083 -0.7104
vn 0.0313 -0.9987 -0.0401
vn 0.7066 -0.0070 0.7076
vn -0.0011 0.9999 0.0121
vn -0.6544 0.0091 -0.7561
vn -0.0313 0.9987 0.0401
vn 0.6544 -0.0091 0.7561
vn 0.0011 -0.9999 -0.0121
vn -0.7066 0.0070 -0.7076
vn -0.7317 -0.0503 0.6798
vn 0.6811 -0.0437 0.7309
vn 0.7324 0.0091 -0.6808
vn -0.6799 -0.0275 -0.7328
vn 0.7317 0.0503 -0.6798
vn 0.6799 0.0275 0.7328
vn -0.7324 -0.0091 0.6808
vn -0.6811 0.0437 -0.7309
vn 0.6936 -0.3140 -0.6484
vn 0.5713 -0.6198 -0.5380
vn 0.5713 -0.6197 -0.5381
vn 0.3802 -0.8508 -0.3628
vn 0.3802 -0.8508 -0.3629
vn 0.1431 -0.9792 -0.1439
vn -0.1112 -0.9895 0.0924
vn -0.3520 -0.8805 0.3176
vn -0.5505 -0.6652 0.5045
vn -0.6825 -0.3697 0.6305
vn -0.6936 0.3140 0.6484
vn -0.5713 0.6198 0.5380
vn -0.5713 0.6197 0.5381
vn -0.3802 0.8508 0.3628
vn -0.3802 0.8508 0.3629
vn -0.1431 0.9792 0.1439
vn 0.1112 0.9895 -0.0924
vn 0.3520 0.8805 -0.3176
vn 0.5505 0.6652 -0.5045
vn 0.6825 0.3697 -0.6305
vn 0.6936 -0.3140 -0.6483
vn 0.3801 -0.8508 -0.3628
vn -0.1111 -0.9895 0.0924
vn -0.6825 -0.3698 0.6305
vn -0.6936 0.3140 0.6483
vn -0.3543 0.8715 0.3390
vn -0.6579 0.0262 -0.7526
vn 0.3804 -0.8506 -0.3631
vn 0.7030 0.0100 0.7111
vn 0.3543 -0.8715 -0.3390
vn -0.7030 -0.0100 -0.7111
vn -0.3804 0.8506 0.3631
vn 0.6579 -0.0262 0.7526
vn -0.6380 0.4843 0.5986
vn -0.6681 0.0396 -0.7430
vn 0.6523 -0.4479 -0.6115
vn 0.6928 0.0234 0.7207
vn 0.6380 -0.4843 -0.5986
vn -0.6928 -0.0234 -0.7207
vn -0.6523 0.4479 0.6115
vn 0.6681 -0.0396 0.7430
vn -0.6140 -0.5513 0.5648
vn -0.6951 0.0374 -0.7179
vn 0.5971 0.5852 -0.5487
vn 0.6658 0.0212 0.7458
vn 0.6140 0.5513 -0.5648
vn -0.6658 -0.0212 -0.7458
vn -0.5971 -0.5852 0.5487
vn 0.6951 -0.0374 0.7179
vn -0.3164 -0.9051 0.2842
vn -0.7042 0.0226 -0.7096
vn 0.2889 0.9218 -0.2584
vn 0.6567 0.0064 0.7541
vn 0.3164 0.9051 -0.2842
vn -0.6567 -0.0064 -0.7541
vn -0.2889 -0.9218 0.2584
vn 0.7042 -0.0226 0.7096
vn -0.5713 0.6197 0.5380
vt 0.962107 0.140212
vt 0.420840 0.149660
vt 0.420832 0.140212
vt 0.962114 0.149659
vt 0.420848 0.159108
vt 0.962060 0.083525
vt 0.420793 0.092973
vt 0.420785 0.083525
vt 0.962067 0.092972
vt 0.420801 0.102420
vt 0.962075 0.102420
vt 0.420809 0.111868
vt 0.962083 0.111868
vt 0.420816 0.121316
vt 0.962091 0.121316
vt 0.420824 0.130764
vt 0.962099 0.130764
vt 0.968785 0.137439
vt 0.978214 0.114622
vt 0.978233 0.137431
vt 0.984900 0.121297
vt 0.984908 0.130745
vt 0.398007 0.121335
vt 0.404701 0.137458
vt 0.398015 0.130783
vt 0.404683 0.114649
vt 0.414149 0.137450
vt 0.163843 0.907792
vt 0.041120 0.882531
vt 0.165393 0.887653
vt 0.041255 0.875974
vt 0.165634 0.875974
vt 0.040851 0.864642
vt 0.164914 0.855789
vt 0.163843 0.844156
vt 0.040250 0.858112
vt 0.552236 0.496603
vt 0.674960 0.521864
vt 0.550686 0.516742
vt 0.674825 0.528421
vt 0.550445 0.528421
vt 0.675228 0.539753
vt 0.551165 0.548606
vt 0.552236 0.560239
vt 0.675830 0.546283
vt 0.187600 0.807353
vt 0.310323 0.832614
vt 0.186049 0.827492
vt 0.310188 0.839171
vt 0.185809 0.839171
vt 0.186528 0.859356
vt 0.310592 0.850503
vt 0.187600 0.870989
vt 0.311193 0.857033
vt 0.165811 0.973211
vt 0.043087 0.947949
vt 0.167361 0.953072
vt 0.167601 0.941393
vt 0.043222 0.941393
vt 0.042819 0.930061
vt 0.166882 0.921207
vt 0.042217 0.923530
vt 0.165811 0.909575
vt 0.682699 0.504784
vt 0.805423 0.530045
vt 0.681149 0.524923
vt 0.805287 0.536602
vt 0.680908 0.536602
vt 0.681628 0.556787
vt 0.805691 0.547933
vt 0.682699 0.568420
vt 0.806293 0.554464
vt 0.622725 0.956856
vt 0.500002 0.931595
vt 0.624275 0.936717
vt 0.500137 0.925038
vt 0.624516 0.925038
vt 0.499733 0.913706
vt 0.623797 0.904853
vt 0.622725 0.893220
vt 0.499132 0.907176
vt 0.023077 0.791001
vt 0.145801 0.816263
vt 0.021527 0.811140
vt 0.145665 0.822819
vt 0.021287 0.822819
vt 0.146069 0.834151
vt 0.022006 0.843005
vt 0.023077 0.854637
vt 0.146671 0.840681
vt 0.402721 0.981389
vt 0.279998 0.956128
vt 0.404271 0.961251
vt 0.280133 0.949571
vt 0.404512 0.949571
vt 0.279729 0.938239
vt 0.403792 0.929386
vt 0.402721 0.917753
vt 0.279127 0.931709
vt 0.023081 0.721492
vt 0.145805 0.746754
vt 0.021531 0.741631
vt 0.021290 0.753310
vt 0.145669 0.753310
vt 0.022010 0.773496
vt 0.146073 0.764642
vt 0.146675 0.771172
vt 0.023081 0.785128
vt 0.973612 0.948677
vt 0.850888 0.923415
vt 0.975162 0.928538
vt 0.975403 0.916859
vt 0.851024 0.916859
vt 0.850620 0.905527
vt 0.974683 0.896673
vt 0.850018 0.898997
vt 0.973612 0.885041
vt 0.328343 0.924144
vt 0.205619 0.898883
vt 0.329893 0.904006
vt 0.330134 0.892327
vt 0.205755 0.892326
vt 0.329414 0.872141
vt 0.205351 0.880995
vt 0.204749 0.874464
vt 0.328343 0.860509
vt 0.153875 0.741930
vt 0.276598 0.767192
vt 0.152325 0.762069
vt 0.152084 0.773748
vt 0.276463 0.773748
vt 0.276867 0.785080
vt 0.152804 0.793934
vt 0.277468 0.791611
vt 0.153875 0.805566
vt 0.169285 0.028695
vt 0.114006 0.005290
vt 0.169285 0.005290
vt 0.114006 0.028695
vt 0.058728 0.005291
vt 0.058728 0.028695
vt 0.003450 0.005290
vt 0.998449 0.028694
vt 0.943172 0.005290
vt 0.998448 0.005290
vt 0.943172 0.028694
vt 0.887894 0.005291
vt 0.887894 0.028694
vt 0.832617 0.005291
vt 0.832617 0.028695
vt 0.777340 0.005291
vt 0.777340 0.028695
vt 0.722063 0.005291
vt 0.722063 0.028695
vt 0.666785 0.005291
vt 0.666785 0.028695
vt 0.611508 0.005291
vt 0.611508 0.028695
vt 0.556230 0.005291
vt 0.556230 0.028695
vt 0.500952 0.005291
vt 0.500952 0.028695
vt 0.445675 0.005291
vt 0.445675 0.028695
vt 0.390397 0.005291
vt 0.390397 0.028695
vt 0.335119 0.005291
vt 0.335119 0.028695
vt 0.279841 0.005291
vt 0.279841 0.028695
vt 0.224563 0.005291
vt 0.224563 0.028695
vt 0.803299 0.579800
vt 0.841594 0.535514
vt 0.811872 0.586994
vt 0.292723 0.442925
vt 0.338113 0.479904
vt 0.328419 0.485496
vt 0.766336 0.625203
vt 0.760741 0.615511
vt 0.248450 0.404616
vt 0.299919 0.434355
vt 0.710478 0.645534
vt 0.708535 0.634513
vt 0.244619 0.415130
vt 0.189914 0.394273
vt 0.651035 0.645534
vt 0.652978 0.634513
vt 0.189910 0.405464
vt 0.131370 0.404575
vt 0.600772 0.615511
vt 0.595177 0.625203
vt 0.087071 0.442854
vt 0.135194 0.415093
vt 0.549641 0.586994
vt 0.558213 0.579800
vt 0.041656 0.479802
vt 0.079881 0.434279
vt 0.519919 0.535514
vt 0.530435 0.531687
vt 0.051346 0.485401
vt 0.021306 0.535653
vt 0.520788 0.476974
vt 0.509597 0.476974
vt 0.032307 0.593157
vt 0.032326 0.537600
vt 0.519919 0.418435
vt 0.530435 0.422262
vt 0.041597 0.650962
vt 0.021286 0.595096
vt 0.558213 0.374149
vt 0.549641 0.366955
vt 0.086987 0.687940
vt 0.051291 0.645369
vt 0.595177 0.328746
vt 0.600772 0.338438
vt 0.131259 0.726250
vt 0.079790 0.696511
vt 0.651035 0.308415
vt 0.652978 0.319436
vt 0.135091 0.715735
vt 0.189796 0.736592
vt 0.710478 0.308415
vt 0.708535 0.319436
vt 0.189800 0.725401
vt 0.248339 0.726290
vt 0.766336 0.328746
vt 0.760740 0.338438
vt 0.244515 0.715773
vt 0.299829 0.696586
vt 0.811872 0.366955
vt 0.803299 0.374149
vt 0.292638 0.688011
vt 0.338054 0.651064
vt 0.841593 0.418435
vt 0.831077 0.422262
vt 0.328364 0.645465
vt 0.358404 0.595213
vt 0.851916 0.476974
vt 0.840725 0.476974
vt 0.347383 0.593266
vt 0.358424 0.535769
vt 0.831078 0.531687
vt 0.347403 0.537709
vt 0.124732 0.041861
vt 0.176395 0.065265
vt 0.124732 0.065265
vt 0.073068 0.041861
vt 0.073068 0.065265
vt 0.021405 0.041861
vt 0.021405 0.065265
vt 0.899683 0.041861
vt 0.951347 0.065265
vt 0.899683 0.065265
vt 0.848020 0.041861
vt 0.848020 0.065265
vt 0.796356 0.041861
vt 0.796356 0.065265
vt 0.744693 0.041861
vt 0.744693 0.065265
vt 0.693030 0.041861
vt 0.693030 0.065265
vt 0.641366 0.041861
vt 0.641366 0.065265
vt 0.589703 0.041861
vt 0.589703 0.065265
vt 0.538039 0.041861
vt 0.538039 0.065265
vt 0.486376 0.041861
vt 0.486376 0.065265
vt 0.434712 0.041861
vt 0.434712 0.065265
vt 0.383049 0.041861
vt 0.383049 0.065265
vt 0.331386 0.041861
vt 0.331386 0.065265
vt 0.279722 0.041861
vt 0.279722 0.065265
vt 0.228059 0.041861
vt 0.228059 0.065265
vt 0.176395 0.041861
vt 0.959304 0.788041
vt 0.971779 0.818657
vt 0.959304 0.818657
vt 0.971779 0.788041
vt 0.984254 0.818657
vt 0.759700 0.788041
vt 0.772175 0.818657
vt 0.759700 0.818657
vt 0.772175 0.788041
vt 0.784650 0.818657
vt 0.784650 0.788041
vt 0.797125 0.818657
vt 0.797125 0.788041
vt 0.809601 0.818657
vt 0.809601 0.788041
vt 0.822076 0.818657
vt 0.822076 0.788041
vt 0.834551 0.818657
vt 0.834551 0.788041
vt 0.847026 0.818657
vt 0.847026 0.788041
vt 0.859502 0.818657
vt 0.859502 0.788041
vt 0.871977 0.818657
vt 0.871977 0.788041
vt 0.884452 0.818657
vt 0.896927 0.788041
vt 0.909403 0.818657
vt 0.896927 0.818657
vt 0.909403 0.788041
vt 0.921878 0.818657
vt 0.921878 0.788041
vt 0.934353 0.818657
vt 0.934353 0.788041
vt 0.946828 0.818657
vt 0.946828 0.788041
vt 0.884452 0.889407
vt 0.908650 0.885141
vt 0.896927 0.889408
vt 0.863173 0.877122
vt 0.918207 0.877122
vt 0.924445 0.866318
vt 0.856935 0.866318
vt 0.926611 0.854032
vt 0.854769 0.854032
vt 0.924445 0.841746
vt 0.863173 0.830942
vt 0.918207 0.830943
vt 0.908650 0.822924
vt 0.872729 0.822924
vt 0.884452 0.788041
vt 0.908650 0.783775
vt 0.863173 0.775756
vt 0.918207 0.775756
vt 0.924445 0.764952
vt 0.856935 0.764952
vt 0.926611 0.752666
vt 0.854769 0.752666
vt 0.924445 0.740380
vt 0.856935 0.740380
vt 0.918207 0.729576
vt 0.863173 0.729576
vt 0.908650 0.721557
vt 0.872729 0.721557
vt 0.896927 0.717291
vt 0.279127 0.967433
vt 0.872729 0.885141
vt 0.856935 0.841746
vt 0.872729 0.783774
vt 0.962122 0.159107
vt 0.968766 0.114630
vt 0.414130 0.114641
vt 0.040250 0.893836
vt 0.675830 0.510559
vt 0.311193 0.821309
vt 0.042217 0.959255
vt 0.806293 0.518740
vt 0.499132 0.942900
vt 0.146671 0.804957
vt 0.146675 0.735448
vt 0.850018 0.934721
vt 0.204749 0.910188
vt 0.277468 0.755886
vt 0.003450 0.028694
vt 0.951347 0.041861
vt 0.984254 0.788041
vt 0.884452 0.717291
s 1
usemtl WW1_QF1_Cannon
f 1429/1536/1001 1430/1537/1002 1428/1538/1001
f 1431/1539/1002 1432/1540/1003 1430/1537/1002
f 1433/1541/1003 1434/1542/1004 1432/1543/1003
f 1435/1544/1004 1436/1545/1005 1434/1542/1004
f 1437/1546/1005 1438/1547/1006 1436/1545/1005
f 1439/1548/1006 1440/1549/1007 1438/1547/1006
f 1441/1550/1007 1442/1551/1008 1440/1549/1007
f 1443/1552/1008 1428/1538/1001 1442/1551/1008
f 1441/1550/1009 1429/1553/1009 1443/1552/1009
f 1429/1553/1009 1437/1554/1009 1431/1555/1009
f 1431/1555/1009 1435/1556/1009 1433/1557/1009
f 1434/1558/1010 1430/1559/1010 1432/1560/1010
f 1436/1561/1010 1428/1562/1010 1430/1559/1010
f 1428/1562/1010 1440/1549/1010 1442/1551/1010
f 1446/1563/1011 1450/1564/1011 1447/1565/1011
f 1447/1565/1012 1451/1566/1012 1445/1567/1012
f 1445/1567/1013 1448/1568/1013 1444/1569/1013
f 1446/1570/1014 1448/1568/1014 1449/1571/1014
f 1454/1572/1015 1458/1573/1015 1455/1574/1015
f 1455/1574/1016 1459/1575/1016 1453/1576/1016
f 1453/1576/1017 1456/1577/1017 1452/1578/1017
f 1454/1579/1018 1456/1577/1018 1457/1580/1018
f 1462/1581/1019 1466/1582/1019 1463/1583/1019
f 1463/1583/1020 1467/1584/1020 1461/1585/1020
f 1460/1586/1021 1467/1584/1021 1464/1587/1021
f 1462/1588/1022 1464/1587/1023 1465/1589/1023
f 1470/1590/1024 1474/1591/1024 1471/1592/1024
f 1469/1593/1025 1474/1591/1026 1475/1594/1026
f 1469/1593/1027 1472/1595/1027 1468/1596/1027
f 1468/1596/1028 1473/1597/1028 1470/1598/1028
f 1478/1599/1029 1482/1600/1029 1479/1601/1029
f 1479/1601/1030 1483/1602/1030 1477/1603/1030
f 1476/1604/1031 1483/1602/1031 1480/1605/1031
f 1478/1606/1032 1480/1605/1032 1481/1607/1032
f 1486/1608/1033 1490/1609/1033 1487/1610/1033
f 1487/1610/1034 1491/1611/1034 1485/1612/1034
f 1485/1612/1035 1488/1613/1035 1484/1614/1035
f 1486/1615/1036 1488/1613/1036 1489/1616/1036
f 1494/1617/1037 1498/1618/1037 1495/1619/1037
f 1495/1619/1038 1499/1620/1038 1493/1621/1038
f 1493/1621/1039 1496/1622/1040 1492/1623/1039
f 1494/1624/1041 1496/1622/1041 1497/1625/1041
f 1502/1626/1042 1506/1627/1042 1503/1628/1042
f 1503/1628/1043 1507/1629/1043 1501/1630/1043
f 1501/1630/1044 1504/1631/1044 1500/1632/1044
f 1502/1633/1045 1504/1631/1045 1505/1634/1045
f 1510/1635/1046 1514/1636/1046 1511/1637/1046
f 1509/1638/1047 1514/1636/1047 1515/1639/1047
f 1508/1640/1048 1515/1639/1048 1512/1641/1048
f 1508/1640/1049 1513/1642/1049 1510/1643/1049
f 1518/1644/1050 1522/1645/1050 1519/1646/1050
f 1517/1647/1051 1522/1645/1051 1523/1648/1051
f 1517/1647/1052 1520/1649/1052 1516/1650/1052
f 1516/1650/1053 1521/1651/1053 1518/1652/1053
f 1526/1653/1054 1530/1654/1054 1527/1655/1054
f 1525/1656/1055 1530/1654/1055 1531/1657/1055
f 1524/1658/1056 1531/1657/1056 1528/1659/1056
f 1524/1658/1057 1529/1660/1057 1526/1661/1057
f 1534/1662/1058 1538/1663/1058 1535/1664/1058
f 1533/1665/1059 1538/1663/1059 1539/1666/1059
f 1533/1665/1060 1536/1667/1060 1532/1668/1060
f 1532/1668/1061 1537/1669/1061 1534/1670/1061
f 1575/1671/1001 1573/1672/1062 1572/1673/1001
f 1574/1674/1062 1576/1675/1063 1573/1672/1062
f 1577/1676/1064 1578/1677/1065 1576/1675/1063
f 1579/1678/1066 1580/1679/1067 1578/1680/1065
f 1581/1681/1067 1582/1682/1068 1580/1679/1067
f 1583/1683/1068 1584/1684/1069 1582/1682/1068
f 1585/1685/1069 1586/1686/1070 1584/1684/1069
f 1587/1687/1070 1588/1688/1071 1586/1686/1070
f 1589/1689/1071 1590/1690/1005 1588/1688/1071
f 1591/1691/1005 1592/1692/1072 1590/1690/1005
f 1593/1693/1072 1594/1694/1073 1592/1692/1072
f 1595/1695/1074 1596/1696/1075 1594/1694/1073
f 1597/1697/1076 1598/1698/1077 1596/1696/1075
f 1599/1699/1077 1600/1700/1078 1598/1698/1077
f 1601/1701/1078 1602/1702/1079 1600/1700/1078
f 1603/1703/1079 1604/1704/1080 1602/1702/1079
f 1605/1705/1080 1606/1706/1081 1604/1704/1080
f 1607/1707/1081 1572/1673/1001 1606/1706/1081
f 1609/1708/1010 1572/1709/1010 1573/1710/1010
f 1610/1711/1009 1575/1712/1009 1611/1713/1009
f 1609/1708/1010 1576/1714/1010 1612/1715/1010
f 1610/1711/1009 1577/1716/1009 1574/1717/1009
f 1612/1715/1010 1578/1718/1010 1614/1719/1010
f 1613/1720/1009 1579/1721/1009 1577/1716/1009
f 1614/1719/1010 1580/1722/1010 1616/1723/1010
f 1615/1724/1009 1581/1725/1009 1579/1721/1009
f 1618/1726/1010 1580/1722/1010 1582/1727/1010
f 1619/1728/1009 1581/1725/1009 1617/1729/1009
f 1618/1726/1010 1584/1730/1010 1620/1731/1010
f 1619/1728/1009 1585/1732/1009 1583/1733/1009
f 1620/1731/1010 1586/1734/1010 1622/1735/1010
f 1621/1736/1009 1587/1737/1009 1585/1732/1009
f 1624/1738/1010 1586/1734/1010 1588/1739/1010
f 1625/1740/1009 1587/1737/1009 1623/1741/1009
f 1624/1738/1010 1590/1742/1010 1626/1743/1010
f 1625/1740/1009 1591/1744/1009 1589/1745/1009
f 1628/1746/1010 1590/1742/1010 1592/1747/1010
f 1629/1748/1009 1591/1744/1009 1627/1749/1009
f 1628/1746/1010 1594/1750/1010 1630/1751/1010
f 1629/1748/1009 1595/1752/1009 1593/1753/1009
f 1630/1751/1010 1596/1754/1010 1632/1755/1010
f 1631/1756/1009 1597/1757/1009 1595/1752/1009
f 1632/1755/1010 1598/1758/1010 1634/1759/1010
f 1633/1760/1009 1599/1761/1009 1597/1757/1009
f 1634/1759/1010 1600/1762/1010 1636/1763/1010
f 1635/1764/1009 1601/1765/1009 1599/1761/1009
f 1636/1763/1010 1602/1766/1010 1638/1767/1010
f 1637/1768/1009 1603/1769/1009 1601/1765/1009
f 1638/1767/1010 1604/1770/1010 1640/1771/1010
f 1639/1772/1009 1605/1773/1009 1603/1769/1009
f 1640/1771/1010 1606/1774/1010 1642/1775/1010
f 1641/1776/1009 1607/1777/1009 1605/1773/1009
f 1642/1775/1010 1572/1709/1010 1608/1778/1010
f 1643/1779/1009 1575/1712/1009 1607/1777/1009
f 1610/1780/1072 1608/1781/1005 1609/1782/1072
f 1613/1783/1073 1609/1782/1072 1612/1784/1074
f 1615/1785/1075 1612/1784/1074 1614/1786/1076
f 1617/1787/1077 1614/1788/1076 1616/1789/1077
f 1619/1790/1078 1616/1789/1077 1618/1791/1078
f 1621/1792/1079 1618/1791/1078 1620/1793/1079
f 1623/1794/1080 1620/1793/1079 1622/1795/1080
f 1625/1796/1081 1622/1795/1080 1624/1797/1081
f 1627/1798/1001 1624/1797/1081 1626/1799/1001
f 1629/1800/1062 1626/1799/1001 1628/1801/1062
f 1631/1802/1063 1628/1801/1062 1630/1803/1064
f 1633/1804/1065 1630/1803/1064 1632/1805/1066
f 1635/1806/1067 1632/1805/1066 1634/1807/1067
f 1637/1808/1068 1634/1807/1067 1636/1809/1068
f 1639/1810/1069 1636/1809/1068 1638/1811/1069
f 1641/1812/1070 1638/1811/1069 1640/1813/1070
f 1643/1814/1071 1640/1813/1070 1642/1815/1071
f 1611/1816/1005 1642/1815/1071 1608/1781/1005
f 1543/1817/1062 1544/1818/1063 1542/1819/1082
f 1545/1820/1064 1546/1821/1083 1544/1818/1063
f 1547/1822/1066 1548/1823/1067 1546/1824/1083
f 1549/1825/1067 1550/1826/1068 1548/1823/1067
f 1551/1827/1084 1552/1828/1069 1550/1826/1068
f 1553/1829/1069 1554/1830/1070 1552/1828/1069
f 1555/1831/1070 1556/1832/1071 1554/1830/1070
f 1557/1833/1085 1558/1834/1005 1556/1832/1071
f 1559/1835/1005 1560/1836/1086 1558/1834/1005
f 1561/1837/1072 1562/1838/1073 1560/1836/1086
f 1563/1839/1074 1564/1840/1076 1562/1838/1073
f 1565/1841/1076 1644/1842/1077 1564/1840/1076
f 1646/1843/1078 1566/1844/1079 1645/1845/1078
f 1567/1846/1079 1568/1847/1080 1566/1844/1079
f 1569/1848/1080 1570/1849/1081 1568/1847/1080
f 1571/1850/1081 1540/1851/1001 1570/1849/1081
f 1541/1852/1001 1542/1819/1082 1540/1851/1001
f 1550/1853/1010 1546/1854/1010 1548/1855/1010
f 1546/1854/1010 1554/1856/1010 1544/1857/1010
f 1554/1856/1010 1542/1858/1010 1544/1857/1010
f 1556/1859/1010 1540/1860/1010 1542/1858/1010
f 1558/1861/1010 1570/1862/1010 1540/1860/1010
f 1570/1862/1010 1562/1863/1010 1568/1864/1010
f 1562/1863/1010 1566/1865/1010 1568/1864/1010
f 1564/1866/1010 1645/1845/1010 1566/1865/1010
f 1647/1867/1009 1567/1868/1009 1646/1843/1009
f 1567/1868/1009 1563/1869/1009 1569/1870/1009
f 1563/1869/1009 1571/1871/1009 1569/1870/1009
f 1561/1872/1009 1541/1873/1009 1571/1871/1009
f 1559/1874/1009 1543/1875/1009 1541/1873/1009
f 1557/1876/1009 1545/1877/1009 1543/1875/1009
f 1555/1878/1009 1547/1879/1009 1545/1877/1009
f 1553/1880/1009 1549/1881/1009 1547/1879/1009
f 1647/1867/1077 1645/1845/1078 1644/1842/1077
f 1650/1563/1087 1654/1564/1087 1651/1565/1087
f 1649/1567/1088 1654/1564/1088 1655/1566/1088
f 1649/1567/1089 1652/1568/1089 1648/1569/1089
f 1648/1569/1090 1653/1571/1090 1650/1570/1090
f 1658/1572/1091 1662/1573/1091 1659/1574/1091
f 1659/1574/1092 1663/1575/1092 1657/1576/1092
f 1657/1576/1093 1660/1577/1093 1656/1578/1093
f 1658/1579/1094 1660/1577/1094 1661/1580/1094
f 1666/1581/1095 1670/1582/1095 1667/1583/1095
f 1667/1583/1096 1671/1584/1096 1665/1585/1096
f 1665/1585/1097 1668/1587/1097 1664/1586/1097
f 1666/1588/1098 1668/1587/1098 1669/1589/1098
f 1674/1590/1099 1678/1591/1099 1675/1592/1099
f 1673/1593/1100 1678/1591/1100 1679/1594/1100
f 1673/1593/1101 1676/1595/1101 1672/1596/1101
f 1672/1596/1102 1677/1597/1102 1674/1598/1102
f 1682/1599/1103 1686/1600/1103 1683/1601/1103
f 1683/1601/1104 1687/1602/1104 1681/1603/1104
f 1681/1603/1105 1684/1605/1105 1680/1604/1105
f 1680/1604/1106 1685/1607/1106 1682/1606/1106
f 1690/1608/1107 1694/1609/1107 1691/1610/1107
f 1691/1610/1108 1695/1611/1108 1689/1612/1108
f 1689/1612/1109 1692/1613/1109 1688/1614/1109
f 1690/1615/1110 1692/1613/1110 1693/1616/1110
f 1698/1617/1111 1702/1618/1111 1699/1619/1111
f 1699/1619/1112 1703/1620/1112 1697/1621/1112
f 1697/1621/1113 1700/1622/1113 1696/1623/1113
f 1696/1623/1114 1701/1625/1114 1698/1624/1114
f 1707/1628/1115 1709/1882/1115 1710/1627/1115
f 1707/1628/1116 1711/1629/1116 1705/1630/1116
f 1705/1630/1117 1708/1631/1117 1704/1632/1117
f 1704/1632/1118 1709/1634/1118 1706/1633/1118
f 1714/1635/1052 1718/1636/1052 1715/1637/1052
f 1713/1638/1053 1718/1636/1053 1719/1639/1053
f 1713/1638/1050 1716/1641/1050 1712/1640/1050
f 1712/1640/1051 1717/1642/1051 1714/1643/1051
f 1722/1644/1048 1726/1645/1048 1723/1646/1048
f 1721/1647/1049 1726/1645/1049 1727/1648/1049
f 1721/1647/1046 1724/1649/1046 1720/1650/1046
f 1722/1652/1047 1724/1649/1047 1725/1651/1047
f 1730/1653/1056 1734/1654/1056 1731/1655/1056
f 1731/1655/1057 1735/1657/1057 1729/1656/1057
f 1728/1658/1054 1735/1657/1054 1732/1659/1054
f 1728/1658/1055 1733/1660/1055 1730/1661/1055
f 1738/1662/1060 1742/1663/1060 1739/1664/1060
f 1737/1665/1061 1742/1663/1061 1743/1666/1061
f 1737/1665/1058 1740/1667/1058 1736/1668/1058
f 1736/1668/1059 1741/1669/1059 1738/1670/1059
f 1779/1671/1005 1777/1672/1071 1776/1673/1005
f 1778/1674/1071 1780/1675/1070 1777/1672/1071
f 1781/1676/1070 1782/1677/1069 1780/1675/1070
f 1783/1678/1069 1784/1679/1068 1782/1680/1069
f 1785/1681/1068 1786/1682/1067 1784/1679/1068
f 1787/1683/1067 1788/1684/1066 1786/1682/1067
f 1789/1685/1065 1790/1686/1064 1788/1684/1066
f 1791/1687/1063 1792/1688/1062 1790/1686/1064
f 1793/1689/1062 1794/1690/1001 1792/1688/1062
f 1795/1691/1001 1796/1692/1081 1794/1690/1001
f 1797/1693/1081 1798/1694/1080 1796/1692/1081
f 1799/1695/1080 1800/1696/1079 1798/1694/1080
f 1801/1697/1079 1802/1698/1078 1800/1696/1079
f 1803/1699/1078 1804/1700/1077 1802/1698/1078
f 1805/1701/1077 1806/1702/1076 1804/1700/1077
f 1807/1703/1075 1808/1704/1119 1806/1702/1076
f 1808/1704/1119 1811/1707/1072 1810/1706/1072
f 1811/1707/1072 1776/1673/1005 1810/1706/1072
f 1812/1778/1009 1777/1710/1009 1813/1708/1009
f 1815/1713/1010 1778/1717/1010 1779/1712/1010
f 1813/1708/1009 1780/1714/1009 1816/1715/1009
f 1814/1711/1010 1781/1716/1010 1778/1717/1010
f 1816/1715/1009 1782/1718/1009 1818/1719/1009
f 1817/1720/1010 1783/1721/1010 1781/1716/1010
f 1818/1719/1009 1784/1722/1009 1820/1723/1009
f 1819/1724/1010 1785/1725/1010 1783/1721/1010
f 1820/1723/1009 1786/1727/1009 1822/1726/1009
f 1821/1729/1010 1787/1733/1010 1785/1725/1010
f 1822/1726/1009 1788/1730/1009 1824/1731/1009
f 1823/1728/1010 1789/1732/1010 1787/1733/1010
f 1824/1731/1009 1790/1734/1009 1826/1735/1009
f 1827/1741/1010 1789/1732/1010 1825/1736/1010
f 1826/1735/1009 1792/1739/1009 1828/1738/1009
f 1827/1741/1010 1793/1745/1010 1791/1737/1010
f 1828/1738/1009 1794/1742/1009 1830/1743/1009
f 1829/1740/1010 1795/1744/1010 1793/1745/1010
f 1832/1746/1009 1794/1742/1009 1796/1747/1009
f 1833/1748/1010 1795/1744/1010 1831/1749/1010
f 1832/1746/1009 1798/1750/1009 1834/1751/1009
f 1835/1756/1010 1797/1753/1010 1833/1748/1010
f 1836/1755/1009 1798/1750/1009 1800/1754/1009
f 1837/1760/1010 1799/1752/1010 1835/1756/1010
f 1838/1759/1009 1800/1754/1009 1802/1758/1009
f 1839/1764/1010 1801/1757/1010 1837/1760/1010
f 1838/1759/1009 1804/1762/1009 1840/1763/1009
f 1841/1768/1010 1803/1761/1010 1839/1764/1010
f 1842/1767/1009 1804/1762/1009 1806/1766/1009
f 1843/1772/1010 1805/1765/1010 1841/1768/1010
f 1844/1771/1009 1806/1766/1009 1808/1770/1009
f 1845/1776/1010 1807/1769/1010 1843/1772/1010
f 1846/1775/1009 1808/1770/1009 1810/1774/1009
f 1847/1779/1010 1809/1773/1010 1845/1776/1010
f 1812/1778/1009 1810/1774/1009 1776/1709/1009
f 1815/1713/1010 1811/1777/1010 1847/1779/1010
f 1813/1782/1081 1815/1816/1001 1812/1781/1001
f 1817/1783/1080 1813/1782/1081 1816/1784/1080
f 1819/1785/1079 1816/1784/1080 1818/1786/1079
f 1821/1787/1078 1818/1788/1079 1820/1789/1078
f 1823/1790/1077 1820/1789/1078 1822/1791/1077
f 1825/1792/1076 1822/1791/1077 1824/1793/1075
f 1827/1794/1074 1824/1793/1075 1826/1795/1073
f 1829/1796/1072 1826/1795/1073 1828/1797/1072
f 1831/1798/1005 1828/1797/1072 1830/1799/1005
f 1833/1800/1071 1830/1799/1005 1832/1801/1071
f 1835/1802/1070 1832/1801/1071 1834/1803/1070
f 1837/1804/1069 1834/1803/1070 1836/1805/1069
f 1839/1806/1068 1836/1805/1069 1838/1807/1068
f 1841/1808/1067 1838/1807/1068 1840/1809/1067
f 1843/1810/1066 1840/1809/1067 1842/1811/1065
f 1845/1812/1064 1842/1811/1065 1844/1813/1063
f 1847/1814/1062 1844/1813/1063 1846/1815/1062
f 1815/1816/1001 1846/1815/1062 1812/1781/1001
f 1747/1817/1071 1748/1818/1070 1746/1819/1085
f 1749/1820/1070 1750/1821/1069 1748/1818/1070
f 1751/1822/1069 1752/1823/1084 1750/1824/1069
f 1753/1825/1068 1754/1826/1067 1752/1823/1084
f 1755/1827/1067 1756/1828/1066 1754/1826/1067
f 1757/1829/1083 1758/1830/1064 1756/1828/1066
f 1759/1831/1063 1760/1832/1062 1758/1830/1064
f 1761/1833/1082 1762/1834/1001 1760/1832/1062
f 1763/1835/1001 1764/1836/1081 1762/1834/1001
f 1764/1836/1081 1767/1839/1080 1766/1838/1080
f 1766/1838/1080 1769/1841/1079 1768/1840/1079
f 1769/1841/1079 1848/1842/1078 1768/1840/1079
f 1850/1843/1077 1770/1844/1076 1849/1845/1077
f 1771/1846/1076 1772/1847/1074 1770/1844/1076
f 1773/1848/1074 1774/1849/1072 1772/1847/1074
f 1775/1850/1086 1744/1851/1005 1774/1849/1072
f 1745/1852/1005 1746/1819/1085 1744/1851/1005
f 1752/1855/1009 1756/1883/1009 1750/1854/1009
f 1756/1883/1009 1748/1857/1009 1750/1854/1009
f 1758/1856/1009 1746/1858/1009 1748/1857/1009
f 1760/1859/1009 1744/1860/1009 1746/1858/1009
f 1762/1861/1009 1774/1862/1009 1744/1860/1009
f 1764/1884/1009 1772/1864/1009 1774/1862/1009
f 1772/1864/1009 1768/1866/1009 1770/1865/1009
f 1768/1866/1009 1849/1845/1009 1770/1865/1009
f 1850/1843/1010 1769/1885/1010 1771/1868/1010
f 1769/1885/1010 1773/1870/1010 1771/1868/1010
f 1767/1869/1010 1775/1871/1010 1773/1870/1010
f 1765/1872/1010 1745/1873/1010 1775/1871/1010
f 1763/1874/1010 1747/1875/1010 1745/1873/1010
f 1761/1876/1010 1749/1877/1010 1747/1875/1010
f 1749/1877/1010 1757/1880/1010 1751/1879/1010
f 1757/1880/1010 1753/1881/1010 1751/1879/1010
f 1851/1867/1078 1849/1845/1077 1848/1842/1078
f 1429/1536/1001 1431/1539/1002 1430/1537/1002
f 1431/1539/1002 1433/1886/1003 1432/1540/1003
f 1433/1541/1003 1435/1544/1004 1434/1542/1004
f 1435/1544/1004 1437/1546/1005 1436/1545/1005
f 1437/1546/1005 1439/1548/1006 1438/1547/1006
f 1439/1548/1006 1441/1550/1007 1440/1549/1007
f 1441/1550/1007 1443/1552/1008 1442/1551/1008
f 1443/1552/1008 1429/1536/1001 1428/1538/1001
f 1441/1550/1009 1439/1887/1009 1429/1553/1009
f 1429/1553/1009 1439/1887/1009 1437/1554/1009
f 1431/1555/1009 1437/1554/1009 1435/1556/1009
f 1434/1558/1010 1436/1561/1010 1430/1559/1010
f 1436/1561/1010 1438/1888/1010 1428/1562/1010
f 1428/1562/1010 1438/1888/1010 1440/1549/1010
f 1446/1563/1011 1449/1889/1011 1450/1564/1011
f 1447/1565/1012 1450/1564/1012 1451/1566/1012
f 1445/1567/1013 1451/1566/1013 1448/1568/1013
f 1446/1570/1014 1444/1569/1014 1448/1568/1014
f 1454/1572/1015 1457/1890/1015 1458/1573/1015
f 1455/1574/1016 1458/1573/1016 1459/1575/1016
f 1453/1576/1017 1459/1575/1017 1456/1577/1017
f 1454/1579/1018 1452/1578/1018 1456/1577/1018
f 1462/1581/1019 1465/1891/1019 1466/1582/1019
f 1463/1583/1020 1466/1582/1020 1467/1584/1020
f 1460/1586/1021 1461/1585/1021 1467/1584/1021
f 1462/1588/1022 1460/1586/1022 1464/1587/1023
f 1470/1590/1024 1473/1892/1024 1474/1591/1024
f 1469/1593/1025 1471/1592/1025 1474/1591/1026
f 1469/1593/1027 1475/1594/1027 1472/1595/1027
f 1468/1596/1028 1472/1595/1028 1473/1597/1028
f 1478/1599/1029 1481/1893/1029 1482/1600/1029
f 1479/1601/1030 1482/1600/1030 1483/1602/1030
f 1476/1604/1031 1477/1603/1031 1483/1602/1031
f 1478/1606/1032 1476/1604/1032 1480/1605/1032
f 1486/1608/1033 1489/1894/1033 1490/1609/1033
f 1487/1610/1034 1490/1609/1034 1491/1611/1034
f 1485/1612/1035 1491/1611/1035 1488/1613/1035
f 1486/1615/1036 1484/1614/1036 1488/1613/1036
f 1494/1617/1037 1497/1895/1037 1498/1618/1037
f 1495/1619/1038 1498/1618/1038 1499/1620/1038
f 1493/1621/1039 1499/1620/1040 1496/1622/1040
f 1494/1624/1041 1492/1623/1041 1496/1622/1041
f 1502/1626/1042 1505/1882/1042 1506/1627/1042
f 1503/1628/1043 1506/1627/1043 1507/1629/1043
f 1501/1630/1044 1507/1629/1044 1504/1631/1044
f 1502/1633/1045 1500/1632/1045 1504/1631/1045
f 1510/1635/1046 1513/1896/1046 1514/1636/1046
f 1509/1638/1047 1511/1637/1047 1514/1636/1047
f 1508/1640/1048 1509/1638/1048 1515/1639/1048
f 1508/1640/1049 1512/1641/1049 1513/1642/1049
f 1518/1644/1050 1521/1897/1050 1522/1645/1050
f 1517/1647/1051 1519/1646/1051 1522/1645/1051
f 1517/1647/1052 1523/1648/1052 1520/1649/1052
f 1516/1650/1053 1520/1649/1053 1521/1651/1053
f 1526/1653/1054 1529/1898/1054 1530/1654/1054
f 1525/1656/1055 1527/1655/1055 1530/1654/1055
f 1524/1658/1056 1525/1656/1056 1531/1657/1056
f 1524/1658/1057 1528/1659/1057 1529/1660/1057
f 1534/1662/1058 1537/1899/1058 1538/1663/1058
f 1533/1665/1059 1535/1664/1059 1538/1663/1059
f 1533/1665/1060 1539/1666/1060 1536/1667/1060
f 1532/1668/1061 1536/1667/1061 1537/1669/1061
f 1575/1671/1001 1574/1674/1062 1573/1672/1062
f 1574/1674/1062 1577/1676/1064 1576/1675/1063
f 1577/1676/1064 1579/1900/1066 1578/1677/1065
f 1579/1678/1066 1581/1681/1067 1580/1679/1067
f 1581/1681/1067 1583/1683/1068 1582/1682/1068
f 1583/1683/1068 1585/1685/1069 1584/1684/1069
f 1585/1685/1069 1587/1687/1070 1586/1686/1070
f 1587/1687/1070 1589/1689/1071 1588/1688/1071
f 1589/1689/1071 1591/1691/1005 1590/1690/1005
f 1591/1691/1005 1593/1693/1072 1592/1692/1072
f 1593/1693/1072 1595/1695/1074 1594/1694/1073
f 1595/1695/1074 1597/1697/1076 1596/1696/1075
f 1597/1697/1076 1599/1699/1077 1598/1698/1077
f 1599/1699/1077 1601/1701/1078 1600/1700/1078
f 1601/1701/1078 1603/1703/1079 1602/1702/1079
f 1603/1703/1079 1605/1705/1080 1604/1704/1080
f 1605/1705/1080 1607/1707/1081 1606/1706/1081
f 1607/1707/1081 1575/1671/1001 1572/1673/1001
f 1609/1708/1010 1608/1778/1010 1572/1709/1010
f 1610/1711/1009 1574/1717/1009 1575/1712/1009
f 1609/1708/1010 1573/1710/1010 1576/1714/1010
f 1610/1711/1009 1613/1720/1009 1577/1716/1009
f 1612/1715/1010 1576/1714/1010 1578/1718/1010
f 1613/1720/1009 1615/1724/1009 1579/1721/1009
f 1614/1719/1010 1578/1718/1010 1580/1722/1010
f 1615/1724/1009 1617/1729/1009 1581/1725/1009
f 1618/1726/1010 1616/1723/1010 1580/1722/1010
f 1619/1728/1009 1583/1733/1009 1581/1725/1009
f 1618/1726/1010 1582/1727/1010 1584/1730/1010
f 1619/1728/1009 1621/1736/1009 1585/1732/1009
f 1620/1731/1010 1584/1730/1010 1586/1734/1010
f 1621/1736/1009 1623/1741/1009 1587/1737/1009
f 1624/1738/1010 1622/1735/1010 1586/1734/1010
f 1625/1740/1009 1589/1745/1009 1587/1737/1009
f 1624/1738/1010 1588/1739/1010 1590/1742/1010
f 1625/1740/1009 1627/1749/1009 1591/1744/1009
f 1628/1746/1010 1626/1743/1010 1590/1742/1010
f 1629/1748/1009 1593/1753/1009 1591/1744/1009
f 1628/1746/1010 1592/1747/1010 1594/1750/1010
f 1629/1748/1009 1631/1756/1009 1595/1752/1009
f 1630/1751/1010 1594/1750/1010 1596/1754/1010
f 1631/1756/1009 1633/1760/1009 1597/1757/1009
f 1632/1755/1010 1596/1754/1010 1598/1758/1010
f 1633/1760/1009 1635/1764/1009 1599/1761/1009
f 1634/1759/1010 1598/1758/1010 1600/1762/1010
f 1635/1764/1009 1637/1768/1009 1601/1765/1009
f 1636/1763/1010 1600/1762/1010 1602/1766/1010
f 1637/1768/1009 1639/1772/1009 1603/1769/1009
f 1638/1767/1010 1602/1766/1010 1604/1770/1010
f 1639/1772/1009 1641/1776/1009 1605/1773/1009
f 1640/1771/1010 1604/1770/1010 1606/1774/1010
f 1641/1776/1009 1643/1779/1009 1607/1777/1009
f 1642/1775/1010 1606/1774/1010 1572/1709/1010
f 1643/1779/1009 1611/1713/1009 1575/1712/1009
f 1610/1780/1072 1611/1816/1005 1608/1781/1005
f 1613/1783/1073 1610/1780/1072 1609/1782/1072
f 1615/1785/1075 1613/1783/1073 1612/1784/1074
f 1617/1787/1077 1615/1901/1075 1614/1788/1076
f 1619/1790/1078 1617/1787/1077 1616/1789/1077
f 1621/1792/1079 1619/1790/1078 1618/1791/1078
f 1623/1794/1080 1621/1792/1079 1620/1793/1079
f 1625/1796/1081 1623/1794/1080 1622/1795/1080
f 1627/1798/1001 1625/1796/1081 1624/1797/1081
f 1629/1800/1062 1627/1798/1001 1626/1799/1001
f 1631/1802/1063 1629/1800/1062 1628/1801/1062
f 1633/1804/1065 1631/1802/1063 1630/1803/1064
f 1635/1806/1067 1633/1804/1065 1632/1805/1066
f 1637/1808/1068 1635/1806/1067 1634/1807/1067
f 1639/1810/1069 1637/1808/1068 1636/1809/1068
f 1641/1812/1070 1639/1810/1069 1638/1811/1069
f 1643/1814/1071 1641/1812/1070 1640/1813/1070
f 1611/1816/1005 1643/1814/1071 1642/1815/1071
f 1543/1817/1062 1545/1820/1064 1544/1818/1063
f 1545/1820/1064 1547/1902/1066 1546/1821/1083
f 1547/1822/1066 1549/1825/1067 1548/1823/1067
f 1549/1825/1067 1551/1827/1084 1550/1826/1068
f 1551/1827/1084 1553/1829/1069 1552/1828/1069
f 1553/1829/1069 1555/1831/1070 1554/1830/1070
f 1555/1831/1070 1557/1833/1085 1556/1832/1071
f 1557/1833/1085 1559/1835/1005 1558/1834/1005
f 1559/1835/1005 1561/1837/1072 1560/1836/1086
f 1561/1837/1072 1563/1839/1074 1562/1838/1073
f 1563/1839/1074 1565/1841/1076 1564/1840/1076
f 1565/1841/1076 1647/1867/1077 1644/1842/1077
f 1646/1843/1078 1567/1846/1079 1566/1844/1079
f 1567/1846/1079 1569/1848/1080 1568/1847/1080
f 1569/1848/1080 1571/1850/1081 1570/1849/1081
f 1571/1850/1081 1541/1852/1001 1540/1851/1001
f 1541/1852/1001 1543/1817/1062 1542/1819/1082
f 1550/1853/1010 1552/1883/1010 1546/1854/1010
f 1546/1854/1010 1552/1883/1010 1554/1856/1010
f 1554/1856/1010 1556/1859/1010 1542/1858/1010
f 1556/1859/1010 1558/1861/1010 1540/1860/1010
f 1558/1861/1010 1560/1884/1010 1570/1862/1010
f 1570/1862/1010 1560/1884/1010 1562/1863/1010
f 1562/1863/1010 1564/1866/1010 1566/1865/1010
f 1564/1866/1010 1644/1842/1010 1645/1845/1010
f 1647/1867/1009 1565/1885/1009 1567/1868/1009
f 1567/1868/1009 1565/1885/1009 1563/1869/1009
f 1563/1869/1009 1561/1872/1009 1571/1871/1009
f 1561/1872/1009 1559/1874/1009 1541/1873/1009
f 1559/1874/1009 1557/1876/1009 1543/1875/1009
f 1557/1876/1009 1555/1878/1009 1545/1877/1009
f 1555/1878/1009 1553/1880/1009 1547/1879/1009
f 1553/1880/1009 1551/1903/1009 1549/1881/1009
f 1647/1867/1077 1646/1843/1078 1645/1845/1078
f 1650/1563/1087 1653/1889/1087 1654/1564/1087
f 1649/1567/1088 1651/1565/1088 1654/1564/1088
f 1649/1567/1089 1655/1566/1089 1652/1568/1089
f 1648/1569/1090 1652/1568/1090 1653/1571/1090
f 1658/1572/1091 1661/1890/1091 1662/1573/1091
f 1659/1574/1092 1662/1573/1092 1663/1575/1092
f 1657/1576/1093 1663/1575/1093 1660/1577/1093
f 1658/1579/1094 1656/1578/1094 1660/1577/1094
f 1666/1581/1095 1669/1891/1095 1670/1582/1095
f 1667/1583/1096 1670/1582/1096 1671/1584/1096
f 1665/1585/1097 1671/1584/1097 1668/1587/1097
f 1666/1588/1098 1664/1586/1098 1668/1587/1098
f 1674/1590/1099 1677/1892/1099 1678/1591/1099
f 1673/1593/1100 1675/1592/1100 1678/1591/1100
f 1673/1593/1101 1679/1594/1101 1676/1595/1101
f 1672/1596/1102 1676/1595/1102 1677/1597/1102
f 1682/1599/1103 1685/1893/1103 1686/1600/1103
f 1683/1601/1104 1686/1600/1104 1687/1602/1104
f 1681/1603/1105 1687/1602/1105 1684/1605/1105
f 1680/1604/1106 1684/1605/1106 1685/1607/1106
f 1690/1608/1107 1693/1894/1107 1694/1609/1107
f 1691/1610/1108 1694/1609/1108 1695/1611/1108
f 1689/1612/1109 1695/1611/1109 1692/1613/1109
f 1690/1615/1110 1688/1614/1110 1692/1613/1110
f 1698/1617/1111 1701/1895/1111 1702/1618/1111
f 1699/1619/1112 1702/1618/1112 1703/1620/1112
f 1697/1621/1113 1703/1620/1113 1700/1622/1113
f 1696/1623/1114 1700/1622/1114 1701/1625/1114
f 1707/1628/1115 1706/1626/1115 1709/1882/1115
f 1707/1628/1116 1710/1627/1116 1711/1629/1116
f 1705/1630/1117 1711/1629/1117 1708/1631/1117
f 1704/1632/1118 1708/1631/1118 1709/1634/1118
f 1714/1635/1052 1717/1896/1052 1718/1636/1052
f 1713/1638/1053 1715/1637/1053 1718/1636/1053
f 1713/1638/1050 1719/1639/1050 1716/1641/1050
f 1712/1640/1051 1716/1641/1051 1717/1642/1051
f 1722/1644/1048 1725/1897/1048 1726/1645/1048
f 1721/1647/1049 1723/1646/1049 1726/1645/1049
f 1721/1647/1046 1727/1648/1046 1724/1649/1046
f 1722/1652/1047 1720/1650/1047 1724/1649/1047
f 1730/1653/1056 1733/1898/1056 1734/1654/1056
f 1731/1655/1057 1734/1654/1057 1735/1657/1057
f 1728/1658/1054 1729/1656/1054 1735/1657/1054
f 1728/1658/1055 1732/1659/1055 1733/1660/1055
f 1738/1662/1060 1741/1899/1060 1742/1663/1060
f 1737/1665/1061 1739/1664/1061 1742/1663/1061
f 1737/1665/1058 1743/1666/1058 1740/1667/1058
f 1736/1668/1059 1740/1667/1059 1741/1669/1059
f 1779/1671/1005 1778/1674/1071 1777/1672/1071
f 1778/1674/1071 1781/1676/1070 1780/1675/1070
f 1781/1676/1070 1783/1900/1069 1782/1677/1069
f 1783/1678/1069 1785/1681/1068 1784/1679/1068
f 1785/1681/1068 1787/1683/1067 1786/1682/1067
f 1787/1683/1067 1789/1685/1065 1788/1684/1066
f 1789/1685/1065 1791/1687/1063 1790/1686/1064
f 1791/1687/1063 1793/1689/1062 1792/1688/1062
f 1793/1689/1062 1795/1691/1001 1794/1690/1001
f 1795/1691/1001 1797/1693/1081 1796/1692/1081
f 1797/1693/1081 1799/1695/1080 1798/1694/1080
f 1799/1695/1080 1801/1697/1079 1800/1696/1079
f 1801/1697/1079 1803/1699/1078 1802/1698/1078
f 1803/1699/1078 1805/1701/1077 1804/1700/1077
f 1805/1701/1077 1807/1703/1075 1806/1702/1076
f 1807/1703/1075 1809/1705/1119 1808/1704/1119
f 1808/1704/1119 1809/1705/1119 1811/1707/1072
f 1811/1707/1072 1779/1671/1005 1776/1673/1005
f 1812/1778/1009 1776/1709/1009 1777/1710/1009
f 1815/1713/1010 1814/1711/1010 1778/1717/1010
f 1813/1708/1009 1777/1710/1009 1780/1714/1009
f 1814/1711/1010 1817/1720/1010 1781/1716/1010
f 1816/1715/1009 1780/1714/1009 1782/1718/1009
f 1817/1720/1010 1819/1724/1010 1783/1721/1010
f 1818/1719/1009 1782/1718/1009 1784/1722/1009
f 1819/1724/1010 1821/1729/1010 1785/1725/1010
f 1820/1723/1009 1784/1722/1009 1786/1727/1009
f 1821/1729/1010 1823/1728/1010 1787/1733/1010
f 1822/1726/1009 1786/1727/1009 1788/1730/1009
f 1823/1728/1010 1825/1736/1010 1789/1732/1010
f 1824/1731/1009 1788/1730/1009 1790/1734/1009
f 1827/1741/1010 1791/1737/1010 1789/1732/1010
f 1826/1735/1009 1790/1734/1009 1792/1739/1009
f 1827/1741/1010 1829/1740/1010 1793/1745/1010
f 1828/1738/1009 1792/1739/1009 1794/1742/1009
f 1829/1740/1010 1831/1749/1010 1795/1744/1010
f 1832/1746/1009 1830/1743/1009 1794/1742/1009
f 1833/1748/1010 1797/1753/1010 1795/1744/1010
f 1832/1746/1009 1796/1747/1009 1798/1750/1009
f 1835/1756/1010 1799/1752/1010 1797/1753/1010
f 1836/1755/1009 1834/1751/1009 1798/1750/1009
f 1837/1760/1010 1801/1757/1010 1799/1752/1010
f 1838/1759/1009 1836/1755/1009 1800/1754/1009
f 1839/1764/1010 1803/1761/1010 1801/1757/1010
f 1838/1759/1009 1802/1758/1009 1804/1762/1009
f 1841/1768/1010 1805/1765/1010 1803/1761/1010
f 1842/1767/1009 1840/1763/1009 1804/1762/1009
f 1843/1772/1010 1807/1769/1010 1805/1765/1010
f 1844/1771/1009 1842/1767/1009 1806/1766/1009
f 1845/1776/1010 1809/1773/1010 1807/1769/1010
f 1846/1775/1009 1844/1771/1009 1808/1770/1009
f 1847/1779/1010 1811/1777/1010 1809/1773/1010
f 1812/1778/1009 1846/1775/1009 1810/1774/1009
f 1815/1713/1010 1779/1712/1010 1811/1777/1010
f 1813/1782/1081 1814/1780/1081 1815/1816/1001
f 1817/1783/1080 1814/1780/1081 1813/1782/1081
f 1819/1785/1079 1817/1783/1080 1816/1784/1080
f 1821/1787/1078 1819/1901/1079 1818/1788/1079
f 1823/1790/1077 1821/1787/1078 1820/1789/1078
f 1825/1792/1076 1823/1790/1077 1822/1791/1077
f 1827/1794/1074 1825/1792/1076 1824/1793/1075
f 1829/1796/1072 1827/1794/1074 1826/1795/1073
f 1831/1798/1005 1829/1796/1072 1828/1797/1072
f 1833/1800/1071 1831/1798/1005 1830/1799/1005
f 1835/1802/1070 1833/1800/1071 1832/1801/1071
f 1837/1804/1069 1835/1802/1070 1834/1803/1070
f 1839/1806/1068 1837/1804/1069 1836/1805/1069
f 1841/1808/1067 1839/1806/1068 1838/1807/1068
f 1843/1810/1066 1841/1808/1067 1840/1809/1067
f 1845/1812/1064 1843/1810/1066 1842/1811/1065
f 1847/1814/1062 1845/1812/1064 1844/1813/1063
f 1815/1816/1001 1847/1814/1062 1846/1815/1062
f 1747/1817/1071 1749/1820/1070 1748/1818/1070
f 1749/1820/1070 1751/1902/1069 1750/1821/1069
f 1751/1822/1069 1753/1825/1068 1752/1823/1084
f 1753/1825/1068 1755/1827/1067 1754/1826/1067
f 1755/1827/1067 1757/1829/1083 1756/1828/1066
f 1757/1829/1083 1759/1831/1063 1758/1830/1064
f 1759/1831/1063 1761/1833/1082 1760/1832/1062
f 1761/1833/1082 1763/1835/1001 1762/1834/1001
f 1763/1835/1001 1765/1837/1081 1764/1836/1081
f 1764/1836/1081 1765/1837/1081 1767/1839/1080
f 1766/1838/1080 1767/1839/1080 1769/1841/1079
f 1769/1841/1079 1851/1867/1078 1848/1842/1078
f 1850/1843/1077 1771/1846/1076 1770/1844/1076
f 1771/1846/1076 1773/1848/1074 1772/1847/1074
f 1773/1848/1074 1775/1850/1086 1774/1849/1072
f 1775/1850/1086 1745/1852/1005 1744/1851/1005
f 1745/1852/1005 1747/1817/1071 1746/1819/1085
f 1752/1855/1009 1754/1853/1009 1756/1883/1009
f 1756/1883/1009 1758/1856/1009 1748/1857/1009
f 1758/1856/1009 1760/1859/1009 1746/1858/1009
f 1760/1859/1009 1762/1861/1009 1744/1860/1009
f 1762/1861/1009 1764/1884/1009 1774/1862/1009
f 1764/1884/1009 1766/1863/1009 1772/1864/1009
f 1772/1864/1009 1766/1863/1009 1768/1866/1009
f 1768/1866/1009 1848/1842/1009 1849/1845/1009
f 1850/1843/1010 1851/1867/1010 1769/1885/1010
f 1769/1885/1010 1767/1869/1010 1773/1870/1010
f 1767/1869/1010 1765/1872/1010 1775/1871/1010
f 1765/1872/1010 1763/1874/1010 1745/1873/1010
f 1763/1874/1010 1761/1876/1010 1747/1875/1010
f 1761/1876/1010 1759/1878/1010 1749/1877/1010
f 1749/1877/1010 1759/1878/1010 1757/1880/1010
f 1757/1880/1010 1755/1903/1010 1753/1881/1010
f 1851/1867/1078 1850/1843/1077 1849/1845/1077
